function_id	requested_va	tier	ghidra_name	instruction_count	call_reference_count	body_address_count	instruction_bytes_sha256
urn:ure:t6:occ:function:current-client:00959ec0	0x00959ec0	leaf	FUN_00959ec0	26	0	69	1092d199e74542c48aa9a9f0f23ace541f4d6a872557497722105553add66c2b
urn:ure:t6:occ:function:current-client:004aa830	0x004aa830	leaf	FUN_004aa830	26	0	72	e5d23e8cdc1fc2e80c83feb20ff20b112deff2ce1a74759f114bdc7dc422ca24
urn:ure:t6:occ:function:current-client:00a8968b	0x00a8968b	leaf	__mtinitlocks	26	0	74	e043bddcceaa59b9b518492f4201c9c7d5db285b590eae1ec227110aa8311354
urn:ure:t6:occ:function:current-client:00ac0eb0	0x00ac0eb0	leaf	FUN_00ac0eb0	26	0	74	60361372ada1ffd8a1cf9c00beb754f704c08791c8541ea99c6d7024395b1d38
urn:ure:t6:occ:function:current-client:0058eb40	0x0058eb40	leaf	FUN_0058eb40	26	0	75	b64358d5c347640ee17926e8a81dab0380474174645b89e5491911c385cdb85a
urn:ure:t6:occ:function:current-client:006313f0	0x006313f0	leaf	FUN_006313f0	26	0	76	fc3768ac6524fb542ceb4769af2ae67bf7aceeaf5cdce38940c7a3c3fcf2c2fe
urn:ure:t6:occ:function:current-client:0050e415	0x0050e415	leaf	FUN_0050e415	26	0	78	a4160f503fc8e1c9d5a78065fa5b107eb6a96b444cc00d9a84c8cd1594b8858d
urn:ure:t6:occ:function:current-client:005d9c20	0x005d9c20	leaf	FUN_005d9c20	26	0	78	259d47ba09d5837d469c8671c58577c6884f76b40d9bac031c23b2f722e9e9ce
urn:ure:t6:occ:function:current-client:00a18060	0x00a18060	leaf	FUN_00a18060	26	0	78	920e0c1731439645d60f22a10ae5e7efcf4a56c76fdf95fe4477ec3c6d3c36da
urn:ure:t6:occ:function:current-client:00780a40	0x00780a40	leaf	FUN_00780a40	26	0	80	5867c3159520ebcaae863118d1e396f2a61c583902222a5342de536f5526380a
urn:ure:t6:occ:function:current-client:00a9b620	0x00a9b620	leaf	FUN_00a9b620	26	0	80	3251d0b641036ad7a1c3ee148986f77d4bd5e791a8abb3e7d1548cdabee69d24
urn:ure:t6:occ:function:current-client:0045e0b0	0x0045e0b0	leaf	FUN_0045e0b0	26	0	87	daee6dc12758b2896d9a99b102380c9311a505a717ca18fa3ba3cfbf289f7a09
urn:ure:t6:occ:function:current-client:004d8fe0	0x004d8fe0	leaf	FUN_004d8fe0	26	0	88	966af74073a4242f4feb796f9e6a1dcc53b2957dfc726a773fce9c78f8f3b357
urn:ure:t6:occ:function:current-client:00514360	0x00514360	leaf	FUN_00514360	26	0	88	558b82bdcb48a8c037397017db281a7233bc7c898f139454bd788f562c0612ab
urn:ure:t6:occ:function:current-client:0057d950	0x0057d950	leaf	FUN_0057d950	26	0	89	b649856a6ee24a0744f842af4106faed3935ce2d0c355d7314582eb6c9215b3a
urn:ure:t6:occ:function:current-client:0064c630	0x0064c630	leaf	FUN_0064c630	26	0	89	c426805879dfc4bf4e0e2f5daadc82bcceb47f2354eb3ac4eadfdfa06a990708
urn:ure:t6:occ:function:current-client:00705330	0x00705330	leaf	FUN_00705330	26	0	89	6b5468bc84a955b2ef3cb2305260adc4039820cdf1019f03237541f2b17c237b
urn:ure:t6:occ:function:current-client:00658250	0x00658250	leaf	FUN_00658250	26	0	91	0374c9fc51ae14cf1be87e6ca34841e52b4abf45ff3bdf29b959be4c33c02f31
urn:ure:t6:occ:function:current-client:006bdea0	0x006bdea0	leaf	FUN_006bdea0	26	0	94	6f361f8aba248a324ac4a3b2c23c790bc256833940ceabee98f7262220ef0339
urn:ure:t6:occ:function:current-client:004e0900	0x004e0900	leaf	FUN_004e0900	26	0	96	1b5f81842ed001ca7269478cfd07c684e722a1a41c1f99dde0ce819b78bd6b9f
urn:ure:t6:occ:function:current-client:00709be0	0x00709be0	leaf	FUN_00709be0	26	0	98	f81c3ec9ac1e0e002eebc5e4f64dda01142c6dd288df7dea87315a77dd53f3eb
urn:ure:t6:occ:function:current-client:004e9890	0x004e9890	leaf	FUN_004e9890	26	0	99	49dbeb38a950b5a93c843cc9dd5d5d233c7bc32bff67be2ab94f6fbf573ccf75
urn:ure:t6:occ:function:current-client:005eae10	0x005eae10	leaf	FUN_005eae10	26	0	102	354e9c047ccba7eb5da434ab8d3ae07d3b87599aef3e4a59b7e73069967384b9
urn:ure:t6:occ:function:current-client:005ae820	0x005ae820	leaf	FUN_005ae820	26	0	111	3bc60735eb97d11cdf65d98cf513e0521e039b64c42536d2e165c00b42668890
urn:ure:t6:occ:function:current-client:006b91c0	0x006b91c0	leaf	FUN_006b91c0	26	0	111	6fc9c8d1a339f2dc456f1a9251212b571d9ca668ea5ee3178b8dbfe51a1823a3
urn:ure:t6:occ:function:current-client:0089a800	0x0089a800	leaf	FUN_0089a800	26	0	111	710b60b62d080c5972cd3047c67fd2cc45d9405530c5ae2add9ce6474db18427
urn:ure:t6:occ:function:current-client:006cf7d0	0x006cf7d0	leaf	FUN_006cf7d0	26	0	113	dc421862a44bf58a69f557c68f98d5511057d0a5f6bb4ce84db3dbdda9099584
urn:ure:t6:occ:function:current-client:00b025b0	0x00b025b0	leaf	FUN_00b025b0	26	0	115	52536b436a6b36342738e87648d3da5403055471b08685aaf56fcc78f889b0f1
urn:ure:t6:occ:function:current-client:00915f30	0x00915f30	leaf	FUN_00915f30	26	0	117	7723a5cd0227c53848bb651ca3917d196dd09994c939458b84efbc1fac6f636c
urn:ure:t6:occ:function:current-client:006d2d60	0x006d2d60	leaf	FUN_006d2d60	26	0	118	8db1ad479f6e721c4732fd7741934b56846c3ac0494eb3f1f6181706e5f8a54f
urn:ure:t6:occ:function:current-client:0045c350	0x0045c350	leaf	FUN_0045c350	26	0	120	3ddee656e654c45a680b32e390603d07ddb09f7f3275770c4caee1666fd0170b
urn:ure:t6:occ:function:current-client:004851d0	0x004851d0	leaf	FUN_004851d0	26	0	160	856d76d7f29bb3b1fec9b7ea0cf7cf83a884890ff4d507c2357076f17ebe0226
urn:ure:t6:occ:function:current-client:00a307d0	0x00a307d0	leaf	FUN_00a307d0	27	0	56	c6b609d037bb8600f3f25eb0d8cb517d0b8436402a50a2f93867e4d3f9a9660d
urn:ure:t6:occ:function:current-client:00422d50	0x00422d50	leaf	FUN_00422d50	27	0	60	bffc4e4560eb9b3664c830899810aa5a10c37436e43deadd7fedab1c8e0fc154
urn:ure:t6:occ:function:current-client:00402e60	0x00402e60	leaf	FUN_00402e60	27	0	61	62553f0ab398d38f4a92debc914712368124d98f1879c650daca4881fcc434e8
urn:ure:t6:occ:function:current-client:00565fb0	0x00565fb0	leaf	FUN_00565fb0	27	0	61	6083b8e3121264fb7c9b99c9160b148c9648a65baada8ba0e270c2ca63678d03
urn:ure:t6:occ:function:current-client:00ad3110	0x00ad3110	leaf	FUN_00ad3110	27	0	61	e1c25403ec07864685840ab1aceaa9d75cdc370ef19286a4bfd71632653b1ccc
urn:ure:t6:occ:function:current-client:0065fa00	0x0065fa00	leaf	FUN_0065fa00	27	0	63	f4f7552de19d1dc490275f80fb3170ef5989429a8040301e9390043ad40b1ad6
urn:ure:t6:occ:function:current-client:006d4170	0x006d4170	leaf	FUN_006d4170	27	0	63	dc268b16c8c371c568fdb19d11cf3f41c8e573755a807bf2b0d04954869968b7
urn:ure:t6:occ:function:current-client:00734510	0x00734510	leaf	FUN_00734510	27	0	65	9494272cb9b1f8e687006d387727a3990514c5ced43eec89d714cc3b948691db
urn:ure:t6:occ:function:current-client:006de570	0x006de570	leaf	FUN_006de570	27	0	66	47e148f74f6ae6ea38d2edf848bb1d89a2d3ac6636db40887e4a4c8bb3958f4e
urn:ure:t6:occ:function:current-client:004d4170	0x004d4170	leaf	FUN_004d4170	27	0	69	078fe24263c60915812a46d6650af17e2e5e62ab81cd1184182436a5dfd47e7b
urn:ure:t6:occ:function:current-client:007749f0	0x007749f0	leaf	FUN_007749f0	27	0	69	7c341e9f10eab59bc41c2bf965201644f35c5c7daa85f2cecd45d897690df2ec
urn:ure:t6:occ:function:current-client:00774ab0	0x00774ab0	leaf	FUN_00774ab0	27	0	69	034094b4860f0a172210f36f519c1c542cc95cf056f378f605fb5e5ba37f4034
urn:ure:t6:occ:function:current-client:00476760	0x00476760	leaf	FUN_00476760	27	0	73	64f165b6abb5d57996e825bbd07237659e51d286fb67105eb5028c3e77bd646f
urn:ure:t6:occ:function:current-client:00774a40	0x00774a40	leaf	FUN_00774a40	27	0	73	483ff9558fe4a0eecd3952b05222c1cb093a50e84d174841953c146c4d7f514e
urn:ure:t6:occ:function:current-client:00774b00	0x00774b00	leaf	FUN_00774b00	27	0	73	4b9f94fa73134cdc3803c35d43ad95ff71990079fe5b5769112b5eca1223b333
urn:ure:t6:occ:function:current-client:00818660	0x00818660	leaf	FUN_00818660	27	0	73	e567e34061d9f230a0f46e7a93899c688d46d9224eb1191e82c87fd906f3fe89
urn:ure:t6:occ:function:current-client:007677b0	0x007677b0	leaf	FUN_007677b0	27	0	74	cf660460620c00ed6cec9c4dfcfa8b5c3a54d22fb705c8e4fb2cb92d00b83088
urn:ure:t6:occ:function:current-client:00621ab0	0x00621ab0	leaf	FUN_00621ab0	27	0	75	a549edbb3721812c415b5ad2e179352671876f3d50475015c4a6e35e3e5a50e8
urn:ure:t6:occ:function:current-client:00728210	0x00728210	leaf	FUN_00728210	27	0	76	0d48dd182a442eddf9413aabfe25f8a1d822eba169c3497d886ac7fa5a699554
urn:ure:t6:occ:function:current-client:0080f470	0x0080f470	leaf	FUN_0080f470	27	0	77	e51d15dbf93290fdf7955c800357ec75bc560c1935789b0d5431570a0e3230d5
urn:ure:t6:occ:function:current-client:0078cf60	0x0078cf60	leaf	FUN_0078cf60	27	0	78	3a7b6822fe881007fa74c11e8322f0b7a94a16d12de43d90fccd12f3657f7396
urn:ure:t6:occ:function:current-client:005104f0	0x005104f0	leaf	FUN_005104f0	27	0	79	e1bc7b7e7cf2efa38bfcb168bf9e924d6da83a7d49700e2b44519cb9197ff1d7
urn:ure:t6:occ:function:current-client:00533690	0x00533690	leaf	FUN_00533690	27	0	79	3772531d2f7812da182848e0391a69bc5d4cd7e69f27e20ce4b0a4167cece659
urn:ure:t6:occ:function:current-client:009f7001	0x009f7001	leaf	FUN_009f7001	27	0	79	0b62d4bafd752d3964603be1cde41072f565531253f424e3c981250a6fea9e4d
urn:ure:t6:occ:function:current-client:00476850	0x00476850	leaf	FUN_00476850	27	0	80	d407beeb44969037c0554df202ed6d73fbe988ba59d61b6cf73e04210519eb5f
urn:ure:t6:occ:function:current-client:006517d0	0x006517d0	leaf	FUN_006517d0	27	0	81	78fd1f799f208b0b3f66354636871363c22022d6f60a9cf8af968e9f3eae1aaa
urn:ure:t6:occ:function:current-client:00a69c70	0x00a69c70	leaf	FUN_00a69c70	27	0	81	29f75621d5dcf3374c4d46b2adf8f0451596f6ec193ece91392a73c42571b81f
urn:ure:t6:occ:function:current-client:0040dff0	0x0040dff0	leaf	FUN_0040dff0	27	0	83	f09fe34500b9236380aba6c484842963476118a64c243d3ac7181c1094b1a4c4
urn:ure:t6:occ:function:current-client:00880e20	0x00880e20	leaf	FUN_00880e20	27	0	83	ffd196822ba74b37cef8c06f099d77ad406cb1feebcdd03b89edc2b0f2c0d042
urn:ure:t6:occ:function:current-client:00464c80	0x00464c80	leaf	FUN_00464c80	27	0	89	15dc444e03bfbabfd4a5223cea902944213f5b2ed8342afebca8dfe7dc820443
urn:ure:t6:occ:function:current-client:0057af00	0x0057af00	leaf	FUN_0057af00	27	0	89	2ff24bb5ed7637f0d70efea229003ce8fa7350a505170fdf31dc4bb2be90fcbb
urn:ure:t6:occ:function:current-client:009e2ee0	0x009e2ee0	leaf	FUN_009e2ee0	27	0	90	2f2584959292ab89f6f718d7a5b8900695cab6df7add44e6f61330087d2e233f
urn:ure:t6:occ:function:current-client:0064d450	0x0064d450	leaf	FUN_0064d450	27	0	91	e46bc3ab9a0e17f70d6f30260417bd71572fb2c8499ff80c12f3cf546785011e
urn:ure:t6:occ:function:current-client:00683b90	0x00683b90	leaf	FUN_00683b90	27	0	92	1c05d87012a9a2fdcd7af5ff5a48743bd09247074e9f9cad80bd859f50a8389c
urn:ure:t6:occ:function:current-client:005a6390	0x005a6390	leaf	FUN_005a6390	27	0	94	1d01f666231e1c035b3e464d043c0d5b9547b845cc60ab629d04cdb2c842c7f6
urn:ure:t6:occ:function:current-client:004a54b0	0x004a54b0	leaf	FUN_004a54b0	27	0	98	52ce1ee9e5bd2588485888a4d0726bab6ec594b5248fafeeb36953cfee5aa609
urn:ure:t6:occ:function:current-client:004b9930	0x004b9930	leaf	FUN_004b9930	27	0	98	ea715a4277ae34a0b437419740281c1af4490f97937c1abf6a322446e3abef3b
urn:ure:t6:occ:function:current-client:007e7230	0x007e7230	leaf	FUN_007e7230	27	0	98	f9fb1cb296687d500371c42e5fc037fe0c019810b5e5fb509b0e1478e9fdf40a
urn:ure:t6:occ:function:current-client:00acd570	0x00acd570	leaf	FUN_00acd570	27	0	102	0c2b0b727f3b9ed91c1172ca50fe2c4e4ba4da771c22420dabab6b2ed6a879d4
urn:ure:t6:occ:function:current-client:006285a0	0x006285a0	leaf	FUN_006285a0	27	0	109	7fa1c3608045796a15b313ac763c59a4ba349a6eab5d179a82a491fc347302a5
urn:ure:t6:occ:function:current-client:00458ee0	0x00458ee0	leaf	FUN_00458ee0	27	0	112	5b199f4677579ccb92064515cf28a1091887dd2a2766ee9a3ca0af72497f5d01
urn:ure:t6:occ:function:current-client:004bb4c0	0x004bb4c0	leaf	FUN_004bb4c0	27	0	113	4ee525bceb448591b7235855363653080f33c1be31a8a7bd9d6fd49c28873056
urn:ure:t6:occ:function:current-client:00522330	0x00522330	leaf	FUN_00522330	27	0	115	a197567d45f2bc4a0035c68b7574c27226350d62f11084153112438975cb4eca
urn:ure:t6:occ:function:current-client:00a9bbc0	0x00a9bbc0	leaf	FUN_00a9bbc0	27	0	116	24043552bcedb8008ea44be5c3cf6f85c1e16e1b79bb0dacc5e3695aba28b405
urn:ure:t6:occ:function:current-client:004e4f10	0x004e4f10	leaf	FUN_004e4f10	27	0	118	395ffc1f41563965004f45097a02def5c9f51329bcc9c5e48e507991fb50016a
urn:ure:t6:occ:function:current-client:006b4470	0x006b4470	leaf	FUN_006b4470	27	0	123	92bf472eb041f659e31dfbe65608c8c0e799c846e0ab40a8d658d2a27b08518a
urn:ure:t6:occ:function:current-client:009bada0	0x009bada0	leaf	FUN_009bada0	27	0	141	47da84bd4673d690a7b46b942e33da76fa50066d775da5d9868d48aa6503a1aa
urn:ure:t6:occ:function:current-client:00a5c9c0	0x00a5c9c0	leaf	FUN_00a5c9c0	28	0	54	009674ba4b319b45a90514eeea43e1fa69a6dc09014a1c01643a9e2db53bedef
urn:ure:t6:occ:function:current-client:0053b6e0	0x0053b6e0	leaf	FUN_0053b6e0	28	0	56	509b23bfb8c68273037446168aa3127d11c82357097341f6faddf02d1961bd8f
urn:ure:t6:occ:function:current-client:00a7a7ae	0x00a7a7ae	leaf	___ascii_stricmp	28	0	57	8cdaf97900da5fec4a09a393fa15fe6c4c997156779efea27d23dda8fcdde8cd
urn:ure:t6:occ:function:current-client:00b05fe0	0x00b05fe0	leaf	FUN_00b05fe0	28	0	59	fbc4f62946e47ec335088ed77bff918b9a38e1e7e91d4f7cee981a3f0868c970
urn:ure:t6:occ:function:current-client:00b06020	0x00b06020	leaf	FUN_00b06020	28	0	59	d58b78ce3e7b7b8d39163f1b2595438dd7275a2b994e3ab8ef836534bc284300
urn:ure:t6:occ:function:current-client:0061b060	0x0061b060	leaf	FUN_0061b060	28	0	60	a386465f02068d73cbdd61fad9ebc465164ab4252d828e94c2b8868cdf702e33
urn:ure:t6:occ:function:current-client:009e6e81	0x009e6e81	leaf	FUN_009e6e81	28	0	61	a78470b952b8f5867051eb4043145e336c076a8efaf940d5c9d7ee98d05f36b3
urn:ure:t6:occ:function:current-client:00608450	0x00608450	leaf	FUN_00608450	28	0	62	af390c0d13fba88dac6893dea65a119bf281a6b170ae467bf9e5572b6c81bca4
urn:ure:t6:occ:function:current-client:009dd680	0x009dd680	leaf	FUN_009dd680	28	0	67	1e5b54dfa71a84008577ccdd01723f549028502c14cfc2b82e80c487eb1e4b51
urn:ure:t6:occ:function:current-client:006516b0	0x006516b0	leaf	FUN_006516b0	28	0	71	ca9c2401f336eb7d1ff87d0f7c827494ff6e57672e8f809e186d2bee28f019f6
urn:ure:t6:occ:function:current-client:00726530	0x00726530	leaf	FUN_00726530	28	0	71	7da58a6b41b29c1056eb90a05a070eb03f5524aca12cea62bdbf55d6ef955cb4
urn:ure:t6:occ:function:current-client:0055fa20	0x0055fa20	leaf	FUN_0055fa20	28	0	72	308da52e087423688022c8ca94642ebe4404e9515b8f2dab7a8dd28d709f7613
urn:ure:t6:occ:function:current-client:008f2b60	0x008f2b60	leaf	FUN_008f2b60	28	0	72	671dfe6c3ef8faac238988a0eb2bc9599d17ce46647b6e2ca47194b6106bebd2
urn:ure:t6:occ:function:current-client:00ad3190	0x00ad3190	leaf	FUN_00ad3190	28	0	72	4cf5478694dd2d2a12dc1f207f03b0b85f7637e69575b062b5d252b26450aa20
urn:ure:t6:occ:function:current-client:004e6500	0x004e6500	leaf	FUN_004e6500	28	0	73	30c39337894c3fc84111b0f9eda9238c5808ca5d3b59c504435461ef121e3fa4
urn:ure:t6:occ:function:current-client:005072a0	0x005072a0	leaf	FUN_005072a0	28	0	74	b527ca26affe9f93dca6ff35f881a7a1529ab5087abf792a5db8f99875091471
urn:ure:t6:occ:function:current-client:00774350	0x00774350	leaf	FUN_00774350	28	0	75	95f40d19f7cd0e4f7c01927a27f05b08e936064e9083ff3f97b895bfc0a5d581
urn:ure:t6:occ:function:current-client:007743a0	0x007743a0	leaf	FUN_007743a0	28	0	75	81f036c243ffb226f8b09d6a072615ea0f0c954365c1903d1a9bf57fa5bf9d96
urn:ure:t6:occ:function:current-client:0074ef50	0x0074ef50	leaf	FUN_0074ef50	28	0	78	b31fb204d98c2beb3b7ef449885048f902dcb85de41a21c2f4d2a97cad140f78
urn:ure:t6:occ:function:current-client:009f6915	0x009f6915	leaf	FUN_009f6915	28	0	81	9107bafe13ada019b0407adf0d3a87a0917131603bed7bffc20c66606468d0aa
urn:ure:t6:occ:function:current-client:005006c0	0x005006c0	leaf	FUN_005006c0	28	0	82	e734f4406c4c670903e050247d5a4d8d6e409f0fe52c1374825a825a9f25afb6
urn:ure:t6:occ:function:current-client:0068a910	0x0068a910	leaf	FUN_0068a910	28	0	82	31f40587539ed6322012b407c1fbf2816dfd61c46db7ad01813e204913b060b0
urn:ure:t6:occ:function:current-client:008f34c0	0x008f34c0	leaf	FUN_008f34c0	28	0	86	8d77cbfcbf7ca9978302f92e739baf847b2223179eabf6feddf42d52e3e7b52d
urn:ure:t6:occ:function:current-client:009ff880	0x009ff880	leaf	FUN_009ff880	28	0	86	f42697c8fbf28b30a54fe165b1d717dca2f048b7cb94fc041a8db96ee7223b19
urn:ure:t6:occ:function:current-client:0041d4c0	0x0041d4c0	leaf	FUN_0041d4c0	28	0	88	c71b0a60970edb36812e5104d292aea29cf6686ad8b11bb82f69426a7b68f815
urn:ure:t6:occ:function:current-client:004745e0	0x004745e0	leaf	FUN_004745e0	28	0	88	bf6d2de3d05ffc2fb8c024e03e3c70131debeeae18ce3958e98e268b1d7a014f
urn:ure:t6:occ:function:current-client:0047a260	0x0047a260	leaf	FUN_0047a260	28	0	89	27ca6a12a7f998d6ff33ed308d45842854820c7395aa2cf8fd9f4677657cc133
urn:ure:t6:occ:function:current-client:0051c1c0	0x0051c1c0	leaf	FUN_0051c1c0	28	0	89	cd73cbcf8fd62b68b2aba60f54c799d8d0d8ce6b392506cd7f880f953e79d6d2
urn:ure:t6:occ:function:current-client:005dccf0	0x005dccf0	leaf	FUN_005dccf0	28	0	89	59468ff158a0b729863a5518c2bc8d251a7d91ab199319929907b73d1ea9935c
urn:ure:t6:occ:function:current-client:00a0aab0	0x00a0aab0	leaf	FUN_00a0aab0	28	0	89	c7ec6edd2edbdba42c025801bd57696558349e78d79dcd3ab4ea04d29741f6c9
urn:ure:t6:occ:function:current-client:009e3d30	0x009e3d30	leaf	FUN_009e3d30	28	0	90	35d6c539a8336a93812a09e3ea157ede9e09125badf0924f14739cadb7cd2e46
urn:ure:t6:occ:function:current-client:0060f970	0x0060f970	leaf	FUN_0060f970	28	0	91	ccbabaed05246b837c152644687ff51c5d0b3ff3dde4a8cd109bd0aff7f695e6
urn:ure:t6:occ:function:current-client:008b42a0	0x008b42a0	leaf	FUN_008b42a0	28	0	99	f8bb5fa587ee79c7021b9006d8de1c770570bfe88c8229cff4492067c146326f
urn:ure:t6:occ:function:current-client:0055c810	0x0055c810	leaf	FUN_0055c810	28	0	101	78dbf7ce70078225b23861ccefa54cfc77f49f949eb813baf111d854c69e749c
urn:ure:t6:occ:function:current-client:004309a0	0x004309a0	leaf	FUN_004309a0	28	0	103	e7cf74b041b033a995276d603ae2632dd4adb857413b7586e3aa13695bc586a4
urn:ure:t6:occ:function:current-client:0086a9d0	0x0086a9d0	leaf	FUN_0086a9d0	28	0	103	6596d2736f62c131268ac51c8fef623c7e137865879fb2d802b2830bc391ecc1
urn:ure:t6:occ:function:current-client:0064cd70	0x0064cd70	leaf	FUN_0064cd70	28	0	104	63dd64fcc2860f6fc75bc2b33195f907d0e2de1085ee8d73f4e8af65f14274b6
urn:ure:t6:occ:function:current-client:005711c0	0x005711c0	leaf	FUN_005711c0	28	0	106	0b17265dfba9e35772633374e112aff61262971ca84aa9e47bf1faaa5de5e954
urn:ure:t6:occ:function:current-client:00694000	0x00694000	leaf	FUN_00694000	28	0	107	ab260b16e394d834c0338c149ba98059cf3f74f9052d5f4acbf0fa509180c0c4
urn:ure:t6:occ:function:current-client:005d8440	0x005d8440	leaf	FUN_005d8440	28	0	110	82996929f3464af046752fd290891c73c87bae52ff9277e47b9d54da26f5812e
urn:ure:t6:occ:function:current-client:00ac8680	0x00ac8680	leaf	FUN_00ac8680	28	0	117	df4a49ab3ba96c77f5f99268dac4b01c65fb7682ab1ddbd889ba977d16139f63
urn:ure:t6:occ:function:current-client:005730d0	0x005730d0	leaf	FUN_005730d0	28	0	123	fc33f541803e7da937fa467a2a193a008d2b0427601971d720396e1532837cdb
urn:ure:t6:occ:function:current-client:0092a880	0x0092a880	leaf	FUN_0092a880	28	0	127	1c777016c5e8e89ae7c578042a0d0e7218c68a4d9fcc56dd80663ed9519f7076
urn:ure:t6:occ:function:current-client:00742c20	0x00742c20	leaf	FUN_00742c20	28	0	144	85eb0f5c1f21db49ee6103c6d46066b2ef525e04390724b38d1c2e941cc81233
urn:ure:t6:occ:function:current-client:00487060	0x00487060	leaf	FUN_00487060	28	0	146	4af2ba16777fd5cacb8fdaec92fbffca65f4e828f2174e012aa6ea3c3e4001b7
urn:ure:t6:occ:function:current-client:0048bb20	0x0048bb20	leaf	FUN_0048bb20	28	0	150	214830fa5d52baae215022109cba56ff2dfb8db50538fecd0054374e14b357e9
urn:ure:t6:occ:function:current-client:00a8b10d	0x00a8b10d	leaf	__errcode	29	0	52	cbceaa2c21bd23620b947c762720879a18458f9a62a034a204fc5cdc8bd0ee6a
urn:ure:t6:occ:function:current-client:00662ad0	0x00662ad0	leaf	FUN_00662ad0	29	0	59	4c8cd0a252c8ffeeb1812cb88576d1ab5f972170bbdc3d03ec969fcca3cba4fd
urn:ure:t6:occ:function:current-client:00a4fda0	0x00a4fda0	leaf	FUN_00a4fda0	29	0	59	d758ca3e74abde4d2cb504fe0f89bc29e96464587147ed0328066b8757f3bfea
urn:ure:t6:occ:function:current-client:00b03e10	0x00b03e10	leaf	FUN_00b03e10	29	0	59	a30f0c514245e3e3770851a6bac4236357f3055a5ec2c91a1cc4e26cbbe95cf8
urn:ure:t6:occ:function:current-client:004357f0	0x004357f0	leaf	FUN_004357f0	29	0	60	b906ff5ef8e76e7549ba3e38c8c34d0d1332e21451d71d4142268f95cb87debc
urn:ure:t6:occ:function:current-client:005e1b10	0x005e1b10	leaf	FUN_005e1b10	29	0	60	726ed4e4007c9c886e85a253a6c8a543a853d12bc9dc59004f4f59cf6942af14
urn:ure:t6:occ:function:current-client:00a011d0	0x00a011d0	leaf	FUN_00a011d0	29	0	64	f07d8cb2fbb7e7b34515f3ca254700bfd9e6c8ed2348135eedbbca252415dc74
urn:ure:t6:occ:function:current-client:00694140	0x00694140	leaf	FUN_00694140	29	0	65	4055621675eaa7f65193e7467df6c4e57c594361300aaa3c4a35430f967138e2
urn:ure:t6:occ:function:current-client:00a1dbe0	0x00a1dbe0	leaf	FUN_00a1dbe0	29	0	65	dd60745915dc110fce391b74a171e395768518108edf27ee9343a61286facdbb
urn:ure:t6:occ:function:current-client:004aaa90	0x004aaa90	leaf	FUN_004aaa90	29	0	66	8bd2f6e92306d5aacb4781e3abda460ba907197980fe7644dc3102cd179af9a4
urn:ure:t6:occ:function:current-client:00a73741	0x00a73741	leaf	__get_errno_from_oserr	29	0	66	bca472666b09a7510c1143a3b12e7886c6e18ef52b5108c26d8161cefe9433bd
urn:ure:t6:occ:function:current-client:00651700	0x00651700	leaf	FUN_00651700	29	0	72	0fde1bfc10b2a4c3d80c7e0f7019563bef4db3a5799200a844ddaae1648e29ea
urn:ure:t6:occ:function:current-client:0053a820	0x0053a820	leaf	FUN_0053a820	29	0	73	69d638b9a349f6be74ae8787151030100cda74934348caefb97ea20eeaefe588
urn:ure:t6:occ:function:current-client:00572ee0	0x00572ee0	leaf	FUN_00572ee0	29	0	73	11e5dacc8353b1a3c52e8bbcdd6818ad1d3820e6dd487fd2c14a730a9a59c6ff
urn:ure:t6:occ:function:current-client:00b53fc0	0x00b53fc0	leaf	__CxxThrowException@8	29	0	74	01bc38afec18c44d69c8819902fdb78f9bc206d2ef4dc6f1b3b391672170049d
urn:ure:t6:occ:function:current-client:005cfdb0	0x005cfdb0	leaf	FUN_005cfdb0	29	0	75	cb9a917df36a574ab18c21ae7ece3310ffe2016bb09ab4939343e5c09278a371
urn:ure:t6:occ:function:current-client:006ed460	0x006ed460	leaf	FUN_006ed460	29	0	76	feb72dd1443d1c1687933cb463844b574ebeede61fdf449ae2206a3a00c09f30
urn:ure:t6:occ:function:current-client:008a1680	0x008a1680	leaf	FUN_008a1680	29	0	80	e8d7a4ef3879313009f81448003f2440fda9daaf397f7cb47ded4b41a4266278
urn:ure:t6:occ:function:current-client:006ef640	0x006ef640	leaf	FUN_006ef640	29	0	81	38848c6eaab4f2026fa0fa2ba560e1e5dda43bf193e1a9629203199bc48affa9
urn:ure:t6:occ:function:current-client:00a46660	0x00a46660	leaf	FUN_00a46660	29	0	83	5b3cde51a00ad1fe75d53760ac71d1b081144c2f01178d5c5ce1c57cc7ba3d2b
urn:ure:t6:occ:function:current-client:008873d0	0x008873d0	leaf	FUN_008873d0	29	0	84	7fa1d41d1e95593cc1522db07d09c4b365afa9e06b04144f7e05e9dcb0116ae4
urn:ure:t6:occ:function:current-client:0057349e	0x0057349e	leaf	FUN_0057349e	29	0	85	f47c5c379d5956e98c798e1aa3784f93d00677af921bbc45b78cdd75d3a8719f
urn:ure:t6:occ:function:current-client:005cd110	0x005cd110	leaf	FUN_005cd110	29	0	87	72b2176627f67784ecab0af8e5af2beda055011a333f1957c855df6adf51c1e5
urn:ure:t6:occ:function:current-client:006a9a70	0x006a9a70	leaf	FUN_006a9a70	29	0	88	43f277ab9176603addab506961beb394357d9e58eacd4f22135faa4c1a01b959
urn:ure:t6:occ:function:current-client:006083a0	0x006083a0	leaf	FUN_006083a0	29	0	90	be00080c8f4e1ba42a92c3d85d0b660cd91d6a2050fddfee1b1d3084267358a8
urn:ure:t6:occ:function:current-client:0086d5d0	0x0086d5d0	leaf	FUN_0086d5d0	29	0	90	70c96fdd5b10d4fac36973b8695c91cd1b64ee3351f3d9243c09ccc0adcf80c9
urn:ure:t6:occ:function:current-client:0043d510	0x0043d510	leaf	FUN_0043d510	29	0	91	fcb48fdcac0e8d0e6ff04885076f31e0d9d7dbf7068c7a68442a17fbc58da262
urn:ure:t6:occ:function:current-client:00863ff0	0x00863ff0	leaf	FUN_00863ff0	29	0	91	c26ad655c0cebfe87d135b4662d9d38d99b5c112d60ff9968ee46d1bed7f3934
urn:ure:t6:occ:function:current-client:0056af50	0x0056af50	leaf	FUN_0056af50	29	0	92	fee8448c008a1feacee5b9dcf1748fcb0380ed893deb05b8056c2a5ddc2772c6
urn:ure:t6:occ:function:current-client:0058eb90	0x0058eb90	leaf	FUN_0058eb90	29	0	92	cda390558a56a25c7fc4a1b472d4aaaa938e56228c7ab4fbf00265f7e990a785
urn:ure:t6:occ:function:current-client:00596a80	0x00596a80	leaf	FUN_00596a80	29	0	92	96a1a1d2d4fce496c7a3a53f53645cfd7332cf415f483da84a0b20a651533e44
urn:ure:t6:occ:function:current-client:005ce2e0	0x005ce2e0	leaf	FUN_005ce2e0	29	0	92	bee2f8d86f66cd0853098eb2c92fa9407a08832fb5f66838fb336b519cb9d98b
urn:ure:t6:occ:function:current-client:0072e530	0x0072e530	leaf	FUN_0072e530	29	0	100	f5313b31cacb3c2da4aa37bffba9ac974788ff5664d1dc4f20bf114f2c7522da
urn:ure:t6:occ:function:current-client:00a870a0	0x00a870a0	leaf	__trandisp1	29	0	103	749630f1560af5d222b20cece4133a20b6d0786dd2169a231add7fd548bc3d91
urn:ure:t6:occ:function:current-client:00773ef0	0x00773ef0	leaf	FUN_00773ef0	29	0	104	547e76efcd05b7067c4bbd99146e9ec1f0338fd1318e259ef844767613e80f61
urn:ure:t6:occ:function:current-client:00794c40	0x00794c40	leaf	FUN_00794c40	29	0	105	d13fcbbb349c129b616f00e5413cb95413800b0fa9b85000d104a2e86daed4ac
urn:ure:t6:occ:function:current-client:008b5810	0x008b5810	leaf	FUN_008b5810	29	0	106	0f3cdabfb931adbb9f92ae54ba26c1edb175fb11211397436ac763ad6ad89448
urn:ure:t6:occ:function:current-client:008c76c0	0x008c76c0	leaf	FUN_008c76c0	29	0	113	b9846aa348b252ba57520629a28c08b16564bd8730fc7e9f1a622b6490da9324
urn:ure:t6:occ:function:current-client:0060f880	0x0060f880	leaf	FUN_0060f880	29	0	131	b2d041faefcbc4f3e7291e4c4b82a450f2956cf552b8d9e4953cdce723b147ed
urn:ure:t6:occ:function:current-client:00a48dd0	0x00a48dd0	leaf	FUN_00a48dd0	30	0	62	336d6ff5f62bf72645d2233425ef3f8a6a941a5f4017e66a7b38e8e25728e1c3
urn:ure:t6:occ:function:current-client:00424290	0x00424290	leaf	FUN_00424290	30	0	65	68b7b907e0a980f738d19f87c252ce694ce4fbc6dedd14e1dd70d8e3460b520c
urn:ure:t6:occ:function:current-client:004fc2a0	0x004fc2a0	leaf	FUN_004fc2a0	30	0	65	b15582a40887ef4b2256119663f79094395f6d171cdf58b1557afef10e74e2d4
urn:ure:t6:occ:function:current-client:009343e0	0x009343e0	leaf	FUN_009343e0	30	0	65	4b5fec0ca1f0e8a83fdc0c64c38bf86f789deda538a9f289504877f23a78173b
urn:ure:t6:occ:function:current-client:00a07280	0x00a07280	leaf	FUN_00a07280	30	0	65	986f8267d8c3efacedb580180725753091550b9f45141112c7074f06e6f6522c
urn:ure:t6:occ:function:current-client:00ae1e60	0x00ae1e60	leaf	FUN_00ae1e60	30	0	65	20a2c869dce35d73879ec3d61b5a68f55f17666c05af5f9f804ee27206d52ae1
urn:ure:t6:occ:function:current-client:00a1df70	0x00a1df70	leaf	FUN_00a1df70	30	0	66	e94556468cbead752ab92f852cb974e6add84b40ca3a1188b61b94ca5902f065
urn:ure:t6:occ:function:current-client:00acb900	0x00acb900	leaf	FUN_00acb900	30	0	68	4c81fc680014f3d03800e0f56499845d2bc1bc020e7a3b580b23ae74634934b1
urn:ure:t6:occ:function:current-client:00ae2640	0x00ae2640	leaf	FUN_00ae2640	30	0	68	1aeaccc0b7e2f20b4cbcceee3a3b4d99fd4f09788d6b9c5e65ef92a30ef271f8
urn:ure:t6:occ:function:current-client:005cfa40	0x005cfa40	leaf	FUN_005cfa40	30	0	71	d66d926a3f0326ed3a8c2232beaa15fc0516c69ed88d95f0d28c3d8f91d3e95e
urn:ure:t6:occ:function:current-client:0044eb30	0x0044eb30	leaf	FUN_0044eb30	30	0	73	5ebf6b06376a0ad43376e23543f1372a5241a257f805f74f606aabf0daf09e40
urn:ure:t6:occ:function:current-client:007354f0	0x007354f0	leaf	FUN_007354f0	30	0	73	300223ab4b4ef5a5b189413a472d1f59dccde9c01e2640f5353a243dfb83f525
urn:ure:t6:occ:function:current-client:008cd710	0x008cd710	leaf	FUN_008cd710	30	0	74	8b460d1ed69e64a995b364ef004929fea6a2a06595b4ea402f2bf87d45ff827c
urn:ure:t6:occ:function:current-client:00ac72f0	0x00ac72f0	leaf	FUN_00ac72f0	30	0	74	3b16fdcebfa7277bd1b3a0adc1597e17f6043f5b76eff3c6fa504428a6ab99dd
urn:ure:t6:occ:function:current-client:00b3def0	0x00b3def0	leaf	FUN_00b3def0	30	0	75	8b0d44e985113204b858accb666136711bf5088f5ef74aa4b7a81ebb2aeb87b5
urn:ure:t6:occ:function:current-client:00935760	0x00935760	leaf	FUN_00935760	30	0	76	15507e9d158716c199a74c34703130d7d927aeb3aa8a10ea48d85617d79cfb8e
urn:ure:t6:occ:function:current-client:00a73907	0x00a73907	leaf	__CxxThrowException@8	30	0	76	10284a2a847683acda2c162cfff2471b395f4bd14f5737222e20db1b01b0217a
urn:ure:t6:occ:function:current-client:009e3efb	0x009e3efb	leaf	FUN_009e3efb	30	0	77	fc369dab08cf2c8cf6efc88efb9864d5599b61855d4518fc61c15964ee3bc52d
urn:ure:t6:occ:function:current-client:006c0c70	0x006c0c70	leaf	FUN_006c0c70	30	0	78	c4d5a0c5a15e451fca31e38fa89753a8f97f65ced325ded5ccf23732063faa00
urn:ure:t6:occ:function:current-client:006198c0	0x006198c0	leaf	FUN_006198c0	30	0	79	59a2d3500c6e3a6403b9c59249219c3e8402a0d9b4273695c0e996129f906f98
urn:ure:t6:occ:function:current-client:009e6ebe	0x009e6ebe	leaf	FUN_009e6ebe	30	0	79	89278179950880a32a636309dbd0e279f6c4539942f313c4b320f0e92e8f0b06
urn:ure:t6:occ:function:current-client:00426a00	0x00426a00	leaf	FUN_00426a00	30	0	80	8f1c5dbb2fbb41b3504e4018fd6ea2fc9d463ae0ee4442eee807638e6f4da12a
urn:ure:t6:occ:function:current-client:004ebe10	0x004ebe10	leaf	FUN_004ebe10	30	0	80	b63624b91988cc575fa8a297c790887dd095aad06cff00688c0c7c6541cb8ba6
urn:ure:t6:occ:function:current-client:00779210	0x00779210	leaf	FUN_00779210	30	0	80	bdb1b14e963d80d6bff8cf1c548d895423488f08ff45c91d93240be9046e6d1a
urn:ure:t6:occ:function:current-client:0056cd90	0x0056cd90	leaf	FUN_0056cd90	30	0	82	7fa474ad564f2c5a3ebc99d45386f3ba8a98d088546623e2d9b851d2bff982f7
urn:ure:t6:occ:function:current-client:00590a10	0x00590a10	leaf	FUN_00590a10	30	0	82	7c8519d79604b47de39bd16dcccd22c6b9807a6a688ec81706084ef508c9526b
urn:ure:t6:occ:function:current-client:006ebf30	0x006ebf30	leaf	FUN_006ebf30	30	0	83	ddda8bcfed45c066840993a01c51b79207696af2f0e277096d097625c3fa5c12
urn:ure:t6:occ:function:current-client:004510b0	0x004510b0	leaf	FUN_004510b0	30	0	84	571d49aaf7d5b888851073441e18fde7725db52aa7c64ec8f1ef0d1bdd651058
urn:ure:t6:occ:function:current-client:005ab290	0x005ab290	leaf	FUN_005ab290	30	0	85	8e6b91bfb8b2f13041187ce7dded193e7e78da4f419e3a9b69aee5a0a4d82fb8
urn:ure:t6:occ:function:current-client:00a6ba30	0x00a6ba30	leaf	FUN_00a6ba30	30	0	89	3a309d72908b14530b06eec55ddb4e54f66ef20bf3088daeba419bed75f17054
urn:ure:t6:occ:function:current-client:008f4130	0x008f4130	leaf	FUN_008f4130	30	0	90	2f5e91de257e8980bafbaa19af16efb3a3c684e9d9b27bf13549a9ef0d2cf771
urn:ure:t6:occ:function:current-client:00ad9840	0x00ad9840	leaf	FUN_00ad9840	30	0	90	0aff22b0bd3f012ed242d4436bd5ce0d065df94fd777b0d8ef12208f5bc77e60
urn:ure:t6:occ:function:current-client:008f2b00	0x008f2b00	leaf	FUN_008f2b00	30	0	91	df90b4d6da91fe1796ddeb195616548716484220cbbe34dfae349fb6cbdaa4ab
urn:ure:t6:occ:function:current-client:004e7280	0x004e7280	leaf	FUN_004e7280	30	0	93	96b243f4625e4c41bb5dadf7d273f573f33f1dd527dc7f9e046f10bd97d41995
urn:ure:t6:occ:function:current-client:0046b520	0x0046b520	leaf	FUN_0046b520	30	0	94	31050df07164a71906b42aa7a391afe74e30a310a80ddf39020e5f5dcbf063f8
urn:ure:t6:occ:function:current-client:004ad560	0x004ad560	leaf	FUN_004ad560	30	0	94	0e348947486fdf608e7eff7f432239a142fe3c04e2e332d8fb586f5c38f89166
urn:ure:t6:occ:function:current-client:0050f150	0x0050f150	leaf	FUN_0050f150	30	0	94	a29fee6c39a238d2bbf6d3f5c30ece5b0cb65607022e49094d9f7e6eca29938f
urn:ure:t6:occ:function:current-client:00528370	0x00528370	leaf	FUN_00528370	30	0	94	22a68d06c9b0e7e13f26c457cde7bf4624b50dafb2a17f4997d1c3f5788af910
urn:ure:t6:occ:function:current-client:00641370	0x00641370	leaf	FUN_00641370	30	0	94	27de3aee11e178d8438bc0057e23dfcc6614e37d65127c6d2b6ced2b44327e69
urn:ure:t6:occ:function:current-client:00664fd0	0x00664fd0	leaf	FUN_00664fd0	30	0	94	0d63c91f2594c7b1a68ef13cfe7e5d4aebf0e99f52a4b94d04e25a14e4ebc15a
urn:ure:t6:occ:function:current-client:0068f240	0x0068f240	leaf	FUN_0068f240	30	0	94	84d245bb6fd9f75b462d73d268cb7e4e1906926018725f781a096fc911fc06c5
urn:ure:t6:occ:function:current-client:00695c50	0x00695c50	leaf	FUN_00695c50	30	0	94	6b22be9f9144ee06188a4c757755bb8a3236fa2fe2a65d96a463ae211d5fe7f5
urn:ure:t6:occ:function:current-client:0069ef60	0x0069ef60	leaf	FUN_0069ef60	30	0	94	59f9c4ce856dbc8338811a96f67321a4560a89c999b7ae1ed040df072700c24a
urn:ure:t6:occ:function:current-client:007001e0	0x007001e0	leaf	FUN_007001e0	30	0	94	65d41a6d94de3e92831d9778d1b6a47a08eb62672798799934ca3877adacc009
urn:ure:t6:occ:function:current-client:007a6860	0x007a6860	leaf	FUN_007a6860	30	0	95	a88f96f2845fa0e7c3d7e3cdde7773e1fdc39b1a04838615e83b97bf66eafeec
urn:ure:t6:occ:function:current-client:0094d6e0	0x0094d6e0	leaf	FUN_0094d6e0	30	0	96	ca35f96ec3c2faf8a4a0dec8be581c447365d69400a27f99fa91d9b7a0d94f59
urn:ure:t6:occ:function:current-client:00596ec0	0x00596ec0	leaf	FUN_00596ec0	30	0	98	6c5c07e1c2f6faa6c5a6209994985e3e7378dfacad4fb5b333cb55231369cd4a
urn:ure:t6:occ:function:current-client:0075cea0	0x0075cea0	leaf	FUN_0075cea0	30	0	103	daedd4bc9980453a3c578849b64f0b8e12304babceb33cc178b007cbd53f16b8
urn:ure:t6:occ:function:current-client:00701ce0	0x00701ce0	leaf	FUN_00701ce0	30	0	104	f71e9a9b89a75d5a594be00ef1817f7d99ea17c819f21c7775d29e19d609880d
urn:ure:t6:occ:function:current-client:0074cb40	0x0074cb40	leaf	FUN_0074cb40	30	0	106	91caaa5508da05c0fdbfc793ca6f22b5a0a4e8e92616ae154a129aeb4d1b3512
urn:ure:t6:occ:function:current-client:00958e90	0x00958e90	leaf	FUN_00958e90	30	0	106	ee3ea90e52de56c01ca39da89fa81fb2ea80608e25cf39b0feffcb07f1a0b3cc
urn:ure:t6:occ:function:current-client:00565ba0	0x00565ba0	leaf	FUN_00565ba0	30	0	108	952173683b20242331b0db3e0523fcbd43bc3c6a23e1d408429f0651ae991638
urn:ure:t6:occ:function:current-client:00567e70	0x00567e70	leaf	FUN_00567e70	30	0	108	5cbfe67535971266f215d4f13ecd32caf5b4d3865a553fdb18c67caa4d0cf091
urn:ure:t6:occ:function:current-client:0041dd50	0x0041dd50	leaf	FUN_0041dd50	30	0	111	0df88431ccf46fd22b2a34b5fb72a56d13cad64ba2487fe38caa2f676f836f0d
urn:ure:t6:occ:function:current-client:008b4040	0x008b4040	leaf	FUN_008b4040	30	0	111	577483d04f92541b96c53093512d913abbac51d183a9981ab4db7729bd31f1c4
urn:ure:t6:occ:function:current-client:00893200	0x00893200	leaf	FUN_00893200	30	0	112	2eeca6bc114e667951b2cb9484b78ab2f47f37a25c75e8a7fd0ce8b3dcca10db
urn:ure:t6:occ:function:current-client:006bbb10	0x006bbb10	leaf	FUN_006bbb10	30	0	122	0eee283258aaebff5bcb666c620ea730ae1b19304d36cdd2112a56953e3fa412
urn:ure:t6:occ:function:current-client:0072e480	0x0072e480	leaf	FUN_0072e480	30	0	169	ad1efd20a544a5e9f3061ad93c4626d9d5c3e1aef061edbad700cc4decced183
urn:ure:t6:occ:function:current-client:007e9470	0x007e9470	leaf	FUN_007e9470	31	0	60	371129cb40feabcad52fe341c8712e96ad2c4a6ec04cc961654fc1c1bf7754b7
urn:ure:t6:occ:function:current-client:00424f00	0x00424f00	leaf	FUN_00424f00	31	0	62	120318fc85d557d445d2a7f848a092712f899e69a05007458a55a636d90cfd78
urn:ure:t6:occ:function:current-client:004364d0	0x004364d0	leaf	FUN_004364d0	31	0	63	b7a1cc08691f05a29fb8ce43d6d0d64d9e42359b7fa4b4d1e005da0482fe5229
urn:ure:t6:occ:function:current-client:005f1b30	0x005f1b30	leaf	FUN_005f1b30	31	0	64	83551ee4bd541aa341e6d01960d9aeae82a8687a003aa097a7a2e57cac44df56
urn:ure:t6:occ:function:current-client:006852a0	0x006852a0	leaf	FUN_006852a0	31	0	64	6fcefc696af8cad5e61454db062eda69a74035a0708b74dfcc07826bb8e77b2e
urn:ure:t6:occ:function:current-client:006ac960	0x006ac960	leaf	FUN_006ac960	31	0	64	2c312c139c1a60a9fc21ca6feacb629d054b13289cf363257c7d58f814cb583b
urn:ure:t6:occ:function:current-client:008c7570	0x008c7570	leaf	FUN_008c7570	31	0	65	412567eac661c20a1badb4f2b5857640adc46283d4afcd758cee57f6af94b28f
urn:ure:t6:occ:function:current-client:005332b0	0x005332b0	leaf	FUN_005332b0	31	0	66	60f8bf675f629e2d7a527bcdc3a32cb463243babb6d524659b2435b7294f6884
urn:ure:t6:occ:function:current-client:00408750	0x00408750	leaf	FUN_00408750	31	0	68	e03a36b79d857755394769d69dccbe9c1e6d4762b8effca8043c6bf278477b97
urn:ure:t6:occ:function:current-client:005f6c60	0x005f6c60	leaf	FUN_005f6c60	31	0	68	84d0ebf1401b6e5730deb5650738f5bedbd0ca1a8c3df9b8c976174641680e96
urn:ure:t6:occ:function:current-client:0044f140	0x0044f140	leaf	FUN_0044f140	31	0	69	7b2c64b799c80a09c960aaac58ffb9d50ce21c21d69fe88abbdfa0c4ecfe3ab5
urn:ure:t6:occ:function:current-client:0055bd00	0x0055bd00	leaf	FUN_0055bd00	31	0	69	cd4a2824d0e1762dbd4afa4535be71f5efd696c30be690cbaacaf573a74f38fd
urn:ure:t6:occ:function:current-client:00462030	0x00462030	leaf	FUN_00462030	31	0	71	cabde9610a1450946104f1fc0379b063f54d2d69998953437ea2dc9246c30697
urn:ure:t6:occ:function:current-client:00657cd0	0x00657cd0	leaf	FUN_00657cd0	31	0	71	4ac569ac782659ca1106388698663db2de820b700ff3014c7a3aa79b2ad0b2cd
urn:ure:t6:occ:function:current-client:00608f80	0x00608f80	leaf	FUN_00608f80	31	0	72	c102ad289d1a6dcc22e92ad711b2ea744cf8ae9318bf69c47942daf26b99018e
urn:ure:t6:occ:function:current-client:00b09540	0x00b09540	leaf	FUN_00b09540	31	0	72	a169a5cb50108abae5e55a5af0656a76fac6bd489b8cfb84442db8d42ebac199
urn:ure:t6:occ:function:current-client:00673510	0x00673510	leaf	FUN_00673510	31	0	73	33984690e03050ee0e40ab6ee26371deb2a7fcd1afe8e669ed545f0c87582669
urn:ure:t6:occ:function:current-client:004368e0	0x004368e0	leaf	FUN_004368e0	31	0	76	7848368edd15223562eeb706bd6760faf1bc6117d9978d54d534dd8358b40db6
urn:ure:t6:occ:function:current-client:004869f0	0x004869f0	leaf	FUN_004869f0	31	0	78	b9b37032335bc92d9ceb6db3ccf43f695388d8b4e694efc24bc5189855e474bc
urn:ure:t6:occ:function:current-client:0070a280	0x0070a280	leaf	FUN_0070a280	31	0	78	2d62c878cbe581e594a0c6c941d1f850fb9c9bbc8f9c2dc3a510cef28a27ea73
urn:ure:t6:occ:function:current-client:009b53d0	0x009b53d0	leaf	FUN_009b53d0	31	0	83	ad6b3c9496396e2db001dc05555e3b04c2318b91df33098bb1514076c5a2a055
urn:ure:t6:occ:function:current-client:00529960	0x00529960	leaf	FUN_00529960	31	0	86	dd423912d6ca8cb46abc1d4209373575110977a3999dd181df7f110546cafe5f
urn:ure:t6:occ:function:current-client:006883d0	0x006883d0	leaf	FUN_006883d0	31	0	86	880351435d2ad43cb51daa2ac05995ac08bdd640ead3ac65e23c7bfcb8867813
urn:ure:t6:occ:function:current-client:00887430	0x00887430	leaf	FUN_00887430	31	0	90	41a863dbf74f2a3db65d8d95e27eaf466cefda9f635f1ed995451dabb8e88787
urn:ure:t6:occ:function:current-client:005fee7b	0x005fee7b	leaf	FUN_005fee7b	31	0	93	2caa303ec99222ac9ed65f7fef427b4aa90ff30dd104bd9d5a0b339642c52eba
urn:ure:t6:occ:function:current-client:009e3f48	0x009e3f48	leaf	FUN_009e3f48	31	0	94	1462ca2bf359d226a025cfac1354d34eaa6861d4c3e430e800406f9650a896f4
urn:ure:t6:occ:function:current-client:0046e5a0	0x0046e5a0	leaf	FUN_0046e5a0	31	0	97	5b7af6116524c7febd80413f0db76d7dd39f645314863b3340d35b895af0a8fe
urn:ure:t6:occ:function:current-client:004f0d00	0x004f0d00	leaf	FUN_004f0d00	31	0	97	1f7b6d9c54e8911ed87e81a04650aae48777961a35fb476587909799704ecbcc
urn:ure:t6:occ:function:current-client:00863f80	0x00863f80	leaf	FUN_00863f80	31	0	97	a3015dd1c95620f69e7670a36169145cf9cbc5180c6c494b870ee7d254f7a575
urn:ure:t6:occ:function:current-client:005f8ec0	0x005f8ec0	leaf	FUN_005f8ec0	31	0	103	172827af8f4aa3e1cc012adfd79a70cad29ad7d1e21e10c99a799767e00af62b
urn:ure:t6:occ:function:current-client:0074cad0	0x0074cad0	leaf	FUN_0074cad0	31	0	103	a0338f3da7a76b3e5b159761b6e6ee3c49dc77e1ed45d09024f0c183abefda51
urn:ure:t6:occ:function:current-client:005fea10	0x005fea10	leaf	FUN_005fea10	31	0	105	97896bf16a8d53516dc4700500b9e59defce1f50b454d59bad14b6febc4bdffc
urn:ure:t6:occ:function:current-client:008e8550	0x008e8550	leaf	FUN_008e8550	31	0	113	67d9e5cd43d7229814a8617ec856c9640a7ab04676810c50e1d9a6573a3ef25b
urn:ure:t6:occ:function:current-client:00644b80	0x00644b80	leaf	FUN_00644b80	31	0	115	70c107a80713163ef79e1274d5473f4c07eb726dcfe0c2a31e80c9e07e0eed70
urn:ure:t6:occ:function:current-client:008b5790	0x008b5790	leaf	FUN_008b5790	31	0	116	ccd4cca4f4054fb2bd399c6e39b31056876f37f16c96ce86d8e28b2c354ae809
urn:ure:t6:occ:function:current-client:0057aaf0	0x0057aaf0	leaf	FUN_0057aaf0	31	0	128	f9267cc76334cf8248e97812d4ccd16cf613f0d8a0a7dac31f1f2d0ed75bf589
urn:ure:t6:occ:function:current-client:00631c70	0x00631c70	leaf	FUN_00631c70	31	0	132	634e975bb3e998cea1f1627088b4a5010990ae0a3bde3b72cc669878a0a6e702
urn:ure:t6:occ:function:current-client:00445e90	0x00445e90	leaf	FUN_00445e90	31	0	134	b1f6cebbb4eea4624dccfd16c57a03fe0e561fb3c29a9cd69163ae428227380b
urn:ure:t6:occ:function:current-client:004bced0	0x004bced0	leaf	FUN_004bced0	31	0	137	b3e2838892ec89d0a59e11812377c8e666638a5c32e9335cc034dc9f2ca397e5
urn:ure:t6:occ:function:current-client:00521ec0	0x00521ec0	leaf	FUN_00521ec0	31	0	137	95919823ad9c058dfedf20b43b01b51af4c5826358ea11ee23d79cec47f9df11
urn:ure:t6:occ:function:current-client:005b8b60	0x005b8b60	leaf	FUN_005b8b60	31	0	137	a86d3d164d5006873ededbe992b62bab0a28138f49e07597c1f7d314c867ed52
urn:ure:t6:occ:function:current-client:00643220	0x00643220	leaf	FUN_00643220	31	0	143	42e0e57b24278a22b2958e2ecbe50644853488eb37b38c4afcabc89f2b4244c1
urn:ure:t6:occ:function:current-client:009be2f0	0x009be2f0	leaf	FUN_009be2f0	31	0	143	3d9db6a5b486ddad4b2bf553e42fa27c8acb1ff65836d6c26ad15031deb2f4ae
urn:ure:t6:occ:function:current-client:005d1a20	0x005d1a20	leaf	FUN_005d1a20	31	0	150	c4f150f5793e1b3d7f8d0ac3996e29aabc866bf6aa868fcb7dc5a64547d1101d
urn:ure:t6:occ:function:current-client:0074c4c0	0x0074c4c0	leaf	FUN_0074c4c0	31	0	155	4738cc6895130574d4f1f4c3b10626b32b7255453388f1090ce31c29bfcc99a5
urn:ure:t6:occ:function:current-client:00ada180	0x00ada180	leaf	FUN_00ada180	32	0	62	67fc07d8b8f823d2080543c984007f440479ce28dbaf0f4efb2c5f98c06b5148
urn:ure:t6:occ:function:current-client:00ada1c0	0x00ada1c0	leaf	FUN_00ada1c0	32	0	62	032b1664edde42919325767c45a762787de841f9b13a935d87da35891e1cb254
urn:ure:t6:occ:function:current-client:00a48e10	0x00a48e10	leaf	FUN_00a48e10	32	0	68	7d83e0710f8cc9aea020604fa5952f1e83768ac7d7b2e169eb07f9e21c7f1c68
urn:ure:t6:occ:function:current-client:00afe6e0	0x00afe6e0	leaf	FUN_00afe6e0	32	0	68	6d726715caca76e988618a1d7a720632de6f687b4e4dba3065431393e5abb6ea
urn:ure:t6:occ:function:current-client:00934240	0x00934240	leaf	FUN_00934240	32	0	69	858621ae08d9bfce764c3b758ec0e1fdfc8ff2a955bff9036b553ffcc661bf04
urn:ure:t6:occ:function:current-client:005f67e0	0x005f67e0	leaf	FUN_005f67e0	32	0	71	0dcd689e7cdde1a1a4f8e4b2d9bbed20db1fc9b07b3a8ac0fbc722cb37e7b7d9
urn:ure:t6:occ:function:current-client:00a70540	0x00a70540	leaf	FUN_00a70540	32	0	72	9857d852496699e452b02b1210158de00de2609fd6a8eaea4e4ff006ade035b4
urn:ure:t6:occ:function:current-client:0063ecc0	0x0063ecc0	leaf	FUN_0063ecc0	32	0	73	778610aecf01c731e575bf0c17e4c6dec4d73fbd7ef0e23b4cfe128a51900391
urn:ure:t6:occ:function:current-client:00b011d0	0x00b011d0	leaf	FUN_00b011d0	32	0	73	055481ce47c5ed8a07c79d04b5b466f15848310adb22ab219ea400e8e7101e3e
urn:ure:t6:occ:function:current-client:0047e340	0x0047e340	leaf	FUN_0047e340	32	0	74	d50696f48a849f342a49cabfc22958ca49fe7c1ab320fb5ef2e62b77e6b30ce4
urn:ure:t6:occ:function:current-client:005262d0	0x005262d0	leaf	FUN_005262d0	32	0	75	bfdc4bec4e13d8789cee0a2f81fbcecad4e9f206dc4d39e0a6720783c78862d4
urn:ure:t6:occ:function:current-client:00799f50	0x00799f50	leaf	FUN_00799f50	32	0	77	3d8b97a570a2381145b40246b3bd8725a0f10b0ebba68bafb56a31a90e2a005e
urn:ure:t6:occ:function:current-client:00537790	0x00537790	leaf	FUN_00537790	32	0	79	d80354334b75972c76f65c4f172bd95f76f6cdf8ed8b64f269c7c0eef4dbbb70
urn:ure:t6:occ:function:current-client:00800050	0x00800050	leaf	FUN_00800050	32	0	79	6f9098dfa4a6ca3758ed5d94c271fc0c1c3c006e0767a8b26a7c67c2fd7af704
urn:ure:t6:occ:function:current-client:009cde80	0x009cde80	leaf	FUN_009cde80	32	0	81	7ae9acf7f9cc12e4522c86c7963580d277d5a467a66ac135ab26aae8808a2a12
urn:ure:t6:occ:function:current-client:00b01fa0	0x00b01fa0	leaf	FUN_00b01fa0	32	0	81	141ce58ddbf13885645b60f1b8f8c5dfaee085fd31dc524b03be31ef3ab4ee44
urn:ure:t6:occ:function:current-client:0044ac80	0x0044ac80	leaf	FUN_0044ac80	32	0	84	6cd812963a4ad8a8158a6c9a1c67fcec9311982c2acd7032e4a2ab491758bbf5
urn:ure:t6:occ:function:current-client:008efad0	0x008efad0	leaf	FUN_008efad0	32	0	84	5fbddc88189ab32690fbb9c31fc5814dbe6a56163a517ecfd803c44358c048cc
urn:ure:t6:occ:function:current-client:009d5c20	0x009d5c20	leaf	FUN_009d5c20	32	0	84	9c2999406fb28acf28141ed8a13b36534d8a78a4d03de47e2591d50130e560cf
urn:ure:t6:occ:function:current-client:009e7cf0	0x009e7cf0	leaf	FUN_009e7cf0	32	0	84	8b726fb8d90685de779bbc9d6c3fd3ae974c6122b03f6d9ad017116c76b87472
urn:ure:t6:occ:function:current-client:0073d1a0	0x0073d1a0	leaf	FUN_0073d1a0	32	0	86	e641b18e36ea7e9a61c68ab790f0df7e33668b3b8284e32af0de5e8e2483888b
urn:ure:t6:occ:function:current-client:00873360	0x00873360	leaf	FUN_00873360	32	0	86	decf2f2a201297c5b9ab84745298a9c1812fd90b4630e5f0e0db50d0e15384d3
urn:ure:t6:occ:function:current-client:005728c0	0x005728c0	leaf	FUN_005728c0	32	0	89	cb7cb5aba8ea99b5b0f39f11e6c0b1e85ef8ee7f35c9267f7507a166c743b54e
urn:ure:t6:occ:function:current-client:00899a60	0x00899a60	leaf	FUN_00899a60	32	0	89	5f0ad627d7cf3117e11701dcbbcbadab75e8cc2e9277bc3b16ec971f50ae9335
urn:ure:t6:occ:function:current-client:00601390	0x00601390	leaf	FUN_00601390	32	0	92	f260bf3a364fdbea95cdf5a96c857eed23890d6c09dfa287bbbd31ebd0b54f01
urn:ure:t6:occ:function:current-client:00647e70	0x00647e70	leaf	FUN_00647e70	32	0	92	c73b7248dcca2240a5032c9d244629a313e3f2f18cfdaf5a4c5d1c600e008ddb
urn:ure:t6:occ:function:current-client:008d7170	0x008d7170	leaf	FUN_008d7170	32	0	92	ef9db4eae9efd272c74d62a414a69f16ca3373484814ce29aa8b6c5c4f0630fb
urn:ure:t6:occ:function:current-client:006bd630	0x006bd630	leaf	FUN_006bd630	32	0	93	b3a3fe07a7cfa1e2dab1f9ae9a971c284135bade8f12e210c4c41b84636836f7
urn:ure:t6:occ:function:current-client:007f4b90	0x007f4b90	leaf	FUN_007f4b90	32	0	93	78e6a66010a2a8248417fcb32a0f5fb4591b34ca651ad3711f49a6708928dc06
urn:ure:t6:occ:function:current-client:00813bc0	0x00813bc0	leaf	FUN_00813bc0	32	0	94	b0a3805378ce6776dc739454e1ed44faccb5cb3f937f9cf4de9f5e0016790ccd
urn:ure:t6:occ:function:current-client:00573040	0x00573040	leaf	FUN_00573040	32	0	99	8ad4a0679550216b15aa8396b3d41b17dbe578178d2e93a12e05646677a6c164
urn:ure:t6:occ:function:current-client:00559810	0x00559810	leaf	FUN_00559810	32	0	101	24ddc3e7cdf6c84831836db14a121947414dab15843cd632029406f7b6d6b50c
urn:ure:t6:occ:function:current-client:006e4e00	0x006e4e00	leaf	FUN_006e4e00	32	0	101	7e240f1530c24ba69d5e3e86f9ffa242357284957e4f025ca3605051277a97d6
urn:ure:t6:occ:function:current-client:008db8a0	0x008db8a0	leaf	FUN_008db8a0	32	0	103	5117b9bc11eafcd4f1d4cc3b67293642483690d1b99aaea39baedadac0590228
urn:ure:t6:occ:function:current-client:0052e7e0	0x0052e7e0	leaf	FUN_0052e7e0	32	0	104	0e709ff930891c447785b525946e899ee4513d543bc8100dec25f810818f8b0a
urn:ure:t6:occ:function:current-client:0067d650	0x0067d650	leaf	FUN_0067d650	32	0	104	f2878eb36981f96e3d99494e326297c738250d7fad5e3afaf66998c12440dfdd
urn:ure:t6:occ:function:current-client:0090e990	0x0090e990	leaf	FUN_0090e990	32	0	106	49457f2e5c530b57bf32bb3859c41b8e4b4f095baf3884d841d8dc88e498eb52
urn:ure:t6:occ:function:current-client:0048a9d0	0x0048a9d0	leaf	FUN_0048a9d0	32	0	107	e24b1ee99a7d746fd91165bb347756e48f5ad4f969728f3cebac374937c4e955
urn:ure:t6:occ:function:current-client:0066a540	0x0066a540	leaf	FUN_0066a540	32	0	107	c4ef51ea8e71c902a6246356f13ff44dff17e894a67de1ecf500ed26f96f2311
urn:ure:t6:occ:function:current-client:00612ea0	0x00612ea0	leaf	FUN_00612ea0	32	0	108	6ac696bb9d3bb2f4f2e3160f8b8698721deb7eb64d4fc6e00519ce6c40b0dea6
urn:ure:t6:occ:function:current-client:007a1ae0	0x007a1ae0	leaf	FUN_007a1ae0	32	0	109	3cb69a5825d36118dff5e3875399f61a976cd3a1c465453e39ac1753e2dd3c43
urn:ure:t6:occ:function:current-client:008b3d00	0x008b3d00	leaf	FUN_008b3d00	32	0	110	0c2c02ce28be7d1d39170aa947bbeb8506095214e0b89325c1dda1a1f7a7a691
urn:ure:t6:occ:function:current-client:005207d0	0x005207d0	leaf	FUN_005207d0	32	0	111	dc8531cf8051c35d84ea89b19a950c93786b5e92d1c736b0595809cb9ae6438b
urn:ure:t6:occ:function:current-client:00533e90	0x00533e90	leaf	FUN_00533e90	32	0	115	9c1accac529618a5e847a6dc0d3a1c6f86572c11017687c9159e8afd48d5b0c7
urn:ure:t6:occ:function:current-client:00acdad0	0x00acdad0	leaf	FUN_00acdad0	32	0	119	0225f30285affbf4117ef4ab08c635a964092b202434f4474bcedec39931a21c
urn:ure:t6:occ:function:current-client:004270a0	0x004270a0	leaf	FUN_004270a0	32	0	122	ba06173dec15d745b70abc89c70e9ff4e98dd1cfd450900826d4782c428f81ce
urn:ure:t6:occ:function:current-client:008b72b0	0x008b72b0	leaf	FUN_008b72b0	32	0	124	06ff2c380af2f4529d1e0a8f94d60eff76c6e429d25dd650e8fc591becab3880
urn:ure:t6:occ:function:current-client:008b3eb0	0x008b3eb0	leaf	FUN_008b3eb0	32	0	126	4c70bd28fc32067acb012b14fd66a950a30446fdd240d56a62bd09e123b48893
urn:ure:t6:occ:function:current-client:008b3fc0	0x008b3fc0	leaf	FUN_008b3fc0	32	0	126	3db772b78c70d671a1879b69b607d0e0fe96ddc3ca08a94fe601532479e7ad65
urn:ure:t6:occ:function:current-client:00687950	0x00687950	leaf	FUN_00687950	32	0	143	549a30072d8b8f5905bd8cb357e37848bc7fb39819efcb77cbc539f3a5bb6d11
urn:ure:t6:occ:function:current-client:0057b220	0x0057b220	leaf	FUN_0057b220	32	0	145	6d09d17ef1bc1c20f5dd36ae858725a945b6ade8fd7d1ad09eb9c184035642f6
urn:ure:t6:occ:function:current-client:00a95310	0x00a95310	leaf	_strpbrk	33	0	64	a16dfe25ad12e05a7697f94c0a3001966cf8ff212eb4cfd4156cbfa82b56f9b5
urn:ure:t6:occ:function:current-client:00a8fa90	0x00a8fa90	leaf	__FindPESection	33	0	68	9b34049f29d5c22fd4c323f02621cdcda505d5f93b5f021739c153e641d79da3
urn:ure:t6:occ:function:current-client:00b00fe0	0x00b00fe0	leaf	FUN_00b00fe0	33	0	71	29f5f078d525cc3e4742c8fe7141247a324a0bbd731ac287d5d2368ea3e8688a
urn:ure:t6:occ:function:current-client:00503870	0x00503870	leaf	FUN_00503870	33	0	73	ac9318089107098fc8b41719d3167400e1337b83bb45a7febc256e2222fded85
urn:ure:t6:occ:function:current-client:004fe550	0x004fe550	leaf	FUN_004fe550	33	0	76	02979c8c6890b13368a145cdb410045bd44a8a5a734acc0c1d0afdc8b3d65e21
urn:ure:t6:occ:function:current-client:00817be0	0x00817be0	leaf	FUN_00817be0	33	0	77	d79644eca9591c1bbcd5424c98b77e2a7d3510f0225b71729d6067c27e6c6e0f
urn:ure:t6:occ:function:current-client:009e6e32	0x009e6e32	leaf	FUN_009e6e32	33	0	79	d5151d3b70922d6a5704fd3f056e629a879bddc50484325fa9edbce279816360
urn:ure:t6:occ:function:current-client:009cc0a0	0x009cc0a0	leaf	FUN_009cc0a0	33	0	81	169d0f74625f2fd7101b0c12c6dcd7196deea85590a15fcf704db58e121af2f0
urn:ure:t6:occ:function:current-client:009f2960	0x009f2960	leaf	FUN_009f2960	33	0	82	b644c7778256f708949a73c26316f97c851ed0de57b0a04a1566099f83409dd5
urn:ure:t6:occ:function:current-client:004a89e0	0x004a89e0	leaf	FUN_004a89e0	33	0	83	c42e942dc9f07a6400c02548aea96f6fe6f86ee1f08bc1b62259fcc60ee43cae
urn:ure:t6:occ:function:current-client:005ccfd0	0x005ccfd0	leaf	FUN_005ccfd0	33	0	84	c079cb4e3eb845232c7981f1806775dec4fa459a5c4eb66079208984b94f19f2
urn:ure:t6:occ:function:current-client:00abf320	0x00abf320	leaf	FUN_00abf320	33	0	85	94b51c2570ead61c469387db168d190a471ce053fc485be54d33e50e644711a8
urn:ure:t6:occ:function:current-client:0046bc50	0x0046bc50	leaf	FUN_0046bc50	33	0	86	b236bb4bd32032b4771548e67e955d4d185b3578de38cdb243f66dd2ffb88f33
urn:ure:t6:occ:function:current-client:005f2550	0x005f2550	leaf	FUN_005f2550	33	0	86	1b54ce3f688e910b31ed9bd7beceba1f965b2868c748defecc89f24a8326bcc9
urn:ure:t6:occ:function:current-client:004ab8c0	0x004ab8c0	leaf	FUN_004ab8c0	33	0	87	d9df54a12d6d65dea5929c89fda917aeffdc10475e4d288b72698fe41d2350f9
urn:ure:t6:occ:function:current-client:00780620	0x00780620	leaf	FUN_00780620	33	0	88	7edec4721f2d309e2fa20b00c7326e603c64669d700a028ef5d885f4ddde2e64
urn:ure:t6:occ:function:current-client:00890c90	0x00890c90	leaf	FUN_00890c90	33	0	88	289666e74bb4eaddf00100c5e07a701fe2bc6acf40bb5914e7c6a50830d86b00
urn:ure:t6:occ:function:current-client:005ead90	0x005ead90	leaf	FUN_005ead90	33	0	89	9f0c405ea691fec31c1b76254d444a0e577c46b969ccbe13bcf7c5e0ff1ca957
urn:ure:t6:occ:function:current-client:00949580	0x00949580	leaf	FUN_00949580	33	0	90	7964ab8906fa41a558f665b8421f37f758e40ce26f98fc050e9192c97eb0c9be
urn:ure:t6:occ:function:current-client:008ce7a0	0x008ce7a0	leaf	FUN_008ce7a0	33	0	93	3c612912000031f4f42ab91bffe52e3b788b90a0786f714ff78ac76232666158
urn:ure:t6:occ:function:current-client:006ab360	0x006ab360	leaf	FUN_006ab360	33	0	94	3067852fcc8066461320721dff6d7e43984993cdf7b78c255f20ec0847d63149
urn:ure:t6:occ:function:current-client:007221c0	0x007221c0	leaf	FUN_007221c0	33	0	95	50ad651d4c920cad0704dfeec4990b87d83affcbd3e6e97bf173430566439e1c
urn:ure:t6:occ:function:current-client:00959b50	0x00959b50	leaf	FUN_00959b50	33	0	96	0ac1b353f2bf471666d2766b867608193443fa7cc000ee348bbca439351e1a20
urn:ure:t6:occ:function:current-client:0073db40	0x0073db40	leaf	FUN_0073db40	33	0	97	7ba83c18a07d7b6185798ba3d37533440b3728ae35a17be4fcb9a5f221305b6c
urn:ure:t6:occ:function:current-client:00512b70	0x00512b70	leaf	FUN_00512b70	33	0	98	65c86a1e3c14a0a97df5c63bb494d5ee5d9c17779bc69936cbffcfa3f0f08692
urn:ure:t6:occ:function:current-client:006362c0	0x006362c0	leaf	FUN_006362c0	33	0	98	d786b344d19e31ff76f6d8d1315c5b3e40020f915128f7613dc4e0fc1db46872
urn:ure:t6:occ:function:current-client:0043e130	0x0043e130	leaf	FUN_0043e130	33	0	104	9730204c46e9484e35c102734f969f84d78ec6fdb65c7d18456417c84d51a7b5
urn:ure:t6:occ:function:current-client:008936a0	0x008936a0	leaf	FUN_008936a0	33	0	105	3cf62560fd061e1cf4c10433eda7a85a1e378537904b02e3d8ad59beb687c8af
urn:ure:t6:occ:function:current-client:00ac9ea0	0x00ac9ea0	leaf	FUN_00ac9ea0	33	0	105	358f8d02e3bb02149eb72ee0b6d339a259279c155db140641dd068d499592dcb
urn:ure:t6:occ:function:current-client:009575d0	0x009575d0	leaf	FUN_009575d0	33	0	107	b6590f6b5968e899a0162689ad8fb3367ea55f183be7b34d30a64b1f1b5e6fce
urn:ure:t6:occ:function:current-client:00819b70	0x00819b70	leaf	FUN_00819b70	33	0	110	d6cc0df79d0217aa857c7de27c245ad05bcf3524cfd90e6a5051fb1120526551
urn:ure:t6:occ:function:current-client:0043a280	0x0043a280	leaf	FUN_0043a280	33	0	112	0ee3de82c54cde006b119aafb02c7a4a26c41799cd79da62ace872db5dce219a
urn:ure:t6:occ:function:current-client:008e7480	0x008e7480	leaf	FUN_008e7480	33	0	115	96eb4dbeb66b22bfc8953a7bf6c23c0e2363cfd7266a18ce52fb13ce939b0025
urn:ure:t6:occ:function:current-client:00434930	0x00434930	leaf	FUN_00434930	33	0	116	31f21b1742cf183e77ad840c4becbb599e31faf6275ffd8b84ca6c438084e5a6
urn:ure:t6:occ:function:current-client:00685b30	0x00685b30	leaf	FUN_00685b30	33	0	116	ca30ff9a618a299076da6d0243032a489a04a8e0ce4734ae7ece20bc580d0e70
urn:ure:t6:occ:function:current-client:0074c110	0x0074c110	leaf	FUN_0074c110	33	0	117	9f3afc0df5a30051eb4d240c1e8b3b2fb1e784490d7dfa377b3b4c004bfc80c3
urn:ure:t6:occ:function:current-client:00832680	0x00832680	leaf	FUN_00832680	33	0	121	aaa71ef6a8caf411d99e8251277d4f8c20e08fba6846c1e46ccabf98913b1730
urn:ure:t6:occ:function:current-client:00adcab0	0x00adcab0	leaf	FUN_00adcab0	33	0	121	758a6848526e9411f424c396a3952f792f63d1506d57c88fa5d70c92defd5808
urn:ure:t6:occ:function:current-client:00538340	0x00538340	leaf	FUN_00538340	33	0	122	63947d6276a7fead0f4923dba367d18b2fc59006adb388c31dffc67654e70624
urn:ure:t6:occ:function:current-client:0044e9b0	0x0044e9b0	leaf	FUN_0044e9b0	33	0	125	e386646eeef37bd50746251cae1d65f99018018803acd929f3685066ef8261b8
urn:ure:t6:occ:function:current-client:006fcec0	0x006fcec0	leaf	FUN_006fcec0	33	0	130	1d73c21cee92c85947d47ff1d28552f7af720693b748463b291a3a10d495a901
urn:ure:t6:occ:function:current-client:0043a730	0x0043a730	leaf	FUN_0043a730	33	0	147	ee30d0e73f1c45f0fd8642bb060b4a28e3993e03b4a6a5d9ddda7ddd361efa3d
urn:ure:t6:occ:function:current-client:0048e640	0x0048e640	leaf	FUN_0048e640	33	0	152	acf64dca758ff002656388aadcb16c7c319d3c3dafd7b7685e7b71fc56c45e39
urn:ure:t6:occ:function:current-client:006bfee0	0x006bfee0	leaf	FUN_006bfee0	33	0	152	062363bcc16d45ab38f1cc3f312070bce1d4861bfbc328d9e5d4376c0b985ecc
urn:ure:t6:occ:function:current-client:00831c20	0x00831c20	leaf	FUN_00831c20	33	0	163	17fc0f4f458b13155f779e7d6b2045c1e0c509d419f756eb55271e24d7dfa204
urn:ure:t6:occ:function:current-client:00643c40	0x00643c40	leaf	FUN_00643c40	33	0	170	656b28788ba06721ed6095ffc661df9a4b95031bcabc02470a969342c982fc7d
urn:ure:t6:occ:function:current-client:005b6cc0	0x005b6cc0	leaf	FUN_005b6cc0	33	0	175	07c4913585de8b156c77f82c505953ec1bed3c5dd2e3c8a6efd248008883e18d
urn:ure:t6:occ:function:current-client:00a79b8b	0x00a79b8b	leaf	xtoa	34	0	67	ab40193954e11a58b9848c4750c184e8901d672ac24ed9b16977999b8fb55d65
urn:ure:t6:occ:function:current-client:00b26aa7	0x00b26aa7	leaf	FUN_00b26aa7	34	0	68	17bf4853670275deee47dcecd56840a1e5483eabb7fb5f8e66076c70f581b241
urn:ure:t6:occ:function:current-client:009dcd30	0x009dcd30	leaf	FUN_009dcd30	34	0	70	d2bb6e96f1f329750ace248ac3ed6f96645b7b8a1916c163185845bd92e88d9b
urn:ure:t6:occ:function:current-client:00630650	0x00630650	leaf	FUN_00630650	34	0	73	40d5fc571b7d9707556b32e596e803cf14b5c5a303e50514a4ecb99d5d2798c8
urn:ure:t6:occ:function:current-client:00a54770	0x00a54770	leaf	FUN_00a54770	34	0	73	c127338522c5b5f2665a661b65340561bc15b9a95842fb18d3781e98c9b244ad
urn:ure:t6:occ:function:current-client:00ad96f0	0x00ad96f0	leaf	FUN_00ad96f0	34	0	73	bd76f772788ea8b8430653320477855ea567c70ff7fc844f6227d32b2fa3b738
urn:ure:t6:occ:function:current-client:00653590	0x00653590	leaf	FUN_00653590	34	0	75	c6c67504452a43ba8b1d881bf55647032d2324c18e4c0623b3fc759d4771f15a
urn:ure:t6:occ:function:current-client:006d1a60	0x006d1a60	leaf	FUN_006d1a60	34	0	76	edaf787edf7db06220c2ba590ae1b584e94a1884f637f7c7230927408bdc1e6a
urn:ure:t6:occ:function:current-client:00597620	0x00597620	leaf	FUN_00597620	34	0	77	facc433309e17fc7cc5a8774ca72a1f69e6d2b9a1ae2cfa787775c90ccd62fe9
urn:ure:t6:occ:function:current-client:007fb5c0	0x007fb5c0	leaf	FUN_007fb5c0	34	0	77	93e4ee47400f1f5d4614abff30f686e917c1a7ef70bcea07a16d53218415c8ff
urn:ure:t6:occ:function:current-client:00b04090	0x00b04090	leaf	FUN_00b04090	34	0	77	bfe7afc0ac81d0aade142770c437e3c9feb3bb3d1b7ebe919cc91a2cab7ac5b9
urn:ure:t6:occ:function:current-client:006359d0	0x006359d0	leaf	FUN_006359d0	34	0	79	9604962ad8f8e89762304b2a8275305fca5157b25df61cdc5d1d909db87aae5d
urn:ure:t6:occ:function:current-client:008f28c0	0x008f28c0	leaf	FUN_008f28c0	34	0	79	13146c01ffeb13d83a6aca7e01f2811056094e8795c44e4dacdc960d8c21cbd0
urn:ure:t6:occ:function:current-client:00817b90	0x00817b90	leaf	FUN_00817b90	34	0	80	22cfaaee8b0159ab94591f80bbf36e1ec958b3f952602d22aab6ff77d41cc13d
urn:ure:t6:occ:function:current-client:006aac60	0x006aac60	leaf	FUN_006aac60	34	0	81	2b92ac2455c37c972111794ac6ef42480eaacdf573a7dc6c611db78a79b49e3f
urn:ure:t6:occ:function:current-client:006db070	0x006db070	leaf	FUN_006db070	34	0	82	e83e93df6b93a8295ff996450319aa8875a2a90d280b716455db800fc5cf5dc4
urn:ure:t6:occ:function:current-client:00913d50	0x00913d50	leaf	FUN_00913d50	34	0	82	8ebd1a58d5e93a2fbcd9d04289ebb0a99133eb8ae069db076e41ac14b3275528
urn:ure:t6:occ:function:current-client:0043f0d0	0x0043f0d0	leaf	FUN_0043f0d0	34	0	83	974253c34ca211466da58cc50c7d26b51153b1938e39a92e284dca6a1d9d3dbc
urn:ure:t6:occ:function:current-client:00775450	0x00775450	leaf	FUN_00775450	34	0	83	651d868069ab5bde69a7c66811984cfec19f7ed25533ac69fbdead9982bb3dee
urn:ure:t6:occ:function:current-client:007754b0	0x007754b0	leaf	FUN_007754b0	34	0	83	93718334f86a3171e277e706ec74424365fc2d28f187603e369f793c97c21a78
urn:ure:t6:occ:function:current-client:00539490	0x00539490	leaf	FUN_00539490	34	0	84	49e860ebf6d54beb6f1af35d2b11dc43742aaf51d4cbad4097f281668d27fe54
urn:ure:t6:occ:function:current-client:005dc800	0x005dc800	leaf	FUN_005dc800	34	0	84	ac1716ea0056f5c4405c3d6ce346030afa1788c5a0a23b21db150bd53b8ca49c
urn:ure:t6:occ:function:current-client:006ad790	0x006ad790	leaf	FUN_006ad790	34	0	85	3bfb33ed076de10610e943152d6665cd8ad9d9c4b04cfc9a3a58592842d29e3a
urn:ure:t6:occ:function:current-client:007e60f0	0x007e60f0	leaf	FUN_007e60f0	34	0	86	b968fa741cf8410726acd694928a730db0501b9b13dc547a5e9b24b582bf1832
urn:ure:t6:occ:function:current-client:004573c0	0x004573c0	leaf	FUN_004573c0	34	0	88	16695346628d6138c66f5b28f34d109b773c3a219feca8e2ec0d60d5e02f37cc
urn:ure:t6:occ:function:current-client:00b3de90	0x00b3de90	leaf	FUN_00b3de90	34	0	88	6045b3359d7658da2adcd7d0138709482e4bc6d3677abe346a321a260d7f5ccd
urn:ure:t6:occ:function:current-client:00805af0	0x00805af0	leaf	FUN_00805af0	34	0	95	c956c893d4e6f73ff9396fdb78dc13431fa9b31677d144423a454080fc207472
urn:ure:t6:occ:function:current-client:0045dea0	0x0045dea0	leaf	FUN_0045dea0	34	0	97	d26a66bbd6e8ce19d3d74aa9cd519b8daaba122908e716c7b727cd9787ac6503
urn:ure:t6:occ:function:current-client:00784200	0x00784200	leaf	FUN_00784200	34	0	97	d79d9ead986b0a1fbb757eb971ac218e6c4de1800a492de86972795f47b1da53
urn:ure:t6:occ:function:current-client:009d6010	0x009d6010	leaf	FUN_009d6010	34	0	97	0f519510ad87dc3a23001e5686dd5c518c115660d778b0f5cb2a6b9e53283724
urn:ure:t6:occ:function:current-client:009f65c0	0x009f65c0	leaf	FUN_009f65c0	34	0	97	4e6340382ddf416746368f25db312622894495dc8300d3a2ad3dfe699af6e04a
urn:ure:t6:occ:function:current-client:006442e0	0x006442e0	leaf	FUN_006442e0	34	0	99	517b2916f5e7a67b84274827984f713ba5af980480fe8fd6368fe10cbc46747f
urn:ure:t6:occ:function:current-client:006f1990	0x006f1990	leaf	FUN_006f1990	34	0	103	1f823f8b39b732fb338244fc491fc66c1b8f312e66df2180b16fce68b1875649
urn:ure:t6:occ:function:current-client:00760cf0	0x00760cf0	leaf	FUN_00760cf0	34	0	103	de485ecac6af8bb9023a28870c3761b198dac1660944c4a56ec43127dffdc6ae
urn:ure:t6:occ:function:current-client:00406c90	0x00406c90	leaf	FUN_00406c90	34	0	106	2fe5f25a92f0aeaae7a358ca7d5ad9000e9ec7dc281b78917384e7a5ae9aedb5
urn:ure:t6:occ:function:current-client:008dd130	0x008dd130	leaf	FUN_008dd130	34	0	107	7ecd8ab330c5c58855330ad1c4ea416a4ad361bd45ee44deb04b8c238323a668
urn:ure:t6:occ:function:current-client:00607d70	0x00607d70	leaf	FUN_00607d70	34	0	108	c7d035c0b6af2b3c825238684f82e7c64201f1a65cc3f8b65b03b4b47a8139e0
urn:ure:t6:occ:function:current-client:0056cf60	0x0056cf60	leaf	FUN_0056cf60	34	0	109	33a0fa5b275d170c1268b75dc7662eab5528ec7d230a2ff53b4cf4df98628e7c
urn:ure:t6:occ:function:current-client:005aee40	0x005aee40	leaf	FUN_005aee40	34	0	110	399140e09b8602364c37325c4e2c7535780d660f1a84d24df764f28cf04acd72
urn:ure:t6:occ:function:current-client:006a2f10	0x006a2f10	leaf	FUN_006a2f10	34	0	110	4f6ead3af7b7df80050dff21a0a25ca6463091a39cbc3d4fc37436eb2370639a
urn:ure:t6:occ:function:current-client:009f6a95	0x009f6a95	leaf	FUN_009f6a95	34	0	111	248ba497015d6de9f5e852b315bc825155123662a5f082f0f946285841d1370e
urn:ure:t6:occ:function:current-client:009f4f19	0x009f4f19	leaf	FUN_009f4f19	34	0	112	aedbd907522aacb28701a413fef3e3e40f7c61d6cc98ea3e11336bf6fa37f629
urn:ure:t6:occ:function:current-client:0090bea0	0x0090bea0	leaf	FUN_0090bea0	34	0	118	c9107ec591a27755a577e9143af9874a308b384bb4327388406ea61729113788
urn:ure:t6:occ:function:current-client:004dc2d0	0x004dc2d0	leaf	FUN_004dc2d0	34	0	121	abf22b12da0a7d8f3cc567f38f2ab37f39faf319e50038bca432b23eb754397b
urn:ure:t6:occ:function:current-client:009f6cf9	0x009f6cf9	leaf	FUN_009f6cf9	34	0	121	248eb314df814332899838da2c1e700225a2f16cd0b9e542437694befe0b6c73
urn:ure:t6:occ:function:current-client:0057fdf0	0x0057fdf0	leaf	FUN_0057fdf0	34	0	122	0c60898b889922d8fd4288035448dffe6efe8a3968fe1f9982853d019740b6a4
urn:ure:t6:occ:function:current-client:00a018a0	0x00a018a0	leaf	FUN_00a018a0	34	0	123	d79ed582b93ebc168586c49276e2f08990790f2324e6682cebd1badd1dc92a8f
urn:ure:t6:occ:function:current-client:00588c50	0x00588c50	leaf	FUN_00588c50	34	0	124	15d7b61df698e27ae8685e4131566710b4362b40722966944a431dbb67649e92
urn:ure:t6:occ:function:current-client:009fef00	0x009fef00	leaf	FUN_009fef00	34	0	124	dada284ba6127482ad7d974bb9725034169eb4dd946cfd5fdd72379cef7e22fe
urn:ure:t6:occ:function:current-client:00490060	0x00490060	leaf	FUN_00490060	34	0	133	de17865cb024b6862c9aa321076f4fd261dbf606e92db796338a001841407c50
urn:ure:t6:occ:function:current-client:005c8030	0x005c8030	leaf	FUN_005c8030	34	0	137	3001f58e5195dc43ef417f0433c62d1c8b191dd22c795e6702cec2cfbc7e3176
urn:ure:t6:occ:function:current-client:004b72b0	0x004b72b0	leaf	FUN_004b72b0	34	0	145	2a2ac80c097258b8566a5f45018535dc216e3a2b9a3eb2cdb6b8a27f108671f5
urn:ure:t6:occ:function:current-client:0040fb60	0x0040fb60	leaf	FUN_0040fb60	34	0	152	d5ef22decd28bd1bba1ca62967438f2b7e7e6bae366ab40c77343b31d400c8ab
urn:ure:t6:occ:function:current-client:0048d130	0x0048d130	leaf	FUN_0048d130	34	0	152	00ac5ce378d2d151080dc8cd80035c1ec02311d654ef2a92115ff5ff48944856
urn:ure:t6:occ:function:current-client:005b8470	0x005b8470	leaf	FUN_005b8470	34	0	152	eb1e9d23bfa183fd859f1949b024a4738843b3a5cfede0a3076ed024268a6952
urn:ure:t6:occ:function:current-client:0063aa40	0x0063aa40	leaf	FUN_0063aa40	34	0	153	991d00a0c49b4c6ea1cb4c50ea1f716a62a68fd9e958714384e6236e7a59f3c3
urn:ure:t6:occ:function:current-client:007017d0	0x007017d0	leaf	FUN_007017d0	34	0	167	054d92aa6e17e69e0fa8047657e6dc00ea49ab924b6c8cbb1f0103d94981b12c
urn:ure:t6:occ:function:current-client:004653c0	0x004653c0	leaf	FUN_004653c0	34	0	198	403901c6d977d4b62eef235b8d1baf07585fb266a4bd1654d8dfaf06d04cf81f
urn:ure:t6:occ:function:current-client:008d7790	0x008d7790	leaf	FUN_008d7790	35	0	68	a66433c0a07d759b3dee419d906a7170b3f31e42caa57c6e883388ad3a87290c
urn:ure:t6:occ:function:current-client:00a7a2c0	0x00a7a2c0	leaf	_strcspn	35	0	70	c3a436646e0acf44b28d2087806b0dcfc4869473f1b1b8cd1e0c01d07e16cc3c
urn:ure:t6:occ:function:current-client:00a7a310	0x00a7a310	leaf	_strspn	35	0	70	f250758db89da8bace57e1367e10641e50922f3a0700fe1b70a6f2e6999f4f70
urn:ure:t6:occ:function:current-client:005c1a70	0x005c1a70	leaf	FUN_005c1a70	35	0	74	5812a8906aa44ee50406a01bd1850c10d2ecb3890e07ef54316bd8bbe4958c74
urn:ure:t6:occ:function:current-client:00a46f40	0x00a46f40	leaf	FUN_00a46f40	35	0	74	87ae07b4211ec5180bf3e722589807741e2cc9ad534fc1ae9b45226f95f64281
urn:ure:t6:occ:function:current-client:00adc3c0	0x00adc3c0	leaf	FUN_00adc3c0	35	0	74	17ddb5dbeeafd1b6a97d13013059a50d8aa23ad49535c7468e0cca701082e407
urn:ure:t6:occ:function:current-client:00550760	0x00550760	leaf	FUN_00550760	35	0	75	c895e973d7ba00e059b7949e4d9fd51390bbfe686ab49955bdd1ede38b0f5843
urn:ure:t6:occ:function:current-client:00796750	0x00796750	leaf	FUN_00796750	35	0	77	c8102f258e750842600fe5f50a92385a4582deb809d5af8178613750d69a04c6
urn:ure:t6:occ:function:current-client:00890f70	0x00890f70	leaf	FUN_00890f70	35	0	77	cb66da2e9b9531655e03eb4907559e67aa1e8cc1c811c0cdd7f1b194ecf85b22
urn:ure:t6:occ:function:current-client:008ea2c0	0x008ea2c0	leaf	FUN_008ea2c0	35	0	77	6dd114998995885fec8cd03ee63dd87c65cb3d4f2c661455d6da2471390931ef
urn:ure:t6:occ:function:current-client:004bbef0	0x004bbef0	leaf	FUN_004bbef0	35	0	78	f6170dae9ec17d0425990a553ad05777b7bd8780810e13b97c3bb3696eea4f5b
urn:ure:t6:occ:function:current-client:005df3c0	0x005df3c0	leaf	FUN_005df3c0	35	0	78	c3f5b3a9a06527471722a495d2173b93c6480f2a79b7be0b887ac61e2869df35
urn:ure:t6:occ:function:current-client:0073ae10	0x0073ae10	leaf	FUN_0073ae10	35	0	78	3e0dd7f759d5f191f8e76cae330e954e0012e7a0c42a05831985557f724e0edd
urn:ure:t6:occ:function:current-client:005cd4c0	0x005cd4c0	leaf	FUN_005cd4c0	35	0	79	0bcdec09aca1cdc89d999513382ccda43eef63d5974462d30af90993fbf695af
urn:ure:t6:occ:function:current-client:008789d0	0x008789d0	leaf	FUN_008789d0	35	0	79	ff2aedf4ad2be0bad57f1a0bee9375209c44c3d800a007f14822ce81597fea80
urn:ure:t6:occ:function:current-client:00602ee0	0x00602ee0	leaf	FUN_00602ee0	35	0	80	a2009a514392cc290405653b70fdeef864d8b5b11ea06721fbcf3ed8a62b2633
urn:ure:t6:occ:function:current-client:0062f990	0x0062f990	leaf	FUN_0062f990	35	0	80	f2974111b35850ef200403ba170d19a49692f5e0ef8d01995b531025691bc0f6
urn:ure:t6:occ:function:current-client:00664100	0x00664100	leaf	FUN_00664100	35	0	80	65fd95efc95ad992dda66c2eec50bc0d37b187aa98a55ba75d0209d57317d2b0
urn:ure:t6:occ:function:current-client:00773df0	0x00773df0	leaf	FUN_00773df0	35	0	82	eb8dbde4105a37073c0417ce9c2702a6bc982c043f672a4571e75d7cb7af82bc
urn:ure:t6:occ:function:current-client:00817b30	0x00817b30	leaf	FUN_00817b30	35	0	83	662564c66c8d890fce9c833c3df9090e7db5bcf2422e70dbe2f92b098b90c4ec
urn:ure:t6:occ:function:current-client:009b1ef0	0x009b1ef0	leaf	FUN_009b1ef0	35	0	85	d9c0befe64a2a1d6276a16fdc42456c75050d4135c9f237affe543577d440e06
urn:ure:t6:occ:function:current-client:009b1f50	0x009b1f50	leaf	FUN_009b1f50	35	0	85	51dcc8565dc4bdb63c216655ccfe587936f37fe87a4d26c9692007804e4831f0
urn:ure:t6:occ:function:current-client:005d4a20	0x005d4a20	leaf	FUN_005d4a20	35	0	87	6cf301bb57af861e26b7947dc23d47d45f648d7ab06679e8042781748b938c65
urn:ure:t6:occ:function:current-client:009e7c90	0x009e7c90	leaf	FUN_009e7c90	35	0	88	14c64a464aba4244d6c2bfaa874f59177b78f0d3159a8812f8301e4b246af309
urn:ure:t6:occ:function:current-client:00623410	0x00623410	leaf	FUN_00623410	35	0	89	4232575e67923fdc6cdc0bf815b032341494f350ceb3a8954c2324ca0d42edd0
urn:ure:t6:occ:function:current-client:006ba030	0x006ba030	leaf	FUN_006ba030	35	0	89	0ec9d9d67c71ab018a4c4da02bb37d324fc14e55e447928af1e11439d96678bb
urn:ure:t6:occ:function:current-client:00535aa0	0x00535aa0	leaf	FUN_00535aa0	35	0	90	82f27dbab5a151ccb968e5a7e4efa20997fda18738521cbddab971b401b68902
urn:ure:t6:occ:function:current-client:00461fa0	0x00461fa0	leaf	FUN_00461fa0	35	0	92	6b7e28dc5c8641061607140fb8ef0e4aa99191aec99f0c85587a0d9d4faa1b01
urn:ure:t6:occ:function:current-client:004e0a90	0x004e0a90	leaf	FUN_004e0a90	35	0	92	6acca6f741fda007b0949363342abf9d58d6c65e1e93d99e6ff73ad72ac211eb
urn:ure:t6:occ:function:current-client:0056ba10	0x0056ba10	leaf	FUN_0056ba10	35	0	96	dcb604081bf421a3f73710aa8fc73453fa469476a43a781a2abbefa940406921
urn:ure:t6:occ:function:current-client:004f1860	0x004f1860	leaf	FUN_004f1860	35	0	100	e75215188867ddcc665eceff5daccd3fc34f1cba0006c6d8687928e1fcb26b67
urn:ure:t6:occ:function:current-client:0073a8c0	0x0073a8c0	leaf	FUN_0073a8c0	35	0	100	cb424e2ad5583992da20c57e2d7691bfdfe3467aa4524401829f464fa19bbf9e
urn:ure:t6:occ:function:current-client:009b12d0	0x009b12d0	leaf	FUN_009b12d0	35	0	100	82aa8dfe805e3147e8ad6128293bddbb589f8ffd05ec6aa3b4ba9308fdfe7522
urn:ure:t6:occ:function:current-client:0056a750	0x0056a750	leaf	FUN_0056a750	35	0	101	4174c84ae7faad35bd3b9efbe144b72f8a2518b927e7b8fe03346fdd3ad9f276
urn:ure:t6:occ:function:current-client:00579f50	0x00579f50	leaf	FUN_00579f50	35	0	103	98b029b31025f47f2e8713b431d9da4e046ada26780228cf6b49fb3a1fb98de6
urn:ure:t6:occ:function:current-client:0042ff50	0x0042ff50	leaf	FUN_0042ff50	35	0	104	af9c03bdff0e6ad99ebb37add13833110d90343794c142446010d4afeec64dd0
urn:ure:t6:occ:function:current-client:00685e00	0x00685e00	leaf	FUN_00685e00	35	0	104	f8cd9f8fa11706022371a8312084824c5cc3df3f74a0d5060de2d26f3bcba82b
urn:ure:t6:occ:function:current-client:0069ce60	0x0069ce60	leaf	FUN_0069ce60	35	0	104	c094e6f2985c967b266b829641bbfa17aa064f164f39dbeede3c15c5ed0f4bd3
urn:ure:t6:occ:function:current-client:00552eb0	0x00552eb0	leaf	FUN_00552eb0	35	0	107	e4464e525f6b510a3ccdefc65439b0491f647646b9e2efc3b4b709e6e393e9ec
urn:ure:t6:occ:function:current-client:007e5f40	0x007e5f40	leaf	FUN_007e5f40	35	0	108	ebcebee739cabf7701b3e3009dbc754892bd421fc8760720ce0a1e4f5698e79e
urn:ure:t6:occ:function:current-client:0067c630	0x0067c630	leaf	FUN_0067c630	35	0	109	6a9b4e84fbbca79448e5a875a83241ca70546aae9dcd64a89bd8ab3908875aa6
urn:ure:t6:occ:function:current-client:00723060	0x00723060	leaf	FUN_00723060	35	0	109	fd6594bbe16dfa7aea78a2700d74fc121cec2719190ff57b76f0ad6c0391a58a
urn:ure:t6:occ:function:current-client:008cbb40	0x008cbb40	leaf	FUN_008cbb40	35	0	109	a8f4b1e0b8ffc1bf426e2de8f84554545735fe20f7cbd5e31d42b6e8b95ee782
urn:ure:t6:occ:function:current-client:009ea0d0	0x009ea0d0	leaf	FUN_009ea0d0	35	0	114	6d6169b4351d3660775a5846b09a0a90c44b27233829cb186269547f8fd8c9c3
urn:ure:t6:occ:function:current-client:0064bda0	0x0064bda0	leaf	FUN_0064bda0	35	0	115	6e4ef18f9b718b94304d3997c24b40706021a46bf7f09caf22ad143ce428f84e
urn:ure:t6:occ:function:current-client:00a14240	0x00a14240	leaf	FUN_00a14240	35	0	117	762abdb168e11474ba3c1cc2f2ca607fe6f437c4a9ea4589990de3cee0c9e659
urn:ure:t6:occ:function:current-client:0062ab70	0x0062ab70	leaf	FUN_0062ab70	35	0	118	004dd7f72ea23e518b0406be439cde93e4f8ee411b8c0f913890b0b124005e8e
urn:ure:t6:occ:function:current-client:00726250	0x00726250	leaf	FUN_00726250	35	0	119	b154020bdd4a5fa0578aeaf5aa8add8d5219a9e063bdff3df637715ba393e814
urn:ure:t6:occ:function:current-client:00524920	0x00524920	leaf	FUN_00524920	35	0	122	b733583b1136c6fa5daace3d466f31cb4a6ec68ad983e5a81d661401235d592d
urn:ure:t6:occ:function:current-client:005a0220	0x005a0220	leaf	FUN_005a0220	35	0	122	62d90655b9c22af27019324963d63ba0a25a3c498a9a53d388f16f4d18fb9e35
urn:ure:t6:occ:function:current-client:00930c90	0x00930c90	leaf	FUN_00930c90	35	0	122	9beb6687cfbe19453ccc9235fd9b2dd55233dbd9cdc814ad43647e3cebaa8602
urn:ure:t6:occ:function:current-client:005aa5b0	0x005aa5b0	leaf	FUN_005aa5b0	35	0	126	ed622a55498528120f31714262811e5fc0559f51780bf9c4d2c28fbdeee62461
urn:ure:t6:occ:function:current-client:004abe10	0x004abe10	leaf	FUN_004abe10	35	0	127	4afbe42c5f722f5d87a0e2b6a4218cd124e538389073cea965b5de9446dabf4c
urn:ure:t6:occ:function:current-client:005d9d70	0x005d9d70	leaf	FUN_005d9d70	35	0	130	cf00a94f3c499f5b5b59638604b0c9c1eec2a9aee05144267985182fa45d8470
urn:ure:t6:occ:function:current-client:005ff110	0x005ff110	leaf	FUN_005ff110	35	0	131	9d5a8bfcf0687c1131f6053756a9f3f4b531277f954987e56af628054f81c7f7
urn:ure:t6:occ:function:current-client:00624850	0x00624850	leaf	FUN_00624850	35	0	136	5040a7cf68671660b2450b56cb5b6d3f84eadf6ad956ab4df9c55e90f7719eab
urn:ure:t6:occ:function:current-client:005294f0	0x005294f0	leaf	FUN_005294f0	35	0	145	8a1fcab1b9b4df7621e27cb0b0bc30783f59ca88ba817cb18d4a1b901fd327c8
urn:ure:t6:occ:function:current-client:008fab90	0x008fab90	leaf	FUN_008fab90	35	0	155	8298d012b0ee1608e163ed9e23cdfcfa90fba739b352ed74520b15d52469e1bc
urn:ure:t6:occ:function:current-client:00880e80	0x00880e80	leaf	FUN_00880e80	35	0	162	c3ae309bec5af43dc2a8d425b021bf8102adc53cfc0ea86b8f76cd45bafd4a0f
urn:ure:t6:occ:function:current-client:004ccc30	0x004ccc30	leaf	FUN_004ccc30	35	0	191	dc90238b11bab04ebda5cf1314c5c7b3ca6b3d954842bead92d5ad2b99b859ec
urn:ure:t6:occ:function:current-client:00863810	0x00863810	leaf	FUN_00863810	35	0	194	c76b82fc49340db6e3b347fbeeb3407eda2a4f9b4cdcd3d29d2ba8224b87f4a3
urn:ure:t6:occ:function:current-client:00a71fa0	0x00a71fa0	leaf	FUN_00a71fa0	36	0	69	f8fd814178f62735590730d3cc48429cab54ab75749bb8d5a641ff540196d887
urn:ure:t6:occ:function:current-client:004c21b0	0x004c21b0	leaf	FUN_004c21b0	36	0	71	df1dd0d38912c4b2704cb84113617f72c06c307bac95b6a276f6c76aedeff84c
urn:ure:t6:occ:function:current-client:00b35240	0x00b35240	leaf	FUN_00b35240	36	0	73	bada4ea62d06155110d35889d8478ed9c1f1b30cff1ee63e8aec0b495ed4d358
urn:ure:t6:occ:function:current-client:005667b0	0x005667b0	leaf	FUN_005667b0	36	0	76	964e86f76e79c1e46d92986d62e6ea8d9ca2676ef5b264251d6dfb6119c56de5
urn:ure:t6:occ:function:current-client:008f2ab0	0x008f2ab0	leaf	FUN_008f2ab0	36	0	77	18510813d14a335ee4b6e009cc0d1314e8c0b68676d6b1e53b0a587d162068f2
urn:ure:t6:occ:function:current-client:0040c370	0x0040c370	leaf	FUN_0040c370	36	0	78	5565633813a2c88c69eed432f2d4899b1695a65a4e7c8524761efb9ce36a17ee
urn:ure:t6:occ:function:current-client:00b03db0	0x00b03db0	leaf	FUN_00b03db0	36	0	81	1a9cc68f5534c5c3e547aacea8c1bba87639fbb9d5acf361389b0dbe136a648a
urn:ure:t6:occ:function:current-client:005fb350	0x005fb350	leaf	FUN_005fb350	36	0	84	3a39a9fa7fd5fbf558250b945482b561c86ddca7ee767b37cfcf1e8f0a62bbd4
urn:ure:t6:occ:function:current-client:004a2320	0x004a2320	leaf	FUN_004a2320	36	0	86	05261f5eef1ce762afef7569cbab668ecae7fd929a852937531b68a166f916af
urn:ure:t6:occ:function:current-client:0048aa40	0x0048aa40	leaf	FUN_0048aa40	36	0	89	cb96b41b2b696a1e6d002a2b41d560c916515180e71e2a8cfb4d8cb406376e7b
urn:ure:t6:occ:function:current-client:008cf440	0x008cf440	leaf	FUN_008cf440	36	0	94	4cdf869f710ce344738907e0d59d561712aa5c2faea7e1bd5adfca99893023ff
urn:ure:t6:occ:function:current-client:004c2200	0x004c2200	leaf	FUN_004c2200	36	0	97	dd3b5dc65eff9420b484094b77815e686bf5588de6f3448f76b5684eb72b74b7
urn:ure:t6:occ:function:current-client:00604100	0x00604100	leaf	FUN_00604100	36	0	97	ae1baf70e95ce73de8676e1940de25b8490f858c19d4b0220191c4b745f4e912
urn:ure:t6:occ:function:current-client:007e6810	0x007e6810	leaf	FUN_007e6810	36	0	97	344db9768614b809c432582e2e550898182c29b30912860885f0d933c5af72b8
urn:ure:t6:occ:function:current-client:007e68d0	0x007e68d0	leaf	FUN_007e68d0	36	0	97	4a8f1b300ae5dd610ab6696917e0812bf6164c503dcc8375ae612285a57342e0
urn:ure:t6:occ:function:current-client:007e6990	0x007e6990	leaf	FUN_007e6990	36	0	97	daea3be981ad2827711fb938302ca9dba6f0bacf2fe5951ee466ef31941a4769
urn:ure:t6:occ:function:current-client:008f1e70	0x008f1e70	leaf	FUN_008f1e70	36	0	97	dc9d646d1028a0f15b9c16fc43a615e40e06959fa59992bedb4230993c3ddb59
urn:ure:t6:occ:function:current-client:00a142c0	0x00a142c0	leaf	FUN_00a142c0	36	0	102	dfeb5565e312c3cd18eedb2eff5b945484c857815419f6c4d23c63d0a8de1449
urn:ure:t6:occ:function:current-client:006a0e80	0x006a0e80	leaf	FUN_006a0e80	36	0	104	e4dc186ec0739fb16d6ea31df5b8e548265d9e440634d561f830bc38a930fd3a
urn:ure:t6:occ:function:current-client:00959bc0	0x00959bc0	leaf	FUN_00959bc0	36	0	107	f01282b5d44ada2b25abf1e6d57ec2b79409073dcdde236c885812362266285a
urn:ure:t6:occ:function:current-client:0075cf10	0x0075cf10	leaf	FUN_0075cf10	36	0	109	4b726877fd9bcabc22373357f3cdd727a59425ff594fb1df4a363b70ee3d4858
urn:ure:t6:occ:function:current-client:00556e30	0x00556e30	leaf	FUN_00556e30	36	0	110	cc8f464fb0e352d681e720540028bedb93177eb8d7c0044af7e3f09ee0d2ee38
urn:ure:t6:occ:function:current-client:009f71d3	0x009f71d3	leaf	FUN_009f71d3	36	0	113	57787caf02149f8364cc3c719f785822f414ac833a0587dc1b7225de8f5c42af
urn:ure:t6:occ:function:current-client:00646030	0x00646030	leaf	FUN_00646030	36	0	114	cc01f638b10332b91c06731994a6550d56ce8da3e67926721db35352699ec58d
urn:ure:t6:occ:function:current-client:00673a80	0x00673a80	leaf	FUN_00673a80	36	0	114	72a4eedbcfd5b983acbd46dcb1cbf769be993040a2017548c5f8fb49247a76c0
urn:ure:t6:occ:function:current-client:00a59da0	0x00a59da0	leaf	FUN_00a59da0	36	0	118	c5d536dadc62ef142b92f9fc10a59ba63d8efcceb0788cf7b082e55e8794eefe
urn:ure:t6:occ:function:current-client:00aebac0	0x00aebac0	leaf	FUN_00aebac0	36	0	120	726273f560b9e3f68b5f4e2b65f0de7747143c6986dc35582472ed6531506d9f
urn:ure:t6:occ:function:current-client:00412a10	0x00412a10	leaf	FUN_00412a10	36	0	121	9c3fb2bf9f72ae190af6b91818aaae37fc5eec2c5384cf0ca43340e985eecc72
urn:ure:t6:occ:function:current-client:009f5be0	0x009f5be0	leaf	FUN_009f5be0	36	0	123	92d81655c7b79f365e3c862d1994ce227687fce7ff80964d30fa36f9e7abc9ed
urn:ure:t6:occ:function:current-client:00597ca0	0x00597ca0	leaf	FUN_00597ca0	36	0	129	90bad86936b1c8045de564c8389420df3657050af9e485492930b726e8a49518
urn:ure:t6:occ:function:current-client:005c4900	0x005c4900	leaf	FUN_005c4900	36	0	132	ba36e7953b5e3e49934e4f90eabfb26bbf42ed2c0e3bf84118d51b2cda884668
urn:ure:t6:occ:function:current-client:006a9120	0x006a9120	leaf	FUN_006a9120	36	0	133	06c401b6dc51c61d4a37aa57e627329b8daf328f9d6b51bf844771ddc158e395
urn:ure:t6:occ:function:current-client:00777280	0x00777280	leaf	FUN_00777280	36	0	134	4716cc0577439132b2f028d48122f3c07acab2206c6ea94df3baacc29a1191cf
urn:ure:t6:occ:function:current-client:008e5430	0x008e5430	leaf	FUN_008e5430	36	0	135	994c4f433a1d3fa0f49ffa6899f3f49f61d117532aad282ccb3e958bcbe8df2e
urn:ure:t6:occ:function:current-client:009d9280	0x009d9280	leaf	FUN_009d9280	36	0	137	06d6b1c7cd739462d432a6d7794e487cacc0dc6ee27766e615ffaf59e30f298e
urn:ure:t6:occ:function:current-client:00ae81f0	0x00ae81f0	leaf	FUN_00ae81f0	36	0	138	0423c7b023cefd2549372823957dc00f829df946bddb275704c7b688b7ba1670
urn:ure:t6:occ:function:current-client:00536fe0	0x00536fe0	leaf	FUN_00536fe0	36	0	142	19e06a2f4648964281fcb90277686c41cf9271de6e92b77e20a726b44767964c
urn:ure:t6:occ:function:current-client:00654670	0x00654670	leaf	FUN_00654670	36	0	144	45d97482f11dd03fa3692bb50e37be870d6fe0c416477ea080e0382d12763323
urn:ure:t6:occ:function:current-client:005823e0	0x005823e0	leaf	FUN_005823e0	36	0	155	14c71cab9c32658614fd54c0418c7bcd54c9c5054153fa771ae4dad456f6c31a
urn:ure:t6:occ:function:current-client:005f1540	0x005f1540	leaf	FUN_005f1540	36	0	159	c809c2598a976aaebce59b8f903776293a802418484cf27fc7d0e6af9d96a0e6
urn:ure:t6:occ:function:current-client:006c15e0	0x006c15e0	leaf	FUN_006c15e0	36	0	166	5c567888358af3eecda031e7098b3a17f4d3b9ada60e012a41697cd8f0110760
urn:ure:t6:occ:function:current-client:0071e5e0	0x0071e5e0	leaf	FUN_0071e5e0	36	0	212	51d555c108b2754eb618eb2bcbd765839c992dc9f71d225ab204270ef04a57a6
urn:ure:t6:occ:function:current-client:0063a950	0x0063a950	leaf	FUN_0063a950	36	0	225	0a837a47841902705d6af3a83c720e4b7664585d1460aeea6524d51a799c6914
urn:ure:t6:occ:function:current-client:00659780	0x00659780	leaf	FUN_00659780	37	0	73	74ad76222976a014cd6b14ff854a9f8cae542d7e6ca82816c696d4dfa3b8d7b1
urn:ure:t6:occ:function:current-client:00893530	0x00893530	leaf	FUN_00893530	37	0	78	d003e15c104d4d3efd9eafb453e2fbdb358b71bf2933107b7c8360006c67970f
urn:ure:t6:occ:function:current-client:00914800	0x00914800	leaf	FUN_00914800	37	0	80	3994f3616ef84bbaee8f11c5ac3f196f633ea85b0aa6b19507eef95ec29b4e46
urn:ure:t6:occ:function:current-client:004b1530	0x004b1530	leaf	FUN_004b1530	37	0	83	412083fda5883817c644f84b9c1cc3aba9cea2d55e55da731bf157917bf37b1d
urn:ure:t6:occ:function:current-client:00959f10	0x00959f10	leaf	FUN_00959f10	37	0	83	1e84ebd19814275dfc565685bc2cceeb9ca9f38b8db4c1b5a2495dd65c7d2354
urn:ure:t6:occ:function:current-client:005e1fa0	0x005e1fa0	leaf	FUN_005e1fa0	37	0	86	571b03b33b847fea5fd959175adef9b7dcfb410925264d01bcb40d910b6cdc62
urn:ure:t6:occ:function:current-client:0090bf20	0x0090bf20	leaf	FUN_0090bf20	37	0	86	fbd907f29e2def85f7897eb70b8e67eb7fc687e826e50abb867ef13ffb34f95d
urn:ure:t6:occ:function:current-client:0073fee0	0x0073fee0	leaf	FUN_0073fee0	37	0	87	2c901649f498282481a615862de98b8092b9c449d9516ccb8385c3a259988b01
urn:ure:t6:occ:function:current-client:00a8b487	0x00a8b487	leaf	FUN_00a8b487	37	0	88	bad744c95f94dcf31512ef34b4e95208634ebb6ee7fcfbf8e3a332f101e7b46f
urn:ure:t6:occ:function:current-client:005cd5a0	0x005cd5a0	leaf	FUN_005cd5a0	37	0	89	bf14850549ab7b099057f6405de5038c82a9924b019eb6d5d70ad7774f89f13b
urn:ure:t6:occ:function:current-client:009e2bf0	0x009e2bf0	leaf	FUN_009e2bf0	37	0	93	0328b4e9654fe21f65a4136c3e65e308527ef20aa0451d6cd91cb9533ed0eae1
urn:ure:t6:occ:function:current-client:00a27680	0x00a27680	leaf	FUN_00a27680	37	0	93	af3b2604527ed1509f7248a3c7e16e717dea23d218a24d4a2931f3dc229f81f8
urn:ure:t6:occ:function:current-client:00a6e0c0	0x00a6e0c0	leaf	FUN_00a6e0c0	37	0	96	c0567e89224a30d853480c18da6b503a86dd2e8f4e3f285c5fd6644664b75b6b
urn:ure:t6:occ:function:current-client:004ebd70	0x004ebd70	leaf	FUN_004ebd70	37	0	97	2fbdcc4c017f15c8785a1a624e9d1260af93a242648a2096ad979c14ef1ebe0b
urn:ure:t6:occ:function:current-client:004e8ea0	0x004e8ea0	leaf	FUN_004e8ea0	37	0	98	8388297c62af796c43c4119dfd65fda0a3e33c701eb7db2b60b25e1a3bf43dbc
urn:ure:t6:occ:function:current-client:0048ffc0	0x0048ffc0	leaf	FUN_0048ffc0	37	0	99	d68153156d5e9f4a93b6eeff3d2802dca00fc3e4f5b4095cebbf234d94fb5847
urn:ure:t6:occ:function:current-client:00a01960	0x00a01960	leaf	FUN_00a01960	37	0	99	bbbf857d8686e4b5830e953a74cf28d34cd53e16bc2ca47ea02ef140fe941525
urn:ure:t6:occ:function:current-client:007eb260	0x007eb260	leaf	FUN_007eb260	37	0	100	5e4cc6096bcf4af0129afafc6b0594e3a98abacbd89916f1312696e7a53d09f9
urn:ure:t6:occ:function:current-client:007f67f0	0x007f67f0	leaf	FUN_007f67f0	37	0	100	5a85b36a56a24141dd4f7d2d553db042f477d1ff04db80c612254d211205d5d4
urn:ure:t6:occ:function:current-client:00a46e00	0x00a46e00	leaf	FUN_00a46e00	37	0	100	45bf89650a3b06ff37e011cd962f8fad7a61c69b5979decc97ea8eebb6b2c3cc
urn:ure:t6:occ:function:current-client:00673790	0x00673790	leaf	FUN_00673790	37	0	109	7bae62a00bc368959ce3610ceacc596d23cc7f7135108c440804c7ba82dc608c
urn:ure:t6:occ:function:current-client:00473be0	0x00473be0	leaf	FUN_00473be0	37	0	113	f49d78dd0cdf44f847b3890133752287d9f09bc6ee4827253e92a3aca578d548
urn:ure:t6:occ:function:current-client:00777310	0x00777310	leaf	FUN_00777310	37	0	115	519802b5efad3f6c19e052cf520f63979d3cf8fa699bc2a78cb87ef3d841e667
urn:ure:t6:occ:function:current-client:008e0810	0x008e0810	leaf	FUN_008e0810	37	0	116	d2d5fecc6012180f555ec3d9595ef6058b119a329405c7083f99c2b85b74356a
urn:ure:t6:occ:function:current-client:00a74f26	0x00a74f26	leaf	FUN_00a74f26	37	0	117	5333b186c02836974c6f792303aeb2c00d856316b93ccbbe65f51def6ae661b4
urn:ure:t6:occ:function:current-client:004c4e70	0x004c4e70	leaf	FUN_004c4e70	37	0	120	98c13337252af7f26266f0df9f00448109bba22415df559f65345c4bcaeead39
urn:ure:t6:occ:function:current-client:00427840	0x00427840	leaf	FUN_00427840	37	0	121	c65519da3893b6ae777d8dd00e51a273eef093b857575e8b283f618a54a497f7
urn:ure:t6:occ:function:current-client:00698760	0x00698760	leaf	FUN_00698760	37	0	126	e9e593d375003e5348bbeaace9607586bc45d667631a58e62754f3825265703f
urn:ure:t6:occ:function:current-client:00a13640	0x00a13640	leaf	FUN_00a13640	37	0	128	04639ad90857067bb30ec8b7e84e65ab726bf50a10849b118f4c5138d1a6978f
urn:ure:t6:occ:function:current-client:0066e6f0	0x0066e6f0	leaf	FUN_0066e6f0	37	0	134	49267a87a09b5e9845df71c378ab762334745e1914a4ef39134af99ae58d8a8a
urn:ure:t6:occ:function:current-client:009fdc95	0x009fdc95	leaf	FUN_009fdc95	37	0	137	09bcb70698d10d30429af49017d4b6a8965f309dbe6429bc11c8465a6e157b5a
urn:ure:t6:occ:function:current-client:005c8600	0x005c8600	leaf	FUN_005c8600	37	0	152	141bd2b90757221d8530922cfcbe8cca8d7668de736f603948ebe2009d1d5ceb
urn:ure:t6:occ:function:current-client:00404940	0x00404940	leaf	FUN_00404940	37	0	160	0b328917614a6085fa56419f7653adbb9c6f3a3c83881fa78f7d6e5c9236b741
urn:ure:t6:occ:function:current-client:0055a5d0	0x0055a5d0	leaf	FUN_0055a5d0	37	0	160	3555e8dbddfd7832b93d14633b393f00edade2955e6979bf2d09a7077e7bdc3a
urn:ure:t6:occ:function:current-client:006f5ee0	0x006f5ee0	leaf	FUN_006f5ee0	37	0	160	53e4fb5dcbf25c42fc671bc415795c56645a44422c6edb09a584bd1913060cec
urn:ure:t6:occ:function:current-client:00773230	0x00773230	leaf	FUN_00773230	37	0	163	a372a35352dfaaf9ad08dbe515e40127cd18da2a3812b29abc85805b4ee002c8
urn:ure:t6:occ:function:current-client:00915fb0	0x00915fb0	leaf	FUN_00915fb0	37	0	171	de277bab65879845ca6770ea4a21cfae0e3426101cb4634a24f7b1feeaeef3ef
urn:ure:t6:occ:function:current-client:005ee1f0	0x005ee1f0	leaf	FUN_005ee1f0	37	0	206	b1219793bb81cb8d598bf22943a1ae7f3a192f0140489458697165afaaaf2776
urn:ure:t6:occ:function:current-client:008d9f40	0x008d9f40	leaf	FUN_008d9f40	38	0	76	c323f015a8691b317cc0e4b7ec1a696aa8bd66030fec713c7302a8b884f23881
urn:ure:t6:occ:function:current-client:00416baf	0x00416baf	leaf	FUN_00416baf	38	0	77	6a4ff2535e0b4f3cc13d844f87d95be1d7286fb880fea789e585ad98b39f3312
urn:ure:t6:occ:function:current-client:004a5f90	0x004a5f90	leaf	FUN_004a5f90	38	0	81	40be52165a766a1393f0b0015bf7af94d1bea12d805bbfdda700628be0341ce8
urn:ure:t6:occ:function:current-client:004a0890	0x004a0890	leaf	FUN_004a0890	38	0	83	d6b6d382628961df10376283a212dd7ae4de801c7026f4c3b359c2034e1932c3
urn:ure:t6:occ:function:current-client:006b56b0	0x006b56b0	leaf	FUN_006b56b0	38	0	84	78f7227a0df5b927c18801d4df05387e921012c6de65095074de8b107916bfbd
urn:ure:t6:occ:function:current-client:0045a420	0x0045a420	leaf	FUN_0045a420	38	0	88	e09e76598f497a996ac422e84f91b240ac61a6ea44cfd53f0eae69719e6317dd
urn:ure:t6:occ:function:current-client:0060efc0	0x0060efc0	leaf	FUN_0060efc0	38	0	92	a433829da55331b9a426afa7992cb330e24e2b8dd563c691a759fefefd14aba3
urn:ure:t6:occ:function:current-client:0063d510	0x0063d510	leaf	FUN_0063d510	38	0	92	9e879091669568ea205a9013b7d47b9023c8e59a4d020bef19f4e92daacd7f5e
urn:ure:t6:occ:function:current-client:009f28f0	0x009f28f0	leaf	FUN_009f28f0	38	0	92	f1a85a1e0ea89132e396d06b410066fd9f488fdf0ff1a1892433c0ea4103186d
urn:ure:t6:occ:function:current-client:004799b0	0x004799b0	leaf	FUN_004799b0	38	0	94	9908ba8393db60a1460a06c01ba5483016fd69cc910367da1fef0b3556744cc2
urn:ure:t6:occ:function:current-client:005994a0	0x005994a0	leaf	FUN_005994a0	38	0	96	5668c3ba04b0b9eaf6035b9b821ecb1e998d66eae0107fb22dc136da37679a46
urn:ure:t6:occ:function:current-client:00703d40	0x00703d40	leaf	FUN_00703d40	38	0	102	94a0741ce536fea78b86348068011e57d8c3537bcc01c252efa0c6a69a2235e2
urn:ure:t6:occ:function:current-client:008cd760	0x008cd760	leaf	FUN_008cd760	38	0	103	aad4965dae9af4db62799af9dea029df1482cd50ad2b5a77ff25d428773b994e
urn:ure:t6:occ:function:current-client:008a49a0	0x008a49a0	leaf	FUN_008a49a0	38	0	105	5c75900cea354f6954cd338957702f9761f9a129876d12809bf834491f2542e2
urn:ure:t6:occ:function:current-client:00894ac0	0x00894ac0	leaf	FUN_00894ac0	38	0	107	edd7eb2dec5bed956b0a4587be9af46715a7690ae590134bddb455d4e5955dc9
urn:ure:t6:occ:function:current-client:009e2f80	0x009e2f80	leaf	FUN_009e2f80	38	0	107	3c9293ab43145c9a76aeef9362a193f4185803e62bb3870727c6c19d55da1700
urn:ure:t6:occ:function:current-client:00798b20	0x00798b20	leaf	FUN_00798b20	38	0	108	48eea7da902bc7dd229a100d6bcfef563728c4b04d8b634f224e65825077ed5f
urn:ure:t6:occ:function:current-client:007ee1b0	0x007ee1b0	leaf	FUN_007ee1b0	38	0	110	4403a1cd54bd0907a5d998a706e267cdc447cc6a1281b7ad88510d4a5823379d
urn:ure:t6:occ:function:current-client:009e30b0	0x009e30b0	leaf	FUN_009e30b0	38	0	113	e66a7cba89c46ba94b04e214a09b6b0617fa050c54aec0c963bb7068a66f6319
urn:ure:t6:occ:function:current-client:00473b20	0x00473b20	leaf	FUN_00473b20	38	0	116	03999f662a9b3e0cad6cca4540e465a62e08cc1670a8d6180d8bb8d811b2664e
urn:ure:t6:occ:function:current-client:00563c00	0x00563c00	leaf	FUN_00563c00	38	0	118	fe0eb2de72200227ca3b5134ba481afaf5d3e9f979f6866ab662fb75528b34bc
urn:ure:t6:occ:function:current-client:006f3d60	0x006f3d60	leaf	FUN_006f3d60	38	0	118	1bc443160218a8b008132bd693ef94c77431798cdf61a6b3c33f42a14a4ca562
urn:ure:t6:occ:function:current-client:0071f8e0	0x0071f8e0	leaf	FUN_0071f8e0	38	0	118	ff944e00858b8ee045a966de21869c22720f244c4465b6ac992f4447fbb6761e
urn:ure:t6:occ:function:current-client:00446520	0x00446520	leaf	FUN_00446520	38	0	120	e16c4e02d9465e13942e7fec4f759d2e177638e1034640a197d9f24e75c1d5fa
urn:ure:t6:occ:function:current-client:0066b230	0x0066b230	leaf	FUN_0066b230	38	0	120	1b146f7112c62c629fd1f054dff7d5a7ef7bc3ce1cf8991b0924b888a57cfa2d
urn:ure:t6:occ:function:current-client:00a15c80	0x00a15c80	leaf	FUN_00a15c80	38	0	123	72aca80532190aaf01c9e3d698b058b829556523ebf1ce7f3d27aa3a3414c308
urn:ure:t6:occ:function:current-client:0062d8d0	0x0062d8d0	leaf	FUN_0062d8d0	38	0	124	45433f2b31a711b93902699a70616fac4e9345ca65a77bf01f89f0dbee37ab5b
urn:ure:t6:occ:function:current-client:006ac9a0	0x006ac9a0	leaf	FUN_006ac9a0	38	0	131	03874d346f3dae0c21bb215c2e34efb9204856709edda3d6b08e327bbd06cbd4
urn:ure:t6:occ:function:current-client:009de1e0	0x009de1e0	leaf	FUN_009de1e0	38	0	134	82ced997bb44e628039fee0a62f044a8c19b22374432017384f991283123b7dc
urn:ure:t6:occ:function:current-client:0040ca20	0x0040ca20	leaf	FUN_0040ca20	38	0	137	e368035bc22f9adb30ee712d8a7f6683c9aa9d6c714642219bd017ab048f3ad1
urn:ure:t6:occ:function:current-client:0064f070	0x0064f070	leaf	FUN_0064f070	38	0	139	0655d904dcf98af5f4988502602239e81d6239542ebfcd7f9ac1bf345a5122d0
urn:ure:t6:occ:function:current-client:0070d230	0x0070d230	leaf	FUN_0070d230	38	0	140	2572c81fa6782b088f6615ac03078d5b7e1dd52672eb308439c56069892b06f2
urn:ure:t6:occ:function:current-client:006c1e00	0x006c1e00	leaf	FUN_006c1e00	38	0	142	b47e82a3cfd7d750ed43cec7d655c0e46d2928fd8caaf4aa9bb4d9c37f1c1213
urn:ure:t6:occ:function:current-client:009da200	0x009da200	leaf	FUN_009da200	38	0	146	583b95c3c44cc8da74e908bbed75b55496ba69ffb1946878f0ed20cbd5a21a49
urn:ure:t6:occ:function:current-client:006e8dd0	0x006e8dd0	leaf	FUN_006e8dd0	38	0	176	40ea06ef3eb8deed2e99a75d2756c5328686f215eae0ba4dfc9dfba2727f68f7
urn:ure:t6:occ:function:current-client:0074c330	0x0074c330	leaf	FUN_0074c330	38	0	236	f7d6a09a30c9b01dfe62f61e945abdd6a5630fa8fb2a96a14c1fefc2aa49cf81
urn:ure:t6:occ:function:current-client:0051ff40	0x0051ff40	leaf	FUN_0051ff40	39	0	80	bd945018ef0d3f48d321a845c5c7b8829303c0f9b6e86312f761ff998368a6bc
urn:ure:t6:occ:function:current-client:0054e980	0x0054e980	leaf	FUN_0054e980	39	0	80	169c2d0304ba2cd66d2261e2244c50cdbbebed623c8c8621d77b5f63baf41665
urn:ure:t6:occ:function:current-client:009d9040	0x009d9040	leaf	FUN_009d9040	39	0	80	6fa53bafba366a16138cbfbd5a61a4e568dddddfacb8032b82e3e102f264a3be
urn:ure:t6:occ:function:current-client:008f2590	0x008f2590	leaf	FUN_008f2590	39	0	86	e64d8f8cf455ae08a43ab18dabf725ce3cd2364c3f27dcc4833a6771551fdab7
urn:ure:t6:occ:function:current-client:00adee10	0x00adee10	leaf	FUN_00adee10	39	0	86	1dd270953415415f33a8d001b45615315848763c4b4e1881c84487c219508ced
urn:ure:t6:occ:function:current-client:00adf790	0x00adf790	leaf	FUN_00adf790	39	0	86	80e3f3d38b9fe4313dc9f8524c4381c3ee9f0223f4a3ff6d826aba9aaca8e149
urn:ure:t6:occ:function:current-client:00a6ceb0	0x00a6ceb0	leaf	FUN_00a6ceb0	39	0	93	2e2e8947c95f04aba78d1a8362e19ae03ebbf1ed402822c1b14b0a696e3366b8
urn:ure:t6:occ:function:current-client:00701880	0x00701880	leaf	FUN_00701880	39	0	94	238007ba7ab83b07e183c10b67f24e90eb9e4e82531acacf7d493717e146d597
urn:ure:t6:occ:function:current-client:0047a1b0	0x0047a1b0	leaf	FUN_0047a1b0	39	0	95	9081386900a6e4627a018f44d40323c3df9dc624fd060c36776a6d92d01a6aac
urn:ure:t6:occ:function:current-client:0047db50	0x0047db50	leaf	FUN_0047db50	39	0	95	13495803f81a09e6b2ab429ba245e5d3838517a17840d49f5079cc42e2d9ac6b
urn:ure:t6:occ:function:current-client:004a3b40	0x004a3b40	leaf	FUN_004a3b40	39	0	95	0e18679daa76a6084506e1fe977e57ae33968556938acf5df8c612ae0f6766ed
urn:ure:t6:occ:function:current-client:00576660	0x00576660	leaf	FUN_00576660	39	0	95	18bad505c9ff735d25aa6f9c76dd2196b12cfbf66acc122ca0050d0a3af15833
urn:ure:t6:occ:function:current-client:0061e110	0x0061e110	leaf	FUN_0061e110	39	0	95	fac2362bb8b53e271c9dd1e5e754c132dd4964dbc610aea50c47182ede2aa876
urn:ure:t6:occ:function:current-client:0063fe10	0x0063fe10	leaf	FUN_0063fe10	39	0	95	20de0dc822658122d93f9a8f39e0ae247fab31129fccb3471642e17497c645f6
urn:ure:t6:occ:function:current-client:006472a0	0x006472a0	leaf	FUN_006472a0	39	0	95	f292ca907051c433d77db041c1c8e5a74e89d2bdd5e5d1a1f738fa5d378b52b8
urn:ure:t6:occ:function:current-client:00661720	0x00661720	leaf	FUN_00661720	39	0	95	8ba1c947ae4543707ca498edc78a640872817d191b65b9efd4a623d1127e81c5
urn:ure:t6:occ:function:current-client:00672d00	0x00672d00	leaf	FUN_00672d00	39	0	95	5e409d4584b0f9cc86eafc2bbf46f51b8ee62e5f048ccc615c1667796562e9a7
urn:ure:t6:occ:function:current-client:006893a0	0x006893a0	leaf	FUN_006893a0	39	0	95	c88e89392d2932712d655ed13c6ca23a2a02bb456f500831ea41413076bead3a
urn:ure:t6:occ:function:current-client:006e3af0	0x006e3af0	leaf	FUN_006e3af0	39	0	95	7e0e739995f0de6d6ae8a6afcad868fc3f9f07e1d66db4cb43d0a72f6e201c43
urn:ure:t6:occ:function:current-client:00538480	0x00538480	leaf	FUN_00538480	39	0	96	2ffd6664d47a762f9806f3cc4bc09d85b3718a3631eeaecaab2d41d0f034b0e0
urn:ure:t6:occ:function:current-client:0088fb60	0x0088fb60	leaf	FUN_0088fb60	39	0	97	ea943b8a72b7465649dcae0a5aab672ba4dbab0b0cf01da400e8c1ad6abe6a99
urn:ure:t6:occ:function:current-client:00704f40	0x00704f40	leaf	FUN_00704f40	39	0	98	280f70cca24ebd73ca702d1f31cbd096fa18ab04fa2c4e367d7aae9186ecb085
urn:ure:t6:occ:function:current-client:00786a90	0x00786a90	leaf	FUN_00786a90	39	0	98	3dfe220eb561e16723e2ff737f07eb35943111cd9ddbe8045a62e37367b98462
urn:ure:t6:occ:function:current-client:009f1d5f	0x009f1d5f	leaf	FUN_009f1d5f	39	0	99	7291265b73788dc18c46a762070d3cfeb4578d5c9b2568e4e6563830c3076fa0
urn:ure:t6:occ:function:current-client:00816a90	0x00816a90	leaf	FUN_00816a90	39	0	100	4310a8b6021af2bfc4e065da972759f0c262221cc829390e6b1f2ef6e53fd46d
urn:ure:t6:occ:function:current-client:00599170	0x00599170	leaf	FUN_00599170	39	0	101	3d9c7054fd69950e96171113b209efa96d8996e3ad56e52476ad1ae04bad5b8e
urn:ure:t6:occ:function:current-client:0049a370	0x0049a370	leaf	FUN_0049a370	39	0	102	0ffc01bd0a6c3289f33a910b30a3f8390b5eac1b7a1fa4a5e3325d12988b9293
urn:ure:t6:occ:function:current-client:006e2a20	0x006e2a20	leaf	FUN_006e2a20	39	0	102	c25845824af7a774854e6cfdbf118165f986f991f78fa27c7e74f89a90e09d0c
urn:ure:t6:occ:function:current-client:004c2b80	0x004c2b80	leaf	FUN_004c2b80	39	0	103	4664e6ac0b512748c5da19104c1d6fffd7354283eb295714adb9c2d6d171cca5
urn:ure:t6:occ:function:current-client:004fd720	0x004fd720	leaf	FUN_004fd720	39	0	104	e46196720bbb74f6286726c3f5cf50335288fe455730a0c1bf26f4c827bf2fbd
urn:ure:t6:occ:function:current-client:009d9770	0x009d9770	leaf	FUN_009d9770	39	0	104	516411564a1a3c1d091bf282163bddaed4b4ba44dc16dfa171adf05972c954ee
urn:ure:t6:occ:function:current-client:005f1a70	0x005f1a70	leaf	FUN_005f1a70	39	0	107	1a0bb7c8920ef95809afc33869dd962fbe29377dbd57d67f2c6824d38e0a420f
urn:ure:t6:occ:function:current-client:009e3d8a	0x009e3d8a	leaf	FUN_009e3d8a	39	0	109	18d839ffb8a59be5c107f3daefd49994ccf49af61c1f297116ada924aff45686
urn:ure:t6:occ:function:current-client:00acd190	0x00acd190	leaf	FUN_00acd190	39	0	115	255cc15f6761ffb6a44fec3b2a7d86af13b01ab7fef680265a43597bd98b28a3
urn:ure:t6:occ:function:current-client:009ff8f0	0x009ff8f0	leaf	FUN_009ff8f0	39	0	117	bfa8d38027e98d9fe3392b78125fea0dea5c9ac13bd54e11228bbe4fa11ed84b
urn:ure:t6:occ:function:current-client:00996330	0x00996330	leaf	FUN_00996330	39	0	120	ae85038815a8a4dac868b5950000322a9dbfa6dd742a937dc6600b4437caa500
urn:ure:t6:occ:function:current-client:00a2a360	0x00a2a360	leaf	FUN_00a2a360	39	0	125	a85967cd6abaf2c77f371306628d83687c4af1b83faa48adc6932267d63e645c
urn:ure:t6:occ:function:current-client:00800fd0	0x00800fd0	leaf	FUN_00800fd0	39	0	127	3aba9189762524c694e06e25842e31b0534283ab89c401d5d87d1939c4a942fb
urn:ure:t6:occ:function:current-client:009f6a16	0x009f6a16	leaf	FUN_009f6a16	39	0	127	aa962ecc89d57e441597fac4fbc4d38fd83cb43d887bf714208ec550c92ec4cf
urn:ure:t6:occ:function:current-client:009e6db0	0x009e6db0	leaf	FUN_009e6db0	39	0	130	cfa9082cf08623473daa83f95024ea26d03160f5f0428863fe0caf407c4efa20
urn:ure:t6:occ:function:current-client:009e3e78	0x009e3e78	leaf	FUN_009e3e78	39	0	131	dcd19f80ea62babeb83d73003c69fdbc5ebf9ae339e6708d5d317b96a91d6253
urn:ure:t6:occ:function:current-client:00910be0	0x00910be0	leaf	FUN_00910be0	39	0	140	1673f878fcf28d3b59d9474882bfc0e0853ffdcf4142e82b555190fb98bb5b65
urn:ure:t6:occ:function:current-client:00835170	0x00835170	leaf	FUN_00835170	39	0	170	67246aaa77be9099acc96b431aa13f5696e3ac382d03536487aa3bbbc3c938f8
urn:ure:t6:occ:function:current-client:006ba810	0x006ba810	leaf	FUN_006ba810	39	0	171	dc1bb11502b637d29b298d8b3929bbd823354480e66b2b5a9c841e716ace8095
urn:ure:t6:occ:function:current-client:00507a90	0x00507a90	leaf	FUN_00507a90	39	0	172	969c5dba2398945defcec1234d477db41c32c50776d82689fcc3b57feea57f00
urn:ure:t6:occ:function:current-client:00862ee0	0x00862ee0	leaf	FUN_00862ee0	39	0	201	44f57fc53c254883faa0b0bec142a915ba13f674d41600e8d84e424cde9fb684
urn:ure:t6:occ:function:current-client:0041cd10	0x0041cd10	leaf	FUN_0041cd10	40	0	81	0c806a798152586b95af75aaa860223b07f1511d1375bb0da9f896bbbb984254
urn:ure:t6:occ:function:current-client:0050d860	0x0050d860	leaf	FUN_0050d860	40	0	83	f5d97ed05e2303fd96869f1d16c25e349da2b77c39d19546d919c81b103630c0
urn:ure:t6:occ:function:current-client:006452c0	0x006452c0	leaf	FUN_006452c0	40	0	85	d684b84efe203df5e5fdcf847362cb2f0d969aad492abbbf57e2d89682e7f5f7
urn:ure:t6:occ:function:current-client:008d9f90	0x008d9f90	leaf	FUN_008d9f90	40	0	86	358ae2af48c69822c8428706c3f7621361ae8e7b7db381c0ee75198974eace6d
urn:ure:t6:occ:function:current-client:0057d8e0	0x0057d8e0	leaf	FUN_0057d8e0	40	0	90	ec8f7b5dd39cd2b2674c947f2bce231f72b9cf9e40c9165452f5130fc517cbae
urn:ure:t6:occ:function:current-client:009b55d0	0x009b55d0	leaf	FUN_009b55d0	40	0	90	9d2164ba4b63f108338312c78e3e002f3b9f429a056d8f7ac6077a0417cd0977
urn:ure:t6:occ:function:current-client:00526b60	0x00526b60	leaf	FUN_00526b60	40	0	91	10665d1dd645daa500b7ecd0cde39a013bf7da69548d6a0f34dcbad1262b1eba
urn:ure:t6:occ:function:current-client:0061ced0	0x0061ced0	leaf	FUN_0061ced0	40	0	92	63b0f39b98fb11b992f59348b4e75f963cd2d5569493b88bc71a9dc070fb19ca
urn:ure:t6:occ:function:current-client:006a33b0	0x006a33b0	leaf	FUN_006a33b0	40	0	93	91c6d52542d6f359505d64cffc8f4b15ff380838c0424c691b4d0dbece0b42ab
urn:ure:t6:occ:function:current-client:00679860	0x00679860	leaf	FUN_00679860	40	0	96	2149c042d09a3be4ae8adc9f5be74f391ca578c56b064ef21b1b6cc7c81cb96b
urn:ure:t6:occ:function:current-client:009b56f0	0x009b56f0	leaf	FUN_009b56f0	40	0	96	f628a5e8d27e742723ffb4c758b25b8b53eae8263d5869c1d4ddc66d4b60fb28
urn:ure:t6:occ:function:current-client:005b9200	0x005b9200	leaf	FUN_005b9200	40	0	99	fd00135b1cfa3c6427f4bd8a228111399862f7c85d738b039fa39900485b6bb2
urn:ure:t6:occ:function:current-client:007bbf10	0x007bbf10	leaf	FUN_007bbf10	40	0	102	e0650878b1879c539a0cc5621ff1955d73aad05ef8ed74b89e4f2b0131a82d81
urn:ure:t6:occ:function:current-client:009f1cf9	0x009f1cf9	leaf	FUN_009f1cf9	40	0	102	a3d0ee812879d01186c75465f268f02f4aa9b62593ec993eb5283d33892762aa
urn:ure:t6:occ:function:current-client:00620c30	0x00620c30	leaf	FUN_00620c30	40	0	103	ee30dd4cb7f1fff278765d34497e68021321f713a051ae2b5765dce894438a14
urn:ure:t6:occ:function:current-client:005981f0	0x005981f0	leaf	FUN_005981f0	40	0	105	fbb86dd342fef55c8babf13464e418cf44bf62f04a08b38f44638c0d97b311ba
urn:ure:t6:occ:function:current-client:009e6f0d	0x009e6f0d	leaf	FUN_009e6f0d	40	0	106	a5cef5323357873ef9b55b71347a1480a8471d1ba150a9ecc19c6fc81ae26adc
urn:ure:t6:occ:function:current-client:009dcbd0	0x009dcbd0	leaf	FUN_009dcbd0	40	0	107	80a4f04ea3f4cd509c44c5d2aa625fda69773c52926097ded1cdcb16527eb6d1
urn:ure:t6:occ:function:current-client:00687ad0	0x00687ad0	leaf	FUN_00687ad0	40	0	109	078f1d94f4560df7eed5122f98597272e4e8f52152b54d6b5adbd7007c8bc43f
urn:ure:t6:occ:function:current-client:009e2880	0x009e2880	leaf	FUN_009e2880	40	0	114	5a8790a146cd1cf7f325020f7bebd640c6d4a4ad60edd5bcc6d4e585ca5e3065
urn:ure:t6:occ:function:current-client:009e2a70	0x009e2a70	leaf	FUN_009e2a70	40	0	114	5a8790a146cd1cf7f325020f7bebd640c6d4a4ad60edd5bcc6d4e585ca5e3065
urn:ure:t6:occ:function:current-client:007fa590	0x007fa590	leaf	FUN_007fa590	40	0	115	1bcd57bb434e79c6858f774bf9f10a3536248623b3d988429d6ae556610f9db6
urn:ure:t6:occ:function:current-client:00740710	0x00740710	leaf	FUN_00740710	40	0	117	9c50229ce8c19956e8a2c058a203eed67c2c549dce53027ac98a22152c7b8fa6
urn:ure:t6:occ:function:current-client:00622400	0x00622400	leaf	FUN_00622400	40	0	118	6ef3dc9dd7a3240685fa69bfe8c4eb164e2a9c1235daeaa5441a77a9c8dc96ba
urn:ure:t6:occ:function:current-client:00703ed0	0x00703ed0	leaf	FUN_00703ed0	40	0	120	b34055dc41d2ff904efd6b8fdf3596a985b35b7c849cacbb787b14f07dc85e2d
urn:ure:t6:occ:function:current-client:007fe790	0x007fe790	leaf	FUN_007fe790	40	0	124	b20b3c956b00834d67ffe67259ce4af74299851a8229937aa354c3390d220e8a
urn:ure:t6:occ:function:current-client:009cc020	0x009cc020	leaf	FUN_009cc020	40	0	125	a42a9d2532b7bf0bee3ccea4b74f8552f4d509a828730cb01d6bb5a90f8e278f
urn:ure:t6:occ:function:current-client:009b1e10	0x009b1e10	leaf	FUN_009b1e10	40	0	126	3bcb1052125765259086989912a140cf77fb79dd809afe6fc9ecd7ba30e0188a
urn:ure:t6:occ:function:current-client:00875b70	0x00875b70	leaf	FUN_00875b70	40	0	128	3ab11d046448709a41e5b7c8d2c035e8f941267014d996167fdc9aa7beef1e99
urn:ure:t6:occ:function:current-client:00470fc0	0x00470fc0	leaf	FUN_00470fc0	40	0	134	424cb4cf6e96bd6423ccbebc2edb762231cb1019c4d49e2adfd4df280b67ec59
urn:ure:t6:occ:function:current-client:005ef840	0x005ef840	leaf	FUN_005ef840	40	0	136	33c8ea9a7629197fcfa2167c767fd7e7d35de8d364e2b4beee41ed4fac77ef3f
urn:ure:t6:occ:function:current-client:00773c30	0x00773c30	leaf	FUN_00773c30	40	0	138	1353490ef6ae10c6f278fe0cbd898926a2624cd1f7f2fc6caf9349db4ecb647b
urn:ure:t6:occ:function:current-client:005bbea0	0x005bbea0	leaf	FUN_005bbea0	40	0	140	8133339cfda833a313fe8643fae5f8c512f42364c19196371fb38aa8a5c693ef
urn:ure:t6:occ:function:current-client:00654520	0x00654520	leaf	FUN_00654520	40	0	145	0454a1f9ae9b29eb5b1730b9825797ad9f48b9d206c75dcd44cc598acdba50d7
urn:ure:t6:occ:function:current-client:006319c0	0x006319c0	leaf	FUN_006319c0	40	0	152	fcac54b786216747092c1367c81e776b54a0c2aa4472fe5628a97c657db9c0f9
urn:ure:t6:occ:function:current-client:0074fc60	0x0074fc60	leaf	FUN_0074fc60	40	0	183	09e8cc1d03069fea65fdd597de9d6f408f71a1cd376a71e386e81322768c9216
urn:ure:t6:occ:function:current-client:007604f0	0x007604f0	leaf	FUN_007604f0	40	0	194	35ea580fcbaa40f3526fb6cf9fc358aa5f9c4e76a361b7e2993040bec774662c
urn:ure:t6:occ:function:current-client:0074c240	0x0074c240	leaf	FUN_0074c240	40	0	240	a5cd975db2713d1158dd0654c8d626d1149b65898d4679ea0099f7acec3f5e04
urn:ure:t6:occ:function:current-client:0074aa60	0x0074aa60	leaf	FUN_0074aa60	40	0	280	210267fdf0eaf69e6c297950ad7c56bc979be3096e0eca883297045eec4ff737
urn:ure:t6:occ:function:current-client:0085cb70	0x0085cb70	leaf	FUN_0085cb70	41	0	82	20f7d7068b63ea740e194f8ba534f8e566ed7deac72bbddb29b4567e4350d9bc
urn:ure:t6:occ:function:current-client:0049fed0	0x0049fed0	leaf	FUN_0049fed0	41	0	86	9cbe3dc9f97cfde7a2ab5b6dc77c742046fd299311dd4ece3733944b3e02a361
urn:ure:t6:occ:function:current-client:00a015f0	0x00a015f0	leaf	FUN_00a015f0	41	0	86	97936edfaec9e047a0cd3bd6789e109c7cfc351b381b9bdf6e3121c87630e1c8
urn:ure:t6:occ:function:current-client:004f91e0	0x004f91e0	leaf	FUN_004f91e0	41	0	91	b455e5db3fcf3562c97b0c351a5f569b071c5bac7988cf58e23f64e3cdd54c0e
urn:ure:t6:occ:function:current-client:006049f0	0x006049f0	leaf	FUN_006049f0	41	0	93	a8b06388bfcbe30ccef4bae5e7d5544817e27ef1467df6ed506aee78504d60a5
urn:ure:t6:occ:function:current-client:00b40a7b	0x00b40a7b	leaf	_wcsstr	41	0	96	5a55df11607d39da2689590445984f83a6edeb6f96128f2825772bed7a7e0bcd
urn:ure:t6:occ:function:current-client:007e6150	0x007e6150	leaf	FUN_007e6150	41	0	98	862651d07cd9c545bd5274178a32e4c29b759d24a7b21bb901608b54fddf1b7a
urn:ure:t6:occ:function:current-client:005fb590	0x005fb590	leaf	FUN_005fb590	41	0	101	682127d9a1d6a8d1973054469cc22ad6c95469d578d32d13494a0c5061fb0530
urn:ure:t6:occ:function:current-client:0070d4e0	0x0070d4e0	leaf	FUN_0070d4e0	41	0	102	eeb6256a0537d5236967d40465c73cad864a8544059273bc3ec416c37ed13ddd
urn:ure:t6:occ:function:current-client:008d85a0	0x008d85a0	leaf	FUN_008d85a0	41	0	102	9ac03bfb3a0934798126858a66fb3047676d58312154ff5db766dffaea7fb60d
urn:ure:t6:occ:function:current-client:006a6cd0	0x006a6cd0	leaf	FUN_006a6cd0	41	0	103	2b1cb85803874f54e127a04648bc64e196958b246df6d1b3b63c544769bfd583
urn:ure:t6:occ:function:current-client:004209e0	0x004209e0	leaf	FUN_004209e0	41	0	104	29bb0f11e5e50159f6927f496a026931a713c3de1c705e7f41d7ab92a733f0ad
urn:ure:t6:occ:function:current-client:00ac1660	0x00ac1660	leaf	FUN_00ac1660	41	0	106	61ca71a4bf47327caeedd0fc21f706ab60b8c9baefe4823cda5887d5a91da22c
urn:ure:t6:occ:function:current-client:00803120	0x00803120	leaf	FUN_00803120	41	0	107	b72a279f3140d760e48a5860b86867a01cb917b715bd80eb7cdaf4e745849567
urn:ure:t6:occ:function:current-client:00566a20	0x00566a20	leaf	FUN_00566a20	41	0	109	13b8f349f5f842cc1e375000eef799c98fd0d4c954db258a64170c96781b6e5e
urn:ure:t6:occ:function:current-client:0073dac0	0x0073dac0	leaf	FUN_0073dac0	41	0	114	a46081bdb500aa3dbf9dca4b637d4cda06ee4600afd3ae0d1397adec0ffb3d8f
urn:ure:t6:occ:function:current-client:005eaef0	0x005eaef0	leaf	FUN_005eaef0	41	0	115	e2e9ca131edd50f05f714c9d0deaedb9442d8fa4966d27e0dd7871fcc78681d5
urn:ure:t6:occ:function:current-client:008fa190	0x008fa190	leaf	FUN_008fa190	41	0	117	4f4cf866cdb76b4932a2432de2ad8a4c47c8d67adf15efbc4f90c4a4540766e8
urn:ure:t6:occ:function:current-client:00762b30	0x00762b30	leaf	FUN_00762b30	41	0	120	7d9302e6d8cd5b553a6cd4d02f28c03c8b886a95a69007ba75a7e3b01e6cdfb1
urn:ure:t6:occ:function:current-client:005c6c60	0x005c6c60	leaf	FUN_005c6c60	41	0	132	cf2d6aba556b2e27d5b340a5f4575925cb08d779c68bc562befb5ecfd91af5ab
urn:ure:t6:occ:function:current-client:00762bb0	0x00762bb0	leaf	FUN_00762bb0	41	0	132	33a5e0c554a4c50c703cee1f3911cc83a30a58fab5736145c626dff34b56761c
urn:ure:t6:occ:function:current-client:0069dad0	0x0069dad0	leaf	FUN_0069dad0	41	0	139	360d463c7b87e26fb7c37462acb21609429ae7d67c1f926355d59599919a1c27
urn:ure:t6:occ:function:current-client:006f2db0	0x006f2db0	leaf	FUN_006f2db0	41	0	140	614b1ccef731cd37f9550d8c74712c42470cb68899c52a14091a88791b55cc26
urn:ure:t6:occ:function:current-client:009b5960	0x009b5960	leaf	FUN_009b5960	41	0	141	9d4d65f322e226ec7b2dbc6a3443ee2c5fb8c5f8648e24263ba20fa8220fede1
urn:ure:t6:occ:function:current-client:00a04e80	0x00a04e80	leaf	FUN_00a04e80	41	0	144	f8371746849a431b0cbaf48907ac1d49839bd5edf213ac3047851af992eeaa13
urn:ure:t6:occ:function:current-client:009c05e0	0x009c05e0	leaf	FUN_009c05e0	41	0	147	6f96da39ec7f6fbe3bfe4e3fd59361212f164a43c414b30b4d7a6305c2eb7b86
urn:ure:t6:occ:function:current-client:00732040	0x00732040	leaf	FUN_00732040	41	0	148	fff060d76597fe438711c56642ea5d33091cfbba3693c040c11383576608f0ab
urn:ure:t6:occ:function:current-client:005505f0	0x005505f0	leaf	FUN_005505f0	41	0	149	7cd6abca3ebf375b05521ca465ad70323a82a7ba65d9ba403b4301d6ed71a265
urn:ure:t6:occ:function:current-client:009eb7b4	0x009eb7b4	leaf	FUN_009eb7b4	41	0	150	f3dfc61c899b7552244555f340f1ea08fabb892a1185ad9e1fda73946a5312cf
urn:ure:t6:occ:function:current-client:00758680	0x00758680	leaf	FUN_00758680	41	0	153	8bf95dbb2eecbe114a93b8db6832627a1adeaa424a724722287fff01f07b0bda
urn:ure:t6:occ:function:current-client:006ddaa0	0x006ddaa0	leaf	FUN_006ddaa0	41	0	207	cea1a232b577a63049cfaea3305e5473663e4fb919a5b47c12be388cc9992ea7
urn:ure:t6:occ:function:current-client:005bf960	0x005bf960	leaf	FUN_005bf960	42	0	84	5ad9df32c41c80957447238cdde947e6454d027650bff6adc68faca47aff3de0
urn:ure:t6:occ:function:current-client:0066c2f0	0x0066c2f0	leaf	FUN_0066c2f0	42	0	86	a8655a57b3f4180f8b976468ac185546d6cb4457b3bfe6db57654f3fa556351a
urn:ure:t6:occ:function:current-client:009de270	0x009de270	leaf	FUN_009de270	42	0	86	978b1c94a85442b53eccea034826753358991f27fac4650de8420c0f492e19eb
urn:ure:t6:occ:function:current-client:0053db30	0x0053db30	leaf	FUN_0053db30	42	0	87	9706f8ce90a6657b2be46d5924de5d0f0517f8cd69f356d9dc0be53b2293fdbb
urn:ure:t6:occ:function:current-client:00581e60	0x00581e60	leaf	FUN_00581e60	42	0	94	f842445bc27d6d477a27e260430a874e7e0e727c206bf032fd101adf0c34c080
urn:ure:t6:occ:function:current-client:007740c0	0x007740c0	leaf	FUN_007740c0	42	0	97	e069ca288b33ce1c6a00f9cd4ada034df2454d858bfbed509492656cb6a6adde
urn:ure:t6:occ:function:current-client:009b1fb0	0x009b1fb0	leaf	FUN_009b1fb0	42	0	97	c1cf59df3a927c465f59c3e4d68833d8eba74aa0bce3085b3fc32ea85afe869d
urn:ure:t6:occ:function:current-client:004cd380	0x004cd380	leaf	FUN_004cd380	42	0	102	43f10b6c1ef47cf99441d88d230c6b0e770a5f44a8ebf8af7b39f709a7f14566
urn:ure:t6:occ:function:current-client:00a8aad4	0x00a8aad4	leaf	__sptype	42	0	102	4c37f50e2128e893d446f403febfb566357b13107a4a5bf952fd0d56f99bfd99
urn:ure:t6:occ:function:current-client:004ce4f0	0x004ce4f0	leaf	FUN_004ce4f0	42	0	104	2b3d1c1dc2be2e5d5139787e0e57eb1cbfe7b3a1a9b29d7ca1ef82ce31ac9593
urn:ure:t6:occ:function:current-client:00acd210	0x00acd210	leaf	FUN_00acd210	42	0	104	0eb252979def78c543a7ffb43f295aa20ea40e31da579cb22693e1589346c318
urn:ure:t6:occ:function:current-client:0080b7fa	0x0080b7fa	leaf	FUN_0080b7fa	42	0	107	be6140ccf618d1ef4cf2b13f5e04556b61f8fe97149d6649b6e46c12eab9d497
urn:ure:t6:occ:function:current-client:0042d750	0x0042d750	leaf	FUN_0042d750	42	0	114	58747ee9ffe7940e0886edb76acd5a41f72aa6ac84dbfe2dc8f690ce3cac9cd4
urn:ure:t6:occ:function:current-client:00813b40	0x00813b40	leaf	FUN_00813b40	42	0	117	71f793130e9e926da5d837c6ca2240dc7dc49e7504eaddf00afdecddb4742f44
urn:ure:t6:occ:function:current-client:004a9760	0x004a9760	leaf	FUN_004a9760	42	0	120	96211b69bf9a61c74aa5894147184b299bc2bb13a06f1bcb8678b0f85294e107
urn:ure:t6:occ:function:current-client:00a15440	0x00a15440	leaf	FUN_00a15440	42	0	123	a3506443d596749c0610593632c2ad8b2fca0221ec4cf1f7072fb73e26d5c679
urn:ure:t6:occ:function:current-client:00a77b10	0x00a77b10	leaf	__setjmp3	42	0	123	c24e8aaed4de58907df11c265260404d68e8b92e1a6373d11e2db8e73238e755
urn:ure:t6:occ:function:current-client:006144d0	0x006144d0	leaf	FUN_006144d0	42	0	124	118412dfac3d3a134512eb7a347dcb6b35d0201c259b2011219f7d32dd362c08
urn:ure:t6:occ:function:current-client:005ca250	0x005ca250	leaf	FUN_005ca250	42	0	125	d78246b4ebc85f70bfc32f551a0c518df1f302f60772c4af36a9b233ae1d5f89
urn:ure:t6:occ:function:current-client:009fe570	0x009fe570	leaf	FUN_009fe570	42	0	125	23c7927c905dc5313a405b141012d3551e2a2b28530917ebbb96097dde2cbd26
urn:ure:t6:occ:function:current-client:009fe5f0	0x009fe5f0	leaf	FUN_009fe5f0	42	0	125	d68f65da19bf4b33e8136332bc2922f7c28cb1cc00ef1e6ca4504953b1dca6d2
urn:ure:t6:occ:function:current-client:009e6071	0x009e6071	leaf	FUN_009e6071	42	0	134	fd1d810a19c95047bbb50ba609b37648e1235e607596bd922baac8e8536a016c
urn:ure:t6:occ:function:current-client:0080af50	0x0080af50	leaf	FUN_0080af50	42	0	135	e15a32884f22b4d963dfc2d63ef24ab40def6d15c321e72042b3a74922460c7c
urn:ure:t6:occ:function:current-client:008ce800	0x008ce800	leaf	FUN_008ce800	42	0	142	0c497a469c79b38245d79b92b542fed3593002a32892706f05eb5b1da4233adb
urn:ure:t6:occ:function:current-client:009f3a56	0x009f3a56	leaf	FUN_009f3a56	42	0	143	ce03dc5a42bd58981e923cae3e95ae1c53fed3a816a97b5352392ca1682cc5e5
urn:ure:t6:occ:function:current-client:009f6f26	0x009f6f26	leaf	FUN_009f6f26	42	0	144	db46ccb844f2e5ab705976115dcb90e81bcb97d1ce054684aa240a6c5703a16d
urn:ure:t6:occ:function:current-client:009fd960	0x009fd960	leaf	FUN_009fd960	42	0	167	ded864e7d2217756a074b66e5b49792a09faa661f0c0880466c5834f3d4b7c28
urn:ure:t6:occ:function:current-client:00566d60	0x00566d60	leaf	FUN_00566d60	42	0	170	95d32a5c690d901a717ebc2fb8a3a7632ae3a9b00694b65602094e7ec82f55d1
urn:ure:t6:occ:function:current-client:006d8ba0	0x006d8ba0	leaf	FUN_006d8ba0	42	0	177	e38926b5ab4bd99e022dde63e3fd6cea790152620dd958c1dfae4b167bfa3f4f
urn:ure:t6:occ:function:current-client:008feab0	0x008feab0	leaf	FUN_008feab0	42	0	196	4b8cad98a91a5e6b4fb4a573882df98450670debb355ffc1097ab74132c67a11
urn:ure:t6:occ:function:current-client:009160c0	0x009160c0	leaf	FUN_009160c0	42	0	213	9619219ba7d5fa703ac4ab6674bc9956a7c0ac3bc73f6d742ab2800f134978cc
urn:ure:t6:occ:function:current-client:0044f2b0	0x0044f2b0	leaf	FUN_0044f2b0	43	0	88	888e3ea8d881c294f7eb564c94a3e95ed1e7e8b0b78d060d02635b8151b4b3a5
urn:ure:t6:occ:function:current-client:00580910	0x00580910	leaf	FUN_00580910	43	0	98	bc0f56d4c97c0b94a1d622901a0484f54526eb0de4381bcd15bbb6ac55903e0b
urn:ure:t6:occ:function:current-client:00a54120	0x00a54120	leaf	FUN_00a54120	43	0	99	f268ff97784a480e98ab7ada1c41b59063c28a2b87d3c0170aed0a20c1dd7b61
urn:ure:t6:occ:function:current-client:00a54290	0x00a54290	leaf	FUN_00a54290	43	0	99	475462d6084f455b6c898d180509e8d498ec04ba0a9ba10ca822c1af85b4296d
urn:ure:t6:occ:function:current-client:00a57400	0x00a57400	leaf	FUN_00a57400	43	0	99	20ec44831ff387f59c38375c62ca0aa33dec3b36eeaf8c3b7ea287410df7d6d5
urn:ure:t6:occ:function:current-client:005fa9e0	0x005fa9e0	leaf	FUN_005fa9e0	43	0	102	487bf7141093f77a70a7ab609cd637e4c87bf02b9d7e5a9da841dc05f96a25aa
urn:ure:t6:occ:function:current-client:00786b00	0x00786b00	leaf	FUN_00786b00	43	0	104	8a074fd35280fd61405bf272926dceb00148b9a6de9a8cd74054bb4cdf319e89
urn:ure:t6:occ:function:current-client:00a79af0	0x00a79af0	leaf	__aulldiv	43	0	104	84d17e172ff5e6bce23b7837cc15439649f685d00b3cdff9cc07cae79a0a88f2
urn:ure:t6:occ:function:current-client:00959ae0	0x00959ae0	leaf	FUN_00959ae0	43	0	105	904378a5c91645b20399767ccf5c37827d5d869ea0d351d47d608d432b765c3f
urn:ure:t6:occ:function:current-client:00a4ef10	0x00a4ef10	leaf	FUN_00a4ef10	43	0	105	d4bbd958c889e300bc9dbbe3cc537d92a68ed3bbf14c438fa031a3fe03d1b0fa
urn:ure:t6:occ:function:current-client:0069bc80	0x0069bc80	leaf	FID_conflict:operator==	43	0	110	54c4393fd3c44aee3dacfe9e551db0870e925efc81a9e6283231f7569bd6cadf
urn:ure:t6:occ:function:current-client:00959fe0	0x00959fe0	leaf	FUN_00959fe0	43	0	114	11ec914f51f6912524a0448eedb1f86539d43946d30c506a010f5207f3d9509f
urn:ure:t6:occ:function:current-client:00533ab0	0x00533ab0	leaf	FUN_00533ab0	43	0	120	ac360918d1da4622412820e7ee5c3e0dcc880e4db684a11f64dc511d3d6b6919
urn:ure:t6:occ:function:current-client:009f6966	0x009f6966	leaf	FUN_009f6966	43	0	122	93edb793cd20408216ca168120ba9e404cb68e0a9e7aa4bb55fe30cf3fddac43
urn:ure:t6:occ:function:current-client:006a6010	0x006a6010	leaf	FUN_006a6010	43	0	127	0dd0eb62cbcbb7a0d7aa02c1325f8dc473928aa98e74c5ad31ed01452d3e65ce
urn:ure:t6:occ:function:current-client:00765500	0x00765500	leaf	FUN_00765500	43	0	132	3638ce3de378231e1bc53bd96ef6e46b754dd467ea3cffacfdb9ef59a8fb880f
urn:ure:t6:occ:function:current-client:00ad1020	0x00ad1020	leaf	FUN_00ad1020	43	0	136	f71ead9ba243a852a5884d2ce54bb77ff847fd067495648a28c24814992b5435
urn:ure:t6:occ:function:current-client:007290f0	0x007290f0	leaf	FUN_007290f0	43	0	139	d66b291a5f34b992d01ba8a9bd0d5350c6549ba3c6ff4d0363beaf2807b256f4
urn:ure:t6:occ:function:current-client:00a87107	0x00a87107	leaf	__trandisp2	43	0	140	fb8766874a8366839bc0e46805eeab289e62fd66c17a2deab71359e610697585
urn:ure:t6:occ:function:current-client:00738980	0x00738980	leaf	FUN_00738980	43	0	146	49e4aee1b7d00764dca9d4e617ce614c97b35409d9dfa0cef7bb1e8cb66ccc35
urn:ure:t6:occ:function:current-client:00691020	0x00691020	leaf	FUN_00691020	43	0	149	6cc14b184b9668088256206300e321996212ecc270fbb2e493a927eca8b3405f
urn:ure:t6:occ:function:current-client:008e3fb0	0x008e3fb0	leaf	FUN_008e3fb0	43	0	149	c0a4c779bf6aaa48e5e7bd158c3029fb7172c79bffdf706ba7e02566f335b890
urn:ure:t6:occ:function:current-client:007585e0	0x007585e0	leaf	FUN_007585e0	43	0	150	b0059c1575ccaaa56f94310c66c83a8aff64e66fd7562b5e3a7cf6796ac8c9b1
urn:ure:t6:occ:function:current-client:009f6b78	0x009f6b78	leaf	FUN_009f6b78	43	0	151	a52aa87ee6beebcb3f08c54dd2612b0a6f43976349797b18c11de61801f9e6ba
urn:ure:t6:occ:function:current-client:009f4e80	0x009f4e80	leaf	FUN_009f4e80	43	0	153	c1ec3e14f9e589f811c25077725eb04a510d373b2cdad427b0ee66b975b6763a
urn:ure:t6:occ:function:current-client:0090cf30	0x0090cf30	leaf	FUN_0090cf30	43	0	165	dbd0bd3369462541b4138d1bd1fd0127eac5d6ef9a219fa798ec63d15a26c1df
urn:ure:t6:occ:function:current-client:00688f10	0x00688f10	leaf	FUN_00688f10	43	0	169	3f4af0b3764c7825c7fe0619154c8833114422d2b2e84d2ec99ef5c6911b4315
urn:ure:t6:occ:function:current-client:00872190	0x00872190	leaf	FUN_00872190	43	0	170	d4129e1a21c12de459363287f031a622ca22a7bdf5420c4cf79e8cfb9309a52a
urn:ure:t6:occ:function:current-client:006b03b0	0x006b03b0	leaf	FUN_006b03b0	43	0	172	abbb1167811efdc464eb1780e84196d99a5e30ab824a49fff1ad93bf70abbf75
urn:ure:t6:occ:function:current-client:00430240	0x00430240	leaf	FUN_00430240	44	0	90	d1f4cbc4a73772b4806b9ef115c83a3c0d72b154e280896edd4ff503d37e74a9
urn:ure:t6:occ:function:current-client:00afe920	0x00afe920	leaf	FUN_00afe920	44	0	92	f41e11d59697962299254976319d2ef8ffdecd39e50034fda6caaafd0081b403
urn:ure:t6:occ:function:current-client:006033d0	0x006033d0	leaf	FUN_006033d0	44	0	93	626628dc646e6b00a96f038629f8ef2820eb295e876766056f68fd706b90f74b
urn:ure:t6:occ:function:current-client:005fb7d0	0x005fb7d0	leaf	FUN_005fb7d0	44	0	98	c660edf37279b9bfa85a6cebe076027d850cd874854b2060fb21dfa560476e2e
urn:ure:t6:occ:function:current-client:008913f0	0x008913f0	leaf	FUN_008913f0	44	0	101	d1b1cb02702a10d0b05eae0c3d7068c3ae028090b87b6478dd8ef1e6fcb198cc
urn:ure:t6:occ:function:current-client:00483960	0x00483960	leaf	FUN_00483960	44	0	102	5bc56f911d2a3d9f3224a184ebb354ca7543e6983f959784a05198508671bdf1
urn:ure:t6:occ:function:current-client:0049afb0	0x0049afb0	leaf	FUN_0049afb0	44	0	106	986e5f1992a8698ff284a3bd65515c74bc9ee86d7d3e0d4f923b300c854e218c
urn:ure:t6:occ:function:current-client:005e9820	0x005e9820	leaf	FUN_005e9820	44	0	108	c328c7bd2f818f84ee110c16c67ad50c577cc6c60c98eff1b37ee192ec8c00e2
urn:ure:t6:occ:function:current-client:006cad20	0x006cad20	leaf	FUN_006cad20	44	0	110	1d2d9b65fe3f9795ec30416f8d4ae37e22eb0f679827bab642bebf53dbf635b9
urn:ure:t6:occ:function:current-client:00801050	0x00801050	leaf	FUN_00801050	44	0	114	b1422017cf07f8f3a198d0dcbc46dc3a3d9464dc65e7f0c626a27f73db7a3e0e
urn:ure:t6:occ:function:current-client:0071f460	0x0071f460	leaf	FUN_0071f460	44	0	115	96ffc078b9a2b35cef58ea3a166ea33d9b81f5af53756ef980c92670f7306925
urn:ure:t6:occ:function:current-client:008ceeb0	0x008ceeb0	leaf	FUN_008ceeb0	44	0	116	3144b1b0b3d4b363a28f4733ed54b10a0719a91ed9ec58b264f20cf83f321ecf
urn:ure:t6:occ:function:current-client:005b70e0	0x005b70e0	leaf	FUN_005b70e0	44	0	117	e47d5dd393faffb85973af50a4143ddf626f11bc5e84ef0a8ffe3069cd783b0d
urn:ure:t6:occ:function:current-client:009d9c30	0x009d9c30	leaf	FUN_009d9c30	44	0	120	d8d423879151222fc62f7e0fe1ed7002fa1695e5b8563ffa8bc8c9e316a1a6f2
urn:ure:t6:occ:function:current-client:009d9cb0	0x009d9cb0	leaf	FUN_009d9cb0	44	0	120	2d944d2dfb285aebf13ce30cda0e4065aa8100b1033771edd1ac2f4c3512962f
urn:ure:t6:occ:function:current-client:009fcc50	0x009fcc50	leaf	FUN_009fcc50	44	0	120	e9f73b9a83eae74479614cddb1234a1e34f34e782ec698e8d1c9740d1521bf00
urn:ure:t6:occ:function:current-client:00ac7150	0x00ac7150	leaf	FUN_00ac7150	44	0	120	50b4f90454073990e303c49d054e0570ec888af560624d80c9feab0725a6045b
urn:ure:t6:occ:function:current-client:00934520	0x00934520	leaf	FUN_00934520	44	0	121	9b921d558d70f43c2b323b62a231455cd8dcb3b53b344bfa9f748327c95c5188
urn:ure:t6:occ:function:current-client:00a141b0	0x00a141b0	leaf	FUN_00a141b0	44	0	135	189e70232be24c5b4086cf23856747d873ee4ab1648dbdd4bf44a00e43ee66e5
urn:ure:t6:occ:function:current-client:0071f3c0	0x0071f3c0	leaf	FUN_0071f3c0	44	0	144	a4e07a0090105268003ceb848849de5a3e05d99683d7fea80b9258458bb39cb6
urn:ure:t6:occ:function:current-client:004c4750	0x004c4750	leaf	FUN_004c4750	44	0	161	9f36acc180d9ff24d84533ebf3ef6c2c7de65959a6fee67bfe0f7687de8b0269
urn:ure:t6:occ:function:current-client:0049c280	0x0049c280	leaf	FUN_0049c280	44	0	172	f9244f3f5ce3ce7ea11d642c6e301b9f3e6fc1ac484d6c29cf779e45af332255
urn:ure:t6:occ:function:current-client:007a56c0	0x007a56c0	leaf	FUN_007a56c0	44	0	175	2c36acd57386f1e75b6e74e88c63dbe6e267c8107a3767037723e938b4a6bd53
urn:ure:t6:occ:function:current-client:00455870	0x00455870	leaf	FUN_00455870	44	0	191	c2979db74965034ce012b080f8ce93c4ab1f11e918b65fc6a1d8136eb87117e2
urn:ure:t6:occ:function:current-client:0043e380	0x0043e380	leaf	FUN_0043e380	44	0	195	f29c07cbdf48d555c251d24779ce9ecf6a3a14a1f9e1da6c6975e335389ecf80
urn:ure:t6:occ:function:current-client:00a9baf0	0x00a9baf0	leaf	FUN_00a9baf0	44	0	195	3ae7f3ff6663ea6d4eef018af2dcaba244b35fbc112073d30d6652dc51cf41e1
urn:ure:t6:occ:function:current-client:005eb820	0x005eb820	leaf	FUN_005eb820	44	0	201	549a572e213f0c88ab65b774032286b83be88dc906357da54f19f81b1dd0366b
urn:ure:t6:occ:function:current-client:005e3e80	0x005e3e80	leaf	FUN_005e3e80	44	0	208	b1987d931a85154701e7218beb6a6da0d91bfb090b9e0f38dfea1ed7e563ff43
urn:ure:t6:occ:function:current-client:009ba170	0x009ba170	leaf	FUN_009ba170	44	0	232	2b154719c63663ba86307ab1174fa59e32fad54adacef5f81c5e2ef7f8fc4605
urn:ure:t6:occ:function:current-client:00b01700	0x00b01700	leaf	FUN_00b01700	45	0	94	0beb43ab182c873a160980e4a245c254739c7c57b8ead5823afc81dbaec92ae2
urn:ure:t6:occ:function:current-client:008da340	0x008da340	leaf	FUN_008da340	45	0	95	c9c3e9bb558ae2d4ad0acc266d97635ec98c12a3aa2ebcdcc9dce639a76391e5
urn:ure:t6:occ:function:current-client:00700e70	0x00700e70	leaf	FUN_00700e70	45	0	101	5912289505628da2318b16d3e3b606b59cee3d6d2caf5cdb20293759b5e9cef9
urn:ure:t6:occ:function:current-client:005cacf0	0x005cacf0	leaf	FUN_005cacf0	45	0	102	86baae0d8486a54728d5237b6abc1bdbe40b1f71fa401ca3c3dc04aa6774743d
urn:ure:t6:occ:function:current-client:00b03a70	0x00b03a70	leaf	FUN_00b03a70	45	0	102	49e8e94e61485f14f10a19592e679d84e2094376004a36dc965bcadc56a0d458
urn:ure:t6:occ:function:current-client:00adcdc0	0x00adcdc0	leaf	FUN_00adcdc0	45	0	104	252c0c65e67605aee2f3136732a158f75362f8b64c77e56e494c9480700512ad
urn:ure:t6:occ:function:current-client:00813c20	0x00813c20	leaf	FUN_00813c20	45	0	105	47f372aa2673c69e03d7cba768d9be57f127d1813c63e90b6013c73ad4c4004a
urn:ure:t6:occ:function:current-client:0069aef0	0x0069aef0	leaf	FUN_0069aef0	45	0	107	37b7e0b7860fcfeff917b20a444308db8affbb9bba589ae2dbcac359ab703cd2
urn:ure:t6:occ:function:current-client:005efc40	0x005efc40	leaf	FUN_005efc40	45	0	108	663654a3f97fab0aeb1243a00bdca6286145983f23d6cdb5bd86c00cfd940d01
urn:ure:t6:occ:function:current-client:004567d0	0x004567d0	leaf	FUN_004567d0	45	0	112	b5e182fc47eb1a19d6e4030218bf2d3edd320ee6805580e4b138b9188e443b06
urn:ure:t6:occ:function:current-client:0067bd30	0x0067bd30	leaf	FUN_0067bd30	45	0	113	8aab860c71c1f1ddabca2e0d35f14bbb255cd110b35e39545d0c17a111967507
urn:ure:t6:occ:function:current-client:00785f50	0x00785f50	leaf	FUN_00785f50	45	0	113	7122cf9d5c668c562da504ec6eae208c8ff1dba9e314430fd962904fbaf154b2
urn:ure:t6:occ:function:current-client:0051ed40	0x0051ed40	leaf	FUN_0051ed40	45	0	117	e063640d5f9c92d7bc2516195b035806e585f1f1727f08911d96136a31e61827
urn:ure:t6:occ:function:current-client:0090fdf0	0x0090fdf0	leaf	FUN_0090fdf0	45	0	124	755174830b3abdf42e751dea863d8a4364274954e55a86486f4847cddcc96860
urn:ure:t6:occ:function:current-client:00a09700	0x00a09700	leaf	FUN_00a09700	45	0	125	66c120ccb4c6aea156d61d05c86208bc34b8d925fab9521f11f29bd6a82edf5c
urn:ure:t6:occ:function:current-client:009e3df7	0x009e3df7	leaf	FUN_009e3df7	45	0	129	e5c9eaa3a50680781bd52218a7c71b77bdc55b53a61b5f0e149db843f8a595a2
urn:ure:t6:occ:function:current-client:0073ac90	0x0073ac90	leaf	FUN_0073ac90	45	0	131	12243e8ec7ca9e7b4482ab8e482851680759de57a704f3c6e64993edada968a1
urn:ure:t6:occ:function:current-client:00a19a30	0x00a19a30	leaf	FUN_00a19a30	45	0	132	ba93042066bdf0a6ba0dad24c40101935c96937603bec7ddd9914f3a929f18c6
urn:ure:t6:occ:function:current-client:009f5aa0	0x009f5aa0	leaf	FUN_009f5aa0	45	0	136	a9740bb5b2e2d40dbd7f30042c19775b291b88f1a1c1b904f450adbff62ea734
urn:ure:t6:occ:function:current-client:008e5010	0x008e5010	leaf	FUN_008e5010	45	0	137	223ff2110e0a044bb1a7aee08f2c5089a3176dfc13ea84f013ac3eb6fffaf658
urn:ure:t6:occ:function:current-client:007231e0	0x007231e0	leaf	FUN_007231e0	45	0	141	d75d173acb619c2950cec339eb072aba73eefb1f1115401c5920e24f90d38b21
urn:ure:t6:occ:function:current-client:008f2ff0	0x008f2ff0	leaf	FUN_008f2ff0	45	0	145	ab34182d83fc7ed6ecb184105ae0e6ae57e64242b2a3f1293b2ebefdc4e7d995
urn:ure:t6:occ:function:current-client:009b5750	0x009b5750	leaf	FUN_009b5750	45	0	147	4368fa9c0ce55baafd9c437f89a759e1ef2e04fe47091f71c07ce513a326e57b
urn:ure:t6:occ:function:current-client:006a0db0	0x006a0db0	leaf	FUN_006a0db0	45	0	148	217eaad942d915b3a36d6de6c212a811ca7669b20d18ec543e074347f9d70ced
urn:ure:t6:occ:function:current-client:009ba450	0x009ba450	leaf	FUN_009ba450	45	0	157	cb71e6e5b433837ca0cdfb51d1b2fdaefe271d35179186cffe3afb150e628f2d
urn:ure:t6:occ:function:current-client:00915e80	0x00915e80	leaf	FUN_00915e80	45	0	174	2c0b3a24ed6d10fbf29927bf4259cba200810081d0f60d89bd18cf4fb2adde62
urn:ure:t6:occ:function:current-client:009ccc90	0x009ccc90	leaf	FUN_009ccc90	45	0	177	9994b52b44dfc01052c65333683856cff71e5ad4205e650588dd5adabb055363
urn:ure:t6:occ:function:current-client:00873050	0x00873050	leaf	FUN_00873050	45	0	186	38a6984fceb550f1a56abba26cc6b485e61a6b0b3264923d2cc6c651dc185430
urn:ure:t6:occ:function:current-client:00773a30	0x00773a30	leaf	FUN_00773a30	45	0	188	918fbd570e2edae755b8f7d21d6bcbff1dd5f2d59d030e07b1d616a3bdc7486e
urn:ure:t6:occ:function:current-client:00820600	0x00820600	leaf	FUN_00820600	45	0	199	f09e2fc7bb7cee1c889074198a4b128a6370ff29588714228edc37548743e300
urn:ure:t6:occ:function:current-client:00725b90	0x00725b90	leaf	FUN_00725b90	45	0	213	f1a1b80cf3eb71e03202037d0151f3317cfd040cdd68df9053452c0dd0bced31
urn:ure:t6:occ:function:current-client:00a66910	0x00a66910	leaf	FUN_00a66910	46	0	95	6b420c2edf34fc36af20a34902d62b358b169d4064baa69c57a86a6e34f6cb02
urn:ure:t6:occ:function:current-client:004ad0e0	0x004ad0e0	leaf	FUN_004ad0e0	46	0	96	ce06b15c1e15c3b18e62f17af59945b73ee5580cbda9d2838ee0f252c3debc17
urn:ure:t6:occ:function:current-client:00ada110	0x00ada110	leaf	FUN_00ada110	46	0	101	a960cc51e80ea391b04b7f28958977efc197675922b7b6bfbff1c52fd032ee6c
urn:ure:t6:occ:function:current-client:007528d0	0x007528d0	leaf	FUN_007528d0	46	0	102	a2ebc478a83c15643386462e8f51cd8db35ca9e8638947a16cc7cf93ffd4fe4e
urn:ure:t6:occ:function:current-client:00b09590	0x00b09590	leaf	FUN_00b09590	46	0	104	05369fffd67fbdc83333ecc7c4e79416734e03e2ccc323fd15b5a13aac1c5c06
urn:ure:t6:occ:function:current-client:005975b0	0x005975b0	leaf	FUN_005975b0	46	0	106	abde4df770aa2ecc4d8ff3c42be38f3a9483f520448a977eb735e2af1b704fc9
urn:ure:t6:occ:function:current-client:00788300	0x00788300	leaf	FUN_00788300	46	0	106	78478058b731c25faa001681a51320bab8a16480df06db73ab51a87d78b97af8
urn:ure:t6:occ:function:current-client:00565f20	0x00565f20	leaf	FUN_00565f20	46	0	108	77e4142ad014718efa45461bcda9384bac26cc1a90971fec9ecd5fd33b4c3676
urn:ure:t6:occ:function:current-client:00577220	0x00577220	leaf	FUN_00577220	46	0	108	a9653982fd063c1fc8dd96893e712001e50a176d8a019921a2276380c8368962
urn:ure:t6:occ:function:current-client:00556b90	0x00556b90	leaf	FUN_00556b90	46	0	109	9dc953d64b1f38104a475133cbd2936c51bf682495135208280b92635561884c
urn:ure:t6:occ:function:current-client:00a57080	0x00a57080	leaf	FUN_00a57080	46	0	110	8014a1ea0b9f4ab75e85c7d1d61df88e3e3258c4305dc30ac78e5246e544e33f
urn:ure:t6:occ:function:current-client:005def20	0x005def20	leaf	FUN_005def20	46	0	112	bb5e8ed3b696740366966fcf5600833d325cb417690016cb2a4755b933cab08f
urn:ure:t6:occ:function:current-client:009ca210	0x009ca210	leaf	FUN_009ca210	46	0	115	5e73bf5c6920ccc7b995d2d69b68f3df7f1acd898050d28266c63a69eb4dc96f
urn:ure:t6:occ:function:current-client:006f9cb0	0x006f9cb0	leaf	FUN_006f9cb0	46	0	116	aa2a800d8fbc78777497945d19283d119cd8f8c3706b3b4a0fa8f4cd1708d9cc
urn:ure:t6:occ:function:current-client:00750ad0	0x00750ad0	leaf	FUN_00750ad0	46	0	116	e06bee94eafa93ba40cff58e3371830bde5edf2366c6dd736f9fcbadaf15c8bc
urn:ure:t6:occ:function:current-client:009fec50	0x009fec50	leaf	FUN_009fec50	46	0	122	4d950c39a70422f16e152c11010f69d08dce12640001f4337ccbbf398c3e2f9a
urn:ure:t6:occ:function:current-client:00576b90	0x00576b90	leaf	FUN_00576b90	46	0	123	ebf4d349999ac72770192540f7432aa20fac821ad5b62b80818be6575ddde0cd
urn:ure:t6:occ:function:current-client:009e2ae2	0x009e2ae2	leaf	FUN_009e2ae2	46	0	123	eb458c05642e8e4cbb90a2d7557fad22baa34344c25b9c79f5ca0c7e2a0f4fdb
urn:ure:t6:occ:function:current-client:005bba90	0x005bba90	leaf	FUN_005bba90	46	0	127	a77ee0ff35ab4b9544440ef2ada11889ac1ccaa3e62315fb969ddd3dd07ba92c
urn:ure:t6:occ:function:current-client:00ac8b10	0x00ac8b10	leaf	FUN_00ac8b10	46	0	128	e0f04fd9832b88001891ad7cf7c9fca22cc40d3c6261559878cbfc41db33c040
urn:ure:t6:occ:function:current-client:009fbfc0	0x009fbfc0	leaf	FUN_009fbfc0	46	0	129	9d0c5dd3819c617919cbeeecb63270d4c82f42b6df53a1fc89fcc9bd448b0980
urn:ure:t6:occ:function:current-client:0078aa60	0x0078aa60	leaf	FUN_0078aa60	46	0	136	c1d1b88a87bd39513d4d23db0bf5485c5959bea2e31cde9d344c835ea4627718
urn:ure:t6:occ:function:current-client:009d0630	0x009d0630	leaf	FUN_009d0630	46	0	138	eb030c5777ae01336db6ae5e71d5122adaa7e5cd45aa16c14fa4a605251e4223
urn:ure:t6:occ:function:current-client:00a81be0	0x00a81be0	leaf	_strlen	46	0	139	5044fc769fb26ae1772d18e3e1ef5ffc16757c910207278cab8d90af3557a7f0
urn:ure:t6:occ:function:current-client:004363e0	0x004363e0	leaf	FUN_004363e0	46	0	151	c4528a4e929734f6ddafe11002b312d48c51004ef4cf2562f2bdc7cede26f197
urn:ure:t6:occ:function:current-client:009e28f2	0x009e28f2	leaf	FUN_009e28f2	46	0	152	dcdfdccd7650bc4f16a0d278c41b88b37657cad98ad05e2bf0a73286e6f8eb37
urn:ure:t6:occ:function:current-client:009e6f77	0x009e6f77	leaf	FUN_009e6f77	46	0	158	70b2b22146b4a25596eb40b2791457e3e9f5f3e13bf34525b331e63e62ff7e99
urn:ure:t6:occ:function:current-client:009f3dff	0x009f3dff	leaf	FUN_009f3dff	46	0	163	4e89eed9e9210ae8b2172f957351d95f216105d2ac2adc2635b6dcfdd84726e3
urn:ure:t6:occ:function:current-client:009d53a0	0x009d53a0	leaf	FUN_009d53a0	46	0	165	949f871586ec6d1e404aa1b0642131697262643527a30f324579e1c0a5f25153
urn:ure:t6:occ:function:current-client:007fa4e0	0x007fa4e0	leaf	FUN_007fa4e0	46	0	174	0b92e09c308d5419b667313162d684ee775a359b109031ef860a418580ebc122
urn:ure:t6:occ:function:current-client:008dfd50	0x008dfd50	leaf	FUN_008dfd50	46	0	178	dddff40b5f5fe8970caa4986bf9c830927fe147dfd947413c958fb3e7512713d
urn:ure:t6:occ:function:current-client:00465490	0x00465490	leaf	FUN_00465490	46	0	197	de20892b2eebaac0a142d43131e837eefb6fd13f5beb5eddba3815886ae481f1
urn:ure:t6:occ:function:current-client:008fb3f0	0x008fb3f0	leaf	FUN_008fb3f0	46	0	251	1e86ec1587a2a04e2851c885e08b53acca65720c7e17ce49bc0e2754fe864dea
urn:ure:t6:occ:function:current-client:008c64b0	0x008c64b0	leaf	FUN_008c64b0	47	0	91	416e41b7d8fddefc4f099857841082dbe81f84cca3258989f35f3ab87ac95eea
urn:ure:t6:occ:function:current-client:00ae6620	0x00ae6620	leaf	FUN_00ae6620	47	0	99	468c9ee6312b543bf68841f567b7b83b110633ff025f9f76d361cdeb6d996d5a
urn:ure:t6:occ:function:current-client:00a1dec0	0x00a1dec0	leaf	FUN_00a1dec0	47	0	100	784617743f6c521350d788f7d204dca8772bca8dbe90c42c9fccd01250333c47
urn:ure:t6:occ:function:current-client:00733ee0	0x00733ee0	leaf	FUN_00733ee0	47	0	103	7ecd0303dc52828d7eafe52e1791397898c2d8bfc7f9e75da895fda27eab2a9c
urn:ure:t6:occ:function:current-client:009fc590	0x009fc590	leaf	FUN_009fc590	47	0	112	24cf249f82ec33d8c76d072416af43d4d70f8cdd7501203fb919624f51f19a3a
urn:ure:t6:occ:function:current-client:007843c0	0x007843c0	leaf	FUN_007843c0	47	0	115	cbac51bb6e01b33a91ebd2c44d2edd540c82069c7d3cc8559e16f12ee835433a
urn:ure:t6:occ:function:current-client:00471440	0x00471440	leaf	FUN_00471440	47	0	116	b73d3a867a6a7351d51860e4dcc06cb1827d6ca2c960ebdc6626877dcd571e05
urn:ure:t6:occ:function:current-client:0054de50	0x0054de50	leaf	FUN_0054de50	47	0	117	0e73ba7f542b6af35eec49fbeee0fbbef57e1baf951e2c6f4f83325e6d09ec3a
urn:ure:t6:occ:function:current-client:008081a0	0x008081a0	leaf	FUN_008081a0	47	0	135	be4baffcd7804938dce06282bfe922a8fb08d85d28ea0887e89607c94593feaa
urn:ure:t6:occ:function:current-client:006081e0	0x006081e0	leaf	FUN_006081e0	47	0	139	d0d7679f013069af3c50f49d2d80ebe02125803ab595091c8a320b2a6d3a55f5
urn:ure:t6:occ:function:current-client:0064c8b0	0x0064c8b0	leaf	FUN_0064c8b0	47	0	148	fcd8cb7a1b14931cb62d43637a8db183ec399b6c95225a12383a234248cf64df
urn:ure:t6:occ:function:current-client:004587d0	0x004587d0	leaf	FUN_004587d0	47	0	152	3647bb8c49f08a324a3fa0285578911d32a6466264abb44977ddd30175907d47
urn:ure:t6:occ:function:current-client:009f6e86	0x009f6e86	leaf	FUN_009f6e86	47	0	160	81ce745266b973a2ac3b43c3604b76b06917ea46c1191fa50cd1f773aa37ff7f
urn:ure:t6:occ:function:current-client:009e60f7	0x009e60f7	leaf	FUN_009e60f7	47	0	161	367ade7f927ea79f207a6b164fc4ce454746b7e93ca4171f08a5de9b57244ac7
urn:ure:t6:occ:function:current-client:00743650	0x00743650	leaf	FUN_00743650	47	0	162	32393ddea278e9a020a69d447633eb68edb52cf11e707073a1fc3b15db675569
urn:ure:t6:occ:function:current-client:00868ff0	0x00868ff0	leaf	FUN_00868ff0	47	0	169	c6d62aa2c7b11745d9bec24565d8b141cb04e58b94e54f1657302b3727816659
urn:ure:t6:occ:function:current-client:00563a90	0x00563a90	leaf	FUN_00563a90	47	0	188	37b3a7c9d71fbd721212621f63652b52a2ab365bf5f7c54900a257e3888e4db7
urn:ure:t6:occ:function:current-client:00a97150	0x00a97150	leaf	___ascii_strnicmp	48	0	97	01469a0f156d0e6e1410b416b139e0ae9ad9153685dc825252df05f6f6536e7c
urn:ure:t6:occ:function:current-client:00ac8440	0x00ac8440	leaf	FUN_00ac8440	48	0	97	61aad3b434b057b5a16d10c73ff501e12cc4a62951464b356cbba1d2f1aa8e85
urn:ure:t6:occ:function:current-client:00a1de50	0x00a1de50	leaf	FUN_00a1de50	48	0	103	d473b7d96eff751f323de262d20a47398d3653799d8491e8d7e453efa4ae61c5
urn:ure:t6:occ:function:current-client:009dba10	0x009dba10	leaf	FUN_009dba10	48	0	115	ea36f580d2a945a1d25943c1c8ca469ad01dcf09658ed5f996ad037fd2983c13
urn:ure:t6:occ:function:current-client:009da180	0x009da180	leaf	FUN_009da180	48	0	117	f07a25ba7055e4caac6047eb1f30dedb38bc072335c4734946e211b715ddffc8
urn:ure:t6:occ:function:current-client:0056d550	0x0056d550	leaf	FUN_0056d550	48	0	119	a931148e6fb04733a5bf35123aadce403cac320812331b5c5c82d175e2e05472
urn:ure:t6:occ:function:current-client:005885b0	0x005885b0	leaf	FUN_005885b0	48	0	120	526698d2cb11ae2b88b52dc937214f8702acd380f80dd8b9f24d6a775c5f10fb
urn:ure:t6:occ:function:current-client:005bfbd0	0x005bfbd0	leaf	FUN_005bfbd0	48	0	120	31a81a677521996ef111c5ee28a973a84cfbef980c441edd0dcc1f01d67f24a0
urn:ure:t6:occ:function:current-client:009b5cc0	0x009b5cc0	leaf	FUN_009b5cc0	48	0	123	f21159683f457f4ff03ddd502d2b14b07dbff8982c899e0e5c597f5ffa6e20c0
urn:ure:t6:occ:function:current-client:00684150	0x00684150	leaf	FUN_00684150	48	0	124	cc212be0f392eccabceb4f76e1befc51d3add8963074af8c4d2d4af2fa557c87
urn:ure:t6:occ:function:current-client:0066ec60	0x0066ec60	leaf	FUN_0066ec60	48	0	127	cd45e9f04915dcb181f17616d63f9f1e53eb829350cbc85966925a9ca5b56f36
urn:ure:t6:occ:function:current-client:0078ab40	0x0078ab40	leaf	FUN_0078ab40	48	0	135	10f88bb41be3dd8f5bbbd41321f783962b102e68a9d82d275ba4aa152f294a4f
urn:ure:t6:occ:function:current-client:00a02070	0x00a02070	leaf	FUN_00a02070	48	0	139	4f1ea67bf590158dfd8a8fe17a4a4359eb85ee0d3157c8c3472461285088143a
urn:ure:t6:occ:function:current-client:009da2a0	0x009da2a0	leaf	FUN_009da2a0	48	0	140	281374d8b9586911637993388c82be307eee58a70738cff17dece31acd8ffa10
urn:ure:t6:occ:function:current-client:0075b120	0x0075b120	leaf	FUN_0075b120	48	0	142	a0553cb8565b277e766953dd8585fad177bfebb2212f4b3274c02683b73d1f79
urn:ure:t6:occ:function:current-client:009401e0	0x009401e0	leaf	FUN_009401e0	48	0	149	2d02bc5d430d1fa8955d95dd4f5adec9ec65aa63e70ccbeea68fd3145a7ea4cf
urn:ure:t6:occ:function:current-client:009e1350	0x009e1350	leaf	FUN_009e1350	48	0	150	3f77132cd7db89f918938b45842199dad148c8c4b7effbcc083faec9cba7d698
urn:ure:t6:occ:function:current-client:0074c420	0x0074c420	leaf	FUN_0074c420	48	0	151	00d235332d1c872f80de619233528a348499c573307e1dae443572b7b6b48c5f
urn:ure:t6:occ:function:current-client:0076dde0	0x0076dde0	leaf	FUN_0076dde0	48	0	157	204d10f56dd64bd415d116e8289ef5a4ca56ef5be80184eafe93dd840c3a1973
urn:ure:t6:occ:function:current-client:006b8a70	0x006b8a70	leaf	FUN_006b8a70	48	0	171	e3eb9f45467f5bb9ac0fd1a0fa300dd04745ada42a5a0e953e71f5e874e6af4b
urn:ure:t6:occ:function:current-client:0080dea0	0x0080dea0	leaf	FUN_0080dea0	48	0	179	1d4ecd3421ee5a3e964a716a4e982a9a613f2df4858f3c95271ddacbecd11795
urn:ure:t6:occ:function:current-client:0093eb90	0x0093eb90	leaf	FUN_0093eb90	48	0	197	6a349f904cb38aac68a53def94a880da90a6cb82576e101065d8a714d354338e
urn:ure:t6:occ:function:current-client:00523950	0x00523950	leaf	FUN_00523950	48	0	202	41f180df1ae0c514f60c51ad65ab0a29cc0ddc5bc32d4a28aafac68dc04b0924
urn:ure:t6:occ:function:current-client:009c1280	0x009c1280	leaf	FUN_009c1280	48	0	202	a8c1732ea7f0334ee65ab3191c9e543be36a55bd357ef80367de7929592c7cba
urn:ure:t6:occ:function:current-client:0066be00	0x0066be00	leaf	FUN_0066be00	48	0	208	8eab818c9712237834e00b2aed98248acc3be3486a6938e6f9a1619d151904c0
urn:ure:t6:occ:function:current-client:0072c0a0	0x0072c0a0	leaf	FUN_0072c0a0	48	0	210	48e30878768243b7038923c103d51441bbf159e165fa6cec0527ad8e39849226
urn:ure:t6:occ:function:current-client:0044e850	0x0044e850	leaf	FUN_0044e850	49	0	94	ff2e47ddd300b1a9ad94ff6bc8cbe7c5b84f798b9bc8b7cdbc8eb8d57bc635de
urn:ure:t6:occ:function:current-client:00959a40	0x00959a40	leaf	FUN_00959a40	49	0	95	ce88b51eb81af013e65c0a769a8e1a6b1624e23a88c1aee8b6ec0d400e047c61
urn:ure:t6:occ:function:current-client:00477880	0x00477880	leaf	FUN_00477880	49	0	102	e70f8548f595c64fd772852dbe0dd52cfdbceb787af660dd25d6211e1d65c038
urn:ure:t6:occ:function:current-client:008e4a80	0x008e4a80	leaf	FUN_008e4a80	49	0	103	b022c5602f1c1df71e894cb0e7ef839bd9e9f4d14f1d2251b9ced5102f94817c
urn:ure:t6:occ:function:current-client:00733e70	0x00733e70	leaf	FUN_00733e70	49	0	109	4e7193294007c6b446dfcbe466143444a94add3d7020d5756f463b2d3fd31bf2
urn:ure:t6:occ:function:current-client:004c9f50	0x004c9f50	leaf	FUN_004c9f50	49	0	113	885d467c73bf64dded82a6343b62ae0a74c601fd9e5c244267ca067d3c7060e3
urn:ure:t6:occ:function:current-client:009b5430	0x009b5430	leaf	FUN_009b5430	49	0	114	61f9737cc720e743e10a93bbd11213e7e0bedfd467a32c51813e064c8bdc591b
urn:ure:t6:occ:function:current-client:00a1dcf0	0x00a1dcf0	leaf	FUN_00a1dcf0	49	0	114	5b46aaafc6f0e6e67430a1f3f4bfc6d3333b9fb53fc7da31651db867e3cd66f8
urn:ure:t6:occ:function:current-client:006244e0	0x006244e0	leaf	FUN_006244e0	49	0	119	389299fd3f3aac549bc19bc138e9d147beb667df9f3735a52078111d6571ae12
urn:ure:t6:occ:function:current-client:008e8700	0x008e8700	leaf	FUN_008e8700	49	0	119	858114ca949c3d6290fb0086dcee028680eeb27b3e7ab670ee7d490e023a90fa
urn:ure:t6:occ:function:current-client:009b60e0	0x009b60e0	leaf	FUN_009b60e0	49	0	119	014ad8833de6f5866a6e187f332c0f03ee4833104e1144a18513d9a251f1fc10
urn:ure:t6:occ:function:current-client:00a69520	0x00a69520	leaf	FUN_00a69520	49	0	121	e058f2d1ac90239acd7932493844000bcc3cd396e8561bc66962ea23a5ff1867
urn:ure:t6:occ:function:current-client:007bb960	0x007bb960	leaf	FUN_007bb960	49	0	122	ecc381a7d384eaf117ed76668eae71dab74e1fc07d737edd047bcef9c090b1fd
urn:ure:t6:occ:function:current-client:00890a00	0x00890a00	leaf	FUN_00890a00	49	0	122	90e13b1ec482d4763bde353dce9d58b7cafb4ada10b741d072e8502203cf8567
urn:ure:t6:occ:function:current-client:0043dbc0	0x0043dbc0	leaf	FUN_0043dbc0	49	0	126	aa71710aefed20a0a49083e663e8e2683938a104514866310d022cee0ccc0a17
urn:ure:t6:occ:function:current-client:0047ead0	0x0047ead0	leaf	FUN_0047ead0	49	0	126	7a5c41d23702445fbd4ac71baba72d0a721d7e55bcc4363a7ab44a87e51d1bda
urn:ure:t6:occ:function:current-client:0068cdd0	0x0068cdd0	leaf	FUN_0068cdd0	49	0	131	19af601d0314da5765c6dd0149ab5d5ab639d16cdd92d2fa74f318b2bada2961
urn:ure:t6:occ:function:current-client:008ce5d0	0x008ce5d0	leaf	FUN_008ce5d0	49	0	132	ea21413ea42cb56f2a5b27c761a6ce8a8b08590bea3db51c2691f214f082917b
urn:ure:t6:occ:function:current-client:008d5760	0x008d5760	leaf	FUN_008d5760	49	0	132	6b8edf94f701037a9177cadcd1ae1ef185f1ee1417e92bc2c476d1b067ecf644
urn:ure:t6:occ:function:current-client:00458870	0x00458870	leaf	FUN_00458870	49	0	133	3964350e859ab0dbceaf4928cdc72e27c745f7af1d26e1d5784fea1f6b25416b
urn:ure:t6:occ:function:current-client:00acad30	0x00acad30	leaf	FUN_00acad30	49	0	136	e9b7b5c7d93bc1fcc127f82c3c7e0bc1fe370ae60487154748910b70243bed80
urn:ure:t6:occ:function:current-client:009f215b	0x009f215b	leaf	FUN_009f215b	49	0	137	53ca4f1ada14236cac22a09459428cccbb7947d7220416414df5deb2548d0654
urn:ure:t6:occ:function:current-client:009f6889	0x009f6889	leaf	FUN_009f6889	49	0	140	f638ab27822ed8783090b32e801c8dc5d5ab537f42004e9b7875b19a2fb4154f
urn:ure:t6:occ:function:current-client:00a9ac8a	0x00a9ac8a	leaf	__hw_cw	49	0	142	dda299f6d8ffbe4e5af3da83af02de8996a34f92b6bbd15810b8c4e38e2a0537
urn:ure:t6:occ:function:current-client:009b3530	0x009b3530	leaf	FUN_009b3530	49	0	143	fe372589e192284995651f5a3338ac3195d046f9a8a72f3d40fdbe0e8c7db3c4
urn:ure:t6:occ:function:current-client:00917b20	0x00917b20	leaf	FUN_00917b20	49	0	144	03d85971a62088d1bfc5f36f48f33bdb789d7880ca19a2089bcab1d275f50552
urn:ure:t6:occ:function:current-client:00443550	0x00443550	leaf	FUN_00443550	49	0	157	bf796465d048ce8c26a4faace6c62488f6a84289af2da7de0bffb933195a39d3
urn:ure:t6:occ:function:current-client:005845c0	0x005845c0	leaf	FUN_005845c0	49	0	168	a24a7a25900e4c73600b9c989ab84a8316106c9081f708007ff305c4689e8ada
urn:ure:t6:occ:function:current-client:005eff30	0x005eff30	leaf	FUN_005eff30	49	0	175	423bb6bc4249d0caa3acc88e6a5ca4d7677c538c1fd9aee2a5d8fbd0ff75bfeb
urn:ure:t6:occ:function:current-client:009e0f10	0x009e0f10	leaf	FUN_009e0f10	49	0	185	8a43b85d610f0c6cb04e9253d9742879a03148080d31a99f155b6a1c97ce5006
urn:ure:t6:occ:function:current-client:007d5b20	0x007d5b20	leaf	FUN_007d5b20	49	0	204	5b64e7b0652c998caed059c1014baf997cbd348d43ba4ef0431b87c615932131
urn:ure:t6:occ:function:current-client:004adf60	0x004adf60	leaf	FUN_004adf60	49	0	205	9a65124c54994a5f0dd538ff2f2387ddef00697ce0da764963239fb9b05987ae
urn:ure:t6:occ:function:current-client:00803420	0x00803420	leaf	FUN_00803420	49	0	218	c74a1cf314381d5db40bf63105bc315f1bea32854b1a67ac0aa272d9f167b82a
urn:ure:t6:occ:function:current-client:004fa040	0x004fa040	leaf	FUN_004fa040	50	0	120	8f1c968f20907eb81e5c1bf553033fc419308278128992329207416adea7065e
urn:ure:t6:occ:function:current-client:00b04010	0x00b04010	leaf	FUN_00b04010	50	0	120	9820496006c0a65a53f785f8cbf7577f0b5f6f6ef9e309ee6555b83747199c3e
urn:ure:t6:occ:function:current-client:00ade990	0x00ade990	leaf	FUN_00ade990	50	0	124	6a8eecd3d3005a3ebc29ed4d920b7ec93880e1108093d2a91d842c206d22acc6
urn:ure:t6:occ:function:current-client:009d04f0	0x009d04f0	leaf	FUN_009d04f0	50	0	126	1f9cf8089e35fa35dace2443064c31297410e698409ccd637a3b6dfb8e438909
urn:ure:t6:occ:function:current-client:005fe730	0x005fe730	leaf	FUN_005fe730	50	0	130	0d8d8f3b3aad38503935f4d01cce8a3967ffc3d8c3a1895a84dbaecb765b5831
urn:ure:t6:occ:function:current-client:007ee380	0x007ee380	leaf	FUN_007ee380	50	0	131	877d1f8a4d8db9c11c50d3812e28ee26d98ee29aca001d768ef26647af245fb2
urn:ure:t6:occ:function:current-client:00b43d00	0x00b43d00	leaf	FUN_00b43d00	50	0	131	31f7ac5aca83795513d4edf57268f3ae81d4bb3323462a5c6fccbb6434c02b56
urn:ure:t6:occ:function:current-client:009f1e56	0x009f1e56	leaf	FUN_009f1e56	50	0	134	f7c79cd1f4463451aff1f75a80f66c486dfac9f2daf8384ca4ecc8fc69a81073
urn:ure:t6:occ:function:current-client:005b2e80	0x005b2e80	leaf	FUN_005b2e80	50	0	136	1df15b70dcf2a2a50c155051cdb91ae23ff953149ce95e9b6f2176f3d4a41ebe
urn:ure:t6:occ:function:current-client:005dc3d0	0x005dc3d0	leaf	FUN_005dc3d0	50	0	151	6653b05a819955dde90030110720ea88540107f7aae2d4706cc3cdf7b8a00150
urn:ure:t6:occ:function:current-client:0060b2e0	0x0060b2e0	leaf	FUN_0060b2e0	50	0	152	d072093de0d6ac961202fb26eea88bef396db2ff73dc03987b2b8eaa3852b94a
urn:ure:t6:occ:function:current-client:0052e6e0	0x0052e6e0	leaf	FUN_0052e6e0	50	0	156	2ef408333ebd49d210846f39416985bb3d594f2c3f6861012af1ae8a7037d1ee
urn:ure:t6:occ:function:current-client:009e2e40	0x009e2e40	leaf	FUN_009e2e40	50	0	160	f4f380ba56a51e368e2ce2b7628c973ebee78e2ed43c08565160dbabd7d37293
urn:ure:t6:occ:function:current-client:00adcb30	0x00adcb30	leaf	FUN_00adcb30	50	0	165	fb03fb15872efd2913dd3ae8e94c414fd2239004a0c46ad19b04ac29b9a8d78e
urn:ure:t6:occ:function:current-client:00724ba0	0x00724ba0	leaf	FUN_00724ba0	50	0	167	9d12f015d7bc87e704ae384410bc3b31f5e3117c7e3ed160a66bfbc14614ad49
urn:ure:t6:occ:function:current-client:00887260	0x00887260	leaf	FUN_00887260	50	0	168	4569c05d8eca642527949712a6b107e8a74bcfd8e1aeb3d88f7fe146cc1c6ec2
urn:ure:t6:occ:function:current-client:00634d20	0x00634d20	leaf	FUN_00634d20	50	0	179	bd3d0512f369b63ab995d9c45fb7cc1abac96f8ac2f8cc23ea880a33d3382550
urn:ure:t6:occ:function:current-client:0080f3b0	0x0080f3b0	leaf	FUN_0080f3b0	50	0	180	fc40cee9c7cbf684a2a5b63515136cd9de0bd5d533524c7d5ac4e22ae57a86a8
urn:ure:t6:occ:function:current-client:00550400	0x00550400	leaf	FUN_00550400	50	0	192	d3a32b5e3bb6af7642a237277b0b84dec02ecd68400ba084997eee611a0dd3d9
urn:ure:t6:occ:function:current-client:0046bb80	0x0046bb80	leaf	FUN_0046bb80	50	0	193	a5befe084f8a0163854cc2284ab26bf68ede5b5c3eecd7027603c059d69b73c0
urn:ure:t6:occ:function:current-client:004978c0	0x004978c0	leaf	FUN_004978c0	50	0	199	3c5ffd192ac111e597fe80f630218e690618674db5cb27e91a585b288d53475c
urn:ure:t6:occ:function:current-client:006e5220	0x006e5220	leaf	FUN_006e5220	50	0	214	442fdfcfb41a960c9306c8df492d981e852a011882c86904583de2339d0816a8
urn:ure:t6:occ:function:current-client:0073cfc0	0x0073cfc0	leaf	FUN_0073cfc0	50	0	245	5e3de0aed58ecf18f9e75de8312146b2d3ba5e6d5ba89b57e1c1ba2cff7f13cf
urn:ure:t6:occ:function:current-client:0048a760	0x0048a760	leaf	FUN_0048a760	51	0	95	f498f71e277c3711b4d61d626fc7e479c6ef77e6b3881c1aac95b403df1b449d
urn:ure:t6:occ:function:current-client:00526af0	0x00526af0	leaf	FUN_00526af0	51	0	101	e372bfa6908908f7234007bd7610e318704db7ced12aa514a75e2dd7c1b71441
urn:ure:t6:occ:function:current-client:007fffd0	0x007fffd0	leaf	FUN_007fffd0	51	0	115	95d0e9bacb12fc00f01dd0cec6aa096b14a6d9dfcfa60a0fc006aa5379102127
urn:ure:t6:occ:function:current-client:0046e260	0x0046e260	leaf	FUN_0046e260	51	0	118	075a1b9902a5527cd12255afe4ee42eaf682c774a52196dd2811e863dd815d36
urn:ure:t6:occ:function:current-client:00a2cbd0	0x00a2cbd0	leaf	FUN_00a2cbd0	51	0	118	0acb8354e5b76fdf384b0408236a036d59e3b00dcfec6921e4c1f201bc1abfdc
urn:ure:t6:occ:function:current-client:007eabf0	0x007eabf0	leaf	FUN_007eabf0	51	0	122	4ede9bbe00e324396f91539a1453d967b7273bc12c6cee26a2af3f11214d4e0e
urn:ure:t6:occ:function:current-client:0081e300	0x0081e300	leaf	FUN_0081e300	51	0	125	ab9783c5930246f91bc8ffd200437d630d8a347bed1bd0e4e3981a720151be1a
urn:ure:t6:occ:function:current-client:004658b0	0x004658b0	leaf	FUN_004658b0	51	0	126	77e15d7327259456e7c74ae8ae20b31c123bf427d7bd172ef56a293e2f8fb124
urn:ure:t6:occ:function:current-client:005ff090	0x005ff090	leaf	FUN_005ff090	51	0	126	1cae0b7e61f6d671ed30b451c36d7bb8ea9b5b1def6ffaef291a7423e56c2d2d
urn:ure:t6:occ:function:current-client:009b5350	0x009b5350	leaf	FUN_009b5350	51	0	127	57814f0abb89a8650f09a88933e29a741af2e06d2159c3897cb7758e0aa1a33f
urn:ure:t6:occ:function:current-client:009f1c70	0x009f1c70	leaf	FUN_009f1c70	51	0	137	04e0972b3238742521031be09a4ff5c726a15f3ad420a205e28de87bab3fef48
urn:ure:t6:occ:function:current-client:004f3ce0	0x004f3ce0	leaf	FUN_004f3ce0	51	0	148	71a0679a475369da4edbc67ad46f3ef9a360554f4e51eed02e08532b2a697cf3
urn:ure:t6:occ:function:current-client:004dcb10	0x004dcb10	leaf	FUN_004dcb10	51	0	150	85fd36d7f0bf29229869ff60779927227755c58c8fa1bce2bbf40b1e644f7024
urn:ure:t6:occ:function:current-client:00814430	0x00814430	leaf	FUN_00814430	51	0	166	b64cbb22a25d97f5f3cc6f4fe2eadea0a5745bb91e72e377b6c8012d678a58d6
urn:ure:t6:occ:function:current-client:00411b50	0x00411b50	leaf	FUN_00411b50	51	0	167	d078bbaa2b28adc255c8422c1e26010eff35ffe8ac0c7851ec6cb040d02e9912
urn:ure:t6:occ:function:current-client:009d7130	0x009d7130	leaf	FUN_009d7130	51	0	171	0c641ba1dfad2d4848d001e5e008258bf659e26bb7048dbcfc58e5b75d8df91d
urn:ure:t6:occ:function:current-client:004916d0	0x004916d0	leaf	FUN_004916d0	51	0	181	4c1ff51a8d664a140f40955d104af3e482a294aed6a23524a986dc9230d3680a
urn:ure:t6:occ:function:current-client:0064f4b0	0x0064f4b0	leaf	FUN_0064f4b0	51	0	187	76213c95182033beb360d7e9d03c336f1163cd14bd4715fa74e645a945f2c7ec
urn:ure:t6:occ:function:current-client:007859f0	0x007859f0	leaf	FUN_007859f0	51	0	187	fa1610d55ba08cd4b0ee4358c9adbc0d2dbda3612cb855dcb1e6dd487f21ec47
urn:ure:t6:occ:function:current-client:004f3530	0x004f3530	leaf	FUN_004f3530	51	0	189	3e75c6f37ece64ded566291709dd224935bf8950f22dc722246a5653c058548c
urn:ure:t6:occ:function:current-client:00881570	0x00881570	leaf	FUN_00881570	51	0	198	9b235ba66e73e598c382de063f38b7064988df275eb1bb12ec9d62272c8710de
urn:ure:t6:occ:function:current-client:00a09780	0x00a09780	leaf	FUN_00a09780	51	0	198	24c5bf792ae8e823f7338945aa9fd02d2ef8f0a4cdfd57508bf631e848bbf022
urn:ure:t6:occ:function:current-client:00913800	0x00913800	leaf	FUN_00913800	51	0	199	49539219fa1189e0b0bb910466dd2cddf1e61ff7ca8896c47af87a503c955d8b
urn:ure:t6:occ:function:current-client:0065ea60	0x0065ea60	leaf	FUN_0065ea60	51	0	200	2de538f80c2e80d0e5fc74495a5b280c39c7fecdc53ab2c01b2111c7cbeaf917
urn:ure:t6:occ:function:current-client:0077efc0	0x0077efc0	leaf	FUN_0077efc0	51	0	203	ed9a1a8be03159da959efa2c45e5286f107a8df20a185abfaa0dfba35979d0e1
urn:ure:t6:occ:function:current-client:009ce9d0	0x009ce9d0	leaf	FUN_009ce9d0	51	0	206	0dba65180d555b30019a6f7a57deacde8729bec091d97f8919308194547d359d
urn:ure:t6:occ:function:current-client:004c95e0	0x004c95e0	leaf	FUN_004c95e0	51	0	209	f6ad8aa0cf13ec58b3b1f93d2e2fcfc6fd9051c7606730a2c8c31b55a79ba791
urn:ure:t6:occ:function:current-client:005c1990	0x005c1990	leaf	FUN_005c1990	51	0	211	0c58b18ec7db926fa03e57ac174a222a60e90aabdbc65dbfa2fad74d0d81d7cc
urn:ure:t6:occ:function:current-client:005f8b90	0x005f8b90	leaf	FUN_005f8b90	51	0	224	ccf0557ee52263906c3fc6c5a2b48cac68dc2f7fd068f20c715dbe55bf7a80f1
urn:ure:t6:occ:function:current-client:007e1800	0x007e1800	leaf	FUN_007e1800	51	0	235	6dabe2f7f14db8f173058a5c0405c743f2be3f0a3d9cf4535e85c3d45116923a
urn:ure:t6:occ:function:current-client:004029c0	0x004029c0	leaf	FUN_004029c0	51	0	290	9af27e5ca28dd9ffc18c225f400ba8d944713a2ead525751d2c5f946621c6c45
urn:ure:t6:occ:function:current-client:0073ad20	0x0073ad20	leaf	FUN_0073ad20	52	0	133	669e46d667ed536169266867f8a75708155b228960ac5cd71643688e033d7153
urn:ure:t6:occ:function:current-client:005075d0	0x005075d0	leaf	FUN_005075d0	52	0	134	5c55b6ad1ff7bb1d512187309b2e7c3a4ebfae3d94ab35c05dce29f4c3666869
urn:ure:t6:occ:function:current-client:00ad6140	0x00ad6140	leaf	FUN_00ad6140	52	0	138	05feff40e10785b76f40f2786e5e2617fd6c3da2695669e4d4044a8ba408db18
urn:ure:t6:occ:function:current-client:00996bd0	0x00996bd0	leaf	FUN_00996bd0	52	0	140	43d85bcfd919009a6148ca2adf057da048ab10bf13b98732753736d6f3214599
urn:ure:t6:occ:function:current-client:00996e10	0x00996e10	leaf	FUN_00996e10	52	0	140	9dcb505fa6c50a809fe9950cb1b363af5a9751c7000b7f309463f29287f9a38a
urn:ure:t6:occ:function:current-client:00996ea0	0x00996ea0	leaf	FUN_00996ea0	52	0	140	9dcb505fa6c50a809fe9950cb1b363af5a9751c7000b7f309463f29287f9a38a
urn:ure:t6:occ:function:current-client:005393a0	0x005393a0	leaf	FUN_005393a0	52	0	150	01a936d31e99fbd2526794fe32e203726d2b211d9aa6d21ddfab56b287dfc743
urn:ure:t6:occ:function:current-client:0052d240	0x0052d240	leaf	FUN_0052d240	52	0	152	4f823bdec4af28d096ff1d18e18316d92200934dde944d35ca44ce87291e3061
urn:ure:t6:occ:function:current-client:009965c0	0x009965c0	leaf	FUN_009965c0	52	0	152	50d69964f1de53b5b5642739188694ec35f7b06d02d410f1543de0d4c9c0a7a0
urn:ure:t6:occ:function:current-client:00996770	0x00996770	leaf	FUN_00996770	52	0	152	50d69964f1de53b5b5642739188694ec35f7b06d02d410f1543de0d4c9c0a7a0
urn:ure:t6:occ:function:current-client:009ba8c0	0x009ba8c0	leaf	FUN_009ba8c0	52	0	152	11f8b16680692042efe81d498c8f91e49267ca068be565ee2752e79514b92e89
urn:ure:t6:occ:function:current-client:004f1ec0	0x004f1ec0	leaf	FUN_004f1ec0	52	0	159	0292a5ca91f31a5a82c266375b39ffabace8d723b4ddcfde66a2380afd2ef0e0
urn:ure:t6:occ:function:current-client:00787d10	0x00787d10	leaf	FUN_00787d10	52	0	164	5e80dab1924ef3224e9b4529591c776a486455e472c84081e7d3e8503d7d3f1e
urn:ure:t6:occ:function:current-client:0075d0a0	0x0075d0a0	leaf	FUN_0075d0a0	52	0	165	7ad01d412e4c0cae912afa01a3b468110387dc97af1d6434d776f09e5cac3bed
urn:ure:t6:occ:function:current-client:009ea9ab	0x009ea9ab	leaf	FUN_009ea9ab	52	0	165	fb2b25e8cf16c5b79723e5b5133ede53c1270f12d0303180488e431b873f9017
urn:ure:t6:occ:function:current-client:00a13590	0x00a13590	leaf	FUN_00a13590	52	0	166	b56de06726dfd3eab1a73d03fb86562b63d1e822c2f7761f122f7c2b6a5064ac
urn:ure:t6:occ:function:current-client:007320e0	0x007320e0	leaf	FUN_007320e0	52	0	191	dfdea1ab8076e635acad2ca401a64f1e66236e81e13a8733dd2fa771fcec3a72
urn:ure:t6:occ:function:current-client:0090ca30	0x0090ca30	leaf	FUN_0090ca30	52	0	210	8e4718edae279fd2fb1d274c298668970b5eb7fb5fd5d227ce5a3f033c8399c6
urn:ure:t6:occ:function:current-client:004406d0	0x004406d0	leaf	FUN_004406d0	52	0	235	cdcb85dc946dff23ce8ba335fc8b9a56da885c671fa12f9bd2174f1a345417ce
urn:ure:t6:occ:function:current-client:00773cc0	0x00773cc0	leaf	FUN_00773cc0	52	0	290	a221cb24181ed3b84fd1062b6941a947e601a674c93071078347a65a731ca077
urn:ure:t6:occ:function:current-client:00694fb0	0x00694fb0	leaf	FUN_00694fb0	53	0	108	236ec3b30f6f8c0394d3678b288ad8dc0e96d8919898f9c39dabc77db877736e
urn:ure:t6:occ:function:current-client:00418a90	0x00418a90	leaf	FUN_00418a90	53	0	113	e292baa80041708382aed86e2f761cefb05ea5248bdbaa4320038d1d89eae0fc
urn:ure:t6:occ:function:current-client:0060f380	0x0060f380	leaf	FUN_0060f380	53	0	114	4c6dc81044bdf32b90f915d79ccc32cb51c2ccd582fc19100515a9209d6e6d95
urn:ure:t6:occ:function:current-client:00afd6a0	0x00afd6a0	leaf	FUN_00afd6a0	53	0	118	4bff7770afa38c3244e82525609090e41f1474fba02667639a33289ec0c2755d
urn:ure:t6:occ:function:current-client:00b16ef0	0x00b16ef0	leaf	FUN_00b16ef0	53	0	121	778242df258a69c006a130af8bd50e6e4ec50ec610b160bab8a8bb559e187b2d
urn:ure:t6:occ:function:current-client:008cc410	0x008cc410	leaf	FUN_008cc410	53	0	123	dbc2f3ca54459ab86ae5ccd4ff82328b7f48b613102a742a66ed0187309b3dfa
urn:ure:t6:occ:function:current-client:00774230	0x00774230	leaf	FUN_00774230	53	0	127	92660bf7e99e7826e73a7319495dfc9c7a78c5121b4b898f5acde47a113fe6bf
urn:ure:t6:occ:function:current-client:00412050	0x00412050	leaf	FUN_00412050	53	0	128	8195bc8a0de87d3dd8ab45abb8190a8124edac5ff3f1da424d5a58222f224d49
urn:ure:t6:occ:function:current-client:0063de90	0x0063de90	leaf	FUN_0063de90	53	0	128	cb9183f3e6aa4258dbb609d7034e769e811034d2991230b6fc13ae99631e2232
urn:ure:t6:occ:function:current-client:007804a0	0x007804a0	leaf	FUN_007804a0	53	0	128	412c908f5a0d5e0908f01d798625f5fdd7390e547b77beb286901423c44ee118
urn:ure:t6:occ:function:current-client:00667530	0x00667530	leaf	FUN_00667530	53	0	135	c25c0f19cc4e274896a2412d5200b649d31e0f547150bd7e167f5a6cdb6936dd
urn:ure:t6:occ:function:current-client:0069c5b0	0x0069c5b0	leaf	FUN_0069c5b0	53	0	138	b4c04450e0a408cfcef19e4b45b4f5aae17393885d44d97162178751c60257b2
urn:ure:t6:occ:function:current-client:00694080	0x00694080	leaf	FUN_00694080	53	0	145	537f12d998166d648a980dd002cfe4ac1d236a20a68912fac550097ae622d4ac
urn:ure:t6:occ:function:current-client:009f1dc2	0x009f1dc2	leaf	FUN_009f1dc2	53	0	148	c50c094aeec7160618ca479efb7a9594b8c86d222c13d48be59649b0934a3eee
urn:ure:t6:occ:function:current-client:00510380	0x00510380	leaf	FUN_00510380	53	0	149	4adda51d5e3ba372dd72fdcfecf404bf15c89d298fbe707317bfb7fed8cdc515
urn:ure:t6:occ:function:current-client:009f20c0	0x009f20c0	leaf	FUN_009f20c0	53	0	155	af4e23c9aac18ccda07e35d92c7392d5ffeb3c24e20750f699851df8f54f5345
urn:ure:t6:occ:function:current-client:009e5fd4	0x009e5fd4	leaf	FUN_009e5fd4	53	0	157	9827c5242016a2f85f9658ac9d733d3116d5fa5951b49e7c86b07642101abf04
urn:ure:t6:occ:function:current-client:006120a0	0x006120a0	leaf	FUN_006120a0	53	0	158	efe5cf5f9499a48596b2f97966f358e4d1462f7a1c0beff832b86eb063e56c31
urn:ure:t6:occ:function:current-client:0051a410	0x0051a410	leaf	FUN_0051a410	53	0	162	2c8b19993cfe64d92b52e9d0f685e000b809b08485753a78fff99dfddd9a0bee
urn:ure:t6:occ:function:current-client:009de370	0x009de370	leaf	FUN_009de370	53	0	168	6cdadd68075db08295032dd24da7d6dce58c8321bc472f1a60a0bb2fc7cf5bf2
urn:ure:t6:occ:function:current-client:009ea81e	0x009ea81e	leaf	FUN_009ea81e	53	0	168	2c9938d6c500200b03bd78a7457db4c04a1d2cb90e91d902b24307707cc0ede3
urn:ure:t6:occ:function:current-client:00a13b20	0x00a13b20	leaf	FUN_00a13b20	53	0	169	dbcfbcb73546a501db94df72a0255fe4e91df81b9d4c42341d9f467d0b64a293
urn:ure:t6:occ:function:current-client:00a9b670	0x00a9b670	leaf	FUN_00a9b670	53	0	169	7e2ad6c27af1580d8d46fa7baaac7f46c6dc67b2d518ab84ee66c9be3d903eb7
urn:ure:t6:occ:function:current-client:0048c190	0x0048c190	leaf	FUN_0048c190	53	0	170	123d5e1458ddef7583536d7af23d65a419e86d70bf4680ea13d31c9b2958cbd9
urn:ure:t6:occ:function:current-client:007ce760	0x007ce760	leaf	FUN_007ce760	53	0	171	f76dc5216cc575afc8511c35ddedc30c6b17d8aa8800a7bfa6aeb34c63f0f20f
urn:ure:t6:occ:function:current-client:009d91d0	0x009d91d0	leaf	FUN_009d91d0	53	0	175	f9b7ad57fe6ca18381145a89e51320ddf5fd2954eaea4cf86a15a49415dac4f3
urn:ure:t6:occ:function:current-client:00817e40	0x00817e40	leaf	FUN_00817e40	53	0	177	dbb69cad36f65a72e7395b5a5da3f237c79885c8ded1dd866276b658948503da
urn:ure:t6:occ:function:current-client:008b3570	0x008b3570	leaf	FUN_008b3570	53	0	198	6a8bed251731f54cc5bf5e1e2382160f64b64430b3b731dd348b2f215cce80e1
urn:ure:t6:occ:function:current-client:009f3bd5	0x009f3bd5	leaf	FUN_009f3bd5	53	0	200	1fc6e4e216054cd303b2afaea684a11facfdc8c3b4a776729be60919c56b79cf
urn:ure:t6:occ:function:current-client:00787b20	0x00787b20	leaf	FUN_00787b20	53	0	203	dde465c495e4509cdda017928fb9eb96d04b82e6b984a6172d00893e4aea6c88
urn:ure:t6:occ:function:current-client:0074c7e0	0x0074c7e0	leaf	FUN_0074c7e0	53	0	206	d5dfcf10a01ee902d74bcd3699b3fac0e300172889b7dde39d7e93dd0c1037d2
urn:ure:t6:occ:function:current-client:00862580	0x00862580	leaf	FUN_00862580	53	0	213	56001fe3d84625b41d317be5adabf2d3b0eae67bb51a16f1f7e1e6ca6293e348
urn:ure:t6:occ:function:current-client:006851c0	0x006851c0	leaf	FUN_006851c0	53	0	214	57b4b35d1bb056ba71934bf71e45471b10fb0885f29d322ea12237b5d56fdf2f
urn:ure:t6:occ:function:current-client:00491560	0x00491560	leaf	FUN_00491560	53	0	222	eb74e9a404ee144bfe7a6505dad0eec85d4429b80014a4d4a5fcd500ed900579
urn:ure:t6:occ:function:current-client:0044b6b0	0x0044b6b0	leaf	FUN_0044b6b0	53	0	227	fc22cdfe5ee984ba74fb3f0d2e2c2f923ba4627dd862650c1b5ef7951b7a2c68
urn:ure:t6:occ:function:current-client:00445d20	0x00445d20	leaf	FUN_00445d20	53	0	230	aa30d91aacc8ec3dadd06a49fbe694b02154656842bde88a30a8700591c2f4d8
urn:ure:t6:occ:function:current-client:00809230	0x00809230	leaf	FUN_00809230	53	0	231	5cbc4ea1fd8a5a10b4ffcf4b270db3fcc0d2c52a2bd3bdcf7fc83b975cb59290
urn:ure:t6:occ:function:current-client:0073f870	0x0073f870	leaf	FUN_0073f870	54	0	108	07429c58fe1454b117249a85df54a6a3992fcf002ec3454e3511f5468295762c
urn:ure:t6:occ:function:current-client:00ad5c70	0x00ad5c70	leaf	FUN_00ad5c70	54	0	121	ae1daa8a96f4c0ffccae348c03bcb72f5714a00edc480ff4176213cacef30b79
urn:ure:t6:occ:function:current-client:009d9d30	0x009d9d30	leaf	FUN_009d9d30	54	0	124	f7aa3ca1940a7398eb0ade034a356248934e4a253b459c0d9db86519429f4198
urn:ure:t6:occ:function:current-client:00a1ead0	0x00a1ead0	leaf	FUN_00a1ead0	54	0	127	d01a0cde54f03eff55302cf23a178763d67d92bf568a5fb39d45d76d1373f076
urn:ure:t6:occ:function:current-client:0065d5b0	0x0065d5b0	leaf	FUN_0065d5b0	54	0	135	042e1899fb9d64ed2908c43f1bafd67745fdb451e4a7e44aab6cb3df391cbece
urn:ure:t6:occ:function:current-client:00a815d0	0x00a815d0	leaf	_strcmp	54	0	135	638c082fc0b2fc72f33fc282b631eb2cf64dc999814cfcf9939313732ec7fd0a
urn:ure:t6:occ:function:current-client:009e800c	0x009e800c	leaf	FUN_009e800c	54	0	138	72d287be387e4316cd7fbc8b74cc065cb953a0c765dba07bc0b91da922462efc
urn:ure:t6:occ:function:current-client:004a90a0	0x004a90a0	leaf	FUN_004a90a0	54	0	149	60bea24ff8b733ce3960addfaaa70cfdc96f8d1a63bcdd1d95450d1283c8d990
urn:ure:t6:occ:function:current-client:00877820	0x00877820	leaf	FUN_00877820	54	0	149	67230dbb9cd99209f0b1ba50a6df7963248d14ef36010e3aafe17067b681bd18
urn:ure:t6:occ:function:current-client:00a96093	0x00a96093	leaf	___security_init_cookie	54	0	155	115a4e63f9c523e5ec6a2cd1af7a59deb2998c4b4ed8b024354d3c9d5c43b237
urn:ure:t6:occ:function:current-client:00a1be00	0x00a1be00	leaf	FUN_00a1be00	54	0	156	f527db62e8fa487ddb0eab586d3562b1db5cd39e4fe517c4b216c94e2a24f076
urn:ure:t6:occ:function:current-client:0073dbb0	0x0073dbb0	leaf	FUN_0073dbb0	54	0	157	8217ac72762272b4002d632d43db51e2559edc38b7a7408a849b7e6def78b471
urn:ure:t6:occ:function:current-client:00a15d00	0x00a15d00	leaf	FUN_00a15d00	54	0	168	4beae2bdce087fe973d6055553d6b499a6563a20bed595d431839513aa62d06c
urn:ure:t6:occ:function:current-client:0045c620	0x0045c620	leaf	FUN_0045c620	54	0	177	66d3bd615d23f7fbf48f96c300bf797dda902ff9285897dae2fde62340efa8eb
urn:ure:t6:occ:function:current-client:0064c240	0x0064c240	leaf	FUN_0064c240	54	0	183	4ebfc62ea2a00515c6e5c1990b12db956bf23d3d9b925c7cf275eaab1a84982d
urn:ure:t6:occ:function:current-client:009f3820	0x009f3820	leaf	FUN_009f3820	54	0	204	d5aaa9791bfdde2a5e47a3f66af94f81543ef261916bac59b7ddcdb6551a9392
urn:ure:t6:occ:function:current-client:00746b40	0x00746b40	leaf	FUN_00746b40	54	0	210	96d36cd4b2dea20844fa53043b882710e75f501efd923c4171da9d69fa23e97f
urn:ure:t6:occ:function:current-client:005234b0	0x005234b0	leaf	FUN_005234b0	54	0	215	fe01a6d8135f7c31e36d6d3fd0bbcf14ad952f30cc24c726ce74f03955d425a7
urn:ure:t6:occ:function:current-client:005ce890	0x005ce890	leaf	FUN_005ce890	54	0	217	d37224a991210cb65807af3956742ab7f1880405e28cf8fa3b3eb40123900bd2
urn:ure:t6:occ:function:current-client:006ea310	0x006ea310	leaf	FUN_006ea310	54	0	218	86e4509a2c4097e63dc73932d9dcaa98181a09045629bd3b7926f7d6b0287d37
urn:ure:t6:occ:function:current-client:006450b0	0x006450b0	leaf	FUN_006450b0	54	0	236	4854a99bc7a58a42c9d41a2a1554688166c060363359ec5fdbf249fd376edf01
urn:ure:t6:occ:function:current-client:009161a0	0x009161a0	leaf	FUN_009161a0	54	0	255	bd835c9b55e2a8a1e533f1a56f256e5727d147a1cd8358630a72dd4330d7e4d6
urn:ure:t6:occ:function:current-client:005ea100	0x005ea100	leaf	FUN_005ea100	54	0	256	dee4ef8135996b4a73c8e16c46e987ad6bc909ad9f48fdbbc963aac4328d11d8
urn:ure:t6:occ:function:current-client:00556ed0	0x00556ed0	leaf	FUN_00556ed0	54	0	272	f7b4b9a0be89843825aa6915764fef8d3e8716c08819b7733ce1793dcb898c44
urn:ure:t6:occ:function:current-client:004c08f0	0x004c08f0	leaf	FUN_004c08f0	55	0	118	1e62c0508d4004dfcac01fc7ad015394aa31c19fa2df29a2b2f95585661278bb
urn:ure:t6:occ:function:current-client:00a29110	0x00a29110	leaf	FUN_00a29110	55	0	129	e592b0430950fee98e0604bbb652a0372c703ea3e01c248e0e98bcae3078cc39
urn:ure:t6:occ:function:current-client:006dcfa0	0x006dcfa0	leaf	FUN_006dcfa0	55	0	132	8ef8c75bd6c3c6d9a33592939e7ef89454f965a9a4bbde3d303be1e32427db44
urn:ure:t6:occ:function:current-client:007f0550	0x007f0550	leaf	FUN_007f0550	55	0	132	0c88b9ee0885e454bc6a18fbdbba605a07c8ebe8a6d678ca84377814de49ba8b
urn:ure:t6:occ:function:current-client:00a2d7c0	0x00a2d7c0	leaf	FUN_00a2d7c0	55	0	133	c243c5c7564197eeed0418c5ef9924f2dac04d564688a202a4f4c04f0196b4af
urn:ure:t6:occ:function:current-client:009e9440	0x009e9440	leaf	FUN_009e9440	55	0	140	8f79cc6ff23c7cf99fb3045b87fa953d0d25d354e98bf6df354ca9e2f2aeec83
urn:ure:t6:occ:function:current-client:00760890	0x00760890	leaf	FUN_00760890	55	0	141	882ddf35f0b3576f5dc1fb68c4d8663907db3540cda332dfc0a304df5f087b1a
urn:ure:t6:occ:function:current-client:006b08d0	0x006b08d0	leaf	FUN_006b08d0	55	0	142	8ef8dc4e796a62e6355a125faa474b3c119a88668976256fe31291cd92e9b75b
urn:ure:t6:occ:function:current-client:006c01a0	0x006c01a0	leaf	FUN_006c01a0	55	0	142	9d4352d5f24a6b3b835512559367a763ad1a7ca05274ea493be580036575bcec
urn:ure:t6:occ:function:current-client:009e2b5d	0x009e2b5d	leaf	FUN_009e2b5d	55	0	145	1979b208cd913e808ce93a2b53f13a2c317e0a04bf8a9013ade263be3dd3ac0c
urn:ure:t6:occ:function:current-client:005fe690	0x005fe690	leaf	FUN_005fe690	55	0	147	d671b35c54824af6bdcf241593d898b79681181bcaea33566649e053581fe3da
urn:ure:t6:occ:function:current-client:009de810	0x009de810	leaf	FUN_009de810	55	0	150	543153948bba1ec7be3467f8acf6559a50ef18de443c6533f214461863a79c56
urn:ure:t6:occ:function:current-client:00531e80	0x00531e80	leaf	FUN_00531e80	55	0	154	dbeebd579eafde810f512ccfa3bffd558be92855fa2b3e1ae45ad17b580c67c1
urn:ure:t6:occ:function:current-client:00570e40	0x00570e40	leaf	FUN_00570e40	55	0	154	86a1c9d7101624d4a32dffaf416c616ac4ac7d5c196b3cc1e070d09ce1877a15
urn:ure:t6:occ:function:current-client:0058dc10	0x0058dc10	leaf	FUN_0058dc10	55	0	154	6254d30329a7a9105edd649a405aa0ae9384dd96ab2bb818269197ab1d434653
urn:ure:t6:occ:function:current-client:005fb3b0	0x005fb3b0	leaf	FUN_005fb3b0	55	0	154	08dcc51ec718fc56ddd48cf70cbf9576af341bcd8962a850fcbb2c9728a998f5
urn:ure:t6:occ:function:current-client:00613480	0x00613480	leaf	FUN_00613480	55	0	154	c097ab9b9fa5dd9be2d534ee33695965613aaf2a18a27849c2377f54eecd10fc
urn:ure:t6:occ:function:current-client:006876f0	0x006876f0	leaf	FUN_006876f0	55	0	154	ed875c31593c045d150f4d66ca8605366aae900f27f1c3ca17f34e04d37413dc
urn:ure:t6:occ:function:current-client:00507010	0x00507010	leaf	FUN_00507010	55	0	160	1af67705c8094de41668a7dc4d92619460da6e8c875ace58c19a19e7577e1f3f
urn:ure:t6:occ:function:current-client:00859210	0x00859210	leaf	FUN_00859210	55	0	165	2f967cd602346d2a3d83f558c49333b3c30e029120db182c0414ad08e2867b79
urn:ure:t6:occ:function:current-client:007e62a0	0x007e62a0	leaf	FUN_007e62a0	55	0	167	f4178b159b5930e50862acdecf54581655e2b19e1e1a6b105d31fd09fa59d906
urn:ure:t6:occ:function:current-client:007e63a0	0x007e63a0	leaf	FUN_007e63a0	55	0	167	351823c8ce7a4dbf4e472e8a7c2adff4a1ecc77a494b3e491736b05253bf4cfe
urn:ure:t6:occ:function:current-client:007e64a0	0x007e64a0	leaf	FUN_007e64a0	55	0	167	e9d59900aaec996e1b4d36caf9e3a8416095998b996f560636199acab5de25f1
urn:ure:t6:occ:function:current-client:006242a0	0x006242a0	leaf	FUN_006242a0	55	0	168	ced86b439979c090f804f411b3388a99f816d08c98dc20e8bcd46a90f1998385
urn:ure:t6:occ:function:current-client:008cc230	0x008cc230	leaf	FUN_008cc230	55	0	168	dc6498223ae52390529d2d1f615b5098a7956e518256a2641811c47d4bb9f040
urn:ure:t6:occ:function:current-client:006ab2b0	0x006ab2b0	leaf	FUN_006ab2b0	55	0	169	f18422916f92d0bc1e8b53735966cf00041daa1826a35a33891b159b10520f6b
urn:ure:t6:occ:function:current-client:00896ed0	0x00896ed0	leaf	FUN_00896ed0	55	0	172	2be51257e23022734d04ac637b2f375c6a74de90a725089e259157b7b5231143
urn:ure:t6:occ:function:current-client:0090c910	0x0090c910	leaf	FUN_0090c910	55	0	178	26d9062240c7ce93bda610b2b8917a711ac184b9d033970ede9daf822bcc030a
urn:ure:t6:occ:function:current-client:009ce850	0x009ce850	leaf	FUN_009ce850	55	0	178	0ba40cbb8fc23ad79fa231d7860b1a588b59b9bf75203e8b61f54e5e13e3d203
urn:ure:t6:occ:function:current-client:009ce910	0x009ce910	leaf	FUN_009ce910	55	0	178	a032fffdc63766c7ed1941a8244a8a6deaef383744f6e1b0c648f17d88cacd33
urn:ure:t6:occ:function:current-client:005ee4a0	0x005ee4a0	leaf	FUN_005ee4a0	55	0	189	9dc2138e53874b6c42d17cb08e1922431b10b808dac847fffad4e4e69c5dada9
urn:ure:t6:occ:function:current-client:00684760	0x00684760	leaf	FUN_00684760	55	0	199	e25b21bbf4b2f51a3c778292d01e3bdc034093e92594d0fda9409d33b9332c35
urn:ure:t6:occ:function:current-client:005afa40	0x005afa40	leaf	FUN_005afa40	55	0	207	280e77bc9ecd620bdc7ce178cc07a6e88b23c9b7194d1620f3f97d0ba4b015b3
urn:ure:t6:occ:function:current-client:00910f60	0x00910f60	leaf	FUN_00910f60	55	0	229	ae4acaed61e19be4e7f54ea81f47e319f720aa02403baa05fb43f3ef463dd871
urn:ure:t6:occ:function:current-client:0076f6c0	0x0076f6c0	leaf	FUN_0076f6c0	55	0	278	16dbc132d03867701cab108d220744670ec9a33eccbe11f55c30ce6fbb8a4ae0
urn:ure:t6:occ:function:current-client:007904d0	0x007904d0	leaf	FUN_007904d0	56	0	115	2fb54b4ffee764cab5bc73f2eedfa52a3f2b28af3a3be9d3ad6209ac22bdccd8
urn:ure:t6:occ:function:current-client:004ab1f0	0x004ab1f0	leaf	FUN_004ab1f0	56	0	121	fd989ecb62c2560b3c38b8df20fe68ed89dfa3ed88236da5b1a7b46a7f235e0c
urn:ure:t6:occ:function:current-client:009b38c0	0x009b38c0	leaf	FUN_009b38c0	56	0	121	60b9851891dbf9bfbeb463b9b1c5f8971ac6d8a7c07ff2a6e353548cc59e192e
urn:ure:t6:occ:function:current-client:00542ed0	0x00542ed0	leaf	FUN_00542ed0	56	0	125	b694f5828842a40d66e0fb367d434e908bc2d172a1c1e55b48a86a622e9c2f0b
urn:ure:t6:occ:function:current-client:004914c0	0x004914c0	leaf	FUN_004914c0	56	0	136	eac796de3b6142a42a242f4a93c16cdaa78cca6df575a0e5274f135be214872f
urn:ure:t6:occ:function:current-client:005b9510	0x005b9510	leaf	FUN_005b9510	56	0	156	e08fba2a729c98351ce36c1268c70fc598e3fec7045399e37b87ca805440ac30
urn:ure:t6:occ:function:current-client:00530cea	0x00530cea	leaf	FUN_00530cea	56	0	160	fd7869c058397db9cb139a7d0f3ab5cea58b014743d7657f5e044d5e2e7b7724
urn:ure:t6:occ:function:current-client:00a9ad18	0x00a9ad18	leaf	___hw_cw_sse2	56	0	160	c04b57774bf9d5187c20d82eb303d0e131e31cbbb11257b715f5be5017d57d45
urn:ure:t6:occ:function:current-client:004a9960	0x004a9960	leaf	FUN_004a9960	56	0	164	983331caaaba730a0761da9cfa72cbf6825f9a880da4945510425099af7c20c5
urn:ure:t6:occ:function:current-client:00776af0	0x00776af0	leaf	FUN_00776af0	56	0	165	e796c69c9d2dbdb6af871e01dcb25f52f23323e7cb149266e4efcf8fa39b51f6
urn:ure:t6:occ:function:current-client:009e3000	0x009e3000	leaf	FUN_009e3000	56	0	165	d8d755fb3dbbc3eba525c4ab74199154d51e4be3952afb10b16d621978d03334
urn:ure:t6:occ:function:current-client:00a14600	0x00a14600	leaf	FUN_00a14600	56	0	169	bd4d6a16110a180f1e55359f91414946707d6dfae1eea6e6ce163f9856e5c139
urn:ure:t6:occ:function:current-client:0080d570	0x0080d570	leaf	FUN_0080d570	56	0	170	6188bb5dc9dc8342469459e60e2661d335b228e2f991489ce522aaadb43b11e1
urn:ure:t6:occ:function:current-client:00805a40	0x00805a40	leaf	FUN_00805a40	56	0	174	9f8f370e09ec0b796179b65a293303f7049c5be19587e4867f5b6620c5992e97
urn:ure:t6:occ:function:current-client:00638040	0x00638040	leaf	FUN_00638040	56	0	184	207ccfbfb74dbd658f74adf9e8047d8ba417e3b08ee9c037752497a2d8313119
urn:ure:t6:occ:function:current-client:0049a6f0	0x0049a6f0	leaf	FUN_0049a6f0	56	0	191	535656c1523384da481a90ac537021219d6031743c83c896cb9ce9db02f4b7ff
urn:ure:t6:occ:function:current-client:00657e40	0x00657e40	leaf	FUN_00657e40	56	0	200	6ace208d3662896e1e3bde0edf50ba347257275d733af0c7459174331590dedc
urn:ure:t6:occ:function:current-client:009e3fb0	0x009e3fb0	leaf	FUN_009e3fb0	56	0	200	721633c54acd7234d75193631ad0e8e6c9079caacf05e15befe82e84f4b7991a
urn:ure:t6:occ:function:current-client:008ce6d0	0x008ce6d0	leaf	FUN_008ce6d0	56	0	208	cc2167c5b6223b468a0781089f240f00add8be03ff6ace64b0abf4713840d744
urn:ure:t6:occ:function:current-client:004bfb00	0x004bfb00	leaf	FUN_004bfb00	56	0	213	5a7890daf79258340344853c031bea4e61bdaf6ed997e4064c45d9fbf084feec
urn:ure:t6:occ:function:current-client:005b2290	0x005b2290	leaf	FUN_005b2290	56	0	213	8af276d19c7e52fdb2c9a30d8e384bc3ff4da7bfa6099ffc6f8f38d76a817437
urn:ure:t6:occ:function:current-client:006efa60	0x006efa60	leaf	FUN_006efa60	56	0	213	50e84e24ce5b9e90633f38732b7b7ff62f00c77d770b7e20c815c5e79be583b0
urn:ure:t6:occ:function:current-client:00905910	0x00905910	leaf	FUN_00905910	56	0	233	3dddf31ef9a7b12cc037e1d39a338c2fcd9305916fa5552e04a567589f82e4b8
urn:ure:t6:occ:function:current-client:00941400	0x00941400	leaf	FUN_00941400	56	0	243	6e4785474a561c44539076768e305fc7c0e9590c3f49bbcb96d315bbccfde8a5
urn:ure:t6:occ:function:current-client:00476440	0x00476440	leaf	FUN_00476440	56	0	256	8f418c2a2d63cb0615a46b930928c50e7ffb8ff3b5ced915cb0afb8c2b798787
urn:ure:t6:occ:function:current-client:00ad02f0	0x00ad02f0	leaf	FUN_00ad02f0	57	0	96	25da6cef60e3176f8d78b0e3fdda48ceee16344d3057fb227ede53eb25d09175
urn:ure:t6:occ:function:current-client:00a6e740	0x00a6e740	leaf	FUN_00a6e740	57	0	108	84093087ef4bb72fc19e2581b4d5bdf3ded9ee9eed54264909b8032f630b6c4f
urn:ure:t6:occ:function:current-client:00621d30	0x00621d30	leaf	FUN_00621d30	57	0	129	862dc83449ed39aa8e374b4204acffa01bb38bb630ec4043c778101619199c59
urn:ure:t6:occ:function:current-client:008f2bb0	0x008f2bb0	leaf	FUN_008f2bb0	57	0	133	d0f80c79b939340a472b1a53585134f6de668ba831c01a4113bf2e2ae2e1383c
urn:ure:t6:occ:function:current-client:007e9230	0x007e9230	leaf	FUN_007e9230	57	0	136	6763f43d53b48680ac646b0c5d1e142ea5a99aee49dbe40c5f15b0ca869a2187
urn:ure:t6:occ:function:current-client:00432480	0x00432480	leaf	FUN_00432480	57	0	138	28d5a975cd01bbc6c9c9ede6c4db6016df56e92a3d617fa042e4e532ef3ef719
urn:ure:t6:occ:function:current-client:0047dfe0	0x0047dfe0	leaf	FUN_0047dfe0	57	0	138	68a6e40daf7818427f42e8a06df9ac0e1ddf68343d68e99db3ace76bbf065e24
urn:ure:t6:occ:function:current-client:005b8f90	0x005b8f90	leaf	FUN_005b8f90	57	0	138	9ca375e9deca4f86d9ac62ab67eed8d313907ed7cb7bd247aa53b659f2c96471
urn:ure:t6:occ:function:current-client:005b9920	0x005b9920	leaf	FUN_005b9920	57	0	138	b095c675cfc716a2e7ea2dc04d71a7f2c215b9313c15a5dfb1b0f04f4daf7fa7
urn:ure:t6:occ:function:current-client:0064a4b0	0x0064a4b0	leaf	FUN_0064a4b0	57	0	138	36395f26f42a82cceabba4b4832c46c2a5172cc62066126140cae52a0511314a
urn:ure:t6:occ:function:current-client:006d52d0	0x006d52d0	leaf	FUN_006d52d0	57	0	138	ebc7bdd64899e588f695889cbffc3a4f099c93f9e4a8f73a6e574c41fa89aa04
urn:ure:t6:occ:function:current-client:007ee2f0	0x007ee2f0	leaf	FUN_007ee2f0	57	0	139	b6107401527e9e868dd982ba3f4c9285a71c423d551f595ef8e90393182daa18
urn:ure:t6:occ:function:current-client:0067c0e0	0x0067c0e0	leaf	FUN_0067c0e0	57	0	147	55c60669ce025486be6009f92f6e58663f45ca52d147f5aa2cb776306c948dbd
urn:ure:t6:occ:function:current-client:0086a490	0x0086a490	leaf	FUN_0086a490	57	0	150	e188ca6be655a72370fc9bfb68d824d3928464c3165ee0f6f5ca3a8d33b5570f
urn:ure:t6:occ:function:current-client:0086a930	0x0086a930	leaf	FUN_0086a930	57	0	150	32d42810a5f804860a64a439283ef6a01ca5ad9fa058772a183173f78eab8d22
urn:ure:t6:occ:function:current-client:00492480	0x00492480	leaf	FUN_00492480	57	0	160	10548db4a391fb06e2b6aa5d6037c0e1aa69370b2ee17ed8578a591144b67ee3
urn:ure:t6:occ:function:current-client:00934290	0x00934290	leaf	FUN_00934290	57	0	160	9ee63bf6a6c7b2edfa68ed9bc3e79d889748932cc8df47a3daf88ca048335c4d
urn:ure:t6:occ:function:current-client:00729180	0x00729180	leaf	FUN_00729180	57	0	165	7b0a548b4a6684f27ba5b135e0d78bb2a2f3a3956bdf845c911b6244d1f61f3d
urn:ure:t6:occ:function:current-client:00798ba0	0x00798ba0	leaf	FUN_00798ba0	57	0	175	233a9434a940cd12827a734c645705330bf7136b2d469ea9f3a82b7487d107b3
urn:ure:t6:occ:function:current-client:00710750	0x00710750	leaf	FUN_00710750	57	0	186	2aa9909da84208c78924d345f1ec6e6019944fc6dd2e38d0548eedd011a00a8a
urn:ure:t6:occ:function:current-client:00726370	0x00726370	leaf	FUN_00726370	57	0	207	de5aaa639ebd280fe55f0c63dd852e9f1051645ae490206e485e29093e92d776
urn:ure:t6:occ:function:current-client:0090f970	0x0090f970	leaf	FUN_0090f970	57	0	207	f99f44e25813fced426a924542f78bb588dd3da29d5793f1322c909d349a1026
urn:ure:t6:occ:function:current-client:0077e240	0x0077e240	leaf	FUN_0077e240	57	0	213	58313d926320cfdc17c9d9095c3dcddb655f6c22e2ac813e765e63cca4ee4d35
urn:ure:t6:occ:function:current-client:00a134b0	0x00a134b0	leaf	FUN_00a134b0	57	0	216	f29e60f6a93a5d571f812a9e5401e58a46d2e0a1de3a289cc6176ee8721198fd
urn:ure:t6:occ:function:current-client:00886a60	0x00886a60	leaf	FUN_00886a60	57	0	229	515a8a23cd1c6f4ac3299c8b00d1d0a13b9018f329d5cc6e5ff31da38613be4b
urn:ure:t6:occ:function:current-client:00755f30	0x00755f30	leaf	FUN_00755f30	57	0	235	60950f952d907241aca6b24bec5871d56647fd4e9528fc1d0b1a0fd733d3989f
urn:ure:t6:occ:function:current-client:009f2c59	0x009f2c59	leaf	FUN_009f2c59	57	0	241	3920477b285087e29c1374ef5573fc3c8d58a7892dacd00a9f9ed387277d316c
urn:ure:t6:occ:function:current-client:00614c20	0x00614c20	leaf	FUN_00614c20	57	0	242	4ed555ab4f62ff2750860933ef2f32eaf0ccfaad1329a43a27b8353f3788b6ac
urn:ure:t6:occ:function:current-client:00941fd0	0x00941fd0	leaf	FUN_00941fd0	57	0	248	e0a7975c8878e6e4260bf85903a8ec41de4128f97246c1795e8cc9e3d1549aa9
urn:ure:t6:occ:function:current-client:006ba990	0x006ba990	leaf	FUN_006ba990	58	0	119	c9dc196a1e0b4aaee001b8ff6fc5daca3383801c808ab86c302a9169d8adefa8
urn:ure:t6:occ:function:current-client:00a54190	0x00a54190	leaf	FUN_00a54190	58	0	126	07fbb51f08ef9c054d78c81286931f3431ef196396579341e1627b759a2d9c99
urn:ure:t6:occ:function:current-client:00a54210	0x00a54210	leaf	FUN_00a54210	58	0	126	5aa83dbb653d5deaaa5c32c7e78355d8894ed9528f0fc4a05b78ad131adb03f2
urn:ure:t6:occ:function:current-client:00a57470	0x00a57470	leaf	FUN_00a57470	58	0	126	7f0a75f4a0b016c0e03af18fb2f7ed3f4485e60b4bf035477eda7c030cc5a607
urn:ure:t6:occ:function:current-client:00b057d6	0x00b057d6	leaf	FUN_00b057d6	58	0	127	c09ff25c331fea53744f221e28f2497b51328422a9742a36b12f5e0d657a1251
urn:ure:t6:occ:function:current-client:00b058a6	0x00b058a6	leaf	FUN_00b058a6	58	0	127	a152908e0f237dc0e4978ba40dc51566ea1c1777a7785ee27ea67c6209b9b5d6
urn:ure:t6:occ:function:current-client:00611a10	0x00611a10	leaf	FUN_00611a10	58	0	131	93280a7e6cf4048c8e194630c66662405c75ea030270dbe33bee0f5cb1f4e14c
urn:ure:t6:occ:function:current-client:009d9ba0	0x009d9ba0	leaf	FUN_009d9ba0	58	0	133	0ce4b55e92c1863f3c94fde6f8ebe210e691ab2340d865bf5644f362add43595
urn:ure:t6:occ:function:current-client:0068a310	0x0068a310	leaf	FUN_0068a310	58	0	134	4ab1e53cae960ea948d8aac7099d7cccc35e532c245cef39b5de7691f8b1ac4b
urn:ure:t6:occ:function:current-client:00a840ef	0x00a840ef	leaf	___addlocaleref	58	0	143	f966060dee1c65dca0e0f64e37098e096c4894610f5d79cfb94225621391a0fc
urn:ure:t6:occ:function:current-client:00499760	0x00499760	leaf	FUN_00499760	58	0	145	23183d244e258e3517c2014b1a4eb97f3afc15d06cb3ddbb9046baf135fb91a1
urn:ure:t6:occ:function:current-client:00a8df60	0x00a8df60	leaf	__aulldvrm	58	0	149	106b501e819fc91bbe63e9d1399d58966a0ad64e9db30078334ccdf21f01fdf8
urn:ure:t6:occ:function:current-client:00910810	0x00910810	leaf	FUN_00910810	58	0	169	e794bda256029e0f5a2395957891bff41e32f4901293dfb2bba7eccb438adc3a
urn:ure:t6:occ:function:current-client:00611810	0x00611810	leaf	FUN_00611810	58	0	170	2b7aa837c19566bec538656a5a680664d2b4d5f630e7bb62ae5d0dc729740fb0
urn:ure:t6:occ:function:current-client:009e37e0	0x009e37e0	leaf	FUN_009e37e0	58	0	177	102ba13a2cd93dbc1c5c74a0fb2281c1cdd2a1e2db9669c545469b77e6ff0d58
urn:ure:t6:occ:function:current-client:00403c30	0x00403c30	leaf	FUN_00403c30	58	0	181	e0616bf438f8919904df6275f93d19d647cc3ed63ec3f25c5ea3d7db141a3d82
urn:ure:t6:occ:function:current-client:00477350	0x00477350	leaf	FUN_00477350	58	0	181	4091cf0766108a9c2c9e283d7fe052dd8345d05611e1a9115dd13c0e1bddbb54
urn:ure:t6:occ:function:current-client:0080b3e0	0x0080b3e0	leaf	FUN_0080b3e0	58	0	199	d088ebb73da44a9a8c7135b5f8fb48919436acb4daa8623e2606084274859e04
urn:ure:t6:occ:function:current-client:00561940	0x00561940	leaf	FUN_00561940	58	0	216	ffae965cc0c797f31f90ed289158631d87ae45b51ace45d2ed100bcebc0db65a
urn:ure:t6:occ:function:current-client:00957160	0x00957160	leaf	FUN_00957160	58	0	247	37f464cb13328be0bb8d7fa63cf4bb2c965f213a3cda1264d83037d5fc5b227c
urn:ure:t6:occ:function:current-client:00884670	0x00884670	leaf	FUN_00884670	58	0	255	73eaa932778576ff425c81819f995d511db5a200c24c178b26a6d65c232bac7b
urn:ure:t6:occ:function:current-client:00720610	0x00720610	leaf	FUN_00720610	58	0	314	8908b82195d73a8c54cb6819cf2bb4b5c5c62becac923b2e00d93bcc4322bafc
urn:ure:t6:occ:function:current-client:00a73070	0x00a73070	leaf	shortsort	59	0	123	87998a9c5dc148bd1cfe85cbd733bfd6fc0ca5b7816aa0b3804e17216a983a94
urn:ure:t6:occ:function:current-client:00800870	0x00800870	leaf	FUN_00800870	59	0	137	80e82f4e82f9c1caccb7914000141f75165d053d9da2ac75e85f359745e39b1d
urn:ure:t6:occ:function:current-client:00a291a0	0x00a291a0	leaf	FUN_00a291a0	59	0	139	ac59cf7ba62ddc318342ec6d4d505f57d827eaadf3c8137b024f2526bc9e13eb
urn:ure:t6:occ:function:current-client:00628e70	0x00628e70	leaf	FUN_00628e70	59	0	146	84fc7d0e49e0123e055f9f9a8629de7fc050941c3842f7d23c3413c330da5b1b
urn:ure:t6:occ:function:current-client:00a53bf0	0x00a53bf0	leaf	FUN_00a53bf0	59	0	146	d696d06b9fafbc5c468f544640fc0184e8ff368875fad914c4e359bb6528bf99
urn:ure:t6:occ:function:current-client:0050adb0	0x0050adb0	leaf	FUN_0050adb0	59	0	147	e5d62472dc9f73e4a5fbce2457dbec6b0a7cb92a08b8d79521512a7cf3351f62
urn:ure:t6:occ:function:current-client:0080b740	0x0080b740	leaf	FUN_0080b740	59	0	147	e93a262d1b9af333c33698ce97b37004e121ab70b29ec862f1e049d6f14c15ed
urn:ure:t6:occ:function:current-client:00a1d5d0	0x00a1d5d0	leaf	FUN_00a1d5d0	59	0	148	de67836e2dfa7dcfaf3b4ea5131d6d92959aeb6a04f0ef17c16d0ab400e81ace
urn:ure:t6:occ:function:current-client:0061ca50	0x0061ca50	leaf	FUN_0061ca50	59	0	151	52fa62c9a3e04ac20c5f473920e0c407502794f50602909e2841bf70f7d5c9c6
urn:ure:t6:occ:function:current-client:00adc320	0x00adc320	leaf	FUN_00adc320	59	0	154	1f9f81ea8e3faa4a17fcc5c8026df54cee028119f14ca037a9c40d474f4c9668
urn:ure:t6:occ:function:current-client:00515230	0x00515230	leaf	FUN_00515230	59	0	155	3652840a160c18971b271f074c51af15bc4b1b179c8548a8f6a6e1c4dc6b4fd7
urn:ure:t6:occ:function:current-client:00a570f0	0x00a570f0	leaf	FUN_00a570f0	59	0	157	1fa7fd54597ff8b06860f89a50db23848588774119c7633a460e535a10fa419b
urn:ure:t6:occ:function:current-client:00996c60	0x00996c60	leaf	FUN_00996c60	59	0	159	a776fd84ad1ae03595fbe671d4bdfece53cf5cceacb7cae869512391e55fb16f
urn:ure:t6:occ:function:current-client:00997150	0x00997150	leaf	FUN_00997150	59	0	159	a776fd84ad1ae03595fbe671d4bdfece53cf5cceacb7cae869512391e55fb16f
urn:ure:t6:occ:function:current-client:009971f0	0x009971f0	leaf	FUN_009971f0	59	0	159	1fc1db1dcd86e1d8a650445933d6380ccc7ee545a590811dd5bc6728e43ba576
urn:ure:t6:occ:function:current-client:00449250	0x00449250	leaf	FUN_00449250	59	0	160	d7becd6f9d14ed6a95bbd43d68d08b85d6ece7f6a5cc9cad0ec8a5e0d029504b
urn:ure:t6:occ:function:current-client:007fd0e0	0x007fd0e0	leaf	FUN_007fd0e0	59	0	168	53f62e359b4068e7db601857e74ab68a3ba589b448ed782f5aec27bc933b3656
urn:ure:t6:occ:function:current-client:0059b5a0	0x0059b5a0	leaf	FUN_0059b5a0	59	0	171	270cc790a0d5dc7ecdf3537745c613c0dc7519989e840188feb93de1069b288f
urn:ure:t6:occ:function:current-client:00996510	0x00996510	leaf	FUN_00996510	59	0	171	270cc790a0d5dc7ecdf3537745c613c0dc7519989e840188feb93de1069b288f
urn:ure:t6:occ:function:current-client:00996920	0x00996920	leaf	FUN_00996920	59	0	171	77b610f2e3fc7334450dfe522e3824ea5062ec0c9b96cdc345e625a878757750
urn:ure:t6:occ:function:current-client:009f2406	0x009f2406	leaf	FUN_009f2406	59	0	178	ad4525dce1d1d3869a5105f40b8e7fc1855f15f58f9c5277fba0814f9f4ce022
urn:ure:t6:occ:function:current-client:009ea667	0x009ea667	leaf	FUN_009ea667	59	0	192	185e9b2bce56fac5ac7d16a9d0e8f856c020e5a355e01ed770aa626e8e52d5f5
urn:ure:t6:occ:function:current-client:008e7500	0x008e7500	leaf	FUN_008e7500	59	0	196	5ceed422c00eac5d00a58b7ea3ab3dec79761dca90b5fed0a40fc1e7d027eef2
urn:ure:t6:occ:function:current-client:00869440	0x00869440	leaf	FUN_00869440	59	0	197	939fcab48e85017d607c3bb33c152601c67d2d500201887049c502c710399873
urn:ure:t6:occ:function:current-client:00a07c30	0x00a07c30	leaf	FUN_00a07c30	59	0	203	e7ecff31f70687f635f0549282ecdbb397a7ff3e1290e38edeaef46586e1ae86
urn:ure:t6:occ:function:current-client:0054f6e0	0x0054f6e0	leaf	FUN_0054f6e0	59	0	211	331dea0d065d0fc3f2712626dfe7982b66a962aefc5bfdbad1d29e29a30d6b30
urn:ure:t6:occ:function:current-client:005d8c60	0x005d8c60	leaf	FUN_005d8c60	59	0	229	4c0079193dc6cf247beb38ab64965a0dd173da9f5b71ca1a2f99b07ba2f4d70d
urn:ure:t6:occ:function:current-client:006906e0	0x006906e0	leaf	FUN_006906e0	59	0	231	741f4070a467838c5acef13fed32dd3d037f2632a1bd62d84f7cebad58cf9d36
urn:ure:t6:occ:function:current-client:007652d0	0x007652d0	leaf	FUN_007652d0	59	0	244	7d5f97997f00367f7e1becb088d53e9a6efc912c53f5be9782bdb296d8a57162
urn:ure:t6:occ:function:current-client:008d9120	0x008d9120	leaf	FUN_008d9120	60	0	133	a54223bc9073f7070317961e378e15ea3a0d25795b78829742f7116144665406
urn:ure:t6:occ:function:current-client:0057e000	0x0057e000	leaf	FUN_0057e000	60	0	139	5789bf7c465ae1e61275ef170e2109ff22bcbc51d32aa9085d0d0f64f6442162
urn:ure:t6:occ:function:current-client:0068a730	0x0068a730	leaf	FUN_0068a730	60	0	144	9d73b2d973f84155115b7a76e1e92998224a22b9a5cc802b92bd9e8aa7373c1e
urn:ure:t6:occ:function:current-client:0052dc70	0x0052dc70	leaf	FUN_0052dc70	60	0	151	298fd0cc55d2c93565b934c316dc4b004053f239334d118776a6aae325077daf
urn:ure:t6:occ:function:current-client:0059abb0	0x0059abb0	leaf	FUN_0059abb0	60	0	151	6f90a95f21e339b782917ad23b1397d009681b64c29b292c6c3b4d5e8be06a5e
urn:ure:t6:occ:function:current-client:005cc4d0	0x005cc4d0	leaf	FUN_005cc4d0	60	0	151	9157047dca78917aca2c3de828a08218990af4d0c7375ce4bcb6a0532fe0445e
urn:ure:t6:occ:function:current-client:00691110	0x00691110	leaf	FUN_00691110	60	0	151	0c2452dca7fa596fb45fe3119c2aa22ef3a5cf44cce0c65b75b6072547a10d32
urn:ure:t6:occ:function:current-client:0085b370	0x0085b370	leaf	FUN_0085b370	60	0	151	1d4c4a391df884bbca0065ff69cd899c2d97923e0e84a0459432d565ac731566
urn:ure:t6:occ:function:current-client:009de2d0	0x009de2d0	leaf	FUN_009de2d0	60	0	153	fe5a4d23d18966ac13a39985881d70ade63bd5a9b0b7d2cebad1bc83c9f5fe53
urn:ure:t6:occ:function:current-client:00a3ce70	0x00a3ce70	leaf	FUN_00a3ce70	60	0	154	d6facd60126cd4ae7c01a5214d03a4fec2bf5e55051726d37cd02d8f0cdd310c
urn:ure:t6:occ:function:current-client:00735130	0x00735130	leaf	FUN_00735130	60	0	166	0baa6c2215a0515713a99c0ab7668822ed4e5fc8f1961713b5cc55917e1c541e
urn:ure:t6:occ:function:current-client:0095a1c0	0x0095a1c0	leaf	FUN_0095a1c0	60	0	177	10c116f5e0efed8332ba5fcf329fe911bcd0301d6df6b9ee3382afea57ee08ea
urn:ure:t6:occ:function:current-client:0053b380	0x0053b380	leaf	FUN_0053b380	60	0	190	0c3591cb07dd023dbaaa5738be19885275c046df57ced80526b87f904e0df7cb
urn:ure:t6:occ:function:current-client:006971c0	0x006971c0	leaf	FUN_006971c0	60	0	190	e3f77e33b6f0e95be2f140f83d43c112ca44ce35ed52aa54e09f89c095a8c809
urn:ure:t6:occ:function:current-client:00808a40	0x00808a40	leaf	FUN_00808a40	60	0	194	c7539255e2b7d5a961ba484261262e6a08ee3522bc64f76fb0133d4d564f2a66
urn:ure:t6:occ:function:current-client:009f4f89	0x009f4f89	leaf	FUN_009f4f89	60	0	219	67740d5e5afe4f1a354e8d7c1f9d0d0f404bacdb760ddd2c3c194bfc285ef014
urn:ure:t6:occ:function:current-client:00989230	0x00989230	leaf	FUN_00989230	60	0	231	9e594f27857a9b5f3a8476e3e9c3efd48b241aedac51b9227fe569278df1c2e5
urn:ure:t6:occ:function:current-client:0072e610	0x0072e610	leaf	FUN_0072e610	60	0	237	f0b9e263a0dda3b74f655d5c70c3b7633ad154d585af4209ab1223cce33495c7
urn:ure:t6:occ:function:current-client:005beee0	0x005beee0	leaf	FUN_005beee0	60	0	250	af275a84d8f844e62bc4dd61dc061e201fb3367f69ae7f9e7b48a3d6b6b0c6a8
urn:ure:t6:occ:function:current-client:00737980	0x00737980	leaf	FUN_00737980	60	0	265	371369e61167d8af720770c621d6b438092f8c09df8ceec24c87402acf9bc976
urn:ure:t6:occ:function:current-client:00766ac0	0x00766ac0	leaf	FUN_00766ac0	60	0	311	0a30e0c14348e41efe5d03ed270a0f434a2c44ae92cb8cfbbc79689b8fbc2798
urn:ure:t6:occ:function:current-client:007348d0	0x007348d0	leaf	FUN_007348d0	61	0	137	8c4bc4d0b0a53feef4827ada2ae044dea5accde58926bf7eacc1b6df1720d574
urn:ure:t6:occ:function:current-client:00a8417e	0x00a8417e	leaf	___removelocaleref	61	0	153	ef7d5a1a9f10b0736d333ed3add1e4cc8c31a9049f77619836bca154fd6c5de1
urn:ure:t6:occ:function:current-client:004bf960	0x004bf960	leaf	FUN_004bf960	61	0	165	80ba39ccea9b85f9a26e0fb917ebd144a5d2d6a9006fe5dd8a9a62ef3ead7889
urn:ure:t6:occ:function:current-client:008d9040	0x008d9040	leaf	FUN_008d9040	61	0	176	2c6e19d5979421ec9fc4f311e34346ea2d77704992daeec5c18f7a898056d883
urn:ure:t6:occ:function:current-client:006cd230	0x006cd230	leaf	FUN_006cd230	61	0	181	e66d9ec3a335e1e50ee30af4777257d2df29b88455a3f2bc387d3be019a483bc
urn:ure:t6:occ:function:current-client:00813a80	0x00813a80	leaf	FUN_00813a80	61	0	182	a229631f8fbb99a920ca3c8d8e3af6d1bf4968c1ff35d514b1aaf0527ce4f3a4
urn:ure:t6:occ:function:current-client:007605c0	0x007605c0	leaf	FUN_007605c0	61	0	199	0378fd093e69786acb7b8b3bc07ba62224480ad60f1d8cc7d9fabae355596391
urn:ure:t6:occ:function:current-client:006149e0	0x006149e0	leaf	FUN_006149e0	61	0	222	9b9a687e69d101e45fb017fb624fc505f6cf48970eb44979dc189e49814cdbee
urn:ure:t6:occ:function:current-client:009e4428	0x009e4428	leaf	FUN_009e4428	61	0	229	d5fb4396709e644b14318f3f8bdb0f9e93755041f5598b9b434312227c5e3f79
urn:ure:t6:occ:function:current-client:009f3ae5	0x009f3ae5	leaf	FUN_009f3ae5	61	0	240	c6f27a205474167a7d24280490b32f0f778af00775f0df826ca04ed3221b5f6d
urn:ure:t6:occ:function:current-client:004f9510	0x004f9510	leaf	FUN_004f9510	62	0	132	7a103095ec89c6c9a9f314f8947143ab047adaad3658f22d2c50a8c60b86b53a
urn:ure:t6:occ:function:current-client:00504440	0x00504440	leaf	FUN_00504440	62	0	139	ca582d6f15649830963612ba9cf99ff04b013d9db7a9bafe23d999d98d07057c
urn:ure:t6:occ:function:current-client:00914850	0x00914850	leaf	FUN_00914850	62	0	139	82aa0fe3be46018cf9e4cc69935c9d9dc1338f9267db4f556123ad93e34ca6dc
urn:ure:t6:occ:function:current-client:00739060	0x00739060	leaf	FUN_00739060	62	0	152	b139da443d3ede6f410f7809c136b57711923ef4c1b0270545c06d1755138642
urn:ure:t6:occ:function:current-client:0068c000	0x0068c000	leaf	FUN_0068c000	62	0	156	5d44c2e6f8b6ca934760b8cb946bcb9e374f590c40b86f253e5e97f207b126f1
urn:ure:t6:occ:function:current-client:00b40b55	0x00b40b55	leaf	__getextendedkeycode	62	0	179	08cc3bf64ef1867cacf2247e7901fa230048178dcc2175bc1ef6b39efa54b214
urn:ure:t6:occ:function:current-client:0053cc70	0x0053cc70	leaf	FUN_0053cc70	62	0	190	4f840b12cb82de6216590b07e3fa07417e06a61e7f727716c07f5161cc27156b
urn:ure:t6:occ:function:current-client:009392d0	0x009392d0	leaf	FUN_009392d0	62	0	196	739ceba41ee4e952d6c81c5e18bbf3ef19c5a03918a41bcc50aaaa6073743ca7
urn:ure:t6:occ:function:current-client:008ddb20	0x008ddb20	leaf	FUN_008ddb20	62	0	208	fdaf6afcc3b3ff2c26de9fcaad51de2546ae2e79723e57c24087f2721679f876
urn:ure:t6:occ:function:current-client:009f67b0	0x009f67b0	leaf	FUN_009f67b0	62	0	217	e86d2791122af4c7592035720b6e66beb81d9fbb71970ba30264637a8203745a
urn:ure:t6:occ:function:current-client:0042d410	0x0042d410	leaf	FUN_0042d410	62	0	264	dcbd4723f6ea85c1764882ee6c03bd4b36d8427ccd7feadba477d271c41cea06
urn:ure:t6:occ:function:current-client:0075f080	0x0075f080	leaf	FUN_0075f080	62	0	311	691787e707b735f275ca79d15949606231fe7f4301ba240a5bc2f7fe18eec11a
urn:ure:t6:occ:function:current-client:008d76c0	0x008d76c0	leaf	FUN_008d76c0	63	0	133	226ee0645a407e9a595739cf55c25ec54c28eb855f29b2557760d32547be3797
urn:ure:t6:occ:function:current-client:00941a40	0x00941a40	leaf	FUN_00941a40	63	0	176	f80ddd1802bbdd02033497b3fbcf5269018a158faacbe832da608b462d57b88e
urn:ure:t6:occ:function:current-client:0073dc50	0x0073dc50	leaf	FUN_0073dc50	63	0	181	d1875c2380501f767a1b08a11fe1b008fd646d43b1a30c6770655e5fe2c2403e
urn:ure:t6:occ:function:current-client:00a01e80	0x00a01e80	leaf	FUN_00a01e80	63	0	182	6f04387e1bdf5c66ff772a992c10660ac08d96546decafb438c34fe78b63d2ad
urn:ure:t6:occ:function:current-client:006b66f0	0x006b66f0	leaf	FUN_006b66f0	63	0	185	0542adc0567df8ae8ee575a2dcac7679e89e57d7b839fbcccb4627952ddb8e36
urn:ure:t6:occ:function:current-client:004d8550	0x004d8550	leaf	FUN_004d8550	63	0	189	1dd793fac28b808727b6e85a33394d6bccfa1ca61b4e4b6f983bc2e36d9ea5c1
urn:ure:t6:occ:function:current-client:00a0b9d0	0x00a0b9d0	leaf	FUN_00a0b9d0	63	0	192	15aa9a6145b6745a35a4561daf8a6853bcc2a9cb799fef7ea285754134a0c379
urn:ure:t6:occ:function:current-client:004b7f40	0x004b7f40	leaf	FUN_004b7f40	63	0	195	3f28e31f40abeec035795ce9002d2aeee43893f78e71f1745007292ad5fdcedc
urn:ure:t6:occ:function:current-client:005fedb8	0x005fedb8	leaf	FUN_005fedb8	63	0	195	dbb1d09cbe5f08efea82d7618336b6b5be656d3682431a7aee85d426b18927e6
urn:ure:t6:occ:function:current-client:008e3ee0	0x008e3ee0	leaf	FUN_008e3ee0	63	0	200	4279bee947172a4c55e0b3fcb5cce20c9ac43fd180082465831678430c09c788
urn:ure:t6:occ:function:current-client:008d8e10	0x008d8e10	leaf	FUN_008d8e10	63	0	202	993f7207147c76a36bc4c1d38566c392c8319c8ead15bfdc1a82f6e03ec00860
urn:ure:t6:occ:function:current-client:00739d20	0x00739d20	leaf	FUN_00739d20	63	0	219	dd224a932ee5be52d8cdf054ddd09fcbc9ca76c8ac87c02ce622d3006b80c260
urn:ure:t6:occ:function:current-client:009eaa50	0x009eaa50	leaf	FUN_009eaa50	63	0	223	c5c5b3fab6aaf80d9ef9c6a8dad09ba5f79f63d65cde75e053e867a4b471259f
urn:ure:t6:occ:function:current-client:007e66d0	0x007e66d0	leaf	FUN_007e66d0	63	0	228	e9c56723ed72d7b720b5842ebadd5f7af88f2621a73babfd8619734c12a9fd89
urn:ure:t6:occ:function:current-client:0082be40	0x0082be40	leaf	FUN_0082be40	63	0	249	f73320cce213d3c4c4b46e2566bcfd5d9aaf6a3b6b00c898a27039937514f68a
urn:ure:t6:occ:function:current-client:00647300	0x00647300	leaf	FUN_00647300	63	0	251	e75848440fe8f2a98504670f199de0a54a27dfa913aad60e89bc0e2843508267
urn:ure:t6:occ:function:current-client:0067c1a0	0x0067c1a0	leaf	FUN_0067c1a0	63	0	264	51d3715509fb41045f82e5b0245db3a7fe9f8ea951ef5630b0671a819cc8b2b9
urn:ure:t6:occ:function:current-client:0061b0a0	0x0061b0a0	leaf	FUN_0061b0a0	63	0	272	7592ae3baca5689cd434fd065cd6ab42dc45dfaafc3a90b36bf88fccd5a4766c
urn:ure:t6:occ:function:current-client:0050e9d0	0x0050e9d0	leaf	FUN_0050e9d0	63	0	274	0f26ab46e36ba6ebf1c18b529c6f873dbf9375ef8a1cc64d7ee9ce18c788ffa9
urn:ure:t6:occ:function:current-client:006123c0	0x006123c0	leaf	FUN_006123c0	63	0	289	79b3b376c96bb928e0518d5a43f1e56e0dace601a5364d1206c4286fde93ad2a
urn:ure:t6:occ:function:current-client:00b3e970	0x00b3e970	leaf	FUN_00b3e970	64	0	142	7e73e99cb171703214fd3cc29242be2caae700e4bd0912a318aa12ce207c231b
urn:ure:t6:occ:function:current-client:00578120	0x00578120	leaf	FUN_00578120	64	0	143	8884a3230b8128c77837583bbab2126479c46be23959ed8e4e168bb3806cc7bc
urn:ure:t6:occ:function:current-client:00772770	0x00772770	leaf	FUN_00772770	64	0	153	9662d60151bbb35e2d246ac1dea6c013e53eec27cd92b12e648f6a1fc27c4c62
urn:ure:t6:occ:function:current-client:00533300	0x00533300	leaf	FUN_00533300	64	0	164	c4a4007952a6ff86b1185f814398647f6b88d51d598e8ee2044cc3b27a1aede5
urn:ure:t6:occ:function:current-client:004b17e0	0x004b17e0	leaf	FUN_004b17e0	64	0	168	7959d6dbe41023d572f24f7329912c2ccc0f1d1fc6e780472440dde0edf0404e
urn:ure:t6:occ:function:current-client:005372d0	0x005372d0	leaf	FUN_005372d0	64	0	168	5a1ef9d7f56fb91b8754fe4ffea0a9fdbd742e42599141ec0c87de3a533c9ef3
urn:ure:t6:occ:function:current-client:009bace0	0x009bace0	leaf	FUN_009bace0	64	0	169	1e42c24acd1805b6263793091fe45c3b4e866b9c9cdc1557e567718a9d0ced3d
urn:ure:t6:occ:function:current-client:00448e90	0x00448e90	leaf	FUN_00448e90	64	0	178	46a7d16e688a863a95c849e51365911ba5ffb3690e971ea69198135e3690e56d
urn:ure:t6:occ:function:current-client:007ee230	0x007ee230	leaf	FUN_007ee230	64	0	181	6b04d14fa31e978a745fb7e1cdee56f8086a1c3e4ffe04b4d5e09a2a7fa1e492
urn:ure:t6:occ:function:current-client:005c5fb0	0x005c5fb0	leaf	FUN_005c5fb0	64	0	193	626aa2b1f284fabc6c22ca01b861516b27eb6afb1f76731e811e5b0ac800b2f5
urn:ure:t6:occ:function:current-client:007385c0	0x007385c0	leaf	FUN_007385c0	64	0	194	38e5a5ca7b05f7344d73049559029043d7022cdb1399db7a5ece820f0312b105
urn:ure:t6:occ:function:current-client:00456850	0x00456850	leaf	FUN_00456850	64	0	197	a7593c9877874bc0f07cc4cb969da0733cf30fbf80fb1278c7ddad87446582b3
urn:ure:t6:occ:function:current-client:0069deb0	0x0069deb0	leaf	FUN_0069deb0	64	0	208	1cb804944ae8439d63e99c354710fd500548dfce7d049488d6c989b920a68e94
urn:ure:t6:occ:function:current-client:008d7240	0x008d7240	leaf	FUN_008d7240	64	0	212	32de12ed2150b26193e276968b4ae3255d771daf9a1564744a19e4d38b275d39
urn:ure:t6:occ:function:current-client:00a7e264	0x00a7e264	leaf	_store_num	65	0	123	f1417819847823013cb1317e8941301b7d05fc458c269f6f1c1732a804b77047
urn:ure:t6:occ:function:current-client:009fe8f0	0x009fe8f0	leaf	FUN_009fe8f0	65	0	150	77b230152e70afd67a7a14311c6f2ba82207b0b26f2c06296fb58b0a3da14f89
urn:ure:t6:occ:function:current-client:009ca170	0x009ca170	leaf	FUN_009ca170	65	0	153	250c654a2dce8aac090e5e5d60c92e1d0b8b58ec808ea636e5e1deb1cd3d0dce
urn:ure:t6:occ:function:current-client:004f9090	0x004f9090	leaf	FUN_004f9090	65	0	158	2c33f24bbd105e041717837f0ca5601c059ac7c2b3c7651e74525e0b30b33996
urn:ure:t6:occ:function:current-client:00655bd0	0x00655bd0	leaf	FUN_00655bd0	65	0	158	357736a2f73c2cd8075058b114fcd8c5db1002d0e67e4c3fbd84bbb7e60f7de7
urn:ure:t6:occ:function:current-client:006579a0	0x006579a0	leaf	FUN_006579a0	65	0	158	0c2bd5d0309e93008efd14ae47a2d06d2057f256cd6672ad8137df9844a54e6e
urn:ure:t6:occ:function:current-client:009110e0	0x009110e0	leaf	FUN_009110e0	65	0	160	24b7f2d11b75749de203dc3345cc71eeffcfada830c489acba001a43d9f24662
urn:ure:t6:occ:function:current-client:00ac0a20	0x00ac0a20	leaf	FUN_00ac0a20	65	0	162	ea2484cb2e5624aa81b0e72b38604ebb6d9278d7e5a503ef18e686de4d69870d
urn:ure:t6:occ:function:current-client:009398a0	0x009398a0	leaf	FUN_009398a0	65	0	176	c6448c3acea5b1fd09db9ac78f295472ca6fa490659aa9548f2ff5dfa4052014
urn:ure:t6:occ:function:current-client:004e56e0	0x004e56e0	leaf	FUN_004e56e0	65	0	202	8df506c8755bb6999527b56b982326922bbbb7b33abb9a96de89df5486a17283
urn:ure:t6:occ:function:current-client:009c0680	0x009c0680	leaf	FUN_009c0680	65	0	203	93ac267bae51cf0d13fd40bcbe2f72471df37cf7b9f26cfa3a5879da8f4a3702
urn:ure:t6:occ:function:current-client:007607b0	0x007607b0	leaf	FUN_007607b0	65	0	217	91e41aed0daf0cb9518465b1402abcbea3c2cdec8fbf78a96dd7eddd3c9e5023
urn:ure:t6:occ:function:current-client:009e298a	0x009e298a	leaf	FUN_009e298a	65	0	226	a0a27988d7e406354bacd416693343518c056dd10d47bb171ca4be4f7044e3ec
urn:ure:t6:occ:function:current-client:009ea8c6	0x009ea8c6	leaf	FUN_009ea8c6	65	0	229	6ff97d2a2cc6e7369f332b0b87cc4f02e2e4a7af7980e9cc5690f4e6cda6a5ce
urn:ure:t6:occ:function:current-client:00427f90	0x00427f90	leaf	FUN_00427f90	65	0	234	f92e3776519d467b78c144fa3dee9140cdd01555f4565c1e8615021563fe7eaa
urn:ure:t6:occ:function:current-client:008d92f0	0x008d92f0	leaf	FUN_008d92f0	65	0	262	88f7a8c90b864e397edc005da14109e71226c31c9ea2cb00409d0fd4cb6d9eee
urn:ure:t6:occ:function:current-client:008d91e0	0x008d91e0	leaf	FUN_008d91e0	65	0	263	2dd3ae310598cdb91529e2998f1aff4eb71fadcad34cfe9caa68cdc9cd5f3877
urn:ure:t6:occ:function:current-client:0060cab0	0x0060cab0	leaf	FUN_0060cab0	65	0	268	b78eb445eb4c7a1bfe1fed1b42881d6b9a060382a79aeaa50551d5a1b8656d13
urn:ure:t6:occ:function:current-client:00a2b110	0x00a2b110	leaf	FUN_00a2b110	66	0	135	e40f04a127dab3d8ebcad98d5e5bac5478b82050fbe5140772a56391a5bda1fd
urn:ure:t6:occ:function:current-client:00a2b1a0	0x00a2b1a0	leaf	FUN_00a2b1a0	66	0	135	e40f04a127dab3d8ebcad98d5e5bac5478b82050fbe5140772a56391a5bda1fd
urn:ure:t6:occ:function:current-client:007854a0	0x007854a0	leaf	FUN_007854a0	66	0	145	5acae55ad66499241eac3f63975d0bf6a43a677a678b45520add37124c2082e4
urn:ure:t6:occ:function:current-client:00adc1b0	0x00adc1b0	leaf	FUN_00adc1b0	66	0	146	95f90b82daa509509f7d7f568531286ff83aaa5fa1bfdfff74b9b6e3ec26e89b
urn:ure:t6:occ:function:current-client:0068d330	0x0068d330	leaf	FUN_0068d330	66	0	152	b9a84c04cc47ab71a903b4873f295e5b74ccc9d6f0eb61ea49f47f14bffbab20
urn:ure:t6:occ:function:current-client:0057a010	0x0057a010	leaf	FUN_0057a010	66	0	169	93f5d8377c78586826babc163131e33ae5129c1a26c5b1b867ddee55215b8ade
urn:ure:t6:occ:function:current-client:00598dc0	0x00598dc0	leaf	FUN_00598dc0	66	0	181	8ff470022d3ceb00d4fa87ebe9561d437412c08ac43dcb674877bc991345779b
urn:ure:t6:occ:function:current-client:00a80a01	0x00a80a01	leaf	__setmode_nolock	66	0	187	4db5cfb451371d1f4705002c672afe307aebfa185a9e0b0baeb3c75be8616619
urn:ure:t6:occ:function:current-client:005b30a0	0x005b30a0	leaf	FUN_005b30a0	66	0	188	60cca4a11d14e3cda144023e272139afa55410b6ce07b8f77def81c069abd76f
urn:ure:t6:occ:function:current-client:00784df0	0x00784df0	leaf	FUN_00784df0	66	0	192	eb2fcdbae10fdfe8d435a0626129e3fbf8552692185f3e32b9c5768d33592b21
urn:ure:t6:occ:function:current-client:009f6d72	0x009f6d72	leaf	FUN_009f6d72	66	0	200	6d730af6c9b8eebee629dfd4251fc6df5a6411cbc75c6ec63fa45b2fbfe273e6
urn:ure:t6:occ:function:current-client:009fc2e0	0x009fc2e0	leaf	FUN_009fc2e0	66	0	208	c971112866935f6ef5fb18147b87e085c59a0384674b62b5f1789266b264037f
urn:ure:t6:occ:function:current-client:007e9dd0	0x007e9dd0	leaf	FUN_007e9dd0	66	0	210	a5efea932b494970d121ec37f26654c6581ea2fbaf319200bbdfcfa3b7c2a789
urn:ure:t6:occ:function:current-client:00409590	0x00409590	leaf	FUN_00409590	66	0	226	19635030503a70fd24fc9a84209c3add4c2c25b3ec8c7b67ed65e49b9f0290dd
urn:ure:t6:occ:function:current-client:009c54d0	0x009c54d0	leaf	FUN_009c54d0	66	0	237	e5147141a62a6407779fed1f86e7793a1ec16c0d33f7bdb94dde95a31fe0c93b
urn:ure:t6:occ:function:current-client:009fa540	0x009fa540	leaf	FUN_009fa540	66	0	277	442ced71e7471e84b70a35db2d3889dd86f7513a433ba362523577e06e3e703f
urn:ure:t6:occ:function:current-client:00785540	0x00785540	leaf	FUN_00785540	67	0	148	711644a8b8e1f97d9eb7424661b891b14abc5188f50c5a8a76bc0efc1d3d9e56
urn:ure:t6:occ:function:current-client:00af86a0	0x00af86a0	leaf	FUN_00af86a0	67	0	152	bfa04c6bf810aa6f2c86c7439a178eae0874c64450cde5afd7860d7ca5b6d4e1
urn:ure:t6:occ:function:current-client:00afd900	0x00afd900	leaf	FUN_00afd900	67	0	155	330fd1e7d8d4a490b2c708b560303bc9215ea245b0843cca177866733a887130
urn:ure:t6:occ:function:current-client:00b0fd40	0x00b0fd40	leaf	FUN_00b0fd40	67	0	158	edd84c3db063c6518110ad03f369c21b1fb248773d93385e8310e98d066b6619
urn:ure:t6:occ:function:current-client:009b3030	0x009b3030	leaf	FUN_009b3030	67	0	185	6054b5547acbe88c4ff167f272733db631dd1e7062c712bf1bd087aee98eb8fc
urn:ure:t6:occ:function:current-client:0072b6f0	0x0072b6f0	leaf	FUN_0072b6f0	67	0	188	08b4e58dfff6ee0066920e41ed7ba8b218b3814434cad37765c3b2be87f927c7
urn:ure:t6:occ:function:current-client:0052fdb0	0x0052fdb0	leaf	FUN_0052fdb0	67	0	192	73611158768b636c74f184b37d1642cc10a3c9b01e08b9318919b3bd860470bf
urn:ure:t6:occ:function:current-client:0077ed70	0x0077ed70	leaf	FUN_0077ed70	67	0	205	6713efd3f71361ff174b4276b5d49500ceaa78b9189c98d0bdf35bce97726376
urn:ure:t6:occ:function:current-client:00a0a650	0x00a0a650	leaf	FUN_00a0a650	67	0	215	1f530c92d58d1be53e51dbda75f150838ad2b061b76fecd69c0a6e72443d1276
urn:ure:t6:occ:function:current-client:00912e80	0x00912e80	leaf	FUN_00912e80	67	0	231	be55decf6b3f97fa8b95788f97120d2377575113923e81a4cf8b8c7dc028d2a0
urn:ure:t6:occ:function:current-client:0074f170	0x0074f170	leaf	FUN_0074f170	67	0	232	544db5c7eb260bfe61d84119edb23cdfd8be02464550f64dac785e3f688cd2af
urn:ure:t6:occ:function:current-client:00a9b720	0x00a9b720	leaf	FUN_00a9b720	67	0	279	37dbf76ada817fe3f95f8c545c286c56adda1fe260170e3bd8defbbbc726eacb
urn:ure:t6:occ:function:current-client:00772810	0x00772810	leaf	FUN_00772810	67	0	291	697fdeb355a28d372c42afec2b8a4516f227b988fccbc261adc2f5c9f9febea9
urn:ure:t6:occ:function:current-client:005c0d40	0x005c0d40	leaf	FUN_005c0d40	68	0	139	fe814face92cf23a613f2be9ef82198293f55e23f54d010073fa6ecf9eff3729
urn:ure:t6:occ:function:current-client:005f51f0	0x005f51f0	leaf	FUN_005f51f0	68	0	155	a2335b1bf1eaefcbe7265366d0b6d44ce42b84b2a52ca085c16be56df6e815ea
urn:ure:t6:occ:function:current-client:00740450	0x00740450	leaf	FUN_00740450	68	0	160	bf7d8f48272029c335185c2b2f2baf79ca7d3c2eca520ff88dec790e11fa1ca0
urn:ure:t6:occ:function:current-client:00881840	0x00881840	leaf	FUN_00881840	68	0	167	33586bdd1aef4da709fef3aacf869d99f1311ce5d01471be066c5113057098cb
urn:ure:t6:occ:function:current-client:006eb1b0	0x006eb1b0	leaf	FUN_006eb1b0	68	0	168	136686e4db49acf945efda10ae76b7c3d5470c5d8d10bec3a9d7956abb99d914
urn:ure:t6:occ:function:current-client:00741840	0x00741840	leaf	FUN_00741840	68	0	196	a2fc2ab7948d283339172a3a2d39a9895108fb8a84d96fc7361eea429e8072e0
urn:ure:t6:occ:function:current-client:00746910	0x00746910	leaf	FUN_00746910	68	0	205	417fd5183bd5657f9e5a9b932f001c263347ee222083b1d357e015282b8f9e9a
urn:ure:t6:occ:function:current-client:00425cf0	0x00425cf0	leaf	FUN_00425cf0	68	0	255	baf46d73c2c475a29ea6e8c753fdfd57ad4fefec7d3eb2a638fcd5bf6fbef554
urn:ure:t6:occ:function:current-client:004c2910	0x004c2910	leaf	FUN_004c2910	68	0	282	615600fcfec0470e05fcc0a90404f86c498b126366dc0a516ccc421b8088b684
urn:ure:t6:occ:function:current-client:00a74fa0	0x00a74fa0	leaf	FUN_00a74fa0	69	0	139	e7fe6d23868bad8a0bbd922d83890126562793442e56e83c791c70860d641686
urn:ure:t6:occ:function:current-client:00872500	0x00872500	leaf	FUN_00872500	69	0	147	a4918fe2c63869a74ece7356f5a4bc8daabc68a14b0699d91a46dbae6be67684
urn:ure:t6:occ:function:current-client:00b05200	0x00b05200	leaf	FUN_00b05200	69	0	162	f84e119eb8d337ffc70eddc42b04bea9afa761be379077524c6f3e1c57792496
urn:ure:t6:occ:function:current-client:0070a640	0x0070a640	leaf	FUN_0070a640	69	0	165	d282ad1920979cbf5295d7b4cdd0f2254dbc2c9935b4da68610d81a70ed2ca74
urn:ure:t6:occ:function:current-client:007518c0	0x007518c0	leaf	FUN_007518c0	69	0	165	74ba5d50920f8378cc85b421aa3bf8a8fc256efff9adffa9978d2e60cdb4e5cc
urn:ure:t6:occ:function:current-client:00a28ef0	0x00a28ef0	leaf	FUN_00a28ef0	69	0	167	0f3e754258cc62112ebf6e5827cc68798dabb59c5760f8e368ff3524cb473a4f
urn:ure:t6:occ:function:current-client:00a28fa0	0x00a28fa0	leaf	FUN_00a28fa0	69	0	175	8dcfd6c487f34d48af17c9c9af7bdd0613be21a29fd654a3a24036ed39efdca5
urn:ure:t6:occ:function:current-client:00a8a8e0	0x00a8a8e0	leaf	__allrem	69	0	178	e1fcf7fc916461a2c414a1e217732d003803a01b8364a6acb293366906fcc724
urn:ure:t6:occ:function:current-client:00a97b57	0x00a97b57	leaf	___dtold	69	0	179	097788b83eb3dbde6bbba41d75f00ab4ab8db624571b9d8de00eb9797d6e4492
urn:ure:t6:occ:function:current-client:00acd2c0	0x00acd2c0	leaf	FUN_00acd2c0	69	0	180	b076847d433c13cca62e88d663d0f0c765fbd0fd5eef4d799cc1a219d808163b
urn:ure:t6:occ:function:current-client:005ec640	0x005ec640	leaf	FUN_005ec640	69	0	181	08452318a58ad3eef653fe803ccbfce3194c337b310b420d09e51b73dcdfa7a2
urn:ure:t6:occ:function:current-client:009dd0c0	0x009dd0c0	leaf	FUN_009dd0c0	69	0	186	66579a9e2b349eb77530162c75abd43a1f0944d4bfbc0e87ebcb52602442b766
urn:ure:t6:occ:function:current-client:004ab120	0x004ab120	leaf	FUN_004ab120	69	0	200	af12a0644119b326d8af133b43be7a2599881eb3d9db0ad5dcd659ba4a423c7d
urn:ure:t6:occ:function:current-client:00450b40	0x00450b40	leaf	FUN_00450b40	69	0	214	fa931027060ed0e065791a8077fb99d1be410610b7d4e8c6edf485a27c85795b
urn:ure:t6:occ:function:current-client:009e94d0	0x009e94d0	leaf	FUN_009e94d0	69	0	217	fc9c224a59c5cbc4100665a618e91f326db7e71c716600ad08ab27aa9e74dc01
urn:ure:t6:occ:function:current-client:0043a380	0x0043a380	leaf	FUN_0043a380	69	0	231	c9006a111112763a8526a0189e4a9823ff9a70c2f03942ba1ad30f3c84c88ff7
urn:ure:t6:occ:function:current-client:0075f820	0x0075f820	leaf	FUN_0075f820	69	0	234	5cb5995b4852f9066433a76a9ad841925f93b4d744cf66f464831d4cb192ba36
urn:ure:t6:occ:function:current-client:00635ec0	0x00635ec0	leaf	FUN_00635ec0	69	0	241	4a397f97b842ba3ba9d22e35013b94914a982acf340ecd80cff0bac09c745479
urn:ure:t6:occ:function:current-client:009ea727	0x009ea727	leaf	FUN_009ea727	69	0	247	dc2c74046f81b4d44b4443e342f6013c49c72e6953d4d685f15c0428486606c6
urn:ure:t6:occ:function:current-client:006a9760	0x006a9760	leaf	FUN_006a9760	69	0	250	5c937c0abb410bb9f189b66703a96805181f18199745af25c2d19b139e854a37
urn:ure:t6:occ:function:current-client:00900740	0x00900740	leaf	FUN_00900740	69	0	267	8794326d5913d845342d42c402485ade3fd2f18a58b623b6b1eb01e3d738b42b
urn:ure:t6:occ:function:current-client:006e49c0	0x006e49c0	leaf	FUN_006e49c0	69	0	277	8c252cf953e66a03a6057da5a4e8359d61369dab4fb0196b5d09d10bd570ae81
urn:ure:t6:occ:function:current-client:005b2ac0	0x005b2ac0	leaf	FUN_005b2ac0	69	0	290	39f0d6dabbdc79b6f5472d72579b05162e43b51276c35a2c5b9b11a40b8c5dee
urn:ure:t6:occ:function:current-client:004bc650	0x004bc650	leaf	FUN_004bc650	70	0	151	29fbff86785eb2ca221a707a50af34480ae2dd7e3c55e27e0a516813a82254cb
urn:ure:t6:occ:function:current-client:00917a77	0x00917a77	leaf	FUN_00917a77	70	0	164	88a5c8b8060e406ff28c8ade510f0217b807cf7b7e1dffe118ea6034a706e2b6
urn:ure:t6:occ:function:current-client:0088f870	0x0088f870	leaf	FUN_0088f870	70	0	167	5f57087e8162a208a63baf17ddc774e5a8104774f21b81d222f6f380c6755b10
urn:ure:t6:occ:function:current-client:00a75060	0x00a75060	leaf	__alldiv	70	0	170	8964dcf0d769cb61dd4354feac00491ae8c1b34eb9627a4c5ec2d4350243d395
urn:ure:t6:occ:function:current-client:005fdda0	0x005fdda0	leaf	FUN_005fdda0	70	0	180	eb74eed5901fe49cee3bc7e55daed72bf04068bf4bd87081855648703511856a
urn:ure:t6:occ:function:current-client:008e8480	0x008e8480	leaf	FUN_008e8480	70	0	198	59977ce2dfa78b96f99503adeab53beb6c9c479e63d4fce431d9fe6103820b4e
urn:ure:t6:occ:function:current-client:0056e280	0x0056e280	leaf	FUN_0056e280	70	0	202	71863e54c1c34cae3774060e58645964ea85c216fd755454c7fa40862716c22c
urn:ure:t6:occ:function:current-client:005ec370	0x005ec370	leaf	FUN_005ec370	70	0	205	72e032e650db3cbbf112cf969a7ebc84ca9d4d7b38e52f73e566f4760773bf05
urn:ure:t6:occ:function:current-client:008e8630	0x008e8630	leaf	FUN_008e8630	70	0	208	1139c3afa79ffdf6afb1968ff360213c4ed0fb4549a8af92ebbed1c9963ec1d1
urn:ure:t6:occ:function:current-client:009db910	0x009db910	leaf	FUN_009db910	70	0	221	e6c8b03e1a1b5dc42ffe54bc50fde9a046f663ff7c36dcdc6f025b0d70d799c0
urn:ure:t6:occ:function:current-client:008169b0	0x008169b0	leaf	FUN_008169b0	70	0	224	45537b8237439616286681f1a20e24d440d01b0bb2b4a4c2cf8f776071eab0b0
urn:ure:t6:occ:function:current-client:004d0e40	0x004d0e40	leaf	FUN_004d0e40	70	0	225	d525edb22d5ec8d549f530a1b69be09806d9f67a006ff103b7dbd4efb824ab9d
urn:ure:t6:occ:function:current-client:007603f0	0x007603f0	leaf	FUN_007603f0	70	0	241	7a6f8a5c52453b09f9ecfaecc4af328cea746c65dab07d98177f9c3993f005ab
urn:ure:t6:occ:function:current-client:004863f0	0x004863f0	leaf	FUN_004863f0	70	0	248	791fb459a5331899fc7a62f2d820cfb7ce29cbb4c78c4e341f77463c827e668a
urn:ure:t6:occ:function:current-client:006206c0	0x006206c0	leaf	FUN_006206c0	70	0	269	16ad2b0e9039903f3babf867ff32751ed17cc168534323d464579d7e8621c7ac
urn:ure:t6:occ:function:current-client:007d3d90	0x007d3d90	leaf	FUN_007d3d90	70	0	270	0b65e9606114638f3c376204dde1a0845f33e399124b9c26e301e08eb725cbbd
urn:ure:t6:occ:function:current-client:006c0000	0x006c0000	leaf	FUN_006c0000	70	0	286	ba5d32296b2ca69e122bcdc83b6d0dd472e9bdc01621a663656999218efaa4d6
urn:ure:t6:occ:function:current-client:0089ace0	0x0089ace0	leaf	FUN_0089ace0	71	0	158	e8c2b7a4570903eef9243f1dc0d1d20196c7d3f97378a623d51effc7d5cec3a3
urn:ure:t6:occ:function:current-client:00613060	0x00613060	leaf	FUN_00613060	71	0	163	5a2cc2548a525ec27df2f0038ba997f6c726219d90767cf6e8802a012fc799bf
urn:ure:t6:occ:function:current-client:008c6360	0x008c6360	leaf	FUN_008c6360	71	0	167	5f6a67d35080220c65fd6406b898b33ead05940f68a8087772e7de3299779e66
urn:ure:t6:occ:function:current-client:00aee270	0x00aee270	leaf	FUN_00aee270	71	0	188	4034c75835ae1511b05a65e81598d3a08afc89156d6838b3c0f57c44d2a1ea63
urn:ure:t6:occ:function:current-client:00729880	0x00729880	leaf	FUN_00729880	71	0	213	08346fbd9c6cfabc3c06d6dfcd6de97267c7f196d3389ab07d1837282670252b
urn:ure:t6:occ:function:current-client:009e8096	0x009e8096	leaf	FUN_009e8096	71	0	222	ba72b86dd3db89dd2efd7678b1faa00ec47cc0bab22320b4f04f0c4a0989454f
urn:ure:t6:occ:function:current-client:0051a710	0x0051a710	leaf	FUN_0051a710	71	0	232	06d5f5313a487b04f50016f05b64d8ce3fef11356ce5f55f0dfe1306acbe04c5
urn:ure:t6:occ:function:current-client:0045ab30	0x0045ab30	leaf	FUN_0045ab30	71	0	233	5d2329487200688405750bd0b1d6d4f1e16cac982279c748b4b8512e43b9422d
urn:ure:t6:occ:function:current-client:00881480	0x00881480	leaf	FUN_00881480	71	0	233	d23b553cde3e00004339c4d90926e478841a9924340be7fe4ea41d1e41a5995b
urn:ure:t6:occ:function:current-client:00890590	0x00890590	leaf	FUN_00890590	71	0	254	802788a755412f2e03fab0adfdb8b438eedbf568c13085617f858922adbeab68
urn:ure:t6:occ:function:current-client:00524ab0	0x00524ab0	leaf	FUN_00524ab0	71	0	299	919162e78ca0b7ef424dcaca4683d9cea724e909c13bce8957fff7a1ef7b3e28
urn:ure:t6:occ:function:current-client:009b84f0	0x009b84f0	leaf	FUN_009b84f0	71	0	302	cdbe52693abfbb6aa7cb46cd0ba9c9c9dda280139774b3ff64423796c4b9d791
urn:ure:t6:occ:function:current-client:00682730	0x00682730	leaf	FUN_00682730	72	0	160	c9b56e7a84e4cc568c3a4df72738b896c2319d9eb7608386eb7fdd9e34e3d6a6
urn:ure:t6:occ:function:current-client:004ce3b0	0x004ce3b0	leaf	FUN_004ce3b0	72	0	164	f77bb94168445162441928ae1a7360adb3be2f62b25a32dad510117f22e4080f
urn:ure:t6:occ:function:current-client:0043cfe0	0x0043cfe0	leaf	FUN_0043cfe0	72	0	169	2ffd6f19c271fe2911026264141ad774630b43946b0908bab5ed21689e8359ff
urn:ure:t6:occ:function:current-client:0057fb20	0x0057fb20	leaf	FUN_0057fb20	72	0	176	bff64a7b37fa27a495cd496d41d756d6864714ac0e183dd51b0a2f1e3d975e87
urn:ure:t6:occ:function:current-client:00614ae0	0x00614ae0	leaf	FUN_00614ae0	72	0	179	45c870ee9eee4089e9c9b111e93286d7f09c046450f40c22a9996e8059d81ee6
urn:ure:t6:occ:function:current-client:006aad40	0x006aad40	leaf	FUN_006aad40	72	0	184	ee6673c26f4d22f2c6ffe8da97a1e4bb84fc288bce8e5b1e6d7754e3e2a47ebc
urn:ure:t6:occ:function:current-client:008968b0	0x008968b0	leaf	FUN_008968b0	72	0	207	29c85980e3b8a2194bf12d2f62a58d91423316520581ca40c759d435faa05c36
urn:ure:t6:occ:function:current-client:0071f960	0x0071f960	leaf	FUN_0071f960	72	0	210	9c6cede68c675874bec0978708f35c76bf8d9b31e1276bd49d49fb93e4863fa2
urn:ure:t6:occ:function:current-client:008e77f0	0x008e77f0	leaf	FUN_008e77f0	72	0	222	8768563caa9b4c02517b599429b4428ad36e2d0d8cb6765686d09af62618ecc2
urn:ure:t6:occ:function:current-client:00a0a9c0	0x00a0a9c0	leaf	FUN_00a0a9c0	72	0	239	891e44f22e8358893be4463a9bedc93d98619e32cb31576bd4ef838b50991d87
urn:ure:t6:occ:function:current-client:006bc470	0x006bc470	leaf	FUN_006bc470	72	0	277	415e1f78a0aca70e683fc6596ca625a36e644ad4d099db9f5bbc17e4a7edbe9a
urn:ure:t6:occ:function:current-client:009f2d4a	0x009f2d4a	leaf	FUN_009f2d4a	72	0	277	866ee91e1f8e0fb2065c261745a448bb5d67ea71ae49a9548b13493ec395d168
urn:ure:t6:occ:function:current-client:00516f40	0x00516f40	leaf	FUN_00516f40	73	0	172	341613d48a736389a81dbe1c1d08c3c1d5d343a5a32ab3b6468aeffd14d7fb5b
urn:ure:t6:occ:function:current-client:00630410	0x00630410	leaf	FUN_00630410	73	0	176	7b1b7eaa58595d0239b0e3736390c42af5fc993c85884c6e207e4a25c27b5f75
urn:ure:t6:occ:function:current-client:00a3cbf0	0x00a3cbf0	leaf	FUN_00a3cbf0	73	0	180	15ca3eaefd1de89d6b595b920e910ff0095c59326a7ffd1de94cc53159371865
urn:ure:t6:occ:function:current-client:00a4f8a0	0x00a4f8a0	leaf	FUN_00a4f8a0	73	0	180	da5df05c6a392f13721a49f6bcf8fde80d7b45d9b753c913435715278bd1b6be
urn:ure:t6:occ:function:current-client:00a80f42	0x00a80f42	leaf	__VEC_memzero	73	0	183	b743ff168fc8c3b2243abb8b1d732eac45977f49a5aae2c30bf594566f17df91
urn:ure:t6:occ:function:current-client:004563a0	0x004563a0	leaf	FUN_004563a0	73	0	188	4c01732fe1b1ee133b19ea4e4acb96e090e8b40cfc7c57fff66aab531bf59170
urn:ure:t6:occ:function:current-client:00712ff0	0x00712ff0	leaf	FUN_00712ff0	73	0	188	76106a209357cfc12f6cbdd0aca519b9686ebe7770326656fd422ccc9a0299d8
urn:ure:t6:occ:function:current-client:00a5da30	0x00a5da30	leaf	FUN_00a5da30	73	0	188	a211fa4ab2c91f2cb7cee7d234a630cb38d9f77b9489d6e0b72cdb8e3138614b
urn:ure:t6:occ:function:current-client:00a357f0	0x00a357f0	leaf	FUN_00a357f0	73	0	189	6bf36d5f06c09bf040c5b1635032f156b870b538e51ddd3f3036002c6663e29e
urn:ure:t6:occ:function:current-client:008dd060	0x008dd060	leaf	FUN_008dd060	73	0	192	0a56e56881ee074e898374e587c8df39ba5d4ea4b052aa8a8d34be4521744889
urn:ure:t6:occ:function:current-client:00788900	0x00788900	leaf	FUN_00788900	73	0	227	5edcd23d27bfded28edc86df886a44789bc0326fa046c54a8e2048ddc3248388
urn:ure:t6:occ:function:current-client:00808cf0	0x00808cf0	leaf	FUN_00808cf0	73	0	245	b998ea0a3a42843e376a807b8c6174e8931f69f60138e8fc45ecc44dbd958ddc
urn:ure:t6:occ:function:current-client:005bfce0	0x005bfce0	leaf	FUN_005bfce0	73	0	259	10c93b2776b1c1e1c86f97e5533fb93f15b222e081166837cdc11cd3463ef0fe
urn:ure:t6:occ:function:current-client:006f1d30	0x006f1d30	leaf	FUN_006f1d30	73	0	272	966b296461e552e7c98ebcd9b342ff481b1940e7d6be714a301064a6ef2cdaee
urn:ure:t6:occ:function:current-client:0049f3c0	0x0049f3c0	leaf	FUN_0049f3c0	73	0	278	b01f9e29b7758db582b002dd3e23d66bb9f67bb34b3da203c4a2cf8f32770ab0
urn:ure:t6:occ:function:current-client:00afdb50	0x00afdb50	leaf	FUN_00afdb50	74	0	174	1cf4fb4e3579b3b1414801663d2c1c13de970a1b381b62da0e007096fbc607a2
urn:ure:t6:occ:function:current-client:00adc250	0x00adc250	leaf	FUN_00adc250	74	0	193	5cd6e9a856b29f36abaf1c1fe2cd4b9ae916f3ff6e049394d95f233758e5402d
urn:ure:t6:occ:function:current-client:00881360	0x00881360	leaf	FUN_00881360	74	0	201	9f49078d5cfc0b4f4068d0b553e3d3fa9d6b7dc8495cb1da7eb41680c4a4d43d
urn:ure:t6:occ:function:current-client:009e7f42	0x009e7f42	leaf	FUN_009e7f42	74	0	202	808fa5abea278f54287702f41706352fbaf6f44adf308ad4533e64efcabedd72
urn:ure:t6:occ:function:current-client:009e6cd4	0x009e6cd4	leaf	FUN_009e6cd4	74	0	208	5136f6913acb8e060324fe76c414374ae83699ffdce53659f88c7718fb7f69de
urn:ure:t6:occ:function:current-client:00488820	0x00488820	leaf	FUN_00488820	74	0	229	aa9a066d2187fef7ccd9cd16c482ff649b842022049bb2bd2ee55832b21d5926
urn:ure:t6:occ:function:current-client:00934430	0x00934430	leaf	FUN_00934430	74	0	233	8a61116ed11712aeaac6bb810ae76ee453c79ac32efb4a3deb2d2c5cf41ee00a
urn:ure:t6:occ:function:current-client:00750b50	0x00750b50	leaf	FUN_00750b50	74	0	238	4d50dd9a243f8b0c6d3632078f2b46a07f1bb233c71c80324241a9cda9c763c9
urn:ure:t6:occ:function:current-client:0048a8b0	0x0048a8b0	leaf	FUN_0048a8b0	74	0	274	4da1955d6cf9c7725200182f9a2d8e653b669f5832ea63ffa20fa7e06426ed2f
urn:ure:t6:occ:function:current-client:00545e40	0x00545e40	leaf	FUN_00545e40	74	0	301	67f2e89c8dcf1db9ef4568511bd86ad66ec9837bec88ab76c61d73e3085cd7e5
urn:ure:t6:occ:function:current-client:0054ded0	0x0054ded0	leaf	FUN_0054ded0	74	0	310	46887ee6ebd667942e85bc83e5e35ef88718824d2c13a8b9ad70442e09777191
urn:ure:t6:occ:function:current-client:00b01030	0x00b01030	leaf	FUN_00b01030	75	0	154	85a43f33b7d20b8bb1715ca833bd5fa229259a68ff434d9812055e060ee79689
urn:ure:t6:occ:function:current-client:00b01220	0x00b01220	leaf	FUN_00b01220	75	0	159	2cc39413724fdcd91c93d17bd2ca4b7a6fe7278a2b04d98bb663da6683bc8b85
urn:ure:t6:occ:function:current-client:00b02670	0x00b02670	leaf	FUN_00b02670	75	0	187	6422d6ed7705a786abfa7d168fc60ddea33871699e0fef6869cda84480b59c34
urn:ure:t6:occ:function:current-client:006dac50	0x006dac50	leaf	FUN_006dac50	75	0	188	b66fe40bd3069ae741a17b5ff6540494b22e7dcb96d1e314c8520bddf59497a8
urn:ure:t6:occ:function:current-client:00726e20	0x00726e20	leaf	FUN_00726e20	75	0	216	0c1bb12df613afc38e83911e2170ff78832ecbb2207fc69c992eadc31e272ce2
urn:ure:t6:occ:function:current-client:009fc170	0x009fc170	leaf	FUN_009fc170	75	0	222	e2e0e513850285367f3161f266a6125416f1cf5c7c44046f6ff2f0a8cf3928ba
urn:ure:t6:occ:function:current-client:009f6c0f	0x009f6c0f	leaf	FUN_009f6c0f	75	0	234	28ea55108bd3acef24cd29332d76ae33828dc44082b42cba3e6b16d3fdc617a4
urn:ure:t6:occ:function:current-client:004977d0	0x004977d0	leaf	FUN_004977d0	75	0	237	a9b45eb474a77969e55f5b9c485852b14e8a4d7d8bb5f65b9e381d4e9a8930ec
urn:ure:t6:occ:function:current-client:00787c00	0x00787c00	leaf	FUN_00787c00	75	0	263	d09af83008f92594cc2cba756417d42fd8303b263d4dccab4cacd4fb44f22202
urn:ure:t6:occ:function:current-client:009f2b40	0x009f2b40	leaf	FUN_009f2b40	75	0	281	54d2b7794a3df6c377b31a44e832a5d6a05baa452ec4bb8845901bc32bc2723d
urn:ure:t6:occ:function:current-client:00430f70	0x00430f70	leaf	FUN_00430f70	75	0	294	998abd285aa66e07d9dae56db7de3c7fe4371534e089447eae9d4ea434945751
urn:ure:t6:occ:function:current-client:00432840	0x00432840	leaf	FUN_00432840	75	0	319	0409257a8352786b71519ce75775f8baedbf7252c14610fcd4dffd588c28b6f3
urn:ure:t6:occ:function:current-client:00633170	0x00633170	leaf	FUN_00633170	76	0	170	84eda4b944e55dc30bda993289633d43da604c375ce163f0eeace9e1893266ab
urn:ure:t6:occ:function:current-client:00a7a210	0x00a7a210	leaf	_memchr	76	0	173	4e96ec5152dff3c4648f00572c6ed10d221e170be7101db0a0a0d6fe9e7b503f
urn:ure:t6:occ:function:current-client:00779510	0x00779510	leaf	FUN_00779510	76	0	189	8f37732c414325f035ffc293e91f76dedc0c753857bce64937d510b86f8e2cb5
urn:ure:t6:occ:function:current-client:00487d70	0x00487d70	leaf	FUN_00487d70	76	0	203	e195fa996f5c11678c97b82bb312cbdfc4db6462f1516ab1b946fc4ea5db7445
urn:ure:t6:occ:function:current-client:009b37b0	0x009b37b0	leaf	FUN_009b37b0	76	0	210	a0cf6d94044a9786f27c6894fe79c2ddb82cb1e6df30af449773dd5cddb198ad
urn:ure:t6:occ:function:current-client:009e7020	0x009e7020	leaf	FUN_009e7020	76	0	212	9b543e0361b94d311765ec19e32978d5551d2df22aae10d9d0bbcc2081e90166
urn:ure:t6:occ:function:current-client:006ef420	0x006ef420	leaf	FUN_006ef420	76	0	223	ab04cf0e7d3cb821b9e34659d976d1c44c9c08d0e2ea623cf837fc945a6c85bc
urn:ure:t6:occ:function:current-client:009f312b	0x009f312b	leaf	FUN_009f312b	76	0	230	df33d09634830645ab8c37a74323ae653512992c235bd206c3a83d00ff60e4fd
urn:ure:t6:occ:function:current-client:007976a0	0x007976a0	leaf	FUN_007976a0	76	0	248	5610c1b002bc93dff431c81cae17eb3e226df327d14a2040c7aa202382168da1
urn:ure:t6:occ:function:current-client:009fb4fc	0x009fb4fc	leaf	FUN_009fb4fc	76	0	262	c4a362a8540ca5807f1f7dd913b376292cd8bbeb6ea5acd13b444b54adf0ba0b
urn:ure:t6:occ:function:current-client:009f301b	0x009f301b	leaf	FUN_009f301b	76	0	272	3c7a0a5a2f36a0019dee38d9ace014c04ecb95bd0a12c75b4101709de911016a
urn:ure:t6:occ:function:current-client:00458e10	0x00458e10	leaf	FUN_00458e10	77	0	193	513cb665961b93a5fdd507377cd257728220f61ec797cc8d74b8ad008fea5e78
urn:ure:t6:occ:function:current-client:00a5d960	0x00a5d960	leaf	FUN_00a5d960	77	0	194	a08037768661776fab976ec6548940db79773c1f84c08fb3e344443f9cbd7083
urn:ure:t6:occ:function:current-client:005848b0	0x005848b0	leaf	FUN_005848b0	77	0	204	5986384968e38780399ab9e66d4c342d2b9c7d34ceedc4c0c9b27efaba7a442e
urn:ure:t6:occ:function:current-client:0088fde0	0x0088fde0	leaf	FUN_0088fde0	77	0	257	534ee9fc9cb00af7a5e3de190d0789eb308e2028d0d442884195b633b231d428
urn:ure:t6:occ:function:current-client:008987f0	0x008987f0	leaf	FUN_008987f0	77	0	272	ae9489cc9c8bd582de907862b9bfe2646af050a1941f6977050248d5b8298396
urn:ure:t6:occ:function:current-client:0070cfd0	0x0070cfd0	leaf	FUN_0070cfd0	78	0	192	2fe8db99309e42283f49d7d0a3c25e2e9d37867bb430557e0df11a06c256e11d
urn:ure:t6:occ:function:current-client:00b14120	0x00b14120	leaf	FUN_00b14120	78	0	195	9e1f9f05123c86ccd1b82489b9977a2ab6ab2371a5060844058c690e19eef264
urn:ure:t6:occ:function:current-client:00a2f500	0x00a2f500	leaf	FUN_00a2f500	78	0	205	0a238eea1330da8a6abfd2510ed4168f0e1075acad571137a76f86f1d38bce35
urn:ure:t6:occ:function:current-client:0056d910	0x0056d910	leaf	FUN_0056d910	78	0	208	4cb4b542ea76b1fa0cdb3904f470143d6a962abce1707a5ca7928419b5e7a186
urn:ure:t6:occ:function:current-client:004186f0	0x004186f0	leaf	FUN_004186f0	78	0	213	db7f289d7d3fd868f10eb5c5e49d59967d597fff511e2ec235c7825b8d838314
urn:ure:t6:occ:function:current-client:006ce400	0x006ce400	leaf	FUN_006ce400	78	0	213	9205d2c9772e8257e864c264c72412c6bfbbf5dfbac8a60d6c328f6573098127
urn:ure:t6:occ:function:current-client:0050ec90	0x0050ec90	leaf	FUN_0050ec90	78	0	233	2b953325ab6cdcfad18a01120d5a6d5a121f1e3a15c213b2b7be41586ebc5ead
urn:ure:t6:occ:function:current-client:00403df0	0x00403df0	leaf	FUN_00403df0	78	0	251	04cf3c1d8e93642150f87a28b8e2e9fd89d6cea82b0d3bd219ba92093e19ee2c
urn:ure:t6:occ:function:current-client:007fc350	0x007fc350	leaf	FUN_007fc350	78	0	255	e3446f8ba2238fd0e38d3988719d19929c8288a0822ce2b5d7bf7c1148be2ffc
urn:ure:t6:occ:function:current-client:0090e360	0x0090e360	leaf	FUN_0090e360	78	0	272	b468e710397d7dce1bcc794ca556621cf7d2611b2d744809d621576526154431
urn:ure:t6:occ:function:current-client:0040f340	0x0040f340	leaf	FUN_0040f340	78	0	277	da18ed78f5db71e1146412f7cba2ab6aea7a0b2b8d4c0efdcd002ac4b4ab56ba
urn:ure:t6:occ:function:current-client:005253d0	0x005253d0	leaf	FUN_005253d0	78	0	289	cb2117b069b844d0986610ea307c87c4d4062bfbd0d350e82a1be8f0b08df195
urn:ure:t6:occ:function:current-client:009d0570	0x009d0570	leaf	FUN_009d0570	79	0	180	4723c680fbc8ca23e2ef6d93dc1d1a0bd20bb592e862ddbdd7b982b7ea0b1446
urn:ure:t6:occ:function:current-client:00785000	0x00785000	leaf	FUN_00785000	79	0	212	920d85d9e9bf35c1ce348a3fd839c1adce0144c1dc622745d6d643f56be3228d
urn:ure:t6:occ:function:current-client:009f8330	0x009f8330	leaf	FUN_009f8330	79	0	223	398338d59bb02d401c231a103bcb58c09ab5646771e73a101e62ab6b0650f795
urn:ure:t6:occ:function:current-client:00642c10	0x00642c10	leaf	FUN_00642c10	79	0	225	01762bafdeafc82b6226cafeef926b2ed3486486d8f620ff6425fc1c26a70402
urn:ure:t6:occ:function:current-client:0080e9b0	0x0080e9b0	leaf	FUN_0080e9b0	79	0	253	e0c5bfce0423d9ac232b4ac4f854bbe55c2b67cbe66b999d97a8153b33bf0fc2
urn:ure:t6:occ:function:current-client:0054fff0	0x0054fff0	leaf	FUN_0054fff0	79	0	279	52d3b0604bf349dac74caef5274d253f0d5beec1da120e8040a92c1653f37c95
urn:ure:t6:occ:function:current-client:00b052b0	0x00b052b0	leaf	FUN_00b052b0	80	0	174	1e1bd7a87ba19dda5af76a2bbd3d2c06a341dfc5651398095af7abf182cb2508
urn:ure:t6:occ:function:current-client:004ba950	0x004ba950	leaf	FUN_004ba950	80	0	181	e2f55107cf71e4bc94bac7b9496d9569a1413480246616b6eb10b90350f51d04
urn:ure:t6:occ:function:current-client:00872240	0x00872240	leaf	FUN_00872240	80	0	185	2917d8f0984506e38873759e3917c92dbf9085c0fa24d300699ad3783c963225
urn:ure:t6:occ:function:current-client:00a73e20	0x00a73e20	leaf	_strncmp	80	0	192	c50c47d6341b99b302adf666a44684850d5bb697fdf38b91174bb69af9f21ce9
urn:ure:t6:occ:function:current-client:0059a8a0	0x0059a8a0	leaf	FUN_0059a8a0	80	0	210	007355c924d58fe6f8d7c12c12d8cdf458afc854aef8be8c0e9d5dc2da97cbee
urn:ure:t6:occ:function:current-client:007fd270	0x007fd270	leaf	FUN_007fd270	80	0	233	d2d3fec9efbe1ea979b2759b846daf91fe201ec5c588eda7aa00f553220bf950
urn:ure:t6:occ:function:current-client:00539650	0x00539650	leaf	FUN_00539650	80	0	243	611eb1af71b151d65bc3c3e8bcc7c207ef45711c839c558f5baaf619566e6b4a
urn:ure:t6:occ:function:current-client:00660700	0x00660700	leaf	FUN_00660700	80	0	243	76742d7b24e463c3bc0e65cb93091a9ecd1621dc723afbc1e1e0c3dd6a0a0a72
urn:ure:t6:occ:function:current-client:009f24c0	0x009f24c0	leaf	FUN_009f24c0	80	0	244	c778994dc9fb4637e46d1cece191d76ca9810c67333d513d167e0be1e7cbf91e
urn:ure:t6:occ:function:current-client:00898ca0	0x00898ca0	leaf	FUN_00898ca0	80	0	286	426ddeeeac7a65bcfb1847aa461473fb73891ae71cc61439fc27a82916a5b55e
urn:ure:t6:occ:function:current-client:00a13ee0	0x00a13ee0	leaf	FUN_00a13ee0	80	0	306	c5c574dcf5746c6a9114c8e62ed7062763a41023da340c812b882af19222dc34
urn:ure:t6:occ:function:current-client:00a14070	0x00a14070	leaf	FUN_00a14070	80	0	306	1e9912ca29833caf1c3b984e72a18042237b57733489b8af4c9013050337f536
urn:ure:t6:occ:function:current-client:00739420	0x00739420	simple	FUN_00739420	49	0	361	82d03f40fff4a2a35c8e0810e010842c73ec565ca7eb8e999e480a6cf4416118
urn:ure:t6:occ:function:current-client:008fa6e0	0x008fa6e0	simple	FUN_008fa6e0	52	0	335	9aba5ffef3116f3d2304b93c733fc4fca95e2644e4f73e264c09553d4b0ea463
urn:ure:t6:occ:function:current-client:00652f50	0x00652f50	simple	FUN_00652f50	52	0	353	dcaa3d993607ce9f22cc9b3276da1b99b31a9a891c91a58ac548b601d17e16c2
urn:ure:t6:occ:function:current-client:0072b3d0	0x0072b3d0	simple	FUN_0072b3d0	53	0	327	18c954d9f9cb9a9201a9f4f1a80720c8435f823bb9976d9071b5520d477125a3
urn:ure:t6:occ:function:current-client:00915bf0	0x00915bf0	simple	FUN_00915bf0	62	0	539	da1f9b6491d199faf9fe03ae8feecb60a1601e0a0f6e63ce74ca2b9a7ef5c943
urn:ure:t6:occ:function:current-client:0067d250	0x0067d250	simple	FUN_0067d250	67	0	343	a3aea33857b857ce092fa53df5375670572e56bc5f25109c27dd290470b67a38
urn:ure:t6:occ:function:current-client:007d3230	0x007d3230	simple	FUN_007d3230	68	0	337	cd7463f3fe3d3eb2820095596857ffa107fc92af5d6d564557c286168e187eb5
urn:ure:t6:occ:function:current-client:0048e8e0	0x0048e8e0	simple	FUN_0048e8e0	70	0	338	241e9dc43e2cd9e071f707185884b43d4f60b75b2fd99db1cfa323eb44568093
urn:ure:t6:occ:function:current-client:004e7350	0x004e7350	simple	FUN_004e7350	72	0	323	83bcbe30980c8211ae196c82edf768bed9b59f03a4792cc044c8f6fd424485cf
urn:ure:t6:occ:function:current-client:00647fb0	0x00647fb0	simple	FUN_00647fb0	73	0	343	c46747dc98b24e00b75efb7b96bdf5fc3abff8e12f46e78a95b5ad08bfe667ea
urn:ure:t6:occ:function:current-client:00771d70	0x00771d70	simple	FUN_00771d70	74	0	496	35de098bfd52a2950e6857f94b5ee81a1658caf6ca9633e1cf7e570b77f2543f
urn:ure:t6:occ:function:current-client:004c8b30	0x004c8b30	simple	FUN_004c8b30	75	0	321	7b69ddefe1b280af3882db28aa9cd0e3c3a0e37bf41807f524c5392a41f333f0
urn:ure:t6:occ:function:current-client:0081fcd0	0x0081fcd0	simple	FUN_0081fcd0	76	0	327	5b17129373787877b7eacfb73785efb7239b6065385b856d2dce5bfba5c95afd
urn:ure:t6:occ:function:current-client:005c6af0	0x005c6af0	simple	FUN_005c6af0	76	0	328	8e51ac7a244440fc455a7f7cf713a634ddbc46e7f0547dda3cee2ce696b687b0
urn:ure:t6:occ:function:current-client:006c9e30	0x006c9e30	simple	FUN_006c9e30	76	0	331	8bdd6cbbdc8e36e0306e81122b5382ecc7c5c74e20e8c93a3d10bfb3cfe8f49c
urn:ure:t6:occ:function:current-client:008cbbb0	0x008cbbb0	simple	FUN_008cbbb0	77	0	354	b8b1f62366bb4d7d7e9d742c03ff764f907baa907c5c5dfcaaa7c24e5aa65798
urn:ure:t6:occ:function:current-client:009f7250	0x009f7250	simple	FUN_009f7250	79	0	343	9cc0447bc77fe6064cfbcf6b5cca81116dba21c7a4a32822c51e8c0d386ca48b
urn:ure:t6:occ:function:current-client:006ce070	0x006ce070	simple	FUN_006ce070	79	0	365	e0dff49a6a29dd359384ea1e69ce534e6efd632f7946e48886139f6bdfccc286
urn:ure:t6:occ:function:current-client:00a29050	0x00a29050	simple	FUN_00a29050	81	0	192	49e9e4ed1c28bf2e7608d3ec56a1ca7e1405f9e420ae699407d9b620ee2368d6
urn:ure:t6:occ:function:current-client:00523620	0x00523620	simple	FUN_00523620	81	0	213	7e5f9b1d15061fb4aa5decbfbb29fd9d84b317dddd524a34c1eb03aa1fe1c6d6
urn:ure:t6:occ:function:current-client:009d30b0	0x009d30b0	simple	FUN_009d30b0	81	0	220	d301c25dc3928250af4a7c436f53aa0973deb8db99db2003def845fe734d7c0a
urn:ure:t6:occ:function:current-client:00b31d00	0x00b31d00	simple	FUN_00b31d00	81	0	248	3ab5dea632f5e4cf99137d1f911149f374b0ff30ad557a4380ebf4e1f8d44997
urn:ure:t6:occ:function:current-client:00ae6f00	0x00ae6f00	simple	FUN_00ae6f00	81	0	275	9336421cdcb1d3ee1511e5b378532f9211fdab3ca692df9f1e467bf171a1f03a
urn:ure:t6:occ:function:current-client:00aee140	0x00aee140	simple	FUN_00aee140	81	0	304	dc63133ddc38f0abac12b256a3eeb2867a78c5caa4de617ae5ccec0eeb9b6c22
urn:ure:t6:occ:function:current-client:007b61f0	0x007b61f0	simple	FUN_007b61f0	81	0	307	abbfd99cc9e3b2fe9b94fb1242e8de58e978dcf1ed3395547e3951a2347c857e
urn:ure:t6:occ:function:current-client:00762280	0x00762280	simple	FUN_00762280	81	0	384	1116e5d94eb43a3118322619cffcea23a3f1ebe51fb8ee04ee7fb3766e39a622
urn:ure:t6:occ:function:current-client:005c4f10	0x005c4f10	simple	FUN_005c4f10	82	0	212	1773b8f23bbb0303a1f9bb5b00a625ca8d72eac734bf9d3445dc8a2ea9953b0d
urn:ure:t6:occ:function:current-client:0056e430	0x0056e430	simple	FUN_0056e430	82	0	215	bad114d26f6d960d27b8ff2df5a38f796c2155c58c41e1d07a70116728533622
urn:ure:t6:occ:function:current-client:00acbb00	0x00acbb00	simple	FUN_00acbb00	82	0	217	f6f6527db0b9a96c99451d4f06c69cf7e09bfe5019f016a3396535b92a87e082
urn:ure:t6:occ:function:current-client:008ceaf0	0x008ceaf0	simple	FUN_008ceaf0	82	0	248	8b944dad3321f4072af0b3dc9715b34b6fd16b66bc3b48e47e242464fa071aae
urn:ure:t6:occ:function:current-client:009f25c0	0x009f25c0	simple	FUN_009f25c0	82	0	251	a0bd4c9c9f07464495b27b09530a409220d080a985931447d183839e0b7c8c31
urn:ure:t6:occ:function:current-client:00761f50	0x00761f50	simple	FUN_00761f50	82	0	260	7942eea455939cbaa855e0f3fa7e5d6d7a37156244a7aa735a0e4382141df1dc
urn:ure:t6:occ:function:current-client:008db910	0x008db910	simple	FUN_008db910	82	0	272	fee50269d4c075dd28a3b1b77cc41e472d3e591f488cf7cf391aaf32c1542dd9
urn:ure:t6:occ:function:current-client:0090dfb0	0x0090dfb0	simple	FUN_0090dfb0	82	0	282	bef804f6bd60f2b5055a50672e0245f1f0b8024eb86a430e5c7aad4b051e767d
urn:ure:t6:occ:function:current-client:0086c390	0x0086c390	simple	FUN_0086c390	82	0	292	e28f6d5b60a62fa78fd6afca214690e7c1edc0920d31b3be38ae76e144f05394
urn:ure:t6:occ:function:current-client:00a7be22	0x00a7be22	simple	FUN_00a7be22	82	0	343	836336c518fdb68354b6bcb01bd2b1d2e547526fb70ece6f74937d5dc4dbc8a4
urn:ure:t6:occ:function:current-client:0047fca0	0x0047fca0	simple	FUN_0047fca0	82	0	350	5afb8de4d9e3c160ffca4abe0f7b6a16aad1ade2014e8755ccb96c4cb3ab41c7
urn:ure:t6:occ:function:current-client:00886b50	0x00886b50	simple	FUN_00886b50	82	0	358	d259c9884e2af8c7192cfbdaa84ae0879950bc95968920a88bfa5abb78307a62
urn:ure:t6:occ:function:current-client:00820480	0x00820480	simple	FUN_00820480	82	0	376	a5f5b35894ea7cee654982cc3bd746724e043fa204e79dfa7742975c85b94c47
urn:ure:t6:occ:function:current-client:00a7a386	0x00a7a386	simple	FUN_00a7a386	82	0	377	1c3b404930477100bc9dd322b83e674056a29b6bf8f6c6e83c4f734e4350602c
urn:ure:t6:occ:function:current-client:00a56f80	0x00a56f80	simple	FUN_00a56f80	83	0	198	88d3d8a4876d117ed045d4c5d090b6cfe8ead183a36743cc58659709fc0b08e0
urn:ure:t6:occ:function:current-client:00487b80	0x00487b80	simple	FUN_00487b80	83	0	205	3e7323c1b8c714facedb0f8ed428f39766ae4abb6331dea8d008c6b6aaff886c
urn:ure:t6:occ:function:current-client:005ca0a0	0x005ca0a0	simple	FUN_005ca0a0	83	0	208	8af77a875df5aa90de547fe2a876b60cf2f0cbdbca4611fd31a98d3e3d8028b8
urn:ure:t6:occ:function:current-client:009e9160	0x009e9160	simple	FUN_009e9160	83	0	220	7a9b2473f6fcf480bdccc0e95785dbb1a96ded0f286d435db8700bec16013f83
urn:ure:t6:occ:function:current-client:009e9360	0x009e9360	simple	FUN_009e9360	83	0	220	041d7fa9ee19317e430607ebd58c8874003921ba87b23d0687160c4c457044c9
urn:ure:t6:occ:function:current-client:0059f310	0x0059f310	simple	FUN_0059f310	83	0	244	91a98b2b0b9f3427611045e90fc76adcdebe3564f5fc5d33202fa0fbf5387e08
urn:ure:t6:occ:function:current-client:007fcfe0	0x007fcfe0	simple	FUN_007fcfe0	83	0	252	00c2906a5c6cbd56a62fcefd8a2e03a57a16179e0ff691bf7c6372090db1a10b
urn:ure:t6:occ:function:current-client:008d9650	0x008d9650	simple	FUN_008d9650	83	0	290	d3737cd52e9f149e13aad548ea30733786a20764edc1767dd0b96b6421c0001d
urn:ure:t6:occ:function:current-client:008d98b0	0x008d98b0	simple	FUN_008d98b0	83	0	290	3ce3ce8d1ccb25bdea4591a060f2f7a56f1e17a908374aace21b2b4a09f8ea23
urn:ure:t6:occ:function:current-client:00476a80	0x00476a80	simple	FUN_00476a80	83	0	297	e27fae3e37d209966d5d77b7521ddfa37bf472a53b3c1844ac36c9e89e524e14
urn:ure:t6:occ:function:current-client:006ef1e0	0x006ef1e0	simple	FUN_006ef1e0	83	0	327	2c77902bcba2d850de1f0e96dc9c27662782220c0d58b30734e2587d6b85b4ca
urn:ure:t6:occ:function:current-client:00881900	0x00881900	simple	FUN_00881900	84	0	214	e9c2d37deaaaacf3222f85ac8b50745532998ec639711e7036d24fb04f3e15f5
urn:ure:t6:occ:function:current-client:00799850	0x00799850	simple	FUN_00799850	84	0	230	aed0d2bc039d5c0277c89a6273bc77c04c108c1fe9e7c9cd0697c4ea6d44a0a9
urn:ure:t6:occ:function:current-client:009f21e4	0x009f21e4	simple	FUN_009f21e4	84	0	273	4d651f547e0d8ca7fb0a96e7df1c52a1f23a159acd260236a3a0d3c6528af0cf
urn:ure:t6:occ:function:current-client:009f22f5	0x009f22f5	simple	FUN_009f22f5	84	0	273	63bb1571c320072f39d509d0f2d37467ab3d3085c294af164a377fdb2da34384
urn:ure:t6:occ:function:current-client:00a151d0	0x00a151d0	simple	FUN_00a151d0	84	0	281	bbe8d5cee4330cf025408de8686ad6411cd66c7eb1edb2c4936df6157aee09f3
urn:ure:t6:occ:function:current-client:008d9520	0x008d9520	simple	FUN_008d9520	84	0	294	ce3ca5c3a79be70d0bedbd266ac02312dc9b4b3dc7d833c5b5754b88440e3fed
urn:ure:t6:occ:function:current-client:008d9780	0x008d9780	simple	FUN_008d9780	84	0	294	b807a8d9770c9ce942b401f76820cc2e68e082a7e6119edcc9779a1a2239ac72
urn:ure:t6:occ:function:current-client:008e5fc0	0x008e5fc0	simple	FUN_008e5fc0	84	0	310	7be31414e4bf86f8ff717add2ba4b2fb3f640621ec58c3fc0901ee793e644ddd
urn:ure:t6:occ:function:current-client:0055ca00	0x0055ca00	simple	FUN_0055ca00	84	0	325	60986b2239a1a10e49a3cd4341d943c872445542c388a6efc0a6954e98bd514b
urn:ure:t6:occ:function:current-client:008692f0	0x008692f0	simple	FUN_008692f0	84	0	331	152030eea0580797f351faef01dcd6d409362c4bb2dec9d00f887c48f16bf7e4
urn:ure:t6:occ:function:current-client:005076f0	0x005076f0	simple	FUN_005076f0	85	0	208	0b375a89601b04be591f34e5d5c776cb5066059700fce906ada62249395a0532
urn:ure:t6:occ:function:current-client:007347d0	0x007347d0	simple	FUN_007347d0	85	0	241	db614bb0c347faeadad73e2ca081cbfaef1d4cae2431385f0eb6710997f5edd7
urn:ure:t6:occ:function:current-client:005851b0	0x005851b0	simple	FUN_005851b0	85	0	252	3f49fc0a045f80eccbbd57b64a038b4641da688906a87a5a426cd52206a8f6c5
urn:ure:t6:occ:function:current-client:009de8b0	0x009de8b0	simple	FUN_009de8b0	85	0	264	8862877c237dca64b3f72e4ae260346fd687afa2f5f11e4a833e239c8dd8cb89
urn:ure:t6:occ:function:current-client:005789c0	0x005789c0	simple	FUN_005789c0	85	0	331	5cfe240238468477143b2cdcd8774cbe9293843ef2cd0594cab2999fe42fa109
urn:ure:t6:occ:function:current-client:00493090	0x00493090	simple	FUN_00493090	85	0	342	b6e70ce610f920080d9da3985368810f577d49e4e98038beb9f6f7e57b2093e7
urn:ure:t6:occ:function:current-client:0056cbf0	0x0056cbf0	simple	FUN_0056cbf0	85	0	364	37ca23e1778e3bb1918e9a7d8f05e3cef78f437876910f6e21daa136236560a2
urn:ure:t6:occ:function:current-client:009b8620	0x009b8620	simple	FUN_009b8620	85	0	365	2a51023948acf6153a460890708a5ede43678a974196d81fac49737f2270ce58
urn:ure:t6:occ:function:current-client:006e5f20	0x006e5f20	simple	FUN_006e5f20	85	0	393	f1cb85701e997cb3b2b59bd5ed2d629221570309c95872a0daaf3aa433f1131a
urn:ure:t6:occ:function:current-client:008c7280	0x008c7280	simple	FUN_008c7280	85	0	426	7fae2ae1c83ce5af7ee9f3cc6b90f13c83216837ca1e672a5da3bdb903d6c0ea
urn:ure:t6:occ:function:current-client:00a75120	0x00a75120	simple	FUN_00a75120	86	0	190	1196a276dcfdd74f72de4e4d6889e8a22e5bc4b24104501e0b13ccc51d4a5f3f
urn:ure:t6:occ:function:current-client:00940410	0x00940410	simple	FUN_00940410	86	0	254	743fca6be8bdec92dff32953e7ae3fdf7a795a713f0d26eac7143dd6779de568
urn:ure:t6:occ:function:current-client:00a155c0	0x00a155c0	simple	FUN_00a155c0	86	0	269	bbc236c30e94ec551796f85d289402d5d5c903438605df2930731f20d066eca8
urn:ure:t6:occ:function:current-client:009ea142	0x009ea142	simple	FUN_009ea142	86	0	299	43ad88d3dac3e9d6bcf7d44cc67a1c567c8ff3f5235794d4a64340b4ba2528d9
urn:ure:t6:occ:function:current-client:006e15e0	0x006e15e0	simple	FUN_006e15e0	86	0	312	e95a03c887c02373a0f433e3c9ac4e2c6db869b8e653525e5fe63e462df7b07f
urn:ure:t6:occ:function:current-client:005c9010	0x005c9010	simple	FUN_005c9010	86	0	350	534351a61ff062be897a1c13cd673c9868a492d97e068e99b7a9b34758e53163
urn:ure:t6:occ:function:current-client:0049c960	0x0049c960	simple	FUN_0049c960	86	0	362	218b796ed15774dd8dff98ee5b24f5581bd23da0573f2960a849eb7b85eb5fe2
urn:ure:t6:occ:function:current-client:009b7d00	0x009b7d00	simple	FUN_009b7d00	86	0	371	c00aa9accaf7ae7b5657fb0e31ab7d3a18912563655ded6117e0c4147723c4a9
urn:ure:t6:occ:function:current-client:0048b1c0	0x0048b1c0	simple	FUN_0048b1c0	87	0	235	64364806dc9261def8643e24eb1d5eb39d414d9b739363b0d57435ef6dadb18f
urn:ure:t6:occ:function:current-client:0068a7c0	0x0068a7c0	simple	FUN_0068a7c0	87	0	235	e3b55575d8335ea147a617634e1979da74d9bba8967b6dd746a44524852c7521
urn:ure:t6:occ:function:current-client:0079dac0	0x0079dac0	simple	FUN_0079dac0	87	0	268	4bff501069a4949708088376db83184b69504a072811c81dd1efc2c2acfaeb6d
urn:ure:t6:occ:function:current-client:009f4149	0x009f4149	simple	FUN_009f4149	87	0	341	81953b0e544690e61266af659c27a95001a5e9900447967acb4779594cb19ba0
urn:ure:t6:occ:function:current-client:009f3c9d	0x009f3c9d	simple	FUN_009f3c9d	87	0	354	5deecc23ca7c91185f029a525a591b534cbc363c1e6d2aa7b6e5e519f4f3adcf
urn:ure:t6:occ:function:current-client:0078c540	0x0078c540	simple	FUN_0078c540	88	0	220	18917bf145eaf83469f03ee5a470f9e66d266385e23245fe5de5e1d7a56e4a99
urn:ure:t6:occ:function:current-client:0043f930	0x0043f930	simple	FUN_0043f930	88	0	311	fadc4b5b8f81bfccd6518953b7502e3badb8b4364f6df3a5842c00ac7c56e0ff
urn:ure:t6:occ:function:current-client:00885680	0x00885680	simple	FUN_00885680	88	0	351	d1b22685a909e97de9b352bd3c45cb71968a294b332833ab7eed448d3631cffd
urn:ure:t6:occ:function:current-client:007a02c0	0x007a02c0	simple	FUN_007a02c0	88	0	382	699ced176f43f5240d70752d12e7bbb62422060ebde76d46a916defb90827eb9
urn:ure:t6:occ:function:current-client:0069a0a0	0x0069a0a0	simple	FUN_0069a0a0	88	0	387	1b620afff4168fe59ae40b1eaf5c11de1653cbb212bff3bee1232db323293922
urn:ure:t6:occ:function:current-client:006e65b0	0x006e65b0	simple	FUN_006e65b0	88	0	394	e1f689380cbae2ecb2d9261b09dbeb1b456a7bce8677b006691dcf6208394e43
urn:ure:t6:occ:function:current-client:00772ac0	0x00772ac0	simple	FUN_00772ac0	88	0	467	7d0af27b308ce740f2cc3fb92ff78b53a124574014507a20a1d464ce2273a713
urn:ure:t6:occ:function:current-client:008cb580	0x008cb580	simple	FUN_008cb580	89	0	236	53b82936f11f3274bc132430a1d1c947e26633a322468b94638ea65b9ad52334
urn:ure:t6:occ:function:current-client:00738a30	0x00738a30	simple	FUN_00738a30	89	0	267	4a8d81f65b122fd53e808d8a8fc58fc323e61fb4ae19cf2cf78defeeb50ddb6c
urn:ure:t6:occ:function:current-client:005b7160	0x005b7160	simple	FUN_005b7160	89	0	287	943881a710b73645858531aa6d26726afd4e17b40b3d1bd8d05f7b6abe870c1a
urn:ure:t6:occ:function:current-client:005866b0	0x005866b0	simple	FUN_005866b0	89	0	298	640d150c2b7b3fff9d7b99543fc9f2c294630c0f1651d0995aa57dfe97d33cd3
urn:ure:t6:occ:function:current-client:00a13860	0x00a13860	simple	FUN_00a13860	89	0	346	2051e2902dac0ff3ba191a7a8bfa0e588c97207bc46480b733c1749ec9d2e33a
urn:ure:t6:occ:function:current-client:00a139c0	0x00a139c0	simple	FUN_00a139c0	89	0	346	2e3674828c274992d053cd0c71bde47833fed419553e98e4dec04352cfd4dfc2
urn:ure:t6:occ:function:current-client:009f38ec	0x009f38ec	simple	FUN_009f38ec	89	0	362	5452ad08e585376f4669bc0f8f55827c88d012f3c0bf4c5118067b2f62e45efb
urn:ure:t6:occ:function:current-client:00892bf0	0x00892bf0	simple	FUN_00892bf0	89	0	372	bb584065e4581bcc1ccfa4c7f7801c3abb76e469105ba4cff5e67337c1802746
urn:ure:t6:occ:function:current-client:005b8d90	0x005b8d90	simple	FUN_005b8d90	89	0	402	707ca6ed4f1dc68583beb39f37a3d9377973cae58f527569f932aac0c5b41fa1
urn:ure:t6:occ:function:current-client:00699750	0x00699750	simple	FUN_00699750	90	0	223	44a7a115116dde47deac5fe107da12358c08da53e03794a86741b063f12cd2c7
urn:ure:t6:occ:function:current-client:00a2b030	0x00a2b030	simple	FUN_00a2b030	90	0	223	afed692e975d00796dd1391d172c4532b3b7f0d774b611aca4f0aaf0a5abd0b7
urn:ure:t6:occ:function:current-client:00920760	0x00920760	simple	FUN_00920760	90	0	233	dbf67b359060b6720b62c2a18f9c179d583392418e5d9bcb1a621d69466a4bef
urn:ure:t6:occ:function:current-client:009e9040	0x009e9040	simple	FUN_009e9040	90	0	279	633e541a8838cde63ddc1a5515481c0acb6b89b2532c35e7ccacc3551ea1edd4
urn:ure:t6:occ:function:current-client:009e9240	0x009e9240	simple	FUN_009e9240	90	0	279	9e84d5866a50b43729151fb1e26e0a1ee9e9fc0fe9cfaa818c9d84fa24674a46
urn:ure:t6:occ:function:current-client:00419770	0x00419770	simple	FUN_00419770	90	0	308	2bd787c4cb783e3b5aeff14f984e0e8b9acc329a2980936831b58c097af54020
urn:ure:t6:occ:function:current-client:0051ea40	0x0051ea40	simple	FUN_0051ea40	90	0	327	751adcada2c2d9445a0474d1d8f0ba9df5b4926910190554b1373b80f694a07b
urn:ure:t6:occ:function:current-client:006e6740	0x006e6740	simple	FUN_006e6740	90	0	403	a84211f562b662faf53fce1b98c7a8329e95c7ab6f8965054aa89e055aeb11a4
urn:ure:t6:occ:function:current-client:009e51c0	0x009e51c0	simple	FUN_009e51c0	90	0	408	d07fc3187f42ac3b34236b7724411fed777538ff52d0a483c36d3eb3b60320fc
urn:ure:t6:occ:function:current-client:0088f920	0x0088f920	simple	FUN_0088f920	91	0	216	d894bb697c7117ed7b640b5039c6641ad088d92def6e63652c6fa105f2f6d2f6
urn:ure:t6:occ:function:current-client:00a97ca0	0x00a97ca0	simple	__alldvrm	91	0	223	8944a6bd345f2b75cb86bd3483531448b9a5557c60a3f3ee7d025076739099b7
urn:ure:t6:occ:function:current-client:00a29430	0x00a29430	simple	FUN_00a29430	91	0	238	e902f733aa40cbdbd0b94523f6b4746478a66e12c643ab6b692d52c5a1149465
urn:ure:t6:occ:function:current-client:008dfe10	0x008dfe10	simple	FUN_008dfe10	91	0	264	b8d93629e06419b8eb2e7823388174b4bb3cd042a65747bcbd783da0618c15ed
urn:ure:t6:occ:function:current-client:008dff20	0x008dff20	simple	FUN_008dff20	91	0	264	d2e75c7f73e45d65c1c2fd9a6c37011870d07b7c203f5f4853d69d91c620c7c2
urn:ure:t6:occ:function:current-client:004c4800	0x004c4800	simple	FUN_004c4800	91	0	310	abb6bc8cbbd5d8479c9f005a4bb5c0569fdccb9cee78c2a5486474d2e2c229ff
urn:ure:t6:occ:function:current-client:006fcc40	0x006fcc40	simple	FUN_006fcc40	91	0	310	ee96263274f93f23aa83b6649934b0d3f8a68f3d362442f1598754dcbd9ecc94
urn:ure:t6:occ:function:current-client:00787dc0	0x00787dc0	simple	FUN_00787dc0	91	0	326	867e397b47e7fccdc2be60d225deaf710474b8b81e8bb89c2e8de1bef4f1ff26
urn:ure:t6:occ:function:current-client:007d20b0	0x007d20b0	simple	FUN_007d20b0	91	0	383	c8beeac52b1cd9a6eaeaac9012cb80c6e45d6edc965412e0c6b417cadc1ab919
urn:ure:t6:occ:function:current-client:0055cbb0	0x0055cbb0	simple	FUN_0055cbb0	91	0	398	1b602525933b4c9e46210540b605e50aa20acf53e207683f2dd63429251a86a4
urn:ure:t6:occ:function:current-client:00a77c9f	0x00a77c9f	simple	FUN_00a77c9f	91	0	416	7f43bca7594d4da2d05e99c7c0d6450a2737d23aaaa6bbcb972c594bc5a31b6e
urn:ure:t6:occ:function:current-client:00739ae0	0x00739ae0	simple	FUN_00739ae0	91	0	566	a0cef37af4a8d99958f1ed79dbf5a6cc54a5fba1c5a4d36900c7fb5d4d126649
urn:ure:t6:occ:function:current-client:007d6a80	0x007d6a80	simple	FUN_007d6a80	91	0	581	318e7996ede57d29b455c6d4df3149e1146c9ce3cfe7977a6a3d6354340c1240
urn:ure:t6:occ:function:current-client:0063b0d0	0x0063b0d0	simple	FUN_0063b0d0	92	0	240	84e075c7e91b0691cf56577c51e6b0ee69205424c2c28f6afc4871f5b7b3aabb
urn:ure:t6:occ:function:current-client:00a29530	0x00a29530	simple	FUN_00a29530	92	0	240	de752a871465c32d8a708332af314d85e6f5886dc10cdacb3f8d80c2d3aade93
urn:ure:t6:occ:function:current-client:00a80e2f	0x00a80e2f	simple	FUN_00a80e2f	92	0	253	ad0249f1e2ac62814f646cfacad6b02e6c5e6ce5015aa954a534bef95106b0a7
urn:ure:t6:occ:function:current-client:006b9570	0x006b9570	simple	FUN_006b9570	92	0	270	10e5239b0d5b7a43cefeae38f5072459209faaee9133b4ba21acc4bd0ab4073c
urn:ure:t6:occ:function:current-client:006c54e0	0x006c54e0	simple	FUN_006c54e0	92	0	272	1cc07a1eef108f278b36cbd2e49c467c98ae57429bc2db76c60f27fa57c65b18
urn:ure:t6:occ:function:current-client:00996660	0x00996660	simple	FUN_00996660	92	0	272	1cc07a1eef108f278b36cbd2e49c467c98ae57429bc2db76c60f27fa57c65b18
urn:ure:t6:occ:function:current-client:00996810	0x00996810	simple	FUN_00996810	92	0	272	db4ee8919b685788937c2f49b8bac9ed355851673d6272d59274a4b6595761bb
urn:ure:t6:occ:function:current-client:00728000	0x00728000	simple	FUN_00728000	92	0	300	8d8d8d0e99b62feb1b311511b86b2a92af31ab4cf9174f9139dcac04c1996d07
urn:ure:t6:occ:function:current-client:0054e2b0	0x0054e2b0	simple	FUN_0054e2b0	92	0	345	daf5bd3601d09f3cdf9f09a4d1ddc90827638b04930e5564a0b84106ff20cb8b
urn:ure:t6:occ:function:current-client:004f13d0	0x004f13d0	simple	FUN_004f13d0	92	0	360	7f50520cd5750c131ed5958b0c3247fb74ceb879ee1d9ef42d76ee3d1c8e8d9e
urn:ure:t6:occ:function:current-client:00752d70	0x00752d70	simple	FUN_00752d70	92	0	390	b6e5dbc0b20cb7846949b84d6725ddc5d2deff33fce85f468607afdc7738564d
urn:ure:t6:occ:function:current-client:009f7a00	0x009f7a00	simple	FUN_009f7a00	93	0	216	e877fc66b0b59590a280933bf83abd060a0d3b2b99ccceaeeeb880612ed8f984
urn:ure:t6:occ:function:current-client:00b466d8	0x00b466d8	simple	FUN_00b466d8	93	0	225	e2ce798948cc2be3e1ef5eda422c4f5bba1a50bfc7298a1521b8e6905d744bac
urn:ure:t6:occ:function:current-client:008cc2e0	0x008cc2e0	simple	FUN_008cc2e0	93	0	250	45562ad57c4074ccf91a8f948ec500a1a9f59460f69c44212e005ab6ec52532f
urn:ure:t6:occ:function:current-client:00813940	0x00813940	simple	FUN_00813940	93	0	309	c2f8f9ae7db8d98743df6424cdf69dfa6b3ee76b3da64bda36ae5a00a53cbbb5
urn:ure:t6:occ:function:current-client:008dc220	0x008dc220	simple	FUN_008dc220	93	0	318	621cd93e3288e8e5a580c50a6195933ba2e763c642e1ebae81967f9d0d10db52
urn:ure:t6:occ:function:current-client:009f73b0	0x009f73b0	simple	FUN_009f73b0	93	0	336	4d1ee62253aa36a4d2e39da6bee4bb4bb3d1bd4538c9919312f2898ac8758bd6
urn:ure:t6:occ:function:current-client:009eb340	0x009eb340	simple	FUN_009eb340	93	0	388	361f9ef8bd3f528c13e4fad7686f4f98a94b6eed9dbc1aa5640f4dddd09f23e7
urn:ure:t6:occ:function:current-client:009d9db0	0x009d9db0	simple	FUN_009d9db0	94	0	242	ee2c2fe5411d4f59dfd7630698ecd349b5c1ba099624ed05ee08da1c55daa6f8
urn:ure:t6:occ:function:current-client:0057a0c0	0x0057a0c0	simple	FUN_0057a0c0	94	0	264	9bce589f0060610b6f676d1f5c12bedbf91c6b770637126ed208f89b6396c5e8
urn:ure:t6:occ:function:current-client:00996d00	0x00996d00	simple	FUN_00996d00	94	0	268	4e3bb29de7e064e870c5a6fce668298a36642414b44669d2853a4f70cd49974a
urn:ure:t6:occ:function:current-client:00996f30	0x00996f30	simple	FUN_00996f30	94	0	268	8ce96e57bd7e1e05e552e92a15a1e35065d1348f7fdd984f1b266a58783bab53
urn:ure:t6:occ:function:current-client:00997040	0x00997040	simple	FUN_00997040	94	0	268	4e3bb29de7e064e870c5a6fce668298a36642414b44669d2853a4f70cd49974a
urn:ure:t6:occ:function:current-client:00765130	0x00765130	simple	FUN_00765130	94	0	412	7c3678457d8ae66f51a133076356e54dca2b9c7409c370a67b0642afcacdc4be
urn:ure:t6:occ:function:current-client:00600570	0x00600570	simple	FUN_00600570	94	0	418	ac98885c99ab3c1379be79d196fe92a175ec88f11231d0f5510281c92e588ad2
urn:ure:t6:occ:function:current-client:004dac20	0x004dac20	simple	FUN_004dac20	95	0	455	66d250eab1675fe14ddec56257fb6856eee278b039d711c420c13a49ad6f0542
urn:ure:t6:occ:function:current-client:00a2ad20	0x00a2ad20	simple	FUN_00a2ad20	96	0	233	afb337f77e588a83d251b87f9b39e82de634b0f44876eb1398ae46aba4505cdf
urn:ure:t6:occ:function:current-client:00a2b230	0x00a2b230	simple	FUN_00a2b230	96	0	246	9faac0ae09728b101132515c0a8d7db618bda56679e702ba8b29da96386d9972
urn:ure:t6:occ:function:current-client:009b33d0	0x009b33d0	simple	FUN_009b33d0	96	0	267	ec8d4d7c9860eb02beecfdcbbf639e3488b7547d9a421b420fa7fb0c3f93980d
urn:ure:t6:occ:function:current-client:004cef70	0x004cef70	simple	FUN_004cef70	96	0	283	51a3e152c2a4712cb7cca2a3670ca88f33e0b1aaeac25439fe135f344976d7ad
urn:ure:t6:occ:function:current-client:005748d0	0x005748d0	simple	FUN_005748d0	96	0	294	a17e2d513be26f784a84eb19d0731e6a0af4628b781db8c39172d7147bb820d1
urn:ure:t6:occ:function:current-client:005325d0	0x005325d0	simple	FUN_005325d0	96	0	321	b4dd4f4c3842c6da386fd8dc96dfca695fec0e28ba79d01426f418cd0d0f0107
urn:ure:t6:occ:function:current-client:00924900	0x00924900	simple	FUN_00924900	96	0	322	3df237eb6c2b70b4ee29020f0acd610eafcbf77a19b31f218887af403f2b99d7
urn:ure:t6:occ:function:current-client:009f665a	0x009f665a	simple	FUN_009f665a	96	0	335	5a63b5ad48e31a8b183e4776859d9e45d87bc00771fad7122eea717c5be83418
urn:ure:t6:occ:function:current-client:0093d020	0x0093d020	simple	FUN_0093d020	96	0	347	30da5f28c931980cd94e400cf98c4ca74479d7ba563a75f43a68846c53727613
urn:ure:t6:occ:function:current-client:00534970	0x00534970	simple	FUN_00534970	96	0	431	0923b2cf25ac257d65266351b39b485d292504d44de68f5189bfa269f461bf86
urn:ure:t6:occ:function:current-client:00872380	0x00872380	simple	FUN_00872380	97	0	238	a05ab6371ec675b9dc65fd03e6dba41233835008325e27372fe1a513816fb47d
urn:ure:t6:occ:function:current-client:006e0590	0x006e0590	simple	FUN_006e0590	97	0	239	f7261297aa91dcbf1dac9895be85df3d93a99269267c55e6a7fdcfa8e8ca5426
urn:ure:t6:occ:function:current-client:00581f10	0x00581f10	simple	FUN_00581f10	97	0	264	f11d87a7b4a1629f9098d894fc152d09a7976d974798400cc6f03cde01656827
urn:ure:t6:occ:function:current-client:004aafa0	0x004aafa0	simple	FUN_004aafa0	97	0	368	712260672a80ed0e9798d6b5dff5d35aded4b31e22bde8eb0d7a5a7f48020414
urn:ure:t6:occ:function:current-client:007060e0	0x007060e0	simple	FUN_007060e0	97	0	402	1c96c7b7bd3a9d27888b79c18e0897253387c0388ea34d1ed683d0509514140a
urn:ure:t6:occ:function:current-client:00586500	0x00586500	simple	FUN_00586500	97	0	422	fbd0a872cb2cbcf287dd6b68a53554f099cd116ddc0123322b10f9def8ebbaea
urn:ure:t6:occ:function:current-client:006c8680	0x006c8680	simple	FUN_006c8680	97	0	567	2bdfdfa4cd951b19ef22e0e6e11de3df90d94e56f6f94c2cdcb00693dfbe026d
urn:ure:t6:occ:function:current-client:00a2fa90	0x00a2fa90	simple	FUN_00a2fa90	98	0	240	2ffa0ad9c27ca4c3410222dfa62aab40736aeeabf732f053eac2e735086913db
urn:ure:t6:occ:function:current-client:0044d340	0x0044d340	simple	FUN_0044d340	98	0	252	120ade941f3b6190c323ed72b070930a7f921c95342884ac7a7b45facf469a00
urn:ure:t6:occ:function:current-client:00454160	0x00454160	simple	FUN_00454160	98	0	258	6c57ffe9202b3372ed04891762777cacdb6f796316fba76c25e32a7abcd38247
urn:ure:t6:occ:function:current-client:00868700	0x00868700	simple	FUN_00868700	98	0	276	754ae5f64f403af560c1764530d1e2f6d5a019dc0b80caccf56ffba386d59668
urn:ure:t6:occ:function:current-client:00868820	0x00868820	simple	FUN_00868820	98	0	276	f50fc00b4265f85533517a8a6c3d397ba5b8d33a7de749a034cabc8312000298
urn:ure:t6:occ:function:current-client:00868940	0x00868940	simple	FUN_00868940	98	0	276	aaac9368a3b697aec32621d10e16896b4ca16590f0c8b001a4a5403d22380c5e
urn:ure:t6:occ:function:current-client:00868a60	0x00868a60	simple	FUN_00868a60	98	0	276	b8326111c40c6ffb7e9cc43fabdbcdc40ea7dadc9c1d9502b65f9632fdd7fbd9
urn:ure:t6:occ:function:current-client:004a00f0	0x004a00f0	simple	FUN_004a00f0	98	0	297	717504cc72e74cb94cd58f22e00a1a884f0f921aaf570a5faf6bfd0ecb79b8ce
urn:ure:t6:occ:function:current-client:00773af0	0x00773af0	simple	FUN_00773af0	98	0	317	27e0ccfffd9573927208479900375417bd63074b41ffee5d373b0cee4af6e379
urn:ure:t6:occ:function:current-client:00a152f0	0x00a152f0	simple	FUN_00a152f0	98	0	325	aae03ba44df2dbe2967c7901bdfedf220611ea1a8588525f7c99fa157e3c6b36
urn:ure:t6:occ:function:current-client:00418840	0x00418840	simple	FUN_00418840	98	0	358	f5f7cafd944b7fb768c2b759b4ab7f8f567d0cdfd981f6c31561a5d883773042
urn:ure:t6:occ:function:current-client:007a8940	0x007a8940	simple	FUN_007a8940	98	0	402	28387ab35850f66afdeca3bd8889f6b042a60bbdaecce3fa4e841cb0dba5a183
urn:ure:t6:occ:function:current-client:009e4890	0x009e4890	simple	FUN_009e4890	98	0	434	740ccdc99c1ab933b9fd7a9603be3cfc9637fd56b2af67b1b34313d331abd7d1
urn:ure:t6:occ:function:current-client:00466d50	0x00466d50	simple	FUN_00466d50	99	0	271	6c5bafce0fd4875b27ce30636588e78832a16803b03d586624c78599d697e3c1
urn:ure:t6:occ:function:current-client:004b8ce0	0x004b8ce0	simple	FUN_004b8ce0	99	0	280	465e0ea22b49bdaebbdf2f29895ad8e6f8579869094932ebead63b6f825fd38f
urn:ure:t6:occ:function:current-client:00762410	0x00762410	simple	FUN_00762410	99	0	362	27c7aa6ecf12d3276461c3785309c6b2b69ce5c3fd1df662ba027812aa35ade0
urn:ure:t6:occ:function:current-client:00817cc0	0x00817cc0	simple	FUN_00817cc0	99	0	380	e47d2b27ef270a2da51d68580af024e478f82c3d393bd512abcedf53944f097e
urn:ure:t6:occ:function:current-client:0086ed20	0x0086ed20	simple	FUN_0086ed20	99	0	401	f952bd5fd6573e70bcfea6af8518d07b35a8fb6d4215921988069621166506ef
urn:ure:t6:occ:function:current-client:006e1d10	0x006e1d10	simple	FUN_006e1d10	99	0	457	b61395223471997a977e36ee6d8e7b2f19af08dcaf41786d55a310ad99940592
urn:ure:t6:occ:function:current-client:00afdda0	0x00afdda0	simple	FUN_00afdda0	100	0	233	79e7dc9fe93dce10fac17467b472bba77b6e53bb5158902d502e52d82f1e15cb
urn:ure:t6:occ:function:current-client:009d8610	0x009d8610	simple	FUN_009d8610	100	0	234	4463d0a67c809f96f46bb0e51d0b96a775b621aaa0bfde3682031cd5a09f70e0
urn:ure:t6:occ:function:current-client:00607e10	0x00607e10	simple	FUN_00607e10	100	0	288	aad601098f82db190f68b5f5f72b7b4537e98f03af5ee3801fa29dcaade3dd63
urn:ure:t6:occ:function:current-client:00799580	0x00799580	simple	FUN_00799580	100	0	306	ed341c43cc41656b17c01b4f99341e755e7430c819e82311dbb57768a9f91f5c
urn:ure:t6:occ:function:current-client:005e4100	0x005e4100	simple	FUN_005e4100	100	0	354	8a0ea17d860c3c61c90e937ca3683ff9e918ee5b9c3c04d604a36dbc06b6b539
urn:ure:t6:occ:function:current-client:00674070	0x00674070	simple	FUN_00674070	100	0	374	7fa14dd3322e3e64f8c9be8617e6fc9a830d9d415554e82afffea018eb856c4a
urn:ure:t6:occ:function:current-client:0091ffe0	0x0091ffe0	simple	FUN_0091ffe0	101	0	258	bd5873c03257496e708c2c02ad31037ac88741b6a291a38a9e9d4c48e961396d
urn:ure:t6:occ:function:current-client:00789620	0x00789620	simple	FUN_00789620	101	0	284	aabc21d53c3ea192dabf530f98e6636dd6f40016e315322434fae21411e587ad
urn:ure:t6:occ:function:current-client:009e5e97	0x009e5e97	simple	FUN_009e5e97	101	0	317	c643f56538214d485479100fdf7a270626b9b0ddc80d3aac41c84ecd435aa39e
urn:ure:t6:occ:function:current-client:00506d80	0x00506d80	simple	FUN_00506d80	101	0	350	f7c3c0a74ad3737103d212ffc2b9a3c0a32ad08d078787f231c49a501f2b2978
urn:ure:t6:occ:function:current-client:00427430	0x00427430	simple	FUN_00427430	101	0	359	aff9b6abc08da39d87bec7ede2a8b4a656c96acbcdc69d2b32275fceca885617
urn:ure:t6:occ:function:current-client:00543b30	0x00543b30	simple	FUN_00543b30	101	0	376	be7b6a0eb8150f877c0eb2b15eecb3acd4feeb79c65a43cc699ed6ae837b2ba6
urn:ure:t6:occ:function:current-client:007996c0	0x007996c0	simple	FUN_007996c0	101	0	392	4db4b2b17a6e3d1adef76b8980119eef79d988bef81763f1517e20fa206133b3
urn:ure:t6:occ:function:current-client:004e4ae0	0x004e4ae0	simple	FUN_004e4ae0	101	0	415	a27a7527bc7413bb4eb6ae5b9c9651ec69f56846a515a0c67aa293635f9be15b
urn:ure:t6:occ:function:current-client:004e8d00	0x004e8d00	simple	FUN_004e8d00	101	0	415	83b74ff2ce38dbfa19ee4afe31183619551d7446268d4bf97f06b7ab21f3ad28
urn:ure:t6:occ:function:current-client:00540e70	0x00540e70	simple	FUN_00540e70	101	0	422	ee11bdeda872384c0fa1da8aa34cf2b228818d763256642d977fe7535e6b20a1
urn:ure:t6:occ:function:current-client:00688ba0	0x00688ba0	simple	FUN_00688ba0	101	0	465	174d3035540df4ecf33e98eb87d64814a19b7673c150329a587265bd564e7ea7
urn:ure:t6:occ:function:current-client:00b479ae	0x00b479ae	simple	FUN_00b479ae	102	0	234	2cbc03908a9f9e8fee3bf77533afa557bc7e2737235b691cd845d136f043532a
urn:ure:t6:occ:function:current-client:0088aea0	0x0088aea0	simple	FUN_0088aea0	102	0	262	a719fbf61840a55f49e80947845c8a8dc83e8d455e91de4e10d2f704f22ffc49
urn:ure:t6:occ:function:current-client:0073fa00	0x0073fa00	simple	FUN_0073fa00	102	0	272	4cf9b8f0d7aa3b58d06b632d4716b46a5a2ca442132dcd22ddaab98c9ba72513
urn:ure:t6:occ:function:current-client:007211d0	0x007211d0	simple	FUN_007211d0	102	0	359	0f90e19002852e6190cffd44f0733d58de8e6b83948de3399a7ac0949a0bdfcf
urn:ure:t6:occ:function:current-client:00571a10	0x00571a10	simple	FUN_00571a10	102	0	381	7db9b259d70185a3414555c8c551f06d15c81ae741e08477c6f3c44dff804552
urn:ure:t6:occ:function:current-client:005b9cd0	0x005b9cd0	simple	FUN_005b9cd0	102	0	436	b29e9d2fccf3f7e8fced20000c739162f4e2f7038fa7ca52e4f8aea6f15a2139
urn:ure:t6:occ:function:current-client:006c7a80	0x006c7a80	simple	FUN_006c7a80	102	0	437	158007a30512f0c714f6a2f753992b8da57b9aae1a63c541980b23c2b89cf635
urn:ure:t6:occ:function:current-client:00698de0	0x00698de0	simple	FUN_00698de0	102	0	450	47531cb0e55356c222ebf2a534a3cde2e665395f97e97230d8426127d79f8dc0
urn:ure:t6:occ:function:current-client:005b08e0	0x005b08e0	simple	FUN_005b08e0	103	0	236	a43b26e9c3bd3fdaf5c8ff7c59a3a6b71e7defade17f0eb323b327d872621ea2
urn:ure:t6:occ:function:current-client:0078b750	0x0078b750	simple	FUN_0078b750	103	0	305	e40ab6633f7d95e313fc4d10449243747c4b358f66c39c60c697d888b82d5206
urn:ure:t6:occ:function:current-client:0060cc30	0x0060cc30	simple	FUN_0060cc30	103	0	382	9387bc11feb155cec250f26677cdabafdb8a7bb864844fe7826267af9dab4ec2
urn:ure:t6:occ:function:current-client:00940280	0x00940280	simple	FUN_00940280	103	0	389	f917d51cb6f7fdb84c15e5cf041f5cb56691d0b924bd74a52d8e1717bde08dca
urn:ure:t6:occ:function:current-client:00acc140	0x00acc140	simple	FUN_00acc140	104	0	261	de180dc487b83bd36c2f9e920d896b9e4b03122eb00e7f283ed1dfbfd6372d60
urn:ure:t6:occ:function:current-client:00690830	0x00690830	simple	FUN_00690830	104	0	286	1e0608d00583e2f0243151ae184ac0d4688dee5b13df1fb66ac1a97bdbe65352
urn:ure:t6:occ:function:current-client:00a2a3e0	0x00a2a3e0	simple	FUN_00a2a3e0	105	0	273	ed97fcaf87dea368d4eb3be2e073918ae1ab7a580c14cd57ca39b01e92d3931e
urn:ure:t6:occ:function:current-client:009e8174	0x009e8174	simple	FUN_009e8174	105	0	344	b06331a64a8c086b27febfe2c0c90b7130d39c63cb1f31452d31416729cb557e
urn:ure:t6:occ:function:current-client:0058b160	0x0058b160	simple	FUN_0058b160	105	0	472	fcc913f07b7aa6c48cd7316427717b7d4b4f882c06042177e8fd1773357ef25b
urn:ure:t6:occ:function:current-client:0074c5b0	0x0074c5b0	simple	FUN_0074c5b0	105	0	523	ccc64ba83dd950a09583047b0b3f5e48b14c6e6fe40927a48685c45befb3c887
urn:ure:t6:occ:function:current-client:006343a0	0x006343a0	simple	FUN_006343a0	106	0	285	3eddb2e843d2709f41ca4c1452f2023f47aecccffc3ccf10fc035ef257426d14
urn:ure:t6:occ:function:current-client:00468f30	0x00468f30	simple	FUN_00468f30	106	0	289	c2650895b8fb2c9e5f7e39d63069910df01192b1f91e9be7786c60d7aa8976d2
urn:ure:t6:occ:function:current-client:008e50a0	0x008e50a0	simple	FUN_008e50a0	106	0	320	04f1d762bed90a537a0849552a44425e0b7746783f54b32a63aa4275a36c45bc
urn:ure:t6:occ:function:current-client:00493440	0x00493440	simple	FUN_00493440	106	0	353	49397c34ae3e74129dd893ca4ce790b604f419654b725a8f7d3efb4f34007ea7
urn:ure:t6:occ:function:current-client:0074fd90	0x0074fd90	simple	FUN_0074fd90	106	0	363	5a34614185e653fbe18437311f56f9b70ceef979231ca16377f0fabc80f15aab
urn:ure:t6:occ:function:current-client:008f2250	0x008f2250	simple	FUN_008f2250	106	0	375	1fe5b8b6667ca37a1706fa6bd8a906dd151024596170c13ff7b4d61234a70348
urn:ure:t6:occ:function:current-client:004e5bb0	0x004e5bb0	simple	FUN_004e5bb0	106	0	438	8441ac76ce24f6b86bb9ffc9a791fc3aef5cc1a2433c36d8e657d12350f4f59a
urn:ure:t6:occ:function:current-client:008d1680	0x008d1680	simple	FUN_008d1680	106	0	451	43ba31b0bc71567b18c63517c38a7b7937155a344cfcc4cdf52194642f63a9e6
urn:ure:t6:occ:function:current-client:00664160	0x00664160	simple	FUN_00664160	106	0	501	7af7195daf31890093ac48f00819a4ff10c0bfef308289bae8efd92f66757178
urn:ure:t6:occ:function:current-client:0078b620	0x0078b620	simple	FUN_0078b620	107	0	301	717ab93bf9bf3a2d39a651a6ced4db02f459667b2a49aedc691f156a5bea0a35
urn:ure:t6:occ:function:current-client:009b6160	0x009b6160	simple	FUN_009b6160	108	0	307	7b7f3be559a4ee06051a9b7ab79373b420ae90a8d08997faf1f9a2120d09fdbc
urn:ure:t6:occ:function:current-client:006663c0	0x006663c0	simple	FUN_006663c0	108	0	314	b386a1f0c309f8c1d5e215d4e3e5cd3b00143d0b2bb97b74575e6c57d9f0ea4d
urn:ure:t6:occ:function:current-client:00b254e0	0x00b254e0	simple	FUN_00b254e0	108	0	335	ac335a999ccc51b43001255b5b4df374915cab8e61bc7fb32146d181c419c86e
urn:ure:t6:occ:function:current-client:00a13d80	0x00a13d80	simple	FUN_00a13d80	108	0	346	859b664c01537e48d065d768c5760020e372817800e4da5154414906ee8f4ab6
urn:ure:t6:occ:function:current-client:0076d430	0x0076d430	simple	FUN_0076d430	108	0	481	e5f070b9b55b180675dde4132065e3a31477cc3b4132592f9121137297978b88
urn:ure:t6:occ:function:current-client:00862760	0x00862760	simple	FUN_00862760	108	0	487	cee7840f0fac713c0b1e52bc741cd03d36d06f4ad01dda432e7790141fe5607e
urn:ure:t6:occ:function:current-client:00a74110	0x00a74110	simple	_strncpy	109	0	292	22006e25651e484a1c6be63bde03c539bb04291083659ef03adadd480f32d18e
urn:ure:t6:occ:function:current-client:00b13d70	0x00b13d70	simple	FUN_00b13d70	109	0	317	78e91eca8badd662d966fc7807fc701393a2458a2f318a7939ff56c541ffbacf
urn:ure:t6:occ:function:current-client:00784270	0x00784270	simple	FUN_00784270	109	0	321	952391e4a8fc103d61d9bd78306582395350fae5abc4faab2fa9a517275386df
urn:ure:t6:occ:function:current-client:009cec70	0x009cec70	simple	FUN_009cec70	109	0	341	a66f0d5d672b8dfed25a67660b1ad3d02caf1ccac6db866f94642e33ada906ab
urn:ure:t6:occ:function:current-client:009ea26d	0x009ea26d	simple	FUN_009ea26d	109	0	412	bb8d80d678c3d854247c64b2ad8836e0093f4cc56596e89f3d7907ec0c5b13e5
urn:ure:t6:occ:function:current-client:009f2e5f	0x009f2e5f	simple	FUN_009f2e5f	109	0	444	b2f35b0c9d7d23d60a811778dec475b27f2b1c3ce5c738a453e504ec5a9dc698
urn:ure:t6:occ:function:current-client:00573d10	0x00573d10	simple	FUN_00573d10	109	0	456	63ac5fce82ab0bc4f97799974194902994f026a78393ded771cbb8ed7d5d0f1a
urn:ure:t6:occ:function:current-client:00a6b7b0	0x00a6b7b0	simple	FUN_00a6b7b0	110	0	236	bd2ccc110e00b4ca8fd6a87d60fe06e5efed8fe47ac4df6cff55d14b42306ff4
urn:ure:t6:occ:function:current-client:008d4000	0x008d4000	simple	FUN_008d4000	110	0	291	a2b010569d0dbb55bd513865657de2baf798a4de79147bd5e9f369048142fe4a
urn:ure:t6:occ:function:current-client:00525260	0x00525260	simple	FUN_00525260	110	0	357	c51b887d1865f5bbed315cb9a7cd5c89f0dc19fc47ecf0aefdc73dbdfea38169
urn:ure:t6:occ:function:current-client:009e5a7d	0x009e5a7d	simple	FUN_009e5a7d	110	0	437	ec047626de013ce10320527b5bb21b41303badc08a4c82a6ce7c0850e05a38ba
urn:ure:t6:occ:function:current-client:00755510	0x00755510	simple	FUN_00755510	110	0	472	875f1b5f120a7ac0a3955224a0e41eb569fde3143d13e4f8dccbc73ebfcd7971
urn:ure:t6:occ:function:current-client:00785870	0x00785870	simple	FUN_00785870	111	0	296	068a723f248e398b4e6bd35c04384203bc51fec3a52d49d44a81bf601c926f9f
urn:ure:t6:occ:function:current-client:00a163b0	0x00a163b0	simple	FUN_00a163b0	111	0	324	0fbfcef22ef373ee5126da0165ff1d1c67dd118e4fbf7ebfd30dc62585782a87
urn:ure:t6:occ:function:current-client:004f4e30	0x004f4e30	simple	FUN_004f4e30	111	0	327	2dd32e66f09079015658831ba09990983dab52116aeaea749c00167f984d5648
urn:ure:t6:occ:function:current-client:0055ede0	0x0055ede0	simple	FUN_0055ede0	111	0	358	db0440af1ac42f8157af2c4b6f9b5897ca4c42805fdbaf49490e63b4d98f4cde
urn:ure:t6:occ:function:current-client:00481ee0	0x00481ee0	simple	FUN_00481ee0	112	0	295	d5a0528d8ee42c953cf796f39816db89ce8806e3ce81f97bd4c1bee8f11945c9
urn:ure:t6:occ:function:current-client:00738f10	0x00738f10	simple	FUN_00738f10	112	0	336	f053ea45cc9af4f4a2223ddf816706dfabf5b0a998ad6aafe81b3018909a4ea5
urn:ure:t6:occ:function:current-client:006b26f0	0x006b26f0	simple	FUN_006b26f0	112	0	415	a14f3d2769856505fea3df3490f34daf06188f3fa5fedf8dba78cf4b27bc20fb
urn:ure:t6:occ:function:current-client:009e55b0	0x009e55b0	simple	FUN_009e55b0	112	0	416	af71397ea28cc263ca2906ef8f8b164f4310069ea368c849a11c7a819d6bef2a
urn:ure:t6:occ:function:current-client:00882620	0x00882620	simple	FUN_00882620	112	0	498	66d0a6453ae1270340d6fc934c1eb9f97c7f987c3f52366412d5dea6ac121366
urn:ure:t6:occ:function:current-client:0090cc20	0x0090cc20	simple	FUN_0090cc20	113	0	399	044ebd538caa45455bbdff6534223ccd2b532853538a4d2a7efa1b1627e0d67f
urn:ure:t6:occ:function:current-client:009c55c0	0x009c55c0	simple	FUN_009c55c0	113	0	419	698220942b83a075282daf0c14eadde34fbf34e9ec1eaad4ceb47f029c617244
urn:ure:t6:occ:function:current-client:009e26b0	0x009e26b0	simple	FUN_009e26b0	113	0	450	a79a881435dbb13b8235bb7f6974ae7d9f7ad18b9a641bb0c07d467858e1a8c8
urn:ure:t6:occ:function:current-client:00ae1b60	0x00ae1b60	simple	FUN_00ae1b60	114	0	230	bb3af73facefb864c6bc4a13b3cc248a97cdfc504f319579c1925225c6f2ac02
urn:ure:t6:occ:function:current-client:0075fe40	0x0075fe40	simple	FUN_0075fe40	114	0	311	4048e60e86dc55d3d94594b1786058f6bfbe370d98b8e3b5f3c4113b383c9d06
urn:ure:t6:occ:function:current-client:0078b320	0x0078b320	simple	FUN_0078b320	114	0	373	fee8e309254ce6d485c1f38aed7d1718e4f1800d6fea8211c5c2c027b8ba45a5
urn:ure:t6:occ:function:current-client:0074fac0	0x0074fac0	simple	FUN_0074fac0	114	0	408	bdc7eafc9e43d9eb19b36223f98df2cca2d4bbdad87c20a8fd0e506017cd1cf6
urn:ure:t6:occ:function:current-client:009f5498	0x009f5498	simple	FUN_009f5498	114	0	416	2a54cce56391e20336fcfd8a6199e029a82e95988c590c7c2e6ba1f3eaa50ddf
urn:ure:t6:occ:function:current-client:008d1850	0x008d1850	simple	FUN_008d1850	114	0	464	78f305031f1364a8788cf86098666596301dc64a68167fb3dd51c16c34d5ea03
urn:ure:t6:occ:function:current-client:0073e7e0	0x0073e7e0	simple	FUN_0073e7e0	114	0	476	84f97e3bd77ea4b52e9a42032997863dd6c62e56b8c8786b4d3c264e835ea0ca
urn:ure:t6:occ:function:current-client:006f9b70	0x006f9b70	simple	FUN_006f9b70	115	0	289	a5971b360b0c2679c724cec82dfe9a8d008e7b760c25e0949bee3ea72c087292
urn:ure:t6:occ:function:current-client:0080c750	0x0080c750	simple	FUN_0080c750	115	0	365	9455c3a2af610f92e71bc4c71b6ec5bb0267eb11943f6efd2e4d50d2f7250fee
urn:ure:t6:occ:function:current-client:00a14470	0x00a14470	simple	FUN_00a14470	115	0	389	8aaa775054c3d3894df6bd4fa82ad2e44c23d63e5f18f95874d2a155e9b7d330
urn:ure:t6:occ:function:current-client:006536e0	0x006536e0	simple	FUN_006536e0	115	0	536	b23c2a2cbb21677db970e39535842531fa438cbed6275e481508651067959229
urn:ure:t6:occ:function:current-client:006a94d0	0x006a94d0	simple	FUN_006a94d0	115	0	539	9dd79161135f4ef1a4fb84fcc0294632fcbc61776cc40d740ffe1e641841e911
urn:ure:t6:occ:function:current-client:009dea10	0x009dea10	simple	FUN_009dea10	116	0	301	ea88b646545f094547e97ae98ce98876da07cef03e4e4af48cb7869eab8e7711
urn:ure:t6:occ:function:current-client:00784eb0	0x00784eb0	simple	FUN_00784eb0	116	0	327	2a234369d86bef2c35f9272af2d3de708b3b6121355e0b9ceda1bea6a1d7a859
urn:ure:t6:occ:function:current-client:00ae5ca0	0x00ae5ca0	simple	FUN_00ae5ca0	116	0	376	dd4ebaabcc20238babdeef1cd818597742594469ae6e7854e5a62e2f3c709dc1
urn:ure:t6:occ:function:current-client:007810a0	0x007810a0	simple	FUN_007810a0	116	0	387	24fe2acce0f8f4b0c03f565a9cebcb46aa50424e3c8b18df870d151950b0e727
urn:ure:t6:occ:function:current-client:0071e160	0x0071e160	simple	FUN_0071e160	116	0	464	6291bf5784388d865ed454ff46039a9bf4fcf446313a0bf0241442d487dad544
urn:ure:t6:occ:function:current-client:00913be0	0x00913be0	simple	FUN_00913be0	117	0	364	5f541a923adb28553eec9892fb1c5924a89018c042b64d2d981240f2149fe3a4
urn:ure:t6:occ:function:current-client:009f7050	0x009f7050	simple	FUN_009f7050	117	0	387	4cecd32bff7bae4bae2895c9d364a221623a84467ab78f9ba123ae8b979a658e
urn:ure:t6:occ:function:current-client:008d1a30	0x008d1a30	simple	FUN_008d1a30	117	0	504	73dc040a43cb0e4dcccf1a6605f888d7d8bb786fb1e7751f317b8b52acee4576
urn:ure:t6:occ:function:current-client:00689240	0x00689240	simple	FUN_00689240	118	0	339	95928c07979ceeeb4ad9cb72bcbfdc617a9f2b08bd2083974aaa0640e2e08170
urn:ure:t6:occ:function:current-client:006de3d0	0x006de3d0	simple	FUN_006de3d0	118	0	410	a902e022fc07d0d58d8d9fa14d88ac3b8da3665bfe6b8132367407a5a595bb48
urn:ure:t6:occ:function:current-client:009fc690	0x009fc690	simple	FUN_009fc690	118	0	435	8fa1852f64ea07e7a901395c9cc642486260f1d88a3a11044553582d3047af12
urn:ure:t6:occ:function:current-client:005fabf0	0x005fabf0	simple	FUN_005fabf0	119	0	376	dfa7b628b1449956c7504d78ca7a411af43103a52e964ef2602115503682ccd0
urn:ure:t6:occ:function:current-client:0045dc40	0x0045dc40	simple	FUN_0045dc40	119	0	431	b190cfdf02006b01b1408275abe1ef69d3b6fe8c03992ef1f49aa368ad25ed2a
urn:ure:t6:occ:function:current-client:009c4440	0x009c4440	simple	FUN_009c4440	119	0	440	fcd68355f63a0417f1cf9af2174c2efd386605aa774a108b4bc3038fb6d8105e
urn:ure:t6:occ:function:current-client:00554810	0x00554810	simple	FUN_00554810	119	0	453	96a6e5ba369ebed300f81b9c62d790c92561454e21f3f67c0dc66930879c4e8f
urn:ure:t6:occ:function:current-client:0092d210	0x0092d210	simple	FUN_0092d210	120	0	306	d2d5022ae72e5fa82a51444d9926517cf3f8eabb42eb622d58f34be2e719c310
urn:ure:t6:occ:function:current-client:00a62470	0x00a62470	simple	FUN_00a62470	120	0	349	3a6264abb0eaf88a775c3512ac6349a2d9eb3aca67b59decc80da4078cae08be
urn:ure:t6:occ:function:current-client:00633ec0	0x00633ec0	simple	FUN_00633ec0	120	0	362	e7884a36dd83f95de17a0a58b460ea9e6a4de29db11947804742688bfc7eb441
urn:ure:t6:occ:function:current-client:004e249b	0x004e249b	simple	FUN_004e249b	121	0	453	2f9045a4bc729cc39d0d93c718986679520ff0239de81dc5786e3b4e03ee38dc
urn:ure:t6:occ:function:current-client:009b3610	0x009b3610	simple	FUN_009b3610	122	0	323	193bb9e653c9dddd9d745f70cc020fee2075c9d7bdbdc5f18fc82c5c047d07c9
urn:ure:t6:occ:function:current-client:004fae30	0x004fae30	simple	FUN_004fae30	122	0	392	9cc66ad6238293d8f1473b30ccaf00ca1de0e2974e056e4da36ebb6ce51ab51a
urn:ure:t6:occ:function:current-client:009fbe1f	0x009fbe1f	simple	FUN_009fbe1f	122	0	413	3e9e27a89c6cd11d6e598e42b6217c909836850eabbfe912d770bbd0133d8ccf
urn:ure:t6:occ:function:current-client:009deb40	0x009deb40	simple	FUN_009deb40	122	0	447	4e26839d2e907039fd38eab73ccb9408cc8288cca9501383b8f198945819bba1
urn:ure:t6:occ:function:current-client:007824d0	0x007824d0	simple	FUN_007824d0	122	0	461	8761113222a754633d73e0bba0dffd5ce6fab5b1747009cdd659b729156abf29
urn:ure:t6:occ:function:current-client:00a7bf79	0x00a7bf79	simple	FUN_00a7bf79	122	0	550	01abb7de616c14e2f0ef8ad0c9fa387bb3ab4c043b0cfd4aa16e4dbec8518e90
urn:ure:t6:occ:function:current-client:00a73fa0	0x00a73fa0	simple	_strncat	123	0	309	601d9a5c716363b685655e0f91cf61930832079d76a574320fa2762335eb83b5
urn:ure:t6:occ:function:current-client:00a62690	0x00a62690	simple	FUN_00a62690	123	0	335	03a5076fa21d6497223bf0efcd4117336e06c3bdc3b784de64a1c6e588d82522
urn:ure:t6:occ:function:current-client:007bb9e0	0x007bb9e0	simple	FUN_007bb9e0	123	0	380	e278132e40bf15071c2227b657019c2ae600f6ee8e1d056c8e15daf77107913b
urn:ure:t6:occ:function:current-client:0074d120	0x0074d120	simple	FUN_0074d120	123	0	405	ecc0689cedcb43cc34752d85c587bec231dd65293a6b2cdaae06a20550ca08e2
urn:ure:t6:occ:function:current-client:00520960	0x00520960	simple	FUN_00520960	123	0	478	5a9145c1fd50decf1ee478fd786bfab23f0ba5e015213668d1f0a237bb676cf6
urn:ure:t6:occ:function:current-client:00a0ab10	0x00a0ab10	simple	FUN_00a0ab10	123	0	502	a8ae046c3c70176266182c8e0c1bd8c144d4b8c96941b77ff71be1b2789ce6b1
urn:ure:t6:occ:function:current-client:006a8e30	0x006a8e30	simple	FUN_006a8e30	124	0	349	0c5f639eff16c5fb2bdaafdea2ec7a43bf9121f52a5258658f601a6663e8fd92
urn:ure:t6:occ:function:current-client:008d77e0	0x008d77e0	simple	FUN_008d77e0	124	0	389	2cbca9c7df3f5cb93a45d1e89890a2e81ab57c2a67a90b7eebcecf1eb1fac129
urn:ure:t6:occ:function:current-client:006f0580	0x006f0580	simple	FUN_006f0580	124	0	543	6e6ed643a98c2d6ec7ed341ac12640f93dea5b26da1d8c1df5945939465e9d32
urn:ure:t6:occ:function:current-client:00884990	0x00884990	simple	FUN_00884990	124	0	573	daebd886a90ad07dd87320a74b8578d20118efd6d7b8bc5159ef8e15a63194e3
urn:ure:t6:occ:function:current-client:00423bc0	0x00423bc0	simple	FUN_00423bc0	125	0	404	3dce13c18250d2713c3888323374625535c305e5da77b41ce8447ba5b35cd917
urn:ure:t6:occ:function:current-client:006a2870	0x006a2870	simple	FUN_006a2870	125	0	496	fc458ea5ad81f1b1892d6950fdf3489498866ea18e9bda6e141271885c47a740
urn:ure:t6:occ:function:current-client:00403800	0x00403800	simple	FUN_00403800	125	0	543	47e3dfa7fdb91f157d84191f28e4afd5b1b34777cf2399a8f45db6b4e23657a3
urn:ure:t6:occ:function:current-client:004eac30	0x004eac30	simple	FUN_004eac30	125	0	580	845f2ea391eec239eef8846c7dae384cbcb1f860c34cb53b949976467bde2f0b
urn:ure:t6:occ:function:current-client:00a12f40	0x00a12f40	simple	FUN_00a12f40	125	0	582	3a065d64d4b68898ee7cbb920f6d77ff7a85681d9b8a40faaeffb583bb3873ed
urn:ure:t6:occ:function:current-client:00674a60	0x00674a60	simple	FUN_00674a60	127	0	421	34f28fc4f91b8bdaccd9bab01d56d0e9a8efbe6ffe3e6f9a3fcb468e50f4d464
urn:ure:t6:occ:function:current-client:008e1bf0	0x008e1bf0	simple	FUN_008e1bf0	127	0	485	ba0aae96839ce9b24c153e28c7785ecb3a3ff22efdd888da600df10105559bed
urn:ure:t6:occ:function:current-client:00a7b0c8	0x00a7b0c8	simple	FUN_00a7b0c8	127	0	534	d40c4eef621e9f5d6286427ef6ff15790c3475e5975462ab21aa1fb21a20805e
urn:ure:t6:occ:function:current-client:0063d580	0x0063d580	simple	FUN_0063d580	128	0	288	63775d986af1ae97bef8539a7844874209cd186f25f2517e9acdf4e886b01a79
urn:ure:t6:occ:function:current-client:00b465a8	0x00b465a8	simple	FUN_00b465a8	128	0	304	6e92e63f7e41efd26b12f2240bdde9cd9cce385bc05faa13f1bc8c9d03ea8f2c
urn:ure:t6:occ:function:current-client:005a1b90	0x005a1b90	simple	FUN_005a1b90	128	0	558	ad3da1c1e6382108cea04ba3d452cd6bb780901c4ff74a944d17aecd26f62e5c
urn:ure:t6:occ:function:current-client:0040ad00	0x0040ad00	simple	FUN_0040ad00	129	0	348	5f7a481138b57fc14c02a9238354b994ced46aa0d386e83a2a9fb642257beb28
urn:ure:t6:occ:function:current-client:009f58b4	0x009f58b4	simple	FUN_009f58b4	129	0	405	0be9915b06c5ac41866853d32970ca20021f3da5656d13e468a99127973d3ece
urn:ure:t6:occ:function:current-client:00762060	0x00762060	simple	FUN_00762060	129	0	519	feda2f2baf8253f3d14391aa5e59ee7bf578e7230e306828c4859ce3cff19457
urn:ure:t6:occ:function:current-client:00a292e0	0x00a292e0	simple	FUN_00a292e0	130	0	333	c5a0a4599166a0b5128e100a7f1e8d0ac0e9cb77ad0d1f85fb649a96e7d53690
urn:ure:t6:occ:function:current-client:009f7ae0	0x009f7ae0	simple	FUN_009f7ae0	130	0	354	b3d188e46fcb1987ae2006c32dacb7d12a296153b2c824b0055c03d53a42d989
urn:ure:t6:occ:function:current-client:009fb602	0x009fb602	simple	FUN_009fb602	130	0	443	a4f6661196fe198bf4507a3fdea6b189a64fc5ed981df06a9b01bfe9a823ce34
urn:ure:t6:occ:function:current-client:00861790	0x00861790	simple	FUN_00861790	130	0	558	e036a2e24a5e3646de09b1423bbc1746b71ee576842d6028a1d06869523e5435
urn:ure:t6:occ:function:current-client:00b4754e	0x00b4754e	simple	FUN_00b4754e	131	0	318	a1bd4f5d374a30c3e59fce0cabbee6552557cf6133ac8537289365f767745403
urn:ure:t6:occ:function:current-client:006c34a0	0x006c34a0	simple	FUN_006c34a0	131	0	327	59f639d8b43581220c370d82e8cc8b31f6d5583b76e99948f0a288e75607333b
urn:ure:t6:occ:function:current-client:00512710	0x00512710	simple	FUN_00512710	131	0	372	36c502aaefc131bfa31439ae1f9c4814b870fa72a6417a717137a47560e3e7a3
urn:ure:t6:occ:function:current-client:00439c60	0x00439c60	simple	FUN_00439c60	131	0	374	f9d13d8551f0155b9cfdbb9c1519e372840def48cc7281d6e58626423b2f92cf
urn:ure:t6:occ:function:current-client:008f20a0	0x008f20a0	simple	FUN_008f20a0	131	0	421	e176072734717f9bf3afc239f98140f5a91d137ea929a83a816f92dd49ce9b12
urn:ure:t6:occ:function:current-client:009f52b2	0x009f52b2	simple	FUN_009f52b2	131	0	486	b21334e8996006ad7f1db234cdf6423dcf0016e5aea9d0275a00876442c6a0a8
urn:ure:t6:occ:function:current-client:007822e0	0x007822e0	simple	FUN_007822e0	131	0	492	5a6921d7ca1fcb8ae901b1aa26feb480b279e0376726724c75a14519b22a4f93
urn:ure:t6:occ:function:current-client:00885860	0x00885860	simple	FUN_00885860	131	0	518	4150b8addb2d876880b62666775550280768152da7e0262279cff9b7db640ba1
urn:ure:t6:occ:function:current-client:009e5358	0x009e5358	simple	FUN_009e5358	131	0	591	0999665f8ff5de3710d71670eab03041c4df72f62a9671072af3b52b666ae6f7
urn:ure:t6:occ:function:current-client:0066b510	0x0066b510	simple	FUN_0066b510	132	0	357	db5fd8c8f88076e77248423761e4399282b5f02cf34b462900360ee492c32de4
urn:ure:t6:occ:function:current-client:006714e0	0x006714e0	simple	FUN_006714e0	132	0	381	7c0f533892dba264f54881353e554db4f600e2e1fc23d8af67daacc890381c80
urn:ure:t6:occ:function:current-client:008d7980	0x008d7980	simple	FUN_008d7980	132	0	414	04656694ab82f58a04ca605027a9c20b4f63bbc4a8eff629876ee153c1535437
urn:ure:t6:occ:function:current-client:00440280	0x00440280	simple	FUN_00440280	132	0	434	fee7b05f33436cbf4ba2113d385a620b5c5f8c42e39a6bb2bced347eb73cae92
urn:ure:t6:occ:function:current-client:007d84d0	0x007d84d0	simple	FUN_007d84d0	132	0	448	89ed6ee039319cf9a3a7bcd189c6527e11dacb21b51165d4b6247baece75833f
urn:ure:t6:occ:function:current-client:0071f700	0x0071f700	simple	FUN_0071f700	132	0	470	4fbe9404978fb84774fa69da8407dc919bbceabee99d1dc3f4ef1bad79e75fc9
urn:ure:t6:occ:function:current-client:00771150	0x00771150	simple	FUN_00771150	132	0	509	fcd4b98225668d0f62542fe0b1c8b671191d49547163e9afb9cab112b358007b
urn:ure:t6:occ:function:current-client:0057c5c0	0x0057c5c0	simple	FUN_0057c5c0	134	0	305	6733c15844281840380dee438c44f8e0eab26468d24d4b18f9a2955e81ee3ea9
urn:ure:t6:occ:function:current-client:009b3210	0x009b3210	simple	FUN_009b3210	134	0	362	926e8430c442e3202afb06e6d222d87d352451f15e4c70a90e11154793142f0c
urn:ure:t6:occ:function:current-client:00784440	0x00784440	simple	FUN_00784440	134	0	420	f4b33c94faa7835dd7df76ffcb6f0d24e364a07f18b1f62028355b245fc90172
urn:ure:t6:occ:function:current-client:007889f0	0x007889f0	simple	FUN_007889f0	134	0	450	bd28b13395154043c0a709baf9a34f12b789bc6009189708a661ba9de59827b4
urn:ure:t6:occ:function:current-client:0073cd30	0x0073cd30	simple	FUN_0073cd30	134	0	513	895f4d6d77a1cd0ca11da6c887ec6451360160031c2d6d74d91d06243d7e5055
urn:ure:t6:occ:function:current-client:00494960	0x00494960	simple	FUN_00494960	134	0	615	c1075c1ff6c335c4815cc4b4eeb58f995d1707278632a02d21f50903ba55fb80
urn:ure:t6:occ:function:current-client:00534f40	0x00534f40	simple	FUN_00534f40	135	0	526	b2e39a08ad74c36bc2aa2237b1d051fc461396b49a2dbe837744fffb9c717b22
urn:ure:t6:occ:function:current-client:009131e0	0x009131e0	simple	FUN_009131e0	136	0	459	d81aaa5527301b5c327dd7878dba37e52398188f6d9f5c801d30a3a225ac6929
urn:ure:t6:occ:function:current-client:007099e0	0x007099e0	simple	FUN_007099e0	136	0	464	305e305be068fe0453cca1009ab65444b5ddf983e643ef7090be93d1899d8559
urn:ure:t6:occ:function:current-client:004da3b0	0x004da3b0	simple	FUN_004da3b0	136	0	537	ce922e77c9726bb6f56840d29f670455af9028b1d0b9e90dd0a4ec6b44554efc
urn:ure:t6:occ:function:current-client:00739860	0x00739860	simple	FUN_00739860	136	0	582	1615d58475b0688ea235a68c3cad538adc899163026ee4925e18b959c2181c5e
urn:ure:t6:occ:function:current-client:0078ca70	0x0078ca70	simple	FUN_0078ca70	137	0	426	bf4b13e5c51cfa3ce1019802112a4f750dfad54abf1a04a3c532628b07f094d9
urn:ure:t6:occ:function:current-client:008f1ee0	0x008f1ee0	simple	FUN_008f1ee0	137	0	437	0339389a7e74dc458968f07bd44bfd3f98afe2037c6bbc4bcc14f89be6a485be
urn:ure:t6:occ:function:current-client:0051d370	0x0051d370	simple	FUN_0051d370	137	0	506	18ac90871193674d993a7cbd0b48d8c3b921ea75dfd95decc85237c4fc39b4c1
urn:ure:t6:occ:function:current-client:005e5b00	0x005e5b00	simple	FUN_005e5b00	137	0	510	e47e92de16e9dda994beca6de2379b70a33223093a04566497036da2a3c5fdbf
urn:ure:t6:occ:function:current-client:007f4e00	0x007f4e00	simple	FUN_007f4e00	137	0	571	df7c088317de17c6fca446d9724c2353fd17aad96411219ba94792f7077ebb34
urn:ure:t6:occ:function:current-client:00a104d0	0x00a104d0	simple	FUN_00a104d0	137	0	607	98c7bb595d0c2d7d09a27eb98b6d5e72e138ba1ffd41b93937b9b1527d619fd0
urn:ure:t6:occ:function:current-client:0095a490	0x0095a490	simple	FUN_0095a490	139	0	427	53f0efed3ecec11e59bc90d3281e707dd9fa7307375d89913b2a784945a5bedb
urn:ure:t6:occ:function:current-client:009e1170	0x009e1170	simple	FUN_009e1170	139	0	466	eec7761a5d10ca3f12125342aa2206b69d9ad72502e969bc20837929d962882a
urn:ure:t6:occ:function:current-client:00b26900	0x00b26900	simple	FUN_00b26900	140	0	401	245440fad39e425073297b7f751f5aa4215ce14fe9f1967149b6d3b3e59f5ade
urn:ure:t6:occ:function:current-client:00762c40	0x00762c40	simple	FUN_00762c40	140	0	479	c57a881ac9e3b4cc86336dd970b9969a0e2923589d0a89115f5f7cc8929d29e1
urn:ure:t6:occ:function:current-client:0040a260	0x0040a260	simple	FUN_0040a260	2	1	6	324535aa395b1fe954e1ac617c3465300a7ab12d3dccb4ff013dac7437a8b0b3
urn:ure:t6:occ:function:current-client:004138c0	0x004138c0	simple	FUN_004138c0	2	1	6	adde76db4fff188bc37bfaf7eeda19340e02a0b90cb6c03bb4994f0c865477a2
urn:ure:t6:occ:function:current-client:0047d650	0x0047d650	simple	FUN_0047d650	2	1	6	87689279ab2a15184b7f6e4604a0d98d5f941cc581d898b5f1ca61dd9df917b9
urn:ure:t6:occ:function:current-client:0049c8b0	0x0049c8b0	simple	FUN_0049c8b0	2	1	6	523486c1ca83d0ea6db1f67559b40f09aafd806121d0f90a93130cce6469ed13
urn:ure:t6:occ:function:current-client:0049d370	0x0049d370	simple	FUN_0049d370	2	1	6	a3af51e112cc89d8b16841455a7eff9bafa805003d25b39c21be76fda5de7059
urn:ure:t6:occ:function:current-client:004b18f0	0x004b18f0	simple	FUN_004b18f0	2	1	6	a6f515b734bbd37d745eafb4186e2dd0512c1348f7ca125f2ca25ef6785f4edd
urn:ure:t6:occ:function:current-client:004c0970	0x004c0970	simple	FUN_004c0970	2	1	6	fb2c1f9161583e8b1b3ea25f12744b073cbaa494120b17a4aafc7e2183248b27
urn:ure:t6:occ:function:current-client:004d32d0	0x004d32d0	simple	FUN_004d32d0	2	1	6	433b348457883ce0b7fc1bbeb50a012d53844ca2e964af758e08467195153a6e
urn:ure:t6:occ:function:current-client:004d88c0	0x004d88c0	simple	FUN_004d88c0	2	1	6	469f3b23fa54165f89250299ccc5961d8a68a5b6a84273467769927382a1fbc7
urn:ure:t6:occ:function:current-client:004f2460	0x004f2460	simple	FUN_004f2460	2	1	6	098296a028f68043b6df9152828dc5a8427a716e2a29b3ca8967f5472efd0a3a
urn:ure:t6:occ:function:current-client:004f2a90	0x004f2a90	simple	FUN_004f2a90	2	1	6	c2dbdc76fc61499fc6eb10184082d211a47b027d8ab616bc11eff21045037f88
urn:ure:t6:occ:function:current-client:0050c2e0	0x0050c2e0	simple	FUN_0050c2e0	2	1	6	61500cc4e73c617039af973959906aed7bee43854ecbf24478d171064a6dd973
urn:ure:t6:occ:function:current-client:00569f80	0x00569f80	simple	FUN_00569f80	2	1	6	5c810dc360aef2a827bfa5a1c1775d1b1a4c930904e0f69973fa20a39855b781
urn:ure:t6:occ:function:current-client:00573980	0x00573980	simple	FUN_00573980	2	1	6	48ac4b86f6e5bc75fd812fba3eb10eb460dad98d71e924c1b67c078024636162
urn:ure:t6:occ:function:current-client:0057c050	0x0057c050	simple	FUN_0057c050	2	1	6	f57232d281538553c330811c35a0cef385da9eb17947a4411af5713016b8e9e4
urn:ure:t6:occ:function:current-client:00589870	0x00589870	simple	FUN_00589870	2	1	6	0e6625aac1efb301a7a205da5ca8c4d7cbd7c4df2284909533e4b7d69f3add29
urn:ure:t6:occ:function:current-client:0059b590	0x0059b590	simple	FUN_0059b590	2	1	6	9ac64908a64f6c2872913e5750d09a903a7e5e60d80c58a1a544a25b42a2ed53
urn:ure:t6:occ:function:current-client:0059f560	0x0059f560	simple	FUN_0059f560	2	1	6	04eaa681292d3c893c1bec18e9d72984e236d85db4e543b47068e2fac0d2ce86
urn:ure:t6:occ:function:current-client:005fe5e0	0x005fe5e0	simple	FUN_005fe5e0	2	1	6	076779691e68bffb955f9f87954310c377f12ad1616a25ca959bf149d49049e2
urn:ure:t6:occ:function:current-client:00609690	0x00609690	simple	FUN_00609690	2	1	6	3bcb0b6367a5a99e2c810c15e14e14e75e72b4b5e1875dce032206a5ca6d31ec
urn:ure:t6:occ:function:current-client:00616dd0	0x00616dd0	simple	FUN_00616dd0	2	1	6	7d194678d8ec9e956c5398845def7a405b0156fb61626f8a6e283baa73bdc342
urn:ure:t6:occ:function:current-client:006173e0	0x006173e0	simple	FUN_006173e0	2	1	6	069929c8c63dd2e3b9e41925ef7f52cee8b82cc6eb6c63e2d0afdc13623a4bfc
urn:ure:t6:occ:function:current-client:00628af0	0x00628af0	simple	FUN_00628af0	2	1	6	f665b59a2e78e02ca6915606911089ab39d4704c4b60fb6dee30bf781c3cd9b1
urn:ure:t6:occ:function:current-client:00634b00	0x00634b00	simple	FUN_00634b00	2	1	6	5f76d6c7f7f4b0560becbd4532e171ae44b14b0475552ef930868a15972a4d13
urn:ure:t6:occ:function:current-client:00635170	0x00635170	simple	FUN_00635170	2	1	6	24cfcbf8cd9bc4f3ab83d178e02f020286f978b879fc4f77f08bbda45fc6aafa
urn:ure:t6:occ:function:current-client:00642c00	0x00642c00	simple	FUN_00642c00	2	1	6	be79d370e9af6b1faa77d8492a3b32eab1b296c4bafa96d4f7f58828ea8728fc
urn:ure:t6:occ:function:current-client:00666000	0x00666000	simple	FUN_00666000	2	1	6	443a50feb3179326cf9f62263b850cb50e59100153d62471443d0f0859e58e48
urn:ure:t6:occ:function:current-client:00675e80	0x00675e80	simple	FUN_00675e80	2	1	6	64400727253d852a215f9a4d4b4cf3b32b815a42c7b966c0171d27c6e895cfec
urn:ure:t6:occ:function:current-client:0068dce0	0x0068dce0	simple	FUN_0068dce0	2	1	6	7fe48ed6f8893a4770768e7f7ef3e20c92dc4dec43b75e788e5dbb8b1743854d
urn:ure:t6:occ:function:current-client:00690210	0x00690210	simple	FUN_00690210	2	1	6	0404c874fe0a7c537ec0a5af9097dadf8052c53902705feda9bdce6c05d48372
urn:ure:t6:occ:function:current-client:0069ec80	0x0069ec80	simple	FUN_0069ec80	2	1	6	a0fd932a2b908cc036a38822310b0a05d3bc089e8f4e484d43824589d35a09cb
urn:ure:t6:occ:function:current-client:006ac3a0	0x006ac3a0	simple	FUN_006ac3a0	2	1	6	4842c8225b37dbd90e1d25d17ccfc5e76b4aafdcf9b088e3f3871da61aff22e9
urn:ure:t6:occ:function:current-client:006ac750	0x006ac750	simple	FUN_006ac750	2	1	6	7f7f739cf8a07648596d692d0ed81f3015a8ee73f4eaa4a83f55bdc02231ad74
urn:ure:t6:occ:function:current-client:006d77e0	0x006d77e0	simple	FUN_006d77e0	2	1	6	040c942c924a280aef6b360b8bae6768761e3a2f074e2d0f6a8d11a7fa11c5a6
urn:ure:t6:occ:function:current-client:00a753a7	0x00a753a7	simple	FUN_00a753a7	2	1	6	ed8cf3dc4ce9ce64f503bb4368b52b8d6fce8d2c0a0c569150034bc07ee1845b
urn:ure:t6:occ:function:current-client:0041fca0	0x0041fca0	simple	FUN_0041fca0	2	1	7	3b91b5e64d8783e8d50bdbcefd488523cf9eb9044f7e4189c203d628b92a8d02
urn:ure:t6:occ:function:current-client:00461f20	0x00461f20	simple	FUN_00461f20	2	1	7	6b0c19709ab4620d41820fac2a32add9fda95648af61cb576c7bccd993218a62
urn:ure:t6:occ:function:current-client:004ae6f0	0x004ae6f0	simple	FUN_004ae6f0	2	1	7	3fc0925c8ad6bb6b4fc9a3170846d076095a5d170bc98713f1b9bc9ac4fe4835
urn:ure:t6:occ:function:current-client:004d8ce0	0x004d8ce0	simple	FUN_004d8ce0	2	1	7	342070f6cd79072f34e0ad75668f096c5abea29a694f47725fad989d22f50b78
urn:ure:t6:occ:function:current-client:00581e50	0x00581e50	simple	FUN_00581e50	2	1	7	6e8153f4222deb67cbe521cd08838312727b3a8e369c9ebfe1d2a33bca0ae125
urn:ure:t6:occ:function:current-client:00a4ae00	0x00a4ae00	simple	FUN_00a4ae00	2	1	8	11e6b8bf12d7901b887182e096cf1f9b4860b9ef8b7a7e57c7370f57d80dc826
urn:ure:t6:occ:function:current-client:00a4ae10	0x00a4ae10	simple	FUN_00a4ae10	2	1	8	596f23010e275980a110ec14a76fc5b575af9b6889df26bfbafd80732288d307
urn:ure:t6:occ:function:current-client:00a4ae20	0x00a4ae20	simple	FUN_00a4ae20	2	1	8	cf52ad8510ba3bccb34af5d364d4d627c82bf7ff4dfdd703e729b3a3bd51f792
urn:ure:t6:occ:function:current-client:0047a8a0	0x0047a8a0	simple	FUN_0047a8a0	2	1	9	ae9f7625ef5a17e0b3cfdf8b4e896a42622ecfa8d16673303aa4923a1d8869d0
urn:ure:t6:occ:function:current-client:00573970	0x00573970	simple	FUN_00573970	2	1	9	75fae143aa4482e86927ee4ce2e42eb354dd8c92d2fb0ccaae582a654f7d7c7c
urn:ure:t6:occ:function:current-client:00a01870	0x00a01870	simple	FUN_00a01870	2	1	9	1964d0469749fbdf89c6e7d2ad6d5cc4a3f3b8cc06e528bce48e2368cda6bff9
urn:ure:t6:occ:function:current-client:00a804bf	0x00a804bf	simple	FUN_00a804bf	2	1	9	6c5be3ea4bc4a78f4f8140fef4ce1907115c8762f92f5b0f7608fcaaa60d3e4a
urn:ure:t6:occ:function:current-client:00a805ef	0x00a805ef	simple	FUN_00a805ef	2	1	9	218131e89b6cbd3572891b215eced6dab8a8477dfd7b66527575a095e9640a27
urn:ure:t6:occ:function:current-client:005bfcb0	0x005bfcb0	simple	FUN_005bfcb0	2	1	10	348df00162336c1d411fcf79331fb36c4b65c4b9975a5c269ddae0893af0ffa1
urn:ure:t6:occ:function:current-client:006bab10	0x006bab10	simple	FUN_006bab10	2	1	10	36990e56315483ed845ee79bdc581e429f5f422ed5166bc5fbfd8ee0ccae7503
urn:ure:t6:occ:function:current-client:00a7be0a	0x00a7be0a	simple	FUN_00a7be0a	2	1	10	4f505ea5182053a421187acd15d79e17201af7d19a7d3c12b388bce05a5f8729
urn:ure:t6:occ:function:current-client:00a7dba8	0x00a7dba8	simple	FUN_00a7dba8	2	1	10	ff35345eafdaa8cef44cf4e22c8015503799a5606eb5464d9778e74803496551
urn:ure:t6:occ:function:current-client:00a8041a	0x00a8041a	simple	FUN_00a8041a	2	1	10	631aa47c02679834ce7691ee5b9735581c2e8783b1f0aab3d2e15fe9f89c9ba6
urn:ure:t6:occ:function:current-client:005bf1f0	0x005bf1f0	simple	FUN_005bf1f0	2	1	11	d4f13f326a3ca8003316a355854dc6f1a51e7344376775b2fa84c7cb672d8e06
urn:ure:t6:occ:function:current-client:0068cdb0	0x0068cdb0	simple	FUN_0068cdb0	2	1	11	57a6ca814432f835cc79193fa9607f45115c70fa050ce3e4031a3b7f5c883d01
urn:ure:t6:occ:function:current-client:006c2770	0x006c2770	simple	FUN_006c2770	2	1	11	f7d96b16ecc891c01eac3a35f2e6c78137470097675fcbcf364a6e140bafd6f9
urn:ure:t6:occ:function:current-client:00a30250	0x00a30250	simple	FUN_00a30250	2	1	11	a316bf20c90c56380efc688a73366bf528f17d85bda40ee43c3664959e09c63f
urn:ure:t6:occ:function:current-client:00a30330	0x00a30330	simple	FUN_00a30330	2	1	11	b01377db0653bc9359e6d2c1e40ba42459ff96169236807c18024d5a0b2fbce8
urn:ure:t6:occ:function:current-client:00a30470	0x00a30470	simple	FUN_00a30470	2	1	11	d57c6907ae652dd296dad4dd04f41b29cd6521e97ce7a824527e6c90543694a4
urn:ure:t6:occ:function:current-client:00a33de0	0x00a33de0	simple	FUN_00a33de0	2	1	11	e625a827f06b83b60784511f59e4ffe7b854f9b7e2c7798f8d397d22bfc16697
urn:ure:t6:occ:function:current-client:00a33ec0	0x00a33ec0	simple	FUN_00a33ec0	2	1	11	bed4168dffa12c1d3f14c7b1b77a9450ee6dcab48dd86b24229b67b6dd636207
urn:ure:t6:occ:function:current-client:00a341b0	0x00a341b0	simple	FUN_00a341b0	2	1	11	ba68e068836ccb13f797ea028fc9b32f9cad66cb2aa560a9b77d740ab19b928f
urn:ure:t6:occ:function:current-client:00a35900	0x00a35900	simple	FUN_00a35900	2	1	11	2cc6654d233673d4e93a07613b000257a66b47dac803d625e4a49db1231c40a2
urn:ure:t6:occ:function:current-client:00a35ea0	0x00a35ea0	simple	FUN_00a35ea0	2	1	11	ba3023bac587034a0b4274e1776bc31921a439ced82996e6afebd871797bc031
urn:ure:t6:occ:function:current-client:00a36020	0x00a36020	simple	FUN_00a36020	2	1	11	3755a8d113dec37cdfe16aeaf5ccdc635676e32daf663275dec42708047de4c6
urn:ure:t6:occ:function:current-client:00a36080	0x00a36080	simple	FUN_00a36080	2	1	11	289f065d9dea300c3a36b7e14798b7b14cef649d55ac53f65a048e99221ded16
urn:ure:t6:occ:function:current-client:00a37bc0	0x00a37bc0	simple	FUN_00a37bc0	2	1	11	d885fb9ac5528a066e8401a786b7792d98bf25216d9b99503db2cf0deb33c299
urn:ure:t6:occ:function:current-client:00a3a220	0x00a3a220	simple	FUN_00a3a220	2	1	11	9efa0458e70ce97e2cec20407ddc05a88d4ad641bedbdef507017837d315cc64
urn:ure:t6:occ:function:current-client:00a3f6b0	0x00a3f6b0	simple	FUN_00a3f6b0	2	1	11	8f121e0a713f617d13bcb18ed0f2220ed4fcdc84b93e4797a343b43457143a5e
urn:ure:t6:occ:function:current-client:00a3f720	0x00a3f720	simple	FUN_00a3f720	2	1	11	58c71bef0ea15d37215dd4ff0305357f18a4fbc70582055af6f18009a4bdb375
urn:ure:t6:occ:function:current-client:00a3fec0	0x00a3fec0	simple	FUN_00a3fec0	2	1	11	7d2fb95c917cbf69ccb23d0e7a6b048f44f68b99b2639ca3324052befafa3260
urn:ure:t6:occ:function:current-client:00a3ff20	0x00a3ff20	simple	FUN_00a3ff20	2	1	11	f8de122e9483c0ba8f3309f24da4fb5d4b45283e5e8ea42e99f0d3c0dfeb273d
urn:ure:t6:occ:function:current-client:00a40000	0x00a40000	simple	FUN_00a40000	2	1	11	5651d326b3ed4d6104383e21116f3d22f282cb5ade4dfa983454f4f5906af909
urn:ure:t6:occ:function:current-client:00a40080	0x00a40080	simple	FUN_00a40080	2	1	11	a6662cfb2372f58e0ac28b3efede3eba3887e876ba3f883edd582db8ef665232
urn:ure:t6:occ:function:current-client:00a40270	0x00a40270	simple	FUN_00a40270	2	1	11	35002a833165556b51fbeb9714564685214ba129520ef7828ff52c9ddb6e5a43
urn:ure:t6:occ:function:current-client:00a404d0	0x00a404d0	simple	FUN_00a404d0	2	1	11	8a400e0d19c63632da781d68e5d83d646ca0364aa143b3a944f267a625e3458d
urn:ure:t6:occ:function:current-client:00a40600	0x00a40600	simple	FUN_00a40600	2	1	11	643ac92fec92302891ac6a708cc122d753f340cee5c4857858c1ae4b3c74133f
urn:ure:t6:occ:function:current-client:00a417c0	0x00a417c0	simple	FUN_00a417c0	2	1	11	3e01643d91b1dff1a097f4a9ec78be6c4d324d7153de6aecc6561a04deb80a04
urn:ure:t6:occ:function:current-client:00a41910	0x00a41910	simple	FUN_00a41910	2	1	11	eb3c5b7b4b307093c18e4ddff9f9cb550d213a8590e7b8480e725bc89dd7c1b0
urn:ure:t6:occ:function:current-client:00a41a50	0x00a41a50	simple	FUN_00a41a50	2	1	11	6ac56f90cdd074b9c34076d19b989c1917ddaa44581867fe6ab725e4fd4b1ae1
urn:ure:t6:occ:function:current-client:00a41bc0	0x00a41bc0	simple	FUN_00a41bc0	2	1	11	7c5bf8b3c5d687452c013480d881ef5a7a48ef748814c68b731eb2ca40dbf1a5
urn:ure:t6:occ:function:current-client:00a42020	0x00a42020	simple	FUN_00a42020	2	1	11	740a1e8e3b4bdf143152ccb9456e8df0ba749227c42eff0be9a09e13d68e5227
urn:ure:t6:occ:function:current-client:00a42120	0x00a42120	simple	FUN_00a42120	2	1	11	28def2d36f475552d6d489bced484f8d68dc61a7e5e960c38c4cf90f631fe6cc
urn:ure:t6:occ:function:current-client:00a422b0	0x00a422b0	simple	FUN_00a422b0	2	1	11	28ece6a82d97fc096d5879b9eca48d8a9ce156abf47b7a5d7f10c11051fe4423
urn:ure:t6:occ:function:current-client:00a42810	0x00a42810	simple	FUN_00a42810	2	1	11	f8f1b5016fcb45729e42995c9b7dde238ae4184d8bf81a10817abeda5bf9a358
urn:ure:t6:occ:function:current-client:00a432a0	0x00a432a0	simple	FUN_00a432a0	2	1	11	924c801311c275d1e8fdb0946e3fe0204b92e7d8ad47d00a7c76f690a62bf925
urn:ure:t6:occ:function:current-client:00a43770	0x00a43770	simple	FUN_00a43770	2	1	11	0d7f51c5186b044084a87465249d4d5ba4915b128020783b79807793f29ed88b
urn:ure:t6:occ:function:current-client:00a438c0	0x00a438c0	simple	FUN_00a438c0	2	1	11	8ad6d09245fdfef26eb14ecc1bbd9d5f69f9688984ffe1774a84e6e6c8327c44
urn:ure:t6:occ:function:current-client:00a439f0	0x00a439f0	simple	FUN_00a439f0	2	1	11	0bcf6214f724b5189d763c99cd958c60d26249c2b9ee0a98025aedeb0c0eb1bf
urn:ure:t6:occ:function:current-client:00a43b20	0x00a43b20	simple	FUN_00a43b20	2	1	11	21cf6dc8889fe5b3b32d72517dcd0d7103af0525de97071501d037fe947d136c
urn:ure:t6:occ:function:current-client:00a43df0	0x00a43df0	simple	FUN_00a43df0	2	1	11	1612e9279998ee2ec5a0f226d6c794f08cd6cec81f1adacdc591478cef61c4c0
urn:ure:t6:occ:function:current-client:00a44200	0x00a44200	simple	FUN_00a44200	2	1	11	e20f6a51e1798438ae70e9e70f46abb1e5fbb6443e3d9e534333ddc6ad71369d
urn:ure:t6:occ:function:current-client:00a443c0	0x00a443c0	simple	FUN_00a443c0	2	1	11	5681199bd7271dc89216d270aabc1f72e38e10880af21053c5d75eba613cb7b5
urn:ure:t6:occ:function:current-client:00a44ce0	0x00a44ce0	simple	FUN_00a44ce0	2	1	11	ef83932397ce57d23d76f8d3ee02dd064324f56dbe6eeedf52a8c536c8e97b94
urn:ure:t6:occ:function:current-client:00a453f0	0x00a453f0	simple	FUN_00a453f0	2	1	11	edcaca199d7548595509582c1075409b1377c8144de2185a23148f27485248d5
urn:ure:t6:occ:function:current-client:00a483d0	0x00a483d0	simple	FUN_00a483d0	2	1	11	c68e0f41f30c7abcbc41a2c058fe51affe719e8e3e2aa3e317025a38dbcbfb50
urn:ure:t6:occ:function:current-client:00a484d0	0x00a484d0	simple	FUN_00a484d0	2	1	11	763e0ef0a2f14a5db12de9d8a993e92f057fbb5eb9aaabcd961f3d433de8a9c9
urn:ure:t6:occ:function:current-client:00a48660	0x00a48660	simple	FUN_00a48660	2	1	11	4cf13f81e022fd1049628488a35b5b90b802c09d27bfe86f508bb69d7fc4350c
urn:ure:t6:occ:function:current-client:00a48770	0x00a48770	simple	FUN_00a48770	2	1	11	3f0bc3ab5ddd800804540952cf4a7f01bdb42e121fa82e9186d80c69b6b65254
urn:ure:t6:occ:function:current-client:00a49d60	0x00a49d60	simple	FUN_00a49d60	2	1	11	9a614eaf072c763f982b85b25233d1b865b212a3fecdfd4ff05f526d744c2c39
urn:ure:t6:occ:function:current-client:00a49e50	0x00a49e50	simple	FUN_00a49e50	2	1	11	c2bee919c6e544ce02f03fe80186c41bcddac34c23424891b581fb04495d9c1f
urn:ure:t6:occ:function:current-client:00a49fe0	0x00a49fe0	simple	FUN_00a49fe0	2	1	11	04d5ea02497904f815b61ca367753c01457e2129b40731deb1a9578e2710cb9b
urn:ure:t6:occ:function:current-client:00a4a130	0x00a4a130	simple	FUN_00a4a130	2	1	11	98855d388fabef4a18718f48d929fca2b548aff99c3d8d98adf6543cd991f3e2
urn:ure:t6:occ:function:current-client:00a4a4c0	0x00a4a4c0	simple	FUN_00a4a4c0	2	1	11	f6a563d8b9cf2f6d9148fe485070e0b350412344848316dc9693cf3b967b5716
urn:ure:t6:occ:function:current-client:00a4a620	0x00a4a620	simple	FUN_00a4a620	2	1	11	b71139525a414a4efe76fac271dc5d6bd99a8e7424245ade0b0dfc94fefc653c
urn:ure:t6:occ:function:current-client:00a5b750	0x00a5b750	simple	FUN_00a5b750	2	1	11	4665dc727a7cad1b5c37b06512f59f7d904918fca82830316e670f2888df204e
urn:ure:t6:occ:function:current-client:00a5c0c0	0x00a5c0c0	simple	FUN_00a5c0c0	2	1	11	c40275249dec9a26c93fc9e1288f43d0ce00050ae37ce960db50555c709d42fd
urn:ure:t6:occ:function:current-client:00a5c7b0	0x00a5c7b0	simple	FUN_00a5c7b0	2	1	11	302102f3b750ceea4eee5884cf62549935e5e17698243dec614d82e8631637f7
urn:ure:t6:occ:function:current-client:00a5dd40	0x00a5dd40	simple	FUN_00a5dd40	2	1	11	88b1cbd00601b23d6085d777f4beeffb6d151fe27507886fb2aa994efc348ba1
urn:ure:t6:occ:function:current-client:00a738b0	0x00a738b0	simple	FUN_00a738b0	2	1	11	3f7a4783aebb072cd96107c94d681a23f361c55d132d7a46d46ea91f2780057a
urn:ure:t6:occ:function:current-client:00adf200	0x00adf200	simple	FUN_00adf200	2	1	11	fdafed027f454743eed12c6f05bdf53667b8de98ff591d73c09577a35aedef5a
urn:ure:t6:occ:function:current-client:00adfb50	0x00adfb50	simple	FUN_00adfb50	2	1	11	2ecf55de3dfd5e4f92e6cfc17f44af1dfcaae3239be3540f1a2b1dc7e1848ea6
urn:ure:t6:occ:function:current-client:00adfc50	0x00adfc50	simple	FUN_00adfc50	2	1	11	623201ad0b551c167a163192679db532ef0e88f3daa10d52526264e6042bcc8e
urn:ure:t6:occ:function:current-client:00adfcb0	0x00adfcb0	simple	FUN_00adfcb0	2	1	11	4dbe9cbb63f0947f525dd54187cd8ac6a25584faee3216dcd75779b3fc1fc329
urn:ure:t6:occ:function:current-client:00adfdb0	0x00adfdb0	simple	FUN_00adfdb0	2	1	11	2abd6ee111b1d80b20aba255dccf6fc7b88549966f797d426403c1ba70696b4d
urn:ure:t6:occ:function:current-client:00adfe10	0x00adfe10	simple	FUN_00adfe10	2	1	11	cf05ab59486f0394e411d64156ebd1b8b3fb968fa99e26b9c37d91563303e85f
urn:ure:t6:occ:function:current-client:00adfe70	0x00adfe70	simple	FUN_00adfe70	2	1	11	d4fca02cfc7589741a44f0bcb5c0d596662de955e44e7be745668b9e492da2fc
urn:ure:t6:occ:function:current-client:00ae0850	0x00ae0850	simple	FUN_00ae0850	2	1	11	dd71878e6b31a16fe7755f00b69b6f38d5353668edbc7e34ea7d0d84e7a5fdef
urn:ure:t6:occ:function:current-client:00ae0fd0	0x00ae0fd0	simple	FUN_00ae0fd0	2	1	11	35b2f4bab5b6b7755fcd35527de77fbc01aced424c75f830925c83a59733e551
urn:ure:t6:occ:function:current-client:00ae1380	0x00ae1380	simple	FUN_00ae1380	2	1	11	2cfff3a21c8435dbffb121f3dd2bf79d5ec6651769896b81ff2a9b99668bbf6c
urn:ure:t6:occ:function:current-client:00ae15f0	0x00ae15f0	simple	FUN_00ae15f0	2	1	11	cc7caaca2ddc3f8a08496bd63cf8b73bdd9a2a814ef9e230c5b03d908399c5e2
urn:ure:t6:occ:function:current-client:006a71f0	0x006a71f0	simple	FUN_006a71f0	2	1	12	c732e6af3c08c082fb421a0cf455489811b17828ea6d2b99fa519a2b168d7f75
urn:ure:t6:occ:function:current-client:006b9420	0x006b9420	simple	FUN_006b9420	2	1	13	a74484f64e839e3c1b8930d8af010841725d8bb5d544ec5b7cb638cf45c0ae7e
urn:ure:t6:occ:function:current-client:0049af10	0x0049af10	simple	FUN_0049af10	2	1	15	242c5edf8a3a6b5fbb40ee7d019ecd339f9c01eea93b922da35512847a899893
urn:ure:t6:occ:function:current-client:004c04d0	0x004c04d0	simple	FUN_004c04d0	3	1	8	fda95f47fdc0e6a0b4a9e6a5da3afd04261604fcbd3d1337bf6cd6a6f0432f25
urn:ure:t6:occ:function:current-client:005c2c80	0x005c2c80	simple	FUN_005c2c80	3	1	8	8cde745404a8002378464b740b9472b949d2e92cdbb506b8ea919639598eb7f7
urn:ure:t6:occ:function:current-client:00699ad0	0x00699ad0	simple	FUN_00699ad0	3	1	8	d1425b9571f6ac2cdd9fd60a2d88637cf58f1be15442ba5b8d3cd5f79f189518
urn:ure:t6:occ:function:current-client:00adea10	0x00adea10	simple	FUN_00adea10	3	1	8	566fe7f21312dad7ed4c39ef827626a3298e689c8dc90d67d64c3fcf7214336c
urn:ure:t6:occ:function:current-client:00ae0fc0	0x00ae0fc0	simple	FUN_00ae0fc0	3	1	8	56bd56cefba8d7f184dfa683ebcf39f7b5dd1f1680ffc8482f6a624c2f27c1bc
urn:ure:t6:occ:function:current-client:006a0af0	0x006a0af0	simple	FUN_006a0af0	3	1	11	c9aaae62145189a9bec1ef410e1b3af4faf19934912ea371a5dc128e1beab522
urn:ure:t6:occ:function:current-client:006c3b20	0x006c3b20	simple	FUN_006c3b20	3	1	11	21a583142857d052e0693a51eb24d5fa495cd1ffd27df3adf727790dcf72cb2d
urn:ure:t6:occ:function:current-client:00aeec80	0x00aeec80	simple	FUN_00aeec80	3	1	11	6e0999acea7e667a4ac6a1ef166502568ba801367ae5a022b1094f9e2647e8ea
urn:ure:t6:occ:function:current-client:004a7cf0	0x004a7cf0	simple	FUN_004a7cf0	3	1	13	821df2ef9bee8b96c07bb51724222777ed6ee0f7c88dba49d1e9df2c50ea0c8f
urn:ure:t6:occ:function:current-client:00513f30	0x00513f30	simple	FUN_00513f30	3	1	13	5c41970ef99a4614120b36637f2c289269037319a8f6bc18953bd897d9e4c479
urn:ure:t6:occ:function:current-client:005ee810	0x005ee810	simple	FUN_005ee810	3	1	13	da51b5ceda66a5f230277682df2aa22dcd7308e6816406e59c5ad8788a0059d0
urn:ure:t6:occ:function:current-client:004c50a0	0x004c50a0	simple	FUN_004c50a0	3	1	14	73adb6048a79ea437664d0251fb80f020c54b518dfc30db1276ff281ba889aaa
urn:ure:t6:occ:function:current-client:005468a0	0x005468a0	simple	FUN_005468a0	3	1	14	95a1b8920aad3ee11ded69448bee8742147565c9e02355968a174b8e78cc4d43
urn:ure:t6:occ:function:current-client:00556c90	0x00556c90	simple	FUN_00556c90	3	1	14	02911f03ba061ee156ab2db24e737a8590592bdb77884a9e187c4555516005db
urn:ure:t6:occ:function:current-client:00638d40	0x00638d40	simple	FUN_00638d40	3	1	14	4d1b31a94ccb84625cd2492502a575cedada4daacef09b41177fcc75ac82c5b8
urn:ure:t6:occ:function:current-client:006fd750	0x006fd750	simple	FUN_006fd750	3	1	14	757197b023f38a0647394bc078801b958d6bd88494cf9dc8e50fd3848e0676b4
urn:ure:t6:occ:function:current-client:00add7c0	0x00add7c0	simple	FUN_00add7c0	3	1	14	27455411113f7c9bb60f91e7a7791baf96e058849fd55c466343b16beec759e6
urn:ure:t6:occ:function:current-client:00ade650	0x00ade650	simple	FUN_00ade650	3	1	14	55c1fc948171ef559a614e2fb8c974e28fe4c09ac13d537c0ce3ef3f553e7d8d
urn:ure:t6:occ:function:current-client:005abfa0	0x005abfa0	simple	FUN_005abfa0	3	1	15	a9b49d25b5e90510a9d6781e88188e3ecb0dbd4771327c065b456fe30f176e89
urn:ure:t6:occ:function:current-client:0067bdb0	0x0067bdb0	simple	FUN_0067bdb0	3	1	15	de48e64d121930b4d79325573a3e9b7ef82bd69d34f5d847fba446ae8e32aa12
urn:ure:t6:occ:function:current-client:00673350	0x00673350	simple	FUN_00673350	3	1	17	6f3873149ecfc010234cbf657ae10e27c4d92e7225a173fac6f1089761a5cdaa
urn:ure:t6:occ:function:current-client:004c0fb0	0x004c0fb0	simple	FUN_004c0fb0	3	1	23	fcc1c0ff97c15586e37f154a4a648331ba96819244b87a378fbd3ad6438e1ea6
urn:ure:t6:occ:function:current-client:00a2f6e0	0x00a2f6e0	simple	FUN_00a2f6e0	4	1	8	da9b46818236c61b16d7389506d11dd54e28bdb2574eac86d76a042c56656d2c
urn:ure:t6:occ:function:current-client:00a2f6f0	0x00a2f6f0	simple	FUN_00a2f6f0	4	1	8	a2629097a1db90dcfe7d0c8210615d03374831b323b856e906eb273f6200724a
urn:ure:t6:occ:function:current-client:00a2f700	0x00a2f700	simple	FUN_00a2f700	4	1	8	7e938ad0b3985debeeb8521b58157c07bdcb29a84240367ba0e4a761d2813a0f
urn:ure:t6:occ:function:current-client:00a797de	0x00a797de	simple	FUN_00a797de	4	1	8	c38b4ff7b823d4d32a8381650019cdeaf85fa8db6c8fa7dcf8979384d44250af
urn:ure:t6:occ:function:current-client:00a7aa1e	0x00a7aa1e	simple	FUN_00a7aa1e	4	1	8	eefe38d4405f0b83861814374df7eca079a6aa370d4717c07cf6f8c1108ec133
urn:ure:t6:occ:function:current-client:00a7b3ca	0x00a7b3ca	simple	FUN_00a7b3ca	4	1	8	fcfa828b04bf4e1a2438f3c2a099e0434adf6f2a152b51ce50577ebdd22e5523
urn:ure:t6:occ:function:current-client:00a7cd2c	0x00a7cd2c	simple	FUN_00a7cd2c	4	1	8	b34706af936ba3d652789c20101aad6d7274aba4b34b80501fe352034acffee0
urn:ure:t6:occ:function:current-client:00a7d56e	0x00a7d56e	simple	FUN_00a7d56e	4	1	8	b11936bface52a29bbf77d75892356af2bf32aaa5878409e2a13dd2cde255cfc
urn:ure:t6:occ:function:current-client:00a80bcc	0x00a80bcc	simple	FUN_00a80bcc	4	1	8	3d969d2c9fcb8b694aa6cfa9487d92bb4b4af3325390a9d75257cc948d9eb2b8
urn:ure:t6:occ:function:current-client:00a8c044	0x00a8c044	simple	FUN_00a8c044	4	1	8	82e7aed714e47ea4f0a93597e1572f4abbf1e5f879bb02603361cf760adc46f9
urn:ure:t6:occ:function:current-client:00a8c88a	0x00a8c88a	simple	FUN_00a8c88a	4	1	8	7f1ae94ce9ba9b42c2b8e3f50a8a882ad0f5229dc757f58696cb28aa3653b499
urn:ure:t6:occ:function:current-client:00a8c963	0x00a8c963	simple	FUN_00a8c963	4	1	8	4e762e2351ecc2fc341eb92094c4af7c178ea3b6d47aabcbaf5f445021cb86c8
urn:ure:t6:occ:function:current-client:00a8ddda	0x00a8ddda	simple	FUN_00a8ddda	4	1	8	0708afc6115d14cdf50496ca17a37013187f1e42138a36ffa03f345285d4f7e4
urn:ure:t6:occ:function:current-client:00a8df54	0x00a8df54	simple	FUN_00a8df54	4	1	8	da90d696afa97cf2fb0a493c3001a4ac9b598c703fd70c37ef84eafa9b31d430
urn:ure:t6:occ:function:current-client:00a8f5aa	0x00a8f5aa	simple	FUN_00a8f5aa	4	1	8	321b0d43cf3174e861ab874bb728923d1e205f0425e69c97ee9ec39e217bf089
urn:ure:t6:occ:function:current-client:00a91020	0x00a91020	simple	FUN_00a91020	4	1	8	6aa84011a69d1eb44ef2b7483f3c88b89e9743bff8ad6a8c1955a7c72d3e8bed
urn:ure:t6:occ:function:current-client:00a91247	0x00a91247	simple	FUN_00a91247	4	1	8	d665ff48357ace802188231611e8a726fb26a563b4de2d10eb027f9f44c7c46f
urn:ure:t6:occ:function:current-client:00ae1760	0x00ae1760	simple	FUN_00ae1760	4	1	8	30169e239c880493b794cf18b286fc4d33ea93ca1628a09bc50f4f06994cb92d
urn:ure:t6:occ:function:current-client:00ae4aab	0x00ae4aab	simple	FUN_00ae4aab	4	1	8	6241301d73440c949a72f375d6086c92ed241f059b850aeb53352f3f676e9aa5
urn:ure:t6:occ:function:current-client:00ae4ba7	0x00ae4ba7	simple	FUN_00ae4ba7	4	1	8	170ac8aad7b0f56ce67b49a91d56a98e1958399dedbac588f7651379ecb400cf
urn:ure:t6:occ:function:current-client:004839d0	0x004839d0	simple	FUN_004839d0	4	1	9	46d8738dce62b8ab875d83702b572df06d6561a82c7a4cce536eb9ddaf4deb0c
urn:ure:t6:occ:function:current-client:004e6590	0x004e6590	simple	FUN_004e6590	4	1	9	996ac9faf42a1a8805fbcfe3090f085f04fedcb3328b5a412d7fca86c1321eaa
urn:ure:t6:occ:function:current-client:006151f0	0x006151f0	simple	FUN_006151f0	4	1	9	31fdda24204965ec23de3d8c93268613b38329223a089ce4d3eb3491b981edb5
urn:ure:t6:occ:function:current-client:00663be0	0x00663be0	simple	FUN_00663be0	4	1	9	4cc4117b8812b26aa1cea1d115e46cbe08d178ce1c49f064ddaf99c5b9363266
urn:ure:t6:occ:function:current-client:00689400	0x00689400	simple	FUN_00689400	4	1	9	f1b6d687578158a9e85d3ffc56c7051714c61ab8cbb98ab473061776fbff0780
urn:ure:t6:occ:function:current-client:00a1e1c0	0x00a1e1c0	simple	FUN_00a1e1c0	4	1	9	ec2ac2121dc3245b21a3b54647272e160c0207e41182b2a26e478bd67f5eafbb
urn:ure:t6:occ:function:current-client:00a1e1f0	0x00a1e1f0	simple	FUN_00a1e1f0	4	1	9	14839108523ef21d2b4fcd83f165f3bfe537c3039ec8074ebdbd51b135439f51
urn:ure:t6:occ:function:current-client:00a2e3a0	0x00a2e3a0	simple	FUN_00a2e3a0	4	1	9	939f68e433bc94357c215ceb23ad9e297a47957c9dd478f72b5187e9c0cce203
urn:ure:t6:occ:function:current-client:00a310d0	0x00a310d0	simple	FUN_00a310d0	4	1	9	d3925bc8a29595a9e2f7d090f7f79e2f7a9832ad65440a12532b5054b0a91486
urn:ure:t6:occ:function:current-client:00a44d30	0x00a44d30	simple	FUN_00a44d30	4	1	9	664f27a9f41372863ea6c78c84202293d4b5a187edce20ae9c0bdf8bfc36d96c
urn:ure:t6:occ:function:current-client:00a57050	0x00a57050	simple	FUN_00a57050	4	1	9	89964224e939245d7efd235493a3ca5e30ebe0b8f645b01a48f9d9686c2b1c72
urn:ure:t6:occ:function:current-client:00a58bf0	0x00a58bf0	simple	FUN_00a58bf0	4	1	9	224f6dff56b4fdac46e8a31f32393636cb2fdbd14c13508c6ba45b518e362fa9
urn:ure:t6:occ:function:current-client:00a619f0	0x00a619f0	simple	FUN_00a619f0	4	1	9	472a6c4d219556c85f0c076c14db8474f9f78b4db8c4f1f2173c29ea4651cba7
urn:ure:t6:occ:function:current-client:00a774d7	0x00a774d7	simple	FUN_00a774d7	4	1	9	f9322f319e5e4b342545906be93ca3a8ab8c9d1045e5f67abbaaf4f5c3b97d63
urn:ure:t6:occ:function:current-client:00a775ae	0x00a775ae	simple	FUN_00a775ae	4	1	9	c13cd815e8058e092b5f05b2bb211ccb673e81f3e3a3c45b8f40489b8a561c16
urn:ure:t6:occ:function:current-client:00a777f0	0x00a777f0	simple	FUN_00a777f0	4	1	9	adfc45c6cea32dda6b80d6816639b76011d8788c0db432175433e7a47d7a8927
urn:ure:t6:occ:function:current-client:00a78eda	0x00a78eda	simple	FUN_00a78eda	4	1	9	6c642bcce67058ebcad823192a879319b66d0f4e7dfa18bce69288f686d310d7
urn:ure:t6:occ:function:current-client:00a7af0d	0x00a7af0d	simple	FUN_00a7af0d	4	1	9	731eda0edfd6336babe40367e0f5513b58fe0ffb1afa463bfee7751dfe09d080
urn:ure:t6:occ:function:current-client:00a7b524	0x00a7b524	simple	FUN_00a7b524	4	1	9	d1badb10265235e235b13c7ae078614b106ab1445e3dfcf1bf5d44d940de0c53
urn:ure:t6:occ:function:current-client:00a7b52d	0x00a7b52d	simple	FUN_00a7b52d	4	1	9	b05ea644e3c2488a6e1a1456fa45afb9f6d23892514a91a19f272a2bc91ebd36
urn:ure:t6:occ:function:current-client:00a7d25c	0x00a7d25c	simple	FUN_00a7d25c	4	1	9	962765bdd39ff9dcee1da0a59dbc795923ed162b837404e9099e59900a9b1808
urn:ure:t6:occ:function:current-client:00a7d327	0x00a7d327	simple	FUN_00a7d327	4	1	9	f9000457240100652d2af2d8bd4043e0ac58bef12bf7d9f0e2e49d7af1b9d74c
urn:ure:t6:occ:function:current-client:00a7e079	0x00a7e079	simple	FUN_00a7e079	4	1	9	f4ebaf0f2892d3d71e356a3b6fb7e94a4fbfdb7b7dffe2b05b4c2c0701672cc7
urn:ure:t6:occ:function:current-client:00a7f89b	0x00a7f89b	simple	FUN_00a7f89b	4	1	9	ab372662059461b56be027537b48ab14bea465b6f97369a75204245692d00e05
urn:ure:t6:occ:function:current-client:00a7f8a7	0x00a7f8a7	simple	FUN_00a7f8a7	4	1	9	7a1daef7c023ba67daf4bc23c3be8df6145ffaa7da6c34df2880c9fd6f1480b6
urn:ure:t6:occ:function:current-client:00a7fb45	0x00a7fb45	simple	FUN_00a7fb45	4	1	9	612f504eb5dd0443a2726c3efa3f35ed422fcbb012616a50a011888f43b9dde0
urn:ure:t6:occ:function:current-client:00a815c6	0x00a815c6	simple	FUN_00a815c6	4	1	9	be9b405c1bcd7d8bb66aed249cb427a19487d084d078bbf331ccf3f8c9495024
urn:ure:t6:occ:function:current-client:00a817ba	0x00a817ba	simple	FUN_00a817ba	4	1	9	969a5a99af07c96d75996ef0f2c801b2f85e9a5f31cb85c160dc46d4c13b91c6
urn:ure:t6:occ:function:current-client:00a817c3	0x00a817c3	simple	FUN_00a817c3	4	1	9	3d4addc89c11f8aa92ab50f44dc370aa03b4ad49a6afe8a82f0719bcdbe5e69c
urn:ure:t6:occ:function:current-client:00a81979	0x00a81979	simple	FUN_00a81979	4	1	9	90572c221fad1919f58f59e235217026f09b18e4db72f6e42af0bde5d40a53e1
urn:ure:t6:occ:function:current-client:00a81985	0x00a81985	simple	FUN_00a81985	4	1	9	3c5f2e1e2b24340d9c1abb1c0936e27cd5e624e499830c856b104df93d59bb8b
urn:ure:t6:occ:function:current-client:00a83cc9	0x00a83cc9	simple	FUN_00a83cc9	4	1	9	925e779cf62bf274c2c492a170e76b04cd80b20e50672c8824f9f465472f7757
urn:ure:t6:occ:function:current-client:00a84098	0x00a84098	simple	FUN_00a84098	4	1	9	95403d430c03a269cc10e614e4f06945451df485c631abccf23da289b392f192
urn:ure:t6:occ:function:current-client:00a897fc	0x00a897fc	simple	FUN_00a897fc	4	1	9	a2e7db837552a0e66cdc5ea067a41f7584cc095491f298e2188aa1ad9f5245c4
urn:ure:t6:occ:function:current-client:00a8a3f0	0x00a8a3f0	simple	FUN_00a8a3f0	4	1	9	c7b6d975812a7e0c7c9b493e4a8f50110ffcb419378696423b93b9d15a3d63dc
urn:ure:t6:occ:function:current-client:00a8a894	0x00a8a894	simple	FUN_00a8a894	4	1	9	522ef89f3e6eabddd16e03a2101c16f4dc57f43647e36d838718649fc39185aa
urn:ure:t6:occ:function:current-client:00a8a8d5	0x00a8a8d5	simple	FUN_00a8a8d5	4	1	9	d5b788e17ca2dccd9656d21daacac29f3b92e1abda837d0156c9a1a13944b33b
urn:ure:t6:occ:function:current-client:00a8db1d	0x00a8db1d	simple	FUN_00a8db1d	4	1	9	c4e17a9c1264906d507c9705cb55bc1aeffd11669564f6f115e98f8b910213c8
urn:ure:t6:occ:function:current-client:00a8f813	0x00a8f813	simple	FUN_00a8f813	4	1	9	f54952b4b40e90374c9bde34f477731cd1893ef1fde8444dec6b4c5a558a45e7
urn:ure:t6:occ:function:current-client:00a96f1e	0x00a96f1e	simple	FUN_00a96f1e	4	1	9	de02e2237932837b88bccaec43639cb032b62f6f102cf02de52c57d77c3d0c61
urn:ure:t6:occ:function:current-client:00a97020	0x00a97020	simple	FUN_00a97020	4	1	9	79a3ada00714899781e8a4d0c03758253cdc846a08bcf65c954d90c15c13f905
urn:ure:t6:occ:function:current-client:00a970de	0x00a970de	simple	FUN_00a970de	4	1	9	807e575a3e123c9b50854c74b0fc642508c044efc4489213c11613b58366e8b7
urn:ure:t6:occ:function:current-client:00b40d16	0x00b40d16	simple	FUN_00b40d16	4	1	9	7a6195c961a77ef84d6446fb67991b82180a48d8609ed8d60c2804cda5715d3c
urn:ure:t6:occ:function:current-client:00a786a8	0x00a786a8	simple	FUN_00a786a8	4	1	10	b159f9055f50a0bb077444d216291bc8f7e86c1c298ac2cf69a348af841731b6
urn:ure:t6:occ:function:current-client:00a78b61	0x00a78b61	simple	FUN_00a78b61	4	1	10	ccd60c4c5957a8eb81af6489e0e5aab83a8202eff1f70cb4d9b4e05ece6fcff7
urn:ure:t6:occ:function:current-client:00a78d4f	0x00a78d4f	simple	FUN_00a78d4f	4	1	10	0418c42a1bbe3756e151104c76b80db9fc9f40d2f98ca29cbeb1ab5e9e340591
urn:ure:t6:occ:function:current-client:00a78f2c	0x00a78f2c	simple	FUN_00a78f2c	4	1	10	5ee3452901d312af4808e16ffc99a74d51d2e1be89cfe1b0b6117b5af021c989
urn:ure:t6:occ:function:current-client:00a7969d	0x00a7969d	simple	FUN_00a7969d	4	1	10	657f6d0eb926c1e36adc48f7ab91959b210aae05dad96f47f04260f36cb5bd71
urn:ure:t6:occ:function:current-client:00a798e2	0x00a798e2	simple	FUN_00a798e2	4	1	10	3b6a2c461cb76e97e6004129d606a1a8f336800c88e226a190d688201f9fffa3
urn:ure:t6:occ:function:current-client:00a79adb	0x00a79adb	simple	FUN_00a79adb	4	1	10	bfbed12fde778d4cdf3adb8ffee020148459add74139f39341b6a48df39c30c9
urn:ure:t6:occ:function:current-client:00a7cc67	0x00a7cc67	simple	FUN_00a7cc67	4	1	10	94088a76a92e984deb477c002a7378bbd472e27483d8c57de52c8010268d4c35
urn:ure:t6:occ:function:current-client:00a7d472	0x00a7d472	simple	FUN_00a7d472	4	1	10	3413da6cf9b1494fe290501b72b5176ea923d53ce749df986b14e4405c4ffafa
urn:ure:t6:occ:function:current-client:00a7d682	0x00a7d682	simple	FUN_00a7d682	4	1	10	40d22bbf893f1778561761374412073f79164b327ad140647f89836cecf579ba
urn:ure:t6:occ:function:current-client:00a809d1	0x00a809d1	simple	FUN_00a809d1	4	1	10	ad4a3a333964010046f6ef63c509be410cedcc1f01eae85f605cb82e97dc5f40
urn:ure:t6:occ:function:current-client:00a97782	0x00a97782	simple	FUN_00a97782	4	1	10	0ed9c1c5e31537c873f16e93b7a7aa56312e4cb658eef1c000f9017bb7863a45
urn:ure:t6:occ:function:current-client:00adf3f0	0x00adf3f0	simple	FUN_00adf3f0	4	1	10	e8a68691a70ecd6790326bb78b6cc3c8384ee0e2388e438b4d699f950d882c13
urn:ure:t6:occ:function:current-client:00ae1770	0x00ae1770	simple	FUN_00ae1770	4	1	10	ede72b9489f2a68329f9d56cd4e817d36f109ccf6d52bc9b6d51cdca6f5bb778
urn:ure:t6:occ:function:current-client:00ae4f0a	0x00ae4f0a	simple	FUN_00ae4f0a	4	1	10	b6718af702aecc53919b24994eaae92608dae218f6d753f0e13b5a31aedea559
urn:ure:t6:occ:function:current-client:00491550	0x00491550	simple	FUN_00491550	4	1	11	0e091f2a5293b450020b67fde9215819dba358fea45237bfc4316d03dab6b8ca
urn:ure:t6:occ:function:current-client:0049c6b0	0x0049c6b0	simple	FUN_0049c6b0	4	1	11	2b5af6a5a6a3209bf3c4c449bf1ae9d093a76ea00974eef3de25267a5153830f
urn:ure:t6:occ:function:current-client:00599350	0x00599350	simple	FUN_00599350	4	1	11	1d3a3db0de0cd6b7b3b278ffcb4176f6244ae4747080368a19903ab646923276
urn:ure:t6:occ:function:current-client:006ee7f0	0x006ee7f0	simple	FUN_006ee7f0	4	1	11	460b4d18dc1a5fab2704ca5998eb8cfdfd3e4d33b8f6399993bf657d3114efb7
urn:ure:t6:occ:function:current-client:009b24a0	0x009b24a0	simple	FUN_009b24a0	4	1	11	6f433eadf69bb7ac223da407a219a045b4369f74a462991abee6237095cb0955
urn:ure:t6:occ:function:current-client:00ad0500	0x00ad0500	simple	FUN_00ad0500	4	1	11	e87f7f4704ca270250c716d7c29e8846a5670c4beaca5a1ddcb62e22439fca8e
urn:ure:t6:occ:function:current-client:00afe910	0x00afe910	simple	FUN_00afe910	4	1	11	24eb4db7df3dcbd4d6534f6c89be600b452a894493609e5ee4d535a97539dfbc
urn:ure:t6:occ:function:current-client:00b05c70	0x00b05c70	simple	FUN_00b05c70	4	1	11	6c392799acccb77a13f4589b01db3be919e8f4167016d5589e21d4f3db6c7655
urn:ure:t6:occ:function:current-client:00b07460	0x00b07460	simple	FUN_00b07460	4	1	11	9cac5a1bba7c09eff9c9822ae47c3395e53b05afe4771f046e46d8184e7aba3c
urn:ure:t6:occ:function:current-client:00b0f820	0x00b0f820	simple	FUN_00b0f820	4	1	11	4681953b146862b1a8fa70a485177ece63fe19c027e03eb12270a300609ed9c4
urn:ure:t6:occ:function:current-client:0043de90	0x0043de90	simple	FUN_0043de90	4	1	12	b70c0a8dd37f4a1d1dde94e99acdb5120086be82d4402394dc3257c2877aa793
urn:ure:t6:occ:function:current-client:00482ce0	0x00482ce0	simple	FUN_00482ce0	4	1	12	19cfde12e5ac9efc1657475f0416c86f560003376f12ac59646e0074accffc08
urn:ure:t6:occ:function:current-client:004ca0b0	0x004ca0b0	simple	FUN_004ca0b0	4	1	12	3d646630ef3416b13d81f99ddb9c6b5ed92aa089f704f7d868e50595988acc92
urn:ure:t6:occ:function:current-client:004f7bc0	0x004f7bc0	simple	FUN_004f7bc0	4	1	12	6c9cd2f3407359a4457d584d9b1c99e3c649e4e0cfc11ce49b832fab685c6aee
urn:ure:t6:occ:function:current-client:0059b680	0x0059b680	simple	FUN_0059b680	4	1	12	41570a7278e97c14ba0ecf31316c93d9742b7ee728fb72ab75b52444108ce514
urn:ure:t6:occ:function:current-client:00639400	0x00639400	simple	FUN_00639400	4	1	12	0004de3b5818536ae32541300079e0bf48cf843d0080ab46c3066cf37f465e6a
urn:ure:t6:occ:function:current-client:00656e50	0x00656e50	simple	FUN_00656e50	4	1	12	1d16ada92808c3141e14efe7fd57cc89851503f62c5f45e0883289528bb26a9d
urn:ure:t6:occ:function:current-client:006713c0	0x006713c0	simple	FUN_006713c0	4	1	12	101283b96cc38551767f880d1882071903389aea7539867648fd8e679e4c150e
urn:ure:t6:occ:function:current-client:00676000	0x00676000	simple	FUN_00676000	4	1	12	3946df261410bd1115cebbfc3b524c6640b470cfed56816b4bcb7f68f800adae
urn:ure:t6:occ:function:current-client:0069c7c0	0x0069c7c0	simple	FUN_0069c7c0	4	1	12	f0a6ea42acea70456a2bf6feadb78b20a2eafc99b662972d40e9156c802a5612
urn:ure:t6:occ:function:current-client:005cc300	0x005cc300	simple	FUN_005cc300	4	1	13	c771155e273fcf468659fe9cbecefbb57f35b041c388cf1a386f3053d7b05074
urn:ure:t6:occ:function:current-client:00505510	0x00505510	simple	FUN_00505510	4	1	14	accc4ca84e780a0a099171454de50e095d7b630717a094513d4b422a9d9a65ef
urn:ure:t6:occ:function:current-client:00514c50	0x00514c50	simple	FUN_00514c50	4	1	14	a8fb8cff02aea43535b5053979feac36cdd5995e468894535b0d8622e04ed6ba
urn:ure:t6:occ:function:current-client:0061f6c0	0x0061f6c0	simple	FUN_0061f6c0	4	1	14	45fd3d27d90de5c19045305e8be7ce71bbfdf7fd035563a911977918dfbb4cff
urn:ure:t6:occ:function:current-client:0062a1d0	0x0062a1d0	simple	FUN_0062a1d0	4	1	14	e75c680db90b31f76ed1a36e99f52e9fe9d78472efd0bfed4da7c8aa6fe4550b
urn:ure:t6:occ:function:current-client:00645de0	0x00645de0	simple	FUN_00645de0	4	1	14	5d08240ce3009a76c0e3782527e0510e5238e8003f6f2c344e18398ba1e8b834
urn:ure:t6:occ:function:current-client:006815c0	0x006815c0	simple	FUN_006815c0	4	1	14	c1704f131d48af29cbb80c9d495119757b5f310cf15f596af0bf47c4518b06c7
urn:ure:t6:occ:function:current-client:006a2ef0	0x006a2ef0	simple	FUN_006a2ef0	4	1	14	84604993d9dde13664c75feaa25c5a6d5e914496d546dd1166f8edcb255b8a19
urn:ure:t6:occ:function:current-client:00afe500	0x00afe500	simple	FUN_00afe500	4	1	14	878837cfefefa0be337dd1b739da9c3a086b9ac0e3efc8a20331f6fbb8f2f3ca
urn:ure:t6:occ:function:current-client:00afe530	0x00afe530	simple	FUN_00afe530	4	1	14	d9063c1b85efbf8acf51afa5dcab71a83fa5fbcaf4441c05b79b204b0642e60e
urn:ure:t6:occ:function:current-client:00afe570	0x00afe570	simple	FUN_00afe570	4	1	14	b2786139ea935c9f0a7e9c87c6f547da46db1d7eb51ac30f9a6a4bd08427ab8a
urn:ure:t6:occ:function:current-client:00b04b30	0x00b04b30	simple	FUN_00b04b30	4	1	14	dd08f5b5e7f031611586a737c5ff6953e88795b331b41bbdeb479dcc9f395878
urn:ure:t6:occ:function:current-client:00b04be0	0x00b04be0	simple	FUN_00b04be0	4	1	14	b6af4cfc8794248071c98ed3b2eea34285d10bef1c152cff3f31d45c5d8038fd
urn:ure:t6:occ:function:current-client:00b0e890	0x00b0e890	simple	FUN_00b0e890	4	1	14	938c736cf53b8ea2c715b85d5b365a41e42593b9519587b8fb74d4ee021e24c5
urn:ure:t6:occ:function:current-client:00b0e980	0x00b0e980	simple	FUN_00b0e980	4	1	14	0948ffbb258b4b4060a8a44d8983fc48f9fb022447752737e784c37ef9c8b715
urn:ure:t6:occ:function:current-client:00b18c80	0x00b18c80	simple	FUN_00b18c80	4	1	14	7acca1b06460df43c581402e3e72170a5413aead08aa18a15f063f224ccaefea
urn:ure:t6:occ:function:current-client:00b18e80	0x00b18e80	simple	FUN_00b18e80	4	1	14	b2e5a69f25ac8a77d8d4c8c29278b00be97fddcf89bff97c95781666304d2d50
urn:ure:t6:occ:function:current-client:00b192c0	0x00b192c0	simple	FUN_00b192c0	4	1	14	a0236990a537f2b59e6c7a1932f964b0e434dfe0f9f63e03c5be1ef26a953589
urn:ure:t6:occ:function:current-client:00b2ba30	0x00b2ba30	simple	FUN_00b2ba30	4	1	14	b1f6c80f9b4370464c9a9c65d8c2158ef62d91510867abf90e4663208bbf894a
urn:ure:t6:occ:function:current-client:00b2d730	0x00b2d730	simple	FUN_00b2d730	4	1	14	a7fa72215b9122a8f710725c3bfc2de427cfd2a2d8d7fc630c380819d83d2915
urn:ure:t6:occ:function:current-client:005cb270	0x005cb270	simple	FUN_005cb270	4	1	15	34986b1bbd41132926ab6f6a483cb07409b410743100de79d0e7d295f339365d
urn:ure:t6:occ:function:current-client:00605ac0	0x00605ac0	simple	FUN_00605ac0	4	1	15	b5cd595ba2489d49297d8ccb10628ffa616d72b9725d57c974c638fc90a807d5
urn:ure:t6:occ:function:current-client:00a73a95	0x00a73a95	simple	__security_check_cookie	4	1	15	5ab259c3217fc296fe27875adb5488567000c4c62dc415eddb1ed41a3c241df7
urn:ure:t6:occ:function:current-client:00465c50	0x00465c50	simple	FUN_00465c50	4	1	16	2169da1736609fe7bf5508cba18de3ef0fd880a97fbecd4f90e98041c41a2db6
urn:ure:t6:occ:function:current-client:0053a210	0x0053a210	simple	FUN_0053a210	4	1	16	e6a73ed4afb2b4ea7dd386518235c35b9938dd2bf90d0876955658a75dab3143
urn:ure:t6:occ:function:current-client:006ee080	0x006ee080	simple	FUN_006ee080	4	1	16	d7acaeeedb5b02642940b3145cfa0f1ed298d9f643d9764dac25fa1e33b8e24a
urn:ure:t6:occ:function:current-client:00a4e4b0	0x00a4e4b0	simple	FUN_00a4e4b0	4	1	16	8a181fc1e0cb5f00225cc343077379d919b0ca0a3dafbd65a4e350609d8b2c04
urn:ure:t6:occ:function:current-client:00ad9930	0x00ad9930	simple	FUN_00ad9930	4	1	16	67bcdca234a893ee7cdc5d96c137e1feca4b6cbd5f9ec8a0d2e7880b01771ebb
urn:ure:t6:occ:function:current-client:00ae6900	0x00ae6900	simple	FUN_00ae6900	4	1	16	b8f18cf4dfdfe338f3f3d6a1b563ea534b8c984e9fbfd7fd42f91ebeca4a244e
urn:ure:t6:occ:function:current-client:00afa8d0	0x00afa8d0	simple	FUN_00afa8d0	4	1	16	149fd8efa1ab3b9e97d40b65d656b47847a398a9c1067d2cacde573878af3179
urn:ure:t6:occ:function:current-client:00afefc0	0x00afefc0	simple	FUN_00afefc0	4	1	16	64d64394a1ba22a97ce8024e6d92d7dbe5e0208ef93e116a7914e5521dcc74c6
urn:ure:t6:occ:function:current-client:00b0a180	0x00b0a180	simple	FUN_00b0a180	4	1	16	ab36bb9787184aa2fcd29e81c53c1a6e83b765ffefd74bd8a48305a118571af1
urn:ure:t6:occ:function:current-client:00b0e640	0x00b0e640	simple	FUN_00b0e640	4	1	16	93335848017f99d5b6c9048244695adf7877e6e27d573b6f9d1bddb7578e107f
urn:ure:t6:occ:function:current-client:004404d0	0x004404d0	simple	FUN_004404d0	4	1	18	a01ac06645adbec5b8d3c3143720c9867a27a8ae97ab8e6b0dce656b2d5c3b92
urn:ure:t6:occ:function:current-client:004bc430	0x004bc430	simple	FUN_004bc430	4	1	18	f35fee6052f0b2ec156359379fd3457840db115568e9ee1c97ddbc860808fe8c
urn:ure:t6:occ:function:current-client:00575f90	0x00575f90	simple	FUN_00575f90	4	1	18	03905a89069e2128a5d6700311886df4fb3ae9235bdf201d8e72260782dac448
urn:ure:t6:occ:function:current-client:006d0e00	0x006d0e00	simple	FUN_006d0e00	4	1	18	c3a9f8513d097b228b4372b8b8e4a3c5a48092e8379a883583512ca7759b8ff2
urn:ure:t6:occ:function:current-client:006dbd80	0x006dbd80	simple	FUN_006dbd80	4	1	18	3e879ed3d30cb373b479ad05b50e98fc4e4842f3a119344048cd03e9e65cc94e
urn:ure:t6:occ:function:current-client:005908e0	0x005908e0	simple	FUN_005908e0	4	1	19	2d002dd83b19e0d1461d71dd8c1b36ddfbe418d55ad9669762bcd270e03ab66b
urn:ure:t6:occ:function:current-client:006c38b0	0x006c38b0	simple	FUN_006c38b0	4	1	19	41001484b3b110db2a1725c6ce78b4c77b480a1a40b2dd552d71857b8e68999d
urn:ure:t6:occ:function:current-client:0046b500	0x0046b500	simple	FUN_0046b500	4	1	20	7570275d16c343e3fbc30d3ad8a18bdb930271df233810552c8d22578b378888
urn:ure:t6:occ:function:current-client:00486190	0x00486190	simple	FUN_00486190	4	1	20	aaec849e2f5c28d5e913968893c26b786ccd82d34be6b63c11ce352bc5ca66d6
urn:ure:t6:occ:function:current-client:0042e3f0	0x0042e3f0	simple	FUN_0042e3f0	4	1	21	7f0a8dcb9acec2c53accf7515dc65d7854698c4ac04dc95e97aeb49ae5586219
urn:ure:t6:occ:function:current-client:006a7260	0x006a7260	simple	FUN_006a7260	4	1	21	ac8c6adc98d39c9ea1821c1c03bbadd2de312a12d4a758c5182b635c0018fb73
urn:ure:t6:occ:function:current-client:00734c90	0x00734c90	simple	FUN_00734c90	4	1	21	6f801a86da8d88b86585535c83afba096ba286ff5ef6b5b81477e4692f75dcc0
urn:ure:t6:occ:function:current-client:005a9520	0x005a9520	simple	FUN_005a9520	4	1	23	87b0ce7707a1725b5b1ffb023cc7b6b983f91ade27f502dfca7ffb3f0e433f68
urn:ure:t6:occ:function:current-client:00702e20	0x00702e20	simple	FUN_00702e20	5	1	10	6b6da9bd075d4087e1f00cc2437fd6d8aeeefe6bd3e71f6df3c3aa4ba8d208a1
urn:ure:t6:occ:function:current-client:00a72bdb	0x00a72bdb	simple	FUN_00a72bdb	5	1	11	354738324974a7f61e98c474b2aa5684ac98fa68c4727e1b1e4ab9b34c5420b6
urn:ure:t6:occ:function:current-client:00a7301a	0x00a7301a	simple	FUN_00a7301a	5	1	11	37443d59c97beecf6e9b5df0d8fc485daf298d14ce1328cc7d78a7056a269a6e
urn:ure:t6:occ:function:current-client:00a795d5	0x00a795d5	simple	FUN_00a795d5	5	1	11	829f292ed39e950b9f0fc895fcd1aea369812ecc4a74386b8b67dd818e113bc8
urn:ure:t6:occ:function:current-client:00a795e0	0x00a795e0	simple	FUN_00a795e0	5	1	11	5604b02f5799506d380d9c6257530f7eb47a4d7730015fa1dd835de83a0d87d3
urn:ure:t6:occ:function:current-client:00a7cd34	0x00a7cd34	simple	FUN_00a7cd34	5	1	11	317d51bcf7c53a59d7b3684e4b97e04b2a1ca9957b191f90da4fc3c5ba706999
urn:ure:t6:occ:function:current-client:005264f0	0x005264f0	simple	FUN_005264f0	5	1	12	f8f3bcfb07c717eba06141b87e9f846c1f86cc26c77850245722eb62ac0b7c58
urn:ure:t6:occ:function:current-client:005f0180	0x005f0180	simple	FUN_005f0180	5	1	12	b9df4e97a9a93d82f0477169dd48f3c230ce0a134fcc83ca1711e2c2f3c6ef0e
urn:ure:t6:occ:function:current-client:00a52cd0	0x00a52cd0	simple	FUN_00a52cd0	5	1	12	c6a65ad80ff7a79b436016b863943d9d9b692941de06a05ee2bf6915f9fcf83f
urn:ure:t6:occ:function:current-client:00a53bc0	0x00a53bc0	simple	FUN_00a53bc0	5	1	12	362e22bfef40a4f1b04420555cbea8f9bca9fc12be87f33b53f939145581b59b
urn:ure:t6:occ:function:current-client:00a567c0	0x00a567c0	simple	FUN_00a567c0	5	1	12	e62dd159cee950dfae2229cdead28e04c1f26780abca3078105dfd7810c4b914
urn:ure:t6:occ:function:current-client:00a567d0	0x00a567d0	simple	FUN_00a567d0	5	1	12	f7fbc0daabc51988189b8d3fdc71d2612579a625c664b79fe457a72f137108b2
urn:ure:t6:occ:function:current-client:00a567e0	0x00a567e0	simple	FUN_00a567e0	5	1	12	68807a20ed1d665d87ddccd1949d59cbe3cbb6ec799ae6c8138a1f315178362a
urn:ure:t6:occ:function:current-client:00a8441c	0x00a8441c	simple	FUN_00a8441c	5	1	12	9237a300a7d0507294eb0fb7b9b5ae3364a3fcc57689eea0bb8ac228314277f7
urn:ure:t6:occ:function:current-client:00ae1510	0x00ae1510	simple	FUN_00ae1510	5	1	12	800e0db988a209d963859bd292087e5350dabd9127f2eeed12c2215335007358
urn:ure:t6:occ:function:current-client:0055d0e0	0x0055d0e0	simple	FUN_0055d0e0	5	1	13	eebfbac5f13b647b0c6492756870a0d335b4c407e68c69852f011fb29cdef292
urn:ure:t6:occ:function:current-client:00567200	0x00567200	simple	FUN_00567200	5	1	13	8ba52c88ffdc9f1294f0dd77c8da4f4923911230eea13901e4fd92b76423180b
urn:ure:t6:occ:function:current-client:005852b0	0x005852b0	simple	FUN_005852b0	5	1	13	941901950d62286f4de2b3271923a3fa573bfad0068ee4bb50ba91b5bec86526
urn:ure:t6:occ:function:current-client:006ff750	0x006ff750	simple	FUN_006ff750	5	1	13	b529140bb308379291017f3a7586d48c5ba91c4581b2dc314d9ed44f37211193
urn:ure:t6:occ:function:current-client:00ad0aa0	0x00ad0aa0	simple	FUN_00ad0aa0	5	1	13	2256e16d4e862d2c9535651c605f425e816be1b0eac04c73831e9baf39f0007f
urn:ure:t6:occ:function:current-client:00ae1370	0x00ae1370	simple	FUN_00ae1370	5	1	13	1d7dcbd2301e912b88ab603c56885522f94583b56ad7d4f2c37e547a92cdf21f
urn:ure:t6:occ:function:current-client:005abf90	0x005abf90	simple	FUN_005abf90	5	1	14	291689a9eb10010525a32948883972d2e1eefe29a065f05cda9c20eec49f15ef
urn:ure:t6:occ:function:current-client:00623ba0	0x00623ba0	simple	FUN_00623ba0	5	1	14	cc5d8a485fe861c39b11b605d9e36e53ec08c6cb9edd4637ca6340bcfe441be1
urn:ure:t6:occ:function:current-client:0074f890	0x0074f890	simple	FUN_0074f890	5	1	14	1d41cc260ee17d8586e8426941f14e4b24b03f79356ea8e0c99d3b13e9bc00a6
urn:ure:t6:occ:function:current-client:00ad6c80	0x00ad6c80	simple	FUN_00ad6c80	5	1	14	354d3d77a7c8fccac04eb6b07a711ce7628cdf087f5c4f92d90822dc7c2dae4b
urn:ure:t6:occ:function:current-client:00449770	0x00449770	simple	FUN_00449770	5	1	15	095fe6f13c0bdc317b6314d166e8272858bf4831827e3a8cf4b364e34c763f17
urn:ure:t6:occ:function:current-client:004524a0	0x004524a0	simple	FUN_004524a0	5	1	15	d242e6b082734ed8593225c084abc812824b8fd317dc13bb209c4ba3cc191265
urn:ure:t6:occ:function:current-client:00473bc0	0x00473bc0	simple	FUN_00473bc0	5	1	15	9e6bdf37c81b2cdd57644466b668d2095f70b0ee44296c6653739da14c5719a9
urn:ure:t6:occ:function:current-client:00491860	0x00491860	simple	FUN_00491860	5	1	15	d37c471dc9555f0681403dded849f44309f5d3a3a1b289ac826bdc6616f1a917
urn:ure:t6:occ:function:current-client:0056c780	0x0056c780	simple	FUN_0056c780	5	1	15	1a649c91b01b5d15bb3da70ef16de42e302ba21841480461098a290b779b5bc5
urn:ure:t6:occ:function:current-client:005ca3a0	0x005ca3a0	simple	FUN_005ca3a0	5	1	15	d2b41e2d002f300ba04f140887daed6ee6d285c236124939169d5a660adb0428
urn:ure:t6:occ:function:current-client:005eb350	0x005eb350	simple	FUN_005eb350	5	1	15	dd383c60f8db2a4903ec761eead614c01851821ea349ef7f604e7c62a784e607
urn:ure:t6:occ:function:current-client:00614db0	0x00614db0	simple	FUN_00614db0	5	1	15	b2b71d5f7ae839b7723fe4bdbd7c202c3899e25cd0dbb609fe93deeb6c53d973
urn:ure:t6:occ:function:current-client:0066ddf0	0x0066ddf0	simple	FUN_0066ddf0	5	1	15	f06e3fdc55ee98852b7f61002c8d469957357286252f2bb8b287f612c0dd9493
urn:ure:t6:occ:function:current-client:00686ba0	0x00686ba0	simple	FUN_00686ba0	5	1	15	c2ac29146a37087fbef4aa05549e2053b8d298192fff65a21b5560585e874cd0
urn:ure:t6:occ:function:current-client:006e4540	0x006e4540	simple	FUN_006e4540	5	1	15	7611e27c3a72e897a252369893e07b0f10e89537e9d0a1f244c5cf720603621c
urn:ure:t6:occ:function:current-client:006fce20	0x006fce20	simple	FUN_006fce20	5	1	15	1f2b6ce28f96d322b221f949c1662d09f41c0c244d089722016822a75749813e
urn:ure:t6:occ:function:current-client:00701cd0	0x00701cd0	simple	FUN_00701cd0	5	1	15	59e6fe491d6176c6cf91d938b03047622feb342f105f4939941ff89a68da1a34
urn:ure:t6:occ:function:current-client:00a015e0	0x00a015e0	simple	FUN_00a015e0	5	1	15	950c62e9be3affe6ff0cd751bf27c514dfdbc84e006ae17ba4ec56d001034c6d
urn:ure:t6:occ:function:current-client:004b1130	0x004b1130	simple	FUN_004b1130	5	1	16	e0d48067ef0769edb71140acab4b14763e8169e06d8cf4dcc98d8dfb980acfc6
urn:ure:t6:occ:function:current-client:00567de0	0x00567de0	simple	FUN_00567de0	5	1	16	7162e73f0355bc1d30f96c900b54ec183ad61b4ebf395b3744e36a297bc7371e
urn:ure:t6:occ:function:current-client:005d9bc0	0x005d9bc0	simple	FUN_005d9bc0	5	1	16	a63d0f292a6df5b9fbf3b4ee7ab97c4aac4cbf23b584feee12a2ca91f1669cb4
urn:ure:t6:occ:function:current-client:009feea0	0x009feea0	simple	FUN_009feea0	5	1	16	5893144f08135026ea8402c37521c3398bfa5891a235e0efdb9d0feeb2935fe2
urn:ure:t6:occ:function:current-client:00b0f3a0	0x00b0f3a0	simple	FUN_00b0f3a0	5	1	16	1b705ea13d51992fcb0f23bf4d39609f4a0c7459edb485d80d45c4f0b84e79a6
urn:ure:t6:occ:function:current-client:00b19c60	0x00b19c60	simple	FUN_00b19c60	5	1	16	7cf9108c9d53e9b32d56a022b817b7ad44848196418f322aae0e6180c76d5946
urn:ure:t6:occ:function:current-client:00b1d7a0	0x00b1d7a0	simple	FUN_00b1d7a0	5	1	16	5b9348f2ba40d0072bd5dc4dc300e657be34f4d6410172226b74cfdfb326c9cb
urn:ure:t6:occ:function:current-client:00b2c760	0x00b2c760	simple	FUN_00b2c760	5	1	16	9b6e9227960551cbeb1da797606dd36c255534e569e3d11f5c3708782eae26f8
urn:ure:t6:occ:function:current-client:00b2cf10	0x00b2cf10	simple	FUN_00b2cf10	5	1	16	01624757908ef0d458126646206072561792d77afeb581c66604fb4809ce14f1
urn:ure:t6:occ:function:current-client:00b35920	0x00b35920	simple	FUN_00b35920	5	1	16	46026e6651951c179cca5894fc80456cd744f38e14f8684f763ab3be42ee62e6
urn:ure:t6:occ:function:current-client:006e68e0	0x006e68e0	simple	FUN_006e68e0	5	1	17	8400bfe1bfd2a6bee33496aeff0e4415822348a2c9bbbc03bb1a09e559f82963
urn:ure:t6:occ:function:current-client:00a033f0	0x00a033f0	simple	FUN_00a033f0	5	1	17	11d8bab1694b896a656f41a7ffec61bf5cf79d9be8ffd3fc0b6d54d6bab04ede
urn:ure:t6:occ:function:current-client:00a03410	0x00a03410	simple	FUN_00a03410	5	1	17	e04642e25f006a8794939ac9df8c9e840eb1a768c70b90b8774a19cc570c7ea7
urn:ure:t6:occ:function:current-client:004b05b0	0x004b05b0	simple	FUN_004b05b0	5	1	18	c6fd59ec259f826e84f78bfa2fecc9f072b192abdf6037e56623fd011b6cc316
urn:ure:t6:occ:function:current-client:004cc4f0	0x004cc4f0	simple	FUN_004cc4f0	5	1	18	4df4c509cbf70a3f2858b4076da6926ab36e08422e63fc965dcfd111cead7636
urn:ure:t6:occ:function:current-client:006d5720	0x006d5720	simple	FUN_006d5720	5	1	18	21d5eca5b769a392994cd288d6494c5a01272f9fb547970a509a37c001d76628
urn:ure:t6:occ:function:current-client:00a53bd0	0x00a53bd0	simple	FUN_00a53bd0	5	1	18	1094616a54f49bdbe824ddce02cfbd3364efa30cad01898653accb03b3481dce
urn:ure:t6:occ:function:current-client:00afea70	0x00afea70	simple	FUN_00afea70	5	1	18	5c27893ff47b65e551073fb08b67f2ee8f323857c891158207b7e1816b871b94
urn:ure:t6:occ:function:current-client:00afea90	0x00afea90	simple	FUN_00afea90	5	1	18	df9597fd071a04ab4b1ed7b7c4b9b2af21c64fdecc348297652eb64493ec6a1a
urn:ure:t6:occ:function:current-client:00afeab0	0x00afeab0	simple	FUN_00afeab0	5	1	18	e52a762cc0eb45b131686c9e56c7970910e889735f21e5a7a310811b334737a4
urn:ure:t6:occ:function:current-client:00afead0	0x00afead0	simple	FUN_00afead0	5	1	18	b067730b11a3db31ac328fc165da49f0f25a5320dacbb25d8a952d1c76c1f571
urn:ure:t6:occ:function:current-client:0050c2f0	0x0050c2f0	simple	FUN_0050c2f0	5	1	19	b2a886b0d58e897cb40dbf637f042c405299c7a0b9f65a0b9c090e8115b90881
urn:ure:t6:occ:function:current-client:0055f360	0x0055f360	simple	FUN_0055f360	5	1	19	8adb4b6a46155da9746cd0a776c8cc6e7376b17234d736547124e795fca37ef5
urn:ure:t6:occ:function:current-client:005b1f00	0x005b1f00	simple	FUN_005b1f00	5	1	19	47cf255ac595212d8e1b3b62ab4247ce7eb4974cdd415ecdc2a3549331b51f61
urn:ure:t6:occ:function:current-client:004d8770	0x004d8770	simple	FUN_004d8770	5	1	20	f916fe57eed751bf297ece01cfd40da1d2a58a296bce525a4beff9d55c0ac69d
urn:ure:t6:occ:function:current-client:0059d020	0x0059d020	simple	FUN_0059d020	5	1	20	f34c1664aea24404c1385198e6c6ec3e973535873da7457cee19156a7f558a01
urn:ure:t6:occ:function:current-client:00737700	0x00737700	simple	FUN_00737700	5	1	20	f84197fbf9ed094a82e6a953c993d0196e8fd7fb7ef4e1f71a2ea22ecc7c079e
urn:ure:t6:occ:function:current-client:004e8ad0	0x004e8ad0	simple	FUN_004e8ad0	5	1	22	26658f87c837a3c7f54a763b78841475a6b35bbf2afd20667d0772ba3f9d0eaf
urn:ure:t6:occ:function:current-client:00ac0b30	0x00ac0b30	simple	FUN_00ac0b30	5	1	22	9f44469d9aa051897ba12f614fd5847a7fc07563ea3134e426a320371cff8af3
urn:ure:t6:occ:function:current-client:00553470	0x00553470	simple	FUN_00553470	5	1	23	bbc5d6ccaf617fb57dfae872525c68d3b6d3fd79523a22477311ce047a9c6a11
urn:ure:t6:occ:function:current-client:005f89d0	0x005f89d0	simple	FUN_005f89d0	5	1	23	ea0fd21cce08b97b489ec7e5ea43d6890e796e7de766b0f24d4435a885dc3f6c
urn:ure:t6:occ:function:current-client:0055d9b0	0x0055d9b0	simple	FUN_0055d9b0	5	1	24	60345aff9e58d24522a919afb9971b663393a65203fe99cf025374d8fbc54887
urn:ure:t6:occ:function:current-client:006a94b0	0x006a94b0	simple	FUN_006a94b0	5	1	25	8832151f8ae0418385546f85f93a3a5aa0a6a9b00dd3ab0ed788cc4c92c611a3
urn:ure:t6:occ:function:current-client:006fb190	0x006fb190	simple	FUN_006fb190	5	1	25	4ff7bd6495c34f1ee32a502b5580c37f1c0f5a180b2f82192d49be6f4e7c70d1
urn:ure:t6:occ:function:current-client:009cec50	0x009cec50	simple	FUN_009cec50	5	1	25	b93c7fdfbd20724a1ac0f3c69fbf6fabc705ec1661c450224fe68a0a4b1c52b3
urn:ure:t6:occ:function:current-client:00a0e4d0	0x00a0e4d0	simple	FUN_00a0e4d0	5	1	25	9d2f3703c1142544097a3a0085c1b3de0dc5ad336a8172e1655c8dfefa64ec4e
urn:ure:t6:occ:function:current-client:00593680	0x00593680	simple	FUN_00593680	5	1	26	f22eefd8d1549ab2aa27564918c5a55d22f478c9faebb93c654f8010cea205be
urn:ure:t6:occ:function:current-client:00412480	0x00412480	simple	FUN_00412480	5	1	27	b6c6a0702cc0c5eda736ffe8b1b85149fe80faef8ecdb3f1dd2f10e924393fbc
urn:ure:t6:occ:function:current-client:004c7880	0x004c7880	simple	FUN_004c7880	5	1	27	cdf70fcd30c4b2062017380b1a97217b009c294b9933a823bc46904495af3691
urn:ure:t6:occ:function:current-client:00617e60	0x00617e60	simple	FUN_00617e60	5	1	28	298d23a8cc7ecaf06264e43e9e01fdc0157426011ff436eaf7f5e7f6a6fe8370
urn:ure:t6:occ:function:current-client:006fd1d0	0x006fd1d0	simple	FUN_006fd1d0	5	1	28	a48561b6a0983f18e1c3258fe43d585cb761a8263ca5b7d6813b19640fdfba54
urn:ure:t6:occ:function:current-client:00536cd0	0x00536cd0	simple	FUN_00536cd0	6	1	12	dad404269f8a92d27962e5ed3cc71f5d51984a1b9943ec0a9c93c88e88d93cd2
urn:ure:t6:occ:function:current-client:006179e0	0x006179e0	simple	FUN_006179e0	6	1	12	864358eec0ea2df1298c3701bce86ca550951dda8f47866608180efab0b49393
urn:ure:t6:occ:function:current-client:00a2e350	0x00a2e350	simple	FUN_00a2e350	6	1	12	a19e2bbeb45791fa7a464c157cefb121461736d2f4e225a2ee4d09e5898479ad
urn:ure:t6:occ:function:current-client:004ef2a0	0x004ef2a0	simple	FUN_004ef2a0	6	1	13	e32dbe5deeab61a2b326ab380f3a38e35a677b5c2cdd71efa21bccfdc157c38f
urn:ure:t6:occ:function:current-client:00a91257	0x00a91257	simple	FUN_00a91257	6	1	13	ab395a5b0fd46faa19679a3602163628d956ae669255a5d035b4c48b8a3d7826
urn:ure:t6:occ:function:current-client:00a9948b	0x00a9948b	simple	FUN_00a9948b	6	1	13	42eee38adb569a0f370156fd92bfc0cf7d74e917f68c2b81fc36800ec788ffe4
urn:ure:t6:occ:function:current-client:0057bd30	0x0057bd30	simple	FUN_0057bd30	6	1	14	76c7588fa41d0567923712b0ad52257d945566f5f22162fa221df57eafb6d921
urn:ure:t6:occ:function:current-client:005c2910	0x005c2910	simple	FUN_005c2910	6	1	14	5f57157f051444df3fda57b667fe65ffe7f8ce9cd3af40a3fdedcaba44189017
urn:ure:t6:occ:function:current-client:0060b3d0	0x0060b3d0	simple	FUN_0060b3d0	6	1	14	abc1ef22e17ea3b163b93120b3fff3698c621f767dd79cd1bee807137891c206
urn:ure:t6:occ:function:current-client:00a2cf10	0x00a2cf10	simple	FUN_00a2cf10	6	1	15	a13fa87b3c92f71e21d2a288956da214bf73ca67ecebeabc3755409123093f9f
urn:ure:t6:occ:function:current-client:00a2cf20	0x00a2cf20	simple	FUN_00a2cf20	6	1	15	cd00a04c248100bebc0bd59e487534e64d0e28b7370c8327e01a5ac13d123bdf
urn:ure:t6:occ:function:current-client:00a2f200	0x00a2f200	simple	FUN_00a2f200	6	1	15	80f89a8106882e78d066a4af0fa5c58b61b763afd53d5a231a34805f47f1bbed
urn:ure:t6:occ:function:current-client:00a34e60	0x00a34e60	simple	FUN_00a34e60	6	1	15	bdcd146eb205dbb03ac587490f6cb6f22cdf2223e75551a9805d91a21116c168
urn:ure:t6:occ:function:current-client:00a7b74f	0x00a7b74f	simple	FUN_00a7b74f	6	1	15	acc20d1282939fffbd44a87dcfb649c64432c98c5a7a794fd5edb52084a36797
urn:ure:t6:occ:function:current-client:00a7b790	0x00a7b790	simple	__cexit	6	1	15	85aa9bc57312cb8e65b0107d80e725fd0b5ca98621bdf064a49f551f7bb68934
urn:ure:t6:occ:function:current-client:00a8f9b5	0x00a8f9b5	simple	FUN_00a8f9b5	6	1	15	34d05b6637e45435e6638bbfcd99aae3bbf959ba95bebc970ce330c58f3e42af
urn:ure:t6:occ:function:current-client:00ac4050	0x00ac4050	simple	FUN_00ac4050	6	1	15	f3073a12cc39f3bc2010767fb01862d18e2d70bafb71ee4458ffd62899ddf67b
urn:ure:t6:occ:function:current-client:00413ad0	0x00413ad0	simple	FUN_00413ad0	6	1	16	c9765fa3b43c5408b6889d6e60e60d6fcb87418741d271d357467a3971f0391d
urn:ure:t6:occ:function:current-client:00416cb0	0x00416cb0	simple	FUN_00416cb0	6	1	16	25d289cd84c55c1ec85640d69d21ce0b2e9d7fbe05bac4a4d895de2df2172be2
urn:ure:t6:occ:function:current-client:00444640	0x00444640	simple	FUN_00444640	6	1	16	eca504c36a0fd45d8ab72ccd872ce82aa52ec2f3ef7fd7ace0e8d856a966f4a1
urn:ure:t6:occ:function:current-client:00475410	0x00475410	simple	FUN_00475410	6	1	16	9a88c94683f8c5ea8a6a382b8f26c4b78449013bd630fb7994fa516cbf4eba6f
urn:ure:t6:occ:function:current-client:004c0080	0x004c0080	simple	FUN_004c0080	6	1	16	d6b2a5e3c7305250347317910044e550d5729bacd1316cc29e721fc57a9eb293
urn:ure:t6:occ:function:current-client:00513a30	0x00513a30	simple	FUN_00513a30	6	1	16	5680c0c7cca784129df3e8cec5c51b6b40af95e99c52c6f52c5ba4021b926e84
urn:ure:t6:occ:function:current-client:00593100	0x00593100	simple	FUN_00593100	6	1	16	6b370a859329dd1d05879b874e67deed981e44e34b8baa20e21070df83108135
urn:ure:t6:occ:function:current-client:006139b0	0x006139b0	simple	FUN_006139b0	6	1	16	3e6494bb2de2ec530aaeca80331c53bd6d8609bbc4b966b5bf4ffc82e085d339
urn:ure:t6:occ:function:current-client:00654f80	0x00654f80	simple	FUN_00654f80	6	1	16	054f93f22d0036c8a941e25e8116e6c684b58367d79228d350125e469c6a24dc
urn:ure:t6:occ:function:current-client:0067acb0	0x0067acb0	simple	FUN_0067acb0	6	1	16	f1d12a14fde89cfdead67275eb2ceafd45658fb534c8573061a7f85c96f012b0
urn:ure:t6:occ:function:current-client:0068b8a0	0x0068b8a0	simple	FUN_0068b8a0	6	1	16	7bbba51ded9aaa346750824ccbb528f31b0e641f931f4c72689d5a1b1f79d0bd
urn:ure:t6:occ:function:current-client:006c1ec0	0x006c1ec0	simple	FUN_006c1ec0	6	1	16	0aa6a8845e99664ac82df195718815736da579c0ca73384b7e93eb3634fb44eb
urn:ure:t6:occ:function:current-client:006cc580	0x006cc580	simple	FUN_006cc580	6	1	16	e1f32fcbc661b03deea31609f92622816f99c7511c263ce2f61d668b8cd71bb8
urn:ure:t6:occ:function:current-client:006eb020	0x006eb020	simple	FUN_006eb020	6	1	16	1fc8a542f064caa60fe46005dc2b7d86072664e149bebbc4e57bd1222c6acdd2
urn:ure:t6:occ:function:current-client:00a7338b	0x00a7338b	simple	type_info::~type_info	6	1	16	6751a275635ee3768ee16c31dffd0cef365b8a706da18457a36bbaebfed676bc
urn:ure:t6:occ:function:current-client:00ac1000	0x00ac1000	simple	FUN_00ac1000	6	1	16	20d4ccb7a25775d422ec35d34e8f782ff030ed7197d09b4357e10ae92c069d5f
urn:ure:t6:occ:function:current-client:00afc4f0	0x00afc4f0	simple	FUN_00afc4f0	6	1	16	8d8824457dff5f23296b88517b794eb94acb667725af92b2032c4ea155ba26ab
urn:ure:t6:occ:function:current-client:00afc500	0x00afc500	simple	FUN_00afc500	6	1	16	c31ea07d48924a1ff4bc775a4e01bfb381c5068fe040cfd9fd537647dd099a4d
urn:ure:t6:occ:function:current-client:004cf570	0x004cf570	simple	FUN_004cf570	6	1	17	f3ff8cfd00a9902f0ad52304a35e7f7d9ad5dfc4a7bd0adcfe5485d9924f58a5
urn:ure:t6:occ:function:current-client:0058ca80	0x0058ca80	simple	FUN_0058ca80	6	1	17	8b745d683967e5bbc048bb3d19bcd8af4572ccea89dacce20963ac937f3d9046
urn:ure:t6:occ:function:current-client:004a0860	0x004a0860	simple	FUN_004a0860	6	1	18	0702a3e36ed5162c7bd4d5853e9dce790aa532548d33affeb4fd19999cc81b60
urn:ure:t6:occ:function:current-client:0063b220	0x0063b220	simple	FUN_0063b220	6	1	18	cbb322f250619c30ecefbecada55dc37cc05118a6858e25bf1e5d56c0c80c0f9
urn:ure:t6:occ:function:current-client:008c7c20	0x008c7c20	simple	FUN_008c7c20	6	1	18	058a96fbc11854ecde3acae59a3e3d117571eae8fa5c3965821e61b2f19e2db8
urn:ure:t6:occ:function:current-client:009fee80	0x009fee80	simple	FUN_009fee80	6	1	18	8a17caf1637c88a86d0c0b25de791cc283d62fe9f6ffe86c67f2cc2c73f4f365
urn:ure:t6:occ:function:current-client:00abdc80	0x00abdc80	simple	FUN_00abdc80	6	1	18	40689a85e8669f55795b246ed4bcfcfbbdf6b519417cdf98763c4ca891c434ca
urn:ure:t6:occ:function:current-client:00b008c0	0x00b008c0	simple	FUN_00b008c0	6	1	18	1048531062e7c4ec9451d20ec0d320c3b2c86ebce9bf1b22a94b654e6c4742c0
urn:ure:t6:occ:function:current-client:0041d6a0	0x0041d6a0	simple	FUN_0041d6a0	6	1	19	79ca8f3e4b31f0a62678f98a74e62eda2d16fba4d9cb0f4aa831a7a864959363
urn:ure:t6:occ:function:current-client:0045dfc0	0x0045dfc0	simple	FUN_0045dfc0	6	1	19	75548ac173d6369bb457cfc7c8b4cb143fbd245f2434d8ea4b5793ac413b6fe2
urn:ure:t6:occ:function:current-client:0046bdd0	0x0046bdd0	simple	FUN_0046bdd0	6	1	19	e83eb0685f818e68be0e53ed44c0d8dfc7ea3ab2ef7b5117e208a45ec0dd7f8e
urn:ure:t6:occ:function:current-client:0046e540	0x0046e540	simple	FUN_0046e540	6	1	19	d3cc9adfd69301770e63a3b9466751a1b3995f15843273ca2153c13f8c8b5a8f
urn:ure:t6:occ:function:current-client:004b50c0	0x004b50c0	simple	FUN_004b50c0	6	1	19	45d306dce710f6948bcdd9328367ef34098de79727acf1d606b6a0e08bbefec7
urn:ure:t6:occ:function:current-client:00508300	0x00508300	simple	FUN_00508300	6	1	19	7ce2460fd2e0e632523a1b25f793b2430513fc77cf5d1de80ff5fe433bb46733
urn:ure:t6:occ:function:current-client:005152f0	0x005152f0	simple	FUN_005152f0	6	1	19	1ef3e167985e4f4e30bb6449be7b0778a6e069657ddae1d173cb6526cb017bf8
urn:ure:t6:occ:function:current-client:00519ff0	0x00519ff0	simple	FUN_00519ff0	6	1	19	48e8e1ec21d0bf262feb60e716282a77c5f30bccc05a8d33c0301ee7d6b7dc7e
urn:ure:t6:occ:function:current-client:00522430	0x00522430	simple	FUN_00522430	6	1	19	9f5a716f2c91c6ae1bb09f2fa47b958705186c6b63f7d1a5581973e4f3f96c68
urn:ure:t6:occ:function:current-client:00565f90	0x00565f90	simple	FUN_00565f90	6	1	19	4a996191ca86cecd5f5d4f1a819e804cb9dfc440b20f3dafe6cb094b10cf9cc4
urn:ure:t6:occ:function:current-client:005d70f0	0x005d70f0	simple	FUN_005d70f0	6	1	19	a1e6149fdde72bc8bebb53515a0261ae924fe325dc3ed582caf85421c81f1596
urn:ure:t6:occ:function:current-client:005efbc0	0x005efbc0	simple	FUN_005efbc0	6	1	19	4c9f4a36677cd2632f58afdc4f17f286635eb6c2f867cb21c8b491ff25464732
urn:ure:t6:occ:function:current-client:005f0160	0x005f0160	simple	FUN_005f0160	6	1	19	1c79eb340fe3354cd7d45704ea274e4fb26f0760988a4f8b0cde937a8f1f978b
urn:ure:t6:occ:function:current-client:00614720	0x00614720	simple	FUN_00614720	6	1	19	54de0b0b1f7c0fd0fb6e7eb6b7220ef55f9a4caf2ce7a0e74533f8dac8aa0440
urn:ure:t6:occ:function:current-client:0061cd30	0x0061cd30	simple	FUN_0061cd30	6	1	19	06f8430c6709821c0a30928f36da4c1210a900fa6360e0e8d2cbfec50977212e
urn:ure:t6:occ:function:current-client:0061d880	0x0061d880	simple	FUN_0061d880	6	1	19	3a13ae5c6519db2a05bc36379b28258bc84e5d1f1af413644c6f3680a08314c6
urn:ure:t6:occ:function:current-client:006b8d80	0x006b8d80	simple	FUN_006b8d80	6	1	19	1c121cda2a0b916abd5ddb1caeb5b4713834c2723c65c962b43dc05ed8f22a5b
urn:ure:t6:occ:function:current-client:006b8e60	0x006b8e60	simple	FUN_006b8e60	6	1	19	b544e44e6e58fcefde6d07d7989b1b92db7cb4496181889bc90ec8c4031ee178
urn:ure:t6:occ:function:current-client:006e3730	0x006e3730	simple	FUN_006e3730	6	1	19	8b0dd7a14553f758ab8fb93bee7fbaa075ac9fa5b699b443b002609f201c8bd1
urn:ure:t6:occ:function:current-client:00731e90	0x00731e90	simple	FUN_00731e90	6	1	19	c6efab4c4a5f6bf516095426bbd9950bf222e2e6449d362ebe5c64102be62868
urn:ure:t6:occ:function:current-client:00afe540	0x00afe540	simple	FUN_00afe540	6	1	19	28dbfbc73d31f4177804e1b51f6b9dac7d6498947120c36f1f55fa728fe2816c
urn:ure:t6:occ:function:current-client:00afe580	0x00afe580	simple	FUN_00afe580	6	1	19	92bf9adec0fb70d03ed2366f6922d9a912f395a748150b83592b16bf9aa70973
urn:ure:t6:occ:function:current-client:00b02520	0x00b02520	simple	FUN_00b02520	6	1	19	6fca5310931d22e5fe368fbbdab64a1cdd38a55e437f8c3dfbb91ecb8177e5e6
urn:ure:t6:occ:function:current-client:00b04b40	0x00b04b40	simple	FUN_00b04b40	6	1	19	69b1517f8bce956bed3576ab9d5ade3ccd0ecaee05ac0daa5ce719e1f5fe172e
urn:ure:t6:occ:function:current-client:00b04b60	0x00b04b60	simple	FUN_00b04b60	6	1	19	55eda47160f63ff16d4a7a8f655a7cf58152b5eaea4f01b2ba28c1f4131e6ece
urn:ure:t6:occ:function:current-client:00b04bf0	0x00b04bf0	simple	FUN_00b04bf0	6	1	19	e9a882b45b55778f66f31225f45c8a2e1e02b5a6e7501037d8c25a14e05c3942
urn:ure:t6:occ:function:current-client:00b04c10	0x00b04c10	simple	FUN_00b04c10	6	1	19	0ecc3ea5b37ae4339160a0f21e01347571b445535d5ead2bbeefa2e5f3e2854f
urn:ure:t6:occ:function:current-client:00b07fd0	0x00b07fd0	simple	FUN_00b07fd0	6	1	19	a40df4452c8e54af334004a0d67a341d55eb62a3d1bb797b96be3c7f5377e0b6
urn:ure:t6:occ:function:current-client:00b0e7c0	0x00b0e7c0	simple	FUN_00b0e7c0	6	1	19	e69695d4a80a171d1ed331919c28058eeb4ab0838400d4ca4e057b2c99bc6d1b
urn:ure:t6:occ:function:current-client:00b0e840	0x00b0e840	simple	FUN_00b0e840	6	1	19	b641225975aabf7eeccd081f8e653e95ff4af7c906bcbc093c5dc95b623fa127
urn:ure:t6:occ:function:current-client:00b0e8a0	0x00b0e8a0	simple	FUN_00b0e8a0	6	1	19	8180f48f0c3e63724b0e87a73977e03981df9f6bdc121ac25dd0e712cffacd0e
urn:ure:t6:occ:function:current-client:00b0e990	0x00b0e990	simple	FUN_00b0e990	6	1	19	68c7fa432bbd6eed5645067603519db7f71e1d03bcbf0d282a1eefb0cc331271
urn:ure:t6:occ:function:current-client:00b12f70	0x00b12f70	simple	FUN_00b12f70	6	1	19	25fec3ff00a26ce37d05188c442e8e7a676391e1ba8e9987ed993a217026eaa1
urn:ure:t6:occ:function:current-client:00b18c90	0x00b18c90	simple	FUN_00b18c90	6	1	19	6d0ca66f7336263e7a1dfbb4845f0bf93636b6441659391d0b83a0857e0ced56
urn:ure:t6:occ:function:current-client:00b18cc0	0x00b18cc0	simple	FUN_00b18cc0	6	1	19	b5adfce8df6677f4a462ac4263de56355f7724043e056b32b0bc0ca1b281323f
urn:ure:t6:occ:function:current-client:00b18e90	0x00b18e90	simple	FUN_00b18e90	6	1	19	4124645bc95f3d116f46df8e04330074ea8b68d2bab4b32a00df19b3979feaa0
urn:ure:t6:occ:function:current-client:00b1b950	0x00b1b950	simple	FUN_00b1b950	6	1	19	256526ea265aa5f921374fdabc0ab79996984e775e1dd9281b7ea96deff3c2bb
urn:ure:t6:occ:function:current-client:00b1ea30	0x00b1ea30	simple	FUN_00b1ea30	6	1	19	b098da2004ef12f1d39532b876776cf4b279c56f65d1c62e5a3dc49a857bd6d8
urn:ure:t6:occ:function:current-client:00b1eab0	0x00b1eab0	simple	FUN_00b1eab0	6	1	19	b479c7edd0dffeb20fcd05404b9487153daa0b89b648c91b4fdec517a366bca9
urn:ure:t6:occ:function:current-client:00b28930	0x00b28930	simple	FUN_00b28930	6	1	19	b89b53f99ce032f349aca22c7df62c93e4307b4a6b53b274c886b867df06a502
urn:ure:t6:occ:function:current-client:00b2ba40	0x00b2ba40	simple	FUN_00b2ba40	6	1	19	cb86980376bc2138e88052ce1537df4c5fdaf460f8e6d27d89682c3764a75ccb
urn:ure:t6:occ:function:current-client:00b2ec60	0x00b2ec60	simple	FUN_00b2ec60	6	1	19	cfc5d1e29ac9f8b903627fac0f22ad35e18cfd4c7c745d291039982b10c4aff7
urn:ure:t6:occ:function:current-client:00b2f8c0	0x00b2f8c0	simple	FUN_00b2f8c0	6	1	19	3768cf816486814ee86774dbfee6cb0aa60b7b2c9d9e02999a557c531c8a7db3
urn:ure:t6:occ:function:current-client:00514770	0x00514770	simple	FUN_00514770	6	1	20	ae82ff2024246a092e42797477709903336e6dc123c4cc2c01d4bf9fabbfa43c
urn:ure:t6:occ:function:current-client:005ea650	0x005ea650	simple	FUN_005ea650	6	1	20	11dfa99ee4ba3bacb4ee17d05f16aa0d1d6da7728eee367ad446b0c1fc6ee744
urn:ure:t6:occ:function:current-client:00631380	0x00631380	simple	FUN_00631380	6	1	20	2e515819681a2b3b52d6e6ffbfa0504f1f917585de6804f98de921b6c8fbb307
urn:ure:t6:occ:function:current-client:006cd300	0x006cd300	simple	FUN_006cd300	6	1	20	6c176591fc606f7b72603c57902048aeda24f37cffb59277570ba90cbbb78c11
urn:ure:t6:occ:function:current-client:00a05690	0x00a05690	simple	FUN_00a05690	6	1	20	ae7ca7da228bfecb098b472c078ff648551c880a41f632d0685ded90bb68b717
urn:ure:t6:occ:function:current-client:00a5a560	0x00a5a560	simple	FUN_00a5a560	6	1	20	cf26620a6d734a3593ef9df4479340a17dbb9abac41b12b8898272b1faf3c6b1
urn:ure:t6:occ:function:current-client:004408c0	0x004408c0	simple	FUN_004408c0	6	1	21	0092bed7941ca2fd1dac7e970c4d56c58da718fe0d27ec4dbfc1d158fbf4381b
urn:ure:t6:occ:function:current-client:004e72e0	0x004e72e0	simple	FUN_004e72e0	6	1	21	3e31501137caba5375b64cefd8c11f8a0478f0f9b96685f6e43386bd8ec64082
urn:ure:t6:occ:function:current-client:004fb060	0x004fb060	simple	FUN_004fb060	6	1	21	e0a2557415851f70320820df041bca151139034923a9da5dd06bc0fce579dc36
urn:ure:t6:occ:function:current-client:0050e2d0	0x0050e2d0	simple	FUN_0050e2d0	6	1	21	b5c16e6e9d3a3b9aa7629049d75dfba01d2245d8ae2ba538a44f9594470e82e9
urn:ure:t6:occ:function:current-client:0050e4f0	0x0050e4f0	simple	FUN_0050e4f0	6	1	21	772b263214f2f2f220259c519545bf671aae7184638dc75dfcd977bab83c59af
urn:ure:t6:occ:function:current-client:00543ef0	0x00543ef0	simple	FUN_00543ef0	6	1	21	6c51d3bc4f32d914050716ecf1a0dd5f3b0f79961434896841a7682ef7c322a5
urn:ure:t6:occ:function:current-client:00598b10	0x00598b10	simple	FUN_00598b10	6	1	21	881008474d89ec15d4cd4ed741617c1980b9bd301114dbe0b0ced2b12261a881
urn:ure:t6:occ:function:current-client:0066ddd0	0x0066ddd0	simple	FUN_0066ddd0	6	1	21	5e4751f68cfdc2aa606ba33c927cd4538230804b746f5e8a9399dd2da306a5f3
urn:ure:t6:occ:function:current-client:006a9100	0x006a9100	simple	FUN_006a9100	6	1	21	30ce59682b6157c4d5217b55efcd4fe1b198a0ee2cf4156835641ad8dcaeffa5
urn:ure:t6:occ:function:current-client:00401d70	0x00401d70	simple	FUN_00401d70	6	1	22	33db5fe9444acf94ecbdbde5e3e7c9ece6a9579e42d6c9b119e7ada00f3fd802
urn:ure:t6:occ:function:current-client:004b8770	0x004b8770	simple	FUN_004b8770	6	1	22	6a4742f1bd22b79d52f4edfebbfae9e29ff6008f8aa393279b065f4a88c108f4
urn:ure:t6:occ:function:current-client:00653650	0x00653650	simple	FUN_00653650	6	1	22	c6a5c5046ca5bc395c99563a3abdeba5209afd7d681147bcd177516c0c480449
urn:ure:t6:occ:function:current-client:009fe1a0	0x009fe1a0	simple	FUN_009fe1a0	6	1	22	41cf4a9d70ebc994862d78e0ffce8a54a3cab8b740f3fabd613bbcb12c23430d
urn:ure:t6:occ:function:current-client:009ffc90	0x009ffc90	simple	FUN_009ffc90	6	1	22	70e051cd4bcbc669627324f6e6ea089d4e58f1257a21b69f16b0ca4d8a4df323
urn:ure:t6:occ:function:current-client:00a12b40	0x00a12b40	simple	FUN_00a12b40	6	1	22	6eff99323e0a4192f3d01cd92e37c781a4e149006394a7da2b2421a4bbc58abd
urn:ure:t6:occ:function:current-client:008cd5e0	0x008cd5e0	simple	FUN_008cd5e0	6	1	23	77581d88df4170657eb1f2e94f51f49a4cd87238ba3e2e1300284ce0192fee87
urn:ure:t6:occ:function:current-client:00409300	0x00409300	simple	FUN_00409300	6	1	24	af0c2f05f25e693e759831dc822b79123e9aee8b5ef0c5808128516d3d38c08a
urn:ure:t6:occ:function:current-client:00440140	0x00440140	simple	FUN_00440140	6	1	25	95039739cabf232d9bc2ad8d9f9a5e51a2dab4fccee62c4e1bb421e7ea880568
urn:ure:t6:occ:function:current-client:00ac0b10	0x00ac0b10	simple	FUN_00ac0b10	6	1	27	850f5215f890aca196942dc62f45a2e8a79cbd8ac4602a465c515ae3aa5ece24
urn:ure:t6:occ:function:current-client:00526bf0	0x00526bf0	simple	FUN_00526bf0	6	1	28	70b22edb21652004b6585907dae146b4a2ad3aff2d6f6c92f60942293ac229c7
urn:ure:t6:occ:function:current-client:006c1e90	0x006c1e90	simple	FUN_006c1e90	6	1	28	953f5e0c8e322c075b4c26cda1473a3c15875ecdbfb17b648c94d3076f8b5449
urn:ure:t6:occ:function:current-client:00572a70	0x00572a70	simple	FUN_00572a70	6	1	29	89ae7e6dbb60011d8ed3675225c2208bac0ab1af7455e9365ba0a1319e46aa9c
urn:ure:t6:occ:function:current-client:005aea50	0x005aea50	simple	FUN_005aea50	6	1	31	13d651b8acf26f62f8b2e9a0dcdcfc75ef9407a23d64562df3f069c4fbf856b0
urn:ure:t6:occ:function:current-client:00441ef0	0x00441ef0	simple	FUN_00441ef0	6	1	32	9e33f7c7a75fa642a960116e920f82bd58f2400ab0d519761e0c0d8581247a88
urn:ure:t6:occ:function:current-client:006ca750	0x006ca750	simple	FUN_006ca750	6	1	32	771e50936240cd9824bdcf3cfe03304f6477e7ac31cc425fb08df94b7b364097
urn:ure:t6:occ:function:current-client:00734d80	0x00734d80	simple	FUN_00734d80	6	1	33	4be54af12e072ddb71f7ab2686580c556e44192cca17259f35630edcb7d85fa8
urn:ure:t6:occ:function:current-client:00a2f6d0	0x00a2f6d0	simple	FUN_00a2f6d0	7	1	14	14e8d611f4e2d31896138ffcd81ffca3b94df42045b8727fc2820f3572f734bf
urn:ure:t6:occ:function:current-client:00ad09a0	0x00ad09a0	simple	FUN_00ad09a0	7	1	14	041cd668af83dc80a4c8ad88798ab02af198064663ea07abef81b1e6e4411c3a
urn:ure:t6:occ:function:current-client:00a57060	0x00a57060	simple	FUN_00a57060	7	1	15	c01ba7270c159950678c5ee0618de74496adf55c44c39b4eca16b5f08de53717
urn:ure:t6:occ:function:current-client:00ae0f70	0x00ae0f70	simple	FUN_00ae0f70	7	1	15	bdcce3c1b77ac42d199e77cedd33d3db9d591c6e80199405312362b731cdac79
urn:ure:t6:occ:function:current-client:00693260	0x00693260	simple	FUN_00693260	7	1	16	599c31eac782a46a21245239d4dbf5ae3b87d5e16fd2538431a4142644080772
urn:ure:t6:occ:function:current-client:006ac800	0x006ac800	simple	FUN_006ac800	7	1	16	2e8ee95a96c9ed884a7124309a513499c0e8a0c6e2943a71ae313f28236ac761
urn:ure:t6:occ:function:current-client:00ae10a0	0x00ae10a0	simple	FUN_00ae10a0	7	1	16	e6175fce14dc5b28284720e6410985ba43a519dd7f17b777adac05649ffe63f6
urn:ure:t6:occ:function:current-client:009621a0	0x009621a0	simple	FUN_009621a0	7	1	17	24eeda378aeef080624cf9fe47a9e396d7b4fb6b1914e66ac4eca52753437366
urn:ure:t6:occ:function:current-client:009621c0	0x009621c0	simple	FUN_009621c0	7	1	17	08d536e7e1958f0a083376abf81a21b5033479f27ab557df8811df9d08dbeefb
urn:ure:t6:occ:function:current-client:00975db0	0x00975db0	simple	FUN_00975db0	7	1	17	a9a4e40cafae582957bdbd466f4f4c57cb35db1020ebfe304a72838435d52680
urn:ure:t6:occ:function:current-client:00975dd0	0x00975dd0	simple	FUN_00975dd0	7	1	17	c286ef17439f40737f07efd0e7c545f94507234b2e548a4c5177d1ff29607980
urn:ure:t6:occ:function:current-client:00a78eab	0x00a78eab	simple	FUN_00a78eab	7	1	17	3dea11a056a729df5176521adea15b75bb4498d7040625c1bf97677cb562928a
urn:ure:t6:occ:function:current-client:0041ad60	0x0041ad60	simple	FUN_0041ad60	7	1	18	f2f7995952a947a80e1e9191a33e9e48c757909a4e1fec5f74b88815a27a3e96
urn:ure:t6:occ:function:current-client:0046fb90	0x0046fb90	simple	FUN_0046fb90	7	1	18	bf3c96a7a34792bd69bc48d7fd7f2f2e745b60a0bbdad50e131f2d930169d0e4
urn:ure:t6:occ:function:current-client:004c96c0	0x004c96c0	simple	FUN_004c96c0	7	1	18	061bb46a84e129a3b17cedae6ef28bda1e25349faf3f732873a40031d0ebc312
urn:ure:t6:occ:function:current-client:006104a0	0x006104a0	simple	FUN_006104a0	7	1	18	0ee25f01e75c79cc4e4717b96d8032b8df52562bf5e91c1e8f49657910f50cf8
urn:ure:t6:occ:function:current-client:006d77f0	0x006d77f0	simple	FUN_006d77f0	7	1	18	bd3ca633b65470825a00a959a4d50017d3d9be0989e6b8a783ce18bd845ed6bb
urn:ure:t6:occ:function:current-client:006ec8b0	0x006ec8b0	simple	FUN_006ec8b0	7	1	18	07daed6b16623e408e1658d42ecd0c257e0436736f66623a4f2d6d2e6b9d5003
urn:ure:t6:occ:function:current-client:00a358e0	0x00a358e0	simple	FUN_00a358e0	7	1	18	27e9ee3ecae36986ce439dfca915f94131ce91ca8b3bf1e0ef318aab6d7eb43d
urn:ure:t6:occ:function:current-client:00a3fea0	0x00a3fea0	simple	FUN_00a3fea0	7	1	18	5b3a6526997143017ebd6dae20c0ef33acfdca273e522888ba5e71710d9bf482
urn:ure:t6:occ:function:current-client:00a453d0	0x00a453d0	simple	FUN_00a453d0	7	1	18	a0564ca4fe9be5a9f7a5b14905c0c4d704651e6362630bfd9e0495e6d3d65122
urn:ure:t6:occ:function:current-client:00a49d40	0x00a49d40	simple	FUN_00a49d40	7	1	18	b31716339797ba34c1e442439e8615e9d83181e26af3b837b7458f0edc8450ca
urn:ure:t6:occ:function:current-client:00a5dcf0	0x00a5dcf0	simple	FUN_00a5dcf0	7	1	18	0316ced457a765e896733e8064b69e92dcfe6ec4ab64cb391946d5e7fe987797
urn:ure:t6:occ:function:current-client:0043cc00	0x0043cc00	simple	FUN_0043cc00	7	1	19	9d1e903a11229312b7ee947eca38dec0c21462ab7432ce39a8b756c045dd25e6
urn:ure:t6:occ:function:current-client:0043e730	0x0043e730	simple	FUN_0043e730	7	1	19	2315f0f342129ea13d5a47a11a13a8d9de7b677593fd41ffb18b3d021eb3aea8
urn:ure:t6:occ:function:current-client:006a5980	0x006a5980	simple	FUN_006a5980	7	1	19	31f98a5380bf86605caa274d255b46ae7115a6e4305f37ab0181c4bf091c059f
urn:ure:t6:occ:function:current-client:00727fd0	0x00727fd0	simple	FUN_00727fd0	7	1	19	f589343f96471dd438dbec56a41381b727f265b00fda57e06625a005c73489a1
urn:ure:t6:occ:function:current-client:00a73783	0x00a73783	simple	__errno	7	1	19	86e9170ab752ef94207aa39cf55b592deab82364ed9e9c6c27a4591ea6f25bf5
urn:ure:t6:occ:function:current-client:00a73796	0x00a73796	simple	___doserrno	7	1	19	66fd5748e929f66e53bb3a95d8336111630227eaaed64a74fc6835c91813f65f
urn:ure:t6:occ:function:current-client:00494940	0x00494940	simple	FUN_00494940	7	1	20	cd68e392a9b755b52984e9c419ced12789898576950a88c90bfbc3033692c51b
urn:ure:t6:occ:function:current-client:004d4240	0x004d4240	simple	FUN_004d4240	7	1	20	fb9c366ee08b9fb0b86db22c66f87034fc0c973b697155c758ec63a91e29feef
urn:ure:t6:occ:function:current-client:0056e8d0	0x0056e8d0	simple	FUN_0056e8d0	7	1	20	74981b654e17b203c49c4c1cd9987d14d3ea2a0899bfdd68c24c0fe72ae2a8e7
urn:ure:t6:occ:function:current-client:00639800	0x00639800	simple	FUN_00639800	7	1	20	497124c107c36fc14dcfec0b658e9bf25e8aa216581b9bf09acb3b8eae56a6ab
urn:ure:t6:occ:function:current-client:006e6590	0x006e6590	simple	FUN_006e6590	7	1	20	098e709c6d7f72d08fa1edcd0d4d2b6bcb57792dfb437f423b3e6974ea1560af
urn:ure:t6:occ:function:current-client:0076ff30	0x0076ff30	simple	FUN_0076ff30	7	1	20	8c86d856aa15ac2e1ff09cf73567bfa8f0d8ab92e3a4496b56d823e3151cf6d1
urn:ure:t6:occ:function:current-client:0076ff50	0x0076ff50	simple	FUN_0076ff50	7	1	20	bae4aedd8cc2423974e1c992b6250adc78262e31360cab331c34dd59fe8cd3ac
urn:ure:t6:occ:function:current-client:00787900	0x00787900	simple	FUN_00787900	7	1	20	c0c6356ec91aef6663c0eadc66ac0bfbe96d990359f19cada1626264fad0c3db
urn:ure:t6:occ:function:current-client:00a457e0	0x00a457e0	simple	FUN_00a457e0	7	1	20	b08aa22100441deb06f534939bd1462837de6792f1e0730ac5f855d0b2f62d68
urn:ure:t6:occ:function:current-client:00ad7130	0x00ad7130	simple	FUN_00ad7130	7	1	20	aa0022acfcef35c9619d9b96eaa9915b3fcebec72098788e6899f5daf9bb11b8
urn:ure:t6:occ:function:current-client:00afdfe0	0x00afdfe0	simple	FUN_00afdfe0	7	1	20	57733d41f717078822374a5a3177a62a48593eb03aa46b974436c5499fe423a0
urn:ure:t6:occ:function:current-client:0040cab0	0x0040cab0	simple	FUN_0040cab0	7	1	21	af8e585e16ebaecc153e5cca5d16877913fcdd0dfdc8ea6c2fd584a7d4e1f1f2
urn:ure:t6:occ:function:current-client:0040f2c0	0x0040f2c0	simple	FUN_0040f2c0	7	1	21	4f636199f65e19f3c87c54ceffc62e75b66155fab230b9f51e9719720b933e86
urn:ure:t6:occ:function:current-client:00427730	0x00427730	simple	FUN_00427730	7	1	21	f1c02153ea4ce45285a66911ae595676d0dd8b166a1774624e9522d145ff977f
urn:ure:t6:occ:function:current-client:004366f0	0x004366f0	simple	FUN_004366f0	7	1	21	a9e066943225c01cb43b6625085dd98ee7fa131ccb866b52b05e0ccdbdbe99bd
urn:ure:t6:occ:function:current-client:0047c010	0x0047c010	simple	FUN_0047c010	7	1	21	9f83d20311a63aef9a2ae05b74a4fc5322ef1a86f6e97f693a40c8f5a17bbabf
urn:ure:t6:occ:function:current-client:00486050	0x00486050	simple	FUN_00486050	7	1	21	0576d17ee7a54c23c101af6a964aa3e661baa6fce25ea3035642acf2010930cd
urn:ure:t6:occ:function:current-client:004b11a0	0x004b11a0	simple	FUN_004b11a0	7	1	21	3fed802dc281e3f1f4104c5c264c40b05fac5618f15e16de82dfd28f23eff64d
urn:ure:t6:occ:function:current-client:0051c260	0x0051c260	simple	FUN_0051c260	7	1	21	67c722b44e5fe91f978dfd97736ae88587da52806a977558c62081e2079cabed
urn:ure:t6:occ:function:current-client:00533670	0x00533670	simple	FUN_00533670	7	1	21	cb03a1bc4488884a77857870d984c18573144abb45114abaf9ff0c3aadc689ba
urn:ure:t6:occ:function:current-client:00535f70	0x00535f70	simple	FUN_00535f70	7	1	21	856925c734f507540c3b1bfdb41e0e803d48dc5452982e8a44137a7b590b9de8
urn:ure:t6:occ:function:current-client:0055c350	0x0055c350	simple	FUN_0055c350	7	1	21	3993cbefd5766894c1d62cefd6fb06781133207eb5059f401072564d70f06c6a
urn:ure:t6:occ:function:current-client:005e5d10	0x005e5d10	simple	FUN_005e5d10	7	1	21	471ae898d59e5d44253f2ae85d721501178698172cf66cb37e3a65e9989ee01e
urn:ure:t6:occ:function:current-client:005ea700	0x005ea700	simple	FUN_005ea700	7	1	21	2b388fa3d65eb08b7f9c078b733ee3cf7c1db815fbc0e021100dc766533f2cfb
urn:ure:t6:occ:function:current-client:005eae80	0x005eae80	simple	FUN_005eae80	7	1	21	cae192c3b4309829f3297afe8c9e6b3a32d25ed22520a3f49115b8be2c90721a
urn:ure:t6:occ:function:current-client:0060c270	0x0060c270	simple	FUN_0060c270	7	1	21	452eeb06a5c342726ba03a77d3d5ecf79315999f87320b176237e4e65990cf58
urn:ure:t6:occ:function:current-client:00622d00	0x00622d00	simple	FUN_00622d00	7	1	21	40284450399de3be1c2bbd5893e689ec89776c764efec683d723f83cd63fd4ff
urn:ure:t6:occ:function:current-client:00643030	0x00643030	simple	FUN_00643030	7	1	21	b3885ae21af9d1ae7613fc529a6644e0ac801a87443a7d0322acd30b7ab1090e
urn:ure:t6:occ:function:current-client:00653cc0	0x00653cc0	simple	FUN_00653cc0	7	1	21	2bc9e20bf583771cea0bb915b9dea3f38b8ce0e5d6ad182e78afffd40dd2d4ea
urn:ure:t6:occ:function:current-client:00672d60	0x00672d60	simple	FUN_00672d60	7	1	21	c71345d2c7afcee149a8a76b6512b6bc541a882192215caa82edf3f99a738f63
urn:ure:t6:occ:function:current-client:006fbd80	0x006fbd80	simple	FUN_006fbd80	7	1	21	939dbb1d5aec4567dc38a0ba2a7de4263ff0ed4c5d509444d13564435e5d2378
urn:ure:t6:occ:function:current-client:00738740	0x00738740	simple	FUN_00738740	7	1	21	44fb91a97674fcd389cb074a5c6f358c3d4cb0429cc161e594194fa0b0e72be6
urn:ure:t6:occ:function:current-client:00738900	0x00738900	simple	FUN_00738900	7	1	21	5aa2708ec1a6dddf21fbf4578311bd3223b0ea4867117b989ab2a597cd6db174
urn:ure:t6:occ:function:current-client:00738920	0x00738920	simple	FUN_00738920	7	1	21	4a80a4f4f5461b9123843bba7463877f831f1986b93eaddf1fbafbc3da5648c8
urn:ure:t6:occ:function:current-client:009bdff0	0x009bdff0	simple	FUN_009bdff0	7	1	21	06fd97c7adfa22bde696720a13b22040b861705782c3de96f86a4a985d75726a
urn:ure:t6:occ:function:current-client:00b06060	0x00b06060	simple	FUN_00b06060	7	1	21	f97497e0d0e2d2bf64ee9392371adbb83b78b69fc4bb998b9024f6e279295707
urn:ure:t6:occ:function:current-client:00585eb0	0x00585eb0	simple	FUN_00585eb0	7	1	22	ed23fa5b63a1fa83b4e3cd57fd0b8f01bac16664d0623b00177a79f4b7450444
urn:ure:t6:occ:function:current-client:006e6f50	0x006e6f50	simple	FUN_006e6f50	7	1	22	ba0f713b79cbdfb359d91f7246984207508d4c224113d03555505d2ca2dc73ab
urn:ure:t6:occ:function:current-client:006f6af0	0x006f6af0	simple	FUN_006f6af0	7	1	22	94b55cf259bf8b92fa5c6447ca38d9289b0b16222f04a05cc30a8eab011dd48d
urn:ure:t6:occ:function:current-client:00a01800	0x00a01800	simple	FUN_00a01800	7	1	22	8954ffde588d09ff3e688c94e94cf842d746eef524993477ca25bce59095a72b
urn:ure:t6:occ:function:current-client:00a01880	0x00a01880	simple	FUN_00a01880	7	1	22	3f5340479866f4a872d8420585bf18ee6775c3eb2847d1b6cee7c6f46e757850
urn:ure:t6:occ:function:current-client:00adcda0	0x00adcda0	simple	FUN_00adcda0	7	1	22	33e6f046da3a120cd898860466d4f10db6099747695e4d9a5a22a0ab4bce1bd9
urn:ure:t6:occ:function:current-client:0042f9a0	0x0042f9a0	simple	FUN_0042f9a0	7	1	23	9708ca8eb797a27acab559a06129673ddde9569e21ea8e874613b8e389b21511
urn:ure:t6:occ:function:current-client:008f3260	0x008f3260	simple	FUN_008f3260	7	1	23	176a71e21733afade80978d6af61c7187f6e1a59571926f84041da16fc29c314
urn:ure:t6:occ:function:current-client:0047d1a0	0x0047d1a0	simple	FUN_0047d1a0	7	1	24	2565caf6a2b6ef8f678b7667c9979e8367cf953f8dcd83978019dedf15792fab
urn:ure:t6:occ:function:current-client:004ad0c0	0x004ad0c0	simple	FUN_004ad0c0	7	1	24	89aa34c27df17dc20adda98a31ba636b13caa9b0a0424c1841891ae134eb1446
urn:ure:t6:occ:function:current-client:004f61a0	0x004f61a0	simple	FUN_004f61a0	7	1	24	68fb15cc9ec644f41701ce83df51d6cb2433095afe2f0b3f538adb9f4d2df2c7
urn:ure:t6:occ:function:current-client:005116a0	0x005116a0	simple	FUN_005116a0	7	1	24	c2bb0e93a318787f43504279224a6d4cf1492feefdc25f975185c6bfc5f76f8a
urn:ure:t6:occ:function:current-client:00583660	0x00583660	simple	FUN_00583660	7	1	24	e06e0f2637e2968c474aec3cd96dcddecc1bbd5abb5cfc69382b0d85982064b0
urn:ure:t6:occ:function:current-client:005b0620	0x005b0620	simple	FUN_005b0620	7	1	24	5fa0414c223f5b93c5bc1dc1ad238e5a63f348c053411aa50821631e61eb60dd
urn:ure:t6:occ:function:current-client:005e99d0	0x005e99d0	simple	FUN_005e99d0	7	1	24	f1fbec1f8348614c771401bdeba05459b9dc1a63f3d8bcd7d6cfa351221cd4be
urn:ure:t6:occ:function:current-client:00620ec0	0x00620ec0	simple	FUN_00620ec0	7	1	24	120d312ca95c938706e854c13722d5d4c80f5bb47c7bcb8b9acd81bb132d0f58
urn:ure:t6:occ:function:current-client:0064c890	0x0064c890	simple	FUN_0064c890	7	1	24	10e9f525bf231fafd6af0c6ce5ba873a7eb06385f102922fc2313aeab2ab67b8
urn:ure:t6:occ:function:current-client:0065fd80	0x0065fd80	simple	FUN_0065fd80	7	1	24	a0c379a0d04b9f3e1cda6bbe0f31acd5f140351fe0d911d0302babc34a4a8862
urn:ure:t6:occ:function:current-client:006a7be0	0x006a7be0	simple	FUN_006a7be0	7	1	24	89a544869cb1c9f8893943ddee7d905f560f577d0dc69e4c4eae6ba8539399da
urn:ure:t6:occ:function:current-client:006d3c50	0x006d3c50	simple	FUN_006d3c50	7	1	24	9a6ec619a64dacbe63f0dfc3df38272730a0ebb332fe99a54bc256a4eb116965
urn:ure:t6:occ:function:current-client:006e6500	0x006e6500	simple	FUN_006e6500	7	1	24	2a2feb7fb683dbcb0bf73d985177a51b15c40a6e43e2ecd3b972ccbe4096df59
urn:ure:t6:occ:function:current-client:00734cc0	0x00734cc0	simple	FUN_00734cc0	7	1	24	dce74cc42399b8665916cd5daddd6c37e8414ffa822584d967300b445e04826f
urn:ure:t6:occ:function:current-client:00ad0a10	0x00ad0a10	simple	FUN_00ad0a10	7	1	24	cca0a0c3c48f2a41025692cc42ccd569d4f6f60013fa827f33677ad2e7e2f82b
urn:ure:t6:occ:function:current-client:0042dda0	0x0042dda0	simple	FUN_0042dda0	7	1	25	df2f5c8f4007ccbbf96238bd96291ca2edff15baee0492bdb355370709920601
urn:ure:t6:occ:function:current-client:0051be90	0x0051be90	simple	FUN_0051be90	7	1	25	96b03c1e74de692a27bab8ab99222197d98d5fea536d7a217a6f3a7d71516001
urn:ure:t6:occ:function:current-client:0054fd00	0x0054fd00	simple	FUN_0054fd00	7	1	25	a4dc6e5aea6d58f1a89a519dee709c352194952c5393bba725d899ebf2dc57cf
urn:ure:t6:occ:function:current-client:00614e20	0x00614e20	simple	FUN_00614e20	7	1	25	09b1f6dc7d21747d3240ac2ada55ddde2024fef5e2c13c7a90f272705f030589
urn:ure:t6:occ:function:current-client:006eb190	0x006eb190	simple	FUN_006eb190	7	1	25	c4900ca2aaeb4362d7f13b96c35917f8f7fab8a94a126d900c21d11d3ae5a64a
urn:ure:t6:occ:function:current-client:00449ed0	0x00449ed0	simple	FUN_00449ed0	7	1	26	49641f61827f2f3c7b7d0d8dc30c6f34874281707065e1ea05e13db0ee166b5d
urn:ure:t6:occ:function:current-client:0049a260	0x0049a260	simple	FUN_0049a260	7	1	26	4956571ddcc4d31afcfa8a20d8440fa619d91c3cba93b0172ee8e68d71ea2275
urn:ure:t6:occ:function:current-client:00503610	0x00503610	simple	FUN_00503610	7	1	26	77c91d1b1ef4a7ad5ebdd07b262e4f3e1ddd4aa89d96fe447f402a9827f26c14
urn:ure:t6:occ:function:current-client:00572ec0	0x00572ec0	simple	FUN_00572ec0	7	1	26	898bac761413a9128637c0becd12187ebb3eceb19f4a9de46bd1682cf492f9cf
urn:ure:t6:occ:function:current-client:00625070	0x00625070	simple	FUN_00625070	7	1	26	351a15319670209582f211728fbae00c187eb67361f702c8c2d5ea2bbaf04e27
urn:ure:t6:occ:function:current-client:0066ff00	0x0066ff00	simple	FUN_0066ff00	7	1	26	0e2d6ef2fca2bc72948c4d6b80afd524369e23f67a1eee7e939e145b652cf32f
urn:ure:t6:occ:function:current-client:00672590	0x00672590	simple	FUN_00672590	7	1	26	2f64fed7bddb52b89f5fd346588c308b7bb1ab38d3293dc36f269245a6488f44
urn:ure:t6:occ:function:current-client:00ac1470	0x00ac1470	simple	FUN_00ac1470	7	1	26	bf139dd2ef1df2503ee22cfc7df55370177f1b5c050b74faaf167230f64ddf69
urn:ure:t6:occ:function:current-client:005dc030	0x005dc030	simple	FUN_005dc030	7	1	27	0bd990008999cfcab4e84636e74b3d3cac55bb49faadf68e113baf37b835e402
urn:ure:t6:occ:function:current-client:00508150	0x00508150	simple	FUN_00508150	7	1	28	a27ac0ff0ebb8c69086b68b514424cd269b6383c5597f23ea22941270d142a71
urn:ure:t6:occ:function:current-client:006b0b70	0x006b0b70	simple	FUN_006b0b70	7	1	28	53ba8ceb96258f74a0e9980ecdebbf92c75e385733b61020544b2344ba0527d6
urn:ure:t6:occ:function:current-client:00abefb0	0x00abefb0	simple	FUN_00abefb0	7	1	29	ff40c02f2e5bde561094113ac1fcdc732cba734919739912e0348f95f989e0f9
urn:ure:t6:occ:function:current-client:004ce4b0	0x004ce4b0	simple	FUN_004ce4b0	7	1	30	110e25a1c61454419f50cdcf20349bfe581aca59a9c859b80bb68163b1fa00fc
urn:ure:t6:occ:function:current-client:0051c380	0x0051c380	simple	FUN_0051c380	7	1	30	69080da3e1bac1e601b265fcb016598e29c971410a8ffd4f5b2735ac345bef0b
urn:ure:t6:occ:function:current-client:0053d230	0x0053d230	simple	FUN_0053d230	7	1	30	951e22ab2e4f107ffe5a983ddd8ac6cd1720dc600a8b5b13d74678896ae83f58
urn:ure:t6:occ:function:current-client:005b33b0	0x005b33b0	simple	FUN_005b33b0	7	1	30	8733bb0983b353dd39d8f2de7abbb614b4c4a378eff50ef0effa24b734aa5f55
urn:ure:t6:occ:function:current-client:00b14100	0x00b14100	simple	FUN_00b14100	7	1	30	e3f5052c5c3adea7baf8accba44435be5cee4e4b69f176d743f05bb00c8bf834
urn:ure:t6:occ:function:current-client:00463680	0x00463680	simple	FUN_00463680	7	1	31	9f91d3994808ed63865cb5b5910ab78ca5b5249b7df8f113e654dad976e45c55
urn:ure:t6:occ:function:current-client:00555e00	0x00555e00	simple	FUN_00555e00	7	1	31	b15c00f58d57a2ffc715556c9b22c419e45d2fb9e8d9f03fade97c31506525f5
urn:ure:t6:occ:function:current-client:005ce710	0x005ce710	simple	FUN_005ce710	7	1	31	67bf3e395f8d116065fc31c3f174db2714ceb12e8ef133bfc0551857fc615b00
urn:ure:t6:occ:function:current-client:005fa6d0	0x005fa6d0	simple	FUN_005fa6d0	7	1	31	7cfb18c0d0ba14c01f18b24b54c7aba2c896f2825107d0e350721890f6e7aa48
urn:ure:t6:occ:function:current-client:006477f0	0x006477f0	simple	FUN_006477f0	7	1	31	184e2e95b617e9b3c9fa3ecc7d3a19892f7cd1fb0668fd68bdd289f1bbb048c8
urn:ure:t6:occ:function:current-client:00ac0950	0x00ac0950	simple	FUN_00ac0950	7	1	31	967967b7505bc285635a689a981f3031e45f403444462fda3723d25960fe07fb
urn:ure:t6:occ:function:current-client:00ac0ba0	0x00ac0ba0	simple	FUN_00ac0ba0	7	1	32	fceb2ea65b87de3e932de468d1a9358be13e3df6d5f91023a3fec6597cca2bbd
urn:ure:t6:occ:function:current-client:007052d0	0x007052d0	simple	FUN_007052d0	7	1	33	72bb7a81858d9bb675ddf05a0cf86838985a554aa50d89f851dc3038275be0f2
urn:ure:t6:occ:function:current-client:00ac0f80	0x00ac0f80	simple	FUN_00ac0f80	7	1	33	85579bccf84d798274d4d8e85c80c30a961d2b91e7aabfee087079e96d69bd40
urn:ure:t6:occ:function:current-client:0092bae0	0x0092bae0	simple	FUN_0092bae0	7	1	53	871b1f0d6185a39e0177f5f055dca2b78eba1dc4fdb65431720bbc4396f800c6
urn:ure:t6:occ:function:current-client:00568770	0x00568770	simple	FUN_00568770	8	1	16	4fcc8adebedc77f55a5de51acad7b78396520eaf0b9a74c688bed6e3d18c6f32
urn:ure:t6:occ:function:current-client:0097cf60	0x0097cf60	simple	FUN_0097cf60	8	1	16	9d226bb4750a5ad993f50a529371a23149df6edf7e35729d3810203d91e79764
urn:ure:t6:occ:function:current-client:00a2e510	0x00a2e510	simple	FUN_00a2e510	8	1	18	b1336559a97509d175934f12de6ec4c4c8e28b53e5e8c86bd7a6f806f2af9aa9
urn:ure:t6:occ:function:current-client:00a75026	0x00a75026	simple	FUN_00a75026	8	1	18	fd09dab9c1823a2e1772b2c9b76d1336cebf47cf1d091f5dfcfb767e7b34f2f7
urn:ure:t6:occ:function:current-client:00443eb0	0x00443eb0	simple	FUN_00443eb0	8	1	19	ecaf718358d36e87731a6484a71fc64110d61f8afd0af8deaecd34b8b9d1c3e9
urn:ure:t6:occ:function:current-client:006fb000	0x006fb000	simple	FUN_006fb000	8	1	19	332d5735339f368434cb62be90b153eefa35d83f03c5b290dfc1038ddff19c29
urn:ure:t6:occ:function:current-client:0097cf40	0x0097cf40	simple	FUN_0097cf40	8	1	19	16752cdb489137763bbceb3b789af95b9c0107c9850b6665404cccb5a6ec366c
urn:ure:t6:occ:function:current-client:00a2e990	0x00a2e990	simple	FUN_00a2e990	8	1	19	bb69ad20919184536d8d8cb4bc34563237f7f1d9bfc963086884318066505390
urn:ure:t6:occ:function:current-client:00404ae0	0x00404ae0	simple	FUN_00404ae0	8	1	20	30d30f4e485281ae70a36a46a423949203ebc43aceff493c03e79b002161d529
urn:ure:t6:occ:function:current-client:005931d0	0x005931d0	simple	FUN_005931d0	8	1	20	7db2ebf0795b9175ed914449f566614289dc2b3f1dfe408bcb9a88680df25611
urn:ure:t6:occ:function:current-client:006da9c0	0x006da9c0	simple	FUN_006da9c0	8	1	20	d66b0598517e8343c60fcd8fc44536ffb1cd9a0ceb5ecc2b7c11261724e85703
urn:ure:t6:occ:function:current-client:00733f50	0x00733f50	simple	FUN_00733f50	8	1	20	f038bc1de779abcbeb5cd0a9067c40a606e852221abac0c3b9acbeee8b03a799
urn:ure:t6:occ:function:current-client:0073e380	0x0073e380	simple	FUN_0073e380	8	1	20	914a37d0da50e50e72c372e3a0059618e82c4b690cf09faa3ff43b7a1cfa7157
urn:ure:t6:occ:function:current-client:0074f870	0x0074f870	simple	FUN_0074f870	8	1	20	ddda8f8aaf032c0dc189baebf8dad33097d96e4e41d094ff352a22335852cce6
urn:ure:t6:occ:function:current-client:00812d30	0x00812d30	simple	FUN_00812d30	8	1	20	6a00f723584fd4d2498c9ca54b6a516caf48bc5f76681db95c2d3872807bc4e1
urn:ure:t6:occ:function:current-client:00882170	0x00882170	simple	FUN_00882170	8	1	20	322a14b7729b55c02f4882860e12f48d1711d5e9e4bd2fdc1a31cf70909b145d
urn:ure:t6:occ:function:current-client:00889a10	0x00889a10	simple	FUN_00889a10	8	1	20	0c6ef713d262609939fbe2eb6d7d94ecdb4550823a9ae10d8d5802e939dfe27f
urn:ure:t6:occ:function:current-client:008b03b0	0x008b03b0	simple	FUN_008b03b0	8	1	20	0141caf35acafc534850df4fbcb09ec0be7ab77506c2e483c0ef6cbb35171e71
urn:ure:t6:occ:function:current-client:008dca30	0x008dca30	simple	FUN_008dca30	8	1	20	261eacae9bfa0db6372aaeb84f52207f037ca9ba82fa994fafd765aacd6344d8
urn:ure:t6:occ:function:current-client:008e4d90	0x008e4d90	simple	FUN_008e4d90	8	1	20	95edf7619696661a8f6d04a4310337b1737e9c831489825e0741d947c44110d6
urn:ure:t6:occ:function:current-client:008ea320	0x008ea320	simple	FUN_008ea320	8	1	20	fae7eaff2a620f2d0927552e282922e966a9ac1f59119db3063fc327b044b15a
urn:ure:t6:occ:function:current-client:008efab0	0x008efab0	simple	FUN_008efab0	8	1	20	8ce07a9d49dfbb21f2b94cb68064284c966e2f121a289c644b08cd8946ddc8da
urn:ure:t6:occ:function:current-client:0094d5f0	0x0094d5f0	simple	FUN_0094d5f0	8	1	20	7be8c5d2016f4ed342aa631ba032591514fc53b5bfbd7ea00aec2b86f1994daa
urn:ure:t6:occ:function:current-client:00a41cd0	0x00a41cd0	simple	FUN_00a41cd0	8	1	20	811df2b7badff9f6a41ae854241863ce7e805924aac62095f20ab76bae6d4b9d
urn:ure:t6:occ:function:current-client:00402310	0x00402310	simple	FUN_00402310	8	1	21	1152f8278e2155ce0feccf48fab91635f6788850bd16c2164cace3a31d6be36d
urn:ure:t6:occ:function:current-client:0042f210	0x0042f210	simple	FUN_0042f210	8	1	21	be946edd5b1b0bf690b0f3fe942a2ef6ce0f57fe5386b795a0413cf36ac20199
urn:ure:t6:occ:function:current-client:004404b0	0x004404b0	simple	FUN_004404b0	8	1	21	7f1eb5599ab08f5ee3d8a3159fa383abeab6a20f5f5c665d4d7a8b3aa633595b
urn:ure:t6:occ:function:current-client:00457b30	0x00457b30	simple	FUN_00457b30	8	1	21	ac9c4890315207330e3cec017a8612c51107cc5144341a89fd53b9799a82bca2
urn:ure:t6:occ:function:current-client:00458f70	0x00458f70	simple	FUN_00458f70	8	1	21	5c8e16b9922e1a591b08ef856b94324b40845c621e274a04463dfeec6b434128
urn:ure:t6:occ:function:current-client:0045acf0	0x0045acf0	simple	FUN_0045acf0	8	1	21	7d613634a859ab3a8d5e307679c6e8cb99a170cab3c721ed66d76befaa4f32c7
urn:ure:t6:occ:function:current-client:0045b650	0x0045b650	simple	FUN_0045b650	8	1	21	0550dc0abfa7f178070b14670227978a97cd0c1d91287b015ae7fc58c8d18303
urn:ure:t6:occ:function:current-client:0046ab00	0x0046ab00	simple	FUN_0046ab00	8	1	21	42645bec50baf47abad92e28edb89763647e8963aa63c953830ad8ed9199db75
urn:ure:t6:occ:function:current-client:00482ba0	0x00482ba0	simple	FUN_00482ba0	8	1	21	820840858dd3fa8ad0cf7a052a3f7fde478d1250d0326cf5fc1e61693b0a02d1
urn:ure:t6:occ:function:current-client:00485290	0x00485290	simple	FUN_00485290	8	1	21	3f4263eeb0ece8d4e9de05f48453c9b84f8389c7f45a6b0c0712e4e49b29050c
urn:ure:t6:occ:function:current-client:00485f60	0x00485f60	simple	FUN_00485f60	8	1	21	778cfe59f696e894f7d51a71508d414ffbc1c57ec099f5725376c27032ee65ea
urn:ure:t6:occ:function:current-client:00488080	0x00488080	simple	FUN_00488080	8	1	21	fa978c132dc1ffb3cdb1cbf948b3f722b6a3d8d9ca9197f2d80645d4b9805f17
urn:ure:t6:occ:function:current-client:0048c000	0x0048c000	simple	FUN_0048c000	8	1	21	2172df8602227f314c3d0595f27f28c0f599cafac44258e04afc8db22cfb465d
urn:ure:t6:occ:function:current-client:0048ccd0	0x0048ccd0	simple	FUN_0048ccd0	8	1	21	cf7fc8b8ab5c24ac359ad71fcdaae34bd4ed4a66f6057ebba64194be8a2ba929
urn:ure:t6:occ:function:current-client:0049de90	0x0049de90	simple	FUN_0049de90	8	1	21	1fc30b8d54533e69f46f0aa4b960caa7c8a737cfd058c77f858f0c1516d3f6e9
urn:ure:t6:occ:function:current-client:004a1f70	0x004a1f70	simple	FUN_004a1f70	8	1	21	831cbdb0dc562e6ec2a03251bb6b1f3db5278246105096b35cb19d584d761da9
urn:ure:t6:occ:function:current-client:004a6c60	0x004a6c60	simple	FUN_004a6c60	8	1	21	fff6180a187a29f21cd39ca2323df9b3a2991d743871c635c666a05f5154c87f
urn:ure:t6:occ:function:current-client:004b90b0	0x004b90b0	simple	FUN_004b90b0	8	1	21	f0b483fe45f6964065f745dd412de76a58180d719f61b9df1d4d51cc62ce4c45
urn:ure:t6:occ:function:current-client:004c96e0	0x004c96e0	simple	FUN_004c96e0	8	1	21	fb1aee671094655a0e18fe46089007549278492e9c65da0bfc8d8cc55d319574
urn:ure:t6:occ:function:current-client:004cccf0	0x004cccf0	simple	FUN_004cccf0	8	1	21	ec6c135eaf3a1612a3c1984b1087915e2c0503bc07c894e8cad29368fe0012e8
urn:ure:t6:occ:function:current-client:004d8530	0x004d8530	simple	FUN_004d8530	8	1	21	761b804e3d39187e6e8b8ded6cee2166d52c14f529e6c03ab0617063a71ee406
urn:ure:t6:occ:function:current-client:004edbf0	0x004edbf0	simple	FUN_004edbf0	8	1	21	f31d6dac17cb4ce1fbcb8d7c6a228e5f4651c0855d8d7fab263e81fb969b7452
urn:ure:t6:occ:function:current-client:004ff550	0x004ff550	simple	FUN_004ff550	8	1	21	425cd231dd1f25b3b8ccbdd117cc326ed1919b638559b41d17fa07329307c9fb
urn:ure:t6:occ:function:current-client:00507660	0x00507660	simple	FUN_00507660	8	1	21	d817dca9fa4545f8e0773b5e4429d1d7efba6d0af69640faa66b9d14d7470816
urn:ure:t6:occ:function:current-client:00508170	0x00508170	simple	FUN_00508170	8	1	21	cc3b0162a5c2de204f366f6b3423ed7c0c1eb7ac1f080ba7a3d3cdc166e06a14
urn:ure:t6:occ:function:current-client:005102c0	0x005102c0	simple	FUN_005102c0	8	1	21	5c766964cf227099293aaeb364cf46c3ad195dc2f8f4574adf314930609e55c7
urn:ure:t6:occ:function:current-client:00512680	0x00512680	simple	FUN_00512680	8	1	21	d5b913603e372a5c8f42c04a97d04c26284b4b408d23296e581777c518759ab5
urn:ure:t6:occ:function:current-client:00514090	0x00514090	simple	FUN_00514090	8	1	21	a6b31afa34cb92a9548a9b90eb2fbd03a0f5b3fc109c8b639a43374d31287747
urn:ure:t6:occ:function:current-client:005309f0	0x005309f0	simple	FUN_005309f0	8	1	21	2b364382db6419419a90fd51b5b442f30c194e48ba4521e0261e608b0961c835
urn:ure:t6:occ:function:current-client:00533a90	0x00533a90	simple	FUN_00533a90	8	1	21	6bacef8b2d06ccd02f4dd15a93091e1f9412ac2e208107f9e23ea59c3227274e
urn:ure:t6:occ:function:current-client:0053a4e0	0x0053a4e0	simple	FUN_0053a4e0	8	1	21	e58f3796fddc882f7114a568e521571b604d9e21d8c50e58e844d814d1ab8a8d
urn:ure:t6:occ:function:current-client:0054aef0	0x0054aef0	simple	FUN_0054aef0	8	1	21	4d57819afd01d37d9832341a1fd41858d4fe9e0c2b310b22296fb0cb7f26fa58
urn:ure:t6:occ:function:current-client:00563a70	0x00563a70	simple	FUN_00563a70	8	1	21	c0458b555b46741affdda2b6c2f95e40d792988ee94e22ee9730c592f5db5be4
urn:ure:t6:occ:function:current-client:0056dcf0	0x0056dcf0	simple	FUN_0056dcf0	8	1	21	43fca801515e9094dcc2e3661016aa479192181b6ba9282233a86367b25d2c82
urn:ure:t6:occ:function:current-client:0057a500	0x0057a500	simple	FUN_0057a500	8	1	21	1e79978ff1aeb6e640d386ccd1749ec4a29b60b913452c05e7d99a10d6c43295
urn:ure:t6:occ:function:current-client:0057acd0	0x0057acd0	simple	FUN_0057acd0	8	1	21	ce2c5d52c318bc03b4105065a4b13b5bc08983fb836c476a0515fab72f258587
urn:ure:t6:occ:function:current-client:0057fbd0	0x0057fbd0	simple	FUN_0057fbd0	8	1	21	2eb4fca9404ade30189d10425f132bbb70ef60ab4426e82bf48abb9fbe02add5
urn:ure:t6:occ:function:current-client:00584d40	0x00584d40	simple	FUN_00584d40	8	1	21	c44c0ac39cf18587594017d3bb741457671390711b954424aae5a38820628470
urn:ure:t6:occ:function:current-client:00585c30	0x00585c30	simple	FUN_00585c30	8	1	21	0a7e89adbb54c4000d6b9591adaf23d3314ea185a7cb81d1cdfa03b1f7a11bf8
urn:ure:t6:occ:function:current-client:0059cde0	0x0059cde0	simple	FUN_0059cde0	8	1	21	80158d2ab1a348b5d19bb9f7b5dac13573126ec8c4e6ee53896500dfc8ab4f3a
urn:ure:t6:occ:function:current-client:0059e2b0	0x0059e2b0	simple	FUN_0059e2b0	8	1	21	d090517c626319e33c9f94116b81059a1da4cb2b929bff97a2daecce82c74328
urn:ure:t6:occ:function:current-client:005b8600	0x005b8600	simple	FUN_005b8600	8	1	21	0375c81b95b1b43d20fcb57a5d58a56137fc39d2c7bd295d9d98a8675da005dd
urn:ure:t6:occ:function:current-client:005c2920	0x005c2920	simple	FUN_005c2920	8	1	21	76d45840904f289daaaaf5a80a1459f7f4fcc067150a58ea06ffdcea3687806d
urn:ure:t6:occ:function:current-client:005c7390	0x005c7390	simple	FUN_005c7390	8	1	21	a1317103f5b3b8cee8af89ebd0c4b408ccd47d15151c09e5cf12ef51c8142292
urn:ure:t6:occ:function:current-client:005d9f70	0x005d9f70	simple	FUN_005d9f70	8	1	21	267c520b0e73a0e0de7230f43668cb20cf0f2f4cb27ed293ef20c86c0b790785
urn:ure:t6:occ:function:current-client:005e07e0	0x005e07e0	simple	FUN_005e07e0	8	1	21	7dee597f1f9579030e76fd82e3496ae31bd0b1aeb9961a581de8b097d39822dd
urn:ure:t6:occ:function:current-client:005f1270	0x005f1270	simple	FUN_005f1270	8	1	21	8c52387177b82ddba75a5c5fe004c2cc04467f3883bfced5bfdf953792979a68
urn:ure:t6:occ:function:current-client:005fe670	0x005fe670	simple	FUN_005fe670	8	1	21	bcc2c64d588503aab3f8ed51f6c402b398e9e90acf6f2dcbfecb78e81aa7ca5f
urn:ure:t6:occ:function:current-client:00609b30	0x00609b30	simple	FUN_00609b30	8	1	21	6ab0d3b04171750fd2eb1712f9bb06227bcaab66543bbc6f243f0e14ace62c0f
urn:ure:t6:occ:function:current-client:00611f50	0x00611f50	simple	FUN_00611f50	8	1	21	eb1ac2c223e561ea430c2ba96119e9143084a4a680a987e6e227d871f7238211
urn:ure:t6:occ:function:current-client:00619830	0x00619830	simple	FUN_00619830	8	1	21	68839b7770e76e474e3606a25bd02496dd212c707aa639debf29864c42dc6db3
urn:ure:t6:occ:function:current-client:0061b040	0x0061b040	simple	FUN_0061b040	8	1	21	8048707da69bb13eb56486c5a45c55c7b0859e8cec6edc5a1662494b4e9f237b
urn:ure:t6:occ:function:current-client:0062b5a0	0x0062b5a0	simple	FUN_0062b5a0	8	1	21	f2d8877925e9d061ac0add7efefdb11abfc0028ab7893ebc28151dc1e479a61f
urn:ure:t6:occ:function:current-client:00663490	0x00663490	simple	FUN_00663490	8	1	21	84899ab5393ccd7e5b97c6a04efebe3ee6ba0f374ae7c28407121e35952df2b7
urn:ure:t6:occ:function:current-client:00664e80	0x00664e80	simple	FUN_00664e80	8	1	21	3d669e095d8c4b4a111639f07beed34be01b1fb463286c0f45aaa4bf5032868e
urn:ure:t6:occ:function:current-client:00673a00	0x00673a00	simple	FUN_00673a00	8	1	21	e77a915559b16e1fb40e14265db9a58e6ec01781d0eedc324e4dd3442812b6a6
urn:ure:t6:occ:function:current-client:0068ce60	0x0068ce60	simple	FUN_0068ce60	8	1	21	16494a1718bb8ce4a10eedb4cf3e9527cb03a5bc8c3088a3dabccc10b0e05274
urn:ure:t6:occ:function:current-client:006a4dd0	0x006a4dd0	simple	FUN_006a4dd0	8	1	21	d2e884d6ae52690044092062001f771054f4e5839932a71613cd8a0c5d55c5a7
urn:ure:t6:occ:function:current-client:006ae690	0x006ae690	simple	FUN_006ae690	8	1	21	66bd7fbb59cdc7b9d51385806a2c762db9b210388938c63a08388f30da6607f7
urn:ure:t6:occ:function:current-client:006ba090	0x006ba090	simple	FUN_006ba090	8	1	21	7346ae232d92cbffe420781a514ba01881482183be58910b3c7a2b7ea5235d28
urn:ure:t6:occ:function:current-client:006c2860	0x006c2860	simple	FUN_006c2860	8	1	21	671c8fe013b76c3ed0e506fbecc3376c078ce44c14c21b89f2076916bf8c45af
urn:ure:t6:occ:function:current-client:006ce5d0	0x006ce5d0	simple	FUN_006ce5d0	8	1	21	2bb1e2808341261c0d8af2a3aa9a3c781a48e1f453f61ba96b2de7002843ba28
urn:ure:t6:occ:function:current-client:006e1770	0x006e1770	simple	FUN_006e1770	8	1	21	a1cd8a388110392fea17d38c5aa1ce9b8f41ed2d79b93c3809ebccca1b3e869a
urn:ure:t6:occ:function:current-client:006ea420	0x006ea420	simple	FUN_006ea420	8	1	21	dd06732f6b3b386000e939d6345b1bc8ed2d7a05ddd902477c091235fb732300
urn:ure:t6:occ:function:current-client:006eff60	0x006eff60	simple	FUN_006eff60	8	1	21	9e339d20984c8eb750a428f29a4c168d2da6f7ec7af7dce6c78bb5a47fb0f261
urn:ure:t6:occ:function:current-client:006f2320	0x006f2320	simple	FUN_006f2320	8	1	21	af14797911d6538f2b319b87370d7e5a9974ecb17f514ee07d4af9f249edd8d8
urn:ure:t6:occ:function:current-client:00a4ac50	0x00a4ac50	simple	FUN_00a4ac50	8	1	21	5cb266f93dfe9eb0c434aa8aab5b0fd561f648d0129b213fb60d6f1c75348bc4
urn:ure:t6:occ:function:current-client:00ae8810	0x00ae8810	simple	FUN_00ae8810	8	1	21	47eaca93e1212e1551ea47ffba7338f27275959f7aaea7b627920a5da584c653
urn:ure:t6:occ:function:current-client:00b152d0	0x00b152d0	simple	FUN_00b152d0	8	1	21	62c62cdace56dcdece7637f6cb63b897b8fbfc924660011f398d20ac5f468ee3
urn:ure:t6:occ:function:current-client:004e89a0	0x004e89a0	simple	FUN_004e89a0	8	1	22	adb5faeddef846a6b4b627e857e60916350368e8e238c7c4a2e7c0ed617d2c09
urn:ure:t6:occ:function:current-client:004fb460	0x004fb460	simple	FUN_004fb460	8	1	22	f401401612efd55de246c9d9e4291ec9c6315c22cf255186106b71b8e967510c
urn:ure:t6:occ:function:current-client:006a82b0	0x006a82b0	simple	FUN_006a82b0	8	1	22	997dfd1a3f9237833e18f4c2f094e26680cfcb86c24981f3955be78a5593bbbc
urn:ure:t6:occ:function:current-client:009a1680	0x009a1680	simple	FUN_009a1680	8	1	22	52b0d6abceb8bdd0e61ccf3e668e61bc2f32dfee72bfb94744c89c42ca20c0e5
urn:ure:t6:occ:function:current-client:009a1710	0x009a1710	simple	FUN_009a1710	8	1	22	2b84a3b206a4cf0fc6615571b5ab2d6fcb9343f63eac708b74aed868ec359eed
urn:ure:t6:occ:function:current-client:009a1780	0x009a1780	simple	FUN_009a1780	8	1	22	f4c892f8bb48dfe5aea746e33bdefb8015326e1a44fb7bc066832a9bfd830f6a
urn:ure:t6:occ:function:current-client:00a41cb0	0x00a41cb0	simple	FUN_00a41cb0	8	1	22	8ded9e1b1a08c4a3f1428052e52a9fe17772bdc10b0673f03b2c550e22e8669c
urn:ure:t6:occ:function:current-client:00af1a20	0x00af1a20	simple	FUN_00af1a20	8	1	22	7cb5d7c128d4b083f9a26fd293c836316fbabb7ef71a28b494598d145c9468df
urn:ure:t6:occ:function:current-client:004b0590	0x004b0590	simple	FUN_004b0590	8	1	23	931dfd01b7d92f85ab320567986c3f11ff226138e677e25add3f39e141a62750
urn:ure:t6:occ:function:current-client:005d4d10	0x005d4d10	simple	FUN_005d4d10	8	1	23	8ea2a00457f1a87fb1d52d2d12c47456435e585b24e160d026d53ccb4ec7ba82
urn:ure:t6:occ:function:current-client:005f9740	0x005f9740	simple	FUN_005f9740	8	1	23	5692eed9248a6f97babb267609f5de549528141c79e4f00f03c0f61dd967d47f
urn:ure:t6:occ:function:current-client:00808120	0x00808120	simple	FUN_00808120	8	1	23	1c859a92d88cf9a688fd3193d9aa7de52df705c58c634dc83d2779405c598d9b
urn:ure:t6:occ:function:current-client:0099b570	0x0099b570	simple	FUN_0099b570	8	1	23	55c69c5b44173aae2be6f9958f709e150344771e3c4097247e236c314a86ebce
urn:ure:t6:occ:function:current-client:0099b590	0x0099b590	simple	FUN_0099b590	8	1	23	f36b7aa92507f125348a843d765fdce58d746d385ef060133a7343d3668b32f3
urn:ure:t6:occ:function:current-client:0099b5b0	0x0099b5b0	simple	FUN_0099b5b0	8	1	23	fe51e7492b6486bc958f6660b69d963dfc8e1e7ec5fd841dd57a8e151af1851a
urn:ure:t6:occ:function:current-client:0099b5d0	0x0099b5d0	simple	FUN_0099b5d0	8	1	23	8fbda578f1b83e559506a61b85c8cb05adbc0ed366c248ce3d237ef52a7e6ae2
urn:ure:t6:occ:function:current-client:0042f0f0	0x0042f0f0	simple	FUN_0042f0f0	8	1	24	d12cf1dd945b9b22641022645fd278bf063924690bc428b444cc9bc65869c237
urn:ure:t6:occ:function:current-client:004326e0	0x004326e0	simple	FUN_004326e0	8	1	24	f37a2d1dc676d77e5bff3e86f1802e9b3172b2d01766245a6f2ea01d6ebdba6d
urn:ure:t6:occ:function:current-client:0044d6e0	0x0044d6e0	simple	FUN_0044d6e0	8	1	24	daa55379d66bf1fe9b56bb4ee1589c64956f58441dfd5271375f9bdef693ed22
urn:ure:t6:occ:function:current-client:00450620	0x00450620	simple	FUN_00450620	8	1	24	ae630f8ed7218a5db2a48fe31e78bc05e3e2987ad084906eb4333cc095419525
urn:ure:t6:occ:function:current-client:0045bd90	0x0045bd90	simple	FUN_0045bd90	8	1	24	a7c7234a340d99627d9bf4f7df428c6f5ccfe120ca799621cce2e32096478fa4
urn:ure:t6:occ:function:current-client:00546400	0x00546400	simple	FUN_00546400	8	1	24	0f82aa4a47166a8a10b7275c5d86743d46db4e601f94b765dd5ac8e2b8d96c4a
urn:ure:t6:occ:function:current-client:0054eb20	0x0054eb20	simple	FUN_0054eb20	8	1	24	aaf961cbfd8a5033b98ee8b539c302d9e77dca04802bc904c810dacbce19285e
urn:ure:t6:occ:function:current-client:0057bb00	0x0057bb00	simple	FUN_0057bb00	8	1	24	2d695d80b5a7701eb410fb9f5ebda3a7ae8644e27f0fd73832d584cd99f531d0
urn:ure:t6:occ:function:current-client:006119f0	0x006119f0	simple	FUN_006119f0	8	1	24	95c66ea099e361b495b3c26e6bec0e195aaff72bbffcadb8e41b472e42dae8ae
urn:ure:t6:occ:function:current-client:006306c0	0x006306c0	simple	FUN_006306c0	8	1	24	a87b5b23f262a18d23ba74bce7ea1273468720e49b51a96bf8925fc6e04f7e19
urn:ure:t6:occ:function:current-client:00671660	0x00671660	simple	FUN_00671660	8	1	24	11e031c69e17454a3f93244ddfb48720b148d3d922e1adcee4ecdd9857d431d6
urn:ure:t6:occ:function:current-client:0069aba0	0x0069aba0	simple	FUN_0069aba0	8	1	24	0f21a638709abdaf83b5ee9daf0e89199e5a49a3889fd0464eab1beb880cddb6
urn:ure:t6:occ:function:current-client:006eb310	0x006eb310	simple	FUN_006eb310	8	1	24	de741bf70145c7e997cb9fcd1f7bf24453f980c483197c8caec2958dee5b7701
urn:ure:t6:occ:function:current-client:006ef620	0x006ef620	simple	FUN_006ef620	8	1	24	5174069642753b33f7311438d3a88ec152a21718cfbcb4009417bffafc706e3d
urn:ure:t6:occ:function:current-client:009a16a0	0x009a16a0	simple	FUN_009a16a0	8	1	24	0913eab08c5348b0b2fc7fec754d92fe00778fecca0f5918969f1524701c56e5
urn:ure:t6:occ:function:current-client:009a16c0	0x009a16c0	simple	FUN_009a16c0	8	1	24	b7bdc15d38ddf8e81ae16b17cd91c5d4dd529d985d696eb6db9aea070eaf07da
urn:ure:t6:occ:function:current-client:009a1730	0x009a1730	simple	FUN_009a1730	8	1	24	0d08d559a4a60209e3a740e44fcac6c5b46030ba28cb698ce6cddf5f4e81f783
urn:ure:t6:occ:function:current-client:009a17a0	0x009a17a0	simple	FUN_009a17a0	8	1	24	e6ff244dbaad16951ddc6a3a928ece8056863f397356b172bffcde5b567e71fa
urn:ure:t6:occ:function:current-client:00a80c7d	0x00a80c7d	simple	FUN_00a80c7d	8	1	24	517d4263f48e5a86fc4a0b59a1946ed6eb5266a29658d974d9f149196d80cd76
urn:ure:t6:occ:function:current-client:00a80ce2	0x00a80ce2	simple	FUN_00a80ce2	8	1	24	e56ad8fee3c15f6af4a20a74b9ef9fa92929fbc75edcfba0bdd6667aff5cd97e
urn:ure:t6:occ:function:current-client:00b024f0	0x00b024f0	simple	FUN_00b024f0	8	1	24	11625836acd2a4348bc52f888f4f4f2ff87168c32cbd55e45a76fbc2780c2589
urn:ure:t6:occ:function:current-client:00b04bc0	0x00b04bc0	simple	FUN_00b04bc0	8	1	24	296ba098de6c87e4c577d015b845a54cff3eda70bcbf2c447907d5423193817e
urn:ure:t6:occ:function:current-client:00b07070	0x00b07070	simple	FUN_00b07070	8	1	24	f5a00b3e2d799ded4558ba1c65fe5b20113f79360ca387cb7efcf76914923584
urn:ure:t6:occ:function:current-client:00b07140	0x00b07140	simple	FUN_00b07140	8	1	24	9e467c6b52b6c2705a7482d00e7750b92a0ac9c310fd7e8205eb039de302f9e6
urn:ure:t6:occ:function:current-client:00b0e7a0	0x00b0e7a0	simple	FUN_00b0e7a0	8	1	24	66521b197f57652c809df0e1da1746029b3b0ddf1bd3b41188e12cfbef19491e
urn:ure:t6:occ:function:current-client:00b0e820	0x00b0e820	simple	FUN_00b0e820	8	1	24	a5b196a0cf48209eb9e9741e9c589732d06404d1821087e870ef8ce70265cfb9
urn:ure:t6:occ:function:current-client:00b0e960	0x00b0e960	simple	FUN_00b0e960	8	1	24	0a887c8ceb9b789af40a7a1866281e97d0b72a52fa729664f0971bb96fea65a5
urn:ure:t6:occ:function:current-client:00b1ea10	0x00b1ea10	simple	FUN_00b1ea10	8	1	24	117473783fea062fe77e7d7f8d5f0feb492984d58ce18f27b210f163371b153f
urn:ure:t6:occ:function:current-client:00b2ba10	0x00b2ba10	simple	FUN_00b2ba10	8	1	24	520eb3ccb3f0f3755f7020bba98230d0b9c671bdf41df64dc834d07a7aba9abf
urn:ure:t6:occ:function:current-client:004a1600	0x004a1600	simple	FUN_004a1600	8	1	25	a16a45bfd0de8f2f80933e486ed716cd019327797dd2d0de3521ab29ae496151
urn:ure:t6:occ:function:current-client:005dfd70	0x005dfd70	simple	FUN_005dfd70	8	1	25	f7ec2ad694fd0cf9ced676787ef67806d4de97829e589e80d5e3262ce53cdb4c
urn:ure:t6:occ:function:current-client:00625100	0x00625100	simple	FUN_00625100	8	1	25	f50fe96670b94e8164abad756b674dce22319731c5a830eea79a17ef5b19738c
urn:ure:t6:occ:function:current-client:0063ef10	0x0063ef10	simple	FUN_0063ef10	8	1	25	c698d92d7bc2baf68a2a51379a5ce42452024d21078767e586de73ca716f0d56
urn:ure:t6:occ:function:current-client:0063f9f0	0x0063f9f0	simple	FUN_0063f9f0	8	1	25	58cedf99ff22ce2a882bf357001d861c8253a0a6ffd663e51cfad6699e14b8c1
urn:ure:t6:occ:function:current-client:006bbf10	0x006bbf10	simple	FUN_006bbf10	8	1	25	619ad93976b5559a420c6d18fb96974c810086248792dd85cadc1656ccbb4897
urn:ure:t6:occ:function:current-client:00a45320	0x00a45320	simple	FUN_00a45320	8	1	25	5e1aeb1b3a0868afac0eee9e464a72396993e637f17b9e7d9e47f66a65fe1d40
urn:ure:t6:occ:function:current-client:00a483b0	0x00a483b0	simple	FUN_00a483b0	8	1	25	7746283c9a0c6fd4bdbe266cf6a38776136a2f4589def385489370a99c8cba4e
urn:ure:t6:occ:function:current-client:004071c0	0x004071c0	simple	FUN_004071c0	8	1	26	4a373c80661e0797fff8c4042889fd14f638f2d9329f85b07e319eea1d7e2117
urn:ure:t6:occ:function:current-client:006203b0	0x006203b0	simple	FUN_006203b0	8	1	26	ce8570b725d854361dfc8898f5b097c233d7463ecf99dea85a305d2afd34da3d
urn:ure:t6:occ:function:current-client:00a45850	0x00a45850	simple	FUN_00a45850	8	1	27	40ab5342c23d8dd2854c00a3fcf67b5bb36ca2c9cc0e53d4a29173452b178080
urn:ure:t6:occ:function:current-client:00afd600	0x00afd600	simple	FUN_00afd600	8	1	27	6524b141848b264dac426b40bf2abd0f4d26a56a1984bef78871a2f3ca895f6e
urn:ure:t6:occ:function:current-client:004bb9c0	0x004bb9c0	simple	FUN_004bb9c0	8	1	28	cdd4d4e99875c55c39ae564869e0b637dc2b4a3b88e598cc926f2e3b2376a42d
urn:ure:t6:occ:function:current-client:004fc8f0	0x004fc8f0	simple	FUN_004fc8f0	8	1	28	a2c3ca616b330a21977568bf3914f1341c5b323bad1f6173c50e591a6fa8b927
urn:ure:t6:occ:function:current-client:00594470	0x00594470	simple	FUN_00594470	8	1	28	9f62c85bad3ba12808e35ee80c02c4b772f7b8753fcfeb521517dbdb727a7006
urn:ure:t6:occ:function:current-client:005c5e40	0x005c5e40	simple	FUN_005c5e40	8	1	28	d9072e6758a4be46d730edf04732944ddb96122714fc43d242c52fe38cb9eb4b
urn:ure:t6:occ:function:current-client:005d1b60	0x005d1b60	simple	FUN_005d1b60	8	1	28	394c9f75be69f3a5457f77cfa36b18d2d02aba2b2d37fb147962477e35b26dff
urn:ure:t6:occ:function:current-client:00603a80	0x00603a80	simple	FUN_00603a80	8	1	28	02e532ba121cd8f0cf6e521bfece32d7695e6b6967ea2576aace5a2b5ca9f120
urn:ure:t6:occ:function:current-client:00671ea0	0x00671ea0	simple	FUN_00671ea0	8	1	28	152209c3f71758d08fecd99446c7cab6a2c66ec737bb122d60d2fc34b6f220de
urn:ure:t6:occ:function:current-client:006820e0	0x006820e0	simple	FUN_006820e0	8	1	28	5d8be3266a1ef301df7157f9f1d264bdb29644c15179b86d477b87f5580be486
urn:ure:t6:occ:function:current-client:006f8d10	0x006f8d10	simple	FUN_006f8d10	8	1	28	687551a546df11f1ca82bd04a7fc7cf6ec4cbb69b046709426d770c331c1d7e3
urn:ure:t6:occ:function:current-client:0058df50	0x0058df50	simple	FUN_0058df50	8	1	29	d7bf73e631eb5181020cf9dfbcbfec12b4f0daedd0cb498c910dc662c8a6e1cf
urn:ure:t6:occ:function:current-client:00703230	0x00703230	simple	FUN_00703230	8	1	29	14f7ea7fd716bec86936f858372304aac399305f310b1b539acd4c549fc2fd50
urn:ure:t6:occ:function:current-client:00402840	0x00402840	simple	FUN_00402840	8	1	30	a9ed2609b9a7ad9fe679b6402b7f752d3c4e6d87459d4b85948646763ca9b653
urn:ure:t6:occ:function:current-client:004693c0	0x004693c0	simple	FUN_004693c0	8	1	30	f6b7505d57f362704ea45a5311a78c75fa00075ee51fc95c1100c2bba031d384
urn:ure:t6:occ:function:current-client:0053d500	0x0053d500	simple	FUN_0053d500	8	1	30	ba3e874dd8e36a5f4ce11a745cc675189344ac5b757e4b9488b777b46836791d
urn:ure:t6:occ:function:current-client:005bf430	0x005bf430	simple	FUN_005bf430	8	1	30	c4762f72e633c64cbcbaba94d84003c4ce9cf2aae6cdc12e7d6dd6f491bd96b8
urn:ure:t6:occ:function:current-client:00a840d1	0x00a840d1	simple	___initmbctable	8	1	30	1116e34bb22c5b40887e2daa2380746c8a1326cc0cb98209669191a0938cb100
urn:ure:t6:occ:function:current-client:00408730	0x00408730	simple	FUN_00408730	8	1	31	a023e24590fe0aee26ab02f972f967ee3c19a3459d28ad5de8a1e0dbe45dbc59
urn:ure:t6:occ:function:current-client:0045ddf0	0x0045ddf0	simple	FUN_0045ddf0	8	1	31	a46a06cf1e88d7f1bedff9b4dc71aa0a317c5e47c34836067f7d87b5f3896adc
urn:ure:t6:occ:function:current-client:00475a20	0x00475a20	simple	FUN_00475a20	8	1	31	2178f603bbd7da5024bc8e815b70bfbc493d537d5cadcc78a682d8508a79b4b0
urn:ure:t6:occ:function:current-client:004ab270	0x004ab270	simple	FUN_004ab270	8	1	31	b78368046bf6174e74b25043fde884c8c455ed0751211e4443edf5eb8f8f6482
urn:ure:t6:occ:function:current-client:00579290	0x00579290	simple	FUN_00579290	8	1	31	9ad3fa84e73366946537faf571f34789877854a532b7b00a9ccea75a2c82a2e3
urn:ure:t6:occ:function:current-client:006c5910	0x006c5910	simple	FUN_006c5910	8	1	31	63ce25d250febde21c622c3ff360bf6a8dff45cddccf51daf441e56356d86032
urn:ure:t6:occ:function:current-client:0050a860	0x0050a860	simple	FUN_0050a860	8	1	33	c7264531a7445222dbdc42cfbbcf52460a3043763682fc742ae7bba81dd45ee6
urn:ure:t6:occ:function:current-client:00acc9d0	0x00acc9d0	simple	FUN_00acc9d0	8	1	34	2474cc62455260da716984dbf62f072205087f77c47f2455345a003c5d85d0a4
urn:ure:t6:occ:function:current-client:00630a60	0x00630a60	simple	FUN_00630a60	8	1	35	14f6c175720f91e7a2bec26db6542f9f8238335fa0588359ea8820cce3e3f73c
urn:ure:t6:occ:function:current-client:00654270	0x00654270	simple	FUN_00654270	8	1	36	f5a9198fa7587c64cfa47d89c4516730db5f67852de23aa54dfe816c4d941e91
urn:ure:t6:occ:function:current-client:0064d420	0x0064d420	simple	FUN_0064d420	8	1	41	a59f69286a39719726ffc1511cd7ae8cbf525f86562b65c36c76e93d1f917d99
urn:ure:t6:occ:function:current-client:00737910	0x00737910	simple	FUN_00737910	8	1	47	cbddd0103a5900a5159e674518c7ad3982c7acc69ae6631238eb429c30c4dcc2
urn:ure:t6:occ:function:current-client:00a8154f	0x00a8154f	simple	FUN_00a8154f	9	1	16	255837ddb50b2c532a520bd78c4ecf716a2fbd44b1f5152eeecd3deba8f814d0
urn:ure:t6:occ:function:current-client:00a78376	0x00a78376	simple	__mktime64	9	1	18	ce668652f7ba3511cf2fb614b9c602627204f549174456833989ecff3f927ba7
urn:ure:t6:occ:function:current-client:00a2ea00	0x00a2ea00	simple	FUN_00a2ea00	9	1	20	e57796f4a931972e9519481f8b36b65f043e09df0b6ca4f13428dca9cfe36767
urn:ure:t6:occ:function:current-client:00a308c0	0x00a308c0	simple	FUN_00a308c0	9	1	20	23239e971dfd2b1fb226d2c85bc3321fb11f00516f1fcf38b224240c0a59f221
urn:ure:t6:occ:function:current-client:00413cb0	0x00413cb0	simple	FUN_00413cb0	9	1	21	6f0c0cccc27de47f449491d9bf61f5fce64cce923e837526c8ea4f57101a4054
urn:ure:t6:occ:function:current-client:00a34cc0	0x00a34cc0	simple	FUN_00a34cc0	9	1	21	a3908dff1c7303b0ca3aa3ec8504ca763d38f1825ffab8779f13147b0dc1d0b9
urn:ure:t6:occ:function:current-client:004277d0	0x004277d0	simple	FUN_004277d0	9	1	22	a52d411238467af019e735dabcf8bd2278741d8ffa2a1a065b0a27137de14a3a
urn:ure:t6:occ:function:current-client:00562420	0x00562420	simple	FUN_00562420	9	1	22	b2e54b08a6f24e058337593dd0089e2c00b4d8a1c43f857cea26bc829dc671af
urn:ure:t6:occ:function:current-client:006d6c60	0x006d6c60	simple	FUN_006d6c60	9	1	22	eb0fcf380e2bae54de16bf10d5ff18d4b7fddc6e4e048b5872791ca711f6cf1b
urn:ure:t6:occ:function:current-client:00a56c50	0x00a56c50	simple	FUN_00a56c50	9	1	22	e8f7de1fa2173c95df2a90861c9c6bf18889ff5dea8823e03a847a31eff09292
urn:ure:t6:occ:function:current-client:00a77ae0	0x00a77ae0	simple	__alloca_probe_16	9	1	22	ab163a5c2d45c3e36f612c5b69c71ee0d9808c78e3d617cce0133898940a4aed
urn:ure:t6:occ:function:current-client:00a77af6	0x00a77af6	simple	__alloca_probe_8	9	1	22	6c9d6437351bea47cdae8057823feaa8f7e0110a0dc18d86e52c9a2022653fe3
urn:ure:t6:occ:function:current-client:00ae1580	0x00ae1580	simple	FUN_00ae1580	9	1	22	526589dba8d0f8ec06e5d9b8d65593c0ead122171fe462118870595c4a858b6a
urn:ure:t6:occ:function:current-client:00afe730	0x00afe730	simple	FUN_00afe730	9	1	22	2b859ee5d797f86e1f002d266464a4cc3f7238ff0484a0b186a46082f517d3f8
urn:ure:t6:occ:function:current-client:00afea00	0x00afea00	simple	FUN_00afea00	9	1	22	2751e6dbbfbfd16c7a762e578cc0c93ca729a07247aaa4f3709dce64d39556c4
urn:ure:t6:occ:function:current-client:00426690	0x00426690	simple	FUN_00426690	9	1	23	c1ede5f45dcfae1c576d3cc780ddf33f429f5c3922cc2cd75427dfd4f47a5372
urn:ure:t6:occ:function:current-client:004687b0	0x004687b0	simple	FUN_004687b0	9	1	23	2bed654c42302567ad684876f265e07026e78966b973e52f2a4784a552b9a801
urn:ure:t6:occ:function:current-client:004b1900	0x004b1900	simple	FUN_004b1900	9	1	23	0f42b1c40287eab716f60e70852373661b939ed37e1bbdd2222d7d403da3af80
urn:ure:t6:occ:function:current-client:0057f5c0	0x0057f5c0	simple	FUN_0057f5c0	9	1	23	b24a0daecda13fdb89666f152bd6f81f7f182839f4ab81c7daa76802455c0c2e
urn:ure:t6:occ:function:current-client:005f7070	0x005f7070	simple	FUN_005f7070	9	1	23	e6a596056263ae4b92363e793a2d92c00a0dd70964615d52505e1dc6c1c13ca8
urn:ure:t6:occ:function:current-client:00631ee0	0x00631ee0	simple	FUN_00631ee0	9	1	23	08b9d7e6ddab66ae388089d737e6a6fa1999a4b7af1387e4597ad154c91d57cb
urn:ure:t6:occ:function:current-client:006ac670	0x006ac670	simple	FUN_006ac670	9	1	23	1d8206c5249808b1330fa596d15a719d5b231948ba686bee0e7cb1de11fe35b5
urn:ure:t6:occ:function:current-client:006cdb00	0x006cdb00	simple	FUN_006cdb00	9	1	23	2a90166bd72c4e322f464a4598475b881bd628933cea5a321f07f5d1db7be804
urn:ure:t6:occ:function:current-client:006fa300	0x006fa300	simple	FUN_006fa300	9	1	23	49e2edee00026ed358fd85d54af71a91b1c87bb6efcb10b3851bfce00c3ed686
urn:ure:t6:occ:function:current-client:00a8dc6b	0x00a8dc6b	simple	_EH4_LocalUnwind	9	1	23	3a4eec4ea35ea7724ca91d5b2d275d704d2d9d89e7df2de78413b2ebadec32dc
urn:ure:t6:occ:function:current-client:0040ac30	0x0040ac30	simple	FUN_0040ac30	9	1	24	9eda3b3ff7281769e4b7c64ef96502b584913d41b5de5aebef2ad90994306d8c
urn:ure:t6:occ:function:current-client:00515f00	0x00515f00	simple	FUN_00515f00	9	1	24	3cea76b5cc2879151d39eb8ddf8d0379fbbfa573972c0ffcc0d8c15a60c9fe48
urn:ure:t6:occ:function:current-client:0057ad80	0x0057ad80	simple	FUN_0057ad80	9	1	24	1b151285e53712c0733d30f8c88b2ad5250a8514308fa5a2e8846d1ffcdc447f
urn:ure:t6:occ:function:current-client:005bca40	0x005bca40	simple	FUN_005bca40	9	1	24	5fbb200359533e2489f22a578bb79eadebf9076c637bc99e3d7da27de5ad6a4c
urn:ure:t6:occ:function:current-client:006ab1e0	0x006ab1e0	simple	FUN_006ab1e0	9	1	24	ca5254d29bc86459d55ca6df5128eb40beeee5a19054ad4eb51f6ca3de16dc79
urn:ure:t6:occ:function:current-client:006d9d90	0x006d9d90	simple	FUN_006d9d90	9	1	24	745d36436c574633c88fa68de66ef96793d779b023249342f278d793d5c3731e
urn:ure:t6:occ:function:current-client:006ff8e0	0x006ff8e0	simple	FUN_006ff8e0	9	1	24	300cb0e18c89ed7fb34dac0734ca70e9a41a385924365bf8ce3f58bb5af06091
urn:ure:t6:occ:function:current-client:007354d0	0x007354d0	simple	FUN_007354d0	9	1	24	8ec24a3828763e0319754eb510d67e9d241f19ee2beaa7aa73e4b351e8dd64f9
urn:ure:t6:occ:function:current-client:00a3f700	0x00a3f700	simple	FUN_00a3f700	9	1	24	8abbe27d815798bc04d06f81c5d8275d28053961c1ee616dfa3b91798b507297
urn:ure:t6:occ:function:current-client:00a7b50c	0x00a7b50c	simple	___crtExitProcess	9	1	24	32bcd852c77aab9cca5b4d876f76c930b535bb0e39ca0884a6a04e70c76876fa
urn:ure:t6:occ:function:current-client:00a86b40	0x00a86b40	simple	FUN_00a86b40	9	1	24	15d03f05f3ceec93c58710fc058304b59102131a15fba79b57d2d8aa172ca792
urn:ure:t6:occ:function:current-client:00a87fb0	0x00a87fb0	simple	FUN_00a87fb0	9	1	24	15d03f05f3ceec93c58710fc058304b59102131a15fba79b57d2d8aa172ca792
urn:ure:t6:occ:function:current-client:00a96130	0x00a96130	simple	FUN_00a96130	9	1	24	15d03f05f3ceec93c58710fc058304b59102131a15fba79b57d2d8aa172ca792
urn:ure:t6:occ:function:current-client:00a963a0	0x00a963a0	simple	FUN_00a963a0	9	1	24	15d03f05f3ceec93c58710fc058304b59102131a15fba79b57d2d8aa172ca792
urn:ure:t6:occ:function:current-client:00a96660	0x00a96660	simple	FUN_00a96660	9	1	24	15d03f05f3ceec93c58710fc058304b59102131a15fba79b57d2d8aa172ca792
urn:ure:t6:occ:function:current-client:00a969a0	0x00a969a0	simple	FUN_00a969a0	9	1	24	15d03f05f3ceec93c58710fc058304b59102131a15fba79b57d2d8aa172ca792
urn:ure:t6:occ:function:current-client:00a96b50	0x00a96b50	simple	FUN_00a96b50	9	1	24	15d03f05f3ceec93c58710fc058304b59102131a15fba79b57d2d8aa172ca792
urn:ure:t6:occ:function:current-client:00a98070	0x00a98070	simple	FUN_00a98070	9	1	24	15d03f05f3ceec93c58710fc058304b59102131a15fba79b57d2d8aa172ca792
urn:ure:t6:occ:function:current-client:00abdcf0	0x00abdcf0	simple	FUN_00abdcf0	9	1	24	bdebb7f25780405f93bad53c834e091b394c99755735a547383a576c7655eba3
urn:ure:t6:occ:function:current-client:00b0deb0	0x00b0deb0	simple	FUN_00b0deb0	9	1	24	2e354302103a1dfecfffe0a5e9f78d5adf9026121d62b6fe0a4accccccf766a0
urn:ure:t6:occ:function:current-client:00435120	0x00435120	simple	FUN_00435120	9	1	25	5b487f6d8218dcd0710bd54c270fc2568cfa743fb93f716537f831e908ee7ab7
urn:ure:t6:occ:function:current-client:0044b890	0x0044b890	simple	FUN_0044b890	9	1	25	5741a4c1344065a067723b49022fcd289ff07e2de1f85174ac23bc021cfb0b84
urn:ure:t6:occ:function:current-client:00450300	0x00450300	simple	FUN_00450300	9	1	25	a5c0a2a9f8b1e260a579e7eccb4a778ed18ff5484d11653905d19725fe0c7196
urn:ure:t6:occ:function:current-client:004575b0	0x004575b0	simple	FUN_004575b0	9	1	25	8a931eda4e6ea1a885f2f0457083b7ada5eecde7d45b7921ef184f4e011c328b
urn:ure:t6:occ:function:current-client:004b49d0	0x004b49d0	simple	FUN_004b49d0	9	1	25	da44ba30000b90217a94ebdc0719ae47b9bb525652e1514c46b104c4426d4e54
urn:ure:t6:occ:function:current-client:0051c150	0x0051c150	simple	FUN_0051c150	9	1	25	f3858a43f5b40b20676b8c66dbfa7306905be6591cd439d9a783090111fc4f8b
urn:ure:t6:occ:function:current-client:005730b0	0x005730b0	simple	FUN_005730b0	9	1	25	7daeed3d44cdd002a7a3fd0dadcb195567d5248e6752d12bd4c64e81939d9003
urn:ure:t6:occ:function:current-client:00583640	0x00583640	simple	FUN_00583640	9	1	25	7efc9c7f86282716c3c5a9c711f40cd9b9ccede7db07d82dd9d2dd1c7a792308
urn:ure:t6:occ:function:current-client:005a7250	0x005a7250	simple	FUN_005a7250	9	1	25	1df225f25fa30aa38173c7ecec4e950fac9b8aaf60863c5f902bd4de541680f8
urn:ure:t6:occ:function:current-client:005bc2b0	0x005bc2b0	simple	FUN_005bc2b0	9	1	25	e62cd2bf7686ae59d55a2d2eaec49a0e47e9927dcbaf95d8f2e52873c5a06538
urn:ure:t6:occ:function:current-client:005c28f0	0x005c28f0	simple	FUN_005c28f0	9	1	25	9d10ad80e8f8d8dc677bea1b9a989195df5055b58da406714aa39f196d605bfe
urn:ure:t6:occ:function:current-client:005e0b00	0x005e0b00	simple	FUN_005e0b00	9	1	25	1034177359bdd6bb6a5491d2655ceb03b7ff52316f071a847b028b7c14d8e2e7
urn:ure:t6:occ:function:current-client:005f9130	0x005f9130	simple	FUN_005f9130	9	1	25	c6d33b6ada5a4a9c7f963e7b42cb2010bce85c5a0dc09c15b17266dc8f0435bb
urn:ure:t6:occ:function:current-client:00600160	0x00600160	simple	FUN_00600160	9	1	25	a2ef832d65231496ff0c6131c032e2bb823f591567c3c15b7de67755560f603c
urn:ure:t6:occ:function:current-client:00617e80	0x00617e80	simple	FUN_00617e80	9	1	25	75cd937e8b4ff05ec1d3f4fce19da94c44705ec78e39ccbe8b921e7bfb4a5c65
urn:ure:t6:occ:function:current-client:00620ee0	0x00620ee0	simple	FUN_00620ee0	9	1	25	0e609bf1aa3aa40edad4221cd3343723be63db21520bdeb45d680de8956a89eb
urn:ure:t6:occ:function:current-client:00649d40	0x00649d40	simple	FUN_00649d40	9	1	25	7351ed41259a33c67f2330c80cafbedba9f3061e2ed9fe4431c29b769ad89992
urn:ure:t6:occ:function:current-client:0066ee70	0x0066ee70	simple	FUN_0066ee70	9	1	25	d76d0a24a8e4c0b6c9ceb2e337924468c8cb6d7b0576f8df0324e119514f2b89
urn:ure:t6:occ:function:current-client:0068fad0	0x0068fad0	simple	FUN_0068fad0	9	1	25	ce71c0c3e7cb29d70a74df6171acbf32f564e10b676e3818a2cadfe54b12b482
urn:ure:t6:occ:function:current-client:00694f90	0x00694f90	simple	FUN_00694f90	9	1	25	a303d090e700baf66b4616f273db1e69b012453074254b8d2cac77c1b3258449
urn:ure:t6:occ:function:current-client:0069f9b0	0x0069f9b0	simple	FUN_0069f9b0	9	1	25	733d325ad32c6cf1d284c5add6d9a7c58fcce6c8ff1fc5528c6de386b45e5337
urn:ure:t6:occ:function:current-client:006efa40	0x006efa40	simple	FUN_006efa40	9	1	25	de6d775032bdc06cf4581bed6b5d9fc19878cd44642e389ab514a29de23c2a88
urn:ure:t6:occ:function:current-client:007055d0	0x007055d0	simple	FUN_007055d0	9	1	25	83788f8ebae8e32955ef2b19088be2ec81bf01e318390f12432908549337ce1f
urn:ure:t6:occ:function:current-client:0073f990	0x0073f990	simple	FUN_0073f990	9	1	25	1ccd79783d26ba97a9afaa843e88bdef6476c1e406f5426604096e9eb231f655
urn:ure:t6:occ:function:current-client:00a59d50	0x00a59d50	simple	FUN_00a59d50	9	1	25	15676b8b022f338f18408f6ea16c2f614d3b1beabf0bcb9475093ce8d47b2b5d
urn:ure:t6:occ:function:current-client:00ad2d60	0x00ad2d60	simple	FUN_00ad2d60	9	1	25	51c74df3b58ffbb204a95e59796593fea0e9bfb90d0d97676868cf692a85dc03
urn:ure:t6:occ:function:current-client:00440530	0x00440530	simple	FUN_00440530	9	1	26	b2e25e7ea5c949cbae4451fcc193d8587b30cdccfe0b6eb666d35905cdd6cc62
urn:ure:t6:occ:function:current-client:004c5e20	0x004c5e20	simple	FUN_004c5e20	9	1	26	7669f3acc12b359d6883c298b1ebadefc4a2070c16b1ba101b4d38a8fa98c31b
urn:ure:t6:occ:function:current-client:004ec560	0x004ec560	simple	FUN_004ec560	9	1	26	a14a1cbf4d8e17a353a8b9ebfe466d8e15f8cd9dda90ea2399c4140d18b8e4c9
urn:ure:t6:occ:function:current-client:00a302b0	0x00a302b0	simple	FUN_00a302b0	9	1	26	eacbd02a56d5f011b1b7f4920f5b6f4cf2acc68c779e65fed0efa779810b7349
urn:ure:t6:occ:function:current-client:00a30420	0x00a30420	simple	FUN_00a30420	9	1	26	02b7ce7da396d69b1521ff02dcf431ea93acff798c28d466796a310398093a0d
urn:ure:t6:occ:function:current-client:00a30570	0x00a30570	simple	FUN_00a30570	9	1	26	ad2abb0bf5f734fe1eddbbf613fc734f84e18b551c079c19d3d3e8a7914496b1
urn:ure:t6:occ:function:current-client:00ae1030	0x00ae1030	simple	FUN_00ae1030	9	1	26	5eed70ca97d47e513a4574bd3b1fe4544f4cd673db42977614098156ec3095e4
urn:ure:t6:occ:function:current-client:004406b0	0x004406b0	simple	FUN_004406b0	9	1	27	1514e6cefafa14e76a6cbfd728f706b6475febdec8db8a730cc98b1971a0bdd4
urn:ure:t6:occ:function:current-client:00472810	0x00472810	simple	FUN_00472810	9	1	27	a39d6be7e77c3769bcc9bd62dfcec66f50658cfda481552701053e05fa478ead
urn:ure:t6:occ:function:current-client:00575f00	0x00575f00	simple	FUN_00575f00	9	1	27	6a4341202b1627fa243eadb6c9f1719dc9d4bfb9fb1aecdb1810f779aa8d9b0d
urn:ure:t6:occ:function:current-client:0061f820	0x0061f820	simple	FUN_0061f820	9	1	27	8ba122bc48236486a86985cf2995d268fe612ed765f830e98279a721709b37d9
urn:ure:t6:occ:function:current-client:00623470	0x00623470	simple	FUN_00623470	9	1	27	873d3e0a1dce4d1083fdd5a5da97607c41da35d017f68c3ee49f224d75eed743
urn:ure:t6:occ:function:current-client:00712c60	0x00712c60	simple	FUN_00712c60	9	1	27	6d6f518a464b4d6ec25dd6fd9fe68f1b7fb51aa9e3704af4e9462c9c679533c1
urn:ure:t6:occ:function:current-client:00a3a270	0x00a3a270	simple	FUN_00a3a270	9	1	27	afa45dc905440e714a4ce1a0454ec16ac4c56249a5fda43db2129492b1082f4f
urn:ure:t6:occ:function:current-client:00a4de40	0x00a4de40	simple	FUN_00a4de40	9	1	27	ddeadeb2d891d208cca5d9a20eb7bfe235e3e2a90d41910ed234f5ec9f81ef1b
urn:ure:t6:occ:function:current-client:00adfb30	0x00adfb30	simple	FUN_00adfb30	9	1	27	e8ff68e2a752719aadf7a6c00c4bf20c437d4add750e1ce882eb99bf7cb07cb3
urn:ure:t6:occ:function:current-client:00adfc30	0x00adfc30	simple	FUN_00adfc30	9	1	27	44f584f5057cbb27fb29e09be48082bf13c992ec7a720c2f71617474bac7e2a6
urn:ure:t6:occ:function:current-client:00adfc90	0x00adfc90	simple	FUN_00adfc90	9	1	27	3fc8fe8f197d7f9584ad31c82efa83f36f011e48dd7c6b0e625a7e769daf5a88
urn:ure:t6:occ:function:current-client:00adfd90	0x00adfd90	simple	FUN_00adfd90	9	1	27	a6159f7f5f86365aac436ff8446d80301a76f97881f87a73cdef1192ac5451c0
urn:ure:t6:occ:function:current-client:00adfdf0	0x00adfdf0	simple	FUN_00adfdf0	9	1	27	5d11282ff521ae9ff994731dd3af6e824b0f2d6bbabc6c61e51d297a53fcf089
urn:ure:t6:occ:function:current-client:00adfe50	0x00adfe50	simple	FUN_00adfe50	9	1	27	fb44cbf2a2a340deb3d4559f53b4706789d394a0f21f934f5badb9617c66b925
urn:ure:t6:occ:function:current-client:00460370	0x00460370	simple	FUN_00460370	9	1	28	08dede7abe7a82b5c76022010e2fa6a9bac846a9a78fe397da6e4ffa1c48de5e
urn:ure:t6:occ:function:current-client:00561280	0x00561280	simple	FUN_00561280	9	1	28	334efb9ac66884298563c304e475339eee7e4a117ce8fcfbd46fa1228634d774
urn:ure:t6:occ:function:current-client:0057bd40	0x0057bd40	simple	FUN_0057bd40	9	1	28	695c779bae7297306ca7ce0c9efd8fa35ebce27cf29c533f832f8bfda35751e2
urn:ure:t6:occ:function:current-client:0061dbb0	0x0061dbb0	simple	FUN_0061dbb0	9	1	28	7dd11d4d5996136963fe91a92fe52b78d0a9baa76bca32846b74b1804331be25
urn:ure:t6:occ:function:current-client:00636a70	0x00636a70	simple	FUN_00636a70	9	1	28	f958677fb41283ad8be51ec71e2354be43611029296d8697f6e26e2ce4a5d564
urn:ure:t6:occ:function:current-client:006b4dd0	0x006b4dd0	simple	FUN_006b4dd0	9	1	28	0f65cd892178d024515ea039fad1989402ee8b795bc00e62094d3a8f935465c6
urn:ure:t6:occ:function:current-client:006d9db0	0x006d9db0	simple	FUN_006d9db0	9	1	28	03d9420ada9534b2d1eafac5ee65c858c9582d9f17b33cc1992dbd81028cce49
urn:ure:t6:occ:function:current-client:00732960	0x00732960	simple	FUN_00732960	9	1	28	6519da1467b0a094d48ff741b6dd239c02197eb25849a0c40618f68619ef1982
urn:ure:t6:occ:function:current-client:00732980	0x00732980	simple	FUN_00732980	9	1	28	f1c6c76c56895f5590a407304c2030631f77ef2996f1f49fdf972a5274eacba9
urn:ure:t6:occ:function:current-client:00426030	0x00426030	simple	FUN_00426030	9	1	29	2afe9404e1aef7b886a95ba163a6b269fb7ce5f49141e5a5d30f0d50a4d8ca65
urn:ure:t6:occ:function:current-client:00470930	0x00470930	simple	FUN_00470930	9	1	29	bd1e839e46dc6412e481a0dc8005fb4bfcde66385f20dc483e5411a33ae70b12
urn:ure:t6:occ:function:current-client:004f5650	0x004f5650	simple	FUN_004f5650	9	1	29	9809e0bc641ef1b63e92e27018c373ec1c65e3499ce89767e9fbfe8e10e18087
urn:ure:t6:occ:function:current-client:0050ec30	0x0050ec30	simple	FUN_0050ec30	9	1	29	9b8b13e2625d2742be7bd12cf19759fe69c52ebf6cf350a815225641dfeed203
urn:ure:t6:occ:function:current-client:00510fa0	0x00510fa0	simple	FUN_00510fa0	9	1	29	832e8b20d9141024986ec1b4ae2c12300c821a52dfd398adebc335b09c18df00
urn:ure:t6:occ:function:current-client:0057b720	0x0057b720	simple	FUN_0057b720	9	1	29	28c4f516ebbfadd3e74854b9f6ad0ddb66c8025d2c80b5a08de66ef6c1718eb7
urn:ure:t6:occ:function:current-client:00b07540	0x00b07540	simple	FUN_00b07540	9	1	29	a36eca15dbc3ba64fe01b4fa7c4df2a5b01a001d5431429fc6ca54762d969aec
urn:ure:t6:occ:function:current-client:0050ace0	0x0050ace0	simple	FUN_0050ace0	9	1	30	6f5cb1ff44cc5b5a3b1492cdb1829aeaf045611b19b2e89b45146237f9f90c42
urn:ure:t6:occ:function:current-client:0061ebe0	0x0061ebe0	simple	FUN_0061ebe0	9	1	30	ea63c1113091c365ec82f0749578b63b6b72a4c292b1727cffc5cc992456ae61
urn:ure:t6:occ:function:current-client:00709bb0	0x00709bb0	simple	FUN_00709bb0	9	1	30	5770360f4988e019db386d70cb2200e6cfe5248e54d314866f7706f0f629c3b4
urn:ure:t6:occ:function:current-client:00ae6690	0x00ae6690	simple	FUN_00ae6690	9	1	30	996c7f74167372335a4b9d1f4200b3707d64728b76c92da8a3f7efec2e12a40f
urn:ure:t6:occ:function:current-client:0047c6e0	0x0047c6e0	simple	FUN_0047c6e0	9	1	31	3e5dd30de46c8708840c5a2c7e9992e317c09cb3e0c2ca9c492d5d3727ebaf21
urn:ure:t6:occ:function:current-client:004d4420	0x004d4420	simple	FUN_004d4420	9	1	31	d323721a5d800174e7b60ee44243dc746ac120027ddb767c7c8914aff28ef772
urn:ure:t6:occ:function:current-client:00619880	0x00619880	simple	FUN_00619880	9	1	31	7ee69d9216cc779e543025ed924cf06b07ea8d6495251b928dddfd8035a6e0c0
urn:ure:t6:occ:function:current-client:00af8a90	0x00af8a90	simple	FUN_00af8a90	9	1	31	aaf0e452fdf552173fa0fe34690f9133a49d85c907f3bbeea89aea4356d7161c
urn:ure:t6:occ:function:current-client:00af8ab0	0x00af8ab0	simple	FUN_00af8ab0	9	1	31	9da922c22746c58420d07656cd6054cfb878944819a3ca1b4b75cc07146b2fa0
urn:ure:t6:occ:function:current-client:004550e0	0x004550e0	simple	FUN_004550e0	9	1	32	9263e067c3db1421d5cadf6df584dba5461b26ca1f1b65851b4a8794bac08680
urn:ure:t6:occ:function:current-client:00500380	0x00500380	simple	FUN_00500380	9	1	32	a404e07395febab6d5c86cabeecab5d476203fb1e49b226fab8c9e3d3fa91d54
urn:ure:t6:occ:function:current-client:00571090	0x00571090	simple	FUN_00571090	9	1	32	661b3da0a584f7dc0a71f9a838d3423677285e65c86e67526f26529d12d3080c
urn:ure:t6:occ:function:current-client:00577290	0x00577290	simple	FUN_00577290	9	1	32	78fac3f06f5b01216fd1906e86dd53be844f55303f669069e1dfbc203f3ce9b7
urn:ure:t6:occ:function:current-client:006095a0	0x006095a0	simple	FUN_006095a0	9	1	32	e59ae1cb9d50f27a57235f990fc4cf279eb0d999563f9a62b506aa60403196a1
urn:ure:t6:occ:function:current-client:006d7810	0x006d7810	simple	FUN_006d7810	9	1	33	6b9875a29da91d194f2779b21c8408f6491b67907397862eccb39b4f5b779cd5
urn:ure:t6:occ:function:current-client:009ccd50	0x009ccd50	simple	FUN_009ccd50	9	1	33	dfc76bdd89148c6628687204fd388460fcf0559f4f2bf71621066bd46a0aa880
urn:ure:t6:occ:function:current-client:00a75038	0x00a75038	simple	FUN_00a75038	9	1	33	ac79ca4b8882fb0fde3c6c134af63586e37618d28e242da53f3552c32b9adc73
urn:ure:t6:occ:function:current-client:00416690	0x00416690	simple	FUN_00416690	9	1	34	e36f4ab9480be3e17c3d57d09cc53eee96510a72d9873a307c249611e872f6b9
urn:ure:t6:occ:function:current-client:00522140	0x00522140	simple	FUN_00522140	9	1	34	faeb31ff076a6a4c47dede1c5fed10af1690ab33ee304dbf4c311b6c54e75507
urn:ure:t6:occ:function:current-client:009a16e0	0x009a16e0	simple	FUN_009a16e0	9	1	34	70622be8b9a45df1eab00ead816b013b56246e1935a01bf69661a0d6484d4121
urn:ure:t6:occ:function:current-client:009a1750	0x009a1750	simple	FUN_009a1750	9	1	34	0e6e107ef9b35dbae63a66c7244af3407e1aaa61a20123be3c13e72de45087b8
urn:ure:t6:occ:function:current-client:009a17c0	0x009a17c0	simple	FUN_009a17c0	9	1	34	f8c7e34b9461f9d57d99d29420b36ee07cb4caaf143c78f6dcf8dbd61bd09a1f
urn:ure:t6:occ:function:current-client:004119b0	0x004119b0	simple	FUN_004119b0	9	1	35	0978197a4bc397b18dbd01ca0faa2e332f80427c3f7e2097627256054e79d337
urn:ure:t6:occ:function:current-client:00503980	0x00503980	simple	FUN_00503980	9	1	35	9f7cf7088a7d1219d364dd1e3f68547ccea301dbc26b4febbab182320f99f2fb
urn:ure:t6:occ:function:current-client:005314d0	0x005314d0	simple	FUN_005314d0	9	1	36	6f3966f1014852f3d81ffd498b6bf39c95b62ed5eb40ce8c3c26e8643a591d27
urn:ure:t6:occ:function:current-client:00656760	0x00656760	simple	FUN_00656760	9	1	37	56ac52c344b5b63d44c35e17e737b2f32f97d08bffebfb78c16114b59a714a6c
urn:ure:t6:occ:function:current-client:00566cc0	0x00566cc0	simple	FUN_00566cc0	9	1	38	9ac496a294bbeb9d300a98d1af8d4d99590c752079b575a1879d5bfed0bc3771
urn:ure:t6:occ:function:current-client:00731ec0	0x00731ec0	simple	FUN_00731ec0	9	1	39	89f42ce01a7b351d8cbce842f5b0eeb35eb7494befefa09c722958abb8829e52
urn:ure:t6:occ:function:current-client:004e4080	0x004e4080	simple	FUN_004e4080	9	1	40	c7925f9ee13698b87f4d6ad535b42bb4cfc1e28a6ce438139927e05c31595a1e
urn:ure:t6:occ:function:current-client:005fe8f0	0x005fe8f0	simple	FUN_005fe8f0	9	1	41	ba0e381d486c58899d2dc32b64b1be5e6f703e494515a785fe74852022fee88a
urn:ure:t6:occ:function:current-client:00679b20	0x00679b20	simple	FUN_00679b20	9	1	43	53eca3d850ac0a77bd7482c4de4974d6250533ee7c29ec85fdf392228cef5fc6
urn:ure:t6:occ:function:current-client:0068e610	0x0068e610	simple	FUN_0068e610	9	1	43	0c78971da453b6b319553bc411ce0d431a027014c6640700820cd2d853544c22
urn:ure:t6:occ:function:current-client:006cb9f0	0x006cb9f0	simple	FUN_006cb9f0	9	1	48	9bccaea32d3d90a1ea760ddf79f1c7ca31c1a43e380391c06cac2675f08bb7ca
urn:ure:t6:occ:function:current-client:00a749c5	0x00a749c5	simple	_atof	10	1	19	80ea79c982ebb048e5266bf427a504aa18c1f33091fafcb352f3ee6cd1ab4ad9
urn:ure:t6:occ:function:current-client:00a82bc6	0x00a82bc6	simple	__forcdecpt	10	1	19	3c3fbfe505e3c1b680a1f59d5271a469ebdcf920e27fc1ae07c93cb53a92c2b5
urn:ure:t6:occ:function:current-client:00a82bd9	0x00a82bd9	simple	__cropzeros	10	1	19	e5960cb1a437ee9c1bf844ec6103d1b535d4a88c2c8bab367aa897ef3fbaa0be
urn:ure:t6:occ:function:current-client:00a8468d	0x00a8468d	simple	_isleadbyte	10	1	19	795b5bece2a71df261701707db8e17a49b0eeb36a9bf35872060e485e3100c4d
urn:ure:t6:occ:function:current-client:00ae55b8	0x00ae55b8	simple	__mbctolower	10	1	19	1dda6aac183946498ba67e70dc597c845347a920b06495fa356e5195f08b0ab1
urn:ure:t6:occ:function:current-client:00a73004	0x00a73004	simple	_atol	10	1	22	0d3ac2a3b024f844c15cc1e5ca1f9b71c8e8bca35d93cb20e5bcf8edfff8c0ab
urn:ure:t6:occ:function:current-client:00a73025	0x00a73025	simple	FUN_00a73025	10	1	22	49ebbfbbef1cc3d9b1c77f272e9e3eedef09062f4def7231e0e071d85a98be79
urn:ure:t6:occ:function:current-client:00a7b764	0x00a7b764	simple	_exit	10	1	22	7c58d67f3497f63bb9b829844fb5db21a673e4044a734129fef8a365a7de2f11
urn:ure:t6:occ:function:current-client:00a7b77a	0x00a7b77a	simple	__exit	10	1	22	dd4cfad79324df5c73006571d8151578f68db1ac184d93ca0dc620c6d7605ac4
urn:ure:t6:occ:function:current-client:00ae15a0	0x00ae15a0	simple	FUN_00ae15a0	10	1	22	d47fb7076a5f8cd5ae6d38032199397efb8b32cdb82b7f874ab15dfb5005e068
urn:ure:t6:occ:function:current-client:00a2d750	0x00a2d750	simple	FUN_00a2d750	10	1	23	8a891de34025815712e374ca4356ff61ffba2fbc366ed5c85d5bd6eb01c04ba7
urn:ure:t6:occ:function:current-client:00a443d0	0x00a443d0	simple	FUN_00a443d0	10	1	23	7e3ba05cdb78633e8cc6b093239f84fce7b7d99c327f9a78e661024cbf26cfd7
urn:ure:t6:occ:function:current-client:00a448f0	0x00a448f0	simple	FUN_00a448f0	10	1	23	8a1ea9f7bea9d17850b9fcb0681b1ebb22c4a53f04549f80873ffc6f25ff8806
urn:ure:t6:occ:function:current-client:00a5cd90	0x00a5cd90	simple	FUN_00a5cd90	10	1	23	421f0e803e49edc2900d422b0b1e1d456f0f98e23e943b1689fee28e525a064e
urn:ure:t6:occ:function:current-client:00a796a7	0x00a796a7	simple	_fopen	10	1	23	52633bbaa385d145bfea765b81dcbcb2d2ac479d63b85041d0499c313852dcf6
urn:ure:t6:occ:function:current-client:00a7d73e	0x00a7d73e	simple	__aligned_malloc	10	1	23	f7548f9275fae60b181eda07d7fe7bb093048a8fa1d74aef3f2d746a7711f372
urn:ure:t6:occ:function:current-client:00a7dd4b	0x00a7dd4b	simple	FUN_00a7dd4b	10	1	23	9f2f42f963072c425dd4ed4fec67c1ab599b0923fbfd49d101bb4942ec384e94
urn:ure:t6:occ:function:current-client:00a7de00	0x00a7de00	simple	_strcoll	10	1	23	64d984e6c9ddeec5b114bc75adc57c514720f3a30108b1f965d6edd531aced61
urn:ure:t6:occ:function:current-client:00a89f49	0x00a89f49	simple	__mbschr	10	1	23	6c50e0279e834a7e1e86b51248949e78d7380f449b8c6cc4ceadac6f318c83c2
urn:ure:t6:occ:function:current-client:00a90d1a	0x00a90d1a	simple	__mbsrchr	10	1	23	5ed4471258487d48ef9a4511e331b28b231bfa6b8f4c8b3bd280ab376d5edd0a
urn:ure:t6:occ:function:current-client:00ae0cd0	0x00ae0cd0	simple	FUN_00ae0cd0	10	1	23	d85ac04b7bf88d1d4cc49e14dcd02bb86577e1e054036697a2366952de8e4939
urn:ure:t6:occ:function:current-client:00ae5690	0x00ae5690	simple	__mbspbrk	10	1	23	aca0f463775093b677623621f4d2eb09be62670d5d3961114da2ed03d538e88f
urn:ure:t6:occ:function:current-client:00ae589e	0x00ae589e	simple	__mbsicmp	10	1	23	b5140b0a787d559c7be898784c3212f62b1dee20afd28a76f86ee80d156ac2cd
urn:ure:t6:occ:function:current-client:00b15750	0x00b15750	simple	FUN_00b15750	10	1	23	b026a885480248c8db2a01fdf6b8a1bb3bbe0b8829468677e2d2e252b0723d4c
urn:ure:t6:occ:function:current-client:00b15770	0x00b15770	simple	FUN_00b15770	10	1	23	064b542679cb5dfc7129a6ed4b288f07f442190247c5a9402e94f42d9505e106
urn:ure:t6:occ:function:current-client:00b28d10	0x00b28d10	simple	FUN_00b28d10	10	1	23	e815a6852bb9ad51f487431a01e17a17845100e4bce1336654d17ac0fd135381
urn:ure:t6:occ:function:current-client:00599210	0x00599210	simple	FUN_00599210	10	1	24	7a9ce10c415aad90327e75b2cac8421038732134e0fb244a9619eb9b59a5d98e
urn:ure:t6:occ:function:current-client:006095c0	0x006095c0	simple	FUN_006095c0	10	1	24	223e12867610e7868eda2dcacb90053ded727bf53024ccd514a22258778de8ac
urn:ure:t6:occ:function:current-client:007a8150	0x007a8150	simple	FUN_007a8150	10	1	24	21afeb231284a17b451bfba3bbfb8699423932ef2cc036bfad1db8cd37002b72
urn:ure:t6:occ:function:current-client:00a5d0e0	0x00a5d0e0	simple	FUN_00a5d0e0	10	1	24	ef6d706b5ce291c51f36e547e42cae8dfbc53b9801d783157c11feb3d2e23d87
urn:ure:t6:occ:function:current-client:00ae2620	0x00ae2620	simple	FUN_00ae2620	10	1	24	a37729356b262a05bca2584ef89b232b5b4317a0bbd7cdffbdf3e6691d53e7e3
urn:ure:t6:occ:function:current-client:0040afc0	0x0040afc0	simple	FUN_0040afc0	10	1	25	c0b3b4bfb4fab53c687b4452d0f7659090faaeac307542b86693afe3397ee5bb
urn:ure:t6:occ:function:current-client:0041ad80	0x0041ad80	simple	FUN_0041ad80	10	1	25	c7e031b8aef1f888033d4cee1791bb9281df2afac7c3f07347fde76ffbb37144
urn:ure:t6:occ:function:current-client:004208f0	0x004208f0	simple	FUN_004208f0	10	1	25	ef789b85bfd0ffe291d3cb8653bdd6eca2811fa4a08ea700c8478fdbefb27be4
urn:ure:t6:occ:function:current-client:00452ff0	0x00452ff0	simple	FUN_00452ff0	10	1	25	078a70572baaf515c161cde480bde0013908f59f43b2f39c04cc8096ccd51eea
urn:ure:t6:occ:function:current-client:00455660	0x00455660	simple	FUN_00455660	10	1	25	045cc7c5eba69a0b0973a5356f9039d07af697808074df7d23b5cb62e8d8b7de
urn:ure:t6:occ:function:current-client:00475660	0x00475660	simple	FUN_00475660	10	1	25	493e6e3f9df3a4c425fa823151f5e6c305fcad2de77017577742ef6a93b5ab50
urn:ure:t6:occ:function:current-client:004765d0	0x004765d0	simple	FUN_004765d0	10	1	25	0e0fdb6a59b7e145dae95f810fba1383996d0114d2f63f50ac1293152004d959
urn:ure:t6:occ:function:current-client:00476bb0	0x00476bb0	simple	FUN_00476bb0	10	1	25	c4ae887d98e4de38ca3b5bdb744b358da6c484c303fe364522b3e56b9ccfe74c
urn:ure:t6:occ:function:current-client:0048af90	0x0048af90	simple	FUN_0048af90	10	1	25	70ff690f63f038d17a016aa4844f80c9e6c22e81042a0c2ae198644fe52861b1
urn:ure:t6:occ:function:current-client:0049f530	0x0049f530	simple	FUN_0049f530	10	1	25	4e3264dd23d673d9d85b8d4820aa5607b23c1095e1831cd40b1d44c00964316f
urn:ure:t6:occ:function:current-client:004a0520	0x004a0520	simple	FUN_004a0520	10	1	25	8fc45acbe565d6c88dccb252586676f6217b2c6d9b834af00542db9dd046c8e4
urn:ure:t6:occ:function:current-client:004a5260	0x004a5260	simple	FUN_004a5260	10	1	25	f4e1599ebe3721ce0ca52b81471972546ec4fde596f84bb7b6525ba5937f7ff7
urn:ure:t6:occ:function:current-client:004aaf80	0x004aaf80	simple	FUN_004aaf80	10	1	25	f4ee2557e97d66a37c5910293e4361c9ca437fb5d6883982e23d23b0d2276923
urn:ure:t6:occ:function:current-client:004ae3f0	0x004ae3f0	simple	FUN_004ae3f0	10	1	25	4a14780dcd6f7287cfb055bb7a1063f9fbcda41e1ba17ed1c97dccf8b1f4e232
urn:ure:t6:occ:function:current-client:004b19d0	0x004b19d0	simple	FUN_004b19d0	10	1	25	8c0046eb52c9e8cd5e125de5f445692545fa3c741f1d55562554bd9ffdcb45e0
urn:ure:t6:occ:function:current-client:004bc6f0	0x004bc6f0	simple	FUN_004bc6f0	10	1	25	de74beda9e6d161a60a63892129b0dea5b66d3209aa1a7752f80b63120a3ccec
urn:ure:t6:occ:function:current-client:004ce490	0x004ce490	simple	FUN_004ce490	10	1	25	cd40a41660c4abc91d6f4afd96e576f87cfe6d65d6296bdf3cf1b23482f944ee
urn:ure:t6:occ:function:current-client:004ecc40	0x004ecc40	simple	FUN_004ecc40	10	1	25	4633a383b7fce488769b2d5f57fce2c92d4ee81ae7868f8a4e8eef854bffa3c1
urn:ure:t6:occ:function:current-client:00507230	0x00507230	simple	FUN_00507230	10	1	25	286fe1f5c99f35ca382e125f4ce4044e7c4cedef95ca036757b667a213dfb1ee
urn:ure:t6:occ:function:current-client:0051eec0	0x0051eec0	simple	FUN_0051eec0	10	1	25	adda179acae2ef2d8deabf22a3c17128ca3b7849eff3affc99eca0c7f4168b0e
urn:ure:t6:occ:function:current-client:00539630	0x00539630	simple	FUN_00539630	10	1	25	b057a9159c52c63f2f0bd000572a2226eaf8660fa6ec6bfd316e6c44dcbb6168
urn:ure:t6:occ:function:current-client:0054b790	0x0054b790	simple	FUN_0054b790	10	1	25	fa33de93fc605fe39f249ae2939891283f10fec746ba613b6758d522db1ded69
urn:ure:t6:occ:function:current-client:0056f590	0x0056f590	simple	FUN_0056f590	10	1	25	8b99868eb1471867cbc45e457c14ef2d0893baeb8f8a4cfe41c59bc6b4b4c6e1
urn:ure:t6:occ:function:current-client:00577800	0x00577800	simple	FUN_00577800	10	1	25	560d87131686f624915a93f72d56579f7de649a999ed58b5268b1f0cd9111119
urn:ure:t6:occ:function:current-client:005781b0	0x005781b0	simple	FUN_005781b0	10	1	25	ffe3917e887e56abe3094c7c3ba45a034e8072af0a0e4336e39924639dee7851
urn:ure:t6:occ:function:current-client:005c7a80	0x005c7a80	simple	FUN_005c7a80	10	1	25	cdb911678cb7e3f7084c6872a275567aa4f1ab0e9bcaf34b21a336f247589de4
urn:ure:t6:occ:function:current-client:005ceb60	0x005ceb60	simple	FUN_005ceb60	10	1	25	03619c57ec4c13e85663f914f593b87336536e5db48243b47f94789aea20cef5
urn:ure:t6:occ:function:current-client:005db4e0	0x005db4e0	simple	FUN_005db4e0	10	1	25	d1fc52cf4fb2aab4b194fb8829819e36ab0128bbac632b0111a0709980ebbf60
urn:ure:t6:occ:function:current-client:005e50b0	0x005e50b0	simple	FUN_005e50b0	10	1	25	fbcdecba826e39567b53fef2472f368c4637f81c1574a0e869ed8e920dc3898c
urn:ure:t6:occ:function:current-client:005e5d30	0x005e5d30	simple	FUN_005e5d30	10	1	25	8ccfea560eb795f0df3b18541ffee3949dd4bc94e4908b696591d9aafcfe1785
urn:ure:t6:occ:function:current-client:0060e700	0x0060e700	simple	FUN_0060e700	10	1	25	7286ebc3a91596118e07f221f4d5de23c7c621c971a5460b550f4b04c657c337
urn:ure:t6:occ:function:current-client:0060f830	0x0060f830	simple	FUN_0060f830	10	1	25	842e0b8d1765a0d62addf2ed07890836abeb8dd151538fc2ad2f9da4a4213b88
urn:ure:t6:occ:function:current-client:0061b660	0x0061b660	simple	FUN_0061b660	10	1	25	bbf6597b7cf66565a6085be4beb548892a9cb83dec3bef92a93d0076e103e7e0
urn:ure:t6:occ:function:current-client:0062f970	0x0062f970	simple	FUN_0062f970	10	1	25	4c4211835fe68e95173273dd54cb6da2f63d654bbaaae31bfb79e2d4dd2127df
urn:ure:t6:occ:function:current-client:00633bf0	0x00633bf0	simple	FUN_00633bf0	10	1	25	b6156c21a9090a4afc6e56a53475e78645bdbeda611ac0996dd18d9035e8eb92
urn:ure:t6:occ:function:current-client:00635fc0	0x00635fc0	simple	FUN_00635fc0	10	1	25	5ad824c116ad877365068135181bcdb0d35b8b735e1a9c808c7b1f39b0c6523f
urn:ure:t6:occ:function:current-client:00639930	0x00639930	simple	FUN_00639930	10	1	25	21798a31583f27c07b2a48471f16512f00cf443714fd463ebff066f00f0ad276
urn:ure:t6:occ:function:current-client:00652b30	0x00652b30	simple	FUN_00652b30	10	1	25	61013756a7225313092402dfba093edc3dd47484479f31a3a3e61cd863d30644
urn:ure:t6:occ:function:current-client:006670d0	0x006670d0	simple	FUN_006670d0	10	1	25	9373b6a0f381c3ca45e80a31dc21b43387a3009a7e9527c1cb3a8aafa1a48603
urn:ure:t6:occ:function:current-client:0066fb90	0x0066fb90	simple	FUN_0066fb90	10	1	25	83d966695d80ceec4e012ab73e0c83e835801f5ce9a7276accf9d215c31cc38d
urn:ure:t6:occ:function:current-client:00674050	0x00674050	simple	FUN_00674050	10	1	25	8281d70f9b775b2a2f41341b31fb8de34a69197197394ddc84881630b3fbca53
urn:ure:t6:occ:function:current-client:0067b9f0	0x0067b9f0	simple	FUN_0067b9f0	10	1	25	2ecebc7c88002eb36197af62e6f43354dbbf7f180c563f170fdd30a6d077addc
urn:ure:t6:occ:function:current-client:0067f050	0x0067f050	simple	FUN_0067f050	10	1	25	19789fdd7d6aa0ac647f4cd0317e153d05962fe68a446840bcc299b5c564ef3f
urn:ure:t6:occ:function:current-client:006932f0	0x006932f0	simple	FUN_006932f0	10	1	25	f698edb02d0ff9a5092384f950b20dc8f8106fa48e9850c8a957bef7ff57fd11
urn:ure:t6:occ:function:current-client:006964f0	0x006964f0	simple	FUN_006964f0	10	1	25	04825cd5936684f47098a2a5f64536b8e2f0c9de8d9c45825fbc50af035578e7
urn:ure:t6:occ:function:current-client:006a9710	0x006a9710	simple	FUN_006a9710	10	1	25	3be242134f0fdba7860c49bedf022e9403d7d0edff2d776b95b8689b26940c49
urn:ure:t6:occ:function:current-client:006cb9d0	0x006cb9d0	simple	FUN_006cb9d0	10	1	25	f6f83cfd3373f85e8a81b864ae028b8a5f0c966f61c3da82df359fb8c99351c3
urn:ure:t6:occ:function:current-client:006e1bf0	0x006e1bf0	simple	FUN_006e1bf0	10	1	25	924222fc7a4adab5e903a436ef94ea94ace9c77a7085ae67ae05f2ee498ea817
urn:ure:t6:occ:function:current-client:006f4a40	0x006f4a40	simple	FUN_006f4a40	10	1	25	b894f07c0ac760d742bacb0ed04778b1610990c832c031992bc0e82b883bcb15
urn:ure:t6:occ:function:current-client:00a88610	0x00a88610	simple	FUN_00a88610	10	1	25	e4a6378ddfeae050ac73aedab430795bad2103d132257fa2e3c6477c01f71a4d
urn:ure:t6:occ:function:current-client:0041d210	0x0041d210	simple	FUN_0041d210	10	1	26	eadcc5a2e283efb47536f668ef62c4b43862cd670289a99d1ee4e61586d98975
urn:ure:t6:occ:function:current-client:0045d970	0x0045d970	simple	FUN_0045d970	10	1	26	97a514323aef18a8832d250e7fbc62fb6b57ffcbf43d791608c1192f40e95c5c
urn:ure:t6:occ:function:current-client:004a7960	0x004a7960	simple	FUN_004a7960	10	1	26	91babde43dba4ab8733e274a1bf5bda345ca72b6e046c04f13457a59af0aeca1
urn:ure:t6:occ:function:current-client:004ebec0	0x004ebec0	simple	FUN_004ebec0	10	1	26	bb9b37874732839cfcd5280e2d5c31c5bbf3e3f0d52edc88de2ea2677a4b1786
urn:ure:t6:occ:function:current-client:00510770	0x00510770	simple	FUN_00510770	10	1	26	04d3d0e80932644fb8e6c52b01b59b3d449ec6fb62b2940f1d04754afdc6da6f
urn:ure:t6:occ:function:current-client:00529660	0x00529660	simple	FUN_00529660	10	1	26	a96d3671627b6ecfc87ea4aecceabdf23420a2575df29335e1453da085f7183a
urn:ure:t6:occ:function:current-client:0053d120	0x0053d120	simple	FUN_0053d120	10	1	26	82f71ee14f3e90554d1ec980d08d54f714fc9326c8f0fed52d1d3fc102041ede
urn:ure:t6:occ:function:current-client:005b7b70	0x005b7b70	simple	FUN_005b7b70	10	1	26	4bb3d15f1040ae2507bc39fd12cae97f3d30105cdb57fd1779f68eb6f913d234
urn:ure:t6:occ:function:current-client:00619790	0x00619790	simple	FUN_00619790	10	1	26	6b25b6da9dd9ea9b038da79d6b4c46da9dd9db2ddf3cd487740ec7292c0e09fe
urn:ure:t6:occ:function:current-client:0062a120	0x0062a120	simple	FUN_0062a120	10	1	26	35068e113eebe22ad4085d835b3fe92ca56a523ad1acd2cd4a3471b12487f78e
urn:ure:t6:occ:function:current-client:00684300	0x00684300	simple	FUN_00684300	10	1	26	0e423e195a820acd9ffdd03abd45f4d471014a0d6855093491a4a325afaa8e02
urn:ure:t6:occ:function:current-client:00694120	0x00694120	simple	FUN_00694120	10	1	26	b8f22f8004f194589ac33068d82e48626ee4fee87430e46fbe9c90996e869ffd
urn:ure:t6:occ:function:current-client:006fc240	0x006fc240	simple	FUN_006fc240	10	1	26	047f8adbf6239c607b10cf8f8200de75586eccc2fc88aa50d5cfe593de410ac7
urn:ure:t6:occ:function:current-client:00a36000	0x00a36000	simple	FUN_00a36000	10	1	26	517e0a57148aed764867de877600a73cf9f85e1671b70ea0afac76ba416c5071
urn:ure:t6:occ:function:current-client:00a3ff00	0x00a3ff00	simple	FUN_00a3ff00	10	1	26	dc63c0dff5d2af43cefb94fb77aca26563d161fa60fd2a5402982ab7b5fc66ea
urn:ure:t6:occ:function:current-client:00a3ffe0	0x00a3ffe0	simple	FUN_00a3ffe0	10	1	26	dad84d2459b0498d49b226d7908aa955adfbb6b9282e279e7455f84b9ddd6c54
urn:ure:t6:occ:function:current-client:00a443a0	0x00a443a0	simple	FUN_00a443a0	10	1	26	3913b0a5fef982e9702e58856d7ab55cd5a59280f9d81e9fd2dac4c0fe26dbf5
urn:ure:t6:occ:function:current-client:00a447a0	0x00a447a0	simple	FUN_00a447a0	10	1	26	a89c22e96c3770d364aa9adc53c27e9ffc5fe89f06a8eec6d15493617f74b5dd
urn:ure:t6:occ:function:current-client:00a44cc0	0x00a44cc0	simple	FUN_00a44cc0	10	1	26	e064a977f44ef5f3b97fe50790e1bfcd4b2285888720902004a7b1c41b9c6afc
urn:ure:t6:occ:function:current-client:00ad2d80	0x00ad2d80	simple	FUN_00ad2d80	10	1	26	c1726b2d554a4589d555bc72e9060625f444ccef16ab967d5c7a96b543cad97b
urn:ure:t6:occ:function:current-client:00ad5c50	0x00ad5c50	simple	FUN_00ad5c50	10	1	26	5fffdcaa7fcd250b7d72e20357fefaa3eb5856878939da983fee61ea4ea4243c
urn:ure:t6:occ:function:current-client:00affde0	0x00affde0	simple	FUN_00affde0	10	1	26	60bd51371d40793fb09385f4810197b681de1783d98baecbd8f256c7cd33cf9d
urn:ure:t6:occ:function:current-client:0040ef30	0x0040ef30	simple	FUN_0040ef30	10	1	27	b4ca49783ab25952c48a2e450acfff977af70e8589ffadaafb04f2f216a3f93b
urn:ure:t6:occ:function:current-client:00483040	0x00483040	simple	FUN_00483040	10	1	27	7ad8695c3d3e428177462ded4eec0574003bcb96ec44b7e59a7e944c89cabb2a
urn:ure:t6:occ:function:current-client:0048b6b0	0x0048b6b0	simple	FUN_0048b6b0	10	1	27	8bcd4e7e1a305b52e6d84559663f48d32eae209d5551061f7df9cf3cbee6bcce
urn:ure:t6:occ:function:current-client:006543c0	0x006543c0	simple	FUN_006543c0	10	1	27	9430469defb598ea88536324251efa3ac52bfb6d036417871d03568c2bf1ae59
urn:ure:t6:occ:function:current-client:006c56a0	0x006c56a0	simple	FUN_006c56a0	10	1	27	2627c8771ab01566b5be8c3406f56926bf502c4be9d00e0a0cfbe45d7d43bb8f
urn:ure:t6:occ:function:current-client:00a50890	0x00a50890	simple	FUN_00a50890	10	1	27	b38cc2f880495ec39d33364003e62332059d4f74bca44aff83b2f8941c3cb86c
urn:ure:t6:occ:function:current-client:004a7380	0x004a7380	simple	FUN_004a7380	10	1	28	385e3f947f734bbb58ea7bc913ae5597f17bf13347348bd95907010f6814a3eb
urn:ure:t6:occ:function:current-client:004eba50	0x004eba50	simple	FUN_004eba50	10	1	28	43c8357e31f5f01904fb5baa344ed7dddd62f605a701a22eea3930517bd7efc7
urn:ure:t6:occ:function:current-client:0050a320	0x0050a320	simple	FUN_0050a320	10	1	28	368fe5507d0857d4f8886e10828f10223d9db8ebe973d042e1e32780124aba52
urn:ure:t6:occ:function:current-client:0054b710	0x0054b710	simple	FUN_0054b710	10	1	28	10f721a658f93727cb3f29c0c7d6e5cc546451de951e81a08d14147753b8fc57
urn:ure:t6:occ:function:current-client:00556290	0x00556290	simple	FUN_00556290	10	1	28	6dceb11babfbb03af0af91c35aaf3593f400f2e3e348fb25febc8ac8f4f7d8a4
urn:ure:t6:occ:function:current-client:00564850	0x00564850	simple	FUN_00564850	10	1	28	cb5f259389a6481e9597b3f78463383f6a4dbb310a014027909528a738b1ffb4
urn:ure:t6:occ:function:current-client:005ea510	0x005ea510	simple	FUN_005ea510	10	1	28	630a661bdd8e45ecd3131064a12ed9e561560451bcd080281c673400e4ee5d6d
urn:ure:t6:occ:function:current-client:00612f10	0x00612f10	simple	FUN_00612f10	10	1	28	699b8b28eb8261291bbb1fe90e47a1f12910fdbaeffd55d228972f9a17902cda
urn:ure:t6:occ:function:current-client:006734c0	0x006734c0	simple	FUN_006734c0	10	1	28	c6d64004b29bd070b286f21c5fb35513a796ce7faa491911bee10b743ee93a91
urn:ure:t6:occ:function:current-client:006d7b60	0x006d7b60	simple	FUN_006d7b60	10	1	28	8fe059d6fa68fd54748652a63c06f76f3d106b8450fc6f2fe059d22b17ac37c0
urn:ure:t6:occ:function:current-client:00a8dc06	0x00a8dc06	simple	FUN_00a8dc06	10	1	28	e4e0b46861913460fd65f84aa363c12e732e230c4437a194b143b5095937d5c9
urn:ure:t6:occ:function:current-client:004ebd50	0x004ebd50	simple	FUN_004ebd50	10	1	29	c904a6cafc61cd6af305b16d212f0dc629bbd0796015779c498cd135741ae47d
urn:ure:t6:occ:function:current-client:005d4a00	0x005d4a00	simple	FUN_005d4a00	10	1	29	bae69c734b89f4119049e3d9be3234334b1c116b593f34b5b62af6c7fe68cc47
urn:ure:t6:occ:function:current-client:0061f840	0x0061f840	simple	FUN_0061f840	10	1	29	d9cca5ce6c35a6b27ac0fafbc0cc76ddd7134b8dcc7db37eccb96eab01692988
urn:ure:t6:occ:function:current-client:0066a920	0x0066a920	simple	FUN_0066a920	10	1	29	9c613f1db5bdde0e348c65f68f4106de85715f6af92ba90f2f126c0a106f96b2
urn:ure:t6:occ:function:current-client:006f5e20	0x006f5e20	simple	FUN_006f5e20	10	1	29	28572eb4591e3d82b731077a26c8ea13610645f46375f75915dfcfd633b506ef
urn:ure:t6:occ:function:current-client:0095ac40	0x0095ac40	simple	FUN_0095ac40	10	1	29	a27b35115a8505eb497547f4e37800c1455d0eccf47dff7fe7b6f2792c0ba01a
urn:ure:t6:occ:function:current-client:00acb8e0	0x00acb8e0	simple	FUN_00acb8e0	10	1	29	52aec19be5bb3027f55d96999b5e0db383a3b793aad57c38b59a9035a517c003
urn:ure:t6:occ:function:current-client:00b024d0	0x00b024d0	simple	FUN_00b024d0	10	1	29	f32d84e1649a365bd2f65db78b2394ecb993bab76d707d4b5404f0be26325f92
urn:ure:t6:occ:function:current-client:00b04ba0	0x00b04ba0	simple	FUN_00b04ba0	10	1	29	314b9cabb64022899d5d114fd0dc84a4f750ea1b60b49b6e234e62b0a5354029
urn:ure:t6:occ:function:current-client:00b07f70	0x00b07f70	simple	FUN_00b07f70	10	1	29	eb2cdfe59c9d9846036a2736110ab28f4c27e5e3334103954e1fbceb85ed1194
urn:ure:t6:occ:function:current-client:00b07fb0	0x00b07fb0	simple	FUN_00b07fb0	10	1	29	9c1a9edb6985ad06850760a3c9466f8f88e5dd27baf803a00395ee6277d3786f
urn:ure:t6:occ:function:current-client:00b0c0e0	0x00b0c0e0	simple	FUN_00b0c0e0	10	1	29	e12b8454c44eea894b7b90d761cddb10b9d4e1c09a9a7e6eeaf736bf16049c2e
urn:ure:t6:occ:function:current-client:00b0c100	0x00b0c100	simple	FUN_00b0c100	10	1	29	af4b83ac3eb32f93ae9d6523118a2af9fe12f10f736598ba6b30388c478a8b33
urn:ure:t6:occ:function:current-client:00b0c130	0x00b0c130	simple	FUN_00b0c130	10	1	29	975fac37c8fa41bdd8d82026789414f824f9874a87b4df5bf0f608d8c323e391
urn:ure:t6:occ:function:current-client:00b0e780	0x00b0e780	simple	FUN_00b0e780	10	1	29	bc47c1d6d64090e65e8772f1a9bbd31d9affc80823741912c9b7b0cd0b436188
urn:ure:t6:occ:function:current-client:00b0e7f0	0x00b0e7f0	simple	FUN_00b0e7f0	10	1	29	b2780d5fc82a6f2a629b27994b201ce0312d1629b8c125432b2bb0bc378ae6a4
urn:ure:t6:occ:function:current-client:00b0e870	0x00b0e870	simple	FUN_00b0e870	10	1	29	a1e0d5c9941ebc0fe67ef1f2e71aab3c604276e52cd521ae3ee2b8177a76c04a
urn:ure:t6:occ:function:current-client:00b0e940	0x00b0e940	simple	FUN_00b0e940	10	1	29	fad21f2158a83e15b5e63dac0b4138b2dda3df77fe1fc547266cae1c4a9011c7
urn:ure:t6:occ:function:current-client:00b192f0	0x00b192f0	simple	FUN_00b192f0	10	1	29	8143f3fe0928ce5d662870e908ede767e0136edef80b022f5c1a5b5f6d77b796
urn:ure:t6:occ:function:current-client:00b1e9f0	0x00b1e9f0	simple	FUN_00b1e9f0	10	1	29	7f4eecad0819305060d2fbb06b97eb94204ad579676c17fc03f7046369c20f1c
urn:ure:t6:occ:function:current-client:00b1ea90	0x00b1ea90	simple	FUN_00b1ea90	10	1	29	b1603bca12a6cc78f75e6ed8a554ffa809e6b132f130f4107664e353f28fb9c0
urn:ure:t6:occ:function:current-client:00b2b9f0	0x00b2b9f0	simple	FUN_00b2b9f0	10	1	29	cc2503d9b12871b51a3bd49ca81c2638653713bd7e17b91156a753d6281ee930
urn:ure:t6:occ:function:current-client:005b99f0	0x005b99f0	simple	FUN_005b99f0	10	1	30	7d0ef8fba430deabff391f7c0533362dffbca6ebf02f3ff0c8bc92e0ac688b41
urn:ure:t6:occ:function:current-client:005ec2a0	0x005ec2a0	simple	FUN_005ec2a0	10	1	30	eeb5ac3bf39841872b5e6e9a5f37b05ff19e217f7925537e0a00e17a90e91ba1
urn:ure:t6:occ:function:current-client:006a47e0	0x006a47e0	simple	FUN_006a47e0	10	1	30	f2996a261f0bfadfde336fa5ffac5e9aed5388d93c765beba4afa5df74dac56c
urn:ure:t6:occ:function:current-client:00a5b3d0	0x00a5b3d0	simple	FUN_00a5b3d0	10	1	30	5f76a5d9363f84c1ea694431d69994d96b0078310281846fb63d9640965ea11c
urn:ure:t6:occ:function:current-client:00b36130	0x00b36130	simple	FUN_00b36130	10	1	30	c5f92d300e7115c119c10799c72b658ad318ca8d0d9cf68f9e6d49deab0875ff
urn:ure:t6:occ:function:current-client:00483110	0x00483110	simple	FUN_00483110	10	1	31	0e02db97708d49745067df241b07a97aadc8aec059e6353ccc8d9060cfa4c47d
urn:ure:t6:occ:function:current-client:007031a0	0x007031a0	simple	FUN_007031a0	10	1	31	1c2bbd1216dc146ddf5b442dec8c7b4dc332f42e0843570949649874374e8e4f
urn:ure:t6:occ:function:current-client:005176e0	0x005176e0	simple	FUN_005176e0	10	1	32	e0894391e60640b33c7abe091eb51332f89613e616c3b10dc0b91ab9ab195e16
urn:ure:t6:occ:function:current-client:00629760	0x00629760	simple	FUN_00629760	10	1	32	3c816fa5904095466b594075fe6e42673eabde3e84d96fad815676a3136f733b
urn:ure:t6:occ:function:current-client:006fd620	0x006fd620	simple	FUN_006fd620	10	1	32	a844cefd5269b2c824879eea639650e87c98c4ae1cca0de78da1558b5a01b576
urn:ure:t6:occ:function:current-client:008fe380	0x008fe380	simple	FUN_008fe380	10	1	32	346de23e396eee4d868ac6f40b02ce0874ecc2e0d7cd3596055cf51cf226ee56
urn:ure:t6:occ:function:current-client:00a5d7e0	0x00a5d7e0	simple	FUN_00a5d7e0	10	1	32	8c3ff28b42ddea0935f8d5b0e5741a5c05175d1f2ae0d16c93df04292609a83c
urn:ure:t6:occ:function:current-client:004f7b90	0x004f7b90	simple	FUN_004f7b90	10	1	33	9d25e462811041f1a2ff91cf11794b878adbe9357af0d38233f2116b2c0303bb
urn:ure:t6:occ:function:current-client:006106b0	0x006106b0	simple	FUN_006106b0	10	1	33	7200b48c907d7404a5f35f1ef8826b552c3839dbf142dba283789540f46fe79e
urn:ure:t6:occ:function:current-client:00620380	0x00620380	simple	FUN_00620380	10	1	33	526f23c950623c4102c46429e29032d941f43af5077f096d2c81982c33e351f4
urn:ure:t6:occ:function:current-client:00622690	0x00622690	simple	FUN_00622690	10	1	33	cb513190551a1f780227705b0b3c96dd192aea35ec4981aa0924c251a0904e97
urn:ure:t6:occ:function:current-client:0048c790	0x0048c790	simple	FUN_0048c790	10	1	34	d37bb191eea421df06cf664b190709513c4ef2873534b1314746ebc8a8599588
urn:ure:t6:occ:function:current-client:004c0f80	0x004c0f80	simple	FUN_004c0f80	10	1	34	a3dc32a6f96abac11e64dd679e4c56e4053bf0627c268e7f2921b048fbcc2de1
urn:ure:t6:occ:function:current-client:004ea890	0x004ea890	simple	FUN_004ea890	10	1	34	0e8d0ae6bda7c7885c4ced7c4bdbaa76758aae5efdbd1f719c1148ae4f6c7316
urn:ure:t6:occ:function:current-client:0053d520	0x0053d520	simple	FUN_0053d520	10	1	34	d2f3a38619da656ebeac88fd029023a4b1070dd312797b31fb64adf3b04a09af
urn:ure:t6:occ:function:current-client:0065cde0	0x0065cde0	simple	FUN_0065cde0	10	1	34	248df004862376d1675b76480c52e908635fe84b862bbf6552879e0f3597b31b
urn:ure:t6:occ:function:current-client:006c1d30	0x006c1d30	simple	FUN_006c1d30	10	1	34	3ab3926ea5f15f8ec15b09bf8900a414c8517598612fccf00fb609454c675d4d
urn:ure:t6:occ:function:current-client:009964b0	0x009964b0	simple	FUN_009964b0	10	1	34	fd5c89971833f8cd57903b0d6c2de77260be529b27a5a71c0c5a2eb57dd6e220
urn:ure:t6:occ:function:current-client:009964e0	0x009964e0	simple	FUN_009964e0	10	1	34	4a34cc61bef2b4974e64ae1a01420ad81770b6adffbfe2737f99fe265d14f4e4
urn:ure:t6:occ:function:current-client:005660d0	0x005660d0	simple	FUN_005660d0	10	1	35	c8d2c513bd4b2384d17303f042c943e1369baea9dc364d192789b0382310665a
urn:ure:t6:occ:function:current-client:005bc980	0x005bc980	simple	FUN_005bc980	10	1	35	b898c976be4c43d59f1b37c01608b4d057fee5a9c93e192020a63e4fecef077a
urn:ure:t6:occ:function:current-client:006226c0	0x006226c0	simple	FUN_006226c0	10	1	35	a56ed1ed5be44d102ca682f4b54fba599a121dbb66391c48139b51e704c8a7b0
urn:ure:t6:occ:function:current-client:00a3a230	0x00a3a230	simple	FUN_00a3a230	10	1	35	b03053c61354f7ac3e0fb1de93a536204aa209ce833b7a9d2cda6acc44a11ebb
urn:ure:t6:occ:function:current-client:0041db20	0x0041db20	simple	FUN_0041db20	10	1	36	988ce468bcc4051267257b5c9b30bc9476b8969a620b8c17f48daad1e142b679
urn:ure:t6:occ:function:current-client:006e90e0	0x006e90e0	simple	FUN_006e90e0	10	1	36	b7fe9b1a9297ca6d341d9c6bbbe4bf53f90a4d8711adc4820261d34e2acc45b0
urn:ure:t6:occ:function:current-client:00419b50	0x00419b50	simple	FUN_00419b50	10	1	37	c23b8304ab34296e9f09274fd9b9caeb191f281b9801458fc34aa76fb7c95bfb
urn:ure:t6:occ:function:current-client:004a7350	0x004a7350	simple	FUN_004a7350	10	1	37	b9f05f2bf5bc9fe41b9ebb6bd22f78fb831ba3c1dc09ead4fafdc1ee102f0ec8
urn:ure:t6:occ:function:current-client:004ba0d0	0x004ba0d0	simple	FUN_004ba0d0	10	1	37	757f45fca384d6732d59b4c4745e469cff350200630fe57fca22c4d5a0a09188
urn:ure:t6:occ:function:current-client:004d44f0	0x004d44f0	simple	FUN_004d44f0	10	1	37	0c9f332fa7b9fa9e873f19c61e495dc5176cbc90e320612dd8ba2ead80dd23c4
urn:ure:t6:occ:function:current-client:004fae00	0x004fae00	simple	FUN_004fae00	10	1	37	1df7435f23411ec410c3c0cf2654655e215395e5649300486fcf8fdf2a7a5e95
urn:ure:t6:occ:function:current-client:00665030	0x00665030	simple	FUN_00665030	10	1	37	a223b87422565ad3ce12a4f2bacee47c650773146e9db547a0282018c7d6eedf
urn:ure:t6:occ:function:current-client:006b33c0	0x006b33c0	simple	FUN_006b33c0	10	1	37	0a7be673c8094fdb376ce9d4546655f29f5085f160230658293d85c469cbec5f
urn:ure:t6:occ:function:current-client:006eac80	0x006eac80	simple	FUN_006eac80	10	1	37	25ca3f8e4dcda7b93bc41b00649d9cce3ab2d531a6bb3e08767943891055bd6a
urn:ure:t6:occ:function:current-client:00ae74d0	0x00ae74d0	simple	FUN_00ae74d0	10	1	37	808a74654d073cbdc1aceb7921c113bb9a8fc5303e7942be0fef26c45d437abb
urn:ure:t6:occ:function:current-client:00474db0	0x00474db0	simple	FUN_00474db0	10	1	38	9efd960a9cb180434762dc02063be95f3179fdbcc2e23695de2acf4187572b93
urn:ure:t6:occ:function:current-client:00acd110	0x00acd110	simple	FUN_00acd110	10	1	38	adbfadf6831bec973a7c85fb219890fa7af50cc78aca7d21cf094bb829385983
urn:ure:t6:occ:function:current-client:004a7e00	0x004a7e00	simple	FUN_004a7e00	10	1	39	f311b6915583832611f7d9686f1b0d7ae7550fea04e4a4f3e640cb688d0659ef
urn:ure:t6:occ:function:current-client:00511670	0x00511670	simple	FUN_00511670	10	1	39	36c3eaa65dcc1db7d5cffd5bc5897868e5000e19ce034f18485e80e1fbf658d4
urn:ure:t6:occ:function:current-client:005c8500	0x005c8500	simple	FUN_005c8500	10	1	39	67f6e4b80b149af8d0c1374101494008ed1c9ea4974ad870e72deb1724dc4326
urn:ure:t6:occ:function:current-client:007108b0	0x007108b0	simple	FUN_007108b0	10	1	39	c38823541dc88b0f22741501d48f3e0bb1c9e2c3865599695d0d0d69fa2dd0c2
urn:ure:t6:occ:function:current-client:00af3810	0x00af3810	simple	FUN_00af3810	10	1	41	fd536134042468e6d4fb3c284832d113a77aaa9f67bb046efd5f4358a8ac1b8a
urn:ure:t6:occ:function:current-client:005d9710	0x005d9710	simple	FUN_005d9710	10	1	46	030eff920483f72098d44aea443d17d05b80079a8cb491137d343ea5cd3f0757
urn:ure:t6:occ:function:current-client:00563530	0x00563530	simple	FUN_00563530	10	1	48	7451651113025231bf3ede80d9339943e4e219e7a9cb5e4a5553e7d54e9df7b2
urn:ure:t6:occ:function:current-client:005a5e20	0x005a5e20	simple	FUN_005a5e20	11	1	21	ddd8a08bb7cc5a9a5846399a31fcce1ee12291114ef803574166a2f352671004
urn:ure:t6:occ:function:current-client:005dbaf0	0x005dbaf0	simple	FUN_005dbaf0	11	1	22	538dd65858e114b82a697bc7a65e0ba5c5bf0a2f61914720da4c48b5e7e38c86
urn:ure:t6:occ:function:current-client:00a2d770	0x00a2d770	simple	FUN_00a2d770	11	1	22	9e75bb96b3528f902db0aeb0f8bd9f70ba951d522841e809f9377debdea20224
urn:ure:t6:occ:function:current-client:00a4ee80	0x00a4ee80	simple	FUN_00a4ee80	11	1	22	fde0dbbdc542bd4b2ee0c9350ee651b6ce84a538bbc0118e1793f7902fcdb739
urn:ure:t6:occ:function:current-client:00a849cb	0x00a849cb	simple	__inc	11	1	22	d5fffd40d7f767e86b3336cfb0b47cac4f68432bdf3a05d70210c0076fcd5f9b
urn:ure:t6:occ:function:current-client:00a8fc08	0x00a8fc08	simple	__ismbblead	11	1	24	8c6a7fcb127386f1216f63101d09d90cc6562762ddd2f6e99664b841a8756d6d
urn:ure:t6:occ:function:current-client:0043bb10	0x0043bb10	simple	FUN_0043bb10	11	1	25	80ead43b13f909a595471de23e18f43b0bbd3257085650e7f10043c281bbdd9b
urn:ure:t6:occ:function:current-client:00a1daf0	0x00a1daf0	simple	FUN_00a1daf0	11	1	25	a77e3df5952b9200a1029b6c7a499eafddcc2ac783c19edd71fb85bcf1166a36
urn:ure:t6:occ:function:current-client:00a8dc39	0x00a8dc39	simple	_EH4_TransferToHandler	11	1	25	79796347b2588ecf016f4dd9d44343116d40d0ccb7d9d01499879c9dc257adfa
urn:ure:t6:occ:function:current-client:00a8fbef	0x00a8fbef	simple	__ismbblead_l	11	1	25	ef2bc90b485227c30932b8e932259998babbd795428e31458f1f43df11e9aa9c
urn:ure:t6:occ:function:current-client:00444870	0x00444870	simple	FUN_00444870	11	1	26	b71185208ebf2bc9889428ee07707d7ffbe5ba02f372c7a89ec3b0c7e0651b4c
urn:ure:t6:occ:function:current-client:004d4bb0	0x004d4bb0	simple	FUN_004d4bb0	11	1	26	9d192197a737bed72888bdf7fb9d13a8003a89ba3806c85f7207ecf0a8b93a9b
urn:ure:t6:occ:function:current-client:006499f0	0x006499f0	simple	FUN_006499f0	11	1	26	fee7b07e42e595a0bf6130e1031660921c75476716ca046a1ef22756b9aaf67d
urn:ure:t6:occ:function:current-client:00a1e300	0x00a1e300	simple	FUN_00a1e300	11	1	26	dd17733011ccf9afe42b9bb5080cc3e3152df0b6d6250b8ce7e971a014c026a5
urn:ure:t6:occ:function:current-client:00a7ba33	0x00a7ba33	simple	_wcstombs	11	1	26	651f3b04c68605b87b0896555b921b672ed7383488a85f7dbb77a8860de72c28
urn:ure:t6:occ:function:current-client:00a7d8e1	0x00a7d8e1	simple	__aligned_realloc	11	1	26	51435533025e9a356e392332fe80b9a2252b42bfadbf1f0af42f0fbf7f22a1ba
urn:ure:t6:occ:function:current-client:00a801e4	0x00a801e4	simple	_vsprintf	11	1	26	cd78917148c655df39f3db8e1b9afdb3d30361518524dfa51cba351d75f8817d
urn:ure:t6:occ:function:current-client:00a82b8d	0x00a82b8d	simple	__fassign	11	1	26	23d2d6a000016d3836341ca3e154cf8f1d34c3a6030f37dcfe5a04117f4dba94
urn:ure:t6:occ:function:current-client:00a895da	0x00a895da	simple	__mbsnbicoll	11	1	26	66991f6b81f4b862a664f72a5f7b479ddc3101af6cb96be81c4d1306c9cd2178
urn:ure:t6:occ:function:current-client:00a91900	0x00a91900	simple	__ultoa_s	11	1	26	eab72211e18d4da0db0fac6cd177747ebe480e81b1903b7af818b27237a679f3
urn:ure:t6:occ:function:current-client:00a97f11	0x00a97f11	simple	_mbtowc	11	1	26	9fd41c621a242bb1f814099cf02d4e63367aa935c7490773eb518d0046d06048
urn:ure:t6:occ:function:current-client:00a9974d	0x00a9974d	simple	__mbsnbicmp	11	1	26	de4403bf755bdb8acc32ed14421253bf242ec77fcc3084608bdc387a22ab1d0c
urn:ure:t6:occ:function:current-client:00a998b3	0x00a998b3	simple	__mbsnbcmp	11	1	26	78597e9e37c60fc42b3f8402c07146b95958a7197b791062328191cc2f872350
urn:ure:t6:occ:function:current-client:00a9b4a2	0x00a9b4a2	simple	__mbsnicmp	11	1	26	7ac3a0f12106e7426a7f6addba61fdeaedeb0e5a8da8853fc6e61670ba915dd0
urn:ure:t6:occ:function:current-client:00479520	0x00479520	simple	FUN_00479520	11	1	27	444d2a4686fee87b7e72f1ae3569cd77695e12b273a0be24c3f3f8d050942107
urn:ure:t6:occ:function:current-client:0047c120	0x0047c120	simple	FUN_0047c120	11	1	27	05746ccb37c79ac8230a3fbcb43a4ae87f83b5f571e58f0397fc5c83dc93c6c2
urn:ure:t6:occ:function:current-client:005cdb20	0x005cdb20	simple	FUN_005cdb20	11	1	27	d96bffc2d3a949d4e79980132a424a8f851e36cf8a18d2118c27266146dcfaab
urn:ure:t6:occ:function:current-client:00704a60	0x00704a60	simple	FUN_00704a60	11	1	27	4af4e9dae7861e6e813143a5c18bffa7a0ab4588ae5e198938ed6986d0901262
urn:ure:t6:occ:function:current-client:008c7810	0x008c7810	simple	FUN_008c7810	11	1	27	ce54ac6720c9b3c9a7de717aa143f82713d46da57eee32fa6d7ef3dcfcd863fc
urn:ure:t6:occ:function:current-client:00a7a086	0x00a7a086	simple	FUN_00a7a086	11	1	27	8508dcbd89f18c4719128fe73bb49cea0b3995bf2f8493d1da7abd9513112815
urn:ure:t6:occ:function:current-client:00ac8560	0x00ac8560	simple	FUN_00ac8560	11	1	27	d46509b41d8c3ba6a3bb4d2739b6b3f777157c9a4f4f994c81809104302d71ee
urn:ure:t6:occ:function:current-client:00af4100	0x00af4100	simple	FUN_00af4100	11	1	27	12360bb5b7642bda78c07a0a03d6388222bdb59d9734c479f7dc6a151693f7e2
urn:ure:t6:occ:function:current-client:005152d0	0x005152d0	simple	FUN_005152d0	11	1	28	0bef8beccd33d74ec5360f47d3b156e910e438333b3b4e802a1d297a2b33070a
urn:ure:t6:occ:function:current-client:005c0010	0x005c0010	simple	FUN_005c0010	11	1	28	07b12873daa265cb881c1d1628e4a2c2bb2e3a84186ce51f369e02d9b530d39d
urn:ure:t6:occ:function:current-client:006016c0	0x006016c0	simple	FUN_006016c0	11	1	28	da5828e735fdd824a20bb4e24cc3cb9c6da06cc674a95d2530ae616c2df5dff0
urn:ure:t6:occ:function:current-client:006e3e10	0x006e3e10	simple	FUN_006e3e10	11	1	28	e7bddaa8dec7a57d257341218a806f7761d576549382045002ae59a9edbf53bc
urn:ure:t6:occ:function:current-client:006e9570	0x006e9570	simple	FUN_006e9570	11	1	28	827d6c3da38c105c8c23b0c506eafa619c365fc143f64803ff3af5f0c9579fdb
urn:ure:t6:occ:function:current-client:009fd300	0x009fd300	simple	FUN_009fd300	11	1	28	0c948fd9ef1c3e361bd4170d157f461dafa8183099cc90349362fec8d0fed155
urn:ure:t6:occ:function:current-client:00a8025a	0x00a8025a	simple	FID_conflict:__vscprintf_p	11	1	28	f4b9a7c93fde563706c2641bd9a94f94bb778814adc1ae31e8d94704fbe5039a
urn:ure:t6:occ:function:current-client:00ae1520	0x00ae1520	simple	FUN_00ae1520	11	1	28	d8f377acc570a70ae069bc85c3f4f6071c09d66a15a0aab697348980c4d9b8c4
urn:ure:t6:occ:function:current-client:00ae1920	0x00ae1920	simple	FUN_00ae1920	11	1	28	fc774944854f636765172720ee1731b50d37ca1421635c0711951c3cd1b369d7
urn:ure:t6:occ:function:current-client:00b30e60	0x00b30e60	simple	FUN_00b30e60	11	1	28	e04eb119957e5b42589941be0136e71ded93ac4a480a3a796c200b46651a15ed
urn:ure:t6:occ:function:current-client:004ac4c0	0x004ac4c0	simple	FUN_004ac4c0	11	1	29	5cea357828d108a1ab0e62b1b723b6585cfa2fcb68ae64834f61fa545e9ae77a
urn:ure:t6:occ:function:current-client:00533c10	0x00533c10	simple	FUN_00533c10	11	1	29	e16b89e04db33eb2b63c0ba65c2eb44e5e95ba103ea28bf8f24f8c2fdd02c7db
urn:ure:t6:occ:function:current-client:00552e10	0x00552e10	simple	FUN_00552e10	11	1	29	31273c0994779ed29dc9912f614f64129ca8855f214b7dbaf746016559f0a8d0
urn:ure:t6:occ:function:current-client:00563e30	0x00563e30	simple	FUN_00563e30	11	1	29	ba90bd49a33d6e7043914e2e995f38748a98beb67bcb05bb7a4a3ce24c188580
urn:ure:t6:occ:function:current-client:00573f10	0x00573f10	simple	FUN_00573f10	11	1	29	6b9ea6cb035545e4bdda60a8d651a06cff3e754ca4eb0a61d1b11621b390b635
urn:ure:t6:occ:function:current-client:00632ce0	0x00632ce0	simple	FUN_00632ce0	11	1	29	e2347336a3aff2a2b837696f758bdd5f2b23d5da9f787733fcfe642242a4e685
urn:ure:t6:occ:function:current-client:00644ab0	0x00644ab0	simple	FUN_00644ab0	11	1	29	b1c2ddb0abfa014f751dcfe4117b5990de6186146a1a99651900ec67173a82a2
urn:ure:t6:occ:function:current-client:00688fc0	0x00688fc0	simple	FUN_00688fc0	11	1	29	adccd79f07efee5b26a060cd0cc1caba361f0b60f4ff9da6bcbb57cd0ae2d73b
urn:ure:t6:occ:function:current-client:006a40d0	0x006a40d0	simple	FUN_006a40d0	11	1	29	e8deb999ea0eed12c70b1db771393c0abaaa75a6bcce927cd959e60b30ae9844
urn:ure:t6:occ:function:current-client:00700ee0	0x00700ee0	simple	FUN_00700ee0	11	1	29	6ed73e4413645a47e81828a7909bb11371cbf155a94a08d1890a55112aeef010
urn:ure:t6:occ:function:current-client:00879410	0x00879410	simple	FUN_00879410	11	1	29	9148e9c9ad691a89a5c0cafb6a084a427ad77565641de65e191938d936ba6267
urn:ure:t6:occ:function:current-client:008cd5c0	0x008cd5c0	simple	FUN_008cd5c0	11	1	29	599cde93772f0e45415289807ee9be8a539cd665aabc34fb503431ad2e28eae7
urn:ure:t6:occ:function:current-client:00a3f690	0x00a3f690	simple	FUN_00a3f690	11	1	29	75366db46e7238f1f7187aed0ec27335dbfae5ee4de2c7cd8331cebb6047a32f
urn:ure:t6:occ:function:current-client:00a43280	0x00a43280	simple	FUN_00a43280	11	1	29	6250217d517d577be85f562f36ddf9a57d85b4de55ffbf89b7a4ff56076179bf
urn:ure:t6:occ:function:current-client:00a43660	0x00a43660	simple	FUN_00a43660	11	1	29	2fa130d98b9b16a2eefd8ce0b105b505e2c7214e7fd9c86323cae064d01e1b6e
urn:ure:t6:occ:function:current-client:00a43750	0x00a43750	simple	FUN_00a43750	11	1	29	76372a00ed0eab6ed209cf7eccc9d801a27c5970658dc1873f550673672ebf8b
urn:ure:t6:occ:function:current-client:00acad10	0x00acad10	simple	FUN_00acad10	11	1	29	2d55e182a9c927269e6d7d6afff2a21d1939e52ac840a0f16fb39455ae17171e
urn:ure:t6:occ:function:current-client:00af8990	0x00af8990	simple	FUN_00af8990	11	1	29	68f76d8df5b29b4fff3e4c34ea286e4930df14f9bca102f2e9c690ab3026209c
urn:ure:t6:occ:function:current-client:00b05c50	0x00b05c50	simple	FUN_00b05c50	11	1	29	6b86790b91d58585e0765c963f3cc03416c8fe35b458c9b7d99fc5163ed6cc91
urn:ure:t6:occ:function:current-client:00b05cb0	0x00b05cb0	simple	FUN_00b05cb0	11	1	29	cb0efdd91c41303ced1f529edecc010331a1a55a62fe2ebc30c5c6b5716fbba6
urn:ure:t6:occ:function:current-client:0055d0c0	0x0055d0c0	simple	FUN_0055d0c0	11	1	30	68b4734164452ee75452737afe80e26fa0e1a19beb337799f2ce66290d5b8c99
urn:ure:t6:occ:function:current-client:006049d0	0x006049d0	simple	FUN_006049d0	11	1	30	c5295e2d4c97f7b0736e4e68fa32d49e21fe506ff430d90aab14abca5bbc1782
urn:ure:t6:occ:function:current-client:00654250	0x00654250	simple	FUN_00654250	11	1	30	5555cbb838aa885e0db5e3541eadfe203273c7bbfe979fc73e45f3d70e883d97
urn:ure:t6:occ:function:current-client:00659840	0x00659840	simple	FUN_00659840	11	1	30	9585934d2437dd8a5a4f83e046f0c6accdf6f63aa4f22664ea774802c3eee4d1
urn:ure:t6:occ:function:current-client:006b9c10	0x006b9c10	simple	FUN_006b9c10	11	1	30	0889a2aa22a555c5b26315bc27357027790b438f51ab2e482778273498881a56
urn:ure:t6:occ:function:current-client:006d4d70	0x006d4d70	simple	FUN_006d4d70	11	1	30	eed582d9841965d88fafd1f2c86dca1101839670f26d46723e9019957721e308
urn:ure:t6:occ:function:current-client:007014b0	0x007014b0	simple	FUN_007014b0	11	1	30	4e8529650cd6201eb298531917eddf58104934292a84cd4fdb7a16e03f86ff1f
urn:ure:t6:occ:function:current-client:00a439d0	0x00a439d0	simple	FUN_00a439d0	11	1	30	4163763e3b360197d884cf18777f595f2c904d16c0b82d097a967ef64086f5b1
urn:ure:t6:occ:function:current-client:00a4ce80	0x00a4ce80	simple	FUN_00a4ce80	11	1	30	b64e9e18c68ce0c68aa805bd41565b57d997257a1c4a22c6b05518af47fb3644
urn:ure:t6:occ:function:current-client:00b28b60	0x00b28b60	simple	FUN_00b28b60	11	1	30	10ca0636e6b76074a252d8eeb13c5f58ef1bf70aef96076c649a6cd71b998fdd
urn:ure:t6:occ:function:current-client:00427820	0x00427820	simple	FUN_00427820	11	1	31	5e7fe289474b4977a083d9b4ca715e4ea6cb9f42379525e4d806054905dce0d2
urn:ure:t6:occ:function:current-client:0043cc80	0x0043cc80	simple	FUN_0043cc80	11	1	31	bf335971524fbf7c80dbde32c49a48ae73f75f47a6ac94300d688595673588d5
urn:ure:t6:occ:function:current-client:0048f150	0x0048f150	simple	FUN_0048f150	11	1	31	d31d6402b5d9b16aa466c395ea7e7cd156701b65528e1cfc3e25a4544384c142
urn:ure:t6:occ:function:current-client:005e4fc0	0x005e4fc0	simple	FUN_005e4fc0	11	1	31	65756a77d99003da13c23cbd54ccf35e703b6dfe5d359d817a16897db3d3f177
urn:ure:t6:occ:function:current-client:00779b90	0x00779b90	simple	FUN_00779b90	11	1	31	da4a88bb1bca8965f3839a7a8aa71423a459039e2259c86816c0278aa9c8eac7
urn:ure:t6:occ:function:current-client:00465bc0	0x00465bc0	simple	FUN_00465bc0	11	1	32	120ad4a509fb6df8df138ccea7a2dcdaada112d8ed9eac31cd38ceb92a5ec5bd
urn:ure:t6:occ:function:current-client:004735c0	0x004735c0	simple	FUN_004735c0	11	1	32	b95835029dad2dd837a55310810914cc9d324e5d061c06ea8985dc5141e1afb1
urn:ure:t6:occ:function:current-client:005c6c40	0x005c6c40	simple	FUN_005c6c40	11	1	32	1a7d82e1dee0147253c813b831c51e7cc359fcb82f2faebdbd7bf69b9216ae5a
urn:ure:t6:occ:function:current-client:006370b0	0x006370b0	simple	FUN_006370b0	11	1	32	7522542b58bbcb51a35e88534d325bcf0c414f473fdb1183ee5e2e13b08306e4
urn:ure:t6:occ:function:current-client:0041fcb0	0x0041fcb0	simple	FUN_0041fcb0	11	1	33	cfa9fea53023924f994e76f9ce05b59296adfa5628b037d133a7e1b6a7158f00
urn:ure:t6:occ:function:current-client:004897f0	0x004897f0	simple	FUN_004897f0	11	1	33	940db00bc2132bb3f465c3517331b7ab263969a4ab8d56f3bf5f1f2faa5c8cb1
urn:ure:t6:occ:function:current-client:00601420	0x00601420	simple	FUN_00601420	11	1	33	84290f764a858011fd5fb87250be729b2bfc7cf09396a0b72d2aeef84cacac6b
urn:ure:t6:occ:function:current-client:00996480	0x00996480	simple	FUN_00996480	11	1	33	d6ae71f78bf8b0a25c5411bfe4d6b1154a48849bf9502251aab542cea29c6043
urn:ure:t6:occ:function:current-client:00b28b80	0x00b28b80	simple	FUN_00b28b80	11	1	33	b8b95a78afd55b681f838414c1efcc820b76b2ffe4325932ea63db078a1abb81
urn:ure:t6:occ:function:current-client:00483010	0x00483010	simple	FUN_00483010	11	1	34	20b90ae4a1debe9b2d8e4877409452a20e73b4bbdb02a8229f265dcde90f66d3
urn:ure:t6:occ:function:current-client:004f0ca0	0x004f0ca0	simple	FUN_004f0ca0	11	1	34	de9ec8859ffe4699b9afcff4b2e79093257e5c6e1f0de91ef628addd96c52316
urn:ure:t6:occ:function:current-client:00516020	0x00516020	simple	FUN_00516020	11	1	34	560a7410f73610b7a38090a8dc44c07e88d17ade2b24d0dfe5b3ffae29da41b6
urn:ure:t6:occ:function:current-client:005375e0	0x005375e0	simple	FUN_005375e0	11	1	34	dc4cb90d5374cc18395218820a6a553379b2c7db6c7b75e85ab290a3de3b527e
urn:ure:t6:occ:function:current-client:0055d030	0x0055d030	simple	FUN_0055d030	11	1	34	407c7c2d86a4e1721bf4b0faf777c7c94da40850ad5c21363d1d81efe8932eca
urn:ure:t6:occ:function:current-client:005d9bf0	0x005d9bf0	simple	FUN_005d9bf0	11	1	34	3aff5245991ae6ff50ae8e70bffb5f40f90ff08ae294e4ea424438f935e44030
urn:ure:t6:occ:function:current-client:005f7770	0x005f7770	simple	FUN_005f7770	11	1	34	ed9834de07754dac9c7b534c7ed9e7341c76fda9394c2329591ee7c0cc3dd6f6
urn:ure:t6:occ:function:current-client:00626670	0x00626670	simple	FUN_00626670	11	1	34	dd1d7c35f0b952090c768366514fe48a8e1b6cf775d90d2887c7a690e9ba1a9d
urn:ure:t6:occ:function:current-client:006ac830	0x006ac830	simple	FUN_006ac830	11	1	34	88b0c54a4e2a200a9c3256ca98cf393c6976b1afaa96172befee446b7498bf7b
urn:ure:t6:occ:function:current-client:0053bfb0	0x0053bfb0	simple	FUN_0053bfb0	11	1	35	2cc7a62c307e843b104ce5aaaee7dba9ed797373debe98ee4425d2823acc6b90
urn:ure:t6:occ:function:current-client:0057c590	0x0057c590	simple	FUN_0057c590	11	1	35	0dae7ba7374470bbfb4d813c258fd0619d8a3fccfb3d23c90ba1c1bcbd2df40c
urn:ure:t6:occ:function:current-client:00685d20	0x00685d20	simple	FUN_00685d20	11	1	35	9207bd6ec5fc97b6424ba1f48bd44c48072db5824aab7b04d6709095f58a4451
urn:ure:t6:occ:function:current-client:004567a0	0x004567a0	simple	FUN_004567a0	11	1	36	d04adbacb2dbb3a0e8f8357b0e034e2227b8c7514c89c03912ac9cf816c5059c
urn:ure:t6:occ:function:current-client:0045c5f0	0x0045c5f0	simple	FUN_0045c5f0	11	1	36	b53e85d02363c1de3eb4e508ecff9307688e35ee317b02a807267b94d973d0ed
urn:ure:t6:occ:function:current-client:0049af80	0x0049af80	simple	FUN_0049af80	11	1	36	8dca8c6bd025073742eca43286a62abce75fc843c75d3999c5c14a50b384e973
urn:ure:t6:occ:function:current-client:005213e0	0x005213e0	simple	FUN_005213e0	11	1	36	ab65fe9e88c7fc901c6fdd5deaa9f99baea02ac37b6f3278bd2c514c8d0cd083
urn:ure:t6:occ:function:current-client:007788d0	0x007788d0	simple	FUN_007788d0	11	1	36	02bfc49fe0b8db88d0e43a81b442a574d44d2b769f4b5c59e5263b7c383a0e15
urn:ure:t6:occ:function:current-client:00778900	0x00778900	simple	FUN_00778900	11	1	36	58b1c97d92ee658e15cd683e5934b23386630da380195b244825708f95e8f41a
urn:ure:t6:occ:function:current-client:00778930	0x00778930	simple	FUN_00778930	11	1	36	4575d8bd7bc204be7c67924e47391a1b7f4de0d408b66ac4d2cbf90272c2133b
urn:ure:t6:occ:function:current-client:00778960	0x00778960	simple	FUN_00778960	11	1	36	7f4077afd2f0693411034185298cc9ac95843e81d2f7c5166776104b04888db7
urn:ure:t6:occ:function:current-client:00778990	0x00778990	simple	FUN_00778990	11	1	36	b0d2b563e1f9c6a0c64bcda75b642a2b1620528d10c45eb95e08aaa43571e182
urn:ure:t6:occ:function:current-client:007789c0	0x007789c0	simple	FUN_007789c0	11	1	36	dbfcb356907993f99ba66a7c550b70a7f83b9d58f669f458467a0cddf9f3d65f
urn:ure:t6:occ:function:current-client:007789f0	0x007789f0	simple	FUN_007789f0	11	1	36	8300d10f7ad6d3f6768d935616a9cf63df4860842edcea8e78ef7d400274e97b
urn:ure:t6:occ:function:current-client:00b2ba60	0x00b2ba60	simple	FUN_00b2ba60	11	1	36	534fd0fa0810a1fe4eec10c0a84df15ccb6ea042657bb0d943601f5a85ef08ca
urn:ure:t6:occ:function:current-client:00407630	0x00407630	simple	FUN_00407630	11	1	37	baa93c6f1b497bd89390b1d93253e5d1f0ebf9b98ef79bc9f52de81cd3e481c9
urn:ure:t6:occ:function:current-client:00417480	0x00417480	simple	FUN_00417480	11	1	37	5e9ad10f3a6c6e4525f8dcf9ec5ef7e05167a8db50fd9b78d58ba2505d327468
urn:ure:t6:occ:function:current-client:0044df20	0x0044df20	simple	FUN_0044df20	11	1	37	c0936fedf101c980b3aff765fd319cc0107f86e1e750b27bd9d06e3f1710f5f3
urn:ure:t6:occ:function:current-client:00480890	0x00480890	simple	FUN_00480890	11	1	37	4c69e0df289aa7c918a02794f47a98fa8c701d8986e3dfd2dead33adfc292eaa
urn:ure:t6:occ:function:current-client:004ce1d0	0x004ce1d0	simple	FUN_004ce1d0	11	1	37	2d649b7f7066961f98c20658366db8e7b490761e97b46bb5240d95e5e22fa696
urn:ure:t6:occ:function:current-client:0064f040	0x0064f040	simple	FUN_0064f040	11	1	37	eee3775ff7399a92ae70cf75cc743eb990415a2d6db5b3eb76b2b5f79846ab83
urn:ure:t6:occ:function:current-client:0066dd70	0x0066dd70	simple	FUN_0066dd70	11	1	37	8d69465598c667c0555ef115082fa6dd5e96b51a5ceb821e3b3836f01264d491
urn:ure:t6:occ:function:current-client:007fd860	0x007fd860	simple	FUN_007fd860	11	1	37	1069607b8dd6f286b54f88a92369d0be726f5f1370acfa7be7e66012c8982f49
urn:ure:t6:occ:function:current-client:007fd890	0x007fd890	simple	FUN_007fd890	11	1	37	17fe8d2ac1f7a023952c7b378d96988ce2ac1bfdceb16d3123f4e1ee58e0cd50
urn:ure:t6:occ:function:current-client:0043faa0	0x0043faa0	simple	FUN_0043faa0	11	1	38	5c9ea4a7ec8bc32d37a651602880cd9aab27d4f06124934992a24799a72e9314
urn:ure:t6:occ:function:current-client:00543f10	0x00543f10	simple	FUN_00543f10	11	1	38	cded4fcc22ce7b6376cca5add3cc960fdb5cef2c636f39d88137e1dcb4eaeab9
urn:ure:t6:occ:function:current-client:00590820	0x00590820	simple	FUN_00590820	11	1	38	9f4b0ad31fffb6d520cc4ce1b5efbe66a06d94a49f95996b5fdae6151c5854eb
urn:ure:t6:occ:function:current-client:00638010	0x00638010	simple	FUN_00638010	11	1	38	c553eefa4b2b91f2f3ee598dcb4a27cefd755dedb3245432c61bec2f35933942
urn:ure:t6:occ:function:current-client:00457cb0	0x00457cb0	simple	FUN_00457cb0	11	1	39	f1863f655bf1d24893fc916b2261cf0fc6f04e40ee320796a09a200d56489f61
urn:ure:t6:occ:function:current-client:004e2cf0	0x004e2cf0	simple	FUN_004e2cf0	11	1	39	890ea2bac8d975a9719b1c0eb221951d36557e75d77159be2d338cde0268eb91
urn:ure:t6:occ:function:current-client:006e38b0	0x006e38b0	simple	FUN_006e38b0	11	1	39	84bd3253ef08ca8af53fbb1d0dfd6fc6adb05dd88ec1caed7f4f9c4996024652
urn:ure:t6:occ:function:current-client:0044c4c0	0x0044c4c0	simple	FUN_0044c4c0	11	1	40	51598b89bceb6a341ad6081ce8b7fc251c43d4fcb2f31451bd927775181b18e3
urn:ure:t6:occ:function:current-client:006ca000	0x006ca000	simple	FUN_006ca000	11	1	40	b421d5a44dbfe6727e4d2e26f15f8ea1915e5686f9bb26caed2def6e40263582
urn:ure:t6:occ:function:current-client:00406480	0x00406480	simple	FUN_00406480	11	1	41	29d042f2d27dc25d983fee5d42779ce62dae12ae90b57bb5e3940bda6cee6243
urn:ure:t6:occ:function:current-client:004e08d0	0x004e08d0	simple	FUN_004e08d0	11	1	41	7487e87a7ab15d3e38efa650b46c46592e63fefc239b531e831cb40ca1cd890d
urn:ure:t6:occ:function:current-client:0057f7d0	0x0057f7d0	simple	FUN_0057f7d0	11	1	41	6fc45803bbcf87e5458c4ce3c605c6f331d1aec00f141dc9e4135df405bdba06
urn:ure:t6:occ:function:current-client:00573ee0	0x00573ee0	simple	FUN_00573ee0	11	1	42	46d590445beddbb07edfa4318c82ac790d4941ed3605f199146d313a8455f5f0
urn:ure:t6:occ:function:current-client:005e2e70	0x005e2e70	simple	FUN_005e2e70	11	1	42	453c89092e5e10d0119523e0644d2a0fa2820023ea6e24f5394a81ca3c992c13
urn:ure:t6:occ:function:current-client:004ce7d0	0x004ce7d0	simple	FUN_004ce7d0	11	1	43	5e591b37799e86bd8fbd4867e4fd9e9c37b619a8b1ab2452718b064169062f70
urn:ure:t6:occ:function:current-client:00584170	0x00584170	simple	FUN_00584170	11	1	43	d543c9d35526457c24bb796a67336db9e70672a7033ac0a6806f1d5d225cbe12
urn:ure:t6:occ:function:current-client:0061ebb0	0x0061ebb0	simple	FUN_0061ebb0	11	1	43	d771aeff4ba899d1bccd8166a55327a526f4e8007ae74873b6f4dbd5d0c61a1c
urn:ure:t6:occ:function:current-client:00a082e0	0x00a082e0	simple	FUN_00a082e0	11	1	43	bb39ea819d7b004f1e5094b95c1eb976631a7ed432b1f35773cc9df0acc4e1aa
urn:ure:t6:occ:function:current-client:00afd340	0x00afd340	simple	FUN_00afd340	11	1	43	d2590373aea321689eaa6c2c78314763f765e33c016b8c99449bf54b61e467be
urn:ure:t6:occ:function:current-client:00573000	0x00573000	simple	FUN_00573000	11	1	58	1f2a1eab91e1ca445d95c64f4a828c874b70d5e6344de074e8845c54a28a1b01
urn:ure:t6:occ:function:current-client:00456290	0x00456290	simple	FUN_00456290	11	1	61	f3e503668ba1cb8980f0b4e4dfb873584423e9a519abb2b58242d4bb371c2533
urn:ure:t6:occ:function:current-client:00a753ad	0x00a753ad	simple	_atexit	12	1	23	402145936f1b92f6ca01a0d3a60e9f163d31a62016b1f9742a22ffaf7610f9c6
urn:ure:t6:occ:function:current-client:00ae24e0	0x00ae24e0	simple	FUN_00ae24e0	12	1	24	e416bf4af2d777a3699b067090ffa356b10e207af25c5ef63fa8f3f582a24ee9
urn:ure:t6:occ:function:current-client:00a2e370	0x00a2e370	simple	FUN_00a2e370	12	1	25	d6ba70972392f25509ba042378acee99f8f8ff66ba59ed301ca6330814dfe474
urn:ure:t6:occ:function:current-client:004aaa60	0x004aaa60	simple	FUN_004aaa60	12	1	26	4813d64d00d846062781b08282eed811ebfeb867c339a0d5929c0c5f4359764c
urn:ure:t6:occ:function:current-client:00a1e1d0	0x00a1e1d0	simple	FUN_00a1e1d0	12	1	26	61fc142b5db8ace90873c0445ab6d16b87947807b9cecd64287aff46334425aa
urn:ure:t6:occ:function:current-client:00a50fa0	0x00a50fa0	simple	FUN_00a50fa0	12	1	26	53c665f044dcae53c10d3a438a88e2d70038eac2722d9a73219bfdaf5ed853c7
urn:ure:t6:occ:function:current-client:00a7d724	0x00a7d724	simple	__aligned_free	12	1	26	b7acd65948470945af785d7be43ff1baa5fb8d2571077298692aa06cc1dc7433
urn:ure:t6:occ:function:current-client:00ae1540	0x00ae1540	simple	FUN_00ae1540	12	1	26	775da73142679ae023233bdfb23042ab37b5f5bafcaf563a2c9240ef0dd47254
urn:ure:t6:occ:function:current-client:00ae1560	0x00ae1560	simple	FUN_00ae1560	12	1	26	e3af96efce91adce07a6343ea43c16351633309c8796b46a5cb173a48ab6efd5
urn:ure:t6:occ:function:current-client:005977a0	0x005977a0	simple	FUN_005977a0	12	1	27	82e3fefbcb00219b8095625c1b17bb575b2040ab2837950073e4aa67a09820b4
urn:ure:t6:occ:function:current-client:005ea670	0x005ea670	simple	FUN_005ea670	12	1	27	f4e1f0f9c7cbb6518a7f2b0d9cba2ea49918554e0b8f70a1a3d136a4e4a4d1a7
urn:ure:t6:occ:function:current-client:00a36240	0x00a36240	simple	FUN_00a36240	12	1	27	f7d9fd1e8a76d564bef8b54abd1440e7ede295ed057bf96fd071ace1bf4d96a1
urn:ure:t6:occ:function:current-client:0047a2c0	0x0047a2c0	simple	FUN_0047a2c0	12	1	28	533b187ca0b7d995dcbcf327203511c71cee7db60d62d0df86eebd8fee1413c3
urn:ure:t6:occ:function:current-client:0089bad0	0x0089bad0	simple	FUN_0089bad0	12	1	28	ce8be75c6ce5e8febec449e6ce3ce40086d6c73c0ba1116ac2a24e93b78dfe1a
urn:ure:t6:occ:function:current-client:008e9050	0x008e9050	simple	FUN_008e9050	12	1	28	c3ae284ebe1a0ab3cbff6ea4acee1785d867d43d9e8dfc96cacb0bbbfb457f38
urn:ure:t6:occ:function:current-client:00a2e570	0x00a2e570	simple	FUN_00a2e570	12	1	28	3d8172fcc05e19d4e7bc01784ad75e4dbee145a16f0bb6796c3115540a0695cc
urn:ure:t6:occ:function:current-client:00a301f0	0x00a301f0	simple	FUN_00a301f0	12	1	28	4153768c2234ffa1c381d2e7f7a8c89b19596cf4e32c3c3e8b8ab0b21db24d12
urn:ure:t6:occ:function:current-client:00a37ba0	0x00a37ba0	simple	FUN_00a37ba0	12	1	28	3439d305d97ff99d8a83ccf7a3d23f5322de40feb8dacc604c0159ec2e3c5719
urn:ure:t6:occ:function:current-client:00a3a200	0x00a3a200	simple	FUN_00a3a200	12	1	28	0dd19c770df79645664c7ae70dd69fc528ea5a9f0080accf35c68504558472db
urn:ure:t6:occ:function:current-client:00b14ed0	0x00b14ed0	simple	FUN_00b14ed0	12	1	28	565d53286887970bea3999bc895cddb4bd01c6c12c5bc8074c9a82f65a2d8ca8
urn:ure:t6:occ:function:current-client:0046a810	0x0046a810	simple	FUN_0046a810	12	1	29	4c4902d464c96a9249e072447ce3c30ca4e354002d60f7519bba8c43b0a85f88
urn:ure:t6:occ:function:current-client:0048a7c0	0x0048a7c0	simple	FUN_0048a7c0	12	1	29	bcc37ea631a94929f3039def2c6024fa64dfa08e4e78cbee16cefa77c2241680
urn:ure:t6:occ:function:current-client:005d40c0	0x005d40c0	simple	FUN_005d40c0	12	1	29	50993682c806f0c09fb28cf38a28cfafe9f356fee785a86de594417de60d93a2
urn:ure:t6:occ:function:current-client:0069f050	0x0069f050	simple	FUN_0069f050	12	1	29	c22df68c74cea512a97b60e531314a9f89df96269ef15175ecf436cc239d27a6
urn:ure:t6:occ:function:current-client:00a58c00	0x00a58c00	simple	FUN_00a58c00	12	1	29	f1a1f12fc78156d3015c4a35cac96eb00ed66105dac7d9d85793e5f1e9da316b
urn:ure:t6:occ:function:current-client:00a739ff	0x00a739ff	simple	__vsnprintf	12	1	29	819a64f5db9ae8bac3e41a53aff484227d9b3bbaba5ea2dde7301395e24e5b9d
urn:ure:t6:occ:function:current-client:00a78b6b	0x00a78b6b	simple	_fread	12	1	29	af1cd055d6efb8f0d7bfb0b049f7dd08ea4c59aa2a346ea46ded8157f3be1866
urn:ure:t6:occ:function:current-client:00a79c67	0x00a79c67	simple	__ui64toa	12	1	29	10e41000cee9a024c9df7ec383c187617203f991fd1533ba48846c6d1e3bb25e
urn:ure:t6:occ:function:current-client:00a8d577	0x00a8d577	simple	FUN_00a8d577	12	1	29	7f3ce13ad6693aa721b98015fc1fd2293c010972c146f2de0c3617824186b2e0
urn:ure:t6:occ:function:current-client:00a8fc20	0x00a8fc20	simple	__mbsnbcpy_s	12	1	29	075b6ee8265aebfa699fce956eb6c031ea5e51cced8d21b8a2238550db789808
urn:ure:t6:occ:function:current-client:00a97937	0x00a97937	simple	_wctomb_s	12	1	29	3813340483cbf1bb7cda6da4777ece7f713f6d899029772cfdbca8b138ab4123
urn:ure:t6:occ:function:current-client:00a9b4e1	0x00a9b4e1	simple	FUN_00a9b4e1	12	1	29	d352add69a0277b92a98dca76d372a01e55d849bea209f43ad9814f286fafbf3
urn:ure:t6:occ:function:current-client:00a9b52e	0x00a9b52e	simple	FUN_00a9b52e	12	1	29	483d5902dd28641192651924540c54c1f1148eaa10e25566b610e5595fee84fe
urn:ure:t6:occ:function:current-client:00a9b57b	0x00a9b57b	simple	FUN_00a9b57b	12	1	29	46d8632fa92c186a52d37a2c1701c93204351eefe044a2e380c5fec47a8a4564
urn:ure:t6:occ:function:current-client:00ac1450	0x00ac1450	simple	FUN_00ac1450	12	1	29	09565f5baff4a2a0e1af237afe88e7bbc82d7c7b1a107cb02334e97decef2ca2
urn:ure:t6:occ:function:current-client:006306a0	0x006306a0	simple	FUN_006306a0	12	1	30	d0a60544825e7b10963b32a3900ee1c78027576e95fe784cc8b6a630f61fc681
urn:ure:t6:occ:function:current-client:006a70b0	0x006a70b0	simple	FUN_006a70b0	12	1	30	0ab07d7ab7961f68f9d2faf208013ac8fca906127f5caf93592b861b22255267
urn:ure:t6:occ:function:current-client:00a73836	0x00a73836	simple	std::exception::_Tidy	12	1	30	e6dd193c37cebc29eec610eadd3e5623f7f04a6eb238ed96534676feb8007e43
urn:ure:t6:occ:function:current-client:00426a80	0x00426a80	simple	FUN_00426a80	12	1	31	61f0c7261a06014cab779433dabe9da513c2fe5e1d57f349c52ca1bf89e72539
urn:ure:t6:occ:function:current-client:004277b0	0x004277b0	simple	FUN_004277b0	12	1	31	dd696e6c2339fd37f7974beeafacfae00f57027142125044966a7fa23068475c
urn:ure:t6:occ:function:current-client:00518d50	0x00518d50	simple	FUN_00518d50	12	1	31	2e70590eaba5269a47a104ed2c2645e8a5ea87444beb261233d916a7dbaef709
urn:ure:t6:occ:function:current-client:005922a0	0x005922a0	simple	FUN_005922a0	12	1	31	1d2e303938d6bd71079d42fc8d342f245d219647de925e84941116f5b8d23af9
urn:ure:t6:occ:function:current-client:00600180	0x00600180	simple	FUN_00600180	12	1	31	e36f744f90954847e6c495f5f309f00c5fe60b69f978799525f21ec827a7f646
urn:ure:t6:occ:function:current-client:00686bb0	0x00686bb0	simple	FUN_00686bb0	12	1	31	99f460e7201f83f8d0620d46c9a47f09596705c32e8924c905b4efc3ab38dc22
urn:ure:t6:occ:function:current-client:006d8d90	0x006d8d90	simple	FUN_006d8d90	12	1	31	cd2c3192575415e42eb8b42d7faf277ddb7dc7af26bc76c86d2257d566200af2
urn:ure:t6:occ:function:current-client:00726660	0x00726660	simple	FUN_00726660	12	1	31	fd812e540326b60bebead75c7c8ca5d79714fceea328f18e89f0494d7697a426
urn:ure:t6:occ:function:current-client:009fd320	0x009fd320	simple	FUN_009fd320	12	1	31	b4e74c175c6f3b44706e422b2ee58b8547e5bfee78ccb01e50ebb3d88aa71899
urn:ure:t6:occ:function:current-client:00a7cc71	0x00a7cc71	simple	FID_conflict:_vfprintf	12	1	31	865ad0a74e8f521f0d7d1f6fddb6ef384e235caa9f1f7dd8a4ce34b38e094e0b
urn:ure:t6:occ:function:current-client:00adf6c0	0x00adf6c0	simple	FUN_00adf6c0	12	1	31	813a41de32f7af047fd9610dc9bace42e48734020f9a2360a6d2248b1bc2e934
urn:ure:t6:occ:function:current-client:00443680	0x00443680	simple	FUN_00443680	12	1	32	7bc3ef72345d9c8e5a60b9f4be1f0ced71e5a516003f71e32642d06ca962447d
urn:ure:t6:occ:function:current-client:0058d2e0	0x0058d2e0	simple	FUN_0058d2e0	12	1	32	241ee228f79763b8250e13e8a88a37238f95612a4962ff18703908e7b0cc6dbd
urn:ure:t6:occ:function:current-client:0067c520	0x0067c520	simple	FUN_0067c520	12	1	32	a76156a07d182f0295c68c2080f94e802de8b22faf2eb1eb6dc4de81561c2fa1
urn:ure:t6:occ:function:current-client:006ac810	0x006ac810	simple	FUN_006ac810	12	1	32	d909d1b61909426ed23221f842b35c9ac6adde7fee7f0a9cdb01b23f5c6e34d5
urn:ure:t6:occ:function:current-client:006e7830	0x006e7830	simple	FUN_006e7830	12	1	32	a12674d0a66544e23b9e277efaff104f44480bd7ec0d81cd8e5dbffe86e5609d
urn:ure:t6:occ:function:current-client:00a35e80	0x00a35e80	simple	FUN_00a35e80	12	1	32	0e4b5873374a0ed1b41a839a3336c4fbf49b0590be267a1ca6466be51b8496b4
urn:ure:t6:occ:function:current-client:00a36060	0x00a36060	simple	FUN_00a36060	12	1	32	90248b47ee02339429f8a2c5fc47bd5257cd5b2bfcb25ca1f627bd4afe6a569e
urn:ure:t6:occ:function:current-client:00a405e0	0x00a405e0	simple	FUN_00a405e0	12	1	32	933f04b2a93cf888d597ad1e86006a2eaa5e413b012e65b21f4ef1a323429722
urn:ure:t6:occ:function:current-client:00a42000	0x00a42000	simple	FUN_00a42000	12	1	32	b8c5e8f4dff2480eb0b7f070df1b8109e2eae4a0ff99f99eac32c4f8e2c0fcff
urn:ure:t6:occ:function:current-client:00a43b00	0x00a43b00	simple	FUN_00a43b00	12	1	32	4d33f13225f625b3f241bc5949b1e09555be67835d2f5f66298d646f86c5f8a2
urn:ure:t6:occ:function:current-client:00a48640	0x00a48640	simple	FUN_00a48640	12	1	32	8bf25ac806141a17aa74896f20804ac0eccbf0f5820c7042ae6f43d839ec6886
urn:ure:t6:occ:function:current-client:00a4a600	0x00a4a600	simple	FUN_00a4a600	12	1	32	660fbc62ee5535e28f071407da06e34d69ec6914f0a429f6c492a2d7728a9089
urn:ure:t6:occ:function:current-client:00addaa0	0x00addaa0	simple	FUN_00addaa0	12	1	32	2c6419a072886b0014befb70867a121bb91827037e4881640b9b3ad7cd3b8f19
urn:ure:t6:occ:function:current-client:004ce460	0x004ce460	simple	FUN_004ce460	12	1	33	6fa0696fdf295fdfc355af1f6712454f64ae9666022100b4595fd095790bbc8d
urn:ure:t6:occ:function:current-client:00527120	0x00527120	simple	FUN_00527120	12	1	33	ed01a967e6072de765708a6aae17d66ce80b8fe2b79f1221fa3a4d526b4f805a
urn:ure:t6:occ:function:current-client:006be6c0	0x006be6c0	simple	FUN_006be6c0	12	1	33	e3ac7fb9b19f25c7727c18477c0ca3edae186223342ad3a7bc07f4c72e282318
urn:ure:t6:occ:function:current-client:00a4fbe0	0x00a4fbe0	simple	FUN_00a4fbe0	12	1	33	97c5b19f5b2ec53cc222d7497b25c4686c79c2852e23915c7f645ced6c64a305
urn:ure:t6:occ:function:current-client:00ac6290	0x00ac6290	simple	FUN_00ac6290	12	1	33	93f16d381e82f27ca13ee90062db2cca201430779f14505d599f809a714dd7ef
urn:ure:t6:occ:function:current-client:00477760	0x00477760	simple	FUN_00477760	12	1	34	5aa7809bdcfd07ea8eba19502501e04ff4a4f53c80f5309423fce5bd97a0e277
urn:ure:t6:occ:function:current-client:004ffa20	0x004ffa20	simple	FUN_004ffa20	12	1	34	5d959a9e42c61bbe769b9cf8d626cb3307022ed78573c3bb8d5d611e5c83ddb6
urn:ure:t6:occ:function:current-client:0057f800	0x0057f800	simple	FUN_0057f800	12	1	34	c9175165cf2edb6944d0d152d154bb2c7fa7f522585a5fd8fb4bb902e43bc92e
urn:ure:t6:occ:function:current-client:005b98f0	0x005b98f0	simple	FUN_005b98f0	12	1	34	8a6a80e55dd9cdb64536e671adc30d64b6112e0c6d92cc705a32c4feb72399fc
urn:ure:t6:occ:function:current-client:005fb480	0x005fb480	simple	FUN_005fb480	12	1	34	7b0c4ece1d9b8534de45a04101ac428411b43064bfe47ff6d2e324caee1deedf
urn:ure:t6:occ:function:current-client:006d2940	0x006d2940	simple	FUN_006d2940	12	1	34	26e2ad6540ae624bf472b3734440d2711a40907d74493f717412c079147d5a2a
urn:ure:t6:occ:function:current-client:007f73b0	0x007f73b0	simple	FUN_007f73b0	12	1	34	605b96877d302b790921bc4a7b08dbb600c67fb9a9548abbfe63000df6733410
urn:ure:t6:occ:function:current-client:008a7ba0	0x008a7ba0	simple	FUN_008a7ba0	12	1	34	971d60ab62f15f81bf8f997d7736248702231dcd6b0c82cebc52dc9ed45207dd
urn:ure:t6:occ:function:current-client:00a43c30	0x00a43c30	simple	FUN_00a43c30	12	1	34	66eda4a114eb0bfdb66546b78c66d84c09eb42b56d20a63342eaef046b6f52cd
urn:ure:t6:occ:function:current-client:00b165b0	0x00b165b0	simple	FUN_00b165b0	12	1	34	6dd547d0c6d698d39b793829851bc26f7f98ed8c31ddeca0c8d2e1ff7af4acc0
urn:ure:t6:occ:function:current-client:0044b8b0	0x0044b8b0	simple	FUN_0044b8b0	12	1	35	0853de94d453bf99eeddbde9f51f17dd4c55515dc0604ea9b9ebfe2a1503c836
urn:ure:t6:occ:function:current-client:006c5930	0x006c5930	simple	FUN_006c5930	12	1	35	dca5d886507d57b20b9b91df15550d296ec0866e385bca1e71b220de7bf0c1ac
urn:ure:t6:occ:function:current-client:006fb1b0	0x006fb1b0	simple	FUN_006fb1b0	12	1	35	7fb5bca1377ba064e8d41cece973907c8542876b5104fa924dbd47c085b816fd
urn:ure:t6:occ:function:current-client:00a5cac0	0x00a5cac0	simple	FUN_00a5cac0	12	1	35	3b15dd6260b906bb7eb3136790f009b1247d9db1f8cc3232af46cef465462370
urn:ure:t6:occ:function:current-client:00ac13e0	0x00ac13e0	simple	FUN_00ac13e0	12	1	35	ba724ce6e1e04d3a8bbc536fdc6ce7c6d92d914552dc9b748e55f4beb35c0c6d
urn:ure:t6:occ:function:current-client:0043fa70	0x0043fa70	simple	FUN_0043fa70	12	1	37	5723cd4df9dc67ec52ae7632b0ac5e12768e8c86d91f6c4ccf8857a41d725332
urn:ure:t6:occ:function:current-client:004ee9f0	0x004ee9f0	simple	FUN_004ee9f0	12	1	37	5a48007333b8703c749288f98d92a3d138e0aacc92920bb3873d77196d8fb97c
urn:ure:t6:occ:function:current-client:004f5f70	0x004f5f70	simple	FUN_004f5f70	12	1	37	8a08222fc99bec3171c075e7739dd2be5482ab7aa947f1fb9997afc7b65be38d
urn:ure:t6:occ:function:current-client:006c3470	0x006c3470	simple	FUN_006c3470	12	1	37	e213e10e83854f4103f8115fd58cff0c9ae555bb4558159390dc3e3a123cc384
urn:ure:t6:occ:function:current-client:00712430	0x00712430	simple	FUN_00712430	12	1	37	b99827a576c4728f8db7a857ac30ab9536401f4201074307ad8368ea87e0095b
urn:ure:t6:occ:function:current-client:004919e0	0x004919e0	simple	FUN_004919e0	12	1	38	897d739b0205e0f70bdc29fe86dadff84a1fa46e5705377830a144a0f1de1301
urn:ure:t6:occ:function:current-client:00571000	0x00571000	simple	FUN_00571000	12	1	38	5bd4621466298b8f94ced5da55cec0120a7562833f0345b5f29c87a7bb1e0392
urn:ure:t6:occ:function:current-client:0060f520	0x0060f520	simple	FUN_0060f520	12	1	38	bb82d4553431e67009e39d8fe9f843fc2ce1fe954f9ea05a3c44095f7251c953
urn:ure:t6:occ:function:current-client:00645320	0x00645320	simple	FUN_00645320	12	1	38	4fa9fbcba65453bfabde86ec4b73bb342f596109075a76cf0afbf5887cf4500d
urn:ure:t6:occ:function:current-client:006549a0	0x006549a0	simple	FUN_006549a0	12	1	38	f0af8807728a319a1e4ab82529d837455f744ecedf20ff13d9820f025925597f
urn:ure:t6:occ:function:current-client:00659750	0x00659750	simple	FUN_00659750	12	1	38	9108a6191dd8da0167cb0b8a9f28d4d79025ca4cab0fed8254a7e3f1513df7a2
urn:ure:t6:occ:function:current-client:006e0680	0x006e0680	simple	FUN_006e0680	12	1	38	ffb0c1af25061bac93a9eccc3afa0c6e1baa332311a1eb4835181b6fe76f8962
urn:ure:t6:occ:function:current-client:00712310	0x00712310	simple	FUN_00712310	12	1	38	c88c1bedf5fea6bdb5645ae1d60740d3177e9bbbe3ff9702d361a5185ebefcd4
urn:ure:t6:occ:function:current-client:00b29ed0	0x00b29ed0	simple	FUN_00b29ed0	12	1	38	fad27f545ac6d32d4f116fafd9849971012fe931cd81a086fe594bf9384432b9
urn:ure:t6:occ:function:current-client:0048b6d0	0x0048b6d0	simple	FUN_0048b6d0	12	1	39	fd448df5f66e99d241edb0c3457bf73554b02cda0879a5ec0e4c9d92cb5cb63d
urn:ure:t6:occ:function:current-client:004dc6a0	0x004dc6a0	simple	FUN_004dc6a0	12	1	39	7f3b4dafb719e77e45af7fb1cc86874af5fb85f557fb39b7b43f1a03cd8cd346
urn:ure:t6:occ:function:current-client:004ca770	0x004ca770	simple	FUN_004ca770	12	1	40	c3220f60979d67b0ce3608f6387c1ceb4a6e814ba3dc512395657418a9010629
urn:ure:t6:occ:function:current-client:004ab5d0	0x004ab5d0	simple	FUN_004ab5d0	12	1	41	cbfd73f39382f69181f42466ea16252e741465d82287e641077211d8c29972e9
urn:ure:t6:occ:function:current-client:004be220	0x004be220	simple	FUN_004be220	12	1	41	d7a8c03a0c3211e76f5ae9853fc8665fac9dcae5f9cb4d1941f64c994552cf64
urn:ure:t6:occ:function:current-client:00516f10	0x00516f10	simple	FUN_00516f10	12	1	41	04532bc15eae558d603d2df983954bf76cfdbb22a22821171e581d0a0c89d02a
urn:ure:t6:occ:function:current-client:00618040	0x00618040	simple	FUN_00618040	12	1	41	d7dd78f200a4b5671c92d1e4550a701116d85e6c2deaf6dd93888abbe3a7f6c1
urn:ure:t6:occ:function:current-client:00457c80	0x00457c80	simple	FUN_00457c80	12	1	42	d0dec29dd22a183c65d8303d148171a6e92cf3899962aca8d62078674514aad9
urn:ure:t6:occ:function:current-client:005608f0	0x005608f0	simple	FUN_005608f0	12	1	42	9c548ede0b5c972ef434460faa3410ac7c7b3ad7815b8e29440b91b92373fd04
urn:ure:t6:occ:function:current-client:007fb4f0	0x007fb4f0	simple	FUN_007fb4f0	12	1	44	f46601e4e460f94e798f5e88a28c62f12716c279387a8087f16fce61b823cfcd
urn:ure:t6:occ:function:current-client:00a427e0	0x00a427e0	simple	FUN_00a427e0	12	1	44	0b48a1a4ecd267ec3d3aedab14fb26b93f1e02b76041484aa2182ccd7dd9edf6
urn:ure:t6:occ:function:current-client:00648410	0x00648410	simple	FUN_00648410	12	1	45	77990aa2351ceaa1f23970ee28940dffb2f5295778c77ab53bfaba3480cdda7f
urn:ure:t6:occ:function:current-client:00ac7280	0x00ac7280	simple	FUN_00ac7280	12	1	45	942de6d2ae21ba9da5ccdefe301b73cd093953d5ccf3276dce03d4eb71ed4316
urn:ure:t6:occ:function:current-client:00573470	0x00573470	simple	FUN_00573470	12	1	46	c2bdd4472876a7a67bbab1f46e8cdb0c1c86cef4e36947948602b0c32a67b294
urn:ure:t6:occ:function:current-client:007261f0	0x007261f0	simple	FUN_007261f0	12	1	46	1a3f20d2741934d10297d735a20f529bb8f4ef8cfc5a1e466531997283658e19
urn:ure:t6:occ:function:current-client:005d85b0	0x005d85b0	simple	FUN_005d85b0	12	1	47	c7f241b86b75c09fee789cebd0cc0e529cf18ee739394641fa4e12ef9741517c
urn:ure:t6:occ:function:current-client:00b541b0	0x00b541b0	simple	FUN_00b541b0	12	1	48	5fb24314c9bc34cd45024e5ad801d0ad62e7bab0e9c04a4e3b2b9de2e7924d5d
urn:ure:t6:occ:function:current-client:00b541e0	0x00b541e0	simple	FUN_00b541e0	12	1	48	f415657578ff6d6918b9e19a8ad68882cf76e2a307193304c2dad036d3599b53
urn:ure:t6:occ:function:current-client:00b54210	0x00b54210	simple	FUN_00b54210	12	1	48	7bd1b06161f27f718fb62e4caa7961126eac353f2e38ec4f227f9d844923062f
urn:ure:t6:occ:function:current-client:0045d170	0x0045d170	simple	FUN_0045d170	12	1	49	252abd7d9056069f22116f3e045560a1751494cfeb5ffb84c3daa101872f42e4
urn:ure:t6:occ:function:current-client:008549a0	0x008549a0	simple	FUN_008549a0	12	1	49	448f66e237f62a6b1775742aa54145603c7be7bf680f2ae9c20fd6d01e26706d
urn:ure:t6:occ:function:current-client:00594d80	0x00594d80	simple	FUN_00594d80	12	1	50	b225686fe8206d3f726cda42c09d3af864a471b9afe92904acf18efe8586ba29
urn:ure:t6:occ:function:current-client:00683b50	0x00683b50	simple	FUN_00683b50	12	1	50	0b07a084c290d33ae4d049430c5f9812df43441c7fcb192d9695f746e013be9a
urn:ure:t6:occ:function:current-client:00571160	0x00571160	simple	FUN_00571160	12	1	51	f0b6e17a136548c791dc9a38b2fd4d8b8a313192f0bfaa57e76971c92c6b7fdd
urn:ure:t6:occ:function:current-client:006606c0	0x006606c0	simple	FUN_006606c0	12	1	51	29500bf7c56904a28112d8c9216b4d950c8a58ed265776c2fd00f8e2073e7896
urn:ure:t6:occ:function:current-client:006de380	0x006de380	simple	FUN_006de380	12	1	51	ca201b1ea2d38ee69cae98a952ef66e7a97c98e35297635f2329274a905ba1f0
urn:ure:t6:occ:function:current-client:00819620	0x00819620	simple	FUN_00819620	12	1	54	7fb2e93723222b3a813cf7e07f5c78999e34f027dc623dd650266a9747b5d76a
urn:ure:t6:occ:function:current-client:005323a0	0x005323a0	simple	FUN_005323a0	12	1	55	6611b0216da7babc0436c556710ec6292831a4e0d35aede08b99dc747803612b
urn:ure:t6:occ:function:current-client:006e0a20	0x006e0a20	simple	FUN_006e0a20	12	1	55	732e5c5e4c707799cc69ea4d9c88397d3f43bd4b65e25f2a9ce8cce36864a031
urn:ure:t6:occ:function:current-client:005fb870	0x005fb870	simple	FUN_005fb870	12	1	56	57b4aa196f6f1c77e180c89dcef8e051e848a47060ea6e52ae9d520d104b7785
urn:ure:t6:occ:function:current-client:006c2730	0x006c2730	simple	FUN_006c2730	12	1	56	1ba78dbdb5327c88afe304620b4565a224a6da1f428dce2329448e867a369de6
urn:ure:t6:occ:function:current-client:006a31b0	0x006a31b0	simple	FUN_006a31b0	12	1	59	026a75cc6eeabdcdf0628745b7f8a1cd8693627569fccd677e8fb2e6dfa26071
urn:ure:t6:occ:function:current-client:00461100	0x00461100	simple	FUN_00461100	12	1	80	584b6c023c6f5b0b84a5c8476b295c709218f8e0e718203d271a80473e58064a
urn:ure:t6:occ:function:current-client:00ad9970	0x00ad9970	simple	FUN_00ad9970	13	1	25	e068125d86654e238ebc591091a366e7b2d634e7e7037e8bf80ccd7bc08ae085
urn:ure:t6:occ:function:current-client:00a27660	0x00a27660	simple	FUN_00a27660	13	1	27	eb38b65c49ee6c1dd9ae6a55341ab7f634e9c3359e1bc7524b16bb4824f514ed
urn:ure:t6:occ:function:current-client:00a2ef40	0x00a2ef40	simple	FUN_00a2ef40	13	1	27	41e004f4243ef50656a007e18df1b6becf1253541dc09810622076e57c7487bf
urn:ure:t6:occ:function:current-client:00a2ef60	0x00a2ef60	simple	FUN_00a2ef60	13	1	27	6d168ebe93fecb1fb727b93904ee379b5b0d2787458698a787b885a0b43f2366
urn:ure:t6:occ:function:current-client:00a65860	0x00a65860	simple	FUN_00a65860	13	1	27	5547fc985fa4b0c8d4d71acadca7be754f2d50cfe111c4c064bb8d142cb9d5ce
urn:ure:t6:occ:function:current-client:00a6dce0	0x00a6dce0	simple	FUN_00a6dce0	13	1	27	0895f38f217a87a7ca77bcd1595b112f3a76fbb9bcada090dd44f835c7e74301
urn:ure:t6:occ:function:current-client:005223b0	0x005223b0	simple	FUN_005223b0	13	1	28	96564c0dded277c6607ad8404e3fe5f959bd272d2a9c1087be927a2771befc00
urn:ure:t6:occ:function:current-client:0069e770	0x0069e770	simple	FUN_0069e770	13	1	28	12ebc132ea7f7bc9ab53170aaf96fa161e5b5bd755868d322cac922ad9293b5b
urn:ure:t6:occ:function:current-client:0047ea90	0x0047ea90	simple	FUN_0047ea90	13	1	29	959f5a43d42363b25e23b2c20f2168e2c98e469c33d35926398420ec3e86d16a
urn:ure:t6:occ:function:current-client:00897970	0x00897970	simple	FUN_00897970	13	1	29	c645e3dd64c31659f1d402d723a824fe2c42ca2d0b19cc8d3ffefd0b9574c4fe
urn:ure:t6:occ:function:current-client:00ae1c50	0x00ae1c50	simple	FUN_00ae1c50	13	1	29	336e67962efc9bf1e9e792fa16d9f64919d965b436a6cc4c3bcd61d939bd6629
urn:ure:t6:occ:function:current-client:00ae1c90	0x00ae1c90	simple	FUN_00ae1c90	13	1	29	3df33201b447111002ba6d999eefcf7a017d2ef8842cc5e7bf46bb1b6976f114
urn:ure:t6:occ:function:current-client:008d80a0	0x008d80a0	simple	FUN_008d80a0	13	1	30	4fea28e9869fb38521250fd488fe6128ae50414576cc6cb866b20e568484f138
urn:ure:t6:occ:function:current-client:00a2e550	0x00a2e550	simple	FUN_00a2e550	13	1	30	42c99942facea0a225106ce5b886d0efe86d429303c035b17c8e425291e6a099
urn:ure:t6:occ:function:current-client:00ac1a20	0x00ac1a20	simple	FUN_00ac1a20	13	1	30	ea329aff60b9a161483275a0f444bae38f53a16f2e811fe108d5e304213eb794
urn:ure:t6:occ:function:current-client:004465a0	0x004465a0	simple	FUN_004465a0	13	1	31	b72a8549a5e375fb6568fb8640713a76eeadb7c6db8eb516df30f5da20ccc71d
urn:ure:t6:occ:function:current-client:006c6c70	0x006c6c70	simple	FUN_006c6c70	13	1	31	229f7c00b3a1dc64743254d739bbdadaf5cad88ec158eec5ef4c2148cb65a84d
urn:ure:t6:occ:function:current-client:00a096e0	0x00a096e0	simple	FUN_00a096e0	13	1	31	32d0569e6a5c4a4b23030bfde501380d1d739575478546503ce669be80971e6a
urn:ure:t6:occ:function:current-client:00a7ec7d	0x00a7ec7d	simple	_strftime	13	1	31	8dd6e4d48a520c8d78bd68b18a4ad954c543e92e6837e65dccfbd57463e2999e
urn:ure:t6:occ:function:current-client:004a5200	0x004a5200	simple	FUN_004a5200	13	1	32	a0e2ce874cea31dfd08285c721fd484911b9e1b44d5ff65f2ff0def28eea4383
urn:ure:t6:occ:function:current-client:005b2e60	0x005b2e60	simple	FUN_005b2e60	13	1	32	6fd94509e5d90290850722594fdda597609d09360e7fb31db89545e35b566a89
urn:ure:t6:occ:function:current-client:00a2cd90	0x00a2cd90	simple	FUN_00a2cd90	13	1	32	0de2705dd11f9b809e35719fac5dbde756cdeb8e410eacea32f193a8c0be6396
urn:ure:t6:occ:function:current-client:00a7d576	0x00a7d576	simple	FID_conflict:_fscanf	13	1	32	64683d4614716d013c0ab99f7de34b812a4b519a1ddf9f250a5a2e4456acc53f
urn:ure:t6:occ:function:current-client:00a7db66	0x00a7db66	simple	__vsnprintf_s	13	1	32	fe2a46b5d511f39a8c85aa1a5caf823eae18b4d3c7be815e2e8fed0952acfe28
urn:ure:t6:occ:function:current-client:00a82e14	0x00a82e14	simple	__cftoe	13	1	32	268cf20ca320a8a3a92f1bcc3d975544b2b47a2e771ad12db6cc02e89b03e57b
urn:ure:t6:occ:function:current-client:00a95bfc	0x00a95bfc	simple	__sopen_s	13	1	32	c15b5f963ed5f979b758784a322c3a1152f4d8aca3815236286b6f3971a0e0c8
urn:ure:t6:occ:function:current-client:00b28da0	0x00b28da0	simple	FUN_00b28da0	13	1	32	a3fc6be007b46d6767c4fd16bc32d5cdc77abd12b7d2c10e017ad64bcc3d220e
urn:ure:t6:occ:function:current-client:005a2ab0	0x005a2ab0	simple	FUN_005a2ab0	13	1	33	110d0e263b9f4ccd46dab73caf5eb6101f0bca9c91da886e75d3718f2f3ea5c6
urn:ure:t6:occ:function:current-client:006cc590	0x006cc590	simple	FUN_006cc590	13	1	33	4a93b14310084fe67d660cf69e50e624abc55b5f6a920025ab79d71b1b796bc3
urn:ure:t6:occ:function:current-client:00ac1a40	0x00ac1a40	simple	FUN_00ac1a40	13	1	33	6dae5acf83704b45b56d381ae82510dac370aadfccf7e6aa80e0f3a02f1e8e3c
urn:ure:t6:occ:function:current-client:00b03e50	0x00b03e50	simple	FUN_00b03e50	13	1	33	b19d1726f99719f585d5addfb84b0f67f88608eabf904c102d1ef3049828d957
urn:ure:t6:occ:function:current-client:00419530	0x00419530	simple	FUN_00419530	13	1	34	6873ea1f31834e0285e5a7d0ed080451309c26817e36fc9044374e160e036d01
urn:ure:t6:occ:function:current-client:004cbc90	0x004cbc90	simple	FUN_004cbc90	13	1	34	d26a5285f5998c85c9ab117db6686deee42313972430357e700bc55789c1584b
urn:ure:t6:occ:function:current-client:005c2870	0x005c2870	simple	FUN_005c2870	13	1	34	18c234b53c2970ee3f08516c160a64b4dc811155cc8dffdcf7a2f7c22fb888c1
urn:ure:t6:occ:function:current-client:005c7b70	0x005c7b70	simple	FUN_005c7b70	13	1	34	5cef4a8e8bfeb73afd01db1f907ccf67c663e95d41354f090a9362d70acc35b9
urn:ure:t6:occ:function:current-client:00abdc50	0x00abdc50	simple	FUN_00abdc50	13	1	34	b2be0fdfa4387e0aaf281de71a2673f336347ad49a5cd9e78e4f3c561c9cd5a4
urn:ure:t6:occ:function:current-client:00acdf90	0x00acdf90	simple	FUN_00acdf90	13	1	34	4c4ccdc02980add383607c7e266c571aa96f6e7d0f842dbb64d41f4ac9f24cbc
urn:ure:t6:occ:function:current-client:00ade780	0x00ade780	simple	FUN_00ade780	13	1	34	fc7e2cc415e3fc187e4e85b093d06f21d6c89bb04bd2c884ccb460c93094b5a8
urn:ure:t6:occ:function:current-client:00491f10	0x00491f10	simple	FUN_00491f10	13	1	35	5aba6723ff1e92f842fbf726057f0881c263b6d828bec6317cecd22355443c1c
urn:ure:t6:occ:function:current-client:005583c0	0x005583c0	simple	FUN_005583c0	13	1	35	6f411f2dc2d7e117c0ae6218236debf27ce3d1a7e3abf508b06f90d6673b54f5
urn:ure:t6:occ:function:current-client:008130b0	0x008130b0	simple	FUN_008130b0	13	1	35	d9b5c091a594f6813d36d9ae1bf79430852c0f5934226a2040839871be341eb5
urn:ure:t6:occ:function:current-client:008130e0	0x008130e0	simple	FUN_008130e0	13	1	35	854a0d59bbbe927b06fb1b39fb4778e7d39880c72c9f080943293f8bbc44f8ea
urn:ure:t6:occ:function:current-client:00813110	0x00813110	simple	FUN_00813110	13	1	35	60203b91bfcb52b81670ba54c57a370f2fb8a1e8a46e9c0f802b00d43236c44e
urn:ure:t6:occ:function:current-client:00813140	0x00813140	simple	FUN_00813140	13	1	35	5196f49c8044fdb69d0326488c6970307e2a1aa3dd42b61abfa028a92354b5ae
urn:ure:t6:occ:function:current-client:00813170	0x00813170	simple	FUN_00813170	13	1	35	2d0cccc4af33ba57621efc235aff077f6ad1ba224a66d92e93ad7213730864ea
urn:ure:t6:occ:function:current-client:008131a0	0x008131a0	simple	FUN_008131a0	13	1	35	199a7142fff62f07783e4d3f8b8d4f4736521155e5d07199841ab102841e6c92
urn:ure:t6:occ:function:current-client:008131d0	0x008131d0	simple	FUN_008131d0	13	1	35	17e03aa49c74bb80a61fb1703f61e434765d2c8e6484509dab37e42c76e0f874
urn:ure:t6:occ:function:current-client:00813200	0x00813200	simple	FUN_00813200	13	1	35	cab5579fc6527ba2d2a2f188b794e6fa30574e9b3ba4ce931f4ee38984b1bb2b
urn:ure:t6:occ:function:current-client:00813230	0x00813230	simple	FUN_00813230	13	1	35	44e5f8678f036bb4a6c066b8429d64322d4d8805697f649ac0ae6dc19b310d90
urn:ure:t6:occ:function:current-client:00813260	0x00813260	simple	FUN_00813260	13	1	35	d5254df9117fb971fb687b41027ba773eb9b3d3badcde75c062f29dfdd5c0bc8
urn:ure:t6:occ:function:current-client:00813290	0x00813290	simple	FUN_00813290	13	1	35	962177fd859be61396e74e9d543df19e519602960ded7e156c1cbff9c48ef1e5
urn:ure:t6:occ:function:current-client:008134e0	0x008134e0	simple	FUN_008134e0	13	1	35	97ddfa0456de4b6d1947671426e032b8fd4b311a2df686b4bcd08b86cfc3103c
urn:ure:t6:occ:function:current-client:00a33e50	0x00a33e50	simple	FUN_00a33e50	13	1	35	9e204ffca7e64b96e3933c91c4ebe45a78fb5dd2629cb47c56f4170ba6173e64
urn:ure:t6:occ:function:current-client:00a43890	0x00a43890	simple	FUN_00a43890	13	1	35	4e28b4615eed1e7ddcb6dc3f9cd1602fcb92d4e6fb43aa7e0a3f94f55d4e00bc
urn:ure:t6:occ:function:current-client:00a484a0	0x00a484a0	simple	FUN_00a484a0	13	1	35	f302249321577e452738298101ccbde3adbcb9e488e9aaf1a2065611fc42ba3b
urn:ure:t6:occ:function:current-client:00abdcc0	0x00abdcc0	simple	FUN_00abdcc0	13	1	35	b9a68877b689892d42e3e726c48fcefbe15853283bdc8f5abbc158d0db0a6201
urn:ure:t6:occ:function:current-client:005395e0	0x005395e0	simple	FUN_005395e0	13	1	36	c8ba0fcab95e278cddb74968020b37a6c7c5bed4417c9cfb694839d0a1589d2d
urn:ure:t6:occ:function:current-client:0055a8c0	0x0055a8c0	simple	FUN_0055a8c0	13	1	36	0f286ed2e3df3c1e93aa6d7f565ce30b874b8ea3fdfd73c8533d796d8c9f4698
urn:ure:t6:occ:function:current-client:0046a440	0x0046a440	simple	FUN_0046a440	13	1	37	f23f11564ee2b43d433f9ad78635c9023e7c41c5472b1fb9ac875c099d96f1be
urn:ure:t6:occ:function:current-client:00610140	0x00610140	simple	FUN_00610140	13	1	37	d6fce58522255d4af40a416ca9484754dbcb9f91b8641715bb497138f4f5c38d
urn:ure:t6:occ:function:current-client:009b0d10	0x009b0d10	simple	FUN_009b0d10	13	1	37	167a4fac8e150b231c493b322f11b5aaa24d75e86796473c8c12e9aedd0b69fc
urn:ure:t6:occ:function:current-client:009b0d40	0x009b0d40	simple	FUN_009b0d40	13	1	37	f3e0bc1f55d3f42c335d8dc7e69bf965a79b29ec7e3dbae8845f6022e005af07
urn:ure:t6:occ:function:current-client:00ac9a50	0x00ac9a50	simple	FUN_00ac9a50	13	1	37	149a2be49a7d28d84ed0946da49302f0a7b7e636fe636acd90dd95ce5f424626
urn:ure:t6:occ:function:current-client:00af91a0	0x00af91a0	simple	FUN_00af91a0	13	1	37	31c55001662cce569c6e41205f34e3f17a1f5d5fe4e05658dc2cbc2201130076
urn:ure:t6:occ:function:current-client:00b0b3d0	0x00b0b3d0	simple	FUN_00b0b3d0	13	1	37	4b0bbd9ecea5e71d710e1b7dcb75f0621210cbde975fe63827c45d02c8dabe56
urn:ure:t6:occ:function:current-client:00448f70	0x00448f70	simple	FUN_00448f70	13	1	38	36f1b0170edc34d861037989b1ff7dd02c92d1908625e9b4e55bf90ecdfdc467
urn:ure:t6:occ:function:current-client:0048d920	0x0048d920	simple	FUN_0048d920	13	1	38	cfb9b969951eb3ed4942d2fc392bfeb0e019b78417ba0fd917c481c0bc882b51
urn:ure:t6:occ:function:current-client:004b49a0	0x004b49a0	simple	FUN_004b49a0	13	1	38	3e9c84a487e9ff89c717a10608082b3f72a89306bf282f8cb40635d8729b4ce0
urn:ure:t6:occ:function:current-client:006a24b0	0x006a24b0	simple	FUN_006a24b0	13	1	38	76bf0ad3fd0ee5c1647251b07b591721fe931679e62ee6d95536c0dc1e05a99a
urn:ure:t6:occ:function:current-client:006b2890	0x006b2890	simple	FUN_006b2890	13	1	38	501bc983ec1227ace8936db45ce147bddc6d238752f32d624394fb0ed1123272
urn:ure:t6:occ:function:current-client:00704a30	0x00704a30	simple	FUN_00704a30	13	1	38	ea422bdeb9121d3256df1ab46fb2d7c6ec96bfe97f593624cc75cb04cfd7576d
urn:ure:t6:occ:function:current-client:00a41790	0x00a41790	simple	FUN_00a41790	13	1	38	eb0e3869cb2b8df322440789c60fac6d4bd6d75b2cbf6f5bd24a5ddd09050f7f
urn:ure:t6:occ:function:current-client:004687d0	0x004687d0	simple	FUN_004687d0	13	1	39	0e077cd5ea602cbcb6e64a8bf36249a851cd219b612d6a29ca6cc9b7a85f2361
urn:ure:t6:occ:function:current-client:004a7600	0x004a7600	simple	FUN_004a7600	13	1	39	0b4a821bbf75906d67a674c83b33dc09e54421e7ff572f95bdd33e35ab4ad4bb
urn:ure:t6:occ:function:current-client:005e8ff0	0x005e8ff0	simple	FUN_005e8ff0	13	1	39	d92d42bfd2154b28e8349771a0b6b6b16f2b4acf3f2f8cde1f5b99e211e589a1
urn:ure:t6:occ:function:current-client:008798d0	0x008798d0	simple	FUN_008798d0	13	1	39	c5415195ba2375e0c0c31980bb96126bb3445a19190a810a4dbf8853666cf8a5
urn:ure:t6:occ:function:current-client:00955290	0x00955290	simple	FUN_00955290	13	1	39	af7db3866c12c1216fee7adbda1a38b91aeba969f43e534122c7d0523e4d80c1
urn:ure:t6:occ:function:current-client:00b009b0	0x00b009b0	simple	FUN_00b009b0	13	1	39	33522118de81cd15721e8f8c26a033d28e479e69cc38bee52692d0ef176c4c47
urn:ure:t6:occ:function:current-client:00b009e0	0x00b009e0	simple	FUN_00b009e0	13	1	39	6867fd24e59c1000475622de83d80e76284cadeae4dfa181ccd746e160659c59
urn:ure:t6:occ:function:current-client:00b07ef0	0x00b07ef0	simple	FUN_00b07ef0	13	1	39	1fad4b97ffc1c20fe69a29143c6bd8ccfed33d015c1f22fcc8df6d3914fd3af4
urn:ure:t6:occ:function:current-client:00b07ff0	0x00b07ff0	simple	FUN_00b07ff0	13	1	39	c62805aa7e7f0214bf6d0d8c060c7fe226abad78b661a98b8b4acec6c0c35f7c
urn:ure:t6:occ:function:current-client:0055dd60	0x0055dd60	simple	FUN_0055dd60	13	1	40	a2f0ea25b5766a86239a49dbefa974ed05705fc1f50149fa735e85a1ae801947
urn:ure:t6:occ:function:current-client:0055ef90	0x0055ef90	simple	FUN_0055ef90	13	1	40	3411f93c391524155ac757629caa2f2d02e41fe4202ad08473120a88e715d46d
urn:ure:t6:occ:function:current-client:00468240	0x00468240	simple	FUN_00468240	13	1	41	ceb100bd87176315309ed6a507a7197c452aa1276188a62311cd9a0bc7049d6b
urn:ure:t6:occ:function:current-client:004a1040	0x004a1040	simple	FUN_004a1040	13	1	41	0ba4d593d219607d158cf9ce92437673edb9c263a439679fe9d259871e54720f
urn:ure:t6:occ:function:current-client:005fe170	0x005fe170	simple	FUN_005fe170	13	1	41	eae7575fb14e5eb343b0b04c48a3a5a7284325330f8b0f737f9b880463621546
urn:ure:t6:occ:function:current-client:006b6ca0	0x006b6ca0	simple	FUN_006b6ca0	13	1	41	9088aa8646f346d7fda4070ef2e22f934b460a3781bfe747b505cb4d9c945d03
urn:ure:t6:occ:function:current-client:00a418e0	0x00a418e0	simple	FUN_00a418e0	13	1	41	aac5d819bae401d733addcd71582bacb75f2f5bb341721eac0c69a8be592f385
urn:ure:t6:occ:function:current-client:00514c20	0x00514c20	simple	FUN_00514c20	13	1	42	db79f673dd4710ef33528901f297870f9ee9b54dbc26c1c9041e82c219741fda
urn:ure:t6:occ:function:current-client:0055c9d0	0x0055c9d0	simple	FUN_0055c9d0	13	1	42	7b1545a9cd9dcf63fccccf9b58b3c3268fcb37cd9d9d088092c3404f7b40d23f
urn:ure:t6:occ:function:current-client:00645db0	0x00645db0	simple	FUN_00645db0	13	1	42	abda24b7f4f397813197abccf7bfd87461ae9824a9989169a0ec6164fd654037
urn:ure:t6:occ:function:current-client:00476970	0x00476970	simple	FUN_00476970	13	1	43	80df407b4d31dd8f89de9956cdeddf0cd3447d045b8cebc9344b11cc2824d88f
urn:ure:t6:occ:function:current-client:0054d5f0	0x0054d5f0	simple	FUN_0054d5f0	13	1	43	1f39b2c2a866eba1d3b33ae9a9831b1d12ac76663586a1c3672ee057291dcdd8
urn:ure:t6:occ:function:current-client:005cc6b0	0x005cc6b0	simple	FUN_005cc6b0	13	1	43	319500c723981a0deebf893d8d3e1d6d4a198e11d8da3b77a54ae8a1d22480a0
urn:ure:t6:occ:function:current-client:00473aa0	0x00473aa0	simple	FUN_00473aa0	13	1	44	26a8781a4439d5bd90598014d6aad3515c4cdc96344a848f05d0e0875cc91941
urn:ure:t6:occ:function:current-client:00494330	0x00494330	simple	FUN_00494330	13	1	44	c7184abc10e7997c1e60a7eb5ead1ec2b58c807618d2c4edcb9e465cb480b7b5
urn:ure:t6:occ:function:current-client:005382f0	0x005382f0	simple	FUN_005382f0	13	1	44	3761d8e8a1f2c9a39ec01b6b494adc06b8c1dc4319e2ac18af70dc1b42961d43
urn:ure:t6:occ:function:current-client:005594d0	0x005594d0	simple	FUN_005594d0	13	1	44	fcb5bb67a0fbc09af87b736f00c147158705111dcafbc05b19166adf2142208a
urn:ure:t6:occ:function:current-client:00583db0	0x00583db0	simple	FUN_00583db0	13	1	44	3f32ecef7b5c57b913581dd909b5528cfcc4c142dfbdc05a643b792c93c66b0c
urn:ure:t6:occ:function:current-client:006a9730	0x006a9730	simple	FUN_006a9730	13	1	44	4681ac8df4f8cd7d85dfc21cdd666c5fdf6bb81446a8f18f194b3a77c2333568
urn:ure:t6:occ:function:current-client:00a05c40	0x00a05c40	simple	FUN_00a05c40	13	1	45	4297bc5cf255c38e1ec62ab9bced36e121c9997ecb5b91423fade56d09d7ca20
urn:ure:t6:occ:function:current-client:00a06080	0x00a06080	simple	FUN_00a06080	13	1	45	1af035522986cb7b69e28fb48b01bf565f3e7223e1d8140ce1cd15e3f55551fc
urn:ure:t6:occ:function:current-client:0060c240	0x0060c240	simple	FUN_0060c240	13	1	46	82d7409887e01677a44dfd60c2f33b4d2163264f5b37b1d7f0f90663d2e57230
urn:ure:t6:occ:function:current-client:0062b660	0x0062b660	simple	FUN_0062b660	13	1	46	5a282b20fefcdee37c4439e68235f7f76aa9f5dfebda2ee6de832d1e4fcd0567
urn:ure:t6:occ:function:current-client:007510c0	0x007510c0	simple	FUN_007510c0	13	1	46	a93c5ab0f6cc365cb7471e2132a6f753d09bc50741737c40035d75479354a8c7
urn:ure:t6:occ:function:current-client:004cd320	0x004cd320	simple	FUN_004cd320	13	1	47	a6027e581755ff21a282fa1d43af8aaf7d40754de352dacf9a0da861909c9ac4
urn:ure:t6:occ:function:current-client:005f7bb0	0x005f7bb0	simple	FUN_005f7bb0	13	1	47	7d91be52baeab81ddfa29d0a6b4d4d42f8af436724933f378d22dc751873e737
urn:ure:t6:occ:function:current-client:006ced20	0x006ced20	simple	FUN_006ced20	13	1	47	da7356dead7cb86786d33ab5eccfb5679abd4f4e163bf2b17ca3053dedec85a5
urn:ure:t6:occ:function:current-client:005d5640	0x005d5640	simple	FUN_005d5640	13	1	48	cededac9d4dbb9be314ea8faf14d2d59b4516a21ed07b96be5a292d0d8294b46
urn:ure:t6:occ:function:current-client:007e9a20	0x007e9a20	simple	FUN_007e9a20	13	1	48	9e8801f57b3d84b1e29c1ae76902c53404696e377a7d980ecdec143001f0e028
urn:ure:t6:occ:function:current-client:00a49fb0	0x00a49fb0	simple	FUN_00a49fb0	13	1	48	f7c7fbc1d7196766f03c7eb1c16a778fe643ea095eae6cb7b2d5f4b5ee0fb9d5
urn:ure:t6:occ:function:current-client:00ad05a0	0x00ad05a0	simple	FUN_00ad05a0	13	1	48	f48802942537ae2da23883b96bbf3a73b088287ffbce64ef1b79003186e15b90
urn:ure:t6:occ:function:current-client:006f4650	0x006f4650	simple	FUN_006f4650	13	1	50	6e0c039f99d4ede6cc97da0447e7628d6b51bcf0b330fe04bcd102969cf0f49d
urn:ure:t6:occ:function:current-client:0094f630	0x0094f630	simple	FUN_0094f630	13	1	50	92f16700674287e2998e55b68fb220210d46489da63b83357cc3348a71e1a799
urn:ure:t6:occ:function:current-client:00657e00	0x00657e00	simple	FUN_00657e00	13	1	51	959eb955db4826c0cf69b836935280d8b46198f8c33a2d41311e8a8aa49ce890
urn:ure:t6:occ:function:current-client:006b4ee0	0x006b4ee0	simple	FUN_006b4ee0	13	1	51	20048cd569a025c57e50f6dce8e19ffd0eb1b8e6715f9db0864e76f28bce5e08
urn:ure:t6:occ:function:current-client:007ef180	0x007ef180	simple	FUN_007ef180	13	1	51	d142fbafeb11abba223d6bb3b9961288c628a1452d57968fb2ed66a58354ed9d
urn:ure:t6:occ:function:current-client:00515310	0x00515310	simple	FUN_00515310	13	1	52	987587eeecbf03b7a3bb64932b9c221628ed07b265cfc4f57cb79fde5d59d7cd
urn:ure:t6:occ:function:current-client:00675130	0x00675130	simple	FUN_00675130	13	1	52	8f66d4dc8c9c86dcc93f0db9eb34c0b6dfd77b4be032a9b9c4c9363976f9b16e
urn:ure:t6:occ:function:current-client:0050a2e0	0x0050a2e0	simple	FUN_0050a2e0	13	1	53	fac1471194059dec886a1b885e1e67a3deeee5ae91d34cb3e33cdc21bec5e228
urn:ure:t6:occ:function:current-client:0065f730	0x0065f730	simple	FUN_0065f730	13	1	54	39f4f66e6eed7bed2cb9922ff7d4c97179778f82acebba80884c9d9f88ae346d
urn:ure:t6:occ:function:current-client:005463c0	0x005463c0	simple	FUN_005463c0	13	1	55	400981f7be6a7b2146bb44c5209012b0337c7d7aafb3750cb95d79b1cff3fb30
urn:ure:t6:occ:function:current-client:004a6210	0x004a6210	simple	FUN_004a6210	13	1	56	b598e5e2d5d797f7e5b5aee893c217c22bf552cde487970a5afcec7f7db1b5dc
urn:ure:t6:occ:function:current-client:004b5ae0	0x004b5ae0	simple	FUN_004b5ae0	13	1	57	845bd578a822e7940bf0aa108bec971e08924da3a24d055ea1a3996a8d801932
urn:ure:t6:occ:function:current-client:0048b980	0x0048b980	simple	FUN_0048b980	13	1	58	66734f4d0715f317da3f09098ce70e74f9e5031792321b3f587ad244afb9d1eb
urn:ure:t6:occ:function:current-client:00662b10	0x00662b10	simple	FUN_00662b10	13	1	58	71f447747087d9bc2177696f6426b5a5d46ee894bf55ed39e1be33cc9c3b852f
urn:ure:t6:occ:function:current-client:00469a40	0x00469a40	simple	FUN_00469a40	14	1	27	34e8a4a5145945a1b7493abafbe68c6d29b613d2b42aab0f08097225285318eb
urn:ure:t6:occ:function:current-client:00617f50	0x00617f50	simple	FUN_00617f50	14	1	30	5d0e4ca630f6fbc3003c02f65985c3de51c84d73c5781bc59464000cd302c239
urn:ure:t6:occ:function:current-client:00ae1840	0x00ae1840	simple	FUN_00ae1840	14	1	30	5ef7fec32a483859c04e10852ce0524dd7b8d75e02c6c7c59a7ac4cc32b540a4
urn:ure:t6:occ:function:current-client:00ae2600	0x00ae2600	simple	FUN_00ae2600	14	1	30	99e1fdf0debdba05a08e740352f679ccf43b93aa952f90f102615727687ff15f
urn:ure:t6:occ:function:current-client:00ae1460	0x00ae1460	simple	FUN_00ae1460	14	1	31	a5cde38926491d9aabe3f91130d903657de2b3d4546d8193e5d68d1c07ce568f
urn:ure:t6:occ:function:current-client:00afe750	0x00afe750	simple	FUN_00afe750	14	1	31	048a82e156b48245081da567a169d9cade755191847c8ee057c7ca2875cb4816
urn:ure:t6:occ:function:current-client:00519410	0x00519410	simple	FUN_00519410	14	1	32	46081cd8d0df934cb9241d7d27423e3f1207cee84a67a87281ffd9c214f6c3ae
urn:ure:t6:occ:function:current-client:00523830	0x00523830	simple	FUN_00523830	14	1	32	209d7043f28b480c8237f0d992f222b4bde461fc0990b3254b633128013e0b8c
urn:ure:t6:occ:function:current-client:005908c0	0x005908c0	simple	FUN_005908c0	14	1	32	b5fc57726bd47149ac1a941295c2d0a0bcd32bf48ca221dae7d8a1a4abcdf975
urn:ure:t6:occ:function:current-client:005d2680	0x005d2680	simple	FUN_005d2680	14	1	32	fbb5f867efa990cb4c1d2cf89500ba47441c835898df428a21f684bea846e682
urn:ure:t6:occ:function:current-client:0077ea70	0x0077ea70	simple	FUN_0077ea70	14	1	32	4bf23b1b8fc91e2c334ba2e2dc73244a1b8d3a1d69c2829b6dcc67999384eabb
urn:ure:t6:occ:function:current-client:0077ea90	0x0077ea90	simple	FUN_0077ea90	14	1	32	9052bcbb96cf378d33372a1af7892c29cd5a5183f6b7ea7de617969ab6232bfd
urn:ure:t6:occ:function:current-client:00a37200	0x00a37200	simple	FUN_00a37200	14	1	32	f5bed9b9028ee1e954f185b6d4bfae3ea035d09a8f311c9c237f70a3d4a4024e
urn:ure:t6:occ:function:current-client:00a37220	0x00a37220	simple	FUN_00a37220	14	1	32	8302aa011e919762c01ad80773a7c8c0ff5fe1c0fadce488c344ff805b5640de
urn:ure:t6:occ:function:current-client:00a37240	0x00a37240	simple	FUN_00a37240	14	1	32	1daf2caa18f9a8320ce239be82fec911824ce57ec76156cb7301fda4de6e1519
urn:ure:t6:occ:function:current-client:00a37260	0x00a37260	simple	FUN_00a37260	14	1	32	11e1b1c3bec9a62f8ebee6e21a40682aee99d45c33c3984e980c54d951a1bf81
urn:ure:t6:occ:function:current-client:00a77efc	0x00a77efc	simple	__freea	14	1	32	d9a85cc4a37d6a18bfd47aff955fc75a4bb4f3e6777722d5a82c8152143c9794
urn:ure:t6:occ:function:current-client:00a849ab	0x00a849ab	simple	__hextodec	14	1	32	b951de1e30fd28999d83f4a03e16f2c31543e6e6c216d39a3329174bf7910e1d
urn:ure:t6:occ:function:current-client:00ae1600	0x00ae1600	simple	FUN_00ae1600	14	1	32	5ec2e2a621c4bf5d1b8917af32ac4a7d40b87aac6411b212306ba36206db3119
urn:ure:t6:occ:function:current-client:00459d10	0x00459d10	simple	FUN_00459d10	14	1	33	91a590a0a45926f3a552842893291be120fa0c87c01506378381d82d40082a0e
urn:ure:t6:occ:function:current-client:00af3350	0x00af3350	simple	FUN_00af3350	14	1	33	5ca56e2762ff425685192f849c8e73da8c45a1281f69be2dfc9f46dbff4f6829
urn:ure:t6:occ:function:current-client:0045d1b0	0x0045d1b0	simple	FUN_0045d1b0	14	1	34	1b92533f05a74d87af8e88ecb3a0c457dfcdbdc0b8685d902720b74860fcfd5e
urn:ure:t6:occ:function:current-client:006e2640	0x006e2640	simple	FUN_006e2640	14	1	34	74bb02f0025ed1d6f710fd6d9eb4d35cf1c8e0f0b03fc168078d248e008755a0
urn:ure:t6:occ:function:current-client:00802750	0x00802750	simple	FUN_00802750	14	1	34	930bad72d737ba8c674cc1dd271e422f40a9ad57d8420e49f48fa9f40458eeb5
urn:ure:t6:occ:function:current-client:00a507b0	0x00a507b0	simple	FUN_00a507b0	14	1	34	0f0e9b6e4c77dc6b875439f5f62e3f1e75fabbcce3d7ec936e2591c96e5f904e
urn:ure:t6:occ:function:current-client:0042cbc0	0x0042cbc0	simple	FUN_0042cbc0	14	1	35	d09f9185be427a310b3cf1d0a0a64f01bffd02183325983bfc151f000078125a
urn:ure:t6:occ:function:current-client:00a361b0	0x00a361b0	simple	FUN_00a361b0	14	1	35	bf3e72ff530ebc5c3358f8fbc44d7b5d7152fd3d3a1244fe301105edcec86f2d
urn:ure:t6:occ:function:current-client:00a834e3	0x00a834e3	simple	__cfltcvt	14	1	35	03ca8928fb82f3d11d76b334f7ff052edeb37256bfba14846a8c9ec87af28817
urn:ure:t6:occ:function:current-client:00a8aed9	0x00a8aed9	simple	__raise_exc	14	1	35	053686e32249ad7e9be1e6da6bd6798912ca3623559068b7cf13478a5a9021c8
urn:ure:t6:occ:function:current-client:00b00aa0	0x00b00aa0	simple	FUN_00b00aa0	14	1	35	4ceb629dfead96ad269787e58b162fdb205a74f6900f75542e96863308e65559
urn:ure:t6:occ:function:current-client:00454860	0x00454860	simple	FUN_00454860	14	1	36	1c4e1ac2636b6f32aef6fc417400793636d116356117622be026dd6190e0f251
urn:ure:t6:occ:function:current-client:00622f40	0x00622f40	simple	FUN_00622f40	14	1	36	a065f2596c9d9521a57d86e0b1166f21af48e7c285bffd1cc82f7ab7744ade30
urn:ure:t6:occ:function:current-client:006f6090	0x006f6090	simple	FUN_006f6090	14	1	36	42d7a21f76b3dd7485bbe66189f47511907a3673d9dc48d19775124811db5f75
urn:ure:t6:occ:function:current-client:009fc520	0x009fc520	simple	FUN_009fc520	14	1	36	1ac25b35da4471770b2e2048b4ec58a775a72a8c24e67901cf956bf31b30837a
urn:ure:t6:occ:function:current-client:00a2cea0	0x00a2cea0	simple	FUN_00a2cea0	14	1	36	067b36c7813067dbba644b19e49574753df9bf1aa0c1748c7b4fc3693e91a53e
urn:ure:t6:occ:function:current-client:00a42280	0x00a42280	simple	FUN_00a42280	14	1	36	cd029e6097d261dab5d035b64296921235cef3831963fd6ebb4e039f9fdc3587
urn:ure:t6:occ:function:current-client:00afa8a0	0x00afa8a0	simple	FUN_00afa8a0	14	1	36	9b5e59de25190d09c55e37d716d6e8a2987830335ec466eb1604246d41c6ba60
urn:ure:t6:occ:function:current-client:00b05360	0x00b05360	simple	FUN_00b05360	14	1	36	2b7a0879629272cc5c8f67f21f8a8481d39a2a7120ae66f561788af3eafdbeaa
urn:ure:t6:occ:function:current-client:00b0df30	0x00b0df30	simple	FUN_00b0df30	14	1	36	a8d6937a3e0688b71807801726c84fb65e314f800a30c3b0464501a6506b918b
urn:ure:t6:occ:function:current-client:00b0df60	0x00b0df60	simple	FUN_00b0df60	14	1	36	c47c2220e0b67be1e7986731b41662c4c099ce87d4ae42f2ade448a83721cf43
urn:ure:t6:occ:function:current-client:0044f110	0x0044f110	simple	FUN_0044f110	14	1	37	0bd05e4b54bb52c5991ab54580750861a2566d3901f0b8e3ea8b6fbbb3a7ebb9
urn:ure:t6:occ:function:current-client:0059c000	0x0059c000	simple	FUN_0059c000	14	1	37	ab3cd9572a19e187790279ee0bcd3870e24be995730cdf4bd5db8ccc2cab5d6c
urn:ure:t6:occ:function:current-client:005d28f0	0x005d28f0	simple	FUN_005d28f0	14	1	37	f639c9fe5c1107990e40f83e0715f2e9d711b2d26a7432420970b2b1728f7419
urn:ure:t6:occ:function:current-client:005f1290	0x005f1290	simple	FUN_005f1290	14	1	37	5e17f9f4eb57167149daa1f30de47d2479eb35a289578143273e7079ed1881e4
urn:ure:t6:occ:function:current-client:0068fb30	0x0068fb30	simple	FUN_0068fb30	14	1	37	640fa205fc997c68cb749eaf1496f2cd2e97013450e09c9580c33416da0dfe0a
urn:ure:t6:occ:function:current-client:006f2ea0	0x006f2ea0	simple	FUN_006f2ea0	14	1	37	0ea21211d7c4e37f3a7c613cd90852aebffd3dae6e246e8879ce80f3e1d418d1
urn:ure:t6:occ:function:current-client:00a738e2	0x00a738e2	simple	std::exception::exception	14	1	37	2cab0ec15fff265591a8fb515cafbc8bb297a7d22bdf50104b466f34941d4346
urn:ure:t6:occ:function:current-client:00a814fd	0x00a814fd	simple	__invoke_watson	14	1	37	c8dbebccde16b38ec4111aa499639d2640f84006bc52b6e24044175fa5133264
urn:ure:t6:occ:function:current-client:00afb980	0x00afb980	simple	FUN_00afb980	14	1	37	b9d8c1f582e65cfe2f2fc7ac38d3831092b00843992b0a602676eec84286b859
urn:ure:t6:occ:function:current-client:004a20e0	0x004a20e0	simple	FUN_004a20e0	14	1	39	4451871ccb05937539e83798fc698891e4b3e0263fb8288123f04abb6a4c06bb
urn:ure:t6:occ:function:current-client:00526bc0	0x00526bc0	simple	FUN_00526bc0	14	1	39	8d2e1e3aa6c7bf913c325b83222f1656def6763c1f9b2e983bb2cf5d0f3ee64e
urn:ure:t6:occ:function:current-client:0059de20	0x0059de20	simple	FUN_0059de20	14	1	39	6d46bacfdd7089e3cd3693759aebe26b98f0ed5ab0bcf1a1e14f089188779ac3
urn:ure:t6:occ:function:current-client:0066fd40	0x0066fd40	simple	FUN_0066fd40	14	1	39	2c9f27c4d7f8a33d77d0c65dba9b1d21b88f43149bef5d3e960b1afe774ebf9b
urn:ure:t6:occ:function:current-client:00b00a10	0x00b00a10	simple	FUN_00b00a10	14	1	39	1e53a2cd8705d244ea7f12182f3a36336be59e9965472f8771a7798cd06a3ba8
urn:ure:t6:occ:function:current-client:00457eb0	0x00457eb0	simple	FUN_00457eb0	14	1	40	85c9873dd145d8b333349c06451802efa4560a24290a8245ea52a4e699d69bb3
urn:ure:t6:occ:function:current-client:00476410	0x00476410	simple	FUN_00476410	14	1	40	185bdaea2315f9a778f9ef6b8b9d3838cf6cd5bcfb700beb5b724b074edbc7a5
urn:ure:t6:occ:function:current-client:0053b4e0	0x0053b4e0	simple	FUN_0053b4e0	14	1	40	e2505539415f68e68326dbb681f4a0ffd836c5abca8f62f4e5f9f46046cd56db
urn:ure:t6:occ:function:current-client:005768b0	0x005768b0	simple	FUN_005768b0	14	1	40	1af111402eb2f2c5910e8972d42dfa4b8d49062dd210df08c80840b123abfa41
urn:ure:t6:occ:function:current-client:00689900	0x00689900	simple	FUN_00689900	14	1	40	fd3da2eb8d1535a258ea8ffacb111ef527cb63bfe09c59e90da73868ce6ad494
urn:ure:t6:occ:function:current-client:00ad2da0	0x00ad2da0	simple	FUN_00ad2da0	14	1	40	9c9c9e0a50c003bed3f6879b2feaf182386ca971206d8a273af9bdb04aa4401b
urn:ure:t6:occ:function:current-client:00ad9940	0x00ad9940	simple	FUN_00ad9940	14	1	40	9aa4cf86c4257ba52bffa3d60bdfb8d133996400ebbe3b36eb4a55d9884b3a27
urn:ure:t6:occ:function:current-client:004119e0	0x004119e0	simple	FUN_004119e0	14	1	41	b147d3e7412a31f43ffb51439ce728448920332388ab1524df6ff4865fac85dc
urn:ure:t6:occ:function:current-client:00622760	0x00622760	simple	FUN_00622760	14	1	41	27019d3f3c32a195624778014e0f9427936a3c3668958d83bdef3ef0952a5ee2
urn:ure:t6:occ:function:current-client:0067c850	0x0067c850	simple	FUN_0067c850	14	1	41	d586d299cf04d77d7369e54e0650e100b474e280fe8096246df1bee58c9d0f49
urn:ure:t6:occ:function:current-client:00b07420	0x00b07420	simple	FUN_00b07420	14	1	41	575ea5ba98c320b29fc64b7364556e087b8b499010b4bca7b4019decdd3da7ad
urn:ure:t6:occ:function:current-client:00b09fa0	0x00b09fa0	simple	FUN_00b09fa0	14	1	41	0dbee492dd077a32d769b66547caabc0608200fa8bc03d4cd21643ef88c25185
urn:ure:t6:occ:function:current-client:00b18f60	0x00b18f60	simple	FUN_00b18f60	14	1	41	96b86a69e2f4d5353c618b5131cd878fc250884ef2e8c93e255e21808af9b500
urn:ure:t6:occ:function:current-client:0050a980	0x0050a980	simple	FUN_0050a980	14	1	42	8e72b0ebd4eba500fbe6c2fd62f457f949c4c8edd49a40113c5be9c5c3e17640
urn:ure:t6:occ:function:current-client:00a05c70	0x00a05c70	simple	FUN_00a05c70	14	1	42	ffb4c0d3eaffc9e5a058d0a0b7427337d74642502b07039ae237d4422842de05
urn:ure:t6:occ:function:current-client:00a06110	0x00a06110	simple	FUN_00a06110	14	1	42	dbd4c1b8d67946a347e00a174843272003e2d7240afce787fdfbc8c0d077765b
urn:ure:t6:occ:function:current-client:00510d30	0x00510d30	simple	FUN_00510d30	14	1	43	27cc408f04e8fa40aadd09aee58141b8d4ffacaae16e9741508d3dcdc15bc726
urn:ure:t6:occ:function:current-client:0059c100	0x0059c100	simple	FUN_0059c100	14	1	43	bec1242334115142532d50e14fb98b4f0e7fdcd6c7ebceb909becfc32d40b31b
urn:ure:t6:occ:function:current-client:00ad7200	0x00ad7200	simple	FUN_00ad7200	14	1	43	8b9bfe4b37140fd31d0cc0769d0df05ce94a5dc10f8358689a50a17de81088dc
urn:ure:t6:occ:function:current-client:00afd5d0	0x00afd5d0	simple	FUN_00afd5d0	14	1	43	df39f37dbee7f32fef4397770087fd488d3e04d713aa166c995846023029b64b
urn:ure:t6:occ:function:current-client:0049fdf0	0x0049fdf0	simple	FUN_0049fdf0	14	1	44	a617331f9f28e8695cfe9658e98b1e580618deaba901febff5c6cf1aba561515
urn:ure:t6:occ:function:current-client:006739d0	0x006739d0	simple	FUN_006739d0	14	1	44	b2e84087c5973d519dda6eca1dec923df773fa195827a001a1ec073e46ea80e3
urn:ure:t6:occ:function:current-client:007123c0	0x007123c0	simple	FUN_007123c0	14	1	44	e3e1d247f7dcfc7472b3089cddd140860fb69734c133025b02b7efb3bf2261b4
urn:ure:t6:occ:function:current-client:00812150	0x00812150	simple	FUN_00812150	14	1	44	a21e5b1b24b78a50996323ba96b43869ae307f08b0f81cf88e1bbe010cdbc8a6
urn:ure:t6:occ:function:current-client:008cd690	0x008cd690	simple	FUN_008cd690	14	1	44	a93347392d775d9f170853862a6eacfe460f94e7ff3872823e290230c0849667
urn:ure:t6:occ:function:current-client:0048ad80	0x0048ad80	simple	FUN_0048ad80	14	1	45	085e3777a2707af06c3a5ecdbdad39a9e119f6b723c1d11d0fd64c87dbe44bc7
urn:ure:t6:occ:function:current-client:005f6830	0x005f6830	simple	FUN_005f6830	14	1	45	0e74a4b19f0e56aac0f43188b4c2fb59f2cf96b57ed2399f95e09bda38690ec7
urn:ure:t6:occ:function:current-client:006eb030	0x006eb030	simple	FUN_006eb030	14	1	45	7923d4b44b2256b7a3632a92db64d603ca8cc03863e5455ebe788778a683cfe7
urn:ure:t6:occ:function:current-client:00726220	0x00726220	simple	FUN_00726220	14	1	45	84f4a591d96d456012a009c53a0d3898e11ddd11666c301a26a478a153f26f0e
urn:ure:t6:occ:function:current-client:00ac1050	0x00ac1050	simple	FUN_00ac1050	14	1	46	3aaa850c7232a790e4025cac7ba30771f718e2e5328d633913f9d10ec5d35308
urn:ure:t6:occ:function:current-client:0066de00	0x0066de00	simple	FUN_0066de00	14	1	47	b68f692d3441330ecc76095e6d406c36b865a212ae7d08bc75ef0291a6e47398
urn:ure:t6:occ:function:current-client:006d3620	0x006d3620	simple	FUN_006d3620	14	1	47	f4e79c6e9e780a712f308f7b3de09bf84aa141ff41813a600c828c17804d3fa9
urn:ure:t6:occ:function:current-client:00a11fe0	0x00a11fe0	simple	FUN_00a11fe0	14	1	47	7611ade027b138c8ea26871e683f1c85007e54d56a13fc065e88e04e2aa4ba97
urn:ure:t6:occ:function:current-client:00412a90	0x00412a90	simple	FUN_00412a90	14	1	48	59f85bd68aa439d7eec29936d96ae10bf79aa2395372fda04086087dcd64ed06
urn:ure:t6:occ:function:current-client:004b3190	0x004b3190	simple	FUN_004b3190	14	1	48	e13efd21fe754e464d0a41ddd0978788caa867b5d82781db0861d24ed711cb84
urn:ure:t6:occ:function:current-client:004b92d0	0x004b92d0	simple	FUN_004b92d0	14	1	51	94130ee08444ec4cae2233a73b58ae88f4ce000f56f10c58ad91dbb533e9cbe2
urn:ure:t6:occ:function:current-client:00675a60	0x00675a60	simple	FUN_00675a60	14	1	51	ea171210f92bf656aaa820076d85623618a8b70d4c484e896ed3db74c588ad5c
urn:ure:t6:occ:function:current-client:006f4890	0x006f4890	simple	FUN_006f4890	14	1	51	0543b3531e55b3dc226c0bd1051693218ca50ee6546c5085c6bfac04e3a2857d
urn:ure:t6:occ:function:current-client:0074c200	0x0074c200	simple	FUN_0074c200	14	1	51	766a765c354b54a02abce73cdff867ebdd2377893135e6347d9a659ec2233373
urn:ure:t6:occ:function:current-client:009c4250	0x009c4250	simple	FUN_009c4250	14	1	51	25e0f663695cda9c7d284474e6f0d0ac5f742eeae7788a97c945b440ccaf7fcb
urn:ure:t6:occ:function:current-client:004abfe0	0x004abfe0	simple	FUN_004abfe0	14	1	52	11740d62f01f64e7d5d74ca97a2ff0266223f4e03c43814abe8300aaa5f5a381
urn:ure:t6:occ:function:current-client:0092e710	0x0092e710	simple	FUN_0092e710	14	1	53	9c770b81eefb160b6b59e07e896c4b0f62066136e94d530719d33836a5b381aa
urn:ure:t6:occ:function:current-client:00584400	0x00584400	simple	FUN_00584400	14	1	55	6bbad86c3a8267ec5879e04491f1c40d7894d6c48a8ebc8a8d044deb2d1ab61c
urn:ure:t6:occ:function:current-client:00598480	0x00598480	simple	FUN_00598480	14	1	56	213463bdc70df21c4b5151a843b93334dd30d8b97ff4ee99bb5572c42b62a49e
urn:ure:t6:occ:function:current-client:00698280	0x00698280	simple	FUN_00698280	14	1	56	0effd039ec6b86d32edbe1e58ffe5c145ff025ff2a790fbf7c9df9a87529a6ba
urn:ure:t6:occ:function:current-client:00546060	0x00546060	simple	FUN_00546060	14	1	57	1d0c4ab863844cb2bc631f8cb48e095df7cbbfee58a0625f5aac26e5342b24c0
urn:ure:t6:occ:function:current-client:0050ec50	0x0050ec50	simple	FUN_0050ec50	14	1	59	73b680db6865d474dc4f4d689ef91fe63ea34a5b2b4510cf2bbda7c9e7252e4d
urn:ure:t6:occ:function:current-client:00684b60	0x00684b60	simple	FUN_00684b60	14	1	66	470582382ad82090beaa7b8ea9d1d032f4318ebb255eb50fda3f6c6449ad526e
urn:ure:t6:occ:function:current-client:005131d0	0x005131d0	simple	FUN_005131d0	14	1	67	a1b2ed7b84455a0c37c74190351e16e207a56a1a7a60c36f9d1c7145cd9a7f8e
urn:ure:t6:occ:function:current-client:00a8dc52	0x00a8dc52	simple	_EH4_GlobalUnwind2	15	1	25	362e5da1d24d6ac050c463c37f309802fca492e18308e44e8eeee00bf800ea92
urn:ure:t6:occ:function:current-client:00ac19c0	0x00ac19c0	simple	FUN_00ac19c0	15	1	28	55408e308fd4496d53e224214907aea77fa06e9e6492ebf93d972de420a53ee9
urn:ure:t6:occ:function:current-client:00ae1740	0x00ae1740	simple	FUN_00ae1740	15	1	31	20754e8480d99460e7c69e267f3a9d28202d9d1b5dbb37c2391f802e9a7ed44c
urn:ure:t6:occ:function:current-client:009b1bc0	0x009b1bc0	simple	FUN_009b1bc0	15	1	32	420ef48b5450525897b98434c2dd8ee3d470c3f280ea9696242414068f9c7f7f
urn:ure:t6:occ:function:current-client:00a2e530	0x00a2e530	simple	FUN_00a2e530	15	1	32	1a51ebe547ebab2d5752e0887b60624fb6d10f658ce78d8666b8e74a962bb5a4
urn:ure:t6:occ:function:current-client:009499c0	0x009499c0	simple	FUN_009499c0	15	1	33	fe0ed88667b605fde4ed4dd2e720b9e83295601c8c6b9163031f51a5b5aaea82
urn:ure:t6:occ:function:current-client:0047b170	0x0047b170	simple	FUN_0047b170	15	1	34	3e16f274fc3be99b582398f93be916b037a5d0a25ac80a3efee8dd0b09fa505e
urn:ure:t6:occ:function:current-client:00877930	0x00877930	simple	FUN_00877930	15	1	34	0d74a099c216d177bad659b101adb7e3c3bce00e31611d334d314295d0d9c310
urn:ure:t6:occ:function:current-client:00a742a2	0x00a742a2	simple	FID_conflict:_sscanf	15	1	34	a7a0d759aaaf96a1229f6586e05ef18194e07dcd95a992931fceacfc5b7e7511
urn:ure:t6:occ:function:current-client:00705650	0x00705650	simple	FUN_00705650	15	1	35	66ccfeb8212b9f72dbc01231f4528427cc8406517f2441b45944b688dbd7caa5
urn:ure:t6:occ:function:current-client:00a4dbe0	0x00a4dbe0	simple	FUN_00a4dbe0	15	1	35	2743379fc8fd377a1da8732d1429cd01c2ea033e4b9edca8facb4034c20de6b7
urn:ure:t6:occ:function:current-client:00a56c90	0x00a56c90	simple	FUN_00a56c90	15	1	35	533a7458cf90df78b577cefb982ca36419563e9c756034c60bc026a392673941
urn:ure:t6:occ:function:current-client:00ad1800	0x00ad1800	simple	FUN_00ad1800	15	1	35	dee998d16ba979da11b4434cd3ad5085abcc55225c6bcda112810c5985287a39
urn:ure:t6:occ:function:current-client:00a60e70	0x00a60e70	simple	FUN_00a60e70	15	1	36	5e74f532195b9bfee6ff0f6142373f894d3f22bc1c3e89f6eeed1a632b052da8
urn:ure:t6:occ:function:current-client:00ad6720	0x00ad6720	simple	FUN_00ad6720	15	1	36	b90e10401aaa85d4644f7e1c71f1081d47585dbebb86e27d2f1e0602ddf2faef
urn:ure:t6:occ:function:current-client:0041ea00	0x0041ea00	simple	FUN_0041ea00	15	1	37	6a45c73e91a372a6b5266fc9ad8f2269c988d103f43ec209838de7601c18e93b
urn:ure:t6:occ:function:current-client:004bc330	0x004bc330	simple	FUN_004bc330	15	1	37	e8916951cc264bcb8182471aba59e8a81fbec99801e32069273035652d2d9e7e
urn:ure:t6:occ:function:current-client:004cd350	0x004cd350	simple	FUN_004cd350	15	1	37	d6122c194ee5a1c81244b1f0db0932aaedf80b2c53d3cfcd9cac66a619070f58
urn:ure:t6:occ:function:current-client:0056f5b0	0x0056f5b0	simple	FUN_0056f5b0	15	1	37	1c0892bd8f8dcec1aa92051cd8757bf16e8b16804765f7fe2b279d013e0d93ef
urn:ure:t6:occ:function:current-client:006580d0	0x006580d0	simple	FUN_006580d0	15	1	37	9b7dd6012b03ebce24928b37ecfb039c9aed4a1202d3776ca949a9cca3427038
urn:ure:t6:occ:function:current-client:006e4140	0x006e4140	simple	FUN_006e4140	15	1	37	8e97c878718aca1550b45bac167dfe11be72af3a9da9ff78277ca0522f77f525
urn:ure:t6:occ:function:current-client:00418440	0x00418440	simple	FUN_00418440	15	1	38	5f6fa86431fc618eb666aa2a40127da7750a6b4e8fcdcf311f2b25cda4cc3a77
urn:ure:t6:occ:function:current-client:009b2020	0x009b2020	simple	FUN_009b2020	15	1	38	a032d234832092c2533021f3f1a891a889b1f729521ec5a901c234313f6fe481
urn:ure:t6:occ:function:current-client:00a7aa58	0x00a7aa58	simple	FUN_00a7aa58	15	1	38	425c3ec6c12dff207ff612ef71dcc5cac0a7a61c391fe6e3eb19fe0b69924997
urn:ure:t6:occ:function:current-client:00b125d0	0x00b125d0	simple	FUN_00b125d0	15	1	38	dcbadcc9c66e93ba4c1f42672340f779eaf687f106fe1634e86d0cc2f56424bd
urn:ure:t6:occ:function:current-client:00b12cb0	0x00b12cb0	simple	FUN_00b12cb0	15	1	38	92be05cc1890ce4ca6d32c03159770ce52d4f80661d7452e221ae1ee44725f86
urn:ure:t6:occ:function:current-client:004245f0	0x004245f0	simple	FUN_004245f0	15	1	39	fdb3800242ed608c526dbafaa3823965fc1ff7c6107fcc08d1729ecf7cbe40ed
urn:ure:t6:occ:function:current-client:0060a4f0	0x0060a4f0	simple	FUN_0060a4f0	15	1	39	a28a1a572856d8285d91a4306e2b7574a5b0a5a8cc33ce38f0b32550e418cfbe
urn:ure:t6:occ:function:current-client:006e6420	0x006e6420	simple	FUN_006e6420	15	1	39	64f1574d2095e924af09b8d9ce3243caa211e6b9c53bb20fbab2ff3fa27e6a82
urn:ure:t6:occ:function:current-client:007261a0	0x007261a0	simple	FUN_007261a0	15	1	39	2cfe231e8f2c7098c9020610d146a12453b58d7cb1825f221cd741f5c6a1d0fb
urn:ure:t6:occ:function:current-client:00a73854	0x00a73854	simple	std::exception::exception	15	1	39	af3a06da432609f3de919bcb2fd4b0f11e38ab1cfd55cef454a57aeb1be9f765
urn:ure:t6:occ:function:current-client:00ac14c0	0x00ac14c0	simple	FUN_00ac14c0	15	1	39	139e9f76c0e69b7690ab5b17eaf5fbea6ff5fc63c475d5bcaa3ce2a131957b1e
urn:ure:t6:occ:function:current-client:00541810	0x00541810	simple	FUN_00541810	15	1	40	ecc9f2a88784ebedcdfe8e922bcaf462f42eae806bcaa36d85fbe17935836adc
urn:ure:t6:occ:function:current-client:00607d40	0x00607d40	simple	FUN_00607d40	15	1	40	d73f1a21888c41ca5bb2882f235943c360da027bd70b672d09775f08e6d525c9
urn:ure:t6:occ:function:current-client:00aded30	0x00aded30	simple	FUN_00aded30	15	1	40	c955b30f34fc596f0a25868a1265784926168218e83d2da8cbbfa2f2a22cbe8c
urn:ure:t6:occ:function:current-client:004b19f0	0x004b19f0	simple	FUN_004b19f0	15	1	41	4c942a95ebbe505cd0fdba0bf5c9779e809f97ac5a0b78149bbdd4b505750924
urn:ure:t6:occ:function:current-client:0056b840	0x0056b840	simple	FUN_0056b840	15	1	41	529918b9a732c6210963b84c003ce0dd0abaabd381f54d50cf588cf385939257
urn:ure:t6:occ:function:current-client:006d63c0	0x006d63c0	simple	FUN_006d63c0	15	1	41	655b765f63e4280d4bc9a80e47d82121a44af733feba20b903bb18f5bd6acd31
urn:ure:t6:occ:function:current-client:006ea3f0	0x006ea3f0	simple	FUN_006ea3f0	15	1	41	c3978e29c187cd3faf2f3c746be805c5c1d162629a3064c8e2b96c88ea951c6b
urn:ure:t6:occ:function:current-client:00a404a0	0x00a404a0	simple	FUN_00a404a0	15	1	41	3d8d81f72b6d4f290173ab7c7160a56ec4a3aa1ae1f3d92bbcb241b9a8adf377
urn:ure:t6:occ:function:current-client:00a9b5f0	0x00a9b5f0	simple	FUN_00a9b5f0	15	1	41	14be3225201986e70292b875bad7c6778ffdd0e29ee8098224bd484479207ccc
urn:ure:t6:occ:function:current-client:00ad09e0	0x00ad09e0	simple	FUN_00ad09e0	15	1	41	de3251725b67747ee63b05b6fad42744d639786da117ecbbd32f4cb82f69bc79
urn:ure:t6:occ:function:current-client:004ec990	0x004ec990	simple	FUN_004ec990	15	1	42	89815448c82a408802145d50f5fe54542298071b50e4badf06c5412ba43b7cf1
urn:ure:t6:occ:function:current-client:006a2d60	0x006a2d60	simple	FUN_006a2d60	15	1	42	67d07c7b4a28414ae5e6e510b3aeb870ce07b5cac21f5bfad554b8378f63199c
urn:ure:t6:occ:function:current-client:00a2ca42	0x00a2ca42	simple	FUN_00a2ca42	15	1	42	0399c807419aa5112cc83dab703f4832b0ee7d64777c431449ddd0e4bedac3e0
urn:ure:t6:occ:function:current-client:00a8737b	0x00a8737b	simple	__math_exit	15	1	42	c52b11c2f87cb280a857bc4f1442e274b39ddcfb68cb9167f941f707193e58da
urn:ure:t6:occ:function:current-client:00634070	0x00634070	simple	FUN_00634070	15	1	43	0b18f20e598048a4928f0bcd065367b410d5b3fdb2529252b563988dc1dd5ff1
urn:ure:t6:occ:function:current-client:0095d120	0x0095d120	simple	FUN_0095d120	15	1	43	921ff853cac1a4fb66d81f5465491f3f8f2fe091aee7e390271a4a32ac4e54e7
urn:ure:t6:occ:function:current-client:0095d270	0x0095d270	simple	FUN_0095d270	15	1	43	f71e1034ae876a8e82b76238e0165e5094cda5d0ad9a8d12c3df0b25298ae33e
urn:ure:t6:occ:function:current-client:0095d450	0x0095d450	simple	FUN_0095d450	15	1	43	d83a3309b74d3bc0d835963505c36fe8726cb1c8196d8798a7945813df5963d7
urn:ure:t6:occ:function:current-client:0095d4b0	0x0095d4b0	simple	FUN_0095d4b0	15	1	43	aee5ce9c1f2e9cd3679b7fee37a1fec06bc93c6b9842675802a5d6d507e086af
urn:ure:t6:occ:function:current-client:004b3160	0x004b3160	simple	FUN_004b3160	15	1	44	88ced5109e217275b324310bf543e992519a88f6a1da7ba36b828dc65eeb0dd9
urn:ure:t6:occ:function:current-client:004ca280	0x004ca280	simple	FUN_004ca280	15	1	44	460aa39feb5e34c5a5be7372e84c10bf14da84ca87509f0c3fb77d930158a194
urn:ure:t6:occ:function:current-client:00586020	0x00586020	simple	FUN_00586020	15	1	44	e7654f5436b959d250123e61cb133b00edda5fdb59c5254b5c49eef7a62cdf35
urn:ure:t6:occ:function:current-client:00a81522	0x00a81522	simple	FUN_00a81522	15	1	44	72defcc2f6e1b5e748681b629c443e485cb8f9cdcd5ae91bc55d2757aa13b894
urn:ure:t6:occ:function:current-client:0057de10	0x0057de10	simple	FUN_0057de10	15	1	45	85f73d21260643eeac642ee9d7996be6f9ebdc379932a19a33307cc76667aceb
urn:ure:t6:occ:function:current-client:00624350	0x00624350	simple	FUN_00624350	15	1	45	cf8c6b1a8710dc93e397eb97489a662218e9ebfea74924373a951b0bd36f62ab
urn:ure:t6:occ:function:current-client:00435a60	0x00435a60	simple	FUN_00435a60	15	1	46	e6f29f0ec644a71c3bb3a27b7ccf99f392f199c3e5efa4512488c79c7bfd0152
urn:ure:t6:occ:function:current-client:0045c010	0x0045c010	simple	FUN_0045c010	15	1	46	0a6b8db7ab9f5742f9397de9c600d90f149cc0714a2edfa204cc5afccceb7567
urn:ure:t6:occ:function:current-client:004d43b0	0x004d43b0	simple	FUN_004d43b0	15	1	46	9c01c39cc97590d8bed27a156f960cf47bff8d69ff8b7f2c3850c1af8dc3d6df
urn:ure:t6:occ:function:current-client:00558340	0x00558340	simple	FUN_00558340	15	1	46	12dbd59ef175c9b00d95abd8f8104b1d2b4222283b7412948fd7193ce89419ea
urn:ure:t6:occ:function:current-client:00832c90	0x00832c90	simple	FUN_00832c90	15	1	46	e54034123d0290bdbde5ad483eddce765a38a1193498dd565fbf3a76ae0327da
urn:ure:t6:occ:function:current-client:004cfb40	0x004cfb40	simple	FUN_004cfb40	15	1	47	b3d316c10f8347263b5d9ee3c9b43d68e8ac1ba17442f1315ab387d76f915a24
urn:ure:t6:occ:function:current-client:004d9950	0x004d9950	simple	FUN_004d9950	15	1	47	de01b6b07d3e9963eb8f626609ed9c3a7328f285bb04d58f975ac35768a3ba68
urn:ure:t6:occ:function:current-client:004d1870	0x004d1870	simple	FUN_004d1870	15	1	49	c1cfe36a9e30860d7c4d6a98e8553d367172447f212b7e155c5d041314cc7f44
urn:ure:t6:occ:function:current-client:004a52e0	0x004a52e0	simple	FUN_004a52e0	15	1	50	1e5708564e343b797dbc8adcbedb2aad472751b9e64b2f187ef7c9cdeda2f462
urn:ure:t6:occ:function:current-client:004c0e90	0x004c0e90	simple	FUN_004c0e90	15	1	50	a095dd6a2123c0fffc7af025b6a87e9a156b6b50a695ca882aea44390e9371d7
urn:ure:t6:occ:function:current-client:00ad1d00	0x00ad1d00	simple	FUN_00ad1d00	15	1	50	408611a0f139af768092e0ccfef818441db1690280fb7f13f5aa6d27d900a6ec
urn:ure:t6:occ:function:current-client:0048e300	0x0048e300	simple	FUN_0048e300	15	1	52	97381a07b2e38447bd99d4a69790be3b47f8709ca367332188342531ea819806
urn:ure:t6:occ:function:current-client:00712380	0x00712380	simple	FUN_00712380	15	1	52	f0ce54194533825ca5210d596cd57f7b3eea69ba944820c094823192e98c9988
urn:ure:t6:occ:function:current-client:00778a20	0x00778a20	simple	FUN_00778a20	15	1	52	d961c86dd594a088bd0260854efbb6c9fb4c65be60ea8d0b86a35fd12cd2901a
urn:ure:t6:occ:function:current-client:00778a60	0x00778a60	simple	FUN_00778a60	15	1	52	0bca93d1a08918bf0cc4be4fae9e704739a73ae972524cd9c897ac15043e59f8
urn:ure:t6:occ:function:current-client:00778aa0	0x00778aa0	simple	FUN_00778aa0	15	1	52	029a3b0fef536ecb3e6b0d6b065824b6ccd35cdf117d5901de60dfc83afd67ce
urn:ure:t6:occ:function:current-client:00778ae0	0x00778ae0	simple	FUN_00778ae0	15	1	52	504791f6c4104f7b16bed71d092ffb6707aa141b824bb5ac4b54c0ce71925851
urn:ure:t6:occ:function:current-client:00778b20	0x00778b20	simple	FUN_00778b20	15	1	52	037ed02895e9a2b79d3adc1e1fa8e06a03f565cf7cc9a035ad4fb66a1bd6c8f3
urn:ure:t6:occ:function:current-client:00778b60	0x00778b60	simple	FUN_00778b60	15	1	52	f7dfd8d73a272d577c15ac1568d453010358601f8f85ac54c573b86269219b4f
urn:ure:t6:occ:function:current-client:00778ba0	0x00778ba0	simple	FUN_00778ba0	15	1	52	60b00f1f345f3ebeff56c1f9149bf7e07a4c5ef7f6d8550bcf0c4853705e51ae
urn:ure:t6:occ:function:current-client:00778be0	0x00778be0	simple	FUN_00778be0	15	1	52	580aceac78e8f1ec60cde88dcfb3897523f5470252461f74b61b58a8b438f31b
urn:ure:t6:occ:function:current-client:00778c20	0x00778c20	simple	FUN_00778c20	15	1	52	6e99aa86bf77820609d48d236c5d0a21beff2d0708e0e6624141abf80a88a476
urn:ure:t6:occ:function:current-client:00778c60	0x00778c60	simple	FUN_00778c60	15	1	52	cede1c822b06a34c4ccee21a6222a49665dbdc80b73feac21790633195fa43b6
urn:ure:t6:occ:function:current-client:00778ca0	0x00778ca0	simple	FUN_00778ca0	15	1	52	e1274c5c783525237d1505dd963ceff9009626bc416f9d2cc472febfb5e401ec
urn:ure:t6:occ:function:current-client:00778ce0	0x00778ce0	simple	FUN_00778ce0	15	1	52	3af69b4fcb0e2be20feac41baeb61fc6c381f0c5c80d12900b47780c26ab38e7
urn:ure:t6:occ:function:current-client:00778d20	0x00778d20	simple	FUN_00778d20	15	1	52	05cc83f8b8da4643399b68284d690d2c8eb96c4b448889cb67a243d4f80010f4
urn:ure:t6:occ:function:current-client:00778d60	0x00778d60	simple	FUN_00778d60	15	1	52	2f1a20fe2f57ec69fb44aa00a0d60e48414e9831a2150b8738386edafb5352ad
urn:ure:t6:occ:function:current-client:00778da0	0x00778da0	simple	FUN_00778da0	15	1	52	10c4fa22742e7ee3a8b3824c0953ab7002cbdbebdb32deca39226ca54eb5cdd3
urn:ure:t6:occ:function:current-client:00778de0	0x00778de0	simple	FUN_00778de0	15	1	52	4be110448593d1ae0f1d93b8a08c56a2c485007cb6b8d2755afd3639c52343d4
urn:ure:t6:occ:function:current-client:00778e20	0x00778e20	simple	FUN_00778e20	15	1	52	2958405ffffe40eb10d22d0b228cb17bf1fcc584169564dca8b5fe95e46bedb7
urn:ure:t6:occ:function:current-client:00778e60	0x00778e60	simple	FUN_00778e60	15	1	52	9612f621cbec47a60f29e348c4aad288bf105a1fdf5f6455c4d67c8d267d3881
urn:ure:t6:occ:function:current-client:00778ea0	0x00778ea0	simple	FUN_00778ea0	15	1	52	a8351a46dc4130379be189e05cfeea34f40e7bf1800acd12d09bd642cb2354f7
urn:ure:t6:occ:function:current-client:00778ee0	0x00778ee0	simple	FUN_00778ee0	15	1	52	fe7bdbedbb4e0bfcf900d47ede75f94c85a8dfa751cefaefc7a32e4398b8e6b9
urn:ure:t6:occ:function:current-client:00778f20	0x00778f20	simple	FUN_00778f20	15	1	52	c2679cc3678aa1cd7c3419b4a09e50f0066564282c65e353ee67181b75c3d562
urn:ure:t6:occ:function:current-client:00778f60	0x00778f60	simple	FUN_00778f60	15	1	52	d4aeb47240e6717a2d21a04cfb1922fb1aba3f4967bf6c69c452f967fd97785b
urn:ure:t6:occ:function:current-client:00778fa0	0x00778fa0	simple	FUN_00778fa0	15	1	52	ea60980f5c35ab4446a8fbadabcd61defd2e921e72e99be068b84acaebf83071
urn:ure:t6:occ:function:current-client:0058a230	0x0058a230	simple	FUN_0058a230	15	1	53	91c9da7a5631743bf4bbaffc9487e1ac620ae692d625e0b0aba1321292ce2238
urn:ure:t6:occ:function:current-client:00625030	0x00625030	simple	FUN_00625030	15	1	53	d540c110392e905d7916aed87e6531c400710d29bbea6fbc1c14d6327134e63a
urn:ure:t6:occ:function:current-client:00438f80	0x00438f80	simple	FUN_00438f80	15	1	54	db1ac43d9e741e40d316a0d99aac2b7723c8a44451802d318074ddc787ad2d7e
urn:ure:t6:occ:function:current-client:005f8d00	0x005f8d00	simple	FUN_005f8d00	15	1	54	5cb9bf80a57c4cb1b1a2b5ccf3383ee1a2044504521bb7371accee57317990b2
urn:ure:t6:occ:function:current-client:00686c70	0x00686c70	simple	FUN_00686c70	15	1	54	5595d19d4e1ac2d2949d7bfaafa4cd5c7868bb9ad2c186d08fc82a3848787028
urn:ure:t6:occ:function:current-client:00941f90	0x00941f90	simple	FUN_00941f90	15	1	55	8ab44aa2a54bc7eeee3f03ca9434256c2977742019f4b272f0f8f167683c4f4a
urn:ure:t6:occ:function:current-client:0055cd80	0x0055cd80	simple	FUN_0055cd80	15	1	56	416f2ff1fdbfb6bd73085c5879de156302b790b48236e29d21c22f8c84a00476
urn:ure:t6:occ:function:current-client:00832640	0x00832640	simple	FUN_00832640	15	1	56	209829ed783d8592e610e152b066b685668e0f5d37f56948ef8a142164ef1d22
urn:ure:t6:occ:function:current-client:005a5b60	0x005a5b60	simple	FUN_005a5b60	15	1	57	052b72576393016cbeefc48592e2eac62a53a272f5ec7b3c798b2b1f167c6be3
urn:ure:t6:occ:function:current-client:00682fb0	0x00682fb0	simple	FUN_00682fb0	15	1	57	e337247435d08a6faaca2bf8188be394e297233c70b1e87d7c858f23b69e832d
urn:ure:t6:occ:function:current-client:007f2360	0x007f2360	simple	FUN_007f2360	15	1	58	3e8bf11572e1a736f4b00482d2cc94df4970bbee76d5249085d1e4affb331419
urn:ure:t6:occ:function:current-client:0060f700	0x0060f700	simple	FUN_0060f700	15	1	59	69f2112bdcb3610534c8ca039e30848c66e0b0f76522d0eb59345b97c44cbecd
urn:ure:t6:occ:function:current-client:00520b80	0x00520b80	simple	FUN_00520b80	15	1	61	6808d2f4d302beabe4bc767eaf759b2d85f9d942d3a2f41f4eb652135e825a4a
urn:ure:t6:occ:function:current-client:0057adf0	0x0057adf0	simple	FUN_0057adf0	15	1	61	2d84e4ea931be40b648398044b0b8170df14767d7fa90bd303e365f368c3a8de
urn:ure:t6:occ:function:current-client:00a816db	0x00a816db	simple	__mtterm	15	1	61	9b9e08a71fac3d5458f273e06081dcc3663480763db030302a13ac8303b0a73b
urn:ure:t6:occ:function:current-client:0055e910	0x0055e910	simple	FUN_0055e910	15	1	63	eff3d08f3f8f200ece1c069abafed1d7370fe8f8f27f8d5554cd66bdbaf0e1cd
urn:ure:t6:occ:function:current-client:005e1380	0x005e1380	simple	FUN_005e1380	15	1	63	fce0a2a9d494073a26bb5bb96662e452044f54e3deedbe1be17e4c867ccdc025
urn:ure:t6:occ:function:current-client:00705690	0x00705690	simple	FUN_00705690	15	1	63	2195b220c14400eec8f9de338276fa10e2e020c9dbf23e06c651977fafb4dd0b
urn:ure:t6:occ:function:current-client:00738940	0x00738940	simple	FUN_00738940	15	1	63	249b13d43b6af0d731827157364b4dd44e4cb9380bf7b99310983a5092212a4f
urn:ure:t6:occ:function:current-client:00a80430	0x00a80430	simple	FUN_00a80430	15	1	63	36e223ac2e3eee98f44f38f081950d1f546a3e1a50ee0db71c50e21596ad0cb6
urn:ure:t6:occ:function:current-client:00a80560	0x00a80560	simple	FUN_00a80560	15	1	63	30119d362a87ea86fec519c3deba22de5bee611bca6335e2ced091331c8c42d8
urn:ure:t6:occ:function:current-client:00a87590	0x00a87590	simple	FUN_00a87590	15	1	63	911330dc241b29e09a01ac4b1beb455b931bfb1e4becad3b5a38a992c8023c8d
urn:ure:t6:occ:function:current-client:00899d50	0x00899d50	simple	FUN_00899d50	15	1	64	2b55a9f3905c2fa0f2402bfdedff91878491939363611e5c81542778b36ded79
urn:ure:t6:occ:function:current-client:0051a870	0x0051a870	simple	FUN_0051a870	15	1	66	d9663e0f4fa2ea60b40a451c3b499f21a21215b5c6b7601d6c197b2d600977ee
urn:ure:t6:occ:function:current-client:00583730	0x00583730	simple	FUN_00583730	15	1	66	7dd1f0b42a26b7db2c759ffb5ee7f38b8e6378e2ec7415fb57a856b9c2a2ebcb
urn:ure:t6:occ:function:current-client:00519ee0	0x00519ee0	simple	FUN_00519ee0	15	1	67	c85aa8ad34cc16ee61c20a97754ab805939dddbb2c8feb4c5792dbf4fa842a5a
urn:ure:t6:occ:function:current-client:004e3350	0x004e3350	simple	FUN_004e3350	15	1	75	ba526e620e09f98151328e61a08ba120943faf5ca36cc44baf2fa89b1a9de228
urn:ure:t6:occ:function:current-client:0053aa70	0x0053aa70	simple	FUN_0053aa70	15	1	91	88bd915cbcd406a9321918152a39ba3d53d67c28c3aca5b84d7f7a7087dfd20d
urn:ure:t6:occ:function:current-client:00568b60	0x00568b60	simple	FUN_00568b60	15	1	91	3571a873bee168b310d3c89d73f603854b93aa22e296b16e1c70921aab31f988
urn:ure:t6:occ:function:current-client:006a8c70	0x006a8c70	simple	FUN_006a8c70	15	1	100	941043370636679081bebeb2afbf67f712b38f474a5c9087872c19128b485b05
urn:ure:t6:occ:function:current-client:00a733bc	0x00a733bc	simple	type_info::operator==	16	1	32	f47ba09dd78688092e1b4f27113c83d5c82eb73a09e050c68275b79a4fbf3b8d
urn:ure:t6:occ:function:current-client:008888b0	0x008888b0	simple	FUN_008888b0	16	1	34	97bbc19e47c8fb12da03d097bfdf71baa7155df805f19d3bcede6722f5ec3ccb
urn:ure:t6:occ:function:current-client:00a2e440	0x00a2e440	simple	FUN_00a2e440	16	1	34	528258d963e4381bb04c507d44a557ffbc5f61f7f19836b6ec49b5e81ee78976
urn:ure:t6:occ:function:current-client:00a2e470	0x00a2e470	simple	FUN_00a2e470	16	1	34	02a197cf0c61786884acc7cd05a309cc3f974a1c933866991636a572331c7c0d
urn:ure:t6:occ:function:current-client:00a50fc0	0x00a50fc0	simple	FUN_00a50fc0	16	1	35	5135fd69236a692bd4c91c66b3583f6e7dd9fd492480503f9b11eed8cde0d733
urn:ure:t6:occ:function:current-client:00a56110	0x00a56110	simple	FUN_00a56110	16	1	35	b9b09b3ce45182eb23cad47ca8881aee51b1aaf6b1f6013b80f75dfb55b46653
urn:ure:t6:occ:function:current-client:00b05fb0	0x00b05fb0	simple	FUN_00b05fb0	16	1	35	a7930b814b0c3d16e00ad57c0d04879f4cb24e225a8c215d05355377c145a80a
urn:ure:t6:occ:function:current-client:00b0aa40	0x00b0aa40	simple	FUN_00b0aa40	16	1	35	86a853cf3356fc0b68334e2acde1dad204c4b92ca5f36884ee7b37fe291590bd
urn:ure:t6:occ:function:current-client:00a5dd10	0x00a5dd10	simple	FUN_00a5dd10	16	1	36	dc8e771eb87762a7f3f24cb4b677ffff49c6e9b444c2154387e04f11aa606840
urn:ure:t6:occ:function:current-client:00b04640	0x00b04640	simple	FUN_00b04640	16	1	37	c4cadda2e49c7fae0a0a2bc923a3ba9ae986d68ef0b0e4c73e62f3bc9c0ad089
urn:ure:t6:occ:function:current-client:0051d020	0x0051d020	simple	FUN_0051d020	16	1	38	a4ce24311b23b88a09aad32a035c0f60f267bfc4ca3b1bb24004f6154c377c71
urn:ure:t6:occ:function:current-client:00666530	0x00666530	simple	FUN_00666530	16	1	38	c6bb6d105c6eb867959c6af89ad83b3e14c73c24c1c6a08c1ccced245de33496
urn:ure:t6:occ:function:current-client:00a61ff0	0x00a61ff0	simple	FUN_00a61ff0	16	1	38	7ef4711e1e026e0ae6e77d8edf0e4bff582130daefa3da067758f2d8e80d5c8c
urn:ure:t6:occ:function:current-client:00a6d150	0x00a6d150	simple	FUN_00a6d150	16	1	38	b0f43dd3d47814597a808894c2a6d06546260879a12f3782623988014f0fb865
urn:ure:t6:occ:function:current-client:00802720	0x00802720	simple	FUN_00802720	16	1	39	dc69588d6f0f2480893fd5f5bd18a04e8bc96852a03e5961b708f58c6efc94c9
urn:ure:t6:occ:function:current-client:008b09a0	0x008b09a0	simple	FUN_008b09a0	16	1	39	e7201c2ea05042d9c97095645ede92658e914703abf25f51c75eb8447b6108d5
urn:ure:t6:occ:function:current-client:00a5ce30	0x00a5ce30	simple	FUN_00a5ce30	16	1	39	3629e51d50f1b2432c90c552c2ee30efa0f6b43ff234ea92b00c4224ef71284b
urn:ure:t6:occ:function:current-client:00891460	0x00891460	simple	FUN_00891460	16	1	40	3044f4120cffd9fde1b1e9140e71098f1d4f2581c4dcfac3527b7f1c42043060
urn:ure:t6:occ:function:current-client:00560f00	0x00560f00	simple	FUN_00560f00	16	1	41	50b39060d1f31f4752746d8d68f2d0b111b41aec9e31f05a38f1edb89aae6da5
urn:ure:t6:occ:function:current-client:0057b780	0x0057b780	simple	FUN_0057b780	16	1	41	c9179086cadc0510c978fb6a065f30115ca9552524bd32821f9c58820af6d9b6
urn:ure:t6:occ:function:current-client:005bee00	0x005bee00	simple	FUN_005bee00	16	1	41	aacbf8bfb75d08a02b8b81048d6eed2e470983a1bfaf75dce00c301c353b0f34
urn:ure:t6:occ:function:current-client:00a2e590	0x00a2e590	simple	FUN_00a2e590	16	1	41	8032b6f3b33bd4a8fc332bca1a8da0e21a2b2a8edaea8d7500e2b50784af26be
urn:ure:t6:occ:function:current-client:0045d900	0x0045d900	simple	FUN_0045d900	16	1	42	9ad0c3b938f8147a9d260c6763685e6a318f63630b5f335985f49a61944d989a
urn:ure:t6:occ:function:current-client:004d76d0	0x004d76d0	simple	FUN_004d76d0	16	1	42	ec8da9cf5a1dc854d8827dfc722eaebed2ddd76bf515f25326f4298c465312cb
urn:ure:t6:occ:function:current-client:0052e6b0	0x0052e6b0	simple	FUN_0052e6b0	16	1	42	7e0181d884039991e0f74bb8104f2c4aea89a3ee0ecd4ace843f04bc4228c680
urn:ure:t6:occ:function:current-client:005a0d20	0x005a0d20	simple	FUN_005a0d20	16	1	42	d4ec3fa6afc867ce6c65c29b91fb8518862a8c9cc78bb886e92cd488921a0225
urn:ure:t6:occ:function:current-client:005dbfb0	0x005dbfb0	simple	FUN_005dbfb0	16	1	42	1cc4872da9dc1019d424b981756e98af92c282b46d56468ced155f0c0e03d9ac
urn:ure:t6:occ:function:current-client:0063b8a0	0x0063b8a0	simple	FUN_0063b8a0	16	1	42	b85c25494d1a7b2ab4ed2a3c63fc825dff46ec20db76be613962a26ad6e84366
urn:ure:t6:occ:function:current-client:00a6af70	0x00a6af70	simple	FUN_00a6af70	16	1	42	2b45e2743a30646495565678ea76aaeb1ae7a47ab200ac10acfd0374374d7492
urn:ure:t6:occ:function:current-client:00a7a197	0x00a7a197	simple	FID_conflict:__vswprintf_p_l	16	1	42	cd3a7d3e9ee2ed2f2d30c746313ad357e8015d7449b452e7b242ba4647e7b375
urn:ure:t6:occ:function:current-client:0052f100	0x0052f100	simple	FUN_0052f100	16	1	43	a35488708501a398642a3b718fa3d53fda14a90c6c10c07d5cb2df13dd9f7563
urn:ure:t6:occ:function:current-client:00a31190	0x00a31190	simple	FUN_00a31190	16	1	43	2e19ed881370eb8e36b153e79678cdf6276b90bd9b0f39efa4839764c5e2cc12
urn:ure:t6:occ:function:current-client:00ae0bd0	0x00ae0bd0	simple	FUN_00ae0bd0	16	1	43	c08301fd9c0fa571d93622b1bee973ed4fbcd21428badf6c222bd7ffda9f4724
urn:ure:t6:occ:function:current-client:0047e1a0	0x0047e1a0	simple	FUN_0047e1a0	16	1	44	b6c78a686a044e9590248aa14a85f19e8853838eb8113821b08290436d0aefc3
urn:ure:t6:occ:function:current-client:0058c440	0x0058c440	simple	FUN_0058c440	16	1	44	020fbc2b454ed557256a974b9181e659946b73e2cabfa83006547dac3de136bb
urn:ure:t6:occ:function:current-client:005e2c00	0x005e2c00	simple	FUN_005e2c00	16	1	44	bf63b66fb0460a5382c6adb83b8031193cd8755a4ae792977dc0b7bc8f41cdcc
urn:ure:t6:occ:function:current-client:00660830	0x00660830	simple	FUN_00660830	16	1	44	51c3b02717d5c64f8cafd868cd3f8221a10a225b0037dfa4673b6c1f44c7df47
urn:ure:t6:occ:function:current-client:00a77a75	0x00a77a75	simple	_strtoul	16	1	44	5614336b64f524f2cdf5699ccffd03ef1f53abe4656a2cbe4f271ea6fcebc88e
urn:ure:t6:occ:function:current-client:00a79f4c	0x00a79f4c	simple	__strtoui64	16	1	44	7f61d3163b1028f864bbf329926652e19dedc58183ff37ad5143425dfe820c9b
urn:ure:t6:occ:function:current-client:0048e5d0	0x0048e5d0	simple	FUN_0048e5d0	16	1	45	1a724c532cd3113f4cc791c55d6a5ac51c612b828510cb74a3fce80bc4ae8d19
urn:ure:t6:occ:function:current-client:005ee710	0x005ee710	simple	FUN_005ee710	16	1	45	7b293c5fe42502e600f3a1b6b242cfb9ed2f1805b3b1a5727c3d975cb485ae6c
urn:ure:t6:occ:function:current-client:0095d1b0	0x0095d1b0	simple	FUN_0095d1b0	16	1	45	a99edf41ecb9dfa16781344142625467ec10cd5b570d7dba65d12df863592f4e
urn:ure:t6:occ:function:current-client:0095d4e0	0x0095d4e0	simple	FUN_0095d4e0	16	1	45	ee92f43d5b8305e16a8adb6cdfbfb276e24008b527964c00fb1080cc2c94e24c
urn:ure:t6:occ:function:current-client:00a48740	0x00a48740	simple	FUN_00a48740	16	1	45	d2a8676baa4f75f8560f12bda49e864604abd288f7375544267c4aef6b5fdf8b
urn:ure:t6:occ:function:current-client:00520b50	0x00520b50	simple	FUN_00520b50	16	1	46	29d71de1db2e2aea38bb38f99eae3cc9b0a2a22c4641b76159f6482e89db7aa2
urn:ure:t6:occ:function:current-client:005537e0	0x005537e0	simple	FUN_005537e0	16	1	46	35376964dd83526e43147ea9b2acc0c794f29e4527ddf15b35049204e0a1fb24
urn:ure:t6:occ:function:current-client:0055e3c0	0x0055e3c0	simple	FUN_0055e3c0	16	1	46	5201bc3a05bb259e0aab86fd320199ba6b5082498391a201e3b7dc0581379b73
urn:ure:t6:occ:function:current-client:005d9f10	0x005d9f10	simple	FUN_005d9f10	16	1	46	c8e428eee4a7ef4c3ea088a3c48daee165ffbaabb8a77fa2310233f69c6eba62
urn:ure:t6:occ:function:current-client:009b5860	0x009b5860	simple	FUN_009b5860	16	1	46	e8dc3d67ed1706707366ab670d55a5d406ecfd3e1e087bef7738c05e5d085783
urn:ure:t6:occ:function:current-client:00a95bce	0x00a95bce	simple	FUN_00a95bce	16	1	46	9d094322ca9ca9fccb63fa7fd0eae2db5a337363f2765ec5bba7459fd32b7812
urn:ure:t6:occ:function:current-client:00b0a720	0x00b0a720	simple	FUN_00b0a720	16	1	46	b1bb06dd6703c2fffb6535c075c0085308625279d14d2981139814dbd5a3b1d7
urn:ure:t6:occ:function:current-client:004c2b50	0x004c2b50	simple	FUN_004c2b50	16	1	47	88a7f1a12660da24ff77d4a1e29dd2fc4ff478084bb4f3d3c7e179e7f015866c
urn:ure:t6:occ:function:current-client:005b3070	0x005b3070	simple	FUN_005b3070	16	1	47	a4bdd3cf76d73f2007e524197a384896850cd7c843f1e5330cb4047c433f22c2
urn:ure:t6:occ:function:current-client:006be780	0x006be780	simple	FUN_006be780	16	1	47	48385d0525ec4056a57a97573c1786a769125828fa8b837b1171a2910524df9a
urn:ure:t6:occ:function:current-client:00439fe0	0x00439fe0	simple	FUN_00439fe0	16	1	48	dcbea7ae93db5a57564a5da29449208b1bb691c493e363e86c350d87f02298a3
urn:ure:t6:occ:function:current-client:005aece0	0x005aece0	simple	FUN_005aece0	16	1	48	0533566989a557f3d7848c122525842e07676faa0e984be871cd2205a6f8bd26
urn:ure:t6:occ:function:current-client:006432b0	0x006432b0	simple	FUN_006432b0	16	1	48	c12be8c25a497553604628569b774e2079e4d870bcb2e4d6c628f80df8c53dbb
urn:ure:t6:occ:function:current-client:00a05ca0	0x00a05ca0	simple	FUN_00a05ca0	16	1	48	c92a731e8af8469d6d0357200adb45ca3909678ef0ddf621404013d5ff02bf0f
urn:ure:t6:occ:function:current-client:00a05d10	0x00a05d10	simple	FUN_00a05d10	16	1	48	22c296bd95ac511d8254f33c74ef8d10b8598151661ba70a6d2380efb65ba482
urn:ure:t6:occ:function:current-client:00a05e40	0x00a05e40	simple	FUN_00a05e40	16	1	48	0d0458a7ad6d3f50ff9dfe170a7ec34a087df25be39d5f0c6bae01e50895968f
urn:ure:t6:occ:function:current-client:00a1e2d0	0x00a1e2d0	simple	FUN_00a1e2d0	16	1	48	b3b77c903acb307c0f6ddb875e70afe7ea2cb88f1b4cf0ac7afb96afc43b2be6
urn:ure:t6:occ:function:current-client:00489220	0x00489220	simple	FUN_00489220	16	1	49	8ea3fedcc1954e771e044fb0c1afdf1e2cfc159886dc8af769e58337081485b0
urn:ure:t6:occ:function:current-client:005d6cc0	0x005d6cc0	simple	FUN_005d6cc0	16	1	49	39dd4a99793f2aefa781fcea28ae8e43b6ffe2402ed1c80c447bc226bfb57ba2
urn:ure:t6:occ:function:current-client:00605250	0x00605250	simple	FUN_00605250	16	1	49	51784bfdb8d5e346287581afe5fa201a55120a4eb855304c02d9e2a618d25099
urn:ure:t6:occ:function:current-client:00a95afe	0x00a95afe	simple	FUN_00a95afe	16	1	49	749fbb71f8dfb3979f417f006e5c7936ee6941705bc09fcab71be92dae7ad125
urn:ure:t6:occ:function:current-client:00b0a750	0x00b0a750	simple	FUN_00b0a750	16	1	49	83037a01798a2a86118a64a2be30a8853d091ce695e7fe79dfc2626c7074697e
urn:ure:t6:occ:function:current-client:00b0a790	0x00b0a790	simple	FUN_00b0a790	16	1	49	b353f27473e6f8ffa742d9abf4cd3036165c6381b75388bb5b76bb9557fc3255
urn:ure:t6:occ:function:current-client:00457bf0	0x00457bf0	simple	FUN_00457bf0	16	1	50	e4bdeaf215d152574dffe845071c65c6fdcb11fc9074bc6ac95a084a62128d2d
urn:ure:t6:occ:function:current-client:0046dff0	0x0046dff0	simple	FUN_0046dff0	16	1	50	568119d8b850cf6ce00f08150517e13d5c405211ff14e9da5d536f50ebc41b51
urn:ure:t6:occ:function:current-client:0049ed50	0x0049ed50	simple	FUN_0049ed50	16	1	50	dc5149fd38afb00739bd0f7bcfedd0cd130319a7f578aa5674a62df0e3513b04
urn:ure:t6:occ:function:current-client:004e06a0	0x004e06a0	simple	FUN_004e06a0	16	1	50	39ca9f5dacfd58693c5f89f1c975c3dbdad67ff38b87ebeaa0d74edd5378d343
urn:ure:t6:occ:function:current-client:006b9230	0x006b9230	simple	FUN_006b9230	16	1	50	2ce3c9c3a5d69665fe5f668eaee49c50c2c989bbb9246da0d557348cfab311e6
urn:ure:t6:occ:function:current-client:00a05cd0	0x00a05cd0	simple	FUN_00a05cd0	16	1	51	849c48923e686bbbf8dc530ea8dc6043ef502d871fc0550580f901f56ebefd79
urn:ure:t6:occ:function:current-client:00a05dc0	0x00a05dc0	simple	FUN_00a05dc0	16	1	51	d6a8bf000c814fe8262b1a49d20f1684a926b11e69978c5e38a711b28e14efc4
urn:ure:t6:occ:function:current-client:007123f0	0x007123f0	simple	FUN_007123f0	16	1	52	1c4334f7f90f693d28b7292ca80d2b6caadcce62c56a742a628ffa181426d929
urn:ure:t6:occ:function:current-client:0085e840	0x0085e840	simple	FUN_0085e840	16	1	52	5c59f9f85778005fa1811ba107402eb5453c1dc9d010ea8123befe88330ff3f6
urn:ure:t6:occ:function:current-client:008ff570	0x008ff570	simple	FUN_008ff570	16	1	52	8872b927565ba5a8baefed09f6826c520a7435b0bc21c0a5acc34d78dd9ed5cd
urn:ure:t6:occ:function:current-client:004412f0	0x004412f0	simple	FUN_004412f0	16	1	53	0e698a8c30dc1fda2ffc81d7b18efd1e13af5a4ee4d54b1e6f40517ed2a21b26
urn:ure:t6:occ:function:current-client:005cfa00	0x005cfa00	simple	FUN_005cfa00	16	1	53	57b31d75d85d44cc13dfd3d9500c945bb39286e0366111f7c78af02523087a0f
urn:ure:t6:occ:function:current-client:00649900	0x00649900	simple	FUN_00649900	16	1	53	bb87f2fa0ec98e7f0411a1cead0069462326ad0265e6672717abab38690544d5
urn:ure:t6:occ:function:current-client:008fea70	0x008fea70	simple	FUN_008fea70	16	1	53	240a2e9418ab0542604af11eb1c1da4670994710d5f10046738072a8cdeed271
urn:ure:t6:occ:function:current-client:0096d090	0x0096d090	simple	FUN_0096d090	16	1	53	ab9c6a414f3f425d4446c17ef4e35ace75a0959ead2980ed8a41ed9a4aed5ffb
urn:ure:t6:occ:function:current-client:0096bf30	0x0096bf30	simple	FUN_0096bf30	16	1	54	a42702661d20290a82d9f8df7c56ede725b0510a454ebef47c89330a87f686d9
urn:ure:t6:occ:function:current-client:00514950	0x00514950	simple	FUN_00514950	16	1	55	2a49fba20194b862bdf727f1b1850d7a85191e5adda835056d48326cd4ac898c
urn:ure:t6:occ:function:current-client:00af11d0	0x00af11d0	simple	FUN_00af11d0	16	1	55	721ab64901ce8302c03cbbc47c66f5720602add484abdef507af6c753b2facb5
urn:ure:t6:occ:function:current-client:007e3720	0x007e3720	simple	FUN_007e3720	16	1	56	033736f536a3969476dc41ad248b2cd3a6eaac77d114740a59dd8ec79478dc58
urn:ure:t6:occ:function:current-client:004e6550	0x004e6550	simple	FUN_004e6550	16	1	57	5afd5e976fc403c207be7c8d6ebc425d900ba090a95b533250e0ccaacffd0106
urn:ure:t6:occ:function:current-client:007962a0	0x007962a0	simple	FUN_007962a0	16	1	57	9529894ba5b71407d8f22cb8fc6247f494400b5c6d660539021764b6da99ffb7
urn:ure:t6:occ:function:current-client:0090c070	0x0090c070	simple	FUN_0090c070	16	1	57	81cde82e0d4f6d7f7173b48efbd9bab2cf38e3cfafabed13b4ae4acaafe81311
urn:ure:t6:occ:function:current-client:00534930	0x00534930	simple	FUN_00534930	16	1	58	272d2bb139d2838c0f9aabd0e99a5c52acf13eae44c57308a95250c9975bc151
urn:ure:t6:occ:function:current-client:00593570	0x00593570	simple	FUN_00593570	16	1	58	4f521e5c29d69f2e9f79616f6fa01c0fc5475d8671973114ad5034491f38b1ec
urn:ure:t6:occ:function:current-client:00953cb0	0x00953cb0	simple	FUN_00953cb0	16	1	62	d13ca10b9a3a1867ef65d2e01a8d40706cb2ec09f28f4f97ed7283b514f61dac
urn:ure:t6:occ:function:current-client:0042a080	0x0042a080	simple	FUN_0042a080	16	1	63	ec071021135ebbd880fb671d6c2f727639d16507bb05d22ba79fe45e50ef3ac3
urn:ure:t6:occ:function:current-client:0054ea40	0x0054ea40	simple	FUN_0054ea40	16	1	63	f098dd7da235067c31a4f11d413fbae0012604524164c9697a28708c03a15782
urn:ure:t6:occ:function:current-client:006b0960	0x006b0960	simple	FUN_006b0960	16	1	65	31201a425f06e508c9ed3352b07c4fe2ab6dbd525d627acd30d9cc8a277ec805
urn:ure:t6:occ:function:current-client:00735480	0x00735480	simple	FUN_00735480	16	1	65	4e4d90bf5aee8d912107e1aa39f45cce1f99d5a0d080d17b735eae417ea2267b
urn:ure:t6:occ:function:current-client:0094f930	0x0094f930	simple	FUN_0094f930	16	1	71	7aeb15c46b195cdcef545f0c98f094549114bb7bd7a814b1ac6f661c4ce80d51
urn:ure:t6:occ:function:current-client:0094f9b0	0x0094f9b0	simple	FUN_0094f9b0	16	1	71	572a319db85dcf983a44ffa1c7a80e61824ceef4aa087a92394fcd67e043bd6d
urn:ure:t6:occ:function:current-client:0094fe90	0x0094fe90	simple	FUN_0094fe90	16	1	71	247ac6204c1f01bf4b00220d500f340b0c54bb59aedf7b27087b7216456f3c0c
urn:ure:t6:occ:function:current-client:0094fee0	0x0094fee0	simple	FUN_0094fee0	16	1	71	eaaae89b2b6cc9fb9d17a3f4588f03cee79475732829e5311bc98a9011a16704
urn:ure:t6:occ:function:current-client:004c4630	0x004c4630	simple	FUN_004c4630	16	1	75	dd9681dadf5da44df13ee47d7e355647163b0adfedaed415fdcb5f17265a62ee
urn:ure:t6:occ:function:current-client:007e1bb0	0x007e1bb0	simple	FUN_007e1bb0	16	1	83	4d72909c8bc4a8fcf5186b484f628963c33c9443cc7302cf784212c5a045c9df
urn:ure:t6:occ:function:current-client:00adddb0	0x00adddb0	simple	FUN_00adddb0	17	1	33	e391ea7b4f21c62cb99d1a20d4c6a922c843fb8e381355b03618b30a18544bf7
urn:ure:t6:occ:function:current-client:00ac0970	0x00ac0970	simple	FUN_00ac0970	17	1	34	9e0527aba874fab28729e7635c5e7b11a1600ae7629d042a985f009580a22340
urn:ure:t6:occ:function:current-client:009bdf80	0x009bdf80	simple	FUN_009bdf80	17	1	37	ca47a5d822ec6a07ebf6a5ed184e18b717d90e593822578e15a4cd41450ed153
urn:ure:t6:occ:function:current-client:006b8eb0	0x006b8eb0	simple	FUN_006b8eb0	17	1	38	4697f3c93b3f7c2f14d535098d5c77f1f9b42807e06224ae98b25e0c89f001c6
urn:ure:t6:occ:function:current-client:00acd160	0x00acd160	simple	FUN_00acd160	17	1	38	930c00445ac1912eaca2323d0a97f0fcfb5ceec3bb46bb9663160757441a76d2
urn:ure:t6:occ:function:current-client:00ae1d50	0x00ae1d50	simple	FUN_00ae1d50	17	1	38	3ef9ab1c7fc51f5f79a1a0c372feda4d4fd09ff590946549b8c7e5322a29d2e8
urn:ure:t6:occ:function:current-client:00b0a620	0x00b0a620	simple	FUN_00b0a620	17	1	38	c90d275576e1f652d840f74f6a9f3d5adb267807707f0df86cc824167935dce7
urn:ure:t6:occ:function:current-client:00b0a650	0x00b0a650	simple	FUN_00b0a650	17	1	38	beb9efc49f68a197b1670df34ae18923591dee6f152cc78cdd1d9bd53785b4fb
urn:ure:t6:occ:function:current-client:00b2d9c0	0x00b2d9c0	simple	FUN_00b2d9c0	17	1	38	523a0fa177090423ca5fdcb759cb7028ed7279dbc09d45656fca56d89de7f04a
urn:ure:t6:occ:function:current-client:00461f70	0x00461f70	simple	FUN_00461f70	17	1	39	13a3584eabcfad4df5cda6010db534be0d3451f9cb31a40669443fca8c026395
urn:ure:t6:occ:function:current-client:00ac9b50	0x00ac9b50	simple	FUN_00ac9b50	17	1	39	8b03f4902fe205f8d44274cdc362b6fb5dbfd3760a9d712ea578bbbcd8141e56
urn:ure:t6:occ:function:current-client:00af19e0	0x00af19e0	simple	FUN_00af19e0	17	1	39	8c24711f65a3b70a68d0c8ea4cb6cdef8a5aad477d1328907b50f50e4db9ede6
urn:ure:t6:occ:function:current-client:0047a870	0x0047a870	simple	FUN_0047a870	17	1	40	28481fdd1af5e9e4c22941257ea9299cfc8884bf401716bbd6f0355424968e1b
urn:ure:t6:occ:function:current-client:006226f0	0x006226f0	simple	FUN_006226f0	17	1	40	977dc4ef0970b22772b63c723952f4557f7b00e169e1e5cd028d1a01b2d2b634
urn:ure:t6:occ:function:current-client:006a9bb0	0x006a9bb0	simple	FUN_006a9bb0	17	1	40	843138da20b2f61d3139d11c0d2c1cea48f8b3989d082a0b860075824dc2dda0
urn:ure:t6:occ:function:current-client:008cd6e0	0x008cd6e0	simple	FUN_008cd6e0	17	1	40	6796906fa432106f6b6e8d78461bb5ebfc14a25f489a048f93fac815e0138634
urn:ure:t6:occ:function:current-client:00925fb0	0x00925fb0	simple	FUN_00925fb0	17	1	40	487ce8d06b2ca94c995f610303d1b845171d4df8bafd529226e4803ced7a2618
urn:ure:t6:occ:function:current-client:00a4dc10	0x00a4dc10	simple	FUN_00a4dc10	17	1	40	9e9035c04456d14541624bd5100c70f86b77421d5e15d0169d1118f474c86dd4
urn:ure:t6:occ:function:current-client:00524cc0	0x00524cc0	simple	FUN_00524cc0	17	1	43	088b2e0f08409e5b0de6da7f8915ef84db94371a3381610eec26fac9be9cf35b
urn:ure:t6:occ:function:current-client:005630a0	0x005630a0	simple	FUN_005630a0	17	1	43	aa35ad8489d52f1bfa53b05661df4f212b94b3d96b77a6b7013a556a70dd7172
urn:ure:t6:occ:function:current-client:00679d20	0x00679d20	simple	FUN_00679d20	17	1	43	5ebf98316b23a0c162ab83a2d29f288aaef38d9484ad54cb1311b7d9937700d1
urn:ure:t6:occ:function:current-client:00696a80	0x00696a80	simple	FUN_00696a80	17	1	43	7eead6b24682dee3d6f9febadd0776ebee9e1b1c171d33f3034b0866e79424ba
urn:ure:t6:occ:function:current-client:006bf950	0x006bf950	simple	FUN_006bf950	17	1	43	4028d90ced06fb687a7d08a02f3e4146ac6486d596999c38b4a22669a7c48acf
urn:ure:t6:occ:function:current-client:00a77a4a	0x00a77a4a	simple	_strtol	17	1	43	5ec53db2ac5ba6a7cfb17de1d41aa387f3ad015bcbc84dd9cc69a22b55779534
urn:ure:t6:occ:function:current-client:00a79f21	0x00a79f21	simple	__strtoi64	17	1	43	c9fb6b050bd01aa55bb6d395431e17689ace8cd575f279a578b9174b30bea132
urn:ure:t6:occ:function:current-client:00ac0fd0	0x00ac0fd0	simple	FUN_00ac0fd0	17	1	43	532f1f731276802781d630f3fd965ccf2ba0ff87b184bb0dfab54361ee98c19b
urn:ure:t6:occ:function:current-client:00b0c020	0x00b0c020	simple	FUN_00b0c020	17	1	43	69818365a4ae6528237595e9ccd2f256b253a734e5a80850b382aea2299db6da
urn:ure:t6:occ:function:current-client:004645d0	0x004645d0	simple	FUN_004645d0	17	1	44	c4111dd54026c6c8ec62f7bd66c32550a912b5bcd528e2e4c14675a14b3e91d9
urn:ure:t6:occ:function:current-client:008b0b40	0x008b0b40	simple	FUN_008b0b40	17	1	44	a01ab74494882344d032715471fcad869a1f193aec73e5163a527ac72e7c5de7
urn:ure:t6:occ:function:current-client:0042e5d0	0x0042e5d0	simple	FUN_0042e5d0	17	1	45	0c070c2d8e2485221c37326cd5e09e66bf59e35535c7cd4ea36bb8b00d319a25
urn:ure:t6:occ:function:current-client:00684670	0x00684670	simple	FUN_00684670	17	1	45	2480ac7a025f25071e7dfc7408a5dae1f3401d04db3dc6f12d4c31f705445f1a
urn:ure:t6:occ:function:current-client:00401d40	0x00401d40	simple	FUN_00401d40	17	1	46	3809674724e230b352156c7ffbebc60a5ab58da4157f48c218ee33396c877732
urn:ure:t6:occ:function:current-client:0044a630	0x0044a630	simple	FUN_0044a630	17	1	46	c4d91920eaddaa807f7173938f064018ec5a0eb8b0f4283f3504c880ad349862
urn:ure:t6:occ:function:current-client:008ecdf0	0x008ecdf0	simple	FUN_008ecdf0	17	1	46	19b47ee2ff0859b78bbcfd0d0629e8ea16f816cad7f709af3d96320d2c6f5c08
urn:ure:t6:occ:function:current-client:00494cd0	0x00494cd0	simple	FUN_00494cd0	17	1	47	1f71613061beee4a3811309a7098363864c583037291efc83734f13dafc18c86
urn:ure:t6:occ:function:current-client:00633e90	0x00633e90	simple	FUN_00633e90	17	1	47	c8566f62160e36741fe6f23e03e3a1ffd3a7c4480d8f3e4cb51927ec5fc69866
urn:ure:t6:occ:function:current-client:0095d3a0	0x0095d3a0	simple	FUN_0095d3a0	17	1	47	3d7c7e4f116c7ee0e095f11e2a0404c913f41702c00ae9303908b8c525d571b0
urn:ure:t6:occ:function:current-client:0095d3d0	0x0095d3d0	simple	FUN_0095d3d0	17	1	47	b11ab64c257058029cd701f31ad58c216f25502d3b768f2fe429465d49ddb270
urn:ure:t6:occ:function:current-client:00a41a20	0x00a41a20	simple	FUN_00a41a20	17	1	47	910b9a236d166dfcb08315b8f33af33627e297c7938438ec87b7d1289503b6d4
urn:ure:t6:occ:function:current-client:006397d0	0x006397d0	simple	FUN_006397d0	17	1	48	5f0d6547695b7d8ca62e90773f32835de6a9a8c66905ec45fb9d04244e92bcaa
urn:ure:t6:occ:function:current-client:006d2850	0x006d2850	simple	FUN_006d2850	17	1	48	3ad6f320acb210f37ab6327e00aff196efc7db83e88de13dd59a265fc2c3a050
urn:ure:t6:occ:function:current-client:00ad30e0	0x00ad30e0	simple	FUN_00ad30e0	17	1	48	b81038e0605dc193dedb1b65d062a55447382d91d4f870fb5e7b2fe0338c9f2a
urn:ure:t6:occ:function:current-client:004adde0	0x004adde0	simple	FUN_004adde0	17	1	49	e4ec8ede72ae92e29fd4527e6c3f2eb76e723f8682bac62513370466e0b5c36e
urn:ure:t6:occ:function:current-client:0058e2f0	0x0058e2f0	simple	FUN_0058e2f0	17	1	49	c37d7bae9bac0e1af8c536a7460d7df9a250ab6cb23e0ace187cba4e49a67468
urn:ure:t6:occ:function:current-client:00899940	0x00899940	simple	FUN_00899940	17	1	49	eefcfabb0ee7f034813c77c3a51d27fdd02d78c3e9135217edefffa57b3df0fe
urn:ure:t6:occ:function:current-client:00899980	0x00899980	simple	FUN_00899980	17	1	49	1fbe8af4d8018f55a932cfc78b60b96871887ddeacfb1dcbceff46673322b54a
urn:ure:t6:occ:function:current-client:004071e0	0x004071e0	simple	FUN_004071e0	17	1	50	7128aa84db882c965f7f2f4ff07fdf6d1d1da73a42cb0c3130dfaa95922ba0c0
urn:ure:t6:occ:function:current-client:00664ab0	0x00664ab0	simple	FUN_00664ab0	17	1	50	1cb835e8e4b141de2b7bbdd071210980bb8802ceb746204cf65670a3b0f7de8e
urn:ure:t6:occ:function:current-client:00712340	0x00712340	simple	FUN_00712340	17	1	50	463145751f8db81c8cd4a27f0e28937bb0ad587d7e5a702738705f9230de2cb3
urn:ure:t6:occ:function:current-client:00820360	0x00820360	simple	FUN_00820360	17	1	50	e8b7816c9ad5ffce6e7ff5bfeef27d07e85826bb5be56dd5a2b52d44e985387a
urn:ure:t6:occ:function:current-client:0096cf60	0x0096cf60	simple	FUN_0096cf60	17	1	50	655d8913fa68833ef35c754613548fb3fa90ef1077640c412e5d8ef41a2aa0df
urn:ure:t6:occ:function:current-client:004e2c50	0x004e2c50	simple	FUN_004e2c50	17	1	52	9bb3782bab2f952386dd6760210bce5a7b966cde14a55b85920fc1fbff07244a
urn:ure:t6:occ:function:current-client:0053ba10	0x0053ba10	simple	FUN_0053ba10	17	1	52	b46d3c6f60c48be10864c584b83dd8ef672e5775ad1815b52e45c0f3200da529
urn:ure:t6:occ:function:current-client:006c5960	0x006c5960	simple	FUN_006c5960	17	1	52	c46dc4ae45059268e75ea59eacf0583489323f5b443ce73dd5df8be9eeb8d035
urn:ure:t6:occ:function:current-client:005861e0	0x005861e0	simple	FUN_005861e0	17	1	53	16523c44927a54371ce98f03b3562dbdb6b2f637ddada22e482e767313862a9e
urn:ure:t6:occ:function:current-client:00a1da80	0x00a1da80	simple	FUN_00a1da80	17	1	53	49393ebb942975565e0dc59ad803f1786bd4889b336de12280919c8534e54f1c
urn:ure:t6:occ:function:current-client:0048cbc0	0x0048cbc0	simple	FUN_0048cbc0	17	1	55	bee0ab49fea0cb6fa39c2ba56af4f0c179f359602fcfb77227821544097eaf16
urn:ure:t6:occ:function:current-client:00459d40	0x00459d40	simple	FUN_00459d40	17	1	56	4fb522a68e55318cc2cebd65846ddea53ca112e9dae62b7dc2e29c15722b33a2
urn:ure:t6:occ:function:current-client:005ffda0	0x005ffda0	simple	FUN_005ffda0	17	1	56	d16cbbf1000599ba86a1ab09ad3011d6ce51f4aede241c4f5c8343c88f382e7c
urn:ure:t6:occ:function:current-client:0082bb10	0x0082bb10	simple	FUN_0082bb10	17	1	56	2de12d9f8e49b022105ef5d06e3d2f21138638eb2e5f1d62b97970b9b692af4d
urn:ure:t6:occ:function:current-client:004e7e10	0x004e7e10	simple	FUN_004e7e10	17	1	58	52a6bac5b25f1dfeb19ffbe93ca62f697cae261be3288152cbd659a5e952a19c
urn:ure:t6:occ:function:current-client:007e6c80	0x007e6c80	simple	FUN_007e6c80	17	1	59	6514ab5d733e9d04498add34cf817791181344f0c79f0459179b09c3148ee4e4
urn:ure:t6:occ:function:current-client:005913d0	0x005913d0	simple	FUN_005913d0	17	1	61	2ddfcb748a5fe0d4cd813b865c992c9b602e509790452cca7ac56a020faa995e
urn:ure:t6:occ:function:current-client:00943b90	0x00943b90	simple	FUN_00943b90	17	1	61	1aeebba64f5ee8516ec053c92e6f79235dafc71ca568925160f69c4c19cfc3d5
urn:ure:t6:occ:function:current-client:007d6fc0	0x007d6fc0	simple	FUN_007d6fc0	17	1	62	3de409df2989588f4dba1319cf905c7ce8266d06803abdae1ab5c96919060c60
urn:ure:t6:occ:function:current-client:00726dc0	0x00726dc0	simple	FUN_00726dc0	17	1	63	cd49dd72831e69cfe1465db923b33a4d466521820e6d85e84b4fb9a980c4e48d
urn:ure:t6:occ:function:current-client:00a4da30	0x00a4da30	simple	FUN_00a4da30	17	1	63	8fddf13e3a9fdd0058bd9a01f00d95dd89cec320708102e1011bf257b5615572
urn:ure:t6:occ:function:current-client:00471250	0x00471250	simple	FUN_00471250	17	1	64	8404aa66d58be6fa38ca73a573e77419041be9528c1687303158e467b242ecdf
urn:ure:t6:occ:function:current-client:005eba20	0x005eba20	simple	FUN_005eba20	17	1	67	0cd5b8c6f5fbd568de4dd588c71e86fecd35fe77ef79bfbc35aebe6eca8b720a
urn:ure:t6:occ:function:current-client:0061a970	0x0061a970	simple	FUN_0061a970	17	1	67	b59c26b58820ab8e21c4276d5de3bf919c3897f43ac0a14935665a97683a8600
urn:ure:t6:occ:function:current-client:00a42560	0x00a42560	simple	FUN_00a42560	17	1	70	6e69e7b79380271bc993bb5116f21c1eb811ee01fb37dd6a04389b99b14c744f
urn:ure:t6:occ:function:current-client:00750fe0	0x00750fe0	simple	FUN_00750fe0	17	1	80	afa1e699c58b7b2ae99be5a20d8bc3eb0bf555b39519ebf29aeabbc69010556d
urn:ure:t6:occ:function:current-client:00a89f60	0x00a89f60	simple	__global_unwind2	18	1	32	53bba2551dafe0951f3589edc460d7758c3b82114884db6b94e22d2330548697
urn:ure:t6:occ:function:current-client:00a70720	0x00a70720	simple	FUN_00a70720	18	1	38	98fc0ff053d7f1dc179a761f7c80f6e69e3d5c4af85b43fed91248333915a29d
urn:ure:t6:occ:function:current-client:00a4ce50	0x00a4ce50	simple	FUN_00a4ce50	18	1	39	1df4e070f35b2d90385dd939b6374c4090b642b6e092756d8109302e70342db2
urn:ure:t6:occ:function:current-client:00a794fc	0x00a794fc	simple	__IsExceptionObjectToBeDestroyed	18	1	39	d04dcb382ec60497bef19f6fa1e3d568e8229aa31918d5d3e229d2ff33ca3604
urn:ure:t6:occ:function:current-client:0057fed0	0x0057fed0	simple	FUN_0057fed0	18	1	40	706ae9ca2da38c48d2371cd82d0585ea32054462e7b3366a77c59f449329683b
urn:ure:t6:occ:function:current-client:00a706f0	0x00a706f0	simple	FUN_00a706f0	18	1	40	864799b2b4a760bfb2c3330550f22b87a28ad9f76aa73613d3e6a131529e75a5
urn:ure:t6:occ:function:current-client:00a3cb80	0x00a3cb80	simple	FUN_00a3cb80	18	1	41	86a2ee3a4af4be2a5c30caa8d81cb0de9db5884816a81cff2d1fc33e13357dde
urn:ure:t6:occ:function:current-client:00ad5cf0	0x00ad5cf0	simple	FUN_00ad5cf0	18	1	41	0c539555bffc9d1dfc1b7c570a66b3814ca31510700aa565bbce2d4aade4f699
urn:ure:t6:occ:function:current-client:0045b670	0x0045b670	simple	FUN_0045b670	18	1	42	6132a8792106ec8a3dd21b89025fe84c3c6c0e9efab6b9ab9ebf8466a3802319
urn:ure:t6:occ:function:current-client:00a79bce	0x00a79bce	simple	__itoa	18	1	42	fc231cbd52fd2bd18d8a8f8412725a3b4ed47d8966912398e7697828b9f9cdb2
urn:ure:t6:occ:function:current-client:00a918d6	0x00a918d6	simple	__itoa_s	18	1	42	a4c3df9debae35dbbbe4fc87c0d549cad7fee86986150722b5a00bc702ccc82a
urn:ure:t6:occ:function:current-client:00ade2a0	0x00ade2a0	simple	FUN_00ade2a0	18	1	42	5bc4097cf0119894d428ad310d9e92809a06e9eafc9cebeb592cad5a0787fa3d
urn:ure:t6:occ:function:current-client:00afe770	0x00afe770	simple	FUN_00afe770	18	1	42	9eb7cc09451c75a9971534331d9ca3eaa2946610e2f8873a2375e636364cc0c1
urn:ure:t6:occ:function:current-client:004aaf50	0x004aaf50	simple	FUN_004aaf50	18	1	43	09a337ff756452e6e021a2cf498695a8c717438afa69082bcee1f9ab0520dbb2
urn:ure:t6:occ:function:current-client:005fa6a0	0x005fa6a0	simple	FUN_005fa6a0	18	1	43	8306e66dcd2b25b04b37b83f18b1d6fa15bed7a6e76b840cefbf2cff247bbe6d
urn:ure:t6:occ:function:current-client:00607de0	0x00607de0	simple	FUN_00607de0	18	1	43	9b27de0a2a26f15e7988fd7872d9746825307e48f979cc8c30997f8917b6b4f6
urn:ure:t6:occ:function:current-client:0065ce10	0x0065ce10	simple	FUN_0065ce10	18	1	43	08916d20a006944cb9659b27382fe6b3d55796ccdeecab1b0fa066151ad607cc
urn:ure:t6:occ:function:current-client:006734e0	0x006734e0	simple	FUN_006734e0	18	1	43	136f594815fb02016b0b328ba411b6e684cdadb797b7251636af284cb1b20f7b
urn:ure:t6:occ:function:current-client:005838d0	0x005838d0	simple	FUN_005838d0	18	1	44	fb9437a479c5cde7f0461e7cc13f88bb8f5b164e37b76557ddb68964a9a911da
urn:ure:t6:occ:function:current-client:00590420	0x00590420	simple	FUN_00590420	18	1	44	9bd36c1bf0dc07fd4abb8777052c6b126440f2825af15363ac6517c1c7b51a4d
urn:ure:t6:occ:function:current-client:004a6b70	0x004a6b70	simple	FUN_004a6b70	18	1	45	9675b6ded26cdf6fb302a3b3fad76ac8b0a6b292397eea995741c88c99c7bbb9
urn:ure:t6:occ:function:current-client:00afe830	0x00afe830	simple	FUN_00afe830	18	1	45	810caf3b6dc2def5d19aadcf8424f2f6d7b1311c46bc173dde6aae91105e0609
urn:ure:t6:occ:function:current-client:0056a9f0	0x0056a9f0	simple	FUN_0056a9f0	18	1	46	10df45e5834c437259bba1d8749e1fa47261a908a91b195968f44b4a405047b2
urn:ure:t6:occ:function:current-client:005e6ae0	0x005e6ae0	simple	FUN_005e6ae0	18	1	46	9ff89ef7ccb858cfd336dc15956be03ae080a4d35f0c558ae0e7e634b567357f
urn:ure:t6:occ:function:current-client:008cf4a0	0x008cf4a0	simple	FUN_008cf4a0	18	1	46	adbc8918aae369e024bd636d9f2471296a33d18cad07cf96ababd8cba8511ca9
urn:ure:t6:occ:function:current-client:00a77128	0x00a77128	simple	_isupper	18	1	46	8c220e0603259b52684a35d03b9f2a39816df52588b17b5c32828343144d02d8
urn:ure:t6:occ:function:current-client:00a771a7	0x00a771a7	simple	_isdigit	18	1	46	ac14f45bade5dff39af7b8f63d39217f615bbf90bd85c79a484751b11ad5a8a9
urn:ure:t6:occ:function:current-client:00a772ac	0x00a772ac	simple	_isspace	18	1	46	99f7dff94498ace8d6c7e988a15cb4b1d36d9eac27bf92f218a5b8f91d590c2a
urn:ure:t6:occ:function:current-client:00a773b1	0x00a773b1	simple	_iscntrl	18	1	46	22b45a415ee88d3c53d2c3dc40952799c21e7e75c10082daed232dcae4ed0753
urn:ure:t6:occ:function:current-client:00516460	0x00516460	simple	FUN_00516460	18	1	47	a588e46cfd2a513271a706a591bd7e19e80ed306ab54a2d4264ad200af0a0434
urn:ure:t6:occ:function:current-client:00561350	0x00561350	simple	FUN_00561350	18	1	47	7c0e3d8757d9e97519eef0b4eb2ec86da5185a62e6ad85f45e2bce451afa8b12
urn:ure:t6:occ:function:current-client:00564820	0x00564820	simple	FUN_00564820	18	1	47	2f3605fe906df482953d2c0ae4bfdf80c28b38ea6337d7a20c3f365e26c99162
urn:ure:t6:occ:function:current-client:005f0660	0x005f0660	simple	FUN_005f0660	18	1	47	2f4893aa84f43e5837dab96a1f924274e36d07ccd25a6e688ab2313a344636a0
urn:ure:t6:occ:function:current-client:00a5cd60	0x00a5cd60	simple	FUN_00a5cd60	18	1	47	846ff40af76b815e9c6a79140623d4b441764ab28120d03e29d44b4cffbd76c2
urn:ure:t6:occ:function:current-client:006a0e50	0x006a0e50	simple	FUN_006a0e50	18	1	48	bc78ae9ffab94398ef1e762331bbe053982a88222c44123e3c0f6b82c40dfcf5
urn:ure:t6:occ:function:current-client:00a770a7	0x00a770a7	simple	_isalpha	18	1	48	838691b8b3a1b5856275cfaf959afb785372f06d97ba272eeb77c5fbce1bbf43
urn:ure:t6:occ:function:current-client:00a7722b	0x00a7722b	simple	_isxdigit	18	1	48	3065a88fd6f79dd7239e02d0e5f645083a924546870d70c2b4cb83a65847c713
urn:ure:t6:occ:function:current-client:00a77330	0x00a77330	simple	_isalnum	18	1	48	aecb141347665b79b4f3369fb6f9510ad4def2824bdc228e657acf3b72a8ccb6
urn:ure:t6:occ:function:current-client:005cd250	0x005cd250	simple	FUN_005cd250	18	1	49	f771d928aecfaf8279aa2b29b68a3660ee1f5c58d418c4c63bd9679d0db60c02
urn:ure:t6:occ:function:current-client:00685690	0x00685690	simple	FUN_00685690	18	1	49	caf6788ff4934a356f15cb071131f91d253439601c296b516fc5512caa8dc0a4
urn:ure:t6:occ:function:current-client:0077d830	0x0077d830	simple	FUN_0077d830	18	1	50	be1c1791b488f30408c13cd4b56246fecb16997654d0b8200b4fd4020fc8e9d3
urn:ure:t6:occ:function:current-client:00a2ca10	0x00a2ca10	simple	FUN_00a2ca10	18	1	50	3b85b3b88fecde6be8b23add95a293bd1ab427a305e1085eb97df0885e7c23da
urn:ure:t6:occ:function:current-client:005a81c0	0x005a81c0	simple	FUN_005a81c0	18	1	51	f6573ff4241183ecb6db8643fe545c3a9aec213e30f94b7b960667233d15187a
urn:ure:t6:occ:function:current-client:0068caf0	0x0068caf0	simple	FUN_0068caf0	18	1	51	c145f587ba15f2edff652d7627b847c09c526923f081a82891c4509d784f74da
urn:ure:t6:occ:function:current-client:005df410	0x005df410	simple	FUN_005df410	18	1	52	a5129ca3dea8a8b2d221c73c8a8c53086002ec08a2bf7ea0a6e53899abf94df7
urn:ure:t6:occ:function:current-client:00623e50	0x00623e50	simple	FUN_00623e50	18	1	52	9169a5a5817fbf46de47e079e21b7b20f98bf7606cbc67dd6d314b0a717cc892
urn:ure:t6:occ:function:current-client:004e3270	0x004e3270	simple	FUN_004e3270	18	1	53	3f973ac1737c233b54b9369aa99a50bb7e40644bae42ecf19bd3d8d7073eda57
urn:ure:t6:occ:function:current-client:005f98f0	0x005f98f0	simple	FUN_005f98f0	18	1	53	ce081b5d01615dd27d10bee4ba8f7ac21706ac86519dabf4e6d5fc5ccba0f737
urn:ure:t6:occ:function:current-client:006fc140	0x006fc140	simple	FUN_006fc140	18	1	53	6bf13443cc5d6879d1b27c27c4c75bf4ddf23eb3ea02b40afa91c48826ba7cf2
urn:ure:t6:occ:function:current-client:00afc760	0x00afc760	simple	FUN_00afc760	18	1	53	ff8d245fab2f6af7fd99b5f7b444af77232ab0ed6bf7b6ef7c8762afc005175d
urn:ure:t6:occ:function:current-client:00418c80	0x00418c80	simple	FUN_00418c80	18	1	54	4939b8bda6373c289fe58ad8b7a00c697c20889e0a6dfab8bda735ceb449e57a
urn:ure:t6:occ:function:current-client:004deb40	0x004deb40	simple	FUN_004deb40	18	1	54	5e97bafa03f83131288c87133017d59b9d8e138e9e06b5d09584a3c4a514045c
urn:ure:t6:occ:function:current-client:004e1cc0	0x004e1cc0	simple	FUN_004e1cc0	18	1	54	b4dedf21d23db64bc641c7f0d05488719d0bf6eb735c520ebeac381c00747b3c
urn:ure:t6:occ:function:current-client:005c2f30	0x005c2f30	simple	FUN_005c2f30	18	1	55	62a72605544e1edda7705452a66bec6861fb70eaa2fbd778be2f38b73d73f21a
urn:ure:t6:occ:function:current-client:006af590	0x006af590	simple	FUN_006af590	18	1	55	6a39ac2e10ccbe52f1090a84cfd97e89fbfb99f7ddf8706ddd70ac7ed5a6f797
urn:ure:t6:occ:function:current-client:00a84655	0x00a84655	simple	__isleadbyte_l	18	1	56	98daf4c564bed54d8177a6de10fd9308069a08442f85dc3f64beebc8f9103089
urn:ure:t6:occ:function:current-client:00ac1c10	0x00ac1c10	simple	FUN_00ac1c10	18	1	56	0558d71811cbd6d0c379aa81fcc00746155343e6c4fde7d8bfca63df1aa3f9e5
urn:ure:t6:occ:function:current-client:004f1610	0x004f1610	simple	FUN_004f1610	18	1	57	673fb7f99085e3a89dd81cdcde8028f7393d292bbb8f365af327678fb9fddbb3
urn:ure:t6:occ:function:current-client:004cf470	0x004cf470	simple	FUN_004cf470	18	1	59	d99a9d1cddb66898a1b3992c068eaf8db1e7ab7ff24ddbe080f9d481cdb6026a
urn:ure:t6:occ:function:current-client:00503130	0x00503130	simple	FUN_00503130	18	1	59	f70cf46de92e320f5c2063d358f1d868ea44e4cbd9925a0d791b0fe12a571340
urn:ure:t6:occ:function:current-client:005ce170	0x005ce170	simple	FUN_005ce170	18	1	60	1bf4942c02376991adbff7c4ff8ef4a35882ce43f93c03f362191c9fcf75a005
urn:ure:t6:occ:function:current-client:00812a40	0x00812a40	simple	FUN_00812a40	18	1	60	744fa4bfb1efff979e2c4b1074a09866110bd539b9775719da38a79ae68035ca
urn:ure:t6:occ:function:current-client:00b53c40	0x00b53c40	simple	FUN_00b53c40	18	1	60	8258d32134542a62b856e518d82d60c869c94a7d2b1b8accd0ceeb9c26eafb5d
urn:ure:t6:occ:function:current-client:00b53c80	0x00b53c80	simple	FUN_00b53c80	18	1	60	e34158abc078d609c483d9773a9f840bf433f3d3271fa4279de0c377b77fd299
urn:ure:t6:occ:function:current-client:006a2c70	0x006a2c70	simple	FUN_006a2c70	18	1	61	b9c6e8bcb92fa0a7d91f4e0e7352e2848aa91d9ea4a2e6ea6a8bf0b676a2aaaa
urn:ure:t6:occ:function:current-client:00447190	0x00447190	simple	FUN_00447190	18	1	62	c235f0340faa1a507df8d1a1cc4bcbefb616dc13094da86aaa8e5ec140582cc1
urn:ure:t6:occ:function:current-client:00b53bb0	0x00b53bb0	simple	FUN_00b53bb0	18	1	62	bd44ab1fd528d0400c059f802c6205e9c8edae10fa75dcce423e12c94583e268
urn:ure:t6:occ:function:current-client:00b53cc0	0x00b53cc0	simple	FUN_00b53cc0	18	1	63	8b23f541052562fec50fd1289da734d4617bf9cf382dddd58917473467894235
urn:ure:t6:occ:function:current-client:00420910	0x00420910	simple	FUN_00420910	18	1	65	d35a0a666e1ee7d87e5e39b33b856e27b63fc5d80d79ecaadabef4e5a906b0c5
urn:ure:t6:occ:function:current-client:004f5590	0x004f5590	simple	FUN_004f5590	18	1	65	5f4c948a480d442da4fb0238ebc32c89f264b161bfe327679ed45e53d87031b6
urn:ure:t6:occ:function:current-client:005b9c50	0x005b9c50	simple	FUN_005b9c50	18	1	65	66786da3ce39af82fa206e630cea78d7dac02adabd4947374143fa7676d39285
urn:ure:t6:occ:function:current-client:00833ba0	0x00833ba0	simple	FUN_00833ba0	18	1	68	0125ce62ea273a57e91041398e3cac3da743ddc719797992b1e45919a69ace8a
urn:ure:t6:occ:function:current-client:004373f0	0x004373f0	simple	FUN_004373f0	18	1	71	59c3aa52de91dd326867ccfb48886eaa4a7addbabb8f2bc0e9f3ed11b3556500
urn:ure:t6:occ:function:current-client:008207e0	0x008207e0	simple	FUN_008207e0	18	1	75	4e1c0fe591093dc701117a1519c3bba8b7432d391a574d5be4cc8ec78ddf9e4b
urn:ure:t6:occ:function:current-client:004e0340	0x004e0340	simple	FUN_004e0340	19	1	39	418a628ab9f619aac676ce18ddbfa49f202510753f4606bdbb6e380cd7fab9ec
urn:ure:t6:occ:function:current-client:00522640	0x00522640	simple	FUN_00522640	19	1	39	7eb96a2efd02821c0b7c76978c7592efbba3e588e0f52a692b603edd9a040d55
urn:ure:t6:occ:function:current-client:00b09660	0x00b09660	simple	FUN_00b09660	19	1	40	9ed9a113901d1112b1edeccc0a2cf4aa4bf0ff7a0ad84a1a9243404e5bcbea82
urn:ure:t6:occ:function:current-client:0040b250	0x0040b250	simple	FUN_0040b250	19	1	42	7781398de9a8169c3cb6e605db6bfbf54445a133d61edec4c087eee0e0c6cba4
urn:ure:t6:occ:function:current-client:00576770	0x00576770	simple	FUN_00576770	19	1	42	6115136103e889d6551796cdd07141e9a11979c25b5f1d2b3c26ee9d0fe1aad4
urn:ure:t6:occ:function:current-client:00ad1900	0x00ad1900	simple	FUN_00ad1900	19	1	43	a6bc156bf58ca8868852baf7f2cd3923e5731907d0e4a40370b325b0c5135d8e
urn:ure:t6:occ:function:current-client:005032b0	0x005032b0	simple	FUN_005032b0	19	1	44	a99050254b99395989ce888941702f36d57cb58e7dacae9480749b9a9cde8175
urn:ure:t6:occ:function:current-client:00528bc0	0x00528bc0	simple	FUN_00528bc0	19	1	44	3285135a8ea89923be21b7b3098324d20df5092b7a90d0277d00d6888716e0b8
urn:ure:t6:occ:function:current-client:00618010	0x00618010	simple	FUN_00618010	19	1	44	6aa4ec097dc44242633426cc455830ff1233f048ab8feddd39a78d8014b0a2b0
urn:ure:t6:occ:function:current-client:00a70f90	0x00a70f90	simple	FUN_00a70f90	19	1	44	a95268e48f7732d193e640d75e165ccd0e403031825edd4c73f1bf14e228be52
urn:ure:t6:occ:function:current-client:00a73d6d	0x00a73d6d	simple	_tolower	19	1	44	6ce7ce18d8e3707e6ea7a158291c81ea7d3a053e6ce0c95b60b007a7fdad7881
urn:ure:t6:occ:function:current-client:00a77025	0x00a77025	simple	_toupper	19	1	44	7cbe71e6f066e921b91aea072fd198d000316ebf83a194c7c4eefd851283a23a
urn:ure:t6:occ:function:current-client:00664b50	0x00664b50	simple	FUN_00664b50	19	1	45	0772f01a9b31a609ed771ce08a2dac5cd682e4314e91dd7d6e7e42d18b35c154
urn:ure:t6:occ:function:current-client:00af90f0	0x00af90f0	simple	FUN_00af90f0	19	1	45	7d49c431a3bc4dc0d6a6051cdc1e0d3f4a1eb4c505821a58b701601c1e81eb51
urn:ure:t6:occ:function:current-client:004167d0	0x004167d0	simple	FUN_004167d0	19	1	46	1661d5e410e23c7c000c482b27d416f55782dec8b1a95e0d735ee224d7c603fe
urn:ure:t6:occ:function:current-client:004fa990	0x004fa990	simple	FUN_004fa990	19	1	46	7515006d0a09c22c9543f67f21265506b93bf40cfbc68c3e05560e7646301715
urn:ure:t6:occ:function:current-client:00522610	0x00522610	simple	FUN_00522610	19	1	46	80b8ff54bfbae0e6905c7b84bd1843c56017f3e812797973743413e552220555
urn:ure:t6:occ:function:current-client:0052f150	0x0052f150	simple	FUN_0052f150	19	1	46	15ebb55cc25ba7e5b5b86424eaef181a30721ff025c5bfa17f94cded37d503ea
urn:ure:t6:occ:function:current-client:00552480	0x00552480	simple	FUN_00552480	19	1	46	15d05d63cc6e345668424e12f1af6b7626536744500713bf37034fd63ee3e885
urn:ure:t6:occ:function:current-client:00896e10	0x00896e10	simple	FUN_00896e10	19	1	46	a6ed84047d4af02707e76e05f3d8d4e92e8a03ade143289d8b8e3516d9a0c4f7
urn:ure:t6:occ:function:current-client:00a78838	0x00a78838	simple	__unlock_file2	19	1	47	91715929afc7e281d1226bcc1d577c04c5a037edee22ee36fe384579dc557c54
urn:ure:t6:occ:function:current-client:004d3480	0x004d3480	simple	FUN_004d3480	19	1	48	e3d75f858879ab2151876e5fbff3c699abefd79f7b3bc70bbd28284571b774c7
urn:ure:t6:occ:function:current-client:00671ae0	0x00671ae0	simple	FUN_00671ae0	19	1	48	31d63866243ec71c718325a3b0e30e9b5eb0605357ae311160dae60341b6605f
urn:ure:t6:occ:function:current-client:008afcb0	0x008afcb0	simple	FUN_008afcb0	19	1	48	8dea328d513e25b8c4a30141196335ec4467bbbf6d9f505ce53197ec822a3963
urn:ure:t6:occ:function:current-client:00470620	0x00470620	simple	FUN_00470620	19	1	49	7332b23d0a4f5be73a4d0a99c256a6e6f08a49e0314664c7c35cae73ce56a7f5
urn:ure:t6:occ:function:current-client:008afce0	0x008afce0	simple	FUN_008afce0	19	1	49	9fc8ba1508a83f66e0df48840138cc261a3cf2f10e42ecbdebce2fc951b75195
urn:ure:t6:occ:function:current-client:008afd20	0x008afd20	simple	FUN_008afd20	19	1	49	19b5b47fc2f7f5b2341e641a2616894593d18c102564f26b383cebb56fc6654e
urn:ure:t6:occ:function:current-client:008afd60	0x008afd60	simple	FUN_008afd60	19	1	49	1519eb533d42bfcfc14e7e1bb4d18955d148418bf50b3619a585af96c9db1163
urn:ure:t6:occ:function:current-client:008afda0	0x008afda0	simple	FUN_008afda0	19	1	49	d566cade329ac5ea5cebab52d9d7daa36da64a7cc69d8a3edd1838332acfdb70
urn:ure:t6:occ:function:current-client:00b38450	0x00b38450	simple	FUN_00b38450	19	1	49	5b3a6860178099c099ba260dc2c46cf21da006c461efead9b5e37d27edc178d6
urn:ure:t6:occ:function:current-client:005afbe0	0x005afbe0	simple	FUN_005afbe0	19	1	50	2aeae6ba2e21719d42b216f5c5bd07f56fd2654a7b5ce822218cd3adb11e21cd
urn:ure:t6:occ:function:current-client:006ca220	0x006ca220	simple	FUN_006ca220	19	1	50	07502613879825cb600357dd85e761ebad0acd3751ad85fd3e03e6bc2c7ecd1a
urn:ure:t6:occ:function:current-client:006d9ca0	0x006d9ca0	simple	FUN_006d9ca0	19	1	50	834e520d6128ffa2abb165105d8096c4908866e168827d5fa9aad7e7f659d35e
urn:ure:t6:occ:function:current-client:00a33e80	0x00a33e80	simple	FUN_00a33e80	19	1	50	8bb157ddbb6f72418b5e8a12c82f4e408f5820d162b9cc7bcc6476660c1e5e64
urn:ure:t6:occ:function:current-client:00b042c0	0x00b042c0	simple	FUN_00b042c0	19	1	50	380a10d62d3cbae2fe3a7fd553733c21b453467f39785c62154c54762cee23a5
urn:ure:t6:occ:function:current-client:0066bdc0	0x0066bdc0	simple	FUN_0066bdc0	19	1	51	77c6ab2bd5636f2c598243e43a00b4e0a412a2fd985da78b5c8556552ec883fa
urn:ure:t6:occ:function:current-client:00ac19e0	0x00ac19e0	simple	FUN_00ac19e0	19	1	51	709b0ebb9eaf3dec47d2b5d8e062f36ab926b7444ecc2298cc255457d62653fb
urn:ure:t6:occ:function:current-client:00b3eae0	0x00b3eae0	simple	FUN_00b3eae0	19	1	51	f37487eb4096eb5e1c6f4dd69bbdcd585f142a4b8b860cd705a19493442a7cc1
urn:ure:t6:occ:function:current-client:00690560	0x00690560	simple	FUN_00690560	19	1	52	5544858070c3085bd33b6089de137f728c8d57dada708c6af5a5c8139a6767dd
urn:ure:t6:occ:function:current-client:006c1a30	0x006c1a30	simple	FUN_006c1a30	19	1	52	84106bebdd6237e58fa1b329de5830ee5b01993d56b8a696abe1cf4a8a02a00b
urn:ure:t6:occ:function:current-client:00a874f8	0x00a874f8	simple	__ftbuf	19	1	52	595949b34e5b49064077ad3556ef0f187275d7991101f0aa04eb1ab506ff166c
urn:ure:t6:occ:function:current-client:00681f00	0x00681f00	simple	FUN_00681f00	19	1	53	f2ff00feae4f8dd2f18c4811deb9e48aecdc3d87317f7591f3fb001a78a3b041
urn:ure:t6:occ:function:current-client:006f8480	0x006f8480	simple	FUN_006f8480	19	1	53	2f2f2484534606a9e3ce94d61639eeff07f81c348405243c14a3990fdc69e91a
urn:ure:t6:occ:function:current-client:0047cb80	0x0047cb80	simple	FUN_0047cb80	19	1	55	dfca96e3c661a32dea16ec8b86ceda7e24508ed7fb4351e44cc381198ee5a9f2
urn:ure:t6:occ:function:current-client:0059d050	0x0059d050	simple	FUN_0059d050	19	1	55	a3377f93598fbb37a95896252f075aa829d4dbc83d42640a9182865a21f57996
urn:ure:t6:occ:function:current-client:006681f0	0x006681f0	simple	FUN_006681f0	19	1	55	b12402102b64bed1fa9f678e7dee4ef282a3d793364035b03dd7952a616129e9
urn:ure:t6:occ:function:current-client:00612e10	0x00612e10	simple	FUN_00612e10	19	1	56	c6c863161c21b22fa6cbbb49da3940685e126c1aebeb1469f16a7583893a74c1
urn:ure:t6:occ:function:current-client:004fd930	0x004fd930	simple	FUN_004fd930	19	1	57	920d4943f6cdc4412397c8fa5cbf2de815993a9d347896df3906269d12ea3321
urn:ure:t6:occ:function:current-client:00599b40	0x00599b40	simple	FUN_00599b40	19	1	57	b0e0313643f8af71aab8fa590c58e010281e6def17b6717aabad43177eeadd8d
urn:ure:t6:occ:function:current-client:005ae950	0x005ae950	simple	FUN_005ae950	19	1	57	df39c4e252b232ba4f057d77b16e379989e449957bc11f19e37428be47581f4f
urn:ure:t6:occ:function:current-client:005c4a00	0x005c4a00	simple	FUN_005c4a00	19	1	57	5d93b2ba3a8a3e6c51cdd357d7a34a88451f9532d9bda1143768abaf015ad863
urn:ure:t6:occ:function:current-client:006f63c0	0x006f63c0	simple	FUN_006f63c0	19	1	57	c4d35ef4a72968f2a5e3466aed277b99b2a3c8acb2ae4df002886b79610b42a2
urn:ure:t6:occ:function:current-client:00a01920	0x00a01920	simple	FUN_00a01920	19	1	57	d81ff3b11ab15a5ffd8865d4685d37964d36ffe31df800f1ae655d073fe5a9a9
urn:ure:t6:occ:function:current-client:00abe310	0x00abe310	simple	FUN_00abe310	19	1	57	cce30bc9e41a6348dd497171138954febfaf7d3061e4d7d1ecbaa6727fbcbeeb
urn:ure:t6:occ:function:current-client:00654610	0x00654610	simple	FUN_00654610	19	1	58	76852e5da437ec97417e6a676ca44d8c6db351053c9ef9a858d866fdfde97cc6
urn:ure:t6:occ:function:current-client:005e21c0	0x005e21c0	simple	FUN_005e21c0	19	1	62	1d7011191fb5a1893ef2d3117be902a8b4d1e82d002643c0aab8ee50cdbfd2b5
urn:ure:t6:occ:function:current-client:0046eb60	0x0046eb60	simple	FUN_0046eb60	19	1	64	52530d9aa5a57c8af000f2fe543ee49038a707022d974c3d35ffc2848c60896f
urn:ure:t6:occ:function:current-client:004b8070	0x004b8070	simple	FUN_004b8070	19	1	64	7327c1853ce8502be1de2e2e2930b18877b7f97c631583f9345528fb539dc15c
urn:ure:t6:occ:function:current-client:00584240	0x00584240	simple	FUN_00584240	19	1	66	d0ace344e34733cff1b0a548fa82b454b4de37a370a5b1df0db66c66df0ce413
urn:ure:t6:occ:function:current-client:00639760	0x00639760	simple	FUN_00639760	19	1	66	4a12f4dbd921df9c47e9b6e010f304ef7684e2791d2d465b85a7f28dc945ec4f
urn:ure:t6:occ:function:current-client:00544090	0x00544090	simple	FUN_00544090	19	1	68	a94ba37f06f26585c2507f3c878eb1a4fc522a13c945d67c0fd3a70aeaad7a18
urn:ure:t6:occ:function:current-client:006ef9a0	0x006ef9a0	simple	FUN_006ef9a0	19	1	69	23d3c6a731e9f4aff99aded927b19d26565dcb46c4c8816a9429154a13fee259
urn:ure:t6:occ:function:current-client:004047e0	0x004047e0	simple	FUN_004047e0	19	1	70	a4d7f32000bb50c9c4c7efdac19678c063d8b4fe388352299de1f5dfce5307db
urn:ure:t6:occ:function:current-client:00584e70	0x00584e70	simple	FUN_00584e70	19	1	70	80776518dfcccc211985d9c88777ccfca88b23c67d05a5701cc2339e20af44c8
urn:ure:t6:occ:function:current-client:008ff690	0x008ff690	simple	FUN_008ff690	19	1	70	aeaa808c9e84b1b79d1ce0918c92adc6b990f3a2ffcdbac9a1c6f85e94b8813d
urn:ure:t6:occ:function:current-client:00696810	0x00696810	simple	FUN_00696810	19	1	71	124ad7703cad134bcd6395a4ce7fdc6861d75c0414de2fe97b54fb0d7119562e
urn:ure:t6:occ:function:current-client:00800a90	0x00800a90	simple	FUN_00800a90	19	1	72	42c07397b235360fa7136fa6bbccb6d4392599b158aed984497df91ee7e4fcdf
urn:ure:t6:occ:function:current-client:00b53bf0	0x00b53bf0	simple	FUN_00b53bf0	19	1	72	0aacaa935633fa4c184fa367b67c33046e8d7174bf172daa0e567aa852b97bc1
urn:ure:t6:occ:function:current-client:00b53d00	0x00b53d00	simple	FUN_00b53d00	19	1	72	843aeda62e536157ce20ed2b3149297838a758cef744f208c2abc49e89ad832d
urn:ure:t6:occ:function:current-client:00726830	0x00726830	simple	FUN_00726830	19	1	76	fa653e6b30d6ccf22278886383e1a2aa80d31554e9e1e851018f4b95cd959184
urn:ure:t6:occ:function:current-client:007c82b0	0x007c82b0	simple	FUN_007c82b0	19	1	80	904834cd5d908d288ab796f12b791b513904662126f6f24716cb8c557eebf9b7
urn:ure:t6:occ:function:current-client:004ac690	0x004ac690	simple	FUN_004ac690	19	1	88	26a35ba83eaf9505468db06e667a6392be3f6e29e9e1a965588c5bbd533dd905
urn:ure:t6:occ:function:current-client:0094ef60	0x0094ef60	simple	FUN_0094ef60	19	1	88	4e27a358f3be259eee52869994dae26d18344f66dcb93f370e3f49a4b77dc8ad
urn:ure:t6:occ:function:current-client:008cbf90	0x008cbf90	simple	FUN_008cbf90	19	1	104	872cc2944aca9077467f7976353c18ede89bcb5c0db389b269c3d9f1c62a0f92
urn:ure:t6:occ:function:current-client:00517360	0x00517360	simple	FUN_00517360	19	1	106	6245b2895880e86af4b2adc5bd81d0d13d6b9d4e8fb5764b639d83336650b7c1
urn:ure:t6:occ:function:current-client:00a2f600	0x00a2f600	simple	FUN_00a2f600	20	1	38	4cfd4247c13f0ea12eafaec35635f47d7d96e2da247a851ccad35789cf76f3dd
urn:ure:t6:occ:function:current-client:00b00dd0	0x00b00dd0	simple	FUN_00b00dd0	20	1	41	0eef0c9b6ac8de9aa189f25199a1b968373f7274b5e992c2d2b63ea674f9569e
urn:ure:t6:occ:function:current-client:00a2d8f0	0x00a2d8f0	simple	FUN_00a2d8f0	20	1	43	770613c59814519769eff22dd19e774df231598c92c9cb67e60f67cf7d600d35
urn:ure:t6:occ:function:current-client:00a2f430	0x00a2f430	simple	FUN_00a2f430	20	1	43	6588b84545cf249504a226d38e3e9d1d8d7e16e3e774c26249e2c55f848eb14e
urn:ure:t6:occ:function:current-client:00441230	0x00441230	simple	FUN_00441230	20	1	44	02e637661e7df5e5b19feb5a96a321cf9ed404850208a76715adcdd4c42ac8bc
urn:ure:t6:occ:function:current-client:0067f2a0	0x0067f2a0	simple	FUN_0067f2a0	20	1	44	7269ef26cb7983a66bdc7d2810500f0ff1525016270f2428837643f7c57bc5d6
urn:ure:t6:occ:function:current-client:00695f80	0x00695f80	simple	FUN_00695f80	20	1	44	0d758786a8c83a69ddb1e9db4b188f66ec15d60e6d502e69361c9f0e36e7df81
urn:ure:t6:occ:function:current-client:004015d0	0x004015d0	simple	FUN_004015d0	20	1	45	0b5654871086ad8df11dcec4a303ce1f4606ecd28ad4e027eeed1113c2f8e6d5
urn:ure:t6:occ:function:current-client:00602c40	0x00602c40	simple	FUN_00602c40	20	1	45	47a4ed4fc4ea9062a1a8b8e98b03b87c1f235e391db701035b4b5e513b2abe74
urn:ure:t6:occ:function:current-client:00ac3100	0x00ac3100	simple	FUN_00ac3100	20	1	45	3462cc1b6672a7047b0f768d93a4785e7a993829a408fd03d4627f0a4fa2fad4
urn:ure:t6:occ:function:current-client:006b8a40	0x006b8a40	simple	FUN_006b8a40	20	1	46	6f1678b3e6bb91d470978c9e537874a8d09d45c61ec43039f00f2e30c5616a55
urn:ure:t6:occ:function:current-client:00a04d20	0x00a04d20	simple	FUN_00a04d20	20	1	46	2d6c9ffa9bdb7871be3aa21ffcc90de3145bceaf05e4d15324cfacea7f093954
urn:ure:t6:occ:function:current-client:00a075d0	0x00a075d0	simple	FUN_00a075d0	20	1	46	8b4bfe35bd17d275f373cb979fa7c37619b2aa54ec2e7455d201263dd183dffe
urn:ure:t6:occ:function:current-client:00a07610	0x00a07610	simple	FUN_00a07610	20	1	46	efda37789026dd9d2120ca2e5dc2c84d05d5f71146c55a768de1064f77fb6e68
urn:ure:t6:occ:function:current-client:00a076d0	0x00a076d0	simple	FUN_00a076d0	20	1	46	eeca0991ed633d3194a1ebd84c491fdcaca366a18ca58eaa93fff732445aa674
urn:ure:t6:occ:function:current-client:0048f620	0x0048f620	simple	FUN_0048f620	20	1	47	87e0cfca304ee700269cef7304fc570d1cf06d88246ac96fd43e2a22f4939e6f
urn:ure:t6:occ:function:current-client:00ac1a70	0x00ac1a70	simple	FUN_00ac1a70	20	1	48	9515ff9de7307abf11929d307acce24603a68cef2ec1edd60713c41303a737c5
urn:ure:t6:occ:function:current-client:0046c4a0	0x0046c4a0	simple	FUN_0046c4a0	20	1	49	dd754f5f6ed3cc6ee21297e4d9612b0d3c93381bc58654df64e0d256bae9eae2
urn:ure:t6:occ:function:current-client:004731b0	0x004731b0	simple	FUN_004731b0	20	1	49	00df133b3c2f53b4df8df94ec8b871520b33e1e829649011a4aaf34b93fd7c72
urn:ure:t6:occ:function:current-client:00481460	0x00481460	simple	FUN_00481460	20	1	49	84b6514789d966e148a9469eafcd0d6de23e8f2462ad623c09997660b3d0e0af
urn:ure:t6:occ:function:current-client:005fc1b0	0x005fc1b0	simple	FUN_005fc1b0	20	1	49	39e3b35fb001776c51a36b8f3d6677a33319ad7eadd083bcde79433d9c6472b6
urn:ure:t6:occ:function:current-client:0063a770	0x0063a770	simple	FUN_0063a770	20	1	49	db7eca074d8248744c160fd5806673fd6e3140b908073fe2be8f3f8d9c16fecd
urn:ure:t6:occ:function:current-client:00a04ce0	0x00a04ce0	simple	FUN_00a04ce0	20	1	49	5fdfb106714780fb25123791cca87609432326b39371600b26e4f15a4f8ea400
urn:ure:t6:occ:function:current-client:00a07550	0x00a07550	simple	FUN_00a07550	20	1	49	074b857ece0b520784a679f594be399cddfb90a001197cd53a8369573a8b2370
urn:ure:t6:occ:function:current-client:00a07590	0x00a07590	simple	FUN_00a07590	20	1	49	79937c0913c51445ea2c66bdee0aefc8969327ee7da24c243cfa722de5b54e80
urn:ure:t6:occ:function:current-client:00a07650	0x00a07650	simple	FUN_00a07650	20	1	49	a95ddaf1e301474cf46c5143c829161150f80294ef0e6794807e2a2e61832614
urn:ure:t6:occ:function:current-client:00a07690	0x00a07690	simple	FUN_00a07690	20	1	49	bbbd9e1e14ad7d41fc3fe0f4dd26a8955eab45d95fe745881c7ee377dd024ae1
urn:ure:t6:occ:function:current-client:00a07710	0x00a07710	simple	FUN_00a07710	20	1	49	3c2d0dad4f4c2674b2e4e0e6d4c709582fac612b8c31712880b9536d2300d59f
urn:ure:t6:occ:function:current-client:00a07750	0x00a07750	simple	FUN_00a07750	20	1	49	b106861633c3b1bdb0d63d10b60c4874fc82cc308a6a8f2d15878e117d96407f
urn:ure:t6:occ:function:current-client:00a07790	0x00a07790	simple	FUN_00a07790	20	1	49	0635392aedfeedfcfe9d1e4201c8fe993b2d7d5841115b5e0ea5bbb44db31bdc
urn:ure:t6:occ:function:current-client:00a521b0	0x00a521b0	simple	FUN_00a521b0	20	1	49	14407752da68639b10a378d108aac2c24a541d5ea8935909da2e27adb5ae6dfe
urn:ure:t6:occ:function:current-client:00a787ca	0x00a787ca	simple	__lock_file2	20	1	50	a364792bac2afcbb59db10de111ac781a544929f339d473af13a8f1f55e0faae
urn:ure:t6:occ:function:current-client:0056c790	0x0056c790	simple	FUN_0056c790	20	1	52	bf6b7828218958cd2a387aacf165561e48be7c858731789396c5324a71a65dcc
urn:ure:t6:occ:function:current-client:006ac400	0x006ac400	simple	FUN_006ac400	20	1	52	00a67bdf7bb315a8952e8f6bc81b8b458dda68defe44d5c5efc58492104e0732
urn:ure:t6:occ:function:current-client:00b38490	0x00b38490	simple	FUN_00b38490	20	1	52	7fce82cdf5b6681ce07ce309d587e9084de6c42accbfa1efe00b6ebef159e1fb
urn:ure:t6:occ:function:current-client:004092c0	0x004092c0	simple	FUN_004092c0	20	1	53	02bc5b4f6bdc6d12212f5d2268f0c5e218f7ae6c47917da7406710c29c89b5f7
urn:ure:t6:occ:function:current-client:004b68f0	0x004b68f0	simple	FUN_004b68f0	20	1	53	aabfbefe507d16677854f282b238d276aa30c7424f0a3aa0ee84ad747aedcb2e
urn:ure:t6:occ:function:current-client:005a0470	0x005a0470	simple	FUN_005a0470	20	1	53	3c74bc4d69841122a6dceebf952b0c268912befe037aa82ff066e08e99bef139
urn:ure:t6:occ:function:current-client:0062e410	0x0062e410	simple	FUN_0062e410	20	1	53	f3df9669c6cf7c365d3c219a73138d3a1b5a735a013ff938d8637d9e9fc952e0
urn:ure:t6:occ:function:current-client:006aca30	0x006aca30	simple	FUN_006aca30	20	1	53	83d913b42f1f80d58ca8f07693bbafb8d45e4af4bdcd55c12148ce3e03d32456
urn:ure:t6:occ:function:current-client:006e4c00	0x006e4c00	simple	FUN_006e4c00	20	1	53	413abdded9104157bf265eb213dbaf5e969124de79ae2f8ee4f53052ae7e51f4
urn:ure:t6:occ:function:current-client:00486920	0x00486920	simple	FUN_00486920	20	1	55	eb934f076434ebee81a9bd9fde3b296e9e66bb6d7d44fff024d633c9f682d7f7
urn:ure:t6:occ:function:current-client:00511630	0x00511630	simple	FUN_00511630	20	1	55	faa28059fedacf106ae7972563eda7e54776a7905d85510740e0c9fe94c92604
urn:ure:t6:occ:function:current-client:00553210	0x00553210	simple	FUN_00553210	20	1	55	6cb666a3a608fa866e7720853454d0ad526451b631be182c353d8fce09c57fa9
urn:ure:t6:occ:function:current-client:005a1500	0x005a1500	simple	FUN_005a1500	20	1	55	d64499eeb4ae70861a979282e6428d8ac986445832c37580fea20ad41b4fa644
urn:ure:t6:occ:function:current-client:008f9d50	0x008f9d50	simple	FUN_008f9d50	20	1	55	fb542684b46608edbf4d597a8f19022f650cba4972555fa221e6886316410c01
urn:ure:t6:occ:function:current-client:004123e0	0x004123e0	simple	FUN_004123e0	20	1	56	ef5cece14c991c356bdfe50ae9a087081bd8b56c8757d1c403bba9d466bc3c6c
urn:ure:t6:occ:function:current-client:00430e00	0x00430e00	simple	FUN_00430e00	20	1	56	0932dcd353a809874ad801ccaea3bfa7660b66e83b0a908264d0a5f215473a23
urn:ure:t6:occ:function:current-client:004ce240	0x004ce240	simple	FUN_004ce240	20	1	56	b21d4254420a88bf1acd0f135986204d2906deadc7442fd0f63299c2e0ef77dd
urn:ure:t6:occ:function:current-client:005267f0	0x005267f0	simple	FUN_005267f0	20	1	56	6fef489fc3abf2307186a38906399882a3130d876f52382ce668a6be3533dfd2
urn:ure:t6:occ:function:current-client:0077dba0	0x0077dba0	simple	FUN_0077dba0	20	1	56	d9b4d40ecfac4ca492af17ec903a54fbfe85e2ee56ac2ca027afe88b2e6a53a6
urn:ure:t6:occ:function:current-client:004eb7b0	0x004eb7b0	simple	FUN_004eb7b0	20	1	57	257dd75f72449d9ce205822d76cb06907250b7dd20510af88e01eac4a04985e6
urn:ure:t6:occ:function:current-client:004a76a0	0x004a76a0	simple	FUN_004a76a0	20	1	59	1758e2e866e743ea0abbbad7cab990b72c4979a4d00d4693714f5bf80e5f0621
urn:ure:t6:occ:function:current-client:00576dd0	0x00576dd0	simple	FUN_00576dd0	20	1	59	961cd4e3117221f221e7b9580e8140487c7d6e91a82326a0c9073d9c4a5274ea
urn:ure:t6:occ:function:current-client:00479bc0	0x00479bc0	simple	FUN_00479bc0	20	1	60	8c9a3845c37a656194b04ee57d29c5e0e28d06ba3459f6fb7c2a69f9ccd98cd5
urn:ure:t6:occ:function:current-client:0041b420	0x0041b420	simple	FUN_0041b420	20	1	61	17a3be27714db7ae2ade301dec8eb4769ae24367c3ab10b12f10381b080ccf5f
urn:ure:t6:occ:function:current-client:004eea30	0x004eea30	simple	FUN_004eea30	20	1	63	2baba11a3fc5d21d226387778057cf9bdbc9a55deeb84343d2ec1f84a975e0de
urn:ure:t6:occ:function:current-client:0073ff40	0x0073ff40	simple	FUN_0073ff40	20	1	65	f1ad384d872b86b0347f4de38c7080cb234ba1fce9444f273648fe29f77749d9
urn:ure:t6:occ:function:current-client:00ae5be0	0x00ae5be0	simple	FUN_00ae5be0	20	1	65	dc66c513b16bbf3b0b6d66213e07088c116a3084b73532b7d6deab02dfe92911
urn:ure:t6:occ:function:current-client:00457c30	0x00457c30	simple	FUN_00457c30	20	1	66	a76b959949e3353c97fbcc5ad938be405acb018ae38abe3d0e75e90bf2c25b7c
urn:ure:t6:occ:function:current-client:005f4b10	0x005f4b10	simple	FUN_005f4b10	20	1	66	69206ff57e2ac921b27ab3b27a10f4e3f38330454c5196dfed92812cdf7a1f16
urn:ure:t6:occ:function:current-client:00561230	0x00561230	simple	FUN_00561230	20	1	67	42b8a8cc1959c1a32cd2ac47d644d869fad583c87ad6ff23eeabc506af6c60f5
urn:ure:t6:occ:function:current-client:00655c80	0x00655c80	simple	FUN_00655c80	20	1	67	39990627b1546526ae17f8abe1e73ebaa6d34c494c11453ebcf86d31b41d73ac
urn:ure:t6:occ:function:current-client:00450750	0x00450750	simple	FUN_00450750	20	1	68	2543316ba791b25bbe0b488d9e2c5e656a7c6ee1ae5086681e4d84868ae29e32
urn:ure:t6:occ:function:current-client:0065fde0	0x0065fde0	simple	FUN_0065fde0	20	1	68	52c790108ce8a219b8269de271e0326646cc5b7b4014ab7dea16f20471e3064d
urn:ure:t6:occ:function:current-client:0046f940	0x0046f940	simple	FUN_0046f940	20	1	69	09cb9e7495cf8aa08840ffb3b1f60046850cb9bf9bf3517c2dcb93dcf58d5a50
urn:ure:t6:occ:function:current-client:0047af80	0x0047af80	simple	FUN_0047af80	20	1	69	4a13c447ec450379cf93229c0deb365be4998fa628e2303bcfacbca81b2cb7f4
urn:ure:t6:occ:function:current-client:004860f0	0x004860f0	simple	FUN_004860f0	20	1	69	c53d381d44cd9d73a5da5c59287d14c2e37e60c89ea0ba4e2330b8cb50b6fa62
urn:ure:t6:occ:function:current-client:0053b100	0x0053b100	simple	FUN_0053b100	20	1	69	7a59f6c4e32ea080fb5678c3ff6de4ee48f9abebdb6683e573b54768446a6894
urn:ure:t6:occ:function:current-client:0064f290	0x0064f290	simple	FUN_0064f290	20	1	69	99b5321299e2b4bf42bc81edef41e46325cb23e1da8e13dbffa9263b0ab24fe0
urn:ure:t6:occ:function:current-client:009b2660	0x009b2660	simple	FUN_009b2660	20	1	71	60d570b877ff3727198c32046e8abc5eddf48cadbf5fb7d219e1bbdbdd393552
urn:ure:t6:occ:function:current-client:00ae6eb0	0x00ae6eb0	simple	FUN_00ae6eb0	20	1	71	4d055a0a7c2c36a2abbaefee9a83141046807a4c13e999e6bb4b706900c63a9b
urn:ure:t6:occ:function:current-client:004ce2e0	0x004ce2e0	simple	FUN_004ce2e0	20	1	72	27d66907e029cab1af530e46701537494f2f80fa308f276fc557618da9e89345
urn:ure:t6:occ:function:current-client:00473ad0	0x00473ad0	simple	FUN_00473ad0	20	1	74	13ba0011a11d857e8a908e4c017f0d2022ae2f85ce22fe7513f4f950dd6a9e6b
urn:ure:t6:occ:function:current-client:00891bf0	0x00891bf0	simple	FUN_00891bf0	20	1	75	8ce340313a9bc45f1b2c402cd4787d16c1f3382fcbfdb827f3da8b91ffe0e8dc
urn:ure:t6:occ:function:current-client:005f8f90	0x005f8f90	simple	FUN_005f8f90	20	1	79	ec1f2fec03d84d0a6fd290b1613db492836df351cd0cbcb64e6bd0e6585cbd84
urn:ure:t6:occ:function:current-client:0049a830	0x0049a830	simple	FUN_0049a830	20	1	81	6031f25e5258eaa84b634c976435624477ec69cb0d4a270a4b54ee1e3a3622e4
urn:ure:t6:occ:function:current-client:004ebcf0	0x004ebcf0	simple	FUN_004ebcf0	20	1	82	acff021141f9cd8305e1a6b1d1f86f9069fc7810cae8bdedc68cb59d24d118d8
urn:ure:t6:occ:function:current-client:005992f0	0x005992f0	simple	FUN_005992f0	20	1	84	c34ffcbd1f5d56c7150ac0bcf5f0fe8bb0d254a72107c586556bdf35fee0b358
urn:ure:t6:occ:function:current-client:005f0100	0x005f0100	simple	FUN_005f0100	20	1	84	c63fdbbec7b230cc40b3b1903c92a4d7200b4e67d2a243a24c38e95706a3e127
urn:ure:t6:occ:function:current-client:0086eec0	0x0086eec0	simple	FUN_0086eec0	20	1	84	8ea83c1eb10880970cdb2d069260f034c9f72ca1acf1b3492b1ba836a2aff3ba
urn:ure:t6:occ:function:current-client:004a5b60	0x004a5b60	simple	FUN_004a5b60	20	1	86	a2c4af4935fca0d5427c2ed39ad790b3376a2282f21391676b7f88735d23bc4a
urn:ure:t6:occ:function:current-client:00929720	0x00929720	simple	FUN_00929720	20	1	91	3183f9f4b822a9245552b8621c6bd56897aba4848bf10f032cf5753cedc26249
urn:ure:t6:occ:function:current-client:00a7ec9c	0x00a7ec9c	simple	__copytlocinfo_nolock	21	1	38	84d3b5b09c0f2ad9af592e1b78077331970eebd7f4385d30cbaf96968b31f446
urn:ure:t6:occ:function:current-client:00a1e0c0	0x00a1e0c0	simple	FUN_00a1e0c0	21	1	43	661cb861aceb8641a6602b1ec19e52348191aa6affd2172f61f0ed143a226982
urn:ure:t6:occ:function:current-client:009db090	0x009db090	simple	FUN_009db090	21	1	47	85622fe826e6c68e241213c8a28bc139c164d61ccc76da520db79d29638b9e27
urn:ure:t6:occ:function:current-client:00a8e436	0x00a8e436	simple	write_char	21	1	47	1bddede3b9349e9f8d3c85f38c4f8a552d0a0b727985ad5b755b68fbceaf5ddb
urn:ure:t6:occ:function:current-client:00501390	0x00501390	simple	FUN_00501390	21	1	48	b5425c6660c77e6b10f9a2d15e5f6d5375666e2d362066402b8e559858e527df
urn:ure:t6:occ:function:current-client:00628c20	0x00628c20	simple	FUN_00628c20	21	1	48	f8650428343b224f91205edd388a517bd6b94c803ed194a38123d47509501a43
urn:ure:t6:occ:function:current-client:00a7a356	0x00a7a356	simple	FUN_00a7a356	21	1	48	1deb486b88fc8532e9f92b5927c8fd178c65e99d5425868c325fb2eb0b422a44
urn:ure:t6:occ:function:current-client:00a8dde2	0x00a8dde2	simple	__freebuf	21	1	49	f0b21df11bacb6165f303911ea70ed12818df82a8dd21053b02dc71bd6b5a606
urn:ure:t6:occ:function:current-client:00ad7710	0x00ad7710	simple	FUN_00ad7710	21	1	49	5f0adcc5a25104319b4126be72b7d72d7e783f13afb12cd1ea89db00a31b37bd
urn:ure:t6:occ:function:current-client:00588940	0x00588940	simple	FUN_00588940	21	1	51	479972212eeae67982462bf2e8aeaa957ddedc4f4b5e57cf10465bdb21f717b3
urn:ure:t6:occ:function:current-client:0056a680	0x0056a680	simple	FUN_0056a680	21	1	53	f57c64586242a9a26c91ad01addabb5bcec3571c45e44e04f876a11eb0dee595
urn:ure:t6:occ:function:current-client:0049c920	0x0049c920	simple	FUN_0049c920	21	1	54	a7cf02a5e90916fa908c712ca9fb54a7d695914cdcc0c98e0636bd81cf6032c8
urn:ure:t6:occ:function:current-client:00ac0e70	0x00ac0e70	simple	FUN_00ac0e70	21	1	54	45e2785df3d4a82f70a6dbd55b4aa7a1bccbea9a1bac27cb334ced751b036da7
urn:ure:t6:occ:function:current-client:00ae0c00	0x00ae0c00	simple	FUN_00ae0c00	21	1	55	4ab76c444932893feaa7f5b54cb174510d40efaea56c32e1d7ff9e6fbde219de
urn:ure:t6:occ:function:current-client:00561f90	0x00561f90	simple	FUN_00561f90	21	1	56	a1a823b17f790e5d2775054564738522425a5455364a2fb5e1419db1ffae6e1c
urn:ure:t6:occ:function:current-client:006848c0	0x006848c0	simple	FUN_006848c0	21	1	56	0cd9953e128044a4a0dcab1556b74aaae33a8d8dcea92671e7ebcfbcbd1abf49
urn:ure:t6:occ:function:current-client:006a0d70	0x006a0d70	simple	FUN_006a0d70	21	1	56	7c377ba36c231c50b73593453d818c061246ea16323fa692762ca6d989808001
urn:ure:t6:occ:function:current-client:00ae7500	0x00ae7500	simple	FUN_00ae7500	21	1	57	e4d80f2f239f23cd9766eb8deb027040cdb8424e4fb145100de52a8f94974d8f
urn:ure:t6:occ:function:current-client:004228b0	0x004228b0	simple	FUN_004228b0	21	1	58	c2ed7c64adade816fa70c65654b418f864d4b69a5ed05d10a4d30ba180ce94f4
urn:ure:t6:occ:function:current-client:00471050	0x00471050	simple	FUN_00471050	21	1	58	9384ff00df7779c0e329b0cce7e0e85efcabcabc339e89388959f063d04e80e2
urn:ure:t6:occ:function:current-client:0048f5e0	0x0048f5e0	simple	FUN_0048f5e0	21	1	58	dadbc39fc7e42dfb2c5fb9231d520c761a1ef50a655d04f0f11c66be7818a470
urn:ure:t6:occ:function:current-client:006b9180	0x006b9180	simple	FUN_006b9180	21	1	58	770ec1cb2d0774ed409dce9f093fb85729a6b0f535811776dbc8e271c6f01b20
urn:ure:t6:occ:function:current-client:006e7bc0	0x006e7bc0	simple	FUN_006e7bc0	21	1	58	9741ddce619ad33d3e8b0adae59c3f26d0d8222f5aa789c6796e08fd64c3d7a1
urn:ure:t6:occ:function:current-client:00817fe0	0x00817fe0	simple	FUN_00817fe0	21	1	59	edb159c88068b38828da7e1b1954f6bb3f8a73f99755c3c69bda074cc1ca7513
urn:ure:t6:occ:function:current-client:00b4dc80	0x00b4dc80	simple	FUN_00b4dc80	21	1	59	270cb4ecd3d0cb5dccfabfb001d96b0109898465486f8d62d2292b804bc46830
urn:ure:t6:occ:function:current-client:006543e0	0x006543e0	simple	FUN_006543e0	21	1	60	26edaaea46200ad752d126088c7d7901831515f7882715bd6f04e1d944013133
urn:ure:t6:occ:function:current-client:0042fa60	0x0042fa60	simple	FUN_0042fa60	21	1	61	93d8aa2c9e414b6ff99eaca850272c2dfb696f7d2685915ef11b4447a10c5c98
urn:ure:t6:occ:function:current-client:0048bbc0	0x0048bbc0	simple	FUN_0048bbc0	21	1	61	4bc7844af276db501f5f49a32d2e782cebd43215c497c73101b483fe4513b517
urn:ure:t6:occ:function:current-client:0051a4c0	0x0051a4c0	simple	FUN_0051a4c0	21	1	61	ac930755d04fdaa917106e2eeafac8cb35e7765f40de25312b8f4fa2857aee6c
urn:ure:t6:occ:function:current-client:0056eb60	0x0056eb60	simple	FUN_0056eb60	21	1	61	fbd9248ac7d619343d93c6fbcd8be680bc8259ed58e3a92204df9653ea4032bb
urn:ure:t6:occ:function:current-client:006041f0	0x006041f0	simple	FUN_006041f0	21	1	61	d1b7a1e295f85a0a7d49912dd07e2b05d92654fadfce0757c80d8f4023443e70
urn:ure:t6:occ:function:current-client:0063d700	0x0063d700	simple	FUN_0063d700	21	1	61	f1bfc877552bd3867f50e456fc6ba2f7202c4f5ffa8ac0e66d5217aca3e6212b
urn:ure:t6:occ:function:current-client:00657bd0	0x00657bd0	simple	FUN_00657bd0	21	1	61	940975bd6b5deba1acfa762914fcfd679068065f3e5a0ccfab052285e639f2fe
urn:ure:t6:occ:function:current-client:00440d50	0x00440d50	simple	FUN_00440d50	21	1	62	0cce46cb948e5f108234be72a6f0d4b2bb3519685172a8f210033d6caf82f358
urn:ure:t6:occ:function:current-client:0044c8b0	0x0044c8b0	simple	FUN_0044c8b0	21	1	62	6843d7dd59474fa9e5a36600318582e3f491ead7bfbe274e703f24d1a97908f1
urn:ure:t6:occ:function:current-client:005ae8c0	0x005ae8c0	simple	FUN_005ae8c0	21	1	62	25270c15445781f239d657fe20e3d9a677beaf643e42307dd72ff486f9b7f6b6
urn:ure:t6:occ:function:current-client:00763cb0	0x00763cb0	simple	FUN_00763cb0	21	1	62	d90b86a1a40ef2a6fe1933afc1e6a79b84a82ff28a6fab12494d3c4d5d60da10
urn:ure:t6:occ:function:current-client:00b31650	0x00b31650	simple	FUN_00b31650	21	1	64	87d8399723fcb604077b1e1046beed58e08ceb7ca3af727156f60c66aa86207f
urn:ure:t6:occ:function:current-client:00b2bb20	0x00b2bb20	simple	FUN_00b2bb20	21	1	65	a4e045efb3be87f37dbd49e9cea497b76bcd1a21e02150bf8ca214cb0dfb2bed
urn:ure:t6:occ:function:current-client:004ce000	0x004ce000	simple	FUN_004ce000	21	1	66	0ca0cbcf56e60bc0de45fe629dc60784822586a687a4ace2b7b17be049c8f1ec
urn:ure:t6:occ:function:current-client:00463bd0	0x00463bd0	simple	FUN_00463bd0	21	1	67	4ddf1c6aea1c44b5c355400614a93f1e41ff47b2137e0eb4dae985b4cb199067
urn:ure:t6:occ:function:current-client:00552210	0x00552210	simple	FUN_00552210	21	1	68	cf112cc4cad8fcc97a0801b370f7d6d42ab43d7c33429b8fa0c9f7eb80009d25
urn:ure:t6:occ:function:current-client:00712940	0x00712940	simple	FUN_00712940	21	1	68	d14f658065dca6584622628c1491356409f8ce13f7512f6d00ea3a9c8df4e664
urn:ure:t6:occ:function:current-client:0049b7e0	0x0049b7e0	simple	FUN_0049b7e0	21	1	69	ef420bbea590103776012aedfdf7f933562abc6e89221f32bc0355573bc8d60e
urn:ure:t6:occ:function:current-client:005eb260	0x005eb260	simple	FUN_005eb260	21	1	69	9cb8d14606ff9c45482529a2f1e11ae4f74be0e4ff6bc0f856e65c889c8e4e31
urn:ure:t6:occ:function:current-client:00624380	0x00624380	simple	FUN_00624380	21	1	69	51fbfbc11f2eb30bd234ce42d1d45191ff53939564b73a7c6742f00eedab0377
urn:ure:t6:occ:function:current-client:009781d0	0x009781d0	simple	FUN_009781d0	21	1	70	2023a3af74b7324e2204309883e292869e0f631576c9cb2def0d9d9a66630aff
urn:ure:t6:occ:function:current-client:00631d80	0x00631d80	simple	FUN_00631d80	21	1	71	640b2e64cb7c3f98ce3e14763ff6b44e7a52d3634f22112826083f7dcbf5cf1d
urn:ure:t6:occ:function:current-client:0053ae50	0x0053ae50	simple	FUN_0053ae50	21	1	72	93b1cc559c452cc0b367ad21d3a1d970199ff5fc58d568f707a94fb093c02336
urn:ure:t6:occ:function:current-client:00ae5b90	0x00ae5b90	simple	FUN_00ae5b90	21	1	72	e28aa5fe5ffebf500bc2995daa76f4ff2a2cbae473ebfef79ea03647312232c5
urn:ure:t6:occ:function:current-client:00444820	0x00444820	simple	FUN_00444820	21	1	76	ab5a040c9afc718baab05685340e0399178e0676a1df56f9faeb3dbced541b23
urn:ure:t6:occ:function:current-client:007d3a80	0x007d3a80	simple	FUN_007d3a80	21	1	76	93bb6611477af35c5729bcf0178b2adf72f208fc330e4b0827555dde30fb5fd9
urn:ure:t6:occ:function:current-client:00696e10	0x00696e10	simple	FUN_00696e10	21	1	80	a0a401061b13ea2c7ea256649eb6157dcf1a0e9db8db3d56621f154b22d5dabd
urn:ure:t6:occ:function:current-client:00740790	0x00740790	simple	FUN_00740790	21	1	81	8a70e90cfde442ae0184bdf27eb9c9a1276cc6c80a96b6c1793fc79d66de7689
urn:ure:t6:occ:function:current-client:0068a6d0	0x0068a6d0	simple	FUN_0068a6d0	21	1	85	e8d59658f28c5e02fa0cf45633256d74e53fe12c567dbc7ccdee68ee2a146e64
urn:ure:t6:occ:function:current-client:006597e0	0x006597e0	simple	FUN_006597e0	21	1	86	4acf29bb04b3913c56ac17668ff2e0174677dba46ddbafcc7a776e85c87a0d09
urn:ure:t6:occ:function:current-client:005c4ff0	0x005c4ff0	simple	FUN_005c4ff0	21	1	90	55f8d55b4f76eacacef5cc8f6596ef5be6761f305d088f57f930759e97363b8d
urn:ure:t6:occ:function:current-client:008b3830	0x008b3830	simple	FUN_008b3830	21	1	91	48a75b72da7f1fe3300b1f5415ab11a49f9cc276dbc6c0ff9c7511a463dbfcb0
urn:ure:t6:occ:function:current-client:008b4ac0	0x008b4ac0	simple	FUN_008b4ac0	21	1	91	5baef69853c15059cf09720725943b00c31ae7efa8a2e20fb2692f560f872113
urn:ure:t6:occ:function:current-client:008b52b0	0x008b52b0	simple	FUN_008b52b0	21	1	91	ff87fc9217f67860f9c22a8f2459a0951c44f9925f3472e7bfd01fd52fcbe031
urn:ure:t6:occ:function:current-client:007edda0	0x007edda0	simple	FUN_007edda0	21	1	97	a894a01cb34a599530d812d532790977138b6852a67b2fd4c169619e1e52bbc7
urn:ure:t6:occ:function:current-client:00683f10	0x00683f10	simple	FUN_00683f10	21	1	104	e2e3cd15f5c82bef081cff4fc0099cc4d43c036d6c75a2749d56cdbe5ef3c228
urn:ure:t6:occ:function:current-client:006a24e0	0x006a24e0	simple	FUN_006a24e0	21	1	108	e63c9587241a869c7ed65fdb92b6e1982ade10c98f63eee6f5448aa63428acf5
urn:ure:t6:occ:function:current-client:00a547c0	0x00a547c0	simple	FUN_00a547c0	22	1	43	71d232b8c2ad28a701eed05b5ff1d87ca51063e5cad1f1ece44734330ccfddf3
urn:ure:t6:occ:function:current-client:006d5ce0	0x006d5ce0	simple	FUN_006d5ce0	22	1	45	efe35d428015869bc465f1391cfa057f37d136cefb42cf48bc92ad10249d87f0
urn:ure:t6:occ:function:current-client:005d0190	0x005d0190	simple	FUN_005d0190	22	1	47	a7ebc11dd28f8b06b0ca092a8bcd0a89c8ebc12203e1bca7b99fb834ad117ad1
urn:ure:t6:occ:function:current-client:0068d300	0x0068d300	simple	FUN_0068d300	22	1	47	e146cdfd1b2062152b8599f8592553f7cae95f9d4ec963fa99847bba2afc73e4
urn:ure:t6:occ:function:current-client:008ce6a0	0x008ce6a0	simple	FUN_008ce6a0	22	1	47	db77ba375536d1068798e4fa7115c38c862fbc503994f66a3aac32b591ad3645
urn:ure:t6:occ:function:current-client:005dd7b0	0x005dd7b0	simple	FUN_005dd7b0	22	1	48	c1eac9799bb3071b0a0374ccff880c0ee1fd79f864e3dd072e4b49e202ff98da
urn:ure:t6:occ:function:current-client:00673810	0x00673810	simple	FUN_00673810	22	1	48	240b80158f813aa8de52327bed839c23c2950e95b8d6efbb8fb6d44cf6204818
urn:ure:t6:occ:function:current-client:006d29c0	0x006d29c0	simple	FUN_006d29c0	22	1	48	b46a6cfaa4339720d9d220143cb80ba695d2db3f5d3b892b01598de2ba711c86
urn:ure:t6:occ:function:current-client:00749420	0x00749420	simple	FUN_00749420	22	1	49	02fdab51b631cfd635a0fbfc428253e4537acaef07c06068c0753ab37c268462
urn:ure:t6:occ:function:current-client:00b0bfe0	0x00b0bfe0	simple	FUN_00b0bfe0	22	1	49	7ea17c1802e93c88e2b55e9e59dc2034713b659a4d2d5073f8e7f8fd9445ae6b
urn:ure:t6:occ:function:current-client:0048f370	0x0048f370	simple	FUN_0048f370	22	1	50	bdd2622aec7b359ee8325dfc036c16c2b30d9ab1da93be763795e8428c638ee1
urn:ure:t6:occ:function:current-client:006b81d0	0x006b81d0	simple	FUN_006b81d0	22	1	50	cc5cb546a3672510a5a55e4fb1035f7a1429d330d27d47e6253cd4964ba2ea2b
urn:ure:t6:occ:function:current-client:00a7aa26	0x00a7aa26	simple	FUN_00a7aa26	22	1	50	bb85a8015a935c0cbe96481d3002b34a41276553435faa533958d508977573cd
urn:ure:t6:occ:function:current-client:004df9c0	0x004df9c0	simple	FUN_004df9c0	22	1	51	8d31958ba952a1e1a9c69008424243ee8a6f2fc89a94b3c306c6a4970e857a6a
urn:ure:t6:occ:function:current-client:00a79b58	0x00a79b58	simple	FUN_00a79b58	22	1	51	64bb53f3dce54c1d82d574729946c7bc2d465328bea327cf8f847c6b12ec5869
urn:ure:t6:occ:function:current-client:0054d620	0x0054d620	simple	FUN_0054d620	22	1	52	8d495b203e082d5254cb184697a6d205d989d75033f66a4e2432b331e7034d9a
urn:ure:t6:occ:function:current-client:006836e0	0x006836e0	simple	FUN_006836e0	22	1	52	6e7dffd6c4ac74cf8e8a2aa4ef28277ec4ed2c4c324b7760a639e326afc3c36d
urn:ure:t6:occ:function:current-client:009fc550	0x009fc550	simple	FUN_009fc550	22	1	52	3c59c539cd3c9dfacff9a10bd2959656ba6b9e3b166954346beb306b9c04bd54
urn:ure:t6:occ:function:current-client:00574100	0x00574100	simple	FUN_00574100	22	1	53	9b45d379eea0486191ea9dcdd8803d94196550a48c094a636ccbf952c1a37a7f
urn:ure:t6:occ:function:current-client:00a4fba0	0x00a4fba0	simple	FUN_00a4fba0	22	1	53	606814d4b3ab576a771be1bf1001bcbf6e8bbb9769a2dd0da8154cd891e9ff5a
urn:ure:t6:occ:function:current-client:00acd280	0x00acd280	simple	FUN_00acd280	22	1	53	57c7a433d38daa832bf09b7a8e2dcb5293467363a4ae20b3591a4bce691fe574
urn:ure:t6:occ:function:current-client:00473240	0x00473240	simple	FUN_00473240	22	1	54	c76156dbe70c08703fb2c440d778e683b73f7142fa527c945994509212cfebca
urn:ure:t6:occ:function:current-client:00a03140	0x00a03140	simple	FUN_00a03140	22	1	54	cc972f4131029b0b389b9bf9566c3561aa56cebbe861964605ae3db3f5ffd76a
urn:ure:t6:occ:function:current-client:00a03800	0x00a03800	simple	FUN_00a03800	22	1	54	7055b9e42459d87af2d3b25bda58164979defffb9ff37b093e392fd7cdb992f1
urn:ure:t6:occ:function:current-client:004677a0	0x004677a0	simple	FUN_004677a0	22	1	55	162bfd9075a5317c8257d9a1ddcea1f6be45a5204ea4483ea222f272b50ae300
urn:ure:t6:occ:function:current-client:006c4430	0x006c4430	simple	FUN_006c4430	22	1	55	abd6d304585babacf8ba55bd7c59f6321bed91328631e26f098f0d92db2a3e45
urn:ure:t6:occ:function:current-client:004086f0	0x004086f0	simple	FUN_004086f0	22	1	56	a6519b57cbf34cdb5a16f9fc82142e45d498f0e572709fc82e3b2a971065342c
urn:ure:t6:occ:function:current-client:00a8dff5	0x00a8dff5	simple	_CallDestructExceptionObject	22	1	56	afdeca18ade7590548555ed59ede2fb1aacf3c684ed493733bcddf09c5d35133
urn:ure:t6:occ:function:current-client:00ae08f0	0x00ae08f0	simple	FUN_00ae08f0	22	1	56	427aa9d79851f4e4e91d64de4af08f7204622ae4af2149338844eb6f9f9e9abd
urn:ure:t6:occ:function:current-client:005af640	0x005af640	simple	FUN_005af640	22	1	57	fea2f0ba7c9699bc23cb5aba7513a212505b8cf32818e331524d9d8b8564b542
urn:ure:t6:occ:function:current-client:00a03680	0x00a03680	simple	FUN_00a03680	22	1	57	941f3ce3c82e868ed56312749708dcf8e29ececbbd68c0592a30574fde6da3d3
urn:ure:t6:occ:function:current-client:004c4510	0x004c4510	simple	FUN_004c4510	22	1	58	409fc41d2936dbce931d99daf2f50379a99421023d24fedafe631212c75f947a
urn:ure:t6:occ:function:current-client:00a661a0	0x00a661a0	simple	FUN_00a661a0	22	1	58	d134844857be928395e99d1c624e5c326c4d42a14babe3e10d1cfa44f7d6fbb3
urn:ure:t6:occ:function:current-client:00a661e0	0x00a661e0	simple	FUN_00a661e0	22	1	58	4d7bec61e3f851c78baafbc37b351cd51ac840aad33eb1a4a972c30924f29545
urn:ure:t6:occ:function:current-client:00457ed8	0x00457ed8	simple	FUN_00457ed8	22	1	59	08fbf3c4fd0735f4f478d7921580ee10fc34af864b20ea38ce515c6170d34664
urn:ure:t6:occ:function:current-client:0049e8a0	0x0049e8a0	simple	FUN_0049e8a0	22	1	59	d18b5cd76d2611122aa6e09e7e7c76397f5934ddc98445ae2e269b9f14e2dd78
urn:ure:t6:occ:function:current-client:005156d0	0x005156d0	simple	FUN_005156d0	22	1	59	842df3e3721214b75551369c1f353e1b8f06d7639942f40d50fb6cc7fbb44078
urn:ure:t6:occ:function:current-client:0079f8d0	0x0079f8d0	simple	FUN_0079f8d0	22	1	59	cb611e5836da964635eaa5f89368db44e228be267677c9c5f73308333b17615a
urn:ure:t6:occ:function:current-client:00578f10	0x00578f10	simple	FUN_00578f10	22	1	60	d0e4cc189ba344269e59d0f76dd30886bf254bb37522b227480fc9491d7639c3
urn:ure:t6:occ:function:current-client:0069aae0	0x0069aae0	simple	FUN_0069aae0	22	1	60	8b68a61ba58fc06cf984fc7d0ac6db45e8bc47a55a961ce08ab78863a73e13f8
urn:ure:t6:occ:function:current-client:00a05b90	0x00a05b90	simple	FUN_00a05b90	22	1	60	b0218acb0f65814ad81a109a6659c79d0e1dad2036fce96a4edf101b6acb6533
urn:ure:t6:occ:function:current-client:00a06040	0x00a06040	simple	FUN_00a06040	22	1	60	d482e8ade2cba340093b47bf53db1f1023187041febffb1e939b0abd71b9c4c7
urn:ure:t6:occ:function:current-client:00443ed0	0x00443ed0	simple	FUN_00443ed0	22	1	61	c1f209f2c8947c4c2ac38038f7ce18dba28582b6a2e5f4f2cb3754a32baadf45
urn:ure:t6:occ:function:current-client:0056a0e0	0x0056a0e0	simple	FUN_0056a0e0	22	1	61	0c8b9c5a34628d2a4f2ce76b68b3d1adc07aa578b3e878d8a0dd8dc0081ff941
urn:ure:t6:occ:function:current-client:006afb50	0x006afb50	simple	FUN_006afb50	22	1	61	53e415aafa1f2a2bec49e4dae1dbabf664c390780dd3c34253c6b5524035e013
urn:ure:t6:occ:function:current-client:00557ca0	0x00557ca0	simple	FUN_00557ca0	22	1	63	aa6a71126286b6c1e5af848b1f9e7468abee72ccec3796cf45bcca847bff241a
urn:ure:t6:occ:function:current-client:005dce90	0x005dce90	simple	FUN_005dce90	22	1	63	0a15a973c79c118dbfb8996af41cc4f00f35b68edb260e6083df14e090c92884
urn:ure:t6:occ:function:current-client:004cbd90	0x004cbd90	simple	FUN_004cbd90	22	1	65	e161949a4d4c737717124f1559273bfd7c431fcbff93ddfb3b9b109e5fc0bfbe
urn:ure:t6:occ:function:current-client:006910c0	0x006910c0	simple	FUN_006910c0	22	1	65	f130678b521f03300dab5426d8ab99fb87667b56fae471d60b37f4a2a0017a6a
urn:ure:t6:occ:function:current-client:007dd5c0	0x007dd5c0	simple	FUN_007dd5c0	22	1	65	1b7d8b50cf1db3d2e3c5faba06c28a12c7e69b4c84de99146254a047c91a0cc2
urn:ure:t6:occ:function:current-client:00a05810	0x00a05810	simple	FUN_00a05810	22	1	65	2a8bcde788a022e2df64741669646bd462d916dbb8bbcf8e418b040042cdf602
urn:ure:t6:occ:function:current-client:0043b2a0	0x0043b2a0	simple	FUN_0043b2a0	22	1	66	4cc78ac8d8b9c66669e5d19ef069a887e343db609f04c2fa81b98a908920fb3b
urn:ure:t6:occ:function:current-client:004bdce0	0x004bdce0	simple	FUN_004bdce0	22	1	66	cabeeea0b04b249374683300d731f1fb0acf09c5f072214c158d414ff7f36c6d
urn:ure:t6:occ:function:current-client:00a95c1c	0x00a95c1c	simple	__CxxUnhandledExceptionFilter	22	1	66	4d88a87c8c236ce8fcffaabe8dcbfc086bedf01fdf22e23241b83e528f0e60a9
urn:ure:t6:occ:function:current-client:00b08990	0x00b08990	simple	FUN_00b08990	22	1	66	2fce473af9e8b7e03f6bb1b9e02df5f35a17817bfd4527fb6f85a0f2b4f87519
urn:ure:t6:occ:function:current-client:0058b530	0x0058b530	simple	FUN_0058b530	22	1	67	c27510ba6ca7071d83654180d50684e0af5b8362bda4b5fbc6ed54d0d8afbd3c
urn:ure:t6:occ:function:current-client:00a0e4f0	0x00a0e4f0	simple	FUN_00a0e4f0	22	1	68	2d84534ce52433827df7baa91ce783142d8d1409aa3428552f17b33f83745650
urn:ure:t6:occ:function:current-client:009dba90	0x009dba90	simple	FUN_009dba90	22	1	69	cd2dd34219d3d78403fd12ad53641e94b800a7b58ce35108313a28fef4aa9dcc
urn:ure:t6:occ:function:current-client:005611e0	0x005611e0	simple	FUN_005611e0	22	1	70	79ff32b851b6b557017cdeb601d8f427b49d378d098aaa042879d9dbc88d47aa
urn:ure:t6:occ:function:current-client:0096bd50	0x0096bd50	simple	FUN_0096bd50	22	1	71	447ff4d8d69469a939a1f72b965998ab3d79a985a81d91b9162db74fc2c573d2
urn:ure:t6:occ:function:current-client:0061f940	0x0061f940	simple	FUN_0061f940	22	1	72	f7fde0d133cd3ecfa987a50222979c10c98e59b856dc90c170a8545db8d30d12
urn:ure:t6:occ:function:current-client:00919920	0x00919920	simple	FUN_00919920	22	1	72	6b00a0df65cf44837d191032470a751e8402f18cf32c6c0e636a3458645e959c
urn:ure:t6:occ:function:current-client:00509c90	0x00509c90	simple	FUN_00509c90	22	1	74	a9a6602b0cda9dfa037e6dfa568229615159c8803f97136f6d12ce5e9c4061eb
urn:ure:t6:occ:function:current-client:0041ddc0	0x0041ddc0	simple	FUN_0041ddc0	22	1	75	4a2c9a29c9ecc448eab983662b49de42fdd5c4c5982f6c3138a1b96c721a0d2c
urn:ure:t6:occ:function:current-client:00558440	0x00558440	simple	FUN_00558440	22	1	75	4feff9d331df0516ff16e76a16075cfe8a92b781ee77f5ff5139ffa2f91dd6e0
urn:ure:t6:occ:function:current-client:00620da0	0x00620da0	simple	FUN_00620da0	22	1	75	3be0fca40cd8ad47b72507f1374255906817370aa6e485a2966847bbc0f1ef5a
urn:ure:t6:occ:function:current-client:00514900	0x00514900	simple	FUN_00514900	22	1	76	4a34f0ee7fee24cb84ab40f5c6b1e5940b2785832ed14f02e891fe1a213a4d0a
urn:ure:t6:occ:function:current-client:0066feb0	0x0066feb0	simple	FUN_0066feb0	22	1	76	92dffd8e07e150aa71bfe4f250e1f46b80aca92e75c295d4f9b4ca4da78979e3
urn:ure:t6:occ:function:current-client:0047d250	0x0047d250	simple	FUN_0047d250	22	1	77	75aabfdeea4a4b7c9bffc2c2db8f47f0d4a6a6f07765186552ad90d2a2b7942b
urn:ure:t6:occ:function:current-client:008ff6e0	0x008ff6e0	simple	FUN_008ff6e0	22	1	78	5f5941a798624b63c9effe3475b7b4bb8ce2793518e5058377c9d2ae881d1969
urn:ure:t6:occ:function:current-client:00555ba0	0x00555ba0	simple	FUN_00555ba0	22	1	79	217f54cbc2f674a1b3f6e563ee2a19982cd30f7799d52bbc58f29b3f73eecbe3
urn:ure:t6:occ:function:current-client:0057bb90	0x0057bb90	simple	FUN_0057bb90	22	1	79	1675da8ccc14a08a82bb2103cdf1841b42ec2a3d1bd4656e71fa73fbf0b2cc96
urn:ure:t6:occ:function:current-client:008dd8f0	0x008dd8f0	simple	FUN_008dd8f0	22	1	81	559624fcaa01d356d743fddda2baf70d00fe88f591eb8aaaa896cc89dd37f495
urn:ure:t6:occ:function:current-client:00ac1de0	0x00ac1de0	simple	FUN_00ac1de0	22	1	81	043eb81583e3e608411d54b47d03cfe36189aaf756031c574f12099a672fe376
urn:ure:t6:occ:function:current-client:0048e340	0x0048e340	simple	FUN_0048e340	22	1	82	2797ee4fbdb6e50437e084ac1f93ad09935d8cf0e3f13433a23aea7819f29969
urn:ure:t6:occ:function:current-client:004caae0	0x004caae0	simple	FUN_004caae0	22	1	83	bda84a3501138dd2d2cf6b9beb4cccfee8efd4d5f9a81ced8a6e1f14556356fc
urn:ure:t6:occ:function:current-client:00690950	0x00690950	simple	FUN_00690950	22	1	87	9a8c2b1393b8675510153a487ce2c36c18f3e2393451154fd1d82e7989669928
urn:ure:t6:occ:function:current-client:00ae2d10	0x00ae2d10	simple	FUN_00ae2d10	22	1	87	9dbc595633dd96b6ec37b97d97f472fd3b32bbf22eb1c796f133fbad5c01fe1c
urn:ure:t6:occ:function:current-client:006fb6f0	0x006fb6f0	simple	FUN_006fb6f0	22	1	89	69194604e81e1e5210c3b24206a4eb04fb25b86c1c373b6192d525b4cd9bd1aa
urn:ure:t6:occ:function:current-client:005909b0	0x005909b0	simple	FUN_005909b0	22	1	92	ea758a624a832deb52d9d55bc49ecdd1ba0886fac3059675690f53c5561f7395
urn:ure:t6:occ:function:current-client:004b10d0	0x004b10d0	simple	FUN_004b10d0	22	1	93	b8302ea09c162269d666265e446f628ec26b923871b16877398a8a4d869b027d
urn:ure:t6:occ:function:current-client:008b49f0	0x008b49f0	simple	FUN_008b49f0	22	1	94	9e11355a627469527fc15d1f64522526da84e4b3f5a92105232b70fde0845da8
urn:ure:t6:occ:function:current-client:008b5310	0x008b5310	simple	FUN_008b5310	22	1	94	997404ce424edb67740e9f34e446848b6a33152fb37c7d796047f408619fffba
urn:ure:t6:occ:function:current-client:008b6830	0x008b6830	simple	FUN_008b6830	22	1	94	37bf6b02edc592f0a71cdf351cac97c1657d0ab6e4d50649d088e915cc812618
urn:ure:t6:occ:function:current-client:008b6890	0x008b6890	simple	FUN_008b6890	22	1	94	288ff0ca3e34f03ae06a3164383a0434f414adb7c134b5236c6ea89e3fad4932
urn:ure:t6:occ:function:current-client:008b5d10	0x008b5d10	simple	FUN_008b5d10	22	1	99	7ff8801fd17d9911dbb998c8d4b396f58556aa49c3aeda7806514fe0c707746e
urn:ure:t6:occ:function:current-client:008b5e70	0x008b5e70	simple	FUN_008b5e70	22	1	99	aba53d0859a469e5452257d874c34fa004b625dfb7bb27f42b77e04b49e88699
urn:ure:t6:occ:function:current-client:008b65d0	0x008b65d0	simple	FUN_008b65d0	22	1	99	04f68fb913a85a037275e255e15749b982da8c74f210e4a57b19bea6506b3c79
urn:ure:t6:occ:function:current-client:008b68f0	0x008b68f0	simple	FUN_008b68f0	22	1	99	6a1756fa665ed9b0a3b008cfd929c6535c7cccee6bf1a5ca28678366176b3fe0
urn:ure:t6:occ:function:current-client:008b69d0	0x008b69d0	simple	FUN_008b69d0	22	1	99	fd4f8ada7c6e79517ed6d9925848a6856f6e321c22c829047d61130ed51f277d
urn:ure:t6:occ:function:current-client:008b6a40	0x008b6a40	simple	FUN_008b6a40	22	1	99	36928e76885f3c5cd7fccbe4de59c24e16cfc1d1205d8280eafe3224c97c313b
urn:ure:t6:occ:function:current-client:005a7080	0x005a7080	simple	FUN_005a7080	22	1	100	5412e7c8d2a454db88eb097daffa57c3317b243ecfb54b56179b7f8756a06822
urn:ure:t6:occ:function:current-client:00514010	0x00514010	simple	FUN_00514010	22	1	110	be69289e6b9ff4260fd2ad8406c61ec5db6cc83f40596c15f7d2c1b8395b458c
urn:ure:t6:occ:function:current-client:0085e420	0x0085e420	simple	FUN_0085e420	22	1	140	6416abdfd5c17dca2222b7dbfbccfc059533a10f52e2775acc9e49a9782c9e7d
urn:ure:t6:occ:function:current-client:00a2cca0	0x00a2cca0	simple	FUN_00a2cca0	23	1	39	bc289da9bd2153e3638941dddd8acebf5f5c9cf957c32de987ccd9b540102389
urn:ure:t6:occ:function:current-client:00513c10	0x00513c10	simple	FUN_00513c10	23	1	47	880d2f1fa4dde790d712c3fbba4107d5f54ffb725ad674472e1f5c597a0e81f8
urn:ure:t6:occ:function:current-client:00422da0	0x00422da0	simple	FUN_00422da0	23	1	48	4c7b1344294ff8c4af314e5e37c4799f2eb1087d50e76084071ab753eb5cd3db
urn:ure:t6:occ:function:current-client:00ac9710	0x00ac9710	simple	FUN_00ac9710	23	1	49	ed5fedf82bbe550799389d41505cd6603e8539b2410ca3eab8fdefb917835b0c
urn:ure:t6:occ:function:current-client:007a58b0	0x007a58b0	simple	FUN_007a58b0	23	1	50	fc4a312f9a68191f6dfe0bfcc51fb96868da8f473e3648dbc1a873b2728cd937
urn:ure:t6:occ:function:current-client:009bdf40	0x009bdf40	simple	FUN_009bdf40	23	1	50	b0519e1a867813c6f8d6447c0c3be22b47ccd74190d74ff3ef8b62312f82d959
urn:ure:t6:occ:function:current-client:008ce660	0x008ce660	simple	FUN_008ce660	23	1	51	d1686716acda0b586dd045c9d54806bf5cf027254e953a596fd4603427d1edff
urn:ure:t6:occ:function:current-client:00a90009	0x00a90009	simple	write_char	23	1	51	7dbe0bc3b6b9c352458b42f40261c7dec79c9c1fa98885f446efcc38ed9608f0
urn:ure:t6:occ:function:current-client:0048a7e0	0x0048a7e0	simple	FUN_0048a7e0	23	1	53	6bdda6c6cbf7506059f79729c67b841e7864e161b942fac49c5cc76fc5836c47
urn:ure:t6:occ:function:current-client:007fd190	0x007fd190	simple	FUN_007fd190	23	1	54	0cb5969a41e5c22b0863f35e438b5cedc3f57ce19388512fc3586a85557c14cc
urn:ure:t6:occ:function:current-client:006fae70	0x006fae70	simple	FUN_006fae70	23	1	55	6807cf892b7912be75dffb3132f6288b9d2359c3a2ca11e6df7e47e0cc46e063
urn:ure:t6:occ:function:current-client:00703250	0x00703250	simple	FUN_00703250	23	1	55	ed8bdc2714fdd2e32bdd54499d1d0ba4489d296f651af7cd4e05afd1f04de05c
urn:ure:t6:occ:function:current-client:0073ff90	0x0073ff90	simple	FUN_0073ff90	23	1	55	6077740f339a09fd0c3e9e7483400efbdcb9a42f088da09864df76a6aaabe5bd
urn:ure:t6:occ:function:current-client:00901650	0x00901650	simple	FUN_00901650	23	1	55	39398acd32e71f976ec2303be3ed54ad01ebc5012f3ac38aa0a51dc7e69ffcb4
urn:ure:t6:occ:function:current-client:00984680	0x00984680	simple	FUN_00984680	23	1	55	5e082d7caada3dea5aacdc440b40a9aeff8e0631dc46e325abacc7ee6d0a8f58
urn:ure:t6:occ:function:current-client:009ffb90	0x009ffb90	simple	FUN_009ffb90	23	1	55	26015c017f25ddc3a5570b4a31913631013c10a5c6eee81c77e8f2914ef7d2e7
urn:ure:t6:occ:function:current-client:005c2830	0x005c2830	simple	FUN_005c2830	23	1	56	ce9e5fae63bedfe2f6c8d1d91cfb5e2d927d0bcca5947a886532fc39e99c37bb
urn:ure:t6:occ:function:current-client:005e907f	0x005e907f	simple	FUN_005e907f	23	1	56	08a982f9b4c9997c82225f07a4948ddeb566c12000b59a8142b41246bc39d7ee
urn:ure:t6:occ:function:current-client:004f76e0	0x004f76e0	simple	FUN_004f76e0	23	1	58	b9a267162ff82922a69881b7a4f96a19764dea4edefcf4d8c3a89b7cfd907ed6
urn:ure:t6:occ:function:current-client:00563ec0	0x00563ec0	simple	FUN_00563ec0	23	1	59	c4b49dd1947d810658e91e45b4ef23787600808da55a5d309f524c3dd3c9fe05
urn:ure:t6:occ:function:current-client:0077dbe0	0x0077dbe0	simple	FUN_0077dbe0	23	1	59	78d73433bc72d26b157f664065f868522348e8c9adee48064c589b897cf53748
urn:ure:t6:occ:function:current-client:00a40040	0x00a40040	simple	FUN_00a40040	23	1	59	46909dbf3fddf4ad99f7e92e976fbc17a78d49ca2a3cea5c76e82e494fac10a6
urn:ure:t6:occ:function:current-client:004803e0	0x004803e0	simple	FUN_004803e0	23	1	60	11e9300fb458b755c11d313a034c65c37a04bf0624eeb04449da150ed054ce07
urn:ure:t6:occ:function:current-client:004dbeb0	0x004dbeb0	simple	FUN_004dbeb0	23	1	60	8f6170aa93b84f2056779cc357b7d86243dcc550707d7ab7d6f12ce786222f22
urn:ure:t6:occ:function:current-client:009b5310	0x009b5310	simple	FUN_009b5310	23	1	60	bd5366155a46c311f79118139828fd1eeb390470913b51e913833110786f5a19
urn:ure:t6:occ:function:current-client:00a787fc	0x00a787fc	simple	__unlock_file	23	1	60	937e2d19e6606df9467a19a495eff171b98292477096d1662a9f042bc0b8d009
urn:ure:t6:occ:function:current-client:00a87287	0x00a87287	simple	__startOneArgErrorHandling	23	1	60	b2513933edb91bc447abbe228741e1320c8973839f7ace880c81857005e88eb0
urn:ure:t6:occ:function:current-client:0049df80	0x0049df80	simple	FUN_0049df80	23	1	61	9b4d7de3a489600c4278da0fc37cca87d9e6d49a4ddd474e191a41df4b2669d1
urn:ure:t6:occ:function:current-client:0046bcb0	0x0046bcb0	simple	FUN_0046bcb0	23	1	62	dda8e9a139317fa72a4ea4721d826d59216bd806b0c73a5a3562982ad5702fb7
urn:ure:t6:occ:function:current-client:0068d7a0	0x0068d7a0	simple	FUN_0068d7a0	23	1	62	86116981355bf4f230250c4354e2816f3a26d55a85fe23f28f3b4da172b616a6
urn:ure:t6:occ:function:current-client:006e4ae0	0x006e4ae0	simple	FUN_006e4ae0	23	1	62	cba9f05a874c203191b66f99975fde5dcf0602babe657bf1c6aaa45c79a2806d
urn:ure:t6:occ:function:current-client:00ac84b0	0x00ac84b0	simple	FUN_00ac84b0	23	1	62	04a124ca0e6133f4594e73b1c0f50386e77da796b0b79d59dff41c835afa789f
urn:ure:t6:occ:function:current-client:0059c9f0	0x0059c9f0	simple	FUN_0059c9f0	23	1	63	363705740e0f8897ff27e425e15a655661d2b2df1820f62f060d01c4c0211217
urn:ure:t6:occ:function:current-client:00a037c0	0x00a037c0	simple	FUN_00a037c0	23	1	63	5435a611102e4dc02ff565be525b31e0481d0d9111d23e514ae4561b0f22dd1f
urn:ure:t6:occ:function:current-client:00468d70	0x00468d70	simple	FUN_00468d70	23	1	65	452772a0c86f7beeb340a5285211a415e2b4c3c7f6984662f8632c2275f650bf
urn:ure:t6:occ:function:current-client:0057b520	0x0057b520	simple	FUN_0057b520	23	1	65	4135e6952d5324789db7be155800f391401ad5c27369dd986b0eabb388b3eac8
urn:ure:t6:occ:function:current-client:00af7e90	0x00af7e90	simple	FUN_00af7e90	23	1	65	0c08377275080968179efd55d458c7111ee822b9678af694ed3b537ee669d368
urn:ure:t6:occ:function:current-client:00a03740	0x00a03740	simple	FUN_00a03740	23	1	66	9b0382ebf6c673ebf9a8583a8f92f5dbc60bf333e5dc00ab68c54e110e0f0227
urn:ure:t6:occ:function:current-client:00465560	0x00465560	simple	FUN_00465560	23	1	67	b98fd81aa67b06fd73d5d121905943682f9483e680cfdff0c33bbe22d82238ab
urn:ure:t6:occ:function:current-client:00572f40	0x00572f40	simple	FUN_00572f40	23	1	67	9ab81c3cf426d974056a96a53b45ec66c06281de3f13e67bfb1cc9ac4d09f8bd
urn:ure:t6:occ:function:current-client:0057fda0	0x0057fda0	simple	FUN_0057fda0	23	1	68	cab0b4679b0378fab7af112cbf825982a1b08e56b37712627518231bfccd468f
urn:ure:t6:occ:function:current-client:006a3320	0x006a3320	simple	FUN_006a3320	23	1	68	6e9b5011d0aca1aa8777c8b86479ec0042140112a234198a11cfa8debc0e2575
urn:ure:t6:occ:function:current-client:00b077f0	0x00b077f0	simple	FUN_00b077f0	23	1	69	97963482471d849580a387588bfd2a8b4caa7c70fb71980a132e9f99a49367e8
urn:ure:t6:occ:function:current-client:0044af40	0x0044af40	simple	FUN_0044af40	23	1	70	336c495c22ea84e8624cc687597b773100f1ddbe68202d3b5dea46b1f4d0c279
urn:ure:t6:occ:function:current-client:00871850	0x00871850	simple	FUN_00871850	23	1	70	5e3d27745243cb2381894023bda483f41f686882166baf0ac8507b545951ce56
urn:ure:t6:occ:function:current-client:0090dec0	0x0090dec0	simple	FUN_0090dec0	23	1	70	e93064932266f3aa5d5103b1c1dfe9893c4b67aac5984a294ebc98bb36c26643
urn:ure:t6:occ:function:current-client:009133b0	0x009133b0	simple	FUN_009133b0	23	1	70	2ce8f1b98f4af2d0f750d419964b6cf7181d4ce59ecc7992117451da85a27376
urn:ure:t6:occ:function:current-client:0066ec10	0x0066ec10	simple	FUN_0066ec10	23	1	71	c4254ec11f53223ec669523b95e815f38d81998978491179e91c0df2fd559fd8
urn:ure:t6:occ:function:current-client:005c3380	0x005c3380	simple	FUN_005c3380	23	1	72	4714a6727d59d23f6a834c6e4e310f7f4e018ad27e1b2e18ceffb4ee2071d81b
urn:ure:t6:occ:function:current-client:00968390	0x00968390	simple	FUN_00968390	23	1	73	aa53e2edb050d11b71c22a694537ff3ee4ff59177630cc0d356fed50d7e7de38
urn:ure:t6:occ:function:current-client:00a9135f	0x00a9135f	simple	__getbuf	23	1	73	48df7527ebb79512edd41422e7b66cf999d8bb77daaec31c29be8a056ebe15c4
urn:ure:t6:occ:function:current-client:00425450	0x00425450	simple	FUN_00425450	23	1	83	e05606bdbf763069bacd9370f06f75537d6eb3476d90dbac74a3977d3c283fbf
urn:ure:t6:occ:function:current-client:0046cff0	0x0046cff0	simple	FUN_0046cff0	23	1	83	75a6a2a81793bdf449a8f1691551f9b54d79992be9c6099525aa37c7e9484b63
urn:ure:t6:occ:function:current-client:00482e90	0x00482e90	simple	FUN_00482e90	23	1	83	124a21b5a3cde84633ad92b116d9be7cf81155f30321477f0e6e06220097ede3
urn:ure:t6:occ:function:current-client:004b7680	0x004b7680	simple	FUN_004b7680	23	1	83	5bd334c222b3f1056d3ead27834e7b52d3d7195b3367a1b408f4419bdd125a3b
urn:ure:t6:occ:function:current-client:004b8010	0x004b8010	simple	FUN_004b8010	23	1	83	786ed61ba0f9baa5d02b5b8a51126f56472909e311f863fca41f4a033b3066fc
urn:ure:t6:occ:function:current-client:004e4f90	0x004e4f90	simple	FUN_004e4f90	23	1	83	3c0a92aadcfdb58d1d90bfe6453444ced2c8e74dae7868340bdb776c04f0cf86
urn:ure:t6:occ:function:current-client:004fb190	0x004fb190	simple	FUN_004fb190	23	1	83	addbe15b8d71606e3cbabf45ef967c93d6b3be60a6a5c468033729b5c4ab777b
urn:ure:t6:occ:function:current-client:0051bc30	0x0051bc30	simple	FUN_0051bc30	23	1	83	d056c78facd47c1ab478dd4be1794c4cc6fd89341e75ece96e02bb833354b2c6
urn:ure:t6:occ:function:current-client:00575940	0x00575940	simple	FUN_00575940	23	1	83	a26a379e5accd8fe85439cef37912f513ff8bf0f6c7fb3008c0487b4770db913
urn:ure:t6:occ:function:current-client:005ea2b0	0x005ea2b0	simple	FUN_005ea2b0	23	1	83	10e7a00fe25f76447a40c6a6c8a1e2140c3c8d29207697513bbb3189915f2fbf
urn:ure:t6:occ:function:current-client:00611220	0x00611220	simple	FUN_00611220	23	1	83	9f016f7cbde547e3279aeb750cef0d8d6f1ddf551ac9b2eb43c9c7eff022de02
urn:ure:t6:occ:function:current-client:006121c0	0x006121c0	simple	FUN_006121c0	23	1	83	403e0bfa4ad36ef516388628f4fe6cec03835029ba78984b92214514ffe293e6
urn:ure:t6:occ:function:current-client:00614d50	0x00614d50	simple	FUN_00614d50	23	1	83	92280660eebb313ba74d216d26ccb8e26fc28644648e839ed5ae2f7fee19cc33
urn:ure:t6:occ:function:current-client:00659b20	0x00659b20	simple	FUN_00659b20	23	1	83	abe32b679b3281dde4b4e61562cedf1132c216cbe77cd8f23be686212cfd1c81
urn:ure:t6:occ:function:current-client:00709df0	0x00709df0	simple	FUN_00709df0	23	1	83	96531044887fd60408ae0f9691d89e9929dd571b207f8c2dbbf162007840ed62
urn:ure:t6:occ:function:current-client:009a4790	0x009a4790	simple	FUN_009a4790	23	1	83	a46beb3130f8ca8c77861e0c17a8b73b97c4cf057f798922cd948d53cc1d5e7a
urn:ure:t6:occ:function:current-client:009a4880	0x009a4880	simple	FUN_009a4880	23	1	83	6ee660592a52ecefb1e1d9fbcee201aae75b5cc7cd4917b40be2198106a9cd5b
urn:ure:t6:occ:function:current-client:009a4a60	0x009a4a60	simple	FUN_009a4a60	23	1	83	2345adf22dd3f5091cfcc1692536e911fd7e5c1cea495109549cc16521ee7d49
urn:ure:t6:occ:function:current-client:009a4c40	0x009a4c40	simple	FUN_009a4c40	23	1	83	e8f983623393e2935c0a7e1bccd7836134725287f62cb1969bbfbb4d380ec14d
urn:ure:t6:occ:function:current-client:009a4d30	0x009a4d30	simple	FUN_009a4d30	23	1	83	8dd877680f0a33a16dc57962ff9766d56a7201d06db3d38d74be06cb45c5b247
urn:ure:t6:occ:function:current-client:009a4f10	0x009a4f10	simple	FUN_009a4f10	23	1	83	05479d0aab8e99ff3f7c12905d622a11def8fdf68e1a42679e34c7f2b95b440e
urn:ure:t6:occ:function:current-client:009a5000	0x009a5000	simple	FUN_009a5000	23	1	83	237d5f3696891d0e227aad4c6f7ce3e8cc86c408f3393232b36b194174639c77
urn:ure:t6:occ:function:current-client:009a50f0	0x009a50f0	simple	FUN_009a50f0	23	1	83	664a75908624f67762bc1ad052fd9d4ac7225a51ca8e75bcdb0878a5f0db2cce
urn:ure:t6:occ:function:current-client:009a51e0	0x009a51e0	simple	FUN_009a51e0	23	1	83	ad32426b9c672e085d40fb9d199ff4b9f9fd0e444d48ae35f7abb509201b555f
urn:ure:t6:occ:function:current-client:009a52d0	0x009a52d0	simple	FUN_009a52d0	23	1	83	7872413bc2a47337ba1722348a40f0e6a3341a5b40a726421852fa07c671fd30
urn:ure:t6:occ:function:current-client:009a53c0	0x009a53c0	simple	FUN_009a53c0	23	1	83	b0f9be6de579fa3fdfc0e0e99db7f6b342ba1c855f073ce46cf235d254b8820e
urn:ure:t6:occ:function:current-client:009a54b0	0x009a54b0	simple	FUN_009a54b0	23	1	83	d1378cb52fda271f4c63928ce583789f0763e9fdf9eefc03ed5fd53d88707e79
urn:ure:t6:occ:function:current-client:009a55a0	0x009a55a0	simple	FUN_009a55a0	23	1	83	2271e600c901945eb75abe9b6dc240730370ab0d098d446634f5341e3e7250d1
urn:ure:t6:occ:function:current-client:009a5690	0x009a5690	simple	FUN_009a5690	23	1	83	04d4eae1af6f0a6493905527ef158ca928240812878a22274884f435a4325626
urn:ure:t6:occ:function:current-client:009a5780	0x009a5780	simple	FUN_009a5780	23	1	83	02c0ea7f50f4e71c629b75d71bdfa09e48dcb2ee492df01ecbdc65e89da822b1
urn:ure:t6:occ:function:current-client:009a5870	0x009a5870	simple	FUN_009a5870	23	1	83	289ad404083f16e8b190452c9fbc0d2428bd22bb0507e46aee12197b729a9faa
urn:ure:t6:occ:function:current-client:009a5960	0x009a5960	simple	FUN_009a5960	23	1	83	66fda48f9c70ca4105d2889a335e8ebc7bad5d345502b3081df55491a30a25a2
urn:ure:t6:occ:function:current-client:009a5a50	0x009a5a50	simple	FUN_009a5a50	23	1	83	42bf210ac545b570f070445dc6fe14e1b0817807f6838bb22efb13b6090b21fa
urn:ure:t6:occ:function:current-client:009a5b40	0x009a5b40	simple	FUN_009a5b40	23	1	83	3fba4c9cb45604169e7d0e4cee2af4a872cea46b11f007b876c6b8229f4ad1c7
urn:ure:t6:occ:function:current-client:009a5c30	0x009a5c30	simple	FUN_009a5c30	23	1	83	87b261f44456adfe9178f9e92602199c7064fd194c45fdd39c795ca826a562d1
urn:ure:t6:occ:function:current-client:009a5d20	0x009a5d20	simple	FUN_009a5d20	23	1	83	c373760fa75eb41178cf04c9b89f3dd4a6acd0b045f481cf2cd90f06db969985
urn:ure:t6:occ:function:current-client:009a5e10	0x009a5e10	simple	FUN_009a5e10	23	1	83	64a80b7f6552da2397162698dd3b9d1c34148123c491a31d1461a97e37f2e474
urn:ure:t6:occ:function:current-client:009a5f00	0x009a5f00	simple	FUN_009a5f00	23	1	83	7fe172be11b28957fc9d8efab72a19c12f81a93799ee350f732b16874abd29c2
urn:ure:t6:occ:function:current-client:009a5ff0	0x009a5ff0	simple	FUN_009a5ff0	23	1	83	9660fc16f7e4bc985af93a01fd092320fc50fb320b8093f002d3c0104c3782fb
urn:ure:t6:occ:function:current-client:009a60e0	0x009a60e0	simple	FUN_009a60e0	23	1	83	054980e37936c0997d98a096b5a351be29f639e4a71f8ecf67676fa7072b002e
urn:ure:t6:occ:function:current-client:009a61d0	0x009a61d0	simple	FUN_009a61d0	23	1	83	e7a9b62693d02f516d03a8040526371c798174b83c3889e5d5a4ed9a46d0bad6
urn:ure:t6:occ:function:current-client:009a62c0	0x009a62c0	simple	FUN_009a62c0	23	1	83	08bc0cc6b8cd270f3d48517648361ea93be7512b6ff9b8e93e44c0bcf5b1c705
urn:ure:t6:occ:function:current-client:009a63b0	0x009a63b0	simple	FUN_009a63b0	23	1	83	d946da5ad39e1355ef294f1857f43334a358903bddac69f716a3972befb4df98
urn:ure:t6:occ:function:current-client:009a64a0	0x009a64a0	simple	FUN_009a64a0	23	1	83	ffa284a87d11293eba783911c9faa9f6950f8528c4489af39938940be782be30
urn:ure:t6:occ:function:current-client:009a6590	0x009a6590	simple	FUN_009a6590	23	1	83	8c2a2f3dd0746baafa5f2559587f85a92dd179ed07cff79ff8b9843774097660
urn:ure:t6:occ:function:current-client:009a6680	0x009a6680	simple	FUN_009a6680	23	1	83	c04113b8ae8af4e1e3d37c915bc467dd5ef51614eed07268d394484bc1bd7518
urn:ure:t6:occ:function:current-client:009a6770	0x009a6770	simple	FUN_009a6770	23	1	83	fa5dd2e7b7bcce4583b4f4b8e5ca3cbf1f8f3e8d75b1ba47766e7cbc121aa7b6
urn:ure:t6:occ:function:current-client:009a6860	0x009a6860	simple	FUN_009a6860	23	1	83	0b3929d494ef2c2216d4afdbf0ad43368ee1660c1e3925b4ecb27bb2f4cfdb70
urn:ure:t6:occ:function:current-client:009a6950	0x009a6950	simple	FUN_009a6950	23	1	83	60a4f3f26d9f5402a1ff77bf2ac300cec6c5e8572d795ffd62d252071ca8b28b
urn:ure:t6:occ:function:current-client:009a6a40	0x009a6a40	simple	FUN_009a6a40	23	1	83	2b88d89ab0eb45a2ee77c31f58e7cd3ed3927e8ea8f53d1fdb2292018697dfd1
urn:ure:t6:occ:function:current-client:009a6b30	0x009a6b30	simple	FUN_009a6b30	23	1	83	cd3a44036111dc33ec42c3ef97b8b1354f26956d9ba983883b84d1280c84a012
urn:ure:t6:occ:function:current-client:009a6c20	0x009a6c20	simple	FUN_009a6c20	23	1	83	c45ea0a5f04b6989808e09c765daadb1473d288b0a4d38bd31ee99ea3b041ebc
urn:ure:t6:occ:function:current-client:009a6d10	0x009a6d10	simple	FUN_009a6d10	23	1	83	1e8c2837d530d5f55fc5293ef861f1e7dbc292a66b6075669fa0fcc45bf08d3f
urn:ure:t6:occ:function:current-client:009a6e00	0x009a6e00	simple	FUN_009a6e00	23	1	83	c51e014bc7d58c0032623b457a664488f27b9f5bf4ed7395bb5d3b29329ea813
urn:ure:t6:occ:function:current-client:009a6ef0	0x009a6ef0	simple	FUN_009a6ef0	23	1	83	1f8df17775de7b14fd31f40915da672d18cf921109c29ac0f1cc3b59cdae8512
urn:ure:t6:occ:function:current-client:009a6fe0	0x009a6fe0	simple	FUN_009a6fe0	23	1	83	3d215668376843e7d66c2101947d36fdace381d7f8ce13c09b293c0c7d63a76c
urn:ure:t6:occ:function:current-client:009a70d0	0x009a70d0	simple	FUN_009a70d0	23	1	83	b5c7afa1595759be68090e7d5fe01191c5cb75033af47d10e5e2246af6f425fb
urn:ure:t6:occ:function:current-client:009a71c0	0x009a71c0	simple	FUN_009a71c0	23	1	83	32b006abe7a7c0706bb767d18a5544c9470d0c6e5b42dc9001705f9324496bd2
urn:ure:t6:occ:function:current-client:009a72b0	0x009a72b0	simple	FUN_009a72b0	23	1	83	370c4f8726a93b323297d6014e94cdd0b8f469f56258c2c3d7cf87afb449880f
urn:ure:t6:occ:function:current-client:009a73a0	0x009a73a0	simple	FUN_009a73a0	23	1	83	fce2a9b91d6128807a70a398ed6f6085f6af97a41fadbbc7ec73508afb5f7b4a
urn:ure:t6:occ:function:current-client:009a7490	0x009a7490	simple	FUN_009a7490	23	1	83	c3a2d87f9af1419d4abd0100e67771d9771f0da426781cad3fec7ca0acae4004
urn:ure:t6:occ:function:current-client:009a7580	0x009a7580	simple	FUN_009a7580	23	1	83	56ed68a523093bb40ce33ff34bc8f912bef501724a3befa01203e06f3b7a7ecd
urn:ure:t6:occ:function:current-client:009a7670	0x009a7670	simple	FUN_009a7670	23	1	83	5672e1d26a5affc353d7b699be0f025badb1503879a771ecb6d9bbd30368362c
urn:ure:t6:occ:function:current-client:009a7760	0x009a7760	simple	FUN_009a7760	23	1	83	170ebb95ea89d950b633f62ad53864bc93367e2e577f2f0fa8622e315ba3498d
urn:ure:t6:occ:function:current-client:009a7850	0x009a7850	simple	FUN_009a7850	23	1	83	db45c1ad243ae01041272f034a29a124143a0a14e6a3439f1560eb17c51fb323
urn:ure:t6:occ:function:current-client:009a7940	0x009a7940	simple	FUN_009a7940	23	1	83	16aae048d18ca0a3a6568e2560c60e2b5c4b160a0ac6c7f65d27eccb390aaa10
urn:ure:t6:occ:function:current-client:009a7a30	0x009a7a30	simple	FUN_009a7a30	23	1	83	6cc77cae217ac7bffe1dc9543f0cc357a78102fb7a2c097995c5b052bb2b5123
urn:ure:t6:occ:function:current-client:009a7b20	0x009a7b20	simple	FUN_009a7b20	23	1	83	7a2bfbed9a686b8b562157017ff55b8383c8d55266f42223f12b465a4e586f88
urn:ure:t6:occ:function:current-client:009a7c10	0x009a7c10	simple	FUN_009a7c10	23	1	83	2b0a22655eefdf6052eea4b8bfae16f4d4c3f140cc961812064e6966196aac7c
urn:ure:t6:occ:function:current-client:009a7d00	0x009a7d00	simple	FUN_009a7d00	23	1	83	1e208f32d4de125ed2eda2c46e9cbf5693e700189e9cc798424c42e077641f80
urn:ure:t6:occ:function:current-client:009a7df0	0x009a7df0	simple	FUN_009a7df0	23	1	83	480e72f2ae1fdaa945706a07613c1c8bf6c56db2db052897bcd6660cbbc476b3
urn:ure:t6:occ:function:current-client:009a7ee0	0x009a7ee0	simple	FUN_009a7ee0	23	1	83	3f1c2caa5fbd653c99470dcc01ee1fbd253311a9a99ccbbbdec2b5a3b730a227
urn:ure:t6:occ:function:current-client:009a7fd0	0x009a7fd0	simple	FUN_009a7fd0	23	1	83	e308e2103487170251502f0dc3277b708b3b14916783bbe1fef4d34dcb5b93ca
urn:ure:t6:occ:function:current-client:009a80c0	0x009a80c0	simple	FUN_009a80c0	23	1	83	e68617f6aaa551eeb6ddd2afcbcc32b63b61ec60c82fe8cc44ebd42d1b690ce5
urn:ure:t6:occ:function:current-client:0058ab20	0x0058ab20	simple	FUN_0058ab20	23	1	84	84443101dc9a2e175ea030282ef94be10144cbfeb63b8149d1eb6cc88f7de30c
urn:ure:t6:occ:function:current-client:007b1ce0	0x007b1ce0	simple	FUN_007b1ce0	23	1	87	0f5a1c2ceec63f8162fa314049674aa21d77adea83285fd6ce16066bd7f7cbee
urn:ure:t6:occ:function:current-client:0068b3c0	0x0068b3c0	simple	FUN_0068b3c0	23	1	88	9c0465752d397a58172704c7267ec6ee782cc182f5d13003d2c49199b362925c
urn:ure:t6:occ:function:current-client:007316a0	0x007316a0	simple	FUN_007316a0	23	1	91	fa0f2c8e1ec40341e53f037b7b7dc2be802d470a4c41d3e0524a5d48f00819be
urn:ure:t6:occ:function:current-client:007d5bf0	0x007d5bf0	simple	FUN_007d5bf0	23	1	94	11cd163fcbb7663994d1163b1e9c8ada5a11b453fd295c6cd0daad1304a9faa6
urn:ure:t6:occ:function:current-client:00ae3830	0x00ae3830	simple	FUN_00ae3830	23	1	94	4dc02746df14db50f241a59dba7fcd1d833ccbadd88f654d13dc31c5ac00b4f1
urn:ure:t6:occ:function:current-client:008b8070	0x008b8070	simple	FUN_008b8070	23	1	96	12aee345c0423a0d9f3295e01fc566a9dfcfbcc07b6fbe0e15d966a51c2adcfa
urn:ure:t6:occ:function:current-client:008b4460	0x008b4460	simple	FUN_008b4460	23	1	98	55419080b11861a95dd4f656bcf250aeb7daeefd49ee7078789745553824e837
urn:ure:t6:occ:function:current-client:008b44d0	0x008b44d0	simple	FUN_008b44d0	23	1	98	79a7411e523e15c54cf8f9681e7f9518dcf9f83fff7e215ade6558f81c02c48d
urn:ure:t6:occ:function:current-client:008b5b50	0x008b5b50	simple	FUN_008b5b50	23	1	102	a775b4af5451faab954e89599aa7c492b83be066fe82c87d1da95c2a1068113d
urn:ure:t6:occ:function:current-client:008b6640	0x008b6640	simple	FUN_008b6640	23	1	102	8490e86d8cdeaec50e321035a0cd61a88df2499000eb876b9f8845edbc377e21
urn:ure:t6:occ:function:current-client:008b6960	0x008b6960	simple	FUN_008b6960	23	1	102	6e5ee3e019b23760d3b693b1cee6148564f06391c57c3794895640f929f9b8ab
urn:ure:t6:occ:function:current-client:00751bb0	0x00751bb0	simple	FUN_00751bb0	23	1	107	0dfda5c1f751f7f49087ca0e53a355292a93aa08164cc366afa7102003894243
urn:ure:t6:occ:function:current-client:0064c4b0	0x0064c4b0	simple	FUN_0064c4b0	23	1	113	1c464afd67e671d9448e58220a64219216f4337eff39d365cfa83cdaf7d9a3ab
urn:ure:t6:occ:function:current-client:00a276e0	0x00a276e0	simple	FUN_00a276e0	24	1	47	a2b19f55ebfaaa788d4af8d95c7b343645f3d9410e8a6ec75d405c1039282adc
urn:ure:t6:occ:function:current-client:0057bac0	0x0057bac0	simple	FUN_0057bac0	24	1	50	f7805af3ce70b91c5ca3ebec246301ba13d86ddd4691b6b57ca4b7a27cb1f5d9
urn:ure:t6:occ:function:current-client:00a2d8b0	0x00a2d8b0	simple	FUN_00a2d8b0	24	1	50	14d76b3463b0fb6c6a16c20c8889fa00da1c9acd2180b43cbcf53ec24704673a
urn:ure:t6:occ:function:current-client:00a2f800	0x00a2f800	simple	FUN_00a2f800	24	1	50	5876f20ab345eefaf3de88a0efb180effb0de5c2fcad2c69d21613d6f3dba966
urn:ure:t6:occ:function:current-client:005cd370	0x005cd370	simple	FUN_005cd370	24	1	51	5f00103ced6342ad657dcb0104b7a72acc9464ca3e3d3a59c719c6e322611c4c
urn:ure:t6:occ:function:current-client:00a4f550	0x00a4f550	simple	FUN_00a4f550	24	1	51	f94d8e816944dee7ca3dd4c151562d76871bee06fa3f08559f50a9362b8a6a83
urn:ure:t6:occ:function:current-client:00a2e5e0	0x00a2e5e0	simple	FUN_00a2e5e0	24	1	52	7f10345a493de929124bca540fae16aa487237dc1c848e819e0037c25b8550e1
urn:ure:t6:occ:function:current-client:00ad66a0	0x00ad66a0	simple	FUN_00ad66a0	24	1	54	1cc0cd9f51f1e5df5ebd06e30aa3ddb971c60b133eaa71b907654e8b1590e225
urn:ure:t6:occ:function:current-client:00b0b9e0	0x00b0b9e0	simple	FUN_00b0b9e0	24	1	54	ba4657a3d1701a3328dbe67aeee3dfa0df55f65311c1528a85d075904c2c62d9
urn:ure:t6:occ:function:current-client:004fc260	0x004fc260	simple	FUN_004fc260	24	1	55	869e66c2b03cfd73b3d54553539dba6d5c6d4f124cbd87ecd1c9507f4bfe6c44
urn:ure:t6:occ:function:current-client:005224f0	0x005224f0	simple	FUN_005224f0	24	1	56	0a5c6ad95755e61887f43d6bcba80e5a8c1937f4ee54bb6556e42be992bdd8b2
urn:ure:t6:occ:function:current-client:006ca420	0x006ca420	simple	FUN_006ca420	24	1	57	ca3814bce1c4d7c1e7779fa59d0f4c6b91c334efaff17bf6eb8efcc2eed938c0
urn:ure:t6:occ:function:current-client:006e1720	0x006e1720	simple	FUN_006e1720	24	1	57	3c3d866d6f86ff1bba2e4138c541f4cf21d5df2350095e11b7ef07b04161e87c
urn:ure:t6:occ:function:current-client:009ffda0	0x009ffda0	simple	FUN_009ffda0	24	1	58	2fbf5a9d4c0ec22e75231276c86e55283ccba7ce56b2783f2df4a9e6eaa3a0eb
urn:ure:t6:occ:function:current-client:00a7dbc0	0x00a7dbc0	simple	_clock	24	1	58	634d30da6c470b9df647e41171e9bf0603fda65ffafa35a4fed9cd666ec79aeb
urn:ure:t6:occ:function:current-client:006984a0	0x006984a0	simple	FUN_006984a0	24	1	60	af88e5d96684c0d9ec97875eb465f2c5865ab175cfb01b82370ea1b5624003c8
urn:ure:t6:occ:function:current-client:00738b40	0x00738b40	simple	FUN_00738b40	24	1	60	c1e7fe899de711ff06027ca858ff459d74d25d5c6543e162bfa11178090b8dbd
urn:ure:t6:occ:function:current-client:006742f0	0x006742f0	simple	FUN_006742f0	24	1	61	d528bc27238d299dd8910d737628afdc953af280257e52ff5e6bc43705ec45fa
urn:ure:t6:occ:function:current-client:00b0a4b0	0x00b0a4b0	simple	FUN_00b0a4b0	24	1	61	8cc2d1dc7f86161fdd38aa5cae4854d27bd2620131bc067825f35b36104abda4
urn:ure:t6:occ:function:current-client:004a6d10	0x004a6d10	simple	FUN_004a6d10	24	1	62	575d9eddaf13d79ef932018d91c78129e3209c15b6376b48a8cb9ae0bfe44b28
urn:ure:t6:occ:function:current-client:00877340	0x00877340	simple	FUN_00877340	24	1	62	e74c2554867aa86c9d61ffc1636b354cda2a8c791fb5ad5d771a2900d739d412
urn:ure:t6:occ:function:current-client:0088b010	0x0088b010	simple	FUN_0088b010	24	1	62	07619d6b2008ff15dd7decb10da0bc263553e0131a26514bd038cb6de2815fcd
urn:ure:t6:occ:function:current-client:00b01300	0x00b01300	simple	FUN_00b01300	24	1	62	3b612c71e6013ad322578c2180eab3d7f1d7a7a665e7deeeaf689528a4097a8c
urn:ure:t6:occ:function:current-client:00a46b10	0x00a46b10	simple	FUN_00a46b10	24	1	63	69d1fbb65c4ffbefd7a0593133a9e26328306be7f695c2a55650136dce4913c0
urn:ure:t6:occ:function:current-client:00ae5a90	0x00ae5a90	simple	FUN_00ae5a90	24	1	63	97fe660f5c2b3384d6f0c3d62a280575d3b1b793d73766b15ef71663c4153f13
urn:ure:t6:occ:function:current-client:005c2be0	0x005c2be0	simple	FUN_005c2be0	24	1	64	dcc972555db14ece74f02b002b47ec91593493f2d7067861522e24980592cff8
urn:ure:t6:occ:function:current-client:005a70f0	0x005a70f0	simple	FUN_005a70f0	24	1	66	382bfc593c1a52df68652119829d5e42eb3777e75dacd95d49bce3b7159abc18
urn:ure:t6:occ:function:current-client:00af33d0	0x00af33d0	simple	FUN_00af33d0	24	1	67	6294f59161aba0231b8f251bcd6acc86fefdf2e23dc5a8485ac55a7acd9e8156
urn:ure:t6:occ:function:current-client:004152c0	0x004152c0	simple	FUN_004152c0	24	1	68	7ef8d19f35302350a0f24bfd500dbfbcfaac6446bcee9017e14e70ceca4b0f05
urn:ure:t6:occ:function:current-client:00415d40	0x00415d40	simple	FUN_00415d40	24	1	68	0048856c6457611c1a94dd65d111b4e1cd810e9477cfdfcceb45d37e2b09c624
urn:ure:t6:occ:function:current-client:004ce280	0x004ce280	simple	FUN_004ce280	24	1	68	0563f1d6a4028647961c331a3485a2fecd417ce607ba32f26ea586c98ec68238
urn:ure:t6:occ:function:current-client:004dec20	0x004dec20	simple	FUN_004dec20	24	1	68	1415428c08efe3b148f5ac5b29d42bc593cb087a4bde9c2e917ee7a4f6405457
urn:ure:t6:occ:function:current-client:004e34d0	0x004e34d0	simple	FUN_004e34d0	24	1	68	7f905a9b813b40effb48efb1a1832e0e45e4ca2afa5efcb30609860b6e012e12
urn:ure:t6:occ:function:current-client:004e35e0	0x004e35e0	simple	FUN_004e35e0	24	1	68	4b27dcfc3f694f301b8078cc24c626231451c069b9a9468c47484797367eae7d
urn:ure:t6:occ:function:current-client:005c52a0	0x005c52a0	simple	FUN_005c52a0	24	1	68	7e388aacb720c1f11d6f1f2fe3bc5ce8b22a0e019df9aaf3a829f2b1a5ca66c5
urn:ure:t6:occ:function:current-client:006b2150	0x006b2150	simple	FUN_006b2150	24	1	68	d602f2f2691cf645ebff07800e03f3289758f8b4bf333c40d23d5594a4c9a5a2
urn:ure:t6:occ:function:current-client:006d6d50	0x006d6d50	simple	FUN_006d6d50	24	1	69	5a1294fec6b6c8d798a830c50a1f314714d0e2cb08ffceb1465c2dbeb0a5fee9
urn:ure:t6:occ:function:current-client:00931ff0	0x00931ff0	simple	FUN_00931ff0	24	1	69	a04841f23b64038e5860d1535661b3755e992bf1192d7e3b376bdc2687f146af
urn:ure:t6:occ:function:current-client:00abddd0	0x00abddd0	simple	FUN_00abddd0	24	1	70	eefc3c1ec9c76c44299443f4bb35c20495046227af42b53dd7b96a829e5392bf
urn:ure:t6:occ:function:current-client:005ea310	0x005ea310	simple	FUN_005ea310	24	1	71	019fab89ceac4d32edee6eeb986014f5a6e14bee199f52bf33dbc601cd97d994
urn:ure:t6:occ:function:current-client:008eb570	0x008eb570	simple	FUN_008eb570	24	1	71	99a0be4e4ef3e9326951d53a7da52a7502c5e04761974a9a0bc09a5681afdaaa
urn:ure:t6:occ:function:current-client:00af9d80	0x00af9d80	simple	FUN_00af9d80	24	1	71	a08ef08d74d3bdfd6cfdafe994b73bb8d8287972b39a76e02f36dbdde16ba513
urn:ure:t6:occ:function:current-client:006ed960	0x006ed960	simple	FUN_006ed960	24	1	74	6ccfa9ad748ffb958b1aa993585c9be7277a30477163ee3271b06290ee4ac90e
urn:ure:t6:occ:function:current-client:0073f9b0	0x0073f9b0	simple	FUN_0073f9b0	24	1	74	07e9941ac6295ca37e4cdc7d5c7fce9597adfcade24abd9b7566a6ad45d1fc8b
urn:ure:t6:occ:function:current-client:00561f40	0x00561f40	simple	FUN_00561f40	24	1	79	ffd0b5f0ed608b1cacb2b1b901baa71bc68039732a9795e3b689caf3cce952f3
urn:ure:t6:occ:function:current-client:00a6cc20	0x00a6cc20	simple	FUN_00a6cc20	24	1	79	521a27c8e8169cb592054e284f5de7e5335f8451706b349109be0a83d72d8d3b
urn:ure:t6:occ:function:current-client:00742bd0	0x00742bd0	simple	FUN_00742bd0	24	1	80	53522406a7ade777a148cf973f2cbbeef27b4c5d0652e16a1aef9988c187f846
urn:ure:t6:occ:function:current-client:009ceaa0	0x009ceaa0	simple	FUN_009ceaa0	24	1	81	cce636ea8bae568a5253ef88186312df3b73059ba94d41171af350b4fc836ab9
urn:ure:t6:occ:function:current-client:004a5280	0x004a5280	simple	FUN_004a5280	24	1	88	ebd77a70f0b1a5fabcff2f75e12b6ebb20283bf61fc7f7cfd0b5b1c1e6b3cb76
urn:ure:t6:occ:function:current-client:0096b980	0x0096b980	simple	FUN_0096b980	24	1	90	f2ea6f63b91501a9d93f55796d272937336c3a61d573076332ef74625173b652
urn:ure:t6:occ:function:current-client:0065b3d0	0x0065b3d0	simple	FUN_0065b3d0	24	1	91	b2190ea8c062cfad5fa10a95d4a1b886f746a1a16c1392d274ce4ec26284b566
urn:ure:t6:occ:function:current-client:00897f70	0x00897f70	simple	FUN_00897f70	24	1	92	b9150da1c98c54a044f959047788c1d659686114dbcbc8031a8dd497eebb0d21
urn:ure:t6:occ:function:current-client:008b3c30	0x008b3c30	simple	FUN_008b3c30	24	1	98	f0714d47f302663adba763c816a0c220ba4ccfc3428b3ab71db6a12227ad2b57
urn:ure:t6:occ:function:current-client:008b8d40	0x008b8d40	simple	FUN_008b8d40	24	1	98	fb72ff4b77c29368d19d7068792f2fc5250372f849d754c3c5210df0e4d0b000
urn:ure:t6:occ:function:current-client:008b8e20	0x008b8e20	simple	FUN_008b8e20	24	1	98	7d729d5e0f9a112dd65f31b0373d7b69a8f14fb95951a4270635724391c2c6ec
urn:ure:t6:occ:function:current-client:008b8e90	0x008b8e90	simple	FUN_008b8e90	24	1	98	ea606b0b3d3a648edb17fdbb3642639cfdae6bd3e8ca2d7c635c555eac392d5e
urn:ure:t6:occ:function:current-client:006b67b0	0x006b67b0	simple	FUN_006b67b0	24	1	100	4234b3dab876b9e34cc4783de85825dbfa97c75cf93a52314954585575616418
urn:ure:t6:occ:function:current-client:008b3890	0x008b3890	simple	FUN_008b3890	24	1	101	5ca3532a230a4833882de7178ca57347de6a17d3fb086b148f9eded07525711b
urn:ure:t6:occ:function:current-client:008b3a00	0x008b3a00	simple	FUN_008b3a00	24	1	101	4c2fb4de45e670efc81d908c9df24aa65412947c2a8ec4f480f5864973b26381
urn:ure:t6:occ:function:current-client:008b4630	0x008b4630	simple	FUN_008b4630	24	1	101	82c2222a1ffa10c92c1d8e84ea71fa75a7caed7e1fb7a2f403400e995b7e2d6c
urn:ure:t6:occ:function:current-client:008b46a0	0x008b46a0	simple	FUN_008b46a0	24	1	101	0db3b527d983b2cd508d4d75beb57c02e51d3ec360e937590e55e108e016f21d
urn:ure:t6:occ:function:current-client:008b4a50	0x008b4a50	simple	FUN_008b4a50	24	1	101	dd3ce6e394b8a22f5fd6f9f05db60b0c09579d3ef1ca3c0128b9712838d24d35
urn:ure:t6:occ:function:current-client:008b8db0	0x008b8db0	simple	FUN_008b8db0	24	1	101	6ffba2e839e46cea3c6e7707b9753e8b063df8bf3fddc78947d5709ffda8eafe
urn:ure:t6:occ:function:current-client:00a62b20	0x00a62b20	simple	FUN_00a62b20	24	1	101	b7c07a1109bd4316c285e6eb570ec6b886ebf5a22177c907326fe5cf007ef047
urn:ure:t6:occ:function:current-client:008b7c60	0x008b7c60	simple	FUN_008b7c60	24	1	105	ba77357caff5633a1560df6fdb233d3010851b7547669fba68c1a3ae8db32ffd
urn:ure:t6:occ:function:current-client:008b7cd0	0x008b7cd0	simple	FUN_008b7cd0	24	1	105	c1142e82c8e5216991ae3190fd18bb15bd4301e8c81761f43e58a71e9a324c1a
urn:ure:t6:occ:function:current-client:007e6000	0x007e6000	simple	FUN_007e6000	24	1	106	f2b3b5b909ef84e035c5144c8ce28138a5cea90a35fb73811bed0cf290b43271
urn:ure:t6:occ:function:current-client:008b66b0	0x008b66b0	simple	FUN_008b66b0	24	1	109	2f30af153a6da78f9f68ff32d0ea77961f0a443ae7da5c6284bbfeb69457a471
urn:ure:t6:occ:function:current-client:005e36c0	0x005e36c0	simple	FUN_005e36c0	24	1	116	5d0354a540502aac7348616904e1522d3d41af29103058c3a12b57c4ac49e5ca
urn:ure:t6:occ:function:current-client:008de640	0x008de640	simple	FUN_008de640	25	1	50	31ac106a017e3c316477addb0433039e406abdb3910563ec85b5297e7d0a67b4
urn:ure:t6:occ:function:current-client:00813c90	0x00813c90	simple	FUN_00813c90	25	1	51	a1f72a31d2ee7fe695dca70ac894634c9b0459f2c0ae0d320a4baa9fcbc75baf
urn:ure:t6:occ:function:current-client:00a540e0	0x00a540e0	simple	FUN_00a540e0	25	1	51	0b2721ba84111a2bf9444c1314e446fe30a8aaae407ad64c36c84828a0c6c1be
urn:ure:t6:occ:function:current-client:00b0a910	0x00b0a910	simple	FUN_00b0a910	25	1	53	a051e89030eee0ea03c9b5dfd45e5f97be25039b18eee58e4665e04c6e177afa
urn:ure:t6:occ:function:current-client:00b0a950	0x00b0a950	simple	FUN_00b0a950	25	1	53	dc087a29cbc4a9f92c542172058508c0f7303138b221bbaeec69b5aad4966a6e
urn:ure:t6:occ:function:current-client:00959fa0	0x00959fa0	simple	FUN_00959fa0	25	1	56	b6f935edd0f35883ac66a93f283d7483b8b000c34cf4fd5e4c45a9410095e6a2
urn:ure:t6:occ:function:current-client:00a4cc90	0x00a4cc90	simple	FUN_00a4cc90	25	1	56	5426380fbf09c28a9f812793faa307752ca4f59558e5254ecada8f227a2e5d29
urn:ure:t6:occ:function:current-client:00a60e30	0x00a60e30	simple	FUN_00a60e30	25	1	56	7ec9dc6c4f61dd68f4407f9b9f9b3ccc0680940f7c0f07fcb8fa4cd39502524e
urn:ure:t6:occ:function:current-client:0055c5f0	0x0055c5f0	simple	FUN_0055c5f0	25	1	59	671a1fbbb6822c39ef4f183a7dc5e1965613aeb857924ab8e73f9cddb6e9294b
urn:ure:t6:occ:function:current-client:00578060	0x00578060	simple	FUN_00578060	25	1	60	ae378476da42dc3aa5c5a52633a8be8acaf84cc21fe3f067fb13d497d6b5dea9
urn:ure:t6:occ:function:current-client:00712b80	0x00712b80	simple	FUN_00712b80	25	1	60	e2a36bb771f81297312e23e3f1690871411813777a038abba213dd8b353bc91a
urn:ure:t6:occ:function:current-client:00955250	0x00955250	simple	FUN_00955250	25	1	60	8d7e97929a28d31523dc039cc8c265f098bf2eba5e562b1b4b34b24c86bfea19
urn:ure:t6:occ:function:current-client:0053a0f0	0x0053a0f0	simple	FUN_0053a0f0	25	1	61	3f1eee7d9d5317ab3a8cff40486b88adeb96d9ab30c62dbba409e2a70d1751e1
urn:ure:t6:occ:function:current-client:00a4e0e0	0x00a4e0e0	simple	FUN_00a4e0e0	25	1	61	33d8df403149e29911dfce0ba7b59261e5e3e6ead8ea52179d77b9a7c548fc37
urn:ure:t6:occ:function:current-client:00629320	0x00629320	simple	FUN_00629320	25	1	62	839a98dfa68775a62ec37bc8ed243a04316123a6dd396fdcec4a98be07a9e477
urn:ure:t6:occ:function:current-client:0095d2d0	0x0095d2d0	simple	FUN_0095d2d0	25	1	63	b5c04dbe8c9dad5c3d4d8e0c4807f9017246851faaa6412a12b45b7e29a55972
urn:ure:t6:occ:function:current-client:0044dfc0	0x0044dfc0	simple	FUN_0044dfc0	25	1	65	13776a332efc10253ea0d57013655d0ee86f8bc80a9430f4e54bc3d95ab1ff9d
urn:ure:t6:occ:function:current-client:00457d60	0x00457d60	simple	FUN_00457d60	25	1	65	cb355d0e85cdb234562d84062dbcf4a34543db68facc3a8451707021d5d47909
urn:ure:t6:occ:function:current-client:006cc6b0	0x006cc6b0	simple	FUN_006cc6b0	25	1	65	520f3cbfbacc2e15c443eba9e8ac656fa9247cb758ff8a5a607d238953298a8c
urn:ure:t6:occ:function:current-client:007130b0	0x007130b0	simple	FUN_007130b0	25	1	65	3d9ff78078d5f277939f0c962dfe004cf001b0aa99088d9b38b588a9dc7bea45
urn:ure:t6:occ:function:current-client:00a63480	0x00a63480	simple	FUN_00a63480	25	1	65	86749f01bc65d7c924092345e86bc2c20ff94e401e90b007be67b61c6d3f7450
urn:ure:t6:occ:function:current-client:00a78789	0x00a78789	simple	__lock_file	25	1	65	c0ee81fd384e54196aed5b8b60634ef1cf2ceb3c535c6940db2d91e9c43342e8
urn:ure:t6:occ:function:current-client:00a0e3f0	0x00a0e3f0	simple	FUN_00a0e3f0	25	1	66	7cd3410541baf1ff5f0da7636082068edb4318ab18d25ed5c6a23ae565156b5f
urn:ure:t6:occ:function:current-client:00b1b970	0x00b1b970	simple	FUN_00b1b970	25	1	68	8e0f9880bf9851edb0fda8793a2168ef6e906d6728bcc3c89bdcd1f89a0f0e30
urn:ure:t6:occ:function:current-client:00b28950	0x00b28950	simple	FUN_00b28950	25	1	68	ff5955914d2ce835f170d80cb639768c78f51d27b7831602f9ea8e30000b500e
urn:ure:t6:occ:function:current-client:004f7e70	0x004f7e70	simple	FUN_004f7e70	25	1	69	ade9c54e52be709d10dba05175f051ebcb5ffaea4ceb20174d95b4aa3b089b78
urn:ure:t6:occ:function:current-client:00636940	0x00636940	simple	FUN_00636940	25	1	69	4eee2113eb2b9479fa3fc86212d66b5c9e79484b5c5dcc52250c365759b99ee4
urn:ure:t6:occ:function:current-client:009cdef0	0x009cdef0	simple	FUN_009cdef0	25	1	70	d97737d1942fa1ceb269813e16fc7e5a80773681904c88054b91e551c2b04505
urn:ure:t6:occ:function:current-client:0040afe0	0x0040afe0	simple	FUN_0040afe0	25	1	71	2a1eeabf896d247681f87c5518aa7ae3ea3a9077f2ee436f8ed02c5d27581b65
urn:ure:t6:occ:function:current-client:006a3f70	0x006a3f70	simple	FUN_006a3f70	25	1	71	94be579ca569aee70c8c2193a752ad39c021e231096e8fbda073a38226310425
urn:ure:t6:occ:function:current-client:00566b20	0x00566b20	simple	FUN_00566b20	25	1	72	03999f37b0010a452902b0da99dc3bc8ba33ba987ac3cc867a8d83fbb6bad7d5
urn:ure:t6:occ:function:current-client:00474590	0x00474590	simple	FUN_00474590	25	1	73	7c733954caa5c6fe940534346fd114c9675fad83cf6901750c44de6522a67c4b
urn:ure:t6:occ:function:current-client:005d3aa0	0x005d3aa0	simple	FUN_005d3aa0	25	1	74	007da9af1e2e65e30392847ca1a7a10aeb2e52d9aaea4c54dc2b97e56c387b73
urn:ure:t6:occ:function:current-client:00654e90	0x00654e90	simple	FUN_00654e90	25	1	74	f45d9d09dc3355800da2000e13bf913f69b953a7e7ba7e83cdc69ddacbfb20b7
urn:ure:t6:occ:function:current-client:006a18d0	0x006a18d0	simple	FUN_006a18d0	25	1	75	4c3543a12435ba7fb9b57a49a1fb15093c977ca32cad3469ca9784be5ea4d346
urn:ure:t6:occ:function:current-client:0061d7b0	0x0061d7b0	simple	FUN_0061d7b0	25	1	76	db701bffef00fab37f40b50ee043abb014748b9d5f91955712e0e3503a7409df
urn:ure:t6:occ:function:current-client:00a6cc70	0x00a6cc70	simple	FUN_00a6cc70	25	1	76	194515413e48600fe75e9ad618ddb43e2fe0269e87501d0b848283067fa20c4c
urn:ure:t6:occ:function:current-client:0096bee0	0x0096bee0	simple	FUN_0096bee0	25	1	77	aeeba97b58349698dc8e562ed7be94fd6f18d732e96b2b0da2df67fc904e0d14
urn:ure:t6:occ:function:current-client:00436540	0x00436540	simple	FUN_00436540	25	1	78	63b35ab2d18e6de680a879623af779b67a062ab031e27c36ca663d48d7e65754
urn:ure:t6:occ:function:current-client:0053d1c0	0x0053d1c0	simple	FUN_0053d1c0	25	1	79	e2e199f13b57c3176f799ceac8c42e4eab8f5e1da7957940c03d512b6eec5f71
urn:ure:t6:occ:function:current-client:00ac0f30	0x00ac0f30	simple	FUN_00ac0f30	25	1	80	a65b707685513e8bfa751d5bd16e02a9d29356dfa3ed114420792973a2131018
urn:ure:t6:occ:function:current-client:0061ad00	0x0061ad00	simple	FUN_0061ad00	25	1	81	e3ea9bf8c16e38f6e36cf948b9cc64ba5cc3de28b48c3569708ffbd22380d664
urn:ure:t6:occ:function:current-client:006787b0	0x006787b0	simple	FUN_006787b0	25	1	82	c357b89ec9761ddc1aee5ecdb9fce51320b352e6ef5e6b759aa4ea17544f8314
urn:ure:t6:occ:function:current-client:00575f30	0x00575f30	simple	FUN_00575f30	25	1	83	8190ef0a00503118668f36fc3822cdc2530cef905cf9cc65a94f5c5293cab102
urn:ure:t6:occ:function:current-client:005bee50	0x005bee50	simple	FUN_005bee50	25	1	86	617053ef9a4caf4151fbf6a4e2d75e17a57f91e3795fe803b6046ccf78246703
urn:ure:t6:occ:function:current-client:00711fa0	0x00711fa0	simple	FUN_00711fa0	25	1	88	ff97e7ed1e6f443a5625abb9a4f424fd268f3d467761eb354e8427112fa80f76
urn:ure:t6:occ:function:current-client:006cf330	0x006cf330	simple	FUN_006cf330	25	1	89	a9cbd04b7db2eb89e00d9c1cc8ec9ec8bf2aba298b0885579776daabe2dc8c6a
urn:ure:t6:occ:function:current-client:00554b60	0x00554b60	simple	FUN_00554b60	25	1	91	e4edc965d7d569d59bd0a28b2e5fe62231cca4f5cfb99f81368bc20960f0de58
urn:ure:t6:occ:function:current-client:0060ee00	0x0060ee00	simple	FUN_0060ee00	25	1	95	c79c9539beba91f17222f2c5020e54c20600d7049ba0c26452be60926886e46a
urn:ure:t6:occ:function:current-client:004c4940	0x004c4940	simple	FUN_004c4940	25	1	97	6df95582a6243ad7ee977795c07846065c7d47f9dd2f03baf95cc0f2074d2cef
urn:ure:t6:occ:function:current-client:00406960	0x00406960	simple	FUN_00406960	25	1	100	304ceaa8804e65384ab33a0d52328f7e8c849c422245ebd4a5cd68d4234ee5e3
urn:ure:t6:occ:function:current-client:00688b30	0x00688b30	simple	FUN_00688b30	25	1	102	f65dc4e69dace92fd17ce18bb262dc640fc2ca88db4429da02b4fca0c13e9a43
urn:ure:t6:occ:function:current-client:008b41c0	0x008b41c0	simple	FUN_008b41c0	25	1	106	d763bd2b4ea3bb74e66a005b71cb7189b2f5295d748943bd83f3edb0a1bb7afd
urn:ure:t6:occ:function:current-client:008b6d20	0x008b6d20	simple	FUN_008b6d20	25	1	111	48543e71aad4dab9c2083f607e3e3aff0400c20c8a9b3eaa28b99d52d2d91099
urn:ure:t6:occ:function:current-client:0085fca0	0x0085fca0	simple	FUN_0085fca0	25	1	115	7a40eaeca8e3098ae6bd3c6dfd254acda0d119caa223334f27943aab7245ea3b
urn:ure:t6:occ:function:current-client:007435d0	0x007435d0	simple	FUN_007435d0	25	1	117	66d0c13ba2c1226677075a9ccdb9dbe4e49f59f94ab06876f85d9a247e6dfbe8
urn:ure:t6:occ:function:current-client:00ae08b0	0x00ae08b0	simple	FUN_00ae08b0	26	1	54	5ba424f15f582932c34c680f6263893be36dfa7589b2e87d63b1fdbb644a291b
urn:ure:t6:occ:function:current-client:00ae1620	0x00ae1620	simple	FUN_00ae1620	26	1	55	f049b5670a6e9873feb54f72111bedee128f4419da3ac033ed644c466ed24220
urn:ure:t6:occ:function:current-client:0051e480	0x0051e480	simple	FUN_0051e480	26	1	57	8f9103da7a243952bb2fac947d64df5146633d8348f4af7c6b9d84941d762cd8
urn:ure:t6:occ:function:current-client:00a55b00	0x00a55b00	simple	FUN_00a55b00	26	1	57	374d9ff543820fc294123ff73907154458739f43560926592a1870decfdc713b
urn:ure:t6:occ:function:current-client:005ccca0	0x005ccca0	simple	FUN_005ccca0	26	1	58	9e0ca56384df7ea21ee2689838b5b3728f5aaf022f9c7dbd85715ab8b6d5eec8
urn:ure:t6:occ:function:current-client:005104b0	0x005104b0	simple	FUN_005104b0	26	1	59	6d42037ec493893bcbe941375d5d67f4b817178adceedb779d65454d0918d4c5
urn:ure:t6:occ:function:current-client:00ad6660	0x00ad6660	simple	FUN_00ad6660	26	1	59	137d684fd93db45012df5291d7471508c2fd2f3f6f0895799f98bd125daa8827
urn:ure:t6:occ:function:current-client:005cb3d0	0x005cb3d0	simple	FUN_005cb3d0	26	1	61	5fffba20dcf59afaaac1d44eb71c40a76ddee7d11a451a048302a60e110290ed
urn:ure:t6:occ:function:current-client:005c2c30	0x005c2c30	simple	FUN_005c2c30	26	1	63	9be6b65281e132d7de6ba643183c52ae920d75a6b831cab7d65f44d1da075abd
urn:ure:t6:occ:function:current-client:00ac3170	0x00ac3170	simple	FUN_00ac3170	26	1	63	73eb34c0fbbda4ffa04aa587e1b824e845796ac5b563c5dd8481ddf5a3482740
urn:ure:t6:occ:function:current-client:00510e00	0x00510e00	simple	FUN_00510e00	26	1	65	2bde30937b5efa23bfb612f055b17fc1c82fa98b17a15e2e7383cfcf8b9f54f1
urn:ure:t6:occ:function:current-client:00a994bf	0x00a994bf	simple	__putwch_nolock	26	1	66	79da55b936af8a56a80a454724ffd460fa65026663149ba84c32ce93cc851862
urn:ure:t6:occ:function:current-client:004431a0	0x004431a0	simple	FUN_004431a0	26	1	67	d7c9ebfd2c2bed319f72681c8edea306f87c2f6320958cd98311b35794fb52a8
urn:ure:t6:occ:function:current-client:005031e0	0x005031e0	simple	FUN_005031e0	26	1	67	7fdf4a7b02826592d675344d7d8e07ba1a04af24b5a6d8a38d5f4ebeb5d50229
urn:ure:t6:occ:function:current-client:0074cd00	0x0074cd00	simple	FUN_0074cd00	26	1	70	929c5169ea2dc4c710f55ab638390f36c105fd924e4673f7405f5978dc467853
urn:ure:t6:occ:function:current-client:006052f0	0x006052f0	simple	FUN_006052f0	26	1	71	900869b1b2a47da9305bd8f9f6d332bc54b7e0869ae35c382b7765b625efdd89
urn:ure:t6:occ:function:current-client:004839e0	0x004839e0	simple	FUN_004839e0	26	1	74	638128e7808a4344bc2780a8deb0befc2abea1e30a5261b395a3055a6ce0ba7a
urn:ure:t6:occ:function:current-client:006bf780	0x006bf780	simple	FUN_006bf780	26	1	74	d3de1aaa08f5850252bf0a37ab6863890318a40d42c0b3518f79019c9e642ecd
urn:ure:t6:occ:function:current-client:00603cc0	0x00603cc0	simple	FUN_00603cc0	26	1	76	7dbd339c692c45ea7fcb3b92d5fed310ed14403820f149cdbff10879a9b9c87f
urn:ure:t6:occ:function:current-client:00aef580	0x00aef580	simple	FUN_00aef580	26	1	76	11c3b51075f0c1692e2ea938ada11ad7e8fc0bcc569d97f3c5efc6820012f879
urn:ure:t6:occ:function:current-client:00aef5d0	0x00aef5d0	simple	FUN_00aef5d0	26	1	76	4e727bc2b53e95a0a132a0b438c2a4939972cb34f2ca2a9f66c675691499af8f
urn:ure:t6:occ:function:current-client:004ec9c0	0x004ec9c0	simple	FUN_004ec9c0	26	1	77	a5d7da525a5ea413c33a7cc2c7a910e9d8f6b6fbcae1c89c085832811ad54d4d
urn:ure:t6:occ:function:current-client:0054a1b0	0x0054a1b0	simple	FUN_0054a1b0	26	1	78	4f28d753ac412ffafd9dc72499632fc9383b77f2ba718ce0b404817ea50aed0a
urn:ure:t6:occ:function:current-client:005aae40	0x005aae40	simple	FUN_005aae40	26	1	78	438eb2bb48f63db67313220858364fa56911879e6582724cc99d1c7a69e19424
urn:ure:t6:occ:function:current-client:005ca660	0x005ca660	simple	FUN_005ca660	26	1	78	9a5cf0b975cbcf7faadccb61cde8b9babd9619466952ae2d2e7c8f66beb81756
urn:ure:t6:occ:function:current-client:005c62e0	0x005c62e0	simple	FUN_005c62e0	26	1	79	cf8cfb3971fe91abf91e1a20df0910b1c1ad80f1bc96a34154d6ae00ab2eeef9
urn:ure:t6:occ:function:current-client:005df060	0x005df060	simple	FUN_005df060	26	1	79	6f8923e69b33949a25da4d06fd6dd5862e652651f037e715caf27a7936281a41
urn:ure:t6:occ:function:current-client:006891e0	0x006891e0	simple	FUN_006891e0	26	1	81	deabe8b81e6556595ff50c674b28672f5468a82c63fd5a5ce841df70332761a7
urn:ure:t6:occ:function:current-client:00a361e0	0x00a361e0	simple	FUN_00a361e0	26	1	81	1725348453b253d8479f13299b0c94ed1d661f3ba870bfd4582e5fc7c033d4e9
urn:ure:t6:occ:function:current-client:004fe8a0	0x004fe8a0	simple	FUN_004fe8a0	26	1	83	301a092e012c3747f7fc9acd887f19114f7ad0501a2635db4b4b5a674b0d7f99
urn:ure:t6:occ:function:current-client:00671e40	0x00671e40	simple	FUN_00671e40	26	1	83	8d0eb7cf3cf24a201d9920609dcd0becd24bd36889fee164f8d947354e5de87c
urn:ure:t6:occ:function:current-client:00ae8280	0x00ae8280	simple	FUN_00ae8280	26	1	83	bc51a50824154f859ac862258b9a7e093f6ce199aeb92c691ed03ade2c4c8044
urn:ure:t6:occ:function:current-client:00491460	0x00491460	simple	FUN_00491460	26	1	84	54e2957702f1def26256a8ca6f545c981e761bcad763690b02fb094e93d9c2b1
urn:ure:t6:occ:function:current-client:00617600	0x00617600	simple	FUN_00617600	26	1	85	257c24594e12ef3c5021e0c5701ce82963c59c90b30e574553318c645cb54994
urn:ure:t6:occ:function:current-client:005cb410	0x005cb410	simple	FUN_005cb410	26	1	86	96ea6517a514d523c8cd74c77626577c07457fa564aaface6907eafd5aba6fc6
urn:ure:t6:occ:function:current-client:00617e00	0x00617e00	simple	FUN_00617e00	26	1	86	5c224ea697691103d7c909f4c9bc65a93d5d1e2e0dc34f0cceb76c62f69555cf
urn:ure:t6:occ:function:current-client:004a5b00	0x004a5b00	simple	FUN_004a5b00	26	1	89	76230effc6a958ceeed3331096f8a3690801830c7ac8e18e0e749ccffd6f6ab7
urn:ure:t6:occ:function:current-client:005d4060	0x005d4060	simple	FUN_005d4060	26	1	89	bcaa9d8028d3c36151f8d75ca5e244c3c6cb8c8ead7fe77aaf8b7cd77c0514e2
urn:ure:t6:occ:function:current-client:009ffc30	0x009ffc30	simple	FUN_009ffc30	26	1	89	9875d6453ede8f0b06aaf736f29407440187c0cb1db5119bc6921cc84b4ec93b
urn:ure:t6:occ:function:current-client:005fdb20	0x005fdb20	simple	FUN_005fdb20	26	1	90	494cc2f3a595876502cec9a1d2aaf3760d77e2ad201f2e9a5a3d3d59761949cd
urn:ure:t6:occ:function:current-client:0077ed10	0x0077ed10	simple	FUN_0077ed10	26	1	90	27fe24c4c404724006a00fd45a7784b4efa23ed5c41282c87fe22510fbd23f01
urn:ure:t6:occ:function:current-client:0090eb40	0x0090eb40	simple	FUN_0090eb40	26	1	90	d69fdbe232612e70fbcf12129e36c4742d26d249abfd82df7c737fda5d72b6e9
urn:ure:t6:occ:function:current-client:00554550	0x00554550	simple	FUN_00554550	26	1	92	949a0773643fc9a2559baf6cfb48ac765da49962b46998b93ceb9a9643ac746b
urn:ure:t6:occ:function:current-client:00695230	0x00695230	simple	FUN_00695230	26	1	92	3ff4587e9f16065fcd5e21a9f52b81afc58a8df9f35cdcc8bd97fefb2db73c20
urn:ure:t6:occ:function:current-client:008c2500	0x008c2500	simple	FUN_008c2500	26	1	92	86d213aa78f7d89aa5f2650bc1e9accf9c0b236c6920b2739c609e368a0ff13e
urn:ure:t6:occ:function:current-client:006f3a70	0x006f3a70	simple	FUN_006f3a70	26	1	93	6fc16e5c4ff7ba18a9cdd3cc204c236f1b344e9f36959e5fcadc1675e85525e9
urn:ure:t6:occ:function:current-client:0094e310	0x0094e310	simple	FUN_0094e310	26	1	93	64288653be2614177a1403b3e7b1ccef4c66d786f40cfe9b57c674faf7aad70f
urn:ure:t6:occ:function:current-client:006c19b0	0x006c19b0	simple	FUN_006c19b0	26	1	95	9b2f91a9faa8bfbc7f7fb8194d3065da84e3f93b70ac323debe6ad5d3cb3e960
urn:ure:t6:occ:function:current-client:0073b4f0	0x0073b4f0	simple	FUN_0073b4f0	26	1	96	b439e320597ac97f445356628586ec124ddb38ce0dc10e05256132a8e33098ca
urn:ure:t6:occ:function:current-client:008b47b0	0x008b47b0	simple	FUN_008b47b0	26	1	96	c8f7a6f6719f4e0cae53adbd20d5e2e44dfbf5b6ac5afccdea34d3d9007a2e5b
urn:ure:t6:occ:function:current-client:00585f50	0x00585f50	simple	FUN_00585f50	26	1	97	efb09a79860f35b515bf602bf9d50bacc0888b43a171a717d50187577b4c1497
urn:ure:t6:occ:function:current-client:00776dc0	0x00776dc0	simple	FUN_00776dc0	26	1	104	8614103d02be79244b4b6d6335fc2e0a6c87a8eecf68d20f0c0da7d7889ff2cb
urn:ure:t6:occ:function:current-client:008b3900	0x008b3900	simple	FUN_008b3900	26	1	105	3db57997614c3eb0b5755ee86ede3a6df582c1bebfaf91d3448887e771e7bb9c
urn:ure:t6:occ:function:current-client:008b8cd0	0x008b8cd0	simple	FUN_008b8cd0	26	1	105	88f7d4b334dc9e7e4ba3c9bfb182f8b80bd292112c5932c6600a28ad46738635
urn:ure:t6:occ:function:current-client:008b6060	0x008b6060	simple	FUN_008b6060	26	1	106	2c6304919ce55ed40e3aa2cf7ca02d64a808471f5725e3e153dcda8f2e5e549d
urn:ure:t6:occ:function:current-client:008b6150	0x008b6150	simple	FUN_008b6150	26	1	106	f0058a26eede852b94ceac09554e00ea158dcd678d597c936a49d3606fcd5392
urn:ure:t6:occ:function:current-client:008b61c0	0x008b61c0	simple	FUN_008b61c0	26	1	106	17a09d0a5df39031e31e5b62d8306a543dfe0854217179f4442d13131c5819a1
urn:ure:t6:occ:function:current-client:008b6ab0	0x008b6ab0	simple	FUN_008b6ab0	26	1	106	8684a4f62fb2fb71665a57235d4ea0c4599c55783ef8c9d18fab603bcba3b9d5
urn:ure:t6:occ:function:current-client:008b6c10	0x008b6c10	simple	FUN_008b6c10	26	1	106	c0c8caeef20d6171229b8e670d6f0dba4c97956818379f998e28305258df1f12
urn:ure:t6:occ:function:current-client:00514a50	0x00514a50	simple	FUN_00514a50	26	1	107	cd45105643c8ee9a112de2677fb965b2ddf8a83dfc9eab2b95ebd7ade2a5d1a8
urn:ure:t6:occ:function:current-client:00608790	0x00608790	simple	FUN_00608790	26	1	111	1746c1d4bd8045983c28fe42846e73d0753f874b619c377292419fb2b7f53400
urn:ure:t6:occ:function:current-client:008b6b20	0x008b6b20	simple	FUN_008b6b20	26	1	112	b47edfbf2a67bfc1a1ff0095f05a315bcc63e1330040a075668222c2c10adede
urn:ure:t6:occ:function:current-client:00a60810	0x00a60810	simple	FUN_00a60810	26	1	115	c3fdbaec4f2f535508c80e659b072e334a6190d172fab348a3a08e8414c06c33
urn:ure:t6:occ:function:current-client:009846c0	0x009846c0	simple	FUN_009846c0	26	1	125	5ce8e1a35c9013fe502fdda622f4be3ba5900c3a760881fd1f23a44503535db5
urn:ure:t6:occ:function:current-client:00900d40	0x00900d40	simple	FUN_00900d40	26	1	126	49b63a49f254dc803bdb857ac2421ac7e614880b08c3a6096c40b141ecf2abe3
urn:ure:t6:occ:function:current-client:00552d40	0x00552d40	simple	FUN_00552d40	26	1	129	c5eafbc54e3abceee24caadcd8bd8f797cdacbdd61cf045168c012cb85175eec
urn:ure:t6:occ:function:current-client:00710d60	0x00710d60	simple	FUN_00710d60	26	1	131	e0d2420188a2695cd04ad030e20ae5eb6d7e216139b82bf144202f756c00c99d
urn:ure:t6:occ:function:current-client:00a7927e	0x00a7927e	simple	FID_conflict:___CxxFrameHandler3	27	1	54	8ede7ba6585e7c12ad0c614502808be5e1ad26c395fd943f356e79871e5e7343
urn:ure:t6:occ:function:current-client:00ae1200	0x00ae1200	simple	FUN_00ae1200	27	1	54	9ca01e0bc03a141a3fd721a375aeb4c34e052b62a160f645c1ce12a4cb37c499
urn:ure:t6:occ:function:current-client:00ac8b90	0x00ac8b90	simple	FUN_00ac8b90	27	1	56	987bbce7a947ad7e1272b77ad8b83cd186aeda7639bc9cc99d461d871844ae3e
urn:ure:t6:occ:function:current-client:005593b0	0x005593b0	simple	FUN_005593b0	27	1	57	565bb32dc2ed9c4be34e23dcee9f9703f86d1311d53f3a9c9995ff64a0cf73b3
urn:ure:t6:occ:function:current-client:006a45e0	0x006a45e0	simple	FUN_006a45e0	27	1	57	c94a14796820451e03f5fbd45358a01bd8d0a6ea462e629126f9aa315f153859
urn:ure:t6:occ:function:current-client:008b2b50	0x008b2b50	simple	FUN_008b2b50	27	1	58	332f24421e25ffc318aacae0337425649acc6a46d93d06164186e924f204e527
urn:ure:t6:occ:function:current-client:008c7430	0x008c7430	simple	FUN_008c7430	27	1	59	5ec990f22498057ea6a3cc6b50c3d1575cd7fb8b7ea224f69d608445712104e4
urn:ure:t6:occ:function:current-client:00408e00	0x00408e00	simple	FUN_00408e00	27	1	61	c907220dcf23ee5f39b2b048774ddb14c607a24b2ef8e076027b325d3586aeab
urn:ure:t6:occ:function:current-client:00ac97b0	0x00ac97b0	simple	FUN_00ac97b0	27	1	61	51e5756bd9f4fe7a8d33bd223de8ccfe21c3395142f725e904b59a2c47e3840c
urn:ure:t6:occ:function:current-client:00b02000	0x00b02000	simple	FUN_00b02000	27	1	63	1f5692bd888f8f1baa89630946cb27d0f28d9bd57a3db7d7b8bac21b8b3bc682
urn:ure:t6:occ:function:current-client:00558e30	0x00558e30	simple	FUN_00558e30	27	1	65	962fd77d435b4c010750ed75985dc2662c798b48829c29b74943c2a2fc173b5c
urn:ure:t6:occ:function:current-client:005bf200	0x005bf200	simple	FUN_005bf200	27	1	65	0db5867b1b3e908dbffa330f4688b18074fa9f17352df06ffcbb4f444d44bc83
urn:ure:t6:occ:function:current-client:00b31f60	0x00b31f60	simple	FUN_00b31f60	27	1	66	d525050bbc67f1d2d25360c8599d46bcf489b1068b97d332e219212da28fe8c7
urn:ure:t6:occ:function:current-client:00b320d0	0x00b320d0	simple	FUN_00b320d0	27	1	66	1208d1e014a6689ab472be9d220f3e73610f325e83a7b2b1671076ec96906a03
urn:ure:t6:occ:function:current-client:004a94c0	0x004a94c0	simple	FUN_004a94c0	27	1	67	21370fae3ea0bea21389f1b8a733c1e72450ddaa97dab655e64eb7cdf9776f66
urn:ure:t6:occ:function:current-client:0053d070	0x0053d070	simple	FUN_0053d070	27	1	67	44c71bd7ff4372659145f27ffe8db051925cfe60b55f1eb088a47409366b52ec
urn:ure:t6:occ:function:current-client:00618770	0x00618770	simple	FUN_00618770	27	1	67	b71628cc22001e78f9663e1109fdac80e6aaf70f168863166f5852c717841a66
urn:ure:t6:occ:function:current-client:00a7cb23	0x00a7cb23	simple	__difftime64	27	1	67	c1ea92c7369d483b3b7fbf9992f390df86a6154cbb731a6366c67b8d12c02633
urn:ure:t6:occ:function:current-client:00688ac0	0x00688ac0	simple	FUN_00688ac0	27	1	69	6c243ab8ff8ca89847713bb7078112aedb1adb6f55167b7aa0d155909b959626
urn:ure:t6:occ:function:current-client:00a4a630	0x00a4a630	simple	FUN_00a4a630	27	1	71	e63ccb17ffd9ca57975bf8923d9aafe665e0d0f7e071aacc1c7259f62029dba4
urn:ure:t6:occ:function:current-client:00b127d0	0x00b127d0	simple	FUN_00b127d0	27	1	71	67c9884bae2168ad537688a019fbdcbfd87263a002e7eed6c3e8b7417f2debcf
urn:ure:t6:occ:function:current-client:00738e50	0x00738e50	simple	FUN_00738e50	27	1	73	618cf93145e19e4c432d68998b773518de8b6c3c908694cda685e4ebca4a7d19
urn:ure:t6:occ:function:current-client:0063a7b0	0x0063a7b0	simple	FUN_0063a7b0	27	1	74	9e15c7d8d7c84bef5bcf65fed91e5479f8e17cabfdaa9e24744e6cb72a43b2e2
urn:ure:t6:occ:function:current-client:004bf5c0	0x004bf5c0	simple	FUN_004bf5c0	27	1	75	aff5e5525d2d97ac487602857b6151e3a41a0c3b49afe45f0f4c528e83e2e4e4
urn:ure:t6:occ:function:current-client:00482320	0x00482320	simple	FUN_00482320	27	1	76	25e3aab413fa56e71b3419ddd6a1a12d72400b1b92f8494eeef999a4c6ddd035
urn:ure:t6:occ:function:current-client:00658be0	0x00658be0	simple	FUN_00658be0	27	1	76	7073e8635a01c6b104647043bb488d90a235a307cd643f0bca0cb5f96b4b9c7e
urn:ure:t6:occ:function:current-client:006faeb0	0x006faeb0	simple	FUN_006faeb0	27	1	76	7e3b092ae6b09be1347e34fe7a50ebb3d3ceb64c1a48ad4b5231a486f03147dc
urn:ure:t6:occ:function:current-client:00b2d360	0x00b2d360	simple	FUN_00b2d360	27	1	76	c134d1392db95a47ba27a6f49c3c1aeb2c18e23f8e7e150f04403c1501858ba8
urn:ure:t6:occ:function:current-client:0058ae40	0x0058ae40	simple	FUN_0058ae40	27	1	78	e39a36278df58784b17573355e1d3e3696731bba15495dbf8c3fa92c174bd980
urn:ure:t6:occ:function:current-client:007962e0	0x007962e0	simple	FUN_007962e0	27	1	78	798aa4e1126411380f05c062af91d344ab040b6f4d7e46a54e448be42f83a80c
urn:ure:t6:occ:function:current-client:00a07d00	0x00a07d00	simple	FUN_00a07d00	27	1	79	b9d8a725715c0bbf518e472677cffce968fb3e2323822b235190210b5a04718e
urn:ure:t6:occ:function:current-client:00941f40	0x00941f40	simple	FUN_00941f40	27	1	80	d662dbcb64d0972dc541383b8150592ce387677cd39d526568934d3c5c02306f
urn:ure:t6:occ:function:current-client:004d73c0	0x004d73c0	simple	FUN_004d73c0	27	1	81	97410f1d33106276b5f52d930a85518f3040cb19d5d0c89a4c2f04d0e8dcfbde
urn:ure:t6:occ:function:current-client:0060d810	0x0060d810	simple	FUN_0060d810	27	1	81	a1df26ff7e85127d057f415de3296d01bce6f313a878cee5e1a7b4a104eba277
urn:ure:t6:occ:function:current-client:0054e250	0x0054e250	simple	FUN_0054e250	27	1	82	379b10ad1d39f5ec204d1784ed109662ddb4bd093442c87dda178dc14095af79
urn:ure:t6:occ:function:current-client:0074ee70	0x0074ee70	simple	FUN_0074ee70	27	1	88	43a4893fdf5392b2bd36254e02a32fcd59de8c61def449a2b9979a6d82cfdd3e
urn:ure:t6:occ:function:current-client:00a030e0	0x00a030e0	simple	FUN_00a030e0	27	1	91	d26ff2c47308d5b6f7c75d8674f78e9bd6cec018be5e06214f294dab8c8e28d7
urn:ure:t6:occ:function:current-client:00701040	0x00701040	simple	FUN_00701040	27	1	92	a1e9e728d443628249f82a592e00174dfd14a73ae93aec0addd7514fbcd4d1a3
urn:ure:t6:occ:function:current-client:004189d0	0x004189d0	simple	FUN_004189d0	27	1	93	d458f1daaee42e07311c429e53398b15f82ec824e9d843d5f7f9da76efcf2afb
urn:ure:t6:occ:function:current-client:00462090	0x00462090	simple	FUN_00462090	27	1	93	47b79bf03e3c64e23fca6c89a845dafb905bec028e1f5f27883302d34aa7c268
urn:ure:t6:occ:function:current-client:004e0170	0x004e0170	simple	FUN_004e0170	27	1	93	478d54733dc8ba2419727a6832407f930f867a6873f53e3492d00a9d47b783cb
urn:ure:t6:occ:function:current-client:00502cd0	0x00502cd0	simple	FUN_00502cd0	27	1	93	5934de75bd64647142d9604be25eb84c9dba9e398540d54bf8da7cdfafc5c82c
urn:ure:t6:occ:function:current-client:0055e8b0	0x0055e8b0	simple	FUN_0055e8b0	27	1	95	d047b0bfb141528d94daaa5cd3e603a507e964b075e73bc537e21f22f63997d2
urn:ure:t6:occ:function:current-client:008c0a50	0x008c0a50	simple	FUN_008c0a50	27	1	96	5d32de8675404c778d1b7598481bb16829ed2bcbb429a442d406c9f492ccf759
urn:ure:t6:occ:function:current-client:00b53d50	0x00b53d50	simple	FUN_00b53d50	27	1	96	68dde9e922cb9d8d0bd906fc70e3c96a7ec9a541f5cc6608b14176d6b8d22ef5
urn:ure:t6:occ:function:current-client:00b53e20	0x00b53e20	simple	FUN_00b53e20	27	1	96	2aaa336439fc3f39ec889bd61345f62f7455feb3ac7becc5d6d184f3349ee178
urn:ure:t6:occ:function:current-client:00b53ef0	0x00b53ef0	simple	FUN_00b53ef0	27	1	96	36a6e9825b56aaace9c2453f48b93ef98cb466bc0f63f7d3740c14f4106a7ab9
urn:ure:t6:occ:function:current-client:00738ea0	0x00738ea0	simple	FUN_00738ea0	27	1	97	7529084423b24fe74292026301b8dd6765baf8c98b5006de07613f4d4af9d62e
urn:ure:t6:occ:function:current-client:00411ec0	0x00411ec0	simple	FUN_00411ec0	27	1	99	f19752059b7045ff597899bcfdb4f452dfd0a1e86cd6ee5574f5209d8c324e68
urn:ure:t6:occ:function:current-client:0060e9d0	0x0060e9d0	simple	FUN_0060e9d0	27	1	100	ed078be84d84af9518e16ad406f309610759d689a8cec13f4332712c6fc1c9a5
urn:ure:t6:occ:function:current-client:006eb280	0x006eb280	simple	FUN_006eb280	27	1	102	13fa4c64967e8c3a66c30034028612c445ebd465764f83978b9a1ee108ddcb1d
urn:ure:t6:occ:function:current-client:008c0420	0x008c0420	simple	FUN_008c0420	27	1	103	e4ff03b14f28f667db2865247dbf01ec0c722c1d4734d338070dfa47291b5d1d
urn:ure:t6:occ:function:current-client:004606d0	0x004606d0	simple	FUN_004606d0	27	1	104	603c67064fc5b55871cf4a805c04945caceedaa6b6511ee1213eb5553eac3713
urn:ure:t6:occ:function:current-client:004814a0	0x004814a0	simple	FUN_004814a0	27	1	105	7f52b59d9ee6270584593f05230920a1c7622ca7fa8b1e1a0fa72719b2a3441a
urn:ure:t6:occ:function:current-client:005ea690	0x005ea690	simple	FUN_005ea690	27	1	105	d46b7c75db8afb67dff5bfa0f65617ea5fc7528c12342e4a5d2fc3c14ec292d1
urn:ure:t6:occ:function:current-client:0062d950	0x0062d950	simple	FUN_0062d950	27	1	105	e1c6bb4198413f82aa0161189e1f3521fca549c4874cd3c104783662b85d5eed
urn:ure:t6:occ:function:current-client:004c27d0	0x004c27d0	simple	FUN_004c27d0	27	1	107	849e3bc54b93d8e8fd2c9c1f380752d26b3b94ac96c7e19631afd98e9518ba39
urn:ure:t6:occ:function:current-client:008c0320	0x008c0320	simple	FUN_008c0320	27	1	109	8f0b25d14be2fdb2277089b44d6875f4a90e21c78a2c137828153824039f4093
urn:ure:t6:occ:function:current-client:0092ac40	0x0092ac40	simple	FUN_0092ac40	27	1	109	171cae034e4c668fc279486d256bb37fcec8332fcb841ddb9920bf645afa44f8
urn:ure:t6:occ:function:current-client:00408e40	0x00408e40	simple	FUN_00408e40	27	1	110	f59d37e6818cd4640be36cca3bc6b1889a7361d7779e7795b9a7a8edac6a042d
urn:ure:t6:occ:function:current-client:00645ac0	0x00645ac0	simple	FUN_00645ac0	27	1	113	a205f10f0252bbe9973f35a9bc670ab047841f4476b8b85f184dea8f66c443c7
urn:ure:t6:occ:function:current-client:00636b70	0x00636b70	simple	FUN_00636b70	27	1	117	241adf274d90796bf52f29b2d75dae166c0ad57f1b06af3a22145c23194330d2
urn:ure:t6:occ:function:current-client:008b4c20	0x008b4c20	simple	FUN_008b4c20	27	1	119	dfb1b219d2a625534f65647cbfc53a0ed19a265ef879237484077f8395061f70
urn:ure:t6:occ:function:current-client:0051a950	0x0051a950	simple	FUN_0051a950	27	1	130	9131c1b4c55a6c3760c630d9ead7389168bf3051a1542142feae2a391a7dc48b
urn:ure:t6:occ:function:current-client:007463e0	0x007463e0	simple	FUN_007463e0	27	1	138	56f938cb30d4c1173f16952c804fbf45fed92278647017591cec23eb7701c04e
urn:ure:t6:occ:function:current-client:00956310	0x00956310	simple	FUN_00956310	28	1	52	8e28625f57e63ab514c079518e24e8fe418681db333ad80d275f9025197a89e4
urn:ure:t6:occ:function:current-client:00a2cd50	0x00a2cd50	simple	FUN_00a2cd50	28	1	57	043c2534187a5b13b0562b26e876626039a7569414369e1bf06af3a7474172cc
urn:ure:t6:occ:function:current-client:0049a640	0x0049a640	simple	FUN_0049a640	28	1	61	24c33e2f6a3f4ed83ba2b6b6e1666bd5dbb969489bcccc3a7066159d319faa94
urn:ure:t6:occ:function:current-client:007859a0	0x007859a0	simple	FUN_007859a0	28	1	64	430f149f88020d0f3857d01e32f8f1c5d2235e8572bdc6bbb991071f6a13d657
urn:ure:t6:occ:function:current-client:00ad66e0	0x00ad66e0	simple	FUN_00ad66e0	28	1	64	51b588b90b4b0378b27a4bc090a0648909d9d22054b9cf9ca7bac083e320b11e
urn:ure:t6:occ:function:current-client:0044ea90	0x0044ea90	simple	FUN_0044ea90	28	1	65	5d2d14490ccc354ef124274353cf7e5a91cbe441a867647a7ad667a8f2338ffc
urn:ure:t6:occ:function:current-client:00418a30	0x00418a30	simple	FUN_00418a30	28	1	66	61bbd09ef0a8302f7005ac45a3d937bf64f53aadd2fb25fdac72e9cc40116e6f
urn:ure:t6:occ:function:current-client:0062df30	0x0062df30	simple	FUN_0062df30	28	1	66	3eefabe17445453778acac0b6c62946bbf74a2f160abdc036319c1bd40ede080
urn:ure:t6:occ:function:current-client:0040a270	0x0040a270	simple	FUN_0040a270	28	1	67	b49227a464b1b517f595bd3d27a3b37c4002c8027a7d6491f915781a107a7b79
urn:ure:t6:occ:function:current-client:004a6920	0x004a6920	simple	FUN_004a6920	28	1	67	6b347327833d9f7f9020a2d4fd6b90565f05e4e1f26f149f3e386a69180a48c5
urn:ure:t6:occ:function:current-client:005ad920	0x005ad920	simple	FUN_005ad920	28	1	68	cea9a50995c88860ddf268a89efcf0a69f1c385e04ed234a3886e394b287d91c
urn:ure:t6:occ:function:current-client:005d2e40	0x005d2e40	simple	FUN_005d2e40	28	1	68	de4d769f5f957594b755639e02a4b3444a4e61513808693655eaddc0135ff612
urn:ure:t6:occ:function:current-client:006a8ce0	0x006a8ce0	simple	FUN_006a8ce0	28	1	69	72ffbe6482a67eef0f495e7c44bd37df04026148d03c26e8311ebd459971c0fe
urn:ure:t6:occ:function:current-client:00a87e40	0x00a87e40	simple	__malloc_crt	28	1	69	fbf7adc9bf8a5171931735c93819432cb7ec21b88eb2537dafec34ca5c768c19
urn:ure:t6:occ:function:current-client:00680510	0x00680510	simple	FUN_00680510	28	1	70	110fb2fcb3f4a2d8cbab9174056c786993f6405175b35bc08f27b38d5d0000ef
urn:ure:t6:occ:function:current-client:009ddff0	0x009ddff0	simple	FUN_009ddff0	28	1	70	0e6fa140fe950a57fe8547dde3b602d1386b0505927b2dfa899dc5c58c099736
urn:ure:t6:occ:function:current-client:005cc0e0	0x005cc0e0	simple	FUN_005cc0e0	28	1	72	9f00f542265ad26c66b3d364cac762b08bd1715076b5947286395e0f667f73bd
urn:ure:t6:occ:function:current-client:00745fa0	0x00745fa0	simple	FUN_00745fa0	28	1	72	6e05f8ccd965150e3bb7153d8a5c0fcd3c7cfd3e320558fea7b98a1c0ee9027a
urn:ure:t6:occ:function:current-client:00695fb0	0x00695fb0	simple	FUN_00695fb0	28	1	73	6650b2bdc5906f0b55ad7a8aaa53e0d22c71e6ab4e1711ad9b66c755f48e889e
urn:ure:t6:occ:function:current-client:00639d60	0x00639d60	simple	FUN_00639d60	28	1	77	6e4f9709a945624c967f87340f1bd3ebcdd83d157e943c7093a1c46d3820d0df
urn:ure:t6:occ:function:current-client:00976670	0x00976670	simple	FUN_00976670	28	1	77	156476cd574049255c306a8e44f9eae49f1cb97c90ddc3bf8116eda7d81b210b
urn:ure:t6:occ:function:current-client:0064c950	0x0064c950	simple	FUN_0064c950	28	1	81	9b649194f5221925d99fd6f9ae5d7d8359731392c8414588fb753616d12db146
urn:ure:t6:occ:function:current-client:0040b280	0x0040b280	simple	FUN_0040b280	28	1	83	d6153d39b14a688ce36661128ccac7ee830289443a6cc017c409ae1909be019a
urn:ure:t6:occ:function:current-client:005d2010	0x005d2010	simple	FUN_005d2010	28	1	83	b9ea78a0f333186b0968227f90b328815a6db7751e8cae0421aa5f9276b0988b
urn:ure:t6:occ:function:current-client:00609e30	0x00609e30	simple	FUN_00609e30	28	1	84	d68f9e7110e6424a6199a5db66a596254e96ef3b4ae6fffe706e5caea280042b
urn:ure:t6:occ:function:current-client:00510f40	0x00510f40	simple	FUN_00510f40	28	1	85	2c4c8ea021b6b6329539a0acff17903071eee1b96187ad5959d7731685ce97b6
urn:ure:t6:occ:function:current-client:006bda20	0x006bda20	simple	FUN_006bda20	28	1	85	6a55602f61182a395519c84265ca8011aa0d6f650d32ced0cbe1611e480a9b68
urn:ure:t6:occ:function:current-client:008926e0	0x008926e0	simple	FUN_008926e0	28	1	86	791b23dee28d367789b34c63623c55cb9c323e1f2499297bef6125d6cc727ab4
urn:ure:t6:occ:function:current-client:00445900	0x00445900	simple	FUN_00445900	28	1	87	f2e2cc0da6351c91be49c27321fe28acca8d721401cb25787c563e550552c738
urn:ure:t6:occ:function:current-client:00699620	0x00699620	simple	FUN_00699620	28	1	87	5d3a67cec5abb7a7cae0e578e27ccbcbd79abeccc0ecbd7412bce05bd6b0b7c6
urn:ure:t6:occ:function:current-client:00acacb0	0x00acacb0	simple	FUN_00acacb0	28	1	90	9aff5255b7532fe0b1fc1878d387ebb699f8adc267ae1199315b015a61e0a5fa
urn:ure:t6:occ:function:current-client:00618c90	0x00618c90	simple	FUN_00618c90	28	1	92	e936c458972b1bb7f47b0b81ec04f1073c306301c917aa2a2474f43f2cdac7e9
urn:ure:t6:occ:function:current-client:0079c300	0x0079c300	simple	FUN_0079c300	28	1	92	87fa52dadcc5286b5a89d2f95e183ba7e8ec0b062a70095dc0805cfb7a47b508
urn:ure:t6:occ:function:current-client:0052f0a0	0x0052f0a0	simple	FUN_0052f0a0	28	1	95	781d81e637db5218f01d29e8ac4eb646778501b1dad8cc459955670269c851f8
urn:ure:t6:occ:function:current-client:0064c450	0x0064c450	simple	FUN_0064c450	28	1	95	bb65924302116828a4963dec87284803cc004f657c37a6b7146191a71c45ffa8
urn:ure:t6:occ:function:current-client:00653c60	0x00653c60	simple	FUN_00653c60	28	1	96	51398a3c5c30cc82713b89a9650007ecec78ec9a6e2e3ca00557bc148dbfde00
urn:ure:t6:occ:function:current-client:00413e20	0x00413e20	simple	FUN_00413e20	28	1	101	f3b961c87646b26daa215130cc1e5f7f5cc7e86d0aadff4fcad3ed18f61eccc9
urn:ure:t6:occ:function:current-client:0094fb60	0x0094fb60	simple	FUN_0094fb60	28	1	112	ea228fb12212deaa5d9148aab19962e3ac01da52f201cf4246408723243c20ee
urn:ure:t6:occ:function:current-client:00835cb0	0x00835cb0	simple	FUN_00835cb0	28	1	130	0c51ccf7bc006fdafce47c181bcc9714156277811e9acf629c5c10fd653407a7
urn:ure:t6:occ:function:current-client:004bb9e0	0x004bb9e0	simple	FUN_004bb9e0	28	1	131	85f4e9abc7f1c8be0540ed53b36b8538524b607594596d3c6af14a93f3a76d96
urn:ure:t6:occ:function:current-client:00469190	0x00469190	simple	FUN_00469190	28	1	134	b9f94a0a41c2a27ea4c90d97517b505b0bcb785aa36fb729a20dbd6ddebe3ab0
urn:ure:t6:occ:function:current-client:0085e4b0	0x0085e4b0	simple	FUN_0085e4b0	28	1	154	f58e50f34b745f42df8225a2113811965400b8c0e540fb3925482f0192ae7b8a
urn:ure:t6:occ:function:current-client:008b37c0	0x008b37c0	simple	FUN_008b37c0	29	1	58	f146b5a58f2f9d406f9f499fc7bf4b5a30533aa19f2fbad33361d5cf60438f01
urn:ure:t6:occ:function:current-client:00439c20	0x00439c20	simple	FUN_00439c20	29	1	63	0f89a5fb58ef429f6102c8f9f1e24818fef6d9c0f114e3bc8a91dd31845a1c08
urn:ure:t6:occ:function:current-client:004dbfd0	0x004dbfd0	simple	FUN_004dbfd0	29	1	63	34060ce6a9d71ee6c624e00d6b2297acde40502faf097655724a2550de56b761
urn:ure:t6:occ:function:current-client:00423a50	0x00423a50	simple	FUN_00423a50	29	1	64	df4c125c45a6c03f977854897bee4dd50fb67d154163ac0456307e5d69ffdc0d
urn:ure:t6:occ:function:current-client:00a4aa30	0x00a4aa30	simple	FUN_00a4aa30	29	1	64	ca0399e9adba04e194cfbe57d9307f03cae72647d4415765fb6a9da8c3c84f3b
urn:ure:t6:occ:function:current-client:00617b70	0x00617b70	simple	FUN_00617b70	29	1	65	1c20abf8e683c84234c12f8782587830685adb1fb6005241adf5e5a944217f5f
urn:ure:t6:occ:function:current-client:009c0580	0x009c0580	simple	FUN_009c0580	29	1	66	8b1763d7371541050da82183b38cdfb7e138cbddd50782b1d1b7d36dcdadd559
urn:ure:t6:occ:function:current-client:00a2e940	0x00a2e940	simple	FUN_00a2e940	29	1	66	2f55e5779eaa0600a70859126a6d86b0ffd11cf8a84422c4b2e2be1e9416f829
urn:ure:t6:occ:function:current-client:0044c470	0x0044c470	simple	FUN_0044c470	29	1	68	75fd2808733c45e8494e661cf35518b59639779420ae84cfd66bbc4dd8c60efe
urn:ure:t6:occ:function:current-client:00945210	0x00945210	simple	FUN_00945210	29	1	70	20f0c4f0d54129644875cd7678dc6ef99425bf2e6dc77a186d3ba3243d957651
urn:ure:t6:occ:function:current-client:00a4ada0	0x00a4ada0	simple	FUN_00a4ada0	29	1	70	d66c5ce71ab5479924f0392d518cab25ab70e78a3a9e57fb6e1cb8d864cec8a6
urn:ure:t6:occ:function:current-client:00731ef0	0x00731ef0	simple	FUN_00731ef0	29	1	71	48409be1215d9e4f8d08b7b819cb33cbed9d2634b6bde0992f39e2ede86dedbd
urn:ure:t6:occ:function:current-client:00420960	0x00420960	simple	FUN_00420960	29	1	74	ac814d732be33e481f62566172e42d3c6731304158515ce4083b604643c26d79
urn:ure:t6:occ:function:current-client:00422b30	0x00422b30	simple	FUN_00422b30	29	1	74	e07cc92157b902fb8d3b4437adae658e847282a06f8f8ca863545774425c240a
urn:ure:t6:occ:function:current-client:0058ba40	0x0058ba40	simple	FUN_0058ba40	29	1	74	2435f33342d87cb84f2a8151e67555dfed496bcf403c95aed58ea4a170a613a0
urn:ure:t6:occ:function:current-client:0089dcd0	0x0089dcd0	simple	FUN_0089dcd0	29	1	74	dc115c7dd650dc68d62c7b8ab80a0a51a64d22620e5241662a3770b86bae8e5a
urn:ure:t6:occ:function:current-client:00a46950	0x00a46950	simple	FUN_00a46950	29	1	75	6dd1756a8d02127c63381cda98226cdcd10e303bda71bde853af1933f7c7574f
urn:ure:t6:occ:function:current-client:00523a20	0x00523a20	simple	FUN_00523a20	29	1	78	19d632f4aea68aa7910a2378df061d7c28fc7bc2e88a48dba18dd427940df78f
urn:ure:t6:occ:function:current-client:0060a450	0x0060a450	simple	FUN_0060a450	29	1	78	998752334c5654e5176d11e127237f552e7192f69cd10eaa03ca04161c210bc1
urn:ure:t6:occ:function:current-client:0064e350	0x0064e350	simple	FUN_0064e350	29	1	78	cd1afb8336cb284a2446a53bddcff013069d33c1d182f034fdb93e33ff2c171b
urn:ure:t6:occ:function:current-client:0096bda0	0x0096bda0	simple	FUN_0096bda0	29	1	79	6c0b3cc49882edddfa7c2fefdb06f65f9c90d74e17266c3a16fd5d6f70e7c89d
urn:ure:t6:occ:function:current-client:00456220	0x00456220	simple	FUN_00456220	29	1	80	00b99473ee12eb207125c15e9678d5d8cd25cd1e67787cbb2b90954fa74d4f88
urn:ure:t6:occ:function:current-client:007e6250	0x007e6250	simple	FUN_007e6250	29	1	80	e3858908b1fc6784f7432ec9ba4f30107fcb57d66420f19fbb7bb1332996702c
urn:ure:t6:occ:function:current-client:007e6350	0x007e6350	simple	FUN_007e6350	29	1	80	3d96407a0f9a6ddd15ace6e7b64ae156dd3ab706f83906a412bfd06b60a47e2c
urn:ure:t6:occ:function:current-client:007e6450	0x007e6450	simple	FUN_007e6450	29	1	80	7354f7d8d5cd235a3aee67afe988b88bd99dab31a895892c58a240ed30541065
urn:ure:t6:occ:function:current-client:00831e40	0x00831e40	simple	FUN_00831e40	29	1	83	fb03172fbc860ad46ffe6d871816b1ea4f1953c8abda671a4c1e79188e793dba
urn:ure:t6:occ:function:current-client:006a1a90	0x006a1a90	simple	FUN_006a1a90	29	1	86	0083fabe1e8f19dd8991e0a52da1b6739d31c6d207630ef9de419ebc20b41926
urn:ure:t6:occ:function:current-client:005ccf70	0x005ccf70	simple	FUN_005ccf70	29	1	87	98a95f43c00f2d155311630e7dc9d23f771b3353c615d46517ee6eeb4b3e75ca
urn:ure:t6:occ:function:current-client:009842e0	0x009842e0	simple	FUN_009842e0	29	1	88	38fd3a25ec1c02beb6e3686b1c4b53586a8c3119c1d8b1dabb1d65e8ebb3355d
urn:ure:t6:occ:function:current-client:00546580	0x00546580	simple	FUN_00546580	29	1	90	f5cb8d62bb3b6cea904d05f7688de3038b69a1cc0b80bc6df2d2d466964755da
urn:ure:t6:occ:function:current-client:0069ec90	0x0069ec90	simple	FUN_0069ec90	29	1	90	d6737f74e23f822ccac31e4af9e991acfdfb44cf3159824f64d86b4330ca9b38
urn:ure:t6:occ:function:current-client:0085cec0	0x0085cec0	simple	FUN_0085cec0	29	1	90	b051cc644e14f0135dba610faa0de6acd566e7f6c3d846f4795e6754fbded44b
urn:ure:t6:occ:function:current-client:00412420	0x00412420	simple	FUN_00412420	29	1	91	f05d0b18713a832f33a5f58db729b7318f56dea8c7e6f82af19ee4ad8db86c57
urn:ure:t6:occ:function:current-client:005c9380	0x005c9380	simple	FUN_005c9380	29	1	91	b3bf53fa0ed4168a2433ce5bdd945c89ab96968dc196559dc8bdb7cbc57c29ea
urn:ure:t6:occ:function:current-client:0057df50	0x0057df50	simple	FUN_0057df50	29	1	93	f638d69550f814b3619de41114c3ffecc29765e726cdacdc57da735eb76481b7
urn:ure:t6:occ:function:current-client:006bc690	0x006bc690	simple	FUN_006bc690	29	1	93	f5064ab6cbb101375d492caf116aaea85443d0ad7386128d209de6d63208a0d8
urn:ure:t6:occ:function:current-client:00603ab0	0x00603ab0	simple	FUN_00603ab0	29	1	96	e3d295e51315b8ef1fb3d763ab03793b1f74d077cc101049ba433c7ba340a910
urn:ure:t6:occ:function:current-client:0073e320	0x0073e320	simple	FUN_0073e320	29	1	96	e9e9690d1bb9c4e9a1d4ecfd261a6507486614958f7844d1503d02677ce6181e
urn:ure:t6:occ:function:current-client:00796990	0x00796990	simple	FUN_00796990	29	1	97	0e1b0410163ad3c5c49a21173ef9bda2255f46b4636b15a7a7be2172c6ec7405
urn:ure:t6:occ:function:current-client:0071d5c0	0x0071d5c0	simple	FUN_0071d5c0	29	1	98	2c7e29e06d2377e715862de607796efca560d887773976710b6f2c9e16fceb56
urn:ure:t6:occ:function:current-client:006b6530	0x006b6530	simple	FUN_006b6530	29	1	99	c3759249be93cd706ad1459f9e6b9cb140310948b2b2e3ccd82e3700bf633d1a
urn:ure:t6:occ:function:current-client:00b53840	0x00b53840	simple	FUN_00b53840	29	1	101	f01cbe24394e39029e0b70aad98a5cea3787b3f20b3787d2006616663eb9db48
urn:ure:t6:occ:function:current-client:00531140	0x00531140	simple	FUN_00531140	29	1	105	5af65a83e9c03e9c47f2bb01924d7c90aa4849b7b48d10abe187b8587c0bae42
urn:ure:t6:occ:function:current-client:004becb0	0x004becb0	simple	FUN_004becb0	29	1	106	9d5696a36e53bcc3bcd0a10df139bede58522b270d46b51399b7f6c2c4fc728b
urn:ure:t6:occ:function:current-client:008b55f0	0x008b55f0	simple	FUN_008b55f0	29	1	115	5fa207fafc7873e7f0770a0e8f8259904f9b37f4993882bb203b85c457f57649
urn:ure:t6:occ:function:current-client:008b7190	0x008b7190	simple	FUN_008b7190	29	1	115	64928e4dbb1d440f0df3e447fab9f19cbb5f24f4791d412357cc14b0250116a1
urn:ure:t6:occ:function:current-client:008b7330	0x008b7330	simple	FUN_008b7330	29	1	115	c9494d1bf047aa955c063551cc5e4d0496617eb58128b94e08ee3a68d1a81520
urn:ure:t6:occ:function:current-client:005f76f0	0x005f76f0	simple	FUN_005f76f0	29	1	119	fbf7f560e207f2d919de16700da789efcaaf342f7936ab3738540066affed111
urn:ure:t6:occ:function:current-client:00705490	0x00705490	simple	FUN_00705490	29	1	119	0f28204b39444a0a69eb1dcd07d87282e5d33f3545d50c061d13991bdda83307
urn:ure:t6:occ:function:current-client:00779b10	0x00779b10	simple	FUN_00779b10	29	1	119	b58d1dde913573f2388d7c56628808b84d40c51ac80e295f57cba7f8c67b2c89
urn:ure:t6:occ:function:current-client:008b5880	0x008b5880	simple	FUN_008b5880	29	1	120	db30c9f5ab78398ba48e3430d7479ced16bc841dc069e69ad83fd44021f3553d
urn:ure:t6:occ:function:current-client:008b5470	0x008b5470	simple	FUN_008b5470	29	1	121	b9c7a7d0c0ec662d6bfa207b264a71948aa636c851810c8a441d947422401b76
urn:ure:t6:occ:function:current-client:008b54f0	0x008b54f0	simple	FUN_008b54f0	29	1	121	1a315fb85bf88e0bcdd139dda244808eeb6975b288a61a6f044abb2201294335
urn:ure:t6:occ:function:current-client:008b5570	0x008b5570	simple	FUN_008b5570	29	1	121	7a79d3f1727893eb5b3d015a646803f2d31f328074494b45ff4c7b1c2aeefa88
urn:ure:t6:occ:function:current-client:008b73b0	0x008b73b0	simple	FUN_008b73b0	29	1	128	cac4b2b7b275cc89752cec679e3b676a506f0874e4f49b7b31bf25c228a74e52
urn:ure:t6:occ:function:current-client:008b3f30	0x008b3f30	simple	FUN_008b3f30	29	1	130	515317dd18f737d5838efbf867d958d0099644190acf6d5f00ed2734c764b096
urn:ure:t6:occ:function:current-client:004f7820	0x004f7820	simple	FUN_004f7820	29	1	135	39f5cb28617d5ec2828c3d3e50e0def633ebd6581e1eb958dbfdbd8bfe892dd7
urn:ure:t6:occ:function:current-client:006b65a0	0x006b65a0	simple	FUN_006b65a0	30	1	58	9c10df1aaa4465650cebefb0becaf08b4a148793ca58500c182d0d5e22295d08
urn:ure:t6:occ:function:current-client:005cc9c0	0x005cc9c0	simple	FUN_005cc9c0	30	1	60	53aea7b54e0accd1f14bf27e6a226ae7c6de9cf316ba60f181961345704728aa
urn:ure:t6:occ:function:current-client:0041e290	0x0041e290	simple	FUN_0041e290	30	1	63	fee6e8aa06b0198690360ff99265d558979de54012e92a6fb0d8ce5ee8956639
urn:ure:t6:occ:function:current-client:00593360	0x00593360	simple	FUN_00593360	30	1	63	557901b0e9b99e895c7382624b8fda7d23d508af191535abc9079d689fa3f2ed
urn:ure:t6:occ:function:current-client:006e2600	0x006e2600	simple	FUN_006e2600	30	1	63	04352d3b3d2adb42612f8eb28d30f5ab8434ae8bee6a2ae9f7e50a2137f5aa00
urn:ure:t6:occ:function:current-client:00459a20	0x00459a20	simple	FUN_00459a20	30	1	64	2a22f545648f15b7cf722f97a9af69671a89535384fb557d3869af74d484345e
urn:ure:t6:occ:function:current-client:00800f80	0x00800f80	simple	FUN_00800f80	30	1	66	3474b1e9604f4fff700a3a180063b189f2e155a14d9bc2fe816a797f7c6d7d59
urn:ure:t6:occ:function:current-client:008fa320	0x008fa320	simple	FUN_008fa320	30	1	66	c7faf0a6febca938e3a9f847b5fbec3fb54dafecec7deba2b859d6a9df28fb18
urn:ure:t6:occ:function:current-client:00609b50	0x00609b50	simple	FUN_00609b50	30	1	67	cdcf042c49a4ae43f326a09d5801bf40c58fce8e58e9dd562e02419804e6897b
urn:ure:t6:occ:function:current-client:00423720	0x00423720	simple	FUN_00423720	30	1	68	ac18391d53e18600d28ab61d99516d654e20fe9d3848067d4aa0df1e31275f23
urn:ure:t6:occ:function:current-client:00539440	0x00539440	simple	FUN_00539440	30	1	70	93c1b5bf54bff389b531ca559c3bd42215d5fe703b5c2df81f30fdc75c5cb11b
urn:ure:t6:occ:function:current-client:005c6090	0x005c6090	simple	FUN_005c6090	30	1	70	0dbb6bfcedc4d95b6812a91043b9b9ae09801e53d5a301d618e1037990afdfde
urn:ure:t6:occ:function:current-client:00413e90	0x00413e90	simple	FUN_00413e90	30	1	73	e6c275d8af0185986269b02107225073d07ce946434861eece7e2a97ad920ba7
urn:ure:t6:occ:function:current-client:00684220	0x00684220	simple	FUN_00684220	30	1	74	caa5c9be5752c9ce7dc77fbc7f534b63d63212c4abfed03d0ab232d048069b20
urn:ure:t6:occ:function:current-client:00a87e85	0x00a87e85	simple	__calloc_crt	30	1	76	c909e5f138c632445cc7b40b4ed7c04e3aeefbbaf6f2ddb661327dcf4a54acb1
urn:ure:t6:occ:function:current-client:00af9050	0x00af9050	simple	FUN_00af9050	30	1	76	7c7692d4e4e6eb72f1dc423cdf62ac5e3c7f5e2497fc1f27aef7704214a657ce
urn:ure:t6:occ:function:current-client:00501230	0x00501230	simple	FUN_00501230	30	1	78	7a04b849694e5c15e8f9dce8def3645c6036b715b047f396511aa71503e30b24
urn:ure:t6:occ:function:current-client:0054d810	0x0054d810	simple	FUN_0054d810	30	1	79	83f141cb14c7daab72cff45e6d87c18b0e2d30ff661d14516e960cd45178d53c
urn:ure:t6:occ:function:current-client:006daef0	0x006daef0	simple	FUN_006daef0	30	1	79	2651b718497352120b7fe50db45e46a91292088584ce8909a2f272b9a1e1516e
urn:ure:t6:occ:function:current-client:00b44980	0x00b44980	simple	FUN_00b44980	30	1	79	8489ea807a6a133e83ab937781a6808f70be323e7f390eca0b26671f414e15c3
urn:ure:t6:occ:function:current-client:005d80c0	0x005d80c0	simple	FUN_005d80c0	30	1	80	8b4a2fbba7eb57e898b4bf88a846a3bd96819853badbf2339a0071bc05ff90f8
urn:ure:t6:occ:function:current-client:006f0c30	0x006f0c30	simple	FUN_006f0c30	30	1	81	8982d8d5e672981f8c9dc37a211646b21ce2e7915ae0d419cb0903950901ebaa
urn:ure:t6:occ:function:current-client:005bcb50	0x005bcb50	simple	FUN_005bcb50	30	1	82	ee6d0ab037377e224b3c014b4d5428c4a79bd67c386c2f440d40039289ba5851
urn:ure:t6:occ:function:current-client:005e53f0	0x005e53f0	simple	FUN_005e53f0	30	1	82	f6e0d6fad23379129228fa6713452a52598d1734591b1ed33f0a1d2606f70154
urn:ure:t6:occ:function:current-client:0043c980	0x0043c980	simple	FUN_0043c980	30	1	83	53bb73bcbb6c35b62b67b84a8de2e9fd9d82200694e432097fd6918adec7b6a6
urn:ure:t6:occ:function:current-client:00a8fb9c	0x00a8fb9c	simple	x_ismbbtype_l	30	1	83	990f4da2c1bc1aee31eeed762f37cd3c37d0a572ab457fcad75281ab6be522a7
urn:ure:t6:occ:function:current-client:00a7922a	0x00a7922a	simple	_UnwindNestedFrames	30	1	84	7f3bf27166b512442c127217c2ae2c9d02bfcf89dedabbbbc9f0d70d797a1d99
urn:ure:t6:occ:function:current-client:0070d480	0x0070d480	simple	FUN_0070d480	30	1	85	14c4f8131ae417fa6a0ca4924145ca2851ff1c58e60d46c54107ab29c0faa1ab
urn:ure:t6:occ:function:current-client:007fab60	0x007fab60	simple	FUN_007fab60	30	1	86	a051a4b79499108090933cd2d04f4200aa294385eede40cae559aeb48a453355
urn:ure:t6:occ:function:current-client:009766c0	0x009766c0	simple	FUN_009766c0	30	1	86	8f07726ab23c9be5830e25eb3c574967fa131c73036b378fece588a4f1ff4692
urn:ure:t6:occ:function:current-client:0040abd0	0x0040abd0	simple	FUN_0040abd0	30	1	88	78b94bc493a8979e1995e0468cb49d7a8d4f6ece560b567a99c6533bf62a832a
urn:ure:t6:occ:function:current-client:00591410	0x00591410	simple	FUN_00591410	30	1	90	f7d871124c1e86cfab8ecf28cdf69819af921f443e1b782067760803cfda8543
urn:ure:t6:occ:function:current-client:004bf020	0x004bf020	simple	FUN_004bf020	30	1	92	e2c18c9010d272e9ab8e939729b22264fd8ddfdc5a6dbdddc52b31618373177a
urn:ure:t6:occ:function:current-client:0041fec0	0x0041fec0	simple	FUN_0041fec0	30	1	94	762f48c0efc7ccb6f977f1fadc596e15b5fca0f4276cd67e7fd9767983677e45
urn:ure:t6:occ:function:current-client:005a5460	0x005a5460	simple	FUN_005a5460	30	1	94	dc2da0a815a8e647bfdedc3df8a14efd06cd736e46324a22feee4cf3242bd6f1
urn:ure:t6:occ:function:current-client:00486960	0x00486960	simple	FUN_00486960	30	1	99	2445f405109467cc495c29752431af461a246cdec0353a851e6788c65de615df
urn:ure:t6:occ:function:current-client:005d3c20	0x005d3c20	simple	FUN_005d3c20	30	1	99	b7bbc0cc5c4e45a818e46cc1e3e4f8bf9cb08e44259d7e1ba7c7cfcaa76fb869
urn:ure:t6:occ:function:current-client:0085cf20	0x0085cf20	simple	FUN_0085cf20	30	1	99	1a943b5f8a7e47c0fb6d5113db8c9bc440b44b32d23a97852b5289316f31eff7
urn:ure:t6:occ:function:current-client:007033c0	0x007033c0	simple	FUN_007033c0	30	1	101	28297161459f865a0fe83d8cb718c01044ceea9378021827545be1356bf2bd68
urn:ure:t6:occ:function:current-client:00558d50	0x00558d50	simple	FUN_00558d50	30	1	102	d94bc082b913274044feb917ebd447de9d516f3d36f0f6b6e6d1958caaed21bf
urn:ure:t6:occ:function:current-client:0069d9b0	0x0069d9b0	simple	FUN_0069d9b0	30	1	104	72e5b31cea189697f33161016f222f9afcd32f92e28692b6869f262f7dfddcd2
urn:ure:t6:occ:function:current-client:00a077d0	0x00a077d0	simple	FUN_00a077d0	30	1	104	2f99f4c28eaece5f2cc8546970526f53ad435a11d2916becc9a5eaeccaa12794
urn:ure:t6:occ:function:current-client:00a00ac0	0x00a00ac0	simple	FUN_00a00ac0	30	1	105	ba1fb1436600d185dcc7f5d215aca6cef0379b65bd5f4aa2a31cbc8022bc1d62
urn:ure:t6:occ:function:current-client:006d9e30	0x006d9e30	simple	FUN_006d9e30	30	1	108	1e18722ed34067c29c1d83372231fcb90a5cb9de3b458288a8598c90c688ac2c
urn:ure:t6:occ:function:current-client:005cd7f0	0x005cd7f0	simple	FUN_005cd7f0	30	1	110	40f19a78c2ae68402eca395d74c24f8a008a86b04fe034bb6ab6fd8e6ea0cbde
urn:ure:t6:occ:function:current-client:00588830	0x00588830	simple	FUN_00588830	30	1	111	4e7206dd78b485b3ed714432c8311653752e3d466d11607b84ca4bdf761d9514
urn:ure:t6:occ:function:current-client:00770c80	0x00770c80	simple	FUN_00770c80	30	1	119	3e8c49608437e8abfd67916c792b8ac2cba9e65291a53c4a6f437cdad6b1d149
urn:ure:t6:occ:function:current-client:006904e0	0x006904e0	simple	FUN_006904e0	30	1	121	d911aa355edf1d4cb22afee00e9804c3dc03aba0fca850274bb779c640795cdd
urn:ure:t6:occ:function:current-client:0054d930	0x0054d930	simple	FUN_0054d930	30	1	125	9fec929aea78e1119be5148e7c4d5deb28e5d625d95a9f4203843d9653f3494f
urn:ure:t6:occ:function:current-client:008318c0	0x008318c0	simple	FUN_008318c0	30	1	126	33d2b649b6410fc9fd00ecae6e94c1787359e4d3377d4c8180690773c083b8c0
urn:ure:t6:occ:function:current-client:00414f10	0x00414f10	simple	FUN_00414f10	31	1	64	dd69c65220d145b7dae5992aecc520b1f0281096f27c17e379c4735d86e251d5
urn:ure:t6:occ:function:current-client:00a6ccc0	0x00a6ccc0	simple	FUN_00a6ccc0	31	1	64	cad3ad7aa8cf613d147f06ef0903e35993626f34671e408a5cf080f0265ec0fd
urn:ure:t6:occ:function:current-client:00a0e440	0x00a0e440	simple	FUN_00a0e440	31	1	67	107f3bf5aeb213684617215d1a7aacdbbc7f12f53946e36f19c420760769a1d9
urn:ure:t6:occ:function:current-client:00533110	0x00533110	simple	FUN_00533110	31	1	68	c27369ced9f48415f515f2ca29481b5145b3eab1655f2a016eb9c3eac092632f
urn:ure:t6:occ:function:current-client:00935da0	0x00935da0	simple	FUN_00935da0	31	1	68	a515b325ee5b2c9cd3ffbc6037ab3672ba67a8528b67f804f1c410841adac015
urn:ure:t6:occ:function:current-client:00af8ee0	0x00af8ee0	simple	FUN_00af8ee0	31	1	71	a963a6f82f54005dff61d70a3310826a1c9c88e233989554c312361817b8d66b
urn:ure:t6:occ:function:current-client:00683820	0x00683820	simple	FUN_00683820	31	1	73	b2d1ffe0b2649214db6de2b7fae5e7883241217c55c7d949920a413ceb911f17
urn:ure:t6:occ:function:current-client:006a2550	0x006a2550	simple	FUN_006a2550	31	1	73	5d593ea499c39a4e8fae246099d26960c3a8e68295fab6674db43973f69dd8e5
urn:ure:t6:occ:function:current-client:00628c60	0x00628c60	simple	FUN_00628c60	31	1	75	012eb2588fbcc055fe78f8fcda37c01e7c4db5b1ff747e823a4f8f85d50fe3a5
urn:ure:t6:occ:function:current-client:006c3130	0x006c3130	simple	FUN_006c3130	31	1	75	152d270bea47f089ab90974e1026a569396b29cdaa672c3bffe5da6f00c2bd33
urn:ure:t6:occ:function:current-client:00a357a0	0x00a357a0	simple	FUN_00a357a0	31	1	75	d7bf6faafa7ff93e02ae6884d8a3f3e46418dff6738aae398d39b89c40ee1478
urn:ure:t6:occ:function:current-client:00426420	0x00426420	simple	FUN_00426420	31	1	76	ac727f4c62c9eb823d08d3cf5045ea39c17abbfd86897237b36e2e946148f735
urn:ure:t6:occ:function:current-client:00573cc0	0x00573cc0	simple	FUN_00573cc0	31	1	76	4709de4ecf0cd1a09919c3f0604ebd0cc8413afa87d305f2afdb836a5380df6b
urn:ure:t6:occ:function:current-client:00574b80	0x00574b80	simple	FUN_00574b80	31	1	76	b953e086bd1febd3d5206f175a8ccd9137a761ea922575fcf04cb2defd932fc7
urn:ure:t6:occ:function:current-client:006ed4b0	0x006ed4b0	simple	FUN_006ed4b0	31	1	76	25e0a3dba2d2c2d52b531280d8df19a8fac49f78fa12a34e8109d9a639cabee6
urn:ure:t6:occ:function:current-client:00af90a0	0x00af90a0	simple	FUN_00af90a0	31	1	77	fa0961d46897791ba3de47db619d94fa411d81547df2e4c085ae8f2d7c183129
urn:ure:t6:occ:function:current-client:005af790	0x005af790	simple	FUN_005af790	31	1	78	9070f82a73325270bcc949d8f3c338cb63eb7ee8637341e73b4c27e1449b556c
urn:ure:t6:occ:function:current-client:006ad580	0x006ad580	simple	FUN_006ad580	31	1	79	55938145a4accd80b8f81f1c8f4734b0e63315b83748aeeabd6267394dc2f1b4
urn:ure:t6:occ:function:current-client:00a1e280	0x00a1e280	simple	FUN_00a1e280	31	1	79	cbab7473c8ad1518ea07ef5241d6d467530545f200a83bf60bfc513ba42d1b45
urn:ure:t6:occ:function:current-client:00b2d2d0	0x00b2d2d0	simple	FUN_00b2d2d0	31	1	79	75c3b2c6b06ad86b650125d2af188ea54150f06e350754f545195f3b694125ab
urn:ure:t6:occ:function:current-client:0079c360	0x0079c360	simple	FUN_0079c360	31	1	80	72ab85905d8522c996676c9bdb7dff390440ceb7691a340b65c0ebd104e132a9
urn:ure:t6:occ:function:current-client:00915030	0x00915030	simple	FUN_00915030	31	1	80	bf4dd2c3e55b382d5e6216444f93bcbca7b04f87a5da72e52d2b34c86404680c
urn:ure:t6:occ:function:current-client:00a73f4d	0x00a73f4d	simple	__time64	31	1	81	c72a7ab9805a9a1d008032358322066f71ba3a74f963206de6ca2854c699a8b4
urn:ure:t6:occ:function:current-client:00869ea0	0x00869ea0	simple	FUN_00869ea0	31	1	82	4bc7c57865c7ec58e0ceeebacbd817156d22b65949013089a74169bc185d32cc
urn:ure:t6:occ:function:current-client:009f5a49	0x009f5a49	simple	FUN_009f5a49	31	1	82	405ad7d9d165748eca8a2663928f2ef4027872a1878c2879cf1bbb46abd7d9e1
urn:ure:t6:occ:function:current-client:0055f5d0	0x0055f5d0	simple	FUN_0055f5d0	31	1	84	9f789cd7f4b5581a866b88228ba13d83403d80ec5e8835aae565c19966224ac8
urn:ure:t6:occ:function:current-client:005cd510	0x005cd510	simple	FUN_005cd510	31	1	84	0f4cd8bbbf1bf765bcdf880261fd4cc94a5415998034b93ae132a849c926ea55
urn:ure:t6:occ:function:current-client:009764b0	0x009764b0	simple	FUN_009764b0	31	1	84	4bf699d66c414c844a9a26e085f72f6b258b7bf45cc3afdcdd3132fcd319d2d1
urn:ure:t6:occ:function:current-client:004e4850	0x004e4850	simple	FUN_004e4850	31	1	85	9f0170677223c991a0fb150a2b651168190e406fe324f0daaa27cf39a0fc4773
urn:ure:t6:occ:function:current-client:0050af00	0x0050af00	simple	FUN_0050af00	31	1	85	62a51041b03013323054f0b21f2bce015b295aa791cf8712cffc168557875ff0
urn:ure:t6:occ:function:current-client:00682160	0x00682160	simple	FUN_00682160	31	1	88	969f821ed0b057f233a55ee2b65b660a79780e838e8a117ed29608e716dc69be
urn:ure:t6:occ:function:current-client:0054b730	0x0054b730	simple	FUN_0054b730	31	1	89	6bcb9afa3f3ab9ec4cf6e4bd2956ea382d2d2a64cb6d39ef49a96998d6bd7667
urn:ure:t6:occ:function:current-client:009f5638	0x009f5638	simple	FUN_009f5638	31	1	89	2175fb62be74734fe10384d1dc2226c3371ead6879b14b187c43cdb8830eb6bb
urn:ure:t6:occ:function:current-client:0054b500	0x0054b500	simple	FUN_0054b500	31	1	91	2da1186c5c054c979a8326976af575a6ef506d1424865e2731fbc7de06b557fe
urn:ure:t6:occ:function:current-client:00543480	0x00543480	simple	FUN_00543480	31	1	93	fd4a78829bdb18e3f2afac580eefde00fa06072999381d3083ed999d2df5a2b4
urn:ure:t6:occ:function:current-client:00a40210	0x00a40210	simple	FUN_00a40210	31	1	94	d84955a715f521bfd2129ef15cb7a4e7b0c3da7256f9c7982132a2c519dabf60
urn:ure:t6:occ:function:current-client:00a0a530	0x00a0a530	simple	FUN_00a0a530	31	1	95	1e826281e07e9ac855bd2607a2e1abe617eca76205c20cfdaa4c76e3aa9c3f32
urn:ure:t6:occ:function:current-client:00a0a590	0x00a0a590	simple	FUN_00a0a590	31	1	95	bc0e07b3b460f3a7d38f1d58169ac14e7f0f92746545e684960b8ef5b6fac34c
urn:ure:t6:occ:function:current-client:005c55f0	0x005c55f0	simple	FUN_005c55f0	31	1	96	48689f2f738b2125408c51f23632f4e5627635a6e2d7b1d06b5e38b54a68b971
urn:ure:t6:occ:function:current-client:00a79575	0x00a79575	simple	_CallCatchBlock2	31	1	96	4debc46d238e0439271334603bd4eb22860fccb3b666251d977516b55f037eaf
urn:ure:t6:occ:function:current-client:0049e920	0x0049e920	simple	FUN_0049e920	31	1	99	d0ab2644dab5a48d35ea9a27a481c0b21eb97888ffe5ac341ddde89d713772f3
urn:ure:t6:occ:function:current-client:008ce890	0x008ce890	simple	FUN_008ce890	31	1	100	e5d3582ccdf2341ab952a4311f434882b6b378156c9e45ef74ba75a36f45377c
urn:ure:t6:occ:function:current-client:008f9e70	0x008f9e70	simple	FUN_008f9e70	31	1	100	697babebd4ca21bf5b8faf41c83649faa90b0765d01c077b28f75dd2acfc8ac7
urn:ure:t6:occ:function:current-client:006f84c0	0x006f84c0	simple	FUN_006f84c0	31	1	101	5e51ff36f451f2cc5d05698dc0d603c4d6c9a7d0c14280f38028787727a31d2c
urn:ure:t6:occ:function:current-client:008cb7d0	0x008cb7d0	simple	FUN_008cb7d0	31	1	103	17f0e372fc42201ae75d6b369193252be47677f1ed918b6506bfeadd6e2c9666
urn:ure:t6:occ:function:current-client:00524e00	0x00524e00	simple	FUN_00524e00	31	1	108	ebfd8b7ed1df70fdbfa9bcd768df0627c9338cf09c9248e51897c4735f777558
urn:ure:t6:occ:function:current-client:00514790	0x00514790	simple	FUN_00514790	31	1	109	5db6118244e097e1804a5efa76acafc5b8c0837889c1dc99b8fe0a26319bc16e
urn:ure:t6:occ:function:current-client:005ee830	0x005ee830	simple	FUN_005ee830	31	1	109	f4984e06e80137210adf53a6267a480e7abd30156de7360090f5df3103fd6bc5
urn:ure:t6:occ:function:current-client:005f24e0	0x005f24e0	simple	FUN_005f24e0	31	1	109	2c6bc42ae8aa278f928877fa1b3e8f7a811455714b033a61722873fab25619f7
urn:ure:t6:occ:function:current-client:00838800	0x00838800	simple	FUN_00838800	31	1	111	c3435343c311f48f3a4eefd477b81145a9e6b4e967b280dd20d9eda5706d2450
urn:ure:t6:occ:function:current-client:006fa420	0x006fa420	simple	FUN_006fa420	31	1	117	e4f01ad50a97d2422234720ee8c7b5ea3daf5a04560278b29dded2fc14b905d6
urn:ure:t6:occ:function:current-client:0049ba20	0x0049ba20	simple	FUN_0049ba20	31	1	120	18a08bdebf359f69033cde9b2cd2d248bdbd27279f5cd3dcd5113035bcb8649a
urn:ure:t6:occ:function:current-client:004445c0	0x004445c0	simple	FUN_004445c0	31	1	121	fbfc6594650a92c184b075d3288b46f794d1118f30b9f2290c39b991d9264bdb
urn:ure:t6:occ:function:current-client:0090ceb0	0x0090ceb0	simple	FUN_0090ceb0	31	1	122	dfcfbe3169e68f9f238e12133dc6a5805bd55f694388c32ea9b544227d7a8d36
urn:ure:t6:occ:function:current-client:00528c20	0x00528c20	simple	FUN_00528c20	31	1	123	9e997e68688d850243f5add40ced8c7eb0b5324fa2b249236b5cc46abab0ba43
urn:ure:t6:occ:function:current-client:006c9f80	0x006c9f80	simple	FUN_006c9f80	31	1	123	7bd678ef71ff345a7ab25e7f477ee82d0c5d2c1e9269731ce175b40a63b9a1ad
urn:ure:t6:occ:function:current-client:00611ec0	0x00611ec0	simple	FUN_00611ec0	31	1	129	3cfe947cca2ff5f48c483ec6828dafcfb384531229081d27338f1bb23963a1ce
urn:ure:t6:occ:function:current-client:0081d8c0	0x0081d8c0	simple	FUN_0081d8c0	31	1	129	4e5dd617a9c99f2e205c65e2801ea5e350541110e5332f322936299c10869ada
urn:ure:t6:occ:function:current-client:0079eaa0	0x0079eaa0	simple	FUN_0079eaa0	31	1	145	60b7c066793c66af5ec5d61bd3ba85ab6ce96ad60b03b12241988f956dce8170
urn:ure:t6:occ:function:current-client:00648260	0x00648260	simple	FUN_00648260	31	1	147	5e26b19dad3a9d80cac428b574d32fc46d19ba6e2cf9ad44abc1503cc1592b91
urn:ure:t6:occ:function:current-client:009b9f30	0x009b9f30	simple	FUN_009b9f30	31	1	154	8978b27ff687bfbc880c859c266895d3079e8c8b9363fa6f9678549973a677f5
urn:ure:t6:occ:function:current-client:0050a4c0	0x0050a4c0	simple	FUN_0050a4c0	32	1	65	dcd586f7c7a636505e8740bcceb7a16148f6a123a2ee3d65f8f92b6e94f34761
urn:ure:t6:occ:function:current-client:005b7a40	0x005b7a40	simple	FUN_005b7a40	32	1	65	ba736429c0739ef7aca391cf6e36f837c49cef716b2715a3778b2934e6af5a50
urn:ure:t6:occ:function:current-client:00686cb0	0x00686cb0	simple	FUN_00686cb0	32	1	65	0179c39714a2848fed343f8ca18fb745bbd60ae850802f3dede0b7b7569bc4f6
urn:ure:t6:occ:function:current-client:00567980	0x00567980	simple	FUN_00567980	32	1	68	402fd766b8e31fe5d8a105051a3efa2932e7b53ea230408de340bd3d93fbe14e
urn:ure:t6:occ:function:current-client:004a0ff0	0x004a0ff0	simple	FUN_004a0ff0	32	1	69	3c40a1e2a544f0c42ebf1f3d8a039890d5d36620649980514ace2448499f8f60
urn:ure:t6:occ:function:current-client:004cc570	0x004cc570	simple	FUN_004cc570	32	1	70	ca13d21b65564341214bb95357a3519db20cbdd676a6e36181f73fa6a4e93e93
urn:ure:t6:occ:function:current-client:0056c3a0	0x0056c3a0	simple	FUN_0056c3a0	32	1	70	9eefdcc23fef5e5ab77283ac05617168834ae85a6ce40f91a1f9ac22ede65709
urn:ure:t6:occ:function:current-client:009dd630	0x009dd630	simple	FUN_009dd630	32	1	71	1365ad098e072a4cf15acb9020f22be0ad952611442198202ba7f58a59147050
urn:ure:t6:occ:function:current-client:006df170	0x006df170	simple	FUN_006df170	32	1	72	b06fa5e5693993300bb4dc346de1a7b97b3cd2bfc3706508f9e3aa0ad81e55c5
urn:ure:t6:occ:function:current-client:00ad7f50	0x00ad7f50	simple	FUN_00ad7f50	32	1	74	3d8841928364e3c7e83c8632dcdb3a693ee578c63af96984ebce8bb3f819b82e
urn:ure:t6:occ:function:current-client:00533b30	0x00533b30	simple	FUN_00533b30	32	1	75	d99b68cb8843e847a818a720a6e932763f058cdc6b04426389635286be17c88c
urn:ure:t6:occ:function:current-client:005ad610	0x005ad610	simple	FUN_005ad610	32	1	76	1226d29a9636ece298b7a387cf4bef5da963b31c01a290b42c6749b7407a1ba4
urn:ure:t6:occ:function:current-client:0058dcf0	0x0058dcf0	simple	FUN_0058dcf0	32	1	77	35eea3b05bcaee5ea45b4ff43a67d63334231a5dcfc1db1451d11236f120f2c8
urn:ure:t6:occ:function:current-client:0096bfd0	0x0096bfd0	simple	FUN_0096bfd0	32	1	77	f88ca52b5ee4ceac52f65826116f93eeab23db7bf2fde49ec7323d1287ab65ba
urn:ure:t6:occ:function:current-client:0096cfa0	0x0096cfa0	simple	FUN_0096cfa0	32	1	77	43b274a6f94e30151d6a892c151abdfd2ed8085fc031e3aa096732bb7a820ed6
urn:ure:t6:occ:function:current-client:005e2cf8	0x005e2cf8	simple	FUN_005e2cf8	32	1	78	e73c4c32b293f1319d75d18cb29e80aca67b60387103c359887aadecfb3a51ec
urn:ure:t6:occ:function:current-client:008e6b80	0x008e6b80	simple	FUN_008e6b80	32	1	78	9ccaeab6d312642485873679aaec37b385de0a6a0bb43f4bad5d153f25f50ffa
urn:ure:t6:occ:function:current-client:00a87ed1	0x00a87ed1	simple	__realloc_crt	32	1	78	6596fbb004d9b99b06e68cd0da5aa8baf0b93e4e1569512c817a3db089d07795
urn:ure:t6:occ:function:current-client:008ab850	0x008ab850	simple	FUN_008ab850	32	1	80	7a330bdc34fdca7e0eff6622aaae4f858061fb4d85db5edf7e80e83ed564669d
urn:ure:t6:occ:function:current-client:0051fb50	0x0051fb50	simple	FUN_0051fb50	32	1	82	bba601ce52d8b86aec8ca6144fa33cb73e601997efd38754ab88cf71d02ed112
urn:ure:t6:occ:function:current-client:00a87f1f	0x00a87f1f	simple	__recalloc_crt	32	1	82	8bb2f9463b4c4123561e87afcf16e0084789a5ac8b190d6ba456169636e2d630
urn:ure:t6:occ:function:current-client:00adcbe0	0x00adcbe0	simple	FUN_00adcbe0	32	1	83	1624f95d51a2eabc789c6843a7e1f1a0be585bba4dd95c41ef3703d7f0803c1b
urn:ure:t6:occ:function:current-client:004d2270	0x004d2270	simple	FUN_004d2270	32	1	84	756da03e5426aad355b589a36dfbeb5cdc6efedfb2dc2f9907b443d1b08f7a9c
urn:ure:t6:occ:function:current-client:004f8220	0x004f8220	simple	FUN_004f8220	32	1	85	6ebea2e716d83759330a31cf533e028a81ad76c63323c79f2e35fbe980c5f72e
urn:ure:t6:occ:function:current-client:00a060b0	0x00a060b0	simple	FUN_00a060b0	32	1	85	7b77008e3d00d8d97fdd50e70af98d06af20cd0a1c983d8099d5f7c90c77282d
urn:ure:t6:occ:function:current-client:00a10b60	0x00a10b60	simple	FUN_00a10b60	32	1	85	a5bc000587da75251deda20358311eda8bba75392b53e22f4be6028afcd45a8b
urn:ure:t6:occ:function:current-client:00697990	0x00697990	simple	FUN_00697990	32	1	86	d699bb4563a910f0ccb594ba8d2a5f52eabc409643f0d90df3076dc6c703f8e6
urn:ure:t6:occ:function:current-client:0086b860	0x0086b860	simple	FUN_0086b860	32	1	86	5d60ba0032461e11b5c5d645531b77374b96ca1b1c5a5533b80c5f3f6dc9844f
urn:ure:t6:occ:function:current-client:0053e620	0x0053e620	simple	FUN_0053e620	32	1	87	93d8b972f8061651ced6e0a132ca82eb338eafc3ad1085900bae2f5efaeedcdf
urn:ure:t6:occ:function:current-client:00a09280	0x00a09280	simple	FUN_00a09280	32	1	88	775b546a800734d61bf2d3ba4c9a1b60f8bc25128f979997916022a69b3e0779
urn:ure:t6:occ:function:current-client:00a0a5f0	0x00a0a5f0	simple	FUN_00a0a5f0	32	1	88	3732785e175f7283b392696e14d6120e91a424de6ffb8678af07758039ab4914
urn:ure:t6:occ:function:current-client:00754db0	0x00754db0	simple	FUN_00754db0	32	1	90	076a5b8c3738314c1e7b44df00d1f8d50a010053a7d8b72770093d2e22fe8935
urn:ure:t6:occ:function:current-client:00a19d30	0x00a19d30	simple	FUN_00a19d30	32	1	90	7faa50a347c7dafcba9def60ccacccb919e1122ef9bb6eff528a857cadea89bd
urn:ure:t6:occ:function:current-client:005fb2f0	0x005fb2f0	simple	FUN_005fb2f0	32	1	92	d0825e77f84410ad108137b7fc2dc959f808c754aa9b0ab90fdd9aab071b80ec
urn:ure:t6:occ:function:current-client:0048c7c0	0x0048c7c0	simple	FUN_0048c7c0	32	1	93	1bc65267bbf183d23e887f07598ed542c358e7181f420eb87ec42bda5e799c5e
urn:ure:t6:occ:function:current-client:00a061b0	0x00a061b0	simple	FUN_00a061b0	32	1	97	d3e094d2df2cc54c520e126bf55bc7a97e12a0d30e6f4089de04782298ebc5a6
urn:ure:t6:occ:function:current-client:00b384d0	0x00b384d0	simple	FUN_00b384d0	32	1	98	a97108508a9758a9c82d9e887e8fd16c418c74267b35bba503d6b3e63316bddd
urn:ure:t6:occ:function:current-client:00626c90	0x00626c90	simple	FUN_00626c90	32	1	100	a8e722ed531dc72af9090f64f2275ee6cf80554de06c0f4d17ec44e3f8402972
urn:ure:t6:occ:function:current-client:006dabe0	0x006dabe0	simple	FUN_006dabe0	32	1	100	28a795131d8c03ea90ea68ca26e7e948c0d077fbb0d2a913a724b5a76d87092c
urn:ure:t6:occ:function:current-client:00af3110	0x00af3110	simple	FUN_00af3110	32	1	100	e766ba8fcf39db76000b37ca3f0ba6addee601e4b60e88be078498b9d4a4f120
urn:ure:t6:occ:function:current-client:00499e10	0x00499e10	simple	FUN_00499e10	32	1	101	99669225332f6dbbfd3c218c48c7b441c53e4cd93bc2e492050130da907fdc61
urn:ure:t6:occ:function:current-client:00702d80	0x00702d80	simple	FUN_00702d80	32	1	101	203b07cea2781dad234f42472116ddfc3a63ffd82f6ee8b377f1089c37c19953
urn:ure:t6:occ:function:current-client:0066fcb0	0x0066fcb0	simple	FUN_0066fcb0	32	1	102	a0e27e40a0055361844ccb262127aadb32e658be1114318a2932e9ed0fe7a92d
urn:ure:t6:occ:function:current-client:008c88e0	0x008c88e0	simple	FUN_008c88e0	32	1	104	1b9954175601f2c4794096a149693e5d2077c41beaf503dc1c3e400f7f1a2151
urn:ure:t6:occ:function:current-client:004ff870	0x004ff870	simple	FUN_004ff870	32	1	109	9f96e0d0eec680b84fd5e310bc1775d863ef46f7af6d6131c2e4c18ccf873702
urn:ure:t6:occ:function:current-client:00514800	0x00514800	simple	FUN_00514800	32	1	111	bd2e9a3fcd30c63bf76fcfa439ba799465a0470b77082893a689ef2f960c96c1
urn:ure:t6:occ:function:current-client:00820760	0x00820760	simple	FUN_00820760	32	1	113	78faba89c60ad65a59c8fb638d89b8e4e21b253b9e37efbead6cea1eb046f25a
urn:ure:t6:occ:function:current-client:008b7a40	0x008b7a40	simple	FUN_008b7a40	32	1	116	61f12b54b047d7216137847bcdd4ae907d46bba38155bccfd636361b08e559cd
urn:ure:t6:occ:function:current-client:008b7ac0	0x008b7ac0	simple	FUN_008b7ac0	32	1	116	ebb4cae112ba92d2664043638d4e1802d19b5c9585aca2e6a00193b8caedf982
urn:ure:t6:occ:function:current-client:006f0330	0x006f0330	simple	FUN_006f0330	32	1	120	b92269fe24d8cdc9ac5fcb13cfeef73de444bed2217af64fdbb8b614db0fa19a
urn:ure:t6:occ:function:current-client:00969f80	0x00969f80	simple	FUN_00969f80	32	1	123	f38909695da73298817e00df89a1ab653ffeac91acb0e567ade4d15ee2d549a9
urn:ure:t6:occ:function:current-client:0053bf30	0x0053bf30	simple	FUN_0053bf30	32	1	128	93360599eab95ad07142eb135b89f56e03e17deef66bd2dd2b00cada59a0c355
urn:ure:t6:occ:function:current-client:004e4330	0x004e4330	simple	FUN_004e4330	33	1	61	b378bcf21e491daa8fcd7c171fdfd528b049380aac6991ed22ad954f9c80276c
urn:ure:t6:occ:function:current-client:005b5a80	0x005b5a80	simple	FUN_005b5a80	33	1	63	afbc0f681c75a15fa018460bb51d3346dccee9ba44a6af7fffefc998ea4b12b9
urn:ure:t6:occ:function:current-client:00447420	0x00447420	simple	FUN_00447420	33	1	67	e0c99a4e38de1f735ba6dd36614e3616f3d13d506b2735ebd54e08e52081b44e
urn:ure:t6:occ:function:current-client:005077f0	0x005077f0	simple	FUN_005077f0	33	1	68	2c6cc451a8b45f0f732d415bd3a4a7b2b47b11e0b78a56cac989bcc430865efb
urn:ure:t6:occ:function:current-client:00acd380	0x00acd380	simple	FUN_00acd380	33	1	68	7fc132437958c64523f7cd1bfa238ed49448ad56d0be224a8017200d957b9d45
urn:ure:t6:occ:function:current-client:006bb660	0x006bb660	simple	FUN_006bb660	33	1	69	ea155a0584112a668149c252937a05012016a00aa1e090f63729ffa39b695eeb
urn:ure:t6:occ:function:current-client:00b16e10	0x00b16e10	simple	FUN_00b16e10	33	1	69	eb9c10d2917f880dab6393394cb5ff2bcdc3b25d8e019a5cd3754b413b3a7467
urn:ure:t6:occ:function:current-client:00afa1b0	0x00afa1b0	simple	FUN_00afa1b0	33	1	73	e8d36534c03080c232d89acaa6c12f973215efc717c6fa1e9393cd89303cddda
urn:ure:t6:occ:function:current-client:0078aaf0	0x0078aaf0	simple	FUN_0078aaf0	33	1	74	338b78846d497b867d87c7926db7e5b871d604fe17040dca73c68dc3e2b6cafc
urn:ure:t6:occ:function:current-client:008fa2d0	0x008fa2d0	simple	FUN_008fa2d0	33	1	74	35d0bec0667920dc77184aecfc476bcd8fbaa6481efbe780f043dafd97df3fca
urn:ure:t6:occ:function:current-client:00645b31	0x00645b31	simple	FUN_00645b31	33	1	76	85d6977dd2c58497a404d729687f5de6c3f4c9e591265c3cff7335ba622a6658
urn:ure:t6:occ:function:current-client:00a7bc45	0x00a7bc45	simple	__splitpath	33	1	76	18e282b9605ff2f6273c91e62ddfd39fbbad5cb4a575988dd8eb70ae4a16962d
urn:ure:t6:occ:function:current-client:00a4f600	0x00a4f600	simple	FUN_00a4f600	33	1	79	b5327386ea5f3d1161193a9cf210e1878eb3eb9a5cd72e3541d44d516520dadc
urn:ure:t6:occ:function:current-client:00701da0	0x00701da0	simple	FUN_00701da0	33	1	81	5405c1eb0a4481d788c651f0ae2220d249feb54d9febbceef939260fc456fdb0
urn:ure:t6:occ:function:current-client:006d76e0	0x006d76e0	simple	FUN_006d76e0	33	1	82	6ddbedcbf870680f7dfa507bc1fdab191b54fbb67ecafc325a1a0d2284bde06f
urn:ure:t6:occ:function:current-client:005dfd10	0x005dfd10	simple	FUN_005dfd10	33	1	83	568f1bc84a1633b87be2f822d3563665f4b81423de232f3a0a26b6d3ca8749b4
urn:ure:t6:occ:function:current-client:006df5d0	0x006df5d0	simple	FUN_006df5d0	33	1	83	b9382e354ebe2798158868f6c22542e26997f3ef3025ef56c496b3980186b1f1
urn:ure:t6:occ:function:current-client:00ad7230	0x00ad7230	simple	FUN_00ad7230	33	1	84	8c905da7d09266b617764d5ba2da2ecd15213cca3d608383f8e816154bfeade5
urn:ure:t6:occ:function:current-client:00af44f0	0x00af44f0	simple	FUN_00af44f0	33	1	84	42e4aea45a3150d75b1844f45265334c38d385283c61c94305f1d154c50118bf
urn:ure:t6:occ:function:current-client:0044a4a0	0x0044a4a0	simple	FUN_0044a4a0	33	1	85	79353aacb2f60c446d516337a9094eeeb7f35bafa367a573461d88249a6e783e
urn:ure:t6:occ:function:current-client:00453280	0x00453280	simple	FUN_00453280	33	1	85	3539b053f1b9e767dbe0ce9fe21e871231443be325fb4ccb457d9903a1151c78
urn:ure:t6:occ:function:current-client:004e21a0	0x004e21a0	simple	FUN_004e21a0	33	1	85	7a22464260fb97ecd1f7c5c0b4464e3e06db353475dd981fd7c5f78264fba4ca
urn:ure:t6:occ:function:current-client:0057a1d0	0x0057a1d0	simple	FUN_0057a1d0	33	1	85	ed77f68fcae41ce0eab3ff6b35668358afe9524ba21c9da8929d6d2ef09dc06f
urn:ure:t6:occ:function:current-client:005c3550	0x005c3550	simple	FUN_005c3550	33	1	85	b1b2460bc91435ebbb2d4238462052f40f2b8165867e156bc5efe083f68a680c
urn:ure:t6:occ:function:current-client:005e2c30	0x005e2c30	simple	FUN_005e2c30	33	1	85	65dd85bac6e4f0c9f62782d129cd0003b2afa96cec982028966ed5333c8293a7
urn:ure:t6:occ:function:current-client:006025b0	0x006025b0	simple	FUN_006025b0	33	1	85	b779baa794df26ec6b6b7367c6b9cac14efd8c4f262dc56e858d2d5afc9c7dd3
urn:ure:t6:occ:function:current-client:00614310	0x00614310	simple	FUN_00614310	33	1	85	f183feb7e620e87e7a5aaf06e251c8cadc11a31d83eba3430bd37a04e16a41ac
urn:ure:t6:occ:function:current-client:0063ebc0	0x0063ebc0	simple	FUN_0063ebc0	33	1	85	6d907215bf9bd4fa492c965c10c7d55afc2951ff1af464c5899846fbc840ccb4
urn:ure:t6:occ:function:current-client:006822e0	0x006822e0	simple	FUN_006822e0	33	1	85	4414cdc75653f1185691a71a34e3c7a063b03ef9112504bdacc3d092ffb6db18
urn:ure:t6:occ:function:current-client:006aac00	0x006aac00	simple	FUN_006aac00	33	1	85	dff5b27ff8bdd183a0f7fd9411cc4fad8cba66fc85aa9406b018b0abc34ee14e
urn:ure:t6:occ:function:current-client:00abdd30	0x00abdd30	simple	FUN_00abdd30	33	1	85	4e8eaa839e20e712633e1fe80450cd52b30522fcb1e1d43f38d184e98133b18a
urn:ure:t6:occ:function:current-client:009b1be0	0x009b1be0	simple	FUN_009b1be0	33	1	86	3b8a269e5bb14ddb202ae192ad9a439b2e46e39317279f8d4064d06a2e68c683
urn:ure:t6:occ:function:current-client:006c5a60	0x006c5a60	simple	FUN_006c5a60	33	1	87	0a989e5b8cc6b70f7ea52c9e3700d4c56615936c0104c6acdfa59fcf3632a4b8
urn:ure:t6:occ:function:current-client:004a75a0	0x004a75a0	simple	FUN_004a75a0	33	1	89	4195022bc7cdf0a9b5b8419456793e1df61f0a84ed55043f332fe6ce01f28782
urn:ure:t6:occ:function:current-client:0053ec50	0x0053ec50	simple	FUN_0053ec50	33	1	89	b277163630272141623c2dc06b856c3dad6ad883846b57b32a2dca49ed710fdb
urn:ure:t6:occ:function:current-client:00738760	0x00738760	simple	FUN_00738760	33	1	89	3935b371ee577def8efadcd0e6272a8f3f8be45b37032d33cc8a7b2b37d53f3e
urn:ure:t6:occ:function:current-client:007387c0	0x007387c0	simple	FUN_007387c0	33	1	89	93fbd405ba772b630644ab975b779832b558b2ccccc60c2520e610301dad2fcb
urn:ure:t6:occ:function:current-client:00738820	0x00738820	simple	FUN_00738820	33	1	89	8579440eb615cbd4d829cac7988d8280124c64452b59e66c1766cd36467d37a9
urn:ure:t6:occ:function:current-client:004a7fa0	0x004a7fa0	simple	FUN_004a7fa0	33	1	92	88d51bcacc51d468a59aa47f1e18a3436d30590c167f3aae6b240b1de3cbbde0
urn:ure:t6:occ:function:current-client:004b4a60	0x004b4a60	simple	FUN_004b4a60	33	1	92	ca8e6a41d9b94a613285173cd872b91a05a89ec322abc7eb719e343b059f9a57
urn:ure:t6:occ:function:current-client:00aca3e0	0x00aca3e0	simple	FUN_00aca3e0	33	1	92	88b3ebb51ee7a399500a476db6a5889c002242e08e74b39e38321fe6f2148160
urn:ure:t6:occ:function:current-client:00464e40	0x00464e40	simple	FUN_00464e40	33	1	93	9cddec23f9526d8f198fb911db88b648ce0bac480750fe7408f11ed7db25c222
urn:ure:t6:occ:function:current-client:005dce30	0x005dce30	simple	FUN_005dce30	33	1	93	71976d02a0ff13e1c27f18e20877ab6d9e7e05ff0a510f7c28bf042901d06253
urn:ure:t6:occ:function:current-client:0057e680	0x0057e680	simple	FUN_0057e680	33	1	94	8cda0e312317da99685e1aeeeefc176a99683cf7277f358369c7caa68590eb8c
urn:ure:t6:occ:function:current-client:00a4a230	0x00a4a230	simple	FUN_00a4a230	33	1	94	0535d07a51c8cea05ff54de32a1bc5a69c8609a1729ecd54abd0d2e66432f5eb
urn:ure:t6:occ:function:current-client:005189d0	0x005189d0	simple	FUN_005189d0	33	1	95	bba95f118b1d52540fae004ce5e097f623f67251ead68dceb5fde119ad58dad6
urn:ure:t6:occ:function:current-client:004ba8e0	0x004ba8e0	simple	FUN_004ba8e0	33	1	96	cf2ee58dcb8f8d8db0814af15b812be7ae20961dc5e797b96705246efafc980b
urn:ure:t6:occ:function:current-client:0066a0b0	0x0066a0b0	simple	FUN_0066a0b0	33	1	96	db1b4b6796ac562896ac394f8940a0d62a1b601567224530d15349bcf58b3ff7
urn:ure:t6:occ:function:current-client:00a06280	0x00a06280	simple	FUN_00a06280	33	1	100	c75748028669ed738bd6e00010bf800ce2e9145ef61a289a6776f2532aa6ed2b
urn:ure:t6:occ:function:current-client:005a6b50	0x005a6b50	simple	FUN_005a6b50	33	1	102	baa46330cc433da7a24f4958686f47d751100155d31f5d69f9766d60202be0c1
urn:ure:t6:occ:function:current-client:006eda80	0x006eda80	simple	FUN_006eda80	33	1	103	139b2f10ff146762be72ea57700d40d00d56e4e02046027c8125053a3f3b2ef0
urn:ure:t6:occ:function:current-client:00a06140	0x00a06140	simple	FUN_00a06140	33	1	103	f4f3d6ca0ff49dc4cf3a53fb2d856e62fab8bb1c1a360850a2d075baeef583f8
urn:ure:t6:occ:function:current-client:006d4c30	0x006d4c30	simple	FUN_006d4c30	33	1	109	51d0034b77824a4ce19a46ab38092dbdc4d45cf51727ebc7e89d32d1b7c2a1af
urn:ure:t6:occ:function:current-client:00422830	0x00422830	simple	FUN_00422830	33	1	114	c7b0e70e63afb23b80e7ce54d59661f495151b17034943fb31579f8429ca60d1
urn:ure:t6:occ:function:current-client:0069f910	0x0069f910	simple	FUN_0069f910	33	1	114	de9db5a372fecf4e5a86479da0d4cc5ded6e153939146bdad2d898d138870bb6
urn:ure:t6:occ:function:current-client:0082e6d0	0x0082e6d0	simple	FUN_0082e6d0	33	1	124	b0f0f1d90412783fff93299538a724f6e8e6e269507412721e01bf460cefa4cb
urn:ure:t6:occ:function:current-client:0082e8f0	0x0082e8f0	simple	FUN_0082e8f0	33	1	124	17084bc0a97d539ef1e28ece0198b6cd80d2443d3e168d62b0d6e431e1b023cd
urn:ure:t6:occ:function:current-client:00463d40	0x00463d40	simple	FUN_00463d40	33	1	133	fe33955a343fb89e406e3eb53e6c7c65c409eb71bd48f9821c8a68164e7e5ce5
urn:ure:t6:occ:function:current-client:009683e0	0x009683e0	simple	FUN_009683e0	33	1	137	bb6c18c1de5c45a052000b03efe58cb457e7464d78fc921936bd9811ba2a8d84
urn:ure:t6:occ:function:current-client:004048b0	0x004048b0	simple	FUN_004048b0	33	1	141	ff44ce801d2f3080f67cd87f0cbe4cd6b3acf03d2b3b29e4cd42914369624c82
urn:ure:t6:occ:function:current-client:005468b0	0x005468b0	simple	FUN_005468b0	33	1	142	db490a97625a28c5c4f74d0458b6568975db9df114fe1803f6bba2b3cb801bbe
urn:ure:t6:occ:function:current-client:008091a0	0x008091a0	simple	FUN_008091a0	33	1	143	7f540c3cdf84d0f3e999c0bc7016ac407770a426d9c3f5924435789061d30adf
urn:ure:t6:occ:function:current-client:0057a800	0x0057a800	simple	FUN_0057a800	33	1	153	98b4b3a74255120763d10ab4ed743c689700b67e75b9625844b71bc96534c4d5
urn:ure:t6:occ:function:current-client:008ff730	0x008ff730	simple	FUN_008ff730	33	1	166	b057a55b601737b23b68dfc21be3b638ac72fea721e9bbd316c003d4226cd876
urn:ure:t6:occ:function:current-client:00a4af70	0x00a4af70	simple	FUN_00a4af70	34	1	64	f345b4d76402f3d60cee30e5f32251b3d5708a9ce3599d38b050fb364f56ad71
urn:ure:t6:occ:function:current-client:004d3e60	0x004d3e60	simple	FUN_004d3e60	34	1	67	c47b7e05db91a1bfb0b909b03d8f678b7bc41e183a5787e0c9a7f20682783ed2
urn:ure:t6:occ:function:current-client:00a01130	0x00a01130	simple	FUN_00a01130	34	1	68	ad821935079a338fb97d918e481068eb35e80957951159e1531c0300f12d0eef
urn:ure:t6:occ:function:current-client:00a01180	0x00a01180	simple	FUN_00a01180	34	1	68	926b62e1a9d7d3740ce9c136ccb55ccb088c0a6749a86a1dc1a64660746b6cb5
urn:ure:t6:occ:function:current-client:00892a30	0x00892a30	simple	FUN_00892a30	34	1	73	6226adca6c6c56ef88ea5e02ba5d18dc9840604273afcadd60786306ca04d4ab
urn:ure:t6:occ:function:current-client:0049fe20	0x0049fe20	simple	FUN_0049fe20	34	1	74	f22724da6f0df2982ed45c8994a75134ab2e1223807bf9282a1e56cb2ca67485
urn:ure:t6:occ:function:current-client:0093ce60	0x0093ce60	simple	FUN_0093ce60	34	1	74	1b04ef7feaccc736e3e2126e054e1756cda2a2b3689db129b18be8de969b1838
urn:ure:t6:occ:function:current-client:0093ceb0	0x0093ceb0	simple	FUN_0093ceb0	34	1	74	c48fd169abebf00796c0ba88d1c8ed79720622d5d76424e2e76d7a35ed1c228c
urn:ure:t6:occ:function:current-client:0093cf00	0x0093cf00	simple	FUN_0093cf00	34	1	74	75409653da2b488f39c308d219da18996e450e3f4e198e4bb592ce54d2d17209
urn:ure:t6:occ:function:current-client:00634b10	0x00634b10	simple	FUN_00634b10	34	1	75	f9a538b23282c59e552054d52057221a67864e986abb359320aa31c069743713
urn:ure:t6:occ:function:current-client:006d5c70	0x006d5c70	simple	FUN_006d5c70	34	1	75	cda7930637e0f15807ea240c675b6a942ab454de3545bcf8a5b95ecd13ed8a8d
urn:ure:t6:occ:function:current-client:004bc710	0x004bc710	simple	FUN_004bc710	34	1	76	b26963e2a3b9edaf745c2e4c0688698a178b76e61227366c1cc05c849d2b7a9a
urn:ure:t6:occ:function:current-client:00818940	0x00818940	simple	FUN_00818940	34	1	79	35deaa3ef3371e0566b1233f9ad8abf67bb147a67638ff0919563014c307e248
urn:ure:t6:occ:function:current-client:006a5550	0x006a5550	simple	FUN_006a5550	34	1	81	5732d70936d273d5ce06a2f34ecf3fa4565df938452c57523a0091867dc929c8
urn:ure:t6:occ:function:current-client:00a45900	0x00a45900	simple	FUN_00a45900	34	1	81	295c97dca06383f1a192c3faf5e0cd4560ad482529ea3bb4fbb91fa6c0470d2b
urn:ure:t6:occ:function:current-client:0044bae0	0x0044bae0	simple	FUN_0044bae0	34	1	82	f84aa499d2b6918b0f5b3412f9b9d929a4750fa8070efe85209c5d4540a9745f
urn:ure:t6:occ:function:current-client:005a8cc0	0x005a8cc0	simple	FUN_005a8cc0	34	1	82	3900a39271ca1a28af4f45f889bb87258838bb2f1e10020c391b452ec0b8a24d
urn:ure:t6:occ:function:current-client:00a89ba5	0x00a89ba5	simple	findenv	34	1	82	f78d480d2022e9019422c5f0f7ef34693ef09ea3d72b75eb19a68ee6c7589d99
urn:ure:t6:occ:function:current-client:007f1520	0x007f1520	simple	FUN_007f1520	34	1	83	6c62870a31bd7030bbb247e34e5a14df9f9cd083eb1930e705294f5794b6bf3e
urn:ure:t6:occ:function:current-client:00a89855	0x00a89855	simple	FUN_00a89855	34	1	85	4ddecc478a33e0418d226a9ae2b2f5e8b95516013da9601677300f5454d76ed4
urn:ure:t6:occ:function:current-client:009dfa50	0x009dfa50	simple	FUN_009dfa50	34	1	86	52899b18ab72058013339e8f341f875f9cc88a54c4ad33a9d8f62607c9a0a0be
urn:ure:t6:occ:function:current-client:004e19a0	0x004e19a0	simple	FUN_004e19a0	34	1	87	489cc84a18d6b7a57674bb3f6007406b01722785efdd0d8c9d7d0f47caae92b2
urn:ure:t6:occ:function:current-client:005800f0	0x005800f0	simple	FUN_005800f0	34	1	87	0b77a760e8140b3e524ba74f91ea092ccb359143ce7cb5e2e4879b8d5951a3b5
urn:ure:t6:occ:function:current-client:0094c120	0x0094c120	simple	FUN_0094c120	34	1	87	c2358eda0db0b0665a034261751372ee7900bd5d80f62dacc899dd4c8e2dedab
urn:ure:t6:occ:function:current-client:005284b0	0x005284b0	simple	FUN_005284b0	34	1	90	536fa5c6f418b81f075957ec67b60d93fb0159fa4509ad2ae3d2eef76abbdb6b
urn:ure:t6:occ:function:current-client:0056b9b0	0x0056b9b0	simple	FUN_0056b9b0	34	1	90	4a1e7e310c9d1459e73c88fe2c114cb69eab4e41b4d0cb52b3540c01f92c79d8
urn:ure:t6:occ:function:current-client:00731e00	0x00731e00	simple	FUN_00731e00	34	1	91	d052c947bdde1667de50636ac108dfd4c3fc806aaf581e0c47392516c308e7d6
urn:ure:t6:occ:function:current-client:00b3ed60	0x00b3ed60	simple	FUN_00b3ed60	34	1	92	d2f49b27c05b700b2cf0c9dc56891cf66874566c85bf35769e2c93e3aa5ac5b0
urn:ure:t6:occ:function:current-client:00459b00	0x00459b00	simple	FUN_00459b00	34	1	94	528be86be5b2d9f6fd487cb6f0ba8b85f50a2588c0ad0f5d3a8b07bf6fa25f48
urn:ure:t6:occ:function:current-client:005e4520	0x005e4520	simple	FUN_005e4520	34	1	94	ed3920ddef67dc253dbd091cb6520f55a0aa22b48213de55910bad08a6a2b742
urn:ure:t6:occ:function:current-client:005e5380	0x005e5380	simple	FUN_005e5380	34	1	95	dc7a5fc95d6363e4de01d09704cc40eff689a29a0c9df81e99464790057dd5de
urn:ure:t6:occ:function:current-client:00754cf0	0x00754cf0	simple	FUN_00754cf0	34	1	95	92d195df3ccc9a59571a81450b65a09bd044ad16c8fe1e1ca5e0a0f644222db0
urn:ure:t6:occ:function:current-client:00754d50	0x00754d50	simple	FUN_00754d50	34	1	95	295e1e94a69521c19a9e6c69564a2ca7648c5a986a459f08642363b9e7b78ba6
urn:ure:t6:occ:function:current-client:00697860	0x00697860	simple	FUN_00697860	34	1	99	104fcda830a8c67ff3889faa1ada65725d8d8bc06dc3c483a2071c0b217c87cb
urn:ure:t6:occ:function:current-client:00576e90	0x00576e90	simple	FUN_00576e90	34	1	103	02037920714d7ecac74779503083989a3ebc64fb6e37cbc0e6d536e9606c4e3c
urn:ure:t6:occ:function:current-client:007d2380	0x007d2380	simple	FUN_007d2380	34	1	104	4aaaf29d2b1a4de552c72d48b31eebc736a614940dc21be44aecdd9e4e60785d
urn:ure:t6:occ:function:current-client:006e0800	0x006e0800	simple	FUN_006e0800	34	1	107	a28760ab30396d6c0b6690b344373a95560e21149bd7fedeb841ca4e089decca
urn:ure:t6:occ:function:current-client:005bf130	0x005bf130	simple	FUN_005bf130	34	1	110	7be3d9bdf63cdf350d9b16806955d6d3c1e07d3017fc1d29b2d377f0bed35707
urn:ure:t6:occ:function:current-client:0074ca50	0x0074ca50	simple	FUN_0074ca50	34	1	110	8ceb718373c121e3d25d2efe63dc94cdf3b239b21a905b00d36ab669bb1bd213
urn:ure:t6:occ:function:current-client:00a8198e	0x00a8198e	simple	__freeptd	34	1	110	15d710ece4f042bab2ca34b977b81c392027dd005fc140d7b706afb0060aa25a
urn:ure:t6:occ:function:current-client:0067c070	0x0067c070	simple	FUN_0067c070	34	1	111	5408904f05e587e12a2d380f8c690ca6284b1de5c400c6b1e565c726508e2a3f
urn:ure:t6:occ:function:current-client:008d71d0	0x008d71d0	simple	FUN_008d71d0	34	1	111	c09eba9750563cc88b60fe166e256e9a1b4dbf1e87b9d4325e2726880fd15d76
urn:ure:t6:occ:function:current-client:00564f20	0x00564f20	simple	FUN_00564f20	34	1	112	207d862e585e47f5abe14be4fc34080fad8839bff6f3d8256eb7c4c65c5588c1
urn:ure:t6:occ:function:current-client:006657c0	0x006657c0	simple	FUN_006657c0	34	1	121	fde0504fe82e609ee43f79b97719761ab12978bb7689f0bbc5b1ec93e1e186e9
urn:ure:t6:occ:function:current-client:0049d4f0	0x0049d4f0	simple	FUN_0049d4f0	34	1	125	f0e6252e2a149c3973414c64db148faaada6f3d36ded499437e4c5d7afbcec89
urn:ure:t6:occ:function:current-client:004e4910	0x004e4910	simple	FUN_004e4910	34	1	125	950ffc5d9d2eadf90629a127776dd7f056412b20ed61417ae51387bdb00b7a94
urn:ure:t6:occ:function:current-client:005d6fe0	0x005d6fe0	simple	FUN_005d6fe0	34	1	126	358751a5be572cc3263075fc5315a67de36cb25c0216d638cff13abd44201728
urn:ure:t6:occ:function:current-client:00741ba0	0x00741ba0	simple	FUN_00741ba0	34	1	126	800261df7d208cbca7ca2ff9afaaf3bcd3fce0d8dff964c3e663af1d99c76664
urn:ure:t6:occ:function:current-client:0056e350	0x0056e350	simple	FUN_0056e350	34	1	133	006d21e85828b8dec4ede64a10c7b01523b4aa364e5504ceb7b6481deb14eeed
urn:ure:t6:occ:function:current-client:00833910	0x00833910	simple	FUN_00833910	34	1	133	8cb8d8032bb09137ff48b721817eadeaeaf5d54e4ef9f2d8cb356653b35af5ae
urn:ure:t6:occ:function:current-client:0044fe10	0x0044fe10	simple	FUN_0044fe10	34	1	139	c4da2f09be2ef90bbab1abb0b9a55f37523ebc757d7f33db4a3395c4c9fda075
urn:ure:t6:occ:function:current-client:009ccd80	0x009ccd80	simple	FUN_009ccd80	34	1	139	58084596383c1d5bfc1eb2b29aa9d9929d82d442ba7d74a216f466af21e7468a
urn:ure:t6:occ:function:current-client:00441260	0x00441260	simple	FUN_00441260	34	1	144	f30712f8cd3219521b8f6ee7ec5b190d5a04c8e02fcd085a3909fd49d5931d47
urn:ure:t6:occ:function:current-client:0048e6e0	0x0048e6e0	simple	FUN_0048e6e0	34	1	144	d2fe7f1e3c665f4c0cd7a74f3f346b6d05080d6bb373e4cd2fb37dc9c038103f
urn:ure:t6:occ:function:current-client:00559b30	0x00559b30	simple	FUN_00559b30	34	1	144	50b1ed3e30adbb4b8c9042da41cf15b4d905386ce03655a3f7349763a5dc22f7
urn:ure:t6:occ:function:current-client:004532e0	0x004532e0	simple	FUN_004532e0	34	1	151	c7fab033057f7196cd2372a19f7caf1ec926f18adc830e9ef95c3547e977d7de
urn:ure:t6:occ:function:current-client:00611040	0x00611040	simple	FUN_00611040	34	1	164	c69a69ca1df2844e89bb52c2578ab9f16eb65ca4fa822e76237e7fd761fcd3d6
urn:ure:t6:occ:function:current-client:00598590	0x00598590	simple	FUN_00598590	35	1	71	28d22bb98f3809f70b5d2bbe150f7ad0fdf70f401a4bfc631c4da857aff002ef
urn:ure:t6:occ:function:current-client:00a99440	0x00a99440	simple	FUN_00a99440	35	1	75	caadbb8494e75e4dd94416e8620488bfdde273b58f12a1b25bf12e184aea9fbc
urn:ure:t6:occ:function:current-client:00a72190	0x00a72190	simple	FUN_00a72190	35	1	77	98f97e8f6e1df6336068ebd36525ff7481562b47f70c279bc236b36b31013aa0
urn:ure:t6:occ:function:current-client:00740370	0x00740370	simple	FUN_00740370	35	1	78	c0e5a468fa068270c10e8cdc8edb35e67dfe6af04af27745188b55dd3852d84b
urn:ure:t6:occ:function:current-client:0050b7d0	0x0050b7d0	simple	FUN_0050b7d0	35	1	80	f173d1e77c3b2093977153e2cdc609f0344106b7901aaad7074ad3954d40279a
urn:ure:t6:occ:function:current-client:005c2cd0	0x005c2cd0	simple	FUN_005c2cd0	35	1	80	e15401d597923b04d295f75d09ee40a174ffa8b12c9286bb4f1f7b73f5483080
urn:ure:t6:occ:function:current-client:00ac82b0	0x00ac82b0	simple	FUN_00ac82b0	35	1	82	3d2df3585deab0f804efe05b43f11921140d926ff4a6a3f7fce4cb0b625e747e
urn:ure:t6:occ:function:current-client:009d3050	0x009d3050	simple	FUN_009d3050	35	1	86	83c8205b72552909b30642b9447baaf5554f6618aa7dba9aef2ec6e555d5b290
urn:ure:t6:occ:function:current-client:00693ec6	0x00693ec6	simple	FUN_00693ec6	35	1	87	2da8aeab19d619aac8bd9734250872f0719c587ea39fe4a5ae833c4ea2df7dee
urn:ure:t6:occ:function:current-client:00a896d5	0x00a896d5	simple	__mtdeletelocks	35	1	87	6a1b9d3fdff2e7b87c22367b77670e75a6fcb4456f18342c0487249207cff7a1
urn:ure:t6:occ:function:current-client:00554140	0x00554140	simple	FUN_00554140	35	1	90	b1209e91e4421a752963ed69a4d66089b1eab5a82abd9e221ef4f31fb59e80ed
urn:ure:t6:occ:function:current-client:006d88a0	0x006d88a0	simple	FUN_006d88a0	35	1	90	cbd538448891754c336053be653d9236f75da3de722d203d70de1466d0f3ba8d
urn:ure:t6:occ:function:current-client:0095b780	0x0095b780	simple	FUN_0095b780	35	1	90	9f57ea37766f16d2244753d288a7716fded8a1735b47d0b35a9fc69e5fdbca21
urn:ure:t6:occ:function:current-client:0045bcf0	0x0045bcf0	simple	FUN_0045bcf0	35	1	91	439b2923e96490d9b159f60443209ff57889c4913a442a168ba0a3cc4a51c531
urn:ure:t6:occ:function:current-client:00461760	0x00461760	simple	FUN_00461760	35	1	91	0939fb619540f0e04a21c9383942618a215e87b0c17d547ad71006866000cfe0
urn:ure:t6:occ:function:current-client:00514680	0x00514680	simple	FUN_00514680	35	1	91	5ba7dfbf79c2fc251a20c4f1127371a63f01becc983b9ac8b12f2d0aefddbd22
urn:ure:t6:occ:function:current-client:00526ea0	0x00526ea0	simple	FUN_00526ea0	35	1	91	7f0df9fc0c4f3ff7bf62cca30c912541961ceb8f0cd896b6363758e0027478dd
urn:ure:t6:occ:function:current-client:00b15250	0x00b15250	simple	FUN_00b15250	35	1	92	99d514447db151284e8903283df9e30a21337f98dad41fe25abf5b9e141a8960
urn:ure:t6:occ:function:current-client:00486b40	0x00486b40	simple	FUN_00486b40	35	1	94	f1d51792fb7b53e38f1e54b6f4a8b0511cc866fc375983eb7729a3ae10774b28
urn:ure:t6:occ:function:current-client:00a7cd3f	0x00a7cd3f	simple	idtab	35	1	94	18be4fbb9456b587db347561c9d82fb93493d38bc54b1553f50dddd7bd9ad34c
urn:ure:t6:occ:function:current-client:00773810	0x00773810	simple	FUN_00773810	35	1	96	76cd261e3bf7a58e1beedd09f7a1f7e8198a1b022b9503d87dfadf52555d05b0
urn:ure:t6:occ:function:current-client:00584e00	0x00584e00	simple	FUN_00584e00	35	1	98	b8a9d1903354f204be3519549c1b73a65b0c837800c997d7744ecbff9d0917e1
urn:ure:t6:occ:function:current-client:0049f350	0x0049f350	simple	FUN_0049f350	35	1	99	5a80c59d4056773da4e15f4a90fb13b31cc3162608c02832d92133dff9e69ebf
urn:ure:t6:occ:function:current-client:004b49f0	0x004b49f0	simple	FUN_004b49f0	35	1	99	a66810aad93dbe9635da1accf60436b9555e7146a5ad02a47c98e4f4479393b7
urn:ure:t6:occ:function:current-client:007bbe30	0x007bbe30	simple	FUN_007bbe30	35	1	102	4c4ad4ddf3b4a773b1219f99ce39cb098394266387b4a95b8969836993233950
urn:ure:t6:occ:function:current-client:007bbea0	0x007bbea0	simple	FUN_007bbea0	35	1	102	567e49a00c74b44bc4814347e3ff60cc7d7ccc2deb3cf4a93a883cba938e08fd
urn:ure:t6:occ:function:current-client:004baa50	0x004baa50	simple	FUN_004baa50	35	1	112	db90765ade67c2fae9009a26a69f01c364bd3a95ffa64fc987b7ea93cd15162a
urn:ure:t6:occ:function:current-client:0096d280	0x0096d280	simple	FUN_0096d280	35	1	117	e1fa438c6332b45bc0cd62019fca5bebd1a280333baa5d1fc1774324f564829b
urn:ure:t6:occ:function:current-client:006c59e0	0x006c59e0	simple	FUN_006c59e0	35	1	126	f59e7ab9239d7478afa15ece6161a7bc4a3eec4d2ae18378fe74fae1ef6231f0
urn:ure:t6:occ:function:current-client:00800610	0x00800610	simple	FUN_00800610	35	1	130	e3d73c4c0a7b3767cabaa185235698bec77357e3c68b288cc86ea96269942044
urn:ure:t6:occ:function:current-client:007110c0	0x007110c0	simple	FUN_007110c0	35	1	132	be8772fa34dff98e4ee58a6bff1cb24c80c15044099d758763fabdd240ecf286
urn:ure:t6:occ:function:current-client:005146e0	0x005146e0	simple	FUN_005146e0	35	1	137	91ac2dfd65daecf5e898880c8ba0d18a3790ad0dd7d0c25cff464f80d73e331d
urn:ure:t6:occ:function:current-client:0040daf0	0x0040daf0	simple	FUN_0040daf0	35	1	144	e6dd926a4256a98288d796498cf6a44aee75a2862dfe3ecafee604818af4c767
urn:ure:t6:occ:function:current-client:00473320	0x00473320	simple	FUN_00473320	35	1	144	6c70d844fe7f24758e7a59b96075b1849bd67425403d98dfd95b4eac2c952f09
urn:ure:t6:occ:function:current-client:005c5050	0x005c5050	simple	FUN_005c5050	35	1	144	a0beee30548461c31345c4ec49cb6a368551b5eb5e17293f5f70cd008ed2c9e2
urn:ure:t6:occ:function:current-client:006350b0	0x006350b0	simple	FUN_006350b0	35	1	144	b53ac44ec09acfe2d708dc604140bb20a6b72488396a03c9fb25f3f7eec90804
urn:ure:t6:occ:function:current-client:0060a4a0	0x0060a4a0	simple	FUN_0060a4a0	36	1	71	8dabec6a11052ba7ccfccbf633c8a92f10a1f33db1f41f0218868274a7e143a6
urn:ure:t6:occ:function:current-client:00ae0930	0x00ae0930	simple	FUN_00ae0930	36	1	72	fb89e3cf20e90bc01dd8faf7a90150e5b30c983223810e5cfe50e2fce67f0aaf
urn:ure:t6:occ:function:current-client:00510940	0x00510940	simple	FUN_00510940	36	1	73	ea4c55e8a055fe0449d4022038be108894d0925024e0a98a8b571a7b71b5e6c0
urn:ure:t6:occ:function:current-client:00582020	0x00582020	simple	FUN_00582020	36	1	75	81584515507ec85006c1ba1563a353f73835ca9949d8d4e1daf0f810ca057020
urn:ure:t6:occ:function:current-client:005776c0	0x005776c0	simple	FUN_005776c0	36	1	76	8b7da88125a265ce37d3871a34805bd15fcf84aba47b121d75e19e71cad46886
urn:ure:t6:occ:function:current-client:004bf830	0x004bf830	simple	FUN_004bf830	36	1	77	3f0a3a4c37e33a378a736f6a916dd0cdd0063a3c701e5b951d99f53df71b4394
urn:ure:t6:occ:function:current-client:005d6b80	0x005d6b80	simple	FUN_005d6b80	36	1	80	542933b7e8d1e31abed9bec12d7d687072db32d53b802d64cd00be5ec8a583c3
urn:ure:t6:occ:function:current-client:008ea140	0x008ea140	simple	FUN_008ea140	36	1	80	e8af8dc9750a32603ba3d2ca51db7cdd57a7a07e15174d08b19c2768000df3aa
urn:ure:t6:occ:function:current-client:00b32590	0x00b32590	simple	FUN_00b32590	36	1	80	91eff20e7e8be5f143ff7a18c8a340bee874e61d647078262a5d3b8ba30d3ff0
urn:ure:t6:occ:function:current-client:004a8fa0	0x004a8fa0	simple	FUN_004a8fa0	36	1	85	0384c9a82861c7a74e9da3f5a8fef6b7135be929b0fca25b13222b71056a3d95
urn:ure:t6:occ:function:current-client:004bbd20	0x004bbd20	simple	FUN_004bbd20	36	1	85	889037f6e6506fdb4764f1da51f9b64d1482091efb8b1c07cb72b0d6c34ece9f
urn:ure:t6:occ:function:current-client:00551d50	0x00551d50	simple	FUN_00551d50	36	1	85	9b24f1babb500011622dd8e78e2b9fac7128605254645759d76cf36174ddfa33
urn:ure:t6:occ:function:current-client:006d6cf0	0x006d6cf0	simple	FUN_006d6cf0	36	1	85	bb23ff7349279e1da04c1de10e7d096f930f94311e7554d11916f8b0ed14538d
urn:ure:t6:occ:function:current-client:004eb1c0	0x004eb1c0	simple	FUN_004eb1c0	36	1	88	d4c47fb4130568c335fae776bbb33d1c5545d719671d910e12dca304e051ddea
urn:ure:t6:occ:function:current-client:006732e0	0x006732e0	simple	FUN_006732e0	36	1	88	a8e5d3b84ca46111724cecc341ba92f9ce2c4c2044383a887180d8fcd5c9c296
urn:ure:t6:occ:function:current-client:00684bb0	0x00684bb0	simple	FUN_00684bb0	36	1	88	9e2f64fbad5cbcafaae3468deb717c25b1290e7c3d288d17cab6b741576dbfa9
urn:ure:t6:occ:function:current-client:0051beb0	0x0051beb0	simple	FUN_0051beb0	36	1	89	f9546107a98595e903f963bf859d4134eaeb2dbe2e9c458ce0f5cb5166e9af5b
urn:ure:t6:occ:function:current-client:00a7ad4f	0x00a7ad4f	simple	__validdrive	36	1	90	ff9a87fd9e674434ea3cac93d8cfcc115e2ba4adcf82e23c1eb4bc92a59878b2
urn:ure:t6:occ:function:current-client:009ffbd0	0x009ffbd0	simple	FUN_009ffbd0	36	1	91	081f8312763f9ff50d9f068ced69948b7a7c0d58e1cfd3e1e1b5e0056065b5b1
urn:ure:t6:occ:function:current-client:006ae1b0	0x006ae1b0	simple	FUN_006ae1b0	36	1	92	51a18a3ee11ab041c7d4fef6d6ee9039b2dcba8f1c6647f4c63627db6be09864
urn:ure:t6:occ:function:current-client:008b3730	0x008b3730	simple	FUN_008b3730	36	1	92	319bd6abdeeb915508c421e55f05c4ce576002f3efb64bc7271a778e46c564b2
