id	address	size	success	function_name_b64	c_b64	error_b64
urn:ure:smg:re_FunctionVariant:rmge01-usasm:802a0990	0x802A0990	12	true	RlVOXzgwMmEwOTkw	CnZvaWQgRlVOXzgwMmEwOTkwKGludCBwYXJhbV8xKQoKewogIEZVTl84MDJhMGRlNCgqKGludCAqKShwYXJhbV8xICsgMHgxMCkgKyA4KTsKICByZXR1cm47Cn0KCg==	
urn:ure:smg:re_FunctionVariant:rmge01-usasm:802a099c	0x802A099C	12	true	RlVOXzgwMmEwOTlj	CnZvaWQgRlVOXzgwMmEwOTljKGludCBwYXJhbV8xKQoKewogIEZVTl84MDJhMGUwYygqKGludCAqKShwYXJhbV8xICsgMHgxMCkgKyA4KTsKICByZXR1cm47Cn0KCg==	
urn:ure:smg:re_FunctionVariant:rmge01-usasm:802a09c4	0x802A09C4	12	true	RlVOXzgwMmEwOWM0	CnZvaWQgRlVOXzgwMmEwOWM0KGludCBwYXJhbV8xKQoKewogICoodW5kZWZpbmVkNCAqKShwYXJhbV8xICsgMHgxOCkgPSAwOwogIHJldHVybjsKfQoK	
urn:ure:smg:re_FunctionVariant:rmge01-usasm:802a09d0	0x802A09D0	12	false			bm8gZnVuY3Rpb24gYXQgZXhhY3QgZW50cnk=
urn:ure:smg:re_FunctionVariant:rmge01-usasm:802a09dc	0x802A09DC	12	true	RlVOXzgwMmEwOWRj	CnZvaWQgRlVOXzgwMmEwOWRjKGludCBwYXJhbV8xKQoKewogICoodW5kZWZpbmVkNCAqKShwYXJhbV8xICsgMHgxOCkgPSAyOwogIHJldHVybjsKfQoK	
urn:ure:smg:re_FunctionVariant:rmge01-usasm:802a09e8	0x802A09E8	12	true	RlVOXzgwMmEwOWU4	CnZvaWQgRlVOXzgwMmEwOWU4KGludCBwYXJhbV8xKQoKewogICoodW5kZWZpbmVkNCAqKShwYXJhbV8xICsgMHgxOCkgPSAzOwogIHJldHVybjsKfQoK	
urn:ure:smg:re_FunctionVariant:rmge01-usasm:802a09f4	0x802A09F4	12	false			bm8gZnVuY3Rpb24gYXQgZXhhY3QgZW50cnk=
urn:ure:smg:re_FunctionVariant:rmge01-usasm:802a0a00	0x802A0A00	12	true	RlVOXzgwMmEwYTAw	CmludCBGVU5fODAyYTBhMDAoaW50IHBhcmFtXzEpCgp7CiAgcmV0dXJuICooaW50ICopKHBhcmFtXzEgKyAweDEwKSArIDg7Cn0KCg==	
urn:ure:smg:re_FunctionVariant:rmge01-usasm:802a0a0c	0x802A0A0C	12	true	RlVOXzgwMmEwYTBj	CnVuZGVmaW5lZDQgRlVOXzgwMmEwYTBjKGludCBwYXJhbV8xKQoKewogIHJldHVybiAqKHVuZGVmaW5lZDQgKikoKihpbnQgKikocGFyYW1fMSArIDB4MTApICsgOCk7Cn0KCg==	
urn:ure:smg:re_FunctionVariant:rmge01-usasm:802a110c	0x802A110C	12	true	RlVOXzgwMmExMTBj	CnZvaWQgRlVOXzgwMmExMTBjKGludCBwYXJhbV8xKQoKewogICoodW5kZWZpbmVkNCAqKShwYXJhbV8xICsgMHg0MCkgPSAqKHVuZGVmaW5lZDQgKikocGFyYW1fMSArIDB4M2MpOwogIHJldHVybjsKfQoK	
urn:ure:smg:re_FunctionVariant:rmge01-usasm:802a3758	0x802A3758	12	true	RlVOXzgwMmEzNzU4	CnZvaWQgRlVOXzgwMmEzNzU4KHVuZGVmaW5lZDQgKnBhcmFtXzEpCgp7CiAgKnBhcmFtXzEgPSAwOwogIHJldHVybjsKfQoK	
urn:ure:smg:re_FunctionVariant:rmge01-usasm:802ac470	0x802AC470	12	true	RlVOXzgwMmFjNDcw	CnZvaWQgRlVOXzgwMmFjNDcwKGludCBwYXJhbV8xKQoKewogIEZVTl84MDE4MjYwYygqKHVuZGVmaW5lZDQgKikocGFyYW1fMSArIDB4NDVjKSwwKTsKICByZXR1cm47Cn0KCg==	
urn:ure:smg:re_FunctionVariant:rmge01-usasm:802af6e8	0x802AF6E8	12	true	RlVOXzgwMmFmNmU4	CnZvaWQgRlVOXzgwMmFmNmU4KGludCBwYXJhbV8xLHVuZGVmaW5lZDQgcGFyYW1fMikKCnsKICBGVU5fODAyZThhNzQoKih1bmRlZmluZWQ0ICopKHBhcmFtXzEgKyAweDIzMCkscGFyYW1fMiwwKTsKICByZXR1cm47Cn0KCg==	
urn:ure:smg:re_FunctionVariant:rmge01-usasm:802b1ca8	0x802B1CA8	12	false			bm8gZnVuY3Rpb24gYXQgZXhhY3QgZW50cnk=
urn:ure:smg:re_FunctionVariant:rmge01-usasm:802b42d8	0x802B42D8	12	true	RlVOXzgwMmI0MmQ4	CmludCBGVU5fODAyYjQyZDgoaW50IHBhcmFtXzEpCgp7CiAgcmV0dXJuICooaW50ICopKHBhcmFtXzEgKyAweDIzMCkgKyAweDMxYzsKfQoK	
urn:ure:smg:re_FunctionVariant:rmge01-usasm:802b4df8	0x802B4DF8	12	true	RlVOXzgwMmI0ZGY4	CnVuZGVmaW5lZDQgRlVOXzgwMmI0ZGY4KGludCBwYXJhbV8xKQoKewogIHJldHVybiAqKHVuZGVmaW5lZDQgKikoKihpbnQgKikocGFyYW1fMSArIDB4MjM0KSArIDgpOwp9Cgo=	
urn:ure:smg:re_FunctionVariant:rmge01-usasm:802b94ac	0x802B94AC	12	true	RlVOXzgwMmI5NGFj	CnZvaWQgRlVOXzgwMmI5NGFjKGludCBwYXJhbV8xKQoKewogIEZVTl84MDNlNTk1YyhwYXJhbV8xICsgMHgyNGMpOwogIHJldHVybjsKfQoK	
urn:ure:smg:re_FunctionVariant:rmge01-usasm:802bb638	0x802BB638	12	true	RlVOXzgwMmJiNjM4	CnZvaWQgRlVOXzgwMmJiNjM4KHVuZGVmaW5lZDQgcGFyYW1fMSkKCnsKICBGVU5fODAyYmI2YTAocGFyYW1fMSw1LDApOwogIHJldHVybjsKfQoK	
urn:ure:smg:re_FunctionVariant:rmge01-usasm:802bd540	0x802BD540	12	true	RlVOXzgwMmJkNTQw	CnZvaWQgRlVOXzgwMmJkNTQwKGludCBwYXJhbV8xKQoKewogICoodW5kZWZpbmVkMSAqKShwYXJhbV8xICsgMHg0ODApID0gMDsKICByZXR1cm47Cn0KCg==	
urn:ure:smg:re_FunctionVariant:rmge01-usasm:802c3f0c	0x802C3F0C	12	false			bm8gZnVuY3Rpb24gYXQgZXhhY3QgZW50cnk=
urn:ure:smg:re_FunctionVariant:rmge01-usasm:802c3f18	0x802C3F18	12	false			bm8gZnVuY3Rpb24gYXQgZXhhY3QgZW50cnk=
urn:ure:smg:re_FunctionVariant:rmge01-usasm:802c4104	0x802C4104	12	true	RlVOXzgwMmM0MTA0	CnZvaWQgRlVOXzgwMmM0MTA0KGludCBwYXJhbV8xLHVuZGVmaW5lZDQgcGFyYW1fMikKCnsKICBGVU5fODAzMTIxOGMoKih1bmRlZmluZWQ0ICopKHBhcmFtXzEgKyAweGZjNCkscGFyYW1fMiw3KTsKICByZXR1cm47Cn0KCg==	
urn:ure:smg:re_FunctionVariant:rmge01-usasm:802c4110	0x802C4110	12	false			bm8gZnVuY3Rpb24gYXQgZXhhY3QgZW50cnk=
urn:ure:smg:re_FunctionVariant:rmge01-usasm:802c411c	0x802C411C	12	false			bm8gZnVuY3Rpb24gYXQgZXhhY3QgZW50cnk=
urn:ure:smg:re_FunctionVariant:rmge01-usasm:802c5fe0	0x802C5FE0	12	true	RlVOXzgwMmM1ZmUw	CnZvaWQgRlVOXzgwMmM1ZmUwKGludCBwYXJhbV8xLHVuZGVmaW5lZDQgcGFyYW1fMikKCnsKICBGVU5fODAyZTg3OTgoKih1bmRlZmluZWQ0ICopKHBhcmFtXzEgKyAweDFiYykscGFyYW1fMiw2KTsKICByZXR1cm47Cn0KCg==	
urn:ure:smg:re_FunctionVariant:rmge01-usasm:802e4400	0x802E4400	12	true	RlVOXzgwMmU0NDAw	CnVpbnQgRlVOXzgwMmU0NDAwKGludCBwYXJhbV8xKQoKewogIHJldHVybiAqKHVpbnQgKikocGFyYW1fMSArIDgpID4+IDB4MTEgJiAxOwp9Cgo=	
urn:ure:smg:re_FunctionVariant:rmge01-usasm:802e8828	0x802E8828	12	true	RlVOXzgwMmU4ODI4	CnVuZGVmaW5lZDQgRlVOXzgwMmU4ODI4KGludCBwYXJhbV8xKQoKewogIHJldHVybiAqKHVuZGVmaW5lZDQgKikoKihpbnQgKikocGFyYW1fMSArIDQpICsgMHgyMzApOwp9Cgo=	
urn:ure:smg:re_FunctionVariant:rmge01-usasm:802e8834	0x802E8834	12	true	RlVOXzgwMmU4ODM0	CnVuZGVmaW5lZDQgRlVOXzgwMmU4ODM0KGludCBwYXJhbV8xKQoKewogIHJldHVybiAqKHVuZGVmaW5lZDQgKikoKihpbnQgKikocGFyYW1fMSArIDQpICsgMHgyMzQpOwp9Cgo=	
urn:ure:smg:re_FunctionVariant:rmge01-usasm:802e8850	0x802E8850	12	true	RlVOXzgwMmU4ODUw	CnZvaWQgRlVOXzgwMmU4ODUwKGludCBwYXJhbV8xKQoKewogIEZVTl84MDJhZTMxYygqKHVuZGVmaW5lZDQgKikoKihpbnQgKikocGFyYW1fMSArIDQpICsgMHgyMzApKTsKICByZXR1cm47Cn0KCg==	
urn:ure:smg:re_FunctionVariant:rmge01-usasm:802e885c	0x802E885C	12	true	RlVOXzgwMmU4ODVj	CnZvaWQgRlVOXzgwMmU4ODVjKGludCBwYXJhbV8xKQoKewogIEZVTl84MDJhYzQ3YygqKHVuZGVmaW5lZDQgKikoKihpbnQgKikocGFyYW1fMSArIDQpICsgMHgyMzApKTsKICByZXR1cm47Cn0KCg==	
urn:ure:smg:re_FunctionVariant:rmge01-usasm:802e8878	0x802E8878	12	true	RlVOXzgwMmU4ODc4	CnZvaWQgRlVOXzgwMmU4ODc4KGludCBwYXJhbV8xKQoKewogIEZVTl84MDJmNDBlYygqKHVuZGVmaW5lZDQgKikoKihpbnQgKikocGFyYW1fMSArIDQpICsgMHgyMzApKTsKICByZXR1cm47Cn0KCg==	
urn:ure:smg:re_FunctionVariant:rmge01-usasm:802e8894	0x802E8894	12	true	RlVOXzgwMmU4ODk0	CnVuZGVmaW5lZDIgRlVOXzgwMmU4ODk0KGludCBwYXJhbV8xKQoKewogIHJldHVybiAqKHVuZGVmaW5lZDIgKikoKihpbnQgKikocGFyYW1fMSArIDQpICsgMHgzZDQpOwp9Cgo=	
urn:ure:smg:re_FunctionVariant:rmge01-usasm:802e8afc	0x802E8AFC	12	true	RlVOXzgwMmU4YWZj	CnZvaWQgRlVOXzgwMmU4YWZjKGludCBwYXJhbV8xKQoKewogIEZVTl84MDJjYzc1MCgqKHVuZGVmaW5lZDQgKikoKihpbnQgKikocGFyYW1fMSArIDQpICsgMHgyMzQpKTsKICByZXR1cm47Cn0KCg==	
urn:ure:smg:re_FunctionVariant:rmge01-usasm:802e8dc8	0x802E8DC8	12	true	RlVOXzgwMmU4ZGM4	CnZvaWQgRlVOXzgwMmU4ZGM4KGludCBwYXJhbV8xKQoKewogIEZVTl84MDJjYzE5MCgqKHVuZGVmaW5lZDQgKikoKihpbnQgKikocGFyYW1fMSArIDQpICsgMHgyMzQpKTsKICByZXR1cm47Cn0KCg==	
urn:ure:smg:re_FunctionVariant:rmge01-usasm:802e91b8	0x802E91B8	12	true	RlVOXzgwMmU5MWI4	CnZvaWQgRlVOXzgwMmU5MWI4KGludCBwYXJhbV8xKQoKewogIEZVTl84MDJhYmI5OCgqKHVuZGVmaW5lZDQgKikoKihpbnQgKikocGFyYW1fMSArIDQpICsgMHgyMzApKTsKICByZXR1cm47Cn0KCg==	
urn:ure:smg:re_FunctionVariant:rmge01-usasm:802e92ac	0x802E92AC	12	true	RlVOXzgwMmU5MmFj	CnZvaWQgRlVOXzgwMmU5MmFjKGludCBwYXJhbV8xKQoKewogIEZVTl84MDJmMjQ0MCgqKHVuZGVmaW5lZDQgKikoKihpbnQgKikocGFyYW1fMSArIDQpICsgMHgyMzApKTsKICByZXR1cm47Cn0KCg==	
urn:ure:smg:re_FunctionVariant:rmge01-usasm:802e92b8	0x802E92B8	12	true	RlVOXzgwMmU5MmI4	CnZvaWQgRlVOXzgwMmU5MmI4KGludCBwYXJhbV8xKQoKewogIEZVTl84MDJmMjVmOCgqKHVuZGVmaW5lZDQgKikoKihpbnQgKikocGFyYW1fMSArIDQpICsgMHgyMzApKTsKICByZXR1cm47Cn0KCg==	
urn:ure:smg:re_FunctionVariant:rmge01-usasm:802e9308	0x802E9308	12	true	RlVOXzgwMmU5MzA4	CmludCBGVU5fODAyZTkzMDgoaW50IHBhcmFtXzEpCgp7CiAgcmV0dXJuICooaW50ICopKHBhcmFtXzEgKyA0KSArIDB4Zjc4Owp9Cgo=	
urn:ure:smg:re_FunctionVariant:rmge01-usasm:802e9314	0x802E9314	12	false			bm8gZnVuY3Rpb24gYXQgZXhhY3QgZW50cnk=
urn:ure:smg:re_FunctionVariant:rmge01-usasm:802e9320	0x802E9320	12	false			bm8gZnVuY3Rpb24gYXQgZXhhY3QgZW50cnk=
urn:ure:smg:re_FunctionVariant:rmge01-usasm:802e932c	0x802E932C	12	true	RlVOXzgwMmU5MzJj	CmludCBGVU5fODAyZTkzMmMoaW50IHBhcmFtXzEpCgp7CiAgcmV0dXJuICooaW50ICopKHBhcmFtXzEgKyA0KSArIDB4ZjljOwp9Cgo=	
urn:ure:smg:re_FunctionVariant:rmge01-usasm:802e9394	0x802E9394	12	true	RlVOXzgwMmU5Mzk0	CnZvaWQgRlVOXzgwMmU5Mzk0KGludCBwYXJhbV8xLHVuZGVmaW5lZDQgcGFyYW1fMikKCnsKICBGVU5fODAzZjExODgoKih1bmRlZmluZWQ0ICopKHBhcmFtXzEgKyA0KSxwYXJhbV8yLDApOwogIHJldHVybjsKfQoK	
urn:ure:smg:re_FunctionVariant:rmge01-usasm:802f280c	0x802F280C	12	true	RlVOXzgwMmYyODBj	CnZvaWQgRlVOXzgwMmYyODBjKGludCBwYXJhbV8xKQoKewogIEZVTl84MDAyZGJkYygqKHVuZGVmaW5lZDQgKikoKihpbnQgKikocGFyYW1fMSArIDQpICsgMTAwKSk7CiAgcmV0dXJuOwp9Cgo=	
urn:ure:smg:re_FunctionVariant:rmge01-usasm:802f7db8	0x802F7DB8	12	true	RlVOXzgwMmY3ZGI4	CnZvaWQgRlVOXzgwMmY3ZGI4KGludCBwYXJhbV8xKQoKewogICoodW5kZWZpbmVkMSAqKShwYXJhbV8xICsgMHgxYykgPSAxOwogIHJldHVybjsKfQoK	
urn:ure:smg:re_FunctionVariant:rmge01-usasm:803198b8:100217	0x803198B8	12	true	RlVOXzgwMzE5OGI4	CnZvaWQgRlVOXzgwMzE5OGI4KHVuZGVmaW5lZDQgKnBhcmFtXzEsdW5kZWZpbmVkNCBwYXJhbV8yLHVuZGVmaW5lZDQgcGFyYW1fMykKCnsKICAqcGFyYW1fMSA9IHBhcmFtXzI7CiAgcGFyYW1fMVsxXSA9IHBhcmFtXzM7CiAgcmV0dXJuOwp9Cgo=	
urn:ure:smg:re_FunctionVariant:rmge01-usasm:803198e0:100219	0x803198E0	12	true	RlVOXzgwMzE5OGUw	CnZvaWQgRlVOXzgwMzE5OGUwKGludCBwYXJhbV8xLGludCBwYXJhbV8yKQoKewogICoodW5kZWZpbmVkNCAqKShwYXJhbV8xICsgMHg0YykgPSAqKHVuZGVmaW5lZDQgKikocGFyYW1fMiArIDB4NGMpOwogIEZVTl84MDMxOThjNCgpOwogIHJldHVybjsKfQoK	
urn:ure:smg:re_FunctionVariant:rmge01-usasm:8031bf1c:100262	0x8031BF1C	12	false			bm8gZnVuY3Rpb24gYXQgZXhhY3QgZW50cnk=
urn:ure:smg:re_FunctionVariant:rmge01-usasm:8031d900:100303	0x8031D900	12	true	RlVOXzgwMzFkOTAw	CnVuZGVmaW5lZDEgRlVOXzgwMzFkOTAwKGludCBwYXJhbV8xKQoKewogIHJldHVybiAqKHVuZGVmaW5lZDEgKikoKihpbnQgKikocGFyYW1fMSArIDB4MTgpICsgMSk7Cn0KCg==	
urn:ure:smg:re_FunctionVariant:rmge01-usasm:80328794	0x80328794	12	false			bm8gZnVuY3Rpb24gYXQgZXhhY3QgZW50cnk=
urn:ure:smg:re_FunctionVariant:rmge01-usasm:8033fa60:200419	0x8033FA60	12	true	RlVOXzgwMzNmYTYw	CnZvaWQgRlVOXzgwMzNmYTYwKHZvaWQpCgp7CiAgaW50IHVuYWZmX19yMTM7CiAgCiAgRlVOXzgwMzlkNGYwKCoodW5kZWZpbmVkNCAqKSgqKGludCAqKSh1bmFmZl9fcjEzICsgLTB4M2E3OCkgKyAweDI0KSk7CiAgcmV0dXJuOwp9Cgo=	
urn:ure:smg:re_FunctionVariant:rmge01-usasm:8033fa6c:200420	0x8033FA6C	12	true	RlVOXzgwMzNmYTZj	CnZvaWQgRlVOXzgwMzNmYTZjKHZvaWQpCgp7CiAgaW50IHVuYWZmX19yMTM7CiAgCiAgRlVOXzgwMzlkNTJjKCoodW5kZWZpbmVkNCAqKSgqKGludCAqKSh1bmFmZl9fcjEzICsgLTB4M2E3OCkgKyAweDI0KSk7CiAgcmV0dXJuOwp9Cgo=	
urn:ure:smg:re_FunctionVariant:rmge01-usasm:80341274:200464	0x80341274	12	true	RlVOXzgwMzQxMjc0	CnZvaWQgRlVOXzgwMzQxMjc0KGludCBwYXJhbV8xLHVuZGVmaW5lZDQgcGFyYW1fMikKCnsKICBGVU5fODAxNjkxZjQoKih1bmRlZmluZWQ0ICopKHBhcmFtXzEgKyAweDM0KSxwYXJhbV8yLDApOwogIHJldHVybjsKfQoK	
urn:ure:smg:re_FunctionVariant:rmge01-usasm:803425f8:200508	0x803425F8	12	true	RlVOXzgwMzQyNWY4	CnZvaWQgRlVOXzgwMzQyNWY4KGludCBwYXJhbV8xKQoKewogICoodW5kZWZpbmVkNCAqKShwYXJhbV8xICsgMHhjKSA9IDB4ZmZmZmZmZmY7CiAgcmV0dXJuOwp9Cgo=	
urn:ure:smg:re_FunctionVariant:rmge01-usasm:80344a54:200590	0x80344A54	12	true	RlVOXzgwMzQ0YTU0	CnVuZGVmaW5lZDQgRlVOXzgwMzQ0YTU0KGludCBwYXJhbV8xLGludCBwYXJhbV8yKQoKewogIHJldHVybiAqKHVuZGVmaW5lZDQgKikocGFyYW1fMSArIHBhcmFtXzIgKiA0KTsKfQoK	
urn:ure:smg:re_FunctionVariant:rmge01-usasm:80344aa8:200593	0x80344AA8	12	true	RlVOXzgwMzQ0YWE4	CnZvaWQgRlVOXzgwMzQ0YWE4KHZvaWQpCgp7CiAgaW50IHVuYWZmX19yMTM7CiAgCiAgRlVOXzgwMzlkNDRjKCoodW5kZWZpbmVkNCAqKSgqKGludCAqKSh1bmFmZl9fcjEzICsgLTB4M2E3OCkgKyAweDI0KSk7CiAgcmV0dXJuOwp9Cgo=	
urn:ure:smg:re_FunctionVariant:rmge01-usasm:8034b5b8	0x8034B5B8	12	true	RlVOXzgwMzRiNWI4	CnZvaWQgRlVOXzgwMzRiNWI4KGludCBwYXJhbV8xKQoKewogICoodW5kZWZpbmVkMSAqKShwYXJhbV8xICsgMHgyYykgPSAxOwogIHJldHVybjsKfQoK	
urn:ure:smg:re_FunctionVariant:rmge01-usasm:8034b5c4	0x8034B5C4	12	true	RlVOXzgwMzRiNWM0	CnZvaWQgRlVOXzgwMzRiNWM0KGludCBwYXJhbV8xKQoKewogICoodW5kZWZpbmVkMSAqKShwYXJhbV8xICsgMHgyYykgPSAwOwogIHJldHVybjsKfQoK	
urn:ure:smg:re_FunctionVariant:rmge01-usasm:8034c0a4	0x8034C0A4	12	true	RlVOXzgwMzRjMGE0	CnZvaWQgRlVOXzgwMzRjMGE0KGludCBwYXJhbV8xKQoKewogICoodW5kZWZpbmVkNCAqKShwYXJhbV8xICsgMHgzMCkgPSAwOwogIHJldHVybjsKfQoK	
urn:ure:smg:re_FunctionVariant:rmge01-usasm:8034cab4	0x8034CAB4	12	true	RlVOXzgwMzRjYWI0	CnZvaWQgRlVOXzgwMzRjYWI0KGludCBwYXJhbV8xKQoKewogICoodW5kZWZpbmVkMSAqKShwYXJhbV8xICsgMHgyNCkgPSAxOwogIHJldHVybjsKfQoK	
urn:ure:smg:re_FunctionVariant:rmge01-usasm:8034d4d8	0x8034D4D8	12	true	RlVOXzgwMzRkNGQ4	CnVuZGVmaW5lZDQgRlVOXzgwMzRkNGQ4KGludCBwYXJhbV8xKQoKewogIHJldHVybiAqKHVuZGVmaW5lZDQgKikoKihpbnQgKikocGFyYW1fMSArIDB4MTQpICsgMHgyMCk7Cn0KCg==	
urn:ure:smg:re_FunctionVariant:rmge01-usasm:8034d4e4	0x8034D4E4	12	true	RlVOXzgwMzRkNGU0	CnVuZGVmaW5lZDQgRlVOXzgwMzRkNGU0KGludCBwYXJhbV8xKQoKewogIHJldHVybiAqKHVuZGVmaW5lZDQgKikoKihpbnQgKikocGFyYW1fMSArIDB4MTQpICsgMHgyNCk7Cn0KCg==	
urn:ure:smg:re_FunctionVariant:rmge01-usasm:8034ff1c	0x8034FF1C	12	true	RlVOXzgwMzRmZjFj	CnZvaWQgRlVOXzgwMzRmZjFjKHVuZGVmaW5lZDQgKnBhcmFtXzEpCgp7CiAgRlVOXzgwNDA2ODkwKCpwYXJhbV8xLDApOwogIHJldHVybjsKfQoK	
urn:ure:smg:re_FunctionVariant:rmge01-usasm:80355d88	0x80355D88	12	true	RlVOXzgwMzU1ZDg4	CnZvaWQgRlVOXzgwMzU1ZDg4KGludCBwYXJhbV8xKQoKewogIGludCB1bmFmZl9fcjEzOwogIAogIEZVTl84MDNhMjliMCgqKHVuZGVmaW5lZDQgKikocGFyYW1fMSArIDB4YmMpLHVuYWZmX19yMTMgKyAtMHgyZWU4KTsKICByZXR1cm47Cn0KCg==	
urn:ure:smg:re_FunctionVariant:rmge01-usasm:80355d94	0x80355D94	12	true	RlVOXzgwMzU1ZDk0	CnZvaWQgRlVOXzgwMzU1ZDk0KGludCBwYXJhbV8xKQoKewogIGludCB1bmFmZl9fcjEzOwogIAogIEZVTl84MDNhMjliMCgqKHVuZGVmaW5lZDQgKikocGFyYW1fMSArIDB4YmMpLHVuYWZmX19yMTMgKyAtMTIwMDApOwogIHJldHVybjsKfQoK	
urn:ure:smg:re_FunctionVariant:rmge01-usasm:80357b74	0x80357B74	12	true	RlVOXzgwMzU3Yjc0	CnVuZGVmaW5lZDEgRlVOXzgwMzU3Yjc0KGludCBwYXJhbV8xKQoKewogIHJldHVybiAqKHVuZGVmaW5lZDEgKikoKihpbnQgKikocGFyYW1fMSArIDB4MjApICsgMHgyMCk7Cn0KCg==	
urn:ure:smg:re_FunctionVariant:rmge01-usasm:8035f3e4	0x8035F3E4	12	true	RlVOXzgwMzVmM2U0	CnZvaWQgRlVOXzgwMzVmM2U0KHVuZGVmaW5lZDQgcGFyYW1fMSkKCnsKICBGVU5fODAzZDY2NDQocGFyYW1fMSxzX0d1aWRhbmNlXzgwNWMwYjQxKTsKICByZXR1cm47Cn0KCg==	
urn:ure:smg:re_FunctionVariant:rmge01-usasm:8035f3f0	0x8035F3F0	12	true	RlVOXzgwMzVmM2Yw	CnZvaWQgRlVOXzgwMzVmM2YwKHVuZGVmaW5lZDQgcGFyYW1fMSkKCnsKICBGVU5fODAzZDY2YjgocGFyYW1fMSxzX0d1aWRhbmNlXzgwNWMwYjQxKTsKICByZXR1cm47Cn0KCg==	
urn:ure:smg:re_FunctionVariant:rmge01-usasm:803635fc	0x803635FC	12	true	RlVOXzgwMzYzNWZj	CnZvaWQgRlVOXzgwMzYzNWZjKGludCBwYXJhbV8xKQoKewogICoodW5kZWZpbmVkMSAqKShwYXJhbV8xICsgMHhjKSA9IDE7CiAgcmV0dXJuOwp9Cgo=	
urn:ure:smg:re_FunctionVariant:rmge01-usasm:80363608	0x80363608	12	true	RlVOXzgwMzYzNjA4	CnZvaWQgRlVOXzgwMzYzNjA4KGludCBwYXJhbV8xKQoKewogICoodW5kZWZpbmVkMSAqKShwYXJhbV8xICsgMHhmKSA9IDE7CiAgcmV0dXJuOwp9Cgo=	
urn:ure:smg:re_FunctionVariant:rmge01-usasm:80363614	0x80363614	12	true	RlVOXzgwMzYzNjE0	CnZvaWQgRlVOXzgwMzYzNjE0KGludCBwYXJhbV8xKQoKewogICoodW5kZWZpbmVkMSAqKShwYXJhbV8xICsgMHhmKSA9IDA7CiAgcmV0dXJuOwp9Cgo=	
urn:ure:smg:re_FunctionVariant:rmge01-usasm:803658fc	0x803658FC	12	true	RlVOXzgwMzY1OGZj	CnZvaWQgRlVOXzgwMzY1OGZjKHVuZGVmaW5lZDQgcGFyYW1fMSx1bmRlZmluZWQ0IHBhcmFtXzIpCgp7CiAgRlVOXzgwM2Q2MGQwKHBhcmFtXzEsMCxwYXJhbV8yKTsKICByZXR1cm47Cn0KCg==	
urn:ure:smg:re_FunctionVariant:rmge01-usasm:80365908	0x80365908	12	true	RlVOXzgwMzY1OTA4	CnZvaWQgRlVOXzgwMzY1OTA4KHVuZGVmaW5lZDQgcGFyYW1fMSx1bmRlZmluZWQ0IHBhcmFtXzIpCgp7CiAgRlVOXzgwM2Q2MWI0KHBhcmFtXzEsMCxwYXJhbV8yKTsKICByZXR1cm47Cn0KCg==	
urn:ure:smg:re_FunctionVariant:rmge01-usasm:80366280	0x80366280	12	true	RlVOXzgwMzY2Mjgw	CnVuZGVmaW5lZDQgRlVOXzgwMzY2MjgwKGludCBwYXJhbV8xKQoKewogIHJldHVybiAqKHVuZGVmaW5lZDQgKikoKihpbnQgKikocGFyYW1fMSArIDB4MTApICsgMHhjKTsKfQoK	
urn:ure:smg:re_FunctionVariant:rmge01-usasm:80366bf0	0x80366BF0	12	true	RlVOXzgwMzY2YmYw	CnVuZGVmaW5lZDQgRlVOXzgwMzY2YmYwKGludCBwYXJhbV8xKQoKewogIHJldHVybiAqKHVuZGVmaW5lZDQgKikoKihpbnQgKikocGFyYW1fMSArIDQpICsgMHhjKTsKfQoK	
urn:ure:smg:re_FunctionVariant:rmge01-usasm:8036c19c	0x8036C19C	12	true	RlVOXzgwMzZjMTlj	CnZvaWQgRlVOXzgwMzZjMTljKHVuZGVmaW5lZDQgKnBhcmFtXzEsaW50IHBhcmFtXzIpCgp7CiAgKnBhcmFtXzEgPSAqKHVuZGVmaW5lZDQgKikocGFyYW1fMiArIDQpOwogIHJldHVybjsKfQoK	
urn:ure:smg:re_FunctionVariant:rmge01-usasm:8036da1c	0x8036DA1C	12	true	RlVOXzgwMzZkYTFj	CnZvaWQgRlVOXzgwMzZkYTFjKGludCBwYXJhbV8xKQoKewogICoodW5kZWZpbmVkMSAqKShwYXJhbV8xICsgMHgyMDApID0gMDsKICByZXR1cm47Cn0KCg==	
urn:ure:smg:re_FunctionVariant:rmge01-usasm:80391f74	0x80391F74	12	true	RlVOXzgwMzkxZjc0	CnVuZGVmaW5lZDEgRlVOXzgwMzkxZjc0KGludCBwYXJhbV8xKQoKewogIHJldHVybiAqKHVuZGVmaW5lZDEgKikoKihpbnQgKikocGFyYW1fMSArIDB4MTApICsgMHgyMCk7Cn0KCg==	
urn:ure:smg:re_FunctionVariant:rmge01-usasm:80393510:89	0x80393510	12	true	RlVOXzgwMzkzNTEw	CnVuZGVmaW5lZDQgRlVOXzgwMzkzNTEwKGludCBwYXJhbV8xLGludCBwYXJhbV8yKQoKewogIHJldHVybiAqKHVuZGVmaW5lZDQgKikocGFyYW1fMSArIHBhcmFtXzIgKiA0KTsKfQoK	
urn:ure:smg:re_FunctionVariant:rmge01-usasm:80393560:91	0x80393560	12	true	RlVOXzgwMzkzNTYw	CnZvaWQgRlVOXzgwMzkzNTYwKHVuZGVmaW5lZDQgKnBhcmFtXzEpCgp7CiAgKnBhcmFtXzEgPSAwOwogIHJldHVybjsKfQoK	
urn:ure:smg:re_FunctionVariant:rmge01-usasm:80395550	0x80395550	12	true	RlVOXzgwMzk1NTUw	CnVuZGVmaW5lZDIgRlVOXzgwMzk1NTUwKGludCAqcGFyYW1fMSkKCnsKICByZXR1cm4gKih1bmRlZmluZWQyICopKCpwYXJhbV8xICsgMik7Cn0KCg==	
urn:ure:smg:re_FunctionVariant:rmge01-usasm:80396a94	0x80396A94	12	true	RlVOXzgwMzk2YTk0	CnZvaWQgRlVOXzgwMzk2YTk0KGludCBwYXJhbV8xLHVuZGVmaW5lZDQgcGFyYW1fMikKCnsKICAqKHVuZGVmaW5lZDQgKikocGFyYW1fMSArIDB4MWMpID0gcGFyYW1fMjsKICAqKHVuZGVmaW5lZDQgKikocGFyYW1fMSArIDB4MjApID0gcGFyYW1fMjsKICByZXR1cm47Cn0KCg==	
urn:ure:smg:re_FunctionVariant:rmge01-usasm:8039afe8	0x8039AFE8	12	true	RlVOXzgwMzlhZmU4	CnZvaWQgRlVOXzgwMzlhZmU4KHZvaWQpCgp7CiAgaW50IHVuYWZmX19yMTM7CiAgCiAgRlVOXzgwM2I0Njc4KCoodW5kZWZpbmVkNCAqKSgqKGludCAqKSh1bmFmZl9fcjEzICsgLTB4M2E3OCkgKyAweGMpKTsKICByZXR1cm47Cn0KCg==	
urn:ure:smg:re_FunctionVariant:rmge01-usasm:8039b068	0x8039B068	12	true	RlVOXzgwMzliMDY4	CnZvaWQgRlVOXzgwMzliMDY4KHZvaWQpCgp7CiAgaW50IHVuYWZmX19yMTM7CiAgCiAgRlVOXzgwMzljMTFjKCoodW5kZWZpbmVkNCAqKSgqKGludCAqKSh1bmFmZl9fcjEzICsgLTB4M2E3OCkgKyAweDI4KSk7CiAgcmV0dXJuOwp9Cgo=	
urn:ure:smg:re_FunctionVariant:rmge01-usasm:8039b094	0x8039B094	12	false			bm8gZnVuY3Rpb24gYXQgZXhhY3QgZW50cnk=
urn:ure:smg:re_FunctionVariant:rmge01-usasm:8039b0b8	0x8039B0B8	12	true	RlVOXzgwMzliMGI4	CnZvaWQgRlVOXzgwMzliMGI4KHVuZGVmaW5lZDQgcGFyYW1fMSkKCnsKICBpbnQgdW5hZmZfX3IxMzsKICAKICBGVU5fODAzOWUyYTQoKih1bmRlZmluZWQ0ICopKHVuYWZmX19yMTMgKyAtMHgyODQwKSxwYXJhbV8xKTsKICByZXR1cm47Cn0KCg==	
urn:ure:smg:re_FunctionVariant:rmge01-usasm:8039b0c4	0x8039B0C4	12	true	RlVOXzgwMzliMGM0	CnZvaWQgRlVOXzgwMzliMGM0KHVuZGVmaW5lZDQgcGFyYW1fMSkKCnsKICBpbnQgdW5hZmZfX3IxMzsKICAKICBGVU5fODAzOWUyZjQoKih1bmRlZmluZWQ0ICopKHVuYWZmX19yMTMgKyAtMHgyODQwKSxwYXJhbV8xKTsKICByZXR1cm47Cn0KCg==	
urn:ure:smg:re_FunctionVariant:rmge01-usasm:8039b0e8	0x8039B0E8	12	true	RlVOXzgwMzliMGU4	CnZvaWQgRlVOXzgwMzliMGU4KHZvaWQpCgp7CiAgaW50IHVuYWZmX19yMTM7CiAgCiAgRlVOXzgwMzlkNGQwKCoodW5kZWZpbmVkNCAqKSgqKGludCAqKSh1bmFmZl9fcjEzICsgLTB4M2E3OCkgKyAweDI0KSk7CiAgcmV0dXJuOwp9Cgo=	
urn:ure:smg:re_FunctionVariant:rmge01-usasm:8039b68c	0x8039B68C	12	true	RlVOXzgwMzliNjhj	CnZvaWQgRlVOXzgwMzliNjhjKHZvaWQpCgp7CiAgaW50IHVuYWZmX19yMTM7CiAgCiAgRlVOXzgwMzlkYTRjKCoodW5kZWZpbmVkNCAqKSgqKGludCAqKSh1bmFmZl9fcjEzICsgLTB4M2E3OCkgKyAweDI0KSk7CiAgcmV0dXJuOwp9Cgo=	
urn:ure:smg:re_FunctionVariant:rmge01-usasm:8039b9d4	0x8039B9D4	12	true	RlVOXzgwMzliOWQ0	CnVuZGVmaW5lZDQgRlVOXzgwMzliOWQ0KHZvaWQpCgp7CiAgaW50IHVuYWZmX19yMTM7CiAgCiAgcmV0dXJuICoodW5kZWZpbmVkNCAqKSgqKGludCAqKSh1bmFmZl9fcjEzICsgLTB4MjQ1MCkgKyA0KTsKfQoK	
urn:ure:smg:re_FunctionVariant:rmge01-usasm:8039d440	0x8039D440	12	true	RlVOXzgwMzlkNDQw	CnVuZGVmaW5lZDQgRlVOXzgwMzlkNDQwKGludCBwYXJhbV8xKQoKewogIHJldHVybiAqKHVuZGVmaW5lZDQgKikoKihpbnQgKikocGFyYW1fMSArIDB4YWMpICsgOCk7Cn0KCg==	
urn:ure:smg:re_FunctionVariant:rmge01-usasm:803a24f8	0x803A24F8	12	true	RlVOXzgwM2EyNGY4	CnZvaWQgRlVOXzgwM2EyNGY4KHVuZGVmaW5lZDQgcGFyYW1fMSkKCnsKICBpbnQgdW5hZmZfX3IxMzsKICAKICBGVU5fODAzYTIzZDQoKih1bmRlZmluZWQ0ICopKHVuYWZmX19yMTMgKyAtMHgyODFjKSxwYXJhbV8xKTsKICByZXR1cm47Cn0KCg==	
urn:ure:smg:re_FunctionVariant:rmge01-usasm:803a29f4	0x803A29F4	12	true	RlVOXzgwM2EyOWY0	CnVuZGVmaW5lZDQgRlVOXzgwM2EyOWY0KGludCBwYXJhbV8xKQoKewogIHJldHVybiAqKHVuZGVmaW5lZDQgKikoKihpbnQgKikocGFyYW1fMSArIDQpICsgMHhjKTsKfQoK	
urn:ure:smg:re_FunctionVariant:rmge01-usasm:803a5df8	0x803A5DF8	12	false			bm8gZnVuY3Rpb24gYXQgZXhhY3QgZW50cnk=
urn:ure:smg:re_FunctionVariant:rmge01-usasm:803aa0d0	0x803AA0D0	12	true	RlVOXzgwM2FhMGQw	CnVuZGVmaW5lZCAqIEZVTl84MDNhYTBkMCh2b2lkKQoKewogIHJldHVybiAmREFUXzgwNTNhNWIwOwp9Cgo=	
urn:ure:smg:re_FunctionVariant:rmge01-usasm:803aafd4	0x803AAFD4	12	true	RlVOXzgwM2FhZmQ0	CnVpbnQgRlVOXzgwM2FhZmQ0KGludCBwYXJhbV8xKQoKewogIHJldHVybiAqKHVpbnQgKikocGFyYW1fMSArIDQpID4+IDMgJiAxOwp9Cgo=	
urn:ure:smg:re_FunctionVariant:rmge01-usasm:803aafe0	0x803AAFE0	12	true	RlVOXzgwM2FhZmUw	CnVpbnQgRlVOXzgwM2FhZmUwKGludCBwYXJhbV8xKQoKewogIHJldHVybiAqKHVpbnQgKikocGFyYW1fMSArIDQpID4+IDIgJiAxOwp9Cgo=	
urn:ure:smg:re_FunctionVariant:rmge01-usasm:803aafec	0x803AAFEC	12	true	RlVOXzgwM2FhZmVj	CnVpbnQgRlVOXzgwM2FhZmVjKGludCBwYXJhbV8xKQoKewogIHJldHVybiAqKHVpbnQgKikocGFyYW1fMSArIDQpICYgMTsKfQoK	
urn:ure:smg:re_FunctionVariant:rmge01-usasm:803aaff8	0x803AAFF8	12	true	RlVOXzgwM2FhZmY4	CnVpbnQgRlVOXzgwM2FhZmY4KGludCBwYXJhbV8xKQoKewogIHJldHVybiAqKHVpbnQgKikocGFyYW1fMSArIDQpID4+IDEgJiAxOwp9Cgo=	
urn:ure:smg:re_FunctionVariant:rmge01-usasm:803ab004	0x803AB004	12	true	RlVOXzgwM2FiMDA0	CnVpbnQgRlVOXzgwM2FiMDA0KGludCBwYXJhbV8xKQoKewogIHJldHVybiAqKHVpbnQgKikocGFyYW1fMSArIDQpID4+IDB4YiAmIDE7Cn0KCg==	
urn:ure:smg:re_FunctionVariant:rmge01-usasm:803ab010	0x803AB010	12	true	RlVOXzgwM2FiMDEw	CnVpbnQgRlVOXzgwM2FiMDEwKGludCBwYXJhbV8xKQoKewogIHJldHVybiAqKHVpbnQgKikocGFyYW1fMSArIDQpID4+IDEwICYgMTsKfQoK	
urn:ure:smg:re_FunctionVariant:rmge01-usasm:803ab01c	0x803AB01C	12	true	RlVOXzgwM2FiMDFj	CnVpbnQgRlVOXzgwM2FiMDFjKGludCBwYXJhbV8xKQoKewogIHJldHVybiAqKHVpbnQgKikocGFyYW1fMSArIDQpID4+IDB4YyAmIDE7Cn0KCg==	
urn:ure:smg:re_FunctionVariant:rmge01-usasm:803ab028	0x803AB028	12	true	RlVOXzgwM2FiMDI4	CnVpbnQgRlVOXzgwM2FiMDI4KGludCBwYXJhbV8xKQoKewogIHJldHVybiAqKHVpbnQgKikocGFyYW1fMSArIDQpID4+IDQgJiAxOwp9Cgo=	
urn:ure:smg:re_FunctionVariant:rmge01-usasm:803ab034	0x803AB034	12	true	RlVOXzgwM2FiMDM0	CnVpbnQgRlVOXzgwM2FiMDM0KGludCBwYXJhbV8xKQoKewogIHJldHVybiAqKHVpbnQgKikocGFyYW1fMSArIDQpID4+IDkgJiAxOwp9Cgo=	
urn:ure:smg:re_FunctionVariant:rmge01-usasm:803ab040	0x803AB040	12	true	RlVOXzgwM2FiMDQw	CnVpbnQgRlVOXzgwM2FiMDQwKGludCBwYXJhbV8xKQoKewogIHJldHVybiAqKHVpbnQgKikocGFyYW1fMSArIDQpID4+IDggJiAxOwp9Cgo=	
urn:ure:smg:re_FunctionVariant:rmge01-usasm:803ab04c	0x803AB04C	12	true	RlVOXzgwM2FiMDRj	CnVpbnQgRlVOXzgwM2FiMDRjKGludCBwYXJhbV8xKQoKewogIHJldHVybiAqKHVpbnQgKikocGFyYW1fMSArIDQpID4+IDB4ZSAmIDE7Cn0KCg==	
urn:ure:smg:re_FunctionVariant:rmge01-usasm:803ab058	0x803AB058	12	true	RlVOXzgwM2FiMDU4	CnVpbnQgRlVOXzgwM2FiMDU4KGludCBwYXJhbV8xKQoKewogIHJldHVybiAqKHVpbnQgKikocGFyYW1fMSArIDQpID4+IDB4ZCAmIDE7Cn0KCg==	
urn:ure:smg:re_FunctionVariant:rmge01-usasm:803ab064	0x803AB064	12	true	RlVOXzgwM2FiMDY0	CnVpbnQgRlVOXzgwM2FiMDY0KGludCBwYXJhbV8xKQoKewogIHJldHVybiAqKHVpbnQgKikocGFyYW1fMSArIDgpID4+IDMgJiAxOwp9Cgo=	
urn:ure:smg:re_FunctionVariant:rmge01-usasm:803ab070	0x803AB070	12	true	RlVOXzgwM2FiMDcw	CnVpbnQgRlVOXzgwM2FiMDcwKGludCBwYXJhbV8xKQoKewogIHJldHVybiAqKHVpbnQgKikocGFyYW1fMSArIDgpID4+IDIgJiAxOwp9Cgo=	
urn:ure:smg:re_FunctionVariant:rmge01-usasm:803ab07c	0x803AB07C	12	true	RlVOXzgwM2FiMDdj	CnVpbnQgRlVOXzgwM2FiMDdjKGludCBwYXJhbV8xKQoKewogIHJldHVybiAqKHVpbnQgKikocGFyYW1fMSArIDgpICYgMTsKfQoK	
urn:ure:smg:re_FunctionVariant:rmge01-usasm:803ab088	0x803AB088	12	true	RlVOXzgwM2FiMDg4	CnVpbnQgRlVOXzgwM2FiMDg4KGludCBwYXJhbV8xKQoKewogIHJldHVybiAqKHVpbnQgKikocGFyYW1fMSArIDgpID4+IDEgJiAxOwp9Cgo=	
urn:ure:smg:re_FunctionVariant:rmge01-usasm:803ab094	0x803AB094	12	true	RlVOXzgwM2FiMDk0	CnVpbnQgRlVOXzgwM2FiMDk0KGludCBwYXJhbV8xKQoKewogIHJldHVybiAqKHVpbnQgKikocGFyYW1fMSArIDgpID4+IDB4YiAmIDE7Cn0KCg==	
urn:ure:smg:re_FunctionVariant:rmge01-usasm:803ab0a0	0x803AB0A0	12	true	RlVOXzgwM2FiMGEw	CnVpbnQgRlVOXzgwM2FiMGEwKGludCBwYXJhbV8xKQoKewogIHJldHVybiAqKHVpbnQgKikocGFyYW1fMSArIDgpID4+IDEwICYgMTsKfQoK	
urn:ure:smg:re_FunctionVariant:rmge01-usasm:803ab0ac	0x803AB0AC	12	true	RlVOXzgwM2FiMGFj	CnVpbnQgRlVOXzgwM2FiMGFjKGludCBwYXJhbV8xKQoKewogIHJldHVybiAqKHVpbnQgKikocGFyYW1fMSArIDgpID4+IDB4YyAmIDE7Cn0KCg==	
urn:ure:smg:re_FunctionVariant:rmge01-usasm:803ab0b8	0x803AB0B8	12	true	RlVOXzgwM2FiMGI4	CnVpbnQgRlVOXzgwM2FiMGI4KGludCBwYXJhbV8xKQoKewogIHJldHVybiAqKHVpbnQgKikocGFyYW1fMSArIDgpID4+IDB4ZiAmIDE7Cn0KCg==	
urn:ure:smg:re_FunctionVariant:rmge01-usasm:803ab0c4	0x803AB0C4	12	true	RlVOXzgwM2FiMGM0	CnVpbnQgRlVOXzgwM2FiMGM0KGludCBwYXJhbV8xKQoKewogIHJldHVybiAqKHVpbnQgKikocGFyYW1fMSArIDgpID4+IDQgJiAxOwp9Cgo=	
urn:ure:smg:re_FunctionVariant:rmge01-usasm:803ab0d0	0x803AB0D0	12	true	RlVOXzgwM2FiMGQw	CnVpbnQgRlVOXzgwM2FiMGQwKGludCBwYXJhbV8xKQoKewogIHJldHVybiAqKHVpbnQgKikocGFyYW1fMSArIDgpID4+IDkgJiAxOwp9Cgo=	
urn:ure:smg:re_FunctionVariant:rmge01-usasm:803ab0dc	0x803AB0DC	12	true	RlVOXzgwM2FiMGRj	CnVpbnQgRlVOXzgwM2FiMGRjKGludCBwYXJhbV8xKQoKewogIHJldHVybiAqKHVpbnQgKikocGFyYW1fMSArIDgpID4+IDggJiAxOwp9Cgo=	
urn:ure:smg:re_FunctionVariant:rmge01-usasm:803ab0e8	0x803AB0E8	12	true	RlVOXzgwM2FiMGU4	CnVpbnQgRlVOXzgwM2FiMGU4KGludCBwYXJhbV8xKQoKewogIHJldHVybiAqKHVpbnQgKikocGFyYW1fMSArIDgpID4+IDB4ZSAmIDE7Cn0KCg==	
urn:ure:smg:re_FunctionVariant:rmge01-usasm:803ab0f4	0x803AB0F4	12	true	RlVOXzgwM2FiMGY0	CnVpbnQgRlVOXzgwM2FiMGY0KGludCBwYXJhbV8xKQoKewogIHJldHVybiAqKHVpbnQgKikocGFyYW1fMSArIDgpID4+IDB4ZCAmIDE7Cn0KCg==	
urn:ure:smg:re_FunctionVariant:rmge01-usasm:803ab100	0x803AB100	12	true	RlVOXzgwM2FiMTAw	CnVpbnQgRlVOXzgwM2FiMTAwKGludCBwYXJhbV8xKQoKewogIHJldHVybiAqKHVpbnQgKikocGFyYW1fMSArIDB4YykgPj4gMHhkICYgMTsKfQoK	
urn:ure:smg:re_FunctionVariant:rmge01-usasm:803aba50	0x803ABA50	12	true	RlVOXzgwM2FiYTUw	CnZvaWQgRlVOXzgwM2FiYTUwKGludCBwYXJhbV8xKQoKewogICoodWludCAqKShwYXJhbV8xICsgMHgyMCkgPSAodWludCkqKGJ5dGUgKikocGFyYW1fMSArIDB4MTgpOwogIHJldHVybjsKfQoK	
urn:ure:smg:re_FunctionVariant:rmge01-usasm:803abdbc	0x803ABDBC	12	true	RlVOXzgwM2FiZGJj	CnZvaWQgRlVOXzgwM2FiZGJjKHVuZGVmaW5lZDQgKnBhcmFtXzEpCgp7CiAgRlVOXzgwNDRlNTgwKCoodW5kZWZpbmVkNCAqKSpwYXJhbV8xKTsKICByZXR1cm47Cn0KCg==	
urn:ure:smg:re_FunctionVariant:rmge01-usasm:803acb88	0x803ACB88	12	true	RlVOXzgwM2FjYjg4	CnZvaWQgRlVOXzgwM2FjYjg4KHZvaWQpCgp7CiAgaW50IHVuYWZmX19yMTM7CiAgCiAgICAgICAgICAgICAgICAgICAgLyogV0FSTklORzogQ291bGQgbm90IHJlY292ZXIganVtcHRhYmxlIGF0IDB4ODAzYWNiOTAuIFRvbyBtYW55IGJyYW5jaGVzICovCiAgICAgICAgICAgICAgICAgICAgLyogV0FSTklORzogVHJlYXRpbmcgaW5kaXJlY3QganVtcCBhcyBjYWxsICovCiAgKCoqKGNvZGUgKiopKHVuYWZmX19yMTMgKyAtMHgyNzQwKSkoKTsKICByZXR1cm47Cn0KCg==	
urn:ure:smg:re_FunctionVariant:rmge01-usasm:803acb94	0x803ACB94	12	true	RlVOXzgwM2FjYjk0	CnZvaWQgRlVOXzgwM2FjYjk0KHZvaWQpCgp7CiAgaW50IHVuYWZmX19yMTM7CiAgCiAgICAgICAgICAgICAgICAgICAgLyogV0FSTklORzogQ291bGQgbm90IHJlY292ZXIganVtcHRhYmxlIGF0IDB4ODAzYWNiOWMuIFRvbyBtYW55IGJyYW5jaGVzICovCiAgICAgICAgICAgICAgICAgICAgLyogV0FSTklORzogVHJlYXRpbmcgaW5kaXJlY3QganVtcCBhcyBjYWxsICovCiAgKCoqKGNvZGUgKiopKHVuYWZmX19yMTMgKyAtMHgyNzNjKSkoKTsKICByZXR1cm47Cn0KCg==	
urn:ure:smg:re_FunctionVariant:rmge01-usasm:803acba0	0x803ACBA0	12	true	RlVOXzgwM2FjYmEw	CnZvaWQgRlVOXzgwM2FjYmEwKHZvaWQpCgp7CiAgaW50IHVuYWZmX19yMTM7CiAgCiAgICAgICAgICAgICAgICAgICAgLyogV0FSTklORzogQ291bGQgbm90IHJlY292ZXIganVtcHRhYmxlIGF0IDB4ODAzYWNiYTguIFRvbyBtYW55IGJyYW5jaGVzICovCiAgICAgICAgICAgICAgICAgICAgLyogV0FSTklORzogVHJlYXRpbmcgaW5kaXJlY3QganVtcCBhcyBjYWxsICovCiAgKCoqKGNvZGUgKiopKHVuYWZmX19yMTMgKyAtMHgyNzM4KSkoKTsKICByZXR1cm47Cn0KCg==	
urn:ure:smg:re_FunctionVariant:rmge01-usasm:803acbac	0x803ACBAC	12	true	RlVOXzgwM2FjYmFj	CnZvaWQgRlVOXzgwM2FjYmFjKHZvaWQpCgp7CiAgaW50IHVuYWZmX19yMTM7CiAgCiAgICAgICAgICAgICAgICAgICAgLyogV0FSTklORzogQ291bGQgbm90IHJlY292ZXIganVtcHRhYmxlIGF0IDB4ODAzYWNiYjQuIFRvbyBtYW55IGJyYW5jaGVzICovCiAgICAgICAgICAgICAgICAgICAgLyogV0FSTklORzogVHJlYXRpbmcgaW5kaXJlY3QganVtcCBhcyBjYWxsICovCiAgKCoqKGNvZGUgKiopKHVuYWZmX19yMTMgKyAtMHgyNzM0KSkoKTsKICByZXR1cm47Cn0KCg==	
urn:ure:smg:re_FunctionVariant:rmge01-usasm:803acbb8	0x803ACBB8	12	true	RlVOXzgwM2FjYmI4	CnZvaWQgRlVOXzgwM2FjYmI4KHZvaWQpCgp7CiAgaW50IHVuYWZmX19yMTM7CiAgCiAgICAgICAgICAgICAgICAgICAgLyogV0FSTklORzogQ291bGQgbm90IHJlY292ZXIganVtcHRhYmxlIGF0IDB4ODAzYWNiYzAuIFRvbyBtYW55IGJyYW5jaGVzICovCiAgICAgICAgICAgICAgICAgICAgLyogV0FSTklORzogVHJlYXRpbmcgaW5kaXJlY3QganVtcCBhcyBjYWxsICovCiAgKCoqKGNvZGUgKiopKHVuYWZmX19yMTMgKyAtMHgyNzMwKSkoKTsKICByZXR1cm47Cn0KCg==	
urn:ure:smg:re_FunctionVariant:rmge01-usasm:803acbc4	0x803ACBC4	12	true	RlVOXzgwM2FjYmM0	CnZvaWQgRlVOXzgwM2FjYmM0KHZvaWQpCgp7CiAgaW50IHVuYWZmX19yMTM7CiAgCiAgICAgICAgICAgICAgICAgICAgLyogV0FSTklORzogQ291bGQgbm90IHJlY292ZXIganVtcHRhYmxlIGF0IDB4ODAzYWNiY2MuIFRvbyBtYW55IGJyYW5jaGVzICovCiAgICAgICAgICAgICAgICAgICAgLyogV0FSTklORzogVHJlYXRpbmcgaW5kaXJlY3QganVtcCBhcyBjYWxsICovCiAgKCoqKGNvZGUgKiopKHVuYWZmX19yMTMgKyAtMHgyNzJjKSkoKTsKICByZXR1cm47Cn0KCg==	
urn:ure:smg:re_FunctionVariant:rmge01-usasm:803acc5c	0x803ACC5C	12	true	RlVOXzgwM2FjYzVj	CnZvaWQgRlVOXzgwM2FjYzVjKGludCBwYXJhbV8xKQoKewogICoodW5kZWZpbmVkNCAqKShwYXJhbV8xICsgNCkgPSAwOwogIHJldHVybjsKfQoK	
urn:ure:smg:re_FunctionVariant:rmge01-usasm:803ae1e0	0x803AE1E0	12	true	RlVOXzgwM2FlMWUw	CnZvaWQgRlVOXzgwM2FlMWUwKGludCBwYXJhbV8xKQoKewogICoodW5kZWZpbmVkMSAqKShwYXJhbV8xICsgOCkgPSAxOwogIHJldHVybjsKfQoK	
urn:ure:smg:re_FunctionVariant:rmge01-usasm:803ae1ec	0x803AE1EC	12	true	RlVOXzgwM2FlMWVj	CnZvaWQgRlVOXzgwM2FlMWVjKGludCBwYXJhbV8xKQoKewogICoodW5kZWZpbmVkMSAqKShwYXJhbV8xICsgOCkgPSAwOwogIHJldHVybjsKfQoK	
urn:ure:smg:re_FunctionVariant:rmge01-usasm:803aec30	0x803AEC30	12	true	RlVOXzgwM2FlYzMw	CnVuZGVmaW5lZDQgRlVOXzgwM2FlYzMwKGludCAqcGFyYW1fMSkKCnsKICByZXR1cm4gKih1bmRlZmluZWQ0ICopKCpwYXJhbV8xICsgNCk7Cn0KCg==	
urn:ure:smg:re_FunctionVariant:rmge01-usasm:803af4c0	0x803AF4C0	12	true	RlVOXzgwM2FmNGMw	CnZvaWQgRlVOXzgwM2FmNGMwKHVuZGVmaW5lZDQgcGFyYW1fMSx1bmRlZmluZWQ0IHBhcmFtXzIpCgp7CiAgRlVOXzgwM2FmNzIwKHBhcmFtXzEscGFyYW1fMixzX1NwZWNpYWxTdGFyR3JlZW5fODA1YzlhMzIpOwogIHJldHVybjsKfQoK	
urn:ure:smg:re_FunctionVariant:rmge01-usasm:803af4cc	0x803AF4CC	12	true	RlVOXzgwM2FmNGNj	CnZvaWQgRlVOXzgwM2FmNGNjKHVuZGVmaW5lZDQgcGFyYW1fMSx1bmRlZmluZWQ0IHBhcmFtXzIpCgp7CiAgRlVOXzgwM2FmNzIwKHBhcmFtXzEscGFyYW1fMixzX1NwZWNpYWxTdGFyUmVkXzgwNWM5YTQzKTsKICByZXR1cm47Cn0KCg==	
urn:ure:smg:re_FunctionVariant:rmge01-usasm:803af4d8	0x803AF4D8	12	true	RlVOXzgwM2FmNGQ4	CnZvaWQgRlVOXzgwM2FmNGQ4KHVuZGVmaW5lZDQgcGFyYW1fMSx1bmRlZmluZWQ0IHBhcmFtXzIpCgp7CiAgRlVOXzgwM2FmNzIwKHBhcmFtXzEscGFyYW1fMixzX1NwZWNpYWxTdGFyRmluZGluZ0x1aWdpXzgwNWM5YTUyKTsKICByZXR1cm47Cn0KCg==	
urn:ure:smg:re_FunctionVariant:rmge01-usasm:803af4e4	0x803AF4E4	12	true	RlVOXzgwM2FmNGU0	CnZvaWQgRlVOXzgwM2FmNGU0KHVuZGVmaW5lZDQgcGFyYW1fMSx1bmRlZmluZWQ0IHBhcmFtXzIpCgp7CiAgRlVOXzgwM2FmNzIwKHBhcmFtXzEscGFyYW1fMixzX1NwZWNpYWxTdGFyR3JhbmRfODA1YzlhNmEpOwogIHJldHVybjsKfQoK	
urn:ure:smg:re_FunctionVariant:rmge01-usasm:803b1f40	0x803B1F40	12	true	RlVOXzgwM2IxZjQw	CnVuZGVmaW5lZDQgRlVOXzgwM2IxZjQwKGludCBwYXJhbV8xKQoKewogIHJldHVybiAqKHVuZGVmaW5lZDQgKikoKihpbnQgKikocGFyYW1fMSArIDgpICsgOCk7Cn0KCg==	
urn:ure:smg:re_FunctionVariant:rmge01-usasm:803b266c	0x803B266C	12	true	RlVOXzgwM2IyNjZj	CnVuZGVmaW5lZDQgRlVOXzgwM2IyNjZjKHVuZGVmaW5lZDQgKnBhcmFtXzEpCgp7CiAgcmV0dXJuICoodW5kZWZpbmVkNCAqKSpwYXJhbV8xOwp9Cgo=	
urn:ure:smg:re_FunctionVariant:rmge01-usasm:803b26d8	0x803B26D8	12	true	RlVOXzgwM2IyNmQ4	CnVuZGVmaW5lZDQgRlVOXzgwM2IyNmQ4KGludCAqcGFyYW1fMSkKCnsKICByZXR1cm4gKih1bmRlZmluZWQ0ICopKCpwYXJhbV8xICsgMHhjKTsKfQoK	
urn:ure:smg:re_FunctionVariant:rmge01-usasm:803b26e4	0x803B26E4	12	true	RlVOXzgwM2IyNmU0	CnVuZGVmaW5lZDEgRlVOXzgwM2IyNmU0KGludCAqcGFyYW1fMSkKCnsKICByZXR1cm4gKih1bmRlZmluZWQxICopKCpwYXJhbV8xICsgNik7Cn0KCg==	
urn:ure:smg:re_FunctionVariant:rmge01-usasm:803b26f0	0x803B26F0	12	true	RlVOXzgwM2IyNmYw	CnVuZGVmaW5lZDEgRlVOXzgwM2IyNmYwKGludCAqcGFyYW1fMSkKCnsKICByZXR1cm4gKih1bmRlZmluZWQxICopKCpwYXJhbV8xICsgNik7Cn0KCg==	
urn:ure:smg:re_FunctionVariant:rmge01-usasm:803b26fc	0x803B26FC	12	true	RlVOXzgwM2IyNmZj	CnVuZGVmaW5lZDQgRlVOXzgwM2IyNmZjKGludCAqcGFyYW1fMSkKCnsKICByZXR1cm4gKih1bmRlZmluZWQ0ICopKCpwYXJhbV8xICsgMHhjKTsKfQoK	
urn:ure:smg:re_FunctionVariant:rmge01-usasm:803b2718	0x803B2718	12	true	RlVOXzgwM2IyNzE4	CnVuZGVmaW5lZDQgRlVOXzgwM2IyNzE4KGludCAqcGFyYW1fMSkKCnsKICByZXR1cm4gKih1bmRlZmluZWQ0ICopKCpwYXJhbV8xICsgMHhjKTsKfQoK	
urn:ure:smg:re_FunctionVariant:rmge01-usasm:803b2724	0x803B2724	12	true	RlVOXzgwM2IyNzI0	CnVuZGVmaW5lZDQgRlVOXzgwM2IyNzI0KGludCAqcGFyYW1fMSkKCnsKICByZXR1cm4gKih1bmRlZmluZWQ0ICopKCpwYXJhbV8xICsgMHgxMCk7Cn0KCg==	
urn:ure:smg:re_FunctionVariant:rmge01-usasm:803b2c2c	0x803B2C2C	12	true	RlVOXzgwM2IyYzJj	CnZvaWQgRlVOXzgwM2IyYzJjKHVuZGVmaW5lZDQgcGFyYW1fMSkKCnsKICBpbnQgdW5hZmZfX3IxMzsKICAKICBGVU5fODAzYjI4MTAoKih1bmRlZmluZWQ0ICopKHVuYWZmX19yMTMgKyAtMHgyNzE4KSxwYXJhbV8xKTsKICByZXR1cm47Cn0KCg==	
urn:ure:smg:re_FunctionVariant:rmge01-usasm:803b35a4	0x803B35A4	12	true	RlVOXzgwM2IzNWE0	CnZvaWQgRlVOXzgwM2IzNWE0KHZvaWQpCgp7CiAgRlVOXzgwM2IzMDkwKHNfU3BlY2lhbFN0YXJHcmVlbl84MDVjYWQ5ZSk7CiAgcmV0dXJuOwp9Cgo=	
urn:ure:smg:re_FunctionVariant:rmge01-usasm:803b49b0	0x803B49B0	12	true	RlVOXzgwM2I0OWIw	CnZvaWQgRlVOXzgwM2I0OWIwKHZvaWQpCgp7CiAgaW50IHVuYWZmX19yMTM7CiAgCiAgRlVOXzgwMzlkMWIwKCoodW5kZWZpbmVkNCAqKSgqKGludCAqKSh1bmFmZl9fcjEzICsgLTB4M2E3OCkgKyAweDI0KSk7CiAgcmV0dXJuOwp9Cgo=	
urn:ure:smg:re_FunctionVariant:rmge01-usasm:803b49bc	0x803B49BC	12	true	RlVOXzgwM2I0OWJj	CnZvaWQgRlVOXzgwM2I0OWJjKHZvaWQpCgp7CiAgaW50IHVuYWZmX19yMTM7CiAgCiAgRlVOXzgwMzlkMjgwKCoodW5kZWZpbmVkNCAqKSgqKGludCAqKSh1bmFmZl9fcjEzICsgLTB4M2E3OCkgKyAweDI0KSk7CiAgcmV0dXJuOwp9Cgo=	
urn:ure:smg:re_FunctionVariant:rmge01-usasm:803b5958	0x803B5958	12	true	RlVOXzgwM2I1OTU4	CnZvaWQgRlVOXzgwM2I1OTU4KGludCBwYXJhbV8xKQoKewogICoodW5kZWZpbmVkMSAqKShwYXJhbV8xICsgMHgyNSkgPSAxOwogIHJldHVybjsKfQoK	
urn:ure:smg:re_FunctionVariant:rmge01-usasm:803b5e14	0x803B5E14	12	true	RlVOXzgwM2I1ZTE0	CnVuZGVmaW5lZDEgRlVOXzgwM2I1ZTE0KGludCBwYXJhbV8xKQoKewogIHJldHVybiAqKih1bmRlZmluZWQxICoqKShwYXJhbV8xICsgMHgxOCk7Cn0KCg==	
urn:ure:smg:re_FunctionVariant:rmge01-usasm:803b60c0	0x803B60C0	12	true	RlVOXzgwM2I2MGMw	CnZvaWQgRlVOXzgwM2I2MGMwKHVuZGVmaW5lZDEgKnBhcmFtXzEpCgp7CiAgKnBhcmFtXzEgPSAwOwogIHJldHVybjsKfQoK	
urn:ure:smg:re_FunctionVariant:rmge01-usasm:803bb7e8	0x803BB7E8	12	true	RlVOXzgwM2JiN2U4	CnZvaWQgRlVOXzgwM2JiN2U4KGludCBwYXJhbV8xLHVuZGVmaW5lZDQgcGFyYW1fMikKCnsKICBGVU5fODAzYzk1ZTQoKih1bmRlZmluZWQ0ICopKHBhcmFtXzEgKyAweGMpLHBhcmFtXzIsMCk7CiAgcmV0dXJuOwp9Cgo=	
urn:ure:smg:re_FunctionVariant:rmge01-usasm:803bc098	0x803BC098	12	true	RlVOXzgwM2JjMDk4	CnVuZGVmaW5lZDQgRlVOXzgwM2JjMDk4KGludCAqcGFyYW1fMSkKCnsKICByZXR1cm4gKih1bmRlZmluZWQ0ICopKCpwYXJhbV8xICsgMHgxOCk7Cn0KCg==	
urn:ure:smg:re_FunctionVariant:rmge01-usasm:803bc0a4	0x803BC0A4	12	true	RlVOXzgwM2JjMGE0	CnZvaWQgRlVOXzgwM2JjMGE0KGludCAqcGFyYW1fMSx1bmRlZmluZWQ0IHBhcmFtXzIpCgp7CiAgKih1bmRlZmluZWQ0ICopKCpwYXJhbV8xICsgMHgxOCkgPSBwYXJhbV8yOwogIHJldHVybjsKfQoK	
urn:ure:smg:re_FunctionVariant:rmge01-usasm:803bc2d8	0x803BC2D8	12	true	RlVOXzgwM2JjMmQ4	CnZvaWQgRlVOXzgwM2JjMmQ4KGludCBwYXJhbV8xKQoKewogIEZVTl84MDNhY2UzOCgqKHVuZGVmaW5lZDQgKikocGFyYW1fMSArIDQpLDEpOwogIHJldHVybjsKfQoK	
urn:ure:smg:re_FunctionVariant:rmge01-usasm:803bc318	0x803BC318	12	true	RlVOXzgwM2JjMzE4	CnZvaWQgRlVOXzgwM2JjMzE4KGludCBwYXJhbV8xLHVuZGVmaW5lZDQgcGFyYW1fMikKCnsKICBGVU5fODAzZTc0ZGMoKih1bmRlZmluZWQ0ICopKHBhcmFtXzEgKyAweGMpLHBhcmFtXzIsMHgxNik7CiAgcmV0dXJuOwp9Cgo=	
urn:ure:smg:re_FunctionVariant:rmge01-usasm:803bc324	0x803BC324	12	true	RlVOXzgwM2JjMzI0	CmludCBGVU5fODAzYmMzMjQoaW50ICpwYXJhbV8xKQoKewogIHJldHVybiAqcGFyYW1fMSArIDB4MjQ7Cn0KCg==	
urn:ure:smg:re_FunctionVariant:rmge01-usasm:803bc374	0x803BC374	12	true	RlVOXzgwM2JjMzc0	CmludCBGVU5fODAzYmMzNzQoaW50IHBhcmFtXzEpCgp7CiAgcmV0dXJuICooaW50ICopKHBhcmFtXzEgKyA0KSArIDB4MTA7Cn0KCg==	
urn:ure:smg:re_FunctionVariant:rmge01-usasm:803bcc3c	0x803BCC3C	12	false			bm8gZnVuY3Rpb24gYXQgZXhhY3QgZW50cnk=
urn:ure:smg:re_FunctionVariant:rmge01-usasm:803bcd6c	0x803BCD6C	12	true	RlVOXzgwM2JjZDZj	CnZvaWQgRlVOXzgwM2JjZDZjKGludCBwYXJhbV8xKQoKewogIEZVTl84MDNjODNmMCgqKHVuZGVmaW5lZDQgKikocGFyYW1fMSArIDQpKTsKICByZXR1cm47Cn0KCg==	
urn:ure:smg:re_FunctionVariant:rmge01-usasm:803c21d8	0x803C21D8	12	true	RlVOXzgwM2MyMWQ4	CnZvaWQgRlVOXzgwM2MyMWQ4KGludCBwYXJhbV8xKQoKewogIEZVTl84MDE2M2ZkOCgqKHVuZGVmaW5lZDQgKikocGFyYW1fMSArIDB4NTQpKTsKICByZXR1cm47Cn0KCg==	
urn:ure:smg:re_FunctionVariant:rmge01-usasm:803c2c3c	0x803C2C3C	12	true	RlVOXzgwM2MyYzNj	CnZvaWQgRlVOXzgwM2MyYzNjKHVuZGVmaW5lZDQgcGFyYW1fMSx1bmRlZmluZWQ0IHBhcmFtXzIpCgp7CiAgRlVOXzgwMTYzNzYwKHBhcmFtXzEsMHgyOSxwYXJhbV8yKTsKICByZXR1cm47Cn0KCg==	
urn:ure:smg:re_FunctionVariant:rmge01-usasm:803c2c48	0x803C2C48	12	true	RlVOXzgwM2MyYzQ4	CnZvaWQgRlVOXzgwM2MyYzQ4KHVuZGVmaW5lZDQgcGFyYW1fMSx1bmRlZmluZWQ0IHBhcmFtXzIpCgp7CiAgRlVOXzgwMTYzNzYwKHBhcmFtXzEsMixwYXJhbV8yKTsKICByZXR1cm47Cn0KCg==	
urn:ure:smg:re_FunctionVariant:rmge01-usasm:803c2c54	0x803C2C54	12	false			bm8gZnVuY3Rpb24gYXQgZXhhY3QgZW50cnk=
urn:ure:smg:re_FunctionVariant:rmge01-usasm:803c2c60	0x803C2C60	12	true	RlVOXzgwM2MyYzYw	CnZvaWQgRlVOXzgwM2MyYzYwKHVuZGVmaW5lZDQgcGFyYW1fMSx1bmRlZmluZWQ0IHBhcmFtXzIpCgp7CiAgRlVOXzgwMTYzNzYwKHBhcmFtXzEsMHgyYyxwYXJhbV8yKTsKICByZXR1cm47Cn0KCg==	
urn:ure:smg:re_FunctionVariant:rmge01-usasm:803c2c6c	0x803C2C6C	12	true	RlVOXzgwM2MyYzZj	CnZvaWQgRlVOXzgwM2MyYzZjKHVuZGVmaW5lZDQgcGFyYW1fMSx1bmRlZmluZWQ0IHBhcmFtXzIpCgp7CiAgRlVOXzgwMTYzNzYwKHBhcmFtXzEsMHgyZCxwYXJhbV8yKTsKICByZXR1cm47Cn0KCg==	
urn:ure:smg:re_FunctionVariant:rmge01-usasm:803c2c78	0x803C2C78	12	true	RlVOXzgwM2MyYzc4	CnZvaWQgRlVOXzgwM2MyYzc4KHVuZGVmaW5lZDQgcGFyYW1fMSx1bmRlZmluZWQ0IHBhcmFtXzIpCgp7CiAgRlVOXzgwMTYzNzYwKHBhcmFtXzEsMHgxZixwYXJhbV8yKTsKICByZXR1cm47Cn0KCg==	
urn:ure:smg:re_FunctionVariant:rmge01-usasm:803c2c84	0x803C2C84	12	false			bm8gZnVuY3Rpb24gYXQgZXhhY3QgZW50cnk=
urn:ure:smg:re_FunctionVariant:rmge01-usasm:803c2d18	0x803C2D18	12	false			bm8gZnVuY3Rpb24gYXQgZXhhY3QgZW50cnk=
urn:ure:smg:re_FunctionVariant:rmge01-usasm:803c2d24	0x803C2D24	12	false			bm8gZnVuY3Rpb24gYXQgZXhhY3QgZW50cnk=
urn:ure:smg:re_FunctionVariant:rmge01-usasm:803c2d30	0x803C2D30	12	true	RlVOXzgwM2MyZDMw	CnZvaWQgRlVOXzgwM2MyZDMwKHVuZGVmaW5lZDQgcGFyYW1fMSx1bmRlZmluZWQ0IHBhcmFtXzIpCgp7CiAgRlVOXzgwMTYzNzYwKHBhcmFtXzEsMHg1MCxwYXJhbV8yKTsKICByZXR1cm47Cn0KCg==	
urn:ure:smg:re_FunctionVariant:rmge01-usasm:803c2d58	0x803C2D58	12	false			bm8gZnVuY3Rpb24gYXQgZXhhY3QgZW50cnk=
urn:ure:smg:re_FunctionVariant:rmge01-usasm:803c2d64	0x803C2D64	12	false			bm8gZnVuY3Rpb24gYXQgZXhhY3QgZW50cnk=
urn:ure:smg:re_FunctionVariant:rmge01-usasm:803c2d70	0x803C2D70	12	true	RlVOXzgwM2MyZDcw	CnZvaWQgRlVOXzgwM2MyZDcwKHVuZGVmaW5lZDQgcGFyYW1fMSx1bmRlZmluZWQ0IHBhcmFtXzIpCgp7CiAgRlVOXzgwMTYzNzYwKHBhcmFtXzEsMHg1MixwYXJhbV8yKTsKICByZXR1cm47Cn0KCg==	
urn:ure:smg:re_FunctionVariant:rmge01-usasm:803c2d98	0x803C2D98	12	true	RlVOXzgwM2MyZDk4	CnZvaWQgRlVOXzgwM2MyZDk4KHVuZGVmaW5lZDQgcGFyYW1fMSx1bmRlZmluZWQ0IHBhcmFtXzIpCgp7CiAgRlVOXzgwMTYzNzYwKHBhcmFtXzEsMHg1MyxwYXJhbV8yKTsKICByZXR1cm47Cn0KCg==	
urn:ure:smg:re_FunctionVariant:rmge01-usasm:803c2da4	0x803C2DA4	12	true	RlVOXzgwM2MyZGE0	CnZvaWQgRlVOXzgwM2MyZGE0KHVuZGVmaW5lZDQgcGFyYW1fMSx1bmRlZmluZWQ0IHBhcmFtXzIpCgp7CiAgRlVOXzgwMTYzNzYwKHBhcmFtXzEsMHg1NCxwYXJhbV8yKTsKICByZXR1cm47Cn0KCg==	
urn:ure:smg:re_FunctionVariant:rmge01-usasm:803c2dcc	0x803C2DCC	12	true	RlVOXzgwM2MyZGNj	CnZvaWQgRlVOXzgwM2MyZGNjKHVuZGVmaW5lZDQgcGFyYW1fMSx1bmRlZmluZWQ0IHBhcmFtXzIpCgp7CiAgRlVOXzgwMTYzNzYwKHBhcmFtXzEsMHg1OCxwYXJhbV8yKTsKICByZXR1cm47Cn0KCg==	
urn:ure:smg:re_FunctionVariant:rmge01-usasm:803c2dd8	0x803C2DD8	12	true	RlVOXzgwM2MyZGQ4	CnZvaWQgRlVOXzgwM2MyZGQ4KHVuZGVmaW5lZDQgcGFyYW1fMSx1bmRlZmluZWQ0IHBhcmFtXzIpCgp7CiAgRlVOXzgwMTYzNzYwKHBhcmFtXzEsMHg1OSxwYXJhbV8yKTsKICByZXR1cm47Cn0KCg==	
urn:ure:smg:re_FunctionVariant:rmge01-usasm:803c2de4	0x803C2DE4	12	true	RlVOXzgwM2MyZGU0	CnZvaWQgRlVOXzgwM2MyZGU0KHVuZGVmaW5lZDQgcGFyYW1fMSx1bmRlZmluZWQ0IHBhcmFtXzIpCgp7CiAgRlVOXzgwMTYzNzYwKHBhcmFtXzEsMHg1YSxwYXJhbV8yKTsKICByZXR1cm47Cn0KCg==	
urn:ure:smg:re_FunctionVariant:rmge01-usasm:803c2df0	0x803C2DF0	12	true	RlVOXzgwM2MyZGYw	CnZvaWQgRlVOXzgwM2MyZGYwKHVuZGVmaW5lZDQgcGFyYW1fMSx1bmRlZmluZWQ0IHBhcmFtXzIpCgp7CiAgRlVOXzgwMTYzNzYwKHBhcmFtXzEsMHg1ZCxwYXJhbV8yKTsKICByZXR1cm47Cn0KCg==	
urn:ure:smg:re_FunctionVariant:rmge01-usasm:803c2dfc	0x803C2DFC	12	false			bm8gZnVuY3Rpb24gYXQgZXhhY3QgZW50cnk=
urn:ure:smg:re_FunctionVariant:rmge01-usasm:803c2e08	0x803C2E08	12	true	RlVOXzgwM2MyZTA4	CnZvaWQgRlVOXzgwM2MyZTA4KHVuZGVmaW5lZDQgcGFyYW1fMSx1bmRlZmluZWQ0IHBhcmFtXzIpCgp7CiAgRlVOXzgwMTYzNzYwKHBhcmFtXzEsMHg1NixwYXJhbV8yKTsKICByZXR1cm47Cn0KCg==	
urn:ure:smg:re_FunctionVariant:rmge01-usasm:803c2e14	0x803C2E14	12	true	RlVOXzgwM2MyZTE0	CnZvaWQgRlVOXzgwM2MyZTE0KHVuZGVmaW5lZDQgcGFyYW1fMSx1bmRlZmluZWQ0IHBhcmFtXzIpCgp7CiAgRlVOXzgwMTYzNzYwKHBhcmFtXzEsMHg2MCxwYXJhbV8yKTsKICByZXR1cm47Cn0KCg==	
urn:ure:smg:re_FunctionVariant:rmge01-usasm:803c2e20	0x803C2E20	12	true	RlVOXzgwM2MyZTIw	CnZvaWQgRlVOXzgwM2MyZTIwKHVuZGVmaW5lZDQgcGFyYW1fMSx1bmRlZmluZWQ0IHBhcmFtXzIpCgp7CiAgRlVOXzgwMTYzNzYwKHBhcmFtXzEsMHg2MSxwYXJhbV8yKTsKICByZXR1cm47Cn0KCg==	
urn:ure:smg:re_FunctionVariant:rmge01-usasm:803c2e2c	0x803C2E2C	12	false			bm8gZnVuY3Rpb24gYXQgZXhhY3QgZW50cnk=
urn:ure:smg:re_FunctionVariant:rmge01-usasm:803c2e38	0x803C2E38	12	true	RlVOXzgwM2MyZTM4	CnZvaWQgRlVOXzgwM2MyZTM4KHVuZGVmaW5lZDQgcGFyYW1fMSx1bmRlZmluZWQ0IHBhcmFtXzIpCgp7CiAgRlVOXzgwMTYzNzYwKHBhcmFtXzEsMHhjLHBhcmFtXzIpOwogIHJldHVybjsKfQoK	
urn:ure:smg:re_FunctionVariant:rmge01-usasm:803c2e54	0x803C2E54	12	true	RlVOXzgwM2MyZTU0	CnZvaWQgRlVOXzgwM2MyZTU0KHVuZGVmaW5lZDQgcGFyYW1fMSx1bmRlZmluZWQ0IHBhcmFtXzIpCgp7CiAgRlVOXzgwMTYzNzYwKHBhcmFtXzEsMHg1NSxwYXJhbV8yKTsKICByZXR1cm47Cn0KCg==	
urn:ure:smg:re_FunctionVariant:rmge01-usasm:803c2fe8	0x803C2FE8	12	true	RlVOXzgwM2MyZmU4	CnZvaWQgRlVOXzgwM2MyZmU4KHVuZGVmaW5lZDQgcGFyYW1fMSxpbnQgcGFyYW1fMikKCnsKICBGVU5fODAzYzJmMWMocGFyYW1fMSwqKHVuZGVmaW5lZDQgKikocGFyYW1fMiArIDB4MjQpLHBhcmFtXzIpOwogIHJldHVybjsKfQoK	
urn:ure:smg:re_FunctionVariant:rmge01-usasm:803c30b4	0x803C30B4	12	false			bm8gZnVuY3Rpb24gYXQgZXhhY3QgZW50cnk=
urn:ure:smg:re_FunctionVariant:rmge01-usasm:803c30c0	0x803C30C0	12	false			bm8gZnVuY3Rpb24gYXQgZXhhY3QgZW50cnk=
urn:ure:smg:re_FunctionVariant:rmge01-usasm:803c30cc	0x803C30CC	12	true	RlVOXzgwM2MzMGNj	CnZvaWQgRlVOXzgwM2MzMGNjKHVuZGVmaW5lZDQgcGFyYW1fMSx1bmRlZmluZWQ0IHBhcmFtXzIpCgp7CiAgRlVOXzgwMTYzNzYwKHBhcmFtXzEsOTkscGFyYW1fMik7CiAgcmV0dXJuOwp9Cgo=	
urn:ure:smg:re_FunctionVariant:rmge01-usasm:803c3178	0x803C3178	12	true	RlVOXzgwM2MzMTc4	CnZvaWQgRlVOXzgwM2MzMTc4KHVuZGVmaW5lZDQgcGFyYW1fMSx1bmRlZmluZWQ0IHBhcmFtXzIpCgp7CiAgRlVOXzgwMTYzNzYwKHBhcmFtXzEsMTAwLHBhcmFtXzIpOwogIHJldHVybjsKfQoK	
urn:ure:smg:re_FunctionVariant:rmge01-usasm:803c348c	0x803C348C	12	true	RlVOXzgwM2MzNDhj	CnVuZGVmaW5lZDQgRlVOXzgwM2MzNDhjKGludCBwYXJhbV8xKQoKewogIHJldHVybiAqKHVuZGVmaW5lZDQgKikoKihpbnQgKikocGFyYW1fMSArIDB4NTgpICsgMHg0NCk7Cn0KCg==	
urn:ure:smg:re_FunctionVariant:rmge01-usasm:803c3498	0x803C3498	12	true	RlVOXzgwM2MzNDk4	CnVuZGVmaW5lZDQgRlVOXzgwM2MzNDk4KGludCBwYXJhbV8xKQoKewogIHJldHVybiAqKHVuZGVmaW5lZDQgKikoKihpbnQgKikocGFyYW1fMSArIDB4NTgpICsgMHgxNjQpOwp9Cgo=	
urn:ure:smg:re_FunctionVariant:rmge01-usasm:803c34a4	0x803C34A4	12	true	RlVOXzgwM2MzNGE0	CnVuZGVmaW5lZDQgRlVOXzgwM2MzNGE0KGludCBwYXJhbV8xKQoKewogIHJldHVybiAqKHVuZGVmaW5lZDQgKikoKihpbnQgKikocGFyYW1fMSArIDB4NTgpICsgMHhkNCk7Cn0KCg==	
urn:ure:smg:re_FunctionVariant:rmge01-usasm:803c65ac	0x803C65AC	12	true	RlVOXzgwM2M2NWFj	CnZvaWQgRlVOXzgwM2M2NWFjKGludCBwYXJhbV8xKQoKewogIEZVTl84MDE1Y2JjOCgqKHVuZGVmaW5lZDQgKikoKihpbnQgKikocGFyYW1fMSArIDQpICsgMHgxMCkpOwogIHJldHVybjsKfQoK	
urn:ure:smg:re_FunctionVariant:rmge01-usasm:803c6bec	0x803C6BEC	12	true	RlVOXzgwM2M2YmVj	CnZvaWQgRlVOXzgwM2M2YmVjKHZvaWQpCgp7CiAgRlVOXzgwM2VmYjkwKCk7CiAgcmV0dXJuOwp9Cgo=	
urn:ure:smg:re_FunctionVariant:rmge01-usasm:803c6c0c	0x803C6C0C	12	true	RlVOXzgwM2M2YzBj	CnZvaWQgRlVOXzgwM2M2YzBjKHZvaWQpCgp7CiAgRlVOXzgwM2VmYzc4KCk7CiAgcmV0dXJuOwp9Cgo=	
urn:ure:smg:re_FunctionVariant:rmge01-usasm:803c6c2c	0x803C6C2C	12	true	RlVOXzgwM2M2YzJj	CnZvaWQgRlVOXzgwM2M2YzJjKHZvaWQpCgp7CiAgRlVOXzgwM2VmZDYwKCk7CiAgcmV0dXJuOwp9Cgo=	
urn:ure:smg:re_FunctionVariant:rmge01-usasm:803c6c38	0x803C6C38	12	true	RlVOXzgwM2M2YzM4	CnZvaWQgRlVOXzgwM2M2YzM4KHZvaWQpCgp7CiAgRlVOXzgwM2VmZGNjKCk7CiAgcmV0dXJuOwp9Cgo=	
urn:ure:smg:re_FunctionVariant:rmge01-usasm:803cb694	0x803CB694	12	true	RlVOXzgwM2NiNjk0	CnVuZGVmaW5lZDQgRlVOXzgwM2NiNjk0KHZvaWQpCgp7CiAgcmV0dXJuIDB4ODA1ZjZhNjA7Cn0KCg==	
urn:ure:smg:re_FunctionVariant:rmge01-usasm:803cbadc	0x803CBADC	12	true	RlVOXzgwM2NiYWRj	CnZvaWQgRlVOXzgwM2NiYWRjKGludCBwYXJhbV8xLHVuZGVmaW5lZDQgcGFyYW1fMikKCnsKICBGVU5fODAxNjIwMjgoKih1bmRlZmluZWQ0ICopKHBhcmFtXzEgKyAweDYwKSxwYXJhbV8yLHBhcmFtXzEpOwogIHJldHVybjsKfQoK	
urn:ure:smg:re_FunctionVariant:rmge01-usasm:803cc5b4	0x803CC5B4	12	true	RlVOXzgwM2NjNWI0	CnZvaWQgRlVOXzgwM2NjNWI0KHZvaWQpCgp7CiAgRlVOXzgwM2FmYmE0KCZEQVRfODA1Y2MxMzgpOwogIHJldHVybjsKfQoK	
urn:ure:smg:re_FunctionVariant:rmge01-usasm:803cc5c0	0x803CC5C0	12	true	RlVOXzgwM2NjNWMw	CnZvaWQgRlVOXzgwM2NjNWMwKHZvaWQpCgp7CiAgRlVOXzgwM2FmYmE0KCZEQVRfODA1Y2MxNDkpOwogIHJldHVybjsKfQoK	
urn:ure:smg:re_FunctionVariant:rmge01-usasm:803cc5cc	0x803CC5CC	12	true	RlVOXzgwM2NjNWNj	CnZvaWQgRlVOXzgwM2NjNWNjKHZvaWQpCgp7CiAgRlVOXzgwM2FmYmE0KCZEQVRfODA1Y2MxNWMpOwogIHJldHVybjsKfQoK	
urn:ure:smg:re_FunctionVariant:rmge01-usasm:803cc5d8	0x803CC5D8	12	true	RlVOXzgwM2NjNWQ4	CnZvaWQgRlVOXzgwM2NjNWQ4KHZvaWQpCgp7CiAgRlVOXzgwM2FmYmE0KCZEQVRfODA1Y2MxNzEpOwogIHJldHVybjsKfQoK	
urn:ure:smg:re_FunctionVariant:rmge01-usasm:803cc5e4	0x803CC5E4	12	true	RlVOXzgwM2NjNWU0	CnZvaWQgRlVOXzgwM2NjNWU0KHZvaWQpCgp7CiAgRlVOXzgwM2FmYmE0KCZEQVRfODA1Y2MxODYpOwogIHJldHVybjsKfQoK	
urn:ure:smg:re_FunctionVariant:rmge01-usasm:803cc5f0	0x803CC5F0	12	true	RlVOXzgwM2NjNWYw	CnZvaWQgRlVOXzgwM2NjNWYwKHZvaWQpCgp7CiAgRlVOXzgwM2FmYmE0KCZEQVRfODA1Y2MxOTkpOwogIHJldHVybjsKfQoK	
urn:ure:smg:re_FunctionVariant:rmge01-usasm:803cc5fc	0x803CC5FC	12	true	RlVOXzgwM2NjNWZj	CnZvaWQgRlVOXzgwM2NjNWZjKHZvaWQpCgp7CiAgRlVOXzgwM2FmYmE0KCZEQVRfODA1Y2MxYjApOwogIHJldHVybjsKfQoK	
urn:ure:smg:re_FunctionVariant:rmge01-usasm:803cc608	0x803CC608	12	true	RlVOXzgwM2NjNjA4	CnZvaWQgRlVOXzgwM2NjNjA4KHZvaWQpCgp7CiAgRlVOXzgwM2FmYmE0KCZEQVRfODA1Y2MxYzEpOwogIHJldHVybjsKfQoK	
urn:ure:smg:re_FunctionVariant:rmge01-usasm:803cc614	0x803CC614	12	true	RlVOXzgwM2NjNjE0	CnZvaWQgRlVOXzgwM2NjNjE0KHZvaWQpCgp7CiAgRlVOXzgwM2FmYmE0KCZEQVRfODA1Y2MxZDgpOwogIHJldHVybjsKfQoK	
urn:ure:smg:re_FunctionVariant:rmge01-usasm:803cc620	0x803CC620	12	true	RlVOXzgwM2NjNjIw	CnZvaWQgRlVOXzgwM2NjNjIwKHZvaWQpCgp7CiAgRlVOXzgwM2IwMTVjKCZEQVRfODA1Y2MxZTkpOwogIHJldHVybjsKfQoK	
urn:ure:smg:re_FunctionVariant:rmge01-usasm:803cc62c	0x803CC62C	12	true	RlVOXzgwM2NjNjJj	CnZvaWQgRlVOXzgwM2NjNjJjKHZvaWQpCgp7CiAgRlVOXzgwM2IwMTVjKCZEQVRfODA1Y2MyMDUpOwogIHJldHVybjsKfQoK	
urn:ure:smg:re_FunctionVariant:rmge01-usasm:803cc638	0x803CC638	12	true	RlVOXzgwM2NjNjM4	CnZvaWQgRlVOXzgwM2NjNjM4KHZvaWQpCgp7CiAgRlVOXzgwM2IwMTVjKCZEQVRfODA1Y2MyMjMpOwogIHJldHVybjsKfQoK	
urn:ure:smg:re_FunctionVariant:rmge01-usasm:803cc644	0x803CC644	12	true	RlVOXzgwM2NjNjQ0	CnZvaWQgRlVOXzgwM2NjNjQ0KHZvaWQpCgp7CiAgRlVOXzgwM2IwMTVjKCZEQVRfODA1Y2MyMzQpOwogIHJldHVybjsKfQoK	
urn:ure:smg:re_FunctionVariant:rmge01-usasm:803cc650	0x803CC650	12	false			bm8gZnVuY3Rpb24gYXQgZXhhY3QgZW50cnk=
urn:ure:smg:re_FunctionVariant:rmge01-usasm:803cc65c	0x803CC65C	12	true	RlVOXzgwM2NjNjVj	CnZvaWQgRlVOXzgwM2NjNjVjKHZvaWQpCgp7CiAgRlVOXzgwM2FmYzkwKCZEQVRfODA1Y2MxMzgpOwogIHJldHVybjsKfQoK	
urn:ure:smg:re_FunctionVariant:rmge01-usasm:803cc668	0x803CC668	12	true	RlVOXzgwM2NjNjY4	CnZvaWQgRlVOXzgwM2NjNjY4KHZvaWQpCgp7CiAgRlVOXzgwM2FmYzkwKCZEQVRfODA1Y2MxNDkpOwogIHJldHVybjsKfQoK	
urn:ure:smg:re_FunctionVariant:rmge01-usasm:803cc674	0x803CC674	12	true	RlVOXzgwM2NjNjc0	CnZvaWQgRlVOXzgwM2NjNjc0KHZvaWQpCgp7CiAgRlVOXzgwM2FmYzkwKCZEQVRfODA1Y2MxNWMpOwogIHJldHVybjsKfQoK	
urn:ure:smg:re_FunctionVariant:rmge01-usasm:803cc680	0x803CC680	12	true	RlVOXzgwM2NjNjgw	CnZvaWQgRlVOXzgwM2NjNjgwKHZvaWQpCgp7CiAgRlVOXzgwM2FmYzkwKCZEQVRfODA1Y2MxNzEpOwogIHJldHVybjsKfQoK	
urn:ure:smg:re_FunctionVariant:rmge01-usasm:803cc68c	0x803CC68C	12	true	RlVOXzgwM2NjNjhj	CnZvaWQgRlVOXzgwM2NjNjhjKHZvaWQpCgp7CiAgRlVOXzgwM2FmYzkwKCZEQVRfODA1Y2MxODYpOwogIHJldHVybjsKfQoK	
urn:ure:smg:re_FunctionVariant:rmge01-usasm:803cc698	0x803CC698	12	true	RlVOXzgwM2NjNjk4	CnZvaWQgRlVOXzgwM2NjNjk4KHZvaWQpCgp7CiAgRlVOXzgwM2FmYzkwKCZEQVRfODA1Y2MxOTkpOwogIHJldHVybjsKfQoK	
urn:ure:smg:re_FunctionVariant:rmge01-usasm:803cc6a4	0x803CC6A4	12	true	RlVOXzgwM2NjNmE0	CnZvaWQgRlVOXzgwM2NjNmE0KHZvaWQpCgp7CiAgRlVOXzgwM2FmYzkwKCZEQVRfODA1Y2MyNjYpOwogIHJldHVybjsKfQoK	
urn:ure:smg:re_FunctionVariant:rmge01-usasm:803cc6b0	0x803CC6B0	12	true	RlVOXzgwM2NjNmIw	CnZvaWQgRlVOXzgwM2NjNmIwKHZvaWQpCgp7CiAgRlVOXzgwM2FmYzkwKCZEQVRfODA1Y2MyN2YpOwogIHJldHVybjsKfQoK	
urn:ure:smg:re_FunctionVariant:rmge01-usasm:803cc6bc	0x803CC6BC	12	true	RlVOXzgwM2NjNmJj	CnZvaWQgRlVOXzgwM2NjNmJjKHZvaWQpCgp7CiAgRlVOXzgwM2FmYzkwKHNfVmlld0NvbXBsZXRlRW5kaW5nXzgwNWNjMmJkKTsKICByZXR1cm47Cn0KCg==	
urn:ure:smg:re_FunctionVariant:rmge01-usasm:803cc734	0x803CC734	12	true	RlVOXzgwM2NjNzM0	CnZvaWQgRlVOXzgwM2NjNzM0KHZvaWQpCgp7CiAgRlVOXzgwM2FmYzkwKHNfUm9zZXR0YVRhbGtBYm91dFRpY29fODA1Y2MyOTYpOwogIHJldHVybjsKfQoK	
urn:ure:smg:re_FunctionVariant:rmge01-usasm:803cc770	0x803CC770	12	true	RlVOXzgwM2NjNzcw	CnZvaWQgRlVOXzgwM2NjNzcwKHZvaWQpCgp7CiAgRlVOXzgwM2FmYmUwKHNfS29vcGFCYXR0bGVWczNHYWxheHlfODA1Y2MzMTQpOwogIHJldHVybjsKfQoK	
urn:ure:smg:re_FunctionVariant:rmge01-usasm:803cc79c	0x803CC79C	12	true	RlVOXzgwM2NjNzlj	CnZvaWQgRlVOXzgwM2NjNzljKHZvaWQpCgp7CiAgRlVOXzgwM2FmYzkwKHNfRXZlbnRDb21ldFN0YXJ0ZXJfODA1Y2MzMjkpOwogIHJldHVybjsKfQoK	
urn:ure:smg:re_FunctionVariant:rmge01-usasm:803ccd90	0x803CCD90	12	true	RlVOXzgwM2NjZDkw	CnZvaWQgRlVOXzgwM2NjZDkwKHZvaWQpCgp7CiAgRlVOXzgwM2FmYzkwKHNfVmlld05vcm1hbEVuZGluZ184MDVjYzMwMyk7CiAgcmV0dXJuOwp9Cgo=	
urn:ure:smg:re_FunctionVariant:rmge01-usasm:803cd1e4	0x803CD1E4	12	false			bm8gZnVuY3Rpb24gYXQgZXhhY3QgZW50cnk=
urn:ure:smg:re_FunctionVariant:rmge01-usasm:803cd1f0	0x803CD1F0	12	true	RlVOXzgwM2NkMWYw	CnZvaWQgRlVOXzgwM2NkMWYwKHZvaWQpCgp7CiAgRlVOXzgwM2FmYmE0KHNfTHVpZ2lUYWxrQWZ0ZXJSZXNjdWVkXzgwNWNjNDQwKTsKICByZXR1cm47Cn0KCg==	
urn:ure:smg:re_FunctionVariant:rmge01-usasm:803cd860	0x803CD860	12	true	RlVOXzgwM2NkODYw	CnZvaWQgRlVOXzgwM2NkODYwKHZvaWQpCgp7CiAgRlVOXzgwM2IwMTk4KCZEQVRfODA1Y2MxZTkpOwogIHJldHVybjsKfQoK	
urn:ure:smg:re_FunctionVariant:rmge01-usasm:803cd86c	0x803CD86C	12	true	RlVOXzgwM2NkODZj	CnZvaWQgRlVOXzgwM2NkODZjKHZvaWQpCgp7CiAgRlVOXzgwM2IwMTk4KCZEQVRfODA1Y2MxZjYpOwogIHJldHVybjsKfQoK	
urn:ure:smg:re_FunctionVariant:rmge01-usasm:803cd878	0x803CD878	12	true	RlVOXzgwM2NkODc4	CnZvaWQgRlVOXzgwM2NkODc4KHZvaWQpCgp7CiAgRlVOXzgwM2IwMTk4KCZEQVRfODA1Y2MyMDUpOwogIHJldHVybjsKfQoK	
urn:ure:smg:re_FunctionVariant:rmge01-usasm:803cd8b4	0x803CD8B4	12	true	RlVOXzgwM2NkOGI0	CnZvaWQgRlVOXzgwM2NkOGI0KHZvaWQpCgp7CiAgRlVOXzgwM2IwMTk4KCZEQVRfODA1Y2MyMjMpOwogIHJldHVybjsKfQoK	
urn:ure:smg:re_FunctionVariant:rmge01-usasm:803cd8c0	0x803CD8C0	12	true	RlVOXzgwM2NkOGMw	CnZvaWQgRlVOXzgwM2NkOGMwKHZvaWQpCgp7CiAgRlVOXzgwM2IwMTk4KCZEQVRfODA1Y2MyMzQpOwogIHJldHVybjsKfQoK	
urn:ure:smg:re_FunctionVariant:rmge01-usasm:803cd8cc	0x803CD8CC	12	true	RlVOXzgwM2NkOGNj	CnZvaWQgRlVOXzgwM2NkOGNjKHZvaWQpCgp7CiAgRlVOXzgwM2IwMTk4KCZEQVRfODA1Y2MyNGYpOwogIHJldHVybjsKfQoK	
urn:ure:smg:re_FunctionVariant:rmge01-usasm:803cd8d8	0x803CD8D8	12	true	RlVOXzgwM2NkOGQ4	CnZvaWQgRlVOXzgwM2NkOGQ4KHZvaWQpCgp7CiAgRlVOXzgwM2FmYmE0KCZEQVRfODA1Y2MyNjYpOwogIHJldHVybjsKfQoK	
urn:ure:smg:re_FunctionVariant:rmge01-usasm:803cd8e4	0x803CD8E4	12	true	RlVOXzgwM2NkOGU0	CnZvaWQgRlVOXzgwM2NkOGU0KHZvaWQpCgp7CiAgRlVOXzgwM2FmYmE0KCZEQVRfODA1Y2MyN2YpOwogIHJldHVybjsKfQoK	
urn:ure:smg:re_FunctionVariant:rmge01-usasm:803cd8f0	0x803CD8F0	12	true	RlVOXzgwM2NkOGYw	CnZvaWQgRlVOXzgwM2NkOGYwKHZvaWQpCgp7CiAgRlVOXzgwM2FmYmE0KHNfUm9zZXR0YVRhbGtBYm91dFRpY29fODA1Y2MyOTYpOwogIHJldHVybjsKfQoK	
urn:ure:smg:re_FunctionVariant:rmge01-usasm:803cd97c	0x803CD97C	12	true	RlVOXzgwM2NkOTdj	CnZvaWQgRlVOXzgwM2NkOTdjKHZvaWQpCgp7CiAgRlVOXzgwM2IwMTVjKCZEQVRfODA1Y2MyZDApOwogIHJldHVybjsKfQoK	
urn:ure:smg:re_FunctionVariant:rmge01-usasm:803cd988	0x803CD988	12	true	RlVOXzgwM2NkOTg4	CnZvaWQgRlVOXzgwM2NkOTg4KHZvaWQpCgp7CiAgRlVOXzgwM2FmYzkwKHNfU3BlY2lhbFN0YXJHcmVlbkFsbF84MDVjYzJkZik7CiAgcmV0dXJuOwp9Cgo=	
urn:ure:smg:re_FunctionVariant:rmge01-usasm:803cd994	0x803CD994	12	true	RlVOXzgwM2NkOTk0	CnZvaWQgRlVOXzgwM2NkOTk0KHZvaWQpCgp7CiAgRlVOXzgwM2FmYzkwKHNfU3BlY2lhbFN0YXJSZWQxXzgwNWNjMmYzKTsKICByZXR1cm47Cn0KCg==	
urn:ure:smg:re_FunctionVariant:rmge01-usasm:803cd9a0	0x803CD9A0	12	true	RlVOXzgwM2NkOWEw	CnZvaWQgRlVOXzgwM2NkOWEwKHZvaWQpCgp7CiAgRlVOXzgwM2FmYzkwKHNfVmlld05vcm1hbEVuZGluZ184MDVjYzMwMyk7CiAgcmV0dXJuOwp9Cgo=	
urn:ure:smg:re_FunctionVariant:rmge01-usasm:803cd9ac	0x803CD9AC	12	true	RlVOXzgwM2NkOWFj	CnZvaWQgRlVOXzgwM2NkOWFjKHZvaWQpCgp7CiAgRlVOXzgwM2FmYzkwKHNfRXZlbnRDb21ldFN0YXJ0ZXJfODA1Y2MzMjkpOwogIHJldHVybjsKfQoK	
urn:ure:smg:re_FunctionVariant:rmge01-usasm:803cd9b8	0x803CD9B8	12	true	RlVOXzgwM2NkOWI4	CnZvaWQgRlVOXzgwM2NkOWI4KHZvaWQpCgp7CiAgRlVOXzgwM2FmYzkwKHNfU3BlY2lhbFN0YXJMdWlnaVJlc2N1ZWRfODA1Y2MzNTQpOwogIHJldHVybjsKfQoK	
urn:ure:smg:re_FunctionVariant:rmge01-usasm:803cd9c4	0x803CD9C4	12	true	RlVOXzgwM2NkOWM0	CnZvaWQgRlVOXzgwM2NkOWM0KHZvaWQpCgp7CiAgRlVOXzgwM2FmYzkwKHNfRXZlbnRLaW5vcGlvRXhwbG9yZXJPcmdhbml6ZV84MDVjYzM2Yyk7CiAgcmV0dXJuOwp9Cgo=	
urn:ure:smg:re_FunctionVariant:rmge01-usasm:803cd9d0	0x803CD9D0	12	true	RlVOXzgwM2NkOWQw	CnZvaWQgRlVOXzgwM2NkOWQwKHZvaWQpCgp7CiAgRlVOXzgwM2FmYzkwKHNfRXZlbnRLaW5vcGlvRXhwbG9yZXJSZXNjdWVkXzgwNWNjMzg5KTsKICByZXR1cm47Cn0KCg==	
urn:ure:smg:re_FunctionVariant:rmge01-usasm:803cdb60	0x803CDB60	12	true	RlVOXzgwM2NkYjYw	CnZvaWQgRlVOXzgwM2NkYjYwKHZvaWQpCgp7CiAgRlVOXzgwMjk5ZjI4KCZEQVRfODA1Y2MzZmIpOwogIHJldHVybjsKfQoK	
urn:ure:smg:re_FunctionVariant:rmge01-usasm:803cdb6c	0x803CDB6C	12	true	RlVOXzgwM2NkYjZj	CnZvaWQgRlVOXzgwM2NkYjZjKHZvaWQpCgp7CiAgRlVOXzgwMjk5ZjI4KHNfR2hvc3RfODA1Y2M0MDApOwogIHJldHVybjsKfQoK	
urn:ure:smg:re_FunctionVariant:rmge01-usasm:803cdb78	0x803CDB78	12	true	RlVOXzgwM2NkYjc4	CnZvaWQgRlVOXzgwM2NkYjc4KHZvaWQpCgp7CiAgRlVOXzgwMjk5ZjI4KHNfUXVpY2tfODA1Y2M0MDYpOwogIHJldHVybjsKfQoK	
urn:ure:smg:re_FunctionVariant:rmge01-usasm:803cdb84	0x803CDB84	12	true	RlVOXzgwM2NkYjg0	CnZvaWQgRlVOXzgwM2NkYjg0KHZvaWQpCgp7CiAgRlVOXzgwMjk5ZjI4KHNfQmxhY2tfODA1Y2M0MTMpOwogIHJldHVybjsKfQoK	
urn:ure:smg:re_FunctionVariant:rmge01-usasm:803cdb90	0x803CDB90	12	true	RlVOXzgwM2NkYjkw	CnZvaWQgRlVOXzgwM2NkYjkwKHZvaWQpCgp7CiAgRlVOXzgwM2FmYzkwKHNfUG93ZXJTdGFyQ29tcGxldGVfODA1Y2M0MTkpOwogIHJldHVybjsKfQoK	
urn:ure:smg:re_FunctionVariant:rmge01-usasm:803cdb9c	0x803CDB9C	12	true	RlVOXzgwM2NkYjlj	CnZvaWQgRlVOXzgwM2NkYjljKHZvaWQpCgp7CiAgRlVOXzgwM2FmYzkwKHNfU3RhclBpZWNlQ291bnRlclN0b3BfODA1Y2M0MmIpOwogIHJldHVybjsKfQoK	
urn:ure:smg:re_FunctionVariant:rmge01-usasm:803ce0dc	0x803CE0DC	12	true	RlVOXzgwM2NlMGRj	CnZvaWQgRlVOXzgwM2NlMGRjKHVuZGVmaW5lZDQgcGFyYW1fMSkKCnsKICBpbnQgdW5hZmZfX3IxMzsKICAKICBGVU5fODAzOTgxZmMoKih1bmRlZmluZWQ0ICopKHVuYWZmX19yMTMgKyAtMHgyODE4KSxwYXJhbV8xKTsKICByZXR1cm47Cn0KCg==	
urn:ure:smg:re_FunctionVariant:rmge01-usasm:803ceda0	0x803CEDA0	12	true	RlVOXzgwM2NlZGEw	CnZvaWQgRlVOXzgwM2NlZGEwKGludCBwYXJhbV8xKQoKewogICoodW5kZWZpbmVkMSAqKShwYXJhbV8xICsgMHgzYykgPSAxOwogIHJldHVybjsKfQoK	
urn:ure:smg:re_FunctionVariant:rmge01-usasm:803d5cf4	0x803D5CF4	12	true	RlVOXzgwM2Q1Y2Y0	CnZvaWQgRlVOXzgwM2Q1Y2Y0KHVuZGVmaW5lZDQgcGFyYW1fMSkKCnsKICBpbnQgdW5hZmZfX3IxMzsKICAKICBGVU5fODAzYTZiMmMoKih1bmRlZmluZWQ0ICopKHVuYWZmX19yMTMgKyAtMHgyODIwKSxwYXJhbV8xKTsKICByZXR1cm47Cn0KCg==	
urn:ure:smg:re_FunctionVariant:rmge01-usasm:803d8174	0x803D8174	12	false			bm8gZnVuY3Rpb24gYXQgZXhhY3QgZW50cnk=
urn:ure:smg:re_FunctionVariant:rmge01-usasm:803d8180	0x803D8180	12	true	RlVOXzgwM2Q4MTgw	CnZvaWQgRlVOXzgwM2Q4MTgwKGludCBwYXJhbV8xKQoKewogICoodW5kZWZpbmVkMSAqKShwYXJhbV8xICsgMHgxZCkgPSAwOwogIHJldHVybjsKfQoK	
urn:ure:smg:re_FunctionVariant:rmge01-usasm:803d818c	0x803D818C	12	true	RlVOXzgwM2Q4MThj	CnZvaWQgRlVOXzgwM2Q4MThjKGludCBwYXJhbV8xKQoKewogICoodW5kZWZpbmVkMSAqKShwYXJhbV8xICsgMHgxZikgPSAwOwogIHJldHVybjsKfQoK	
urn:ure:smg:re_FunctionVariant:rmge01-usasm:803d8198	0x803D8198	12	false			bm8gZnVuY3Rpb24gYXQgZXhhY3QgZW50cnk=
urn:ure:smg:re_FunctionVariant:rmge01-usasm:803d8a70	0x803D8A70	12	false			bm8gZnVuY3Rpb24gYXQgZXhhY3QgZW50cnk=
urn:ure:smg:re_FunctionVariant:rmge01-usasm:803d8fec	0x803D8FEC	12	true	RlVOXzgwM2Q4ZmVj	CnZvaWQgRlVOXzgwM2Q4ZmVjKHVuZGVmaW5lZDQgcGFyYW1fMSkKCnsKICBGVU5fODAzZDhmNTQocGFyYW1fMSxzX01pZGRsZV84MDVjY2JmZSk7CiAgcmV0dXJuOwp9Cgo=	
urn:ure:smg:re_FunctionVariant:rmge01-usasm:803da774	0x803DA774	12	true	RlVOXzgwM2RhNzc0	CnZvaWQgRlVOXzgwM2RhNzc0KGludCBwYXJhbV8xKQoKewogIEZVTl84MDE2MDViNCgqKHVuZGVmaW5lZDQgKikoKihpbnQgKikocGFyYW1fMSArIDB4NDgpICsgMHgyNCkpOwogIHJldHVybjsKfQoK	
urn:ure:smg:re_FunctionVariant:rmge01-usasm:803da85c	0x803DA85C	12	true	RlVOXzgwM2RhODVj	CnZvaWQgRlVOXzgwM2RhODVjKGludCBwYXJhbV8xKQoKewogIEZVTl84MDE2MDZkMCgqKHVuZGVmaW5lZDQgKikoKihpbnQgKikocGFyYW1fMSArIDB4NDgpICsgMHgyNCkpOwogIHJldHVybjsKfQoK	
urn:ure:smg:re_FunctionVariant:rmge01-usasm:803daa0c	0x803DAA0C	12	true	RlVOXzgwM2RhYTBj	CnZvaWQgRlVOXzgwM2RhYTBjKGludCBwYXJhbV8xKQoKewogIEZVTl84MDE2MDc2MCgqKHVuZGVmaW5lZDQgKikoKihpbnQgKikocGFyYW1fMSArIDB4NDgpICsgMHgyNCkpOwogIHJldHVybjsKfQoK	
urn:ure:smg:re_FunctionVariant:rmge01-usasm:803dbf64	0x803DBF64	12	true	RlVOXzgwM2RiZjY0	CnZvaWQgRlVOXzgwM2RiZjY0KGludCBwYXJhbV8xKQoKewogIEZVTl84MDNlODE1OCgqKHVuZGVmaW5lZDQgKikoKihpbnQgKikocGFyYW1fMSArIDB4NDgpICsgMHgxOCkpOwogIHJldHVybjsKfQoK	
urn:ure:smg:re_FunctionVariant:rmge01-usasm:803dbfa0	0x803DBFA0	12	true	RlVOXzgwM2RiZmEw	CnZvaWQgRlVOXzgwM2RiZmEwKGludCBwYXJhbV8xKQoKewogIEZVTl84MDE2OTBjOCgqKHVuZGVmaW5lZDQgKikocGFyYW1fMSArIDB4NDgpLDEpOwogIHJldHVybjsKfQoK	
urn:ure:smg:re_FunctionVariant:rmge01-usasm:803dc5e8	0x803DC5E8	12	true	RlVOXzgwM2RjNWU4	CnZvaWQgRlVOXzgwM2RjNWU4KGludCBwYXJhbV8xKQoKewogIEZVTl84MDE1YmZjYygqKHVuZGVmaW5lZDQgKikocGFyYW1fMSArIDB4ODQpLDApOwogIHJldHVybjsKfQoK	
urn:ure:smg:re_FunctionVariant:rmge01-usasm:803dc5f4	0x803DC5F4	12	true	RlVOXzgwM2RjNWY0	CnZvaWQgRlVOXzgwM2RjNWY0KGludCBwYXJhbV8xKQoKewogIEZVTl84MDE1YmZjYygqKHVuZGVmaW5lZDQgKikocGFyYW1fMSArIDB4ODQpLDEpOwogIHJldHVybjsKfQoK	
urn:ure:smg:re_FunctionVariant:rmge01-usasm:803dd3d0	0x803DD3D0	12	true	RlVOXzgwM2RkM2Qw	CmludCBGVU5fODAzZGQzZDAoaW50IHBhcmFtXzEpCgp7CiAgcmV0dXJuICooaW50ICopKHBhcmFtXzEgKyAweDU4KSArIDB4YTA7Cn0KCg==	
urn:ure:smg:re_FunctionVariant:rmge01-usasm:803dd3dc	0x803DD3DC	12	false			bm8gZnVuY3Rpb24gYXQgZXhhY3QgZW50cnk=
urn:ure:smg:re_FunctionVariant:rmge01-usasm:803dd3e8	0x803DD3E8	12	false			bm8gZnVuY3Rpb24gYXQgZXhhY3QgZW50cnk=
urn:ure:smg:re_FunctionVariant:rmge01-usasm:803dd540	0x803DD540	12	true	RlVOXzgwM2RkNTQw	CnVuZGVmaW5lZDQgRlVOXzgwM2RkNTQwKGludCBwYXJhbV8xKQoKewogIHJldHVybiAqKHVuZGVmaW5lZDQgKikoKihpbnQgKikocGFyYW1fMSArIDB4NTgpICsgMHgyOCk7Cn0KCg==	
urn:ure:smg:re_FunctionVariant:rmge01-usasm:803dd5a0	0x803DD5A0	12	true	RlVOXzgwM2RkNWEw	CmludCBGVU5fODAzZGQ1YTAoaW50IHBhcmFtXzEpCgp7CiAgcmV0dXJuICooaW50ICopKHBhcmFtXzEgKyAweDU4KSArIDB4MzA7Cn0KCg==	
urn:ure:smg:re_FunctionVariant:rmge01-usasm:803dd5c4	0x803DD5C4	12	true	RlVOXzgwM2RkNWM0	CnZvaWQgRlVOXzgwM2RkNWM0KGludCBwYXJhbV8xKQoKewogIGRvdWJsZSBpbl9mMTsKICAKICAqKGZsb2F0ICopKCooaW50ICopKHBhcmFtXzEgKyAweDU4KSArIDB4MTgpID0gKGZsb2F0KWluX2YxOwogIHJldHVybjsKfQoK	
urn:ure:smg:re_FunctionVariant:rmge01-usasm:803dd5d0	0x803DD5D0	12	true	RlVOXzgwM2RkNWQw	CnZvaWQgRlVOXzgwM2RkNWQwKHZvaWQpCgp7CiAgcmV0dXJuOwp9Cgo=	
urn:ure:smg:re_FunctionVariant:rmge01-usasm:803dd86c	0x803DD86C	12	true	RlVOXzgwM2RkODZj	CnZvaWQgRlVOXzgwM2RkODZjKGludCBwYXJhbV8xKQoKewogICoodW5kZWZpbmVkMSAqKShwYXJhbV8xICsgMHg2OSkgPSAxOwogIHJldHVybjsKfQoK	
urn:ure:smg:re_FunctionVariant:rmge01-usasm:803dd878	0x803DD878	12	true	RlVOXzgwM2RkODc4	CnZvaWQgRlVOXzgwM2RkODc4KGludCBwYXJhbV8xKQoKewogICoodW5kZWZpbmVkMSAqKShwYXJhbV8xICsgMHg2OSkgPSAwOwogIHJldHVybjsKfQoK	
urn:ure:smg:re_FunctionVariant:rmge01-usasm:803dd88c	0x803DD88C	12	true	RlVOXzgwM2RkODhj	CnZvaWQgRlVOXzgwM2RkODhjKGludCBwYXJhbV8xKQoKewogICoodW5kZWZpbmVkMSAqKShwYXJhbV8xICsgMHg2YSkgPSAwOwogIHJldHVybjsKfQoK	
urn:ure:smg:re_FunctionVariant:rmge01-usasm:803dd898	0x803DD898	12	true	RlVOXzgwM2RkODk4	CnZvaWQgRlVOXzgwM2RkODk4KGludCBwYXJhbV8xKQoKewogICoodW5kZWZpbmVkMSAqKShwYXJhbV8xICsgMHg2YSkgPSAxOwogIHJldHVybjsKfQoK	
urn:ure:smg:re_FunctionVariant:rmge01-usasm:803dd8bc	0x803DD8BC	12	true	RlVOXzgwM2RkOGJj	CnZvaWQgRlVOXzgwM2RkOGJjKGludCBwYXJhbV8xKQoKewogICoodW5kZWZpbmVkMSAqKShwYXJhbV8xICsgMHg2ZCkgPSAwOwogIHJldHVybjsKfQoK	
urn:ure:smg:re_FunctionVariant:rmge01-usasm:803dd8c8	0x803DD8C8	12	true	RlVOXzgwM2RkOGM4	CnZvaWQgRlVOXzgwM2RkOGM4KGludCBwYXJhbV8xKQoKewogICoodW5kZWZpbmVkMSAqKShwYXJhbV8xICsgMHg2ZCkgPSAxOwogIHJldHVybjsKfQoK	
urn:ure:smg:re_FunctionVariant:rmge01-usasm:803dd91c	0x803DD91C	12	true	RlVOXzgwM2RkOTFj	CnZvaWQgRlVOXzgwM2RkOTFjKGludCBwYXJhbV8xKQoKewogICoodW5kZWZpbmVkMSAqKShwYXJhbV8xICsgMHg2ZSkgPSAwOwogIHJldHVybjsKfQoK	
urn:ure:smg:re_FunctionVariant:rmge01-usasm:803ddeec	0x803DDEEC	12	true	RlVOXzgwM2RkZWVj	CnZvaWQgRlVOXzgwM2RkZWVjKHVuZGVmaW5lZDQgcGFyYW1fMSkKCnsKICBGVU5fODAzZGRlNDQocGFyYW1fMSxGVU5fODAzZGQ3NTApOwogIHJldHVybjsKfQoK	
urn:ure:smg:re_FunctionVariant:rmge01-usasm:803ddef8	0x803DDEF8	12	true	RlVOXzgwM2RkZWY4	CnZvaWQgRlVOXzgwM2RkZWY4KHVuZGVmaW5lZDQgcGFyYW1fMSkKCnsKICBGVU5fODAzZGRkOWMocGFyYW1fMSwmREFUXzgwM2RkYTNjKTsKICByZXR1cm47Cn0KCg==	
urn:ure:smg:re_FunctionVariant:rmge01-usasm:803de1b4	0x803DE1B4	12	true	RlVOXzgwM2RlMWI0	CnZvaWQgRlVOXzgwM2RlMWI0KHZvaWQpCgp7CiAgRlVOXzgwMTY1ZGI4KCk7CiAgcmV0dXJuOwp9Cgo=	
urn:ure:smg:re_FunctionVariant:rmge01-usasm:803de660	0x803DE660	12	true	RlVOXzgwM2RlNjYw	CnZvaWQgRlVOXzgwM2RlNjYwKHZvaWQpCgp7CiAgcmV0dXJuOwp9Cgo=	
urn:ure:smg:re_FunctionVariant:rmge01-usasm:803de66c	0x803DE66C	12	true	RlVOXzgwM2RlNjZj	CnVuZGVmaW5lZDEgRlVOXzgwM2RlNjZjKGludCBwYXJhbV8xKQoKewogIHJldHVybiAqKHVuZGVmaW5lZDEgKikoKihpbnQgKikocGFyYW1fMSArIDB4NzgpICsgMHhjYyk7Cn0KCg==	
urn:ure:smg:re_FunctionVariant:rmge01-usasm:803de960	0x803DE960	12	true	RlVOXzgwM2RlOTYw	CnVuZGVmaW5lZDQgRlVOXzgwM2RlOTYwKGludCBwYXJhbV8xKQoKewogIHJldHVybiAqKih1bmRlZmluZWQ0ICoqKShwYXJhbV8xICsgMjAwKTsKfQoK	
urn:ure:smg:re_FunctionVariant:rmge01-usasm:803df840	0x803DF840	12	true	RlVOXzgwM2RmODQw	CnZvaWQgRlVOXzgwM2RmODQwKHVuZGVmaW5lZDQgcGFyYW1fMSkKCnsKICBGVU5fODAxNjU4NzQocGFyYW1fMSwmREFUXzgwNWNjYzNkKTsKICByZXR1cm47Cn0KCg==	
urn:ure:smg:re_FunctionVariant:rmge01-usasm:803e02d4	0x803E02D4	12	true	RlVOXzgwM2UwMmQ0	CnVpbnQgRlVOXzgwM2UwMmQ0KHVuZGVmaW5lZDQgcGFyYW1fMSkKCnsKICByZXR1cm4gKHVpbnQpTFpDT1VOVChwYXJhbV8xKSA+PiA1Owp9Cgo=	
urn:ure:smg:re_FunctionVariant:rmge01-usasm:803e02e0	0x803E02E0	12	true	RlVOXzgwM2UwMmUw	CmJvb2wgRlVOXzgwM2UwMmUwKHZvaWQpCgp7CiAgbG9uZ2xvbmcgaW5fcjM7CiAgCiAgcmV0dXJuIGluX3IzICE9IDA7Cn0KCg==	
urn:ure:smg:re_FunctionVariant:rmge01-usasm:803e02ec	0x803E02EC	12	true	RlVOXzgwM2UwMmVj	CnVpbnQgRlVOXzgwM2UwMmVjKHVuZGVmaW5lZDQgcGFyYW1fMSkKCnsKICByZXR1cm4gKHVpbnQpTFpDT1VOVChwYXJhbV8xKSA+PiA1Owp9Cgo=	
urn:ure:smg:re_FunctionVariant:rmge01-usasm:803e0308	0x803E0308	12	true	RlVOXzgwM2UwMzA4	CnVpbnQgRlVOXzgwM2UwMzA4KHVuZGVmaW5lZDQgcGFyYW1fMSkKCnsKICByZXR1cm4gKHVpbnQpTFpDT1VOVChwYXJhbV8xKSA+PiA1Owp9Cgo=	
urn:ure:smg:re_FunctionVariant:rmge01-usasm:803e742c	0x803E742C	12	true	RlVOXzgwM2U3NDJj	CnVuZGVmaW5lZDQgRlVOXzgwM2U3NDJjKHZvaWQpCgp7CiAgaW50IHVuYWZmX19yMTM7CiAgCiAgcmV0dXJuICoqKHVuZGVmaW5lZDQgKiopKHVuYWZmX19yMTMgKyAtMHgyODQ0KTsKfQoK	
urn:ure:smg:re_FunctionVariant:rmge01-usasm:803e7438	0x803E7438	12	true	RlVOXzgwM2U3NDM4	CnVuZGVmaW5lZDQgRlVOXzgwM2U3NDM4KHZvaWQpCgp7CiAgaW50IHVuYWZmX19yMTM7CiAgCiAgcmV0dXJuICoodW5kZWZpbmVkNCAqKSgqKGludCAqKSh1bmFmZl9fcjEzICsgLTB4Mjg0NCkgKyA0KTsKfQoK	
urn:ure:smg:re_FunctionVariant:rmge01-usasm:803e7444	0x803E7444	12	true	RlVOXzgwM2U3NDQ0	CnVuZGVmaW5lZDQgRlVOXzgwM2U3NDQ0KHZvaWQpCgp7CiAgaW50IHVuYWZmX19yMTM7CiAgCiAgcmV0dXJuICoodW5kZWZpbmVkNCAqKSgqKGludCAqKSh1bmFmZl9fcjEzICsgLTB4Mjg0NCkgKyAweDE0KTsKfQoK	
urn:ure:smg:re_FunctionVariant:rmge01-usasm:803e7450	0x803E7450	12	true	RlVOXzgwM2U3NDUw	CnVuZGVmaW5lZDQgRlVOXzgwM2U3NDUwKHZvaWQpCgp7CiAgaW50IHVuYWZmX19yMTM7CiAgCiAgcmV0dXJuICoodW5kZWZpbmVkNCAqKSgqKGludCAqKSh1bmFmZl9fcjEzICsgLTB4Mjg0NCkgKyAweDE4KTsKfQoK	
urn:ure:smg:re_FunctionVariant:rmge01-usasm:803e745c	0x803E745C	12	false			bm8gZnVuY3Rpb24gYXQgZXhhY3QgZW50cnk=
urn:ure:smg:re_FunctionVariant:rmge01-usasm:803e7468	0x803E7468	12	false			bm8gZnVuY3Rpb24gYXQgZXhhY3QgZW50cnk=
urn:ure:smg:re_FunctionVariant:rmge01-usasm:803e8360	0x803E8360	12	true	RlVOXzgwM2U4MzYw	CnVuZGVmaW5lZDIgRlVOXzgwM2U4MzYwKGludCBwYXJhbV8xKQoKewogIHJldHVybiAqKHVuZGVmaW5lZDIgKikoKihpbnQgKikocGFyYW1fMSArIDQpICsgMHg1Yyk7Cn0KCg==	
urn:ure:smg:re_FunctionVariant:rmge01-usasm:803e836c	0x803E836C	12	true	RlVOXzgwM2U4MzZj	CnZvaWQgRlVOXzgwM2U4MzZjKGludCBwYXJhbV8xLHVuZGVmaW5lZDIgcGFyYW1fMikKCnsKICBGVU5fODA0MTZjNDgoKih1bmRlZmluZWQ0ICopKHBhcmFtXzEgKyAxMDApLHBhcmFtXzIpOwogIHJldHVybjsKfQoK	
urn:ure:smg:re_FunctionVariant:rmge01-usasm:803e8378	0x803E8378	12	true	RlVOXzgwM2U4Mzc4	CnZvaWQgRlVOXzgwM2U4Mzc4KGludCBwYXJhbV8xKQoKewogIEZVTl84MDE2OTBjOCgqKHVuZGVmaW5lZDQgKikocGFyYW1fMSArIDB4NDgpLDEpOwogIHJldHVybjsKfQoK	
urn:ure:smg:re_FunctionVariant:rmge01-usasm:803e8384	0x803E8384	12	true	RlVOXzgwM2U4Mzg0	CnVuZGVmaW5lZDEgRlVOXzgwM2U4Mzg0KGludCBwYXJhbV8xKQoKewogIHJldHVybiAqKHVuZGVmaW5lZDEgKikoKihpbnQgKikocGFyYW1fMSArIDgpICsgMHg0OCk7Cn0KCg==	
urn:ure:smg:re_FunctionVariant:rmge01-usasm:803ea248	0x803EA248	12	true	RlVOXzgwM2VhMjQ4	CnZvaWQgRlVOXzgwM2VhMjQ4KHZvaWQpCgp7CiAgRlVOXzgwM2U5ZmNjKCk7CiAgcmV0dXJuOwp9Cgo=	
urn:ure:smg:re_FunctionVariant:rmge01-usasm:803ea254	0x803EA254	12	true	RlVOXzgwM2VhMjU0	CnZvaWQgRlVOXzgwM2VhMjU0KHZvaWQpCgp7CiAgRlVOXzgwM2VhMGEwKCk7CiAgcmV0dXJuOwp9Cgo=	
urn:ure:smg:re_FunctionVariant:rmge01-usasm:803ea260	0x803EA260	12	true	RlVOXzgwM2VhMjYw	CnZvaWQgRlVOXzgwM2VhMjYwKHZvaWQpCgp7CiAgRlVOXzgwM2VhMTc0KCk7CiAgcmV0dXJuOwp9Cgo=	
urn:ure:smg:re_FunctionVariant:rmge01-usasm:803ea26c	0x803EA26C	12	true	RlVOXzgwM2VhMjZj	CnZvaWQgRlVOXzgwM2VhMjZjKHZvaWQpCgp7CiAgRlVOXzgwM2VhMjg4KCk7CiAgcmV0dXJuOwp9Cgo=	
urn:ure:smg:re_FunctionVariant:rmge01-usasm:803ea83c	0x803EA83C	12	true	RlVOXzgwM2VhODNj	CnZvaWQgRlVOXzgwM2VhODNjKHZvaWQpCgp7CiAgRlVOXzgwM2VhNzZjKCk7CiAgcmV0dXJuOwp9Cgo=	
urn:ure:smg:re_FunctionVariant:rmge01-usasm:803eb908	0x803EB908	12	true	RlVOXzgwM2ViOTA4	CnZvaWQgRlVOXzgwM2ViOTA4KHZvaWQpCgp7CiAgRlVOXzgwM2ViODE4KCk7CiAgcmV0dXJuOwp9Cgo=	
urn:ure:smg:re_FunctionVariant:rmge01-usasm:803ec118	0x803EC118	12	true	RlVOXzgwM2VjMTE4	CnVpbnQgRlVOXzgwM2VjMTE4KGludCBwYXJhbV8xKQoKewogIHJldHVybiAqKHVpbnQgKikocGFyYW1fMSArIDgpID4+IDB4MWY7Cn0KCg==	
urn:ure:smg:re_FunctionVariant:rmge01-usasm:803ec184	0x803EC184	12	true	RlVOXzgwM2VjMTg0	CnZvaWQgRlVOXzgwM2VjMTg0KGludCBwYXJhbV8xKQoKewogICoodW5kZWZpbmVkNCAqKShwYXJhbV8xICsgMHgxNCkgPSAwOwogIHJldHVybjsKfQoK	
urn:ure:smg:re_FunctionVariant:rmge01-usasm:803ec190	0x803EC190	12	false			bm8gZnVuY3Rpb24gYXQgZXhhY3QgZW50cnk=
urn:ure:smg:re_FunctionVariant:rmge01-usasm:803f07c0	0x803F07C0	12	true	RlVOXzgwM2YwN2Mw	CnZvaWQgRlVOXzgwM2YwN2MwKHVuZGVmaW5lZDQgcGFyYW1fMSkKCnsKICBGVU5fODAyOWEwMjAocGFyYW1fMSwweGZmZmZmZmZmLDEpOwogIHJldHVybjsKfQoK	
urn:ure:smg:re_FunctionVariant:rmge01-usasm:803f1e74	0x803F1E74	12	true	RlVOXzgwM2YxZTc0	CnZvaWQgRlVOXzgwM2YxZTc0KHZvaWQpCgp7CiAgRlVOXzgwMzAyOWYwKDAsMCk7CiAgcmV0dXJuOwp9Cgo=	
urn:ure:smg:re_FunctionVariant:rmge01-usasm:803f1e80	0x803F1E80	12	true	RlVOXzgwM2YxZTgw	CnZvaWQgRlVOXzgwM2YxZTgwKHZvaWQpCgp7CiAgRlVOXzgwMzAyOWYwKDEsMCk7CiAgcmV0dXJuOwp9Cgo=	
urn:ure:smg:re_FunctionVariant:rmge01-usasm:803f1e8c	0x803F1E8C	12	true	RlVOXzgwM2YxZThj	CnZvaWQgRlVOXzgwM2YxZThjKHZvaWQpCgp7CiAgRlVOXzgwMzAyOWYwKDUsMCk7CiAgcmV0dXJuOwp9Cgo=	
urn:ure:smg:re_FunctionVariant:rmge01-usasm:803f1e98	0x803F1E98	12	true	RlVOXzgwM2YxZTk4	CnZvaWQgRlVOXzgwM2YxZTk4KHZvaWQpCgp7CiAgRlVOXzgwMzAyOWYwKDIsMCk7CiAgcmV0dXJuOwp9Cgo=	
urn:ure:smg:re_FunctionVariant:rmge01-usasm:803f3c8c	0x803F3C8C	12	true	RlVOXzgwM2YzYzhj	CnZvaWQgRlVOXzgwM2YzYzhjKGludCBwYXJhbV8xKQoKewogIEZVTl84MDE2YWE3OCgqKHVuZGVmaW5lZDQgKikocGFyYW1fMSArIDB4NWMpKTsKICByZXR1cm47Cn0KCg==	
urn:ure:smg:re_FunctionVariant:rmge01-usasm:803f40f4	0x803F40F4	12	true	RlVOXzgwM2Y0MGY0	CnZvaWQgRlVOXzgwM2Y0MGY0KHZvaWQpCgp7CiAgRlVOXzgwM2YzZjU4KCk7CiAgcmV0dXJuOwp9Cgo=	
urn:ure:smg:re_FunctionVariant:rmge01-usasm:803f4de8	0x803F4DE8	12	true	RlVOXzgwM2Y0ZGU4	CnVuZGVmaW5lZDQgRlVOXzgwM2Y0ZGU4KGludCBwYXJhbV8xKQoKewogIHJldHVybiAqKHVuZGVmaW5lZDQgKikoKihpbnQgKikocGFyYW1fMSArIDB4NWMpICsgMHg0MCk7Cn0KCg==	
urn:ure:smg:re_FunctionVariant:rmge01-usasm:803f4e14	0x803F4E14	12	true	RlVOXzgwM2Y0ZTE0	CmludCBGVU5fODAzZjRlMTQoaW50IHBhcmFtXzEpCgp7CiAgcmV0dXJuICooaW50ICopKHBhcmFtXzEgKyAweDVjKSArIDB4MTA7Cn0KCg==	
urn:ure:smg:re_FunctionVariant:rmge01-usasm:803f4e20	0x803F4E20	12	true	RlVOXzgwM2Y0ZTIw	CmludCBGVU5fODAzZjRlMjAoaW50IHBhcmFtXzEpCgp7CiAgcmV0dXJuICooaW50ICopKHBhcmFtXzEgKyAweDVjKSArIDB4Mjg7Cn0KCg==	
urn:ure:smg:re_FunctionVariant:rmge01-usasm:803f4e2c	0x803F4E2C	12	true	RlVOXzgwM2Y0ZTJj	CmludCBGVU5fODAzZjRlMmMoaW50IHBhcmFtXzEpCgp7CiAgcmV0dXJuICooaW50ICopKHBhcmFtXzEgKyAweDVjKSArIDB4MzQ7Cn0KCg==	
urn:ure:smg:re_FunctionVariant:rmge01-usasm:803f4e38	0x803F4E38	12	true	RlVOXzgwM2Y0ZTM4	CmludCBGVU5fODAzZjRlMzgoaW50IHBhcmFtXzEpCgp7CiAgcmV0dXJuICooaW50ICopKHBhcmFtXzEgKyAweDVjKSArIDB4MWM7Cn0KCg==	
urn:ure:smg:re_FunctionVariant:rmge01-usasm:803f4e44	0x803F4E44	12	true	RlVOXzgwM2Y0ZTQ0	CnZvaWQgRlVOXzgwM2Y0ZTQ0KHZvaWQpCgp7CiAgcmV0dXJuOwp9Cgo=	
urn:ure:smg:re_FunctionVariant:rmge01-usasm:803f4e50	0x803F4E50	12	true	RlVOXzgwM2Y0ZTUw	CnZvaWQgRlVOXzgwM2Y0ZTUwKHZvaWQpCgp7CiAgcmV0dXJuOwp9Cgo=	
urn:ure:smg:re_FunctionVariant:rmge01-usasm:803f4e64	0x803F4E64	12	true	RlVOXzgwM2Y0ZTY0	CnZvaWQgRlVOXzgwM2Y0ZTY0KGludCBwYXJhbV8xKQoKewogIEZVTl84MDE2YWFjMCgqKHVuZGVmaW5lZDQgKikocGFyYW1fMSArIDB4NWMpKTsKICByZXR1cm47Cn0KCg==	
urn:ure:smg:re_FunctionVariant:rmge01-usasm:803f4fd4	0x803F4FD4	12	true	RlVOXzgwM2Y0ZmQ0	CnVuZGVmaW5lZDEgRlVOXzgwM2Y0ZmQ0KGludCBwYXJhbV8xKQoKewogIHJldHVybiAqKHVuZGVmaW5lZDEgKikoKihpbnQgKikocGFyYW1fMSArIDB4NWMpICsgMHhjKTsKfQoK	
urn:ure:smg:re_FunctionVariant:rmge01-usasm:803f58b0	0x803F58B0	12	true	RlVOXzgwM2Y1OGIw	CnZvaWQgRlVOXzgwM2Y1OGIwKHVuZGVmaW5lZDQgcGFyYW1fMSx1bmRlZmluZWQ0IHBhcmFtXzIpCgp7CiAgRlVOXzgwM2Y1MjM4KHBhcmFtXzEsMCxwYXJhbV8yKTsKICByZXR1cm47Cn0KCg==	
urn:ure:smg:re_FunctionVariant:rmge01-usasm:803f58bc	0x803F58BC	12	true	RlVOXzgwM2Y1OGJj	CnZvaWQgRlVOXzgwM2Y1OGJjKHVuZGVmaW5lZDQgcGFyYW1fMSx1bmRlZmluZWQ0IHBhcmFtXzIpCgp7CiAgRlVOXzgwM2Y1MmMwKHBhcmFtXzEsMCxwYXJhbV8yKTsKICByZXR1cm47Cn0KCg==	
urn:ure:smg:re_FunctionVariant:rmge01-usasm:803f58c8	0x803F58C8	12	true	RlVOXzgwM2Y1OGM4	CnZvaWQgRlVOXzgwM2Y1OGM4KHVuZGVmaW5lZDQgcGFyYW1fMSx1bmRlZmluZWQ0IHBhcmFtXzIpCgp7CiAgRlVOXzgwM2Y1MmMwKHBhcmFtXzEsMSxwYXJhbV8yKTsKICByZXR1cm47Cn0KCg==	
urn:ure:smg:re_FunctionVariant:rmge01-usasm:803f596c	0x803F596C	12	true	RlVOXzgwM2Y1OTZj	CnZvaWQgRlVOXzgwM2Y1OTZjKHVuZGVmaW5lZDQgcGFyYW1fMSx1bmRlZmluZWQ0IHBhcmFtXzIpCgp7CiAgRlVOXzgwM2Y1MzQ4KHBhcmFtXzEsMCxwYXJhbV8yKTsKICByZXR1cm47Cn0KCg==	
urn:ure:smg:re_FunctionVariant:rmge01-usasm:803f5978	0x803F5978	12	true	RlVOXzgwM2Y1OTc4	CnZvaWQgRlVOXzgwM2Y1OTc4KHVuZGVmaW5lZDQgcGFyYW1fMSx1bmRlZmluZWQ0IHBhcmFtXzIpCgp7CiAgRlVOXzgwM2Y1MzQ4KHBhcmFtXzEsMSxwYXJhbV8yKTsKICByZXR1cm47Cn0KCg==	
urn:ure:smg:re_FunctionVariant:rmge01-usasm:803f5a7c	0x803F5A7C	12	true	RlVOXzgwM2Y1YTdj	CnZvaWQgRlVOXzgwM2Y1YTdjKHZvaWQpCgp7CiAgaW50IHVuYWZmX19yMTM7CiAgCiAgRlVOXzgwMzlkNDdjKCoodW5kZWZpbmVkNCAqKSgqKGludCAqKSh1bmFmZl9fcjEzICsgLTB4M2E3OCkgKyAweDI0KSk7CiAgcmV0dXJuOwp9Cgo=	
urn:ure:smg:re_FunctionVariant:rmge01-usasm:803f5a88	0x803F5A88	12	true	RlVOXzgwM2Y1YTg4	CnZvaWQgRlVOXzgwM2Y1YTg4KHZvaWQpCgp7CiAgaW50IHVuYWZmX19yMTM7CiAgCiAgRlVOXzgwMzlkNDg0KCoodW5kZWZpbmVkNCAqKSgqKGludCAqKSh1bmFmZl9fcjEzICsgLTB4M2E3OCkgKyAweDI0KSk7CiAgcmV0dXJuOwp9Cgo=	
urn:ure:smg:re_FunctionVariant:rmge01-usasm:803f5aac	0x803F5AAC	12	true	RlVOXzgwM2Y1YWFj	CnZvaWQgRlVOXzgwM2Y1YWFjKHZvaWQpCgp7CiAgaW50IHVuYWZmX19yMTM7CiAgCiAgRlVOXzgwMzlkNGRjKCoodW5kZWZpbmVkNCAqKSgqKGludCAqKSh1bmFmZl9fcjEzICsgLTB4M2E3OCkgKyAweDI0KSk7CiAgcmV0dXJuOwp9Cgo=	
urn:ure:smg:re_FunctionVariant:rmge01-usasm:803f5afc	0x803F5AFC	12	true	RlVOXzgwM2Y1YWZj	CnZvaWQgRlVOXzgwM2Y1YWZjKHZvaWQpCgp7CiAgRlVOXzgwM2Y1YWQ4KHNfUGVhY2hDYXN0bGVHYXJkZW5HYWxheHlfODA1Y2QzOTgpOwogIHJldHVybjsKfQoK	
urn:ure:smg:re_FunctionVariant:rmge01-usasm:803f5b08	0x803F5B08	12	true	RlVOXzgwM2Y1YjA4	CnZvaWQgRlVOXzgwM2Y1YjA4KHZvaWQpCgp7CiAgRlVOXzgwM2Y1YWQ4KHNfSGVhdmVuc0Rvb3JHYWxheHlfODA1Y2QzYjApOwogIHJldHVybjsKfQoK	
urn:ure:smg:re_FunctionVariant:rmge01-usasm:803f5b14	0x803F5B14	12	true	RlVOXzgwM2Y1YjE0	CnZvaWQgRlVOXzgwM2Y1YjE0KHZvaWQpCgp7CiAgRlVOXzgwM2Y1YWQ4KHNfRmlsZVNlbGVjdF84MDVjZDNjMik7CiAgcmV0dXJuOwp9Cgo=	
urn:ure:smg:re_FunctionVariant:rmge01-usasm:803f5b20	0x803F5B20	12	true	RlVOXzgwM2Y1YjIw	CnZvaWQgRlVOXzgwM2Y1YjIwKHZvaWQpCgp7CiAgRlVOXzgwM2Y1YWQ4KHNfRXBpbG9ndWVEZW1vU3RhZ2VfODA1Y2QzY2QpOwogIHJldHVybjsKfQoK	
urn:ure:smg:re_FunctionVariant:rmge01-usasm:803f5bf4	0x803F5BF4	12	true	RlVOXzgwM2Y1YmY0	CnZvaWQgRlVOXzgwM2Y1YmY0KHZvaWQpCgp7CiAgRlVOXzgwM2Y1YWQ4KHNfT2NlYW5SaW5nR2FsYXh5XzgwNWNkNDAxKTsKICByZXR1cm47Cn0KCg==	
urn:ure:smg:re_FunctionVariant:rmge01-usasm:803f5c58	0x803F5C58	12	true	RlVOXzgwM2Y1YzU4	CnZvaWQgRlVOXzgwM2Y1YzU4KHZvaWQpCgp7CiAgRlVOXzgwM2Y1YWQ4KHNfRmlsZVNlbGVjdF84MDVjZDNjMik7CiAgcmV0dXJuOwp9Cgo=	
urn:ure:smg:re_FunctionVariant:rmge01-usasm:803f5ce4	0x803F5CE4	12	true	RlVOXzgwM2Y1Y2U0	CnZvaWQgRlVOXzgwM2Y1Y2U0KHZvaWQpCgp7CiAgRlVOXzgwM2Y1YWQ4KHNfS29vcGFCYXR0bGVWczNHYWxheHlfODA1Y2Q0NDkpOwogIHJldHVybjsKfQoK	
urn:ure:smg:re_FunctionVariant:rmge01-usasm:803f5cf0	0x803F5CF0	12	true	RlVOXzgwM2Y1Y2Yw	CnZvaWQgRlVOXzgwM2Y1Y2YwKHZvaWQpCgp7CiAgRlVOXzgwM2Y1YWQ4KHNfRXBpbG9ndWVEZW1vU3RhZ2VfODA1Y2QzY2QpOwogIHJldHVybjsKfQoK	
urn:ure:smg:re_FunctionVariant:rmge01-usasm:803f5f28	0x803F5F28	12	true	RlVOXzgwM2Y1ZjI4	CnVuZGVmaW5lZDQgRlVOXzgwM2Y1ZjI4KHZvaWQpCgp7CiAgcmV0dXJuIDB4ODA1ZjdjMDA7Cn0KCg==	
urn:ure:smg:re_FunctionVariant:rmge01-usasm:803f6f24	0x803F6F24	12	true	RlVOXzgwM2Y2ZjI0	CnZvaWQgRlVOXzgwM2Y2ZjI0KHZvaWQpCgp7CiAgRlVOXzgwMzdlZTg4KCZEQVRfODA1Y2Q0YzgpOwogIHJldHVybjsKfQoK	
urn:ure:smg:re_FunctionVariant:rmge01-usasm:803f6f30	0x803F6F30	12	true	RlVOXzgwM2Y2ZjMw	CnZvaWQgRlVOXzgwM2Y2ZjMwKHZvaWQpCgp7CiAgRlVOXzgwMzdlZWQwKCZEQVRfODA1Y2Q0YzgpOwogIHJldHVybjsKfQoK	
urn:ure:smg:re_FunctionVariant:rmge01-usasm:803f6f4c	0x803F6F4C	12	true	RlVOXzgwM2Y2ZjRj	CnZvaWQgRlVOXzgwM2Y2ZjRjKHZvaWQpCgp7CiAgRlVOXzgwMzdlZTg4KCZEQVRfODA1Y2Q0ZDEpOwogIHJldHVybjsKfQoK	
urn:ure:smg:re_FunctionVariant:rmge01-usasm:803f6f58	0x803F6F58	12	true	RlVOXzgwM2Y2ZjU4	CnZvaWQgRlVOXzgwM2Y2ZjU4KHZvaWQpCgp7CiAgRlVOXzgwMzdlZWQwKCZEQVRfODA1Y2Q0ZDEpOwogIHJldHVybjsKfQoK	
urn:ure:smg:re_FunctionVariant:rmge01-usasm:803f6f74	0x803F6F74	12	true	RlVOXzgwM2Y2Zjc0	CnZvaWQgRlVOXzgwM2Y2Zjc0KHZvaWQpCgp7CiAgRlVOXzgwMzdlZTg4KCZEQVRfODA1Y2Q0ZTApOwogIHJldHVybjsKfQoK	
urn:ure:smg:re_FunctionVariant:rmge01-usasm:803f8e2c	0x803F8E2C	12	true	RlVOXzgwM2Y4ZTJj	CnZvaWQgRlVOXzgwM2Y4ZTJjKGludCBwYXJhbV8xLHVuZGVmaW5lZDQgcGFyYW1fMikKCnsKICAqKHVuZGVmaW5lZDQgKikoKihpbnQgKikocGFyYW1fMSArIDEwMCkgKyAweDMwKSA9IHBhcmFtXzI7CiAgcmV0dXJuOwp9Cgo=	
urn:ure:smg:re_FunctionVariant:rmge01-usasm:803fb3f0	0x803FB3F0	12	true	RlVOXzgwM2ZiM2Yw	CnZvaWQgRlVOXzgwM2ZiM2YwKGludCBwYXJhbV8xKQoKewogIGRvdWJsZSBpbl9mMTsKICAKICAqKihmbG9hdCAqKikocGFyYW1fMSArIDB4ODApID0gKGZsb2F0KWluX2YxOwogIHJldHVybjsKfQoK	
urn:ure:smg:re_FunctionVariant:rmge01-usasm:803fb740	0x803FB740	12	true	RlVOXzgwM2ZiNzQw	CmludCBGVU5fODAzZmI3NDAoaW50IHBhcmFtXzEpCgp7CiAgcmV0dXJuICooaW50ICopKHBhcmFtXzEgKyAweDgwKSArIDB4MTA7Cn0KCg==	
urn:ure:smg:re_FunctionVariant:rmge01-usasm:803fdb24	0x803FDB24	12	true	RlVOXzgwM2ZkYjI0	CnVuZGVmaW5lZDQgRlVOXzgwM2ZkYjI0KHZvaWQpCgp7CiAgaW50IHVuYWZmX19yMTM7CiAgCiAgcmV0dXJuICoodW5kZWZpbmVkNCAqKSgqKGludCAqKSh1bmFmZl9fcjEzICsgLTB4M2E3OCkgKyAweDIwKTsKfQoK	
urn:ure:smg:re_FunctionVariant:rmge01-usasm:803fdb40	0x803FDB40	12	true	RlVOXzgwM2ZkYjQw	CnZvaWQgRlVOXzgwM2ZkYjQwKHZvaWQpCgp7CiAgaW50IHVuYWZmX19yMTM7CiAgCiAgRlVOXzgwMzlhYjM4KCoodW5kZWZpbmVkNCAqKSgqKGludCAqKSh1bmFmZl9fcjEzICsgLTB4M2E3OCkgKyAweDE4KSk7CiAgcmV0dXJuOwp9Cgo=	
urn:ure:smg:re_FunctionVariant:rmge01-usasm:803fe994	0x803FE994	12	true	RlVOXzgwM2ZlOTk0	CnZvaWQgRlVOXzgwM2ZlOTk0KGludCBwYXJhbV8xKQoKewogICoodW5kZWZpbmVkMSAqKShwYXJhbV8xICsgMHg0NCkgPSAxOwogIHJldHVybjsKfQoK	
urn:ure:smg:re_FunctionVariant:rmge01-usasm:803fe9a0	0x803FE9A0	12	true	RlVOXzgwM2ZlOWEw	CnZvaWQgRlVOXzgwM2ZlOWEwKGludCBwYXJhbV8xKQoKewogICoodW5kZWZpbmVkMSAqKShwYXJhbV8xICsgMHg0NCkgPSAwOwogIHJldHVybjsKfQoK	
urn:ure:smg:re_FunctionVariant:rmge01-usasm:803fe9ac	0x803FE9AC	12	true	RlVOXzgwM2ZlOWFj	CnZvaWQgRlVOXzgwM2ZlOWFjKGludCBwYXJhbV8xKQoKewogICoodW5kZWZpbmVkMSAqKShwYXJhbV8xICsgMHg0NSkgPSAxOwogIHJldHVybjsKfQoK	
urn:ure:smg:re_FunctionVariant:rmge01-usasm:803fe9b8	0x803FE9B8	12	true	RlVOXzgwM2ZlOWI4	CnZvaWQgRlVOXzgwM2ZlOWI4KGludCBwYXJhbV8xKQoKewogICoodW5kZWZpbmVkMSAqKShwYXJhbV8xICsgMHg0NSkgPSAwOwogIHJldHVybjsKfQoK	
urn:ure:smg:re_FunctionVariant:rmge01-usasm:803fe9c4	0x803FE9C4	12	false			bm8gZnVuY3Rpb24gYXQgZXhhY3QgZW50cnk=
urn:ure:smg:re_FunctionVariant:rmge01-usasm:803ff1d4	0x803FF1D4	12	true	RlVOXzgwM2ZmMWQ0	CmludCBGVU5fODAzZmYxZDQoaW50IHBhcmFtXzEpCgp7CiAgcmV0dXJuICooaW50ICopKHBhcmFtXzEgKyAweGMpICsgMHgzMDsKfQoK	
urn:ure:smg:re_FunctionVariant:rmge01-usasm:803ff200	0x803FF200	12	true	RlVOXzgwM2ZmMjAw	CnZvaWQgRlVOXzgwM2ZmMjAwKHZvaWQpCgp7CiAgcmV0dXJuOwp9Cgo=	
urn:ure:smg:re_FunctionVariant:rmge01-usasm:803ff23c	0x803FF23C	12	true	RlVOXzgwM2ZmMjNj	CnZvaWQgRlVOXzgwM2ZmMjNjKHZvaWQpCgp7CiAgcmV0dXJuOwp9Cgo=	
urn:ure:smg:re_FunctionVariant:rmge01-usasm:803ff500	0x803FF500	12	true	RlVOXzgwM2ZmNTAw	CnVuZGVmaW5lZDQgRlVOXzgwM2ZmNTAwKGludCBwYXJhbV8xKQoKewogIHJldHVybiAqKHVuZGVmaW5lZDQgKikoKihpbnQgKikocGFyYW1fMSArIDB4YykgKyAweDM0KTsKfQoK	
urn:ure:smg:re_FunctionVariant:rmge01-usasm:804008b0	0x804008B0	12	true	RlVOXzgwNDAwOGIw	CnZvaWQgRlVOXzgwNDAwOGIwKHVuZGVmaW5lZDQgcGFyYW1fMSkKCnsKICBGVU5fODA0YjVmMDgocGFyYW1fMSwweDgwNWY3YzIwKTsKICByZXR1cm47Cn0KCg==	
urn:ure:smg:re_FunctionVariant:rmge01-usasm:8040491c	0x8040491C	12	true	RlVOXzgwNDA0OTFj	CnZvaWQgRlVOXzgwNDA0OTFjKHVuZGVmaW5lZDQgKnBhcmFtXzEsdW5kZWZpbmVkNCBwYXJhbV8yLHVuZGVmaW5lZDQgcGFyYW1fMykKCnsKICAqcGFyYW1fMSA9IHBhcmFtXzI7CiAgcGFyYW1fMVsxXSA9IHBhcmFtXzM7CiAgcmV0dXJuOwp9Cgo=	
urn:ure:smg:re_FunctionVariant:rmge01-usasm:80406c38	0x80406C38	12	true	RlVOXzgwNDA2YzM4	CnZvaWQgRlVOXzgwNDA2YzM4KHVuZGVmaW5lZDEgKnBhcmFtXzEsdW5kZWZpbmVkMSBwYXJhbV8yKQoKewogICpwYXJhbV8xID0gcGFyYW1fMjsKICBwYXJhbV8xWzFdID0gcGFyYW1fMjsKICByZXR1cm47Cn0KCg==	
urn:ure:smg:re_FunctionVariant:rmge01-usasm:80406cb4	0x80406CB4	12	true	RlVOXzgwNDA2Y2I0	CnZvaWQgRlVOXzgwNDA2Y2I0KGludCBwYXJhbV8xKQoKewogICoodW5kZWZpbmVkNCAqKShwYXJhbV8xICsgOCkgPSAxOwogIHJldHVybjsKfQoK	
urn:ure:smg:re_FunctionVariant:rmge01-usasm:80406cc0	0x80406CC0	12	true	RlVOXzgwNDA2Y2Mw	CnZvaWQgRlVOXzgwNDA2Y2MwKGludCBwYXJhbV8xKQoKewogICoodW5kZWZpbmVkNCAqKShwYXJhbV8xICsgOCkgPSAxOwogIEZVTl84MDQwNmU2YygpOwogIHJldHVybjsKfQoK	
urn:ure:smg:re_FunctionVariant:rmge01-usasm:80406ccc	0x80406CCC	12	true	RlVOXzgwNDA2Y2Nj	CnZvaWQgRlVOXzgwNDA2Y2NjKGludCBwYXJhbV8xKQoKewogICoodW5kZWZpbmVkNCAqKShwYXJhbV8xICsgOCkgPSAweGZmZmZmZmZmOwogIHJldHVybjsKfQoK	
urn:ure:smg:re_FunctionVariant:rmge01-usasm:80406cd8	0x80406CD8	12	true	RlVOXzgwNDA2Y2Q4	CnZvaWQgRlVOXzgwNDA2Y2Q4KGludCBwYXJhbV8xKQoKewogICoodW5kZWZpbmVkNCAqKShwYXJhbV8xICsgOCkgPSAweGZmZmZmZmZmOwogIEZVTl84MDQwNmU2YygpOwogIHJldHVybjsKfQoK	
urn:ure:smg:re_FunctionVariant:rmge01-usasm:80409af8	0x80409AF8	12	true	RlVOXzgwNDA5YWY4	CnZvaWQgRlVOXzgwNDA5YWY4KHVuZGVmaW5lZDQgcGFyYW1fMSkKCnsKICBGVU5fODA0MDk2NWMocGFyYW1fMSw0LDApOwogIHJldHVybjsKfQoK	
urn:ure:smg:re_FunctionVariant:rmge01-usasm:80409b1c	0x80409B1C	12	true	RlVOXzgwNDA5YjFj	CnZvaWQgRlVOXzgwNDA5YjFjKHVuZGVmaW5lZDQgcGFyYW1fMSkKCnsKICBGVU5fODA0MDk2NWMocGFyYW1fMSw0LDApOwogIHJldHVybjsKfQoK	
urn:ure:smg:re_FunctionVariant:rmge01-usasm:8040f160	0x8040F160	12	true	RlVOXzgwNDBmMTYw	CnZvaWQgRlVOXzgwNDBmMTYwKHZvaWQpCgp7CiAgRlVOXzgwNGE5NDM0KDB4ODA1Zjg2MjgpOwogIHJldHVybjsKfQoK	
urn:ure:smg:re_FunctionVariant:rmge01-usasm:804194c8:290	0x804194C8	12	true	RlVOXzgwNDE5NGM4	CnZvaWQgRlVOXzgwNDE5NGM4KHZvaWQpCgp7CiAgaW50IHVuYWZmX19yMTM7CiAgCiAgKih1bmRlZmluZWQxICopKHVuYWZmX19yMTMgKyAtMHgyNDQ0KSA9IDE7CiAgRlVOXzgwNGI5ZjdjKCk7CiAgcmV0dXJuOwp9Cgo=	
urn:ure:smg:re_FunctionVariant:rmge01-usasm:80422f44	0x80422F44	12	false			bm8gZnVuY3Rpb24gYXQgZXhhY3QgZW50cnk=
urn:ure:smg:re_FunctionVariant:rmge01-usasm:80422f50	0x80422F50	12	false			bm8gZnVuY3Rpb24gYXQgZXhhY3QgZW50cnk=
urn:ure:smg:re_FunctionVariant:rmge01-usasm:80427820	0x80427820	12	false			bm8gZnVuY3Rpb24gYXQgZXhhY3QgZW50cnk=
urn:ure:smg:re_FunctionVariant:rmge01-usasm:80427d34	0x80427D34	12	true	RlVOXzgwNDI3ZDM0	CnZvaWQgRlVOXzgwNDI3ZDM0KGludCBwYXJhbV8xKQoKewogICoodW5kZWZpbmVkMSAqKShwYXJhbV8xICsgNCkgPSAwOwogIHJldHVybjsKfQoK	
urn:ure:smg:re_FunctionVariant:rmge01-usasm:8042cc18	0x8042CC18	12	true	RlVOXzgwNDJjYzE4	CnZvaWQgRlVOXzgwNDJjYzE4KHVuZGVmaW5lZDQgKnBhcmFtXzEsdW5kZWZpbmVkNCAqcGFyYW1fMikKCnsKICAqcGFyYW1fMSA9ICpwYXJhbV8yOwogIHJldHVybjsKfQoK	
urn:ure:smg:re_FunctionVariant:rmge01-usasm:8042d0a0	0x8042D0A0	12	false			bm8gZnVuY3Rpb24gYXQgZXhhY3QgZW50cnk=
urn:ure:smg:re_FunctionVariant:rmge01-usasm:8042ef38	0x8042EF38	12	false			bm8gZnVuY3Rpb24gYXQgZXhhY3QgZW50cnk=
urn:ure:smg:re_FunctionVariant:rmge01-usasm:80456ce4	0x80456CE4	12	true	RlVOXzgwNDU2Y2U0	CnZvaWQgRlVOXzgwNDU2Y2U0KHVuZGVmaW5lZDQgcGFyYW1fMSkKCnsKICBpbnQgdW5hZmZfX3IxMzsKICAKICAqKHVuZGVmaW5lZDQgKikoKihpbnQgKikodW5hZmZfX3IxMyArIC0weDIyNTgpICsgMHgxYjM0KSA9IHBhcmFtXzE7CiAgcmV0dXJuOwp9Cgo=	
urn:ure:smg:re_FunctionVariant:rmge01-usasm:8045a29c	0x8045A29C	12	true	RlVOXzgwNDVhMjlj	CnZvaWQgRlVOXzgwNDVhMjljKHVuZGVmaW5lZDQgcGFyYW1fMSkKCnsKICBGVU5fODA0NWE0MTQocGFyYW1fMSwmREFUXzgwNTQ3ZjY4KTsKICByZXR1cm47Cn0KCg==	
urn:ure:smg:re_FunctionVariant:rmge01-usasm:8045a2a8	0x8045A2A8	12	true	RlVOXzgwNDVhMmE4	CnZvaWQgRlVOXzgwNDVhMmE4KHVuZGVmaW5lZDQgcGFyYW1fMSkKCnsKICBGVU5fODA0NWE5MjAocGFyYW1fMSwmREFUXzgwNTQ3ZjY4KTsKICByZXR1cm47Cn0KCg==	
urn:ure:smg:re_FunctionVariant:rmge01-usasm:80462af8	0x80462AF8	12	true	RlVOXzgwNDYyYWY4	CmludCBGVU5fODA0NjJhZjgodm9pZCkKCnsKICBpbnQgdW5hZmZfX3IxMzsKICAKICByZXR1cm4gKihpbnQgKikodW5hZmZfX3IxMyArIC0weDIyMzApICsgMHgxODsKfQoK	
urn:ure:smg:re_FunctionVariant:rmge01-usasm:80462d60	0x80462D60	12	true	RlVOXzgwNDYyZDYw	CnZvaWQgRlVOXzgwNDYyZDYwKHVuZGVmaW5lZDQgKnBhcmFtXzEsdW5kZWZpbmVkNCBwYXJhbV8yLHVuZGVmaW5lZDQgcGFyYW1fMykKCnsKICAqcGFyYW1fMSA9IHBhcmFtXzI7CiAgcGFyYW1fMVsxXSA9IHBhcmFtXzM7CiAgcmV0dXJuOwp9Cgo=	
urn:ure:smg:re_FunctionVariant:rmge01-usasm:80482108	0x80482108	12	true	RlVOXzgwNDgyMTA4	CnZvaWQgRlVOXzgwNDgyMTA4KHZvaWQpCgp7CiAgaW50IHVuYWZmX19yMTM7CiAgCiAgKih1bmRlZmluZWQ0ICopKHVuYWZmX19yMTMgKyAtMHgyMWMwKSA9IDA7CiAgcmV0dXJuOwp9Cgo=	
urn:ure:smg:re_FunctionVariant:rmge01-usasm:80489940	0x80489940	12	false			bm8gZnVuY3Rpb24gYXQgZXhhY3QgZW50cnk=
urn:ure:smg:re_FunctionVariant:rmge01-usasm:8048b118	0x8048B118	12	true	RlVOXzgwNDhiMTE4	CnZvaWQgRlVOXzgwNDhiMTE4KHVuZGVmaW5lZDQgKnBhcmFtXzEsdW5kZWZpbmVkNCAqcGFyYW1fMikKCnsKICAqcGFyYW1fMSA9ICpwYXJhbV8yOwogIHJldHVybjsKfQoK	
urn:ure:smg:re_FunctionVariant:rmge01-usasm:80492448	0x80492448	12	true	RlVOXzgwNDkyNDQ4	CmNoYXIgKiBGVU5fODA0OTI0NDgodm9pZCkKCnsKICByZXR1cm4gc19fQXVkaW9SZXNfV2F2ZXNfXzgwNWQ4MmQ4Owp9Cgo=	
urn:ure:smg:re_FunctionVariant:rmge01-usasm:804947b0	0x804947B0	12	true	RlVOXzgwNDk0N2Iw	CnZvaWQgRlVOXzgwNDk0N2IwKHVuZGVmaW5lZDQgcGFyYW1fMSx1bmRlZmluZWQ0IHBhcmFtXzIpCgp7CiAgaW50IHVuYWZmX19yMTM7CiAgCiAgKih1bmRlZmluZWQ0ICopKHVuYWZmX19yMTMgKyAtMHgyMGVjKSA9IHBhcmFtXzE7CiAgKih1bmRlZmluZWQ0ICopKHVuYWZmX19yMTMgKyAtMHg2Yzc0KSA9IHBhcmFtXzI7CiAgcmV0dXJuOwp9Cgo=	
urn:ure:smg:re_FunctionVariant:rmge01-usasm:804956ec	0x804956EC	12	true	RlVOXzgwNDk1NmVj	CnZvaWQgRlVOXzgwNDk1NmVjKHZvaWQpCgp7CiAgaW50IHVuYWZmX19yMTM7CiAgCiAgRlVOXzgwNGEyZWY0KCoodW5kZWZpbmVkNCAqKSh1bmFmZl9fcjEzICsgLTB4MjBjOCksMHg2MDAwKTsKICByZXR1cm47Cn0KCg==	
urn:ure:smg:re_FunctionVariant:rmge01-usasm:80495964	0x80495964	12	true	RlVOXzgwNDk1OTY0	CnZvaWQgRlVOXzgwNDk1OTY0KHVuZGVmaW5lZDIgKnBhcmFtXzEpCgp7CiAgKnBhcmFtXzEgPSAwOwogIHJldHVybjsKfQoK	
urn:ure:smg:re_FunctionVariant:rmge01-usasm:80495980	0x80495980	12	true	RlVOXzgwNDk1OTgw	CnZvaWQgRlVOXzgwNDk1OTgwKGludCBwYXJhbV8xKQoKewogICoodW5kZWZpbmVkMiAqKShwYXJhbV8xICsgMHgxMGEpID0gMTsKICByZXR1cm47Cn0KCg==	
urn:ure:smg:re_FunctionVariant:rmge01-usasm:80495c1c	0x80495C1C	12	false			bm8gZnVuY3Rpb24gYXQgZXhhY3QgZW50cnk=
urn:ure:smg:re_FunctionVariant:rmge01-usasm:80495c28	0x80495C28	12	false			bm8gZnVuY3Rpb24gYXQgZXhhY3QgZW50cnk=
urn:ure:smg:re_FunctionVariant:rmge01-usasm:80495d9c	0x80495D9C	12	true	RlVOXzgwNDk1ZDlj	CnZvaWQgRlVOXzgwNDk1ZDljKHZvaWQpCgp7CiAgRlVOXzgwNDg4MzQ0KDB4ODA2NGRmNzApOwogIHJldHVybjsKfQoK	
urn:ure:smg:re_FunctionVariant:rmge01-usasm:80495da8	0x80495DA8	12	true	RlVOXzgwNDk1ZGE4	CnZvaWQgRlVOXzgwNDk1ZGE4KHZvaWQpCgp7CiAgRlVOXzgwNDg4MzQ0KDB4ODA2NGRlNzApOwogIHJldHVybjsKfQoK	
urn:ure:smg:re_FunctionVariant:rmge01-usasm:80496a80	0x80496A80	12	true	RlVOXzgwNDk2YTgw	CnZvaWQgRlVOXzgwNDk2YTgwKHZvaWQpCgp7CiAgaW50IHVuYWZmX19yMTM7CiAgCiAgKih1bmRlZmluZWQxICopKHVuYWZmX19yMTMgKyAtMHgyMGE4KSA9IDE7CiAgcmV0dXJuOwp9Cgo=	
urn:ure:smg:re_FunctionVariant:rmge01-usasm:8049d870	0x8049D870	12	true	RlVOXzgwNDlkODcw	CnVuZGVmaW5lZDQgRlVOXzgwNDlkODcwKGludCBwYXJhbV8xKQoKewogIHJldHVybiAqKih1bmRlZmluZWQ0ICoqKShwYXJhbV8xICsgMHhlYyk7Cn0KCg==	
urn:ure:smg:re_FunctionVariant:rmge01-usasm:8049e9a0	0x8049E9A0	12	true	RlVOXzgwNDllOWEw	CnZvaWQgRlVOXzgwNDllOWEwKGludCBwYXJhbV8xKQoKewogICoodW5kZWZpbmVkNCAqKShwYXJhbV8xICsgOCkgPSAwOwogIHJldHVybjsKfQoK	
urn:ure:smg:re_FunctionVariant:rmge01-usasm:804a03e8	0x804A03E8	12	true	RlVOXzgwNGEwM2U4	CnZvaWQgRlVOXzgwNGEwM2U4KHVuZGVmaW5lZDQgKnBhcmFtXzEpCgp7CiAgKnBhcmFtXzEgPSAwOwogIHJldHVybjsKfQoK	
urn:ure:smg:re_FunctionVariant:rmge01-usasm:804a0440	0x804A0440	12	true	RlVOXzgwNGEwNDQw	CnVuZGVmaW5lZDQgRlVOXzgwNGEwNDQwKGludCAqcGFyYW1fMSkKCnsKICByZXR1cm4gKih1bmRlZmluZWQ0ICopKCpwYXJhbV8xICsgNCk7Cn0KCg==	
urn:ure:smg:re_FunctionVariant:rmge01-usasm:804a0a08	0x804A0A08	12	true	RlVOXzgwNGEwYTA4	CnZvaWQgRlVOXzgwNGEwYTA4KHZvaWQpCgp7CiAgc3luYygwKTsKICByZXR1cm47Cn0KCg==	
urn:ure:smg:re_FunctionVariant:rmge01-usasm:804a3790	0x804A3790	12	true	RlVOXzgwNGEzNzkw	Ci8qIFdBUk5JTkc6IEdsb2JhbHMgc3RhcnRpbmcgd2l0aCAnXycgb3ZlcmxhcCBzbWFsbGVyIHN5bWJvbHMgYXQgdGhlIHNhbWUgYWRkcmVzcyAqLwoKdW5kZWZpbmVkNCBGVU5fODA0YTM3OTAodm9pZCkKCnsKICByZXR1cm4gX0RBVF84MDAwMDBkNDsKfQoK	
urn:ure:smg:re_FunctionVariant:rmge01-dol-804a8b64	0x804A8B64	12	true	RlVOXzgwNGE4YjY0	Ci8qIFdBUk5JTkc6IEdsb2JhbHMgc3RhcnRpbmcgd2l0aCAnXycgb3ZlcmxhcCBzbWFsbGVyIHN5bWJvbHMgYXQgdGhlIHNhbWUgYWRkcmVzcyAqLwoKdW5kZWZpbmVkNCBGVU5fODA0YThiNjQodm9pZCkKCnsKICByZXR1cm4gX0RBVF84MDAwMzExODsKfQoK	
urn:ure:smg:re_FunctionVariant:rmge01-dol-804a8b70	0x804A8B70	12	true	RlVOXzgwNGE4Yjcw	Ci8qIFdBUk5JTkc6IEdsb2JhbHMgc3RhcnRpbmcgd2l0aCAnXycgb3ZlcmxhcCBzbWFsbGVyIHN5bWJvbHMgYXQgdGhlIHNhbWUgYWRkcmVzcyAqLwoKdW5kZWZpbmVkNCBGVU5fODA0YThiNzAodm9pZCkKCnsKICByZXR1cm4gX0RBVF84MDAwMzEwNDsKfQoK	
urn:ure:smg:re_FunctionVariant:rmge01-dol-804a8b7c	0x804A8B7C	12	true	RlVOXzgwNGE4Yjdj	Ci8qIFdBUk5JTkc6IEdsb2JhbHMgc3RhcnRpbmcgd2l0aCAnXycgb3ZlcmxhcCBzbWFsbGVyIHN5bWJvbHMgYXQgdGhlIHNhbWUgYWRkcmVzcyAqLwoKdW5kZWZpbmVkNCBGVU5fODA0YThiN2Modm9pZCkKCnsKICByZXR1cm4gX0RBVF84MDAwMzExYzsKfQoK	
urn:ure:smg:re_FunctionVariant:rmge01-usasm:804aaea0	0x804AAEA0	12	true	RlVOXzgwNGFhZWEw	Ci8qIFdBUk5JTkc6IEdsb2JhbHMgc3RhcnRpbmcgd2l0aCAnXycgb3ZlcmxhcCBzbWFsbGVyIHN5bWJvbHMgYXQgdGhlIHNhbWUgYWRkcmVzcyAqLwoKdW5kZWZpbmVkNCBGVU5fODA0YWFlYTAodm9pZCkKCnsKICByZXR1cm4gX0RBVF84MDAwMDBlNDsKfQoK	
urn:ure:smg:re_FunctionVariant:rmge01-usasm:804bb89c	0x804BB89C	12	true	RlVOXzgwNGJiODlj	CnZvaWQgRlVOXzgwNGJiODljKGludCBwYXJhbV8xLHVuZGVmaW5lZDQgKnBhcmFtXzIpCgp7CiAgKih1bmRlZmluZWQ0ICopKHBhcmFtXzEgKyAweGMpID0gKnBhcmFtXzI7CiAgcmV0dXJuOwp9Cgo=	
urn:ure:smg:re_FunctionVariant:rmge01-usasm:804bc1b0	0x804BC1B0	12	true	RlVOXzgwNGJjMWIw	CmJ5dGUgRlVOXzgwNGJjMWIwKGludCBwYXJhbV8xKQoKewogIHJldHVybiAqKGJ5dGUgKikocGFyYW1fMSArIDB4MWYpICYgMTsKfQoK	
urn:ure:smg:re_FunctionVariant:rmge01-usasm:804c7068	0x804C7068	12	true	RlVOXzgwNGM3MDY4	CnVuZGVmaW5lZDQgRlVOXzgwNGM3MDY4KHVuZGVmaW5lZDQgcGFyYW1fMSkKCnsKICBpbnQgdW5hZmZfX3IxMzsKICAKICAqKHVuZGVmaW5lZDQgKikodW5hZmZfX3IxMyArIC0weDFjOTgpID0gcGFyYW1fMTsKICByZXR1cm4gMTsKfQoK	
urn:ure:smg:re_FunctionVariant:rmge01-usasm:804c79d4	0x804C79D4	12	true	RlVOXzgwNGM3OWQ0	Ci8qIFdBUk5JTkc6IEdsb2JhbHMgc3RhcnRpbmcgd2l0aCAnXycgb3ZlcmxhcCBzbWFsbGVyIHN5bWJvbHMgYXQgdGhlIHNhbWUgYWRkcmVzcyAqLwoKdW5kZWZpbmVkNCBGVU5fODA0Yzc5ZDQodm9pZCkKCnsKICByZXR1cm4gX0RBVF84MDY1NzhlMDsKfQoK	
urn:ure:smg:re_FunctionVariant:rmge01-dol-804c7cb0	0x804C7CB0	12	true	RlVOXzgwNGM3Y2Iw	Ci8qIFdBUk5JTkc6IEdsb2JhbHMgc3RhcnRpbmcgd2l0aCAnXycgb3ZlcmxhcCBzbWFsbGVyIHN5bWJvbHMgYXQgdGhlIHNhbWUgYWRkcmVzcyAqLwoKdW5kZWZpbmVkNCBGVU5fODA0YzdjYjAodm9pZCkKCnsKICByZXR1cm4gX0RBVF84MDY1NzdlMDsKfQoK	
urn:ure:smg:re_FunctionVariant:rmge01-usasm:804ce470	0x804CE470	12	true	RlVOXzgwNGNlNDcw	CnVuZGVmaW5lZDQgRlVOXzgwNGNlNDcwKHZvaWQpCgp7CiAgcmV0dXJuIDB4ODA2NTdhNDA7Cn0KCg==	
urn:ure:smg:re_FunctionVariant:rmge01-usasm:804d0824	0x804D0824	12	true	RlVOXzgwNGQwODI0	CnZvaWQgRlVOXzgwNGQwODI0KHVuZGVmaW5lZDQgcGFyYW1fMSkKCnsKICBGVU5fODA0Y2ZiZTQocGFyYW1fMSwyLDkpOwogIHJldHVybjsKfQoK	
urn:ure:smg:re_FunctionVariant:rmge01-usasm:804d09e8	0x804D09E8	12	true	RlVOXzgwNGQwOWU4	CnZvaWQgRlVOXzgwNGQwOWU4KHVuZGVmaW5lZDQgcGFyYW1fMSkKCnsKICBGVU5fODA0Y2ZiZTQocGFyYW1fMSwweDQ2MSwweDFjKTsKICByZXR1cm47Cn0KCg==	
urn:ure:smg:re_FunctionVariant:rmge01-usasm:804d09f4	0x804D09F4	12	true	RlVOXzgwNGQwOWY0	CnZvaWQgRlVOXzgwNGQwOWY0KHVuZGVmaW5lZDQgcGFyYW1fMSkKCnsKICBGVU5fODA0Y2ZjYzQocGFyYW1fMSwweDQ2MSwweDFjKTsKICByZXR1cm47Cn0KCg==	
urn:ure:smg:re_FunctionVariant:rmge01-usasm:804d0a00	0x804D0A00	12	true	RlVOXzgwNGQwYTAw	CnZvaWQgRlVOXzgwNGQwYTAwKHVuZGVmaW5lZDQgcGFyYW1fMSkKCnsKICBGVU5fODA0Y2ZiZTQocGFyYW1fMSwweDIwNSwweDFkKTsKICByZXR1cm47Cn0KCg==	
urn:ure:smg:re_FunctionVariant:rmge01-usasm:804d0a0c	0x804D0A0C	12	true	RlVOXzgwNGQwYTBj	CnZvaWQgRlVOXzgwNGQwYTBjKHVuZGVmaW5lZDQgcGFyYW1fMSkKCnsKICBGVU5fODA0Y2ZjYzQocGFyYW1fMSwweDIwNSwweDFkKTsKICByZXR1cm47Cn0KCg==	
urn:ure:smg:re_FunctionVariant:rmge01-usasm:800076b4	0x800076B4	16	true	RlVOXzgwMDA3NmI0	CnZvaWQgRlVOXzgwMDA3NmI0KHVuZGVmaW5lZDQgKnBhcmFtXzEpCgp7CiAgKnBhcmFtXzEgPSAmREFUXzgwNTRlZTIwOwogIHJldHVybjsKfQoK	
urn:ure:smg:re_FunctionVariant:rmge01-usasm:8001209c	0x8001209C	16	true	RlVOXzgwMDEyMDlj	CnVpbnQgRlVOXzgwMDEyMDljKHVpbnQgcGFyYW1fMSx1aW50IHBhcmFtXzIpCgp7CiAgaWYgKHBhcmFtXzEgPD0gcGFyYW1fMikgewogICAgcmV0dXJuIHBhcmFtXzE7CiAgfQogIHJldHVybiBwYXJhbV8yOwp9Cgo=	
urn:ure:smg:re_FunctionVariant:rmge01-usasm:80016f70:47	0x80016F70	16	false			bm8gZnVuY3Rpb24gYXQgZXhhY3QgZW50cnk=
urn:ure:smg:re_FunctionVariant:rmge01-usasm:80016f80:48	0x80016F80	16	true	RlVOXzgwMDE2Zjgw	CnZvaWQgRlVOXzgwMDE2ZjgwKGZsb2F0ICpwYXJhbV8xKQoKewogIGRvdWJsZSBpbl9mMTsKICBkb3VibGUgaW5fZjI7CiAgZG91YmxlIGluX2YzOwogIAogICpwYXJhbV8xID0gKGZsb2F0KWluX2YxOwogIHBhcmFtXzFbMV0gPSAoZmxvYXQpaW5fZjI7CiAgcGFyYW1fMVsyXSA9IChmbG9hdClpbl9mMzsKICByZXR1cm47Cn0KCg==	
urn:ure:smg:re_FunctionVariant:rmge01-usasm:8001815c:100018	0x8001815C	16	true	RlVOXzgwMDE4MTVj	CnVuZGVmaW5lZDQgRlVOXzgwMDE4MTVjKGludCBwYXJhbV8xLGludCBwYXJhbV8yKQoKewogIHJldHVybiAqKHVuZGVmaW5lZDQgKikoKihpbnQgKikocGFyYW1fMSArIDQpICsgcGFyYW1fMiAqIDQpOwp9Cgo=	
urn:ure:smg:re_FunctionVariant:rmge01-usasm:80018bc4:100042	0x80018BC4	16	true	RlVOXzgwMDE4YmM0	CnZvaWQgRlVOXzgwMDE4YmM0KGZsb2F0ICpwYXJhbV8xKQoKewogIGRvdWJsZSBpbl9mMTsKICBkb3VibGUgaW5fZjI7CiAgZG91YmxlIGluX2YzOwogIAogICpwYXJhbV8xID0gKGZsb2F0KWluX2YxOwogIHBhcmFtXzFbMV0gPSAoZmxvYXQpaW5fZjI7CiAgcGFyYW1fMVsyXSA9IChmbG9hdClpbl9mMzsKICByZXR1cm47Cn0KCg==	
urn:ure:smg:re_FunctionVariant:rmge01-usasm:80021cc4:200086	0x80021CC4	16	true	RlVOXzgwMDIxY2M0	CnVpbnQgRlVOXzgwMDIxY2M0KGludCBwYXJhbV8xKQoKewogIHJldHVybiAqKHVpbnQgKikocGFyYW1fMSArIDB4MTgpID4+IDB4MWYgXiAxOwp9Cgo=	
urn:ure:smg:re_FunctionVariant:rmge01-usasm:80025988:200145	0x80025988	16	false			bm8gZnVuY3Rpb24gYXQgZXhhY3QgZW50cnk=
urn:ure:smg:re_FunctionVariant:rmge01-usasm:80027a94	0x80027A94	16	true	RlVOXzgwMDI3YTk0	CmludCBGVU5fODAwMjdhOTQoaW50IHBhcmFtXzEsaW50IHBhcmFtXzIpCgp7CiAgcmV0dXJuIHBhcmFtXzEgKyBwYXJhbV8yICogMHg1NCArIDB4OGQ0Owp9Cgo=	
urn:ure:smg:re_FunctionVariant:rmge01-usasm:8002a7c8	0x8002A7C8	16	false			bm8gZnVuY3Rpb24gYXQgZXhhY3QgZW50cnk=
urn:ure:smg:re_FunctionVariant:rmge01-usasm:8002b12c	0x8002B12C	16	false			bm8gZnVuY3Rpb24gYXQgZXhhY3QgZW50cnk=
urn:ure:smg:re_FunctionVariant:rmge01-usasm:80030cb4	0x80030CB4	16	true	RlVOXzgwMDMwY2I0	CnZvaWQgRlVOXzgwMDMwY2I0KHVuZGVmaW5lZDQgKnBhcmFtXzEsdW5kZWZpbmVkNCAqcGFyYW1fMix1bmRlZmluZWQ0IHBhcmFtXzMpCgp7CiAgdW5kZWZpbmVkNCB1VmFyMTsKICAKICB1VmFyMSA9ICpwYXJhbV8yOwogIHBhcmFtXzFbMV0gPSBwYXJhbV8zOwogICpwYXJhbV8xID0gdVZhcjE7CiAgcmV0dXJuOwp9Cgo=	
urn:ure:smg:re_FunctionVariant:rmge01-usasm:80032e18	0x80032E18	16	false			bm8gZnVuY3Rpb24gYXQgZXhhY3QgZW50cnk=
urn:ure:smg:re_FunctionVariant:rmge01-usasm:80032e28	0x80032E28	16	false			bm8gZnVuY3Rpb24gYXQgZXhhY3QgZW50cnk=
urn:ure:smg:re_FunctionVariant:rmge01-usasm:8003640c	0x8003640C	16	true	RlVOXzgwMDM2NDBj	CnZvaWQgRlVOXzgwMDM2NDBjKHVuZGVmaW5lZDQgKnBhcmFtXzEpCgp7CiAgKnBhcmFtXzEgPSAmREFUXzgwNTUyNmUwOwogIHJldHVybjsKfQoK	
urn:ure:smg:re_FunctionVariant:rmge01-usasm:8003641c	0x8003641C	16	true	RlVOXzgwMDM2NDFj	CnZvaWQgRlVOXzgwMDM2NDFjKHVuZGVmaW5lZDQgKnBhcmFtXzEpCgp7CiAgKnBhcmFtXzEgPSAmREFUXzgwNTUyNmQwOwogIHJldHVybjsKfQoK	
urn:ure:smg:re_FunctionVariant:rmge01-usasm:8003642c	0x8003642C	16	true	RlVOXzgwMDM2NDJj	CnZvaWQgRlVOXzgwMDM2NDJjKHVuZGVmaW5lZDQgKnBhcmFtXzEpCgp7CiAgKnBhcmFtXzEgPSAmREFUXzgwNTUyNmMwOwogIHJldHVybjsKfQoK	
urn:ure:smg:re_FunctionVariant:rmge01-usasm:8003643c	0x8003643C	16	true	RlVOXzgwMDM2NDNj	CnZvaWQgRlVOXzgwMDM2NDNjKHVuZGVmaW5lZDQgKnBhcmFtXzEpCgp7CiAgKnBhcmFtXzEgPSAmREFUXzgwNTUyNmIwOwogIHJldHVybjsKfQoK	
urn:ure:smg:re_FunctionVariant:rmge01-usasm:8003644c	0x8003644C	16	true	RlVOXzgwMDM2NDRj	CnZvaWQgRlVOXzgwMDM2NDRjKHVuZGVmaW5lZDQgKnBhcmFtXzEpCgp7CiAgKnBhcmFtXzEgPSAmREFUXzgwNTUyNmEwOwogIHJldHVybjsKfQoK	
urn:ure:smg:re_FunctionVariant:rmge01-usasm:8003645c	0x8003645C	16	true	RlVOXzgwMDM2NDVj	CnZvaWQgRlVOXzgwMDM2NDVjKHVuZGVmaW5lZDQgKnBhcmFtXzEpCgp7CiAgKnBhcmFtXzEgPSAmREFUXzgwNTUyNjkwOwogIHJldHVybjsKfQoK	
urn:ure:smg:re_FunctionVariant:rmge01-usasm:8003646c	0x8003646C	16	true	RlVOXzgwMDM2NDZj	CnZvaWQgRlVOXzgwMDM2NDZjKHVuZGVmaW5lZDQgKnBhcmFtXzEpCgp7CiAgKnBhcmFtXzEgPSAmREFUXzgwNTUyNjgwOwogIHJldHVybjsKfQoK	
urn:ure:smg:re_FunctionVariant:rmge01-usasm:8003647c	0x8003647C	16	true	RlVOXzgwMDM2NDdj	CnZvaWQgRlVOXzgwMDM2NDdjKHVuZGVmaW5lZDQgKnBhcmFtXzEpCgp7CiAgKnBhcmFtXzEgPSAmREFUXzgwNTUyNjcwOwogIHJldHVybjsKfQoK	
urn:ure:smg:re_FunctionVariant:rmge01-usasm:8003648c	0x8003648C	16	true	RlVOXzgwMDM2NDhj	CnZvaWQgRlVOXzgwMDM2NDhjKHVuZGVmaW5lZDQgKnBhcmFtXzEpCgp7CiAgKnBhcmFtXzEgPSAmREFUXzgwNTUyNjYwOwogIHJldHVybjsKfQoK	
urn:ure:smg:re_FunctionVariant:rmge01-usasm:8003649c	0x8003649C	16	true	RlVOXzgwMDM2NDlj	CnZvaWQgRlVOXzgwMDM2NDljKHVuZGVmaW5lZDQgKnBhcmFtXzEpCgp7CiAgKnBhcmFtXzEgPSAmREFUXzgwNTUyNjUwOwogIHJldHVybjsKfQoK	
urn:ure:smg:re_FunctionVariant:rmge01-usasm:800364ac	0x800364AC	16	true	RlVOXzgwMDM2NGFj	CnZvaWQgRlVOXzgwMDM2NGFjKHVuZGVmaW5lZDQgKnBhcmFtXzEpCgp7CiAgKnBhcmFtXzEgPSAmREFUXzgwNTUyNjQwOwogIHJldHVybjsKfQoK	
urn:ure:smg:re_FunctionVariant:rmge01-usasm:800364bc	0x800364BC	16	true	RlVOXzgwMDM2NGJj	CnZvaWQgRlVOXzgwMDM2NGJjKHVuZGVmaW5lZDQgKnBhcmFtXzEpCgp7CiAgKnBhcmFtXzEgPSAmREFUXzgwNTUyNjMwOwogIHJldHVybjsKfQoK	
urn:ure:smg:re_FunctionVariant:rmge01-usasm:800364cc	0x800364CC	16	true	RlVOXzgwMDM2NGNj	CnZvaWQgRlVOXzgwMDM2NGNjKHVuZGVmaW5lZDQgKnBhcmFtXzEpCgp7CiAgKnBhcmFtXzEgPSAmREFUXzgwNTUyNjIwOwogIHJldHVybjsKfQoK	
urn:ure:smg:re_FunctionVariant:rmge01-usasm:800364dc	0x800364DC	16	true	RlVOXzgwMDM2NGRj	CnZvaWQgRlVOXzgwMDM2NGRjKHVuZGVmaW5lZDQgKnBhcmFtXzEpCgp7CiAgKnBhcmFtXzEgPSAmREFUXzgwNTUyNjEwOwogIHJldHVybjsKfQoK	
urn:ure:smg:re_FunctionVariant:rmge01-usasm:800364ec	0x800364EC	16	true	RlVOXzgwMDM2NGVj	CnZvaWQgRlVOXzgwMDM2NGVjKHVuZGVmaW5lZDQgKnBhcmFtXzEpCgp7CiAgKnBhcmFtXzEgPSAmREFUXzgwNTUyNjAwOwogIHJldHVybjsKfQoK	
urn:ure:smg:re_FunctionVariant:rmge01-usasm:800364fc	0x800364FC	16	true	RlVOXzgwMDM2NGZj	CnZvaWQgRlVOXzgwMDM2NGZjKHVuZGVmaW5lZDQgKnBhcmFtXzEpCgp7CiAgKnBhcmFtXzEgPSAmREFUXzgwNTUyNWYwOwogIHJldHVybjsKfQoK	
urn:ure:smg:re_FunctionVariant:rmge01-usasm:8003650c	0x8003650C	16	true	RlVOXzgwMDM2NTBj	CnZvaWQgRlVOXzgwMDM2NTBjKHVuZGVmaW5lZDQgKnBhcmFtXzEpCgp7CiAgKnBhcmFtXzEgPSAmREFUXzgwNTUyNWUwOwogIHJldHVybjsKfQoK	
urn:ure:smg:re_FunctionVariant:rmge01-usasm:8003651c	0x8003651C	16	true	RlVOXzgwMDM2NTFj	CnZvaWQgRlVOXzgwMDM2NTFjKHVuZGVmaW5lZDQgKnBhcmFtXzEpCgp7CiAgKnBhcmFtXzEgPSAmREFUXzgwNTUyNWQwOwogIHJldHVybjsKfQoK	
urn:ure:smg:re_FunctionVariant:rmge01-usasm:8003652c	0x8003652C	16	true	RlVOXzgwMDM2NTJj	CnZvaWQgRlVOXzgwMDM2NTJjKHVuZGVmaW5lZDQgKnBhcmFtXzEpCgp7CiAgKnBhcmFtXzEgPSAmREFUXzgwNTUyNWMwOwogIHJldHVybjsKfQoK	
urn:ure:smg:re_FunctionVariant:rmge01-usasm:8003653c	0x8003653C	16	true	RlVOXzgwMDM2NTNj	CnZvaWQgRlVOXzgwMDM2NTNjKHVuZGVmaW5lZDQgKnBhcmFtXzEpCgp7CiAgKnBhcmFtXzEgPSAmREFUXzgwNTUyNWIwOwogIHJldHVybjsKfQoK	
urn:ure:smg:re_FunctionVariant:rmge01-usasm:8003654c	0x8003654C	16	true	RlVOXzgwMDM2NTRj	CnZvaWQgRlVOXzgwMDM2NTRjKHVuZGVmaW5lZDQgKnBhcmFtXzEpCgp7CiAgKnBhcmFtXzEgPSAmREFUXzgwNTUyNWEwOwogIHJldHVybjsKfQoK	
urn:ure:smg:re_FunctionVariant:rmge01-usasm:8003655c	0x8003655C	16	true	RlVOXzgwMDM2NTVj	CnZvaWQgRlVOXzgwMDM2NTVjKHVuZGVmaW5lZDQgKnBhcmFtXzEpCgp7CiAgKnBhcmFtXzEgPSAmREFUXzgwNTUyNTkwOwogIHJldHVybjsKfQoK	
urn:ure:smg:re_FunctionVariant:rmge01-usasm:80036e60	0x80036E60	16	true	RlVOXzgwMDM2ZTYw	CnZvaWQgRlVOXzgwMDM2ZTYwKHVuZGVmaW5lZDQgKnBhcmFtXzEpCgp7CiAgKnBhcmFtXzEgPSAmREFUXzgwNTUyODRjOwogIHJldHVybjsKfQoK	
urn:ure:smg:re_FunctionVariant:rmge01-usasm:80036e70	0x80036E70	16	true	RlVOXzgwMDM2ZTcw	CnZvaWQgRlVOXzgwMDM2ZTcwKHVuZGVmaW5lZDQgKnBhcmFtXzEpCgp7CiAgKnBhcmFtXzEgPSAmREFUXzgwNTUyODNjOwogIHJldHVybjsKfQoK	
urn:ure:smg:re_FunctionVariant:rmge01-usasm:80036e80	0x80036E80	16	true	RlVOXzgwMDM2ZTgw	CnZvaWQgRlVOXzgwMDM2ZTgwKHVuZGVmaW5lZDQgKnBhcmFtXzEpCgp7CiAgKnBhcmFtXzEgPSAmREFUXzgwNTUyODJjOwogIHJldHVybjsKfQoK	
urn:ure:smg:re_FunctionVariant:rmge01-usasm:80036e90	0x80036E90	16	true	RlVOXzgwMDM2ZTkw	CnZvaWQgRlVOXzgwMDM2ZTkwKHVuZGVmaW5lZDQgKnBhcmFtXzEpCgp7CiAgKnBhcmFtXzEgPSAmREFUXzgwNTUyODFjOwogIHJldHVybjsKfQoK	
urn:ure:smg:re_FunctionVariant:rmge01-usasm:80036ea0	0x80036EA0	16	true	RlVOXzgwMDM2ZWEw	CnZvaWQgRlVOXzgwMDM2ZWEwKHVuZGVmaW5lZDQgKnBhcmFtXzEpCgp7CiAgKnBhcmFtXzEgPSAmREFUXzgwNTUyODBjOwogIHJldHVybjsKfQoK	
urn:ure:smg:re_FunctionVariant:rmge01-usasm:80036eb0	0x80036EB0	16	true	RlVOXzgwMDM2ZWIw	CnZvaWQgRlVOXzgwMDM2ZWIwKHVuZGVmaW5lZDQgKnBhcmFtXzEpCgp7CiAgKnBhcmFtXzEgPSAmREFUXzgwNTUyN2ZjOwogIHJldHVybjsKfQoK	
urn:ure:smg:re_FunctionVariant:rmge01-usasm:80036ec0	0x80036EC0	16	true	RlVOXzgwMDM2ZWMw	CnZvaWQgRlVOXzgwMDM2ZWMwKHVuZGVmaW5lZDQgKnBhcmFtXzEpCgp7CiAgKnBhcmFtXzEgPSAmREFUXzgwNTUyN2VjOwogIHJldHVybjsKfQoK	
urn:ure:smg:re_FunctionVariant:rmge01-usasm:800387c0	0x800387C0	16	true	RlVOXzgwMDM4N2Mw	CnZvaWQgRlVOXzgwMDM4N2MwKHVuZGVmaW5lZDQgcGFyYW1fMSkKCnsKICBpbnQgdW5hZmZfX3IxMzsKICAKICBGVU5fODAwMzg2NGMocGFyYW1fMSwmREFUXzgwNTUyYjVhLHVuYWZmX19yMTMgKyAtMHg2NmE0KTsKICByZXR1cm47Cn0KCg==	
urn:ure:smg:re_FunctionVariant:rmge01-usasm:800387d0	0x800387D0	16	true	RlVOXzgwMDM4N2Qw	CnZvaWQgRlVOXzgwMDM4N2QwKHVuZGVmaW5lZDQgcGFyYW1fMSkKCnsKICBpbnQgdW5hZmZfX3IxMzsKICAKICBGVU5fODAwMzg2NGMocGFyYW1fMSwmREFUXzgwNTUyYjcyLHVuYWZmX19yMTMgKyAtMHg2Njk0KTsKICByZXR1cm47Cn0KCg==	
urn:ure:smg:re_FunctionVariant:rmge01-usasm:800387e0	0x800387E0	16	true	RlVOXzgwMDM4N2Uw	CnZvaWQgRlVOXzgwMDM4N2UwKHVuZGVmaW5lZDQgcGFyYW1fMSkKCnsKICBpbnQgdW5hZmZfX3IxMzsKICAKICBGVU5fODAwMzg2NGMocGFyYW1fMSwmREFUXzgwNTUyYjhhLHVuYWZmX19yMTMgKyAtMHg2NmEwKTsKICByZXR1cm47Cn0KCg==	
urn:ure:smg:re_FunctionVariant:rmge01-usasm:80039418	0x80039418	16	true	RlVOXzgwMDM5NDE4	CnZvaWQgRlVOXzgwMDM5NDE4KHVuZGVmaW5lZDQgKnBhcmFtXzEpCgp7CiAgKnBhcmFtXzEgPSAmREFUXzgwNTUyZTEwOwogIHJldHVybjsKfQoK	
urn:ure:smg:re_FunctionVariant:rmge01-usasm:80039428	0x80039428	16	true	RlVOXzgwMDM5NDI4	CnZvaWQgRlVOXzgwMDM5NDI4KHVuZGVmaW5lZDQgKnBhcmFtXzEpCgp7CiAgKnBhcmFtXzEgPSAmREFUXzgwNTUyZTAwOwogIHJldHVybjsKfQoK	
urn:ure:smg:re_FunctionVariant:rmge01-usasm:80039438	0x80039438	16	true	RlVOXzgwMDM5NDM4	CnZvaWQgRlVOXzgwMDM5NDM4KHVuZGVmaW5lZDQgKnBhcmFtXzEpCgp7CiAgKnBhcmFtXzEgPSAmREFUXzgwNTUyZGYwOwogIHJldHVybjsKfQoK	
urn:ure:smg:re_FunctionVariant:rmge01-usasm:80039448	0x80039448	16	true	RlVOXzgwMDM5NDQ4	CnZvaWQgRlVOXzgwMDM5NDQ4KHVuZGVmaW5lZDQgKnBhcmFtXzEpCgp7CiAgKnBhcmFtXzEgPSAmREFUXzgwNTUyZGUwOwogIHJldHVybjsKfQoK	
urn:ure:smg:re_FunctionVariant:rmge01-usasm:80039458	0x80039458	16	true	RlVOXzgwMDM5NDU4	CnZvaWQgRlVOXzgwMDM5NDU4KHVuZGVmaW5lZDQgKnBhcmFtXzEpCgp7CiAgKnBhcmFtXzEgPSAmREFUXzgwNTUyZGQwOwogIHJldHVybjsKfQoK	
urn:ure:smg:re_FunctionVariant:rmge01-usasm:80039468	0x80039468	16	true	RlVOXzgwMDM5NDY4	CnZvaWQgRlVOXzgwMDM5NDY4KHVuZGVmaW5lZDQgKnBhcmFtXzEpCgp7CiAgKnBhcmFtXzEgPSAmREFUXzgwNTUyZGMwOwogIHJldHVybjsKfQoK	
urn:ure:smg:re_FunctionVariant:rmge01-usasm:80039478	0x80039478	16	true	RlVOXzgwMDM5NDc4	CnZvaWQgRlVOXzgwMDM5NDc4KHVuZGVmaW5lZDQgKnBhcmFtXzEpCgp7CiAgKnBhcmFtXzEgPSAmREFUXzgwNTUyZGIwOwogIHJldHVybjsKfQoK	
urn:ure:smg:re_FunctionVariant:rmge01-usasm:80039488	0x80039488	16	true	RlVOXzgwMDM5NDg4	CnZvaWQgRlVOXzgwMDM5NDg4KHVuZGVmaW5lZDQgKnBhcmFtXzEpCgp7CiAgKnBhcmFtXzEgPSAmREFUXzgwNTUyZGEwOwogIHJldHVybjsKfQoK	
urn:ure:smg:re_FunctionVariant:rmge01-usasm:80039868	0x80039868	16	true	RlVOXzgwMDM5ODY4	CnZvaWQgRlVOXzgwMDM5ODY4KHVuZGVmaW5lZDQgcGFyYW1fMSx1bmRlZmluZWQ0IHBhcmFtXzIpCgp7CiAgRlVOXzgwM2Y0YTA0KHBhcmFtXzIscGFyYW1fMSk7CiAgcmV0dXJuOwp9Cgo=	
urn:ure:smg:re_FunctionVariant:rmge01-usasm:80039f8c	0x80039F8C	16	true	RlVOXzgwMDM5Zjhj	CnZvaWQgRlVOXzgwMDM5ZjhjKHVuZGVmaW5lZDQgKnBhcmFtXzEpCgp7CiAgKnBhcmFtXzEgPSAmREFUXzgwNTUyZjdjOwogIHJldHVybjsKfQoK	
urn:ure:smg:re_FunctionVariant:rmge01-usasm:80039f9c	0x80039F9C	16	true	RlVOXzgwMDM5Zjlj	CnZvaWQgRlVOXzgwMDM5ZjljKHVuZGVmaW5lZDQgKnBhcmFtXzEpCgp7CiAgKnBhcmFtXzEgPSAmREFUXzgwNTUyZjZjOwogIHJldHVybjsKfQoK	
