current_va	current_hash	server_va	server_size	server_symbol	server_object	server_family_id	server_variant_id
0x0041CCB0	dbb94cc1b5eaa0c4b6b2aeee80b6210f564841977250dadccb1b8676f882c352	0x007b5fa0	13	??0XAnimClientNotifyList@@QAE@XZ	xanim_clientnotify.obj	urn:ure:t6:re_FunctionFamily:urn_ure_t6_core_Project_black-ops-2_fd2705692f16c05f_re_Function_msvc-public_0XAnimClientNotifyList_QAE_XZ:8eb75cdd4d8f8def	urn:ure:t6:re_FunctionVariant:urn_ure_t6_re_FunctionFamily_urn_ure_t6_core_Project_black-ops-2_fd2705692f16c05f_re_Function_msvc-public_0XAnimClientNotifyList_QAE_XZ_8eb75cdd4d8f8def_build_urn_ure_t6_re_Build_urn_ure_t6_core_Project_black-ops-2_fd2705692f16c05f_pc-server-2013-03-11_4ee9a1fac7aa9195:68badc089b08994a
0x00421740	4c8fcfa9a41c529197887869adc1bd1aca367e8d0c9d06c93ad343f9d0313a02	0x0085f820	174	?Actor_ClearMoveHistory@@YIXPAUactor_t@@@Z	actor.obj	urn:ure:t6:re_FunctionFamily:urn_ure_t6_core_Project_black-ops-2_fd2705692f16c05f_re_Function_msvc-public_Actor_ClearMoveHistory_YIXPAUactor_t_Z:23e59c15956c5953	urn:ure:t6:re_FunctionVariant:urn_ure_t6_re_FunctionFamily_urn_ure_t6_core_Project_black-ops-2_fd2705692f16c05f_re_Function_msvc-public_Actor_ClearMoveHistory_YIXPAUactor_t_Z_23e59c15956c5953_build_urn_ure_t6_re_Build_urn_ure_t6_core_Project_black-ops-2_fd2705692f16c05f_pc-server-2013-03-11_4ee9a1fac7aa9195:3c04150ee8607c86
0x00471440	b73d3a867a6a7351d51860e4dcc06cb1827d6ca2c960ebdc6626877dcd571e05	0x00704520	116	?compare@?$char_traits@D@std@@SAHPBD0I@Z	stringed_ingame.obj	urn:ure:t6:re_FunctionFamily:urn_ure_t6_core_Project_black-ops-2_fd2705692f16c05f_re_Function_msvc-public_compare_char_traits_D_std_SAHPBD0I_Z:4f3c58dd903363eb	urn:ure:t6:re_FunctionVariant:urn_ure_t6_re_FunctionFamily_urn_ure_t6_core_Project_black-ops-2_fd2705692f16c05f_re_Function_msvc-public_compare_char_traits_D_std_SAHPBD0I_Z_4f3c58dd903363eb_build_urn_ure_t6_re_Build_urn_ure_t6_core_Project_black-ops-2_fd2705692f16c05f_pc-server-2013-03-11_4ee9a1fac7aa9195:87d75988f73a8e5b
0x0047E340	d50696f48a849f342a49cabfc22958ca49fe7c1ab320fb5ef2e62b77e6b30ce4	0x007c3140	74	_inflateEnd	inflate.obj	urn:ure:t6:re_FunctionFamily:urn_ure_t6_core_Project_black-ops-2_fd2705692f16c05f_re_Function_msvc-public__inflateEnd:a93af726611b4f27	urn:ure:t6:re_FunctionVariant:urn_ure_t6_re_FunctionFamily_urn_ure_t6_core_Project_black-ops-2_fd2705692f16c05f_re_Function_msvc-public__inflateEnd_a93af726611b4f27_build_urn_ure_t6_re_Build_urn_ure_t6_core_Project_black-ops-2_fd2705692f16c05f_pc-server-2013-03-11_4ee9a1fac7aa9195:d7be6a7fff876abd
0x0047ECF0	a12105dadf900d3f68fafc40df9cc020ec751c860eaaafea29a6f4874e5574ea	0x006a4360	39	??0col_context_t@@QAE@XZ	cm_trace.obj	urn:ure:t6:re_FunctionFamily:urn_ure_t6_core_Project_black-ops-2_fd2705692f16c05f_re_Function_msvc-public_0col_context_t_QAE_XZ:7d4bcd5b76075388	urn:ure:t6:re_FunctionVariant:urn_ure_t6_re_FunctionFamily_urn_ure_t6_core_Project_black-ops-2_fd2705692f16c05f_re_Function_msvc-public_0col_context_t_QAE_XZ_7d4bcd5b76075388_build_urn_ure_t6_re_Build_urn_ure_t6_core_Project_black-ops-2_fd2705692f16c05f_pc-server-2013-03-11_4ee9a1fac7aa9195:9e9bee18cfb0654a
0x004BF150	498ae274f25c2d11d38e6fc3eb21ff621bbfe67b819527b9a4901c21ba0ab139	0x0069e3e0	11	?c_str@?$basic_string@DU?$char_traits@D@std@@V?$allocator@D@2@@std@@QBEPBDXZ	cm_load_obj.obj	urn:ure:t6:re_FunctionFamily:urn_ure_t6_core_Project_black-ops-2_fd2705692f16c05f_re_Function_msvc-public_c_str_basic_string_DU_char_traits_D_std_V_allocator_D_2_std_QBEPBDXZ:ec16c9b671d4473b	urn:ure:t6:re_FunctionVariant:urn_ure_t6_re_FunctionFamily_urn_ure_t6_core_Project_black-ops-2_fd2705692f16c05f_re_Function_msvc-public_c_str_basic_string_DU_char_traits_D_std_V_allocator_D_2_std_QBEPBDXZ_ec16c9b671d4473b_build_urn_ure_t6_re_Build_urn_ure_t6_core_Project_black-ops-2_fd2705692f16c05f_pc-server-2013-03-11_4ee9a1fac7aa9195:156189dfab5a38e6
0x004C9190	188a51c0d0aae4cac9826c034564d7f0738413e2b6eec4b162b6244e29743df8	0x005fed80	42	?get_prev_origin@mover_info_t@@QBEABTvec3_t@@XZ	g_mover.obj	urn:ure:t6:re_FunctionFamily:urn_ure_t6_core_Project_black-ops-2_fd2705692f16c05f_re_Function_msvc-public_get_prev_origin_mover_info_t_QBEABTvec3_t_XZ:7724199d7867dc7e	urn:ure:t6:re_FunctionVariant:urn_ure_t6_re_FunctionFamily_urn_ure_t6_core_Project_black-ops-2_fd2705692f16c05f_re_Function_msvc-public_get_prev_origin_mover_info_t_QBEABTvec3_t_XZ_7724199d7867dc7e_build_urn_ure_t6_re_Build_urn_ure_t6_core_Project_black-ops-2_fd2705692f16c05f_pc-server-2013-03-11_4ee9a1fac7aa9195:26786cd1b99dd0c9
0x004E7280	96b243f4625e4c41bb5dadf7d273f573f33f1dd527dc7f9e046f10bd97d41995	0x007c1fd0	93	_inflateReset	inflate.obj	urn:ure:t6:re_FunctionFamily:urn_ure_t6_core_Project_black-ops-2_fd2705692f16c05f_re_Function_msvc-public__inflateReset:5ae7d81c6e229b7b	urn:ure:t6:re_FunctionVariant:urn_ure_t6_re_FunctionFamily_urn_ure_t6_core_Project_black-ops-2_fd2705692f16c05f_re_Function_msvc-public__inflateReset_5ae7d81c6e229b7b_build_urn_ure_t6_re_Build_urn_ure_t6_core_Project_black-ops-2_fd2705692f16c05f_pc-server-2013-03-11_4ee9a1fac7aa9195:51791823e718cf0d
0x004F5630	5b953c268efc4eada0d96769aa76257556ef4020bdfcb57d30be570eda2558ee	0x007c59b0	25	_unztell	unzip.obj	urn:ure:t6:re_FunctionFamily:urn_ure_t6_core_Project_black-ops-2_fd2705692f16c05f_re_Function_msvc-public__unztell:a4fcd2cfb1faff3c	urn:ure:t6:re_FunctionVariant:urn_ure_t6_re_FunctionFamily_urn_ure_t6_core_Project_black-ops-2_fd2705692f16c05f_re_Function_msvc-public__unztell_a4fcd2cfb1faff3c_build_urn_ure_t6_re_Build_urn_ure_t6_core_Project_black-ops-2_fd2705692f16c05f_pc-server-2013-03-11_4ee9a1fac7aa9195:15e338bbd18a8101
0x0050B1F0	ebbcdd7c6b2b5a73d11abd4d5dafcb4d21ede966b7ac1e6b5b73d5bb9691cadc	0x00770890	98	?Reinit@cCurve@@QAEXXZ	curve.obj	urn:ure:t6:re_FunctionFamily:urn_ure_t6_core_Project_black-ops-2_fd2705692f16c05f_re_Function_msvc-public_Reinit_cCurve_QAEXXZ:04e139a879086bff	urn:ure:t6:re_FunctionVariant:urn_ure_t6_re_FunctionFamily_urn_ure_t6_core_Project_black-ops-2_fd2705692f16c05f_re_Function_msvc-public_Reinit_cCurve_QAEXXZ_04e139a879086bff_build_urn_ure_t6_re_Build_urn_ure_t6_core_Project_black-ops-2_fd2705692f16c05f_pc-server-2013-03-11_4ee9a1fac7aa9195:caf519d55498e6f3
0x00565F20	77e4142ad014718efa45461bcda9384bac26cc1a90971fec9ecd5fd33b4c3676	0x007e1480	108	?mt_allocate_internal@phys_transient_allocator@@AAEPAXHH@Z	phys_collision.obj	urn:ure:t6:re_FunctionFamily:urn_ure_t6_core_Project_black-ops-2_fd2705692f16c05f_re_Function_msvc-public_mt_allocate_internal_phys_transient_allocator_AAEPAXHH_Z:755e3b58f41338c1	urn:ure:t6:re_FunctionVariant:urn_ure_t6_re_FunctionFamily_urn_ure_t6_core_Project_black-ops-2_fd2705692f16c05f_re_Function_msvc-public_mt_allocate_internal_phys_transient_allocator_AAEPAXHH_Z_755e3b58f41338c1_build_urn_ure_t6_re_Build_urn_ure_t6_core_Project_black-ops-2_fd2705692f16c05f_pc-server-2013-03-11_4ee9a1fac7aa9195:40878640cb0044f0
0x0056F580	f32fa887157fa1a2ee4b51e85c99224cf94f7ed6cf74ed7ff5cdc56421a4d330	0x0085f650	15	?Actor_ClearPileUp@@YIXPAUactor_t@@@Z	actor.obj	urn:ure:t6:re_FunctionFamily:urn_ure_t6_core_Project_black-ops-2_fd2705692f16c05f_re_Function_msvc-public_Actor_ClearPileUp_YIXPAUactor_t_Z:b099c0d2081abae8	urn:ure:t6:re_FunctionVariant:urn_ure_t6_re_FunctionFamily_urn_ure_t6_core_Project_black-ops-2_fd2705692f16c05f_re_Function_msvc-public_Actor_ClearPileUp_YIXPAUactor_t_Z_b099c0d2081abae8_build_urn_ure_t6_re_Build_urn_ure_t6_core_Project_black-ops-2_fd2705692f16c05f_pc-server-2013-03-11_4ee9a1fac7aa9195:4d2c5fbbce3345e0
0x005731D0	441f9e6a4cc8dbc2911cb833d949abf3a8143da338d7ed3b168339a954d9b78a	0x00886a30	88	?Actor_ClearScriptOrient@@YIXPAUactor_t@@@Z	actor_orientation.obj	urn:ure:t6:re_FunctionFamily:urn_ure_t6_core_Project_black-ops-2_fd2705692f16c05f_re_Function_msvc-public_Actor_ClearScriptOrient_YIXPAUactor_t_Z:fb2b6babf78ef990	urn:ure:t6:re_FunctionVariant:urn_ure_t6_re_FunctionFamily_urn_ure_t6_core_Project_black-ops-2_fd2705692f16c05f_re_Function_msvc-public_Actor_ClearScriptOrient_YIXPAUactor_t_Z_fb2b6babf78ef990_build_urn_ure_t6_re_Build_urn_ure_t6_core_Project_black-ops-2_fd2705692f16c05f_pc-server-2013-03-11_4ee9a1fac7aa9195:aeee484c38c808be
0x0057A2D0	720751c58364980f624f7dc373d7fa1cc605edf3aa19481778b209e6df66f9b1	0x00439750	20	?anyBitsOn@?$bitarray@$0EA@@@QBE_NXZ	cg_draw_mp.obj	urn:ure:t6:re_FunctionFamily:urn_ure_t6_core_Project_black-ops-2_fd2705692f16c05f_re_Function_msvc-public_anyBitsOn_bitarray_0EA_QBE_NXZ:f3c420ec24e6c495	urn:ure:t6:re_FunctionVariant:urn_ure_t6_re_FunctionFamily_urn_ure_t6_core_Project_black-ops-2_fd2705692f16c05f_re_Function_msvc-public_anyBitsOn_bitarray_0EA_QBE_NXZ_f3c420ec24e6c495_build_urn_ure_t6_re_Build_urn_ure_t6_core_Project_black-ops-2_fd2705692f16c05f_pc-server-2013-03-11_4ee9a1fac7aa9195:04ce336dfbc7ce43
0x0058DC00	d1d06a20c0ccc5ac6ca81962868327769fd0dc99fb22da9c7fd7160c8507782c	0x00892ad0	11	?Actor_TeamMoveBlockedClear@@YIXPAUactor_t@@@Z	actor_team_move.obj	urn:ure:t6:re_FunctionFamily:urn_ure_t6_core_Project_black-ops-2_fd2705692f16c05f_re_Function_msvc-public_Actor_TeamMoveBlockedClear_YIXPAUactor_t_Z:102d947f8dd03ebe	urn:ure:t6:re_FunctionVariant:urn_ure_t6_re_FunctionFamily_urn_ure_t6_core_Project_black-ops-2_fd2705692f16c05f_re_Function_msvc-public_Actor_TeamMoveBlockedClear_YIXPAUactor_t_Z_102d947f8dd03ebe_build_urn_ure_t6_re_Build_urn_ure_t6_core_Project_black-ops-2_fd2705692f16c05f_pc-server-2013-03-11_4ee9a1fac7aa9195:56743ba7e22dab7b
0x0059EE50	23334c82ef0133c65cc0394d318a2637276496cb9b99f6dd580d0ee4f6c9e7b5	0x007daa80	6	?get_type@gjk_obb_t@@UBE?BIXZ	phys_colgeom.obj	urn:ure:t6:re_FunctionFamily:urn_ure_t6_core_Project_black-ops-2_fd2705692f16c05f_re_Function_msvc-public_get_type_gjk_obb_t_UBE_BIXZ:19315da53ac1b7a4	urn:ure:t6:re_FunctionVariant:urn_ure_t6_re_FunctionFamily_urn_ure_t6_core_Project_black-ops-2_fd2705692f16c05f_re_Function_msvc-public_get_type_gjk_obb_t_UBE_BIXZ_19315da53ac1b7a4_build_urn_ure_t6_re_Build_urn_ure_t6_core_Project_black-ops-2_fd2705692f16c05f_pc-server-2013-03-11_4ee9a1fac7aa9195:7f44c3de6152f8bf
0x005CA940	c339d5a0aff80ff730aa14b3c167d9820326d8cd310ab6350b8059ca056df731	0x00860770	16	?Actor_IsMoving@@YI_NPAUactor_t@@@Z	actor.obj	urn:ure:t6:re_FunctionFamily:urn_ure_t6_core_Project_black-ops-2_fd2705692f16c05f_re_Function_msvc-public_Actor_IsMoving_YI_NPAUactor_t_Z:975e9b445490fddc	urn:ure:t6:re_FunctionVariant:urn_ure_t6_re_FunctionFamily_urn_ure_t6_core_Project_black-ops-2_fd2705692f16c05f_re_Function_msvc-public_Actor_IsMoving_YI_NPAUactor_t_Z_975e9b445490fddc_build_urn_ure_t6_re_Build_urn_ure_t6_core_Project_black-ops-2_fd2705692f16c05f_pc-server-2013-03-11_4ee9a1fac7aa9195:5476c5cbedb199e1
0x005CE1F0	c35bd96fbf191e6779160d5bb17c1c61d2e9b373ceb0ea850b0f0f7feb9c2efa	0x005fedb0	44	?get_prev_angles@mover_info_t@@QBEABTvec3_t@@XZ	g_mover.obj	urn:ure:t6:re_FunctionFamily:urn_ure_t6_core_Project_black-ops-2_fd2705692f16c05f_re_Function_msvc-public_get_prev_angles_mover_info_t_QBEABTvec3_t_XZ:6cf44e192b544c79	urn:ure:t6:re_FunctionVariant:urn_ure_t6_re_FunctionFamily_urn_ure_t6_core_Project_black-ops-2_fd2705692f16c05f_re_Function_msvc-public_get_prev_angles_mover_info_t_QBEABTvec3_t_XZ_6cf44e192b544c79_build_urn_ure_t6_re_Build_urn_ure_t6_core_Project_black-ops-2_fd2705692f16c05f_pc-server-2013-03-11_4ee9a1fac7aa9195:d76be60869d6f128
0x005F2550	1b54ce3f688e910b31ed9bd7beceba1f965b2868c748defecc89f24a8326bcc9	0x008f1eb0	86	??0?$StaticFixedSizeAllocator@UTempPackedOutline@@$0BFO@@@QAE@XZ	glass_client.obj	urn:ure:t6:re_FunctionFamily:urn_ure_t6_core_Project_black-ops-2_fd2705692f16c05f_re_Function_msvc-public_0_StaticFixedSizeAllocator_UTempPackedOutline_0BFO_QAE_XZ:77e9f3b90becab59	urn:ure:t6:re_FunctionVariant:urn_ure_t6_re_FunctionFamily_urn_ure_t6_core_Project_black-ops-2_fd2705692f16c05f_re_Function_msvc-public_0_StaticFixedSizeAllocator_UTempPackedOutline_0BFO_QAE_XZ_77e9f3b90becab59_build_urn_ure_t6_re_Build_urn_ure_t6_core_Project_black-ops-2_fd2705692f16c05f_pc-server-2013-03-11_4ee9a1fac7aa9195:71a7762289118525
0x00622F10	5a4e9f2f29ef413b42f58cb26166a47a590683a517f2a42416ec93097b1112cf	0x00536d00	47	_SHA1_Init	db_auth_sha1.obj	urn:ure:t6:re_FunctionFamily:urn_ure_t6_core_Project_black-ops-2_fd2705692f16c05f_re_Function_msvc-public__SHA1_Init:2ef27abb9137c513	urn:ure:t6:re_FunctionVariant:urn_ure_t6_re_FunctionFamily_urn_ure_t6_core_Project_black-ops-2_fd2705692f16c05f_re_Function_msvc-public__SHA1_Init_2ef27abb9137c513_build_urn_ure_t6_re_Build_urn_ure_t6_core_Project_black-ops-2_fd2705692f16c05f_pc-server-2013-03-11_4ee9a1fac7aa9195:c64fbff62a721a2f
0x00694A70	f7ead4a9cd8f8c69ed13e9121ff0e88425f129df0ba4b0649bc10ef7af78e6ea	0x00945c80	20	?PM_SetProneMovementOverride@@YAXPAUplayerState_s@@@Z	bg_pmove.obj	urn:ure:t6:re_FunctionFamily:urn_ure_t6_core_Project_black-ops-2_fd2705692f16c05f_re_Function_msvc-public_PM_SetProneMovementOverride_YAXPAUplayerState_s_Z:0d87ebaab9e440ca	urn:ure:t6:re_FunctionVariant:urn_ure_t6_re_FunctionFamily_urn_ure_t6_core_Project_black-ops-2_fd2705692f16c05f_re_Function_msvc-public_PM_SetProneMovementOverride_YAXPAUplayerState_s_Z_0d87ebaab9e440ca_build_urn_ure_t6_re_Build_urn_ure_t6_core_Project_black-ops-2_fd2705692f16c05f_pc-server-2013-03-11_4ee9a1fac7aa9195:55d685b0a2cc2ebc
0x006F9E20	75f533bd3e59de2588c8f1901e45a3eea6688bc16b7ecaf3dcaf4d49cf4f3d49	0x008e2db0	6	?Session_GetQosPayloadBufferSize@@YAHXZ	live_sessions.obj	urn:ure:t6:re_FunctionFamily:urn_ure_t6_core_Project_black-ops-2_fd2705692f16c05f_re_Function_msvc-public_Session_GetQosPayloadBufferSize_YAHXZ:a81c79383bea3011	urn:ure:t6:re_FunctionVariant:urn_ure_t6_re_FunctionFamily_urn_ure_t6_core_Project_black-ops-2_fd2705692f16c05f_re_Function_msvc-public_Session_GetQosPayloadBufferSize_YAHXZ_a81c79383bea3011_build_urn_ure_t6_re_Build_urn_ure_t6_core_Project_black-ops-2_fd2705692f16c05f_pc-server-2013-03-11_4ee9a1fac7aa9195:926b3bfe668de1df
0x00713420	192c0ca4d58e18b5ec5b74fd8f2a513f9315fc663124b4fe9496e93986a6d150	0x00a72aa0	198	_lzopro_lzo1x_1_11_compress	gfx_d3d:minilzo.obj	urn:ure:t6:re_FunctionFamily:urn_ure_t6_core_Project_black-ops-2_fd2705692f16c05f_re_Function_msvc-public__lzopro_lzo1x_1_11_compress:4eebfc732444db61	urn:ure:t6:re_FunctionVariant:urn_ure_t6_re_FunctionFamily_urn_ure_t6_core_Project_black-ops-2_fd2705692f16c05f_re_Function_msvc-public__lzopro_lzo1x_1_11_compress_4eebfc732444db61_build_urn_ure_t6_re_Build_urn_ure_t6_core_Project_black-ops-2_fd2705692f16c05f_pc-server-2013-03-11_4ee9a1fac7aa9195:4aeaa39891d5c050
0x00A07C20	9b2c52e71f7d9c64dc982bc772afe21cbd513fac40bb261101d6169541d2a3b7	0x0098f3d0	9	?outer_epilog_update@rigid_body_constraint_distance@@QAEXM@Z	phys_pcr:rbc_def_generic.o	urn:ure:t6:re_FunctionFamily:urn_ure_t6_core_Project_black-ops-2_fd2705692f16c05f_re_Function_msvc-public_outer_epilog_update_rigid_body_constraint_distance_QAEXM_Z:36e70ff694a88d85	urn:ure:t6:re_FunctionVariant:urn_ure_t6_re_FunctionFamily_urn_ure_t6_core_Project_black-ops-2_fd2705692f16c05f_re_Function_msvc-public_outer_epilog_update_rigid_body_constraint_distance_QAEXM_Z_36e70ff694a88d85_build_urn_ure_t6_re_Build_urn_ure_t6_core_Project_black-ops-2_fd2705692f16c05f_pc-server-2013-03-11_4ee9a1fac7aa9195:75808dc3249ab123
0x00A07D50	4b16fc51ea9f841504870084fa733c008ea0d2647eaab5ad7d2d537b00c25b6e	0x0098f530	84	?outer_epilog_update@rigid_body_constraint_angular_actuator@@QAEXM@Z	phys_pcr:rbc_def_generic.o	urn:ure:t6:re_FunctionFamily:urn_ure_t6_core_Project_black-ops-2_fd2705692f16c05f_re_Function_msvc-public_outer_epilog_update_rigid_body_constraint_angular_actuator_QAEXM_Z:44214cd2dd35b3fc	urn:ure:t6:re_FunctionVariant:urn_ure_t6_re_FunctionFamily_urn_ure_t6_core_Project_black-ops-2_fd2705692f16c05f_re_Function_msvc-public_outer_epilog_update_rigid_body_constraint_angular_actuator_QAEXM_Z_44214cd2dd35b3fc_build_urn_ure_t6_re_Build_urn_ure_t6_core_Project_black-ops-2_fd2705692f16c05f_pc-server-2013-03-11_4ee9a1fac7aa9195:99c71deb7cbddfbd
0x00A1D670	2c04864ad5a3da89c133b4848754ffb807f3d0502984f089f6d6e1e5a518901e	0x009ab610	17	_speex_encoder_init	libspeex:speex.obj	urn:ure:t6:re_FunctionFamily:urn_ure_t6_core_Project_black-ops-2_fd2705692f16c05f_re_Function_msvc-public__speex_encoder_init:cd139f8774d80906	urn:ure:t6:re_FunctionVariant:urn_ure_t6_re_FunctionFamily_urn_ure_t6_core_Project_black-ops-2_fd2705692f16c05f_re_Function_msvc-public__speex_encoder_init_cd139f8774d80906_build_urn_ure_t6_re_Build_urn_ure_t6_core_Project_black-ops-2_fd2705692f16c05f_pc-server-2013-03-11_4ee9a1fac7aa9195:2d72854c7a716bc3
0x00A1D690	eba1794bb22bfcd6282170eb806eda1ea63475e2901c205e3b5bc6d08f8d05d1	0x009ab630	17	_speex_decoder_init	libspeex:speex.obj	urn:ure:t6:re_FunctionFamily:urn_ure_t6_core_Project_black-ops-2_fd2705692f16c05f_re_Function_msvc-public__speex_decoder_init:5d514dea18a2ce3d	urn:ure:t6:re_FunctionVariant:urn_ure_t6_re_FunctionFamily_urn_ure_t6_core_Project_black-ops-2_fd2705692f16c05f_re_Function_msvc-public__speex_decoder_init_5d514dea18a2ce3d_build_urn_ure_t6_re_Build_urn_ure_t6_core_Project_black-ops-2_fd2705692f16c05f_pc-server-2013-03-11_4ee9a1fac7aa9195:6c77d0bd9161662e
0x00A1D6B0	7018cf0f92319c924baf8c82f6f9c7051c18f7da22466701dfc864bab376493e	0x009ab650	19	_speex_encoder_destroy	libspeex:speex.obj	urn:ure:t6:re_FunctionFamily:urn_ure_t6_core_Project_black-ops-2_fd2705692f16c05f_re_Function_msvc-public__speex_encoder_destroy:9addf42a0c0405b0	urn:ure:t6:re_FunctionVariant:urn_ure_t6_re_FunctionFamily_urn_ure_t6_core_Project_black-ops-2_fd2705692f16c05f_re_Function_msvc-public__speex_encoder_destroy_9addf42a0c0405b0_build_urn_ure_t6_re_Build_urn_ure_t6_core_Project_black-ops-2_fd2705692f16c05f_pc-server-2013-03-11_4ee9a1fac7aa9195:fd6ec5c7e2bc9b1c
0x00A1D6D0	5def9d5bec8bc3a3d284214994194173c9e19b3631616276406fe2c131b3a808	0x009ab670	19	_speex_decoder_destroy	libspeex:speex.obj	urn:ure:t6:re_FunctionFamily:urn_ure_t6_core_Project_black-ops-2_fd2705692f16c05f_re_Function_msvc-public__speex_decoder_destroy:2f3ca351f6b06e8e	urn:ure:t6:re_FunctionVariant:urn_ure_t6_re_FunctionFamily_urn_ure_t6_core_Project_black-ops-2_fd2705692f16c05f_re_Function_msvc-public__speex_decoder_destroy_2f3ca351f6b06e8e_build_urn_ure_t6_re_Build_urn_ure_t6_core_Project_black-ops-2_fd2705692f16c05f_pc-server-2013-03-11_4ee9a1fac7aa9195:76af8776b5efdf17
0x00A1D770	939e416d11841cd255291ae1e0895bcb41efff46401d89589c2f6db7492ea316	0x009ab710	27	_speex_encoder_ctl	libspeex:speex.obj	urn:ure:t6:re_FunctionFamily:urn_ure_t6_core_Project_black-ops-2_fd2705692f16c05f_re_Function_msvc-public__speex_encoder_ctl:3e1165b8a6cca388	urn:ure:t6:re_FunctionVariant:urn_ure_t6_re_FunctionFamily_urn_ure_t6_core_Project_black-ops-2_fd2705692f16c05f_re_Function_msvc-public__speex_encoder_ctl_3e1165b8a6cca388_build_urn_ure_t6_re_Build_urn_ure_t6_core_Project_black-ops-2_fd2705692f16c05f_pc-server-2013-03-11_4ee9a1fac7aa9195:1d27f04ebea96243
0x00A1D790	d5d942a707c908bcaa26cf3f168afeb4636d69fe7eb6e1f737059b0b51ae65fa	0x009ab730	27	_speex_decoder_ctl	libspeex:speex.obj	urn:ure:t6:re_FunctionFamily:urn_ure_t6_core_Project_black-ops-2_fd2705692f16c05f_re_Function_msvc-public__speex_decoder_ctl:89851b193aa42adb	urn:ure:t6:re_FunctionVariant:urn_ure_t6_re_FunctionFamily_urn_ure_t6_core_Project_black-ops-2_fd2705692f16c05f_re_Function_msvc-public__speex_decoder_ctl_89851b193aa42adb_build_urn_ure_t6_re_Build_urn_ure_t6_core_Project_black-ops-2_fd2705692f16c05f_pc-server-2013-03-11_4ee9a1fac7aa9195:303c33b99d66232f
0x00A1DAC0	c393dac25769b8b610c1ae9d3a793bd1299ff101e26b33f140e3586a4b59e4b6	0x009aba60	38	_speex_bits_init_buffer	libspeex:bits.obj	urn:ure:t6:re_FunctionFamily:urn_ure_t6_core_Project_black-ops-2_fd2705692f16c05f_re_Function_msvc-public__speex_bits_init_buffer:0853fa7e2a139a32	urn:ure:t6:re_FunctionVariant:urn_ure_t6_re_FunctionFamily_urn_ure_t6_core_Project_black-ops-2_fd2705692f16c05f_re_Function_msvc-public__speex_bits_init_buffer_0853fa7e2a139a32_build_urn_ure_t6_re_Build_urn_ure_t6_core_Project_black-ops-2_fd2705692f16c05f_pc-server-2013-03-11_4ee9a1fac7aa9195:adbe4ddbf45828c4
0x00A1DB10	d59af502a14cc82eb6e7bdfb5edb516dc60227059cf4148b6dddd7e189a3f1e3	0x009abab0	26	_speex_bits_reset	libspeex:bits.obj	urn:ure:t6:re_FunctionFamily:urn_ure_t6_core_Project_black-ops-2_fd2705692f16c05f_re_Function_msvc-public__speex_bits_reset:fb68d2c262f7bd86	urn:ure:t6:re_FunctionVariant:urn_ure_t6_re_FunctionFamily_urn_ure_t6_core_Project_black-ops-2_fd2705692f16c05f_re_Function_msvc-public__speex_bits_reset_fb68d2c262f7bd86_build_urn_ure_t6_re_Build_urn_ure_t6_core_Project_black-ops-2_fd2705692f16c05f_pc-server-2013-03-11_4ee9a1fac7aa9195:bc9fd342c900a697
0x00A1DB30	a9d95e0b3de21d66bccdb224bec5903ed123644cfb040476a217063f4e483bdb	0x009abad0	19	_speex_bits_rewind	libspeex:bits.obj	urn:ure:t6:re_FunctionFamily:urn_ure_t6_core_Project_black-ops-2_fd2705692f16c05f_re_Function_msvc-public__speex_bits_rewind:2414964acda2fc39	urn:ure:t6:re_FunctionVariant:urn_ure_t6_re_FunctionFamily_urn_ure_t6_core_Project_black-ops-2_fd2705692f16c05f_re_Function_msvc-public__speex_bits_rewind_2414964acda2fc39_build_urn_ure_t6_re_Build_urn_ure_t6_core_Project_black-ops-2_fd2705692f16c05f_pc-server-2013-03-11_4ee9a1fac7aa9195:316a4fe34d386899
0x00A1DCF0	5b46aaafc6f0e6e67430a1f3f4bfc6d3333b9fb53fc7da31651db867e3cd66f8	0x009abc90	114	_speex_bits_write_whole_bytes	libspeex:bits.obj	urn:ure:t6:re_FunctionFamily:urn_ure_t6_core_Project_black-ops-2_fd2705692f16c05f_re_Function_msvc-public__speex_bits_write_whole_bytes:c9deae768764ecae	urn:ure:t6:re_FunctionVariant:urn_ure_t6_re_FunctionFamily_urn_ure_t6_core_Project_black-ops-2_fd2705692f16c05f_re_Function_msvc-public__speex_bits_write_whole_bytes_c9deae768764ecae_build_urn_ure_t6_re_Build_urn_ure_t6_core_Project_black-ops-2_fd2705692f16c05f_pc-server-2013-03-11_4ee9a1fac7aa9195:6ffa671a2dec4e61
0x00A1DE50	d473b7d96eff751f323de262d20a47398d3653799d8491e8d7e453efa4ae61c5	0x009abdf0	103	_speex_bits_unpack_unsigned	libspeex:bits.obj	urn:ure:t6:re_FunctionFamily:urn_ure_t6_core_Project_black-ops-2_fd2705692f16c05f_re_Function_msvc-public__speex_bits_unpack_unsigned:6f8b9bf216d4ccdb	urn:ure:t6:re_FunctionVariant:urn_ure_t6_re_FunctionFamily_urn_ure_t6_core_Project_black-ops-2_fd2705692f16c05f_re_Function_msvc-public__speex_bits_unpack_unsigned_6f8b9bf216d4ccdb_build_urn_ure_t6_re_Build_urn_ure_t6_core_Project_black-ops-2_fd2705692f16c05f_pc-server-2013-03-11_4ee9a1fac7aa9195:4546c760f7c3b843
0x00A1DEC0	784617743f6c521350d788f7d204dca8772bca8dbe90c42c9fccd01250333c47	0x009abe60	100	_speex_bits_peek_unsigned	libspeex:bits.obj	urn:ure:t6:re_FunctionFamily:urn_ure_t6_core_Project_black-ops-2_fd2705692f16c05f_re_Function_msvc-public__speex_bits_peek_unsigned:5c26ac0f2de88598	urn:ure:t6:re_FunctionVariant:urn_ure_t6_re_FunctionFamily_urn_ure_t6_core_Project_black-ops-2_fd2705692f16c05f_re_Function_msvc-public__speex_bits_peek_unsigned_5c26ac0f2de88598_build_urn_ure_t6_re_Build_urn_ure_t6_core_Project_black-ops-2_fd2705692f16c05f_pc-server-2013-03-11_4ee9a1fac7aa9195:496ee7d3a6a4e1d2
0x00A1DF30	6bcefb254e7f1995caff6f3b6bac7f8f5bd6895d54f8fab00c4ed818cd133147	0x009abed0	60	_speex_bits_peek	libspeex:bits.obj	urn:ure:t6:re_FunctionFamily:urn_ure_t6_core_Project_black-ops-2_fd2705692f16c05f_re_Function_msvc-public__speex_bits_peek:3c94ab04cbc201e7	urn:ure:t6:re_FunctionVariant:urn_ure_t6_re_FunctionFamily_urn_ure_t6_core_Project_black-ops-2_fd2705692f16c05f_re_Function_msvc-public__speex_bits_peek_3c94ab04cbc201e7_build_urn_ure_t6_re_Build_urn_ure_t6_core_Project_black-ops-2_fd2705692f16c05f_pc-server-2013-03-11_4ee9a1fac7aa9195:e9b20039d07fa2e4
0x00A1DF70	e94556468cbead752ab92f852cb974e6add84b40ca3a1188b61b94ca5902f065	0x009abf10	66	_speex_bits_advance	libspeex:bits.obj	urn:ure:t6:re_FunctionFamily:urn_ure_t6_core_Project_black-ops-2_fd2705692f16c05f_re_Function_msvc-public__speex_bits_advance:61be1ab54c1dad40	urn:ure:t6:re_FunctionVariant:urn_ure_t6_re_FunctionFamily_urn_ure_t6_core_Project_black-ops-2_fd2705692f16c05f_re_Function_msvc-public__speex_bits_advance_61be1ab54c1dad40_build_urn_ure_t6_re_Build_urn_ure_t6_core_Project_black-ops-2_fd2705692f16c05f_pc-server-2013-03-11_4ee9a1fac7aa9195:2797f2e0d2550712
0x00A1DFC0	620c159bc0a0d40b3770a95ca649ead38dd1d0c01286111c5d3c7598b824824c	0x009abf60	36	_speex_bits_remaining	libspeex:bits.obj	urn:ure:t6:re_FunctionFamily:urn_ure_t6_core_Project_black-ops-2_fd2705692f16c05f_re_Function_msvc-public__speex_bits_remaining:afd7e19a180f0534	urn:ure:t6:re_FunctionVariant:urn_ure_t6_re_FunctionFamily_urn_ure_t6_core_Project_black-ops-2_fd2705692f16c05f_re_Function_msvc-public__speex_bits_remaining_afd7e19a180f0534_build_urn_ure_t6_re_Build_urn_ure_t6_core_Project_black-ops-2_fd2705692f16c05f_pc-server-2013-03-11_4ee9a1fac7aa9195:28c2087fcf30e994
0x00A1DFF0	3fdcdff6ee8918bdf534e64b3e1aa3f6bd09d6807283d1ebef7f854ffdba715a	0x009abf90	17	_speex_bits_nbytes	libspeex:bits.obj	urn:ure:t6:re_FunctionFamily:urn_ure_t6_core_Project_black-ops-2_fd2705692f16c05f_re_Function_msvc-public__speex_bits_nbytes:640a868ed5acf075	urn:ure:t6:re_FunctionVariant:urn_ure_t6_re_FunctionFamily_urn_ure_t6_core_Project_black-ops-2_fd2705692f16c05f_re_Function_msvc-public__speex_bits_nbytes_640a868ed5acf075_build_urn_ure_t6_re_Build_urn_ure_t6_core_Project_black-ops-2_fd2705692f16c05f_pc-server-2013-03-11_4ee9a1fac7aa9195:834d9c94f1a5061a
0x00A1E010	8cb6037c8b13a5a86bd61ef0e4cc3711f6f7816db7ae815631d97c13be79479b	0x009abfb0	58	_speex_bits_insert_terminator	libspeex:bits.obj	urn:ure:t6:re_FunctionFamily:urn_ure_t6_core_Project_black-ops-2_fd2705692f16c05f_re_Function_msvc-public__speex_bits_insert_terminator:85b2482341662e2b	urn:ure:t6:re_FunctionVariant:urn_ure_t6_re_FunctionFamily_urn_ure_t6_core_Project_black-ops-2_fd2705692f16c05f_re_Function_msvc-public__speex_bits_insert_terminator_85b2482341662e2b_build_urn_ure_t6_re_Build_urn_ure_t6_core_Project_black-ops-2_fd2705692f16c05f_pc-server-2013-03-11_4ee9a1fac7aa9195:ea35593751ace835
0x00A1E050	84450c92d2f8de616cad1548dd300ed5d8db3f92a9a562d3ff5524bb66df2c08	0x009abff0	102	_speex_bits_write	libspeex:bits.obj	urn:ure:t6:re_FunctionFamily:urn_ure_t6_core_Project_black-ops-2_fd2705692f16c05f_re_Function_msvc-public__speex_bits_write:7e64205221b1428e	urn:ure:t6:re_FunctionVariant:urn_ure_t6_re_FunctionFamily_urn_ure_t6_core_Project_black-ops-2_fd2705692f16c05f_re_Function_msvc-public__speex_bits_write_7e64205221b1428e_build_urn_ure_t6_re_Build_urn_ure_t6_core_Project_black-ops-2_fd2705692f16c05f_pc-server-2013-03-11_4ee9a1fac7aa9195:11032fc22ae0a09a
0x00A1E0C0	661cb861aceb8641a6602b1ec19e52348191aa6affd2172f61f0ed143a226982	0x009ac060	43	_speex_bits_unpack_signed	libspeex:bits.obj	urn:ure:t6:re_FunctionFamily:urn_ure_t6_core_Project_black-ops-2_fd2705692f16c05f_re_Function_msvc-public__speex_bits_unpack_signed:2e97ce3a6ee9a078	urn:ure:t6:re_FunctionVariant:urn_ure_t6_re_FunctionFamily_urn_ure_t6_core_Project_black-ops-2_fd2705692f16c05f_re_Function_msvc-public__speex_bits_unpack_signed_2e97ce3a6ee9a078_build_urn_ure_t6_re_Build_urn_ure_t6_core_Project_black-ops-2_fd2705692f16c05f_pc-server-2013-03-11_4ee9a1fac7aa9195:54c2be18129b4291
0x00A1E0F0	76b042fc6bddd1c8d4746a689b73c1c391e987561d46ca6786643ede7c18b55d	0x009ac090	27	_speex_mode_query	libspeex:modes.obj	urn:ure:t6:re_FunctionFamily:urn_ure_t6_core_Project_black-ops-2_fd2705692f16c05f_re_Function_msvc-public__speex_mode_query:439ec9238b25aff2	urn:ure:t6:re_FunctionVariant:urn_ure_t6_re_FunctionFamily_urn_ure_t6_core_Project_black-ops-2_fd2705692f16c05f_re_Function_msvc-public__speex_mode_query_439ec9238b25aff2_build_urn_ure_t6_re_Build_urn_ure_t6_core_Project_black-ops-2_fd2705692f16c05f_pc-server-2013-03-11_4ee9a1fac7aa9195:72bad10d63cdacef
0x00A1E180	dc5bf2d070897929be535853e53988bdf8a303418c4a2c0975844c7b46bcf619	0x009ac120	43	_be_int	libspeex:misc.obj	urn:ure:t6:re_FunctionFamily:urn_ure_t6_core_Project_black-ops-2_fd2705692f16c05f_re_Function_msvc-public__be_int:b0026d13db9fa6b5	urn:ure:t6:re_FunctionVariant:urn_ure_t6_re_FunctionFamily_urn_ure_t6_core_Project_black-ops-2_fd2705692f16c05f_re_Function_msvc-public__be_int_b0026d13db9fa6b5_build_urn_ure_t6_re_Build_urn_ure_t6_core_Project_black-ops-2_fd2705692f16c05f_pc-server-2013-03-11_4ee9a1fac7aa9195:033136be4d542512
0x00A27580	9036762c240ee6ad24a25012cd2bad4ac70f545b113892e928d1a47376aedc96	0x009b5520	210	_noise_codebook_quant	libspeex:cb_search.obj	urn:ure:t6:re_FunctionFamily:urn_ure_t6_core_Project_black-ops-2_fd2705692f16c05f_re_Function_msvc-public__noise_codebook_quant:ec703993bc79c967	urn:ure:t6:re_FunctionVariant:urn_ure_t6_re_FunctionFamily_urn_ure_t6_core_Project_black-ops-2_fd2705692f16c05f_re_Function_msvc-public__noise_codebook_quant_ec703993bc79c967_build_urn_ure_t6_re_Build_urn_ure_t6_core_Project_black-ops-2_fd2705692f16c05f_pc-server-2013-03-11_4ee9a1fac7aa9195:6614aa7f94a12404
0x00A27660	eb38b65c49ee6c1dd9ae6a55341ab7f634e9c3359e1bc7524b16bb4824f514ed	0x009b5600	27	_noise_codebook_unquant	libspeex:cb_search.obj	urn:ure:t6:re_FunctionFamily:urn_ure_t6_core_Project_black-ops-2_fd2705692f16c05f_re_Function_msvc-public__noise_codebook_unquant:dcff1650e3e440fd	urn:ure:t6:re_FunctionVariant:urn_ure_t6_re_FunctionFamily_urn_ure_t6_core_Project_black-ops-2_fd2705692f16c05f_re_Function_msvc-public__noise_codebook_unquant_dcff1650e3e440fd_build_urn_ure_t6_re_Build_urn_ure_t6_core_Project_black-ops-2_fd2705692f16c05f_pc-server-2013-03-11_4ee9a1fac7aa9195:d5bb1b72bf95f815
0x00A29050	49e9e4ed1c28bf2e7608d3ec56a1ca7e1405f9e420ae699407d9b620ee2368d6	0x009b6ff0	192	_bw_lpc	libspeex:filters.obj	urn:ure:t6:re_FunctionFamily:urn_ure_t6_core_Project_black-ops-2_fd2705692f16c05f_re_Function_msvc-public__bw_lpc:425ebec12c5b1292	urn:ure:t6:re_FunctionVariant:urn_ure_t6_re_FunctionFamily_urn_ure_t6_core_Project_black-ops-2_fd2705692f16c05f_re_Function_msvc-public__bw_lpc_425ebec12c5b1292_build_urn_ure_t6_re_Build_urn_ure_t6_core_Project_black-ops-2_fd2705692f16c05f_pc-server-2013-03-11_4ee9a1fac7aa9195:755e8b62649f7d4b
0x00A29110	e592b0430950fee98e0604bbb652a0372c703ea3e01c248e0e98bcae3078cc39	0x009b70b0	129	_signal_mul	libspeex:filters.obj	urn:ure:t6:re_FunctionFamily:urn_ure_t6_core_Project_black-ops-2_fd2705692f16c05f_re_Function_msvc-public__signal_mul:2c788f284c4089c9	urn:ure:t6:re_FunctionVariant:urn_ure_t6_re_FunctionFamily_urn_ure_t6_core_Project_black-ops-2_fd2705692f16c05f_re_Function_msvc-public__signal_mul_2c788f284c4089c9_build_urn_ure_t6_re_Build_urn_ure_t6_core_Project_black-ops-2_fd2705692f16c05f_pc-server-2013-03-11_4ee9a1fac7aa9195:055c3aec8eacca07
0x00A291A0	ac59cf7ba62ddc318342ec6d4d505f57d827eaadf3c8137b024f2526bc9e13eb	0x009b7140	139	_signal_div	libspeex:filters.obj	urn:ure:t6:re_FunctionFamily:urn_ure_t6_core_Project_black-ops-2_fd2705692f16c05f_re_Function_msvc-public__signal_div:9fb03a31c28ac86e	urn:ure:t6:re_FunctionVariant:urn_ure_t6_re_FunctionFamily_urn_ure_t6_core_Project_black-ops-2_fd2705692f16c05f_re_Function_msvc-public__signal_div_9fb03a31c28ac86e_build_urn_ure_t6_re_Build_urn_ure_t6_core_Project_black-ops-2_fd2705692f16c05f_pc-server-2013-03-11_4ee9a1fac7aa9195:b245873eafd69e41
0x00A29630	2f7bf74aa1b76d48fe5640fa65cfccf3a994204373ca2065e87663da706cdab5	0x009b75d0	103	_syn_percep_zero	libspeex:filters.obj	urn:ure:t6:re_FunctionFamily:urn_ure_t6_core_Project_black-ops-2_fd2705692f16c05f_re_Function_msvc-public__syn_percep_zero:e766d2f77a4252eb	urn:ure:t6:re_FunctionVariant:urn_ure_t6_re_FunctionFamily_urn_ure_t6_core_Project_black-ops-2_fd2705692f16c05f_re_Function_msvc-public__syn_percep_zero_e766d2f77a4252eb_build_urn_ure_t6_re_Build_urn_ure_t6_core_Project_black-ops-2_fd2705692f16c05f_pc-server-2013-03-11_4ee9a1fac7aa9195:fed9db0a75ae12cd
0x00A296A0	97513bf1f022f236c4ce5dc958ea17874a2ddd37cd0a5cc1a4f19f48d8c356b2	0x009b7640	103	_residue_percep_zero	libspeex:filters.obj	urn:ure:t6:re_FunctionFamily:urn_ure_t6_core_Project_black-ops-2_fd2705692f16c05f_re_Function_msvc-public__residue_percep_zero:21ccf1e9e04abbc2	urn:ure:t6:re_FunctionVariant:urn_ure_t6_re_FunctionFamily_urn_ure_t6_core_Project_black-ops-2_fd2705692f16c05f_re_Function_msvc-public__residue_percep_zero_21ccf1e9e04abbc2_build_urn_ure_t6_re_Build_urn_ure_t6_core_Project_black-ops-2_fd2705692f16c05f_pc-server-2013-03-11_4ee9a1fac7aa9195:4a732e25a01b3640
0x00A299B0	e38f765ea5ed8526b66425f6bf0c4ee692a05c6c67df66d7092141f70c1aac5c	0x009b7950	649	_qmf_decomp	libspeex:filters.obj	urn:ure:t6:re_FunctionFamily:urn_ure_t6_core_Project_black-ops-2_fd2705692f16c05f_re_Function_msvc-public__qmf_decomp:2c6c4141c17a74f4	urn:ure:t6:re_FunctionVariant:urn_ure_t6_re_FunctionFamily_urn_ure_t6_core_Project_black-ops-2_fd2705692f16c05f_re_Function_msvc-public__qmf_decomp_2c6c4141c17a74f4_build_urn_ure_t6_re_Build_urn_ure_t6_core_Project_black-ops-2_fd2705692f16c05f_pc-server-2013-03-11_4ee9a1fac7aa9195:2f097fa852f08239
0x00A29C40	d2311c1a2681338ef40f2651ecd68f86f85d2742c28ff3dc946c296868cc1c8b	0x009b7be0	550	_fir_mem_up	libspeex:filters.obj	urn:ure:t6:re_FunctionFamily:urn_ure_t6_core_Project_black-ops-2_fd2705692f16c05f_re_Function_msvc-public__fir_mem_up:c994ff46eb9eee9c	urn:ure:t6:re_FunctionVariant:urn_ure_t6_re_FunctionFamily_urn_ure_t6_core_Project_black-ops-2_fd2705692f16c05f_re_Function_msvc-public__fir_mem_up_c994ff46eb9eee9c_build_urn_ure_t6_re_Build_urn_ure_t6_core_Project_black-ops-2_fd2705692f16c05f_pc-server-2013-03-11_4ee9a1fac7aa9195:1b814f7578857a34
0x00A29E70	3e5c74daeb4a5bc17524fc8f6468fd310ea3d700de9617f61308669ee2ad007e	0x009b7e10	30	_comb_filter_mem_init	libspeex:filters.obj	urn:ure:t6:re_FunctionFamily:urn_ure_t6_core_Project_black-ops-2_fd2705692f16c05f_re_Function_msvc-public__comb_filter_mem_init:775057983708b38a	urn:ure:t6:re_FunctionVariant:urn_ure_t6_re_FunctionFamily_urn_ure_t6_core_Project_black-ops-2_fd2705692f16c05f_re_Function_msvc-public__comb_filter_mem_init_775057983708b38a_build_urn_ure_t6_re_Build_urn_ure_t6_core_Project_black-ops-2_fd2705692f16c05f_pc-server-2013-03-11_4ee9a1fac7aa9195:4bab93553f842ba9
0x00A2AD20	afb337f77e588a83d251b87f9b39e82de634b0f44876eb1398ae46aba4505cdf	0x009b8cc0	233	_lsp_interpolate	libspeex:lsp.obj	urn:ure:t6:re_FunctionFamily:urn_ure_t6_core_Project_black-ops-2_fd2705692f16c05f_re_Function_msvc-public__lsp_interpolate:63034fda784b0dd4	urn:ure:t6:re_FunctionVariant:urn_ure_t6_re_FunctionFamily_urn_ure_t6_core_Project_black-ops-2_fd2705692f16c05f_re_Function_msvc-public__lsp_interpolate_63034fda784b0dd4_build_urn_ure_t6_re_Build_urn_ure_t6_core_Project_black-ops-2_fd2705692f16c05f_pc-server-2013-03-11_4ee9a1fac7aa9195:bc38c079cd86598e
0x00A2B230	9faac0ae09728b101132515c0a8d7db618bda56679e702ba8b29da96386d9972	0x009b91d0	246	_vq_index	libspeex:vq.obj	urn:ure:t6:re_FunctionFamily:urn_ure_t6_core_Project_black-ops-2_fd2705692f16c05f_re_Function_msvc-public__vq_index:9ed30f83c3210562	urn:ure:t6:re_FunctionVariant:urn_ure_t6_re_FunctionFamily_urn_ure_t6_core_Project_black-ops-2_fd2705692f16c05f_re_Function_msvc-public__vq_index_9ed30f83c3210562_build_urn_ure_t6_re_Build_urn_ure_t6_core_Project_black-ops-2_fd2705692f16c05f_pc-server-2013-03-11_4ee9a1fac7aa9195:dc4f329f57ed13f7
0x00A2B7A0	91308db8293a340afb1767c78a2b8d6d876ec141826bdaea090cbe6caf7c1474	0x009b9740	183	_speex_inband_handler	libspeex:speex_callbacks.obj	urn:ure:t6:re_FunctionFamily:urn_ure_t6_core_Project_black-ops-2_fd2705692f16c05f_re_Function_msvc-public__speex_inband_handler:a91a9606f286f58a	urn:ure:t6:re_FunctionVariant:urn_ure_t6_re_FunctionFamily_urn_ure_t6_core_Project_black-ops-2_fd2705692f16c05f_re_Function_msvc-public__speex_inband_handler_a91a9606f286f58a_build_urn_ure_t6_re_Build_urn_ure_t6_core_Project_black-ops-2_fd2705692f16c05f_pc-server-2013-03-11_4ee9a1fac7aa9195:9fce4526107f86f3
0x00A2B860	78d51c896fd23aac2d2b6f4e45e9f63589cb81911cc54c106936c1d3cf8a9250	0x009b9800	42	_speex_std_mode_request_handler	libspeex:speex_callbacks.obj	urn:ure:t6:re_FunctionFamily:urn_ure_t6_core_Project_black-ops-2_fd2705692f16c05f_re_Function_msvc-public__speex_std_mode_request_handler:125ca6c53336ecb7	urn:ure:t6:re_FunctionVariant:urn_ure_t6_re_FunctionFamily_urn_ure_t6_core_Project_black-ops-2_fd2705692f16c05f_re_Function_msvc-public__speex_std_mode_request_handler_125ca6c53336ecb7_build_urn_ure_t6_re_Build_urn_ure_t6_core_Project_black-ops-2_fd2705692f16c05f_pc-server-2013-03-11_4ee9a1fac7aa9195:4bc09e8a7decc285
0x00A2B890	ea65da0d3e2807ce8a83c2f04c60d8c49f9dbe2ea8910a81443fed0c10eb88f8	0x009b9830	42	_speex_std_low_mode_request_handler	libspeex:speex_callbacks.obj	urn:ure:t6:re_FunctionFamily:urn_ure_t6_core_Project_black-ops-2_fd2705692f16c05f_re_Function_msvc-public__speex_std_low_mode_request_handler:ad6a16ce4e3bd7b6	urn:ure:t6:re_FunctionVariant:urn_ure_t6_re_FunctionFamily_urn_ure_t6_core_Project_black-ops-2_fd2705692f16c05f_re_Function_msvc-public__speex_std_low_mode_request_handler_ad6a16ce4e3bd7b6_build_urn_ure_t6_re_Build_urn_ure_t6_core_Project_black-ops-2_fd2705692f16c05f_pc-server-2013-03-11_4ee9a1fac7aa9195:40c30c4331c70886
0x00A2B8C0	8353ec59ae7a9cee832093df6d59f576576cf91cd2520f2ffc41c8667b13f283	0x009b9860	42	_speex_std_high_mode_request_handler	libspeex:speex_callbacks.obj	urn:ure:t6:re_FunctionFamily:urn_ure_t6_core_Project_black-ops-2_fd2705692f16c05f_re_Function_msvc-public__speex_std_high_mode_request_handler:e58c90299a118e0f	urn:ure:t6:re_FunctionVariant:urn_ure_t6_re_FunctionFamily_urn_ure_t6_core_Project_black-ops-2_fd2705692f16c05f_re_Function_msvc-public__speex_std_high_mode_request_handler_e58c90299a118e0f_build_urn_ure_t6_re_Build_urn_ure_t6_core_Project_black-ops-2_fd2705692f16c05f_pc-server-2013-03-11_4ee9a1fac7aa9195:a91f98a398c65377
0x00A2B8F0	2fa05c22e8376f4f62ccfd6363078b2227908e0ec838f2ec8f57999b62a8bd36	0x009b9890	42	_speex_std_vbr_request_handler	libspeex:speex_callbacks.obj	urn:ure:t6:re_FunctionFamily:urn_ure_t6_core_Project_black-ops-2_fd2705692f16c05f_re_Function_msvc-public__speex_std_vbr_request_handler:471dafcc73ded2f0	urn:ure:t6:re_FunctionVariant:urn_ure_t6_re_FunctionFamily_urn_ure_t6_core_Project_black-ops-2_fd2705692f16c05f_re_Function_msvc-public__speex_std_vbr_request_handler_471dafcc73ded2f0_build_urn_ure_t6_re_Build_urn_ure_t6_core_Project_black-ops-2_fd2705692f16c05f_pc-server-2013-03-11_4ee9a1fac7aa9195:e83961f63ab98e5d
0x00A2B920	b55a7f8a0efe507e4292325c41364179c5bdb2a537b7813b8dd3e995ab93ad6f	0x009b98c0	42	_speex_std_enh_request_handler	libspeex:speex_callbacks.obj	urn:ure:t6:re_FunctionFamily:urn_ure_t6_core_Project_black-ops-2_fd2705692f16c05f_re_Function_msvc-public__speex_std_enh_request_handler:a56fef90722c9c42	urn:ure:t6:re_FunctionVariant:urn_ure_t6_re_FunctionFamily_urn_ure_t6_core_Project_black-ops-2_fd2705692f16c05f_re_Function_msvc-public__speex_std_enh_request_handler_a56fef90722c9c42_build_urn_ure_t6_re_Build_urn_ure_t6_core_Project_black-ops-2_fd2705692f16c05f_pc-server-2013-03-11_4ee9a1fac7aa9195:6b70a44a06c72afb
0x00A2B950	796c4a1d6fa2a5c54339537bc6f8431418182d8ddd0a18d78eddb849ec5f175d	0x009b98f0	42	_speex_std_vbr_quality_request_handler	libspeex:speex_callbacks.obj	urn:ure:t6:re_FunctionFamily:urn_ure_t6_core_Project_black-ops-2_fd2705692f16c05f_re_Function_msvc-public__speex_std_vbr_quality_request_handler:d9ddc93bdcfd5ab9	urn:ure:t6:re_FunctionVariant:urn_ure_t6_re_FunctionFamily_urn_ure_t6_core_Project_black-ops-2_fd2705692f16c05f_re_Function_msvc-public__speex_std_vbr_quality_request_handler_d9ddc93bdcfd5ab9_build_urn_ure_t6_re_Build_urn_ure_t6_core_Project_black-ops-2_fd2705692f16c05f_pc-server-2013-03-11_4ee9a1fac7aa9195:086c5aea1eb26928
0x00A2B980	01819a560dd1cffae34d255ec18e0bccd151a6f253e023e91e94c72b639b62af	0x009b9920	34	_speex_std_char_handler	libspeex:speex_callbacks.obj	urn:ure:t6:re_FunctionFamily:urn_ure_t6_core_Project_black-ops-2_fd2705692f16c05f_re_Function_msvc-public__speex_std_char_handler:0bc454b874971a49	urn:ure:t6:re_FunctionVariant:urn_ure_t6_re_FunctionFamily_urn_ure_t6_core_Project_black-ops-2_fd2705692f16c05f_re_Function_msvc-public__speex_std_char_handler_0bc454b874971a49_build_urn_ure_t6_re_Build_urn_ure_t6_core_Project_black-ops-2_fd2705692f16c05f_pc-server-2013-03-11_4ee9a1fac7aa9195:75a5f729f56f7ccb
0x00A2B9B0	5b106c21ccec8a82dcd4e2622fa171584b3b00445d6258431e7f8bccd9577d62	0x009b9950	37	_speex_default_user_handler	libspeex:speex_callbacks.obj	urn:ure:t6:re_FunctionFamily:urn_ure_t6_core_Project_black-ops-2_fd2705692f16c05f_re_Function_msvc-public__speex_default_user_handler:3b40ed5db6fcb868	urn:ure:t6:re_FunctionVariant:urn_ure_t6_re_FunctionFamily_urn_ure_t6_core_Project_black-ops-2_fd2705692f16c05f_re_Function_msvc-public__speex_default_user_handler_3b40ed5db6fcb868_build_urn_ure_t6_re_Build_urn_ure_t6_core_Project_black-ops-2_fd2705692f16c05f_pc-server-2013-03-11_4ee9a1fac7aa9195:0e7fb1e8b489c995
0x00A2CBD0	0acb8354e5b76fdf384b0408236a036d59e3b00dcfec6921e4c1f201bc1abfdc	0x009baa10	118	?bdMemcmp@@YAHQBX0I@Z	bdCore:bdSecurityKey.obj	urn:ure:t6:re_FunctionFamily:urn_ure_t6_core_Project_black-ops-2_fd2705692f16c05f_re_Function_msvc-public_bdMemcmp_YAHQBX0I_Z:4e9b448f835c51e7	urn:ure:t6:re_FunctionVariant:urn_ure_t6_re_FunctionFamily_urn_ure_t6_core_Project_black-ops-2_fd2705692f16c05f_re_Function_msvc-public_bdMemcmp_YAHQBX0I_Z_4e9b448f835c51e7_build_urn_ure_t6_re_Build_urn_ure_t6_core_Project_black-ops-2_fd2705692f16c05f_pc-server-2013-03-11_4ee9a1fac7aa9195:86f3890a532d80a0
0x00A2CC50	9a8bb8b2d9293be800dad1371582477e3598cb9d2de315600a581ad087e280d9	0x009baa90	19	??0bdSecurityKey@@QAE@XZ	bdCore:bdSecurityKey.obj	urn:ure:t6:re_FunctionFamily:urn_ure_t6_core_Project_black-ops-2_fd2705692f16c05f_re_Function_msvc-public_0bdSecurityKey_QAE_XZ:3a481d9280ee0c0b	urn:ure:t6:re_FunctionVariant:urn_ure_t6_re_FunctionFamily_urn_ure_t6_core_Project_black-ops-2_fd2705692f16c05f_re_Function_msvc-public_0bdSecurityKey_QAE_XZ_3a481d9280ee0c0b_build_urn_ure_t6_re_Build_urn_ure_t6_core_Project_black-ops-2_fd2705692f16c05f_pc-server-2013-03-11_4ee9a1fac7aa9195:6548be4721152cd4
0x00A2CC70	3dd0c55a0a3dc2d620fb45e90d6122b5038a2678bd1449032230b76fb6b7a9fe	0x009baab0	34	??0bdSecurityKey@@QAE@ABV0@@Z	bdCore:bdSecurityKey.obj	urn:ure:t6:re_FunctionFamily:urn_ure_t6_core_Project_black-ops-2_fd2705692f16c05f_re_Function_msvc-public_0bdSecurityKey_QAE_ABV0_Z:a0e679036e2ab58e	urn:ure:t6:re_FunctionVariant:urn_ure_t6_re_FunctionFamily_urn_ure_t6_core_Project_black-ops-2_fd2705692f16c05f_re_Function_msvc-public_0bdSecurityKey_QAE_ABV0_Z_a0e679036e2ab58e_build_urn_ure_t6_re_Build_urn_ure_t6_core_Project_black-ops-2_fd2705692f16c05f_pc-server-2013-03-11_4ee9a1fac7aa9195:9191ce3102f861a8
0x00A2CCD0	545d93dc2ecfa9046b9ce21684b0af8823f39265568e1f7478dab546eb677749	0x009bc880	7	?getDataSize@bdByteBuffer@@QBEIXZ	bdCore:bdByteBuffer.obj	urn:ure:t6:re_FunctionFamily:urn_ure_t6_core_Project_black-ops-2_fd2705692f16c05f_re_Function_msvc-public_getDataSize_bdByteBuffer_QBEIXZ:42cd64d50eda64f6	urn:ure:t6:re_FunctionVariant:urn_ure_t6_re_FunctionFamily_urn_ure_t6_core_Project_black-ops-2_fd2705692f16c05f_re_Function_msvc-public_getDataSize_bdByteBuffer_QBEIXZ_42cd64d50eda64f6_build_urn_ure_t6_re_Build_urn_ure_t6_core_Project_black-ops-2_fd2705692f16c05f_pc-server-2013-03-11_4ee9a1fac7aa9195:0254816f7ec11002
0x00A2CD40	0392169a7b6de193517f0a3abd116f02caa8327b38c3e125ca3d86fcd235014d	0x009bc8f0	7	?readArrayEnd@bdByteBuffer@@QAEXXZ	bdCore:bdByteBuffer.obj	urn:ure:t6:re_FunctionFamily:urn_ure_t6_core_Project_black-ops-2_fd2705692f16c05f_re_Function_msvc-public_readArrayEnd_bdByteBuffer_QAEXXZ:ebf552e172b8df42	urn:ure:t6:re_FunctionVariant:urn_ure_t6_re_FunctionFamily_urn_ure_t6_core_Project_black-ops-2_fd2705692f16c05f_re_Function_msvc-public_readArrayEnd_bdByteBuffer_QAEXXZ_ebf552e172b8df42_build_urn_ure_t6_re_Build_urn_ure_t6_core_Project_black-ops-2_fd2705692f16c05f_pc-server-2013-03-11_4ee9a1fac7aa9195:ee7109a58f9c6914
0x00A2D790	2f861673bd7ffbd3cfb7174c9eaa59cef637f87adcd4493df8181760c42fa991	0x009baae0	13	??0bdSecurityID@@QAE@XZ	bdCore:bdSecurityID.obj	urn:ure:t6:re_FunctionFamily:urn_ure_t6_core_Project_black-ops-2_fd2705692f16c05f_re_Function_msvc-public_0bdSecurityID_QAE_XZ:1c9007e5506b1655	urn:ure:t6:re_FunctionVariant:urn_ure_t6_re_FunctionFamily_urn_ure_t6_core_Project_black-ops-2_fd2705692f16c05f_re_Function_msvc-public_0bdSecurityID_QAE_XZ_1c9007e5506b1655_build_urn_ure_t6_re_Build_urn_ure_t6_core_Project_black-ops-2_fd2705692f16c05f_pc-server-2013-03-11_4ee9a1fac7aa9195:5d350071bda94129
0x00A2D7A0	66b42201ae2adac5438161fdb2a8dc60eb4bf84b6a9462a2564677c9a809cdd4	0x009baaf0	22	??0bdSecurityID@@QAE@ABV0@@Z	bdCore:bdSecurityID.obj	urn:ure:t6:re_FunctionFamily:urn_ure_t6_core_Project_black-ops-2_fd2705692f16c05f_re_Function_msvc-public_0bdSecurityID_QAE_ABV0_Z:17818a393315b2ca	urn:ure:t6:re_FunctionVariant:urn_ure_t6_re_FunctionFamily_urn_ure_t6_core_Project_black-ops-2_fd2705692f16c05f_re_Function_msvc-public_0bdSecurityID_QAE_ABV0_Z_17818a393315b2ca_build_urn_ure_t6_re_Build_urn_ure_t6_core_Project_black-ops-2_fd2705692f16c05f_pc-server-2013-03-11_4ee9a1fac7aa9195:bcbbf921a0413b4a
0x00A2D7C0	c243c5c7564197eeed0418c5ef9924f2dac04d564688a202a4f4c04f0196b4af	0x009bab10	133	??8bdSecurityID@@QBE_NABV0@@Z	bdCore:bdSecurityID.obj	urn:ure:t6:re_FunctionFamily:urn_ure_t6_core_Project_black-ops-2_fd2705692f16c05f_re_Function_msvc-public_8bdSecurityID_QBE_NABV0_Z:26d06f672634a380	urn:ure:t6:re_FunctionVariant:urn_ure_t6_re_FunctionFamily_urn_ure_t6_core_Project_black-ops-2_fd2705692f16c05f_re_Function_msvc-public_8bdSecurityID_QBE_NABV0_Z_26d06f672634a380_build_urn_ure_t6_re_Build_urn_ure_t6_core_Project_black-ops-2_fd2705692f16c05f_pc-server-2013-03-11_4ee9a1fac7aa9195:b7989ff491c24699
0x00A2D880	ac2c1b68cfdcd347a3cd0cd1ac8b20a90dcd8ac8b223a9c6dbf948a7c383ea7c	0x009bafa0	4	?isLoopback@bdCommonAddr@@QBE_NXZ	bdCore:bdCommonAddr.obj	urn:ure:t6:re_FunctionFamily:urn_ure_t6_core_Project_black-ops-2_fd2705692f16c05f_re_Function_msvc-public_isLoopback_bdCommonAddr_QBE_NXZ:033235c40309bbc7	urn:ure:t6:re_FunctionVariant:urn_ure_t6_re_FunctionFamily_urn_ure_t6_core_Project_black-ops-2_fd2705692f16c05f_re_Function_msvc-public_isLoopback_bdCommonAddr_QBE_NXZ_033235c40309bbc7_build_urn_ure_t6_re_Build_urn_ure_t6_core_Project_black-ops-2_fd2705692f16c05f_pc-server-2013-03-11_4ee9a1fac7aa9195:e8a734a6b568e8cf
0x00A2D8A0	840cd7c1c41b518c1fe191951395dcac56c16a63d65f97ad855355ba794b2ca7	0x009bafc0	4	?getLocalAddrs@bdCommonAddr@@QBEABV?$bdArray@VbdAddr@@@@XZ	bdCore:bdCommonAddr.obj	urn:ure:t6:re_FunctionFamily:urn_ure_t6_core_Project_black-ops-2_fd2705692f16c05f_re_Function_msvc-public_getLocalAddrs_bdCommonAddr_QBEABV_bdArray_VbdAddr_XZ:4287a920e7db1ee1	urn:ure:t6:re_FunctionVariant:urn_ure_t6_re_FunctionFamily_urn_ure_t6_core_Project_black-ops-2_fd2705692f16c05f_re_Function_msvc-public_getLocalAddrs_bdCommonAddr_QBEABV_bdArray_VbdAddr_XZ_4287a920e7db1ee1_build_urn_ure_t6_re_Build_urn_ure_t6_core_Project_black-ops-2_fd2705692f16c05f_pc-server-2013-03-11_4ee9a1fac7aa9195:a491195827725d41
0x00A2DBC0	9ce0801c6f8db2ebd68fabd6e152bea7a183f21780af72945e5522f0bdae76dd	0x009bb360	16	?getLocalAddrByIndex@bdCommonAddr@@QBEABVbdAddr@@I@Z	bdCore:bdCommonAddr.obj	urn:ure:t6:re_FunctionFamily:urn_ure_t6_core_Project_black-ops-2_fd2705692f16c05f_re_Function_msvc-public_getLocalAddrByIndex_bdCommonAddr_QBEABVbdAddr_I_Z:e2ae03079e94cdd1	urn:ure:t6:re_FunctionVariant:urn_ure_t6_re_FunctionFamily_urn_ure_t6_core_Project_black-ops-2_fd2705692f16c05f_re_Function_msvc-public_getLocalAddrByIndex_bdCommonAddr_QBEABVbdAddr_I_Z_e2ae03079e94cdd1_build_urn_ure_t6_re_Build_urn_ure_t6_core_Project_black-ops-2_fd2705692f16c05f_pc-server-2013-03-11_4ee9a1fac7aa9195:58c1c1292aa3ff76
0x00A2E360	6835e3deafaf3994368d0615d9139532702cbea648e936b844581cfe66a32d97	0x009bbc80	7	??1bdInetAddr@@QAE@XZ	bdCore:bdInetAddr.obj	urn:ure:t6:re_FunctionFamily:urn_ure_t6_core_Project_black-ops-2_fd2705692f16c05f_re_Function_msvc-public_1bdInetAddr_QAE_XZ:6139a773cc45d749	urn:ure:t6:re_FunctionVariant:urn_ure_t6_re_FunctionFamily_urn_ure_t6_core_Project_black-ops-2_fd2705692f16c05f_re_Function_msvc-public_1bdInetAddr_QAE_XZ_6139a773cc45d749_build_urn_ure_t6_re_Build_urn_ure_t6_core_Project_black-ops-2_fd2705692f16c05f_pc-server-2013-03-11_4ee9a1fac7aa9195:5941c653d8d6962d
0x00A2E3B0	b29587fe7e842c797d06fed2d130573e0eb5e6703abb1086752a05ee88ad6fc6	0x009e24d0	12	?registerListener@bdSecurityKeyMap@@QAEXPAVbdSecurityKeyMapListener@@@Z	bdSocket:bdSecurityKeyMap.obj	urn:ure:t6:re_FunctionFamily:urn_ure_t6_core_Project_black-ops-2_fd2705692f16c05f_re_Function_msvc-public_registerListener_bdSecurityKeyMap_QAEXPAVbdSecurityKeyMapListener_Z:7eb0926c2b2b53b8	urn:ure:t6:re_FunctionVariant:urn_ure_t6_re_FunctionFamily_urn_ure_t6_core_Project_black-ops-2_fd2705692f16c05f_re_Function_msvc-public_registerListener_bdSecurityKeyMap_QAEXPAVbdSecurityKeyMapListener_Z_7eb0926c2b2b53b8_build_urn_ure_t6_re_Build_urn_ure_t6_core_Project_black-ops-2_fd2705692f16c05f_pc-server-2013-03-11_4ee9a1fac7aa9195:68bb4c76a1069f5a
0x00A2E430	68a1223c2cfaa469a0977620c19941ebeb5e45b8cfd832a8ef4bd6eaf88d9f64	0x009bbd50	14	?getInAddr@bdInetAddr@@QBE?AVbdInAddr@@XZ	bdCore:bdInetAddr.obj	urn:ure:t6:re_FunctionFamily:urn_ure_t6_core_Project_black-ops-2_fd2705692f16c05f_re_Function_msvc-public_getInAddr_bdInetAddr_QBE_AVbdInAddr_XZ:a6b9d38d24e456bb	urn:ure:t6:re_FunctionVariant:urn_ure_t6_re_FunctionFamily_urn_ure_t6_core_Project_black-ops-2_fd2705692f16c05f_re_Function_msvc-public_getInAddr_bdInetAddr_QBE_AVbdInAddr_XZ_a6b9d38d24e456bb_build_urn_ure_t6_re_Build_urn_ure_t6_core_Project_black-ops-2_fd2705692f16c05f_pc-server-2013-03-11_4ee9a1fac7aa9195:f7625f916465732f
0x00A2E5D0	c06ac88e021b3daa2be6f8a56d93c5e272497a35e62d5007408fd812240e2e1f	0x009bac60	5	?getPort@bdAddr@@QBEGXZ	bdCore:bdAddr.obj	urn:ure:t6:re_FunctionFamily:urn_ure_t6_core_Project_black-ops-2_fd2705692f16c05f_re_Function_msvc-public_getPort_bdAddr_QBEGXZ:506552f637fe6078	urn:ure:t6:re_FunctionVariant:urn_ure_t6_re_FunctionFamily_urn_ure_t6_core_Project_black-ops-2_fd2705692f16c05f_re_Function_msvc-public_getPort_bdAddr_QBEGXZ_506552f637fe6078_build_urn_ure_t6_re_Build_urn_ure_t6_core_Project_black-ops-2_fd2705692f16c05f_pc-server-2013-03-11_4ee9a1fac7aa9195:91b37aec94734a93
0x00A2E8E0	2676f80b03881d8dcc49c283011d010e6afd3ccd6b06be3446e237ff86900ac0	0x009bbf60	6	?getStringData@bdString@@IBEPAVbdStringData@@XZ	bdCore:bdString.obj	urn:ure:t6:re_FunctionFamily:urn_ure_t6_core_Project_black-ops-2_fd2705692f16c05f_re_Function_msvc-public_getStringData_bdString_IBEPAVbdStringData_XZ:c3918ad9179fa21a	urn:ure:t6:re_FunctionVariant:urn_ure_t6_re_FunctionFamily_urn_ure_t6_core_Project_black-ops-2_fd2705692f16c05f_re_Function_msvc-public_getStringData_bdString_IBEPAVbdStringData_XZ_c3918ad9179fa21a_build_urn_ure_t6_re_Build_urn_ure_t6_core_Project_black-ops-2_fd2705692f16c05f_pc-server-2013-03-11_4ee9a1fac7aa9195:fb7ea3277f8635f3
0x00A2E8F0	8e9c8226997253ca4145d15600f537db49530a7c306f53cffa5743f768d81399	0x009bbf70	12	?addReference@bdString@@IBEXPAVbdStringData@@@Z	bdCore:bdString.obj	urn:ure:t6:re_FunctionFamily:urn_ure_t6_core_Project_black-ops-2_fd2705692f16c05f_re_Function_msvc-public_addReference_bdString_IBEXPAVbdStringData_Z:83e443b60ee18b5a	urn:ure:t6:re_FunctionVariant:urn_ure_t6_re_FunctionFamily_urn_ure_t6_core_Project_black-ops-2_fd2705692f16c05f_re_Function_msvc-public_addReference_bdString_IBEXPAVbdStringData_Z_83e443b60ee18b5a_build_urn_ure_t6_re_Build_urn_ure_t6_core_Project_black-ops-2_fd2705692f16c05f_pc-server-2013-03-11_4ee9a1fac7aa9195:6733cad1838c0341
0x00A2E900	6259d78b747797d04bdd0f52909293a3deae880ddaf295391f080c0991a25508	0x009bbf80	27	??0bdString@@QAE@ABV0@@Z	bdCore:bdString.obj	urn:ure:t6:re_FunctionFamily:urn_ure_t6_core_Project_black-ops-2_fd2705692f16c05f_re_Function_msvc-public_0bdString_QAE_ABV0_Z:ece974c5909a6b14	urn:ure:t6:re_FunctionVariant:urn_ure_t6_re_FunctionFamily_urn_ure_t6_core_Project_black-ops-2_fd2705692f16c05f_re_Function_msvc-public_0bdString_QAE_ABV0_Z_ece974c5909a6b14_build_urn_ure_t6_re_Build_urn_ure_t6_core_Project_black-ops-2_fd2705692f16c05f_pc-server-2013-03-11_4ee9a1fac7aa9195:40ef690dfb23ff30
0x00A2E920	d844e306f859ecd9e779bd848f09158f6ab275484c24cf375e0643bb95606ff4	0x009bbfa0	22	?initialize@bdString@@IAEXXZ	bdCore:bdString.obj	urn:ure:t6:re_FunctionFamily:urn_ure_t6_core_Project_black-ops-2_fd2705692f16c05f_re_Function_msvc-public_initialize_bdString_IAEXXZ:af9a6226b91eea81	urn:ure:t6:re_FunctionVariant:urn_ure_t6_re_FunctionFamily_urn_ure_t6_core_Project_black-ops-2_fd2705692f16c05f_re_Function_msvc-public_initialize_bdString_IAEXXZ_af9a6226b91eea81_build_urn_ure_t6_re_Build_urn_ure_t6_core_Project_black-ops-2_fd2705692f16c05f_pc-server-2013-03-11_4ee9a1fac7aa9195:f49d4cd7920fc1f9
0x00A2EA00	e57796f4a931972e9519481f8b36b65f043e09df0b6ca4f13428dca9cfe36767	0x009bc080	20	?removeReference@bdString@@IBEXPAVbdStringData@@@Z	bdCore:bdString.obj	urn:ure:t6:re_FunctionFamily:urn_ure_t6_core_Project_black-ops-2_fd2705692f16c05f_re_Function_msvc-public_removeReference_bdString_IBEXPAVbdStringData_Z:581974d6f79f4b91	urn:ure:t6:re_FunctionVariant:urn_ure_t6_re_FunctionFamily_urn_ure_t6_core_Project_black-ops-2_fd2705692f16c05f_re_Function_msvc-public_removeReference_bdString_IBEXPAVbdStringData_Z_581974d6f79f4b91_build_urn_ure_t6_re_Build_urn_ure_t6_core_Project_black-ops-2_fd2705692f16c05f_pc-server-2013-03-11_4ee9a1fac7aa9195:3bce26847e237f38
0x00A2EA20	14f9902216070847de9570c1d4da552bd8aaea5ae4f6f2c6eb441e15975ddf8f	0x009bc0a0	12	??1bdString@@QAE@XZ	bdCore:bdString.obj	urn:ure:t6:re_FunctionFamily:urn_ure_t6_core_Project_black-ops-2_fd2705692f16c05f_re_Function_msvc-public_1bdString_QAE_XZ:78023d5d06521ae8	urn:ure:t6:re_FunctionVariant:urn_ure_t6_re_FunctionFamily_urn_ure_t6_core_Project_black-ops-2_fd2705692f16c05f_re_Function_msvc-public_1bdString_QAE_XZ_78023d5d06521ae8_build_urn_ure_t6_re_Build_urn_ure_t6_core_Project_black-ops-2_fd2705692f16c05f_pc-server-2013-03-11_4ee9a1fac7aa9195:db2639dbf4f21927
0x00A2EA30	a7e6298b221836b96475a8911d2db0b8088ac9265b02852ddba710b2bc23a8a2	0x009bc0b0	52	??4bdString@@QAEAAV0@ABV0@@Z	bdCore:bdString.obj	urn:ure:t6:re_FunctionFamily:urn_ure_t6_core_Project_black-ops-2_fd2705692f16c05f_re_Function_msvc-public_4bdString_QAEAAV0_ABV0_Z:06dadc34e4857027	urn:ure:t6:re_FunctionVariant:urn_ure_t6_re_FunctionFamily_urn_ure_t6_core_Project_black-ops-2_fd2705692f16c05f_re_Function_msvc-public_4bdString_QAEAAV0_ABV0_Z_06dadc34e4857027_build_urn_ure_t6_re_Build_urn_ure_t6_core_Project_black-ops-2_fd2705692f16c05f_pc-server-2013-03-11_4ee9a1fac7aa9195:dd9d4aa8592f824f
0x00A2F200	80f89a8106882e78d066a4af0fa5c58b61b763afd53d5a231a34805f47f1bbed	0x009bc870	15	?getHash@bdEndpointHashingClass@@QBEIABVbdEndpoint@@@Z	bdCore:bdEndpoint.obj	urn:ure:t6:re_FunctionFamily:urn_ure_t6_core_Project_black-ops-2_fd2705692f16c05f_re_Function_msvc-public_getHash_bdEndpointHashingClass_QBEIABVbdEndpoint_Z:708c0d627dc6f434	urn:ure:t6:re_FunctionVariant:urn_ure_t6_re_FunctionFamily_urn_ure_t6_core_Project_black-ops-2_fd2705692f16c05f_re_Function_msvc-public_getHash_bdEndpointHashingClass_QBEIABVbdEndpoint_Z_708c0d627dc6f434_build_urn_ure_t6_re_Build_urn_ure_t6_core_Project_black-ops-2_fd2705692f16c05f_pc-server-2013-03-11_4ee9a1fac7aa9195:89a3fdccebf68a0c
0x00A2F5D0	c0a0eea546e27b5bdd0f05bb4b6aea03c95bcdb61906b379a19295f3bbf25de4	0x00b16a50	41	?nextUInt@bdRandom@@QAEIXZ	bdCore:bdRandom.obj	urn:ure:t6:re_FunctionFamily:urn_ure_t6_core_Project_black-ops-2_fd2705692f16c05f_re_Function_msvc-public_nextUInt_bdRandom_QAEIXZ:f963b1546e54a729	urn:ure:t6:re_FunctionVariant:urn_ure_t6_re_FunctionFamily_urn_ure_t6_core_Project_black-ops-2_fd2705692f16c05f_re_Function_msvc-public_nextUInt_bdRandom_QAEIXZ_f963b1546e54a729_build_urn_ure_t6_re_Build_urn_ure_t6_core_Project_black-ops-2_fd2705692f16c05f_pc-server-2013-03-11_4ee9a1fac7aa9195:123e5cf8c863fedb
0x00A2F600	4cfd4247c13f0ea12eafaec35635f47d7d96e2da247a851ccad35789cf76f3dd	0x00b16a80	38	?nextUBytes@bdRandom@@QAEXQAEH@Z	bdCore:bdRandom.obj	urn:ure:t6:re_FunctionFamily:urn_ure_t6_core_Project_black-ops-2_fd2705692f16c05f_re_Function_msvc-public_nextUBytes_bdRandom_QAEXQAEH_Z:33e87678e9d76689	urn:ure:t6:re_FunctionVariant:urn_ure_t6_re_FunctionFamily_urn_ure_t6_core_Project_black-ops-2_fd2705692f16c05f_re_Function_msvc-public_nextUBytes_bdRandom_QAEXQAEH_Z_33e87678e9d76689_build_urn_ure_t6_re_Build_urn_ure_t6_core_Project_black-ops-2_fd2705692f16c05f_pc-server-2013-03-11_4ee9a1fac7aa9195:5580be2a12756c6a
0x00A2F980	c979f6eaf0fee01e57ad97bb5e1859f15517e30c80300980833adce41c95f73d	0x009bdb20	4	?getTypeCheck@bdBitBuffer@@QBE_NXZ	bdCore:bdBitBuffer.obj	urn:ure:t6:re_FunctionFamily:urn_ure_t6_core_Project_black-ops-2_fd2705692f16c05f_re_Function_msvc-public_getTypeCheck_bdBitBuffer_QBE_NXZ:e8bd404c659e3741	urn:ure:t6:re_FunctionVariant:urn_ure_t6_re_FunctionFamily_urn_ure_t6_core_Project_black-ops-2_fd2705692f16c05f_re_Function_msvc-public_getTypeCheck_bdBitBuffer_QBE_NXZ_e8bd404c659e3741_build_urn_ure_t6_re_Build_urn_ure_t6_core_Project_black-ops-2_fd2705692f16c05f_pc-server-2013-03-11_4ee9a1fac7aa9195:7062958d9c96478f
0x00A2FA90	2ffa0ad9c27ca4c3410222dfa62aab40736aeeabf732f053eac2e735086913db	0x009bdc30	240	?readBits@bdBitBuffer@@QAE_NPAXI@Z	bdCore:bdBitBuffer.obj	urn:ure:t6:re_FunctionFamily:urn_ure_t6_core_Project_black-ops-2_fd2705692f16c05f_re_Function_msvc-public_readBits_bdBitBuffer_QAE_NPAXI_Z:634bfb282dd3f6c7	urn:ure:t6:re_FunctionVariant:urn_ure_t6_re_FunctionFamily_urn_ure_t6_core_Project_black-ops-2_fd2705692f16c05f_re_Function_msvc-public_readBits_bdBitBuffer_QAE_NPAXI_Z_634bfb282dd3f6c7_build_urn_ure_t6_re_Build_urn_ure_t6_core_Project_black-ops-2_fd2705692f16c05f_pc-server-2013-03-11_4ee9a1fac7aa9195:015703f61c6b8ce7
0x00A307D0	c6b609d037bb8600f3f25eb0d8cb517d0b8436402a50a2f93867e4d3f9a9660d	0x009bee90	56	?nextPowerOf2@bdBitOperations@@SAII@Z	bdCore:bdBitOperations.obj	urn:ure:t6:re_FunctionFamily:urn_ure_t6_core_Project_black-ops-2_fd2705692f16c05f_re_Function_msvc-public_nextPowerOf2_bdBitOperations_SAII_Z:02065e610a3c5f7a	urn:ure:t6:re_FunctionVariant:urn_ure_t6_re_FunctionFamily_urn_ure_t6_core_Project_black-ops-2_fd2705692f16c05f_re_Function_msvc-public_nextPowerOf2_bdBitOperations_SAII_Z_02065e610a3c5f7a_build_urn_ure_t6_re_Build_urn_ure_t6_core_Project_black-ops-2_fd2705692f16c05f_pc-server-2013-03-11_4ee9a1fac7aa9195:c93ee2744eb7d12a
0x00A30810	5bee8dd5b2200ba345e6b60674f3c3ad7162ec74f1d2e653196e5d740c4bf607	0x009beed0	62	?highBitNumber@bdBitOperations@@SAII@Z	bdCore:bdBitOperations.obj	urn:ure:t6:re_FunctionFamily:urn_ure_t6_core_Project_black-ops-2_fd2705692f16c05f_re_Function_msvc-public_highBitNumber_bdBitOperations_SAII_Z:08d008e95ba93f6a	urn:ure:t6:re_FunctionVariant:urn_ure_t6_re_FunctionFamily_urn_ure_t6_core_Project_black-ops-2_fd2705692f16c05f_re_Function_msvc-public_highBitNumber_bdBitOperations_SAII_Z_08d008e95ba93f6a_build_urn_ure_t6_re_Build_urn_ure_t6_core_Project_black-ops-2_fd2705692f16c05f_pc-server-2013-03-11_4ee9a1fac7aa9195:2ee7f4ee6967a929
0x00A310E0	87ec379148fb56695fd367bb10cd9e2cabd8a3076026361136bcf430c16e00af	0x009bfa60	16	?registerEventHandler@bdLobbyService@@QAEXPAVbdLobbyEventHandler@@@Z	bdLobby:bdLobbyService.obj	urn:ure:t6:re_FunctionFamily:urn_ure_t6_core_Project_black-ops-2_fd2705692f16c05f_re_Function_msvc-public_registerEventHandler_bdLobbyService_QAEXPAVbdLobbyEventHandler_Z:2f0c2a27c4a6b6ca	urn:ure:t6:re_FunctionVariant:urn_ure_t6_re_FunctionFamily_urn_ure_t6_core_Project_black-ops-2_fd2705692f16c05f_re_Function_msvc-public_registerEventHandler_bdLobbyService_QAEXPAVbdLobbyEventHandler_Z_2f0c2a27c4a6b6ca_build_urn_ure_t6_re_Build_urn_ure_t6_core_Project_black-ops-2_fd2705692f16c05f_pc-server-2013-03-11_4ee9a1fac7aa9195:80f2f168928a17a3
0x00A35220	b979b786a7d37523b8a485df9e1ae359f6fd13d49d0e963b123a67ebcdad3514	0x009c2ee0	8	?cancelTask@bdRemoteTask@@QAEXXZ	bdLobby:bdRemoteTask.obj	urn:ure:t6:re_FunctionFamily:urn_ure_t6_core_Project_black-ops-2_fd2705692f16c05f_re_Function_msvc-public_cancelTask_bdRemoteTask_QAEXXZ:4fd7132cc968377a	urn:ure:t6:re_FunctionVariant:urn_ure_t6_re_FunctionFamily_urn_ure_t6_core_Project_black-ops-2_fd2705692f16c05f_re_Function_msvc-public_cancelTask_bdRemoteTask_QAEXXZ_4fd7132cc968377a_build_urn_ure_t6_re_Build_urn_ure_t6_core_Project_black-ops-2_fd2705692f16c05f_pc-server-2013-03-11_4ee9a1fac7aa9195:8263453ea2223b38
0x00A35230	5b5f853500f4e654f87678389323854f1dbbf66c1c10d6f63c067ca5a97779c2	0x009c2ef0	7	?getTransactionID@bdRemoteTask@@QBE_KXZ	bdLobby:bdRemoteTask.obj	urn:ure:t6:re_FunctionFamily:urn_ure_t6_core_Project_black-ops-2_fd2705692f16c05f_re_Function_msvc-public_getTransactionID_bdRemoteTask_QBE_KXZ:980c041ae7462317	urn:ure:t6:re_FunctionVariant:urn_ure_t6_re_FunctionFamily_urn_ure_t6_core_Project_black-ops-2_fd2705692f16c05f_re_Function_msvc-public_getTransactionID_bdRemoteTask_QBE_KXZ_980c041ae7462317_build_urn_ure_t6_re_Build_urn_ure_t6_core_Project_black-ops-2_fd2705692f16c05f_pc-server-2013-03-11_4ee9a1fac7aa9195:9696b8f297a94064
0x00A35240	7e6bda0a031f94dbe8477fe3ce3ba2b7e3d761a050d55625bc7d92212670e60c	0x009c2f00	4	?getErrorCode@bdRemoteTask@@QBE?AW4bdLobbyErrorCode@@XZ	bdLobby:bdRemoteTask.obj	urn:ure:t6:re_FunctionFamily:urn_ure_t6_core_Project_black-ops-2_fd2705692f16c05f_re_Function_msvc-public_getErrorCode_bdRemoteTask_QBE_AW4bdLobbyErrorCode_XZ:84a817d758ff43e7	urn:ure:t6:re_FunctionVariant:urn_ure_t6_re_FunctionFamily_urn_ure_t6_core_Project_black-ops-2_fd2705692f16c05f_re_Function_msvc-public_getErrorCode_bdRemoteTask_QBE_AW4bdLobbyErrorCode_XZ_84a817d758ff43e7_build_urn_ure_t6_re_Build_urn_ure_t6_core_Project_black-ops-2_fd2705692f16c05f_pc-server-2013-03-11_4ee9a1fac7aa9195:6225db0a685e271c
0x00A36960	c825f915f77c9407f54944717e4de61d11f44c16bccdcc91540ab1f14006dc81	0x009c4b80	26	?_postCopy@bdContentStreamingBase@@MAE?AV?$bdReference@VbdRemoteTask@@@@XZ	bdLobby:bdContentStreamingBase.obj	urn:ure:t6:re_FunctionFamily:urn_ure_t6_core_Project_black-ops-2_fd2705692f16c05f_re_Function_msvc-public__postCopy_bdContentStreamingBase_MAE_AV_bdReference_VbdRemoteTask_XZ:959d517a8b106439	urn:ure:t6:re_FunctionVariant:urn_ure_t6_re_FunctionFamily_urn_ure_t6_core_Project_black-ops-2_fd2705692f16c05f_re_Function_msvc-public__postCopy_bdContentStreamingBase_MAE_AV_bdReference_VbdRemoteTask_XZ_959d517a8b106439_build_urn_ure_t6_re_Build_urn_ure_t6_core_Project_black-ops-2_fd2705692f16c05f_pc-server-2013-03-11_4ee9a1fac7aa9195:952a979c0d4bcda6
0x00A3A260	2a28b34be0d3219ae9b25a2556b8db2035d6da953a2d8b7063a5632d2a0b9292	0x009c8700	7	?isFileIDReady@bdPooledStorage@@QAE_NXZ	bdLobby:bdPooledStorage.obj	urn:ure:t6:re_FunctionFamily:urn_ure_t6_core_Project_black-ops-2_fd2705692f16c05f_re_Function_msvc-public_isFileIDReady_bdPooledStorage_QAE_NXZ:55b594722a4d113d	urn:ure:t6:re_FunctionVariant:urn_ure_t6_re_FunctionFamily_urn_ure_t6_core_Project_black-ops-2_fd2705692f16c05f_re_Function_msvc-public_isFileIDReady_bdPooledStorage_QAE_NXZ_55b594722a4d113d_build_urn_ure_t6_re_Build_urn_ure_t6_core_Project_black-ops-2_fd2705692f16c05f_pc-server-2013-03-11_4ee9a1fac7aa9195:e263bece9994ed12
0x00A3A270	afa45dc905440e714a4ce1a0454ec16ac4c56249a5fda43db2129492b1082f4f	0x009c8710	27	?getFileID@bdPooledStorage@@QAE_KXZ	bdLobby:bdPooledStorage.obj	urn:ure:t6:re_FunctionFamily:urn_ure_t6_core_Project_black-ops-2_fd2705692f16c05f_re_Function_msvc-public_getFileID_bdPooledStorage_QAE_KXZ:4ac603f8f46c516d	urn:ure:t6:re_FunctionVariant:urn_ure_t6_re_FunctionFamily_urn_ure_t6_core_Project_black-ops-2_fd2705692f16c05f_re_Function_msvc-public_getFileID_bdPooledStorage_QAE_KXZ_4ac603f8f46c516d_build_urn_ure_t6_re_Build_urn_ure_t6_core_Project_black-ops-2_fd2705692f16c05f_pc-server-2013-03-11_4ee9a1fac7aa9195:4716492da4f4ca10
0x00A3B390	d73c1a8cb9a3fdcdddebc16316a38385979d4b5df905649cf1e0bb40e01c08e9	0x009c9830	21	??0bdTitleUtilities@@QAE@QAVbdRemoteTaskManager@@@Z	bdLobby:bdTitleUtilities.obj	urn:ure:t6:re_FunctionFamily:urn_ure_t6_core_Project_black-ops-2_fd2705692f16c05f_re_Function_msvc-public_0bdTitleUtilities_QAE_QAVbdRemoteTaskManager_Z:7d8e25732ba3539b	urn:ure:t6:re_FunctionVariant:urn_ure_t6_re_FunctionFamily_urn_ure_t6_core_Project_black-ops-2_fd2705692f16c05f_re_Function_msvc-public_0bdTitleUtilities_QAE_QAVbdRemoteTaskManager_Z_7d8e25732ba3539b_build_urn_ure_t6_re_Build_urn_ure_t6_core_Project_black-ops-2_fd2705692f16c05f_pc-server-2013-03-11_4ee9a1fac7aa9195:75a30cd3666a510d
0x00A3CE70	d6facd60126cd4ae7c01a5214d03a4fec2bf5e55051726d37cd02d8f0cdd310c	0x009ca630	154	?getIterator@?$bdHashMap@_KV?$bdReference@VbdRemoteTask@@@@VbdHashingClass@@@@QBEPAXAB_K@Z	bdLobby:bdRemoteTaskManager.obj	urn:ure:t6:re_FunctionFamily:urn_ure_t6_core_Project_black-ops-2_fd2705692f16c05f_re_Function_msvc-public_getIterator_bdHashMap__KV_bdReference_VbdRemoteTask_VbdHashingClass_QBEPAXAB_K_Z:b1b55430f5d5051d	urn:ure:t6:re_FunctionVariant:urn_ure_t6_re_FunctionFamily_urn_ure_t6_core_Project_black-ops-2_fd2705692f16c05f_re_Function_msvc-public_getIterator_bdHashMap__KV_bdReference_VbdRemoteTask_VbdHashingClass_QBEPAXAB_K_Z_b1b55430f5d5051d_build_urn_ure_t6_re_Build_urn_ure_t6_core_Project_black-ops-2_fd2705692f16c05f_pc-server-2013-03-11_4ee9a1fac7aa9195:d2fa267368f1521f
0x00A3DF30	c1ade803316e3526df28c80ec1d8243a2f0e5b0ace9f10605c8ec547df32e3f7	0x009cba50	7	?getErrorCode@bdAuthService@@QBE?AW4bdLobbyErrorCode@@XZ	bdLobby:bdAuthService.obj	urn:ure:t6:re_FunctionFamily:urn_ure_t6_core_Project_black-ops-2_fd2705692f16c05f_re_Function_msvc-public_getErrorCode_bdAuthService_QBE_AW4bdLobbyErrorCode_XZ:2627beaaa2cd3319	urn:ure:t6:re_FunctionVariant:urn_ure_t6_re_FunctionFamily_urn_ure_t6_core_Project_black-ops-2_fd2705692f16c05f_re_Function_msvc-public_getErrorCode_bdAuthService_QBE_AW4bdLobbyErrorCode_XZ_2627beaaa2cd3319_build_urn_ure_t6_re_Build_urn_ure_t6_core_Project_black-ops-2_fd2705692f16c05f_pc-server-2013-03-11_4ee9a1fac7aa9195:780a8abcbe16a75d
0x00A3DF40	4f2f5aebc83e057a70bdaddfb7545120a3e11bcdaa823c1def1422f8768ac3ed	0x009cba60	4	?getAuthInfo@bdAuthService@@QBEPBVbdAuthInfo@@XZ	bdLobby:bdAuthService.obj	urn:ure:t6:re_FunctionFamily:urn_ure_t6_core_Project_black-ops-2_fd2705692f16c05f_re_Function_msvc-public_getAuthInfo_bdAuthService_QBEPBVbdAuthInfo_XZ:58b389dea2a0bf33	urn:ure:t6:re_FunctionVariant:urn_ure_t6_re_FunctionFamily_urn_ure_t6_core_Project_black-ops-2_fd2705692f16c05f_re_Function_msvc-public_getAuthInfo_bdAuthService_QBEPBVbdAuthInfo_XZ_58b389dea2a0bf33_build_urn_ure_t6_re_Build_urn_ure_t6_core_Project_black-ops-2_fd2705692f16c05f_pc-server-2013-03-11_4ee9a1fac7aa9195:25059aeabeaf8ce0
0x00A42BC0	ac61523b227f73f907d2758732a5d707aaf5942d899fc7c0fff99800bc7ddf8d	0x009d0e80	216	?addResponse@bdAntiCheatResponses@@QAEXABVbdAntiCheatChallenge@@_J@Z	bdLobby:bdAntiCheatResponses.obj	urn:ure:t6:re_FunctionFamily:urn_ure_t6_core_Project_black-ops-2_fd2705692f16c05f_re_Function_msvc-public_addResponse_bdAntiCheatResponses_QAEXABVbdAntiCheatChallenge__J_Z:dbcc0069a422586e	urn:ure:t6:re_FunctionVariant:urn_ure_t6_re_FunctionFamily_urn_ure_t6_core_Project_black-ops-2_fd2705692f16c05f_re_Function_msvc-public_addResponse_bdAntiCheatResponses_QAEXABVbdAntiCheatChallenge__J_Z_dbcc0069a422586e_build_urn_ure_t6_re_Build_urn_ure_t6_core_Project_black-ops-2_fd2705692f16c05f_pc-server-2013-03-11_4ee9a1fac7aa9195:c7b27e58d2e88a68
0x00A43020	92c5e2972d2442d6d750d027a5da0e7ee862ca52fef58c2af20331258d8191ef	0x009d1160	7	?getNumChallenges@bdAntiCheatChallenges@@QBEIXZ	bdLobby:bdAntiCheatChallenges.obj	urn:ure:t6:re_FunctionFamily:urn_ure_t6_core_Project_black-ops-2_fd2705692f16c05f_re_Function_msvc-public_getNumChallenges_bdAntiCheatChallenges_QBEIXZ:fb9378a57b340561	urn:ure:t6:re_FunctionVariant:urn_ure_t6_re_FunctionFamily_urn_ure_t6_core_Project_black-ops-2_fd2705692f16c05f_re_Function_msvc-public_getNumChallenges_bdAntiCheatChallenges_QBEIXZ_fb9378a57b340561_build_urn_ure_t6_re_Build_urn_ure_t6_core_Project_black-ops-2_fd2705692f16c05f_pc-server-2013-03-11_4ee9a1fac7aa9195:582dcadc0d967f9e
0x00A43190	b50113b14091dd1c4378e73f4c7024131b4d97da4fe1655d4af2724cf037cacf	0x009d12d0	21	?getChallengeByIndex@bdAntiCheatChallenges@@QBEABVbdAntiCheatChallenge@@I@Z	bdLobby:bdAntiCheatChallenges.obj	urn:ure:t6:re_FunctionFamily:urn_ure_t6_core_Project_black-ops-2_fd2705692f16c05f_re_Function_msvc-public_getChallengeByIndex_bdAntiCheatChallenges_QBEABVbdAntiCheatChallenge_I_Z:b7872ce824557a44	urn:ure:t6:re_FunctionVariant:urn_ure_t6_re_FunctionFamily_urn_ure_t6_core_Project_black-ops-2_fd2705692f16c05f_re_Function_msvc-public_getChallengeByIndex_bdAntiCheatChallenges_QBEABVbdAntiCheatChallenge_I_Z_b7872ce824557a44_build_urn_ure_t6_re_Build_urn_ure_t6_core_Project_black-ops-2_fd2705692f16c05f_pc-server-2013-03-11_4ee9a1fac7aa9195:a702c38943db86ea
0x00A457C0	923d1a98e397f42b18b1fe647cb0d836cdfa25ef31f2788ff06a51f12dcb3c64	0x009d2840	7	?getErrorCode@bdBandwidthTestClient@@QBE?AW4bdLobbyErrorCode@@XZ	bdLobby:bdBandwidthTest.obj	urn:ure:t6:re_FunctionFamily:urn_ure_t6_core_Project_black-ops-2_fd2705692f16c05f_re_Function_msvc-public_getErrorCode_bdBandwidthTestClient_QBE_AW4bdLobbyErrorCode_XZ:1ca50238b5524f5c	urn:ure:t6:re_FunctionVariant:urn_ure_t6_re_FunctionFamily_urn_ure_t6_core_Project_black-ops-2_fd2705692f16c05f_re_Function_msvc-public_getErrorCode_bdBandwidthTestClient_QBE_AW4bdLobbyErrorCode_XZ_1ca50238b5524f5c_build_urn_ure_t6_re_Build_urn_ure_t6_core_Project_black-ops-2_fd2705692f16c05f_pc-server-2013-03-11_4ee9a1fac7aa9195:cda0e235c81cc3c1
0x00A46620	37eb9a04f4b04775606e46583a8d7df9ed9c89f95ad03e61210b03277b218809	0x009d3ac0	23	??0bdBandwidthTestResults@@QAE@XZ	bdLobby:bdBandwidthTestResults.obj	urn:ure:t6:re_FunctionFamily:urn_ure_t6_core_Project_black-ops-2_fd2705692f16c05f_re_Function_msvc-public_0bdBandwidthTestResults_QAE_XZ:dd98b837aedfa058	urn:ure:t6:re_FunctionVariant:urn_ure_t6_re_FunctionFamily_urn_ure_t6_core_Project_black-ops-2_fd2705692f16c05f_re_Function_msvc-public_0bdBandwidthTestResults_QAE_XZ_dd98b837aedfa058_build_urn_ure_t6_re_Build_urn_ure_t6_core_Project_black-ops-2_fd2705692f16c05f_pc-server-2013-03-11_4ee9a1fac7aa9195:bdf15b3479df4587
0x00A468D0	1d8f2fa729de547ab15c088435d21fe605e9f82e7d5567530de3effd29115e92	0x009d3d50	15	?getHeaderStart@bdTaskByteBuffer@@QBEPAEXZ	bdLobby:bdTaskByteBuffer.obj	urn:ure:t6:re_FunctionFamily:urn_ure_t6_core_Project_black-ops-2_fd2705692f16c05f_re_Function_msvc-public_getHeaderStart_bdTaskByteBuffer_QBEPAEXZ:3f5002563f0bd37a	urn:ure:t6:re_FunctionVariant:urn_ure_t6_re_FunctionFamily_urn_ure_t6_core_Project_black-ops-2_fd2705692f16c05f_re_Function_msvc-public_getHeaderStart_bdTaskByteBuffer_QBEPAEXZ_3f5002563f0bd37a_build_urn_ure_t6_re_Build_urn_ure_t6_core_Project_black-ops-2_fd2705692f16c05f_pc-server-2013-03-11_4ee9a1fac7aa9195:8cb4670b39e5a7d6
0x00A46B50	68b70ba1e6ad2356c69cac8e846649e599945994fa7690a0bf4af28fa25c24a5	0x009d4010	4	?getStatus@bdLobbyConnection@@QBE?AW4Status@1@XZ	bdLobby:bdLobbyConnection.obj	urn:ure:t6:re_FunctionFamily:urn_ure_t6_core_Project_black-ops-2_fd2705692f16c05f_re_Function_msvc-public_getStatus_bdLobbyConnection_QBE_AW4Status_1_XZ:934f540484c05ba0	urn:ure:t6:re_FunctionVariant:urn_ure_t6_re_FunctionFamily_urn_ure_t6_core_Project_black-ops-2_fd2705692f16c05f_re_Function_msvc-public_getStatus_bdLobbyConnection_QBE_AW4Status_1_XZ_934f540484c05ba0_build_urn_ure_t6_re_Build_urn_ure_t6_core_Project_black-ops-2_fd2705692f16c05f_pc-server-2013-03-11_4ee9a1fac7aa9195:df4962b40e038816
0x00A46B60	c9464c511ea9ec02ddadd203a4d5eca98150dba7b25a75ea8cbf631d6c8e337b	0x009d4020	10	?receivedFullMessage@bdLobbyConnection@@IAE_NXZ	bdLobby:bdLobbyConnection.obj	urn:ure:t6:re_FunctionFamily:urn_ure_t6_core_Project_black-ops-2_fd2705692f16c05f_re_Function_msvc-public_receivedFullMessage_bdLobbyConnection_IAE_NXZ:6123ec7bfdfe5a5a	urn:ure:t6:re_FunctionVariant:urn_ure_t6_re_FunctionFamily_urn_ure_t6_core_Project_black-ops-2_fd2705692f16c05f_re_Function_msvc-public_receivedFullMessage_bdLobbyConnection_IAE_NXZ_6123ec7bfdfe5a5a_build_urn_ure_t6_re_Build_urn_ure_t6_core_Project_black-ops-2_fd2705692f16c05f_pc-server-2013-03-11_4ee9a1fac7aa9195:ad3e10994413694b
0x00A48780	2ae904b3a6bc4ca2b742b13a6b4372b0110f2731cdf29edd795459ef1845e802	0x009d5f90	6	?offsetOfBufInHunkUserDefault@@YAHXZ	mem_userhunk.obj	urn:ure:t6:re_FunctionFamily:urn_ure_t6_core_Project_black-ops-2_fd2705692f16c05f_re_Function_msvc-public_offsetOfBufInHunkUserDefault_YAHXZ:4a23281f49c6b18f	urn:ure:t6:re_FunctionVariant:urn_ure_t6_re_FunctionFamily_urn_ure_t6_core_Project_black-ops-2_fd2705692f16c05f_re_Function_msvc-public_offsetOfBufInHunkUserDefault_YAHXZ_4a23281f49c6b18f_build_urn_ure_t6_re_Build_urn_ure_t6_core_Project_black-ops-2_fd2705692f16c05f_pc-server-2013-03-11_4ee9a1fac7aa9195:9385747230ffcddb
0x00A48E60	a769d4f8c172d73bad4a9d266bc596566ef038f1d39872761322c6e1e0eb04ad	0x009d67c0	5	?abortOperation@bdHTTPWrapper@@QAEXXZ	bdLobby:bdHTTPWrapper-curl.obj	urn:ure:t6:re_FunctionFamily:urn_ure_t6_core_Project_black-ops-2_fd2705692f16c05f_re_Function_msvc-public_abortOperation_bdHTTPWrapper_QAEXXZ:62f5987dccba28ca	urn:ure:t6:re_FunctionVariant:urn_ure_t6_re_FunctionFamily_urn_ure_t6_core_Project_black-ops-2_fd2705692f16c05f_re_Function_msvc-public_abortOperation_bdHTTPWrapper_QAEXXZ_62f5987dccba28ca_build_urn_ure_t6_re_Build_urn_ure_t6_core_Project_black-ops-2_fd2705692f16c05f_pc-server-2013-03-11_4ee9a1fac7aa9195:83ca0eef230b1bd7
0x00A48E70	4e291090f46b0840c5c023d9e4012dbcad1f16e2de0de219861d538e932bb0d4	0x009d67d0	4	?abortInProgress@bdHTTPWrapper@@QBE_NXZ	bdLobby:bdHTTPWrapper-curl.obj	urn:ure:t6:re_FunctionFamily:urn_ure_t6_core_Project_black-ops-2_fd2705692f16c05f_re_Function_msvc-public_abortInProgress_bdHTTPWrapper_QBE_NXZ:309bd276502bfb3f	urn:ure:t6:re_FunctionVariant:urn_ure_t6_re_FunctionFamily_urn_ure_t6_core_Project_black-ops-2_fd2705692f16c05f_re_Function_msvc-public_abortInProgress_bdHTTPWrapper_QBE_NXZ_309bd276502bfb3f_build_urn_ure_t6_re_Build_urn_ure_t6_core_Project_black-ops-2_fd2705692f16c05f_pc-server-2013-03-11_4ee9a1fac7aa9195:a6b837f80e511b12
0x00A49440	4a164acf03b4fae82ba78cf433fd81b93bbf77b855989218776e4c9f92c89e30	0x009d6da0	50	?curlUploadCallback@bdHTTPWrapper@@KAHPADIIPAX@Z	bdLobby:bdHTTPWrapper-curl.obj	urn:ure:t6:re_FunctionFamily:urn_ure_t6_core_Project_black-ops-2_fd2705692f16c05f_re_Function_msvc-public_curlUploadCallback_bdHTTPWrapper_KAHPADIIPAX_Z:33622488d331b92c	urn:ure:t6:re_FunctionVariant:urn_ure_t6_re_FunctionFamily_urn_ure_t6_core_Project_black-ops-2_fd2705692f16c05f_re_Function_msvc-public_curlUploadCallback_bdHTTPWrapper_KAHPADIIPAX_Z_33622488d331b92c_build_urn_ure_t6_re_Build_urn_ure_t6_core_Project_black-ops-2_fd2705692f16c05f_pc-server-2013-03-11_4ee9a1fac7aa9195:1d1dfface73da685
0x00A49A90	87ccf995abfd3a3d637a3dedf6ca6b00d185c36d7ff6fb44f68dfa56530fb12d	0x009d73e0	9	?isOkayToStart@bdHTTPWrapperBase@@QBE_NXZ	bdLobby:bdHTTPWrapperBase.obj	urn:ure:t6:re_FunctionFamily:urn_ure_t6_core_Project_black-ops-2_fd2705692f16c05f_re_Function_msvc-public_isOkayToStart_bdHTTPWrapperBase_QBE_NXZ:5bb119a2acfc724f	urn:ure:t6:re_FunctionVariant:urn_ure_t6_re_FunctionFamily_urn_ure_t6_core_Project_black-ops-2_fd2705692f16c05f_re_Function_msvc-public_isOkayToStart_bdHTTPWrapperBase_QBE_NXZ_5bb119a2acfc724f_build_urn_ure_t6_re_Build_urn_ure_t6_core_Project_black-ops-2_fd2705692f16c05f_pc-server-2013-03-11_4ee9a1fac7aa9195:4853d8275abc2a47
0x00A4ADF0	2ca4d4b3b4236810e391c18abad88834f6438777c0a3a88da8f6fc857395ddaf	0x009d85a0	7	?getStatus@bdNetImpl@@QBE?AW4bdNetStatus@1@XZ	bdNet:bdNet.obj	urn:ure:t6:re_FunctionFamily:urn_ure_t6_core_Project_black-ops-2_fd2705692f16c05f_re_Function_msvc-public_getStatus_bdNetImpl_QBE_AW4bdNetStatus_1_XZ:18787e0ae866c2a8	urn:ure:t6:re_FunctionVariant:urn_ure_t6_re_FunctionFamily_urn_ure_t6_core_Project_black-ops-2_fd2705692f16c05f_re_Function_msvc-public_getStatus_bdNetImpl_QBE_AW4bdNetStatus_1_XZ_18787e0ae866c2a8_build_urn_ure_t6_re_Build_urn_ure_t6_core_Project_black-ops-2_fd2705692f16c05f_pc-server-2013-03-11_4ee9a1fac7aa9195:e2249c6ee4e20057
0x00A4AF60	9107d0afff035a7f6d24fc474ee1928e2f3e4c5dfea37a5285b22d5b1b196336	0x009d8810	7	?getSocketRouter@bdNetImpl@@QAEPAVbdSocketRouter@@XZ	bdNet:bdNet.obj	urn:ure:t6:re_FunctionFamily:urn_ure_t6_core_Project_black-ops-2_fd2705692f16c05f_re_Function_msvc-public_getSocketRouter_bdNetImpl_QAEPAVbdSocketRouter_XZ:267c3f38b755cf5b	urn:ure:t6:re_FunctionVariant:urn_ure_t6_re_FunctionFamily_urn_ure_t6_core_Project_black-ops-2_fd2705692f16c05f_re_Function_msvc-public_getSocketRouter_bdNetImpl_QAEPAVbdSocketRouter_XZ_267c3f38b755cf5b_build_urn_ure_t6_re_Build_urn_ure_t6_core_Project_black-ops-2_fd2705692f16c05f_pc-server-2013-03-11_4ee9a1fac7aa9195:4e5b03946927091a
0x00A4B700	fb55ba3e9c837737ec311119713c5811c3f4e813cbf5a90c28b309892a358817	0x009d9030	146	??4bdNetStartParams@@QAEAAV0@ABV0@@Z	bdNet:bdNet.obj	urn:ure:t6:re_FunctionFamily:urn_ure_t6_core_Project_black-ops-2_fd2705692f16c05f_re_Function_msvc-public_4bdNetStartParams_QAEAAV0_ABV0_Z:187508a6d7e2a3f5	urn:ure:t6:re_FunctionVariant:urn_ure_t6_re_FunctionFamily_urn_ure_t6_core_Project_black-ops-2_fd2705692f16c05f_re_Function_msvc-public_4bdNetStartParams_QAEAAV0_ABV0_Z_187508a6d7e2a3f5_build_urn_ure_t6_re_Build_urn_ure_t6_core_Project_black-ops-2_fd2705692f16c05f_pc-server-2013-03-11_4ee9a1fac7aa9195:442ccec740cc56da
0x00A4D0C0	2941d7a789e61f62a68616cda5b4e1bb5da0f63b0804989437f43e084b064758	0x009db050	22	?isRunning@bdUPnP@@QAE_NXZ	bdNet:bdUPnP.obj	urn:ure:t6:re_FunctionFamily:urn_ure_t6_core_Project_black-ops-2_fd2705692f16c05f_re_Function_msvc-public_isRunning_bdUPnP_QAE_NXZ:6267b1654925afe0	urn:ure:t6:re_FunctionVariant:urn_ure_t6_re_FunctionFamily_urn_ure_t6_core_Project_black-ops-2_fd2705692f16c05f_re_Function_msvc-public_isRunning_bdUPnP_QAE_NXZ_6267b1654925afe0_build_urn_ure_t6_re_Build_urn_ure_t6_core_Project_black-ops-2_fd2705692f16c05f_pc-server-2013-03-11_4ee9a1fac7aa9195:6e395125386c9efb
0x00A4EE50	3a22c4d458153c44df5ee705b2095d349de2083677f36421af01456058fcb021	0x009ddd60	9	??0bdInAddr@@QAE@XZ	bdPlatform:bdInAddr.obj	urn:ure:t6:re_FunctionFamily:urn_ure_t6_core_Project_black-ops-2_fd2705692f16c05f_re_Function_msvc-public_0bdInAddr_QAE_XZ:ec0ab5532e8a6af1	urn:ure:t6:re_FunctionVariant:urn_ure_t6_re_FunctionFamily_urn_ure_t6_core_Project_black-ops-2_fd2705692f16c05f_re_Function_msvc-public_0bdInAddr_QAE_XZ_ec0ab5532e8a6af1_build_urn_ure_t6_re_Build_urn_ure_t6_core_Project_black-ops-2_fd2705692f16c05f_pc-server-2013-03-11_4ee9a1fac7aa9195:f2bdf300767573a4
0x00A4EE80	fde0dbbdc542bd4b2ee0c9350ee651b6ce84a538bbc0118e1793f7902fcdb739	0x009ddd90	22	??0bdInAddr@@QAE@PBD@Z	bdPlatform:bdInAddr.obj	urn:ure:t6:re_FunctionFamily:urn_ure_t6_core_Project_black-ops-2_fd2705692f16c05f_re_Function_msvc-public_0bdInAddr_QAE_PBD_Z:5927f113f0973e1d	urn:ure:t6:re_FunctionVariant:urn_ure_t6_re_FunctionFamily_urn_ure_t6_core_Project_black-ops-2_fd2705692f16c05f_re_Function_msvc-public_0bdInAddr_QAE_PBD_Z_5927f113f0973e1d_build_urn_ure_t6_re_Build_urn_ure_t6_core_Project_black-ops-2_fd2705692f16c05f_pc-server-2013-03-11_4ee9a1fac7aa9195:49bfebcef91c8ba9
0x00A4F8A0	da5df05c6a392f13721a49f6bcf8fde80d7b45d9b753c913435715278bd1b6be	0x009e2730	180	?next@?$bdHashMap@VbdSecurityID@@VbdSecurityKey@@VbdHashingClass@@@@QBEXAAPAX@Z	bdSocket:bdSecurityKeyMap.obj	urn:ure:t6:re_FunctionFamily:urn_ure_t6_core_Project_black-ops-2_fd2705692f16c05f_re_Function_msvc-public_next_bdHashMap_VbdSecurityID_VbdSecurityKey_VbdHashingClass_QBEXAAPAX_Z:818cca8ec91e57a1	urn:ure:t6:re_FunctionVariant:urn_ure_t6_re_FunctionFamily_urn_ure_t6_core_Project_black-ops-2_fd2705692f16c05f_re_Function_msvc-public_next_bdHashMap_VbdSecurityID_VbdSecurityKey_VbdHashingClass_QBEXAAPAX_Z_818cca8ec91e57a1_build_urn_ure_t6_re_Build_urn_ure_t6_core_Project_black-ops-2_fd2705692f16c05f_pc-server-2013-03-11_4ee9a1fac7aa9195:4a637029a1a69531
0x00A50880	f2754c077f6587c6c2d84151837d5c1eb4511bd04eec765deab0859220fe3c2d	0x009de760	4	?getQoSProber@bdSocketRouter@@QAEPAVbdQoSProbe@@XZ	bdSocket:bdSocketRouter.obj	urn:ure:t6:re_FunctionFamily:urn_ure_t6_core_Project_black-ops-2_fd2705692f16c05f_re_Function_msvc-public_getQoSProber_bdSocketRouter_QAEPAVbdQoSProbe_XZ:6bbb704bd2a495c5	urn:ure:t6:re_FunctionVariant:urn_ure_t6_re_FunctionFamily_urn_ure_t6_core_Project_black-ops-2_fd2705692f16c05f_re_Function_msvc-public_getQoSProber_bdSocketRouter_QAEPAVbdQoSProbe_XZ_6bbb704bd2a495c5_build_urn_ure_t6_re_Build_urn_ure_t6_core_Project_black-ops-2_fd2705692f16c05f_pc-server-2013-03-11_4ee9a1fac7aa9195:3ca72feee7df9965
0x00A508B0	0f44d97c9f42d2e1a1e7956b0bb8e4b07c70feb205b095c08c6fc79b67e90094	0x009de790	4	?getAddressMap@bdSocketRouter@@QAEPAVbdAddressMap@@XZ	bdSocket:bdSocketRouter.obj	urn:ure:t6:re_FunctionFamily:urn_ure_t6_core_Project_black-ops-2_fd2705692f16c05f_re_Function_msvc-public_getAddressMap_bdSocketRouter_QAEPAVbdAddressMap_XZ:3d67e1a48467d4fd	urn:ure:t6:re_FunctionVariant:urn_ure_t6_re_FunctionFamily_urn_ure_t6_core_Project_black-ops-2_fd2705692f16c05f_re_Function_msvc-public_getAddressMap_bdSocketRouter_QAEPAVbdAddressMap_XZ_3d67e1a48467d4fd_build_urn_ure_t6_re_Build_urn_ure_t6_core_Project_black-ops-2_fd2705692f16c05f_pc-server-2013-03-11_4ee9a1fac7aa9195:c2bd11fbca8a069c
0x00A54120	f268ff97784a480e98ab7ada1c41b59063c28a2b87d3c0170aed0a20c1dd7b61	0x009e3fd0	99	?getIterator@?$bdHashMap@V?$bdReference@VbdCommonAddr@@@@V?$bdArray@UbdQoSProbeEntryWrapper@bdQoSProbe@@@@VbdHashingClass@@@@QBEPAXABV?$bdReference@VbdCommonAddr@@@@@Z	bdSocket:bdQoSProbe.obj	urn:ure:t6:re_FunctionFamily:urn_ure_t6_core_Project_black-ops-2_fd2705692f16c05f_re_Function_msvc-public_getIterator_bdHashMap_V_bdReference_VbdCommonAddr_V_bdArray_UbdQoSProbeEntryWrapper_bdQoSProbe_VbdHashingClass_QBEPAXABV_bdReference_VbdCommonAddr_Z:0634c6b8f8be65bb	urn:ure:t6:re_FunctionVariant:urn_ure_t6_re_FunctionFamily_urn_ure_t6_core_Project_black-ops-2_fd2705692f16c05f_re_Function_msvc-public_getIterator_bdHashMap_V_bdReference_VbdCommonAddr_V_bdArray_UbdQoSProbeEntryWrapper_bdQoSProbe_VbdHashingClass_QBEPAXABV_bdReference_VbdCommonAddr_Z_0634c6b8f8be65bb_build_urn_ure_t6_re_Build_urn_ure_t6_core_Project_black-ops-2_fd2705692f16c05f_pc-server-2013-03-11_4ee9a1fac7aa9195:66ccda0e48cba434
0x00A54190	07fbb51f08ef9c054d78c81286931f3431ef196396579341e1627b759a2d9c99	0x009e4040	126	?next@?$bdHashMap@V?$bdReference@VbdCommonAddr@@@@V?$bdArray@UbdQoSProbeEntryWrapper@bdQoSProbe@@@@VbdHashingClass@@@@QBEXAAPAX@Z	bdSocket:bdQoSProbe.obj	urn:ure:t6:re_FunctionFamily:urn_ure_t6_core_Project_black-ops-2_fd2705692f16c05f_re_Function_msvc-public_next_bdHashMap_V_bdReference_VbdCommonAddr_V_bdArray_UbdQoSProbeEntryWrapper_bdQoSProbe_VbdHashingClass_QBEXAAPAX_Z:eaf6102f70953d4f	urn:ure:t6:re_FunctionVariant:urn_ure_t6_re_FunctionFamily_urn_ure_t6_core_Project_black-ops-2_fd2705692f16c05f_re_Function_msvc-public_next_bdHashMap_V_bdReference_VbdCommonAddr_V_bdArray_UbdQoSProbeEntryWrapper_bdQoSProbe_VbdHashingClass_QBEXAAPAX_Z_eaf6102f70953d4f_build_urn_ure_t6_re_Build_urn_ure_t6_core_Project_black-ops-2_fd2705692f16c05f_pc-server-2013-03-11_4ee9a1fac7aa9195:7ad78b0df5bbd8da
0x00A54210	5aa83dbb653d5deaaa5c32c7e78355d8894ed9528f0fc4a05b78ad131adb03f2	0x009e40c0	126	?next@?$bdHashMap@IUbdQoSProbeEntryWrapper@bdQoSProbe@@VbdHashingClass@@@@QBEXAAPAX@Z	bdSocket:bdQoSProbe.obj	urn:ure:t6:re_FunctionFamily:urn_ure_t6_core_Project_black-ops-2_fd2705692f16c05f_re_Function_msvc-public_next_bdHashMap_IUbdQoSProbeEntryWrapper_bdQoSProbe_VbdHashingClass_QBEXAAPAX_Z:516f6073fff7a4f9	urn:ure:t6:re_FunctionVariant:urn_ure_t6_re_FunctionFamily_urn_ure_t6_core_Project_black-ops-2_fd2705692f16c05f_re_Function_msvc-public_next_bdHashMap_IUbdQoSProbeEntryWrapper_bdQoSProbe_VbdHashingClass_QBEXAAPAX_Z_516f6073fff7a4f9_build_urn_ure_t6_re_Build_urn_ure_t6_core_Project_black-ops-2_fd2705692f16c05f_pc-server-2013-03-11_4ee9a1fac7aa9195:1e246efe03bd7ed9
0x00A54290	475462d6084f455b6c898d180509e8d498ec04ba0a9ba10ca822c1af85b4296d	0x009e4270	99	?getIterator@?$bdHashMap@IUbdQoSProbeEntryWrapper@bdQoSProbe@@VbdHashingClass@@@@QBEPAXABI@Z	bdSocket:bdQoSProbe.obj	urn:ure:t6:re_FunctionFamily:urn_ure_t6_core_Project_black-ops-2_fd2705692f16c05f_re_Function_msvc-public_getIterator_bdHashMap_IUbdQoSProbeEntryWrapper_bdQoSProbe_VbdHashingClass_QBEPAXABI_Z:bccead3df8417d73	urn:ure:t6:re_FunctionVariant:urn_ure_t6_re_FunctionFamily_urn_ure_t6_core_Project_black-ops-2_fd2705692f16c05f_re_Function_msvc-public_getIterator_bdHashMap_IUbdQoSProbeEntryWrapper_bdQoSProbe_VbdHashingClass_QBEPAXABI_Z_bccead3df8417d73_build_urn_ure_t6_re_Build_urn_ure_t6_core_Project_black-ops-2_fd2705692f16c05f_pc-server-2013-03-11_4ee9a1fac7aa9195:bdfdac71b5b2a4f0
0x00A56600	01ccd781f5c7b808ddb1976b9e44b6c04cabe247dbebc80a88c68edcb453fd5e	0x009e6b60	23	?isRunning@bdNATTypeDiscoveryClient@@QBE_NXZ	bdSocket:bdNATTypeDiscoveryClient.obj	urn:ure:t6:re_FunctionFamily:urn_ure_t6_core_Project_black-ops-2_fd2705692f16c05f_re_Function_msvc-public_isRunning_bdNATTypeDiscoveryClient_QBE_NXZ:85e2a6f14e908716	urn:ure:t6:re_FunctionVariant:urn_ure_t6_re_FunctionFamily_urn_ure_t6_core_Project_black-ops-2_fd2705692f16c05f_re_Function_msvc-public_isRunning_bdNATTypeDiscoveryClient_QBE_NXZ_85e2a6f14e908716_build_urn_ure_t6_re_Build_urn_ure_t6_core_Project_black-ops-2_fd2705692f16c05f_pc-server-2013-03-11_4ee9a1fac7aa9195:1188b56ed271aa81
0x00A57400	20ec44831ff387f59c38375c62ca0aa33dec3b36eeaf8c3b7ea287410df7d6d5	0x009e7d10	99	?getIterator@?$bdHashMap@IVbdNATTravClientData@@VbdHashingClass@@@@QBEPAXABI@Z	bdSocket:bdNATTravClient.obj	urn:ure:t6:re_FunctionFamily:urn_ure_t6_core_Project_black-ops-2_fd2705692f16c05f_re_Function_msvc-public_getIterator_bdHashMap_IVbdNATTravClientData_VbdHashingClass_QBEPAXABI_Z:feae17119969bc1d	urn:ure:t6:re_FunctionVariant:urn_ure_t6_re_FunctionFamily_urn_ure_t6_core_Project_black-ops-2_fd2705692f16c05f_re_Function_msvc-public_getIterator_bdHashMap_IVbdNATTravClientData_VbdHashingClass_QBEPAXABI_Z_feae17119969bc1d_build_urn_ure_t6_re_Build_urn_ure_t6_core_Project_black-ops-2_fd2705692f16c05f_pc-server-2013-03-11_4ee9a1fac7aa9195:12c669e56fd0f80e
0x00A57470	7f0a75f4a0b016c0e03af18fb2f7ed3f4485e60b4bf035477eda7c030cc5a607	0x009e7d80	126	?next@?$bdHashMap@IVbdNATTravClientData@@VbdHashingClass@@@@QBEXAAPAX@Z	bdSocket:bdNATTravClient.obj	urn:ure:t6:re_FunctionFamily:urn_ure_t6_core_Project_black-ops-2_fd2705692f16c05f_re_Function_msvc-public_next_bdHashMap_IVbdNATTravClientData_VbdHashingClass_QBEXAAPAX_Z:70bc316685db07c9	urn:ure:t6:re_FunctionVariant:urn_ure_t6_re_FunctionFamily_urn_ure_t6_core_Project_black-ops-2_fd2705692f16c05f_re_Function_msvc-public_next_bdHashMap_IVbdNATTravClientData_VbdHashingClass_QBEXAAPAX_Z_70bc316685db07c9_build_urn_ure_t6_re_Build_urn_ure_t6_core_Project_black-ops-2_fd2705692f16c05f_pc-server-2013-03-11_4ee9a1fac7aa9195:758a8831f1527911
0x00A59740	b8afd6e064e388496aa9ce4618105d23a53f50f1f40b06c8222102d07b0589b7	0x009eacf0	7	?getLocalSecurityId@bdDTLSAssociation@@QAEPBVbdSecurityID@@XZ	bdSocket:bdDTLSAssociation.obj	urn:ure:t6:re_FunctionFamily:urn_ure_t6_core_Project_black-ops-2_fd2705692f16c05f_re_Function_msvc-public_getLocalSecurityId_bdDTLSAssociation_QAEPBVbdSecurityID_XZ:407d710ac27c47de	urn:ure:t6:re_FunctionVariant:urn_ure_t6_re_FunctionFamily_urn_ure_t6_core_Project_black-ops-2_fd2705692f16c05f_re_Function_msvc-public_getLocalSecurityId_bdDTLSAssociation_QAEPBVbdSecurityID_XZ_407d710ac27c47de_build_urn_ure_t6_re_Build_urn_ure_t6_core_Project_black-ops-2_fd2705692f16c05f_pc-server-2013-03-11_4ee9a1fac7aa9195:c7eb7bdc1fc51008
0x00A59DA0	c5d536dadc62ef142b92f9fc10a59ba63d8efcceb0788cf7b082e55e8794eefe	0x009eb5c0	118	??4bdDTLSInitAck@@QAEAAV0@ABV0@@Z	bdSocket:bdDTLSAssociation.obj	urn:ure:t6:re_FunctionFamily:urn_ure_t6_core_Project_black-ops-2_fd2705692f16c05f_re_Function_msvc-public_4bdDTLSInitAck_QAEAAV0_ABV0_Z:28c2dd57e428b6d9	urn:ure:t6:re_FunctionVariant:urn_ure_t6_re_FunctionFamily_urn_ure_t6_core_Project_black-ops-2_fd2705692f16c05f_re_Function_msvc-public_4bdDTLSInitAck_QAEAAV0_ABV0_Z_28c2dd57e428b6d9_build_urn_ure_t6_re_Build_urn_ure_t6_core_Project_black-ops-2_fd2705692f16c05f_pc-server-2013-03-11_4ee9a1fac7aa9195:cc659ffa33344e22
0x00A5B3A0	bdda960286ab95ddc5f5e74b03378f622d9dd189bc8ec684d50e39e368b4a634	0x009ed3f0	15	?clearBuffer@bdPacketBufferInternal@@QAEXXZ	bdSocket:bdPacketBuffer.obj	urn:ure:t6:re_FunctionFamily:urn_ure_t6_core_Project_black-ops-2_fd2705692f16c05f_re_Function_msvc-public_clearBuffer_bdPacketBufferInternal_QAEXXZ:d616d4a2d577699b	urn:ure:t6:re_FunctionVariant:urn_ure_t6_re_FunctionFamily_urn_ure_t6_core_Project_black-ops-2_fd2705692f16c05f_re_Function_msvc-public_clearBuffer_bdPacketBufferInternal_QAEXXZ_d616d4a2d577699b_build_urn_ure_t6_re_Build_urn_ure_t6_core_Project_black-ops-2_fd2705692f16c05f_pc-server-2013-03-11_4ee9a1fac7aa9195:2a5d4fb60aa49544
0x00A5B3B0	e2d7162e36ec61247a1cb7ce7305f472db9ffae432b1b164d1062a6441c8788b	0x009ed400	7	?getKey@bdPacketBufferInternal@@QAEIXZ	bdSocket:bdPacketBuffer.obj	urn:ure:t6:re_FunctionFamily:urn_ure_t6_core_Project_black-ops-2_fd2705692f16c05f_re_Function_msvc-public_getKey_bdPacketBufferInternal_QAEIXZ:e0e52b6561297bb3	urn:ure:t6:re_FunctionVariant:urn_ure_t6_re_FunctionFamily_urn_ure_t6_core_Project_black-ops-2_fd2705692f16c05f_re_Function_msvc-public_getKey_bdPacketBufferInternal_QAEIXZ_e0e52b6561297bb3_build_urn_ure_t6_re_Build_urn_ure_t6_core_Project_black-ops-2_fd2705692f16c05f_pc-server-2013-03-11_4ee9a1fac7aa9195:8a0733c6ef964c82
0x00A5B3D0	5f76a5d9363f84c1ea694431d69994d96b0078310281846fb63d9640965ea11c	0x009ed420	30	?clearAll@bdPacketBuffer@@QAEXXZ	bdSocket:bdPacketBuffer.obj	urn:ure:t6:re_FunctionFamily:urn_ure_t6_core_Project_black-ops-2_fd2705692f16c05f_re_Function_msvc-public_clearAll_bdPacketBuffer_QAEXXZ:79011b14d846ae6c	urn:ure:t6:re_FunctionVariant:urn_ure_t6_re_FunctionFamily_urn_ure_t6_core_Project_black-ops-2_fd2705692f16c05f_re_Function_msvc-public_clearAll_bdPacketBuffer_QAEXXZ_79011b14d846ae6c_build_urn_ure_t6_re_Build_urn_ure_t6_core_Project_black-ops-2_fd2705692f16c05f_pc-server-2013-03-11_4ee9a1fac7aa9195:0950985a6b16c526
0x00A5B3F0	9f01dcf1b5b2843e311c66cf9bde69ee4dff42b9a889414ff13e77342f7f8efe	0x009ed440	94	?findBuffer@bdPacketBuffer@@AAEPAVbdPacketBufferInternal@@I_N@Z	bdSocket:bdPacketBuffer.obj	urn:ure:t6:re_FunctionFamily:urn_ure_t6_core_Project_black-ops-2_fd2705692f16c05f_re_Function_msvc-public_findBuffer_bdPacketBuffer_AAEPAVbdPacketBufferInternal_I_N_Z:f1a0f4f4f9a01593	urn:ure:t6:re_FunctionVariant:urn_ure_t6_re_FunctionFamily_urn_ure_t6_core_Project_black-ops-2_fd2705692f16c05f_re_Function_msvc-public_findBuffer_bdPacketBuffer_AAEPAVbdPacketBufferInternal_I_N_Z_f1a0f4f4f9a01593_build_urn_ure_t6_re_Build_urn_ure_t6_core_Project_black-ops-2_fd2705692f16c05f_pc-server-2013-03-11_4ee9a1fac7aa9195:6be921624f8e540a
0x00A5B8D0	aa133952f7d210152ca56092b7ec0a75a2f2fecbc4f94dbbbd29e909da0468fe	0x009ed9b0	21	?getSecID@bdDTLSCookieAck@@QBEXAAVbdSecurityID@@@Z	bdSocket:bdDTLSCookieAck.obj	urn:ure:t6:re_FunctionFamily:urn_ure_t6_core_Project_black-ops-2_fd2705692f16c05f_re_Function_msvc-public_getSecID_bdDTLSCookieAck_QBEXAAVbdSecurityID_Z:9e4920469b0692e4	urn:ure:t6:re_FunctionVariant:urn_ure_t6_re_FunctionFamily_urn_ure_t6_core_Project_black-ops-2_fd2705692f16c05f_re_Function_msvc-public_getSecID_bdDTLSCookieAck_QBEXAAVbdSecurityID_Z_9e4920469b0692e4_build_urn_ure_t6_re_Build_urn_ure_t6_core_Project_black-ops-2_fd2705692f16c05f_pc-server-2013-03-11_4ee9a1fac7aa9195:a1f5dac2cc42a8e2
0x00A5BBF0	29f5a04630a884c9ec03d2af36b4a06f2c2577acd2e4613d80ffc01be0d3de19	0x009edcc0	5	?getPeerTag@bdDTLSInitAck@@QBEGXZ	bdSocket:bdDTLSInitAck.obj	urn:ure:t6:re_FunctionFamily:urn_ure_t6_core_Project_black-ops-2_fd2705692f16c05f_re_Function_msvc-public_getPeerTag_bdDTLSInitAck_QBEGXZ:f7dd61762348af91	urn:ure:t6:re_FunctionVariant:urn_ure_t6_re_FunctionFamily_urn_ure_t6_core_Project_black-ops-2_fd2705692f16c05f_re_Function_msvc-public_getPeerTag_bdDTLSInitAck_QBEGXZ_f7dd61762348af91_build_urn_ure_t6_re_Build_urn_ure_t6_core_Project_black-ops-2_fd2705692f16c05f_pc-server-2013-03-11_4ee9a1fac7aa9195:526b8c948edd8fc7
0x00A5BC00	8478c453e40be6a6473cd33ac75ba5ffeede901c8390fb6a0ea2471ca6e062cf	0x009edcd0	5	?getLocalTieTag@bdDTLSInitAck@@QBEGXZ	bdSocket:bdDTLSInitAck.obj	urn:ure:t6:re_FunctionFamily:urn_ure_t6_core_Project_black-ops-2_fd2705692f16c05f_re_Function_msvc-public_getLocalTieTag_bdDTLSInitAck_QBEGXZ:298e44be18925376	urn:ure:t6:re_FunctionVariant:urn_ure_t6_re_FunctionFamily_urn_ure_t6_core_Project_black-ops-2_fd2705692f16c05f_re_Function_msvc-public_getLocalTieTag_bdDTLSInitAck_QBEGXZ_298e44be18925376_build_urn_ure_t6_re_Build_urn_ure_t6_core_Project_black-ops-2_fd2705692f16c05f_pc-server-2013-03-11_4ee9a1fac7aa9195:8e0ed27a788e3c5c
0x00A5BC10	55360b3d3a4936221c11eaeead6f8debcec396e42c1b8afa741355d2880aa60b	0x009edce0	5	?getPeerTieTag@bdDTLSInitAck@@QBEGXZ	bdSocket:bdDTLSInitAck.obj	urn:ure:t6:re_FunctionFamily:urn_ure_t6_core_Project_black-ops-2_fd2705692f16c05f_re_Function_msvc-public_getPeerTieTag_bdDTLSInitAck_QBEGXZ:a6883f8e1b070330	urn:ure:t6:re_FunctionVariant:urn_ure_t6_re_FunctionFamily_urn_ure_t6_core_Project_black-ops-2_fd2705692f16c05f_re_Function_msvc-public_getPeerTieTag_bdDTLSInitAck_QBEGXZ_a6883f8e1b070330_build_urn_ure_t6_re_Build_urn_ure_t6_core_Project_black-ops-2_fd2705692f16c05f_pc-server-2013-03-11_4ee9a1fac7aa9195:833e04aeaf799d0b
0x00A5BC20	dadecdeeff0b9454fd9dc08c558a9148187b2b1bec017fe8b92430570b86012a	0x009edcf0	4	?getPeerAddr@bdDTLSInitAck@@QBEABVbdAddr@@XZ	bdSocket:bdDTLSInitAck.obj	urn:ure:t6:re_FunctionFamily:urn_ure_t6_core_Project_black-ops-2_fd2705692f16c05f_re_Function_msvc-public_getPeerAddr_bdDTLSInitAck_QBEABVbdAddr_XZ:c101bee3d8b28319	urn:ure:t6:re_FunctionVariant:urn_ure_t6_re_FunctionFamily_urn_ure_t6_core_Project_black-ops-2_fd2705692f16c05f_re_Function_msvc-public_getPeerAddr_bdDTLSInitAck_QBEABVbdAddr_XZ_c101bee3d8b28319_build_urn_ure_t6_re_Build_urn_ure_t6_core_Project_black-ops-2_fd2705692f16c05f_pc-server-2013-03-11_4ee9a1fac7aa9195:049b9ce757af7b6d
0x00A5BC30	7258fd10b27a5e7eddc8096d971039f7ff07555a900a6d73ee8cda730dfef33d	0x009edd00	21	?getSecID@bdDTLSInitAck@@QBEXAAVbdSecurityID@@@Z	bdSocket:bdDTLSInitAck.obj	urn:ure:t6:re_FunctionFamily:urn_ure_t6_core_Project_black-ops-2_fd2705692f16c05f_re_Function_msvc-public_getSecID_bdDTLSInitAck_QBEXAAVbdSecurityID_Z:254cf31ccbeb5980	urn:ure:t6:re_FunctionVariant:urn_ure_t6_re_FunctionFamily_urn_ure_t6_core_Project_black-ops-2_fd2705692f16c05f_re_Function_msvc-public_getSecID_bdDTLSInitAck_QBEXAAVbdSecurityID_Z_254cf31ccbeb5980_build_urn_ure_t6_re_Build_urn_ure_t6_core_Project_black-ops-2_fd2705692f16c05f_pc-server-2013-03-11_4ee9a1fac7aa9195:4ff4f1b53be20f03
0x00A5C0E0	39314cb4cfc5466f11fa13da8f9167f726051e254c4a90e35b7c11dec61c7a15	0x009ee1b0	21	?getSecID@bdDTLSError@@QBEXAAVbdSecurityID@@@Z	bdSocket:bdDTLSError.obj	urn:ure:t6:re_FunctionFamily:urn_ure_t6_core_Project_black-ops-2_fd2705692f16c05f_re_Function_msvc-public_getSecID_bdDTLSError_QBEXAAVbdSecurityID_Z:82173736ba0fdc75	urn:ure:t6:re_FunctionVariant:urn_ure_t6_re_FunctionFamily_urn_ure_t6_core_Project_black-ops-2_fd2705692f16c05f_re_Function_msvc-public_getSecID_bdDTLSError_QBEXAAVbdSecurityID_Z_82173736ba0fdc75_build_urn_ure_t6_re_Build_urn_ure_t6_core_Project_black-ops-2_fd2705692f16c05f_pc-server-2013-03-11_4ee9a1fac7aa9195:9b3d2f39d8542252
0x00A5C490	f4bbab863d74e4a48e4e120d33b3ff08699137d405f16170cc12b8e653734f33	0x009ee580	4	?getSecID@bdDTLSCookieEcho@@QBEPBEXZ	bdSocket:bdDTLSCookieEcho.obj	urn:ure:t6:re_FunctionFamily:urn_ure_t6_core_Project_black-ops-2_fd2705692f16c05f_re_Function_msvc-public_getSecID_bdDTLSCookieEcho_QBEPBEXZ:a13fe7ede87c63ec	urn:ure:t6:re_FunctionVariant:urn_ure_t6_re_FunctionFamily_urn_ure_t6_core_Project_black-ops-2_fd2705692f16c05f_re_Function_msvc-public_getSecID_bdDTLSCookieEcho_QBEPBEXZ_a13fe7ede87c63ec_build_urn_ure_t6_re_Build_urn_ure_t6_core_Project_black-ops-2_fd2705692f16c05f_pc-server-2013-03-11_4ee9a1fac7aa9195:4a679a3a780bbdd6
0x00A5C4A0	052d5e0c827feea3811ecb028fb1e99dbae031ee88eae06c82e0b7061e202568	0x009ee590	4	?getECCKey@bdDTLSCookieEcho@@QBEPBEXZ	bdSocket:bdDTLSCookieEcho.obj	urn:ure:t6:re_FunctionFamily:urn_ure_t6_core_Project_black-ops-2_fd2705692f16c05f_re_Function_msvc-public_getECCKey_bdDTLSCookieEcho_QBEPBEXZ:8e410839d9140e87	urn:ure:t6:re_FunctionVariant:urn_ure_t6_re_FunctionFamily_urn_ure_t6_core_Project_black-ops-2_fd2705692f16c05f_re_Function_msvc-public_getECCKey_bdDTLSCookieEcho_QBEPBEXZ_8e410839d9140e87_build_urn_ure_t6_re_Build_urn_ure_t6_core_Project_black-ops-2_fd2705692f16c05f_pc-server-2013-03-11_4ee9a1fac7aa9195:4d8f3561e4e274bd
0x00A5C7C0	20fe6eac36279b44365f4cfd067a1df384e3a92c71e802b6d1e9e3c0f6ef7d31	0x009ee8e0	5	?getInitTag@bdDTLSInit@@QBEGXZ	bdSocket:bdDTLSInit.obj	urn:ure:t6:re_FunctionFamily:urn_ure_t6_core_Project_black-ops-2_fd2705692f16c05f_re_Function_msvc-public_getInitTag_bdDTLSInit_QBEGXZ:3bf93ecde38c49a4	urn:ure:t6:re_FunctionVariant:urn_ure_t6_re_FunctionFamily_urn_ure_t6_core_Project_black-ops-2_fd2705692f16c05f_re_Function_msvc-public_getInitTag_bdDTLSInit_QBEGXZ_3bf93ecde38c49a4_build_urn_ure_t6_re_Build_urn_ure_t6_core_Project_black-ops-2_fd2705692f16c05f_pc-server-2013-03-11_4ee9a1fac7aa9195:d0e45b12da85f705
0x00A5C7D0	43581ca1c963974d33d6e5aae085a18f6628332413283d4f1dc1594f4c53f756	0x009ee8f0	21	?getSecID@bdDTLSInit@@QBEXAAVbdSecurityID@@@Z	bdSocket:bdDTLSInit.obj	urn:ure:t6:re_FunctionFamily:urn_ure_t6_core_Project_black-ops-2_fd2705692f16c05f_re_Function_msvc-public_getSecID_bdDTLSInit_QBEXAAVbdSecurityID_Z:f4a354b3090df1c4	urn:ure:t6:re_FunctionVariant:urn_ure_t6_re_FunctionFamily_urn_ure_t6_core_Project_black-ops-2_fd2705692f16c05f_re_Function_msvc-public_getSecID_bdDTLSInit_QBEXAAVbdSecurityID_Z_f4a354b3090df1c4_build_urn_ure_t6_re_Build_urn_ure_t6_core_Project_black-ops-2_fd2705692f16c05f_pc-server-2013-03-11_4ee9a1fac7aa9195:efde63b35af0946c
0x00A5C9A0	06a70f0f392d31260112a687080ca8232e197e8bc406048a483e77a942e85beb	0x009eeac0	13	??0bdServiceBandwidthArbitrator@@QAE@XZ	bdSocket:bdServiceBandwidthArbitrator.obj	urn:ure:t6:re_FunctionFamily:urn_ure_t6_core_Project_black-ops-2_fd2705692f16c05f_re_Function_msvc-public_0bdServiceBandwidthArbitrator_QAE_XZ:0792478ae721b357	urn:ure:t6:re_FunctionVariant:urn_ure_t6_re_FunctionFamily_urn_ure_t6_core_Project_black-ops-2_fd2705692f16c05f_re_Function_msvc-public_0bdServiceBandwidthArbitrator_QAE_XZ_0792478ae721b357_build_urn_ure_t6_re_Build_urn_ure_t6_core_Project_black-ops-2_fd2705692f16c05f_pc-server-2013-03-11_4ee9a1fac7aa9195:01e752e0ffe6550f
0x00A5C9C0	009674ba4b319b45a90514eeea43e1fa69a6dc09014a1c01643a9e2db53bedef	0x009eeae0	54	?addSliceQuota@bdServiceBandwidthArbitrator@@QAEXI@Z	bdSocket:bdServiceBandwidthArbitrator.obj	urn:ure:t6:re_FunctionFamily:urn_ure_t6_core_Project_black-ops-2_fd2705692f16c05f_re_Function_msvc-public_addSliceQuota_bdServiceBandwidthArbitrator_QAEXI_Z:dc673f52e0ebeda0	urn:ure:t6:re_FunctionVariant:urn_ure_t6_re_FunctionFamily_urn_ure_t6_core_Project_black-ops-2_fd2705692f16c05f_re_Function_msvc-public_addSliceQuota_bdServiceBandwidthArbitrator_QAEXI_Z_dc673f52e0ebeda0_build_urn_ure_t6_re_Build_urn_ure_t6_core_Project_black-ops-2_fd2705692f16c05f_pc-server-2013-03-11_4ee9a1fac7aa9195:b74c3367f233a7a7
0x00A5CA00	b4aa519d50d49ba079ce4fb51343c11bffc0be30e8f3bf7e01de73e6a2153554	0x009eeb20	10	?allowedSend@bdServiceBandwidthArbitrator@@QBE_NI@Z	bdSocket:bdServiceBandwidthArbitrator.obj	urn:ure:t6:re_FunctionFamily:urn_ure_t6_core_Project_black-ops-2_fd2705692f16c05f_re_Function_msvc-public_allowedSend_bdServiceBandwidthArbitrator_QBE_NI_Z:2382fc12f9fafced	urn:ure:t6:re_FunctionVariant:urn_ure_t6_re_FunctionFamily_urn_ure_t6_core_Project_black-ops-2_fd2705692f16c05f_re_Function_msvc-public_allowedSend_bdServiceBandwidthArbitrator_QBE_NI_Z_2382fc12f9fafced_build_urn_ure_t6_re_Build_urn_ure_t6_core_Project_black-ops-2_fd2705692f16c05f_pc-server-2013-03-11_4ee9a1fac7aa9195:800e18e24abc479e
0x00A5CA20	60e907fc5785b4846d5b5d6227e0da5668fe358eaea121f5189a4d57ae5d6667	0x009eeb40	30	??0bdQoSReplyPacket@@QAE@XZ	bdSocket:bdQoSReplyPacket.obj	urn:ure:t6:re_FunctionFamily:urn_ure_t6_core_Project_black-ops-2_fd2705692f16c05f_re_Function_msvc-public_0bdQoSReplyPacket_QAE_XZ:61bd3047f5ac3739	urn:ure:t6:re_FunctionVariant:urn_ure_t6_re_FunctionFamily_urn_ure_t6_core_Project_black-ops-2_fd2705692f16c05f_re_Function_msvc-public_0bdQoSReplyPacket_QAE_XZ_61bd3047f5ac3739_build_urn_ure_t6_re_Build_urn_ure_t6_core_Project_black-ops-2_fd2705692f16c05f_pc-server-2013-03-11_4ee9a1fac7aa9195:f79cc4d01e5ba0c3
0x00A5CAB0	47af619b3e220babf4669a6ad04ded74eac128808c50b426ef20410162316d2c	0x009eebd0	4	?getEnabled@bdQoSReplyPacket@@QBE_NXZ	bdSocket:bdQoSReplyPacket.obj	urn:ure:t6:re_FunctionFamily:urn_ure_t6_core_Project_black-ops-2_fd2705692f16c05f_re_Function_msvc-public_getEnabled_bdQoSReplyPacket_QBE_NXZ:2ad40d67d406cc39	urn:ure:t6:re_FunctionVariant:urn_ure_t6_re_FunctionFamily_urn_ure_t6_core_Project_black-ops-2_fd2705692f16c05f_re_Function_msvc-public_getEnabled_bdQoSReplyPacket_QBE_NXZ_2ad40d67d406cc39_build_urn_ure_t6_re_Build_urn_ure_t6_core_Project_black-ops-2_fd2705692f16c05f_pc-server-2013-03-11_4ee9a1fac7aa9195:a137001c133de6df
0x00A5CE60	f14171a5f9ba99d111f8b61293fcf31b42702a556c02c2e673eb36993a3cefd5	0x009eefe0	19	??0bdQoSRequestPacket@@QAE@XZ	bdSocket:bdQoSRequestPacket.obj	urn:ure:t6:re_FunctionFamily:urn_ure_t6_core_Project_black-ops-2_fd2705692f16c05f_re_Function_msvc-public_0bdQoSRequestPacket_QAE_XZ:cdceb102446d5d23	urn:ure:t6:re_FunctionVariant:urn_ure_t6_re_FunctionFamily_urn_ure_t6_core_Project_black-ops-2_fd2705692f16c05f_re_Function_msvc-public_0bdQoSRequestPacket_QAE_XZ_cdceb102446d5d23_build_urn_ure_t6_re_Build_urn_ure_t6_core_Project_black-ops-2_fd2705692f16c05f_pc-server-2013-03-11_4ee9a1fac7aa9195:1239a74ff5bffecb
0x00A5CE80	f8cc610e96661a7cacc1abcc71503689f5019106569e57d1c87f4cec6c282cb8	0x009ef000	7	?getTimestamp@bdQoSRequestPacket@@QBE_KXZ	bdSocket:bdQoSRequestPacket.obj	urn:ure:t6:re_FunctionFamily:urn_ure_t6_core_Project_black-ops-2_fd2705692f16c05f_re_Function_msvc-public_getTimestamp_bdQoSRequestPacket_QBE_KXZ:af01680acd6fb14f	urn:ure:t6:re_FunctionVariant:urn_ure_t6_re_FunctionFamily_urn_ure_t6_core_Project_black-ops-2_fd2705692f16c05f_re_Function_msvc-public_getTimestamp_bdQoSRequestPacket_QBE_KXZ_af01680acd6fb14f_build_urn_ure_t6_re_Build_urn_ure_t6_core_Project_black-ops-2_fd2705692f16c05f_pc-server-2013-03-11_4ee9a1fac7aa9195:1ea76db2bf703b30
0x00A5D060	4b1ce07fc661ad376f1c8373adc9c8af93904cffaf3216a705d1cc36d1877c05	0x009ef1f0	15	??0bdIPDiscoveryPacket@@QAE@XZ	bdSocket:bdIPDiscoveryPacket.obj	urn:ure:t6:re_FunctionFamily:urn_ure_t6_core_Project_black-ops-2_fd2705692f16c05f_re_Function_msvc-public_0bdIPDiscoveryPacket_QAE_XZ:1a640b89cb89371c	urn:ure:t6:re_FunctionVariant:urn_ure_t6_re_FunctionFamily_urn_ure_t6_core_Project_black-ops-2_fd2705692f16c05f_re_Function_msvc-public_0bdIPDiscoveryPacket_QAE_XZ_1a640b89cb89371c_build_urn_ure_t6_re_Build_urn_ure_t6_core_Project_black-ops-2_fd2705692f16c05f_pc-server-2013-03-11_4ee9a1fac7aa9195:ad344b65644852dd
0x00A5D260	e815804b3ecfb7661e10565ca05443372c310ea4c194d1d6aafe3efbeccdb9fe	0x009ef3f0	27	??0bdNATTypeDiscoveryPacket@@QAE@W4bdNATTypeDiscoveryPacketRequest@0@@Z	bdSocket:bdNATTypeDiscoveryPacket.obj	urn:ure:t6:re_FunctionFamily:urn_ure_t6_core_Project_black-ops-2_fd2705692f16c05f_re_Function_msvc-public_0bdNATTypeDiscoveryPacket_QAE_W4bdNATTypeDiscoveryPacketRequest_0_Z:77791258fa5d2764	urn:ure:t6:re_FunctionVariant:urn_ure_t6_re_FunctionFamily_urn_ure_t6_core_Project_black-ops-2_fd2705692f16c05f_re_Function_msvc-public_0bdNATTypeDiscoveryPacket_QAE_W4bdNATTypeDiscoveryPacketRequest_0_Z_77791258fa5d2764_build_urn_ure_t6_re_Build_urn_ure_t6_core_Project_black-ops-2_fd2705692f16c05f_pc-server-2013-03-11_4ee9a1fac7aa9195:62cd8a4767d8a52f
0x00A5D580	39037bd522bd24697e9aa9c37a7994cf406a3a03a890d4ba43d9496dd6c9e8c5	0x009ef720	4	?getAddrDest@bdNATTraversalPacket@@QBEABVbdAddr@@XZ	bdSocket:bdNATTraversalPacket.obj	urn:ure:t6:re_FunctionFamily:urn_ure_t6_core_Project_black-ops-2_fd2705692f16c05f_re_Function_msvc-public_getAddrDest_bdNATTraversalPacket_QBEABVbdAddr_XZ:8e6b66a36686239d	urn:ure:t6:re_FunctionVariant:urn_ure_t6_re_FunctionFamily_urn_ure_t6_core_Project_black-ops-2_fd2705692f16c05f_re_Function_msvc-public_getAddrDest_bdNATTraversalPacket_QBEABVbdAddr_XZ_8e6b66a36686239d_build_urn_ure_t6_re_Build_urn_ure_t6_core_Project_black-ops-2_fd2705692f16c05f_pc-server-2013-03-11_4ee9a1fac7aa9195:eef34312c855cf1c
0x00A5DB60	be4f0e28e698eda767da7b01ab3c7db78161af6542fa7c3fed694f571e5c3540	0x009efd00	5	?getVtag@bdDTLSHeader@@QBEGXZ	bdSocket:bdDTLSHeader.obj	urn:ure:t6:re_FunctionFamily:urn_ure_t6_core_Project_black-ops-2_fd2705692f16c05f_re_Function_msvc-public_getVtag_bdDTLSHeader_QBEGXZ:4d99857e11b55977	urn:ure:t6:re_FunctionVariant:urn_ure_t6_re_FunctionFamily_urn_ure_t6_core_Project_black-ops-2_fd2705692f16c05f_re_Function_msvc-public_getVtag_bdDTLSHeader_QBEGXZ_4d99857e11b55977_build_urn_ure_t6_re_Build_urn_ure_t6_core_Project_black-ops-2_fd2705692f16c05f_pc-server-2013-03-11_4ee9a1fac7aa9195:74b19b051ad6f591
0x00A5DB70	480fdda7447326030780cf69b657ed848a080ed27143aea1e5ba5e845881d039	0x009efd10	5	?getCounter@bdDTLSHeader@@QBEGXZ	bdSocket:bdDTLSHeader.obj	urn:ure:t6:re_FunctionFamily:urn_ure_t6_core_Project_black-ops-2_fd2705692f16c05f_re_Function_msvc-public_getCounter_bdDTLSHeader_QBEGXZ:02f40a60ab748dfa	urn:ure:t6:re_FunctionVariant:urn_ure_t6_re_FunctionFamily_urn_ure_t6_core_Project_black-ops-2_fd2705692f16c05f_re_Function_msvc-public_getCounter_bdDTLSHeader_QBEGXZ_02f40a60ab748dfa_build_urn_ure_t6_re_Build_urn_ure_t6_core_Project_black-ops-2_fd2705692f16c05f_pc-server-2013-03-11_4ee9a1fac7aa9195:ca52234dd84fe756
0x00A65860	5547fc985fa4b0c8d4d71acadca7be754f2d50cfe111c4c064bb8d142cb9d5ce	0x009f3c90	27	_ecc_import	libtomcrypt:ecc_import.obj	urn:ure:t6:re_FunctionFamily:urn_ure_t6_core_Project_black-ops-2_fd2705692f16c05f_re_Function_msvc-public__ecc_import:bfaa5dc0efe86730	urn:ure:t6:re_FunctionVariant:urn_ure_t6_re_FunctionFamily_urn_ure_t6_core_Project_black-ops-2_fd2705692f16c05f_re_Function_msvc-public__ecc_import_bfaa5dc0efe86730_build_urn_ure_t6_re_Build_urn_ure_t6_core_Project_black-ops-2_fd2705692f16c05f_pc-server-2013-03-11_4ee9a1fac7aa9195:b6cfe2a2b9e4d979
0x00A69F70	000306991b19291583acd3e5685fc383902f11e6796d3f50679e30dae51a339c	0x009f9740	54	_der_utf8_charsize	libtomcrypt:der_length_utf8_string.obj	urn:ure:t6:re_FunctionFamily:urn_ure_t6_core_Project_black-ops-2_fd2705692f16c05f_re_Function_msvc-public__der_utf8_charsize:4e39bff31caacc31	urn:ure:t6:re_FunctionVariant:urn_ure_t6_re_FunctionFamily_urn_ure_t6_core_Project_black-ops-2_fd2705692f16c05f_re_Function_msvc-public__der_utf8_charsize_4e39bff31caacc31_build_urn_ure_t6_re_Build_urn_ure_t6_core_Project_black-ops-2_fd2705692f16c05f_pc-server-2013-03-11_4ee9a1fac7aa9195:28877f0ceecb4ec8
0x00A6A6A0	520a6999b2344f426a5ed533e52b534c958259b1e86c194ea996b1e9ed94e903	0x009f9e70	23	_der_object_identifier_bits	libtomcrypt:der_length_object_identifier.obj	urn:ure:t6:re_FunctionFamily:urn_ure_t6_core_Project_black-ops-2_fd2705692f16c05f_re_Function_msvc-public__der_object_identifier_bits:1a3e935d203ee523	urn:ure:t6:re_FunctionVariant:urn_ure_t6_re_FunctionFamily_urn_ure_t6_core_Project_black-ops-2_fd2705692f16c05f_re_Function_msvc-public__der_object_identifier_bits_1a3e935d203ee523_build_urn_ure_t6_re_Build_urn_ure_t6_core_Project_black-ops-2_fd2705692f16c05f_pc-server-2013-03-11_4ee9a1fac7aa9195:2a539faf9f1e97f8
0x00A6CCC0	cad3ad7aa8cf613d147f06ef0903e35993626f34671e408a5cf080f0265ec0fd	0x009fbd50	64	_mp_neg	libtommath:bn_mp_neg.obj	urn:ure:t6:re_FunctionFamily:urn_ure_t6_core_Project_black-ops-2_fd2705692f16c05f_re_Function_msvc-public__mp_neg:bc746b3d06ef1597	urn:ure:t6:re_FunctionVariant:urn_ure_t6_re_FunctionFamily_urn_ure_t6_core_Project_black-ops-2_fd2705692f16c05f_re_Function_msvc-public__mp_neg_bc746b3d06ef1597_build_urn_ure_t6_re_Build_urn_ure_t6_core_Project_black-ops-2_fd2705692f16c05f_pc-server-2013-03-11_4ee9a1fac7aa9195:d56ae4b3d7574a59
0x00A6CD00	b4e1b2268ade0ef58650004fea37c523502e3858b3cd4d950e5f48c3c0a754ef	0x009fbd90	99	_mp_copy	libtommath:bn_mp_copy.obj	urn:ure:t6:re_FunctionFamily:urn_ure_t6_core_Project_black-ops-2_fd2705692f16c05f_re_Function_msvc-public__mp_copy:4d75f4d762118494	urn:ure:t6:re_FunctionVariant:urn_ure_t6_re_FunctionFamily_urn_ure_t6_core_Project_black-ops-2_fd2705692f16c05f_re_Function_msvc-public__mp_copy_4d75f4d762118494_build_urn_ure_t6_re_Build_urn_ure_t6_core_Project_black-ops-2_fd2705692f16c05f_pc-server-2013-03-11_4ee9a1fac7aa9195:8703fc6f21f6516b
0x00A6CD70	b871b145eccf4d7d3b83585787fb15c06cd0c18f703cef3aec8717ee45fa5c2d	0x009fbe00	76	_mp_set_int	libtommath:bn_mp_set_int.obj	urn:ure:t6:re_FunctionFamily:urn_ure_t6_core_Project_black-ops-2_fd2705692f16c05f_re_Function_msvc-public__mp_set_int:23d003ebda90f0db	urn:ure:t6:re_FunctionVariant:urn_ure_t6_re_FunctionFamily_urn_ure_t6_core_Project_black-ops-2_fd2705692f16c05f_re_Function_msvc-public__mp_set_int_23d003ebda90f0db_build_urn_ure_t6_re_Build_urn_ure_t6_core_Project_black-ops-2_fd2705692f16c05f_pc-server-2013-03-11_4ee9a1fac7aa9195:95077d69cca17e2d
0x00A6CDC0	b0acdd7a8d268d4367a93678ac3849a4d0409096711178f591f79bdc30a7759d	0x009fbe50	53	_mp_get_int	libtommath:bn_mp_get_int.obj	urn:ure:t6:re_FunctionFamily:urn_ure_t6_core_Project_black-ops-2_fd2705692f16c05f_re_Function_msvc-public__mp_get_int:04d47de03ffc283a	urn:ure:t6:re_FunctionVariant:urn_ure_t6_re_FunctionFamily_urn_ure_t6_core_Project_black-ops-2_fd2705692f16c05f_re_Function_msvc-public__mp_get_int_04d47de03ffc283a_build_urn_ure_t6_re_Build_urn_ure_t6_core_Project_black-ops-2_fd2705692f16c05f_pc-server-2013-03-11_4ee9a1fac7aa9195:d3c48ad17b868a3b
0x00A6CE00	e6bef4a6a1b08df6605017881334f846caf6b4467242c6fae3f8bd3ea19d6263	0x009fbe90	60	_mp_cmp	libtommath:bn_mp_cmp.obj	urn:ure:t6:re_FunctionFamily:urn_ure_t6_core_Project_black-ops-2_fd2705692f16c05f_re_Function_msvc-public__mp_cmp:bde7961923eceaa4	urn:ure:t6:re_FunctionVariant:urn_ure_t6_re_FunctionFamily_urn_ure_t6_core_Project_black-ops-2_fd2705692f16c05f_re_Function_msvc-public__mp_cmp_bde7961923eceaa4_build_urn_ure_t6_re_Build_urn_ure_t6_core_Project_black-ops-2_fd2705692f16c05f_pc-server-2013-03-11_4ee9a1fac7aa9195:a7e903322f879975
0x00A6CE40	336219ac8649f54dda70595bb6dfd96a11d0a7421429d9ecdc362adb58e8fcf6	0x009fbed0	45	_mp_cmp_d	libtommath:bn_mp_cmp_d.obj	urn:ure:t6:re_FunctionFamily:urn_ure_t6_core_Project_black-ops-2_fd2705692f16c05f_re_Function_msvc-public__mp_cmp_d:27b623c722ca1111	urn:ure:t6:re_FunctionVariant:urn_ure_t6_re_FunctionFamily_urn_ure_t6_core_Project_black-ops-2_fd2705692f16c05f_re_Function_msvc-public__mp_cmp_d_27b623c722ca1111_build_urn_ure_t6_re_Build_urn_ure_t6_core_Project_black-ops-2_fd2705692f16c05f_pc-server-2013-03-11_4ee9a1fac7aa9195:faf87389349ea3aa
0x00A6CF20	ec3c1a35a9eb62e39b40c403ac30fc1135101cb084649b79bb7fd581956a1bdf	0x009fbfb0	96	_mp_2expt	libtommath:bn_mp_2expt.obj	urn:ure:t6:re_FunctionFamily:urn_ure_t6_core_Project_black-ops-2_fd2705692f16c05f_re_Function_msvc-public__mp_2expt:1e0d707ec2efad9f	urn:ure:t6:re_FunctionVariant:urn_ure_t6_re_FunctionFamily_urn_ure_t6_core_Project_black-ops-2_fd2705692f16c05f_re_Function_msvc-public__mp_2expt_1e0d707ec2efad9f_build_urn_ure_t6_re_Build_urn_ure_t6_core_Project_black-ops-2_fd2705692f16c05f_pc-server-2013-03-11_4ee9a1fac7aa9195:6b570077c581b8c9
0x00A6D150	b0f43dd3d47814597a808894c2a6d06546260879a12f3782623988014f0fb865	0x009fc1e0	38	_mp_unsigned_bin_size	libtommath:bn_mp_unsigned_bin_size.obj	urn:ure:t6:re_FunctionFamily:urn_ure_t6_core_Project_black-ops-2_fd2705692f16c05f_re_Function_msvc-public__mp_unsigned_bin_size:49704fde6fa3ab95	urn:ure:t6:re_FunctionVariant:urn_ure_t6_re_FunctionFamily_urn_ure_t6_core_Project_black-ops-2_fd2705692f16c05f_re_Function_msvc-public__mp_unsigned_bin_size_49704fde6fa3ab95_build_urn_ure_t6_re_Build_urn_ure_t6_core_Project_black-ops-2_fd2705692f16c05f_pc-server-2013-03-11_4ee9a1fac7aa9195:259bd2e372dfa5f8
0x00A6D180	2e68debb46a18cf007294b274dd0cda18e121f2db14b0223d3520188e3e596fc	0x009fc210	127	_mp_to_unsigned_bin	libtommath:bn_mp_to_unsigned_bin.obj	urn:ure:t6:re_FunctionFamily:urn_ure_t6_core_Project_black-ops-2_fd2705692f16c05f_re_Function_msvc-public__mp_to_unsigned_bin:f53d6305701b2f80	urn:ure:t6:re_FunctionVariant:urn_ure_t6_re_FunctionFamily_urn_ure_t6_core_Project_black-ops-2_fd2705692f16c05f_re_Function_msvc-public__mp_to_unsigned_bin_f53d6305701b2f80_build_urn_ure_t6_re_Build_urn_ure_t6_core_Project_black-ops-2_fd2705692f16c05f_pc-server-2013-03-11_4ee9a1fac7aa9195:92692fb8f42f4777
0x00A6D200	5f878e78f2c9f1983fae9a113fbff78311aec16ccef446675eefe1f9a6c98326	0x009fc290	97	_mp_read_unsigned_bin	libtommath:bn_mp_read_unsigned_bin.obj	urn:ure:t6:re_FunctionFamily:urn_ure_t6_core_Project_black-ops-2_fd2705692f16c05f_re_Function_msvc-public__mp_read_unsigned_bin:b1b7b3492cd07a0e	urn:ure:t6:re_FunctionVariant:urn_ure_t6_re_FunctionFamily_urn_ure_t6_core_Project_black-ops-2_fd2705692f16c05f_re_Function_msvc-public__mp_read_unsigned_bin_b1b7b3492cd07a0e_build_urn_ure_t6_re_Build_urn_ure_t6_core_Project_black-ops-2_fd2705692f16c05f_pc-server-2013-03-11_4ee9a1fac7aa9195:596b70d988a0dcbc
0x00A6D270	fc55a9ca974dc54b331fcc7a4412d5a1216cc67a7278732d05818c24df7a728a	0x009fc300	105	_mp_add	libtommath:bn_mp_add.obj	urn:ure:t6:re_FunctionFamily:urn_ure_t6_core_Project_black-ops-2_fd2705692f16c05f_re_Function_msvc-public__mp_add:07aaeca0decaa160	urn:ure:t6:re_FunctionVariant:urn_ure_t6_re_FunctionFamily_urn_ure_t6_core_Project_black-ops-2_fd2705692f16c05f_re_Function_msvc-public__mp_add_07aaeca0decaa160_build_urn_ure_t6_re_Build_urn_ure_t6_core_Project_black-ops-2_fd2705692f16c05f_pc-server-2013-03-11_4ee9a1fac7aa9195:51a3dbe12ef74c88
0x00A6D2E0	b3ee32b7ff44ea7711d0923c25d8491fe08fb0468bdb2802652103519f99b025	0x009fc370	263	_mp_add_d	libtommath:bn_mp_add_d.obj	urn:ure:t6:re_FunctionFamily:urn_ure_t6_core_Project_black-ops-2_fd2705692f16c05f_re_Function_msvc-public__mp_add_d:886dfad3648f5a04	urn:ure:t6:re_FunctionVariant:urn_ure_t6_re_FunctionFamily_urn_ure_t6_core_Project_black-ops-2_fd2705692f16c05f_re_Function_msvc-public__mp_add_d_886dfad3648f5a04_build_urn_ure_t6_re_Build_urn_ure_t6_core_Project_black-ops-2_fd2705692f16c05f_pc-server-2013-03-11_4ee9a1fac7aa9195:c12cc293e36785c9
0x00A6D3F0	68535070f1d33fff9e493938a2e5846b88de73dc13819a161208c3d3328b5873	0x009fc480	104	_mp_sub	libtommath:bn_mp_sub.obj	urn:ure:t6:re_FunctionFamily:urn_ure_t6_core_Project_black-ops-2_fd2705692f16c05f_re_Function_msvc-public__mp_sub:a430d828ecef515f	urn:ure:t6:re_FunctionVariant:urn_ure_t6_re_FunctionFamily_urn_ure_t6_core_Project_black-ops-2_fd2705692f16c05f_re_Function_msvc-public__mp_sub_a430d828ecef515f_build_urn_ure_t6_re_Build_urn_ure_t6_core_Project_black-ops-2_fd2705692f16c05f_pc-server-2013-03-11_4ee9a1fac7aa9195:286dee1ba0b2c599
0x00A6D460	b5e118e6f00b8e574f20055ff3c6b1b6f9674963aace7fa626ce3f49220896e7	0x009fc4f0	251	_mp_sub_d	libtommath:bn_mp_sub_d.obj	urn:ure:t6:re_FunctionFamily:urn_ure_t6_core_Project_black-ops-2_fd2705692f16c05f_re_Function_msvc-public__mp_sub_d:85f458942ba04620	urn:ure:t6:re_FunctionVariant:urn_ure_t6_re_FunctionFamily_urn_ure_t6_core_Project_black-ops-2_fd2705692f16c05f_re_Function_msvc-public__mp_sub_d_85f458942ba04620_build_urn_ure_t6_re_Build_urn_ure_t6_core_Project_black-ops-2_fd2705692f16c05f_pc-server-2013-03-11_4ee9a1fac7aa9195:7d85064274a57f74
0x00A6DC50	847c4e71521647a800af972cecf0ff2cc5a222aeb3d3003c51691cc905a80844	0x009fcce0	144	_mp_div_2	libtommath:bn_mp_div_2.obj	urn:ure:t6:re_FunctionFamily:urn_ure_t6_core_Project_black-ops-2_fd2705692f16c05f_re_Function_msvc-public__mp_div_2:8b0d3472b017d770	urn:ure:t6:re_FunctionVariant:urn_ure_t6_re_FunctionFamily_urn_ure_t6_core_Project_black-ops-2_fd2705692f16c05f_re_Function_msvc-public__mp_div_2_8b0d3472b017d770_build_urn_ure_t6_re_Build_urn_ure_t6_core_Project_black-ops-2_fd2705692f16c05f_pc-server-2013-03-11_4ee9a1fac7aa9195:64c12460204be137
0x00A6DCE0	0895f38f217a87a7ca77bcd1595b112f3a76fbb9bcada090dd44f835c7e74301	0x009fcd70	27	_mp_mod_d	libtommath:bn_mp_mod_d.obj	urn:ure:t6:re_FunctionFamily:urn_ure_t6_core_Project_black-ops-2_fd2705692f16c05f_re_Function_msvc-public__mp_mod_d:b0f079f9239fc7a5	urn:ure:t6:re_FunctionVariant:urn_ure_t6_re_FunctionFamily_urn_ure_t6_core_Project_black-ops-2_fd2705692f16c05f_re_Function_msvc-public__mp_mod_d_b0f079f9239fc7a5_build_urn_ure_t6_re_Build_urn_ure_t6_core_Project_black-ops-2_fd2705692f16c05f_pc-server-2013-03-11_4ee9a1fac7aa9195:14ba22846bee2d7a
0x00A6DD00	19ad3ce59211e1a50390909b052f7cc571c1793e081410318ca487077b3a7405	0x009fcd90	449	_mp_gcd	libtommath:bn_mp_gcd.obj	urn:ure:t6:re_FunctionFamily:urn_ure_t6_core_Project_black-ops-2_fd2705692f16c05f_re_Function_msvc-public__mp_gcd:0b47ed664df214af	urn:ure:t6:re_FunctionVariant:urn_ure_t6_re_FunctionFamily_urn_ure_t6_core_Project_black-ops-2_fd2705692f16c05f_re_Function_msvc-public__mp_gcd_0b47ed664df214af_build_urn_ure_t6_re_Build_urn_ure_t6_core_Project_black-ops-2_fd2705692f16c05f_pc-server-2013-03-11_4ee9a1fac7aa9195:89003011279f7e19
0x00A6DED0	b173f120d12a9aea91e55d7330cfc9e51e55ee8d326f33f2aab6c61afc08731e	0x009fcf60	190	_mp_lcm	libtommath:bn_mp_lcm.obj	urn:ure:t6:re_FunctionFamily:urn_ure_t6_core_Project_black-ops-2_fd2705692f16c05f_re_Function_msvc-public__mp_lcm:bf6b1fd48ed92860	urn:ure:t6:re_FunctionVariant:urn_ure_t6_re_FunctionFamily_urn_ure_t6_core_Project_black-ops-2_fd2705692f16c05f_re_Function_msvc-public__mp_lcm_bf6b1fd48ed92860_build_urn_ure_t6_re_Build_urn_ure_t6_core_Project_black-ops-2_fd2705692f16c05f_pc-server-2013-03-11_4ee9a1fac7aa9195:6d525fc421217e54
0x00A6DF90	d6daae249c4c1eb7b41ae152f956c22959fa7cc158a5cdfd85e8ab9f466c9aef	0x009fd020	103	_mp_mulmod	libtommath:bn_mp_mulmod.obj	urn:ure:t6:re_FunctionFamily:urn_ure_t6_core_Project_black-ops-2_fd2705692f16c05f_re_Function_msvc-public__mp_mulmod:0c096e087883b0dc	urn:ure:t6:re_FunctionVariant:urn_ure_t6_re_FunctionFamily_urn_ure_t6_core_Project_black-ops-2_fd2705692f16c05f_re_Function_msvc-public__mp_mulmod_0c096e087883b0dc_build_urn_ure_t6_re_Build_urn_ure_t6_core_Project_black-ops-2_fd2705692f16c05f_pc-server-2013-03-11_4ee9a1fac7aa9195:bbf6a05a4997eb96
0x00A6E000	9d35221d5e6318fa2d2c5a6174d09aab87496b7a60ee0c11adb8fcf6c1bcb34c	0x009fd090	99	_mp_sqrmod	libtommath:bn_mp_sqrmod.obj	urn:ure:t6:re_FunctionFamily:urn_ure_t6_core_Project_black-ops-2_fd2705692f16c05f_re_Function_msvc-public__mp_sqrmod:a8dc9ee8fe279343	urn:ure:t6:re_FunctionVariant:urn_ure_t6_re_FunctionFamily_urn_ure_t6_core_Project_black-ops-2_fd2705692f16c05f_re_Function_msvc-public__mp_sqrmod_a8dc9ee8fe279343_build_urn_ure_t6_re_Build_urn_ure_t6_core_Project_black-ops-2_fd2705692f16c05f_pc-server-2013-03-11_4ee9a1fac7aa9195:22b860be57b044a7
0x00A6E070	fe0529ed893a14b8a8051e39b93910bca1e683f5f398f7791235a7526b6b2edb	0x009fd100	73	_mp_invmod	libtommath:bn_mp_invmod.obj	urn:ure:t6:re_FunctionFamily:urn_ure_t6_core_Project_black-ops-2_fd2705692f16c05f_re_Function_msvc-public__mp_invmod:24ef15f13c705f5a	urn:ure:t6:re_FunctionVariant:urn_ure_t6_re_FunctionFamily_urn_ure_t6_core_Project_black-ops-2_fd2705692f16c05f_re_Function_msvc-public__mp_invmod_24ef15f13c705f5a_build_urn_ure_t6_re_Build_urn_ure_t6_core_Project_black-ops-2_fd2705692f16c05f_pc-server-2013-03-11_4ee9a1fac7aa9195:c1a95885ebb97038
0x00A6E0C0	c0567e89224a30d853480c18da6b503a86dd2e8f4e3f285c5fd6644664b75b6b	0x009fd150	96	_mp_montgomery_setup	libtommath:bn_mp_montgomery_setup.obj	urn:ure:t6:re_FunctionFamily:urn_ure_t6_core_Project_black-ops-2_fd2705692f16c05f_re_Function_msvc-public__mp_montgomery_setup:88e252059cc87a93	urn:ure:t6:re_FunctionVariant:urn_ure_t6_re_FunctionFamily_urn_ure_t6_core_Project_black-ops-2_fd2705692f16c05f_re_Function_msvc-public__mp_montgomery_setup_88e252059cc87a93_build_urn_ure_t6_re_Build_urn_ure_t6_core_Project_black-ops-2_fd2705692f16c05f_pc-server-2013-03-11_4ee9a1fac7aa9195:e61d45c541672f22
0x00A6E120	7bcef108243013ccc80132b5b8fbf6be4100980a0b750edbcee2e250b8231f40	0x009fd1b0	153	_mp_montgomery_calc_normalization	libtommath:bn_mp_montgomery_calc_normalization.obj	urn:ure:t6:re_FunctionFamily:urn_ure_t6_core_Project_black-ops-2_fd2705692f16c05f_re_Function_msvc-public__mp_montgomery_calc_normalization:6360f329519d4e8a	urn:ure:t6:re_FunctionVariant:urn_ure_t6_re_FunctionFamily_urn_ure_t6_core_Project_black-ops-2_fd2705692f16c05f_re_Function_msvc-public__mp_montgomery_calc_normalization_6360f329519d4e8a_build_urn_ure_t6_re_Build_urn_ure_t6_core_Project_black-ops-2_fd2705692f16c05f_pc-server-2013-03-11_4ee9a1fac7aa9195:ca052a31e29e5819
0x00A6E300	8646706a997dc180a59a5d3a2e6156419ee33f3f3dc2b7cc47d43fa4a4c43fdb	0x009fd390	365	_mp_exptmod	libtommath:bn_mp_exptmod.obj	urn:ure:t6:re_FunctionFamily:urn_ure_t6_core_Project_black-ops-2_fd2705692f16c05f_re_Function_msvc-public__mp_exptmod:dec06871cbcc79c8	urn:ure:t6:re_FunctionVariant:urn_ure_t6_re_FunctionFamily_urn_ure_t6_core_Project_black-ops-2_fd2705692f16c05f_re_Function_msvc-public__mp_exptmod_dec06871cbcc79c8_build_urn_ure_t6_re_Build_urn_ure_t6_core_Project_black-ops-2_fd2705692f16c05f_pc-server-2013-03-11_4ee9a1fac7aa9195:12a5cfaca58efa55
0x00A6E5D0	fc478301a65c89eed3d705054dbb55ec4a8b7867a22d3cdd001e9dad263ba39d	0x009fd660	46	_mp_clamp	libtommath:bn_mp_clamp.obj	urn:ure:t6:re_FunctionFamily:urn_ure_t6_core_Project_black-ops-2_fd2705692f16c05f_re_Function_msvc-public__mp_clamp:b439c6077c52ca72	urn:ure:t6:re_FunctionVariant:urn_ure_t6_re_FunctionFamily_urn_ure_t6_core_Project_black-ops-2_fd2705692f16c05f_re_Function_msvc-public__mp_clamp_b439c6077c52ca72_build_urn_ure_t6_re_Build_urn_ure_t6_core_Project_black-ops-2_fd2705692f16c05f_pc-server-2013-03-11_4ee9a1fac7aa9195:a237a93660b72974
0x00A6E700	5b4cdf2f9f087a46ca425c1bc1cde10369d8f23e6a1c0c813a1863f2f87da429	0x009fd790	49	_mp_zero	libtommath:bn_mp_zero.obj	urn:ure:t6:re_FunctionFamily:urn_ure_t6_core_Project_black-ops-2_fd2705692f16c05f_re_Function_msvc-public__mp_zero:1dd773b0afa454ad	urn:ure:t6:re_FunctionVariant:urn_ure_t6_re_FunctionFamily_urn_ure_t6_core_Project_black-ops-2_fd2705692f16c05f_re_Function_msvc-public__mp_zero_1dd773b0afa454ad_build_urn_ure_t6_re_Build_urn_ure_t6_core_Project_black-ops-2_fd2705692f16c05f_pc-server-2013-03-11_4ee9a1fac7aa9195:1ac7f1f403a8f2cb
0x00A6E740	84093087ef4bb72fc19e2581b4d5bdf3ded9ee9eed54264909b8032f630b6c4f	0x009fd7d0	108	_mp_cmp_mag	libtommath:bn_mp_cmp_mag.obj	urn:ure:t6:re_FunctionFamily:urn_ure_t6_core_Project_black-ops-2_fd2705692f16c05f_re_Function_msvc-public__mp_cmp_mag:b383ed75a0acfd01	urn:ure:t6:re_FunctionVariant:urn_ure_t6_re_FunctionFamily_urn_ure_t6_core_Project_black-ops-2_fd2705692f16c05f_re_Function_msvc-public__mp_cmp_mag_b383ed75a0acfd01_build_urn_ure_t6_re_Build_urn_ure_t6_core_Project_black-ops-2_fd2705692f16c05f_pc-server-2013-03-11_4ee9a1fac7aa9195:820aeb42e0f936ad
0x00A6E7B0	7e547f588b27d94f685b2e00ba817ec492a5941b516e92a6f2f0f20e54219110	0x009fd840	40	_bn_reverse	libtommath:bn_reverse.obj	urn:ure:t6:re_FunctionFamily:urn_ure_t6_core_Project_black-ops-2_fd2705692f16c05f_re_Function_msvc-public__bn_reverse:dd7a7932ac6d7d5e	urn:ure:t6:re_FunctionVariant:urn_ure_t6_re_FunctionFamily_urn_ure_t6_core_Project_black-ops-2_fd2705692f16c05f_re_Function_msvc-public__bn_reverse_dd7a7932ac6d7d5e_build_urn_ure_t6_re_Build_urn_ure_t6_core_Project_black-ops-2_fd2705692f16c05f_pc-server-2013-03-11_4ee9a1fac7aa9195:fe74dd642f5b7cbb
0x00A6E9A0	7b7e80206cc9a1cbc7d0096cdb580abd4365b1051fcc4845032c48e170949aeb	0x009fda30	36	_mp_init_copy	libtommath:bn_mp_init_copy.obj	urn:ure:t6:re_FunctionFamily:urn_ure_t6_core_Project_black-ops-2_fd2705692f16c05f_re_Function_msvc-public__mp_init_copy:0c67723e8952452e	urn:ure:t6:re_FunctionVariant:urn_ure_t6_re_FunctionFamily_urn_ure_t6_core_Project_black-ops-2_fd2705692f16c05f_re_Function_msvc-public__mp_init_copy_0c67723e8952452e_build_urn_ure_t6_re_Build_urn_ure_t6_core_Project_black-ops-2_fd2705692f16c05f_pc-server-2013-03-11_4ee9a1fac7aa9195:dbe8d042b61e6544
0x00A6E9D0	652fdda96ce69132ed3e2f7c9b2b7bcbace0cbb82ad3ba59c84f3500bcc30a83	0x009fda60	362	_mp_div_2d	libtommath:bn_mp_div_2d.obj	urn:ure:t6:re_FunctionFamily:urn_ure_t6_core_Project_black-ops-2_fd2705692f16c05f_re_Function_msvc-public__mp_div_2d:7c2e73f1fa686a96	urn:ure:t6:re_FunctionVariant:urn_ure_t6_re_FunctionFamily_urn_ure_t6_core_Project_black-ops-2_fd2705692f16c05f_re_Function_msvc-public__mp_div_2d_7c2e73f1fa686a96_build_urn_ure_t6_re_Build_urn_ure_t6_core_Project_black-ops-2_fd2705692f16c05f_pc-server-2013-03-11_4ee9a1fac7aa9195:344d3e59677cb059
0x00A6EB40	09f25d93d40c04a49223f1545f5fa5cea755d1cdbd600fbbd5670f9ebddd2ec7	0x009fdbd0	188	_s_mp_sub	libtommath:bn_s_mp_sub.obj	urn:ure:t6:re_FunctionFamily:urn_ure_t6_core_Project_black-ops-2_fd2705692f16c05f_re_Function_msvc-public__s_mp_sub:2f6767e4b1ad5a27	urn:ure:t6:re_FunctionVariant:urn_ure_t6_re_FunctionFamily_urn_ure_t6_core_Project_black-ops-2_fd2705692f16c05f_re_Function_msvc-public__s_mp_sub_2f6767e4b1ad5a27_build_urn_ure_t6_re_Build_urn_ure_t6_core_Project_black-ops-2_fd2705692f16c05f_pc-server-2013-03-11_4ee9a1fac7aa9195:8492b716610ab829
0x00A6EC00	fea26b989eacab7b6218b3ac34e363dd31de4b2b56717322e03b998c06b956f6	0x009fdc90	231	_s_mp_add	libtommath:bn_s_mp_add.obj	urn:ure:t6:re_FunctionFamily:urn_ure_t6_core_Project_black-ops-2_fd2705692f16c05f_re_Function_msvc-public__s_mp_add:5f2187fab944eff7	urn:ure:t6:re_FunctionVariant:urn_ure_t6_re_FunctionFamily_urn_ure_t6_core_Project_black-ops-2_fd2705692f16c05f_re_Function_msvc-public__s_mp_add_5f2187fab944eff7_build_urn_ure_t6_re_Build_urn_ure_t6_core_Project_black-ops-2_fd2705692f16c05f_pc-server-2013-03-11_4ee9a1fac7aa9195:58c8836606cae83a
0x00A6EFB0	3aa95bbe6b81d4e297abd6ba50cf8303c92f2ab87fa650f566bcf1301b37468f	0x009fe040	711	_mp_karatsuba_mul	libtommath:bn_mp_karatsuba_mul.obj	urn:ure:t6:re_FunctionFamily:urn_ure_t6_core_Project_black-ops-2_fd2705692f16c05f_re_Function_msvc-public__mp_karatsuba_mul:aa1075ec0d81622f	urn:ure:t6:re_FunctionVariant:urn_ure_t6_re_FunctionFamily_urn_ure_t6_core_Project_black-ops-2_fd2705692f16c05f_re_Function_msvc-public__mp_karatsuba_mul_aa1075ec0d81622f_build_urn_ure_t6_re_Build_urn_ure_t6_core_Project_black-ops-2_fd2705692f16c05f_pc-server-2013-03-11_4ee9a1fac7aa9195:10e4f32d9eb8ab77
0x00A6F280	8047da0eb3344e43dfab3b26eb799009591763330199b171f27c2fbbe0ed3f76	0x009fe310	1958	_mp_toom_mul	libtommath:bn_mp_toom_mul.obj	urn:ure:t6:re_FunctionFamily:urn_ure_t6_core_Project_black-ops-2_fd2705692f16c05f_re_Function_msvc-public__mp_toom_mul:6c3bdc3decd432a9	urn:ure:t6:re_FunctionVariant:urn_ure_t6_re_FunctionFamily_urn_ure_t6_core_Project_black-ops-2_fd2705692f16c05f_re_Function_msvc-public__mp_toom_mul_6c3bdc3decd432a9_build_urn_ure_t6_re_Build_urn_ure_t6_core_Project_black-ops-2_fd2705692f16c05f_pc-server-2013-03-11_4ee9a1fac7aa9195:5b4a6c1f085e7955
0x00A6FD70	fc9fdc6dfb9135876c32cc9ab548229a680756bc562333dfbb294fc329f05c0a	0x009fee00	574	_mp_karatsuba_sqr	libtommath:bn_mp_karatsuba_sqr.obj	urn:ure:t6:re_FunctionFamily:urn_ure_t6_core_Project_black-ops-2_fd2705692f16c05f_re_Function_msvc-public__mp_karatsuba_sqr:2f96f6d9b03e2485	urn:ure:t6:re_FunctionVariant:urn_ure_t6_re_FunctionFamily_urn_ure_t6_core_Project_black-ops-2_fd2705692f16c05f_re_Function_msvc-public__mp_karatsuba_sqr_2f96f6d9b03e2485_build_urn_ure_t6_re_Build_urn_ure_t6_core_Project_black-ops-2_fd2705692f16c05f_pc-server-2013-03-11_4ee9a1fac7aa9195:030d7a7779f52a63
0x00A6FFB0	a1c48362f0e8cdb17d29ae41270258635e51af769e2c169d1a2e0b521c87415f	0x009ff040	1411	_mp_toom_sqr	libtommath:bn_mp_toom_sqr.obj	urn:ure:t6:re_FunctionFamily:urn_ure_t6_core_Project_black-ops-2_fd2705692f16c05f_re_Function_msvc-public__mp_toom_sqr:7ae30beebf21d919	urn:ure:t6:re_FunctionVariant:urn_ure_t6_re_FunctionFamily_urn_ure_t6_core_Project_black-ops-2_fd2705692f16c05f_re_Function_msvc-public__mp_toom_sqr_7ae30beebf21d919_build_urn_ure_t6_re_Build_urn_ure_t6_core_Project_black-ops-2_fd2705692f16c05f_pc-server-2013-03-11_4ee9a1fac7aa9195:50653248e51b7205
0x00A70540	9857d852496699e452b02b1210158de00de2609fd6a8eaea4e4ff006ade035b4	0x009ff5d0	72	_mp_exch	libtommath:bn_mp_exch.obj	urn:ure:t6:re_FunctionFamily:urn_ure_t6_core_Project_black-ops-2_fd2705692f16c05f_re_Function_msvc-public__mp_exch:47dd3bbfd6217745	urn:ure:t6:re_FunctionVariant:urn_ure_t6_re_FunctionFamily_urn_ure_t6_core_Project_black-ops-2_fd2705692f16c05f_re_Function_msvc-public__mp_exch_47dd3bbfd6217745_build_urn_ure_t6_re_Build_urn_ure_t6_core_Project_black-ops-2_fd2705692f16c05f_pc-server-2013-03-11_4ee9a1fac7aa9195:eca292d012895f9f
0x00A70590	3a2a1f5593a8569bf0e83ee0e347f38304d62d84537a0434b0d0fe0a2d456521	0x009ff620	100	_mp_rshd	libtommath:bn_mp_rshd.obj	urn:ure:t6:re_FunctionFamily:urn_ure_t6_core_Project_black-ops-2_fd2705692f16c05f_re_Function_msvc-public__mp_rshd:770585cced0a5767	urn:ure:t6:re_FunctionVariant:urn_ure_t6_re_FunctionFamily_urn_ure_t6_core_Project_black-ops-2_fd2705692f16c05f_re_Function_msvc-public__mp_rshd_770585cced0a5767_build_urn_ure_t6_re_Build_urn_ure_t6_core_Project_black-ops-2_fd2705692f16c05f_pc-server-2013-03-11_4ee9a1fac7aa9195:175ba5fe4aefcdc4
0x00A70600	89da52e2c563ba959e1bab856ab715f349160a0fa5ff72e223f0bad5d4b02357	0x009ff690	106	_mp_lshd	libtommath:bn_mp_lshd.obj	urn:ure:t6:re_FunctionFamily:urn_ure_t6_core_Project_black-ops-2_fd2705692f16c05f_re_Function_msvc-public__mp_lshd:9dc1673a29dac81b	urn:ure:t6:re_FunctionVariant:urn_ure_t6_re_FunctionFamily_urn_ure_t6_core_Project_black-ops-2_fd2705692f16c05f_re_Function_msvc-public__mp_lshd_9dc1673a29dac81b_build_urn_ure_t6_re_Build_urn_ure_t6_core_Project_black-ops-2_fd2705692f16c05f_pc-server-2013-03-11_4ee9a1fac7aa9195:d2919ec5cd3dbec4
0x00A706F0	864799b2b4a760bfb2c3330550f22b87a28ad9f76aa73613d3e6a131529e75a5	0x009ff780	40	_mp_abs	libtommath:bn_mp_abs.obj	urn:ure:t6:re_FunctionFamily:urn_ure_t6_core_Project_black-ops-2_fd2705692f16c05f_re_Function_msvc-public__mp_abs:142cfec572ef3e9d	urn:ure:t6:re_FunctionVariant:urn_ure_t6_re_FunctionFamily_urn_ure_t6_core_Project_black-ops-2_fd2705692f16c05f_re_Function_msvc-public__mp_abs_142cfec572ef3e9d_build_urn_ure_t6_re_Build_urn_ure_t6_core_Project_black-ops-2_fd2705692f16c05f_pc-server-2013-03-11_4ee9a1fac7aa9195:7d3ae8cb64888c80
0x00A70720	98fc0ff053d7f1dc179a761f7c80f6e69e3d5c4af85b43fed91248333915a29d	0x009ff7b0	38	_mp_clear_multi	libtommath:bn_mp_clear_multi.obj	urn:ure:t6:re_FunctionFamily:urn_ure_t6_core_Project_black-ops-2_fd2705692f16c05f_re_Function_msvc-public__mp_clear_multi:f4ac0e63fe8f09f0	urn:ure:t6:re_FunctionVariant:urn_ure_t6_re_FunctionFamily_urn_ure_t6_core_Project_black-ops-2_fd2705692f16c05f_re_Function_msvc-public__mp_clear_multi_f4ac0e63fe8f09f0_build_urn_ure_t6_re_Build_urn_ure_t6_core_Project_black-ops-2_fd2705692f16c05f_pc-server-2013-03-11_4ee9a1fac7aa9195:ed7b42fb5ebfa2ea
0x00A70750	e71a2b41d2d4ac2783fe9bb3d7abd2496d1da362302aae24dd43cdedcc6a8b03	0x009ff7e0	98	_mp_init_multi	libtommath:bn_mp_init_multi.obj	urn:ure:t6:re_FunctionFamily:urn_ure_t6_core_Project_black-ops-2_fd2705692f16c05f_re_Function_msvc-public__mp_init_multi:05a88bc7b5e7b2d0	urn:ure:t6:re_FunctionVariant:urn_ure_t6_re_FunctionFamily_urn_ure_t6_core_Project_black-ops-2_fd2705692f16c05f_re_Function_msvc-public__mp_init_multi_05a88bc7b5e7b2d0_build_urn_ure_t6_re_Build_urn_ure_t6_core_Project_black-ops-2_fd2705692f16c05f_pc-server-2013-03-11_4ee9a1fac7aa9195:1a38675b210f5ec6
0x00A707C0	30a6618d0c3827c4ee5108dfda5cd1c81be99094b2ad8445c09fb749782baad6	0x009ff850	136	_mp_mod	libtommath:bn_mp_mod.obj	urn:ure:t6:re_FunctionFamily:urn_ure_t6_core_Project_black-ops-2_fd2705692f16c05f_re_Function_msvc-public__mp_mod:649557c60323c6fa	urn:ure:t6:re_FunctionVariant:urn_ure_t6_re_FunctionFamily_urn_ure_t6_core_Project_black-ops-2_fd2705692f16c05f_re_Function_msvc-public__mp_mod_649557c60323c6fa_build_urn_ure_t6_re_Build_urn_ure_t6_core_Project_black-ops-2_fd2705692f16c05f_pc-server-2013-03-11_4ee9a1fac7aa9195:6bcc284f20af9c77
0x00A70850	9de4515413d8200ca8a9c652699a69297b928c71e54e1acfc528774830788ab6	0x009ff8e0	1030	_mp_invmod_slow	libtommath:bn_mp_invmod_slow.obj	urn:ure:t6:re_FunctionFamily:urn_ure_t6_core_Project_black-ops-2_fd2705692f16c05f_re_Function_msvc-public__mp_invmod_slow:10066fb82fcbd832	urn:ure:t6:re_FunctionVariant:urn_ure_t6_re_FunctionFamily_urn_ure_t6_core_Project_black-ops-2_fd2705692f16c05f_re_Function_msvc-public__mp_invmod_slow_10066fb82fcbd832_build_urn_ure_t6_re_Build_urn_ure_t6_core_Project_black-ops-2_fd2705692f16c05f_pc-server-2013-03-11_4ee9a1fac7aa9195:d27888432753cf2d
0x00A70EF0	90165fa9dc12b6ca80305f66c69ba3ac508d57ecf1d55dde2ac37531a7c764ea	0x009fff80	159	_mp_mul_2	libtommath:bn_mp_mul_2.obj	urn:ure:t6:re_FunctionFamily:urn_ure_t6_core_Project_black-ops-2_fd2705692f16c05f_re_Function_msvc-public__mp_mul_2:5b920ef4dd114054	urn:ure:t6:re_FunctionVariant:urn_ure_t6_re_FunctionFamily_urn_ure_t6_core_Project_black-ops-2_fd2705692f16c05f_re_Function_msvc-public__mp_mul_2_5b920ef4dd114054_build_urn_ure_t6_re_Build_urn_ure_t6_core_Project_black-ops-2_fd2705692f16c05f_pc-server-2013-03-11_4ee9a1fac7aa9195:e5318f04b4fd514d
0x00A70F90	a95268e48f7732d193e640d75e165ccd0e403031825edd4c73f1bf14e228be52	0x00a00020	44	_mp_set	libtommath:bn_mp_set.obj	urn:ure:t6:re_FunctionFamily:urn_ure_t6_core_Project_black-ops-2_fd2705692f16c05f_re_Function_msvc-public__mp_set:83437e6f9b79c441	urn:ure:t6:re_FunctionVariant:urn_ure_t6_re_FunctionFamily_urn_ure_t6_core_Project_black-ops-2_fd2705692f16c05f_re_Function_msvc-public__mp_set_83437e6f9b79c441_build_urn_ure_t6_re_Build_urn_ure_t6_core_Project_black-ops-2_fd2705692f16c05f_pc-server-2013-03-11_4ee9a1fac7aa9195:e90d9962b8cd32b5
0x00A718C0	ff17184b7fb6abf6b0886190468d16da0d6ccd54485fc927328f99c863ecc737	0x00a00950	106	_mp_reduce_is_2k	libtommath:bn_mp_reduce_is_2k.obj	urn:ure:t6:re_FunctionFamily:urn_ure_t6_core_Project_black-ops-2_fd2705692f16c05f_re_Function_msvc-public__mp_reduce_is_2k:22ee0ad29cef7eda	urn:ure:t6:re_FunctionVariant:urn_ure_t6_re_FunctionFamily_urn_ure_t6_core_Project_black-ops-2_fd2705692f16c05f_re_Function_msvc-public__mp_reduce_is_2k_22ee0ad29cef7eda_build_urn_ure_t6_re_Build_urn_ure_t6_core_Project_black-ops-2_fd2705692f16c05f_pc-server-2013-03-11_4ee9a1fac7aa9195:ecb80fbc93ded9da
0x00A71930	75d8e123f54571889111b38b926c39c036f034d8a4fa88d08a2d6b8e11bd3f90	0x00a009c0	55	_mp_dr_is_modulus	libtommath:bn_mp_dr_is_modulus.obj	urn:ure:t6:re_FunctionFamily:urn_ure_t6_core_Project_black-ops-2_fd2705692f16c05f_re_Function_msvc-public__mp_dr_is_modulus:a5db1f28c300a990	urn:ure:t6:re_FunctionVariant:urn_ure_t6_re_FunctionFamily_urn_ure_t6_core_Project_black-ops-2_fd2705692f16c05f_re_Function_msvc-public__mp_dr_is_modulus_a5db1f28c300a990_build_urn_ure_t6_re_Build_urn_ure_t6_core_Project_black-ops-2_fd2705692f16c05f_pc-server-2013-03-11_4ee9a1fac7aa9195:4235c6ff46a7cd9c
0x00A71FA0	f8fd814178f62735590730d3cc48429cab54ab75749bb8d5a641ff540196d887	0x00a01030	69	_mp_reduce_is_2k_l	libtommath:bn_mp_reduce_is_2k_l.obj	urn:ure:t6:re_FunctionFamily:urn_ure_t6_core_Project_black-ops-2_fd2705692f16c05f_re_Function_msvc-public__mp_reduce_is_2k_l:dd0cf2ddb651f76d	urn:ure:t6:re_FunctionVariant:urn_ure_t6_re_FunctionFamily_urn_ure_t6_core_Project_black-ops-2_fd2705692f16c05f_re_Function_msvc-public__mp_reduce_is_2k_l_dd0cf2ddb651f76d_build_urn_ure_t6_re_Build_urn_ure_t6_core_Project_black-ops-2_fd2705692f16c05f_pc-server-2013-03-11_4ee9a1fac7aa9195:5576fb300716309b
0x00A71FF0	93729693a799b670fb22760811070c0107cce1741bf95f2e440b373de76c3fe9	0x00a01080	402	_mp_prime_miller_rabin	libtommath:bn_mp_prime_miller_rabin.obj	urn:ure:t6:re_FunctionFamily:urn_ure_t6_core_Project_black-ops-2_fd2705692f16c05f_re_Function_msvc-public__mp_prime_miller_rabin:8232c296461e9a44	urn:ure:t6:re_FunctionVariant:urn_ure_t6_re_FunctionFamily_urn_ure_t6_core_Project_black-ops-2_fd2705692f16c05f_re_Function_msvc-public__mp_prime_miller_rabin_8232c296461e9a44_build_urn_ure_t6_re_Build_urn_ure_t6_core_Project_black-ops-2_fd2705692f16c05f_pc-server-2013-03-11_4ee9a1fac7aa9195:a85c461ee08bfeae
0x00A723D0	5e9b5304951c9faf826c29e4a44edd3d3d5f17724a5e76566ef2aeabe5579866	0x00a01460	183	_mp_reduce_2k	libtommath:bn_mp_reduce_2k.obj	urn:ure:t6:re_FunctionFamily:urn_ure_t6_core_Project_black-ops-2_fd2705692f16c05f_re_Function_msvc-public__mp_reduce_2k:0965c3a37e9fdf2f	urn:ure:t6:re_FunctionVariant:urn_ure_t6_re_FunctionFamily_urn_ure_t6_core_Project_black-ops-2_fd2705692f16c05f_re_Function_msvc-public__mp_reduce_2k_0965c3a37e9fdf2f_build_urn_ure_t6_re_Build_urn_ure_t6_core_Project_black-ops-2_fd2705692f16c05f_pc-server-2013-03-11_4ee9a1fac7aa9195:c292f439fdf3b7ce
0x00A72490	f16038edd16003c1aa7eaf151f7ce7401d1d3cb300212175f9f780c32f0aa16b	0x00a01520	124	_mp_reduce_2k_setup	libtommath:bn_mp_reduce_2k_setup.obj	urn:ure:t6:re_FunctionFamily:urn_ure_t6_core_Project_black-ops-2_fd2705692f16c05f_re_Function_msvc-public__mp_reduce_2k_setup:5c515a2b089fb3a6	urn:ure:t6:re_FunctionVariant:urn_ure_t6_re_FunctionFamily_urn_ure_t6_core_Project_black-ops-2_fd2705692f16c05f_re_Function_msvc-public__mp_reduce_2k_setup_5c515a2b089fb3a6_build_urn_ure_t6_re_Build_urn_ure_t6_core_Project_black-ops-2_fd2705692f16c05f_pc-server-2013-03-11_4ee9a1fac7aa9195:e687c61f9fc843bb
0x00A725F0	7208c90cfda105897b67b2cfe773cd41b483cf5530ffcdbb89ba32ef92a5981f	0x00a01680	23	_mp_dr_setup	libtommath:bn_mp_dr_setup.obj	urn:ure:t6:re_FunctionFamily:urn_ure_t6_core_Project_black-ops-2_fd2705692f16c05f_re_Function_msvc-public__mp_dr_setup:a91f6f589ab07cd3	urn:ure:t6:re_FunctionVariant:urn_ure_t6_re_FunctionFamily_urn_ure_t6_core_Project_black-ops-2_fd2705692f16c05f_re_Function_msvc-public__mp_dr_setup_a91f6f589ab07cd3_build_urn_ure_t6_re_Build_urn_ure_t6_core_Project_black-ops-2_fd2705692f16c05f_pc-server-2013-03-11_4ee9a1fac7aa9195:87d15c6e9a9c978a
0x00A72610	be9e5416c30dbb0a943b277ed082987853ab524ceb00358016d9ce39d010d42f	0x00a016a0	178	_mp_reduce_2k_l	libtommath:bn_mp_reduce_2k_l.obj	urn:ure:t6:re_FunctionFamily:urn_ure_t6_core_Project_black-ops-2_fd2705692f16c05f_re_Function_msvc-public__mp_reduce_2k_l:2cb28aa7b733dcc3	urn:ure:t6:re_FunctionVariant:urn_ure_t6_re_FunctionFamily_urn_ure_t6_core_Project_black-ops-2_fd2705692f16c05f_re_Function_msvc-public__mp_reduce_2k_l_2cb28aa7b733dcc3_build_urn_ure_t6_re_Build_urn_ure_t6_core_Project_black-ops-2_fd2705692f16c05f_pc-server-2013-03-11_4ee9a1fac7aa9195:d3b7ec5fd19f4875
0x00A726D0	87595eb17caa37988a7ac3ec8503f5739a52ad63c68f06111cb501c04d3f5081	0x00a01760	91	_mp_reduce_2k_setup_l	libtommath:bn_mp_reduce_2k_setup_l.obj	urn:ure:t6:re_FunctionFamily:urn_ure_t6_core_Project_black-ops-2_fd2705692f16c05f_re_Function_msvc-public__mp_reduce_2k_setup_l:6586dfc95d60ad12	urn:ure:t6:re_FunctionVariant:urn_ure_t6_re_FunctionFamily_urn_ure_t6_core_Project_black-ops-2_fd2705692f16c05f_re_Function_msvc-public__mp_reduce_2k_setup_l_6586dfc95d60ad12_build_urn_ure_t6_re_Build_urn_ure_t6_core_Project_black-ops-2_fd2705692f16c05f_pc-server-2013-03-11_4ee9a1fac7aa9195:e7b89db5355ca51a
0x00A72730	01fa82d7cb77433daca1e63e76f9f3a2493a0d7e57304caa583cc92fd0e249e9	0x00a017c0	345	_mp_reduce	libtommath:bn_mp_reduce.obj	urn:ure:t6:re_FunctionFamily:urn_ure_t6_core_Project_black-ops-2_fd2705692f16c05f_re_Function_msvc-public__mp_reduce:cef099e8e53a475e	urn:ure:t6:re_FunctionVariant:urn_ure_t6_re_FunctionFamily_urn_ure_t6_core_Project_black-ops-2_fd2705692f16c05f_re_Function_msvc-public__mp_reduce_cef099e8e53a475e_build_urn_ure_t6_re_Build_urn_ure_t6_core_Project_black-ops-2_fd2705692f16c05f_pc-server-2013-03-11_4ee9a1fac7aa9195:f1a9b3851271eb48
0x00A72890	7d1b393699df2d8614c5fc7fa7ce735d5c10453dbfd997cdb94b467d03427756	0x00a01920	58	_mp_reduce_setup	libtommath:bn_mp_reduce_setup.obj	urn:ure:t6:re_FunctionFamily:urn_ure_t6_core_Project_black-ops-2_fd2705692f16c05f_re_Function_msvc-public__mp_reduce_setup:32772f41e37d4d25	urn:ure:t6:re_FunctionVariant:urn_ure_t6_re_FunctionFamily_urn_ure_t6_core_Project_black-ops-2_fd2705692f16c05f_re_Function_msvc-public__mp_reduce_setup_32772f41e37d4d25_build_urn_ure_t6_re_Build_urn_ure_t6_core_Project_black-ops-2_fd2705692f16c05f_pc-server-2013-03-11_4ee9a1fac7aa9195:c9c294458a428867
0x00A7301A	37443d59c97beecf6e9b5df0d8fc485daf298d14ce1328cc7d78a7056a269a6e	0x00aae2b1	11	_atoi	LIBCMT:atox.obj	urn:ure:t6:re_FunctionFamily:urn_ure_t6_core_Project_black-ops-2_fd2705692f16c05f_re_Function_msvc-public__atoi:12edb8d8d2f66e4b	urn:ure:t6:re_FunctionVariant:urn_ure_t6_re_FunctionFamily_urn_ure_t6_core_Project_black-ops-2_fd2705692f16c05f_re_Function_msvc-public__atoi_12edb8d8d2f66e4b_build_urn_ure_t6_re_Build_urn_ure_t6_core_Project_black-ops-2_fd2705692f16c05f_pc-server-2013-03-11_4ee9a1fac7aa9195:789fc250c3f37a3a
0x00A73040	f8675b4976f7b8efc0bd917aebab734d11ca90222d20bcd2a166ce9914ed2b6e	0x00aade90	43	__chkstk	LIBCMT:chkstk.obj	urn:ure:t6:re_FunctionFamily:urn_ure_t6_core_Project_black-ops-2_fd2705692f16c05f_re_Function_msvc-public___chkstk:d6e3d049b06b375d	urn:ure:t6:re_FunctionVariant:urn_ure_t6_re_FunctionFamily_urn_ure_t6_core_Project_black-ops-2_fd2705692f16c05f_re_Function_msvc-public___chkstk_d6e3d049b06b375d_build_urn_ure_t6_re_Build_urn_ure_t6_core_Project_black-ops-2_fd2705692f16c05f_pc-server-2013-03-11_4ee9a1fac7aa9195:62f0e63b8de82d8d
0x00A737A9	6579e79fbb235f54a6d0ae01d3e7410a7db5b7a4ea39b76277f7b86ddf6f20a6	0x00ab46fb	35	__dosmaperr	LIBCMT:dosmap.obj	urn:ure:t6:re_FunctionFamily:urn_ure_t6_core_Project_black-ops-2_fd2705692f16c05f_re_Function_msvc-public___dosmaperr:5a6f28b748652fce	urn:ure:t6:re_FunctionVariant:urn_ure_t6_re_FunctionFamily_urn_ure_t6_core_Project_black-ops-2_fd2705692f16c05f_re_Function_msvc-public___dosmaperr_5a6f28b748652fce_build_urn_ure_t6_re_Build_urn_ure_t6_core_Project_black-ops-2_fd2705692f16c05f_pc-server-2013-03-11_4ee9a1fac7aa9195:30025cce9974fc89
0x00A7387B	e89e716a299ace6cf62d129c6a11e1bd8bb269df0399c51f940a57d6d196c9ae	0x00ab40dd	53	??4exception@std@@QAEAAV01@ABV01@@Z	LIBCMT:stdexcpt.obj	urn:ure:t6:re_FunctionFamily:urn_ure_t6_core_Project_black-ops-2_fd2705692f16c05f_re_Function_msvc-public_4exception_std_QAEAAV01_ABV01_Z:a06d95272b9407fa	urn:ure:t6:re_FunctionVariant:urn_ure_t6_re_FunctionFamily_urn_ure_t6_core_Project_black-ops-2_fd2705692f16c05f_re_Function_msvc-public_4exception_std_QAEAAV01_ABV01_Z_a06d95272b9407fa_build_urn_ure_t6_re_Build_urn_ure_t6_core_Project_black-ops-2_fd2705692f16c05f_pc-server-2013-03-11_4ee9a1fac7aa9195:2c63e4d52290fe08
0x00A73E20	c50c47d6341b99b302adf666a44684850d5bb697fdf38b91174bb69af9f21ce9	0x00aadec0	192	_strncmp	LIBCMT:strncmp.obj	urn:ure:t6:re_FunctionFamily:urn_ure_t6_core_Project_black-ops-2_fd2705692f16c05f_re_Function_msvc-public__strncmp:f9fee84ffd489adc	urn:ure:t6:re_FunctionVariant:urn_ure_t6_re_FunctionFamily_urn_ure_t6_core_Project_black-ops-2_fd2705692f16c05f_re_Function_msvc-public__strncmp_f9fee84ffd489adc_build_urn_ure_t6_re_Build_urn_ure_t6_core_Project_black-ops-2_fd2705692f16c05f_pc-server-2013-03-11_4ee9a1fac7aa9195:d7bb031c9f5420df
0x00A73FA0	601d9a5c716363b685655e0f91cf61930832079d76a574320fa2762335eb83b5	0x00aae390	309	_strncat	LIBCMT:strncat.obj	urn:ure:t6:re_FunctionFamily:urn_ure_t6_core_Project_black-ops-2_fd2705692f16c05f_re_Function_msvc-public__strncat:068497b224a9aaf4	urn:ure:t6:re_FunctionVariant:urn_ure_t6_re_FunctionFamily_urn_ure_t6_core_Project_black-ops-2_fd2705692f16c05f_re_Function_msvc-public__strncat_068497b224a9aaf4_build_urn_ure_t6_re_Build_urn_ure_t6_core_Project_black-ops-2_fd2705692f16c05f_pc-server-2013-03-11_4ee9a1fac7aa9195:0a7d26958717a0ed
0x00A74110	22006e25651e484a1c6be63bde03c539bb04291083659ef03adadd480f32d18e	0x00aae500	292	_strncpy	LIBCMT:strncpy.obj	urn:ure:t6:re_FunctionFamily:urn_ure_t6_core_Project_black-ops-2_fd2705692f16c05f_re_Function_msvc-public__strncpy:840549469b718f63	urn:ure:t6:re_FunctionVariant:urn_ure_t6_re_FunctionFamily_urn_ure_t6_core_Project_black-ops-2_fd2705692f16c05f_re_Function_msvc-public__strncpy_840549469b718f63_build_urn_ure_t6_re_Build_urn_ure_t6_core_Project_black-ops-2_fd2705692f16c05f_pc-server-2013-03-11_4ee9a1fac7aa9195:ff33564e62f6f0a2
0x00A749C5	80ea79c982ebb048e5266bf427a504aa18c1f33091fafcb352f3ee6cd1ab4ad9	0x00aaf145	19	_atof	LIBCMT:atof.obj	urn:ure:t6:re_FunctionFamily:urn_ure_t6_core_Project_black-ops-2_fd2705692f16c05f_re_Function_msvc-public__atof:a24f19d8cc3f8633	urn:ure:t6:re_FunctionVariant:urn_ure_t6_re_FunctionFamily_urn_ure_t6_core_Project_black-ops-2_fd2705692f16c05f_re_Function_msvc-public__atof_a24f19d8cc3f8633_build_urn_ure_t6_re_Build_urn_ure_t6_core_Project_black-ops-2_fd2705692f16c05f_pc-server-2013-03-11_4ee9a1fac7aa9195:78ed2f3604347841
0x00A74F26	5333b186c02836974c6f792303aeb2c00d856316b93ccbbe65f51def6ae661b4	0x00aafa46	117	__ftol2	LIBCMT:ftol2.obj	urn:ure:t6:re_FunctionFamily:urn_ure_t6_core_Project_black-ops-2_fd2705692f16c05f_re_Function_msvc-public___ftol2:ec3c9381678e0057	urn:ure:t6:re_FunctionVariant:urn_ure_t6_re_FunctionFamily_urn_ure_t6_core_Project_black-ops-2_fd2705692f16c05f_re_Function_msvc-public___ftol2_ec3c9381678e0057_build_urn_ure_t6_re_Build_urn_ure_t6_core_Project_black-ops-2_fd2705692f16c05f_pc-server-2013-03-11_4ee9a1fac7aa9195:2ee4d585383f39bf
0x00A75060	8964dcf0d769cb61dd4354feac00491ae8c1b34eb9627a4c5ec2d4350243d395	0x00aafc00	170	__alldiv	LIBCMT:lldiv.obj	urn:ure:t6:re_FunctionFamily:urn_ure_t6_core_Project_black-ops-2_fd2705692f16c05f_re_Function_msvc-public___alldiv:d1292d6c212ed8db	urn:ure:t6:re_FunctionVariant:urn_ure_t6_re_FunctionFamily_urn_ure_t6_core_Project_black-ops-2_fd2705692f16c05f_re_Function_msvc-public___alldiv_d1292d6c212ed8db_build_urn_ure_t6_re_Build_urn_ure_t6_core_Project_black-ops-2_fd2705692f16c05f_pc-server-2013-03-11_4ee9a1fac7aa9195:8848737e310d3bfd
0x00A75120	1196a276dcfdd74f72de4e4d6889e8a22e5bc4b24104501e0b13ccc51d4a5f3f	0x00aafcc0	190	_strchr	LIBCMT:strchr.obj	urn:ure:t6:re_FunctionFamily:urn_ure_t6_core_Project_black-ops-2_fd2705692f16c05f_re_Function_msvc-public__strchr:cdb2e8c3954f5a55	urn:ure:t6:re_FunctionVariant:urn_ure_t6_re_FunctionFamily_urn_ure_t6_core_Project_black-ops-2_fd2705692f16c05f_re_Function_msvc-public__strchr_cdb2e8c3954f5a55_build_urn_ure_t6_re_Build_urn_ure_t6_core_Project_black-ops-2_fd2705692f16c05f_pc-server-2013-03-11_4ee9a1fac7aa9195:d4f84b51d2fc28b0
0x00A753AD	402145936f1b92f6ca01a0d3a60e9f163d31a62016b1f9742a22ffaf7610f9c6	0x00aafeac	23	_atexit	LIBCMT:onexit.obj	urn:ure:t6:re_FunctionFamily:urn_ure_t6_core_Project_black-ops-2_fd2705692f16c05f_re_Function_msvc-public__atexit:4541775ba39f037a	urn:ure:t6:re_FunctionVariant:urn_ure_t6_re_FunctionFamily_urn_ure_t6_core_Project_black-ops-2_fd2705692f16c05f_re_Function_msvc-public__atexit_4541775ba39f037a_build_urn_ure_t6_re_Build_urn_ure_t6_core_Project_black-ops-2_fd2705692f16c05f_pc-server-2013-03-11_4ee9a1fac7aa9195:c5ef4f7e799cc925
0x00A75640	909b1a39b7337f2fa8d8626167f578bf92643cf163ee37f401893b5b813db166	0x00ab0140	31	__aullshr	LIBCMT:ullshr.obj	urn:ure:t6:re_FunctionFamily:urn_ure_t6_core_Project_black-ops-2_fd2705692f16c05f_re_Function_msvc-public___aullshr:3fa442b7a5413419	urn:ure:t6:re_FunctionVariant:urn_ure_t6_re_FunctionFamily_urn_ure_t6_core_Project_black-ops-2_fd2705692f16c05f_re_Function_msvc-public___aullshr_3fa442b7a5413419_build_urn_ure_t6_re_Build_urn_ure_t6_core_Project_black-ops-2_fd2705692f16c05f_pc-server-2013-03-11_4ee9a1fac7aa9195:ed6b500be3d1b477
0x00A77800	04614067463d9a7345e7de2955a0c9fb5906c602499fb5df7f220ae231db613b	0x00ab1c10	31	__allshl	LIBCMT:llshl.obj	urn:ure:t6:re_FunctionFamily:urn_ure_t6_core_Project_black-ops-2_fd2705692f16c05f_re_Function_msvc-public___allshl:ffe477c427341d22	urn:ure:t6:re_FunctionVariant:urn_ure_t6_re_FunctionFamily_urn_ure_t6_core_Project_black-ops-2_fd2705692f16c05f_re_Function_msvc-public___allshl_ffe477c427341d22_build_urn_ure_t6_re_Build_urn_ure_t6_core_Project_black-ops-2_fd2705692f16c05f_pc-server-2013-03-11_4ee9a1fac7aa9195:ed37f8c3bfb35d1b
0x00A77AB0	0b599ea33c0e50b515a59dc8e4f453f040752c0a3af01afa77f3695f7753ba12	0x00ab1ec0	45	_strrchr	LIBCMT:strrchr.obj	urn:ure:t6:re_FunctionFamily:urn_ure_t6_core_Project_black-ops-2_fd2705692f16c05f_re_Function_msvc-public__strrchr:a92dd0f9ffbbc316	urn:ure:t6:re_FunctionVariant:urn_ure_t6_re_FunctionFamily_urn_ure_t6_core_Project_black-ops-2_fd2705692f16c05f_re_Function_msvc-public__strrchr_a92dd0f9ffbbc316_build_urn_ure_t6_re_Build_urn_ure_t6_core_Project_black-ops-2_fd2705692f16c05f_pc-server-2013-03-11_4ee9a1fac7aa9195:374f6f0012fab6ac
0x00A77B10	c24e8aaed4de58907df11c265260404d68e8b92e1a6373d11e2db8e73238e755	0x00ab1ff0	123	__setjmp3	LIBCMT:setjmp3.obj	urn:ure:t6:re_FunctionFamily:urn_ure_t6_core_Project_black-ops-2_fd2705692f16c05f_re_Function_msvc-public___setjmp3:dc790eb46526e65a	urn:ure:t6:re_FunctionVariant:urn_ure_t6_re_FunctionFamily_urn_ure_t6_core_Project_black-ops-2_fd2705692f16c05f_re_Function_msvc-public___setjmp3_dc790eb46526e65a_build_urn_ure_t6_re_Build_urn_ure_t6_core_Project_black-ops-2_fd2705692f16c05f_pc-server-2013-03-11_4ee9a1fac7aa9195:2a2ccd2937527232
0x00A78376	ce668652f7ba3511cf2fb614b9c602627204f549174456833989ecff3f927ba7	0x00ab34a8	18	__mktime64	LIBCMT:mktime64.obj	urn:ure:t6:re_FunctionFamily:urn_ure_t6_core_Project_black-ops-2_fd2705692f16c05f_re_Function_msvc-public___mktime64:da85f111969f9a09	urn:ure:t6:re_FunctionVariant:urn_ure_t6_re_FunctionFamily_urn_ure_t6_core_Project_black-ops-2_fd2705692f16c05f_re_Function_msvc-public___mktime64_da85f111969f9a09_build_urn_ure_t6_re_Build_urn_ure_t6_core_Project_black-ops-2_fd2705692f16c05f_pc-server-2013-03-11_4ee9a1fac7aa9195:20e880e0b5f892f1
0x00A78B6B	af1cd055d6efb8f0d7bfb0b049f7dd08ea4c59aa2a346ea46ded8157f3be1866	0x00ab3bcb	29	_fread	LIBCMT:fread.obj	urn:ure:t6:re_FunctionFamily:urn_ure_t6_core_Project_black-ops-2_fd2705692f16c05f_re_Function_msvc-public__fread:aaa435b58dd30cd3	urn:ure:t6:re_FunctionVariant:urn_ure_t6_re_FunctionFamily_urn_ure_t6_core_Project_black-ops-2_fd2705692f16c05f_re_Function_msvc-public__fread_aaa435b58dd30cd3_build_urn_ure_t6_re_Build_urn_ure_t6_core_Project_black-ops-2_fd2705692f16c05f_pc-server-2013-03-11_4ee9a1fac7aa9195:2fbf9bb9ed0dc6d1
0x00A796A7	52633bbaa385d145bfea765b81dcbcb2d2ac479d63b85041d0499c313852dcf6	0x00aaf8fb	23	_fopen	LIBCMT:fopen.obj	urn:ure:t6:re_FunctionFamily:urn_ure_t6_core_Project_black-ops-2_fd2705692f16c05f_re_Function_msvc-public__fopen:f8054b9e3fcb7ada	urn:ure:t6:re_FunctionVariant:urn_ure_t6_re_FunctionFamily_urn_ure_t6_core_Project_black-ops-2_fd2705692f16c05f_re_Function_msvc-public__fopen_f8054b9e3fcb7ada_build_urn_ure_t6_re_Build_urn_ure_t6_core_Project_black-ops-2_fd2705692f16c05f_pc-server-2013-03-11_4ee9a1fac7aa9195:1476ddd4509b6264
0x00A79AF0	84d17e172ff5e6bce23b7837cc15439649f685d00b3cdff9cc07cae79a0a88f2	0x00ab4f90	104	__aulldiv	LIBCMT:ulldiv.obj	urn:ure:t6:re_FunctionFamily:urn_ure_t6_core_Project_black-ops-2_fd2705692f16c05f_re_Function_msvc-public___aulldiv:474a3aedfbc8adbe	urn:ure:t6:re_FunctionVariant:urn_ure_t6_re_FunctionFamily_urn_ure_t6_core_Project_black-ops-2_fd2705692f16c05f_re_Function_msvc-public___aulldiv_474a3aedfbc8adbe_build_urn_ure_t6_re_Build_urn_ure_t6_core_Project_black-ops-2_fd2705692f16c05f_pc-server-2013-03-11_4ee9a1fac7aa9195:2a7199a2620200d1
0x00A79C67	10e41000cee9a024c9df7ec383c187617203f991fd1533ba48846c6d1e3bb25e	0x00ab50d4	29	__ui64toa	LIBCMT:xtoa.obj	urn:ure:t6:re_FunctionFamily:urn_ure_t6_core_Project_black-ops-2_fd2705692f16c05f_re_Function_msvc-public___ui64toa:a4b0d5bca831797c	urn:ure:t6:re_FunctionVariant:urn_ure_t6_re_FunctionFamily_urn_ure_t6_core_Project_black-ops-2_fd2705692f16c05f_re_Function_msvc-public___ui64toa_a4b0d5bca831797c_build_urn_ure_t6_re_Build_urn_ure_t6_core_Project_black-ops-2_fd2705692f16c05f_pc-server-2013-03-11_4ee9a1fac7aa9195:1f317965dd5fb921
0x00A7A1D0	3d0898d998acc8af3ea17032ff56fd1b963c685b072f669c52d4b8267f9d0a78	0x00ab5630	52	__allmul	LIBCMT:llmul.obj	urn:ure:t6:re_FunctionFamily:urn_ure_t6_core_Project_black-ops-2_fd2705692f16c05f_re_Function_msvc-public___allmul:5a650c5caaaa3900	urn:ure:t6:re_FunctionVariant:urn_ure_t6_re_FunctionFamily_urn_ure_t6_core_Project_black-ops-2_fd2705692f16c05f_re_Function_msvc-public___allmul_5a650c5caaaa3900_build_urn_ure_t6_re_Build_urn_ure_t6_core_Project_black-ops-2_fd2705692f16c05f_pc-server-2013-03-11_4ee9a1fac7aa9195:a919b8d65a996df5
0x00A7A210	4e96ec5152dff3c4648f00572c6ed10d221e170be7101db0a0a0d6fe9e7b503f	0x00ab5580	173	_memchr	LIBCMT:memchr.obj	urn:ure:t6:re_FunctionFamily:urn_ure_t6_core_Project_black-ops-2_fd2705692f16c05f_re_Function_msvc-public__memchr:e58e1b883c0f408e	urn:ure:t6:re_FunctionVariant:urn_ure_t6_re_FunctionFamily_urn_ure_t6_core_Project_black-ops-2_fd2705692f16c05f_re_Function_msvc-public__memchr_e58e1b883c0f408e_build_urn_ure_t6_re_Build_urn_ure_t6_core_Project_black-ops-2_fd2705692f16c05f_pc-server-2013-03-11_4ee9a1fac7aa9195:848d26959b409f5d
0x00A7A2C0	c3a436646e0acf44b28d2087806b0dcfc4869473f1b1b8cd1e0c01d07e16cc3c	0x00ab5950	70	_strcspn	LIBCMT:strcspn.obj	urn:ure:t6:re_FunctionFamily:urn_ure_t6_core_Project_black-ops-2_fd2705692f16c05f_re_Function_msvc-public__strcspn:ae53f0351cf0458f	urn:ure:t6:re_FunctionVariant:urn_ure_t6_re_FunctionFamily_urn_ure_t6_core_Project_black-ops-2_fd2705692f16c05f_re_Function_msvc-public__strcspn_ae53f0351cf0458f_build_urn_ure_t6_re_Build_urn_ure_t6_core_Project_black-ops-2_fd2705692f16c05f_pc-server-2013-03-11_4ee9a1fac7aa9195:ae3f67ba321d64e6
0x00A7A310	f250758db89da8bace57e1367e10641e50922f3a0700fe1b70a6f2e6999f4f70	0x00ab59a0	70	_strspn	LIBCMT:strspn.obj	urn:ure:t6:re_FunctionFamily:urn_ure_t6_core_Project_black-ops-2_fd2705692f16c05f_re_Function_msvc-public__strspn:f54424e867d6459c	urn:ure:t6:re_FunctionVariant:urn_ure_t6_re_FunctionFamily_urn_ure_t6_core_Project_black-ops-2_fd2705692f16c05f_re_Function_msvc-public__strspn_f54424e867d6459c_build_urn_ure_t6_re_Build_urn_ure_t6_core_Project_black-ops-2_fd2705692f16c05f_pc-server-2013-03-11_4ee9a1fac7aa9195:55a081a9541a6271
0x00A7A7AE	8cdaf97900da5fec4a09a393fa15fe6c4c997156779efea27d23dda8fcdde8cd	0x00ab5b8f	57	___ascii_stricmp	LIBCMT:stricmp.obj	urn:ure:t6:re_FunctionFamily:urn_ure_t6_core_Project_black-ops-2_fd2705692f16c05f_re_Function_msvc-public____ascii_stricmp:7f74cb1404b63214	urn:ure:t6:re_FunctionVariant:urn_ure_t6_re_FunctionFamily_urn_ure_t6_core_Project_black-ops-2_fd2705692f16c05f_re_Function_msvc-public____ascii_stricmp_7f74cb1404b63214_build_urn_ure_t6_re_Build_urn_ure_t6_core_Project_black-ops-2_fd2705692f16c05f_pc-server-2013-03-11_4ee9a1fac7aa9195:04d348e211af0104
0x00A7B480	f028a2bb21a2463601e9046f5105991b09f90af85bae56b363c014dafc609ea6	0x00b78f80	33	__allshr	LIBCMT:llshr.obj	urn:ure:t6:re_FunctionFamily:urn_ure_t6_core_Project_black-ops-2_fd2705692f16c05f_re_Function_msvc-public___allshr:26a38bf20a48551c	urn:ure:t6:re_FunctionVariant:urn_ure_t6_re_FunctionFamily_urn_ure_t6_core_Project_black-ops-2_fd2705692f16c05f_re_Function_msvc-public___allshr_26a38bf20a48551c_build_urn_ure_t6_re_Build_urn_ure_t6_core_Project_black-ops-2_fd2705692f16c05f_pc-server-2013-03-11_4ee9a1fac7aa9195:035abd9b16d5861b
0x00A7B569	1f28b44dc2c37853fca518c9be09224b5ae94cb545a6d9b7ac4f9552ccf7d0f8	0x00ab56ec	36	__initterm_e	LIBCMT:crt0dat.obj	urn:ure:t6:re_FunctionFamily:urn_ure_t6_core_Project_black-ops-2_fd2705692f16c05f_re_Function_msvc-public___initterm_e:e84952a90c27d94d	urn:ure:t6:re_FunctionVariant:urn_ure_t6_re_FunctionFamily_urn_ure_t6_core_Project_black-ops-2_fd2705692f16c05f_re_Function_msvc-public___initterm_e_e84952a90c27d94d_build_urn_ure_t6_re_Build_urn_ure_t6_core_Project_black-ops-2_fd2705692f16c05f_pc-server-2013-03-11_4ee9a1fac7aa9195:05c62bb3446e7a82
0x00A7B764	7c58d67f3497f63bb9b829844fb5db21a673e4044a734129fef8a365a7de2f11	0x00ab58e7	22	_exit	LIBCMT:crt0dat.obj	urn:ure:t6:re_FunctionFamily:urn_ure_t6_core_Project_black-ops-2_fd2705692f16c05f_re_Function_msvc-public__exit:4d4b4a3709690b4b	urn:ure:t6:re_FunctionVariant:urn_ure_t6_re_FunctionFamily_urn_ure_t6_core_Project_black-ops-2_fd2705692f16c05f_re_Function_msvc-public__exit_4d4b4a3709690b4b_build_urn_ure_t6_re_Build_urn_ure_t6_core_Project_black-ops-2_fd2705692f16c05f_pc-server-2013-03-11_4ee9a1fac7aa9195:f278d939944c3cc3
0x00A7B77A	dd4cfad79324df5c73006571d8151578f68db1ac184d93ca0dc620c6d7605ac4	0x00ab58fd	22	__exit	LIBCMT:crt0dat.obj	urn:ure:t6:re_FunctionFamily:urn_ure_t6_core_Project_black-ops-2_fd2705692f16c05f_re_Function_msvc-public___exit:b3db8167d8075812	urn:ure:t6:re_FunctionVariant:urn_ure_t6_re_FunctionFamily_urn_ure_t6_core_Project_black-ops-2_fd2705692f16c05f_re_Function_msvc-public___exit_b3db8167d8075812_build_urn_ure_t6_re_Build_urn_ure_t6_core_Project_black-ops-2_fd2705692f16c05f_pc-server-2013-03-11_4ee9a1fac7aa9195:0ef5d8843895ad88
0x00A7B790	85aa9bc57312cb8e65b0107d80e725fd0b5ca98621bdf064a49f551f7bb68934	0x00ab5913	15	__cexit	LIBCMT:crt0dat.obj	urn:ure:t6:re_FunctionFamily:urn_ure_t6_core_Project_black-ops-2_fd2705692f16c05f_re_Function_msvc-public___cexit:8f3acc343aab0baa	urn:ure:t6:re_FunctionVariant:urn_ure_t6_re_FunctionFamily_urn_ure_t6_core_Project_black-ops-2_fd2705692f16c05f_re_Function_msvc-public___cexit_8f3acc343aab0baa_build_urn_ure_t6_re_Build_urn_ure_t6_core_Project_black-ops-2_fd2705692f16c05f_pc-server-2013-03-11_4ee9a1fac7aa9195:13a4d5b3477729da
0x00A7BA33	651f3b04c68605b87b0896555b921b672ed7383488a85f7dbb77a8860de72c28	0x00ab6821	26	_wcstombs	LIBCMT:wcstombs.obj	urn:ure:t6:re_FunctionFamily:urn_ure_t6_core_Project_black-ops-2_fd2705692f16c05f_re_Function_msvc-public__wcstombs:69b5c65b360d00ea	urn:ure:t6:re_FunctionVariant:urn_ure_t6_re_FunctionFamily_urn_ure_t6_core_Project_black-ops-2_fd2705692f16c05f_re_Function_msvc-public__wcstombs_69b5c65b360d00ea_build_urn_ure_t6_re_Build_urn_ure_t6_core_Project_black-ops-2_fd2705692f16c05f_pc-server-2013-03-11_4ee9a1fac7aa9195:509b160ee12c9f4a
0x00A7BC45	18e282b9605ff2f6273c91e62ddfd39fbbad5cb4a575988dd8eb70ae4a16962d	0x00ab6a33	76	__splitpath	LIBCMT:splitpat.obj	urn:ure:t6:re_FunctionFamily:urn_ure_t6_core_Project_black-ops-2_fd2705692f16c05f_re_Function_msvc-public___splitpath:71987eb4893bfa19	urn:ure:t6:re_FunctionVariant:urn_ure_t6_re_FunctionFamily_urn_ure_t6_core_Project_black-ops-2_fd2705692f16c05f_re_Function_msvc-public___splitpath_71987eb4893bfa19_build_urn_ure_t6_re_Build_urn_ure_t6_core_Project_black-ops-2_fd2705692f16c05f_pc-server-2013-03-11_4ee9a1fac7aa9195:66fc2047af91792e
0x00A7D73E	f7548f9275fae60b181eda07d7fe7bb093048a8fa1d74aef3f2d746a7711f372	0x00ab7234	23	__aligned_malloc	LIBCMT:align.obj	urn:ure:t6:re_FunctionFamily:urn_ure_t6_core_Project_black-ops-2_fd2705692f16c05f_re_Function_msvc-public___aligned_malloc:c5cdd821c005b643	urn:ure:t6:re_FunctionVariant:urn_ure_t6_re_FunctionFamily_urn_ure_t6_core_Project_black-ops-2_fd2705692f16c05f_re_Function_msvc-public___aligned_malloc_c5cdd821c005b643_build_urn_ure_t6_re_Build_urn_ure_t6_core_Project_black-ops-2_fd2705692f16c05f_pc-server-2013-03-11_4ee9a1fac7aa9195:12cfc830e4496483
0x00A7D8E1	51435533025e9a356e392332fe80b9a2252b42bfadbf1f0af42f0fbf7f22a1ba	0x00ab73d7	26	__aligned_realloc	LIBCMT:align.obj	urn:ure:t6:re_FunctionFamily:urn_ure_t6_core_Project_black-ops-2_fd2705692f16c05f_re_Function_msvc-public___aligned_realloc:a6b0e66b3e76915c	urn:ure:t6:re_FunctionVariant:urn_ure_t6_re_FunctionFamily_urn_ure_t6_core_Project_black-ops-2_fd2705692f16c05f_re_Function_msvc-public___aligned_realloc_a6b0e66b3e76915c_build_urn_ure_t6_re_Build_urn_ure_t6_core_Project_black-ops-2_fd2705692f16c05f_pc-server-2013-03-11_4ee9a1fac7aa9195:ac4ba9747c7c0f33
0x00A801E4	cd78917148c655df39f3db8e1b9afdb3d30361518524dfa51cba351d75f8817d	0x00ab7475	26	_vsprintf	LIBCMT:vsprintf.obj	urn:ure:t6:re_FunctionFamily:urn_ure_t6_core_Project_black-ops-2_fd2705692f16c05f_re_Function_msvc-public__vsprintf:4b47e6fe44e98191	urn:ure:t6:re_FunctionVariant:urn_ure_t6_re_FunctionFamily_urn_ure_t6_core_Project_black-ops-2_fd2705692f16c05f_re_Function_msvc-public__vsprintf_4b47e6fe44e98191_build_urn_ure_t6_re_Build_urn_ure_t6_core_Project_black-ops-2_fd2705692f16c05f_pc-server-2013-03-11_4ee9a1fac7aa9195:724177cf923d0a4d
0x00A8154F	255837ddb50b2c532a520bd78c4ecf716a2fbd44b1f5152eeecd3deba8f814d0	0x00abacc7	16	__invalid_parameter_noinfo	LIBCMT:invarg.obj	urn:ure:t6:re_FunctionFamily:urn_ure_t6_core_Project_black-ops-2_fd2705692f16c05f_re_Function_msvc-public___invalid_parameter_noinfo:16fd2a4f743368b6	urn:ure:t6:re_FunctionVariant:urn_ure_t6_re_FunctionFamily_urn_ure_t6_core_Project_black-ops-2_fd2705692f16c05f_re_Function_msvc-public___invalid_parameter_noinfo_16fd2a4f743368b6_build_urn_ure_t6_re_Build_urn_ure_t6_core_Project_black-ops-2_fd2705692f16c05f_pc-server-2013-03-11_4ee9a1fac7aa9195:ff0ead9cbd4880dd
0x00A81BE0	5044fc769fb26ae1772d18e3e1ef5ffc16757c910207278cab8d90af3557a7f0	0x00abc1b0	139	_strlen	LIBCMT:strlen.obj	urn:ure:t6:re_FunctionFamily:urn_ure_t6_core_Project_black-ops-2_fd2705692f16c05f_re_Function_msvc-public__strlen:4b564a802a6050e0	urn:ure:t6:re_FunctionVariant:urn_ure_t6_re_FunctionFamily_urn_ure_t6_core_Project_black-ops-2_fd2705692f16c05f_re_Function_msvc-public__strlen_4b564a802a6050e0_build_urn_ure_t6_re_Build_urn_ure_t6_core_Project_black-ops-2_fd2705692f16c05f_pc-server-2013-03-11_4ee9a1fac7aa9195:7806aa6b4bbe0f5d
0x00A82B2F	be3c067b0e75da323ea5c05e8c1ca796ca6ecba8ea88d1ed006a75156fe5ce64	0x00ab8cf5	28	__positive	LIBCMT:cvt.obj	urn:ure:t6:re_FunctionFamily:urn_ure_t6_core_Project_black-ops-2_fd2705692f16c05f_re_Function_msvc-public___positive:ab07ac8aa37e224a	urn:ure:t6:re_FunctionVariant:urn_ure_t6_re_FunctionFamily_urn_ure_t6_core_Project_black-ops-2_fd2705692f16c05f_re_Function_msvc-public___positive_ab07ac8aa37e224a_build_urn_ure_t6_re_Build_urn_ure_t6_core_Project_black-ops-2_fd2705692f16c05f_pc-server-2013-03-11_4ee9a1fac7aa9195:c120872a40e05187
0x00A82B8D	23d2d6a000016d3836341ca3e154cf8f1d34c3a6030f37dcfe5a04117f4dba94	0x00ab8d53	26	__fassign	LIBCMT:cvt.obj	urn:ure:t6:re_FunctionFamily:urn_ure_t6_core_Project_black-ops-2_fd2705692f16c05f_re_Function_msvc-public___fassign:cad57987fe56b6c8	urn:ure:t6:re_FunctionVariant:urn_ure_t6_re_FunctionFamily_urn_ure_t6_core_Project_black-ops-2_fd2705692f16c05f_re_Function_msvc-public___fassign_cad57987fe56b6c8_build_urn_ure_t6_re_Build_urn_ure_t6_core_Project_black-ops-2_fd2705692f16c05f_pc-server-2013-03-11_4ee9a1fac7aa9195:a87feb8283ac33d1
0x00A82BC6	3c3fbfe505e3c1b680a1f59d5271a469ebdcf920e27fc1ae07c93cb53a92c2b5	0x00ab8d8c	19	__forcdecpt	LIBCMT:cvt.obj	urn:ure:t6:re_FunctionFamily:urn_ure_t6_core_Project_black-ops-2_fd2705692f16c05f_re_Function_msvc-public___forcdecpt:a0e9660e12953772	urn:ure:t6:re_FunctionVariant:urn_ure_t6_re_FunctionFamily_urn_ure_t6_core_Project_black-ops-2_fd2705692f16c05f_re_Function_msvc-public___forcdecpt_a0e9660e12953772_build_urn_ure_t6_re_Build_urn_ure_t6_core_Project_black-ops-2_fd2705692f16c05f_pc-server-2013-03-11_4ee9a1fac7aa9195:84d1ec2f9d2ff3c3
0x00A82BD9	e5960cb1a437ee9c1bf844ec6103d1b535d4a88c2c8bab367aa897ef3fbaa0be	0x00ab8d9f	19	__cropzeros	LIBCMT:cvt.obj	urn:ure:t6:re_FunctionFamily:urn_ure_t6_core_Project_black-ops-2_fd2705692f16c05f_re_Function_msvc-public___cropzeros:aa3ccaf855fd2284	urn:ure:t6:re_FunctionVariant:urn_ure_t6_re_FunctionFamily_urn_ure_t6_core_Project_black-ops-2_fd2705692f16c05f_re_Function_msvc-public___cropzeros_aa3ccaf855fd2284_build_urn_ure_t6_re_Build_urn_ure_t6_core_Project_black-ops-2_fd2705692f16c05f_pc-server-2013-03-11_4ee9a1fac7aa9195:c44d924854b024a1
0x00A82E14	268cf20ca320a8a3a92f1bcc3d975544b2b47a2e771ad12db6cc02e89b03e57b	0x00ab8fda	32	__cftoe	LIBCMT:cvt.obj	urn:ure:t6:re_FunctionFamily:urn_ure_t6_core_Project_black-ops-2_fd2705692f16c05f_re_Function_msvc-public___cftoe:238aa8d5bc88a604	urn:ure:t6:re_FunctionVariant:urn_ure_t6_re_FunctionFamily_urn_ure_t6_core_Project_black-ops-2_fd2705692f16c05f_re_Function_msvc-public___cftoe_238aa8d5bc88a604_build_urn_ure_t6_re_Build_urn_ure_t6_core_Project_black-ops-2_fd2705692f16c05f_pc-server-2013-03-11_4ee9a1fac7aa9195:d4fbaed79f4ba6d0
0x00A8345B	5f5cc27469bdefe79be0a276f6200f2231898e85adfba275ccf0f55379bf6023	0x00ab9621	136	__cfltcvt_l	LIBCMT:cvt.obj	urn:ure:t6:re_FunctionFamily:urn_ure_t6_core_Project_black-ops-2_fd2705692f16c05f_re_Function_msvc-public___cfltcvt_l:458feb9e439de64d	urn:ure:t6:re_FunctionVariant:urn_ure_t6_re_FunctionFamily_urn_ure_t6_core_Project_black-ops-2_fd2705692f16c05f_re_Function_msvc-public___cfltcvt_l_458feb9e439de64d_build_urn_ure_t6_re_Build_urn_ure_t6_core_Project_black-ops-2_fd2705692f16c05f_pc-server-2013-03-11_4ee9a1fac7aa9195:b228c23ac6032561
0x00A834E3	03ca8928fb82f3d11d76b334f7ff052edeb37256bfba14846a8c9ec87af28817	0x00ab96a9	35	__cfltcvt	LIBCMT:cvt.obj	urn:ure:t6:re_FunctionFamily:urn_ure_t6_core_Project_black-ops-2_fd2705692f16c05f_re_Function_msvc-public___cfltcvt:486a532e55992418	urn:ure:t6:re_FunctionVariant:urn_ure_t6_re_FunctionFamily_urn_ure_t6_core_Project_black-ops-2_fd2705692f16c05f_re_Function_msvc-public___cfltcvt_486a532e55992418_build_urn_ure_t6_re_Build_urn_ure_t6_core_Project_black-ops-2_fd2705692f16c05f_pc-server-2013-03-11_4ee9a1fac7aa9195:f380a7a26e2f1975
0x00A8468D	795b5bece2a71df261701707db8e17a49b0eeb36a9bf35872060e485e3100c4d	0x00abbe78	19	_isleadbyte	LIBCMT:_wctype.obj	urn:ure:t6:re_FunctionFamily:urn_ure_t6_core_Project_black-ops-2_fd2705692f16c05f_re_Function_msvc-public__isleadbyte:688f819229e91aa0	urn:ure:t6:re_FunctionVariant:urn_ure_t6_re_FunctionFamily_urn_ure_t6_core_Project_black-ops-2_fd2705692f16c05f_re_Function_msvc-public__isleadbyte_688f819229e91aa0_build_urn_ure_t6_re_Build_urn_ure_t6_core_Project_black-ops-2_fd2705692f16c05f_pc-server-2013-03-11_4ee9a1fac7aa9195:fa54c460166cc894
0x00A87270	0f6bedbaacb032256ec1d8adf83f852975544b42c821b77ce77abfd6ee3580e1	0x00abeb50	23	__startTwoArgErrorHandling	LIBCMT:_genexcep_.obj	urn:ure:t6:re_FunctionFamily:urn_ure_t6_core_Project_black-ops-2_fd2705692f16c05f_re_Function_msvc-public___startTwoArgErrorHandling:17ee51f8b5a2431f	urn:ure:t6:re_FunctionVariant:urn_ure_t6_re_FunctionFamily_urn_ure_t6_core_Project_black-ops-2_fd2705692f16c05f_re_Function_msvc-public___startTwoArgErrorHandling_17ee51f8b5a2431f_build_urn_ure_t6_re_Build_urn_ure_t6_core_Project_black-ops-2_fd2705692f16c05f_pc-server-2013-03-11_4ee9a1fac7aa9195:249fb910b8df09c3
0x00A872D0	2dce0bc1ec224128643a743b9a3cab6795651b19324ae7b387a872b7d615ab3b	0x00abebb0	21	__twoToTOS	LIBCMT:_common_.obj	urn:ure:t6:re_FunctionFamily:urn_ure_t6_core_Project_black-ops-2_fd2705692f16c05f_re_Function_msvc-public___twoToTOS:be7bc01a6308a096	urn:ure:t6:re_FunctionVariant:urn_ure_t6_re_FunctionFamily_urn_ure_t6_core_Project_black-ops-2_fd2705692f16c05f_re_Function_msvc-public___twoToTOS_be7bc01a6308a096_build_urn_ure_t6_re_Build_urn_ure_t6_core_Project_black-ops-2_fd2705692f16c05f_pc-server-2013-03-11_4ee9a1fac7aa9195:25fa7aa5d0a3c4ea
0x00A872E5	e6ec999d45c3c78e22ed722d9cdd003ca3e8685d7954a7d030915df1e55eb902	0x00abebc5	23	__load_CW	LIBCMT:_common_.obj	urn:ure:t6:re_FunctionFamily:urn_ure_t6_core_Project_black-ops-2_fd2705692f16c05f_re_Function_msvc-public___load_CW:914b039dc017d308	urn:ure:t6:re_FunctionVariant:urn_ure_t6_re_FunctionFamily_urn_ure_t6_core_Project_black-ops-2_fd2705692f16c05f_re_Function_msvc-public___load_CW_914b039dc017d308_build_urn_ure_t6_re_Build_urn_ure_t6_core_Project_black-ops-2_fd2705692f16c05f_pc-server-2013-03-11_4ee9a1fac7aa9195:470d2f559b5204fa
0x00A87315	49756c88592603c59a91d5ecf8589dab665fc8a2ad0f138e5d6e3c3b05c21169	0x00abebf5	67	__fload_withFB	LIBCMT:_common_.obj	urn:ure:t6:re_FunctionFamily:urn_ure_t6_core_Project_black-ops-2_fd2705692f16c05f_re_Function_msvc-public___fload_withFB:46390855db49ab3f	urn:ure:t6:re_FunctionVariant:urn_ure_t6_re_FunctionFamily_urn_ure_t6_core_Project_black-ops-2_fd2705692f16c05f_re_Function_msvc-public___fload_withFB_46390855db49ab3f_build_urn_ure_t6_re_Build_urn_ure_t6_core_Project_black-ops-2_fd2705692f16c05f_pc-server-2013-03-11_4ee9a1fac7aa9195:7eecb1365673f945
0x00A87358	4adcaaeddff7fc3980a56d0f0bd062f443e97ac27181910e7fc475851b93b5d9	0x00abec38	22	__checkTOS_withFB	LIBCMT:_common_.obj	urn:ure:t6:re_FunctionFamily:urn_ure_t6_core_Project_black-ops-2_fd2705692f16c05f_re_Function_msvc-public___checkTOS_withFB:09e89372def03f84	urn:ure:t6:re_FunctionVariant:urn_ure_t6_re_FunctionFamily_urn_ure_t6_core_Project_black-ops-2_fd2705692f16c05f_re_Function_msvc-public___checkTOS_withFB_09e89372def03f84_build_urn_ure_t6_re_Build_urn_ure_t6_core_Project_black-ops-2_fd2705692f16c05f_pc-server-2013-03-11_4ee9a1fac7aa9195:9c26d2e5cf1ce000
0x00A8736E	b0971b5d2cb4945dc056293d2dac8d989fc1d1488b22edb4125e67fdf93c85bd	0x00abec4e	13	__fast_exit	LIBCMT:_common_.obj	urn:ure:t6:re_FunctionFamily:urn_ure_t6_core_Project_black-ops-2_fd2705692f16c05f_re_Function_msvc-public___fast_exit:dbf0dfbe99a6ae33	urn:ure:t6:re_FunctionVariant:urn_ure_t6_re_FunctionFamily_urn_ure_t6_core_Project_black-ops-2_fd2705692f16c05f_re_Function_msvc-public___fast_exit_dbf0dfbe99a6ae33_build_urn_ure_t6_re_Build_urn_ure_t6_core_Project_black-ops-2_fd2705692f16c05f_pc-server-2013-03-11_4ee9a1fac7aa9195:5febe24a0ecd5cc9
0x00A8737B	c52b11c2f87cb280a857bc4f1442e274b39ddcfb68cb9167f941f707193e58da	0x00abec5b	42	__math_exit	LIBCMT:_common_.obj	urn:ure:t6:re_FunctionFamily:urn_ure_t6_core_Project_black-ops-2_fd2705692f16c05f_re_Function_msvc-public___math_exit:3085b7fccc4a1925	urn:ure:t6:re_FunctionVariant:urn_ure_t6_re_FunctionFamily_urn_ure_t6_core_Project_black-ops-2_fd2705692f16c05f_re_Function_msvc-public___math_exit_3085b7fccc4a1925_build_urn_ure_t6_re_Build_urn_ure_t6_core_Project_black-ops-2_fd2705692f16c05f_pc-server-2013-03-11_4ee9a1fac7aa9195:cabc93bae47a69ac
0x00A87575	39142b8d79823b8b3c0dd534ee99caf6c8cce4347b7608cfc004a14c873f7411	0x00abee55	20	__SEH_epilog4	LIBCMT:sehprolg4.obj	urn:ure:t6:re_FunctionFamily:urn_ure_t6_core_Project_black-ops-2_fd2705692f16c05f_re_Function_msvc-public___SEH_epilog4:cb6114ba9c61be8b	urn:ure:t6:re_FunctionVariant:urn_ure_t6_re_FunctionFamily_urn_ure_t6_core_Project_black-ops-2_fd2705692f16c05f_re_Function_msvc-public___SEH_epilog4_cb6114ba9c61be8b_build_urn_ure_t6_re_Build_urn_ure_t6_core_Project_black-ops-2_fd2705692f16c05f_pc-server-2013-03-11_4ee9a1fac7aa9195:3c4f81d3a742a9a7
0x00A895DA	66991f6b81f4b862a664f72a5f7b479ddc3101af6cb96be81c4d1306c9cd2178	0x00ac1f1a	26	__mbsnbicoll	LIBCMT:mbsnbico.obj	urn:ure:t6:re_FunctionFamily:urn_ure_t6_core_Project_black-ops-2_fd2705692f16c05f_re_Function_msvc-public___mbsnbicoll:8499de4955ef4f42	urn:ure:t6:re_FunctionVariant:urn_ure_t6_re_FunctionFamily_urn_ure_t6_core_Project_black-ops-2_fd2705692f16c05f_re_Function_msvc-public___mbsnbicoll_8499de4955ef4f42_build_urn_ure_t6_re_Build_urn_ure_t6_core_Project_black-ops-2_fd2705692f16c05f_pc-server-2013-03-11_4ee9a1fac7aa9195:848e5eb15c9e68a7
0x00A89838	da4a745d28a57d05fb28b1881d6346fbe87a2a92ea5851e93697a28ff6b79ff3	0x00ac2178	29	_strnlen	LIBCMT:strlen_s.obj	urn:ure:t6:re_FunctionFamily:urn_ure_t6_core_Project_black-ops-2_fd2705692f16c05f_re_Function_msvc-public__strnlen:cff1f9b59256df03	urn:ure:t6:re_FunctionVariant:urn_ure_t6_re_FunctionFamily_urn_ure_t6_core_Project_black-ops-2_fd2705692f16c05f_re_Function_msvc-public__strnlen_cff1f9b59256df03_build_urn_ure_t6_re_Build_urn_ure_t6_core_Project_black-ops-2_fd2705692f16c05f_pc-server-2013-03-11_4ee9a1fac7aa9195:817b337af1b04411
0x00A89B8A	f83af3adc4046b7656a69e7e49bc7ae8ba2f3f55553dc5b414397f3b1fb114e6	0x00ac24ca	27	_wcslen	LIBCMT:wcslen.obj	urn:ure:t6:re_FunctionFamily:urn_ure_t6_core_Project_black-ops-2_fd2705692f16c05f_re_Function_msvc-public__wcslen:266096fdb2a1c20e	urn:ure:t6:re_FunctionVariant:urn_ure_t6_re_FunctionFamily_urn_ure_t6_core_Project_black-ops-2_fd2705692f16c05f_re_Function_msvc-public__wcslen_266096fdb2a1c20e_build_urn_ure_t6_re_Build_urn_ure_t6_core_Project_black-ops-2_fd2705692f16c05f_pc-server-2013-03-11_4ee9a1fac7aa9195:e83b353d62a1d57c
0x00A89F49	6c50e0279e834a7e1e86b51248949e78d7380f449b8c6cc4ceadac6f318c83c2	0x00ac2889	23	__mbschr	LIBCMT:mbschr.obj	urn:ure:t6:re_FunctionFamily:urn_ure_t6_core_Project_black-ops-2_fd2705692f16c05f_re_Function_msvc-public___mbschr:016451292a888312	urn:ure:t6:re_FunctionVariant:urn_ure_t6_re_FunctionFamily_urn_ure_t6_core_Project_black-ops-2_fd2705692f16c05f_re_Function_msvc-public___mbschr_016451292a888312_build_urn_ure_t6_re_Build_urn_ure_t6_core_Project_black-ops-2_fd2705692f16c05f_pc-server-2013-03-11_4ee9a1fac7aa9195:0828487e09935c89
0x00A8A094	94abb6fadbcdb595e2ba8c9a673e591fec8944a2eb04edee55a9ecc56b893047	0x00ac2a14	3	__NLG_Call	LIBCMT:exsup.obj	urn:ure:t6:re_FunctionFamily:urn_ure_t6_core_Project_black-ops-2_fd2705692f16c05f_re_Function_msvc-public___NLG_Call:19adedf290c83608	urn:ure:t6:re_FunctionVariant:urn_ure_t6_re_FunctionFamily_urn_ure_t6_core_Project_black-ops-2_fd2705692f16c05f_re_Function_msvc-public___NLG_Call_19adedf290c83608_build_urn_ure_t6_re_Build_urn_ure_t6_core_Project_black-ops-2_fd2705692f16c05f_pc-server-2013-03-11_4ee9a1fac7aa9195:0fbfe42d21b40039
0x00A8A8E0	e1fcf7fc916461a2c414a1e217732d003803a01b8364a6acb293366906fcc724	0x00ac3230	178	__allrem	LIBCMT:llrem.obj	urn:ure:t6:re_FunctionFamily:urn_ure_t6_core_Project_black-ops-2_fd2705692f16c05f_re_Function_msvc-public___allrem:a6f0a479cb52bd82	urn:ure:t6:re_FunctionVariant:urn_ure_t6_re_FunctionFamily_urn_ure_t6_core_Project_black-ops-2_fd2705692f16c05f_re_Function_msvc-public___allrem_a6f0a479cb52bd82_build_urn_ure_t6_re_Build_urn_ure_t6_core_Project_black-ops-2_fd2705692f16c05f_pc-server-2013-03-11_4ee9a1fac7aa9195:5cf3c83d3817a3f3
0x00A8AAA7	f6dadeb2b3b8e130291a6d905c29482b8df3e618c5ce50b37e21c4647a169dbc	0x00ac33f7	45	__set_exp	LIBCMT:_util_.obj	urn:ure:t6:re_FunctionFamily:urn_ure_t6_core_Project_black-ops-2_fd2705692f16c05f_re_Function_msvc-public___set_exp:e08eb7727844241c	urn:ure:t6:re_FunctionVariant:urn_ure_t6_re_FunctionFamily_urn_ure_t6_core_Project_black-ops-2_fd2705692f16c05f_re_Function_msvc-public___set_exp_e08eb7727844241c_build_urn_ure_t6_re_Build_urn_ure_t6_core_Project_black-ops-2_fd2705692f16c05f_pc-server-2013-03-11_4ee9a1fac7aa9195:13d1501862c0a29b
0x00A8AAD4	4c37f50e2128e893d446f403febfb566357b13107a4a5bf952fd0d56f99bfd99	0x00ac3424	102	__sptype	LIBCMT:_util_.obj	urn:ure:t6:re_FunctionFamily:urn_ure_t6_core_Project_black-ops-2_fd2705692f16c05f_re_Function_msvc-public___sptype:72b00f9bdf1c4476	urn:ure:t6:re_FunctionVariant:urn_ure_t6_re_FunctionFamily_urn_ure_t6_core_Project_black-ops-2_fd2705692f16c05f_re_Function_msvc-public___sptype_72b00f9bdf1c4476_build_urn_ure_t6_re_Build_urn_ure_t6_core_Project_black-ops-2_fd2705692f16c05f_pc-server-2013-03-11_4ee9a1fac7aa9195:3c83612c200ce4eb
0x00A8AB3A	23dcf23a40323c6a2b2ae34cc1ac2927994bb00d6ad395d86ab4a04aff3a08d0	0x00ac348a	195	__decomp	LIBCMT:_util_.obj	urn:ure:t6:re_FunctionFamily:urn_ure_t6_core_Project_black-ops-2_fd2705692f16c05f_re_Function_msvc-public___decomp:eee443ed65b829c2	urn:ure:t6:re_FunctionVariant:urn_ure_t6_re_FunctionFamily_urn_ure_t6_core_Project_black-ops-2_fd2705692f16c05f_re_Function_msvc-public___decomp_eee443ed65b829c2_build_urn_ure_t6_re_Build_urn_ure_t6_core_Project_black-ops-2_fd2705692f16c05f_pc-server-2013-03-11_4ee9a1fac7aa9195:6a741b4cd68ec2d9
0x00A8AED9	053686e32249ad7e9be1e6da6bd6798912ca3623559068b7cf13478a5a9021c8	0x00ac3829	35	__raise_exc	LIBCMT:_fpexcept_.obj	urn:ure:t6:re_FunctionFamily:urn_ure_t6_core_Project_black-ops-2_fd2705692f16c05f_re_Function_msvc-public___raise_exc:fdfff124f49d4790	urn:ure:t6:re_FunctionVariant:urn_ure_t6_re_FunctionFamily_urn_ure_t6_core_Project_black-ops-2_fd2705692f16c05f_re_Function_msvc-public___raise_exc_fdfff124f49d4790_build_urn_ure_t6_re_Build_urn_ure_t6_core_Project_black-ops-2_fd2705692f16c05f_pc-server-2013-03-11_4ee9a1fac7aa9195:369d6184628bf687
0x00A8B10D	cbceaa2c21bd23620b947c762720879a18458f9a62a034a204fc5cdc8bd0ee6a	0x00ac3a5d	52	__errcode	LIBCMT:_fpexcept_.obj	urn:ure:t6:re_FunctionFamily:urn_ure_t6_core_Project_black-ops-2_fd2705692f16c05f_re_Function_msvc-public___errcode:1a3a9649cef51605	urn:ure:t6:re_FunctionVariant:urn_ure_t6_re_FunctionFamily_urn_ure_t6_core_Project_black-ops-2_fd2705692f16c05f_re_Function_msvc-public___errcode_1a3a9649cef51605_build_urn_ure_t6_re_Build_urn_ure_t6_core_Project_black-ops-2_fd2705692f16c05f_pc-server-2013-03-11_4ee9a1fac7aa9195:875fa8441c66baef
0x00A8B43B	aaf32c6affd4473e36d77af765ea18f79d3458990e8f426a9b38c3a6288562ae	0x00ac3c50	16	__statfp	LIBCMT:_fpctrl_.obj	urn:ure:t6:re_FunctionFamily:urn_ure_t6_core_Project_black-ops-2_fd2705692f16c05f_re_Function_msvc-public___statfp:a05b6aed1f7077e4	urn:ure:t6:re_FunctionVariant:urn_ure_t6_re_FunctionFamily_urn_ure_t6_core_Project_black-ops-2_fd2705692f16c05f_re_Function_msvc-public___statfp_a05b6aed1f7077e4_build_urn_ure_t6_re_Build_urn_ure_t6_core_Project_black-ops-2_fd2705692f16c05f_pc-server-2013-03-11_4ee9a1fac7aa9195:7748cf635b8d1c8d
0x00A8B44B	b67b6ab6029b316085c461fdd709becc4867e06d232cde868b4bf78f7d065c7e	0x00ac3c60	17	__clrfp	LIBCMT:_fpctrl_.obj	urn:ure:t6:re_FunctionFamily:urn_ure_t6_core_Project_black-ops-2_fd2705692f16c05f_re_Function_msvc-public___clrfp:af4f8818ebd5a875	urn:ure:t6:re_FunctionVariant:urn_ure_t6_re_FunctionFamily_urn_ure_t6_core_Project_black-ops-2_fd2705692f16c05f_re_Function_msvc-public___clrfp_af4f8818ebd5a875_build_urn_ure_t6_re_Build_urn_ure_t6_core_Project_black-ops-2_fd2705692f16c05f_pc-server-2013-03-11_4ee9a1fac7aa9195:7d2df3cc085b09fb
0x00A8B45C	3dcacf176bde33d02991811a28a0f2f89a39331a497a9892ced27c5e4a162e30	0x00ac3c71	43	__ctrlfp	LIBCMT:_fpctrl_.obj	urn:ure:t6:re_FunctionFamily:urn_ure_t6_core_Project_black-ops-2_fd2705692f16c05f_re_Function_msvc-public___ctrlfp:67660c099e36a20a	urn:ure:t6:re_FunctionVariant:urn_ure_t6_re_FunctionFamily_urn_ure_t6_core_Project_black-ops-2_fd2705692f16c05f_re_Function_msvc-public___ctrlfp_67660c099e36a20a_build_urn_ure_t6_re_Build_urn_ure_t6_core_Project_black-ops-2_fd2705692f16c05f_pc-server-2013-03-11_4ee9a1fac7aa9195:b3cb813f240a2be3
0x00A8CBF8	53897a49cdb8455a6629eaf7b5e5fefc794c42981083a068641763e7f66382ca	0x00ac4c3c	41	___AdjustPointer	LIBCMT:frame.obj	urn:ure:t6:re_FunctionFamily:urn_ure_t6_core_Project_black-ops-2_fd2705692f16c05f_re_Function_msvc-public____AdjustPointer:0cd4da7682b46c8d	urn:ure:t6:re_FunctionVariant:urn_ure_t6_re_FunctionFamily_urn_ure_t6_core_Project_black-ops-2_fd2705692f16c05f_re_Function_msvc-public____AdjustPointer_0cd4da7682b46c8d_build_urn_ure_t6_re_Build_urn_ure_t6_core_Project_black-ops-2_fd2705692f16c05f_pc-server-2013-03-11_4ee9a1fac7aa9195:c135d99491e6a611
0x00A8DC06	e4e0b46861913460fd65f84aa363c12e732e230c4437a194b143b5095937d5c9	0x00ac0396	28	__seh_longjmp_unwind4@4	LIBCMT:exsup4.obj	urn:ure:t6:re_FunctionFamily:urn_ure_t6_core_Project_black-ops-2_fd2705692f16c05f_re_Function_msvc-public___seh_longjmp_unwind4_4:85f6259432479106	urn:ure:t6:re_FunctionVariant:urn_ure_t6_re_FunctionFamily_urn_ure_t6_core_Project_black-ops-2_fd2705692f16c05f_re_Function_msvc-public___seh_longjmp_unwind4_4_85f6259432479106_build_urn_ure_t6_re_Build_urn_ure_t6_core_Project_black-ops-2_fd2705692f16c05f_pc-server-2013-03-11_4ee9a1fac7aa9195:dfbbe9c8b1a2b714
0x00A8DC22	6e2b3bd553f0ffdd43df815cf3341fce2e76a73e8f9b243867c06b12310701fb	0x00ac03b2	23	@_EH4_CallFilterFunc@8	LIBCMT:exsup4.obj	urn:ure:t6:re_FunctionFamily:urn_ure_t6_core_Project_black-ops-2_fd2705692f16c05f_re_Function_msvc-public__EH4_CallFilterFunc_8:b97e9dd4a27892e8	urn:ure:t6:re_FunctionVariant:urn_ure_t6_re_FunctionFamily_urn_ure_t6_core_Project_black-ops-2_fd2705692f16c05f_re_Function_msvc-public__EH4_CallFilterFunc_8_b97e9dd4a27892e8_build_urn_ure_t6_re_Build_urn_ure_t6_core_Project_black-ops-2_fd2705692f16c05f_pc-server-2013-03-11_4ee9a1fac7aa9195:578ff1af7ce0fe5e
0x00A8DC6B	3a4eec4ea35ea7724ca91d5b2d275d704d2d9d89e7df2de78413b2ebadec32dc	0x00ac03fb	23	@_EH4_LocalUnwind@16	LIBCMT:exsup4.obj	urn:ure:t6:re_FunctionFamily:urn_ure_t6_core_Project_black-ops-2_fd2705692f16c05f_re_Function_msvc-public__EH4_LocalUnwind_16:3fca4865a0fa0ab6	urn:ure:t6:re_FunctionVariant:urn_ure_t6_re_FunctionFamily_urn_ure_t6_core_Project_black-ops-2_fd2705692f16c05f_re_Function_msvc-public__EH4_LocalUnwind_16_3fca4865a0fa0ab6_build_urn_ure_t6_re_Build_urn_ure_t6_core_Project_black-ops-2_fd2705692f16c05f_pc-server-2013-03-11_4ee9a1fac7aa9195:e756dc7115268b5c
0x00A8DF60	106b501e819fc91bbe63e9d1399d58966a0ad64e9db30078334ccdf21f01fdf8	0x00ac5b50	149	__aulldvrm	LIBCMT:ulldvrm.obj	urn:ure:t6:re_FunctionFamily:urn_ure_t6_core_Project_black-ops-2_fd2705692f16c05f_re_Function_msvc-public___aulldvrm:39f299dec5b34d64	urn:ure:t6:re_FunctionVariant:urn_ure_t6_re_FunctionFamily_urn_ure_t6_core_Project_black-ops-2_fd2705692f16c05f_re_Function_msvc-public___aulldvrm_39f299dec5b34d64_build_urn_ure_t6_re_Build_urn_ure_t6_core_Project_black-ops-2_fd2705692f16c05f_pc-server-2013-03-11_4ee9a1fac7aa9195:11ea4ad8cf74b56e
0x00A8F3C9	ffc6fa57870e176d3e660316e2d9c0f45ab696622d00e689d9decc97132e8cf8	0x00ac65ad	40	__copysign	LIBCMT:_ieeemisc_.obj	urn:ure:t6:re_FunctionFamily:urn_ure_t6_core_Project_black-ops-2_fd2705692f16c05f_re_Function_msvc-public___copysign:ecfe5610138b735d	urn:ure:t6:re_FunctionVariant:urn_ure_t6_re_FunctionFamily_urn_ure_t6_core_Project_black-ops-2_fd2705692f16c05f_re_Function_msvc-public___copysign_ecfe5610138b735d_build_urn_ure_t6_re_Build_urn_ure_t6_core_Project_black-ops-2_fd2705692f16c05f_pc-server-2013-03-11_4ee9a1fac7aa9195:fa58ac0772a10d7d
0x00A8FA50	d9bec8bb89bd3179148916472e693c9df772dc16bd5603621b179f02fcb8b00c	0x00ac5bf0	53	__ValidateImageBase	LIBCMT:pesect.obj	urn:ure:t6:re_FunctionFamily:urn_ure_t6_core_Project_black-ops-2_fd2705692f16c05f_re_Function_msvc-public___ValidateImageBase:ff44a48598d3dc2d	urn:ure:t6:re_FunctionVariant:urn_ure_t6_re_FunctionFamily_urn_ure_t6_core_Project_black-ops-2_fd2705692f16c05f_re_Function_msvc-public___ValidateImageBase_ff44a48598d3dc2d_build_urn_ure_t6_re_Build_urn_ure_t6_core_Project_black-ops-2_fd2705692f16c05f_pc-server-2013-03-11_4ee9a1fac7aa9195:37ff42d69df8d289
0x00A8FA90	9b34049f29d5c22fd4c323f02621cdcda505d5f93b5f021739c153e641d79da3	0x00ac5c30	68	__FindPESection	LIBCMT:pesect.obj	urn:ure:t6:re_FunctionFamily:urn_ure_t6_core_Project_black-ops-2_fd2705692f16c05f_re_Function_msvc-public___FindPESection:52094a1c66b2cddb	urn:ure:t6:re_FunctionVariant:urn_ure_t6_re_FunctionFamily_urn_ure_t6_core_Project_black-ops-2_fd2705692f16c05f_re_Function_msvc-public___FindPESection_52094a1c66b2cddb_build_urn_ure_t6_re_Build_urn_ure_t6_core_Project_black-ops-2_fd2705692f16c05f_pc-server-2013-03-11_4ee9a1fac7aa9195:5af02b7604aafdf9
0x00A8FBEF	ef2bc90b485227c30932b8e932259998babbd795428e31458f1f43df11e9aa9c	0x00ac66c5	25	__ismbblead_l	LIBCMT:ismbbyte.obj	urn:ure:t6:re_FunctionFamily:urn_ure_t6_core_Project_black-ops-2_fd2705692f16c05f_re_Function_msvc-public___ismbblead_l:74981cfd4d0fce56	urn:ure:t6:re_FunctionVariant:urn_ure_t6_re_FunctionFamily_urn_ure_t6_core_Project_black-ops-2_fd2705692f16c05f_re_Function_msvc-public___ismbblead_l_74981cfd4d0fce56_build_urn_ure_t6_re_Build_urn_ure_t6_core_Project_black-ops-2_fd2705692f16c05f_pc-server-2013-03-11_4ee9a1fac7aa9195:b7b0230250cd5c6e
0x00A8FC08	8c6a7fcb127386f1216f63101d09d90cc6562762ddd2f6e99664b841a8756d6d	0x00ac66de	24	__ismbblead	LIBCMT:ismbbyte.obj	urn:ure:t6:re_FunctionFamily:urn_ure_t6_core_Project_black-ops-2_fd2705692f16c05f_re_Function_msvc-public___ismbblead:7856d1ae7750d090	urn:ure:t6:re_FunctionVariant:urn_ure_t6_re_FunctionFamily_urn_ure_t6_core_Project_black-ops-2_fd2705692f16c05f_re_Function_msvc-public___ismbblead_7856d1ae7750d090_build_urn_ure_t6_re_Build_urn_ure_t6_core_Project_black-ops-2_fd2705692f16c05f_pc-server-2013-03-11_4ee9a1fac7aa9195:f13c297a7c5a872f
0x00A8FFCD	b146371d2e644aa9a70ff0395feabad7b737b1b7e7e3672fd6c565d6a7bb689e	0x00ac6a9d	60	__fload	LIBCMT:_87cdisp_.obj	urn:ure:t6:re_FunctionFamily:urn_ure_t6_core_Project_black-ops-2_fd2705692f16c05f_re_Function_msvc-public___fload:693d1dccd2d4668d	urn:ure:t6:re_FunctionVariant:urn_ure_t6_re_FunctionFamily_urn_ure_t6_core_Project_black-ops-2_fd2705692f16c05f_re_Function_msvc-public___fload_693d1dccd2d4668d_build_urn_ure_t6_re_Build_urn_ure_t6_core_Project_black-ops-2_fd2705692f16c05f_pc-server-2013-03-11_4ee9a1fac7aa9195:3a34658de8d8cc0c
0x00A90D1A	5ed4471258487d48ef9a4511e331b28b231bfa6b8f4c8b3bd280ab376d5edd0a	0x00b1dab7	23	__mbsrchr	LIBCMT:mbsrchr.obj	urn:ure:t6:re_FunctionFamily:urn_ure_t6_core_Project_black-ops-2_fd2705692f16c05f_re_Function_msvc-public___mbsrchr:835dc0e99c295dcb	urn:ure:t6:re_FunctionVariant:urn_ure_t6_re_FunctionFamily_urn_ure_t6_core_Project_black-ops-2_fd2705692f16c05f_re_Function_msvc-public___mbsrchr_835dc0e99c295dcb_build_urn_ure_t6_re_Build_urn_ure_t6_core_Project_black-ops-2_fd2705692f16c05f_pc-server-2013-03-11_4ee9a1fac7aa9195:622e8948600df5e4
0x00A95310	a16dfe25ad12e05a7697f94c0a3001966cf8ff212eb4cfd4156cbfa82b56f9b5	0x00ac9a30	64	_strpbrk	LIBCMT:strpbrk.obj	urn:ure:t6:re_FunctionFamily:urn_ure_t6_core_Project_black-ops-2_fd2705692f16c05f_re_Function_msvc-public__strpbrk:4e2342031a365274	urn:ure:t6:re_FunctionVariant:urn_ure_t6_re_FunctionFamily_urn_ure_t6_core_Project_black-ops-2_fd2705692f16c05f_re_Function_msvc-public__strpbrk_4e2342031a365274_build_urn_ure_t6_re_Build_urn_ure_t6_core_Project_black-ops-2_fd2705692f16c05f_pc-server-2013-03-11_4ee9a1fac7aa9195:58715f4e40d59c85
0x00A95BFC	c15b5f963ed5f979b758784a322c3a1152f4d8aca3815236286b6f3971a0e0c8	0x00acb59e	32	__sopen_s	LIBCMT:open.obj	urn:ure:t6:re_FunctionFamily:urn_ure_t6_core_Project_black-ops-2_fd2705692f16c05f_re_Function_msvc-public___sopen_s:24e846d524af5b1f	urn:ure:t6:re_FunctionVariant:urn_ure_t6_re_FunctionFamily_urn_ure_t6_core_Project_black-ops-2_fd2705692f16c05f_re_Function_msvc-public___sopen_s_24e846d524af5b1f_build_urn_ure_t6_re_Build_urn_ure_t6_core_Project_black-ops-2_fd2705692f16c05f_pc-server-2013-03-11_4ee9a1fac7aa9195:b634ceefe6bdd508
0x00A97150	01469a0f156d0e6e1410b416b139e0ae9ad9153685dc825252df05f6f6536e7c	0x00ac8b60	97	___ascii_strnicmp	LIBCMT:_strnicm.obj	urn:ure:t6:re_FunctionFamily:urn_ure_t6_core_Project_black-ops-2_fd2705692f16c05f_re_Function_msvc-public____ascii_strnicmp:416985b643046833	urn:ure:t6:re_FunctionVariant:urn_ure_t6_re_FunctionFamily_urn_ure_t6_core_Project_black-ops-2_fd2705692f16c05f_re_Function_msvc-public____ascii_strnicmp_416985b643046833_build_urn_ure_t6_re_Build_urn_ure_t6_core_Project_black-ops-2_fd2705692f16c05f_pc-server-2013-03-11_4ee9a1fac7aa9195:fa957ba2ccc99760
0x00A97937	3813340483cbf1bb7cda6da4777ece7f713f6d899029772cfdbca8b138ab4123	0x00ac93d9	29	_wctomb_s	LIBCMT:wctomb.obj	urn:ure:t6:re_FunctionFamily:urn_ure_t6_core_Project_black-ops-2_fd2705692f16c05f_re_Function_msvc-public__wctomb_s:ffd117cd0ef6b4d3	urn:ure:t6:re_FunctionVariant:urn_ure_t6_re_FunctionFamily_urn_ure_t6_core_Project_black-ops-2_fd2705692f16c05f_re_Function_msvc-public__wctomb_s_ffd117cd0ef6b4d3_build_urn_ure_t6_re_Build_urn_ure_t6_core_Project_black-ops-2_fd2705692f16c05f_pc-server-2013-03-11_4ee9a1fac7aa9195:0b20657322927d38
0x00A97B57	097788b83eb3dbde6bbba41d75f00ab4ab8db624571b9d8de00eb9797d6e4492	0x00ac8dc4	179	___dtold	LIBCMT:_cfout_.obj	urn:ure:t6:re_FunctionFamily:urn_ure_t6_core_Project_black-ops-2_fd2705692f16c05f_re_Function_msvc-public____dtold:a586ea1507f615e8	urn:ure:t6:re_FunctionVariant:urn_ure_t6_re_FunctionFamily_urn_ure_t6_core_Project_black-ops-2_fd2705692f16c05f_re_Function_msvc-public____dtold_a586ea1507f615e8_build_urn_ure_t6_re_Build_urn_ure_t6_core_Project_black-ops-2_fd2705692f16c05f_pc-server-2013-03-11_4ee9a1fac7aa9195:ac1c8edd7e5d53a3
0x00A97CA0	8944a6bd345f2b75cb86bd3483531448b9a5557c60a3f3ee7d025076739099b7	0x00ac8f10	223	__alldvrm	LIBCMT:lldvrm.obj	urn:ure:t6:re_FunctionFamily:urn_ure_t6_core_Project_black-ops-2_fd2705692f16c05f_re_Function_msvc-public___alldvrm:66eb314ed33a226a	urn:ure:t6:re_FunctionVariant:urn_ure_t6_re_FunctionFamily_urn_ure_t6_core_Project_black-ops-2_fd2705692f16c05f_re_Function_msvc-public___alldvrm_66eb314ed33a226a_build_urn_ure_t6_re_Build_urn_ure_t6_core_Project_black-ops-2_fd2705692f16c05f_pc-server-2013-03-11_4ee9a1fac7aa9195:cf63550b3fd60286
0x00A97DE7	72f961779c37bf40bf7b9ebf9eb6c9ae108b73a5b2679913630701ba5e7c65b2	0x00ac9062	20	__frnd	LIBCMT:_frnd_.obj	urn:ure:t6:re_FunctionFamily:urn_ure_t6_core_Project_black-ops-2_fd2705692f16c05f_re_Function_msvc-public___frnd:3a8eb005354fca2c	urn:ure:t6:re_FunctionVariant:urn_ure_t6_re_FunctionFamily_urn_ure_t6_core_Project_black-ops-2_fd2705692f16c05f_re_Function_msvc-public___frnd_3a8eb005354fca2c_build_urn_ure_t6_re_Build_urn_ure_t6_core_Project_black-ops-2_fd2705692f16c05f_pc-server-2013-03-11_4ee9a1fac7aa9195:a959db5dbe4d6f9f
0x00A97F11	9fd41c621a242bb1f814099cf02d4e63367aa935c7490773eb518d0046d06048	0x00ac9c69	26	_mbtowc	LIBCMT:mbtowc.obj	urn:ure:t6:re_FunctionFamily:urn_ure_t6_core_Project_black-ops-2_fd2705692f16c05f_re_Function_msvc-public__mbtowc:03c463c1f483546e	urn:ure:t6:re_FunctionVariant:urn_ure_t6_re_FunctionFamily_urn_ure_t6_core_Project_black-ops-2_fd2705692f16c05f_re_Function_msvc-public__mbtowc_03c463c1f483546e_build_urn_ure_t6_re_Build_urn_ure_t6_core_Project_black-ops-2_fd2705692f16c05f_pc-server-2013-03-11_4ee9a1fac7aa9195:2389fd5c91ccad0f
0x00A98D72	5635626b8717dda5c9da07a244261b8ea0c4e7f811b9823994055d2b4418c5e3	0x00acaad2	484	___mtold12	LIBCMT:_mantold_.obj	urn:ure:t6:re_FunctionFamily:urn_ure_t6_core_Project_black-ops-2_fd2705692f16c05f_re_Function_msvc-public____mtold12:225d56bbfd9ffcd9	urn:ure:t6:re_FunctionVariant:urn_ure_t6_re_FunctionFamily_urn_ure_t6_core_Project_black-ops-2_fd2705692f16c05f_re_Function_msvc-public____mtold12_225d56bbfd9ffcd9_build_urn_ure_t6_re_Build_urn_ure_t6_core_Project_black-ops-2_fd2705692f16c05f_pc-server-2013-03-11_4ee9a1fac7aa9195:a9496d794866760a
0x00A99498	22947b46b8059f840914d2f515b83bdd6a898279c0a797a828b9ebbaf737ead0	0x00acc484	39	_wcschr	LIBCMT:wcschr.obj	urn:ure:t6:re_FunctionFamily:urn_ure_t6_core_Project_black-ops-2_fd2705692f16c05f_re_Function_msvc-public__wcschr:a449b306634b2fd3	urn:ure:t6:re_FunctionVariant:urn_ure_t6_re_FunctionFamily_urn_ure_t6_core_Project_black-ops-2_fd2705692f16c05f_re_Function_msvc-public__wcschr_a449b306634b2fd3_build_urn_ure_t6_re_Build_urn_ure_t6_core_Project_black-ops-2_fd2705692f16c05f_pc-server-2013-03-11_4ee9a1fac7aa9195:82f00ed4641a5c95
0x00A9974D	de4403bf755bdb8acc32ed14421253bf242ec77fcc3084608bdc387a22ab1d0c	0x00acb7c2	26	__mbsnbicmp	LIBCMT:mbsnbicm.obj	urn:ure:t6:re_FunctionFamily:urn_ure_t6_core_Project_black-ops-2_fd2705692f16c05f_re_Function_msvc-public___mbsnbicmp:1685f35ef061afb3	urn:ure:t6:re_FunctionVariant:urn_ure_t6_re_FunctionFamily_urn_ure_t6_core_Project_black-ops-2_fd2705692f16c05f_re_Function_msvc-public___mbsnbicmp_1685f35ef061afb3_build_urn_ure_t6_re_Build_urn_ure_t6_core_Project_black-ops-2_fd2705692f16c05f_pc-server-2013-03-11_4ee9a1fac7aa9195:ed114889516a56c3
0x00A998B3	78597e9e37c60fc42b3f8402c07146b95958a7197b791062328191cc2f872350	0x00acb928	26	__mbsnbcmp	LIBCMT:mbsnbcmp.obj	urn:ure:t6:re_FunctionFamily:urn_ure_t6_core_Project_black-ops-2_fd2705692f16c05f_re_Function_msvc-public___mbsnbcmp:4b634cd16c44e378	urn:ure:t6:re_FunctionVariant:urn_ure_t6_re_FunctionFamily_urn_ure_t6_core_Project_black-ops-2_fd2705692f16c05f_re_Function_msvc-public___mbsnbcmp_4b634cd16c44e378_build_urn_ure_t6_re_Build_urn_ure_t6_core_Project_black-ops-2_fd2705692f16c05f_pc-server-2013-03-11_4ee9a1fac7aa9195:ed781c4c0a3be6e2
0x00A9B4BC	b795a340fbb1977057e1366fea64b72d87765fb54f42df80c5dff6bc84b58137	0x00acd662	32	_wcsnlen	LIBCMT:wcslen_s.obj	urn:ure:t6:re_FunctionFamily:urn_ure_t6_core_Project_black-ops-2_fd2705692f16c05f_re_Function_msvc-public__wcsnlen:0715f7e779b75c32	urn:ure:t6:re_FunctionVariant:urn_ure_t6_re_FunctionFamily_urn_ure_t6_core_Project_black-ops-2_fd2705692f16c05f_re_Function_msvc-public__wcsnlen_0715f7e779b75c32_build_urn_ure_t6_re_Build_urn_ure_t6_core_Project_black-ops-2_fd2705692f16c05f_pc-server-2013-03-11_4ee9a1fac7aa9195:bc7ff752ef22d23e
0x00A9B5F0	14be3225201986e70292b875bad7c6778ffdd0e29ee8098224bd484479207ccc	0x00acd790	41	_NvAPI_Initialize	nvapi:nvlink_gen.obj	urn:ure:t6:re_FunctionFamily:urn_ure_t6_core_Project_black-ops-2_fd2705692f16c05f_re_Function_msvc-public__NvAPI_Initialize:8f83ebdc2c5d7ce7	urn:ure:t6:re_FunctionVariant:urn_ure_t6_re_FunctionFamily_urn_ure_t6_core_Project_black-ops-2_fd2705692f16c05f_re_Function_msvc-public__NvAPI_Initialize_8f83ebdc2c5d7ce7_build_urn_ure_t6_re_Build_urn_ure_t6_core_Project_black-ops-2_fd2705692f16c05f_pc-server-2013-03-11_4ee9a1fac7aa9195:7c9e06c67ce71d0b
0x00AD4B20	f2caa9e32b1dce79ce64efba5806a764e131b9d00f8f88603f6b8002f83abcf3	0x00953f60	5	??1phys_heap_gjk_cache_system_avl_tree@@QAE@XZ	bg_slidemove.obj	urn:ure:t6:re_FunctionFamily:urn_ure_t6_core_Project_black-ops-2_fd2705692f16c05f_re_Function_msvc-public_1phys_heap_gjk_cache_system_avl_tree_QAE_XZ:00fb66747969a2ef	urn:ure:t6:re_FunctionVariant:urn_ure_t6_re_FunctionFamily_urn_ure_t6_core_Project_black-ops-2_fd2705692f16c05f_re_Function_msvc-public_1phys_heap_gjk_cache_system_avl_tree_QAE_XZ_00fb66747969a2ef_build_urn_ure_t6_re_Build_urn_ure_t6_core_Project_black-ops-2_fd2705692f16c05f_pc-server-2013-03-11_4ee9a1fac7aa9195:dd48eeaf300fef3f
0x00AD9690	36dafae8425994b3b99cc795c3a7167b85e9fb1194ee99cca42130fc586de57b	0x00b0e060	9	?connect@bdConnection@@UAE_NXZ	bdConnection:bdConnection.obj	urn:ure:t6:re_FunctionFamily:urn_ure_t6_core_Project_black-ops-2_fd2705692f16c05f_re_Function_msvc-public_connect_bdConnection_UAE_NXZ:8941f7954bb91a15	urn:ure:t6:re_FunctionVariant:urn_ure_t6_re_FunctionFamily_urn_ure_t6_core_Project_black-ops-2_fd2705692f16c05f_re_Function_msvc-public_connect_bdConnection_UAE_NXZ_8941f7954bb91a15_build_urn_ure_t6_re_Build_urn_ure_t6_core_Project_black-ops-2_fd2705692f16c05f_pc-server-2013-03-11_4ee9a1fac7aa9195:9e04c8f9aa91befb
0x00ADA280	0f8832bf09aec9b46ca6d5dfa0bfdf363e9a3c9c75a519a84174e87f9e3152d8	0x00b0ee50	50	?close@bdUnicastConnection@@UAEXXZ	bdConnection:bdUnicastConnection.obj	urn:ure:t6:re_FunctionFamily:urn_ure_t6_core_Project_black-ops-2_fd2705692f16c05f_re_Function_msvc-public_close_bdUnicastConnection_UAEXXZ:c645262842ea58e7	urn:ure:t6:re_FunctionVariant:urn_ure_t6_re_FunctionFamily_urn_ure_t6_core_Project_black-ops-2_fd2705692f16c05f_re_Function_msvc-public_close_bdUnicastConnection_UAEXXZ_c645262842ea58e7_build_urn_ure_t6_re_Build_urn_ure_t6_core_Project_black-ops-2_fd2705692f16c05f_pc-server-2013-03-11_4ee9a1fac7aa9195:543a7552095158d4
0x00ADCAB0	758a6848526e9411f424c396a3952f792f63d1506d57c88fa5d70c92defd5808	0x00b11d60	121	?increaseCongestionWindow@bdReliableSendWindow@@IAEXI@Z	bdConnection:bdReliableSendWindow.obj	urn:ure:t6:re_FunctionFamily:urn_ure_t6_core_Project_black-ops-2_fd2705692f16c05f_re_Function_msvc-public_increaseCongestionWindow_bdReliableSendWindow_IAEXI_Z:d48161d1808c028b	urn:ure:t6:re_FunctionVariant:urn_ure_t6_re_FunctionFamily_urn_ure_t6_core_Project_black-ops-2_fd2705692f16c05f_re_Function_msvc-public_increaseCongestionWindow_bdReliableSendWindow_IAEXI_Z_d48161d1808c028b_build_urn_ure_t6_re_Build_urn_ure_t6_core_Project_black-ops-2_fd2705692f16c05f_pc-server-2013-03-11_4ee9a1fac7aa9195:e50bd4ca2bb1e342
0x00ADCB30	fb03fb15872efd2913dd3ae8e94c414fd2239004a0c46ad19b04ac29b9a8d78e	0x00b11de0	165	?decreaseCongestionWindow@bdReliableSendWindow@@IAEXW4bdCongestionWindowDecreaseReason@1@@Z	bdConnection:bdReliableSendWindow.obj	urn:ure:t6:re_FunctionFamily:urn_ure_t6_core_Project_black-ops-2_fd2705692f16c05f_re_Function_msvc-public_decreaseCongestionWindow_bdReliableSendWindow_IAEXW4bdCongestionWindowDecreaseReason_1_Z:2edcaa8b34b9b973	urn:ure:t6:re_FunctionVariant:urn_ure_t6_re_FunctionFamily_urn_ure_t6_core_Project_black-ops-2_fd2705692f16c05f_re_Function_msvc-public_decreaseCongestionWindow_bdReliableSendWindow_IAEXW4bdCongestionWindowDecreaseReason_1_Z_2edcaa8b34b9b973_build_urn_ure_t6_re_Build_urn_ure_t6_core_Project_black-ops-2_fd2705692f16c05f_pc-server-2013-03-11_4ee9a1fac7aa9195:0bd025539019b431
0x00ADDA90	bc29e77cf9f63e4f2ee3f89f7d24872b50e9c4a50820b39016f3194edda5e499	0x00b12ee0	4	?getFlags@bdDataChunk@@QBEEXZ	bdConnection:bdDataChunk.obj	urn:ure:t6:re_FunctionFamily:urn_ure_t6_core_Project_black-ops-2_fd2705692f16c05f_re_Function_msvc-public_getFlags_bdDataChunk_QBEEXZ:8b6432b32bf488e7	urn:ure:t6:re_FunctionVariant:urn_ure_t6_re_FunctionFamily_urn_ure_t6_core_Project_black-ops-2_fd2705692f16c05f_re_Function_msvc-public_getFlags_bdDataChunk_QBEEXZ_8b6432b32bf488e7_build_urn_ure_t6_re_Build_urn_ure_t6_core_Project_black-ops-2_fd2705692f16c05f_pc-server-2013-03-11_4ee9a1fac7aa9195:a4ae51bce8e847ec
0x00ADDDB0	e391ea7b4f21c62cb99d1a20d4c6a922c843fb8e381355b03618b30a18544bf7	0x00b13200	33	?getSerializedSize@bdDataChunk@@UBEIXZ	bdConnection:bdDataChunk.obj	urn:ure:t6:re_FunctionFamily:urn_ure_t6_core_Project_black-ops-2_fd2705692f16c05f_re_Function_msvc-public_getSerializedSize_bdDataChunk_UBEIXZ:85088d6d3cf98928	urn:ure:t6:re_FunctionVariant:urn_ure_t6_re_FunctionFamily_urn_ure_t6_core_Project_black-ops-2_fd2705692f16c05f_re_Function_msvc-public_getSerializedSize_bdDataChunk_UBEIXZ_85088d6d3cf98928_build_urn_ure_t6_re_Build_urn_ure_t6_core_Project_black-ops-2_fd2705692f16c05f_pc-server-2013-03-11_4ee9a1fac7aa9195:0a8f9b2a27cdc1a8
0x00ADE2A0	5bc4097cf0119894d428ad310d9e92809a06e9eafc9cebeb592cad5a0787fa3d	0x00b136f0	42	?deserialize@bdDataChunk@@MAE_NQBEIAAI@Z	bdConnection:bdDataChunk.obj	urn:ure:t6:re_FunctionFamily:urn_ure_t6_core_Project_black-ops-2_fd2705692f16c05f_re_Function_msvc-public_deserialize_bdDataChunk_MAE_NQBEIAAI_Z:b90cde096f4949ad	urn:ure:t6:re_FunctionVariant:urn_ure_t6_re_FunctionFamily_urn_ure_t6_core_Project_black-ops-2_fd2705692f16c05f_re_Function_msvc-public_deserialize_bdDataChunk_MAE_NQBEIAAI_Z_b90cde096f4949ad_build_urn_ure_t6_re_Build_urn_ure_t6_core_Project_black-ops-2_fd2705692f16c05f_pc-server-2013-03-11_4ee9a1fac7aa9195:bf49c8c34306e07b
0x00ADE2D0	8a905797df24e4a1fe68a2f630971aa55b606cd6a92fed57303379d0f93a7a2d	0x00b13720	4	?getType@bdMessage@@QBEEXZ	bdConnection:bdMessage.obj	urn:ure:t6:re_FunctionFamily:urn_ure_t6_core_Project_black-ops-2_fd2705692f16c05f_re_Function_msvc-public_getType_bdMessage_QBEEXZ:1569d91c0572ef05	urn:ure:t6:re_FunctionVariant:urn_ure_t6_re_FunctionFamily_urn_ure_t6_core_Project_black-ops-2_fd2705692f16c05f_re_Function_msvc-public_getType_bdMessage_QBEEXZ_1569d91c0572ef05_build_urn_ure_t6_re_Build_urn_ure_t6_core_Project_black-ops-2_fd2705692f16c05f_pc-server-2013-03-11_4ee9a1fac7aa9195:82d7c79e2935a3e5
0x00ADE5D0	024dc4c9328fdc1615d51139ae2af257f8e488cb11db854ac700d5c8b8b61962	0x00b13a20	8	?hasPayload@bdMessage@@QBE_NXZ	bdConnection:bdMessage.obj	urn:ure:t6:re_FunctionFamily:urn_ure_t6_core_Project_black-ops-2_fd2705692f16c05f_re_Function_msvc-public_hasPayload_bdMessage_QBE_NXZ:1ee5cafac5b5a810	urn:ure:t6:re_FunctionVariant:urn_ure_t6_re_FunctionFamily_urn_ure_t6_core_Project_black-ops-2_fd2705692f16c05f_re_Function_msvc-public_hasPayload_bdMessage_QBE_NXZ_1ee5cafac5b5a810_build_urn_ure_t6_re_Build_urn_ure_t6_core_Project_black-ops-2_fd2705692f16c05f_pc-server-2013-03-11_4ee9a1fac7aa9195:5ce1bee47d04d980
0x00ADE610	127e0095d1227d92a770b496cd2a2f4a7d231b0f82a0002f5692fab65cfac8c6	0x00b13a60	8	?hasUnencryptedPayload@bdMessage@@QBE_NXZ	bdConnection:bdMessage.obj	urn:ure:t6:re_FunctionFamily:urn_ure_t6_core_Project_black-ops-2_fd2705692f16c05f_re_Function_msvc-public_hasUnencryptedPayload_bdMessage_QBE_NXZ:7ac8d124f10a50ab	urn:ure:t6:re_FunctionVariant:urn_ure_t6_re_FunctionFamily_urn_ure_t6_core_Project_black-ops-2_fd2705692f16c05f_re_Function_msvc-public_hasUnencryptedPayload_bdMessage_QBE_NXZ_7ac8d124f10a50ab_build_urn_ure_t6_re_Build_urn_ure_t6_core_Project_black-ops-2_fd2705692f16c05f_pc-server-2013-03-11_4ee9a1fac7aa9195:7b51b0611c03ac98
0x00ADE8D0	644ee91904dc40cf63fbe703775988c11235809de9cfb30d87a86c6dc78c5fce	0x00b13d20	12	?addBytesSent@bdConnectionStatistics@@QAEXI@Z	bdConnection:bdConnectionStatistics.obj	urn:ure:t6:re_FunctionFamily:urn_ure_t6_core_Project_black-ops-2_fd2705692f16c05f_re_Function_msvc-public_addBytesSent_bdConnectionStatistics_QAEXI_Z:51b261cee7d1918e	urn:ure:t6:re_FunctionVariant:urn_ure_t6_re_FunctionFamily_urn_ure_t6_core_Project_black-ops-2_fd2705692f16c05f_re_Function_msvc-public_addBytesSent_bdConnectionStatistics_QAEXI_Z_51b261cee7d1918e_build_urn_ure_t6_re_Build_urn_ure_t6_core_Project_black-ops-2_fd2705692f16c05f_pc-server-2013-03-11_4ee9a1fac7aa9195:fddf75651d1950ab
0x00ADE8E0	cc240a8c2fb67bdeba7825dbdeab902f4e1077588d8a1a8bc3c508fc80782e94	0x00b13d30	13	?addBytesRecv@bdConnectionStatistics@@QAEXI@Z	bdConnection:bdConnectionStatistics.obj	urn:ure:t6:re_FunctionFamily:urn_ure_t6_core_Project_black-ops-2_fd2705692f16c05f_re_Function_msvc-public_addBytesRecv_bdConnectionStatistics_QAEXI_Z:a0965f8a242cbdbc	urn:ure:t6:re_FunctionVariant:urn_ure_t6_re_FunctionFamily_urn_ure_t6_core_Project_black-ops-2_fd2705692f16c05f_re_Function_msvc-public_addBytesRecv_bdConnectionStatistics_QAEXI_Z_a0965f8a242cbdbc_build_urn_ure_t6_re_Build_urn_ure_t6_core_Project_black-ops-2_fd2705692f16c05f_pc-server-2013-03-11_4ee9a1fac7aa9195:65f390be6a2fc711
0x00ADE8F0	001fb81ce5fd6bf9a1a2d8da5e7e1a08de4cd359326d31f4f30a7afaea47cb69	0x00b13d40	55	?addPacketSizeSent@bdConnectionStatistics@@QAEXI@Z	bdConnection:bdConnectionStatistics.obj	urn:ure:t6:re_FunctionFamily:urn_ure_t6_core_Project_black-ops-2_fd2705692f16c05f_re_Function_msvc-public_addPacketSizeSent_bdConnectionStatistics_QAEXI_Z:44fec73e7d286bb2	urn:ure:t6:re_FunctionVariant:urn_ure_t6_re_FunctionFamily_urn_ure_t6_core_Project_black-ops-2_fd2705692f16c05f_re_Function_msvc-public_addPacketSizeSent_bdConnectionStatistics_QAEXI_Z_44fec73e7d286bb2_build_urn_ure_t6_re_Build_urn_ure_t6_core_Project_black-ops-2_fd2705692f16c05f_pc-server-2013-03-11_4ee9a1fac7aa9195:aa06f0a6ea415874
0x00ADE930	6a63d448f48b7e0d73f8ffae8cc76b61abad3046ca1624ff0e39707503f0b4c8	0x00b13d80	55	?addPacketSizeRecv@bdConnectionStatistics@@QAEXI@Z	bdConnection:bdConnectionStatistics.obj	urn:ure:t6:re_FunctionFamily:urn_ure_t6_core_Project_black-ops-2_fd2705692f16c05f_re_Function_msvc-public_addPacketSizeRecv_bdConnectionStatistics_QAEXI_Z:af5e591c6a77e2c6	urn:ure:t6:re_FunctionVariant:urn_ure_t6_re_FunctionFamily_urn_ure_t6_core_Project_black-ops-2_fd2705692f16c05f_re_Function_msvc-public_addPacketSizeRecv_bdConnectionStatistics_QAEXI_Z_af5e591c6a77e2c6_build_urn_ure_t6_re_Build_urn_ure_t6_core_Project_black-ops-2_fd2705692f16c05f_pc-server-2013-03-11_4ee9a1fac7aa9195:1318cef7d31fa09e
0x00ADE970	7a81d730fac843670e9e77b5045ace3d2900d84f3f4b5aab6af631d1fdf7209c	0x00b13dc0	13	?addPacketsSent@bdConnectionStatistics@@QAEXI@Z	bdConnection:bdConnectionStatistics.obj	urn:ure:t6:re_FunctionFamily:urn_ure_t6_core_Project_black-ops-2_fd2705692f16c05f_re_Function_msvc-public_addPacketsSent_bdConnectionStatistics_QAEXI_Z:8b990f0438ee4a71	urn:ure:t6:re_FunctionVariant:urn_ure_t6_re_FunctionFamily_urn_ure_t6_core_Project_black-ops-2_fd2705692f16c05f_re_Function_msvc-public_addPacketsSent_bdConnectionStatistics_QAEXI_Z_8b990f0438ee4a71_build_urn_ure_t6_re_Build_urn_ure_t6_core_Project_black-ops-2_fd2705692f16c05f_pc-server-2013-03-11_4ee9a1fac7aa9195:659870c99f9ca789
0x00ADE980	8af28e20f129cfa11d8bec331d483b253acc8d2a865cd53baea7669ada2997cf	0x00b13dd0	13	?addPacketsRecv@bdConnectionStatistics@@QAEXI@Z	bdConnection:bdConnectionStatistics.obj	urn:ure:t6:re_FunctionFamily:urn_ure_t6_core_Project_black-ops-2_fd2705692f16c05f_re_Function_msvc-public_addPacketsRecv_bdConnectionStatistics_QAEXI_Z:03d62ff7157bd426	urn:ure:t6:re_FunctionVariant:urn_ure_t6_re_FunctionFamily_urn_ure_t6_core_Project_black-ops-2_fd2705692f16c05f_re_Function_msvc-public_addPacketsRecv_bdConnectionStatistics_QAEXI_Z_03d62ff7157bd426_build_urn_ure_t6_re_Build_urn_ure_t6_core_Project_black-ops-2_fd2705692f16c05f_pc-server-2013-03-11_4ee9a1fac7aa9195:a4180cd2d1db5771
0x00ADEA10	566fe7f21312dad7ed4c39ef827626a3298e689c8dc90d67d64c3fcf7214336c	0x00b13e60	8	??0bdConnectionStatistics@@QAE@XZ	bdConnection:bdConnectionStatistics.obj	urn:ure:t6:re_FunctionFamily:urn_ure_t6_core_Project_black-ops-2_fd2705692f16c05f_re_Function_msvc-public_0bdConnectionStatistics_QAE_XZ:d4a8a063e65c5713	urn:ure:t6:re_FunctionVariant:urn_ure_t6_re_FunctionFamily_urn_ure_t6_core_Project_black-ops-2_fd2705692f16c05f_re_Function_msvc-public_0bdConnectionStatistics_QAE_XZ_d4a8a063e65c5713_build_urn_ure_t6_re_Build_urn_ure_t6_core_Project_black-ops-2_fd2705692f16c05f_pc-server-2013-03-11_4ee9a1fac7aa9195:551d2b3344c767b9
0x00ADF3F0	e8a68691a70ecd6790326bb78b6cc3c8384ee0e2388e438b4d699f950d882c13	0x00b14830	10	?getSerializedSize@bdCookie@@QBEIXZ	bdConnection:bdCookie.obj	urn:ure:t6:re_FunctionFamily:urn_ure_t6_core_Project_black-ops-2_fd2705692f16c05f_re_Function_msvc-public_getSerializedSize_bdCookie_QBEIXZ:29a47388a6d81984	urn:ure:t6:re_FunctionVariant:urn_ure_t6_re_FunctionFamily_urn_ure_t6_core_Project_black-ops-2_fd2705692f16c05f_re_Function_msvc-public_getSerializedSize_bdCookie_QBEIXZ_29a47388a6d81984_build_urn_ure_t6_re_Build_urn_ure_t6_core_Project_black-ops-2_fd2705692f16c05f_pc-server-2013-03-11_4ee9a1fac7aa9195:d6d3799b8477f805
0x00AE0130	f5217aaa72e1fcabc42538a6f9c9d0c4bb316ccf72f02c0a30ae4ed0b9cc33cf	0x00b15630	9	?isEmpty@bdPacket@@QBE_NXZ	bdConnection:bdPacket.obj	urn:ure:t6:re_FunctionFamily:urn_ure_t6_core_Project_black-ops-2_fd2705692f16c05f_re_Function_msvc-public_isEmpty_bdPacket_QBE_NXZ:f70593afa1ce1248	urn:ure:t6:re_FunctionVariant:urn_ure_t6_re_FunctionFamily_urn_ure_t6_core_Project_black-ops-2_fd2705692f16c05f_re_Function_msvc-public_isEmpty_bdPacket_QBE_NXZ_f70593afa1ce1248_build_urn_ure_t6_re_Build_urn_ure_t6_core_Project_black-ops-2_fd2705692f16c05f_pc-server-2013-03-11_4ee9a1fac7aa9195:83b70002f6163758
0x00AE0870	094d33a5c1b1f5514c7af68369afd899e3410c2bb804bbd36d73bc481fb2d9f5	0x00b15dc0	10	?isControl@bdChunk@@QBE_NXZ	bdConnection:bdChunk.obj	urn:ure:t6:re_FunctionFamily:urn_ure_t6_core_Project_black-ops-2_fd2705692f16c05f_re_Function_msvc-public_isControl_bdChunk_QBE_NXZ:ae0898d86ef39bb0	urn:ure:t6:re_FunctionVariant:urn_ure_t6_re_FunctionFamily_urn_ure_t6_core_Project_black-ops-2_fd2705692f16c05f_re_Function_msvc-public_isControl_bdChunk_QBE_NXZ_ae0898d86ef39bb0_build_urn_ure_t6_re_Build_urn_ure_t6_core_Project_black-ops-2_fd2705692f16c05f_pc-server-2013-03-11_4ee9a1fac7aa9195:eb6549555b3018c9
0x00AE09A0	8b91dec277a1e45d013282c013b573b4b19b5d0d9edca7cc20469f39bd16cb54	0x00b15ef0	4	?getGapList@bdSAckChunk@@QAEAAV?$bdLinkedList@VbdGapAckBlock@bdSAckChunk@@@@XZ	bdConnection:bdSAckChunk.obj	urn:ure:t6:re_FunctionFamily:urn_ure_t6_core_Project_black-ops-2_fd2705692f16c05f_re_Function_msvc-public_getGapList_bdSAckChunk_QAEAAV_bdLinkedList_VbdGapAckBlock_bdSAckChunk_XZ:5204dc254fd8ad2b	urn:ure:t6:re_FunctionVariant:urn_ure_t6_re_FunctionFamily_urn_ure_t6_core_Project_black-ops-2_fd2705692f16c05f_re_Function_msvc-public_getGapList_bdSAckChunk_QAEAAV_bdLinkedList_VbdGapAckBlock_bdSAckChunk_XZ_5204dc254fd8ad2b_build_urn_ure_t6_re_Build_urn_ure_t6_core_Project_black-ops-2_fd2705692f16c05f_pc-server-2013-03-11_4ee9a1fac7aa9195:6a51acdd32a3e82e
0x00AE0CD0	d85ac04b7bf88d1d4cc49e14dcd02bb86577e1e054036697a2366952de8e4939	0x00b16210	23	?addGap@bdSAckChunk@@QAEXABVbdGapAckBlock@1@@Z	bdConnection:bdSAckChunk.obj	urn:ure:t6:re_FunctionFamily:urn_ure_t6_core_Project_black-ops-2_fd2705692f16c05f_re_Function_msvc-public_addGap_bdSAckChunk_QAEXABVbdGapAckBlock_1_Z:cceeff33adef6aa3	urn:ure:t6:re_FunctionVariant:urn_ure_t6_re_FunctionFamily_urn_ure_t6_core_Project_black-ops-2_fd2705692f16c05f_re_Function_msvc-public_addGap_bdSAckChunk_QAEXABVbdGapAckBlock_1_Z_cceeff33adef6aa3_build_urn_ure_t6_re_Build_urn_ure_t6_core_Project_black-ops-2_fd2705692f16c05f_pc-server-2013-03-11_4ee9a1fac7aa9195:48f0aee7a6783e21
0x00AE0FC0	56bd56cefba8d7f184dfa683ebcf39f7b5dd1f1680ffc8482f6a624c2f27c1bc	0x00b16530	8	??0bdStopwatch@@QAE@XZ	bdCore:bdStopwatch.obj	urn:ure:t6:re_FunctionFamily:urn_ure_t6_core_Project_black-ops-2_fd2705692f16c05f_re_Function_msvc-public_0bdStopwatch_QAE_XZ:44c90c5b0dcc65a8	urn:ure:t6:re_FunctionVariant:urn_ure_t6_re_FunctionFamily_urn_ure_t6_core_Project_black-ops-2_fd2705692f16c05f_re_Function_msvc-public_0bdStopwatch_QAE_XZ_44c90c5b0dcc65a8_build_urn_ure_t6_re_Build_urn_ure_t6_core_Project_black-ops-2_fd2705692f16c05f_pc-server-2013-03-11_4ee9a1fac7aa9195:419679b423e7e69f
0x00AE17A0	8c6fc421b5d58b3a84ecea682551fa45160bb387c1adae653d7313312284172d	0x00b16f80	45	??0bdThread@@QAE@PAVbdRunnable@@HI@Z	bdCore:bdThread.obj	urn:ure:t6:re_FunctionFamily:urn_ure_t6_core_Project_black-ops-2_fd2705692f16c05f_re_Function_msvc-public_0bdThread_QAE_PAVbdRunnable_HI_Z:b34fd9002e2af261	urn:ure:t6:re_FunctionVariant:urn_ure_t6_re_FunctionFamily_urn_ure_t6_core_Project_black-ops-2_fd2705692f16c05f_re_Function_msvc-public_0bdThread_QAE_PAVbdRunnable_HI_Z_b34fd9002e2af261_build_urn_ure_t6_re_Build_urn_ure_t6_core_Project_black-ops-2_fd2705692f16c05f_pc-server-2013-03-11_4ee9a1fac7aa9195:e087be6ca0356d9a
0x00AE1CB0	4f5f123e33e46920371951f18e4516af0172bb8de1e4e2863fda7be9fe9861e0	0x00b17730	19	??ObdSequenceNumber@@QBE_NABV0@@Z	bdCore:bdSequenceNumber.obj	urn:ure:t6:re_FunctionFamily:urn_ure_t6_core_Project_black-ops-2_fd2705692f16c05f_re_Function_msvc-public_ObdSequenceNumber_QBE_NABV0_Z:24525139f5ce7b3f	urn:ure:t6:re_FunctionVariant:urn_ure_t6_re_FunctionFamily_urn_ure_t6_core_Project_black-ops-2_fd2705692f16c05f_re_Function_msvc-public_ObdSequenceNumber_QBE_NABV0_Z_24525139f5ce7b3f_build_urn_ure_t6_re_Build_urn_ure_t6_core_Project_black-ops-2_fd2705692f16c05f_pc-server-2013-03-11_4ee9a1fac7aa9195:7f62f09f4703139c
0x00AE1D30	188e253545c3d9e4b5bd8d5241c903275ed11dcecb01385a2dfb106ba31aae94	0x00b17790	19	??9bdSequenceNumber@@QBE_NABV0@@Z	bdCore:bdSequenceNumber.obj	urn:ure:t6:re_FunctionFamily:urn_ure_t6_core_Project_black-ops-2_fd2705692f16c05f_re_Function_msvc-public_9bdSequenceNumber_QBE_NABV0_Z:bac2dd8f5830f449	urn:ure:t6:re_FunctionVariant:urn_ure_t6_re_FunctionFamily_urn_ure_t6_core_Project_black-ops-2_fd2705692f16c05f_re_Function_msvc-public_9bdSequenceNumber_QBE_NABV0_Z_bac2dd8f5830f449_build_urn_ure_t6_re_Build_urn_ure_t6_core_Project_black-ops-2_fd2705692f16c05f_pc-server-2013-03-11_4ee9a1fac7aa9195:9a37bc19de90866c
0x00AE1D80	37ef977b6513143be73a8f68315ff60053279f95824dd832fb06eca6e7b092ef	0x00b177e0	23	??0bdSequenceNumberStore@@QAE@ABVbdSequenceNumber@@@Z	bdCore:bdSequenceNumberStore.obj	urn:ure:t6:re_FunctionFamily:urn_ure_t6_core_Project_black-ops-2_fd2705692f16c05f_re_Function_msvc-public_0bdSequenceNumberStore_QAE_ABVbdSequenceNumber_Z:f254292d32d7afea	urn:ure:t6:re_FunctionVariant:urn_ure_t6_re_FunctionFamily_urn_ure_t6_core_Project_black-ops-2_fd2705692f16c05f_re_Function_msvc-public_0bdSequenceNumberStore_QAE_ABVbdSequenceNumber_Z_f254292d32d7afea_build_urn_ure_t6_re_Build_urn_ure_t6_core_Project_black-ops-2_fd2705692f16c05f_pc-server-2013-03-11_4ee9a1fac7aa9195:3db3d955745dd251
0x00AE24E0	e416bf4af2d777a3699b067090ffa356b10e207af25c5ef63fa8f3f582a24ee9	0x00b17f80	24	?isWritable@bdPlatformStreamSocket@@SA_NH@Z	bdPlatform:bdPlatformStreamSocket-win32.obj	urn:ure:t6:re_FunctionFamily:urn_ure_t6_core_Project_black-ops-2_fd2705692f16c05f_re_Function_msvc-public_isWritable_bdPlatformStreamSocket_SA_NH_Z:edaa2837647d97a3	urn:ure:t6:re_FunctionVariant:urn_ure_t6_re_FunctionFamily_urn_ure_t6_core_Project_black-ops-2_fd2705692f16c05f_re_Function_msvc-public_isWritable_bdPlatformStreamSocket_SA_NH_Z_edaa2837647d97a3_build_urn_ure_t6_re_Build_urn_ure_t6_core_Project_black-ops-2_fd2705692f16c05f_pc-server-2013-03-11_4ee9a1fac7aa9195:3aa63e1ac1b00cb7
0x00AE55B8	1dda6aac183946498ba67e70dc597c845347a920b06495fa356e5195f08b0ab1	0x00b1d710	19	__mbctolower	LIBCMT:mbtolwr.obj	urn:ure:t6:re_FunctionFamily:urn_ure_t6_core_Project_black-ops-2_fd2705692f16c05f_re_Function_msvc-public___mbctolower:ad968cb4d465126a	urn:ure:t6:re_FunctionVariant:urn_ure_t6_re_FunctionFamily_urn_ure_t6_core_Project_black-ops-2_fd2705692f16c05f_re_Function_msvc-public___mbctolower_ad968cb4d465126a_build_urn_ure_t6_re_Build_urn_ure_t6_core_Project_black-ops-2_fd2705692f16c05f_pc-server-2013-03-11_4ee9a1fac7aa9195:b56cbb5937603ad2
0x00AE5690	aca0f463775093b677623621f4d2eb09be62670d5d3961114da2ed03d538e88f	0x00b1d7e8	23	__mbspbrk	LIBCMT:mbspbrk.obj	urn:ure:t6:re_FunctionFamily:urn_ure_t6_core_Project_black-ops-2_fd2705692f16c05f_re_Function_msvc-public___mbspbrk:d518201aeaed1eb1	urn:ure:t6:re_FunctionVariant:urn_ure_t6_re_FunctionFamily_urn_ure_t6_core_Project_black-ops-2_fd2705692f16c05f_re_Function_msvc-public___mbspbrk_d518201aeaed1eb1_build_urn_ure_t6_re_Build_urn_ure_t6_core_Project_black-ops-2_fd2705692f16c05f_pc-server-2013-03-11_4ee9a1fac7aa9195:2de6d410aac564cc
0x00AE589E	b5140b0a787d559c7be898784c3212f62b1dee20afd28a76f86ee80d156ac2cd	0x00b1d9f6	23	__mbsicmp	LIBCMT:mbsicmp.obj	urn:ure:t6:re_FunctionFamily:urn_ure_t6_core_Project_black-ops-2_fd2705692f16c05f_re_Function_msvc-public___mbsicmp:ba6debe0426ab373	urn:ure:t6:re_FunctionVariant:urn_ure_t6_re_FunctionFamily_urn_ure_t6_core_Project_black-ops-2_fd2705692f16c05f_re_Function_msvc-public___mbsicmp_ba6debe0426ab373_build_urn_ure_t6_re_Build_urn_ure_t6_core_Project_black-ops-2_fd2705692f16c05f_pc-server-2013-03-11_4ee9a1fac7aa9195:498d23d49b4ab4a3
0x00B166B0	21dfbb4f0ba8bb9148bfe1b1684c87a6c0f6ad938c6d76c21f1ec6247720707d	0x00a72770	5	___lzopro_lzo_init_v2	gfx_d3d:minilzo.obj	urn:ure:t6:re_FunctionFamily:urn_ure_t6_core_Project_black-ops-2_fd2705692f16c05f_re_Function_msvc-public____lzopro_lzo_init_v2:a4010248fbcb0a85	urn:ure:t6:re_FunctionVariant:urn_ure_t6_re_FunctionFamily_urn_ure_t6_core_Project_black-ops-2_fd2705692f16c05f_re_Function_msvc-public____lzopro_lzo_init_v2_a4010248fbcb0a85_build_urn_ure_t6_re_Build_urn_ure_t6_core_Project_black-ops-2_fd2705692f16c05f_pc-server-2013-03-11_4ee9a1fac7aa9195:d1b4455f4fe93e43
0x00B40A7B	5a55df11607d39da2689590445984f83a6edeb6f96128f2825772bed7a7e0bcd	0x00b78c9b	96	_wcsstr	LIBCMT:wcsstr.obj	urn:ure:t6:re_FunctionFamily:urn_ure_t6_core_Project_black-ops-2_fd2705692f16c05f_re_Function_msvc-public__wcsstr:7c92e135278a80a4	urn:ure:t6:re_FunctionVariant:urn_ure_t6_re_FunctionFamily_urn_ure_t6_core_Project_black-ops-2_fd2705692f16c05f_re_Function_msvc-public__wcsstr_7c92e135278a80a4_build_urn_ure_t6_re_Build_urn_ure_t6_core_Project_black-ops-2_fd2705692f16c05f_pc-server-2013-03-11_4ee9a1fac7aa9195:17d09e5c91660d1c
