function_id	requested_va	tier	found_exact	resolved_entry	ghidra_name	prototype	parameter_count	local_count	calling_convention	decompile_completed	decompiler_message	elapsed_ms	c_bytes	instruction_count	reference_count	asm_bytes
urn:ure:t6:occ:function:current-client:009b2960	0x009b2960	xbuild-enriched-full	true	009b2960	FUN_009b2960	undefined FUN_009b2960()	0	0	unknown	true		32	310	22	4	879
urn:ure:t6:occ:function:current-client:009b29b0	0x009b29b0	xbuild-enriched-full	true	009b29b0	FUN_009b29b0	undefined FUN_009b29b0()	0	0	unknown	true		8	320	25	4	957
urn:ure:t6:occ:function:current-client:009b2a70	0x009b2a70	xbuild-enriched-full	true	009b2a70	FUN_009b2a70	undefined FUN_009b2a70()	0	0	unknown	true		7	310	22	4	879
urn:ure:t6:occ:function:current-client:009b2ac0	0x009b2ac0	xbuild-enriched-full	true	009b2ac0	FUN_009b2ac0	undefined FUN_009b2ac0()	0	0	unknown	true		7	316	25	4	949
urn:ure:t6:occ:function:current-client:009b2b10	0x009b2b10	xbuild-enriched-full	true	009b2b10	FUN_009b2b10	undefined FUN_009b2b10()	0	0	unknown	true		10	649	50	8	1661
urn:ure:t6:occ:function:current-client:009b2b90	0x009b2b90	xbuild-enriched-full	true	009b2b90	FUN_009b2b90	undefined FUN_009b2b90()	0	0	unknown	true		7	323	33	5	1214
urn:ure:t6:occ:function:current-client:009b2bf0	0x009b2bf0	xbuild-enriched-full	true	009b2bf0	FUN_009b2bf0	undefined FUN_009b2bf0()	0	0	unknown	true		7	331	35	5	1269
urn:ure:t6:occ:function:current-client:009b2c60	0x009b2c60	xbuild-enriched-full	true	009b2c60	FUN_009b2c60	undefined FUN_009b2c60()	0	0	unknown	true		7	396	37	5	1365
urn:ure:t6:occ:function:current-client:009b2d30	0x009b2d30	xbuild-enriched-full	true	009b2d30	FUN_009b2d30	undefined FUN_009b2d30()	0	0	unknown	true		5	252	19	4	740
urn:ure:t6:occ:function:current-client:009b2d70	0x009b2d70	xbuild-enriched-full	true	009b2d70	FUN_009b2d70	undefined FUN_009b2d70()	0	0	unknown	true		6	265	22	4	821
urn:ure:t6:occ:function:current-client:009b2dc0	0x009b2dc0	xbuild-enriched-full	true	009b2dc0	FUN_009b2dc0	undefined FUN_009b2dc0()	0	0	unknown	true		19	713	44	8	2069
urn:ure:t6:occ:function:current-client:009b2e90	0x009b2e90	xbuild-enriched-full	true	009b2e90	FUN_009b2e90	undefined FUN_009b2e90()	0	0	unknown	true		10	713	44	8	2069
urn:ure:t6:occ:function:current-client:009b2f60	0x009b2f60	xbuild-enriched-full	true	009b2f60	FUN_009b2f60	undefined FUN_009b2f60()	0	0	unknown	true		10	713	44	8	2069
urn:ure:t6:occ:function:current-client:009b3030	0x009b3030	xbuild-enriched-full	true	009b3030	FUN_009b3030	undefined FUN_009b3030()	0	0	unknown	true		17	1000	67	13	2142
urn:ure:t6:occ:function:current-client:009b3180	0x009b3180	xbuild-enriched-full	true	009b3180	FUN_009b3180	undefined FUN_009b3180()	0	0	unknown	true		6	483	22	5	775
urn:ure:t6:occ:function:current-client:009b3210	0x009b3210	xbuild-enriched-full	true	009b3210	FUN_009b3210	undefined FUN_009b3210()	0	0	unknown	true		20	1772	134	22	4115
urn:ure:t6:occ:function:current-client:009b33d0	0x009b33d0	xbuild-enriched-full	true	009b33d0	FUN_009b33d0	undefined FUN_009b33d0()	0	0	unknown	true		15	824	96	16	2951
urn:ure:t6:occ:function:current-client:009b3530	0x009b3530	xbuild-enriched-full	true	009b3530	FUN_009b3530	undefined FUN_009b3530()	0	0	unknown	true		9	799	49	10	1606
urn:ure:t6:occ:function:current-client:009b3610	0x009b3610	xbuild-enriched-full	true	009b3610	FUN_009b3610	undefined FUN_009b3610()	0	0	unknown	true		21	1635	122	22	3744
urn:ure:t6:occ:function:current-client:009b37b0	0x009b37b0	xbuild-enriched-full	true	009b37b0	FUN_009b37b0	undefined FUN_009b37b0()	0	0	unknown	true		13	704	76	12	2363
urn:ure:t6:occ:function:current-client:009b38a0	0x009b38a0	xbuild-enriched-full	true	009b38a0	FUN_009b38a0	undefined FUN_009b38a0()	0	0	unknown	true		3	168	7	0	355
urn:ure:t6:occ:function:current-client:009b38c0	0x009b38c0	xbuild-enriched-full	true	009b38c0	FUN_009b38c0	undefined FUN_009b38c0()	0	0	unknown	true		13	956	56	8	1696
urn:ure:t6:occ:function:current-client:009b3940	0x009b3940	xbuild-enriched-full	true	009b3940	FUN_009b3940	undefined FUN_009b3940()	0	0	unknown	true		15	666	33	6	1284
urn:ure:t6:occ:function:current-client:009b39b0	0x009b39b0	xbuild-enriched-full	true	009b39b0	FUN_009b39b0	undefined FUN_009b39b0()	0	0	unknown	true		7	666	33	6	1284
urn:ure:t6:occ:function:current-client:009b3a20	0x009b3a20	xbuild-enriched-full	true	009b3a20	FUN_009b3a20	undefined FUN_009b3a20()	0	0	unknown	true		7	666	33	6	1284
urn:ure:t6:occ:function:current-client:009b3a90	0x009b3a90	xbuild-enriched-full	true	009b3a90	FUN_009b3a90	undefined FUN_009b3a90()	0	0	unknown	true		7	666	33	6	1284
urn:ure:t6:occ:function:current-client:009b3b00	0x009b3b00	xbuild-enriched-full	true	009b3b00	FUN_009b3b00	undefined FUN_009b3b00()	0	0	unknown	true		7	666	33	6	1284
urn:ure:t6:occ:function:current-client:009b3b70	0x009b3b70	xbuild-enriched-full	true	009b3b70	FUN_009b3b70	undefined FUN_009b3b70()	0	0	unknown	true		7	666	33	6	1284
urn:ure:t6:occ:function:current-client:009b3be0	0x009b3be0	xbuild-enriched-full	true	009b3be0	FUN_009b3be0	undefined FUN_009b3be0()	0	0	unknown	true		7	666	33	6	1284
urn:ure:t6:occ:function:current-client:009b3c50	0x009b3c50	xbuild-enriched-full	true	009b3c50	FUN_009b3c50	undefined FUN_009b3c50()	0	0	unknown	true		7	666	33	6	1284
urn:ure:t6:occ:function:current-client:009b3cc0	0x009b3cc0	xbuild-enriched-full	true	009b3cc0	FUN_009b3cc0	undefined FUN_009b3cc0()	0	0	unknown	true		7	666	33	6	1284
urn:ure:t6:occ:function:current-client:009b3d30	0x009b3d30	xbuild-enriched-full	true	009b3d30	FUN_009b3d30	undefined FUN_009b3d30()	0	0	unknown	true		7	666	33	6	1284
urn:ure:t6:occ:function:current-client:009b3da0	0x009b3da0	xbuild-enriched-full	true	009b3da0	FUN_009b3da0	undefined FUN_009b3da0()	0	0	unknown	true		8	666	33	6	1284
urn:ure:t6:occ:function:current-client:009b3e10	0x009b3e10	xbuild-enriched-full	true	009b3e10	FUN_009b3e10	undefined FUN_009b3e10()	0	0	unknown	true		7	666	33	6	1284
urn:ure:t6:occ:function:current-client:009b3e80	0x009b3e80	xbuild-enriched-full	true	009b3e80	FUN_009b3e80	undefined FUN_009b3e80()	0	0	unknown	true		8	666	33	6	1284
urn:ure:t6:occ:function:current-client:009b3ef0	0x009b3ef0	xbuild-enriched-full	true	009b3ef0	FUN_009b3ef0	undefined FUN_009b3ef0()	0	0	unknown	true		7	666	33	6	1284
urn:ure:t6:occ:function:current-client:009b3f60	0x009b3f60	xbuild-enriched-full	true	009b3f60	FUN_009b3f60	undefined FUN_009b3f60()	0	0	unknown	true		7	666	33	6	1284
urn:ure:t6:occ:function:current-client:009b3fd0	0x009b3fd0	xbuild-enriched-full	true	009b3fd0	FUN_009b3fd0	undefined FUN_009b3fd0()	0	0	unknown	true		6	666	33	6	1284
urn:ure:t6:occ:function:current-client:009b4040	0x009b4040	xbuild-enriched-full	true	009b4040	FUN_009b4040	undefined FUN_009b4040()	0	0	unknown	true		7	666	33	6	1284
urn:ure:t6:occ:function:current-client:009b40b0	0x009b40b0	xbuild-enriched-full	true	009b40b0	FUN_009b40b0	undefined FUN_009b40b0()	0	0	unknown	true		7	666	33	6	1284
urn:ure:t6:occ:function:current-client:009b4120	0x009b4120	xbuild-enriched-full	true	009b4120	FUN_009b4120	undefined FUN_009b4120()	0	0	unknown	true		6	666	33	6	1284
urn:ure:t6:occ:function:current-client:009b4190	0x009b4190	xbuild-enriched-full	true	009b4190	FUN_009b4190	undefined FUN_009b4190()	0	0	unknown	true		6	666	33	6	1284
urn:ure:t6:occ:function:current-client:009b4200	0x009b4200	xbuild-enriched-full	true	009b4200	FUN_009b4200	undefined FUN_009b4200()	0	0	unknown	true		6	666	33	6	1284
urn:ure:t6:occ:function:current-client:009b4270	0x009b4270	xbuild-enriched-full	true	009b4270	FUN_009b4270	undefined FUN_009b4270()	0	0	unknown	true		6	666	33	6	1284
urn:ure:t6:occ:function:current-client:009b42e0	0x009b42e0	xbuild-enriched-full	true	009b42e0	FUN_009b42e0	undefined FUN_009b42e0()	0	0	unknown	true		6	666	33	6	1284
urn:ure:t6:occ:function:current-client:009b4350	0x009b4350	xbuild-enriched-full	true	009b4350	FUN_009b4350	undefined FUN_009b4350()	0	0	unknown	true		6	666	33	6	1284
urn:ure:t6:occ:function:current-client:009b43c0	0x009b43c0	xbuild-enriched-full	true	009b43c0	FUN_009b43c0	undefined FUN_009b43c0()	0	0	unknown	true		7	666	33	6	1284
urn:ure:t6:occ:function:current-client:009b4430	0x009b4430	xbuild-enriched-full	true	009b4430	FUN_009b4430	undefined FUN_009b4430()	0	0	unknown	true		6	666	33	6	1284
urn:ure:t6:occ:function:current-client:009b44a0	0x009b44a0	xbuild-enriched-full	true	009b44a0	FUN_009b44a0	undefined FUN_009b44a0()	0	0	unknown	true		7	666	33	6	1284
urn:ure:t6:occ:function:current-client:009b4510	0x009b4510	xbuild-enriched-full	true	009b4510	FUN_009b4510	undefined FUN_009b4510()	0	0	unknown	true		6	666	33	6	1284
urn:ure:t6:occ:function:current-client:009b4580	0x009b4580	xbuild-enriched-full	true	009b4580	FUN_009b4580	undefined FUN_009b4580()	0	0	unknown	true		6	666	33	6	1284
urn:ure:t6:occ:function:current-client:009b45f0	0x009b45f0	xbuild-enriched-full	true	009b45f0	FUN_009b45f0	undefined FUN_009b45f0()	0	0	unknown	true		7	666	33	6	1284
urn:ure:t6:occ:function:current-client:009b4660	0x009b4660	xbuild-enriched-full	true	009b4660	FUN_009b4660	undefined FUN_009b4660()	0	0	unknown	true		7	666	33	6	1284
urn:ure:t6:occ:function:current-client:009b46d0	0x009b46d0	xbuild-enriched-full	true	009b46d0	FUN_009b46d0	undefined FUN_009b46d0()	0	0	unknown	true		6	666	33	6	1284
urn:ure:t6:occ:function:current-client:009b4740	0x009b4740	xbuild-enriched-full	true	009b4740	FUN_009b4740	undefined FUN_009b4740()	0	0	unknown	true		6	666	33	6	1284
urn:ure:t6:occ:function:current-client:009b47b0	0x009b47b0	xbuild-enriched-full	true	009b47b0	FUN_009b47b0	undefined FUN_009b47b0()	0	0	unknown	true		6	666	33	6	1284
urn:ure:t6:occ:function:current-client:009b4820	0x009b4820	xbuild-enriched-full	true	009b4820	FUN_009b4820	undefined FUN_009b4820()	0	0	unknown	true		7	666	33	6	1284
urn:ure:t6:occ:function:current-client:009b4890	0x009b4890	xbuild-enriched-full	true	009b4890	FUN_009b4890	undefined FUN_009b4890()	0	0	unknown	true		6	666	33	6	1284
urn:ure:t6:occ:function:current-client:009b4900	0x009b4900	xbuild-enriched-full	true	009b4900	FUN_009b4900	undefined FUN_009b4900()	0	0	unknown	true		3	491	16	7	917
urn:ure:t6:occ:function:current-client:009b4950	0x009b4950	xbuild-enriched-full	true	009b4950	FUN_009b4950	undefined FUN_009b4950()	0	0	unknown	true		1	99	2	1	205
urn:ure:t6:occ:function:current-client:009b4960	0x009b4960	xbuild-enriched-full	true	009b4960	FUN_009b4960	undefined FUN_009b4960()	0	0	unknown	true		3	495	16	7	919
urn:ure:t6:occ:function:current-client:009b49b0	0x009b49b0	xbuild-enriched-full	true	009b49b0	FUN_009b49b0	undefined FUN_009b49b0()	0	0	unknown	true		1	99	2	1	205
urn:ure:t6:occ:function:current-client:009b49c0	0x009b49c0	xbuild-enriched-full	true	009b49c0	FUN_009b49c0	undefined FUN_009b49c0()	0	0	unknown	true		1	69	4	0	250
urn:ure:t6:occ:function:current-client:009b49d0	0x009b49d0	xbuild-enriched-full	true	009b49d0	FUN_009b49d0	undefined FUN_009b49d0()	0	0	unknown	true		80	8535	574	1	19346
urn:ure:t6:occ:function:current-client:009b50b0	0x009b50b0	xbuild-enriched-full	true	009b50b0	FUN_009b50b0	undefined FUN_009b50b0()	0	0	unknown	true		39	4130	238	70	7472
urn:ure:t6:occ:function:current-client:009b52f0	0x009b52f0	xbuild-enriched-full	true	009b52f0	FUN_009b52f0	undefined FUN_009b52f0()	0	0	unknown	true		3	164	6	2	327
urn:ure:t6:occ:function:current-client:009b5300	0x009b5300	xbuild-enriched-full	true	009b5300	FUN_009b5300	undefined FUN_009b5300()	0	0	unknown	true		1	89	4	0	252
urn:ure:t6:occ:function:current-client:009b5310	0x009b5310	xbuild-enriched-full	true	009b5310	FUN_009b5310	undefined FUN_009b5310()	0	0	unknown	true		4	457	23	3	880
urn:ure:t6:occ:function:current-client:009b5350	0x009b5350	xbuild-enriched-full	true	009b5350	FUN_009b5350	undefined FUN_009b5350()	0	0	unknown	true		6	834	51	4	1742
urn:ure:t6:occ:function:current-client:009b53d0	0x009b53d0	xbuild-enriched-full	true	009b53d0	FUN_009b53d0	undefined FUN_009b53d0()	0	0	unknown	true		4	411	31	4	1130
urn:ure:t6:occ:function:current-client:009b5430	0x009b5430	xbuild-enriched-full	true	009b5430	FUN_009b5430	undefined FUN_009b5430()	0	0	unknown	true		5	757	49	13	1628
urn:ure:t6:occ:function:current-client:009b54b0	0x009b54b0	xbuild-enriched-full	true	009b54b0	FUN_009b54b0	undefined FUN_009b54b0()	0	0	unknown	true		11	2178	98	28	3500
urn:ure:t6:occ:function:current-client:009b55d0	0x009b55d0	xbuild-enriched-full	true	009b55d0	FUN_009b55d0	undefined FUN_009b55d0()	0	0	unknown	true		5	649	40	8	1364
urn:ure:t6:occ:function:current-client:009b5630	0x009b5630	xbuild-enriched-full	true	009b5630	FUN_009b5630	undefined FUN_009b5630()	0	0	unknown	true		3	452	19	4	800
urn:ure:t6:occ:function:current-client:009b5690	0x009b5690	xbuild-enriched-full	true	009b5690	FUN_009b5690	undefined FUN_009b5690()	0	0	unknown	true		6	584	33	7	1183
urn:ure:t6:occ:function:current-client:009b56f0	0x009b56f0	xbuild-enriched-full	true	009b56f0	FUN_009b56f0	undefined FUN_009b56f0()	0	0	unknown	true		6	688	40	6	1316
urn:ure:t6:occ:function:current-client:009b5750	0x009b5750	xbuild-enriched-full	true	009b5750	FUN_009b5750	undefined FUN_009b5750()	0	0	unknown	true		6	1142	45	1	1994
urn:ure:t6:occ:function:current-client:009b57f0	0x009b57f0	xbuild-enriched-full	true	009b57f0	FUN_009b57f0	undefined FUN_009b57f0()	0	0	unknown	true		4	260	27	4	1112
urn:ure:t6:occ:function:current-client:009b5860	0x009b5860	xbuild-enriched-full	true	009b5860	FUN_009b5860	undefined FUN_009b5860()	0	0	unknown	true		3	212	16	2	623
urn:ure:t6:occ:function:current-client:009b5960	0x009b5960	xbuild-enriched-full	true	009b5960	FUN_009b5960	undefined FUN_009b5960()	0	0	unknown	true		5	622	41	0	1962
urn:ure:t6:occ:function:current-client:009b59f0	0x009b59f0	xbuild-enriched-full	true	009b59f0	FUN_009b59f0	undefined FUN_009b59f0()	0	0	unknown	true		25	3790	184	30	7047
urn:ure:t6:occ:function:current-client:009b5cc0	0x009b5cc0	xbuild-enriched-full	true	009b5cc0	FUN_009b5cc0	undefined FUN_009b5cc0()	0	0	unknown	true		7	753	48	9	1763
urn:ure:t6:occ:function:current-client:009b5d40	0x009b5d40	xbuild-enriched-full	true	009b5d40	FUN_009b5d40	undefined FUN_009b5d40()	0	0	unknown	true		7	792	45	8	1631
urn:ure:t6:occ:function:current-client:009b5fe0	0x009b5fe0	xbuild-enriched-full	true	009b5fe0	FUN_009b5fe0	undefined FUN_009b5fe0()	0	0	unknown	true		10	1550	81	25	2860
urn:ure:t6:occ:function:current-client:009b60e0	0x009b60e0	xbuild-enriched-full	true	009b60e0	FUN_009b60e0	undefined FUN_009b60e0()	0	0	unknown	true		6	793	49	7	1554
urn:ure:t6:occ:function:current-client:009b6160	0x009b6160	xbuild-enriched-full	true	009b6160	FUN_009b6160	undefined FUN_009b6160()	0	0	unknown	true		15	1440	108	18	3792
urn:ure:t6:occ:function:current-client:009b62a0	0x009b62a0	xbuild-enriched-full	true	009b62a0	FUN_009b62a0	undefined FUN_009b62a0()	0	0	unknown	true		15	1780	89	12	3098
urn:ure:t6:occ:function:current-client:009b6390	0x009b6390	xbuild-enriched-full	true	009b6390	FUN_009b6390	undefined FUN_009b6390()	0	0	unknown	true		3	371	18	1	709
urn:ure:t6:occ:function:current-client:009b6410	0x009b6410	xbuild-enriched-full	true	009b6410	FUN_009b6410	undefined FUN_009b6410()	0	0	unknown	true		52	7768	474	127	15201
urn:ure:t6:occ:function:current-client:009b69c0	0x009b69c0	xbuild-enriched-full	true	009b69c0	FUN_009b69c0	undefined FUN_009b69c0()	0	0	unknown	true		18	4127	182	16	8186
urn:ure:t6:occ:function:current-client:009b7970	0x009b7970	xbuild-enriched-full	true	009b7970	FUN_009b7970	undefined FUN_009b7970()	0	0	unknown	true		8	1653	65	5	2825
urn:ure:t6:occ:function:current-client:009b7bb0	0x009b7bb0	xbuild-enriched-full	true	009b7bb0	FUN_009b7bb0	undefined FUN_009b7bb0()	0	0	unknown	true		1	97	2	1	191
urn:ure:t6:occ:function:current-client:009b7bc0	0x009b7bc0	xbuild-enriched-full	true	009b7bc0	FUN_009b7bc0	undefined FUN_009b7bc0()	0	0	unknown	true		5	334	25	7	925
urn:ure:t6:occ:function:current-client:009b7cd0	0x009b7cd0	xbuild-enriched-full	true	009b7cd0	FUN_009b7cd0	undefined FUN_009b7cd0()	0	0	unknown	true		2	318	10	2	470
urn:ure:t6:occ:function:current-client:009b7d00	0x009b7d00	xbuild-enriched-full	true	009b7d00	FUN_009b7d00	undefined FUN_009b7d00()	0	0	unknown	true		12	2605	86	18	3832
urn:ure:t6:occ:function:current-client:009b7e80	0x009b7e80	xbuild-enriched-full	true	009b7e80	FUN_009b7e80	undefined FUN_009b7e80()	0	0	unknown	true		34	4687	231	34	8914
urn:ure:t6:occ:function:current-client:009b81e0	0x009b81e0	xbuild-enriched-full	true	009b81e0	FUN_009b81e0	undefined FUN_009b81e0()	0	0	unknown	true		5	596	33	4	1388
urn:ure:t6:occ:function:current-client:009b82c0	0x009b82c0	xbuild-enriched-full	true	009b82c0	FUN_009b82c0	undefined FUN_009b82c0()	0	0	unknown	true		11	1061	71	10	2485
urn:ure:t6:occ:function:current-client:009b84a0	0x009b84a0	xbuild-enriched-full	true	009b84a0	FUN_009b84a0	undefined FUN_009b84a0()	0	0	unknown	true		3	354	15	6	685
urn:ure:t6:occ:function:current-client:009b84f0	0x009b84f0	xbuild-enriched-full	true	009b84f0	FUN_009b84f0	undefined FUN_009b84f0()	0	0	unknown	true		10	2339	71	0	3643
urn:ure:t6:occ:function:current-client:009b8620	0x009b8620	xbuild-enriched-full	true	009b8620	FUN_009b8620	undefined FUN_009b8620()	0	0	unknown	true		11	2724	85	0	4153
urn:ure:t6:occ:function:current-client:009b8790	0x009b8790	xbuild-enriched-full	true	009b8790	FUN_009b8790	undefined FUN_009b8790()	0	0	unknown	true		20	2412	113	21	4422
urn:ure:t6:occ:function:current-client:009b8930	0x009b8930	xbuild-enriched-full	true	009b8930	FUN_009b8930	undefined FUN_009b8930()	0	0	unknown	true		107	12080	474	107	19480
urn:ure:t6:occ:function:current-client:009b90d0	0x009b90d0	xbuild-enriched-full	true	009b90d0	FUN_009b90d0	undefined FUN_009b90d0()	0	0	unknown	true		8	556	39	8	1386
urn:ure:t6:occ:function:current-client:009b9150	0x009b9150	xbuild-enriched-full	true	009b9150	FUN_009b9150	undefined FUN_009b9150()	0	0	unknown	true		4	429	24	3	947
urn:ure:t6:occ:function:current-client:009b91b0	0x009b91b0	xbuild-enriched-full	true	009b91b0	FUN_009b91b0	undefined FUN_009b91b0()	0	0	unknown	true		26	2918	191	52	6520
urn:ure:t6:occ:function:current-client:009b9490	0x009b9490	xbuild-enriched-full	true	009b9490	FUN_009b9490	undefined FUN_009b9490()	0	0	unknown	true		10	1184	56	12	2305
urn:ure:t6:occ:function:current-client:009b9570	0x009b9570	xbuild-enriched-full	true	009b9570	FUN_009b9570	undefined FUN_009b9570()	0	0	unknown	true		17	1798	102	17	3725
urn:ure:t6:occ:function:current-client:009b96d0	0x009b96d0	xbuild-enriched-full	true	009b96d0	FUN_009b96d0	undefined FUN_009b96d0()	0	0	unknown	true		6	577	36	6	1431
urn:ure:t6:occ:function:current-client:009b9750	0x009b9750	xbuild-enriched-full	true	009b9750	FUN_009b9750	undefined FUN_009b9750()	0	0	unknown	true		34	4703	201	19	7871
urn:ure:t6:occ:function:current-client:009b99f0	0x009b99f0	xbuild-enriched-full	true	009b99f0	FUN_009b99f0	undefined FUN_009b99f0()	0	0	unknown	true		30	2632	129	11	5017
urn:ure:t6:occ:function:current-client:009b9cd0	0x009b9cd0	xbuild-enriched-full	true	009b9cd0	FUN_009b9cd0	undefined FUN_009b9cd0()	0	0	unknown	true		10	1060	66	22	2251
urn:ure:t6:occ:function:current-client:009b9dc0	0x009b9dc0	xbuild-enriched-full	true	009b9dc0	FUN_009b9dc0	undefined FUN_009b9dc0()	0	0	unknown	true		17	2113	114	27	4021
urn:ure:t6:occ:function:current-client:009b9f30	0x009b9f30	xbuild-enriched-full	true	009b9f30	FUN_009b9f30	undefined FUN_009b9f30()	0	0	unknown	true		7	873	31	4	1532
urn:ure:t6:occ:function:current-client:009b9fd0	0x009b9fd0	xbuild-enriched-full	true	009b9fd0	FUN_009b9fd0	undefined FUN_009b9fd0()	0	0	unknown	true		15	2684	87	16	3972
urn:ure:t6:occ:function:current-client:009ba170	0x009ba170	xbuild-enriched-full	true	009ba170	FUN_009ba170	undefined FUN_009ba170()	0	0	unknown	true		7	1356	44	13	2139
urn:ure:t6:occ:function:current-client:009ba260	0x009ba260	xbuild-enriched-full	true	009ba260	FUN_009ba260	undefined FUN_009ba260()	0	0	unknown	true		19	2358	149	25	5238
urn:ure:t6:occ:function:current-client:009ba450	0x009ba450	xbuild-enriched-full	true	009ba450	FUN_009ba450	undefined FUN_009ba450()	0	0	unknown	true		8	1113	45	15	1809
urn:ure:t6:occ:function:current-client:009ba4f0	0x009ba4f0	xbuild-enriched-full	true	009ba4f0	FUN_009ba4f0	undefined FUN_009ba4f0()	0	0	unknown	true		17	3364	146	17	6440
urn:ure:t6:occ:function:current-client:009ba7a0	0x009ba7a0	xbuild-enriched-full	true	009ba7a0	FUN_009ba7a0	undefined FUN_009ba7a0()	0	0	unknown	true		17	1342	84	19	2965
urn:ure:t6:occ:function:current-client:009ba8c0	0x009ba8c0	xbuild-enriched-full	true	009ba8c0	FUN_009ba8c0	undefined FUN_009ba8c0()	0	0	unknown	true		7	896	52	7	1817
urn:ure:t6:occ:function:current-client:009ba960	0x009ba960	xbuild-enriched-full	true	009ba960	FUN_009ba960	undefined FUN_009ba960()	0	0	unknown	true		15	1370	82	13	2913
urn:ure:t6:occ:function:current-client:009baa50	0x009baa50	xbuild-enriched-full	true	009baa50	FUN_009baa50	undefined FUN_009baa50()	0	0	unknown	true		5	521	24	10	1094
urn:ure:t6:occ:function:current-client:009baac0	0x009baac0	xbuild-enriched-full	true	009baac0	FUN_009baac0	undefined FUN_009baac0()	0	0	unknown	true		5	425	27	5	1050
urn:ure:t6:occ:function:current-client:009bab20	0x009bab20	xbuild-enriched-full	true	009bab20	FUN_009bab20	undefined FUN_009bab20()	0	0	unknown	true		12	1760	80	8	3367
urn:ure:t6:occ:function:current-client:009bace0	0x009bace0	xbuild-enriched-full	true	009bace0	FUN_009bace0	undefined FUN_009bace0()	0	0	unknown	true		9	1036	64	6	2363
urn:ure:t6:occ:function:current-client:009bada0	0x009bada0	xbuild-enriched-full	true	009bada0	FUN_009bada0	undefined FUN_009bada0()	0	0	unknown	true		4	936	27	0	1444
urn:ure:t6:occ:function:current-client:009bae30	0x009bae30	xbuild-enriched-full	true	009bae30	FUN_009bae30	undefined FUN_009bae30()	0	0	unknown	true		10	1341	64	16	2634
urn:ure:t6:occ:function:current-client:009baf40	0x009baf40	xbuild-enriched-full	true	009baf40	FUN_009baf40	undefined FUN_009baf40()	0	0	unknown	true		80	9143	410	105	16431
urn:ure:t6:occ:function:current-client:009bb5f0	0x009bb5f0	xbuild-enriched-full	true	009bb5f0	FUN_009bb5f0	undefined FUN_009bb5f0()	0	0	unknown	true		7	542	38	12	1406
urn:ure:t6:occ:function:current-client:009bb670	0x009bb670	xbuild-enriched-full	true	009bb670	FUN_009bb670	undefined FUN_009bb670()	0	0	unknown	true		265	32761	1464	364	56798
urn:ure:t6:occ:function:current-client:009bcc70	0x009bcc70	xbuild-enriched-full	true	009bcc70	FUN_009bcc70	undefined FUN_009bcc70()	0	0	unknown	true		14	846	40	5	1569
urn:ure:t6:occ:function:current-client:009bcd00	0x009bcd00	xbuild-enriched-full	true	009bcd00	FUN_009bcd00	undefined FUN_009bcd00()	0	0	unknown	true		128	13338	546	104	20813
urn:ure:t6:occ:function:current-client:009bd470	0x009bd470	xbuild-enriched-full	true	009bd470	FUN_009bd470	undefined FUN_009bd470()	0	0	unknown	true		30	4474	218	27	8320
urn:ure:t6:occ:function:current-client:009bd750	0x009bd750	xbuild-enriched-full	true	009bd750	FUN_009bd750	undefined FUN_009bd750()	0	0	unknown	true		183	12093	432	101	18674
urn:ure:t6:occ:function:current-client:009bdf40	0x009bdf40	xbuild-enriched-full	true	009bdf40	FUN_009bdf40	undefined FUN_009bdf40()	0	0	unknown	true		6	277	23	2	797
urn:ure:t6:occ:function:current-client:009bdf80	0x009bdf80	xbuild-enriched-full	true	009bdf80	FUN_009bdf80	undefined FUN_009bdf80()	0	0	unknown	true		2	195	17	2	608
urn:ure:t6:occ:function:current-client:009bdfb0	0x009bdfb0	xbuild-enriched-full	true	009bdfb0	FUN_009bdfb0	undefined FUN_009bdfb0()	0	0	unknown	true		3	308	22	3	775
urn:ure:t6:occ:function:current-client:009bdff0	0x009bdff0	xbuild-enriched-full	true	009bdff0	FUN_009bdff0	undefined FUN_009bdff0()	0	0	unknown	true		2	123	7	2	387
urn:ure:t6:occ:function:current-client:009be010	0x009be010	xbuild-enriched-full	true	009be010	FUN_009be010	undefined FUN_009be010()	0	0	unknown	true		4	386	32	4	980
urn:ure:t6:occ:function:current-client:009be060	0x009be060	xbuild-enriched-full	true	009be060	FUN_009be060	undefined FUN_009be060()	0	0	unknown	true		6	640	43	9	1565
urn:ure:t6:occ:function:current-client:009be100	0x009be100	xbuild-enriched-full	true	009be100	FUN_009be100	undefined FUN_009be100()	0	0	unknown	true		20	2135	148	19	5062
urn:ure:t6:occ:function:current-client:009be2f0	0x009be2f0	xbuild-enriched-full	true	009be2f0	FUN_009be2f0	undefined FUN_009be2f0()	0	0	unknown	true		4	849	31	6	1458
urn:ure:t6:occ:function:current-client:009be390	0x009be390	xbuild-enriched-full	true	009be390	FUN_009be390	undefined FUN_009be390()	0	0	unknown	true		4	699	27	3	1284
urn:ure:t6:occ:function:current-client:009be410	0x009be410	xbuild-enriched-full	true	009be410	thunk_FUN_009be060	undefined thunk_FUN_009be060()	0	0	unknown	true		5	646	1	1	173
urn:ure:t6:occ:function:current-client:009be420	0x009be420	xbuild-enriched-full	true	009be420	FUN_009be420	undefined FUN_009be420()	0	0	unknown	true		17	3302	114	8	4825
urn:ure:t6:occ:function:current-client:009be600	0x009be600	xbuild-enriched-full	true	009be600	FUN_009be600	undefined FUN_009be600()	0	0	unknown	true		44	4703	300	45	11337
urn:ure:t6:occ:function:current-client:009bea80	0x009bea80	xbuild-enriched-full	true	009bea80	FUN_009bea80	undefined FUN_009bea80()	0	0	unknown	true		136	18016	755	51	33028
urn:ure:t6:occ:function:current-client:009bf690	0x009bf690	xbuild-enriched-full	true	009bf690	FUN_009bf690	undefined FUN_009bf690()	0	0	unknown	true		11	1065	65	13	2319
urn:ure:t6:occ:function:current-client:009bf760	0x009bf760	xbuild-enriched-full	true	009bf760	FUN_009bf760	undefined FUN_009bf760()	0	0	unknown	true		22	2668	141	30	5091
urn:ure:t6:occ:function:current-client:009bf980	0x009bf980	xbuild-enriched-full	true	009bf980	FUN_009bf980	undefined FUN_009bf980()	0	0	unknown	true		16	2785	142	32	5176
urn:ure:t6:occ:function:current-client:009bfb50	0x009bfb50	xbuild-enriched-full	true	009bfb50	FUN_009bfb50	undefined FUN_009bfb50()	0	0	unknown	true		35	5389	295	85	10169
urn:ure:t6:occ:function:current-client:009bff70	0x009bff70	xbuild-enriched-full	true	009bff70	FUN_009bff70	undefined FUN_009bff70()	0	0	unknown	true		14	1430	76	17	2897
urn:ure:t6:occ:function:current-client:009c0080	0x009c0080	xbuild-enriched-full	true	009c0080	FUN_009c0080	undefined FUN_009c0080()	0	0	unknown	true		20	2155	130	17	4793
urn:ure:t6:occ:function:current-client:009c0230	0x009c0230	xbuild-enriched-full	true	009c0230	FUN_009c0230	undefined FUN_009c0230()	0	0	unknown	true		28	3490	229	27	8285
urn:ure:t6:occ:function:current-client:009c04c0	0x009c04c0	xbuild-enriched-full	true	009c04c0	FUN_009c04c0	undefined FUN_009c04c0()	0	0	unknown	true		11	1386	69	11	2585
urn:ure:t6:occ:function:current-client:009c0580	0x009c0580	xbuild-enriched-full	true	009c0580	FUN_009c0580	undefined FUN_009c0580()	0	0	unknown	true		5	446	29	3	1048
urn:ure:t6:occ:function:current-client:009c05d0	0x009c05d0	xbuild-enriched-full	true	009c05d0	FUN_009c05d0	undefined FUN_009c05d0()	0	0	unknown	true		0	41	2	0	173
urn:ure:t6:occ:function:current-client:009c05e0	0x009c05e0	xbuild-enriched-full	true	009c05e0	FUN_009c05e0	undefined FUN_009c05e0()	0	0	unknown	true		4	1057	41	7	1676
urn:ure:t6:occ:function:current-client:009c0680	0x009c0680	xbuild-enriched-full	true	009c0680	FUN_009c0680	undefined FUN_009c0680()	0	0	unknown	true		7	905	65	7	2321
urn:ure:t6:occ:function:current-client:009c0750	0x009c0750	xbuild-enriched-full	true	009c0750	FUN_009c0750	undefined FUN_009c0750()	0	0	unknown	true		4	515	32	4	1187
urn:ure:t6:occ:function:current-client:009c07c0	0x009c07c0	xbuild-enriched-full	true	009c07c0	FUN_009c07c0	undefined FUN_009c07c0()	0	0	unknown	true		13	2084	109	22	3899
urn:ure:t6:occ:function:current-client:009c0920	0x009c0920	xbuild-enriched-full	true	009c0920	FUN_009c0920	undefined FUN_009c0920()	0	0	unknown	true		41	3900	260	35	9462
urn:ure:t6:occ:function:current-client:009c0c70	0x009c0c70	xbuild-enriched-full	true	009c0c70	FUN_009c0c70	undefined FUN_009c0c70()	0	0	unknown	true		28	2781	189	28	6664
urn:ure:t6:occ:function:current-client:009c0ed0	0x009c0ed0	xbuild-enriched-full	true	009c0ed0	FUN_009c0ed0	undefined FUN_009c0ed0()	0	0	unknown	true		37	4076	256	46	8868
urn:ure:t6:occ:function:current-client:009c11f0	0x009c11f0	xbuild-enriched-full	true	009c11f0	FUN_009c11f0	undefined FUN_009c11f0()	0	0	unknown	true		7	766	44	7	1584
urn:ure:t6:occ:function:current-client:009c1280	0x009c1280	xbuild-enriched-full	true	009c1280	FUN_009c1280	undefined FUN_009c1280()	0	0	unknown	true		6	1204	48	7	2115
urn:ure:t6:occ:function:current-client:009c1350	0x009c1350	xbuild-enriched-full	true	009c1350	FUN_009c1350	undefined FUN_009c1350()	0	0	unknown	true		31	4044	256	33	9502
urn:ure:t6:occ:function:current-client:009c16c0	0x009c16c0	xbuild-enriched-full	true	009c16c0	FUN_009c16c0	undefined FUN_009c16c0()	0	0	unknown	true		29	5868	242	13	10558
urn:ure:t6:occ:function:current-client:009c1ae0	0x009c1ae0	xbuild-enriched-full	true	009c1ae0	FUN_009c1ae0	undefined FUN_009c1ae0()	0	0	unknown	true		9	918	66	13	2206
urn:ure:t6:occ:function:current-client:009c1b90	0x009c1b90	xbuild-enriched-full	true	009c1b90	FUN_009c1b90	undefined FUN_009c1b90()	0	0	unknown	true		18	2315	129	24	4771
urn:ure:t6:occ:function:current-client:009c1d50	0x009c1d50	xbuild-enriched-full	true	009c1d50	FUN_009c1d50	undefined FUN_009c1d50()	0	0	unknown	true		16	2558	83	22	3743
urn:ure:t6:occ:function:current-client:009c1ef0	0x009c1ef0	xbuild-enriched-full	true	009c1ef0	FUN_009c1ef0	undefined FUN_009c1ef0()	0	0	unknown	true		208	25877	1351	245	48907
urn:ure:t6:occ:function:current-client:009c3110	0x009c3110	xbuild-enriched-full	true	009c3110	FUN_009c3110	undefined FUN_009c3110()	0	0	unknown	true		26	3652	172	23	6652
urn:ure:t6:occ:function:current-client:009c3340	0x009c3340	xbuild-enriched-full	true	009c3340	FUN_009c3340	undefined FUN_009c3340()	0	0	unknown	true		15	2531	122	11	4530
urn:ure:t6:occ:function:current-client:009c34b0	0x009c34b0	xbuild-enriched-full	true	009c34b0	FUN_009c34b0	undefined FUN_009c34b0()	0	0	unknown	true		30	4070	241	14	9241
urn:ure:t6:occ:function:current-client:009c37d0	0x009c37d0	xbuild-enriched-full	true	009c37d0	FUN_009c37d0	undefined FUN_009c37d0()	0	0	unknown	true		13	1107	123	13	4050
urn:ure:t6:occ:function:current-client:009c3910	0x009c3910	xbuild-enriched-full	true	009c3910	FUN_009c3910	undefined FUN_009c3910()	0	0	unknown	true		7	663	68	9	2361
urn:ure:t6:occ:function:current-client:009c39c0	0x009c39c0	xbuild-enriched-full	true	009c39c0	FUN_009c39c0	undefined FUN_009c39c0()	0	0	unknown	true		19	1872	118	27	4184
urn:ure:t6:occ:function:current-client:009c3bc0	0x009c3bc0	xbuild-enriched-full	true	009c3bc0	FUN_009c3bc0	undefined FUN_009c3bc0()	0	0	unknown	true		26	3405	229	39	8004
urn:ure:t6:occ:function:current-client:009c3ec0	0x009c3ec0	xbuild-enriched-full	true	009c3ec0	FUN_009c3ec0	undefined FUN_009c3ec0()	0	0	unknown	true		13	1966	60	1	2977
urn:ure:t6:occ:function:current-client:009c3ff0	0x009c3ff0	xbuild-enriched-full	true	009c3ff0	FUN_009c3ff0	undefined FUN_009c3ff0()	0	0	unknown	true		12	1966	60	1	2977
urn:ure:t6:occ:function:current-client:009c4120	0x009c4120	xbuild-enriched-full	true	009c4120	FUN_009c4120	undefined FUN_009c4120()	0	0	unknown	true		13	2480	85	5	3210
urn:ure:t6:occ:function:current-client:009c4250	0x009c4250	xbuild-enriched-full	true	009c4250	FUN_009c4250	undefined FUN_009c4250()	0	0	unknown	true		3	190	14	4	618
urn:ure:t6:occ:function:current-client:009c4290	0x009c4290	xbuild-enriched-full	true	009c4290	FUN_009c4290	undefined FUN_009c4290()	0	0	unknown	true		18	2078	116	33	4326
urn:ure:t6:occ:function:current-client:009c4440	0x009c4440	xbuild-enriched-full	true	009c4440	FUN_009c4440	undefined FUN_009c4440()	0	0	unknown	true		14	2349	119	27	4525
urn:ure:t6:occ:function:current-client:009c4600	0x009c4600	xbuild-enriched-full	true	009c4600	FUN_009c4600	undefined FUN_009c4600()	0	0	unknown	true		69	11939	566	132	20474
urn:ure:t6:occ:function:current-client:009c4dc0	0x009c4dc0	xbuild-enriched-full	true	009c4dc0	FUN_009c4dc0	undefined FUN_009c4dc0()	0	0	unknown	true		19	1711	140	43	4821
urn:ure:t6:occ:function:current-client:009c4f80	0x009c4f80	xbuild-enriched-full	true	009c4f80	FUN_009c4f80	undefined FUN_009c4f80()	0	0	unknown	true		20	1924	143	36	5072
urn:ure:t6:occ:function:current-client:009c5160	0x009c5160	xbuild-enriched-full	true	009c5160	FUN_009c5160	undefined FUN_009c5160()	0	0	unknown	true		7	1049	57	11	1894
urn:ure:t6:occ:function:current-client:009c5200	0x009c5200	xbuild-enriched-full	true	009c5200	FUN_009c5200	undefined FUN_009c5200()	0	0	unknown	true		6	1033	41	6	1599
urn:ure:t6:occ:function:current-client:009c5290	0x009c5290	xbuild-enriched-full	true	009c5290	FUN_009c5290	undefined FUN_009c5290()	0	0	unknown	true		13	2023	133	21	4866
urn:ure:t6:occ:function:current-client:009c5450	0x009c5450	xbuild-enriched-full	true	009c5450	FUN_009c5450	undefined FUN_009c5450()	0	0	unknown	true		3	336	19	4	765
urn:ure:t6:occ:function:current-client:009c5490	0x009c5490	xbuild-enriched-full	true	009c5490	FUN_009c5490	undefined FUN_009c5490()	0	0	unknown	true		3	248	24	0	970
urn:ure:t6:occ:function:current-client:009c54d0	0x009c54d0	xbuild-enriched-full	true	009c54d0	FUN_009c54d0	undefined FUN_009c54d0()	0	0	unknown	true		6	1362	66	1	2732
urn:ure:t6:occ:function:current-client:009c55c0	0x009c55c0	xbuild-enriched-full	true	009c55c0	FUN_009c55c0	undefined FUN_009c55c0()	0	0	unknown	true		12	2350	113	2	4808
urn:ure:t6:occ:function:current-client:009c5770	0x009c5770	xbuild-enriched-full	true	009c5770	FUN_009c5770	undefined FUN_009c5770()	0	0	unknown	true		230	17721	1374	124	52737
urn:ure:t6:occ:function:current-client:009c7520	0x009c7520	xbuild-enriched-full	true	009c7520	FUN_009c7520	undefined FUN_009c7520()	0	0	unknown	true		43	4705	384	11	14753
urn:ure:t6:occ:function:current-client:009c79d0	0x009c79d0	xbuild-enriched-full	true	009c79d0	FUN_009c79d0	undefined FUN_009c79d0()	0	0	unknown	true		79	9263	626	58	24552
urn:ure:t6:occ:function:current-client:009c82e0	0x009c82e0	xbuild-enriched-full	true	009c82e0	FUN_009c82e0	undefined FUN_009c82e0()	0	0	unknown	true		30	4179	259	19	10031
urn:ure:t6:occ:function:current-client:009c8640	0x009c8640	xbuild-enriched-full	true	009c8640	FUN_009c8640	undefined FUN_009c8640()	0	0	unknown	true		52	7639	444	31	17522
urn:ure:t6:occ:function:current-client:009c8c30	0x009c8c30	xbuild-enriched-full	true	009c8c30	FUN_009c8c30	undefined FUN_009c8c30()	0	0	unknown	true		23	3270	220	11	8385
urn:ure:t6:occ:function:current-client:009c9990	0x009c9990	xbuild-enriched-full	true	009c9990	FUN_009c9990	undefined FUN_009c9990()	0	0	unknown	true		26	3189	215	11	8141
urn:ure:t6:occ:function:current-client:009c9c50	0x009c9c50	xbuild-enriched-full	true	009c9c50	FUN_009c9c50	undefined FUN_009c9c50()	0	0	unknown	true		44	5403	356	23	13546
urn:ure:t6:occ:function:current-client:009ca100	0x009ca100	xbuild-enriched-full	true	009ca100	FUN_009ca100	undefined FUN_009ca100()	0	0	unknown	true		4	624	24	4	982
urn:ure:t6:occ:function:current-client:009ca170	0x009ca170	xbuild-enriched-full	true	009ca170	FUN_009ca170	undefined FUN_009ca170()	0	0	unknown	true		6	781	65	1	2101
urn:ure:t6:occ:function:current-client:009ca210	0x009ca210	xbuild-enriched-full	true	009ca210	FUN_009ca210	undefined FUN_009ca210()	0	0	unknown	true		4	651	46	1	1589
urn:ure:t6:occ:function:current-client:009ca290	0x009ca290	xbuild-enriched-full	true	009ca290	FUN_009ca290	undefined FUN_009ca290()	0	0	unknown	true		8	1233	77	5	3041
urn:ure:t6:occ:function:current-client:009ca390	0x009ca390	xbuild-enriched-full	true	009ca390	FUN_009ca390	undefined FUN_009ca390()	0	0	unknown	true		17	2413	127	32	4762
urn:ure:t6:occ:function:current-client:009ca560	0x009ca560	xbuild-enriched-full	true	009ca560	FUN_009ca560	undefined FUN_009ca560()	0	0	unknown	true		51	9202	559	42	22028
urn:ure:t6:occ:function:current-client:009cad50	0x009cad50	xbuild-enriched-full	true	009cad50	FUN_009cad50	undefined FUN_009cad50()	0	0	unknown	true		6	982	54	8	2068
urn:ure:t6:occ:function:current-client:009cae10	0x009cae10	xbuild-enriched-full	true	009cae10	FUN_009cae10	undefined FUN_009cae10()	0	0	unknown	true		171	15417	742	101	30019
urn:ure:t6:occ:function:current-client:009cba10	0x009cba10	xbuild-enriched-full	true	009cba10	FUN_009cba10	undefined FUN_009cba10()	0	0	unknown	true		13	1472	94	7	3433
urn:ure:t6:occ:function:current-client:009cbb30	0x009cbb30	xbuild-enriched-full	true	009cbb30	FUN_009cbb30	undefined FUN_009cbb30()	0	0	unknown	true		15	2629	156	7	6041
urn:ure:t6:occ:function:current-client:009cbd20	0x009cbd20	xbuild-enriched-full	true	009cbd20	FUN_009cbd20	undefined FUN_009cbd20()	0	0	unknown	true		25	4306	239	10	9606
urn:ure:t6:occ:function:current-client:009cc020	0x009cc020	xbuild-enriched-full	true	009cc020	FUN_009cc020	undefined FUN_009cc020()	0	0	unknown	true		6	558	40	4	1415
urn:ure:t6:occ:function:current-client:009cc0a0	0x009cc0a0	xbuild-enriched-full	true	009cc0a0	FUN_009cc0a0	undefined FUN_009cc0a0()	0	0	unknown	true		5	507	33	5	1095
urn:ure:t6:occ:function:current-client:009cc100	0x009cc100	xbuild-enriched-full	true	009cc100	FUN_009cc100	undefined FUN_009cc100()	0	0	unknown	true		3	315	23	1	788
urn:ure:t6:occ:function:current-client:009cc1a0	0x009cc1a0	xbuild-enriched-full	true	009cc1a0	FUN_009cc1a0	undefined FUN_009cc1a0()	0	0	unknown	true		77	6570	428	42	16434
urn:ure:t6:occ:function:current-client:009cc840	0x009cc840	xbuild-enriched-full	true	009cc840	FUN_009cc840	undefined FUN_009cc840()	0	0	unknown	true		29	5718	256	20	10694
urn:ure:t6:occ:function:current-client:009ccc90	0x009ccc90	xbuild-enriched-full	true	009ccc90	FUN_009ccc90	undefined FUN_009ccc90()	0	0	unknown	true		7	1167	45	2	1869
urn:ure:t6:occ:function:current-client:009ccd50	0x009ccd50	xbuild-enriched-full	true	009ccd50	FUN_009ccd50	undefined FUN_009ccd50()	0	0	unknown	true		1	135	9	1	441
urn:ure:t6:occ:function:current-client:009ccd80	0x009ccd80	xbuild-enriched-full	true	009ccd80	FUN_009ccd80	undefined FUN_009ccd80()	0	0	unknown	true		4	804	34	4	1513
urn:ure:t6:occ:function:current-client:009cce10	0x009cce10	xbuild-enriched-full	true	009cce10	FUN_009cce10	undefined FUN_009cce10()	0	0	unknown	true		15	1156	82	19	2609
urn:ure:t6:occ:function:current-client:009ccf00	0x009ccf00	xbuild-enriched-full	true	009ccf00	FUN_009ccf00	undefined FUN_009ccf00()	0	0	unknown	true		89	12400	556	634	24638
urn:ure:t6:occ:function:current-client:009cdae0	0x009cdae0	xbuild-enriched-full	true	009cdae0	FUN_009cdae0	undefined FUN_009cdae0()	0	0	unknown	true		4	202	18	3	631
urn:ure:t6:occ:function:current-client:009cdb10	0x009cdb10	xbuild-enriched-full	true	009cdb10	FUN_009cdb10	undefined FUN_009cdb10()	0	0	unknown	true		9	1090	107	6	3595
urn:ure:t6:occ:function:current-client:009cdc30	0x009cdc30	xbuild-enriched-full	true	009cdc30	FUN_009cdc30	undefined FUN_009cdc30()	0	0	unknown	true		4	427	33	7	1104
urn:ure:t6:occ:function:current-client:009cdc80	0x009cdc80	xbuild-enriched-full	true	009cdc80	FUN_009cdc80	undefined FUN_009cdc80()	0	0	unknown	true		6	912	70	12	2200
urn:ure:t6:occ:function:current-client:009cdd30	0x009cdd30	xbuild-enriched-full	true	009cdd30	FUN_009cdd30	undefined FUN_009cdd30()	0	0	unknown	true		15	1545	110	18	3626
urn:ure:t6:occ:function:current-client:009cde40	0x009cde40	xbuild-enriched-full	true	009cde40	FUN_009cde40	undefined FUN_009cde40()	0	0	unknown	true		3	389	25	4	939
urn:ure:t6:occ:function:current-client:009cde80	0x009cde80	xbuild-enriched-full	true	009cde80	FUN_009cde80	undefined FUN_009cde80()	0	0	unknown	true		4	502	32	5	1235
urn:ure:t6:occ:function:current-client:009cdee0	0x009cdee0	xbuild-enriched-full	true	009cdee0	FUN_009cdee0	undefined FUN_009cdee0()	0	0	unknown	true		0	83	3	0	248
urn:ure:t6:occ:function:current-client:009cdef0	0x009cdef0	xbuild-enriched-full	true	009cdef0	FUN_009cdef0	undefined FUN_009cdef0()	0	0	unknown	true		4	421	25	6	865
urn:ure:t6:occ:function:current-client:009cdfb0	0x009cdfb0	xbuild-enriched-full	true	009cdfb0	FUN_009cdfb0	undefined FUN_009cdfb0()	0	0	unknown	true		3	424	25	2	890
urn:ure:t6:occ:function:current-client:009ce090	0x009ce090	xbuild-enriched-full	true	009ce090	FUN_009ce090	undefined FUN_009ce090()	0	0	unknown	true		40	5041	376	62	13391
urn:ure:t6:occ:function:current-client:009ce510	0x009ce510	xbuild-enriched-full	true	009ce510	FUN_009ce510	undefined FUN_009ce510()	0	0	unknown	true		27	2663	279	28	9192
urn:ure:t6:occ:function:current-client:009ce7c0	0x009ce7c0	xbuild-enriched-full	true	009ce7c0	FUN_009ce7c0	undefined FUN_009ce7c0()	0	0	unknown	true		3	503	16	1	637
urn:ure:t6:occ:function:current-client:009ce7f0	0x009ce7f0	xbuild-enriched-full	true	009ce7f0	FUN_009ce7f0	undefined FUN_009ce7f0()	0	0	unknown	true		2	394	18	3	816
urn:ure:t6:occ:function:current-client:009ce850	0x009ce850	xbuild-enriched-full	true	009ce850	FUN_009ce850	undefined FUN_009ce850()	0	0	unknown	true		6	813	55	0	2572
urn:ure:t6:occ:function:current-client:009ce910	0x009ce910	xbuild-enriched-full	true	009ce910	FUN_009ce910	undefined FUN_009ce910()	0	0	unknown	true		6	813	55	0	2572
urn:ure:t6:occ:function:current-client:009ce9d0	0x009ce9d0	xbuild-enriched-full	true	009ce9d0	FUN_009ce9d0	undefined FUN_009ce9d0()	0	0	unknown	true		6	1496	51	1	2424
urn:ure:t6:occ:function:current-client:009ceaa0	0x009ceaa0	xbuild-enriched-full	true	009ceaa0	FUN_009ceaa0	undefined FUN_009ceaa0()	0	0	unknown	true		4	266	24	6	943
urn:ure:t6:occ:function:current-client:009ceb00	0x009ceb00	xbuild-enriched-full	true	009ceb00	FUN_009ceb00	undefined FUN_009ceb00()	0	0	unknown	true		8	536	66	18	2319
urn:ure:t6:occ:function:current-client:009cebd0	0x009cebd0	xbuild-enriched-full	true	009cebd0	FUN_009cebd0	undefined FUN_009cebd0()	0	0	unknown	true		3	821	22	0	1196
urn:ure:t6:occ:function:current-client:009cec50	0x009cec50	xbuild-enriched-full	true	009cec50	FUN_009cec50	undefined FUN_009cec50()	0	0	unknown	true		1	59	5	1	371
urn:ure:t6:occ:function:current-client:009cec70	0x009cec70	xbuild-enriched-full	true	009cec70	FUN_009cec70	undefined FUN_009cec70()	0	0	unknown	true		11	1294	109	9	3977
urn:ure:t6:occ:function:current-client:009cedd0	0x009cedd0	xbuild-enriched-full	true	009cedd0	FUN_009cedd0	undefined FUN_009cedd0()	0	0	unknown	true		162	15549	666	89	26204
urn:ure:t6:occ:function:current-client:009cf810	0x009cf810	xbuild-enriched-full	true	009cf810	FUN_009cf810	undefined FUN_009cf810()	0	0	unknown	true		7	149	51	7	2027
urn:ure:t6:occ:function:current-client:009cf8c0	0x009cf8c0	xbuild-enriched-full	true	009cf8c0	FUN_009cf8c0	undefined FUN_009cf8c0()	0	0	unknown	true		27	2299	199	53	7507
urn:ure:t6:occ:function:current-client:009cfb90	0x009cfb90	xbuild-enriched-full	true	009cfb90	FUN_009cfb90	undefined FUN_009cfb90()	0	0	unknown	true		16	794	140	41	5007
urn:ure:t6:occ:function:current-client:009cfd60	0x009cfd60	xbuild-enriched-full	true	009cfd60	FUN_009cfd60	undefined FUN_009cfd60()	0	0	unknown	true		12	562	90	28	3124
urn:ure:t6:occ:function:current-client:009cfe80	0x009cfe80	xbuild-enriched-full	true	009cfe80	FUN_009cfe80	undefined FUN_009cfe80()	0	0	unknown	true		22	649	176	51	5746
urn:ure:t6:occ:function:current-client:009d00a0	0x009d00a0	xbuild-enriched-full	true	009d00a0	FUN_009d00a0	undefined FUN_009d00a0()	0	0	unknown	true		30	5366	214	27	8158
urn:ure:t6:occ:function:current-client:009d03a0	0x009d03a0	xbuild-enriched-full	true	009d03a0	FUN_009d03a0	undefined FUN_009d03a0()	0	0	unknown	true		6	594	50	8	1489
urn:ure:t6:occ:function:current-client:009d0420	0x009d0420	xbuild-enriched-full	true	009d0420	FUN_009d0420	undefined FUN_009d0420()	0	0	unknown	true		9	1227	67	12	2384
urn:ure:t6:occ:function:current-client:009d04f0	0x009d04f0	xbuild-enriched-full	true	009d04f0	FUN_009d04f0	undefined FUN_009d04f0()	0	0	unknown	true		7	876	50	7	1610
urn:ure:t6:occ:function:current-client:009d0570	0x009d0570	xbuild-enriched-full	true	009d0570	FUN_009d0570	undefined FUN_009d0570()	0	0	unknown	true		10	1252	79	10	2420
urn:ure:t6:occ:function:current-client:009d0630	0x009d0630	xbuild-enriched-full	true	009d0630	FUN_009d0630	undefined FUN_009d0630()	0	0	unknown	true		6	938	46	16	1635
urn:ure:t6:occ:function:current-client:009d06c0	0x009d06c0	xbuild-enriched-full	true	009d06c0	FUN_009d06c0	undefined FUN_009d06c0()	0	0	unknown	true		38	3046	240	54	8866
urn:ure:t6:occ:function:current-client:009d0a00	0x009d0a00	xbuild-enriched-full	true	009d0a00	FUN_009d0a00	undefined FUN_009d0a00()	0	0	unknown	true		219	16991	998	223	35997
urn:ure:t6:occ:function:current-client:009d17a0	0x009d17a0	xbuild-enriched-full	true	009d17a0	FUN_009d17a0	undefined FUN_009d17a0()	0	0	unknown	true		7	847	48	13	1831
urn:ure:t6:occ:function:current-client:009d1840	0x009d1840	xbuild-enriched-full	true	009d1840	FUN_009d1840	undefined FUN_009d1840()	0	0	unknown	true		35	3733	246	56	7457
urn:ure:t6:occ:function:current-client:009d1ae0	0x009d1ae0	xbuild-enriched-full	true	009d1ae0	FUN_009d1ae0	undefined FUN_009d1ae0()	0	0	unknown	true		375	19104	1186	239	43863
urn:ure:t6:occ:function:current-client:009d2c20	0x009d2c20	xbuild-enriched-full	true	009d2c20	FUN_009d2c20	undefined FUN_009d2c20()	0	0	unknown	true		42	6120	282	48	10719
urn:ure:t6:occ:function:current-client:009d3050	0x009d3050	xbuild-enriched-full	true	009d3050	FUN_009d3050	undefined FUN_009d3050()	0	0	unknown	true		5	496	35	3	1165
urn:ure:t6:occ:function:current-client:009d30b0	0x009d30b0	xbuild-enriched-full	true	009d30b0	FUN_009d30b0	undefined FUN_009d30b0()	0	0	unknown	true		12	1334	81	8	2861
urn:ure:t6:occ:function:current-client:009d3190	0x009d3190	xbuild-enriched-full	true	009d3190	FUN_009d3190	undefined FUN_009d3190()	0	0	unknown	true		23	3423	220	37	7889
urn:ure:t6:occ:function:current-client:009d3470	0x009d3470	xbuild-enriched-full	true	009d3470	FUN_009d3470	undefined FUN_009d3470()	0	0	unknown	true		1	348	10	0	654
urn:ure:t6:occ:function:current-client:009d34b0	0x009d34b0	xbuild-enriched-full	true	009d34b0	FUN_009d34b0	undefined FUN_009d34b0()	0	0	unknown	true		30	4605	255	42	9907
urn:ure:t6:occ:function:current-client:009d3860	0x009d3860	xbuild-enriched-full	true	009d3860	FUN_009d3860	undefined FUN_009d3860()	0	0	unknown	true		13	2105	118	9	4705
urn:ure:t6:occ:function:current-client:009d3a20	0x009d3a20	xbuild-enriched-full	true	009d3a20	FUN_009d3a20	undefined FUN_009d3a20()	0	0	unknown	true		21	3911	232	20	8120
urn:ure:t6:occ:function:current-client:009d3d20	0x009d3d20	xbuild-enriched-full	true	009d3d20	FUN_009d3d20	undefined FUN_009d3d20()	0	0	unknown	true		1	105	10	2	414
urn:ure:t6:occ:function:current-client:009d3d40	0x009d3d40	xbuild-enriched-full	true	009d3d40	FUN_009d3d40	undefined FUN_009d3d40()	0	0	unknown	true		5	727	58	5	1892
urn:ure:t6:occ:function:current-client:009d3de0	0x009d3de0	xbuild-enriched-full	true	009d3de0	FUN_009d3de0	undefined FUN_009d3de0()	0	0	unknown	true		6	637	69	10	2056
urn:ure:t6:occ:function:current-client:009d3ef0	0x009d3ef0	xbuild-enriched-full	true	009d3ef0	FUN_009d3ef0	undefined FUN_009d3ef0()	0	0	unknown	true		59	9130	379	43	15426
urn:ure:t6:occ:function:current-client:009d44d0	0x009d44d0	xbuild-enriched-full	true	009d44d0	FUN_009d44d0	undefined FUN_009d44d0()	0	0	unknown	true		21	5138	149	5	6684
urn:ure:t6:occ:function:current-client:009d4790	0x009d4790	xbuild-enriched-full	true	009d4790	FUN_009d4790	undefined FUN_009d4790()	0	0	unknown	true		14	2515	116	8	4841
urn:ure:t6:occ:function:current-client:009d4970	0x009d4970	xbuild-enriched-full	true	009d4970	FUN_009d4970	undefined FUN_009d4970()	0	0	unknown	true		25	3550	184	41	6346
urn:ure:t6:occ:function:current-client:009d4bf0	0x009d4bf0	xbuild-enriched-full	true	009d4bf0	FUN_009d4bf0	undefined FUN_009d4bf0()	0	0	unknown	true		11	1610	93	19	3327
urn:ure:t6:occ:function:current-client:009d4d10	0x009d4d10	xbuild-enriched-full	true	009d4d10	FUN_009d4d10	undefined FUN_009d4d10()	0	0	unknown	true		11	1365	106	13	3498
urn:ure:t6:occ:function:current-client:009d4e40	0x009d4e40	xbuild-enriched-full	true	009d4e40	FUN_009d4e40	undefined FUN_009d4e40()	0	0	unknown	true		4	267	34	6	1160
urn:ure:t6:occ:function:current-client:009d4eb0	0x009d4eb0	xbuild-enriched-full	true	009d4eb0	FUN_009d4eb0	undefined FUN_009d4eb0()	0	0	unknown	true		41	5137	284	48	10422
urn:ure:t6:occ:function:current-client:009d5230	0x009d5230	xbuild-enriched-full	true	009d5230	FUN_009d5230	undefined FUN_009d5230()	0	0	unknown	true		8	871	47	7	1675
urn:ure:t6:occ:function:current-client:009d52b0	0x009d52b0	xbuild-enriched-full	true	009d52b0	FUN_009d52b0	undefined FUN_009d52b0()	0	0	unknown	true		8	916	65	18	2234
urn:ure:t6:occ:function:current-client:009d53a0	0x009d53a0	xbuild-enriched-full	true	009d53a0	FUN_009d53a0	undefined FUN_009d53a0()	0	0	unknown	true		5	929	46	7	1818
urn:ure:t6:occ:function:current-client:009d5450	0x009d5450	xbuild-enriched-full	true	009d5450	FUN_009d5450	undefined FUN_009d5450()	0	0	unknown	true		58	7410	350	83	13156
urn:ure:t6:occ:function:current-client:009d5960	0x009d5960	xbuild-enriched-full	true	009d5960	FUN_009d5960	undefined FUN_009d5960()	0	0	unknown	true		27	3597	181	56	6875
urn:ure:t6:occ:function:current-client:009d5c20	0x009d5c20	xbuild-enriched-full	true	009d5c20	FUN_009d5c20	undefined FUN_009d5c20()	0	0	unknown	true		4	885	32	4	1267
urn:ure:t6:occ:function:current-client:009d5c80	0x009d5c80	xbuild-enriched-full	true	009d5c80	FUN_009d5c80	undefined FUN_009d5c80()	0	0	unknown	true		16	2009	148	27	5554
urn:ure:t6:occ:function:current-client:009d5eb0	0x009d5eb0	xbuild-enriched-full	true	009d5eb0	FUN_009d5eb0	undefined FUN_009d5eb0()	0	0	unknown	true		10	1648	97	18	3522
urn:ure:t6:occ:function:current-client:009d6010	0x009d6010	xbuild-enriched-full	true	009d6010	FUN_009d6010	undefined FUN_009d6010()	0	0	unknown	true		3	524	34	6	1374
urn:ure:t6:occ:function:current-client:009d6080	0x009d6080	xbuild-enriched-full	true	009d6080	FUN_009d6080	undefined FUN_009d6080()	0	0	unknown	true		10	1651	109	12	3785
urn:ure:t6:occ:function:current-client:009d61e0	0x009d61e0	xbuild-enriched-full	true	009d61e0	FUN_009d61e0	undefined FUN_009d61e0()	0	0	unknown	true		26	3607	206	35	7961
urn:ure:t6:occ:function:current-client:009d64e0	0x009d64e0	xbuild-enriched-full	true	009d64e0	FUN_009d64e0	undefined FUN_009d64e0()	0	0	unknown	true		85	10782	725	149	24481
urn:ure:t6:occ:function:current-client:009d6e70	0x009d6e70	xbuild-enriched-full	true	009d6e70	FUN_009d6e70	undefined FUN_009d6e70()	0	0	unknown	true		8	1573	69	13	2725
urn:ure:t6:occ:function:current-client:009d6f70	0x009d6f70	xbuild-enriched-full	true	009d6f70	FUN_009d6f70	undefined FUN_009d6f70()	0	0	unknown	true		17	2283	117	14	4518
urn:ure:t6:occ:function:current-client:009d7130	0x009d7130	xbuild-enriched-full	true	009d7130	FUN_009d7130	undefined FUN_009d7130()	0	0	unknown	true		5	1170	51	5	1931
urn:ure:t6:occ:function:current-client:009d71e0	0x009d71e0	xbuild-enriched-full	true	009d71e0	FUN_009d71e0	undefined FUN_009d71e0()	0	0	unknown	true		7	1471	78	5	3043
urn:ure:t6:occ:function:current-client:009d72f0	0x009d72f0	xbuild-enriched-full	true	009d72f0	FUN_009d72f0	undefined FUN_009d72f0()	0	0	unknown	true		7	713	74	8	2295
urn:ure:t6:occ:function:current-client:009d73b0	0x009d73b0	xbuild-enriched-full	true	009d73b0	FUN_009d73b0	undefined FUN_009d73b0()	0	0	unknown	true		10	1219	76	17	2700
urn:ure:t6:occ:function:current-client:009d74b0	0x009d74b0	xbuild-enriched-full	true	009d74b0	FUN_009d74b0	undefined FUN_009d74b0()	0	0	unknown	true		39	5075	268	50	9912
urn:ure:t6:occ:function:current-client:009d7850	0x009d7850	xbuild-enriched-full	true	009d7850	FUN_009d7850	undefined FUN_009d7850()	0	0	unknown	true		7	694	72	5	2326
urn:ure:t6:occ:function:current-client:009d7910	0x009d7910	xbuild-enriched-full	true	009d7910	FUN_009d7910	undefined FUN_009d7910()	0	0	unknown	true		42	6181	311	37	12527
urn:ure:t6:occ:function:current-client:009d7da0	0x009d7da0	xbuild-enriched-full	true	009d7da0	FUN_009d7da0	undefined FUN_009d7da0()	0	0	unknown	true		19	3340	133	17	5396
urn:ure:t6:occ:function:current-client:009d7fd0	0x009d7fd0	xbuild-enriched-full	true	009d7fd0	FUN_009d7fd0	undefined FUN_009d7fd0()	0	0	unknown	true		76	8670	405	70	15988
urn:ure:t6:occ:function:current-client:009d8610	0x009d8610	xbuild-enriched-full	true	009d8610	FUN_009d8610	undefined FUN_009d8610()	0	0	unknown	true		10	1067	100	6	2979
urn:ure:t6:occ:function:current-client:009d87c0	0x009d87c0	xbuild-enriched-full	true	009d87c0	FUN_009d87c0	undefined FUN_009d87c0()	0	0	unknown	true		12	2202	112	4	4409
urn:ure:t6:occ:function:current-client:009d8940	0x009d8940	xbuild-enriched-full	true	009d8940	FUN_009d8940	undefined FUN_009d8940()	0	0	unknown	true		52	8862	390	26	15923
urn:ure:t6:occ:function:current-client:009d8f30	0x009d8f30	xbuild-enriched-full	true	009d8f30	FUN_009d8f30	undefined FUN_009d8f30()	0	0	unknown	true		10	1434	101	17	3398
urn:ure:t6:occ:function:current-client:009d9040	0x009d9040	xbuild-enriched-full	true	009d9040	FUN_009d9040	undefined FUN_009d9040()	0	0	unknown	true		3	215	39	2	1154
urn:ure:t6:occ:function:current-client:009d9090	0x009d9090	xbuild-enriched-full	true	009d9090	FUN_009d9090	undefined FUN_009d9090()	0	0	unknown	true		2	555	18	8	1078
urn:ure:t6:occ:function:current-client:009d9100	0x009d9100	xbuild-enriched-full	true	009d9100	FUN_009d9100	undefined FUN_009d9100()	0	0	unknown	true		1	247	8	3	487
urn:ure:t6:occ:function:current-client:009d9120	0x009d9120	xbuild-enriched-full	true	009d9120	FUN_009d9120	undefined FUN_009d9120()	0	0	unknown	true		1	269	9	1	389
urn:ure:t6:occ:function:current-client:009d9140	0x009d9140	xbuild-enriched-full	true	009d9140	FUN_009d9140	undefined FUN_009d9140()	0	0	unknown	true		12	901	35	17	1383
urn:ure:t6:occ:function:current-client:009d91d0	0x009d91d0	xbuild-enriched-full	true	009d91d0	FUN_009d91d0	undefined FUN_009d91d0()	0	0	unknown	true		5	1172	53	4	1998
urn:ure:t6:occ:function:current-client:009d9280	0x009d9280	xbuild-enriched-full	true	009d9280	FUN_009d9280	undefined FUN_009d9280()	0	0	unknown	true		4	704	36	1	1455
urn:ure:t6:occ:function:current-client:009d9310	0x009d9310	xbuild-enriched-full	true	009d9310	FUN_009d9310	undefined FUN_009d9310()	0	0	unknown	true		35	5585	328	15	11659
urn:ure:t6:occ:function:current-client:009d9770	0x009d9770	xbuild-enriched-full	true	009d9770	FUN_009d9770	undefined FUN_009d9770()	0	0	unknown	true		5	682	39	5	1378
urn:ure:t6:occ:function:current-client:009d97e0	0x009d97e0	xbuild-enriched-full	true	009d97e0	FUN_009d97e0	undefined FUN_009d97e0()	0	0	unknown	true		18	3398	179	3	6952
urn:ure:t6:occ:function:current-client:009d9a40	0x009d9a40	xbuild-enriched-full	true	009d9a40	FUN_009d9a40	undefined FUN_009d9a40()	0	0	unknown	true		2	263	11	1	504
urn:ure:t6:occ:function:current-client:009d9ba0	0x009d9ba0	xbuild-enriched-full	true	009d9ba0	FUN_009d9ba0	undefined FUN_009d9ba0()	0	0	unknown	true		5	922	58	2	1986
urn:ure:t6:occ:function:current-client:009d9c30	0x009d9c30	xbuild-enriched-full	true	009d9c30	FUN_009d9c30	undefined FUN_009d9c30()	0	0	unknown	true		6	746	44	3	1605
urn:ure:t6:occ:function:current-client:009d9cb0	0x009d9cb0	xbuild-enriched-full	true	009d9cb0	FUN_009d9cb0	undefined FUN_009d9cb0()	0	0	unknown	true		6	746	44	3	1605
urn:ure:t6:occ:function:current-client:009d9d30	0x009d9d30	xbuild-enriched-full	true	009d9d30	FUN_009d9d30	undefined FUN_009d9d30()	0	0	unknown	true		5	901	54	2	1844
urn:ure:t6:occ:function:current-client:009d9db0	0x009d9db0	xbuild-enriched-full	true	009d9db0	FUN_009d9db0	undefined FUN_009d9db0()	0	0	unknown	true		7	1084	94	3	2996
urn:ure:t6:occ:function:current-client:009d9eb0	0x009d9eb0	xbuild-enriched-full	true	009d9eb0	FUN_009d9eb0	undefined FUN_009d9eb0()	0	0	unknown	true		24	3329	227	19	7987
urn:ure:t6:occ:function:current-client:009da180	0x009da180	xbuild-enriched-full	true	009da180	FUN_009da180	undefined FUN_009da180()	0	0	unknown	true		5	702	48	2	1579
urn:ure:t6:occ:function:current-client:009da200	0x009da200	xbuild-enriched-full	true	009da200	FUN_009da200	undefined FUN_009da200()	0	0	unknown	true		4	552	38	5	1494
urn:ure:t6:occ:function:current-client:009da2a0	0x009da2a0	xbuild-enriched-full	true	009da2a0	FUN_009da2a0	undefined FUN_009da2a0()	0	0	unknown	true		4	723	48	4	1740
urn:ure:t6:occ:function:current-client:009da330	0x009da330	xbuild-enriched-full	true	009da330	FUN_009da330	undefined FUN_009da330()	0	0	unknown	true		13	1731	139	8	4485
urn:ure:t6:occ:function:current-client:009da4b0	0x009da4b0	xbuild-enriched-full	true	009da4b0	FUN_009da4b0	undefined FUN_009da4b0()	0	0	unknown	true		25	3125	264	38	9558
urn:ure:t6:occ:function:current-client:009da810	0x009da810	xbuild-enriched-full	true	009da810	FUN_009da810	undefined FUN_009da810()	0	0	unknown	true		8	1385	69	5	2605
urn:ure:t6:occ:function:current-client:009da910	0x009da910	xbuild-enriched-full	true	009da910	FUN_009da910	undefined FUN_009da910()	0	0	unknown	true		3	374	27	4	1000
urn:ure:t6:occ:function:current-client:009da960	0x009da960	xbuild-enriched-full	true	009da960	FUN_009da960	undefined FUN_009da960()	0	0	unknown	true		60	13253	572	31	22078
urn:ure:t6:occ:function:current-client:009db090	0x009db090	xbuild-enriched-full	true	009db090	FUN_009db090	undefined FUN_009db090()	0	0	unknown	true		3	255	21	1	772
urn:ure:t6:occ:function:current-client:009db0c0	0x009db0c0	xbuild-enriched-full	true	009db0c0	FUN_009db0c0	undefined FUN_009db0c0()	0	0	unknown	true		5	701	37	4	1289
urn:ure:t6:occ:function:current-client:009db120	0x009db120	xbuild-enriched-full	true	009db120	FUN_009db120	undefined FUN_009db120()	0	0	unknown	true		2	387	16	1	769
urn:ure:t6:occ:function:current-client:009db160	0x009db160	xbuild-enriched-full	true	009db160	FUN_009db160	undefined FUN_009db160()	0	0	unknown	true		30	3643	216	46	7407
urn:ure:t6:occ:function:current-client:009db3f0	0x009db3f0	xbuild-enriched-full	true	009db3f0	FUN_009db3f0	undefined FUN_009db3f0()	0	0	unknown	true		14	1564	130	8	4753
urn:ure:t6:occ:function:current-client:009db5a0	0x009db5a0	xbuild-enriched-full	true	009db5a0	FUN_009db5a0	undefined FUN_009db5a0()	0	0	unknown	true		13	1388	103	12	3613
urn:ure:t6:occ:function:current-client:009db6c0	0x009db6c0	xbuild-enriched-full	true	009db6c0	FUN_009db6c0	undefined FUN_009db6c0()	0	0	unknown	true		7	581	77	3	2573
urn:ure:t6:occ:function:current-client:009db770	0x009db770	xbuild-enriched-full	true	009db770	FUN_009db770	undefined FUN_009db770()	0	0	unknown	true		14	1226	149	7	5404
urn:ure:t6:occ:function:current-client:009db910	0x009db910	xbuild-enriched-full	true	009db910	FUN_009db910	undefined FUN_009db910()	0	0	unknown	true		7	1170	70	0	3134
urn:ure:t6:occ:function:current-client:009db9f0	0x009db9f0	xbuild-enriched-full	true	009db9f0	FUN_009db9f0	undefined FUN_009db9f0()	0	0	unknown	true		2	326	10	1	427
urn:ure:t6:occ:function:current-client:009dba10	0x009dba10	xbuild-enriched-full	true	009dba10	FUN_009dba10	undefined FUN_009dba10()	0	0	unknown	true		6	918	48	4	1619
urn:ure:t6:occ:function:current-client:009dba90	0x009dba90	xbuild-enriched-full	true	009dba90	FUN_009dba90	undefined FUN_009dba90()	0	0	unknown	true		2	280	22	3	904
urn:ure:t6:occ:function:current-client:009dbae0	0x009dbae0	xbuild-enriched-full	true	009dbae0	FUN_009dbae0	undefined FUN_009dbae0()	0	0	unknown	true		2	324	12	4	565
urn:ure:t6:occ:function:current-client:009dbb10	0x009dbb10	xbuild-enriched-full	true	009dbb10	FUN_009dbb10	undefined FUN_009dbb10()	0	0	unknown	true		2	318	14	4	617
urn:ure:t6:occ:function:current-client:009dbb40	0x009dbb40	xbuild-enriched-full	true	009dbb40	FUN_009dbb40	undefined FUN_009dbb40()	0	0	unknown	true		2	314	14	5	610
urn:ure:t6:occ:function:current-client:009dbb70	0x009dbb70	xbuild-enriched-full	true	009dbb70	FUN_009dbb70	undefined FUN_009dbb70()	0	0	unknown	true		2	281	11	4	517
urn:ure:t6:occ:function:current-client:009dbba0	0x009dbba0	xbuild-enriched-full	true	009dbba0	FUN_009dbba0	undefined FUN_009dbba0()	0	0	unknown	true		3	323	21	5	815
urn:ure:t6:occ:function:current-client:009dbbf0	0x009dbbf0	xbuild-enriched-full	true	009dbbf0	FUN_009dbbf0	undefined FUN_009dbbf0()	0	0	unknown	true		2	324	12	4	565
urn:ure:t6:occ:function:current-client:009dbc20	0x009dbc20	xbuild-enriched-full	true	009dbc20	FUN_009dbc20	undefined FUN_009dbc20()	0	0	unknown	true		8	875	50	6	1741
urn:ure:t6:occ:function:current-client:009dbca0	0x009dbca0	xbuild-enriched-full	true	009dbca0	FUN_009dbca0	undefined FUN_009dbca0()	0	0	unknown	true		8	911	52	5	1785
urn:ure:t6:occ:function:current-client:009dbd20	0x009dbd20	xbuild-enriched-full	true	009dbd20	FUN_009dbd20	undefined FUN_009dbd20()	0	0	unknown	true		2	212	21	0	780
urn:ure:t6:occ:function:current-client:009dbd60	0x009dbd60	xbuild-enriched-full	true	009dbd60	FUN_009dbd60	undefined FUN_009dbd60()	0	0	unknown	true		12	1616	98	35	3503
urn:ure:t6:occ:function:current-client:009dbed0	0x009dbed0	xbuild-enriched-full	true	009dbed0	FUN_009dbed0	undefined FUN_009dbed0()	0	0	unknown	true		15	2210	134	22	4717
urn:ure:t6:occ:function:current-client:009dc060	0x009dc060	xbuild-enriched-full	true	009dc060	FUN_009dc060	undefined FUN_009dc060()	0	0	unknown	true		9	1406	75	12	2666
urn:ure:t6:occ:function:current-client:009dc140	0x009dc140	xbuild-enriched-full	true	009dc140	FUN_009dc140	undefined FUN_009dc140()	0	0	unknown	true		6	1041	58	15	2062
urn:ure:t6:occ:function:current-client:009dc220	0x009dc220	xbuild-enriched-full	true	009dc220	FUN_009dc220	undefined FUN_009dc220()	0	0	unknown	true		27	4426	241	41	8752
urn:ure:t6:occ:function:current-client:009dc520	0x009dc520	xbuild-enriched-full	true	009dc520	FUN_009dc520	undefined FUN_009dc520()	0	0	unknown	true		43	5749	353	46	12772
urn:ure:t6:occ:function:current-client:009dc980	0x009dc980	xbuild-enriched-full	true	009dc980	FUN_009dc980	undefined FUN_009dc980()	0	0	unknown	true		3	546	27	6	1017
urn:ure:t6:occ:function:current-client:009dc9e0	0x009dc9e0	xbuild-enriched-full	true	009dc9e0	FUN_009dc9e0	undefined FUN_009dc9e0()	0	0	unknown	true		4	597	47	10	1597
urn:ure:t6:occ:function:current-client:009dca60	0x009dca60	xbuild-enriched-full	true	009dca60	FUN_009dca60	undefined FUN_009dca60()	0	0	unknown	true		5	1107	54	7	2059
urn:ure:t6:occ:function:current-client:009dcb20	0x009dcb20	xbuild-enriched-full	true	009dcb20	FUN_009dcb20	undefined FUN_009dcb20()	0	0	unknown	true		7	889	68	9	2419
urn:ure:t6:occ:function:current-client:009dcbd0	0x009dcbd0	xbuild-enriched-full	true	009dcbd0	FUN_009dcbd0	undefined FUN_009dcbd0()	0	0	unknown	true		4	645	40	4	1494
urn:ure:t6:occ:function:current-client:009dcca0	0x009dcca0	xbuild-enriched-full	true	009dcca0	FUN_009dcca0	undefined FUN_009dcca0()	0	0	unknown	true		5	520	57	7	1833
urn:ure:t6:occ:function:current-client:009dcd30	0x009dcd30	xbuild-enriched-full	true	009dcd30	FUN_009dcd30	undefined FUN_009dcd30()	0	0	unknown	true		3	580	34	6	1021
urn:ure:t6:occ:function:current-client:009dcd80	0x009dcd80	xbuild-enriched-full	true	009dcd80	FUN_009dcd80	undefined FUN_009dcd80()	0	0	unknown	true		36	3085	293	38	9745
urn:ure:t6:occ:function:current-client:009dd0c0	0x009dd0c0	xbuild-enriched-full	true	009dd0c0	FUN_009dd0c0	undefined FUN_009dd0c0()	0	0	unknown	true		8	1419	69	14	2366
urn:ure:t6:occ:function:current-client:009dd180	0x009dd180	xbuild-enriched-full	true	009dd180	FUN_009dd180	undefined FUN_009dd180()	0	0	unknown	true		31	5860	300	23	11540
urn:ure:t6:occ:function:current-client:009dd560	0x009dd560	xbuild-enriched-full	true	009dd560	FUN_009dd560	undefined FUN_009dd560()	0	0	unknown	true		10	1345	74	11	2639
urn:ure:t6:occ:function:current-client:009dd630	0x009dd630	xbuild-enriched-full	true	009dd630	FUN_009dd630	undefined FUN_009dd630()	0	0	unknown	true		4	366	32	2	1065
urn:ure:t6:occ:function:current-client:009dd680	0x009dd680	xbuild-enriched-full	true	009dd680	FUN_009dd680	undefined FUN_009dd680()	0	0	unknown	true		4	602	28	4	994
urn:ure:t6:occ:function:current-client:009dd6d0	0x009dd6d0	xbuild-enriched-full	true	009dd6d0	FUN_009dd6d0	undefined FUN_009dd6d0()	0	0	unknown	true		9	811	83	16	2535
urn:ure:t6:occ:function:current-client:009dd7b0	0x009dd7b0	xbuild-enriched-full	true	009dd7b0	FUN_009dd7b0	undefined FUN_009dd7b0()	0	0	unknown	true		2	179	24	2	831
urn:ure:t6:occ:function:current-client:009dd7f0	0x009dd7f0	xbuild-enriched-full	true	009dd7f0	FUN_009dd7f0	undefined FUN_009dd7f0()	0	0	unknown	true		7	1131	66	17	2315
urn:ure:t6:occ:function:current-client:009dd8c0	0x009dd8c0	xbuild-enriched-full	true	009dd8c0	FUN_009dd8c0	undefined FUN_009dd8c0()	0	0	unknown	true		8	1205	94	18	3457
urn:ure:t6:occ:function:current-client:009dd9f0	0x009dd9f0	xbuild-enriched-full	true	009dd9f0	FUN_009dd9f0	undefined FUN_009dd9f0()	0	0	unknown	true		6	795	70	10	2359
urn:ure:t6:occ:function:current-client:009ddac0	0x009ddac0	xbuild-enriched-full	true	009ddac0	FUN_009ddac0	undefined FUN_009ddac0()	0	0	unknown	true		31	4662	241	30	8725
urn:ure:t6:occ:function:current-client:009dde20	0x009dde20	xbuild-enriched-full	true	009dde20	FUN_009dde20	undefined FUN_009dde20()	0	0	unknown	true		4	390	42	9	1503
urn:ure:t6:occ:function:current-client:009ddeb0	0x009ddeb0	xbuild-enriched-full	true	009ddeb0	FUN_009ddeb0	undefined FUN_009ddeb0()	0	0	unknown	true		4	615	37	7	1391
urn:ure:t6:occ:function:current-client:009ddf30	0x009ddf30	xbuild-enriched-full	true	009ddf30	FUN_009ddf30	undefined FUN_009ddf30()	0	0	unknown	true		7	935	69	5	2359
urn:ure:t6:occ:function:current-client:009ddff0	0x009ddff0	xbuild-enriched-full	true	009ddff0	FUN_009ddff0	undefined FUN_009ddff0()	0	0	unknown	true		3	562	28	2	1052
urn:ure:t6:occ:function:current-client:009de040	0x009de040	xbuild-enriched-full	true	009de040	FUN_009de040	undefined FUN_009de040()	0	0	unknown	true		4	626	39	6	1399
urn:ure:t6:occ:function:current-client:009de0c0	0x009de0c0	xbuild-enriched-full	true	009de0c0	FUN_009de0c0	undefined FUN_009de0c0()	0	0	unknown	true		5	813	51	6	1761
urn:ure:t6:occ:function:current-client:009de160	0x009de160	xbuild-enriched-full	true	009de160	FUN_009de160	undefined FUN_009de160()	0	0	unknown	true		4	696	40	7	1429
urn:ure:t6:occ:function:current-client:009de1e0	0x009de1e0	xbuild-enriched-full	true	009de1e0	FUN_009de1e0	undefined FUN_009de1e0()	0	0	unknown	true		4	552	38	5	1474
urn:ure:t6:occ:function:current-client:009de270	0x009de270	xbuild-enriched-full	true	009de270	FUN_009de270	undefined FUN_009de270()	0	0	unknown	true		4	709	42	7	1350
urn:ure:t6:occ:function:current-client:009de2d0	0x009de2d0	xbuild-enriched-full	true	009de2d0	FUN_009de2d0	undefined FUN_009de2d0()	0	0	unknown	true		6	1130	60	7	2169
urn:ure:t6:occ:function:current-client:009de370	0x009de370	xbuild-enriched-full	true	009de370	FUN_009de370	undefined FUN_009de370()	0	0	unknown	true		6	1113	53	3	2176
urn:ure:t6:occ:function:current-client:009de420	0x009de420	xbuild-enriched-full	true	009de420	FUN_009de420	undefined FUN_009de420()	0	0	unknown	true		7	828	62	10	2083
urn:ure:t6:occ:function:current-client:009de4d0	0x009de4d0	xbuild-enriched-full	true	009de4d0	FUN_009de4d0	undefined FUN_009de4d0()	0	0	unknown	true		1	230	7	2	490
urn:ure:t6:occ:function:current-client:009de500	0x009de500	xbuild-enriched-full	true	009de500	FUN_009de500	undefined FUN_009de500()	0	0	unknown	true		18	2193	151	36	5498
urn:ure:t6:occ:function:current-client:009de720	0x009de720	xbuild-enriched-full	true	009de720	FUN_009de720	undefined FUN_009de720()	0	0	unknown	true		7	1432	60	11	2438
urn:ure:t6:occ:function:current-client:009de810	0x009de810	xbuild-enriched-full	true	009de810	FUN_009de810	undefined FUN_009de810()	0	0	unknown	true		5	878	55	2	1975
urn:ure:t6:occ:function:current-client:009de8b0	0x009de8b0	xbuild-enriched-full	true	009de8b0	FUN_009de8b0	undefined FUN_009de8b0()	0	0	unknown	true		8	1402	85	6	3247
urn:ure:t6:occ:function:current-client:009dea10	0x009dea10	xbuild-enriched-full	true	009dea10	FUN_009dea10	undefined FUN_009dea10()	0	0	unknown	true		10	1500	116	9	3853
urn:ure:t6:occ:function:current-client:009deb40	0x009deb40	xbuild-enriched-full	true	009deb40	FUN_009deb40	undefined FUN_009deb40()	0	0	unknown	true		13	2420	122	20	5197
urn:ure:t6:occ:function:current-client:009ded00	0x009ded00	xbuild-enriched-full	true	009ded00	FUN_009ded00	undefined FUN_009ded00()	0	0	unknown	true		6	829	60	9	2281
urn:ure:t6:occ:function:current-client:009dedc0	0x009dedc0	xbuild-enriched-full	true	009dedc0	FUN_009dedc0	undefined FUN_009dedc0()	0	0	unknown	true		15	1243	91	7	3104
urn:ure:t6:occ:function:current-client:009deed0	0x009deed0	xbuild-enriched-full	true	009deed0	FUN_009deed0	undefined FUN_009deed0()	0	0	unknown	true		20	2896	160	10	6407
urn:ure:t6:occ:function:current-client:009df100	0x009df100	xbuild-enriched-full	true	009df100	FUN_009df100	undefined FUN_009df100()	0	0	unknown	true		25	4079	196	41	7807
urn:ure:t6:occ:function:current-client:009df3d0	0x009df3d0	xbuild-enriched-full	true	009df3d0	FUN_009df3d0	undefined FUN_009df3d0()	0	0	unknown	true		7	1204	65	4	2449
urn:ure:t6:occ:function:current-client:009df4a0	0x009df4a0	xbuild-enriched-full	true	009df4a0	FUN_009df4a0	undefined FUN_009df4a0()	0	0	unknown	true		4	830	51	6	1994
urn:ure:t6:occ:function:current-client:009df550	0x009df550	xbuild-enriched-full	true	009df550	FUN_009df550	undefined FUN_009df550()	0	0	unknown	true		4	511	43	6	1534
urn:ure:t6:occ:function:current-client:009df5e0	0x009df5e0	xbuild-enriched-full	true	009df5e0	FUN_009df5e0	undefined FUN_009df5e0()	0	0	unknown	true		5	511	43	6	1534
urn:ure:t6:occ:function:current-client:009df670	0x009df670	xbuild-enriched-full	true	009df670	FUN_009df670	undefined FUN_009df670()	0	0	unknown	true		11	1550	101	8	3744
urn:ure:t6:occ:function:current-client:009df7c0	0x009df7c0	xbuild-enriched-full	true	009df7c0	FUN_009df7c0	undefined FUN_009df7c0()	0	0	unknown	true		2	209	18	5	734
urn:ure:t6:occ:function:current-client:009df800	0x009df800	xbuild-enriched-full	true	009df800	FUN_009df800	undefined FUN_009df800()	0	0	unknown	true		1	198	9	0	526
urn:ure:t6:occ:function:current-client:009df820	0x009df820	xbuild-enriched-full	true	009df820	FUN_009df820	undefined FUN_009df820()	0	0	unknown	true		19	2876	168	35	6569
urn:ure:t6:occ:function:current-client:009dfa50	0x009dfa50	xbuild-enriched-full	true	009dfa50	FUN_009dfa50	undefined FUN_009dfa50()	0	0	unknown	true		4	476	34	5	1193
urn:ure:t6:occ:function:current-client:009dfab0	0x009dfab0	xbuild-enriched-full	true	009dfab0	FUN_009dfab0	undefined FUN_009dfab0()	0	0	unknown	true		7	1005	59	5	2118
urn:ure:t6:occ:function:current-client:009dfb60	0x009dfb60	xbuild-enriched-full	true	009dfb60	FUN_009dfb60	undefined FUN_009dfb60()	0	0	unknown	true		66	8751	482	57	19664
urn:ure:t6:occ:function:current-client:009e02e0	0x009e02e0	xbuild-enriched-full	true	009e02e0	FUN_009e02e0	undefined FUN_009e02e0()	0	0	unknown	true		50	7394	361	50	13666
urn:ure:t6:occ:function:current-client:009e0830	0x009e0830	xbuild-enriched-full	true	009e0830	FUN_009e0830	undefined FUN_009e0830()	0	0	unknown	true		31	6216	278	29	11301
urn:ure:t6:occ:function:current-client:009e0c10	0x009e0c10	xbuild-enriched-full	true	009e0c10	FUN_009e0c10	undefined FUN_009e0c10()	0	0	unknown	true		25	2950	230	19	8371
urn:ure:t6:occ:function:current-client:009e0f10	0x009e0f10	xbuild-enriched-full	true	009e0f10	FUN_009e0f10	undefined FUN_009e0f10()	0	0	unknown	true		6	1435	49	5	2142
urn:ure:t6:occ:function:current-client:009e0fd0	0x009e0fd0	xbuild-enriched-full	true	009e0fd0	FUN_009e0fd0	undefined FUN_009e0fd0()	0	0	unknown	true		17	1959	127	20	4624
urn:ure:t6:occ:function:current-client:009e1170	0x009e1170	xbuild-enriched-full	true	009e1170	FUN_009e1170	undefined FUN_009e1170()	0	0	unknown	true		15	2612	139	17	5347
urn:ure:t6:occ:function:current-client:009e1350	0x009e1350	xbuild-enriched-full	true	009e1350	FUN_009e1350	undefined FUN_009e1350()	0	0	unknown	true		6	1098	48	3	1941
urn:ure:t6:occ:function:current-client:009e13f0	0x009e13f0	xbuild-enriched-full	true	009e13f0	FUN_009e13f0	undefined FUN_009e13f0()	0	0	unknown	true		229	18832	942	131	38078
urn:ure:t6:occ:function:current-client:009e2310	0x009e2310	xbuild-enriched-full	true	009e2310	FUN_009e2310	undefined FUN_009e2310()	0	0	unknown	true		10	612	55	4	1962
urn:ure:t6:occ:function:current-client:009e23b0	0x009e23b0	xbuild-enriched-full	true	009e23b0	FUN_009e23b0	undefined FUN_009e23b0()	0	0	unknown	true		13	2960	151	19	5746
urn:ure:t6:occ:function:current-client:009e2570	0x009e2570	xbuild-enriched-full	true	009e2570	FUN_009e2570	undefined FUN_009e2570()	0	0	unknown	true		6	967	82	7	2946
urn:ure:t6:occ:function:current-client:009e2660	0x009e2660	xbuild-enriched-full	true	009e2660	FUN_009e2660	undefined FUN_009e2660()	0	0	unknown	true		3	269	19	4	946
urn:ure:t6:occ:function:current-client:009e26b0	0x009e26b0	xbuild-enriched-full	true	009e26b0	FUN_009e26b0	undefined FUN_009e26b0()	0	0	unknown	true		51	14828	113	10	4768
urn:ure:t6:occ:function:current-client:009e2880	0x009e2880	xbuild-enriched-full	true	009e2880	FUN_009e2880	undefined FUN_009e2880()	0	0	unknown	true		9	4962	40	0	1637
urn:ure:t6:occ:function:current-client:009e28f2	0x009e28f2	xbuild-enriched-full	true	009e28f2	FUN_009e28f2	undefined FUN_009e28f2()	0	0	unknown	true		34	7060	46	2	1829
urn:ure:t6:occ:function:current-client:009e298a	0x009e298a	xbuild-enriched-full	true	009e298a	FUN_009e298a	undefined FUN_009e298a()	0	0	unknown	true		37	6805	65	3	2566
urn:ure:t6:occ:function:current-client:009e2a70	0x009e2a70	xbuild-enriched-full	true	009e2a70	FUN_009e2a70	undefined FUN_009e2a70()	0	0	unknown	true		9	4962	40	0	1637
urn:ure:t6:occ:function:current-client:009e2ae2	0x009e2ae2	xbuild-enriched-full	true	009e2ae2	FUN_009e2ae2	undefined FUN_009e2ae2()	0	0	unknown	true		9	3124	46	1	1675
urn:ure:t6:occ:function:current-client:009e2b5d	0x009e2b5d	xbuild-enriched-full	true	009e2b5d	FUN_009e2b5d	undefined FUN_009e2b5d()	0	0	unknown	true		9	3368	55	2	1912
urn:ure:t6:occ:function:current-client:009e2bf0	0x009e2bf0	xbuild-enriched-full	true	009e2bf0	FUN_009e2bf0	undefined FUN_009e2bf0()	0	0	unknown	true		3	624	37	9	1303
urn:ure:t6:occ:function:current-client:009e2e40	0x009e2e40	xbuild-enriched-full	true	009e2e40	FUN_009e2e40	undefined FUN_009e2e40()	0	0	unknown	true		4	824	50	2	1935
urn:ure:t6:occ:function:current-client:009e2ee0	0x009e2ee0	xbuild-enriched-full	true	009e2ee0	FUN_009e2ee0	undefined FUN_009e2ee0()	0	0	unknown	true		2	171	27	2	1118
urn:ure:t6:occ:function:current-client:009e2f40	0x009e2f40	xbuild-enriched-full	true	009e2f40	FUN_009e2f40	undefined FUN_009e2f40()	0	0	unknown	true		2	287	21	1	743
urn:ure:t6:occ:function:current-client:009e2f80	0x009e2f80	xbuild-enriched-full	true	009e2f80	FUN_009e2f80	undefined FUN_009e2f80()	0	0	unknown	true		3	625	38	3	1332
urn:ure:t6:occ:function:current-client:009e3000	0x009e3000	xbuild-enriched-full	true	009e3000	FUN_009e3000	undefined FUN_009e3000()	0	0	unknown	true		5	978	56	5	1937
urn:ure:t6:occ:function:current-client:009e30b0	0x009e30b0	xbuild-enriched-full	true	009e30b0	FUN_009e30b0	undefined FUN_009e30b0()	0	0	unknown	true		4	720	38	3	1365
urn:ure:t6:occ:function:current-client:009e3130	0x009e3130	xbuild-enriched-full	true	009e3130	FUN_009e3130	undefined FUN_009e3130()	0	0	unknown	true		54	9563	437	46	18353
urn:ure:t6:occ:function:current-client:009e37e0	0x009e37e0	xbuild-enriched-full	true	009e37e0	FUN_009e37e0	undefined FUN_009e37e0()	0	0	unknown	true		7	1177	58	11	2182
urn:ure:t6:occ:function:current-client:009e38a0	0x009e38a0	xbuild-enriched-full	true	009e38a0	FUN_009e38a0	undefined FUN_009e38a0()	0	0	unknown	true		9	1239	98	20	3532
urn:ure:t6:occ:function:current-client:009e39d0	0x009e39d0	xbuild-enriched-full	true	009e39d0	FUN_009e39d0	undefined FUN_009e39d0()	0	0	unknown	true		10	1524	87	18	3153
urn:ure:t6:occ:function:current-client:009e3ae0	0x009e3ae0	xbuild-enriched-full	true	009e3ae0	FUN_009e3ae0	undefined FUN_009e3ae0()	0	0	unknown	true		6	1096	48	8	1879
urn:ure:t6:occ:function:current-client:009e3b80	0x009e3b80	xbuild-enriched-full	true	009e3b80	FUN_009e3b80	undefined FUN_009e3b80()	0	0	unknown	true		2	207	18	6	689
urn:ure:t6:occ:function:current-client:009e3bc0	0x009e3bc0	xbuild-enriched-full	true	009e3bc0	FUN_009e3bc0	undefined FUN_009e3bc0()	0	0	unknown	true		3	481	29	5	1115
urn:ure:t6:occ:function:current-client:009e3c90	0x009e3c90	xbuild-enriched-full	true	009e3c90	FUN_009e3c90	undefined FUN_009e3c90()	0	0	unknown	true		2	172	21	2	707
urn:ure:t6:occ:function:current-client:009e3d30	0x009e3d30	xbuild-enriched-full	true	009e3d30	FUN_009e3d30	undefined FUN_009e3d30()	0	0	unknown	true		6	1015	28	0	1094
urn:ure:t6:occ:function:current-client:009e3d8a	0x009e3d8a	xbuild-enriched-full	true	009e3d8a	FUN_009e3d8a	undefined FUN_009e3d8a()	0	0	unknown	true		6	1963	39	0	1410
urn:ure:t6:occ:function:current-client:009e3df7	0x009e3df7	xbuild-enriched-full	true	009e3df7	FUN_009e3df7	undefined FUN_009e3df7()	0	0	unknown	true		6	2465	45	1	1609
urn:ure:t6:occ:function:current-client:009e3e78	0x009e3e78	xbuild-enriched-full	true	009e3e78	FUN_009e3e78	undefined FUN_009e3e78()	0	0	unknown	true		9	1798	39	1	1463
urn:ure:t6:occ:function:current-client:009e3efb	0x009e3efb	xbuild-enriched-full	true	009e3efb	FUN_009e3efb	undefined FUN_009e3efb()	0	0	unknown	true		4	1225	30	1	1049
urn:ure:t6:occ:function:current-client:009e3f48	0x009e3f48	xbuild-enriched-full	true	009e3f48	FUN_009e3f48	undefined FUN_009e3f48()	0	0	unknown	true		5	891	31	1	1118
urn:ure:t6:occ:function:current-client:009e3fb0	0x009e3fb0	xbuild-enriched-full	true	009e3fb0	FUN_009e3fb0	undefined FUN_009e3fb0()	0	0	unknown	true		18	6094	56	1	2288
urn:ure:t6:occ:function:current-client:009e4080	0x009e4080	xbuild-enriched-full	true	009e4080	FUN_009e4080	undefined FUN_009e4080()	0	0	unknown	true		66	15568	257	34	10369
urn:ure:t6:occ:function:current-client:009e4428	0x009e4428	xbuild-enriched-full	true	009e4428	FUN_009e4428	undefined FUN_009e4428()	0	0	unknown	true		29	9030	61	2	2512
urn:ure:t6:occ:function:current-client:009e4510	0x009e4510	xbuild-enriched-full	true	009e4510	FUN_009e4510	undefined FUN_009e4510()	0	0	unknown	true		61	12683	252	33	9257
urn:ure:t6:occ:function:current-client:009e4890	0x009e4890	xbuild-enriched-full	true	009e4890	FUN_009e4890	undefined FUN_009e4890()	0	0	unknown	true		31	7564	98	13	4040
urn:ure:t6:occ:function:current-client:009e4a50	0x009e4a50	xbuild-enriched-full	true	009e4a50	FUN_009e4a50	undefined FUN_009e4a50()	0	0	unknown	true		35	3867	305	0	10904
urn:ure:t6:occ:function:current-client:009e4e40	0x009e4e40	xbuild-enriched-full	true	009e4e40	FUN_009e4e40	undefined FUN_009e4e40()	0	0	unknown	true		4	172	21	2	707
urn:ure:t6:occ:function:current-client:009e51c0	0x009e51c0	xbuild-enriched-full	true	009e51c0	FUN_009e51c0	undefined FUN_009e51c0()	0	0	unknown	true		26	6726	90	14	3826
urn:ure:t6:occ:function:current-client:009e5358	0x009e5358	xbuild-enriched-full	true	009e5358	FUN_009e5358	undefined FUN_009e5358()	0	0	unknown	true		39	10225	131	19	5442
urn:ure:t6:occ:function:current-client:009e55b0	0x009e55b0	xbuild-enriched-full	true	009e55b0	FUN_009e55b0	undefined FUN_009e55b0()	0	0	unknown	true		14	7001	112	19	4254
urn:ure:t6:occ:function:current-client:009e5750	0x009e5750	xbuild-enriched-full	true	009e5750	FUN_009e5750	undefined FUN_009e5750()	0	0	unknown	true		36	12235	198	0	8468
urn:ure:t6:occ:function:current-client:009e5a7d	0x009e5a7d	xbuild-enriched-full	true	009e5a7d	FUN_009e5a7d	undefined FUN_009e5a7d()	0	0	unknown	true		19	6243	110	0	4660
urn:ure:t6:occ:function:current-client:009e5c32	0x009e5c32	xbuild-enriched-full	true	009e5c32	FUN_009e5c32	undefined FUN_009e5c32()	0	0	unknown	true		19	9353	189	0	7363
urn:ure:t6:occ:function:current-client:009e5e97	0x009e5e97	xbuild-enriched-full	true	009e5e97	FUN_009e5e97	undefined FUN_009e5e97()	0	0	unknown	true		10	4685	101	0	3947
urn:ure:t6:occ:function:current-client:009e5fd4	0x009e5fd4	xbuild-enriched-full	true	009e5fd4	FUN_009e5fd4	undefined FUN_009e5fd4()	0	0	unknown	true		10	7765	53	0	2145
urn:ure:t6:occ:function:current-client:009e6071	0x009e6071	xbuild-enriched-full	true	009e6071	FUN_009e6071	undefined FUN_009e6071()	0	0	unknown	true		6	1430	42	1	1655
urn:ure:t6:occ:function:current-client:009e60f7	0x009e60f7	xbuild-enriched-full	true	009e60f7	FUN_009e60f7	undefined FUN_009e60f7()	0	0	unknown	true		7	3569	47	3	2198
urn:ure:t6:occ:function:current-client:009e6198	0x009e6198	xbuild-enriched-full	true	009e6198	FUN_009e6198	undefined FUN_009e6198()	0	0	unknown	true		48	16679	277	0	11367
urn:ure:t6:occ:function:current-client:009e65c8	0x009e65c8	xbuild-enriched-full	true	009e65c8	FUN_009e65c8	undefined FUN_009e65c8()	0	0	unknown	true		24	8619	153	0	6231
urn:ure:t6:occ:function:current-client:009e6808	0x009e6808	xbuild-enriched-full	true	009e6808	FUN_009e6808	undefined FUN_009e6808()	0	0	unknown	true		26	13364	265	0	9921
urn:ure:t6:occ:function:current-client:009e6b32	0x009e6b32	xbuild-enriched-full	true	009e6b32	FUN_009e6b32	undefined FUN_009e6b32()	0	0	unknown	true		14	6720	141	0	5289
urn:ure:t6:occ:function:current-client:009e6cd4	0x009e6cd4	xbuild-enriched-full	true	009e6cd4	FUN_009e6cd4	undefined FUN_009e6cd4()	0	0	unknown	true		12	10020	74	0	2881
urn:ure:t6:occ:function:current-client:009e6db0	0x009e6db0	xbuild-enriched-full	true	009e6db0	FUN_009e6db0	undefined FUN_009e6db0()	0	0	unknown	true		14	7090	39	1	1594
urn:ure:t6:occ:function:current-client:009e6e32	0x009e6e32	xbuild-enriched-full	true	009e6e32	FUN_009e6e32	undefined FUN_009e6e32()	0	0	unknown	true		4	795	33	2	1217
urn:ure:t6:occ:function:current-client:009e6e81	0x009e6e81	xbuild-enriched-full	true	009e6e81	FUN_009e6e81	undefined FUN_009e6e81()	0	0	unknown	true		3	612	28	2	996
urn:ure:t6:occ:function:current-client:009e6ebe	0x009e6ebe	xbuild-enriched-full	true	009e6ebe	FUN_009e6ebe	undefined FUN_009e6ebe()	0	0	unknown	true		6	2741	30	0	1202
urn:ure:t6:occ:function:current-client:009e6f0d	0x009e6f0d	xbuild-enriched-full	true	009e6f0d	FUN_009e6f0d	undefined FUN_009e6f0d()	0	0	unknown	true		5	1148	40	2	1519
urn:ure:t6:occ:function:current-client:009e6f77	0x009e6f77	xbuild-enriched-full	true	009e6f77	FUN_009e6f77	undefined FUN_009e6f77()	0	0	unknown	true		8	3614	46	3	2120
urn:ure:t6:occ:function:current-client:009e7020	0x009e7020	xbuild-enriched-full	true	009e7020	FUN_009e7020	undefined FUN_009e7020()	0	0	unknown	true		7	1374	76	7	2772
urn:ure:t6:occ:function:current-client:009e71f0	0x009e71f0	xbuild-enriched-full	true	009e71f0	FUN_009e71f0	undefined FUN_009e71f0()	0	0	unknown	true		3	448	46	3	1509
urn:ure:t6:occ:function:current-client:009e7260	0x009e7260	xbuild-enriched-full	true	009e7260	FUN_009e7260	undefined FUN_009e7260()	0	0	unknown	true		7	928	103	8	3267
urn:ure:t6:occ:function:current-client:009e7370	0x009e7370	xbuild-enriched-full	true	009e7370	FUN_009e7370	undefined FUN_009e7370()	0	0	unknown	true		3	439	46	3	1506
urn:ure:t6:occ:function:current-client:009e73e0	0x009e73e0	xbuild-enriched-full	true	009e73e0	FUN_009e73e0	undefined FUN_009e73e0()	0	0	unknown	true		7	904	103	8	3259
urn:ure:t6:occ:function:current-client:009e74f0	0x009e74f0	xbuild-enriched-full	true	009e74f0	FUN_009e74f0	undefined FUN_009e74f0()	0	0	unknown	true		3	430	46	3	1503
urn:ure:t6:occ:function:current-client:009e7560	0x009e7560	xbuild-enriched-full	true	009e7560	FUN_009e7560	undefined FUN_009e7560()	0	0	unknown	true		7	880	103	8	3251
urn:ure:t6:occ:function:current-client:009e7670	0x009e7670	xbuild-enriched-full	true	009e7670	FUN_009e7670	undefined FUN_009e7670()	0	0	unknown	true		4	439	46	3	1506
urn:ure:t6:occ:function:current-client:009e76e0	0x009e76e0	xbuild-enriched-full	true	009e76e0	FUN_009e76e0	undefined FUN_009e76e0()	0	0	unknown	true		7	904	103	8	3259
urn:ure:t6:occ:function:current-client:009e77f0	0x009e77f0	xbuild-enriched-full	true	009e77f0	FUN_009e77f0	undefined FUN_009e77f0()	0	0	unknown	true		4	430	46	3	1503
urn:ure:t6:occ:function:current-client:009e7860	0x009e7860	xbuild-enriched-full	true	009e7860	FUN_009e7860	undefined FUN_009e7860()	0	0	unknown	true		7	880	103	8	3251
urn:ure:t6:occ:function:current-client:009e7970	0x009e7970	xbuild-enriched-full	true	009e7970	FUN_009e7970	undefined FUN_009e7970()	0	0	unknown	true		4	550	59	4	1954
urn:ure:t6:occ:function:current-client:009e7a10	0x009e7a10	xbuild-enriched-full	true	009e7a10	FUN_009e7a10	undefined FUN_009e7a10()	0	0	unknown	true		4	538	59	4	1950
urn:ure:t6:occ:function:current-client:009e7ab0	0x009e7ab0	xbuild-enriched-full	true	009e7ab0	FUN_009e7ab0	undefined FUN_009e7ab0()	0	0	unknown	true		4	526	59	4	1946
urn:ure:t6:occ:function:current-client:009e7b50	0x009e7b50	xbuild-enriched-full	true	009e7b50	FUN_009e7b50	undefined FUN_009e7b50()	0	0	unknown	true		4	538	59	4	1950
urn:ure:t6:occ:function:current-client:009e7bf0	0x009e7bf0	xbuild-enriched-full	true	009e7bf0	FUN_009e7bf0	undefined FUN_009e7bf0()	0	0	unknown	true		4	526	59	4	1946
urn:ure:t6:occ:function:current-client:009e7c90	0x009e7c90	xbuild-enriched-full	true	009e7c90	FUN_009e7c90	undefined FUN_009e7c90()	0	0	unknown	true		3	560	35	3	1443
urn:ure:t6:occ:function:current-client:009e7cf0	0x009e7cf0	xbuild-enriched-full	true	009e7cf0	FUN_009e7cf0	undefined FUN_009e7cf0()	0	0	unknown	true		3	796	32	1	1139
urn:ure:t6:occ:function:current-client:009e7d44	0x009e7d44	xbuild-enriched-full	true	009e7d44	FUN_009e7d44	undefined FUN_009e7d44()	0	0	unknown	true		33	24341	180	0	5953
urn:ure:t6:occ:function:current-client:009e7f42	0x009e7f42	xbuild-enriched-full	true	009e7f42	FUN_009e7f42	undefined FUN_009e7f42()	0	0	unknown	true		12	6991	74	0	2609
urn:ure:t6:occ:function:current-client:009e800c	0x009e800c	xbuild-enriched-full	true	009e800c	FUN_009e800c	undefined FUN_009e800c()	0	0	unknown	true		11	5439	54	0	1837
urn:ure:t6:occ:function:current-client:009e8096	0x009e8096	xbuild-enriched-full	true	009e8096	FUN_009e8096	undefined FUN_009e8096()	0	0	unknown	true		13	7513	71	4	2651
urn:ure:t6:occ:function:current-client:009e8174	0x009e8174	xbuild-enriched-full	true	009e8174	FUN_009e8174	undefined FUN_009e8174()	0	0	unknown	true		24	14791	105	7	3913
urn:ure:t6:occ:function:current-client:009e8400	0x009e8400	xbuild-enriched-full	true	009e8400	FUN_009e8400	undefined FUN_009e8400()	0	0	unknown	true		6	538	48	2	1593
urn:ure:t6:occ:function:current-client:009e8480	0x009e8480	xbuild-enriched-full	true	009e8480	FUN_009e8480	undefined FUN_009e8480()	0	0	unknown	true		5	488	46	2	1548
urn:ure:t6:occ:function:current-client:009e8550	0x009e8550	xbuild-enriched-full	true	009e8550	FUN_009e8550	undefined FUN_009e8550()	0	0	unknown	true		8	781	88	12	2944
urn:ure:t6:occ:function:current-client:009e8640	0x009e8640	xbuild-enriched-full	true	009e8640	FUN_009e8640	undefined FUN_009e8640()	0	0	unknown	true		10	1102	116	13	3798
urn:ure:t6:occ:function:current-client:009e88d0	0x009e88d0	xbuild-enriched-full	true	009e88d0	FUN_009e88d0	undefined FUN_009e88d0()	0	0	unknown	true		8	793	88	12	2948
urn:ure:t6:occ:function:current-client:009e8b00	0x009e8b00	xbuild-enriched-full	true	009e8b00	FUN_009e8b00	undefined FUN_009e8b00()	0	0	unknown	true		7	716	66	4	2123
urn:ure:t6:occ:function:current-client:009e8ba0	0x009e8ba0	xbuild-enriched-full	true	009e8ba0	FUN_009e8ba0	undefined FUN_009e8ba0()	0	0	unknown	true		7	790	75	4	2454
urn:ure:t6:occ:function:current-client:009e8c60	0x009e8c60	xbuild-enriched-full	true	009e8c60	FUN_009e8c60	undefined FUN_009e8c60()	0	0	unknown	true		4	538	48	2	1593
urn:ure:t6:occ:function:current-client:009e8ce0	0x009e8ce0	xbuild-enriched-full	true	009e8ce0	FUN_009e8ce0	undefined FUN_009e8ce0()	0	0	unknown	true		4	488	46	2	1548
urn:ure:t6:occ:function:current-client:009e8db0	0x009e8db0	xbuild-enriched-full	true	009e8db0	FUN_009e8db0	undefined FUN_009e8db0()	0	0	unknown	true		5	701	60	4	1989
urn:ure:t6:occ:function:current-client:009e8e80	0x009e8e80	xbuild-enriched-full	true	009e8e80	FUN_009e8e80	undefined FUN_009e8e80()	0	0	unknown	true		5	695	60	4	1987
urn:ure:t6:occ:function:current-client:009e9010	0x009e9010	xbuild-enriched-full	true	009e9010	FUN_009e9010	undefined FUN_009e9010()	0	0	unknown	true		2	264	16	1	590
urn:ure:t6:occ:function:current-client:009e9040	0x009e9040	xbuild-enriched-full	true	009e9040	FUN_009e9040	undefined FUN_009e9040()	0	0	unknown	true		7	1541	90	4	3471
urn:ure:t6:occ:function:current-client:009e9160	0x009e9160	xbuild-enriched-full	true	009e9160	FUN_009e9160	undefined FUN_009e9160()	0	0	unknown	true		6	1284	83	1	2792
urn:ure:t6:occ:function:current-client:009e9240	0x009e9240	xbuild-enriched-full	true	009e9240	FUN_009e9240	undefined FUN_009e9240()	0	0	unknown	true		7	1538	90	4	3470
urn:ure:t6:occ:function:current-client:009e9360	0x009e9360	xbuild-enriched-full	true	009e9360	FUN_009e9360	undefined FUN_009e9360()	0	0	unknown	true		6	1281	83	1	2791
urn:ure:t6:occ:function:current-client:009e9440	0x009e9440	xbuild-enriched-full	true	009e9440	FUN_009e9440	undefined FUN_009e9440()	0	0	unknown	true		4	917	55	1	1860
urn:ure:t6:occ:function:current-client:009e94d0	0x009e94d0	xbuild-enriched-full	true	009e94d0	FUN_009e94d0	undefined FUN_009e94d0()	0	0	unknown	true		5	1257	69	2	2652
urn:ure:t6:occ:function:current-client:009e99d0	0x009e99d0	xbuild-enriched-full	true	009e99d0	FUN_009e99d0	undefined FUN_009e99d0()	0	0	unknown	true		14	2589	124	12	4929
urn:ure:t6:occ:function:current-client:009ea0d0	0x009ea0d0	xbuild-enriched-full	true	009ea0d0	FUN_009ea0d0	undefined FUN_009ea0d0()	0	0	unknown	true		4	990	35	1	1290
urn:ure:t6:occ:function:current-client:009ea142	0x009ea142	xbuild-enriched-full	true	009ea142	FUN_009ea142	undefined FUN_009ea142()	0	0	unknown	true		18	6070	86	1	3306
urn:ure:t6:occ:function:current-client:009ea26d	0x009ea26d	xbuild-enriched-full	true	009ea26d	FUN_009ea26d	undefined FUN_009ea26d()	0	0	unknown	true		49	26038	109	0	4293
urn:ure:t6:occ:function:current-client:009ea409	0x009ea409	xbuild-enriched-full	true	009ea409	FUN_009ea409	undefined FUN_009ea409()	0	0	unknown	true		68	35794	171	13	6529
urn:ure:t6:occ:function:current-client:009ea667	0x009ea667	xbuild-enriched-full	true	009ea667	FUN_009ea667	undefined FUN_009ea667()	0	0	unknown	true		20	9041	59	1	2192
urn:ure:t6:occ:function:current-client:009ea727	0x009ea727	xbuild-enriched-full	true	009ea727	FUN_009ea727	undefined FUN_009ea727()	0	0	unknown	true		25	10752	69	1	2646
urn:ure:t6:occ:function:current-client:009ea81e	0x009ea81e	xbuild-enriched-full	true	009ea81e	FUN_009ea81e	undefined FUN_009ea81e()	0	0	unknown	true		13	6800	53	1	1951
urn:ure:t6:occ:function:current-client:009ea8c6	0x009ea8c6	xbuild-enriched-full	true	009ea8c6	FUN_009ea8c6	undefined FUN_009ea8c6()	0	0	unknown	true		26	9534	65	1	2466
urn:ure:t6:occ:function:current-client:009ea9ab	0x009ea9ab	xbuild-enriched-full	true	009ea9ab	FUN_009ea9ab	undefined FUN_009ea9ab()	0	0	unknown	true		14	6794	52	1	1901
urn:ure:t6:occ:function:current-client:009eaa50	0x009eaa50	xbuild-enriched-full	true	009eaa50	FUN_009eaa50	undefined FUN_009eaa50()	0	0	unknown	true		22	8679	63	1	2399
urn:ure:t6:occ:function:current-client:009eab30	0x009eab30	xbuild-enriched-full	true	009eab30	FUN_009eab30	undefined FUN_009eab30()	0	0	unknown	true		55	18742	301	0	12662
urn:ure:t6:occ:function:current-client:009eb088	0x009eb088	xbuild-enriched-full	true	009eb088	FUN_009eb088	undefined FUN_009eb088()	0	0	unknown	true		26	9390	157	0	6606
urn:ure:t6:occ:function:current-client:009eb340	0x009eb340	xbuild-enriched-full	true	009eb340	FUN_009eb340	undefined FUN_009eb340()	0	0	unknown	true		14	5037	93	0	3974
urn:ure:t6:occ:function:current-client:009eb4c4	0x009eb4c4	xbuild-enriched-full	true	009eb4c4	FUN_009eb4c4	undefined FUN_009eb4c4()	0	0	unknown	true		27	10109	173	0	7398
urn:ure:t6:occ:function:current-client:009eb7b4	0x009eb7b4	xbuild-enriched-full	true	009eb7b4	FUN_009eb7b4	undefined FUN_009eb7b4()	0	0	unknown	true		6	1447	41	0	1810
urn:ure:t6:occ:function:current-client:009eb850	0x009eb850	xbuild-enriched-full	true	009eb850	FUN_009eb850	undefined FUN_009eb850()	0	0	unknown	true		930	199377	3795	33	157085
urn:ure:t6:occ:function:current-client:009efaec	0x009efaec	xbuild-enriched-full	true	009efaec	FUN_009efaec	undefined FUN_009efaec()	0	0	unknown	true		401	102561	1907	33	78869
urn:ure:t6:occ:function:current-client:009f1c70	0x009f1c70	xbuild-enriched-full	true	009f1c70	FUN_009f1c70	undefined FUN_009f1c70()	0	0	unknown	true		6	441	51	1	1758
urn:ure:t6:occ:function:current-client:009f1cf9	0x009f1cf9	xbuild-enriched-full	true	009f1cf9	FUN_009f1cf9	undefined FUN_009f1cf9()	0	0	unknown	true		4	369	40	1	1382
urn:ure:t6:occ:function:current-client:009f1d5f	0x009f1d5f	xbuild-enriched-full	true	009f1d5f	FUN_009f1d5f	undefined FUN_009f1d5f()	0	0	unknown	true		4	365	39	1	1342
urn:ure:t6:occ:function:current-client:009f1dc2	0x009f1dc2	xbuild-enriched-full	true	009f1dc2	FUN_009f1dc2	undefined FUN_009f1dc2()	0	0	unknown	true		8	2899	53	0	1910
urn:ure:t6:occ:function:current-client:009f1e56	0x009f1e56	xbuild-enriched-full	true	009f1e56	FUN_009f1e56	undefined FUN_009f1e56()	0	0	unknown	true		5	437	50	1	1718
urn:ure:t6:occ:function:current-client:009f1ee0	0x009f1ee0	xbuild-enriched-full	true	009f1ee0	FUN_009f1ee0	undefined FUN_009f1ee0()	0	0	unknown	true		7	793	88	12	2948
urn:ure:t6:occ:function:current-client:009f1fd0	0x009f1fd0	xbuild-enriched-full	true	009f1fd0	FUN_009f1fd0	undefined FUN_009f1fd0()	0	0	unknown	true		7	781	88	12	2944
urn:ure:t6:occ:function:current-client:009f20c0	0x009f20c0	xbuild-enriched-full	true	009f20c0	FUN_009f20c0	undefined FUN_009f20c0()	0	0	unknown	true		12	6238	53	2	1976
urn:ure:t6:occ:function:current-client:009f215b	0x009f215b	xbuild-enriched-full	true	009f215b	FUN_009f215b	undefined FUN_009f215b()	0	0	unknown	true		9	5338	49	2	1893
urn:ure:t6:occ:function:current-client:009f21e4	0x009f21e4	xbuild-enriched-full	true	009f21e4	FUN_009f21e4	undefined FUN_009f21e4()	0	0	unknown	true		24	14825	84	8	3098
urn:ure:t6:occ:function:current-client:009f22f5	0x009f22f5	xbuild-enriched-full	true	009f22f5	FUN_009f22f5	undefined FUN_009f22f5()	0	0	unknown	true		24	14850	84	8	3098
urn:ure:t6:occ:function:current-client:009f2406	0x009f2406	xbuild-enriched-full	true	009f2406	FUN_009f2406	undefined FUN_009f2406()	0	0	unknown	true		16	9117	59	5	2199
urn:ure:t6:occ:function:current-client:009f24c0	0x009f24c0	xbuild-enriched-full	true	009f24c0	FUN_009f24c0	undefined FUN_009f24c0()	0	0	unknown	true		8	1217	80	7	2919
urn:ure:t6:occ:function:current-client:009f25c0	0x009f25c0	xbuild-enriched-full	true	009f25c0	FUN_009f25c0	undefined FUN_009f25c0()	0	0	unknown	true		8	1218	82	8	3048
urn:ure:t6:occ:function:current-client:009f26c0	0x009f26c0	xbuild-enriched-full	true	009f26c0	FUN_009f26c0	undefined FUN_009f26c0()	0	0	unknown	true		2	194	26	2	1003
urn:ure:t6:occ:function:current-client:009f28f0	0x009f28f0	xbuild-enriched-full	true	009f28f0	FUN_009f28f0	undefined FUN_009f28f0()	0	0	unknown	true		4	607	38	5	1342
urn:ure:t6:occ:function:current-client:009f2960	0x009f2960	xbuild-enriched-full	true	009f2960	FUN_009f2960	undefined FUN_009f2960()	0	0	unknown	true		4	573	33	6	1216
urn:ure:t6:occ:function:current-client:009f29c0	0x009f29c0	xbuild-enriched-full	true	009f29c0	FUN_009f29c0	undefined FUN_009f29c0()	0	0	unknown	true		3	455	34	4	1319
urn:ure:t6:occ:function:current-client:009f2b40	0x009f2b40	xbuild-enriched-full	true	009f2b40	FUN_009f2b40	undefined FUN_009f2b40()	0	0	unknown	true		17	9145	75	9	3036
urn:ure:t6:occ:function:current-client:009f2c59	0x009f2c59	xbuild-enriched-full	true	009f2c59	FUN_009f2c59	undefined FUN_009f2c59()	0	0	unknown	true		16	8736	57	8	2439
urn:ure:t6:occ:function:current-client:009f2d4a	0x009f2d4a	xbuild-enriched-full	true	009f2d4a	FUN_009f2d4a	undefined FUN_009f2d4a()	0	0	unknown	true		12	3304	72	10	2937
urn:ure:t6:occ:function:current-client:009f2e5f	0x009f2e5f	xbuild-enriched-full	true	009f2e5f	FUN_009f2e5f	undefined FUN_009f2e5f()	0	0	unknown	true		45	27228	109	8	4636
urn:ure:t6:occ:function:current-client:009f301b	0x009f301b	xbuild-enriched-full	true	009f301b	FUN_009f301b	undefined FUN_009f301b()	0	0	unknown	true		26	14101	76	6	3027
urn:ure:t6:occ:function:current-client:009f312b	0x009f312b	xbuild-enriched-full	true	009f312b	FUN_009f312b	undefined FUN_009f312b()	0	0	unknown	true		14	6711	76	6	2860
urn:ure:t6:occ:function:current-client:009f3211	0x009f3211	xbuild-enriched-full	true	009f3211	FUN_009f3211	undefined FUN_009f3211()	0	0	unknown	true		95	46614	153	22	6534
urn:ure:t6:occ:function:current-client:009f34a8	0x009f34a8	xbuild-enriched-full	true	009f34a8	FUN_009f34a8	undefined FUN_009f34a8()	0	0	unknown	true		124	66227	194	22	8376
urn:ure:t6:occ:function:current-client:009f3820	0x009f3820	xbuild-enriched-full	true	009f3820	FUN_009f3820	undefined FUN_009f3820()	0	0	unknown	true		37	14154	54	2	2220
urn:ure:t6:occ:function:current-client:009f38ec	0x009f38ec	xbuild-enriched-full	true	009f38ec	FUN_009f38ec	undefined FUN_009f38ec()	0	0	unknown	true		57	27711	89	3	3661
urn:ure:t6:occ:function:current-client:009f3a56	0x009f3a56	xbuild-enriched-full	true	009f3a56	FUN_009f3a56	undefined FUN_009f3a56()	0	0	unknown	true		18	5371	42	2	1813
urn:ure:t6:occ:function:current-client:009f3ae5	0x009f3ae5	xbuild-enriched-full	true	009f3ae5	FUN_009f3ae5	undefined FUN_009f3ae5()	0	0	unknown	true		24	8224	61	2	2805
urn:ure:t6:occ:function:current-client:009f3bd5	0x009f3bd5	xbuild-enriched-full	true	009f3bd5	FUN_009f3bd5	undefined FUN_009f3bd5()	0	0	unknown	true		26	14009	53	2	2178
urn:ure:t6:occ:function:current-client:009f3c9d	0x009f3c9d	xbuild-enriched-full	true	009f3c9d	FUN_009f3c9d	undefined FUN_009f3c9d()	0	0	unknown	true		49	27539	87	3	3576
urn:ure:t6:occ:function:current-client:009f3dff	0x009f3dff	xbuild-enriched-full	true	009f3dff	FUN_009f3dff	undefined FUN_009f3dff()	0	0	unknown	true		24	14027	46	2	1965
urn:ure:t6:occ:function:current-client:009f3ea2	0x009f3ea2	xbuild-enriched-full	true	009f3ea2	FUN_009f3ea2	undefined FUN_009f3ea2()	0	0	unknown	true		7	3238	23	1	935
urn:ure:t6:occ:function:current-client:009f3ede	0x009f3ede	xbuild-enriched-full	true	009f3ede	FUN_009f3ede	undefined FUN_009f3ede()	0	0	unknown	true		100	36311	158	18	6199
urn:ure:t6:occ:function:current-client:009f4149	0x009f4149	xbuild-enriched-full	true	009f4149	FUN_009f4149	undefined FUN_009f4149()	0	0	unknown	true		32	12317	87	5	3637
urn:ure:t6:occ:function:current-client:009f4e80	0x009f4e80	xbuild-enriched-full	true	009f4e80	FUN_009f4e80	undefined FUN_009f4e80()	0	0	unknown	true		26	7106	43	4	1692
urn:ure:t6:occ:function:current-client:009f4f19	0x009f4f19	xbuild-enriched-full	true	009f4f19	FUN_009f4f19	undefined FUN_009f4f19()	0	0	unknown	true		15	6513	34	3	1332
urn:ure:t6:occ:function:current-client:009f4f89	0x009f4f89	xbuild-enriched-full	true	009f4f89	FUN_009f4f89	undefined FUN_009f4f89()	0	0	unknown	true		11	3172	60	3	2263
urn:ure:t6:occ:function:current-client:009f5070	0x009f5070	xbuild-enriched-full	true	009f5070	FUN_009f5070	undefined FUN_009f5070()	0	0	unknown	true		46	25852	151	5	5730
urn:ure:t6:occ:function:current-client:009f52b2	0x009f52b2	xbuild-enriched-full	true	009f52b2	FUN_009f52b2	undefined FUN_009f52b2()	0	0	unknown	true		36	16793	131	6	4849
urn:ure:t6:occ:function:current-client:009f5498	0x009f5498	xbuild-enriched-full	true	009f5498	FUN_009f5498	undefined FUN_009f5498()	0	0	unknown	true		30	6541	114	4	4289
urn:ure:t6:occ:function:current-client:009f5638	0x009f5638	xbuild-enriched-full	true	009f5638	FUN_009f5638	undefined FUN_009f5638()	0	0	unknown	true		8	2071	31	3	1268
urn:ure:t6:occ:function:current-client:009f56a0	0x009f56a0	xbuild-enriched-full	true	009f56a0	FUN_009f56a0	undefined FUN_009f56a0()	0	0	unknown	true		33	16967	172	6	6061
urn:ure:t6:occ:function:current-client:009f58b4	0x009f58b4	xbuild-enriched-full	true	009f58b4	FUN_009f58b4	undefined FUN_009f58b4()	0	0	unknown	true		21	7438	129	6	4463
urn:ure:t6:occ:function:current-client:009f5a49	0x009f5a49	xbuild-enriched-full	true	009f5a49	FUN_009f5a49	undefined FUN_009f5a49()	0	0	unknown	true		5	2144	31	3	1227
urn:ure:t6:occ:function:current-client:009f5aa0	0x009f5aa0	xbuild-enriched-full	true	009f5aa0	FUN_009f5aa0	undefined FUN_009f5aa0()	0	0	unknown	true		5	822	45	19	1672
urn:ure:t6:occ:function:current-client:009f5be0	0x009f5be0	xbuild-enriched-full	true	009f5be0	FUN_009f5be0	undefined FUN_009f5be0()	0	0	unknown	true		4	791	36	20	1434
urn:ure:t6:occ:function:current-client:009f5cd0	0x009f5cd0	xbuild-enriched-full	true	009f5cd0	FUN_009f5cd0	undefined FUN_009f5cd0()	0	0	unknown	true		25	4669	232	41	8161
urn:ure:t6:occ:function:current-client:009f5fb0	0x009f5fb0	xbuild-enriched-full	true	009f5fb0	FUN_009f5fb0	undefined FUN_009f5fb0()	0	0	unknown	true		44	9265	473	49	18611
urn:ure:t6:occ:function:current-client:009f65c0	0x009f65c0	xbuild-enriched-full	true	009f65c0	FUN_009f65c0	undefined FUN_009f65c0()	0	0	unknown	true		4	944	34	0	1501
urn:ure:t6:occ:function:current-client:009f6621	0x009f6621	xbuild-enriched-full	true	009f6621	FUN_009f6621	undefined FUN_009f6621()	0	0	unknown	true		2	471	22	0	969
urn:ure:t6:occ:function:current-client:009f665a	0x009f665a	xbuild-enriched-full	true	009f665a	FUN_009f665a	undefined FUN_009f665a()	0	0	unknown	true		9	3374	96	0	4509
urn:ure:t6:occ:function:current-client:009f67b0	0x009f67b0	xbuild-enriched-full	true	009f67b0	FUN_009f67b0	undefined FUN_009f67b0()	0	0	unknown	true		9	4564	62	0	2897
urn:ure:t6:occ:function:current-client:009f6889	0x009f6889	xbuild-enriched-full	true	009f6889	FUN_009f6889	undefined FUN_009f6889()	0	0	unknown	true		6	2867	49	0	1991
urn:ure:t6:occ:function:current-client:009f6915	0x009f6915	xbuild-enriched-full	true	009f6915	FUN_009f6915	undefined FUN_009f6915()	0	0	unknown	true		5	2990	28	1	1182
urn:ure:t6:occ:function:current-client:009f6966	0x009f6966	xbuild-enriched-full	true	009f6966	FUN_009f6966	undefined FUN_009f6966()	0	0	unknown	true		6	2736	43	0	1780
urn:ure:t6:occ:function:current-client:009f69e0	0x009f69e0	xbuild-enriched-full	true	009f69e0	FUN_009f69e0	undefined FUN_009f69e0()	0	0	unknown	true		1	628	17	1	849
urn:ure:t6:occ:function:current-client:009f6a16	0x009f6a16	xbuild-enriched-full	true	009f6a16	FUN_009f6a16	undefined FUN_009f6a16()	0	0	unknown	true		14	6910	39	1	1561
urn:ure:t6:occ:function:current-client:009f6a95	0x009f6a95	xbuild-enriched-full	true	009f6a95	FUN_009f6a95	undefined FUN_009f6a95()	0	0	unknown	true		11	4703	34	2	1378
urn:ure:t6:occ:function:current-client:009f6b04	0x009f6b04	xbuild-enriched-full	true	009f6b04	FUN_009f6b04	undefined FUN_009f6b04()	0	0	unknown	true		2	549	18	0	881
urn:ure:t6:occ:function:current-client:009f6b39	0x009f6b39	xbuild-enriched-full	true	009f6b39	FUN_009f6b39	undefined FUN_009f6b39()	0	0	unknown	true		3	1475	25	1	980
urn:ure:t6:occ:function:current-client:009f6b78	0x009f6b78	xbuild-enriched-full	true	009f6b78	FUN_009f6b78	undefined FUN_009f6b78()	0	0	unknown	true		8	3375	43	1	1901
urn:ure:t6:occ:function:current-client:009f6c0f	0x009f6c0f	xbuild-enriched-full	true	009f6c0f	FUN_009f6c0f	undefined FUN_009f6c0f()	0	0	unknown	false	 Recoverable Error: Unable to find unique hash for varnode	10	0	75	1	3032
urn:ure:t6:occ:function:current-client:009f6cf9	0x009f6cf9	xbuild-enriched-full	true	009f6cf9	FUN_009f6cf9	undefined FUN_009f6cf9()	0	0	unknown	false	 Recoverable Error: Unable to find unique hash for varnode	17	0	34	2	1497
urn:ure:t6:occ:function:current-client:009f6d72	0x009f6d72	xbuild-enriched-full	true	009f6d72	FUN_009f6d72	undefined FUN_009f6d72()	0	0	unknown	false	 Recoverable Error: Unable to find unique hash for varnode	9	0	66	1	2696
urn:ure:t6:occ:function:current-client:009f6e3a	0x009f6e3a	xbuild-enriched-full	true	009f6e3a	FUN_009f6e3a	undefined FUN_009f6e3a()	0	0	unknown	true		4	1568	23	2	1074
urn:ure:t6:occ:function:current-client:009f6e86	0x009f6e86	xbuild-enriched-full	true	009f6e86	FUN_009f6e86	undefined FUN_009f6e86()	0	0	unknown	true		22	9547	47	1	1855
urn:ure:t6:occ:function:current-client:009f6f26	0x009f6f26	xbuild-enriched-full	true	009f6f26	FUN_009f6f26	undefined FUN_009f6f26()	0	0	unknown	true		20	7341	42	2	1672
urn:ure:t6:occ:function:current-client:009f6fb6	0x009f6fb6	xbuild-enriched-full	true	009f6fb6	FUN_009f6fb6	undefined FUN_009f6fb6()	0	0	unknown	true		3	1488	24	1	1106
urn:ure:t6:occ:function:current-client:009f7001	0x009f7001	xbuild-enriched-full	true	009f7001	FUN_009f7001	undefined FUN_009f7001()	0	0	unknown	true		5	1620	27	1	1096
urn:ure:t6:occ:function:current-client:009f7050	0x009f7050	xbuild-enriched-full	true	009f7050	FUN_009f7050	undefined FUN_009f7050()	0	0	unknown	true		22	11759	117	10	4238
urn:ure:t6:occ:function:current-client:009f71d3	0x009f71d3	xbuild-enriched-full	true	009f71d3	FUN_009f71d3	undefined FUN_009f71d3()	0	0	unknown	true		10	6461	36	1	1515
urn:ure:t6:occ:function:current-client:009f7250	0x009f7250	xbuild-enriched-full	true	009f7250	FUN_009f7250	undefined FUN_009f7250()	0	0	unknown	true		20	3165	79	0	3136
urn:ure:t6:occ:function:current-client:009f73b0	0x009f73b0	xbuild-enriched-full	true	009f73b0	FUN_009f73b0	undefined FUN_009f73b0()	0	0	unknown	true		12	4077	93	0	3369
urn:ure:t6:occ:function:current-client:009f7500	0x009f7500	xbuild-enriched-full	true	009f7500	FUN_009f7500	undefined FUN_009f7500()	0	0	unknown	true		4	409	48	5	1609
urn:ure:t6:occ:function:current-client:009f7570	0x009f7570	xbuild-enriched-full	true	009f7570	FUN_009f7570	undefined FUN_009f7570()	0	0	unknown	true		4	409	48	5	1609
urn:ure:t6:occ:function:current-client:009f75e0	0x009f75e0	xbuild-enriched-full	true	009f75e0	FUN_009f75e0	undefined FUN_009f75e0()	0	0	unknown	true		7	940	76	7	2517
urn:ure:t6:occ:function:current-client:009f7690	0x009f7690	xbuild-enriched-full	true	009f7690	FUN_009f7690	undefined FUN_009f7690()	0	0	unknown	true		3	246	27	3	909
urn:ure:t6:occ:function:current-client:009f76d0	0x009f76d0	xbuild-enriched-full	true	009f76d0	FUN_009f76d0	undefined FUN_009f76d0()	0	0	unknown	true		6	922	75	7	2433
urn:ure:t6:occ:function:current-client:009f7780	0x009f7780	xbuild-enriched-full	true	009f7780	FUN_009f7780	undefined FUN_009f7780()	0	0	unknown	true		3	223	26	3	849
urn:ure:t6:occ:function:current-client:009f77c0	0x009f77c0	xbuild-enriched-full	true	009f77c0	FUN_009f77c0	undefined FUN_009f77c0()	0	0	unknown	true		3	326	32	3	1165
urn:ure:t6:occ:function:current-client:009f7810	0x009f7810	xbuild-enriched-full	true	009f7810	FUN_009f7810	undefined FUN_009f7810()	0	0	unknown	true		3	326	32	3	1165
urn:ure:t6:occ:function:current-client:009f7860	0x009f7860	xbuild-enriched-full	true	009f7860	FUN_009f7860	undefined FUN_009f7860()	0	0	unknown	true		5	770	60	5	2060
urn:ure:t6:occ:function:current-client:009f78f0	0x009f78f0	xbuild-enriched-full	true	009f78f0	FUN_009f78f0	undefined FUN_009f78f0()	0	0	unknown	true		3	246	27	3	909
urn:ure:t6:occ:function:current-client:009f7930	0x009f7930	xbuild-enriched-full	true	009f7930	FUN_009f7930	undefined FUN_009f7930()	0	0	unknown	true		5	752	59	5	1976
urn:ure:t6:occ:function:current-client:009f79c0	0x009f79c0	xbuild-enriched-full	true	009f79c0	FUN_009f79c0	undefined FUN_009f79c0()	0	0	unknown	true		2	223	26	3	849
urn:ure:t6:occ:function:current-client:009f7a00	0x009f7a00	xbuild-enriched-full	true	009f7a00	FUN_009f7a00	undefined FUN_009f7a00()	0	0	unknown	true		8	1642	93	0	2759
urn:ure:t6:occ:function:current-client:009f7ae0	0x009f7ae0	xbuild-enriched-full	true	009f7ae0	FUN_009f7ae0	undefined FUN_009f7ae0()	0	0	unknown	true		11	1741	130	23	4146
urn:ure:t6:occ:function:current-client:009f7c50	0x009f7c50	xbuild-enriched-full	true	009f7c50	FUN_009f7c50	undefined FUN_009f7c50()	0	0	unknown	true		10	1223	105	3	3712
urn:ure:t6:occ:function:current-client:009f7d80	0x009f7d80	xbuild-enriched-full	true	009f7d80	FUN_009f7d80	undefined FUN_009f7d80()	0	0	unknown	true		8	935	85	3	2940
urn:ure:t6:occ:function:current-client:009f7e70	0x009f7e70	xbuild-enriched-full	true	009f7e70	FUN_009f7e70	undefined FUN_009f7e70()	0	0	unknown	true		19	2868	212	44	6971
urn:ure:t6:occ:function:current-client:009f80e0	0x009f80e0	xbuild-enriched-full	true	009f80e0	FUN_009f80e0	undefined FUN_009f80e0()	0	0	unknown	true		10	1362	114	3	4077
urn:ure:t6:occ:function:current-client:009f8230	0x009f8230	xbuild-enriched-full	true	009f8230	FUN_009f8230	undefined FUN_009f8230()	0	0	unknown	true		8	960	92	3	3259
urn:ure:t6:occ:function:current-client:009f8330	0x009f8330	xbuild-enriched-full	true	009f8330	FUN_009f8330	undefined FUN_009f8330()	0	0	unknown	true		7	1216	79	17	2574
urn:ure:t6:occ:function:current-client:009f8410	0x009f8410	xbuild-enriched-full	true	009f8410	FUN_009f8410	undefined FUN_009f8410()	0	0	unknown	true		5	785	52	2	1681
urn:ure:t6:occ:function:current-client:009f8490	0x009f8490	xbuild-enriched-full	true	009f8490	FUN_009f8490	undefined FUN_009f8490()	0	0	unknown	true		4	600	47	2	1534
urn:ure:t6:occ:function:current-client:009f8500	0x009f8500	xbuild-enriched-full	true	009f8500	FUN_009f8500	undefined FUN_009f8500()	0	0	unknown	true		4	409	48	5	1609
urn:ure:t6:occ:function:current-client:009f8570	0x009f8570	xbuild-enriched-full	true	009f8570	FUN_009f8570	undefined FUN_009f8570()	0	0	unknown	true		4	409	48	5	1609
urn:ure:t6:occ:function:current-client:009f85e0	0x009f85e0	xbuild-enriched-full	true	009f85e0	FUN_009f85e0	undefined FUN_009f85e0()	0	0	unknown	true		6	940	76	7	2517
urn:ure:t6:occ:function:current-client:009f8690	0x009f8690	xbuild-enriched-full	true	009f8690	FUN_009f8690	undefined FUN_009f8690()	0	0	unknown	true		3	246	27	3	909
urn:ure:t6:occ:function:current-client:009f86d0	0x009f86d0	xbuild-enriched-full	true	009f86d0	FUN_009f86d0	undefined FUN_009f86d0()	0	0	unknown	true		6	922	75	7	2433
urn:ure:t6:occ:function:current-client:009f8780	0x009f8780	xbuild-enriched-full	true	009f8780	FUN_009f8780	undefined FUN_009f8780()	0	0	unknown	true		3	223	26	3	849
urn:ure:t6:occ:function:current-client:009f87c0	0x009f87c0	xbuild-enriched-full	true	009f87c0	FUN_009f87c0	undefined FUN_009f87c0()	0	0	unknown	true		47	19450	143	6	5661
urn:ure:t6:occ:function:current-client:009f8a08	0x009f8a08	xbuild-enriched-full	true	009f8a08	FUN_009f8a08	undefined FUN_009f8a08()	0	0	unknown	true		44	20421	166	6	6784
urn:ure:t6:occ:function:current-client:009f8caa	0x009f8caa	xbuild-enriched-full	true	009f8caa	FUN_009f8caa	undefined FUN_009f8caa()	0	0	unknown	true		62	25032	182	7	7133
urn:ure:t6:occ:function:current-client:009f8f96	0x009f8f96	xbuild-enriched-full	true	009f8f96	FUN_009f8f96	undefined FUN_009f8f96()	0	0	unknown	true		59	26091	206	7	8367
urn:ure:t6:occ:function:current-client:009f92ea	0x009f92ea	xbuild-enriched-full	true	009f92ea	FUN_009f92ea	undefined FUN_009f92ea()	0	0	unknown	true		86	42450	243	6	9917
urn:ure:t6:occ:function:current-client:009f96f7	0x009f96f7	xbuild-enriched-full	true	009f96f7	FUN_009f96f7	undefined FUN_009f96f7()	0	0	unknown	true		92	42481	244	6	10003
urn:ure:t6:occ:function:current-client:009f9b0a	0x009f9b0a	xbuild-enriched-full	true	009f9b0a	FUN_009f9b0a	undefined FUN_009f9b0a()	0	0	unknown	true		124	58984	303	7	12479
urn:ure:t6:occ:function:current-client:009fa022	0x009fa022	xbuild-enriched-full	true	009fa022	FUN_009fa022	undefined FUN_009fa022()	0	0	unknown	true		124	59141	304	7	12575
urn:ure:t6:occ:function:current-client:009fa540	0x009fa540	xbuild-enriched-full	true	009fa540	FUN_009fa540	undefined FUN_009fa540()	0	0	unknown	true		14	4457	66	6	2682
urn:ure:t6:occ:function:current-client:009fa655	0x009fa655	xbuild-enriched-full	true	009fa655	FUN_009fa655	undefined FUN_009fa655()	0	0	unknown	true		48	22535	173	6	6923
urn:ure:t6:occ:function:current-client:009fa910	0x009fa910	xbuild-enriched-full	true	009fa910	FUN_009fa910	undefined FUN_009fa910()	0	0	unknown	true		18	8011	157	15	5685
urn:ure:t6:occ:function:current-client:009fab21	0x009fab21	xbuild-enriched-full	true	009fab21	FUN_009fab21	undefined FUN_009fab21()	0	0	unknown	true		31	15224	221	15	8175
urn:ure:t6:occ:function:current-client:009fae11	0x009fae11	xbuild-enriched-full	true	009fae11	FUN_009fae11	undefined FUN_009fae11()	0	0	unknown	true		23	13705	201	30	7520
urn:ure:t6:occ:function:current-client:009fb0e8	0x009fb0e8	xbuild-enriched-full	true	009fb0e8	FUN_009fb0e8	undefined FUN_009fb0e8()	0	0	unknown	true		39	21816	294	30	11164
urn:ure:t6:occ:function:current-client:009fb4fc	0x009fb4fc	xbuild-enriched-full	true	009fb4fc	FUN_009fb4fc	undefined FUN_009fb4fc()	0	0	unknown	true		10	3695	76	10	2742
urn:ure:t6:occ:function:current-client:009fb602	0x009fb602	xbuild-enriched-full	true	009fb602	FUN_009fb602	undefined FUN_009fb602()	0	0	unknown	true		18	8408	130	10	4783
urn:ure:t6:occ:function:current-client:009fb7c0	0x009fb7c0	xbuild-enriched-full	true	009fb7c0	FUN_009fb7c0	undefined FUN_009fb7c0()	0	0	unknown	true		7	816	64	11	2187
urn:ure:t6:occ:function:current-client:009fb980	0x009fb980	xbuild-enriched-full	true	009fb980	FUN_009fb980	undefined FUN_009fb980()	0	0	unknown	true		12	1513	125	21	4038
urn:ure:t6:occ:function:current-client:009fbad0	0x009fbad0	xbuild-enriched-full	true	009fbad0	FUN_009fbad0	undefined FUN_009fbad0()	0	0	unknown	true		11	1751	134	22	4487
urn:ure:t6:occ:function:current-client:009fbc50	0x009fbc50	xbuild-enriched-full	true	009fbc50	FUN_009fbc50	undefined FUN_009fbc50()	0	0	unknown	true		5	699	48	6	1670
urn:ure:t6:occ:function:current-client:009fbce0	0x009fbce0	xbuild-enriched-full	true	009fbce0	FUN_009fbce0	undefined FUN_009fbce0()	0	0	unknown	true		7	1251	82	13	2832
urn:ure:t6:occ:function:current-client:009fbde0	0x009fbde0	xbuild-enriched-full	true	009fbde0	FUN_009fbde0	undefined FUN_009fbde0()	0	0	unknown	true		3	2114	23	0	1020
urn:ure:t6:occ:function:current-client:009fbe1f	0x009fbe1f	xbuild-enriched-full	true	009fbe1f	FUN_009fbe1f	undefined FUN_009fbe1f()	0	0	unknown	true		25	12089	122	10	4541
urn:ure:t6:occ:function:current-client:009fbfc0	0x009fbfc0	xbuild-enriched-full	true	009fbfc0	FUN_009fbfc0	undefined FUN_009fbfc0()	0	0	unknown	true		4	673	46	2	1761
urn:ure:t6:occ:function:current-client:009fc050	0x009fc050	xbuild-enriched-full	true	009fc050	FUN_009fc050	undefined FUN_009fc050()	0	0	unknown	true		4	743	48	3	1863
urn:ure:t6:occ:function:current-client:009fc170	0x009fc170	xbuild-enriched-full	true	009fc170	FUN_009fc170	undefined FUN_009fc170()	0	0	unknown	true		7	886	75	3	2929
urn:ure:t6:occ:function:current-client:009fc2e0	0x009fc2e0	xbuild-enriched-full	true	009fc2e0	FUN_009fc2e0	undefined FUN_009fc2e0()	0	0	unknown	true		5	847	66	3	2629
urn:ure:t6:occ:function:current-client:009fc460	0x009fc460	xbuild-enriched-full	true	009fc460	FUN_009fc460	undefined FUN_009fc460()	0	0	unknown	true		2	703	21	0	1043
urn:ure:t6:occ:function:current-client:009fc4a0	0x009fc4a0	xbuild-enriched-full	true	009fc4a0	FUN_009fc4a0	undefined FUN_009fc4a0()	0	0	unknown	true		3	455	26	4	966
urn:ure:t6:occ:function:current-client:009fc4f0	0x009fc4f0	xbuild-enriched-full	true	009fc4f0	FUN_009fc4f0	undefined FUN_009fc4f0()	0	0	unknown	true		1	224	10	0	608
urn:ure:t6:occ:function:current-client:009fc520	0x009fc520	xbuild-enriched-full	true	009fc520	FUN_009fc520	undefined FUN_009fc520()	0	0	unknown	true		1	154	14	3	520
urn:ure:t6:occ:function:current-client:009fc550	0x009fc550	xbuild-enriched-full	true	009fc550	FUN_009fc550	undefined FUN_009fc550()	0	0	unknown	true		3	194	22	3	758
urn:ure:t6:occ:function:current-client:009fc590	0x009fc590	xbuild-enriched-full	true	009fc590	FUN_009fc590	undefined FUN_009fc590()	0	0	unknown	true		5	896	47	4	1705
urn:ure:t6:occ:function:current-client:009fc600	0x009fc600	xbuild-enriched-full	true	009fc600	FUN_009fc600	undefined FUN_009fc600()	0	0	unknown	true		5	976	53	9	1859
urn:ure:t6:occ:function:current-client:009fc690	0x009fc690	xbuild-enriched-full	true	009fc690	FUN_009fc690	undefined FUN_009fc690()	0	0	unknown	true		12	2452	118	14	4877
urn:ure:t6:occ:function:current-client:009fc850	0x009fc850	xbuild-enriched-full	true	009fc850	FUN_009fc850	undefined FUN_009fc850()	0	0	unknown	true		27	5873	266	38	11237
urn:ure:t6:occ:function:current-client:009fcc50	0x009fcc50	xbuild-enriched-full	true	009fcc50	FUN_009fcc50	undefined FUN_009fcc50()	0	0	unknown	true		5	739	44	4	1472
urn:ure:t6:occ:function:current-client:009fccd0	0x009fccd0	xbuild-enriched-full	true	009fccd0	FUN_009fccd0	undefined FUN_009fccd0()	0	0	unknown	true		29	5611	319	23	13583
urn:ure:t6:occ:function:current-client:009fd180	0x009fd180	xbuild-enriched-full	true	009fd180	FUN_009fd180	undefined FUN_009fd180()	0	0	unknown	true		3	579	25	2	1110
urn:ure:t6:occ:function:current-client:009fd1d0	0x009fd1d0	xbuild-enriched-full	true	009fd1d0	FUN_009fd1d0	undefined FUN_009fd1d0()	0	0	unknown	true		11	758	61	11	1981
urn:ure:t6:occ:function:current-client:009fd270	0x009fd270	xbuild-enriched-full	true	009fd270	FUN_009fd270	undefined FUN_009fd270()	0	0	unknown	true		5	681	52	8	1707
urn:ure:t6:occ:function:current-client:009fd300	0x009fd300	xbuild-enriched-full	true	009fd300	FUN_009fd300	undefined FUN_009fd300()	0	0	unknown	true		1	138	11	1	472
urn:ure:t6:occ:function:current-client:009fd320	0x009fd320	xbuild-enriched-full	true	009fd320	FUN_009fd320	undefined FUN_009fd320()	0	0	unknown	true		1	163	12	1	519
urn:ure:t6:occ:function:current-client:009fd340	0x009fd340	xbuild-enriched-full	true	009fd340	FUN_009fd340	undefined FUN_009fd340()	0	0	unknown	true		7	812	62	16	2112
urn:ure:t6:occ:function:current-client:009fd420	0x009fd420	xbuild-enriched-full	true	009fd420	FUN_009fd420	undefined FUN_009fd420()	0	0	unknown	true		21	10369	156	0	5733
urn:ure:t6:occ:function:current-client:009fd610	0x009fd610	xbuild-enriched-full	true	009fd610	FUN_009fd610	undefined FUN_009fd610()	0	0	unknown	true		98	46031	207	22	8300
urn:ure:t6:occ:function:current-client:009fd960	0x009fd960	xbuild-enriched-full	true	009fd960	FUN_009fd960	undefined FUN_009fd960()	0	0	unknown	true		26	14657	42	1	1880
urn:ure:t6:occ:function:current-client:009fda07	0x009fda07	xbuild-enriched-full	true	009fda07	FUN_009fda07	undefined FUN_009fda07()	0	0	unknown	true		64	23743	153	10	6233
urn:ure:t6:occ:function:current-client:009fdc95	0x009fdc95	xbuild-enriched-full	true	009fdc95	FUN_009fdc95	undefined FUN_009fdc95()	0	0	unknown	true		23	14057	37	1	1599
urn:ure:t6:occ:function:current-client:009fdd1e	0x009fdd1e	xbuild-enriched-full	true	009fdd1e	FUN_009fdd1e	undefined FUN_009fdd1e()	0	0	unknown	true		70	24205	156	10	6424
urn:ure:t6:occ:function:current-client:009fdfbe	0x009fdfbe	xbuild-enriched-full	true	009fdfbe	WSOCK32.DLL::Ordinal_3	undefined Ordinal_3()	0	0	unknown	true		2	215	1	1	187
urn:ure:t6:occ:function:current-client:009fdfd6	0x009fdfd6	xbuild-enriched-full	true	009fdfd6	WSOCK32.DLL::Ordinal_151	undefined Ordinal_151()	0	0	unknown	true		0	219	1	1	187
urn:ure:t6:occ:function:current-client:009fdfdc	0x009fdfdc	xbuild-enriched-full	true	009fdfdc	WSOCK32.DLL::Ordinal_22	undefined Ordinal_22()	0	0	unknown	true		0	217	1	1	187
urn:ure:t6:occ:function:current-client:009fdfe2	0x009fdfe2	xbuild-enriched-full	true	009fdfe2	FAULTREP.DLL::ReportFault	undefined ReportFault()	0	0	unknown	true		0	219	1	1	187
urn:ure:t6:occ:function:current-client:009fdfe8	0x009fdfe8	xbuild-enriched-full	true	009fdfe8	DXGI.DLL::CreateDXGIFactory1	undefined CreateDXGIFactory1()	0	0	unknown	true		0	233	1	1	187
urn:ure:t6:occ:function:current-client:009fdfee	0x009fdfee	xbuild-enriched-full	true	009fdfee	DSOUND.DLL::Ordinal_11	undefined Ordinal_11()	0	0	unknown	true		0	217	1	1	187
urn:ure:t6:occ:function:current-client:009fdff4	0x009fdff4	xbuild-enriched-full	true	009fdff4	DSOUND.DLL::Ordinal_6	undefined Ordinal_6()	0	0	unknown	true		0	215	1	1	187
urn:ure:t6:occ:function:current-client:009fe000	0x009fe000	xbuild-enriched-full	true	009fe000	FUN_009fe000	undefined FUN_009fe000()	0	0	unknown	true		1	266	9	1	389
urn:ure:t6:occ:function:current-client:009fe040	0x009fe040	xbuild-enriched-full	true	009fe040	FUN_009fe040	undefined FUN_009fe040()	0	0	unknown	true		3	415	24	5	932
urn:ure:t6:occ:function:current-client:009fe0c0	0x009fe0c0	xbuild-enriched-full	true	009fe0c0	FUN_009fe0c0	undefined FUN_009fe0c0()	0	0	unknown	true		5	629	42	12	1339
urn:ure:t6:occ:function:current-client:009fe1a0	0x009fe1a0	xbuild-enriched-full	true	009fe1a0	FUN_009fe1a0	undefined FUN_009fe1a0()	0	0	unknown	true		2	441	6	4	340
urn:ure:t6:occ:function:current-client:009fe210	0x009fe210	xbuild-enriched-full	true	009fe210	FUN_009fe210	undefined FUN_009fe210()	0	0	unknown	true		2	150	8	1	399
urn:ure:t6:occ:function:current-client:009fe4e0	0x009fe4e0	xbuild-enriched-full	true	009fe4e0	FUN_009fe4e0	undefined FUN_009fe4e0()	0	0	unknown	true		10	627	50	11	1671
urn:ure:t6:occ:function:current-client:009fe570	0x009fe570	xbuild-enriched-full	true	009fe570	FUN_009fe570	undefined FUN_009fe570()	0	0	unknown	true		5	740	42	4	1681
urn:ure:t6:occ:function:current-client:009fe5f0	0x009fe5f0	xbuild-enriched-full	true	009fe5f0	FUN_009fe5f0	undefined FUN_009fe5f0()	0	0	unknown	true		4	740	42	4	1677
urn:ure:t6:occ:function:current-client:009fe670	0x009fe670	xbuild-enriched-full	true	009fe670	FUN_009fe670	undefined FUN_009fe670()	0	0	unknown	true		11	1886	94	11	3163
urn:ure:t6:occ:function:current-client:009fe770	0x009fe770	xbuild-enriched-full	true	009fe770	FUN_009fe770	undefined FUN_009fe770()	0	0	unknown	true		9	1280	83	9	3064
urn:ure:t6:occ:function:current-client:009fe870	0x009fe870	xbuild-enriched-full	true	009fe870	FUN_009fe870	undefined FUN_009fe870()	0	0	unknown	true		4	548	45	3	1561
urn:ure:t6:occ:function:current-client:009fe8f0	0x009fe8f0	xbuild-enriched-full	true	009fe8f0	FUN_009fe8f0	undefined FUN_009fe8f0()	0	0	unknown	true		6	484	65	0	1886
urn:ure:t6:occ:function:current-client:009fe990	0x009fe990	xbuild-enriched-full	true	009fe990	FUN_009fe990	undefined FUN_009fe990()	0	0	unknown	true		5	589	37	7	1291
urn:ure:t6:occ:function:current-client:009fea00	0x009fea00	xbuild-enriched-full	true	009fea00	FUN_009fea00	undefined FUN_009fea00()	0	0	unknown	true		4	830	47	4	1697
urn:ure:t6:occ:function:current-client:009fea80	0x009fea80	xbuild-enriched-full	true	009fea80	FUN_009fea80	undefined FUN_009fea80()	0	0	unknown	true		7	1307	75	7	2677
urn:ure:t6:occ:function:current-client:009feb50	0x009feb50	xbuild-enriched-full	true	009feb50	FUN_009feb50	undefined FUN_009feb50()	0	0	unknown	true		8	1032	87	9	2884
urn:ure:t6:occ:function:current-client:009fec50	0x009fec50	xbuild-enriched-full	true	009fec50	FUN_009fec50	undefined FUN_009fec50()	0	0	unknown	true		5	1029	46	9	1654
urn:ure:t6:occ:function:current-client:009fecd0	0x009fecd0	xbuild-enriched-full	true	009fecd0	FUN_009fecd0	undefined FUN_009fecd0()	0	0	unknown	true		0	168	3	1	243
urn:ure:t6:occ:function:current-client:009fed50	0x009fed50	xbuild-enriched-full	true	009fed50	FUN_009fed50	undefined FUN_009fed50()	0	0	unknown	true		2	447	25	6	867
urn:ure:t6:occ:function:current-client:009feda0	0x009feda0	xbuild-enriched-full	true	009feda0	FUN_009feda0	undefined FUN_009feda0()	0	0	unknown	true		1	225	7	2	353
urn:ure:t6:occ:function:current-client:009fee20	0x009fee20	xbuild-enriched-full	true	009fee20	FUN_009fee20	undefined FUN_009fee20()	0	0	unknown	true		1	188	11	3	481
urn:ure:t6:occ:function:current-client:009fee40	0x009fee40	xbuild-enriched-full	true	009fee40	FUN_009fee40	undefined FUN_009fee40()	0	0	unknown	true		1	134	8	2	385
urn:ure:t6:occ:function:current-client:009fee80	0x009fee80	xbuild-enriched-full	true	009fee80	FUN_009fee80	undefined FUN_009fee80()	0	0	unknown	true		0	85	6	2	321
urn:ure:t6:occ:function:current-client:009feea0	0x009feea0	xbuild-enriched-full	true	009feea0	FUN_009feea0	undefined FUN_009feea0()	0	0	unknown	true		0	80	5	2	297
urn:ure:t6:occ:function:current-client:009fef00	0x009fef00	xbuild-enriched-full	true	009fef00	FUN_009fef00	undefined FUN_009fef00()	0	0	unknown	true		5	494	34	15	1343
urn:ure:t6:occ:function:current-client:009ff790	0x009ff790	xbuild-enriched-full	true	009ff790	FUN_009ff790	undefined FUN_009ff790()	0	0	unknown	true		6	738	33	11	1310
urn:ure:t6:occ:function:current-client:009ff820	0x009ff820	xbuild-enriched-full	true	009ff820	FUN_009ff820	undefined FUN_009ff820()	0	0	unknown	true		3	397	22	7	851
urn:ure:t6:occ:function:current-client:009ff880	0x009ff880	xbuild-enriched-full	true	009ff880	FUN_009ff880	undefined FUN_009ff880()	0	0	unknown	true		5	546	28	9	1019
urn:ure:t6:occ:function:current-client:009ff8f0	0x009ff8f0	xbuild-enriched-full	true	009ff8f0	FUN_009ff8f0	undefined FUN_009ff8f0()	0	0	unknown	true		5	638	39	15	1438
urn:ure:t6:occ:function:current-client:009ffaa0	0x009ffaa0	xbuild-enriched-full	true	009ffaa0	FUN_009ffaa0	undefined FUN_009ffaa0()	0	0	unknown	true		2	343	19	6	706
urn:ure:t6:occ:function:current-client:009ffb10	0x009ffb10	xbuild-enriched-full	true	009ffb10	FUN_009ffb10	undefined FUN_009ffb10()	0	0	unknown	true		4	514	22	20	1095
urn:ure:t6:occ:function:current-client:009ffb90	0x009ffb90	xbuild-enriched-full	true	009ffb90	FUN_009ffb90	undefined FUN_009ffb90()	0	0	unknown	true		3	604	23	2	932
urn:ure:t6:occ:function:current-client:009ffbd0	0x009ffbd0	xbuild-enriched-full	true	009ffbd0	FUN_009ffbd0	undefined FUN_009ffbd0()	0	0	unknown	true		3	1014	36	2	1482
urn:ure:t6:occ:function:current-client:009ffc30	0x009ffc30	xbuild-enriched-full	true	009ffc30	FUN_009ffc30	undefined FUN_009ffc30()	0	0	unknown	true		4	582	26	5	1060
urn:ure:t6:occ:function:current-client:009ffc90	0x009ffc90	xbuild-enriched-full	true	009ffc90	FUN_009ffc90	undefined FUN_009ffc90()	0	0	unknown	true		1	59	6	3	363
urn:ure:t6:occ:function:current-client:009ffda0	0x009ffda0	xbuild-enriched-full	true	009ffda0	FUN_009ffda0	undefined FUN_009ffda0()	0	0	unknown	true		2	643	24	2	979
urn:ure:t6:occ:function:current-client:009fff10	0x009fff10	xbuild-enriched-full	true	009fff10	FUN_009fff10	undefined FUN_009fff10()	0	0	unknown	true		9	1715	74	13	2650
urn:ure:t6:occ:function:current-client:009ffff0	0x009ffff0	xbuild-enriched-full	true	009ffff0	FUN_009ffff0	undefined FUN_009ffff0()	0	0	unknown	true		14	2478	127	24	4321
urn:ure:t6:occ:function:current-client:00a00150	0x00a00150	xbuild-enriched-full	true	00a00150	FUN_00a00150	undefined FUN_00a00150()	0	0	unknown	true		52	7487	310	88	11907
urn:ure:t6:occ:function:current-client:00a005b0	0x00a005b0	xbuild-enriched-full	true	00a005b0	FUN_00a005b0	undefined FUN_00a005b0()	0	0	unknown	true		40	4950	217	50	8281
urn:ure:t6:occ:function:current-client:00a009b0	0x00a009b0	xbuild-enriched-full	true	00a009b0	FUN_00a009b0	undefined FUN_00a009b0()	0	0	unknown	true		8	1006	65	17	2365
urn:ure:t6:occ:function:current-client:00a00ac0	0x00a00ac0	xbuild-enriched-full	true	00a00ac0	FUN_00a00ac0	undefined FUN_00a00ac0()	0	0	unknown	true		4	696	30	9	1249
urn:ure:t6:occ:function:current-client:00a00b90	0x00a00b90	xbuild-enriched-full	true	00a00b90	FUN_00a00b90	undefined FUN_00a00b90()	0	0	unknown	true		65	5958	277	98	10528
urn:ure:t6:occ:function:current-client:00a00ee0	0x00a00ee0	xbuild-enriched-full	true	00a00ee0	FUN_00a00ee0	undefined FUN_00a00ee0()	0	0	unknown	true		6	1009	54	7	1807
urn:ure:t6:occ:function:current-client:00a00f70	0x00a00f70	xbuild-enriched-full	true	00a00f70	FUN_00a00f70	undefined FUN_00a00f70()	0	0	unknown	true		10	2052	98	8	3477
urn:ure:t6:occ:function:current-client:00a01090	0x00a01090	xbuild-enriched-full	true	00a01090	FUN_00a01090	undefined FUN_00a01090()	0	0	unknown	true		5	1022	54	7	1822
urn:ure:t6:occ:function:current-client:00a01130	0x00a01130	xbuild-enriched-full	true	00a01130	FUN_00a01130	undefined FUN_00a01130()	0	0	unknown	true		3	737	34	6	1116
urn:ure:t6:occ:function:current-client:00a01180	0x00a01180	xbuild-enriched-full	true	00a01180	FUN_00a01180	undefined FUN_00a01180()	0	0	unknown	true		3	737	34	6	1116
urn:ure:t6:occ:function:current-client:00a011d0	0x00a011d0	xbuild-enriched-full	true	00a011d0	FUN_00a011d0	undefined FUN_00a011d0()	0	0	unknown	true		3	668	29	3	1031
urn:ure:t6:occ:function:current-client:00a01220	0x00a01220	xbuild-enriched-full	true	00a01220	FUN_00a01220	undefined FUN_00a01220()	0	0	unknown	true		11	1915	79	11	2982
urn:ure:t6:occ:function:current-client:00a01310	0x00a01310	xbuild-enriched-full	true	00a01310	FUN_00a01310	undefined FUN_00a01310()	0	0	unknown	true		9	1736	76	12	2652
urn:ure:t6:occ:function:current-client:00a013e0	0x00a013e0	xbuild-enriched-full	true	00a013e0	FUN_00a013e0	undefined FUN_00a013e0()	0	0	unknown	true		8	1908	74	10	2866
urn:ure:t6:occ:function:current-client:00a014c0	0x00a014c0	xbuild-enriched-full	true	00a014c0	FUN_00a014c0	undefined FUN_00a014c0()	0	0	unknown	true		7	1725	72	11	2564
urn:ure:t6:occ:function:current-client:00a015e0	0x00a015e0	xbuild-enriched-full	true	00a015e0	FUN_00a015e0	undefined FUN_00a015e0()	0	0	unknown	true		1	99	5	1	307
urn:ure:t6:occ:function:current-client:00a015f0	0x00a015f0	xbuild-enriched-full	true	00a015f0	FUN_00a015f0	undefined FUN_00a015f0()	0	0	unknown	true		3	519	41	3	1326
urn:ure:t6:occ:function:current-client:00a01650	0x00a01650	xbuild-enriched-full	true	00a01650	FUN_00a01650	undefined FUN_00a01650()	0	0	unknown	true		5	723	50	5	1656
urn:ure:t6:occ:function:current-client:00a016e0	0x00a016e0	xbuild-enriched-full	true	00a016e0	FUN_00a016e0	undefined FUN_00a016e0()	0	0	unknown	true		9	1464	98	15	3380
urn:ure:t6:occ:function:current-client:00a01800	0x00a01800	xbuild-enriched-full	true	00a01800	FUN_00a01800	undefined FUN_00a01800()	0	0	unknown	true		1	107	7	2	381
urn:ure:t6:occ:function:current-client:00a01820	0x00a01820	xbuild-enriched-full	true	00a01820	FUN_00a01820	undefined FUN_00a01820()	0	0	unknown	true		1	125	8	3	426
urn:ure:t6:occ:function:current-client:00a01840	0x00a01840	xbuild-enriched-full	true	00a01840	FUN_00a01840	undefined FUN_00a01840()	0	0	unknown	true		1	151	11	3	512
urn:ure:t6:occ:function:current-client:00a01870	0x00a01870	xbuild-enriched-full	true	00a01870	FUN_00a01870	undefined FUN_00a01870()	0	0	unknown	true		0	59	2	1	221
urn:ure:t6:occ:function:current-client:00a01880	0x00a01880	xbuild-enriched-full	true	00a01880	FUN_00a01880	undefined FUN_00a01880()	0	0	unknown	true		1	107	7	2	381
urn:ure:t6:occ:function:current-client:00a018a0	0x00a018a0	xbuild-enriched-full	true	00a018a0	FUN_00a018a0	undefined FUN_00a018a0()	0	0	unknown	true		3	658	34	0	1420
urn:ure:t6:occ:function:current-client:00a01920	0x00a01920	xbuild-enriched-full	true	00a01920	FUN_00a01920	undefined FUN_00a01920()	0	0	unknown	true		2	364	19	5	766
urn:ure:t6:occ:function:current-client:00a01960	0x00a01960	xbuild-enriched-full	true	00a01960	FUN_00a01960	undefined FUN_00a01960()	0	0	unknown	true		4	705	37	4	1393
urn:ure:t6:occ:function:current-client:00a019d0	0x00a019d0	xbuild-enriched-full	true	00a019d0	FUN_00a019d0	undefined FUN_00a019d0()	0	0	unknown	true		11	2255	97	14	3594
urn:ure:t6:occ:function:current-client:00a01b00	0x00a01b00	xbuild-enriched-full	true	00a01b00	FUN_00a01b00	undefined FUN_00a01b00()	0	0	unknown	true		5	929	53	7	1803
urn:ure:t6:occ:function:current-client:00a01b90	0x00a01b90	xbuild-enriched-full	true	00a01b90	FUN_00a01b90	undefined FUN_00a01b90()	0	0	unknown	true		20	2310	199	10	7438
urn:ure:t6:occ:function:current-client:00a01de0	0x00a01de0	xbuild-enriched-full	true	00a01de0	FUN_00a01de0	undefined FUN_00a01de0()	0	0	unknown	true		6	722	57	2	2158
urn:ure:t6:occ:function:current-client:00a01e80	0x00a01e80	xbuild-enriched-full	true	00a01e80	FUN_00a01e80	undefined FUN_00a01e80()	0	0	unknown	true		6	1311	63	2	2623
urn:ure:t6:occ:function:current-client:00a01f40	0x00a01f40	xbuild-enriched-full	true	00a01f40	FUN_00a01f40	undefined FUN_00a01f40()	0	0	unknown	true		7	1228	79	2	2891
urn:ure:t6:occ:function:current-client:00a02020	0x00a02020	xbuild-enriched-full	true	00a02020	FUN_00a02020	undefined FUN_00a02020()	0	0	unknown	true		2	473	24	6	1078
urn:ure:t6:occ:function:current-client:00a02070	0x00a02070	xbuild-enriched-full	true	00a02070	FUN_00a02070	undefined FUN_00a02070()	0	0	unknown	true		4	621	48	1	1965
urn:ure:t6:occ:function:current-client:00a02100	0x00a02100	xbuild-enriched-full	true	00a02100	FUN_00a02100	undefined FUN_00a02100()	0	0	unknown	true		32	4586	331	13	11916
urn:ure:t6:occ:function:current-client:00a02580	0x00a02580	xbuild-enriched-full	true	00a02580	FUN_00a02580	undefined FUN_00a02580()	0	0	unknown	true		1	119	6	0	336
urn:ure:t6:occ:function:current-client:00a02590	0x00a02590	xbuild-enriched-full	true	00a02590	FUN_00a02590	undefined FUN_00a02590()	0	0	unknown	true		22	2723	197	32	7049
urn:ure:t6:occ:function:current-client:00a027f0	0x00a027f0	xbuild-enriched-full	true	00a027f0	FUN_00a027f0	undefined FUN_00a027f0()	0	0	unknown	true		9	1212	86	15	2928
urn:ure:t6:occ:function:current-client:00a028d0	0x00a028d0	xbuild-enriched-full	true	00a028d0	FUN_00a028d0	undefined FUN_00a028d0()	0	0	unknown	true		86	8956	554	78	21036
urn:ure:t6:occ:function:current-client:00a030e0	0x00a030e0	xbuild-enriched-full	true	00a030e0	FUN_00a030e0	undefined FUN_00a030e0()	0	0	unknown	true		4	623	27	5	1179
urn:ure:t6:occ:function:current-client:00a03140	0x00a03140	xbuild-enriched-full	true	00a03140	FUN_00a03140	undefined FUN_00a03140()	0	0	unknown	true		2	537	22	3	835
urn:ure:t6:occ:function:current-client:00a03180	0x00a03180	xbuild-enriched-full	true	00a03180	FUN_00a03180	undefined FUN_00a03180()	0	0	unknown	true		5	721	51	7	1750
urn:ure:t6:occ:function:current-client:00a03200	0x00a03200	xbuild-enriched-full	true	00a03200	FUN_00a03200	undefined FUN_00a03200()	0	0	unknown	true		19	2638	184	34	6492
urn:ure:t6:occ:function:current-client:00a033f0	0x00a033f0	xbuild-enriched-full	true	00a033f0	FUN_00a033f0	undefined FUN_00a033f0()	0	0	unknown	true		1	80	5	2	312
urn:ure:t6:occ:function:current-client:00a03410	0x00a03410	xbuild-enriched-full	true	00a03410	FUN_00a03410	undefined FUN_00a03410()	0	0	unknown	true		0	80	5	2	312
urn:ure:t6:occ:function:current-client:00a03430	0x00a03430	xbuild-enriched-full	true	00a03430	FUN_00a03430	undefined FUN_00a03430()	0	0	unknown	true		23	3554	166	20	6392
urn:ure:t6:occ:function:current-client:00a03680	0x00a03680	xbuild-enriched-full	true	00a03680	FUN_00a03680	undefined FUN_00a03680()	0	0	unknown	true		3	540	22	3	843
urn:ure:t6:occ:function:current-client:00a036c0	0x00a036c0	xbuild-enriched-full	true	00a036c0	FUN_00a036c0	undefined FUN_00a036c0()	0	0	unknown	true		4	918	36	9	1472
urn:ure:t6:occ:function:current-client:00a03740	0x00a03740	xbuild-enriched-full	true	00a03740	FUN_00a03740	undefined FUN_00a03740()	0	0	unknown	true		2	520	23	4	909
urn:ure:t6:occ:function:current-client:00a037c0	0x00a037c0	xbuild-enriched-full	true	00a037c0	FUN_00a037c0	undefined FUN_00a037c0()	0	0	unknown	true		2	506	23	4	899
urn:ure:t6:occ:function:current-client:00a03800	0x00a03800	xbuild-enriched-full	true	00a03800	FUN_00a03800	undefined FUN_00a03800()	0	0	unknown	true		2	540	22	3	837
urn:ure:t6:occ:function:current-client:00a03840	0x00a03840	xbuild-enriched-full	true	00a03840	FUN_00a03840	undefined FUN_00a03840()	0	0	unknown	true		4	918	36	9	1466
urn:ure:t6:occ:function:current-client:00a038b0	0x00a038b0	xbuild-enriched-full	true	00a038b0	FUN_00a038b0	undefined FUN_00a038b0()	0	0	unknown	true		5	858	45	7	1728
urn:ure:t6:occ:function:current-client:00a03950	0x00a03950	xbuild-enriched-full	true	00a03950	FUN_00a03950	undefined FUN_00a03950()	0	0	unknown	true		14	2252	117	18	4174
urn:ure:t6:occ:function:current-client:00a03ab0	0x00a03ab0	xbuild-enriched-full	true	00a03ab0	FUN_00a03ab0	undefined FUN_00a03ab0()	0	0	unknown	true		33	4556	229	38	8083
urn:ure:t6:occ:function:current-client:00a03d50	0x00a03d50	xbuild-enriched-full	true	00a03d50	FUN_00a03d50	undefined FUN_00a03d50()	0	0	unknown	true		9	1136	74	15	2538
urn:ure:t6:occ:function:current-client:00a03e20	0x00a03e20	xbuild-enriched-full	true	00a03e20	FUN_00a03e20	undefined FUN_00a03e20()	0	0	unknown	true		12	1836	91	27	3484
urn:ure:t6:occ:function:current-client:00a03f50	0x00a03f50	xbuild-enriched-full	true	00a03f50	FUN_00a03f50	undefined FUN_00a03f50()	0	0	unknown	true		6	955	49	14	1944
urn:ure:t6:occ:function:current-client:00a03ff0	0x00a03ff0	xbuild-enriched-full	true	00a03ff0	FUN_00a03ff0	undefined FUN_00a03ff0()	0	0	unknown	true		5	800	41	10	1655
urn:ure:t6:occ:function:current-client:00a04090	0x00a04090	xbuild-enriched-full	true	00a04090	FUN_00a04090	undefined FUN_00a04090()	0	0	unknown	true		59	5938	511	49	18616
urn:ure:t6:occ:function:current-client:00a046c0	0x00a046c0	xbuild-enriched-full	true	00a046c0	FUN_00a046c0	undefined FUN_00a046c0()	0	0	unknown	true		19	2135	167	12	6135
urn:ure:t6:occ:function:current-client:00a048b0	0x00a048b0	xbuild-enriched-full	true	00a048b0	FUN_00a048b0	undefined FUN_00a048b0()	0	0	unknown	true		5	1024	38	7	1677
urn:ure:t6:occ:function:current-client:00a04950	0x00a04950	xbuild-enriched-full	true	00a04950	FUN_00a04950	undefined FUN_00a04950()	0	0	unknown	true		5	870	38	5	1448
urn:ure:t6:occ:function:current-client:00a049d0	0x00a049d0	xbuild-enriched-full	true	00a049d0	FUN_00a049d0	undefined FUN_00a049d0()	0	0	unknown	true		5	1131	60	6	2207
urn:ure:t6:occ:function:current-client:00a04a70	0x00a04a70	xbuild-enriched-full	true	00a04a70	FUN_00a04a70	undefined FUN_00a04a70()	0	0	unknown	true		5	878	53	3	2122
urn:ure:t6:occ:function:current-client:00a04b10	0x00a04b10	xbuild-enriched-full	true	00a04b10	FUN_00a04b10	undefined FUN_00a04b10()	0	0	unknown	true		5	706	44	9	1504
urn:ure:t6:occ:function:current-client:00a04b80	0x00a04b80	xbuild-enriched-full	true	00a04b80	FUN_00a04b80	undefined FUN_00a04b80()	0	0	unknown	true		8	1355	87	21	2824
urn:ure:t6:occ:function:current-client:00a04c50	0x00a04c50	xbuild-enriched-full	true	00a04c50	FUN_00a04c50	undefined FUN_00a04c50()	0	0	unknown	true		6	942	57	6	1963
urn:ure:t6:occ:function:current-client:00a04ce0	0x00a04ce0	xbuild-enriched-full	true	00a04ce0	FUN_00a04ce0	undefined FUN_00a04ce0()	0	0	unknown	true		2	443	20	4	794
urn:ure:t6:occ:function:current-client:00a04d20	0x00a04d20	xbuild-enriched-full	true	00a04d20	FUN_00a04d20	undefined FUN_00a04d20()	0	0	unknown	true		2	440	20	4	787
urn:ure:t6:occ:function:current-client:00a04d80	0x00a04d80	xbuild-enriched-full	true	00a04d80	FUN_00a04d80	undefined FUN_00a04d80()	0	0	unknown	true		8	1061	93	13	3101
urn:ure:t6:occ:function:current-client:00a04e80	0x00a04e80	xbuild-enriched-full	true	00a04e80	FUN_00a04e80	undefined FUN_00a04e80()	0	0	unknown	true		3	873	41	0	1957
urn:ure:t6:occ:function:current-client:00a04f10	0x00a04f10	xbuild-enriched-full	true	00a04f10	FUN_00a04f10	undefined FUN_00a04f10()	0	0	unknown	true		40	6011	353	63	12774
urn:ure:t6:occ:function:current-client:00a05350	0x00a05350	xbuild-enriched-full	true	00a05350	FUN_00a05350	undefined FUN_00a05350()	0	0	unknown	true		14	2052	172	24	6596
urn:ure:t6:occ:function:current-client:00a05560	0x00a05560	xbuild-enriched-full	true	00a05560	FUN_00a05560	undefined FUN_00a05560()	0	0	unknown	true		6	1096	60	8	2055
urn:ure:t6:occ:function:current-client:00a05610	0x00a05610	xbuild-enriched-full	true	00a05610	FUN_00a05610	undefined FUN_00a05610()	0	0	unknown	true		0	147	3	1	224
urn:ure:t6:occ:function:current-client:00a05620	0x00a05620	xbuild-enriched-full	true	00a05620	FUN_00a05620	undefined FUN_00a05620()	0	0	unknown	true		1	191	4	1	282
urn:ure:t6:occ:function:current-client:00a05640	0x00a05640	xbuild-enriched-full	true	00a05640	FUN_00a05640	undefined FUN_00a05640()	0	0	unknown	true		0	192	4	1	302
urn:ure:t6:occ:function:current-client:00a05680	0x00a05680	xbuild-enriched-full	true	00a05680	FUN_00a05680	undefined FUN_00a05680()	0	0	unknown	true		0	189	4	1	301
urn:ure:t6:occ:function:current-client:00a05690	0x00a05690	xbuild-enriched-full	true	00a05690	FUN_00a05690	undefined FUN_00a05690()	0	0	unknown	true		1	80	6	2	345
urn:ure:t6:occ:function:current-client:00a056b0	0x00a056b0	xbuild-enriched-full	true	00a056b0	thunk_FUN_00a0dce0	undefined thunk_FUN_00a0dce0()	0	0	unknown	true		4	688	1	1	173
urn:ure:t6:occ:function:current-client:00a05810	0x00a05810	xbuild-enriched-full	true	00a05810	FUN_00a05810	undefined FUN_00a05810()	0	0	unknown	true		3	490	22	8	870
urn:ure:t6:occ:function:current-client:00a05b90	0x00a05b90	xbuild-enriched-full	true	00a05b90	FUN_00a05b90	undefined FUN_00a05b90()	0	0	unknown	true		3	545	22	3	851
urn:ure:t6:occ:function:current-client:00a05bd0	0x00a05bd0	xbuild-enriched-full	true	00a05bd0	FUN_00a05bd0	undefined FUN_00a05bd0()	0	0	unknown	true		4	863	37	4	1439
urn:ure:t6:occ:function:current-client:00a05c40	0x00a05c40	xbuild-enriched-full	true	00a05c40	FUN_00a05c40	undefined FUN_00a05c40()	0	0	unknown	true		2	269	13	4	617
urn:ure:t6:occ:function:current-client:00a05c70	0x00a05c70	xbuild-enriched-full	true	00a05c70	FUN_00a05c70	undefined FUN_00a05c70()	0	0	unknown	true		2	258	14	3	579
urn:ure:t6:occ:function:current-client:00a05ca0	0x00a05ca0	xbuild-enriched-full	true	00a05ca0	FUN_00a05ca0	undefined FUN_00a05ca0()	0	0	unknown	true		2	447	16	3	702
urn:ure:t6:occ:function:current-client:00a05cd0	0x00a05cd0	xbuild-enriched-full	true	00a05cd0	FUN_00a05cd0	undefined FUN_00a05cd0()	0	0	unknown	true		2	447	16	3	708
urn:ure:t6:occ:function:current-client:00a05d10	0x00a05d10	xbuild-enriched-full	true	00a05d10	FUN_00a05d10	undefined FUN_00a05d10()	0	0	unknown	true		2	447	16	3	702
urn:ure:t6:occ:function:current-client:00a05dc0	0x00a05dc0	xbuild-enriched-full	true	00a05dc0	FUN_00a05dc0	undefined FUN_00a05dc0()	0	0	unknown	true		2	447	16	3	708
urn:ure:t6:occ:function:current-client:00a05e40	0x00a05e40	xbuild-enriched-full	true	00a05e40	FUN_00a05e40	undefined FUN_00a05e40()	0	0	unknown	true		2	436	16	3	699
urn:ure:t6:occ:function:current-client:00a06040	0x00a06040	xbuild-enriched-full	true	00a06040	FUN_00a06040	undefined FUN_00a06040()	0	0	unknown	true		3	547	22	3	851
urn:ure:t6:occ:function:current-client:00a06080	0x00a06080	xbuild-enriched-full	true	00a06080	FUN_00a06080	undefined FUN_00a06080()	0	0	unknown	true		2	269	13	4	617
urn:ure:t6:occ:function:current-client:00a060b0	0x00a060b0	xbuild-enriched-full	true	00a060b0	FUN_00a060b0	undefined FUN_00a060b0()	0	0	unknown	true		4	757	32	4	1228
urn:ure:t6:occ:function:current-client:00a06110	0x00a06110	xbuild-enriched-full	true	00a06110	FUN_00a06110	undefined FUN_00a06110()	0	0	unknown	true		2	258	14	3	579
urn:ure:t6:occ:function:current-client:00a06140	0x00a06140	xbuild-enriched-full	true	00a06140	FUN_00a06140	undefined FUN_00a06140()	0	0	unknown	true		4	779	33	4	1301
urn:ure:t6:occ:function:current-client:00a061b0	0x00a061b0	xbuild-enriched-full	true	00a061b0	FUN_00a061b0	undefined FUN_00a061b0()	0	0	unknown	true		4	757	32	4	1252
urn:ure:t6:occ:function:current-client:00a06280	0x00a06280	xbuild-enriched-full	true	00a06280	FUN_00a06280	undefined FUN_00a06280()	0	0	unknown	true		4	773	33	4	1295
urn:ure:t6:occ:function:current-client:00a068b0	0x00a068b0	xbuild-enriched-full	true	00a068b0	FUN_00a068b0	undefined FUN_00a068b0()	0	0	unknown	true		39	7558	383	104	13279
urn:ure:t6:occ:function:current-client:00a07200	0x00a07200	xbuild-enriched-full	true	00a07200	FUN_00a07200	undefined FUN_00a07200()	0	0	unknown	true		3	473	21	4	843
urn:ure:t6:occ:function:current-client:00a07240	0x00a07240	xbuild-enriched-full	true	00a07240	FUN_00a07240	undefined FUN_00a07240()	0	0	unknown	true		3	473	21	4	843
urn:ure:t6:occ:function:current-client:00a07280	0x00a07280	xbuild-enriched-full	true	00a07280	FUN_00a07280	undefined FUN_00a07280()	0	0	unknown	true		3	673	30	7	1082
urn:ure:t6:occ:function:current-client:00a072d0	0x00a072d0	xbuild-enriched-full	true	00a072d0	FUN_00a072d0	undefined FUN_00a072d0()	0	0	unknown	true		5	755	37	4	1427
urn:ure:t6:occ:function:current-client:00a07340	0x00a07340	xbuild-enriched-full	true	00a07340	FUN_00a07340	undefined FUN_00a07340()	0	0	unknown	true		18	4040	189	15	6826
urn:ure:t6:occ:function:current-client:00a07550	0x00a07550	xbuild-enriched-full	true	00a07550	FUN_00a07550	undefined FUN_00a07550()	0	0	unknown	true		2	444	20	4	795
urn:ure:t6:occ:function:current-client:00a07590	0x00a07590	xbuild-enriched-full	true	00a07590	FUN_00a07590	undefined FUN_00a07590()	0	0	unknown	true		3	444	20	4	795
urn:ure:t6:occ:function:current-client:00a075d0	0x00a075d0	xbuild-enriched-full	true	00a075d0	FUN_00a075d0	undefined FUN_00a075d0()	0	0	unknown	true		2	443	20	4	788
urn:ure:t6:occ:function:current-client:00a07610	0x00a07610	xbuild-enriched-full	true	00a07610	FUN_00a07610	undefined FUN_00a07610()	0	0	unknown	true		2	443	20	4	788
urn:ure:t6:occ:function:current-client:00a07650	0x00a07650	xbuild-enriched-full	true	00a07650	FUN_00a07650	undefined FUN_00a07650()	0	0	unknown	true		3	444	20	4	795
urn:ure:t6:occ:function:current-client:00a07690	0x00a07690	xbuild-enriched-full	true	00a07690	FUN_00a07690	undefined FUN_00a07690()	0	0	unknown	true		2	443	20	4	794
urn:ure:t6:occ:function:current-client:00a076d0	0x00a076d0	xbuild-enriched-full	true	00a076d0	FUN_00a076d0	undefined FUN_00a076d0()	0	0	unknown	true		2	440	20	4	787
urn:ure:t6:occ:function:current-client:00a07710	0x00a07710	xbuild-enriched-full	true	00a07710	FUN_00a07710	undefined FUN_00a07710()	0	0	unknown	true		2	443	20	4	794
urn:ure:t6:occ:function:current-client:00a07750	0x00a07750	xbuild-enriched-full	true	00a07750	FUN_00a07750	undefined FUN_00a07750()	0	0	unknown	true		2	443	20	4	794
urn:ure:t6:occ:function:current-client:00a07790	0x00a07790	xbuild-enriched-full	true	00a07790	FUN_00a07790	undefined FUN_00a07790()	0	0	unknown	true		2	443	20	4	794
urn:ure:t6:occ:function:current-client:00a077d0	0x00a077d0	xbuild-enriched-full	true	00a077d0	FUN_00a077d0	undefined FUN_00a077d0()	0	0	unknown	true		3	562	30	2	1215
urn:ure:t6:occ:function:current-client:00a07840	0x00a07840	xbuild-enriched-full	true	00a07840	FUN_00a07840	undefined FUN_00a07840()	0	0	unknown	true		5	1062	61	10	2218
urn:ure:t6:occ:function:current-client:00a07900	0x00a07900	xbuild-enriched-full	true	00a07900	FUN_00a07900	undefined FUN_00a07900()	0	0	unknown	true		2	460	24	4	909
urn:ure:t6:occ:function:current-client:00a07940	0x00a07940	xbuild-enriched-full	true	00a07940	FUN_00a07940	undefined FUN_00a07940()	0	0	unknown	true		4	809	40	3	1627
urn:ure:t6:occ:function:current-client:00a079c0	0x00a079c0	xbuild-enriched-full	true	00a079c0	FUN_00a079c0	undefined FUN_00a079c0()	0	0	unknown	true		10	931	110	7	3941
urn:ure:t6:occ:function:current-client:00a07b10	0x00a07b10	xbuild-enriched-full	true	00a07b10	FUN_00a07b10	undefined FUN_00a07b10()	0	0	unknown	true		2	241	13	0	669
urn:ure:t6:occ:function:current-client:00a07b40	0x00a07b40	xbuild-enriched-full	true	00a07b40	FUN_00a07b40	undefined FUN_00a07b40()	0	0	unknown	true		2	383	15	0	758
urn:ure:t6:occ:function:current-client:00a07b70	0x00a07b70	xbuild-enriched-full	true	00a07b70	FUN_00a07b70	undefined FUN_00a07b70()	0	0	unknown	true		2	284	21	0	824
urn:ure:t6:occ:function:current-client:00a07bb0	0x00a07bb0	xbuild-enriched-full	true	00a07bb0	FUN_00a07bb0	undefined FUN_00a07bb0()	0	0	unknown	true		2	686	24	0	1140
urn:ure:t6:occ:function:current-client:00a07c00	0x00a07c00	xbuild-enriched-full	true	00a07c00	FUN_00a07c00	undefined FUN_00a07c00()	0	0	unknown	true		1	173	5	0	338
urn:ure:t6:occ:function:current-client:00a07c10	0x00a07c10	xbuild-enriched-full	true	00a07c10	FUN_00a07c10	undefined FUN_00a07c10()	0	0	unknown	true		1	171	5	0	338
urn:ure:t6:occ:function:current-client:00a07c20	0x00a07c20	xbuild-enriched-full	true	00a07c20	FUN_00a07c20	undefined FUN_00a07c20()	0	0	unknown	true		1	128	3	0	249
urn:ure:t6:occ:function:current-client:00a07c30	0x00a07c30	xbuild-enriched-full	true	00a07c30	FUN_00a07c30	undefined FUN_00a07c30()	0	0	unknown	true		6	1508	59	0	2678
urn:ure:t6:occ:function:current-client:00a07d00	0x00a07d00	xbuild-enriched-full	true	00a07d00	FUN_00a07d00	undefined FUN_00a07d00()	0	0	unknown	true		3	426	27	1	1011
urn:ure:t6:occ:function:current-client:00a07d50	0x00a07d50	xbuild-enriched-full	true	00a07d50	FUN_00a07d50	undefined FUN_00a07d50()	0	0	unknown	true		3	886	25	0	1224
urn:ure:t6:occ:function:current-client:00a07db0	0x00a07db0	xbuild-enriched-full	true	00a07db0	FUN_00a07db0	undefined FUN_00a07db0()	0	0	unknown	true		8	1143	86	3	2955
urn:ure:t6:occ:function:current-client:00a07ea0	0x00a07ea0	xbuild-enriched-full	true	00a07ea0	FUN_00a07ea0	undefined FUN_00a07ea0()	0	0	unknown	true		5	664	52	2	2049
urn:ure:t6:occ:function:current-client:00a07f40	0x00a07f40	xbuild-enriched-full	true	00a07f40	FUN_00a07f40	undefined FUN_00a07f40()	0	0	unknown	true		27	3407	284	12	10227
urn:ure:t6:occ:function:current-client:00a08290	0x00a08290	xbuild-enriched-full	true	00a08290	FUN_00a08290	undefined FUN_00a08290()	0	0	unknown	true		4	320	27	3	951
urn:ure:t6:occ:function:current-client:00a082e0	0x00a082e0	xbuild-enriched-full	true	00a082e0	FUN_00a082e0	undefined FUN_00a082e0()	0	0	unknown	true		2	295	11	2	541
urn:ure:t6:occ:function:current-client:00a08310	0x00a08310	xbuild-enriched-full	true	00a08310	FUN_00a08310	undefined FUN_00a08310()	0	0	unknown	true		16	1775	162	9	5652
urn:ure:t6:occ:function:current-client:00a084f0	0x00a084f0	xbuild-enriched-full	true	00a084f0	FUN_00a084f0	undefined FUN_00a084f0()	0	0	unknown	true		5	472	50	3	1639
urn:ure:t6:occ:function:current-client:00a08570	0x00a08570	xbuild-enriched-full	true	00a08570	FUN_00a08570	undefined FUN_00a08570()	0	0	unknown	true		35	3691	334	38	11208
urn:ure:t6:occ:function:current-client:00a08950	0x00a08950	xbuild-enriched-full	true	00a08950	FUN_00a08950	undefined FUN_00a08950()	0	0	unknown	true		47	5435	391	44	14209
urn:ure:t6:occ:function:current-client:00a08e60	0x00a08e60	xbuild-enriched-full	true	00a08e60	FUN_00a08e60	undefined FUN_00a08e60()	0	0	unknown	true		17	2597	181	10	6405
urn:ure:t6:occ:function:current-client:00a09080	0x00a09080	xbuild-enriched-full	true	00a09080	FUN_00a09080	undefined FUN_00a09080()	0	0	unknown	true		7	982	68	11	2276
urn:ure:t6:occ:function:current-client:00a09140	0x00a09140	xbuild-enriched-full	true	00a09140	FUN_00a09140	undefined FUN_00a09140()	0	0	unknown	true		6	951	56	10	1952
urn:ure:t6:occ:function:current-client:00a091e0	0x00a091e0	xbuild-enriched-full	true	00a091e0	FUN_00a091e0	undefined FUN_00a091e0()	0	0	unknown	true		6	916	55	10	1906
urn:ure:t6:occ:function:current-client:00a09280	0x00a09280	xbuild-enriched-full	true	00a09280	FUN_00a09280	undefined FUN_00a09280()	0	0	unknown	true		3	761	32	5	1244
urn:ure:t6:occ:function:current-client:00a092e0	0x00a092e0	xbuild-enriched-full	true	00a092e0	FUN_00a092e0	undefined FUN_00a092e0()	0	0	unknown	true		5	1049	55	6	2066
urn:ure:t6:occ:function:current-client:00a09380	0x00a09380	xbuild-enriched-full	true	00a09380	FUN_00a09380	undefined FUN_00a09380()	0	0	unknown	true		4	966	49	7	1815
urn:ure:t6:occ:function:current-client:00a09410	0x00a09410	xbuild-enriched-full	true	00a09410	FUN_00a09410	undefined FUN_00a09410()	0	0	unknown	true		8	1234	85	16	2960
urn:ure:t6:occ:function:current-client:00a09500	0x00a09500	xbuild-enriched-full	true	00a09500	FUN_00a09500	undefined FUN_00a09500()	0	0	unknown	true		1	226	6	0	411
urn:ure:t6:occ:function:current-client:00a09530	0x00a09530	xbuild-enriched-full	true	00a09530	FUN_00a09530	undefined FUN_00a09530()	0	0	unknown	true		1	191	7	0	426
urn:ure:t6:occ:function:current-client:00a09550	0x00a09550	xbuild-enriched-full	true	00a09550	FUN_00a09550	undefined FUN_00a09550()	0	0	unknown	true		1	162	4	0	317
urn:ure:t6:occ:function:current-client:00a09570	0x00a09570	xbuild-enriched-full	true	00a09570	FUN_00a09570	undefined FUN_00a09570()	0	0	unknown	true		8	865	91	2	3255
urn:ure:t6:occ:function:current-client:00a09670	0x00a09670	xbuild-enriched-full	true	00a09670	FUN_00a09670	undefined FUN_00a09670()	0	0	unknown	true		1	165	3	0	270
urn:ure:t6:occ:function:current-client:00a09680	0x00a09680	xbuild-enriched-full	true	00a09680	FUN_00a09680	undefined FUN_00a09680()	0	0	unknown	true		2	505	18	0	906
urn:ure:t6:occ:function:current-client:00a096e0	0x00a096e0	xbuild-enriched-full	true	00a096e0	FUN_00a096e0	undefined FUN_00a096e0()	0	0	unknown	true		1	161	13	1	516
urn:ure:t6:occ:function:current-client:00a09700	0x00a09700	xbuild-enriched-full	true	00a09700	FUN_00a09700	undefined FUN_00a09700()	0	0	unknown	true		5	521	45	5	1529
urn:ure:t6:occ:function:current-client:00a09780	0x00a09780	xbuild-enriched-full	true	00a09780	FUN_00a09780	undefined FUN_00a09780()	0	0	unknown	true		5	1536	51	0	2369
urn:ure:t6:occ:function:current-client:00a09850	0x00a09850	xbuild-enriched-full	true	00a09850	FUN_00a09850	undefined FUN_00a09850()	0	0	unknown	true		25	3029	218	28	8137
urn:ure:t6:occ:function:current-client:00a09b40	0x00a09b40	xbuild-enriched-full	true	00a09b40	FUN_00a09b40	undefined FUN_00a09b40()	0	0	unknown	true		96	8834	683	58	25478
urn:ure:t6:occ:function:current-client:00a0a490	0x00a0a490	xbuild-enriched-full	true	00a0a490	FUN_00a0a490	undefined FUN_00a0a490()	0	0	unknown	true		9	916	55	10	1906
urn:ure:t6:occ:function:current-client:00a0a530	0x00a0a530	xbuild-enriched-full	true	00a0a530	FUN_00a0a530	undefined FUN_00a0a530()	0	0	unknown	true		3	560	31	5	1230
urn:ure:t6:occ:function:current-client:00a0a590	0x00a0a590	xbuild-enriched-full	true	00a0a590	FUN_00a0a590	undefined FUN_00a0a590()	0	0	unknown	true		3	560	31	5	1230
urn:ure:t6:occ:function:current-client:00a0a5f0	0x00a0a5f0	xbuild-enriched-full	true	00a0a5f0	FUN_00a0a5f0	undefined FUN_00a0a5f0()	0	0	unknown	true		3	761	32	5	1244
urn:ure:t6:occ:function:current-client:00a0a650	0x00a0a650	xbuild-enriched-full	true	00a0a650	FUN_00a0a650	undefined FUN_00a0a650()	0	0	unknown	true		6	594	67	0	2794
urn:ure:t6:occ:function:current-client:00a0a730	0x00a0a730	xbuild-enriched-full	true	00a0a730	FUN_00a0a730	undefined FUN_00a0a730()	0	0	unknown	true		3	286	25	0	984
urn:ure:t6:occ:function:current-client:00a0a780	0x00a0a780	xbuild-enriched-full	true	00a0a780	FUN_00a0a780	undefined FUN_00a0a780()	0	0	unknown	true		1	119	5	0	296
urn:ure:t6:occ:function:current-client:00a0a7a0	0x00a0a7a0	xbuild-enriched-full	true	00a0a7a0	FUN_00a0a7a0	undefined FUN_00a0a7a0()	0	0	unknown	true		18	2092	133	16	5825
urn:ure:t6:occ:function:current-client:00a0a9c0	0x00a0a9c0	xbuild-enriched-full	true	00a0a9c0	FUN_00a0a9c0	undefined FUN_00a0a9c0()	0	0	unknown	true		7	999	72	0	2817
urn:ure:t6:occ:function:current-client:00a0aab0	0x00a0aab0	xbuild-enriched-full	true	00a0aab0	FUN_00a0aab0	undefined FUN_00a0aab0()	0	0	unknown	true		3	741	28	0	1330
urn:ure:t6:occ:function:current-client:00a0ab10	0x00a0ab10	xbuild-enriched-full	true	00a0ab10	FUN_00a0ab10	undefined FUN_00a0ab10()	0	0	unknown	true		14	1927	123	27	5388
urn:ure:t6:occ:function:current-client:00a0ad10	0x00a0ad10	xbuild-enriched-full	true	00a0ad10	FUN_00a0ad10	undefined FUN_00a0ad10()	0	0	unknown	true		8	1171	66	23	3107
urn:ure:t6:occ:function:current-client:00a0ae60	0x00a0ae60	xbuild-enriched-full	true	00a0ae60	FUN_00a0ae60	undefined FUN_00a0ae60()	0	0	unknown	true		27	4041	291	15	11347
urn:ure:t6:occ:function:current-client:00a0b210	0x00a0b210	xbuild-enriched-full	true	00a0b210	FUN_00a0b210	undefined FUN_00a0b210()	0	0	unknown	true		75	5800	569	36	20866
urn:ure:t6:occ:function:current-client:00a0b9d0	0x00a0b9d0	xbuild-enriched-full	true	00a0b9d0	FUN_00a0b9d0	undefined FUN_00a0b9d0()	0	0	unknown	true		7	546	63	1	2486
urn:ure:t6:occ:function:current-client:00a0ba90	0x00a0ba90	xbuild-enriched-full	true	00a0ba90	FUN_00a0ba90	undefined FUN_00a0ba90()	0	0	unknown	true		30	3182	297	23	10445
urn:ure:t6:occ:function:current-client:00a0bdf0	0x00a0bdf0	xbuild-enriched-full	true	00a0bdf0	FUN_00a0bdf0	undefined FUN_00a0bdf0()	0	0	unknown	true		35	3629	361	52	12526
urn:ure:t6:occ:function:current-client:00a0c220	0x00a0c220	xbuild-enriched-full	true	00a0c220	FUN_00a0c220	undefined FUN_00a0c220()	0	0	unknown	true		20	1443	142	17	5208
urn:ure:t6:occ:function:current-client:00a0c3d0	0x00a0c3d0	xbuild-enriched-full	true	00a0c3d0	FUN_00a0c3d0	undefined FUN_00a0c3d0()	0	0	unknown	true		6	810	59	2	2108
urn:ure:t6:occ:function:current-client:00a0c460	0x00a0c460	xbuild-enriched-full	true	00a0c460	FUN_00a0c460	undefined FUN_00a0c460()	0	0	unknown	true		17	2060	153	14	5606
urn:ure:t6:occ:function:current-client:00a0c630	0x00a0c630	xbuild-enriched-full	true	00a0c630	FUN_00a0c630	undefined FUN_00a0c630()	0	0	unknown	true		2	527	20	1	983
urn:ure:t6:occ:function:current-client:00a0c690	0x00a0c690	xbuild-enriched-full	true	00a0c690	FUN_00a0c690	undefined FUN_00a0c690()	0	0	unknown	true		7	1024	73	11	2522
urn:ure:t6:occ:function:current-client:00a0c750	0x00a0c750	xbuild-enriched-full	true	00a0c750	FUN_00a0c750	undefined FUN_00a0c750()	0	0	unknown	true		6	1024	72	11	2440
urn:ure:t6:occ:function:current-client:00a0c800	0x00a0c800	xbuild-enriched-full	true	00a0c800	FUN_00a0c800	undefined FUN_00a0c800()	0	0	unknown	true		101	25838	989	197	40469
urn:ure:t6:occ:function:current-client:00a0d800	0x00a0d800	xbuild-enriched-full	true	00a0d800	FUN_00a0d800	undefined FUN_00a0d800()	0	0	unknown	true		26	3400	214	30	8429
urn:ure:t6:occ:function:current-client:00a0daf0	0x00a0daf0	xbuild-enriched-full	true	00a0daf0	FUN_00a0daf0	undefined FUN_00a0daf0()	0	0	unknown	true		9	2073	99	4	4266
urn:ure:t6:occ:function:current-client:00a0dc70	0x00a0dc70	xbuild-enriched-full	true	00a0dc70	FUN_00a0dc70	undefined FUN_00a0dc70()	0	0	unknown	true		3	687	32	5	1192
urn:ure:t6:occ:function:current-client:00a0dce0	0x00a0dce0	xbuild-enriched-full	true	00a0dce0	FUN_00a0dce0	undefined FUN_00a0dce0()	0	0	unknown	true		3	682	34	7	1274
urn:ure:t6:occ:function:current-client:00a0dd60	0x00a0dd60	xbuild-enriched-full	true	00a0dd60	FUN_00a0dd60	undefined FUN_00a0dd60()	0	0	unknown	true		21	2798	234	53	8178
urn:ure:t6:occ:function:current-client:00a0e070	0x00a0e070	xbuild-enriched-full	true	00a0e070	FUN_00a0e070	undefined FUN_00a0e070()	0	0	unknown	true		3	529	26	3	1000
urn:ure:t6:occ:function:current-client:00a0e0b0	0x00a0e0b0	xbuild-enriched-full	true	00a0e0b0	FUN_00a0e0b0	undefined FUN_00a0e0b0()	0	0	unknown	true		5	940	59	11	2044
urn:ure:t6:occ:function:current-client:00a0e210	0x00a0e210	xbuild-enriched-full	true	00a0e210	FUN_00a0e210	undefined FUN_00a0e210()	0	0	unknown	true		6	904	55	14	2302
urn:ure:t6:occ:function:current-client:00a0e310	0x00a0e310	xbuild-enriched-full	true	00a0e310	FUN_00a0e310	undefined FUN_00a0e310()	0	0	unknown	true		0	168	3	1	243
urn:ure:t6:occ:function:current-client:00a0e390	0x00a0e390	xbuild-enriched-full	true	00a0e390	FUN_00a0e390	undefined FUN_00a0e390()	0	0	unknown	true		3	489	27	4	1075
urn:ure:t6:occ:function:current-client:00a0e3f0	0x00a0e3f0	xbuild-enriched-full	true	00a0e3f0	FUN_00a0e3f0	undefined FUN_00a0e3f0()	0	0	unknown	true		3	324	25	3	911
urn:ure:t6:occ:function:current-client:00a0e440	0x00a0e440	xbuild-enriched-full	true	00a0e440	FUN_00a0e440	undefined FUN_00a0e440()	0	0	unknown	true		3	423	31	3	1149
urn:ure:t6:occ:function:current-client:00a0e490	0x00a0e490	xbuild-enriched-full	true	00a0e490	FUN_00a0e490	undefined FUN_00a0e490()	0	0	unknown	true		1	211	6	4	364
urn:ure:t6:occ:function:current-client:00a0e4c0	0x00a0e4c0	xbuild-enriched-full	true	00a0e4c0	FUN_00a0e4c0	undefined FUN_00a0e4c0()	0	0	unknown	true		1	145	4	1	257
urn:ure:t6:occ:function:current-client:00a0e4d0	0x00a0e4d0	xbuild-enriched-full	true	00a0e4d0	FUN_00a0e4d0	undefined FUN_00a0e4d0()	0	0	unknown	true		1	213	5	4	334
urn:ure:t6:occ:function:current-client:00a0e4f0	0x00a0e4f0	xbuild-enriched-full	true	00a0e4f0	FUN_00a0e4f0	undefined FUN_00a0e4f0()	0	0	unknown	true		3	472	22	9	860
urn:ure:t6:occ:function:current-client:00a0e600	0x00a0e600	xbuild-enriched-full	true	00a0e600	FUN_00a0e600	undefined FUN_00a0e600()	0	0	unknown	true		17	2494	173	6	7331
urn:ure:t6:occ:function:current-client:00a0e890	0x00a0e890	xbuild-enriched-full	true	00a0e890	FUN_00a0e890	undefined FUN_00a0e890()	0	0	unknown	true		93	10115	732	50	25387
urn:ure:t6:occ:function:current-client:00a0f200	0x00a0f200	xbuild-enriched-full	true	00a0f200	FUN_00a0f200	undefined FUN_00a0f200()	0	0	unknown	true		42	3721	357	29	12126
urn:ure:t6:occ:function:current-client:00a0f650	0x00a0f650	xbuild-enriched-full	true	00a0f650	FUN_00a0f650	undefined FUN_00a0f650()	0	0	unknown	true		86	7745	648	69	22831
urn:ure:t6:occ:function:current-client:00a0fea0	0x00a0fea0	xbuild-enriched-full	true	00a0fea0	FUN_00a0fea0	undefined FUN_00a0fea0()	0	0	unknown	true		37	3788	267	33	9012
urn:ure:t6:occ:function:current-client:00a101e0	0x00a101e0	xbuild-enriched-full	true	00a101e0	FUN_00a101e0	undefined FUN_00a101e0()	0	0	unknown	true		23	3775	257	22	8831
urn:ure:t6:occ:function:current-client:00a104c0	0x00a104c0	xbuild-enriched-full	true	00a104c0	FUN_00a104c0	undefined FUN_00a104c0()	0	0	unknown	true		1	109	3	0	264
urn:ure:t6:occ:function:current-client:00a104d0	0x00a104d0	xbuild-enriched-full	true	00a104d0	FUN_00a104d0	undefined FUN_00a104d0()	0	0	unknown	true		14	4509	137	4	6263
urn:ure:t6:occ:function:current-client:00a10730	0x00a10730	xbuild-enriched-full	true	00a10730	FUN_00a10730	undefined FUN_00a10730()	0	0	unknown	true		20	2997	229	5	8942
urn:ure:t6:occ:function:current-client:00a10a30	0x00a10a30	xbuild-enriched-full	true	00a10a30	FUN_00a10a30	undefined FUN_00a10a30()	0	0	unknown	true		10	1375	106	10	3838
urn:ure:t6:occ:function:current-client:00a10b60	0x00a10b60	xbuild-enriched-full	true	00a10b60	FUN_00a10b60	undefined FUN_00a10b60()	0	0	unknown	true		3	644	32	2	1242
urn:ure:t6:occ:function:current-client:00a10bc0	0x00a10bc0	xbuild-enriched-full	true	00a10bc0	FUN_00a10bc0	undefined FUN_00a10bc0()	0	0	unknown	true		10	1542	103	3	3761
urn:ure:t6:occ:function:current-client:00a10ce0	0x00a10ce0	xbuild-enriched-full	true	00a10ce0	FUN_00a10ce0	undefined FUN_00a10ce0()	0	0	unknown	true		1	285	8	1	463
urn:ure:t6:occ:function:current-client:00a10d00	0x00a10d00	xbuild-enriched-full	true	00a10d00	FUN_00a10d00	undefined FUN_00a10d00()	0	0	unknown	true		7	798	65	1	2377
urn:ure:t6:occ:function:current-client:00a10db0	0x00a10db0	xbuild-enriched-full	true	00a10db0	FUN_00a10db0	undefined FUN_00a10db0()	0	0	unknown	true		46	4983	360	17	12842
urn:ure:t6:occ:function:current-client:00a11230	0x00a11230	xbuild-enriched-full	true	00a11230	FUN_00a11230	undefined FUN_00a11230()	0	0	unknown	true		12	1873	111	11	3982
urn:ure:t6:occ:function:current-client:00a11380	0x00a11380	xbuild-enriched-full	true	00a11380	FUN_00a11380	undefined FUN_00a11380()	0	0	unknown	true		5	342	49	1	1717
urn:ure:t6:occ:function:current-client:00a11410	0x00a11410	xbuild-enriched-full	true	00a11410	FUN_00a11410	undefined FUN_00a11410()	0	0	unknown	true		2	383	15	0	758
urn:ure:t6:occ:function:current-client:00a11440	0x00a11440	xbuild-enriched-full	true	00a11440	FUN_00a11440	undefined FUN_00a11440()	0	0	unknown	true		12	1550	126	4	4631
urn:ure:t6:occ:function:current-client:00a115e0	0x00a115e0	xbuild-enriched-full	true	00a115e0	FUN_00a115e0	undefined FUN_00a115e0()	0	0	unknown	true		2	289	11	1	505
urn:ure:t6:occ:function:current-client:00a11610	0x00a11610	xbuild-enriched-full	true	00a11610	FUN_00a11610	undefined FUN_00a11610()	0	0	unknown	true		8	1056	86	2	3035
urn:ure:t6:occ:function:current-client:00a11700	0x00a11700	xbuild-enriched-full	true	00a11700	FUN_00a11700	undefined FUN_00a11700()	0	0	unknown	true		8	620	75	7	2754
urn:ure:t6:occ:function:current-client:00a11860	0x00a11860	xbuild-enriched-full	true	00a11860	FUN_00a11860	undefined FUN_00a11860()	0	0	unknown	true		11	1097	123	8	4245
urn:ure:t6:occ:function:current-client:00a119d0	0x00a119d0	xbuild-enriched-full	true	00a119d0	FUN_00a119d0	undefined FUN_00a119d0()	0	0	unknown	true		25	3023	270	12	9659
urn:ure:t6:occ:function:current-client:00a11d20	0x00a11d20	xbuild-enriched-full	true	00a11d20	FUN_00a11d20	undefined FUN_00a11d20()	0	0	unknown	true		20	1985	235	11	8208
urn:ure:t6:occ:function:current-client:00a11fe0	0x00a11fe0	xbuild-enriched-full	true	00a11fe0	FUN_00a11fe0	undefined FUN_00a11fe0()	0	0	unknown	true		2	191	14	1	623
urn:ure:t6:occ:function:current-client:00a12010	0x00a12010	xbuild-enriched-full	true	00a12010	FUN_00a12010	undefined FUN_00a12010()	0	0	unknown	true		17	1700	170	14	5746
urn:ure:t6:occ:function:current-client:00a121f0	0x00a121f0	xbuild-enriched-full	true	00a121f0	FUN_00a121f0	undefined FUN_00a121f0()	0	0	unknown	true		57	5416	444	41	15329
urn:ure:t6:occ:function:current-client:00a12790	0x00a12790	xbuild-enriched-full	true	00a12790	FUN_00a12790	undefined FUN_00a12790()	0	0	unknown	true		7	861	48	9	1721
urn:ure:t6:occ:function:current-client:00a12880	0x00a12880	xbuild-enriched-full	true	00a12880	FUN_00a12880	undefined FUN_00a12880()	0	0	unknown	true		10	1708	85	22	3139
urn:ure:t6:occ:function:current-client:00a12930	0x00a12930	xbuild-enriched-full	true	00a12930	FUN_00a12930	undefined FUN_00a12930()	0	0	unknown	true		10	2008	80	10	3130
urn:ure:t6:occ:function:current-client:00a12a60	0x00a12a60	xbuild-enriched-full	true	00a12a60	FUN_00a12a60	undefined FUN_00a12a60()	0	0	unknown	true		1	148	3	1	229
urn:ure:t6:occ:function:current-client:00a12a70	0x00a12a70	xbuild-enriched-full	true	00a12a70	FUN_00a12a70	undefined FUN_00a12a70()	0	0	unknown	true		8	1335	67	9	2578
urn:ure:t6:occ:function:current-client:00a12b40	0x00a12b40	xbuild-enriched-full	true	00a12b40	FUN_00a12b40	undefined FUN_00a12b40()	0	0	unknown	true		1	91	6	2	329
urn:ure:t6:occ:function:current-client:00a12b60	0x00a12b60	xbuild-enriched-full	true	00a12b60	FUN_00a12b60	undefined FUN_00a12b60()	0	0	unknown	true		22	4592	228	20	8213
urn:ure:t6:occ:function:current-client:00a12dc0	0x00a12dc0	xbuild-enriched-full	true	00a12dc0	FUN_00a12dc0	undefined FUN_00a12dc0()	0	0	unknown	true		13	914	132	2	4689
urn:ure:t6:occ:function:current-client:00a12f40	0x00a12f40	xbuild-enriched-full	true	00a12f40	FUN_00a12f40	undefined FUN_00a12f40()	0	0	unknown	true		13	2161	125	0	5899
urn:ure:t6:occ:function:current-client:00a13190	0x00a13190	xbuild-enriched-full	true	00a13190	FUN_00a13190	undefined FUN_00a13190()	0	0	unknown	true		20	1486	238	0	9513
urn:ure:t6:occ:function:current-client:00a134b0	0x00a134b0	xbuild-enriched-full	true	00a134b0	FUN_00a134b0	undefined FUN_00a134b0()	0	0	unknown	true		7	1076	57	2	2262
urn:ure:t6:occ:function:current-client:00a13590	0x00a13590	xbuild-enriched-full	true	00a13590	FUN_00a13590	undefined FUN_00a13590()	0	0	unknown	true		7	915	52	9	1884
urn:ure:t6:occ:function:current-client:00a13640	0x00a13640	xbuild-enriched-full	true	00a13640	FUN_00a13640	undefined FUN_00a13640()	0	0	unknown	true		4	731	37	0	1568
urn:ure:t6:occ:function:current-client:00a136c0	0x00a136c0	xbuild-enriched-full	true	00a136c0	FUN_00a136c0	undefined FUN_00a136c0()	0	0	unknown	true		14	2456	137	3	5276
urn:ure:t6:occ:function:current-client:00a13860	0x00a13860	xbuild-enriched-full	true	00a13860	FUN_00a13860	undefined FUN_00a13860()	0	0	unknown	true		9	1717	89	2	3855
urn:ure:t6:occ:function:current-client:00a139c0	0x00a139c0	xbuild-enriched-full	true	00a139c0	FUN_00a139c0	undefined FUN_00a139c0()	0	0	unknown	true		9	1713	89	2	3855
urn:ure:t6:occ:function:current-client:00a13b20	0x00a13b20	xbuild-enriched-full	true	00a13b20	FUN_00a13b20	undefined FUN_00a13b20()	0	0	unknown	true		5	993	53	2	2259
urn:ure:t6:occ:function:current-client:00a13bd0	0x00a13bd0	xbuild-enriched-full	true	00a13bd0	FUN_00a13bd0	undefined FUN_00a13bd0()	0	0	unknown	true		14	2622	137	7	5494
urn:ure:t6:occ:function:current-client:00a13d80	0x00a13d80	xbuild-enriched-full	true	00a13d80	FUN_00a13d80	undefined FUN_00a13d80()	0	0	unknown	true		10	1994	108	1	4383
urn:ure:t6:occ:function:current-client:00a13ee0	0x00a13ee0	xbuild-enriched-full	true	00a13ee0	FUN_00a13ee0	undefined FUN_00a13ee0()	0	0	unknown	true		8	1836	80	2	3444
urn:ure:t6:occ:function:current-client:00a14020	0x00a14020	xbuild-enriched-full	true	00a14020	FUN_00a14020	undefined FUN_00a14020()	0	0	unknown	true		3	423	23	2	942
urn:ure:t6:occ:function:current-client:00a14070	0x00a14070	xbuild-enriched-full	true	00a14070	FUN_00a14070	undefined FUN_00a14070()	0	0	unknown	true		8	1839	80	2	3447
urn:ure:t6:occ:function:current-client:00a141b0	0x00a141b0	xbuild-enriched-full	true	00a141b0	FUN_00a141b0	undefined FUN_00a141b0()	0	0	unknown	true		5	983	44	2	1880
urn:ure:t6:occ:function:current-client:00a14240	0x00a14240	xbuild-enriched-full	true	00a14240	FUN_00a14240	undefined FUN_00a14240()	0	0	unknown	true		3	571	35	2	1469
urn:ure:t6:occ:function:current-client:00a142c0	0x00a142c0	xbuild-enriched-full	true	00a142c0	FUN_00a142c0	undefined FUN_00a142c0()	0	0	unknown	true		3	667	36	0	1446
urn:ure:t6:occ:function:current-client:00a14330	0x00a14330	xbuild-enriched-full	true	00a14330	FUN_00a14330	undefined FUN_00a14330()	0	0	unknown	true		8	2021	90	5	3870
urn:ure:t6:occ:function:current-client:00a14470	0x00a14470	xbuild-enriched-full	true	00a14470	FUN_00a14470	undefined FUN_00a14470()	0	0	unknown	true		10	1706	115	2	4578
urn:ure:t6:occ:function:current-client:00a14600	0x00a14600	xbuild-enriched-full	true	00a14600	FUN_00a14600	undefined FUN_00a14600()	0	0	unknown	true		5	863	56	2	2331
urn:ure:t6:occ:function:current-client:00a146b0	0x00a146b0	xbuild-enriched-full	true	00a146b0	FUN_00a146b0	undefined FUN_00a146b0()	0	0	unknown	true		7	1527	79	4	3119
urn:ure:t6:occ:function:current-client:00a147a0	0x00a147a0	xbuild-enriched-full	true	00a147a0	FUN_00a147a0	undefined FUN_00a147a0()	0	0	unknown	true		16	2685	190	5	7773
urn:ure:t6:occ:function:current-client:00a14a50	0x00a14a50	xbuild-enriched-full	true	00a14a50	FUN_00a14a50	undefined FUN_00a14a50()	0	0	unknown	true		22	3905	215	11	8557
urn:ure:t6:occ:function:current-client:00a14d20	0x00a14d20	xbuild-enriched-full	true	00a14d20	FUN_00a14d20	undefined FUN_00a14d20()	0	0	unknown	true		6	1217	54	13	2035
urn:ure:t6:occ:function:current-client:00a14dc0	0x00a14dc0	xbuild-enriched-full	true	00a14dc0	FUN_00a14dc0	undefined FUN_00a14dc0()	0	0	unknown	true		18	2707	158	27	5462
urn:ure:t6:occ:function:current-client:00a14fa0	0x00a14fa0	xbuild-enriched-full	true	00a14fa0	FUN_00a14fa0	undefined FUN_00a14fa0()	0	0	unknown	true		10	1679	102	21	3603
urn:ure:t6:occ:function:current-client:00a151d0	0x00a151d0	xbuild-enriched-full	true	00a151d0	FUN_00a151d0	undefined FUN_00a151d0()	0	0	unknown	true		8	1613	84	1	3565
urn:ure:t6:occ:function:current-client:00a152f0	0x00a152f0	xbuild-enriched-full	true	00a152f0	FUN_00a152f0	undefined FUN_00a152f0()	0	0	unknown	true		9	1720	98	1	4142
urn:ure:t6:occ:function:current-client:00a15440	0x00a15440	xbuild-enriched-full	true	00a15440	FUN_00a15440	undefined FUN_00a15440()	0	0	unknown	true		5	741	42	3	1523
urn:ure:t6:occ:function:current-client:00a154c0	0x00a154c0	xbuild-enriched-full	true	00a154c0	FUN_00a154c0	undefined FUN_00a154c0()	0	0	unknown	true		7	795	54	5	2036
urn:ure:t6:occ:function:current-client:00a15570	0x00a15570	xbuild-enriched-full	true	00a15570	FUN_00a15570	undefined FUN_00a15570()	0	0	unknown	true		3	465	27	3	1049
urn:ure:t6:occ:function:current-client:00a155c0	0x00a155c0	xbuild-enriched-full	true	00a155c0	FUN_00a155c0	undefined FUN_00a155c0()	0	0	unknown	true		8	1889	86	1	3502
urn:ure:t6:occ:function:current-client:00a156d0	0x00a156d0	xbuild-enriched-full	true	00a156d0	FUN_00a156d0	undefined FUN_00a156d0()	0	0	unknown	true		16	2489	186	1	7707
urn:ure:t6:occ:function:current-client:00a15950	0x00a15950	xbuild-enriched-full	true	00a15950	FUN_00a15950	undefined FUN_00a15950()	0	0	unknown	true		16	2344	168	7	6824
urn:ure:t6:occ:function:current-client:00a15bd0	0x00a15bd0	xbuild-enriched-full	true	00a15bd0	FUN_00a15bd0	undefined FUN_00a15bd0()	0	0	unknown	true		7	1127	64	3	2308
urn:ure:t6:occ:function:current-client:00a15c80	0x00a15c80	xbuild-enriched-full	true	00a15c80	FUN_00a15c80	undefined FUN_00a15c80()	0	0	unknown	true		4	676	38	1	1657
urn:ure:t6:occ:function:current-client:00a15d00	0x00a15d00	xbuild-enriched-full	true	00a15d00	FUN_00a15d00	undefined FUN_00a15d00()	0	0	unknown	true		5	899	54	1	2240
urn:ure:t6:occ:function:current-client:00a15db0	0x00a15db0	xbuild-enriched-full	true	00a15db0	FUN_00a15db0	undefined FUN_00a15db0()	0	0	unknown	true		8	1030	65	6	2357
urn:ure:t6:occ:function:current-client:00a15e70	0x00a15e70	xbuild-enriched-full	true	00a15e70	FUN_00a15e70	undefined FUN_00a15e70()	0	0	unknown	true		5	681	41	5	1637
urn:ure:t6:occ:function:current-client:00a15f00	0x00a15f00	xbuild-enriched-full	true	00a15f00	FUN_00a15f00	undefined FUN_00a15f00()	0	0	unknown	true		37	5095	385	7	14689
urn:ure:t6:occ:function:current-client:00a163b0	0x00a163b0	xbuild-enriched-full	true	00a163b0	FUN_00a163b0	undefined FUN_00a163b0()	0	0	unknown	true		11	1641	111	1	4269
urn:ure:t6:occ:function:current-client:00a16500	0x00a16500	xbuild-enriched-full	true	00a16500	FUN_00a16500	undefined FUN_00a16500()	0	0	unknown	true		21	2924	254	1	10167
urn:ure:t6:occ:function:current-client:00a16840	0x00a16840	xbuild-enriched-full	true	00a16840	FUN_00a16840	undefined FUN_00a16840()	0	0	unknown	true		2	403	16	5	703
urn:ure:t6:occ:function:current-client:00a16880	0x00a16880	xbuild-enriched-full	true	00a16880	FUN_00a16880	undefined FUN_00a16880()	0	0	unknown	true		4	1022	36	1	1721
urn:ure:t6:occ:function:current-client:00a16940	0x00a16940	xbuild-enriched-full	true	00a16940	FUN_00a16940	undefined FUN_00a16940()	0	0	unknown	true		5	596	47	3	1758
urn:ure:t6:occ:function:current-client:00a169d0	0x00a169d0	xbuild-enriched-full	true	00a169d0	FUN_00a169d0	undefined FUN_00a169d0()	0	0	unknown	true		41	6022	385	16	14549
urn:ure:t6:occ:function:current-client:00a16f40	0x00a16f40	xbuild-enriched-full	true	00a16f40	FUN_00a16f40	undefined FUN_00a16f40()	0	0	unknown	true		7	789	56	5	2081
urn:ure:t6:occ:function:current-client:00a17000	0x00a17000	xbuild-enriched-full	true	00a17000	FUN_00a17000	undefined FUN_00a17000()	0	0	unknown	true		55	8497	530	21	20377
urn:ure:t6:occ:function:current-client:00a17720	0x00a17720	xbuild-enriched-full	true	00a17720	FUN_00a17720	undefined FUN_00a17720()	0	0	unknown	true		11	1456	112	8	4042
urn:ure:t6:occ:function:current-client:00a17880	0x00a17880	xbuild-enriched-full	true	00a17880	FUN_00a17880	undefined FUN_00a17880()	0	0	unknown	true		4	544	34	4	1294
urn:ure:t6:occ:function:current-client:00a178f0	0x00a178f0	xbuild-enriched-full	true	00a178f0	FUN_00a178f0	undefined FUN_00a178f0()	0	0	unknown	true		10	1526	98	11	3563
urn:ure:t6:occ:function:current-client:00a17a30	0x00a17a30	xbuild-enriched-full	true	00a17a30	FUN_00a17a30	undefined FUN_00a17a30()	0	0	unknown	true		6	974	64	10	2367
urn:ure:t6:occ:function:current-client:00a17b00	0x00a17b00	xbuild-enriched-full	true	00a17b00	FUN_00a17b00	undefined FUN_00a17b00()	0	0	unknown	true		5	550	56	2	2123
urn:ure:t6:occ:function:current-client:00a17bc0	0x00a17bc0	xbuild-enriched-full	true	00a17bc0	FUN_00a17bc0	undefined FUN_00a17bc0()	0	0	unknown	true		16	1950	144	26	4930
urn:ure:t6:occ:function:current-client:00a17da0	0x00a17da0	xbuild-enriched-full	true	00a17da0	FUN_00a17da0	undefined FUN_00a17da0()	0	0	unknown	true		16	1975	167	13	6071
urn:ure:t6:occ:function:current-client:00a17f90	0x00a17f90	xbuild-enriched-full	true	00a17f90	FUN_00a17f90	undefined FUN_00a17f90()	0	0	unknown	true		7	959	71	7	2491
urn:ure:t6:occ:function:current-client:00a18060	0x00a18060	xbuild-enriched-full	true	00a18060	FUN_00a18060	undefined FUN_00a18060()	0	0	unknown	true		3	562	26	2	1090
urn:ure:t6:occ:function:current-client:00a180b0	0x00a180b0	xbuild-enriched-full	true	00a180b0	FUN_00a180b0	undefined FUN_00a180b0()	0	0	unknown	true		53	8189	484	81	18152
urn:ure:t6:occ:function:current-client:00a186c0	0x00a186c0	xbuild-enriched-full	true	00a186c0	FUN_00a186c0	undefined FUN_00a186c0()	0	0	unknown	true		16	3902	178	14	6819
urn:ure:t6:occ:function:current-client:00a18950	0x00a18950	xbuild-enriched-full	true	00a18950	FUN_00a18950	undefined FUN_00a18950()	0	0	unknown	true		121	10331	747	150	26486
urn:ure:t6:occ:function:current-client:00a19210	0x00a19210	xbuild-enriched-full	true	00a19210	FUN_00a19210	undefined FUN_00a19210()	0	0	unknown	true		59	6345	446	28	16370
urn:ure:t6:occ:function:current-client:00a19800	0x00a19800	xbuild-enriched-full	true	00a19800	FUN_00a19800	undefined FUN_00a19800()	0	0	unknown	true		18	1416	193	8	6782
urn:ure:t6:occ:function:current-client:00a19a30	0x00a19a30	xbuild-enriched-full	true	00a19a30	FUN_00a19a30	undefined FUN_00a19a30()	0	0	unknown	true		4	448	45	0	1799
urn:ure:t6:occ:function:current-client:00a19ac0	0x00a19ac0	xbuild-enriched-full	true	00a19ac0	FUN_00a19ac0	undefined FUN_00a19ac0()	0	0	unknown	true		7	987	70	4	2648
urn:ure:t6:occ:function:current-client:00a19b80	0x00a19b80	xbuild-enriched-full	true	00a19b80	FUN_00a19b80	undefined FUN_00a19b80()	0	0	unknown	true		13	1130	142	4	5250
urn:ure:t6:occ:function:current-client:00a19d30	0x00a19d30	xbuild-enriched-full	true	00a19d30	FUN_00a19d30	undefined FUN_00a19d30()	0	0	unknown	true		4	448	32	3	1192
urn:ure:t6:occ:function:current-client:00a19d90	0x00a19d90	xbuild-enriched-full	true	00a19d90	FUN_00a19d90	undefined FUN_00a19d90()	0	0	unknown	true		41	4936	437	20	15712
urn:ure:t6:occ:function:current-client:00a1a290	0x00a1a290	xbuild-enriched-full	true	00a1a290	FUN_00a1a290	undefined FUN_00a1a290()	0	0	unknown	true		197	17413	1073	92	41586
urn:ure:t6:occ:function:current-client:00a1b170	0x00a1b170	xbuild-enriched-full	true	00a1b170	FUN_00a1b170	undefined FUN_00a1b170()	0	0	unknown	true		9	806	56	1	2123
urn:ure:t6:occ:function:current-client:00a1b210	0x00a1b210	xbuild-enriched-full	true	00a1b210	FUN_00a1b210	undefined FUN_00a1b210()	0	0	unknown	true		55	6131	415	57	15067
urn:ure:t6:occ:function:current-client:00a1b720	0x00a1b720	xbuild-enriched-full	true	00a1b720	FUN_00a1b720	undefined FUN_00a1b720()	0	0	unknown	true		64	6095	579	44	20209
urn:ure:t6:occ:function:current-client:00a1be00	0x00a1be00	xbuild-enriched-full	true	00a1be00	FUN_00a1be00	undefined FUN_00a1be00()	0	0	unknown	true		6	874	54	4	2082
urn:ure:t6:occ:function:current-client:00a1bea0	0x00a1bea0	xbuild-enriched-full	true	00a1bea0	FUN_00a1bea0	undefined FUN_00a1bea0()	0	0	unknown	true		4	378	42	4	1590
urn:ure:t6:occ:function:current-client:00a1bf20	0x00a1bf20	xbuild-enriched-full	true	00a1bf20	FUN_00a1bf20	undefined FUN_00a1bf20()	0	0	unknown	true		14	2288	120	15	4031
urn:ure:t6:occ:function:current-client:00a1c060	0x00a1c060	xbuild-enriched-full	true	00a1c060	FUN_00a1c060	undefined FUN_00a1c060()	0	0	unknown	true		24	3168	192	27	6301
urn:ure:t6:occ:function:current-client:00a1c250	0x00a1c250	xbuild-enriched-full	true	00a1c250	FUN_00a1c250	undefined FUN_00a1c250()	0	0	unknown	true		15	2050	124	17	4686
urn:ure:t6:occ:function:current-client:00a1c3d0	0x00a1c3d0	xbuild-enriched-full	true	00a1c3d0	FUN_00a1c3d0	undefined FUN_00a1c3d0()	0	0	unknown	true		17	2149	161	13	5730
urn:ure:t6:occ:function:current-client:00a1c5b0	0x00a1c5b0	xbuild-enriched-full	true	00a1c5b0	FUN_00a1c5b0	undefined FUN_00a1c5b0()	0	0	unknown	true		19	3248	204	18	7386
urn:ure:t6:occ:function:current-client:00a1c7f0	0x00a1c7f0	xbuild-enriched-full	true	00a1c7f0	FUN_00a1c7f0	undefined FUN_00a1c7f0()	0	0	unknown	true		84	8107	700	85	23593
urn:ure:t6:occ:function:current-client:00a1cfd0	0x00a1cfd0	xbuild-enriched-full	true	00a1cfd0	FUN_00a1cfd0	undefined FUN_00a1cfd0()	0	0	unknown	true		10	1376	80	7	3036
urn:ure:t6:occ:function:current-client:00a1d0c0	0x00a1d0c0	xbuild-enriched-full	true	00a1d0c0	FUN_00a1d0c0	undefined FUN_00a1d0c0()	0	0	unknown	true		50	7476	407	37	15465
urn:ure:t6:occ:function:current-client:00a1d5d0	0x00a1d5d0	xbuild-enriched-full	true	00a1d5d0	FUN_00a1d5d0	undefined FUN_00a1d5d0()	0	0	unknown	true		6	1139	59	4	1887
urn:ure:t6:occ:function:current-client:00a1d670	0x00a1d670	xbuild-enriched-full	true	00a1d670	FUN_00a1d670	undefined FUN_00a1d670()	0	0	unknown	true		1	90	9	0	386
urn:ure:t6:occ:function:current-client:00a1d690	0x00a1d690	xbuild-enriched-full	true	00a1d690	FUN_00a1d690	undefined FUN_00a1d690()	0	0	unknown	true		1	90	9	0	386
urn:ure:t6:occ:function:current-client:00a1d6b0	0x00a1d6b0	xbuild-enriched-full	true	00a1d6b0	FUN_00a1d6b0	undefined FUN_00a1d6b0()	0	0	unknown	true		1	92	10	0	424
urn:ure:t6:occ:function:current-client:00a1d6d0	0x00a1d6d0	xbuild-enriched-full	true	00a1d6d0	FUN_00a1d6d0	undefined FUN_00a1d6d0()	0	0	unknown	true		1	92	10	0	424
urn:ure:t6:occ:function:current-client:00a1d6f0	0x00a1d6f0	xbuild-enriched-full	true	00a1d6f0	FUN_00a1d6f0	undefined FUN_00a1d6f0()	0	0	unknown	true		1	146	14	0	559
urn:ure:t6:occ:function:current-client:00a1d710	0x00a1d710	xbuild-enriched-full	true	00a1d710	FUN_00a1d710	undefined FUN_00a1d710()	0	0	unknown	true		1	146	14	0	559
urn:ure:t6:occ:function:current-client:00a1d730	0x00a1d730	xbuild-enriched-full	true	00a1d730	FUN_00a1d730	undefined FUN_00a1d730()	0	0	unknown	true		1	146	14	0	559
urn:ure:t6:occ:function:current-client:00a1d750	0x00a1d750	xbuild-enriched-full	true	00a1d750	FUN_00a1d750	undefined FUN_00a1d750()	0	0	unknown	true		1	146	14	0	559
urn:ure:t6:occ:function:current-client:00a1d770	0x00a1d770	xbuild-enriched-full	true	00a1d770	FUN_00a1d770	undefined FUN_00a1d770()	0	0	unknown	true		1	146	14	0	559
urn:ure:t6:occ:function:current-client:00a1d790	0x00a1d790	xbuild-enriched-full	true	00a1d790	FUN_00a1d790	undefined FUN_00a1d790()	0	0	unknown	true		1	146	14	0	559
urn:ure:t6:occ:function:current-client:00a1d7b0	0x00a1d7b0	xbuild-enriched-full	true	00a1d7b0	FUN_00a1d7b0	undefined FUN_00a1d7b0()	0	0	unknown	true		4	469	42	6	1461
urn:ure:t6:occ:function:current-client:00a1d820	0x00a1d820	xbuild-enriched-full	true	00a1d820	FUN_00a1d820	undefined FUN_00a1d820()	0	0	unknown	true		4	521	43	6	1495
urn:ure:t6:occ:function:current-client:00a1d890	0x00a1d890	xbuild-enriched-full	true	00a1d890	FUN_00a1d890	undefined FUN_00a1d890()	0	0	unknown	true		5	424	39	12	1352
urn:ure:t6:occ:function:current-client:00a1d920	0x00a1d920	xbuild-enriched-full	true	00a1d920	FUN_00a1d920	undefined FUN_00a1d920()	0	0	unknown	true		6	752	47	5	1675
urn:ure:t6:occ:function:current-client:00a1d9a0	0x00a1d9a0	xbuild-enriched-full	true	00a1d9a0	FUN_00a1d9a0	undefined FUN_00a1d9a0()	0	0	unknown	true		9	1078	68	15	2496
urn:ure:t6:occ:function:current-client:00a1da80	0x00a1da80	xbuild-enriched-full	true	00a1da80	FUN_00a1da80	undefined FUN_00a1da80()	0	0	unknown	true		2	279	17	1	759
urn:ure:t6:occ:function:current-client:00a1dac0	0x00a1dac0	xbuild-enriched-full	true	00a1dac0	FUN_00a1dac0	undefined FUN_00a1dac0()	0	0	unknown	true		1	247	16	0	739
urn:ure:t6:occ:function:current-client:00a1daf0	0x00a1daf0	xbuild-enriched-full	true	00a1daf0	FUN_00a1daf0	undefined FUN_00a1daf0()	0	0	unknown	true		1	114	11	2	467
urn:ure:t6:occ:function:current-client:00a1db10	0x00a1db10	xbuild-enriched-full	true	00a1db10	FUN_00a1db10	undefined FUN_00a1db10()	0	0	unknown	true		1	159	12	0	552
urn:ure:t6:occ:function:current-client:00a1db30	0x00a1db30	xbuild-enriched-full	true	00a1db30	FUN_00a1db30	undefined FUN_00a1db30()	0	0	unknown	true		1	161	9	0	432
urn:ure:t6:occ:function:current-client:00a1db50	0x00a1db50	xbuild-enriched-full	true	00a1db50	FUN_00a1db50	undefined FUN_00a1db50()	0	0	unknown	true		7	855	55	14	1930
urn:ure:t6:occ:function:current-client:00a1dbe0	0x00a1dbe0	xbuild-enriched-full	true	00a1dbe0	FUN_00a1dbe0	undefined FUN_00a1dbe0()	0	0	unknown	true		4	429	29	3	1049
urn:ure:t6:occ:function:current-client:00a1dc30	0x00a1dc30	xbuild-enriched-full	true	00a1dc30	FUN_00a1dc30	undefined FUN_00a1dc30()	0	0	unknown	true		7	1033	70	13	2410
urn:ure:t6:occ:function:current-client:00a1dcf0	0x00a1dcf0	xbuild-enriched-full	true	00a1dcf0	FUN_00a1dcf0	undefined FUN_00a1dcf0()	0	0	unknown	true		5	716	49	7	1720
urn:ure:t6:occ:function:current-client:00a1dd70	0x00a1dd70	xbuild-enriched-full	true	00a1dd70	FUN_00a1dd70	undefined FUN_00a1dd70()	0	0	unknown	true		8	1036	83	15	2764
urn:ure:t6:occ:function:current-client:00a1de50	0x00a1de50	xbuild-enriched-full	true	00a1de50	FUN_00a1de50	undefined FUN_00a1de50()	0	0	unknown	true		5	660	48	5	1585
urn:ure:t6:occ:function:current-client:00a1dec0	0x00a1dec0	xbuild-enriched-full	true	00a1dec0	FUN_00a1dec0	undefined FUN_00a1dec0()	0	0	unknown	true		5	623	47	5	1477
urn:ure:t6:occ:function:current-client:00a1df30	0x00a1df30	xbuild-enriched-full	true	00a1df30	FUN_00a1df30	undefined FUN_00a1df30()	0	0	unknown	true		2	246	24	2	917
urn:ure:t6:occ:function:current-client:00a1df70	0x00a1df70	xbuild-enriched-full	true	00a1df70	FUN_00a1df70	undefined FUN_00a1df70()	0	0	unknown	true		2	430	30	2	1062
urn:ure:t6:occ:function:current-client:00a1dfc0	0x00a1dfc0	xbuild-enriched-full	true	00a1dfc0	FUN_00a1dfc0	undefined FUN_00a1dfc0()	0	0	unknown	true		1	184	17	1	656
urn:ure:t6:occ:function:current-client:00a1dff0	0x00a1dff0	xbuild-enriched-full	true	00a1dff0	FUN_00a1dff0	undefined FUN_00a1dff0()	0	0	unknown	true		1	78	8	0	369
urn:ure:t6:occ:function:current-client:00a1e010	0x00a1e010	xbuild-enriched-full	true	00a1e010	FUN_00a1e010	undefined FUN_00a1e010()	0	0	unknown	true		2	275	26	5	867
urn:ure:t6:occ:function:current-client:00a1e050	0x00a1e050	xbuild-enriched-full	true	00a1e050	FUN_00a1e050	undefined FUN_00a1e050()	0	0	unknown	true		4	534	44	4	1576
urn:ure:t6:occ:function:current-client:00a1e0c0	0x00a1e0c0	xbuild-enriched-full	true	00a1e0c0	FUN_00a1e0c0	undefined FUN_00a1e0c0()	0	0	unknown	true		2	242	21	2	713
urn:ure:t6:occ:function:current-client:00a1e0f0	0x00a1e0f0	xbuild-enriched-full	true	00a1e0f0	FUN_00a1e0f0	undefined FUN_00a1e0f0()	0	0	unknown	true		1	145	14	0	558
urn:ure:t6:occ:function:current-client:00a1e110	0x00a1e110	xbuild-enriched-full	true	00a1e110	FUN_00a1e110	undefined FUN_00a1e110()	0	0	unknown	true		1	139	11	2	448
urn:ure:t6:occ:function:current-client:00a1e130	0x00a1e130	xbuild-enriched-full	true	00a1e130	FUN_00a1e130	undefined FUN_00a1e130()	0	0	unknown	true		5	345	32	8	1066
urn:ure:t6:occ:function:current-client:00a1e180	0x00a1e180	xbuild-enriched-full	true	00a1e180	FUN_00a1e180	undefined FUN_00a1e180()	0	0	unknown	true		2	152	17	0	609
urn:ure:t6:occ:function:current-client:00a1e1b0	0x00a1e1b0	xbuild-enriched-full	true	00a1e1b0	FUN_00a1e1b0	undefined FUN_00a1e1b0()	0	0	unknown	true		0	69	5	0	267
urn:ure:t6:occ:function:current-client:00a1e1c0	0x00a1e1c0	xbuild-enriched-full	true	00a1e1c0	FUN_00a1e1c0	undefined FUN_00a1e1c0()	0	0	unknown	true		1	128	4	1	240
urn:ure:t6:occ:function:current-client:00a1e1d0	0x00a1e1d0	xbuild-enriched-full	true	00a1e1d0	FUN_00a1e1d0	undefined FUN_00a1e1d0()	0	0	unknown	true		2	119	12	1	490
urn:ure:t6:occ:function:current-client:00a1e1f0	0x00a1e1f0	xbuild-enriched-full	true	00a1e1f0	FUN_00a1e1f0	undefined FUN_00a1e1f0()	0	0	unknown	true		1	128	4	1	240
urn:ure:t6:occ:function:current-client:00a1e200	0x00a1e200	xbuild-enriched-full	true	00a1e200	FUN_00a1e200	undefined FUN_00a1e200()	0	0	unknown	true		2	282	12	4	495
urn:ure:t6:occ:function:current-client:00a1e230	0x00a1e230	xbuild-enriched-full	true	00a1e230	FUN_00a1e230	undefined FUN_00a1e230()	0	0	unknown	true		2	210	12	3	472
urn:ure:t6:occ:function:current-client:00a1e250	0x00a1e250	xbuild-enriched-full	true	00a1e250	FUN_00a1e250	undefined FUN_00a1e250()	0	0	unknown	true		2	243	14	3	540
urn:ure:t6:occ:function:current-client:00a1e280	0x00a1e280	xbuild-enriched-full	true	00a1e280	FUN_00a1e280	undefined FUN_00a1e280()	0	0	unknown	true		4	557	31	6	1171
urn:ure:t6:occ:function:current-client:00a1e2d0	0x00a1e2d0	xbuild-enriched-full	true	00a1e2d0	FUN_00a1e2d0	undefined FUN_00a1e2d0()	0	0	unknown	true		2	341	16	4	695
urn:ure:t6:occ:function:current-client:00a1e300	0x00a1e300	xbuild-enriched-full	true	00a1e300	FUN_00a1e300	undefined FUN_00a1e300()	0	0	unknown	true		2	103	11	2	453
urn:ure:t6:occ:function:current-client:00a1e320	0x00a1e320	xbuild-enriched-full	true	00a1e320	FUN_00a1e320	undefined FUN_00a1e320()	0	0	unknown	true		5	737	38	9	1655
urn:ure:t6:occ:function:current-client:00a1e3b0	0x00a1e3b0	xbuild-enriched-full	true	00a1e3b0	FUN_00a1e3b0	undefined FUN_00a1e3b0()	0	0	unknown	true		96	6585	646	137	21372
urn:ure:t6:occ:function:current-client:00a1eac0	0x00a1eac0	xbuild-enriched-full	true	00a1eac0	FUN_00a1eac0	undefined FUN_00a1eac0()	0	0	unknown	true		2	41	1	0	154
urn:ure:t6:occ:function:current-client:00a1ead0	0x00a1ead0	xbuild-enriched-full	true	00a1ead0	FUN_00a1ead0	undefined FUN_00a1ead0()	0	0	unknown	true		6	976	54	12	1714
urn:ure:t6:occ:function:current-client:00a1eb50	0x00a1eb50	xbuild-enriched-full	true	00a1eb50	FUN_00a1eb50	undefined FUN_00a1eb50()	0	0	unknown	true		43	4718	364	56	13293
urn:ure:t6:occ:function:current-client:00a1efc0	0x00a1efc0	xbuild-enriched-full	true	00a1efc0	FUN_00a1efc0	undefined FUN_00a1efc0()	0	0	unknown	true		2	119	13	2	496
urn:ure:t6:occ:function:current-client:00a1efe0	0x00a1efe0	xbuild-enriched-full	true	00a1efe0	FUN_00a1efe0	undefined FUN_00a1efe0()	0	0	unknown	true		262	17950	1241	194	43767
urn:ure:t6:occ:function:current-client:00a1fe10	0x00a1fe10	xbuild-enriched-full	true	00a1fe10	FUN_00a1fe10	undefined FUN_00a1fe10()	0	0	unknown	true		13	1704	139	18	4850
urn:ure:t6:occ:function:current-client:00a1ff90	0x00a1ff90	xbuild-enriched-full	true	00a1ff90	FUN_00a1ff90	undefined FUN_00a1ff90()	0	0	unknown	true		1	119	13	2	496
urn:ure:t6:occ:function:current-client:00a1ffb0	0x00a1ffb0	xbuild-enriched-full	true	00a1ffb0	FUN_00a1ffb0	undefined FUN_00a1ffb0()	0	0	unknown	true		22	4385	226	30	7823
urn:ure:t6:occ:function:current-client:00a201f0	0x00a201f0	xbuild-enriched-full	true	00a201f0	FUN_00a201f0	undefined FUN_00a201f0()	0	0	unknown	true		84	9524	705	97	24219
urn:ure:t6:occ:function:current-client:00a20900	0x00a20900	xbuild-enriched-full	true	00a20900	FUN_00a20900	undefined FUN_00a20900()	0	0	unknown	true		77	8384	676	96	22895
urn:ure:t6:occ:function:current-client:00a210b0	0x00a210b0	xbuild-enriched-full	true	00a210b0	FUN_00a210b0	undefined FUN_00a210b0()	0	0	unknown	true		37	4332	326	53	11206
urn:ure:t6:occ:function:current-client:00a21490	0x00a21490	xbuild-enriched-full	true	00a21490	FUN_00a21490	undefined FUN_00a21490()	0	0	unknown	true		21	3035	191	38	6771
urn:ure:t6:occ:function:current-client:00a21680	0x00a21680	xbuild-enriched-full	true	00a21680	FUN_00a21680	undefined FUN_00a21680()	0	0	unknown	true		15	2574	158	14	6064
urn:ure:t6:occ:function:current-client:00a21840	0x00a21840	xbuild-enriched-full	true	00a21840	FUN_00a21840	undefined FUN_00a21840()	0	0	unknown	true		17	2826	175	14	6749
urn:ure:t6:occ:function:current-client:00a21a30	0x00a21a30	xbuild-enriched-full	true	00a21a30	FUN_00a21a30	undefined FUN_00a21a30()	0	0	unknown	true		42	5095	361	49	12275
urn:ure:t6:occ:function:current-client:00a21e00	0x00a21e00	xbuild-enriched-full	true	00a21e00	FUN_00a21e00	undefined FUN_00a21e00()	0	0	unknown	true		25	3224	240	43	9902
urn:ure:t6:occ:function:current-client:00a22120	0x00a22120	xbuild-enriched-full	true	00a22120	FUN_00a22120	undefined FUN_00a22120()	0	0	unknown	true		34	4832	301	41	10248
urn:ure:t6:occ:function:current-client:00a22450	0x00a22450	xbuild-enriched-full	true	00a22450	FUN_00a22450	undefined FUN_00a22450()	0	0	unknown	true		17	2274	168	29	6860
urn:ure:t6:occ:function:current-client:00a22680	0x00a22680	xbuild-enriched-full	true	00a22680	FUN_00a22680	undefined FUN_00a22680()	0	0	unknown	true		35	4786	293	39	10036
urn:ure:t6:occ:function:current-client:00a22990	0x00a22990	xbuild-enriched-full	true	00a22990	FUN_00a22990	undefined FUN_00a22990()	0	0	unknown	true		15	2421	144	20	5441
urn:ure:t6:occ:function:current-client:00a22b30	0x00a22b30	xbuild-enriched-full	true	00a22b30	FUN_00a22b30	undefined FUN_00a22b30()	0	0	unknown	true		39	4534	337	53	12531
urn:ure:t6:occ:function:current-client:00a22f60	0x00a22f60	xbuild-enriched-full	true	00a22f60	FUN_00a22f60	undefined FUN_00a22f60()	0	0	unknown	true		9	1171	89	27	3217
urn:ure:t6:occ:function:current-client:00a23090	0x00a23090	xbuild-enriched-full	true	00a23090	FUN_00a23090	undefined FUN_00a23090()	0	0	unknown	true		340	27612	1524	263	53879
urn:ure:t6:occ:function:current-client:00a241e0	0x00a241e0	xbuild-enriched-full	true	00a241e0	FUN_00a241e0	undefined FUN_00a241e0()	0	0	unknown	true		16	2235	162	19	6038
urn:ure:t6:occ:function:current-client:00a243d0	0x00a243d0	xbuild-enriched-full	true	00a243d0	FUN_00a243d0	undefined FUN_00a243d0()	0	0	unknown	true		4	488	40	11	1440
urn:ure:t6:occ:function:current-client:00a24440	0x00a24440	xbuild-enriched-full	true	00a24440	FUN_00a24440	undefined FUN_00a24440()	0	0	unknown	true		39	6291	329	52	11543
urn:ure:t6:occ:function:current-client:00a247c0	0x00a247c0	xbuild-enriched-full	true	00a247c0	FUN_00a247c0	undefined FUN_00a247c0()	0	0	unknown	true		249	21591	1205	206	41157
urn:ure:t6:occ:function:current-client:00a254e0	0x00a254e0	xbuild-enriched-full	true	00a254e0	FUN_00a254e0	undefined FUN_00a254e0()	0	0	unknown	true		48	5473	500	68	16519
urn:ure:t6:occ:function:current-client:00a25ab0	0x00a25ab0	xbuild-enriched-full	true	00a25ab0	FUN_00a25ab0	undefined FUN_00a25ab0()	0	0	unknown	true		32	3457	300	45	10237
urn:ure:t6:occ:function:current-client:00a25e60	0x00a25e60	xbuild-enriched-full	true	00a25e60	FUN_00a25e60	undefined FUN_00a25e60()	0	0	unknown	true		16	2948	148	15	5529
urn:ure:t6:occ:function:current-client:00a26000	0x00a26000	xbuild-enriched-full	true	00a26000	FUN_00a26000	undefined FUN_00a26000()	0	0	unknown	true		62	9782	561	52	20316
urn:ure:t6:occ:function:current-client:00a26600	0x00a26600	xbuild-enriched-full	true	00a26600	FUN_00a26600	undefined FUN_00a26600()	0	0	unknown	true		153	24774	1301	126	46541
urn:ure:t6:occ:function:current-client:00a273a0	0x00a273a0	xbuild-enriched-full	true	00a273a0	FUN_00a273a0	undefined FUN_00a273a0()	0	0	unknown	true		19	2709	170	17	6238
urn:ure:t6:occ:function:current-client:00a27580	0x00a27580	xbuild-enriched-full	true	00a27580	FUN_00a27580	undefined FUN_00a27580()	0	0	unknown	true		8	1400	87	6	3004
urn:ure:t6:occ:function:current-client:00a27660	0x00a27660	xbuild-enriched-full	true	00a27660	FUN_00a27660	undefined FUN_00a27660()	0	0	unknown	true		2	137	13	1	497
urn:ure:t6:occ:function:current-client:00a27680	0x00a27680	xbuild-enriched-full	true	00a27680	FUN_00a27680	undefined FUN_00a27680()	0	0	unknown	true		4	425	37	2	1419
urn:ure:t6:occ:function:current-client:00a276e0	0x00a276e0	xbuild-enriched-full	true	00a276e0	FUN_00a276e0	undefined FUN_00a276e0()	0	0	unknown	true		3	350	24	3	795
urn:ure:t6:occ:function:current-client:00a27710	0x00a27710	xbuild-enriched-full	true	00a27710	FUN_00a27710	undefined FUN_00a27710()	0	0	unknown	true		57	7385	527	57	18401
urn:ure:t6:occ:function:current-client:00a27ca0	0x00a27ca0	xbuild-enriched-full	true	00a27ca0	FUN_00a27ca0	undefined FUN_00a27ca0()	0	0	unknown	true		129	15207	890	82	33058
urn:ure:t6:occ:function:current-client:00a286a0	0x00a286a0	xbuild-enriched-full	true	00a286a0	FUN_00a286a0	undefined FUN_00a286a0()	0	0	unknown	true		38	6447	361	35	12657
urn:ure:t6:occ:function:current-client:00a28a50	0x00a28a50	xbuild-enriched-full	true	00a28a50	FUN_00a28a50	undefined FUN_00a28a50()	0	0	unknown	true		58	7085	442	42	15654
urn:ure:t6:occ:function:current-client:00a28ef0	0x00a28ef0	xbuild-enriched-full	true	00a28ef0	FUN_00a28ef0	undefined FUN_00a28ef0()	0	0	unknown	true		8	1306	69	7	2320
urn:ure:t6:occ:function:current-client:00a28fa0	0x00a28fa0	xbuild-enriched-full	true	00a28fa0	FUN_00a28fa0	undefined FUN_00a28fa0()	0	0	unknown	true		8	1246	69	7	2435
urn:ure:t6:occ:function:current-client:00a29050	0x00a29050	xbuild-enriched-full	true	00a29050	FUN_00a29050	undefined FUN_00a29050()	0	0	unknown	true		8	1097	81	4	2674
urn:ure:t6:occ:function:current-client:00a29110	0x00a29110	xbuild-enriched-full	true	00a29110	FUN_00a29110	undefined FUN_00a29110()	0	0	unknown	true		6	915	55	4	1881
urn:ure:t6:occ:function:current-client:00a291a0	0x00a291a0	xbuild-enriched-full	true	00a291a0	FUN_00a291a0	undefined FUN_00a291a0()	0	0	unknown	true		6	942	59	4	2008
urn:ure:t6:occ:function:current-client:00a29230	0x00a29230	xbuild-enriched-full	true	00a29230	FUN_00a29230	undefined FUN_00a29230()	0	0	unknown	true		6	383	65	6	2215
urn:ure:t6:occ:function:current-client:00a292e0	0x00a292e0	xbuild-enriched-full	true	00a292e0	FUN_00a292e0	undefined FUN_00a292e0()	0	0	unknown	true		12	1991	130	7	4685
urn:ure:t6:occ:function:current-client:00a29430	0x00a29430	xbuild-enriched-full	true	00a29430	FUN_00a29430	undefined FUN_00a29430()	0	0	unknown	true		10	1534	91	7	3344
urn:ure:t6:occ:function:current-client:00a29530	0x00a29530	xbuild-enriched-full	true	00a29530	FUN_00a29530	undefined FUN_00a29530()	0	0	unknown	true		10	1533	92	7	3371
urn:ure:t6:occ:function:current-client:00a29630	0x00a29630	xbuild-enriched-full	true	00a29630	FUN_00a29630	undefined FUN_00a29630()	0	0	unknown	true		4	762	53	4	1647
urn:ure:t6:occ:function:current-client:00a296a0	0x00a296a0	xbuild-enriched-full	true	00a296a0	FUN_00a296a0	undefined FUN_00a296a0()	0	0	unknown	true		4	762	53	4	1647
urn:ure:t6:occ:function:current-client:00a29710	0x00a29710	xbuild-enriched-full	true	00a29710	FUN_00a29710	undefined FUN_00a29710()	0	0	unknown	true		21	4211	242	15	9158
urn:ure:t6:occ:function:current-client:00a299b0	0x00a299b0	xbuild-enriched-full	true	00a299b0	FUN_00a299b0	undefined FUN_00a299b0()	0	0	unknown	true		24	4533	247	21	8973
urn:ure:t6:occ:function:current-client:00a29c40	0x00a29c40	xbuild-enriched-full	true	00a29c40	FUN_00a29c40	undefined FUN_00a29c40()	0	0	unknown	true		19	3526	212	12	7405
urn:ure:t6:occ:function:current-client:00a29e70	0x00a29e70	xbuild-enriched-full	true	00a29e70	FUN_00a29e70	undefined FUN_00a29e70()	0	0	unknown	true		1	153	12	0	522
urn:ure:t6:occ:function:current-client:00a29e90	0x00a29e90	xbuild-enriched-full	true	00a29e90	FUN_00a29e90	undefined FUN_00a29e90()	0	0	unknown	true		48	6418	469	32	16225
urn:ure:t6:occ:function:current-client:00a2a360	0x00a2a360	xbuild-enriched-full	true	00a2a360	FUN_00a2a360	undefined FUN_00a2a360()	0	0	unknown	true		5	631	39	11	1512
urn:ure:t6:occ:function:current-client:00a2a3e0	0x00a2a3e0	xbuild-enriched-full	true	00a2a3e0	FUN_00a2a3e0	undefined FUN_00a2a3e0()	0	0	unknown	true		10	1896	105	5	3695
urn:ure:t6:occ:function:current-client:00a2a500	0x00a2a500	xbuild-enriched-full	true	00a2a500	FUN_00a2a500	undefined FUN_00a2a500()	0	0	unknown	true		41	5622	327	32	12192
urn:ure:t6:occ:function:current-client:00a2a8a0	0x00a2a8a0	xbuild-enriched-full	true	00a2a8a0	FUN_00a2a8a0	undefined FUN_00a2a8a0()	0	0	unknown	true		36	4193	267	13	9791
urn:ure:t6:occ:function:current-client:00a2ab80	0x00a2ab80	xbuild-enriched-full	true	00a2ab80	FUN_00a2ab80	undefined FUN_00a2ab80()	0	0	unknown	true		24	1933	163	25	5203
urn:ure:t6:occ:function:current-client:00a2ad20	0x00a2ad20	xbuild-enriched-full	true	00a2ad20	FUN_00a2ad20	undefined FUN_00a2ad20()	0	0	unknown	true		9	1370	96	4	3267
urn:ure:t6:occ:function:current-client:00a2ae10	0x00a2ae10	xbuild-enriched-full	true	00a2ae10	FUN_00a2ae10	undefined FUN_00a2ae10()	0	0	unknown	true		27	3471	202	15	7151
urn:ure:t6:occ:function:current-client:00a2b030	0x00a2b030	xbuild-enriched-full	true	00a2b030	FUN_00a2b030	undefined FUN_00a2b030()	0	0	unknown	true		10	1573	90	9	3129
urn:ure:t6:occ:function:current-client:00a2b110	0x00a2b110	xbuild-enriched-full	true	00a2b110	FUN_00a2b110	undefined FUN_00a2b110()	0	0	unknown	true		7	619	66	9	1892
urn:ure:t6:occ:function:current-client:00a2b1a0	0x00a2b1a0	xbuild-enriched-full	true	00a2b1a0	FUN_00a2b1a0	undefined FUN_00a2b1a0()	0	0	unknown	true		7	619	66	9	1892
urn:ure:t6:occ:function:current-client:00a2b230	0x00a2b230	xbuild-enriched-full	true	00a2b230	FUN_00a2b230	undefined FUN_00a2b230()	0	0	unknown	true		11	1517	96	9	3469
urn:ure:t6:occ:function:current-client:00a2b330	0x00a2b330	xbuild-enriched-full	true	00a2b330	FUN_00a2b330	undefined FUN_00a2b330()	0	0	unknown	true		24	3428	196	29	7047
urn:ure:t6:occ:function:current-client:00a2b550	0x00a2b550	xbuild-enriched-full	true	00a2b550	FUN_00a2b550	undefined FUN_00a2b550()	0	0	unknown	true		26	3648	212	32	7647
urn:ure:t6:occ:function:current-client:00a2b7a0	0x00a2b7a0	xbuild-enriched-full	true	00a2b7a0	FUN_00a2b7a0	undefined FUN_00a2b7a0()	0	0	unknown	true		7	710	82	11	2327
urn:ure:t6:occ:function:current-client:00a2b860	0x00a2b860	xbuild-enriched-full	true	00a2b860	FUN_00a2b860	undefined FUN_00a2b860()	0	0	unknown	true		2	202	19	2	681
urn:ure:t6:occ:function:current-client:00a2b890	0x00a2b890	xbuild-enriched-full	true	00a2b890	FUN_00a2b890	undefined FUN_00a2b890()	0	0	unknown	true		2	202	19	2	681
urn:ure:t6:occ:function:current-client:00a2b8c0	0x00a2b8c0	xbuild-enriched-full	true	00a2b8c0	FUN_00a2b8c0	undefined FUN_00a2b8c0()	0	0	unknown	true		2	203	19	2	681
urn:ure:t6:occ:function:current-client:00a2b8f0	0x00a2b8f0	xbuild-enriched-full	true	00a2b8f0	FUN_00a2b8f0	undefined FUN_00a2b8f0()	0	0	unknown	true		2	204	19	2	681
urn:ure:t6:occ:function:current-client:00a2b920	0x00a2b920	xbuild-enriched-full	true	00a2b920	FUN_00a2b920	undefined FUN_00a2b920()	0	0	unknown	true		2	202	19	2	681
urn:ure:t6:occ:function:current-client:00a2b950	0x00a2b950	xbuild-enriched-full	true	00a2b950	FUN_00a2b950	undefined FUN_00a2b950()	0	0	unknown	true		2	204	19	2	681
urn:ure:t6:occ:function:current-client:00a2b980	0x00a2b980	xbuild-enriched-full	true	00a2b980	FUN_00a2b980	undefined FUN_00a2b980()	0	0	unknown	true		2	190	15	2	556
urn:ure:t6:occ:function:current-client:00a2b9b0	0x00a2b9b0	xbuild-enriched-full	true	00a2b9b0	FUN_00a2b9b0	undefined FUN_00a2b9b0()	0	0	unknown	true		2	153	16	2	569
urn:ure:t6:occ:function:current-client:00a2c9f0	0x00a2c9f0	xbuild-enriched-full	true	00a2c9f0	FUN_00a2c9f0	undefined FUN_00a2c9f0()	0	0	unknown	true		5	1168	16	2	522
urn:ure:t6:occ:function:current-client:00a2ca10	0x00a2ca10	xbuild-enriched-full	true	00a2ca10	FUN_00a2ca10	undefined FUN_00a2ca10()	0	0	unknown	true		3	482	18	3	743
urn:ure:t6:occ:function:current-client:00a2ca42	0x00a2ca42	xbuild-enriched-full	true	00a2ca42	FUN_00a2ca42	undefined FUN_00a2ca42()	0	0	unknown	true		3	437	15	4	558
urn:ure:t6:occ:function:current-client:00a2ca6c	0x00a2ca6c	xbuild-enriched-full	true	00a2ca6c	KERNEL32.DLL::GetFileInformationByHandleEx	BOOL __stdcall GetFileInformationByHandleEx(HANDLE hFile, FILE_INFO_BY_HANDLE_CLASS FileInformationClass, LPVOID lpFileInformation, DWORD dwBufferSize)	4	0	__stdcall	true		4	472	1	1	187
urn:ure:t6:occ:function:current-client:00a2ca72	0x00a2ca72	xbuild-enriched-full	true	00a2ca72	KERNEL32.DLL::OpenFileById	HANDLE __stdcall OpenFileById(HANDLE hVolumeHint, LPFILE_ID_DESCRIPTOR lpFileId, DWORD dwDesiredAccess, DWORD dwShareMode, LPSECURITY_ATTRIBUTES lpSecurityAttributes, DWORD dwFlagsAndAttributes)	6	0	__stdcall	true		2	568	1	1	187
urn:ure:t6:occ:function:current-client:00a2ca80	0x00a2ca80	xbuild-enriched-full	true	00a2ca80	FUN_00a2ca80	undefined FUN_00a2ca80()	0	0	unknown	true		1	168	6	1	308
urn:ure:t6:occ:function:current-client:00a2ca90	0x00a2ca90	xbuild-enriched-full	true	00a2ca90	FUN_00a2ca90	undefined FUN_00a2ca90()	0	0	unknown	true		1	168	6	1	308
urn:ure:t6:occ:function:current-client:00a2caa0	0x00a2caa0	xbuild-enriched-full	true	00a2caa0	FUN_00a2caa0	undefined FUN_00a2caa0()	0	0	unknown	true		1	168	6	1	308
urn:ure:t6:occ:function:current-client:00a2cab0	0x00a2cab0	xbuild-enriched-full	true	00a2cab0	FUN_00a2cab0	undefined FUN_00a2cab0()	0	0	unknown	true		1	168	6	1	308
urn:ure:t6:occ:function:current-client:00a2cac0	0x00a2cac0	xbuild-enriched-full	true	00a2cac0	FUN_00a2cac0	undefined FUN_00a2cac0()	0	0	unknown	true		1	168	6	1	308
urn:ure:t6:occ:function:current-client:00a2cad0	0x00a2cad0	xbuild-enriched-full	true	00a2cad0	FUN_00a2cad0	undefined FUN_00a2cad0()	0	0	unknown	true		1	168	6	1	308
urn:ure:t6:occ:function:current-client:00a2cae0	0x00a2cae0	xbuild-enriched-full	true	00a2cae0	FUN_00a2cae0	undefined FUN_00a2cae0()	0	0	unknown	true		0	147	2	1	195
urn:ure:t6:occ:function:current-client:00a2caf0	0x00a2caf0	xbuild-enriched-full	true	00a2caf0	FUN_00a2caf0	undefined FUN_00a2caf0()	0	0	unknown	true		0	147	2	1	195
urn:ure:t6:occ:function:current-client:00a2cb00	0x00a2cb00	xbuild-enriched-full	true	00a2cb00	FUN_00a2cb00	undefined FUN_00a2cb00()	0	0	unknown	true		0	147	2	1	195
urn:ure:t6:occ:function:current-client:00a2cb10	0x00a2cb10	xbuild-enriched-full	true	00a2cb10	FUN_00a2cb10	undefined FUN_00a2cb10()	0	0	unknown	true		3	344	22	9	820
urn:ure:t6:occ:function:current-client:00a2cb50	0x00a2cb50	xbuild-enriched-full	true	00a2cb50	FUN_00a2cb50	undefined FUN_00a2cb50()	0	0	unknown	true		2	266	15	7	616
urn:ure:t6:occ:function:current-client:00a2cb80	0x00a2cb80	xbuild-enriched-full	true	00a2cb80	FUN_00a2cb80	undefined FUN_00a2cb80()	0	0	unknown	true		3	371	24	9	887
urn:ure:t6:occ:function:current-client:00a2cbd0	0x00a2cbd0	xbuild-enriched-full	true	00a2cbd0	FUN_00a2cbd0	undefined FUN_00a2cbd0()	0	0	unknown	true		5	766	51	10	1695
urn:ure:t6:occ:function:current-client:00a2cc50	0x00a2cc50	xbuild-enriched-full	true	00a2cc50	xbuild_ctor_bdSecurityKey__00a2cc50	undefined xbuild_ctor_bdSecurityKey__00a2cc50()	0	0	unknown	true		1	208	7	1	394
urn:ure:t6:occ:function:current-client:00a2cc70	0x00a2cc70	xbuild-enriched-full	true	00a2cc70	xbuild_ctor_bdSecurityKey__00a2cc70	undefined xbuild_ctor_bdSecurityKey__00a2cc70()	0	0	unknown	true		1	214	14	0	653
urn:ure:t6:occ:function:current-client:00a2cca0	0x00a2cca0	xbuild-enriched-full	true	00a2cca0	FUN_00a2cca0	undefined FUN_00a2cca0()	0	0	unknown	true		2	207	23	2	707
urn:ure:t6:occ:function:current-client:00a2ccd0	0x00a2ccd0	xbuild-enriched-full	true	00a2ccd0	FUN_00a2ccd0	undefined FUN_00a2ccd0()	0	0	unknown	true		1	109	3	0	247
urn:ure:t6:occ:function:current-client:00a2cce0	0x00a2cce0	xbuild-enriched-full	true	00a2cce0	FUN_00a2cce0	undefined FUN_00a2cce0()	0	0	unknown	true		4	569	41	4	1330
urn:ure:t6:occ:function:current-client:00a2cd40	0x00a2cd40	xbuild-enriched-full	true	00a2cd40	FUN_00a2cd40	undefined FUN_00a2cd40()	0	0	unknown	true		0	128	3	0	244
urn:ure:t6:occ:function:current-client:00a2cd50	0x00a2cd50	xbuild-enriched-full	true	00a2cd50	FUN_00a2cd50	undefined FUN_00a2cd50()	0	0	unknown	true		3	475	28	2	948
urn:ure:t6:occ:function:current-client:00a2cd90	0x00a2cd90	xbuild-enriched-full	true	00a2cd90	FUN_00a2cd90	undefined FUN_00a2cd90()	0	0	unknown	true		2	276	13	2	534
urn:ure:t6:occ:function:current-client:00a2cdb0	0x00a2cdb0	xbuild-enriched-full	true	00a2cdb0	FUN_00a2cdb0	undefined FUN_00a2cdb0()	0	0	unknown	true		5	673	44	8	1444
urn:ure:t6:occ:function:current-client:00a2ce20	0x00a2ce20	xbuild-enriched-full	true	00a2ce20	FUN_00a2ce20	undefined FUN_00a2ce20()	0	0	unknown	true		4	696	41	7	1470
urn:ure:t6:occ:function:current-client:00a2cea0	0x00a2cea0	xbuild-enriched-full	true	00a2cea0	FUN_00a2cea0	undefined FUN_00a2cea0()	0	0	unknown	true		2	355	14	2	617
urn:ure:t6:occ:function:current-client:00a2ced0	0x00a2ced0	xbuild-enriched-full	true	00a2ced0	FUN_00a2ced0	undefined FUN_00a2ced0()	0	0	unknown	true		2	245	25	4	811
urn:ure:t6:occ:function:current-client:00a2cf10	0x00a2cf10	xbuild-enriched-full	true	00a2cf10	FUN_00a2cf10	undefined FUN_00a2cf10()	0	0	unknown	true		1	130	6	2	311
urn:ure:t6:occ:function:current-client:00a2cf20	0x00a2cf20	xbuild-enriched-full	true	00a2cf20	FUN_00a2cf20	undefined FUN_00a2cf20()	0	0	unknown	true		1	127	6	2	310
urn:ure:t6:occ:function:current-client:00a2cf30	0x00a2cf30	xbuild-enriched-full	true	00a2cf30	FUN_00a2cf30	undefined FUN_00a2cf30()	0	0	unknown	true		4	452	43	7	1290
urn:ure:t6:occ:function:current-client:00a2cf90	0x00a2cf90	xbuild-enriched-full	true	00a2cf90	FUN_00a2cf90	undefined FUN_00a2cf90()	0	0	unknown	true		4	448	43	6	1272
urn:ure:t6:occ:function:current-client:00a2cff0	0x00a2cff0	xbuild-enriched-full	true	00a2cff0	FUN_00a2cff0	undefined FUN_00a2cff0()	0	0	unknown	true		5	406	35	7	1095
urn:ure:t6:occ:function:current-client:00a2d050	0x00a2d050	xbuild-enriched-full	true	00a2d050	FUN_00a2d050	undefined FUN_00a2d050()	0	0	unknown	true		3	313	25	4	854
urn:ure:t6:occ:function:current-client:00a2d090	0x00a2d090	xbuild-enriched-full	true	00a2d090	FUN_00a2d090	undefined FUN_00a2d090()	0	0	unknown	true		3	329	35	5	1065
urn:ure:t6:occ:function:current-client:00a2d0e0	0x00a2d0e0	xbuild-enriched-full	true	00a2d0e0	FUN_00a2d0e0	undefined FUN_00a2d0e0()	0	0	unknown	true		3	320	35	5	1065
urn:ure:t6:occ:function:current-client:00a2d130	0x00a2d130	xbuild-enriched-full	true	00a2d130	FUN_00a2d130	undefined FUN_00a2d130()	0	0	unknown	true		3	320	35	5	1065
urn:ure:t6:occ:function:current-client:00a2d180	0x00a2d180	xbuild-enriched-full	true	00a2d180	FUN_00a2d180	undefined FUN_00a2d180()	0	0	unknown	true		3	372	38	5	1190
urn:ure:t6:occ:function:current-client:00a2d1e0	0x00a2d1e0	xbuild-enriched-full	true	00a2d1e0	FUN_00a2d1e0	undefined FUN_00a2d1e0()	0	0	unknown	true		3	373	38	5	1190
urn:ure:t6:occ:function:current-client:00a2d240	0x00a2d240	xbuild-enriched-full	true	00a2d240	FUN_00a2d240	undefined FUN_00a2d240()	0	0	unknown	true		4	322	35	5	1058
urn:ure:t6:occ:function:current-client:00a2d290	0x00a2d290	xbuild-enriched-full	true	00a2d290	FUN_00a2d290	undefined FUN_00a2d290()	0	0	unknown	true		4	578	41	9	1363
urn:ure:t6:occ:function:current-client:00a2d2f0	0x00a2d2f0	xbuild-enriched-full	true	00a2d2f0	FUN_00a2d2f0	undefined FUN_00a2d2f0()	0	0	unknown	true		4	458	38	7	1220
urn:ure:t6:occ:function:current-client:00a2d350	0x00a2d350	xbuild-enriched-full	true	00a2d350	FUN_00a2d350	undefined FUN_00a2d350()	0	0	unknown	true		5	532	58	9	1751
urn:ure:t6:occ:function:current-client:00a2d3d0	0x00a2d3d0	xbuild-enriched-full	true	00a2d3d0	FUN_00a2d3d0	undefined FUN_00a2d3d0()	0	0	unknown	true		2	170	14	3	519
urn:ure:t6:occ:function:current-client:00a2d400	0x00a2d400	xbuild-enriched-full	true	00a2d400	FUN_00a2d400	undefined FUN_00a2d400()	0	0	unknown	true		2	286	25	4	804
urn:ure:t6:occ:function:current-client:00a2d440	0x00a2d440	xbuild-enriched-full	true	00a2d440	FUN_00a2d440	undefined FUN_00a2d440()	0	0	unknown	true		2	286	25	4	804
urn:ure:t6:occ:function:current-client:00a2d480	0x00a2d480	xbuild-enriched-full	true	00a2d480	FUN_00a2d480	undefined FUN_00a2d480()	0	0	unknown	true		3	366	35	6	1059
urn:ure:t6:occ:function:current-client:00a2d4d0	0x00a2d4d0	xbuild-enriched-full	true	00a2d4d0	FUN_00a2d4d0	undefined FUN_00a2d4d0()	0	0	unknown	true		3	358	35	6	1047
urn:ure:t6:occ:function:current-client:00a2d520	0x00a2d520	xbuild-enriched-full	true	00a2d520	FUN_00a2d520	undefined FUN_00a2d520()	0	0	unknown	true		8	1007	71	15	2110
urn:ure:t6:occ:function:current-client:00a2d5c0	0x00a2d5c0	xbuild-enriched-full	true	00a2d5c0	FUN_00a2d5c0	undefined FUN_00a2d5c0()	0	0	unknown	true		3	320	32	6	968
urn:ure:t6:occ:function:current-client:00a2d610	0x00a2d610	xbuild-enriched-full	true	00a2d610	FUN_00a2d610	undefined FUN_00a2d610()	0	0	unknown	true		3	320	35	5	1061
urn:ure:t6:occ:function:current-client:00a2d660	0x00a2d660	xbuild-enriched-full	true	00a2d660	FUN_00a2d660	undefined FUN_00a2d660()	0	0	unknown	true		4	640	46	8	1466
urn:ure:t6:occ:function:current-client:00a2d6d0	0x00a2d6d0	xbuild-enriched-full	true	00a2d6d0	FUN_00a2d6d0	undefined FUN_00a2d6d0()	0	0	unknown	true		4	707	50	9	1643
urn:ure:t6:occ:function:current-client:00a2d750	0x00a2d750	xbuild-enriched-full	true	00a2d750	FUN_00a2d750	undefined FUN_00a2d750()	0	0	unknown	true		1	107	10	1	427
urn:ure:t6:occ:function:current-client:00a2d770	0x00a2d770	xbuild-enriched-full	true	00a2d770	FUN_00a2d770	undefined FUN_00a2d770()	0	0	unknown	true		1	111	11	1	432
urn:ure:t6:occ:function:current-client:00a2d790	0x00a2d790	xbuild-enriched-full	true	00a2d790	xbuild_ctor_bdSecurityID__00a2d790	undefined xbuild_ctor_bdSecurityID__00a2d790()	0	0	unknown	true		0	147	5	1	302
urn:ure:t6:occ:function:current-client:00a2d7a0	0x00a2d7a0	xbuild-enriched-full	true	00a2d7a0	xbuild_ctor_bdSecurityID__00a2d7a0	undefined xbuild_ctor_bdSecurityID__00a2d7a0()	0	0	unknown	true		1	159	10	0	469
urn:ure:t6:occ:function:current-client:00a2d7c0	0x00a2d7c0	xbuild-enriched-full	true	00a2d7c0	xbuild_fn_8bdSecurityID__00a2d7c0	undefined xbuild_fn_8bdSecurityID__00a2d7c0()	0	0	unknown	true		5	852	55	9	1778
urn:ure:t6:occ:function:current-client:00a2d850	0x00a2d850	xbuild-enriched-full	true	00a2d850	FUN_00a2d850	undefined FUN_00a2d850()	0	0	unknown	true		1	170	14	3	519
urn:ure:t6:occ:function:current-client:00a2d880	0x00a2d880	xbuild-enriched-full	true	00a2d880	FUN_00a2d880	undefined FUN_00a2d880()	0	0	unknown	true		0	97	2	0	199
urn:ure:t6:occ:function:current-client:00a2d890	0x00a2d890	xbuild-enriched-full	true	00a2d890	FUN_00a2d890	undefined FUN_00a2d890()	0	0	unknown	true		0	73	2	0	191
urn:ure:t6:occ:function:current-client:00a2d8a0	0x00a2d8a0	xbuild-enriched-full	true	00a2d8a0	FUN_00a2d8a0	undefined FUN_00a2d8a0()	0	0	unknown	true		0	70	2	0	190
urn:ure:t6:occ:function:current-client:00a2d8b0	0x00a2d8b0	xbuild-enriched-full	true	00a2d8b0	FUN_00a2d8b0	undefined FUN_00a2d8b0()	0	0	unknown	true		2	311	24	2	869
urn:ure:t6:occ:function:current-client:00a2d8f0	0x00a2d8f0	xbuild-enriched-full	true	00a2d8f0	FUN_00a2d8f0	undefined FUN_00a2d8f0()	0	0	unknown	true		2	279	20	1	765
urn:ure:t6:occ:function:current-client:00a2d920	0x00a2d920	xbuild-enriched-full	true	00a2d920	FUN_00a2d920	undefined FUN_00a2d920()	0	0	unknown	true		8	1401	91	16	2950
urn:ure:t6:occ:function:current-client:00a2da10	0x00a2da10	xbuild-enriched-full	true	00a2da10	FUN_00a2da10	undefined FUN_00a2da10()	0	0	unknown	true		15	2334	135	32	4777
urn:ure:t6:occ:function:current-client:00a2dbc0	0x00a2dbc0	xbuild-enriched-full	true	00a2dbc0	FUN_00a2dbc0	undefined FUN_00a2dbc0()	0	0	unknown	true		1	106	7	0	361
urn:ure:t6:occ:function:current-client:00a2dbd0	0x00a2dbd0	xbuild-enriched-full	true	00a2dbd0	FUN_00a2dbd0	undefined FUN_00a2dbd0()	0	0	unknown	true		15	2233	128	27	4563
urn:ure:t6:occ:function:current-client:00a2dd60	0x00a2dd60	xbuild-enriched-full	true	00a2dd60	FUN_00a2dd60	undefined FUN_00a2dd60()	0	0	unknown	true		4	354	40	3	1335
urn:ure:t6:occ:function:current-client:00a2ddc0	0x00a2ddc0	xbuild-enriched-full	true	00a2ddc0	FUN_00a2ddc0	undefined FUN_00a2ddc0()	0	0	unknown	true		4	703	39	5	1478
urn:ure:t6:occ:function:current-client:00a2de40	0x00a2de40	xbuild-enriched-full	true	00a2de40	FUN_00a2de40	undefined FUN_00a2de40()	0	0	unknown	true		5	813	52	9	1825
urn:ure:t6:occ:function:current-client:00a2dee0	0x00a2dee0	xbuild-enriched-full	true	00a2dee0	FUN_00a2dee0	undefined FUN_00a2dee0()	0	0	unknown	true		7	1009	69	9	2477
urn:ure:t6:occ:function:current-client:00a2dfa0	0x00a2dfa0	xbuild-enriched-full	true	00a2dfa0	FUN_00a2dfa0	undefined FUN_00a2dfa0()	0	0	unknown	true		10	1456	92	16	3262
urn:ure:t6:occ:function:current-client:00a2e0a0	0x00a2e0a0	xbuild-enriched-full	true	00a2e0a0	FUN_00a2e0a0	undefined FUN_00a2e0a0()	0	0	unknown	true		7	1055	68	12	2550
urn:ure:t6:occ:function:current-client:00a2e170	0x00a2e170	xbuild-enriched-full	true	00a2e170	FUN_00a2e170	undefined FUN_00a2e170()	0	0	unknown	true		19	2661	158	35	5356
urn:ure:t6:occ:function:current-client:00a2e320	0x00a2e320	xbuild-enriched-full	true	00a2e320	FUN_00a2e320	undefined FUN_00a2e320()	0	0	unknown	true		1	170	14	3	519
urn:ure:t6:occ:function:current-client:00a2e350	0x00a2e350	xbuild-enriched-full	true	00a2e350	FUN_00a2e350	undefined FUN_00a2e350()	0	0	unknown	true		0	116	6	1	283
urn:ure:t6:occ:function:current-client:00a2e360	0x00a2e360	xbuild-enriched-full	true	00a2e360	xbuild_dtor_bdInetAddr__00a2e360	undefined xbuild_dtor_bdInetAddr__00a2e360()	0	0	unknown	true		0	112	2	0	207
urn:ure:t6:occ:function:current-client:00a2e370	0x00a2e370	xbuild-enriched-full	true	00a2e370	FUN_00a2e370	undefined FUN_00a2e370()	0	0	unknown	true		1	162	12	1	480
urn:ure:t6:occ:function:current-client:00a2e390	0x00a2e390	xbuild-enriched-full	true	00a2e390	FUN_00a2e390	undefined FUN_00a2e390()	0	0	unknown	true		0	110	7	0	351
urn:ure:t6:occ:function:current-client:00a2e3a0	0x00a2e3a0	xbuild-enriched-full	true	00a2e3a0	FUN_00a2e3a0	undefined FUN_00a2e3a0()	0	0	unknown	true		0	59	4	1	240
urn:ure:t6:occ:function:current-client:00a2e3b0	0x00a2e3b0	xbuild-enriched-full	true	00a2e3b0	FUN_00a2e3b0	undefined FUN_00a2e3b0()	0	0	unknown	true		0	108	6	0	313
urn:ure:t6:occ:function:current-client:00a2e3c0	0x00a2e3c0	xbuild-enriched-full	true	00a2e3c0	FUN_00a2e3c0	undefined FUN_00a2e3c0()	0	0	unknown	true		1	149	16	2	540
urn:ure:t6:occ:function:current-client:00a2e3f0	0x00a2e3f0	xbuild-enriched-full	true	00a2e3f0	FUN_00a2e3f0	undefined FUN_00a2e3f0()	0	0	unknown	true		0	82	2	0	192
urn:ure:t6:occ:function:current-client:00a2e400	0x00a2e400	xbuild-enriched-full	true	00a2e400	FUN_00a2e400	undefined FUN_00a2e400()	0	0	unknown	true		2	233	24	3	758
urn:ure:t6:occ:function:current-client:00a2e430	0x00a2e430	xbuild-enriched-full	true	00a2e430	FUN_00a2e430	undefined FUN_00a2e430()	0	0	unknown	true		0	110	7	0	351
urn:ure:t6:occ:function:current-client:00a2e440	0x00a2e440	xbuild-enriched-full	true	00a2e440	FUN_00a2e440	undefined FUN_00a2e440()	0	0	unknown	true		1	214	16	1	609
urn:ure:t6:occ:function:current-client:00a2e470	0x00a2e470	xbuild-enriched-full	true	00a2e470	FUN_00a2e470	undefined FUN_00a2e470()	0	0	unknown	true		1	214	16	1	609
urn:ure:t6:occ:function:current-client:00a2e4a0	0x00a2e4a0	xbuild-enriched-full	true	00a2e4a0	FUN_00a2e4a0	undefined FUN_00a2e4a0()	0	0	unknown	true		1	106	16	2	583
urn:ure:t6:occ:function:current-client:00a2e4d0	0x00a2e4d0	xbuild-enriched-full	true	00a2e4d0	FUN_00a2e4d0	undefined FUN_00a2e4d0()	0	0	unknown	true		1	160	13	2	487
urn:ure:t6:occ:function:current-client:00a2e4f0	0x00a2e4f0	xbuild-enriched-full	true	00a2e4f0	FUN_00a2e4f0	undefined FUN_00a2e4f0()	0	0	unknown	true		1	160	13	2	487
urn:ure:t6:occ:function:current-client:00a2e510	0x00a2e510	xbuild-enriched-full	true	00a2e510	FUN_00a2e510	undefined FUN_00a2e510()	0	0	unknown	true		1	120	8	1	355
urn:ure:t6:occ:function:current-client:00a2e530	0x00a2e530	xbuild-enriched-full	true	00a2e530	FUN_00a2e530	undefined FUN_00a2e530()	0	0	unknown	true		1	166	15	1	558
urn:ure:t6:occ:function:current-client:00a2e550	0x00a2e550	xbuild-enriched-full	true	00a2e550	FUN_00a2e550	undefined FUN_00a2e550()	0	0	unknown	true		1	171	13	1	517
urn:ure:t6:occ:function:current-client:00a2e570	0x00a2e570	xbuild-enriched-full	true	00a2e570	FUN_00a2e570	undefined FUN_00a2e570()	0	0	unknown	true		1	164	12	1	491
urn:ure:t6:occ:function:current-client:00a2e590	0x00a2e590	xbuild-enriched-full	true	00a2e590	FUN_00a2e590	undefined FUN_00a2e590()	0	0	unknown	true		1	242	16	3	608
urn:ure:t6:occ:function:current-client:00a2e5c0	0x00a2e5c0	xbuild-enriched-full	true	00a2e5c0	FUN_00a2e5c0	undefined FUN_00a2e5c0()	0	0	unknown	true		0	120	6	0	321
urn:ure:t6:occ:function:current-client:00a2e5d0	0x00a2e5d0	xbuild-enriched-full	true	00a2e5d0	FUN_00a2e5d0	undefined FUN_00a2e5d0()	0	0	unknown	true		0	94	2	0	200
urn:ure:t6:occ:function:current-client:00a2e5e0	0x00a2e5e0	xbuild-enriched-full	true	00a2e5e0	FUN_00a2e5e0	undefined FUN_00a2e5e0()	0	0	unknown	true		2	320	24	2	869
urn:ure:t6:occ:function:current-client:00a2e620	0x00a2e620	xbuild-enriched-full	true	00a2e620	FUN_00a2e620	undefined FUN_00a2e620()	0	0	unknown	true		3	245	26	2	845
urn:ure:t6:occ:function:current-client:00a2e660	0x00a2e660	xbuild-enriched-full	true	00a2e660	FUN_00a2e660	undefined FUN_00a2e660()	0	0	unknown	true		8	1362	85	15	2773
urn:ure:t6:occ:function:current-client:00a2e750	0x00a2e750	xbuild-enriched-full	true	00a2e750	FUN_00a2e750	undefined FUN_00a2e750()	0	0	unknown	true		3	344	32	5	1033
urn:ure:t6:occ:function:current-client:00a2e7a0	0x00a2e7a0	xbuild-enriched-full	true	00a2e7a0	FUN_00a2e7a0	undefined FUN_00a2e7a0()	0	0	unknown	true		4	523	48	4	1503
urn:ure:t6:occ:function:current-client:00a2e800	0x00a2e800	xbuild-enriched-full	true	00a2e800	FUN_00a2e800	undefined FUN_00a2e800()	0	0	unknown	true		4	690	50	4	1567
urn:ure:t6:occ:function:current-client:00a2e870	0x00a2e870	xbuild-enriched-full	true	00a2e870	FUN_00a2e870	undefined FUN_00a2e870()	0	0	unknown	true		2	561	29	4	1037
urn:ure:t6:occ:function:current-client:00a2e8d0	0x00a2e8d0	xbuild-enriched-full	true	00a2e8d0	FUN_00a2e8d0	undefined FUN_00a2e8d0()	0	0	unknown	true		0	87	4	2	272
urn:ure:t6:occ:function:current-client:00a2e8e0	0x00a2e8e0	xbuild-enriched-full	true	00a2e8e0	FUN_00a2e8e0	undefined FUN_00a2e8e0()	0	0	unknown	true		0	75	3	0	220
urn:ure:t6:occ:function:current-client:00a2e8f0	0x00a2e8f0	xbuild-enriched-full	true	00a2e8f0	FUN_00a2e8f0	undefined FUN_00a2e8f0()	0	0	unknown	true		1	76	6	0	309
urn:ure:t6:occ:function:current-client:00a2e900	0x00a2e900	xbuild-enriched-full	true	00a2e900	xbuild_ctor_bdString__00a2e900	undefined xbuild_ctor_bdString__00a2e900()	0	0	unknown	true		1	246	11	2	470
urn:ure:t6:occ:function:current-client:00a2e920	0x00a2e920	xbuild-enriched-full	true	00a2e920	FUN_00a2e920	undefined FUN_00a2e920()	0	0	unknown	true		1	204	7	3	349
urn:ure:t6:occ:function:current-client:00a2e940	0x00a2e940	xbuild-enriched-full	true	00a2e940	FUN_00a2e940	undefined FUN_00a2e940()	0	0	unknown	true		2	360	29	2	970
urn:ure:t6:occ:function:current-client:00a2e990	0x00a2e990	xbuild-enriched-full	true	00a2e990	FUN_00a2e990	undefined FUN_00a2e990()	0	0	unknown	true		1	80	8	1	360
urn:ure:t6:occ:function:current-client:00a2e9b0	0x00a2e9b0	xbuild-enriched-full	true	00a2e9b0	FUN_00a2e9b0	undefined FUN_00a2e9b0()	0	0	unknown	true		3	436	39	5	1136
urn:ure:t6:occ:function:current-client:00a2ea00	0x00a2ea00	xbuild-enriched-full	true	00a2ea00	FUN_00a2ea00	undefined FUN_00a2ea00()	0	0	unknown	true		1	131	9	2	395
urn:ure:t6:occ:function:current-client:00a2ea20	0x00a2ea20	xbuild-enriched-full	true	00a2ea20	xbuild_dtor_bdString__00a2ea20	undefined xbuild_dtor_bdString__00a2ea20()	0	0	unknown	true		0	131	4	2	247
urn:ure:t6:occ:function:current-client:00a2ea30	0x00a2ea30	xbuild-enriched-full	true	00a2ea30	xbuild_fn_4bdString__00a2ea30	undefined xbuild_fn_4bdString__00a2ea30()	0	0	unknown	true		2	287	23	5	801
urn:ure:t6:occ:function:current-client:00a2ea70	0x00a2ea70	xbuild-enriched-full	true	00a2ea70	FUN_00a2ea70	undefined FUN_00a2ea70()	0	0	unknown	true		12	1725	120	31	4009
urn:ure:t6:occ:function:current-client:00a2ebe0	0x00a2ebe0	xbuild-enriched-full	true	00a2ebe0	FUN_00a2ebe0	undefined FUN_00a2ebe0()	0	0	unknown	true		5	851	49	8	1683
urn:ure:t6:occ:function:current-client:00a2ec70	0x00a2ec70	xbuild-enriched-full	true	00a2ec70	FUN_00a2ec70	undefined FUN_00a2ec70()	0	0	unknown	true		16	2728	176	57	5667
urn:ure:t6:occ:function:current-client:00a2ee40	0x00a2ee40	xbuild-enriched-full	true	00a2ee40	FUN_00a2ee40	undefined FUN_00a2ee40()	0	0	unknown	true		5	851	49	8	1683
urn:ure:t6:occ:function:current-client:00a2eed0	0x00a2eed0	xbuild-enriched-full	true	00a2eed0	FUN_00a2eed0	undefined FUN_00a2eed0()	0	0	unknown	true		5	640	53	9	1606
urn:ure:t6:occ:function:current-client:00a2ef40	0x00a2ef40	xbuild-enriched-full	true	00a2ef40	FUN_00a2ef40	undefined FUN_00a2ef40()	0	0	unknown	true		1	136	13	1	511
urn:ure:t6:occ:function:current-client:00a2ef60	0x00a2ef60	xbuild-enriched-full	true	00a2ef60	FUN_00a2ef60	undefined FUN_00a2ef60()	0	0	unknown	true		1	139	13	1	512
urn:ure:t6:occ:function:current-client:00a2ef80	0x00a2ef80	xbuild-enriched-full	true	00a2ef80	FUN_00a2ef80	undefined FUN_00a2ef80()	0	0	unknown	true		0	70	2	0	190
urn:ure:t6:occ:function:current-client:00a2ef90	0x00a2ef90	xbuild-enriched-full	true	00a2ef90	FUN_00a2ef90	undefined FUN_00a2ef90()	0	0	unknown	true		6	932	52	9	1838
urn:ure:t6:occ:function:current-client:00a2f030	0x00a2f030	xbuild-enriched-full	true	00a2f030	FUN_00a2f030	undefined FUN_00a2f030()	0	0	unknown	true		4	467	46	8	1404
urn:ure:t6:occ:function:current-client:00a2f090	0x00a2f090	xbuild-enriched-full	true	00a2f090	FUN_00a2f090	undefined FUN_00a2f090()	0	0	unknown	true		2	209	18	2	674
urn:ure:t6:occ:function:current-client:00a2f0c0	0x00a2f0c0	xbuild-enriched-full	true	00a2f0c0	FUN_00a2f0c0	undefined FUN_00a2f0c0()	0	0	unknown	true		11	1760	119	15	3819
urn:ure:t6:occ:function:current-client:00a2f200	0x00a2f200	xbuild-enriched-full	true	00a2f200	FUN_00a2f200	undefined FUN_00a2f200()	0	0	unknown	true		1	59	6	1	311
urn:ure:t6:occ:function:current-client:00a2f210	0x00a2f210	xbuild-enriched-full	true	00a2f210	FUN_00a2f210	undefined FUN_00a2f210()	0	0	unknown	true		5	845	52	8	1936
urn:ure:t6:occ:function:current-client:00a2f2c0	0x00a2f2c0	xbuild-enriched-full	true	00a2f2c0	FUN_00a2f2c0	undefined FUN_00a2f2c0()	0	0	unknown	true		6	845	52	8	1936
urn:ure:t6:occ:function:current-client:00a2f370	0x00a2f370	xbuild-enriched-full	true	00a2f370	FUN_00a2f370	undefined FUN_00a2f370()	0	0	unknown	true		6	885	57	9	2086
urn:ure:t6:occ:function:current-client:00a2f430	0x00a2f430	xbuild-enriched-full	true	00a2f430	FUN_00a2f430	undefined FUN_00a2f430()	0	0	unknown	true		2	246	20	1	769
urn:ure:t6:occ:function:current-client:00a2f460	0x00a2f460	xbuild-enriched-full	true	00a2f460	FUN_00a2f460	undefined FUN_00a2f460()	0	0	unknown	true		5	780	49	6	1745
urn:ure:t6:occ:function:current-client:00a2f4f0	0x00a2f4f0	xbuild-enriched-full	true	00a2f4f0	FUN_00a2f4f0	undefined FUN_00a2f4f0()	0	0	unknown	true		1	77	3	2	235
urn:ure:t6:occ:function:current-client:00a2f500	0x00a2f500	xbuild-enriched-full	true	00a2f500	FUN_00a2f500	undefined FUN_00a2f500()	0	0	unknown	true		11	1396	78	11	2791
urn:ure:t6:occ:function:current-client:00a2f5d0	0x00a2f5d0	xbuild-enriched-full	true	00a2f5d0	FUN_00a2f5d0	undefined FUN_00a2f5d0()	0	0	unknown	true		2	231	15	1	584
urn:ure:t6:occ:function:current-client:00a2f600	0x00a2f600	xbuild-enriched-full	true	00a2f600	FUN_00a2f600	undefined FUN_00a2f600()	0	0	unknown	true		3	277	20	3	684
urn:ure:t6:occ:function:current-client:00a2f630	0x00a2f630	xbuild-enriched-full	true	00a2f630	FUN_00a2f630	undefined FUN_00a2f630()	0	0	unknown	true		1	155	9	2	420
urn:ure:t6:occ:function:current-client:00a2f650	0x00a2f650	xbuild-enriched-full	true	00a2f650	FUN_00a2f650	undefined FUN_00a2f650()	0	0	unknown	true		1	152	9	2	366
urn:ure:t6:occ:function:current-client:00a2f670	0x00a2f670	xbuild-enriched-full	true	00a2f670	FUN_00a2f670	undefined FUN_00a2f670()	0	0	unknown	true		4	347	22	16	882
urn:ure:t6:occ:function:current-client:00a2f6d0	0x00a2f6d0	xbuild-enriched-full	true	00a2f6d0	FUN_00a2f6d0	undefined FUN_00a2f6d0()	0	0	unknown	true		1	152	7	1	321
urn:ure:t6:occ:function:current-client:00a2f6e0	0x00a2f6e0	xbuild-enriched-full	true	00a2f6e0	FUN_00a2f6e0	undefined FUN_00a2f6e0()	0	0	unknown	true		0	91	4	1	231
urn:ure:t6:occ:function:current-client:00a2f6f0	0x00a2f6f0	xbuild-enriched-full	true	00a2f6f0	FUN_00a2f6f0	undefined FUN_00a2f6f0()	0	0	unknown	true		0	91	4	1	231
urn:ure:t6:occ:function:current-client:00a2f700	0x00a2f700	xbuild-enriched-full	true	00a2f700	FUN_00a2f700	undefined FUN_00a2f700()	0	0	unknown	true		0	91	4	1	231
urn:ure:t6:occ:function:current-client:00a2f710	0x00a2f710	xbuild-enriched-full	true	00a2f710	FUN_00a2f710	undefined FUN_00a2f710()	0	0	unknown	true		4	370	40	5	1269
urn:ure:t6:occ:function:current-client:00a2f760	0x00a2f760	xbuild-enriched-full	true	00a2f760	FUN_00a2f760	undefined FUN_00a2f760()	0	0	unknown	true		4	370	40	5	1268
urn:ure:t6:occ:function:current-client:00a2f7b0	0x00a2f7b0	xbuild-enriched-full	true	00a2f7b0	FUN_00a2f7b0	undefined FUN_00a2f7b0()	0	0	unknown	true		2	184	13	1	571
urn:ure:t6:occ:function:current-client:00a2f7d0	0x00a2f7d0	xbuild-enriched-full	true	00a2f7d0	FUN_00a2f7d0	undefined FUN_00a2f7d0()	0	0	unknown	true		2	173	19	1	685
urn:ure:t6:occ:function:current-client:00a2f800	0x00a2f800	xbuild-enriched-full	true	00a2f800	FUN_00a2f800	undefined FUN_00a2f800()	0	0	unknown	true		3	311	24	2	865
urn:ure:t6:occ:function:current-client:00a2f840	0x00a2f840	xbuild-enriched-full	true	00a2f840	FUN_00a2f840	undefined FUN_00a2f840()	0	0	unknown	true		6	539	69	6	2070
urn:ure:t6:occ:function:current-client:00a2f8d0	0x00a2f8d0	xbuild-enriched-full	true	00a2f8d0	FUN_00a2f8d0	undefined FUN_00a2f8d0()	0	0	unknown	true		7	853	70	6	2134
urn:ure:t6:occ:function:current-client:00a2f970	0x00a2f970	xbuild-enriched-full	true	00a2f970	FUN_00a2f970	undefined FUN_00a2f970()	0	0	unknown	true		1	123	6	0	318
urn:ure:t6:occ:function:current-client:00a2f980	0x00a2f980	xbuild-enriched-full	true	00a2f980	FUN_00a2f980	undefined FUN_00a2f980()	0	0	unknown	true		0	97	2	0	199
urn:ure:t6:occ:function:current-client:00a2f990	0x00a2f990	xbuild-enriched-full	true	00a2f990	FUN_00a2f990	undefined FUN_00a2f990()	0	0	unknown	true		13	1710	70	29	2856
urn:ure:t6:occ:function:current-client:00a2fa90	0x00a2fa90	xbuild-enriched-full	true	00a2fa90	FUN_00a2fa90	undefined FUN_00a2fa90()	0	0	unknown	true		9	1258	98	9	3179
urn:ure:t6:occ:function:current-client:00a2fb80	0x00a2fb80	xbuild-enriched-full	true	00a2fb80	FUN_00a2fb80	undefined FUN_00a2fb80()	0	0	unknown	true		3	406	27	5	996
urn:ure:t6:occ:function:current-client:00a2fbd0	0x00a2fbd0	xbuild-enriched-full	true	00a2fbd0	FUN_00a2fbd0	undefined FUN_00a2fbd0()	0	0	unknown	true		4	576	42	7	1336
urn:ure:t6:occ:function:current-client:00a2fc30	0x00a2fc30	xbuild-enriched-full	true	00a2fc30	FUN_00a2fc30	undefined FUN_00a2fc30()	0	0	unknown	true		2	274	29	4	922
urn:ure:t6:occ:function:current-client:00a2fc70	0x00a2fc70	xbuild-enriched-full	true	00a2fc70	FUN_00a2fc70	undefined FUN_00a2fc70()	0	0	unknown	true		2	274	29	4	922
urn:ure:t6:occ:function:current-client:00a2fcb0	0x00a2fcb0	xbuild-enriched-full	true	00a2fcb0	FUN_00a2fcb0	undefined FUN_00a2fcb0()	0	0	unknown	true		3	619	37	5	1342
urn:ure:t6:occ:function:current-client:00a2fd20	0x00a2fd20	xbuild-enriched-full	true	00a2fd20	FUN_00a2fd20	undefined FUN_00a2fd20()	0	0	unknown	true		8	1057	91	19	2669
urn:ure:t6:occ:function:current-client:00a2fdf0	0x00a2fdf0	xbuild-enriched-full	true	00a2fdf0	FUN_00a2fdf0	undefined FUN_00a2fdf0()	0	0	unknown	true		6	746	56	9	1812
urn:ure:t6:occ:function:current-client:00a2fe70	0x00a2fe70	xbuild-enriched-full	true	00a2fe70	FUN_00a2fe70	undefined FUN_00a2fe70()	0	0	unknown	true		1	170	14	3	519
urn:ure:t6:occ:function:current-client:00a2fea0	0x00a2fea0	xbuild-enriched-full	true	00a2fea0	FUN_00a2fea0	undefined FUN_00a2fea0()	0	0	unknown	true		11	1530	105	9	3757
urn:ure:t6:occ:function:current-client:00a2ffc0	0x00a2ffc0	xbuild-enriched-full	true	00a2ffc0	FUN_00a2ffc0	undefined FUN_00a2ffc0()	0	0	unknown	true		7	1235	65	9	2342
urn:ure:t6:occ:function:current-client:00a30080	0x00a30080	xbuild-enriched-full	true	00a30080	FUN_00a30080	undefined FUN_00a30080()	0	0	unknown	true		7	1095	76	11	2652
urn:ure:t6:occ:function:current-client:00a30150	0x00a30150	xbuild-enriched-full	true	00a30150	FUN_00a30150	undefined FUN_00a30150()	0	0	unknown	true		6	655	60	13	1903
urn:ure:t6:occ:function:current-client:00a301f0	0x00a301f0	xbuild-enriched-full	true	00a301f0	FUN_00a301f0	undefined FUN_00a301f0()	0	0	unknown	true		1	161	12	2	478
urn:ure:t6:occ:function:current-client:00a30210	0x00a30210	xbuild-enriched-full	true	00a30210	FUN_00a30210	undefined FUN_00a30210()	0	0	unknown	true		0	99	2	1	205
urn:ure:t6:occ:function:current-client:00a30220	0x00a30220	xbuild-enriched-full	true	00a30220	FUN_00a30220	undefined FUN_00a30220()	0	0	unknown	true		2	170	14	3	519
urn:ure:t6:occ:function:current-client:00a30250	0x00a30250	xbuild-enriched-full	true	00a30250	FUN_00a30250	undefined FUN_00a30250()	0	0	unknown	true		1	117	2	2	224
urn:ure:t6:occ:function:current-client:00a30260	0x00a30260	xbuild-enriched-full	true	00a30260	FUN_00a30260	undefined FUN_00a30260()	0	0	unknown	true		4	423	34	5	1159
urn:ure:t6:occ:function:current-client:00a302b0	0x00a302b0	xbuild-enriched-full	true	00a302b0	FUN_00a302b0	undefined FUN_00a302b0()	0	0	unknown	true		1	154	9	3	396
urn:ure:t6:occ:function:current-client:00a302d0	0x00a302d0	xbuild-enriched-full	true	00a302d0	FUN_00a302d0	undefined FUN_00a302d0()	0	0	unknown	true		2	170	14	3	519
urn:ure:t6:occ:function:current-client:00a30300	0x00a30300	xbuild-enriched-full	true	00a30300	FUN_00a30300	undefined FUN_00a30300()	0	0	unknown	true		2	170	14	3	519
urn:ure:t6:occ:function:current-client:00a30330	0x00a30330	xbuild-enriched-full	true	00a30330	FUN_00a30330	undefined FUN_00a30330()	0	0	unknown	true		1	117	2	2	224
urn:ure:t6:occ:function:current-client:00a30340	0x00a30340	xbuild-enriched-full	true	00a30340	FUN_00a30340	undefined FUN_00a30340()	0	0	unknown	true		3	521	32	5	1123
urn:ure:t6:occ:function:current-client:00a303a0	0x00a303a0	xbuild-enriched-full	true	00a303a0	FUN_00a303a0	undefined FUN_00a303a0()	0	0	unknown	true		3	325	30	3	966
urn:ure:t6:occ:function:current-client:00a303e0	0x00a303e0	xbuild-enriched-full	true	00a303e0	FUN_00a303e0	undefined FUN_00a303e0()	0	0	unknown	true		2	325	30	3	966
urn:ure:t6:occ:function:current-client:00a30420	0x00a30420	xbuild-enriched-full	true	00a30420	FUN_00a30420	undefined FUN_00a30420()	0	0	unknown	true		1	150	9	3	396
urn:ure:t6:occ:function:current-client:00a30440	0x00a30440	xbuild-enriched-full	true	00a30440	FUN_00a30440	undefined FUN_00a30440()	0	0	unknown	true		2	170	14	3	519
urn:ure:t6:occ:function:current-client:00a30470	0x00a30470	xbuild-enriched-full	true	00a30470	FUN_00a30470	undefined FUN_00a30470()	0	0	unknown	true		1	117	2	2	224
urn:ure:t6:occ:function:current-client:00a30480	0x00a30480	xbuild-enriched-full	true	00a30480	FUN_00a30480	undefined FUN_00a30480()	0	0	unknown	true		4	602	39	5	1346
urn:ure:t6:occ:function:current-client:00a304f0	0x00a304f0	xbuild-enriched-full	true	00a304f0	FUN_00a304f0	undefined FUN_00a304f0()	0	0	unknown	true		3	353	31	4	997
urn:ure:t6:occ:function:current-client:00a30530	0x00a30530	xbuild-enriched-full	true	00a30530	FUN_00a30530	undefined FUN_00a30530()	0	0	unknown	true		3	353	31	4	997
urn:ure:t6:occ:function:current-client:00a30570	0x00a30570	xbuild-enriched-full	true	00a30570	FUN_00a30570	undefined FUN_00a30570()	0	0	unknown	true		1	150	9	3	396
urn:ure:t6:occ:function:current-client:00a30590	0x00a30590	xbuild-enriched-full	true	00a30590	FUN_00a30590	undefined FUN_00a30590()	0	0	unknown	true		2	170	14	3	519
urn:ure:t6:occ:function:current-client:00a305c0	0x00a305c0	xbuild-enriched-full	true	00a305c0	FUN_00a305c0	undefined FUN_00a305c0()	0	0	unknown	true		5	724	34	11	1347
urn:ure:t6:occ:function:current-client:00a30630	0x00a30630	xbuild-enriched-full	true	00a30630	FUN_00a30630	undefined FUN_00a30630()	0	0	unknown	true		5	647	33	15	1354
urn:ure:t6:occ:function:current-client:00a306a0	0x00a306a0	xbuild-enriched-full	true	00a306a0	FUN_00a306a0	undefined FUN_00a306a0()	0	0	unknown	true		2	151	17	2	579
urn:ure:t6:occ:function:current-client:00a306d0	0x00a306d0	xbuild-enriched-full	true	00a306d0	FUN_00a306d0	undefined FUN_00a306d0()	0	0	unknown	true		2	144	15	3	543
urn:ure:t6:occ:function:current-client:00a306f0	0x00a306f0	xbuild-enriched-full	true	00a306f0	FUN_00a306f0	undefined FUN_00a306f0()	0	0	unknown	true		4	346	37	5	1141
urn:ure:t6:occ:function:current-client:00a30740	0x00a30740	xbuild-enriched-full	true	00a30740	FUN_00a30740	undefined FUN_00a30740()	0	0	unknown	true		2	176	18	2	623
urn:ure:t6:occ:function:current-client:00a30770	0x00a30770	xbuild-enriched-full	true	00a30770	FUN_00a30770	undefined FUN_00a30770()	0	0	unknown	true		4	379	40	5	1254
urn:ure:t6:occ:function:current-client:00a307d0	0x00a307d0	xbuild-enriched-full	true	00a307d0	FUN_00a307d0	undefined FUN_00a307d0()	0	0	unknown	true		3	315	27	1	841
urn:ure:t6:occ:function:current-client:00a30810	0x00a30810	xbuild-enriched-full	true	00a30810	FUN_00a30810	undefined FUN_00a30810()	0	0	unknown	true		3	438	25	3	825
urn:ure:t6:occ:function:current-client:00a30850	0x00a30850	xbuild-enriched-full	true	00a30850	FUN_00a30850	undefined FUN_00a30850()	0	0	unknown	true		1	99	2	1	205
urn:ure:t6:occ:function:current-client:00a30860	0x00a30860	xbuild-enriched-full	true	00a30860	FUN_00a30860	undefined FUN_00a30860()	0	0	unknown	true		0	99	2	1	205
urn:ure:t6:occ:function:current-client:00a30870	0x00a30870	xbuild-enriched-full	true	00a30870	FUN_00a30870	undefined FUN_00a30870()	0	0	unknown	true		3	386	38	3	1169
urn:ure:t6:occ:function:current-client:00a308c0	0x00a308c0	xbuild-enriched-full	true	00a308c0	FUN_00a308c0	undefined FUN_00a308c0()	0	0	unknown	true		1	83	9	1	399
urn:ure:t6:occ:function:current-client:00a308e0	0x00a308e0	xbuild-enriched-full	true	00a308e0	FUN_00a308e0	undefined FUN_00a308e0()	0	0	unknown	true		3	320	30	4	980
urn:ure:t6:occ:function:current-client:00a30920	0x00a30920	xbuild-enriched-full	true	00a30920	FUN_00a30920	undefined FUN_00a30920()	0	0	unknown	true		13	1514	114	19	3857
urn:ure:t6:occ:function:current-client:00a30a50	0x00a30a50	xbuild-enriched-full	true	00a30a50	FUN_00a30a50	undefined FUN_00a30a50()	0	0	unknown	true		12	1527	107	22	3556
urn:ure:t6:occ:function:current-client:00a30b70	0x00a30b70	xbuild-enriched-full	true	00a30b70	FUN_00a30b70	undefined FUN_00a30b70()	0	0	unknown	true		12	1527	107	22	3556
urn:ure:t6:occ:function:current-client:00a30c90	0x00a30c90	xbuild-enriched-full	true	00a30c90	FUN_00a30c90	undefined FUN_00a30c90()	0	0	unknown	true		14	1710	117	24	3925
urn:ure:t6:occ:function:current-client:00a30dd0	0x00a30dd0	xbuild-enriched-full	true	00a30dd0	FUN_00a30dd0	undefined FUN_00a30dd0()	0	0	unknown	true		11	1382	95	20	3228
urn:ure:t6:occ:function:current-client:00a30ee0	0x00a30ee0	xbuild-enriched-full	true	00a30ee0	FUN_00a30ee0	undefined FUN_00a30ee0()	0	0	unknown	true		21	2462	178	37	6259
urn:ure:t6:occ:function:current-client:00a310d0	0x00a310d0	xbuild-enriched-full	true	00a310d0	FUN_00a310d0	undefined FUN_00a310d0()	0	0	unknown	true		1	59	4	1	240
urn:ure:t6:occ:function:current-client:00a310e0	0x00a310e0	xbuild-enriched-full	true	00a310e0	FUN_00a310e0	undefined FUN_00a310e0()	0	0	unknown	true		1	123	6	0	328
urn:ure:t6:occ:function:current-client:00a310f0	0x00a310f0	xbuild-enriched-full	true	00a310f0	FUN_00a310f0	undefined FUN_00a310f0()	0	0	unknown	true		0	94	2	0	200
urn:ure:t6:occ:function:current-client:00a31100	0x00a31100	xbuild-enriched-full	true	00a31100	FUN_00a31100	undefined FUN_00a31100()	0	0	unknown	true		5	974	45	6	1729
urn:ure:t6:occ:function:current-client:00a31190	0x00a31190	xbuild-enriched-full	true	00a31190	FUN_00a31190	undefined FUN_00a31190()	0	0	unknown	true		2	243	16	4	600
urn:ure:t6:occ:function:current-client:00a311c0	0x00a311c0	xbuild-enriched-full	true	00a311c0	FUN_00a311c0	undefined FUN_00a311c0()	0	0	unknown	true		5	894	49	9	1651
urn:ure:t6:occ:function:current-client:00a31250	0x00a31250	xbuild-enriched-full	true	00a31250	FUN_00a31250	undefined FUN_00a31250()	0	0	unknown	true		5	900	49	9	1651
urn:ure:t6:occ:function:current-client:00a312e0	0x00a312e0	xbuild-enriched-full	true	00a312e0	FUN_00a312e0	undefined FUN_00a312e0()	0	0	unknown	true		5	903	49	9	1654
urn:ure:t6:occ:function:current-client:00a31370	0x00a31370	xbuild-enriched-full	true	00a31370	FUN_00a31370	undefined FUN_00a31370()	0	0	unknown	true		5	903	49	9	1654
urn:ure:t6:occ:function:current-client:00a31400	0x00a31400	xbuild-enriched-full	true	00a31400	FUN_00a31400	undefined FUN_00a31400()	0	0	unknown	true		5	903	49	9	1654
urn:ure:t6:occ:function:current-client:00a31490	0x00a31490	xbuild-enriched-full	true	00a31490	FUN_00a31490	undefined FUN_00a31490()	0	0	unknown	true		5	903	49	9	1654
urn:ure:t6:occ:function:current-client:00a31520	0x00a31520	xbuild-enriched-full	true	00a31520	FUN_00a31520	undefined FUN_00a31520()	0	0	unknown	true		5	903	49	9	1654
urn:ure:t6:occ:function:current-client:00a315b0	0x00a315b0	xbuild-enriched-full	true	00a315b0	FUN_00a315b0	undefined FUN_00a315b0()	0	0	unknown	true		5	903	49	9	1654
urn:ure:t6:occ:function:current-client:00a31640	0x00a31640	xbuild-enriched-full	true	00a31640	FUN_00a31640	undefined FUN_00a31640()	0	0	unknown	true		5	903	49	9	1654
urn:ure:t6:occ:function:current-client:00a316d0	0x00a316d0	xbuild-enriched-full	true	00a316d0	FUN_00a316d0	undefined FUN_00a316d0()	0	0	unknown	true		5	903	49	9	1654
urn:ure:t6:occ:function:current-client:00a31760	0x00a31760	xbuild-enriched-full	true	00a31760	FUN_00a31760	undefined FUN_00a31760()	0	0	unknown	true		5	908	49	9	1663
urn:ure:t6:occ:function:current-client:00a317f0	0x00a317f0	xbuild-enriched-full	true	00a317f0	FUN_00a317f0	undefined FUN_00a317f0()	0	0	unknown	true		5	908	49	9	1663
urn:ure:t6:occ:function:current-client:00a31880	0x00a31880	xbuild-enriched-full	true	00a31880	FUN_00a31880	undefined FUN_00a31880()	0	0	unknown	true		5	903	49	9	1654
urn:ure:t6:occ:function:current-client:00a31910	0x00a31910	xbuild-enriched-full	true	00a31910	FUN_00a31910	undefined FUN_00a31910()	0	0	unknown	true		5	903	49	9	1654
urn:ure:t6:occ:function:current-client:00a319a0	0x00a319a0	xbuild-enriched-full	true	00a319a0	FUN_00a319a0	undefined FUN_00a319a0()	0	0	unknown	true		5	1069	59	9	1981
urn:ure:t6:occ:function:current-client:00a31a40	0x00a31a40	xbuild-enriched-full	true	00a31a40	FUN_00a31a40	undefined FUN_00a31a40()	0	0	unknown	true		5	1069	59	9	1981
urn:ure:t6:occ:function:current-client:00a31ae0	0x00a31ae0	xbuild-enriched-full	true	00a31ae0	FUN_00a31ae0	undefined FUN_00a31ae0()	0	0	unknown	true		5	903	49	9	1654
urn:ure:t6:occ:function:current-client:00a31b70	0x00a31b70	xbuild-enriched-full	true	00a31b70	FUN_00a31b70	undefined FUN_00a31b70()	0	0	unknown	true		5	903	49	9	1654
urn:ure:t6:occ:function:current-client:00a31c00	0x00a31c00	xbuild-enriched-full	true	00a31c00	FUN_00a31c00	undefined FUN_00a31c00()	0	0	unknown	true		5	900	49	9	1654
urn:ure:t6:occ:function:current-client:00a31c90	0x00a31c90	xbuild-enriched-full	true	00a31c90	FUN_00a31c90	undefined FUN_00a31c90()	0	0	unknown	true		5	906	49	9	1661
urn:ure:t6:occ:function:current-client:00a31d20	0x00a31d20	xbuild-enriched-full	true	00a31d20	FUN_00a31d20	undefined FUN_00a31d20()	0	0	unknown	true		5	903	49	9	1654
urn:ure:t6:occ:function:current-client:00a31db0	0x00a31db0	xbuild-enriched-full	true	00a31db0	FUN_00a31db0	undefined FUN_00a31db0()	0	0	unknown	true		5	903	49	9	1654
urn:ure:t6:occ:function:current-client:00a31e40	0x00a31e40	xbuild-enriched-full	true	00a31e40	FUN_00a31e40	undefined FUN_00a31e40()	0	0	unknown	true		5	903	49	9	1672
urn:ure:t6:occ:function:current-client:00a31ed0	0x00a31ed0	xbuild-enriched-full	true	00a31ed0	FUN_00a31ed0	undefined FUN_00a31ed0()	0	0	unknown	true		5	903	49	9	1672
urn:ure:t6:occ:function:current-client:00a31f60	0x00a31f60	xbuild-enriched-full	true	00a31f60	FUN_00a31f60	undefined FUN_00a31f60()	0	0	unknown	true		9	1673	90	7	3800
urn:ure:t6:occ:function:current-client:00a320b0	0x00a320b0	xbuild-enriched-full	true	00a320b0	FUN_00a320b0	undefined FUN_00a320b0()	0	0	unknown	true		29	2671	243	47	8281
urn:ure:t6:occ:function:current-client:00a32370	0x00a32370	xbuild-enriched-full	true	00a32370	FUN_00a32370	undefined FUN_00a32370()	0	0	unknown	true		30	5426	329	100	10909
urn:ure:t6:occ:function:current-client:00a32720	0x00a32720	xbuild-enriched-full	true	00a32720	FUN_00a32720	undefined FUN_00a32720()	0	0	unknown	true		174	14443	1308	318	45914
urn:ure:t6:occ:function:current-client:00a33800	0x00a33800	xbuild-enriched-full	true	00a33800	FUN_00a33800	undefined FUN_00a33800()	0	0	unknown	true		18	2290	137	30	4647
urn:ure:t6:occ:function:current-client:00a33990	0x00a33990	xbuild-enriched-full	true	00a33990	FUN_00a33990	undefined FUN_00a33990()	0	0	unknown	true		1	185	10	3	471
urn:ure:t6:occ:function:current-client:00a339c0	0x00a339c0	xbuild-enriched-full	true	00a339c0	FUN_00a339c0	undefined FUN_00a339c0()	0	0	unknown	true		16	1899	137	38	4848
urn:ure:t6:occ:function:current-client:00a33b80	0x00a33b80	xbuild-enriched-full	true	00a33b80	FUN_00a33b80	undefined FUN_00a33b80()	0	0	unknown	true		6	1034	57	12	1937
urn:ure:t6:occ:function:current-client:00a33c20	0x00a33c20	xbuild-enriched-full	true	00a33c20	FUN_00a33c20	undefined FUN_00a33c20()	0	0	unknown	true		5	973	51	11	1905
urn:ure:t6:occ:function:current-client:00a33cd0	0x00a33cd0	xbuild-enriched-full	true	00a33cd0	FUN_00a33cd0	undefined FUN_00a33cd0()	0	0	unknown	true		4	995	43	5	1511
urn:ure:t6:occ:function:current-client:00a33d60	0x00a33d60	xbuild-enriched-full	true	00a33d60	FUN_00a33d60	undefined FUN_00a33d60()	0	0	unknown	true		1	170	14	3	519
urn:ure:t6:occ:function:current-client:00a33d90	0x00a33d90	xbuild-enriched-full	true	00a33d90	FUN_00a33d90	undefined FUN_00a33d90()	0	0	unknown	true		2	330	23	3	955
urn:ure:t6:occ:function:current-client:00a33de0	0x00a33de0	xbuild-enriched-full	true	00a33de0	FUN_00a33de0	undefined FUN_00a33de0()	0	0	unknown	true		0	117	2	2	224
urn:ure:t6:occ:function:current-client:00a33df0	0x00a33df0	xbuild-enriched-full	true	00a33df0	FUN_00a33df0	undefined FUN_00a33df0()	0	0	unknown	true		3	312	30	4	1039
urn:ure:t6:occ:function:current-client:00a33e50	0x00a33e50	xbuild-enriched-full	true	00a33e50	FUN_00a33e50	undefined FUN_00a33e50()	0	0	unknown	true		2	223	13	2	593
urn:ure:t6:occ:function:current-client:00a33e80	0x00a33e80	xbuild-enriched-full	true	00a33e80	FUN_00a33e80	undefined FUN_00a33e80()	0	0	unknown	true		2	337	19	2	806
urn:ure:t6:occ:function:current-client:00a33ec0	0x00a33ec0	xbuild-enriched-full	true	00a33ec0	FUN_00a33ec0	undefined FUN_00a33ec0()	0	0	unknown	true		1	117	2	2	224
urn:ure:t6:occ:function:current-client:00a33ee0	0x00a33ee0	xbuild-enriched-full	true	00a33ee0	FUN_00a33ee0	undefined FUN_00a33ee0()	0	0	unknown	true		2	170	14	3	519
urn:ure:t6:occ:function:current-client:00a33f10	0x00a33f10	xbuild-enriched-full	true	00a33f10	FUN_00a33f10	undefined FUN_00a33f10()	0	0	unknown	true		8	1222	74	17	2441
urn:ure:t6:occ:function:current-client:00a33fe0	0x00a33fe0	xbuild-enriched-full	true	00a33fe0	FUN_00a33fe0	undefined FUN_00a33fe0()	0	0	unknown	true		2	170	14	3	519
urn:ure:t6:occ:function:current-client:00a34010	0x00a34010	xbuild-enriched-full	true	00a34010	FUN_00a34010	undefined FUN_00a34010()	0	0	unknown	true		11	1473	93	18	3188
urn:ure:t6:occ:function:current-client:00a34110	0x00a34110	xbuild-enriched-full	true	00a34110	FUN_00a34110	undefined FUN_00a34110()	0	0	unknown	true		1	99	3	1	231
urn:ure:t6:occ:function:current-client:00a34120	0x00a34120	xbuild-enriched-full	true	00a34120	FUN_00a34120	undefined FUN_00a34120()	0	0	unknown	true		0	99	2	1	205
urn:ure:t6:occ:function:current-client:00a34130	0x00a34130	xbuild-enriched-full	true	00a34130	FUN_00a34130	undefined FUN_00a34130()	0	0	unknown	true		4	707	41	6	1470
urn:ure:t6:occ:function:current-client:00a341b0	0x00a341b0	xbuild-enriched-full	true	00a341b0	FUN_00a341b0	undefined FUN_00a341b0()	0	0	unknown	true		1	117	2	2	224
urn:ure:t6:occ:function:current-client:00a341c0	0x00a341c0	xbuild-enriched-full	true	00a341c0	FUN_00a341c0	undefined FUN_00a341c0()	0	0	unknown	true		2	223	24	3	851
urn:ure:t6:occ:function:current-client:00a34200	0x00a34200	xbuild-enriched-full	true	00a34200	FUN_00a34200	undefined FUN_00a34200()	0	0	unknown	true		2	170	14	3	519
urn:ure:t6:occ:function:current-client:00a34230	0x00a34230	xbuild-enriched-full	true	00a34230	FUN_00a34230	undefined FUN_00a34230()	0	0	unknown	true		5	918	55	10	1907
urn:ure:t6:occ:function:current-client:00a342e0	0x00a342e0	xbuild-enriched-full	true	00a342e0	FUN_00a342e0	undefined FUN_00a342e0()	0	0	unknown	true		9	1337	98	19	3287
urn:ure:t6:occ:function:current-client:00a343f0	0x00a343f0	xbuild-enriched-full	true	00a343f0	FUN_00a343f0	undefined FUN_00a343f0()	0	0	unknown	true		10	1739	105	23	3599
urn:ure:t6:occ:function:current-client:00a34520	0x00a34520	xbuild-enriched-full	true	00a34520	FUN_00a34520	undefined FUN_00a34520()	0	0	unknown	true		10	1278	99	16	3335
urn:ure:t6:occ:function:current-client:00a34630	0x00a34630	xbuild-enriched-full	true	00a34630	FUN_00a34630	undefined FUN_00a34630()	0	0	unknown	true		9	1253	98	14	3342
urn:ure:t6:occ:function:current-client:00a34740	0x00a34740	xbuild-enriched-full	true	00a34740	FUN_00a34740	undefined FUN_00a34740()	0	0	unknown	true		8	1169	82	14	2820
urn:ure:t6:occ:function:current-client:00a34830	0x00a34830	xbuild-enriched-full	true	00a34830	FUN_00a34830	undefined FUN_00a34830()	0	0	unknown	true		14	1697	121	23	4134
urn:ure:t6:occ:function:current-client:00a34980	0x00a34980	xbuild-enriched-full	true	00a34980	FUN_00a34980	undefined FUN_00a34980()	0	0	unknown	true		13	1598	115	20	3918
urn:ure:t6:occ:function:current-client:00a34ab0	0x00a34ab0	xbuild-enriched-full	true	00a34ab0	FUN_00a34ab0	undefined FUN_00a34ab0()	0	0	unknown	true		15	1714	117	24	3926
urn:ure:t6:occ:function:current-client:00a34bf0	0x00a34bf0	xbuild-enriched-full	true	00a34bf0	FUN_00a34bf0	undefined FUN_00a34bf0()	0	0	unknown	true		3	628	33	5	1182
urn:ure:t6:occ:function:current-client:00a34c50	0x00a34c50	xbuild-enriched-full	true	00a34c50	FUN_00a34c50	undefined FUN_00a34c50()	0	0	unknown	true		3	694	35	5	1302
urn:ure:t6:occ:function:current-client:00a34cc0	0x00a34cc0	xbuild-enriched-full	true	00a34cc0	FUN_00a34cc0	undefined FUN_00a34cc0()	0	0	unknown	true		1	90	9	1	383
urn:ure:t6:occ:function:current-client:00a34ce0	0x00a34ce0	xbuild-enriched-full	true	00a34ce0	FUN_00a34ce0	undefined FUN_00a34ce0()	0	0	unknown	true		4	819	46	7	1607
urn:ure:t6:occ:function:current-client:00a34d70	0x00a34d70	xbuild-enriched-full	true	00a34d70	FUN_00a34d70	undefined FUN_00a34d70()	0	0	unknown	true		0	99	3	1	231
urn:ure:t6:occ:function:current-client:00a34d80	0x00a34d80	xbuild-enriched-full	true	00a34d80	FUN_00a34d80	undefined FUN_00a34d80()	0	0	unknown	true		0	99	2	1	205
urn:ure:t6:occ:function:current-client:00a34dc0	0x00a34dc0	xbuild-enriched-full	true	00a34dc0	FUN_00a34dc0	undefined FUN_00a34dc0()	0	0	unknown	true		4	621	44	3	1482
urn:ure:t6:occ:function:current-client:00a34e30	0x00a34e30	xbuild-enriched-full	true	00a34e30	FUN_00a34e30	undefined FUN_00a34e30()	0	0	unknown	true		1	170	14	3	519
urn:ure:t6:occ:function:current-client:00a34e60	0x00a34e60	xbuild-enriched-full	true	00a34e60	FUN_00a34e60	undefined FUN_00a34e60()	0	0	unknown	true		0	59	6	1	303
urn:ure:t6:occ:function:current-client:00a34e70	0x00a34e70	xbuild-enriched-full	true	00a34e70	FUN_00a34e70	undefined FUN_00a34e70()	0	0	unknown	true		2	296	19	4	710
urn:ure:t6:occ:function:current-client:00a34ea0	0x00a34ea0	xbuild-enriched-full	true	00a34ea0	FUN_00a34ea0	undefined FUN_00a34ea0()	0	0	unknown	true		11	1628	111	21	3775
urn:ure:t6:occ:function:current-client:00a34fd0	0x00a34fd0	xbuild-enriched-full	true	00a34fd0	FUN_00a34fd0	undefined FUN_00a34fd0()	0	0	unknown	true		9	1459	77	15	2969
urn:ure:t6:occ:function:current-client:00a350c0	0x00a350c0	xbuild-enriched-full	true	00a350c0	FUN_00a350c0	undefined FUN_00a350c0()	0	0	unknown	true		14	2014	126	20	4195
urn:ure:t6:occ:function:current-client:00a35210	0x00a35210	xbuild-enriched-full	true	00a35210	FUN_00a35210	undefined FUN_00a35210()	0	0	unknown	true		1	97	2	0	201
urn:ure:t6:occ:function:current-client:00a35220	0x00a35220	xbuild-enriched-full	true	00a35220	FUN_00a35220	undefined FUN_00a35220()	0	0	unknown	true		0	98	2	0	209
urn:ure:t6:occ:function:current-client:00a35230	0x00a35230	xbuild-enriched-full	true	00a35230	FUN_00a35230	undefined FUN_00a35230()	0	0	unknown	true		0	97	3	0	248
urn:ure:t6:occ:function:current-client:00a35240	0x00a35240	xbuild-enriched-full	true	00a35240	FUN_00a35240	undefined FUN_00a35240()	0	0	unknown	true		0	97	2	0	201
urn:ure:t6:occ:function:current-client:00a35250	0x00a35250	xbuild-enriched-full	true	00a35250	FUN_00a35250	undefined FUN_00a35250()	0	0	unknown	true		1	187	8	0	415
urn:ure:t6:occ:function:current-client:00a35270	0x00a35270	xbuild-enriched-full	true	00a35270	FUN_00a35270	undefined FUN_00a35270()	0	0	unknown	true		0	187	8	0	415
urn:ure:t6:occ:function:current-client:00a35290	0x00a35290	xbuild-enriched-full	true	00a35290	FUN_00a35290	undefined FUN_00a35290()	0	0	unknown	true		5	884	50	6	1884
urn:ure:t6:occ:function:current-client:00a35320	0x00a35320	xbuild-enriched-full	true	00a35320	FUN_00a35320	undefined FUN_00a35320()	0	0	unknown	true		4	807	43	8	1549
urn:ure:t6:occ:function:current-client:00a353a0	0x00a353a0	xbuild-enriched-full	true	00a353a0	FUN_00a353a0	undefined FUN_00a353a0()	0	0	unknown	true		5	731	43	8	1499
urn:ure:t6:occ:function:current-client:00a35410	0x00a35410	xbuild-enriched-full	true	00a35410	FUN_00a35410	undefined FUN_00a35410()	0	0	unknown	true		2	224	18	2	683
urn:ure:t6:occ:function:current-client:00a35440	0x00a35440	xbuild-enriched-full	true	00a35440	FUN_00a35440	undefined FUN_00a35440()	0	0	unknown	true		12	1157	84	18	2977
urn:ure:t6:occ:function:current-client:00a35540	0x00a35540	xbuild-enriched-full	true	00a35540	FUN_00a35540	undefined FUN_00a35540()	0	0	unknown	true		7	1037	73	14	2646
urn:ure:t6:occ:function:current-client:00a35620	0x00a35620	xbuild-enriched-full	true	00a35620	FUN_00a35620	undefined FUN_00a35620()	0	0	unknown	true		16	2384	150	29	5148
urn:ure:t6:occ:function:current-client:00a357a0	0x00a357a0	xbuild-enriched-full	true	00a357a0	FUN_00a357a0	undefined FUN_00a357a0()	0	0	unknown	true		4	499	31	5	1102
urn:ure:t6:occ:function:current-client:00a357f0	0x00a357f0	xbuild-enriched-full	true	00a357f0	FUN_00a357f0	undefined FUN_00a357f0()	0	0	unknown	true		8	1271	73	12	2469
urn:ure:t6:occ:function:current-client:00a358b0	0x00a358b0	xbuild-enriched-full	true	00a358b0	FUN_00a358b0	undefined FUN_00a358b0()	0	0	unknown	true		2	170	14	3	519
urn:ure:t6:occ:function:current-client:00a358e0	0x00a358e0	xbuild-enriched-full	true	00a358e0	FUN_00a358e0	undefined FUN_00a358e0()	0	0	unknown	true		1	133	7	2	334
urn:ure:t6:occ:function:current-client:00a35900	0x00a35900	xbuild-enriched-full	true	00a35900	FUN_00a35900	undefined FUN_00a35900()	0	0	unknown	true		0	117	2	2	224
urn:ure:t6:occ:function:current-client:00a35920	0x00a35920	xbuild-enriched-full	true	00a35920	FUN_00a35920	undefined FUN_00a35920()	0	0	unknown	true		2	170	14	3	519
urn:ure:t6:occ:function:current-client:00a35950	0x00a35950	xbuild-enriched-full	true	00a35950	FUN_00a35950	undefined FUN_00a35950()	0	0	unknown	true		10	1346	97	22	3230
urn:ure:t6:occ:function:current-client:00a35a60	0x00a35a60	xbuild-enriched-full	true	00a35a60	FUN_00a35a60	undefined FUN_00a35a60()	0	0	unknown	true		11	1299	91	18	3081
urn:ure:t6:occ:function:current-client:00a35b70	0x00a35b70	xbuild-enriched-full	true	00a35b70	FUN_00a35b70	undefined FUN_00a35b70()	0	0	unknown	true		15	2123	138	28	4598
urn:ure:t6:occ:function:current-client:00a35ce0	0x00a35ce0	xbuild-enriched-full	true	00a35ce0	FUN_00a35ce0	undefined FUN_00a35ce0()	0	0	unknown	true		17	1912	153	30	5084
urn:ure:t6:occ:function:current-client:00a35e80	0x00a35e80	xbuild-enriched-full	true	00a35e80	FUN_00a35e80	undefined FUN_00a35e80()	0	0	unknown	true		2	223	12	2	543
urn:ure:t6:occ:function:current-client:00a35ea0	0x00a35ea0	xbuild-enriched-full	true	00a35ea0	FUN_00a35ea0	undefined FUN_00a35ea0()	0	0	unknown	true		0	117	2	2	224
urn:ure:t6:occ:function:current-client:00a35eb0	0x00a35eb0	xbuild-enriched-full	true	00a35eb0	FUN_00a35eb0	undefined FUN_00a35eb0()	0	0	unknown	true		3	369	36	5	1197
urn:ure:t6:occ:function:current-client:00a35f10	0x00a35f10	xbuild-enriched-full	true	00a35f10	FUN_00a35f10	undefined FUN_00a35f10()	0	0	unknown	true		1	170	14	3	519
urn:ure:t6:occ:function:current-client:00a35f40	0x00a35f40	xbuild-enriched-full	true	00a35f40	FUN_00a35f40	undefined FUN_00a35f40()	0	0	unknown	true		7	1081	70	15	2373
urn:ure:t6:occ:function:current-client:00a36000	0x00a36000	xbuild-enriched-full	true	00a36000	FUN_00a36000	undefined FUN_00a36000()	0	0	unknown	true		1	169	10	2	452
urn:ure:t6:occ:function:current-client:00a36020	0x00a36020	xbuild-enriched-full	true	00a36020	FUN_00a36020	undefined FUN_00a36020()	0	0	unknown	true		0	117	2	2	224
urn:ure:t6:occ:function:current-client:00a36030	0x00a36030	xbuild-enriched-full	true	00a36030	FUN_00a36030	undefined FUN_00a36030()	0	0	unknown	true		1	170	14	3	519
urn:ure:t6:occ:function:current-client:00a36060	0x00a36060	xbuild-enriched-full	true	00a36060	FUN_00a36060	undefined FUN_00a36060()	0	0	unknown	true		1	205	12	2	546
urn:ure:t6:occ:function:current-client:00a36080	0x00a36080	xbuild-enriched-full	true	00a36080	FUN_00a36080	undefined FUN_00a36080()	0	0	unknown	true		0	117	2	2	224
urn:ure:t6:occ:function:current-client:00a36090	0x00a36090	xbuild-enriched-full	true	00a36090	FUN_00a36090	undefined FUN_00a36090()	0	0	unknown	true		1	217	22	2	777
urn:ure:t6:occ:function:current-client:00a360c0	0x00a360c0	xbuild-enriched-full	true	00a360c0	FUN_00a360c0	undefined FUN_00a360c0()	0	0	unknown	true		1	170	14	3	519
urn:ure:t6:occ:function:current-client:00a360f0	0x00a360f0	xbuild-enriched-full	true	00a360f0	FUN_00a360f0	undefined FUN_00a360f0()	0	0	unknown	true		7	1293	71	11	2505
urn:ure:t6:occ:function:current-client:00a361b0	0x00a361b0	xbuild-enriched-full	true	00a361b0	FUN_00a361b0	undefined FUN_00a361b0()	0	0	unknown	true		1	185	14	3	526
urn:ure:t6:occ:function:current-client:00a361e0	0x00a361e0	xbuild-enriched-full	true	00a361e0	FUN_00a361e0	undefined FUN_00a361e0()	0	0	unknown	true		2	560	26	2	1087
urn:ure:t6:occ:function:current-client:00a36240	0x00a36240	xbuild-enriched-full	true	00a36240	FUN_00a36240	undefined FUN_00a36240()	0	0	unknown	true		1	208	12	2	453
urn:ure:t6:occ:function:current-client:00a36260	0x00a36260	xbuild-enriched-full	true	00a36260	FUN_00a36260	undefined FUN_00a36260()	0	0	unknown	true		1	219	15	2	604
urn:ure:t6:occ:function:current-client:00a362a0	0x00a362a0	xbuild-enriched-full	true	00a362a0	FUN_00a362a0	undefined FUN_00a362a0()	0	0	unknown	true		12	2279	121	19	4250
urn:ure:t6:occ:function:current-client:00a36430	0x00a36430	xbuild-enriched-full	true	00a36430	FUN_00a36430	undefined FUN_00a36430()	0	0	unknown	true		10	2034	97	13	4154
urn:ure:t6:occ:function:current-client:00a365e0	0x00a365e0	xbuild-enriched-full	true	00a365e0	FUN_00a365e0	undefined FUN_00a365e0()	0	0	unknown	true		9	1447	86	18	3094
urn:ure:t6:occ:function:current-client:00a36710	0x00a36710	xbuild-enriched-full	true	00a36710	FUN_00a36710	undefined FUN_00a36710()	0	0	unknown	true		11	1800	108	19	3673
urn:ure:t6:occ:function:current-client:00a36840	0x00a36840	xbuild-enriched-full	true	00a36840	FUN_00a36840	undefined FUN_00a36840()	0	0	unknown	true		4	869	50	13	1933
urn:ure:t6:occ:function:current-client:00a368f0	0x00a368f0	xbuild-enriched-full	true	00a368f0	FUN_00a368f0	undefined FUN_00a368f0()	0	0	unknown	true		4	387	29	10	1108
urn:ure:t6:occ:function:current-client:00a36960	0x00a36960	xbuild-enriched-full	true	00a36960	FUN_00a36960	undefined FUN_00a36960()	0	0	unknown	true		1	72	9	0	423
urn:ure:t6:occ:function:current-client:00a36980	0x00a36980	xbuild-enriched-full	true	00a36980	FUN_00a36980	undefined FUN_00a36980()	0	0	unknown	true		2	170	14	3	519
urn:ure:t6:occ:function:current-client:00a369b0	0x00a369b0	xbuild-enriched-full	true	00a369b0	FUN_00a369b0	undefined FUN_00a369b0()	0	0	unknown	true		20	3684	207	26	7264
urn:ure:t6:occ:function:current-client:00a36c00	0x00a36c00	xbuild-enriched-full	true	00a36c00	FUN_00a36c00	undefined FUN_00a36c00()	0	0	unknown	true		8	1326	81	15	2754
urn:ure:t6:occ:function:current-client:00a36cf0	0x00a36cf0	xbuild-enriched-full	true	00a36cf0	FUN_00a36cf0	undefined FUN_00a36cf0()	0	0	unknown	true		16	2746	182	40	6427
urn:ure:t6:occ:function:current-client:00a36f70	0x00a36f70	xbuild-enriched-full	true	00a36f70	FUN_00a36f70	undefined FUN_00a36f70()	0	0	unknown	true		18	2705	168	37	5618
urn:ure:t6:occ:function:current-client:00a37170	0x00a37170	xbuild-enriched-full	true	00a37170	FUN_00a37170	undefined FUN_00a37170()	0	0	unknown	true		4	548	38	10	1302
urn:ure:t6:occ:function:current-client:00a37200	0x00a37200	xbuild-enriched-full	true	00a37200	FUN_00a37200	undefined FUN_00a37200()	0	0	unknown	true		1	99	14	1	525
urn:ure:t6:occ:function:current-client:00a37220	0x00a37220	xbuild-enriched-full	true	00a37220	FUN_00a37220	undefined FUN_00a37220()	0	0	unknown	true		1	99	14	1	525
urn:ure:t6:occ:function:current-client:00a37240	0x00a37240	xbuild-enriched-full	true	00a37240	FUN_00a37240	undefined FUN_00a37240()	0	0	unknown	true		1	99	14	1	525
urn:ure:t6:occ:function:current-client:00a37260	0x00a37260	xbuild-enriched-full	true	00a37260	FUN_00a37260	undefined FUN_00a37260()	0	0	unknown	true		1	99	14	1	525
urn:ure:t6:occ:function:current-client:00a37280	0x00a37280	xbuild-enriched-full	true	00a37280	FUN_00a37280	undefined FUN_00a37280()	0	0	unknown	true		6	1020	73	22	2407
urn:ure:t6:occ:function:current-client:00a37350	0x00a37350	xbuild-enriched-full	true	00a37350	FUN_00a37350	undefined FUN_00a37350()	0	0	unknown	true		18	2116	153	36	5005
urn:ure:t6:occ:function:current-client:00a374f0	0x00a374f0	xbuild-enriched-full	true	00a374f0	FUN_00a374f0	undefined FUN_00a374f0()	0	0	unknown	true		13	1772	123	27	4037
urn:ure:t6:occ:function:current-client:00a37640	0x00a37640	xbuild-enriched-full	true	00a37640	FUN_00a37640	undefined FUN_00a37640()	0	0	unknown	true		13	1687	118	25	3875
urn:ure:t6:occ:function:current-client:00a37780	0x00a37780	xbuild-enriched-full	true	00a37780	FUN_00a37780	undefined FUN_00a37780()	0	0	unknown	true		16	2049	145	35	4745
urn:ure:t6:occ:function:current-client:00a37900	0x00a37900	xbuild-enriched-full	true	00a37900	FUN_00a37900	undefined FUN_00a37900()	0	0	unknown	true		15	1945	137	33	4473
urn:ure:t6:occ:function:current-client:00a37a70	0x00a37a70	xbuild-enriched-full	true	00a37a70	FUN_00a37a70	undefined FUN_00a37a70()	0	0	unknown	true		11	1556	110	23	3604
urn:ure:t6:occ:function:current-client:00a37ba0	0x00a37ba0	xbuild-enriched-full	true	00a37ba0	FUN_00a37ba0	undefined FUN_00a37ba0()	0	0	unknown	true		1	159	12	2	476
urn:ure:t6:occ:function:current-client:00a37bc0	0x00a37bc0	xbuild-enriched-full	true	00a37bc0	FUN_00a37bc0	undefined FUN_00a37bc0()	0	0	unknown	true		1	117	2	2	224
urn:ure:t6:occ:function:current-client:00a37be0	0x00a37be0	xbuild-enriched-full	true	00a37be0	FUN_00a37be0	undefined FUN_00a37be0()	0	0	unknown	true		2	170	14	3	519
urn:ure:t6:occ:function:current-client:00a37c10	0x00a37c10	xbuild-enriched-full	true	00a37c10	FUN_00a37c10	undefined FUN_00a37c10()	0	0	unknown	true		11	1451	104	19	3557
urn:ure:t6:occ:function:current-client:00a37d30	0x00a37d30	xbuild-enriched-full	true	00a37d30	FUN_00a37d30	undefined FUN_00a37d30()	0	0	unknown	true		18	1993	147	30	5017
urn:ure:t6:occ:function:current-client:00a37ed0	0x00a37ed0	xbuild-enriched-full	true	00a37ed0	FUN_00a37ed0	undefined FUN_00a37ed0()	0	0	unknown	true		13	1684	123	25	4159
urn:ure:t6:occ:function:current-client:00a38030	0x00a38030	xbuild-enriched-full	true	00a38030	FUN_00a38030	undefined FUN_00a38030()	0	0	unknown	true		16	2381	157	35	5201
urn:ure:t6:occ:function:current-client:00a381f0	0x00a381f0	xbuild-enriched-full	true	00a381f0	FUN_00a381f0	undefined FUN_00a381f0()	0	0	unknown	true		14	1984	141	26	4935
urn:ure:t6:occ:function:current-client:00a383a0	0x00a383a0	xbuild-enriched-full	true	00a383a0	FUN_00a383a0	undefined FUN_00a383a0()	0	0	unknown	true		22	3162	210	43	7238
urn:ure:t6:occ:function:current-client:00a38640	0x00a38640	xbuild-enriched-full	true	00a38640	FUN_00a38640	undefined FUN_00a38640()	0	0	unknown	true		8	1267	86	16	2988
urn:ure:t6:occ:function:current-client:00a38740	0x00a38740	xbuild-enriched-full	true	00a38740	FUN_00a38740	undefined FUN_00a38740()	0	0	unknown	true		9	1328	92	17	3196
urn:ure:t6:occ:function:current-client:00a38860	0x00a38860	xbuild-enriched-full	true	00a38860	FUN_00a38860	undefined FUN_00a38860()	0	0	unknown	true		21	3057	205	42	7217
urn:ure:t6:occ:function:current-client:00a38af0	0x00a38af0	xbuild-enriched-full	true	00a38af0	FUN_00a38af0	undefined FUN_00a38af0()	0	0	unknown	true		11	1285	91	17	3152
urn:ure:t6:occ:function:current-client:00a38c00	0x00a38c00	xbuild-enriched-full	true	00a38c00	FUN_00a38c00	undefined FUN_00a38c00()	0	0	unknown	true		9	1286	91	17	3152
urn:ure:t6:occ:function:current-client:00a38d10	0x00a38d10	xbuild-enriched-full	true	00a38d10	FUN_00a38d10	undefined FUN_00a38d10()	0	0	unknown	true		8	1254	87	16	2991
urn:ure:t6:occ:function:current-client:00a38e20	0x00a38e20	xbuild-enriched-full	true	00a38e20	FUN_00a38e20	undefined FUN_00a38e20()	0	0	unknown	true		8	1201	85	16	2931
urn:ure:t6:occ:function:current-client:00a38f20	0x00a38f20	xbuild-enriched-full	true	00a38f20	FUN_00a38f20	undefined FUN_00a38f20()	0	0	unknown	true		19	2729	182	32	5998
urn:ure:t6:occ:function:current-client:00a39100	0x00a39100	xbuild-enriched-full	true	00a39100	FUN_00a39100	undefined FUN_00a39100()	0	0	unknown	true		17	2631	174	33	5773
urn:ure:t6:occ:function:current-client:00a392d0	0x00a392d0	xbuild-enriched-full	true	00a392d0	FUN_00a392d0	undefined FUN_00a392d0()	0	0	unknown	true		14	2160	151	20	4895
urn:ure:t6:occ:function:current-client:00a39450	0x00a39450	xbuild-enriched-full	true	00a39450	FUN_00a39450	undefined FUN_00a39450()	0	0	unknown	true		14	2160	151	20	4895
urn:ure:t6:occ:function:current-client:00a395d0	0x00a395d0	xbuild-enriched-full	true	00a395d0	FUN_00a395d0	undefined FUN_00a395d0()	0	0	unknown	true		19	2836	187	32	6169
urn:ure:t6:occ:function:current-client:00a397c0	0x00a397c0	xbuild-enriched-full	true	00a397c0	FUN_00a397c0	undefined FUN_00a397c0()	0	0	unknown	true		19	2837	187	32	6170
urn:ure:t6:occ:function:current-client:00a399b0	0x00a399b0	xbuild-enriched-full	true	00a399b0	FUN_00a399b0	undefined FUN_00a399b0()	0	0	unknown	true		13	1932	136	20	4400
urn:ure:t6:occ:function:current-client:00a39b10	0x00a39b10	xbuild-enriched-full	true	00a39b10	FUN_00a39b10	undefined FUN_00a39b10()	0	0	unknown	true		14	1923	137	20	4432
urn:ure:t6:occ:function:current-client:00a39c60	0x00a39c60	xbuild-enriched-full	true	00a39c60	FUN_00a39c60	undefined FUN_00a39c60()	0	0	unknown	true		12	1923	137	20	4432
urn:ure:t6:occ:function:current-client:00a39db0	0x00a39db0	xbuild-enriched-full	true	00a39db0	FUN_00a39db0	undefined FUN_00a39db0()	0	0	unknown	true		14	1932	136	20	4400
urn:ure:t6:occ:function:current-client:00a39f10	0x00a39f10	xbuild-enriched-full	true	00a39f10	FUN_00a39f10	undefined FUN_00a39f10()	0	0	unknown	true		12	1720	122	20	3938
urn:ure:t6:occ:function:current-client:00a3a050	0x00a3a050	xbuild-enriched-full	true	00a3a050	FUN_00a3a050	undefined FUN_00a3a050()	0	0	unknown	true		3	291	26	3	836
urn:ure:t6:occ:function:current-client:00a3a080	0x00a3a080	xbuild-enriched-full	true	00a3a080	FUN_00a3a080	undefined FUN_00a3a080()	0	0	unknown	true		20	1716	139	26	4714
urn:ure:t6:occ:function:current-client:00a3a200	0x00a3a200	xbuild-enriched-full	true	00a3a200	FUN_00a3a200	undefined FUN_00a3a200()	0	0	unknown	true		2	159	12	2	476
urn:ure:t6:occ:function:current-client:00a3a220	0x00a3a220	xbuild-enriched-full	true	00a3a220	FUN_00a3a220	undefined FUN_00a3a220()	0	0	unknown	true		0	117	2	2	224
urn:ure:t6:occ:function:current-client:00a3a230	0x00a3a230	xbuild-enriched-full	true	00a3a230	FUN_00a3a230	undefined FUN_00a3a230()	0	0	unknown	true		1	260	10	1	517
urn:ure:t6:occ:function:current-client:00a3a260	0x00a3a260	xbuild-enriched-full	true	00a3a260	FUN_00a3a260	undefined FUN_00a3a260()	0	0	unknown	true		0	99	2	0	207
urn:ure:t6:occ:function:current-client:00a3a270	0x00a3a270	xbuild-enriched-full	true	00a3a270	FUN_00a3a270	undefined FUN_00a3a270()	0	0	unknown	true		1	190	9	2	421
urn:ure:t6:occ:function:current-client:00a3a2a0	0x00a3a2a0	xbuild-enriched-full	true	00a3a2a0	FUN_00a3a2a0	undefined FUN_00a3a2a0()	0	0	unknown	true		1	170	14	3	519
urn:ure:t6:occ:function:current-client:00a3a2d0	0x00a3a2d0	xbuild-enriched-full	true	00a3a2d0	FUN_00a3a2d0	undefined FUN_00a3a2d0()	0	0	unknown	true		11	1474	109	20	3715
urn:ure:t6:occ:function:current-client:00a3a400	0x00a3a400	xbuild-enriched-full	true	00a3a400	FUN_00a3a400	undefined FUN_00a3a400()	0	0	unknown	true		16	2363	163	34	5454
urn:ure:t6:occ:function:current-client:00a3a5f0	0x00a3a5f0	xbuild-enriched-full	true	00a3a5f0	FUN_00a3a5f0	undefined FUN_00a3a5f0()	0	0	unknown	true		12	1848	124	23	4315
urn:ure:t6:occ:function:current-client:00a3a770	0x00a3a770	xbuild-enriched-full	true	00a3a770	FUN_00a3a770	undefined FUN_00a3a770()	0	0	unknown	true		8	1267	86	16	2988
urn:ure:t6:occ:function:current-client:00a3a870	0x00a3a870	xbuild-enriched-full	true	00a3a870	FUN_00a3a870	undefined FUN_00a3a870()	0	0	unknown	true		8	1268	87	16	3008
urn:ure:t6:occ:function:current-client:00a3a980	0x00a3a980	xbuild-enriched-full	true	00a3a980	FUN_00a3a980	undefined FUN_00a3a980()	0	0	unknown	true		14	1984	141	26	4935
urn:ure:t6:occ:function:current-client:00a3ab30	0x00a3ab30	xbuild-enriched-full	true	00a3ab30	FUN_00a3ab30	undefined FUN_00a3ab30()	0	0	unknown	true		9	1254	87	16	2991
urn:ure:t6:occ:function:current-client:00a3ac40	0x00a3ac40	xbuild-enriched-full	true	00a3ac40	FUN_00a3ac40	undefined FUN_00a3ac40()	0	0	unknown	true		20	2685	182	32	5988
urn:ure:t6:occ:function:current-client:00a3ae20	0x00a3ae20	xbuild-enriched-full	true	00a3ae20	FUN_00a3ae20	undefined FUN_00a3ae20()	0	0	unknown	true		19	2599	171	32	5668
urn:ure:t6:occ:function:current-client:00a3afe0	0x00a3afe0	xbuild-enriched-full	true	00a3afe0	FUN_00a3afe0	undefined FUN_00a3afe0()	0	0	unknown	true		19	2688	181	32	5942
urn:ure:t6:occ:function:current-client:00a3b1c0	0x00a3b1c0	xbuild-enriched-full	true	00a3b1c0	FUN_00a3b1c0	undefined FUN_00a3b1c0()	0	0	unknown	true		18	2631	174	33	5773
urn:ure:t6:occ:function:current-client:00a3b390	0x00a3b390	xbuild-enriched-full	true	00a3b390	xbuild_ctor_bdTitleUtilities__00a3b390	undefined xbuild_ctor_bdTitleUtilities__00a3b390()	0	0	unknown	true		1	152	8	0	393
urn:ure:t6:occ:function:current-client:00a3b3b0	0x00a3b3b0	xbuild-enriched-full	true	00a3b3b0	FUN_00a3b3b0	undefined FUN_00a3b3b0()	0	0	unknown	true		8	1190	83	16	2817
urn:ure:t6:occ:function:current-client:00a3b4a0	0x00a3b4a0	xbuild-enriched-full	true	00a3b4a0	FUN_00a3b4a0	undefined FUN_00a3b4a0()	0	0	unknown	true		17	2125	138	28	4598
urn:ure:t6:occ:function:current-client:00a3b610	0x00a3b610	xbuild-enriched-full	true	00a3b610	FUN_00a3b610	undefined FUN_00a3b610()	0	0	unknown	true		22	2569	193	44	6533
urn:ure:t6:occ:function:current-client:00a3b810	0x00a3b810	xbuild-enriched-full	true	00a3b810	FUN_00a3b810	undefined FUN_00a3b810()	0	0	unknown	true		14	1921	135	30	4474
urn:ure:t6:occ:function:current-client:00a3b980	0x00a3b980	xbuild-enriched-full	true	00a3b980	FUN_00a3b980	undefined FUN_00a3b980()	0	0	unknown	true		14	1856	127	28	4223
urn:ure:t6:occ:function:current-client:00a3bad0	0x00a3bad0	xbuild-enriched-full	true	00a3bad0	FUN_00a3bad0	undefined FUN_00a3bad0()	0	0	unknown	true		12	1694	114	23	3777
urn:ure:t6:occ:function:current-client:00a3bc00	0x00a3bc00	xbuild-enriched-full	true	00a3bc00	FUN_00a3bc00	undefined FUN_00a3bc00()	0	0	unknown	true		9	1319	91	18	3092
urn:ure:t6:occ:function:current-client:00a3bd10	0x00a3bd10	xbuild-enriched-full	true	00a3bd10	FUN_00a3bd10	undefined FUN_00a3bd10()	0	0	unknown	true		9	1359	92	18	3138
urn:ure:t6:occ:function:current-client:00a3be20	0x00a3be20	xbuild-enriched-full	true	00a3be20	FUN_00a3be20	undefined FUN_00a3be20()	0	0	unknown	true		9	1359	92	18	3138
urn:ure:t6:occ:function:current-client:00a3bf30	0x00a3bf30	xbuild-enriched-full	true	00a3bf30	FUN_00a3bf30	undefined FUN_00a3bf30()	0	0	unknown	true		10	1473	101	21	3353
urn:ure:t6:occ:function:current-client:00a3c050	0x00a3c050	xbuild-enriched-full	true	00a3c050	FUN_00a3c050	undefined FUN_00a3c050()	0	0	unknown	true		7	1111	76	14	2598
urn:ure:t6:occ:function:current-client:00a3c130	0x00a3c130	xbuild-enriched-full	true	00a3c130	FUN_00a3c130	undefined FUN_00a3c130()	0	0	unknown	true		8	1191	83	16	2818
urn:ure:t6:occ:function:current-client:00a3c220	0x00a3c220	xbuild-enriched-full	true	00a3c220	FUN_00a3c220	undefined FUN_00a3c220()	0	0	unknown	true		8	1191	83	16	2818
urn:ure:t6:occ:function:current-client:00a3c310	0x00a3c310	xbuild-enriched-full	true	00a3c310	FUN_00a3c310	undefined FUN_00a3c310()	0	0	unknown	true		14	2005	155	31	5031
urn:ure:t6:occ:function:current-client:00a3c4e0	0x00a3c4e0	xbuild-enriched-full	true	00a3c4e0	FUN_00a3c4e0	undefined FUN_00a3c4e0()	0	0	unknown	true		11	1686	121	24	3975
urn:ure:t6:occ:function:current-client:00a3c650	0x00a3c650	xbuild-enriched-full	true	00a3c650	FUN_00a3c650	undefined FUN_00a3c650()	0	0	unknown	true		7	1111	76	14	2598
urn:ure:t6:occ:function:current-client:00a3c730	0x00a3c730	xbuild-enriched-full	true	00a3c730	FUN_00a3c730	undefined FUN_00a3c730()	0	0	unknown	true		9	1403	94	20	3240
urn:ure:t6:occ:function:current-client:00a3c850	0x00a3c850	xbuild-enriched-full	true	00a3c850	FUN_00a3c850	undefined FUN_00a3c850()	0	0	unknown	true		9	1296	88	18	3033
urn:ure:t6:occ:function:current-client:00a3c960	0x00a3c960	xbuild-enriched-full	true	00a3c960	FUN_00a3c960	undefined FUN_00a3c960()	0	0	unknown	true		13	1690	118	27	3952
urn:ure:t6:occ:function:current-client:00a3cac0	0x00a3cac0	xbuild-enriched-full	true	00a3cac0	FUN_00a3cac0	undefined FUN_00a3cac0()	0	0	unknown	true		4	617	32	4	1164
urn:ure:t6:occ:function:current-client:00a3cb20	0x00a3cb20	xbuild-enriched-full	true	00a3cb20	FUN_00a3cb20	undefined FUN_00a3cb20()	0	0	unknown	true		3	496	28	4	1045
urn:ure:t6:occ:function:current-client:00a3cb80	0x00a3cb80	xbuild-enriched-full	true	00a3cb80	FUN_00a3cb80	undefined FUN_00a3cb80()	0	0	unknown	true		2	304	18	2	695
urn:ure:t6:occ:function:current-client:00a3cbb0	0x00a3cbb0	xbuild-enriched-full	true	00a3cbb0	FUN_00a3cbb0	undefined FUN_00a3cbb0()	0	0	unknown	true		0	97	3	0	248
urn:ure:t6:occ:function:current-client:00a3cbc0	0x00a3cbc0	xbuild-enriched-full	true	00a3cbc0	FUN_00a3cbc0	undefined FUN_00a3cbc0()	0	0	unknown	true		1	146	16	2	604
urn:ure:t6:occ:function:current-client:00a3cbf0	0x00a3cbf0	xbuild-enriched-full	true	00a3cbf0	FUN_00a3cbf0	undefined FUN_00a3cbf0()	0	0	unknown	true		7	966	73	4	2397
urn:ure:t6:occ:function:current-client:00a3ccb0	0x00a3ccb0	xbuild-enriched-full	true	00a3ccb0	FUN_00a3ccb0	undefined FUN_00a3ccb0()	0	0	unknown	true		12	1267	127	10	4261
urn:ure:t6:occ:function:current-client:00a3cde0	0x00a3cde0	xbuild-enriched-full	true	00a3cde0	FUN_00a3cde0	undefined FUN_00a3cde0()	0	0	unknown	true		6	782	56	10	1855
urn:ure:t6:occ:function:current-client:00a3ce70	0x00a3ce70	xbuild-enriched-full	true	00a3ce70	FUN_00a3ce70	undefined FUN_00a3ce70()	0	0	unknown	true		6	742	60	5	2090
urn:ure:t6:occ:function:current-client:00a3cf10	0x00a3cf10	xbuild-enriched-full	true	00a3cf10	FUN_00a3cf10	undefined FUN_00a3cf10()	0	0	unknown	true		7	712	62	9	2125
urn:ure:t6:occ:function:current-client:00a3cfc0	0x00a3cfc0	xbuild-enriched-full	true	00a3cfc0	FUN_00a3cfc0	undefined FUN_00a3cfc0()	0	0	unknown	true		11	1417	103	17	3522
urn:ure:t6:occ:function:current-client:00a3d0d0	0x00a3d0d0	xbuild-enriched-full	true	00a3d0d0	FUN_00a3d0d0	undefined FUN_00a3d0d0()	0	0	unknown	true		1	126	9	2	389
urn:ure:t6:occ:function:current-client:00a3d0f0	0x00a3d0f0	xbuild-enriched-full	true	00a3d0f0	FUN_00a3d0f0	undefined FUN_00a3d0f0()	0	0	unknown	true		4	610	44	9	1401
urn:ure:t6:occ:function:current-client:00a3d150	0x00a3d150	xbuild-enriched-full	true	00a3d150	FUN_00a3d150	undefined FUN_00a3d150()	0	0	unknown	true		9	1301	99	11	3232
urn:ure:t6:occ:function:current-client:00a3d240	0x00a3d240	xbuild-enriched-full	true	00a3d240	FUN_00a3d240	undefined FUN_00a3d240()	0	0	unknown	true		11	1779	124	18	4025
urn:ure:t6:occ:function:current-client:00a3d370	0x00a3d370	xbuild-enriched-full	true	00a3d370	FUN_00a3d370	undefined FUN_00a3d370()	0	0	unknown	true		5	790	52	10	1874
urn:ure:t6:occ:function:current-client:00a3d3f0	0x00a3d3f0	xbuild-enriched-full	true	00a3d3f0	FUN_00a3d3f0	undefined FUN_00a3d3f0()	0	0	unknown	true		23	3297	182	36	6057
urn:ure:t6:occ:function:current-client:00a3d5e0	0x00a3d5e0	xbuild-enriched-full	true	00a3d5e0	FUN_00a3d5e0	undefined FUN_00a3d5e0()	0	0	unknown	true		11	1129	92	14	3130
urn:ure:t6:occ:function:current-client:00a3d6d0	0x00a3d6d0	xbuild-enriched-full	true	00a3d6d0	FUN_00a3d6d0	undefined FUN_00a3d6d0()	0	0	unknown	true		13	1746	117	20	3905
urn:ure:t6:occ:function:current-client:00a3d800	0x00a3d800	xbuild-enriched-full	true	00a3d800	FUN_00a3d800	undefined FUN_00a3d800()	0	0	unknown	true		2	225	23	2	796
urn:ure:t6:occ:function:current-client:00a3d830	0x00a3d830	xbuild-enriched-full	true	00a3d830	FUN_00a3d830	undefined FUN_00a3d830()	0	0	unknown	true		8	1157	72	13	2591
urn:ure:t6:occ:function:current-client:00a3d900	0x00a3d900	xbuild-enriched-full	true	00a3d900	FUN_00a3d900	undefined FUN_00a3d900()	0	0	unknown	true		12	1792	103	22	3751
urn:ure:t6:occ:function:current-client:00a3da40	0x00a3da40	xbuild-enriched-full	true	00a3da40	FUN_00a3da40	undefined FUN_00a3da40()	0	0	unknown	true		8	953	75	14	2479
urn:ure:t6:occ:function:current-client:00a3db10	0x00a3db10	xbuild-enriched-full	true	00a3db10	FUN_00a3db10	undefined FUN_00a3db10()	0	0	unknown	true		21	2875	185	37	6307
urn:ure:t6:occ:function:current-client:00a3dd20	0x00a3dd20	xbuild-enriched-full	true	00a3dd20	FUN_00a3dd20	undefined FUN_00a3dd20()	0	0	unknown	true		15	2543	124	25	4179
urn:ure:t6:occ:function:current-client:00a3de70	0x00a3de70	xbuild-enriched-full	true	00a3de70	FUN_00a3de70	undefined FUN_00a3de70()	0	0	unknown	true		5	614	53	15	1837
urn:ure:t6:occ:function:current-client:00a3df00	0x00a3df00	xbuild-enriched-full	true	00a3df00	FUN_00a3df00	undefined FUN_00a3df00()	0	0	unknown	true		1	170	14	3	519
urn:ure:t6:occ:function:current-client:00a3df30	0x00a3df30	xbuild-enriched-full	true	00a3df30	FUN_00a3df30	undefined FUN_00a3df30()	0	0	unknown	true		0	98	2	0	208
urn:ure:t6:occ:function:current-client:00a3df40	0x00a3df40	xbuild-enriched-full	true	00a3df40	FUN_00a3df40	undefined FUN_00a3df40()	0	0	unknown	true		0	73	2	0	191
urn:ure:t6:occ:function:current-client:00a3df50	0x00a3df50	xbuild-enriched-full	true	00a3df50	FUN_00a3df50	undefined FUN_00a3df50()	0	0	unknown	true		7	1361	72	12	2543
urn:ure:t6:occ:function:current-client:00a3e020	0x00a3e020	xbuild-enriched-full	true	00a3e020	FUN_00a3e020	undefined FUN_00a3e020()	0	0	unknown	true		2	410	23	5	904
urn:ure:t6:occ:function:current-client:00a3e070	0x00a3e070	xbuild-enriched-full	true	00a3e070	FUN_00a3e070	undefined FUN_00a3e070()	0	0	unknown	true		2	410	23	5	903
urn:ure:t6:occ:function:current-client:00a3e0c0	0x00a3e0c0	xbuild-enriched-full	true	00a3e0c0	FUN_00a3e0c0	undefined FUN_00a3e0c0()	0	0	unknown	true		11	1699	118	22	3877
urn:ure:t6:occ:function:current-client:00a3e210	0x00a3e210	xbuild-enriched-full	true	00a3e210	FUN_00a3e210	undefined FUN_00a3e210()	0	0	unknown	true		5	588	45	7	1418
urn:ure:t6:occ:function:current-client:00a3e280	0x00a3e280	xbuild-enriched-full	true	00a3e280	FUN_00a3e280	undefined FUN_00a3e280()	0	0	unknown	true		5	656	53	8	1689
urn:ure:t6:occ:function:current-client:00a3e300	0x00a3e300	xbuild-enriched-full	true	00a3e300	FUN_00a3e300	undefined FUN_00a3e300()	0	0	unknown	true		14	1767	110	19	4113
urn:ure:t6:occ:function:current-client:00a3e470	0x00a3e470	xbuild-enriched-full	true	00a3e470	FUN_00a3e470	undefined FUN_00a3e470()	0	0	unknown	true		14	2156	136	25	4638
urn:ure:t6:occ:function:current-client:00a3e5e0	0x00a3e5e0	xbuild-enriched-full	true	00a3e5e0	FUN_00a3e5e0	undefined FUN_00a3e5e0()	0	0	unknown	true		68	8687	501	115	19034
urn:ure:t6:occ:function:current-client:00a3ede0	0x00a3ede0	xbuild-enriched-full	true	00a3ede0	FUN_00a3ede0	undefined FUN_00a3ede0()	0	0	unknown	true		3	170	14	3	519
urn:ure:t6:occ:function:current-client:00a3ee10	0x00a3ee10	xbuild-enriched-full	true	00a3ee10	FUN_00a3ee10	undefined FUN_00a3ee10()	0	0	unknown	true		10	1516	93	16	3137
urn:ure:t6:occ:function:current-client:00a3ef00	0x00a3ef00	xbuild-enriched-full	true	00a3ef00	FUN_00a3ef00	undefined FUN_00a3ef00()	0	0	unknown	true		15	3282	153	39	4739
urn:ure:t6:occ:function:current-client:00a3f080	0x00a3f080	xbuild-enriched-full	true	00a3f080	FUN_00a3f080	undefined FUN_00a3f080()	0	0	unknown	true		9	1208	82	16	2803
urn:ure:t6:occ:function:current-client:00a3f170	0x00a3f170	xbuild-enriched-full	true	00a3f170	FUN_00a3f170	undefined FUN_00a3f170()	0	0	unknown	true		9	1191	83	16	2818
urn:ure:t6:occ:function:current-client:00a3f260	0x00a3f260	xbuild-enriched-full	true	00a3f260	FUN_00a3f260	undefined FUN_00a3f260()	0	0	unknown	true		1	108	7	0	339
urn:ure:t6:occ:function:current-client:00a3f270	0x00a3f270	xbuild-enriched-full	true	00a3f270	FUN_00a3f270	undefined FUN_00a3f270()	0	0	unknown	true		0	83	2	0	200
urn:ure:t6:occ:function:current-client:00a3f280	0x00a3f280	xbuild-enriched-full	true	00a3f280	FUN_00a3f280	undefined FUN_00a3f280()	0	0	unknown	true		4	796	44	6	1753
urn:ure:t6:occ:function:current-client:00a3f310	0x00a3f310	xbuild-enriched-full	true	00a3f310	FUN_00a3f310	undefined FUN_00a3f310()	0	0	unknown	true		11	1491	109	18	3675
urn:ure:t6:occ:function:current-client:00a3f440	0x00a3f440	xbuild-enriched-full	true	00a3f440	FUN_00a3f440	undefined FUN_00a3f440()	0	0	unknown	true		12	1491	109	18	3675
urn:ure:t6:occ:function:current-client:00a3f570	0x00a3f570	xbuild-enriched-full	true	00a3f570	FUN_00a3f570	undefined FUN_00a3f570()	0	0	unknown	true		11	1503	105	22	3489
urn:ure:t6:occ:function:current-client:00a3f690	0x00a3f690	xbuild-enriched-full	true	00a3f690	FUN_00a3f690	undefined FUN_00a3f690()	0	0	unknown	true		2	205	11	2	497
urn:ure:t6:occ:function:current-client:00a3f6b0	0x00a3f6b0	xbuild-enriched-full	true	00a3f6b0	FUN_00a3f6b0	undefined FUN_00a3f6b0()	0	0	unknown	true		1	117	2	2	224
urn:ure:t6:occ:function:current-client:00a3f6c0	0x00a3f6c0	xbuild-enriched-full	true	00a3f6c0	FUN_00a3f6c0	undefined FUN_00a3f6c0()	0	0	unknown	true		2	185	20	2	712
urn:ure:t6:occ:function:current-client:00a3f700	0x00a3f700	xbuild-enriched-full	true	00a3f700	FUN_00a3f700	undefined FUN_00a3f700()	0	0	unknown	true		1	169	9	2	407
urn:ure:t6:occ:function:current-client:00a3f720	0x00a3f720	xbuild-enriched-full	true	00a3f720	FUN_00a3f720	undefined FUN_00a3f720()	0	0	unknown	true		0	117	2	2	224
urn:ure:t6:occ:function:current-client:00a3f730	0x00a3f730	xbuild-enriched-full	true	00a3f730	FUN_00a3f730	undefined FUN_00a3f730()	0	0	unknown	true		1	152	16	2	573
urn:ure:t6:occ:function:current-client:00a3f760	0x00a3f760	xbuild-enriched-full	true	00a3f760	FUN_00a3f760	undefined FUN_00a3f760()	0	0	unknown	true		2	170	14	3	519
urn:ure:t6:occ:function:current-client:00a3f790	0x00a3f790	xbuild-enriched-full	true	00a3f790	FUN_00a3f790	undefined FUN_00a3f790()	0	0	unknown	true		2	266	20	4	733
urn:ure:t6:occ:function:current-client:00a3f7c0	0x00a3f7c0	xbuild-enriched-full	true	00a3f7c0	FUN_00a3f7c0	undefined FUN_00a3f7c0()	0	0	unknown	true		2	170	14	3	519
urn:ure:t6:occ:function:current-client:00a3f7f0	0x00a3f7f0	xbuild-enriched-full	true	00a3f7f0	FUN_00a3f7f0	undefined FUN_00a3f7f0()	0	0	unknown	true		7	1033	61	13	2031
urn:ure:t6:occ:function:current-client:00a3f8a0	0x00a3f8a0	xbuild-enriched-full	true	00a3f8a0	FUN_00a3f8a0	undefined FUN_00a3f8a0()	0	0	unknown	true		9	1191	83	16	2818
urn:ure:t6:occ:function:current-client:00a3f990	0x00a3f990	xbuild-enriched-full	true	00a3f990	FUN_00a3f990	undefined FUN_00a3f990()	0	0	unknown	true		9	1191	83	16	2818
urn:ure:t6:occ:function:current-client:00a3fa80	0x00a3fa80	xbuild-enriched-full	true	00a3fa80	FUN_00a3fa80	undefined FUN_00a3fa80()	0	0	unknown	true		8	1111	76	14	2598
urn:ure:t6:occ:function:current-client:00a3fb60	0x00a3fb60	xbuild-enriched-full	true	00a3fb60	FUN_00a3fb60	undefined FUN_00a3fb60()	0	0	unknown	true		24	3267	191	45	6322
urn:ure:t6:occ:function:current-client:00a3fd60	0x00a3fd60	xbuild-enriched-full	true	00a3fd60	FUN_00a3fd60	undefined FUN_00a3fd60()	0	0	unknown	true		9	1191	83	16	2818
urn:ure:t6:occ:function:current-client:00a3fe50	0x00a3fe50	xbuild-enriched-full	true	00a3fe50	FUN_00a3fe50	undefined FUN_00a3fe50()	0	0	unknown	true		1	99	3	1	231
urn:ure:t6:occ:function:current-client:00a3fe60	0x00a3fe60	xbuild-enriched-full	true	00a3fe60	FUN_00a3fe60	undefined FUN_00a3fe60()	0	0	unknown	true		0	99	2	1	205
urn:ure:t6:occ:function:current-client:00a3fe70	0x00a3fe70	xbuild-enriched-full	true	00a3fe70	FUN_00a3fe70	undefined FUN_00a3fe70()	0	0	unknown	true		2	170	14	3	519
urn:ure:t6:occ:function:current-client:00a3fea0	0x00a3fea0	xbuild-enriched-full	true	00a3fea0	FUN_00a3fea0	undefined FUN_00a3fea0()	0	0	unknown	true		1	133	7	2	334
urn:ure:t6:occ:function:current-client:00a3fec0	0x00a3fec0	xbuild-enriched-full	true	00a3fec0	FUN_00a3fec0	undefined FUN_00a3fec0()	0	0	unknown	true		0	117	2	2	224
urn:ure:t6:occ:function:current-client:00a3fed0	0x00a3fed0	xbuild-enriched-full	true	00a3fed0	FUN_00a3fed0	undefined FUN_00a3fed0()	0	0	unknown	true		2	170	14	3	519
urn:ure:t6:occ:function:current-client:00a3ff00	0x00a3ff00	xbuild-enriched-full	true	00a3ff00	FUN_00a3ff00	undefined FUN_00a3ff00()	0	0	unknown	true		1	169	10	2	452
urn:ure:t6:occ:function:current-client:00a3ff20	0x00a3ff20	xbuild-enriched-full	true	00a3ff20	FUN_00a3ff20	undefined FUN_00a3ff20()	0	0	unknown	true		0	117	2	2	224
urn:ure:t6:occ:function:current-client:00a3ff30	0x00a3ff30	xbuild-enriched-full	true	00a3ff30	FUN_00a3ff30	undefined FUN_00a3ff30()	0	0	unknown	true		2	170	14	3	519
urn:ure:t6:occ:function:current-client:00a3ff60	0x00a3ff60	xbuild-enriched-full	true	00a3ff60	FUN_00a3ff60	undefined FUN_00a3ff60()	0	0	unknown	true		5	767	42	7	1471
urn:ure:t6:occ:function:current-client:00a3ffe0	0x00a3ffe0	xbuild-enriched-full	true	00a3ffe0	FUN_00a3ffe0	undefined FUN_00a3ffe0()	0	0	unknown	true		2	169	10	2	452
urn:ure:t6:occ:function:current-client:00a40000	0x00a40000	xbuild-enriched-full	true	00a40000	FUN_00a40000	undefined FUN_00a40000()	0	0	unknown	true		0	117	2	2	224
urn:ure:t6:occ:function:current-client:00a40010	0x00a40010	xbuild-enriched-full	true	00a40010	FUN_00a40010	undefined FUN_00a40010()	0	0	unknown	true		2	170	14	3	519
urn:ure:t6:occ:function:current-client:00a40040	0x00a40040	xbuild-enriched-full	true	00a40040	FUN_00a40040	undefined FUN_00a40040()	0	0	unknown	true		3	510	23	3	883
urn:ure:t6:occ:function:current-client:00a40080	0x00a40080	xbuild-enriched-full	true	00a40080	FUN_00a40080	undefined FUN_00a40080()	0	0	unknown	true		1	117	2	2	224
urn:ure:t6:occ:function:current-client:00a400a0	0x00a400a0	xbuild-enriched-full	true	00a400a0	FUN_00a400a0	undefined FUN_00a400a0()	0	0	unknown	true		2	170	14	3	519
urn:ure:t6:occ:function:current-client:00a400d0	0x00a400d0	xbuild-enriched-full	true	00a400d0	FUN_00a400d0	undefined FUN_00a400d0()	0	0	unknown	true		14	1823	121	27	4008
urn:ure:t6:occ:function:current-client:00a40210	0x00a40210	xbuild-enriched-full	true	00a40210	FUN_00a40210	undefined FUN_00a40210()	0	0	unknown	true		4	800	31	3	1418
urn:ure:t6:occ:function:current-client:00a40270	0x00a40270	xbuild-enriched-full	true	00a40270	FUN_00a40270	undefined FUN_00a40270()	0	0	unknown	true		1	117	2	2	224
urn:ure:t6:occ:function:current-client:00a40280	0x00a40280	xbuild-enriched-full	true	00a40280	FUN_00a40280	undefined FUN_00a40280()	0	0	unknown	true		8	1364	78	19	2410
urn:ure:t6:occ:function:current-client:00a40340	0x00a40340	xbuild-enriched-full	true	00a40340	FUN_00a40340	undefined FUN_00a40340()	0	0	unknown	true		2	170	14	3	519
urn:ure:t6:occ:function:current-client:00a40370	0x00a40370	xbuild-enriched-full	true	00a40370	FUN_00a40370	undefined FUN_00a40370()	0	0	unknown	true		13	1928	116	29	3686
urn:ure:t6:occ:function:current-client:00a404a0	0x00a404a0	xbuild-enriched-full	true	00a404a0	FUN_00a404a0	undefined FUN_00a404a0()	0	0	unknown	true		3	262	15	2	687
urn:ure:t6:occ:function:current-client:00a404d0	0x00a404d0	xbuild-enriched-full	true	00a404d0	FUN_00a404d0	undefined FUN_00a404d0()	0	0	unknown	true		1	117	2	2	224
urn:ure:t6:occ:function:current-client:00a404f0	0x00a404f0	xbuild-enriched-full	true	00a404f0	FUN_00a404f0	undefined FUN_00a404f0()	0	0	unknown	true		4	170	14	3	519
urn:ure:t6:occ:function:current-client:00a40520	0x00a40520	xbuild-enriched-full	true	00a40520	FUN_00a40520	undefined FUN_00a40520()	0	0	unknown	true		9	1195	72	15	2370
urn:ure:t6:occ:function:current-client:00a405e0	0x00a405e0	xbuild-enriched-full	true	00a405e0	FUN_00a405e0	undefined FUN_00a405e0()	0	0	unknown	true		2	205	12	2	546
urn:ure:t6:occ:function:current-client:00a40600	0x00a40600	xbuild-enriched-full	true	00a40600	FUN_00a40600	undefined FUN_00a40600()	0	0	unknown	true		0	117	2	2	224
urn:ure:t6:occ:function:current-client:00a40610	0x00a40610	xbuild-enriched-full	true	00a40610	FUN_00a40610	undefined FUN_00a40610()	0	0	unknown	true		1	170	14	3	519
urn:ure:t6:occ:function:current-client:00a40640	0x00a40640	xbuild-enriched-full	true	00a40640	FUN_00a40640	undefined FUN_00a40640()	0	0	unknown	true		6	950	55	11	1838
urn:ure:t6:occ:function:current-client:00a406e0	0x00a406e0	xbuild-enriched-full	true	00a406e0	FUN_00a406e0	undefined FUN_00a406e0()	0	0	unknown	true		13	1698	121	25	4028
urn:ure:t6:occ:function:current-client:00a40830	0x00a40830	xbuild-enriched-full	true	00a40830	FUN_00a40830	undefined FUN_00a40830()	0	0	unknown	true		11	1557	111	24	3732
urn:ure:t6:occ:function:current-client:00a40970	0x00a40970	xbuild-enriched-full	true	00a40970	FUN_00a40970	undefined FUN_00a40970()	0	0	unknown	true		10	1363	97	18	3260
urn:ure:t6:occ:function:current-client:00a40a80	0x00a40a80	xbuild-enriched-full	true	00a40a80	FUN_00a40a80	undefined FUN_00a40a80()	0	0	unknown	true		14	1765	121	25	4010
urn:ure:t6:occ:function:current-client:00a40bc0	0x00a40bc0	xbuild-enriched-full	true	00a40bc0	FUN_00a40bc0	undefined FUN_00a40bc0()	0	0	unknown	true		13	1765	121	25	4010
urn:ure:t6:occ:function:current-client:00a40d00	0x00a40d00	xbuild-enriched-full	true	00a40d00	FUN_00a40d00	undefined FUN_00a40d00()	0	0	unknown	true		14	1782	132	26	4431
urn:ure:t6:occ:function:current-client:00a40e70	0x00a40e70	xbuild-enriched-full	true	00a40e70	FUN_00a40e70	undefined FUN_00a40e70()	0	0	unknown	true		14	1805	132	27	4391
urn:ure:t6:occ:function:current-client:00a40fd0	0x00a40fd0	xbuild-enriched-full	true	00a40fd0	FUN_00a40fd0	undefined FUN_00a40fd0()	0	0	unknown	true		12	1768	121	25	4011
urn:ure:t6:occ:function:current-client:00a41110	0x00a41110	xbuild-enriched-full	true	00a41110	FUN_00a41110	undefined FUN_00a41110()	0	0	unknown	true		16	1897	136	28	4534
urn:ure:t6:occ:function:current-client:00a41280	0x00a41280	xbuild-enriched-full	true	00a41280	FUN_00a41280	undefined FUN_00a41280()	0	0	unknown	true		11	1282	101	16	3472
urn:ure:t6:occ:function:current-client:00a413a0	0x00a413a0	xbuild-enriched-full	true	00a413a0	FUN_00a413a0	undefined FUN_00a413a0()	0	0	unknown	true		15	1813	129	27	4342
urn:ure:t6:occ:function:current-client:00a41500	0x00a41500	xbuild-enriched-full	true	00a41500	FUN_00a41500	undefined FUN_00a41500()	0	0	unknown	true		12	1547	120	23	4024
urn:ure:t6:occ:function:current-client:00a41640	0x00a41640	xbuild-enriched-full	true	00a41640	FUN_00a41640	undefined FUN_00a41640()	0	0	unknown	true		12	1610	124	25	4187
urn:ure:t6:occ:function:current-client:00a41790	0x00a41790	xbuild-enriched-full	true	00a41790	FUN_00a41790	undefined FUN_00a41790()	0	0	unknown	true		2	245	13	2	598
urn:ure:t6:occ:function:current-client:00a417c0	0x00a417c0	xbuild-enriched-full	true	00a417c0	FUN_00a417c0	undefined FUN_00a417c0()	0	0	unknown	true		0	117	2	2	224
urn:ure:t6:occ:function:current-client:00a417e0	0x00a417e0	xbuild-enriched-full	true	00a417e0	FUN_00a417e0	undefined FUN_00a417e0()	0	0	unknown	true		1	170	14	3	519
urn:ure:t6:occ:function:current-client:00a41810	0x00a41810	xbuild-enriched-full	true	00a41810	FUN_00a41810	undefined FUN_00a41810()	0	0	unknown	true		7	1203	73	15	2402
urn:ure:t6:occ:function:current-client:00a418e0	0x00a418e0	xbuild-enriched-full	true	00a418e0	FUN_00a418e0	undefined FUN_00a418e0()	0	0	unknown	true		1	249	13	2	605
urn:ure:t6:occ:function:current-client:00a41910	0x00a41910	xbuild-enriched-full	true	00a41910	FUN_00a41910	undefined FUN_00a41910()	0	0	unknown	true		0	117	2	2	224
urn:ure:t6:occ:function:current-client:00a41920	0x00a41920	xbuild-enriched-full	true	00a41920	FUN_00a41920	undefined FUN_00a41920()	0	0	unknown	true		1	170	14	3	519
urn:ure:t6:occ:function:current-client:00a41950	0x00a41950	xbuild-enriched-full	true	00a41950	FUN_00a41950	undefined FUN_00a41950()	0	0	unknown	true		7	1204	73	15	2409
urn:ure:t6:occ:function:current-client:00a41a20	0x00a41a20	xbuild-enriched-full	true	00a41a20	FUN_00a41a20	undefined FUN_00a41a20()	0	0	unknown	true		2	316	17	2	779
urn:ure:t6:occ:function:current-client:00a41a50	0x00a41a50	xbuild-enriched-full	true	00a41a50	FUN_00a41a50	undefined FUN_00a41a50()	0	0	unknown	true		0	117	2	2	224
urn:ure:t6:occ:function:current-client:00a41a70	0x00a41a70	xbuild-enriched-full	true	00a41a70	FUN_00a41a70	undefined FUN_00a41a70()	0	0	unknown	true		1	170	14	3	519
urn:ure:t6:occ:function:current-client:00a41aa0	0x00a41aa0	xbuild-enriched-full	true	00a41aa0	FUN_00a41aa0	undefined FUN_00a41aa0()	0	0	unknown	true		8	1391	84	19	2756
urn:ure:t6:occ:function:current-client:00a41b80	0x00a41b80	xbuild-enriched-full	true	00a41b80	FUN_00a41b80	undefined FUN_00a41b80()	0	0	unknown	true		3	216	18	4	665
urn:ure:t6:occ:function:current-client:00a41bc0	0x00a41bc0	xbuild-enriched-full	true	00a41bc0	FUN_00a41bc0	undefined FUN_00a41bc0()	0	0	unknown	true		0	117	2	2	224
urn:ure:t6:occ:function:current-client:00a41be0	0x00a41be0	xbuild-enriched-full	true	00a41be0	FUN_00a41be0	undefined FUN_00a41be0()	0	0	unknown	true		2	170	14	3	519
urn:ure:t6:occ:function:current-client:00a41c10	0x00a41c10	xbuild-enriched-full	true	00a41c10	FUN_00a41c10	undefined FUN_00a41c10()	0	0	unknown	true		6	963	57	11	1907
urn:ure:t6:occ:function:current-client:00a41cb0	0x00a41cb0	xbuild-enriched-full	true	00a41cb0	FUN_00a41cb0	undefined FUN_00a41cb0()	0	0	unknown	true		1	169	8	2	381
urn:ure:t6:occ:function:current-client:00a41cd0	0x00a41cd0	xbuild-enriched-full	true	00a41cd0	FUN_00a41cd0	undefined FUN_00a41cd0()	0	0	unknown	true		1	105	8	1	381
urn:ure:t6:occ:function:current-client:00a41cf0	0x00a41cf0	xbuild-enriched-full	true	00a41cf0	FUN_00a41cf0	undefined FUN_00a41cf0()	0	0	unknown	true		5	763	43	7	1497
urn:ure:t6:occ:function:current-client:00a41d70	0x00a41d70	xbuild-enriched-full	true	00a41d70	FUN_00a41d70	undefined FUN_00a41d70()	0	0	unknown	true		3	363	30	6	1102
urn:ure:t6:occ:function:current-client:00a41e00	0x00a41e00	xbuild-enriched-full	true	00a41e00	FUN_00a41e00	undefined FUN_00a41e00()	0	0	unknown	true		8	1350	83	19	2772
urn:ure:t6:occ:function:current-client:00a41f00	0x00a41f00	xbuild-enriched-full	true	00a41f00	FUN_00a41f00	undefined FUN_00a41f00()	0	0	unknown	true		2	363	23	3	952
urn:ure:t6:occ:function:current-client:00a41f60	0x00a41f60	xbuild-enriched-full	true	00a41f60	FUN_00a41f60	undefined FUN_00a41f60()	0	0	unknown	true		5	961	57	11	1893
urn:ure:t6:occ:function:current-client:00a42000	0x00a42000	xbuild-enriched-full	true	00a42000	FUN_00a42000	undefined FUN_00a42000()	0	0	unknown	true		1	205	12	2	546
urn:ure:t6:occ:function:current-client:00a42020	0x00a42020	xbuild-enriched-full	true	00a42020	FUN_00a42020	undefined FUN_00a42020()	0	0	unknown	true		0	117	2	2	224
urn:ure:t6:occ:function:current-client:00a42030	0x00a42030	xbuild-enriched-full	true	00a42030	FUN_00a42030	undefined FUN_00a42030()	0	0	unknown	true		1	217	22	2	777
urn:ure:t6:occ:function:current-client:00a42060	0x00a42060	xbuild-enriched-full	true	00a42060	FUN_00a42060	undefined FUN_00a42060()	0	0	unknown	true		1	324	12	0	602
urn:ure:t6:occ:function:current-client:00a420a0	0x00a420a0	xbuild-enriched-full	true	00a420a0	FUN_00a420a0	undefined FUN_00a420a0()	0	0	unknown	true		1	170	14	3	519
urn:ure:t6:occ:function:current-client:00a420d0	0x00a420d0	xbuild-enriched-full	true	00a420d0	FUN_00a420d0	undefined FUN_00a420d0()	0	0	unknown	true		2	312	22	3	921
urn:ure:t6:occ:function:current-client:00a42120	0x00a42120	xbuild-enriched-full	true	00a42120	FUN_00a42120	undefined FUN_00a42120()	0	0	unknown	true		0	117	2	2	224
urn:ure:t6:occ:function:current-client:00a42140	0x00a42140	xbuild-enriched-full	true	00a42140	FUN_00a42140	undefined FUN_00a42140()	0	0	unknown	true		1	170	14	3	519
urn:ure:t6:occ:function:current-client:00a42170	0x00a42170	xbuild-enriched-full	true	00a42170	FUN_00a42170	undefined FUN_00a42170()	0	0	unknown	true		11	1636	102	25	3313
urn:ure:t6:occ:function:current-client:00a42280	0x00a42280	xbuild-enriched-full	true	00a42280	FUN_00a42280	undefined FUN_00a42280()	0	0	unknown	true		2	219	14	2	593
urn:ure:t6:occ:function:current-client:00a422b0	0x00a422b0	xbuild-enriched-full	true	00a422b0	FUN_00a422b0	undefined FUN_00a422b0()	0	0	unknown	true		1	117	2	2	224
urn:ure:t6:occ:function:current-client:00a422c0	0x00a422c0	xbuild-enriched-full	true	00a422c0	FUN_00a422c0	undefined FUN_00a422c0()	0	0	unknown	true		2	170	14	3	519
urn:ure:t6:occ:function:current-client:00a422f0	0x00a422f0	xbuild-enriched-full	true	00a422f0	FUN_00a422f0	undefined FUN_00a422f0()	0	0	unknown	true		5	796	44	7	1546
urn:ure:t6:occ:function:current-client:00a42370	0x00a42370	xbuild-enriched-full	true	00a42370	FUN_00a42370	undefined FUN_00a42370()	0	0	unknown	true		4	611	33	6	1196
urn:ure:t6:occ:function:current-client:00a423e0	0x00a423e0	xbuild-enriched-full	true	00a423e0	FUN_00a423e0	undefined FUN_00a423e0()	0	0	unknown	true		5	425	44	8	1396
urn:ure:t6:occ:function:current-client:00a42470	0x00a42470	xbuild-enriched-full	true	00a42470	FUN_00a42470	undefined FUN_00a42470()	0	0	unknown	true		6	996	54	8	2061
urn:ure:t6:occ:function:current-client:00a42530	0x00a42530	xbuild-enriched-full	true	00a42530	FUN_00a42530	undefined FUN_00a42530()	0	0	unknown	true		2	170	14	3	519
urn:ure:t6:occ:function:current-client:00a42560	0x00a42560	xbuild-enriched-full	true	00a42560	FUN_00a42560	undefined FUN_00a42560()	0	0	unknown	true		2	625	17	1	923
urn:ure:t6:occ:function:current-client:00a425b0	0x00a425b0	xbuild-enriched-full	true	00a425b0	FUN_00a425b0	undefined FUN_00a425b0()	0	0	unknown	true		18	2620	187	48	6251
urn:ure:t6:occ:function:current-client:00a427e0	0x00a427e0	xbuild-enriched-full	true	00a427e0	FUN_00a427e0	undefined FUN_00a427e0()	0	0	unknown	true		2	217	12	2	576
urn:ure:t6:occ:function:current-client:00a42810	0x00a42810	xbuild-enriched-full	true	00a42810	FUN_00a42810	undefined FUN_00a42810()	0	0	unknown	true		0	117	2	2	224
urn:ure:t6:occ:function:current-client:00a42830	0x00a42830	xbuild-enriched-full	true	00a42830	FUN_00a42830	undefined FUN_00a42830()	0	0	unknown	true		1	170	14	3	519
urn:ure:t6:occ:function:current-client:00a42860	0x00a42860	xbuild-enriched-full	true	00a42860	FUN_00a42860	undefined FUN_00a42860()	0	0	unknown	true		8	1137	83	19	2768
urn:ure:t6:occ:function:current-client:00a42950	0x00a42950	xbuild-enriched-full	true	00a42950	FUN_00a42950	undefined FUN_00a42950()	0	0	unknown	true		4	480	40	6	1310
urn:ure:t6:occ:function:current-client:00a429b0	0x00a429b0	xbuild-enriched-full	true	00a429b0	FUN_00a429b0	undefined FUN_00a429b0()	0	0	unknown	true		3	503	28	3	1054
urn:ure:t6:occ:function:current-client:00a42a00	0x00a42a00	xbuild-enriched-full	true	00a42a00	FUN_00a42a00	undefined FUN_00a42a00()	0	0	unknown	true		6	959	66	12	2126
urn:ure:t6:occ:function:current-client:00a42aa0	0x00a42aa0	xbuild-enriched-full	true	00a42aa0	FUN_00a42aa0	undefined FUN_00a42aa0()	0	0	unknown	true		4	663	39	4	1404
urn:ure:t6:occ:function:current-client:00a42b10	0x00a42b10	xbuild-enriched-full	true	00a42b10	FUN_00a42b10	undefined FUN_00a42b10()	0	0	unknown	true		4	730	43	6	1613
urn:ure:t6:occ:function:current-client:00a42b90	0x00a42b90	xbuild-enriched-full	true	00a42b90	FUN_00a42b90	undefined FUN_00a42b90()	0	0	unknown	true		1	170	14	3	519
urn:ure:t6:occ:function:current-client:00a42bc0	0x00a42bc0	xbuild-enriched-full	true	00a42bc0	FUN_00a42bc0	undefined FUN_00a42bc0()	0	0	unknown	true		7	1504	84	10	3170
urn:ure:t6:occ:function:current-client:00a42ca0	0x00a42ca0	xbuild-enriched-full	true	00a42ca0	FUN_00a42ca0	undefined FUN_00a42ca0()	0	0	unknown	true		10	1333	101	20	3435
urn:ure:t6:occ:function:current-client:00a42dc0	0x00a42dc0	xbuild-enriched-full	true	00a42dc0	FUN_00a42dc0	undefined FUN_00a42dc0()	0	0	unknown	true		19	2309	162	37	5515
urn:ure:t6:occ:function:current-client:00a42f80	0x00a42f80	xbuild-enriched-full	true	00a42f80	FUN_00a42f80	undefined FUN_00a42f80()	0	0	unknown	true		1	167	7	2	400
urn:ure:t6:occ:function:current-client:00a42fa0	0x00a42fa0	xbuild-enriched-full	true	00a42fa0	FUN_00a42fa0	undefined FUN_00a42fa0()	0	0	unknown	true		4	607	44	6	1545
urn:ure:t6:occ:function:current-client:00a43020	0x00a43020	xbuild-enriched-full	true	00a43020	FUN_00a43020	undefined FUN_00a43020()	0	0	unknown	true		0	108	3	0	246
urn:ure:t6:occ:function:current-client:00a43030	0x00a43030	xbuild-enriched-full	true	00a43030	FUN_00a43030	undefined FUN_00a43030()	0	0	unknown	true		13	2291	130	23	4416
urn:ure:t6:occ:function:current-client:00a43190	0x00a43190	xbuild-enriched-full	true	00a43190	FUN_00a43190	undefined FUN_00a43190()	0	0	unknown	true		1	111	9	0	439
urn:ure:t6:occ:function:current-client:00a431b0	0x00a431b0	xbuild-enriched-full	true	00a431b0	FUN_00a431b0	undefined FUN_00a431b0()	0	0	unknown	true		5	943	58	9	1971
urn:ure:t6:occ:function:current-client:00a43250	0x00a43250	xbuild-enriched-full	true	00a43250	FUN_00a43250	undefined FUN_00a43250()	0	0	unknown	true		2	170	14	3	519
urn:ure:t6:occ:function:current-client:00a43280	0x00a43280	xbuild-enriched-full	true	00a43280	FUN_00a43280	undefined FUN_00a43280()	0	0	unknown	true		1	187	11	2	499
urn:ure:t6:occ:function:current-client:00a432a0	0x00a432a0	xbuild-enriched-full	true	00a432a0	FUN_00a432a0	undefined FUN_00a432a0()	0	0	unknown	true		0	117	2	2	224
urn:ure:t6:occ:function:current-client:00a432b0	0x00a432b0	xbuild-enriched-full	true	00a432b0	FUN_00a432b0	undefined FUN_00a432b0()	0	0	unknown	true		1	170	14	3	519
urn:ure:t6:occ:function:current-client:00a432e0	0x00a432e0	xbuild-enriched-full	true	00a432e0	FUN_00a432e0	undefined FUN_00a432e0()	0	0	unknown	true		6	950	55	11	1838
urn:ure:t6:occ:function:current-client:00a43380	0x00a43380	xbuild-enriched-full	true	00a43380	FUN_00a43380	undefined FUN_00a43380()	0	0	unknown	true		14	1929	133	23	4461
urn:ure:t6:occ:function:current-client:00a434f0	0x00a434f0	xbuild-enriched-full	true	00a434f0	FUN_00a434f0	undefined FUN_00a434f0()	0	0	unknown	true		15	2163	138	28	4574
urn:ure:t6:occ:function:current-client:00a43660	0x00a43660	xbuild-enriched-full	true	00a43660	FUN_00a43660	undefined FUN_00a43660()	0	0	unknown	true		2	187	11	2	498
urn:ure:t6:occ:function:current-client:00a43680	0x00a43680	xbuild-enriched-full	true	00a43680	FUN_00a43680	undefined FUN_00a43680()	0	0	unknown	true		2	182	20	2	708
urn:ure:t6:occ:function:current-client:00a436b0	0x00a436b0	xbuild-enriched-full	true	00a436b0	FUN_00a436b0	undefined FUN_00a436b0()	0	0	unknown	true		5	947	55	11	1837
urn:ure:t6:occ:function:current-client:00a43750	0x00a43750	xbuild-enriched-full	true	00a43750	FUN_00a43750	undefined FUN_00a43750()	0	0	unknown	true		1	205	11	2	496
urn:ure:t6:occ:function:current-client:00a43770	0x00a43770	xbuild-enriched-full	true	00a43770	FUN_00a43770	undefined FUN_00a43770()	0	0	unknown	true		0	117	2	2	224
urn:ure:t6:occ:function:current-client:00a43780	0x00a43780	xbuild-enriched-full	true	00a43780	FUN_00a43780	undefined FUN_00a43780()	0	0	unknown	true		1	170	14	3	519
urn:ure:t6:occ:function:current-client:00a437b0	0x00a437b0	xbuild-enriched-full	true	00a437b0	FUN_00a437b0	undefined FUN_00a437b0()	0	0	unknown	true		7	1305	79	19	2605
urn:ure:t6:occ:function:current-client:00a43890	0x00a43890	xbuild-enriched-full	true	00a43890	FUN_00a43890	undefined FUN_00a43890()	0	0	unknown	true		1	223	13	2	593
urn:ure:t6:occ:function:current-client:00a438c0	0x00a438c0	xbuild-enriched-full	true	00a438c0	FUN_00a438c0	undefined FUN_00a438c0()	0	0	unknown	true		0	117	2	2	224
urn:ure:t6:occ:function:current-client:00a438d0	0x00a438d0	xbuild-enriched-full	true	00a438d0	FUN_00a438d0	undefined FUN_00a438d0()	0	0	unknown	true		1	170	14	3	519
urn:ure:t6:occ:function:current-client:00a43900	0x00a43900	xbuild-enriched-full	true	00a43900	FUN_00a43900	undefined FUN_00a43900()	0	0	unknown	true		7	1217	73	17	2417
urn:ure:t6:occ:function:current-client:00a439d0	0x00a439d0	xbuild-enriched-full	true	00a439d0	FUN_00a439d0	undefined FUN_00a439d0()	0	0	unknown	true		1	208	11	2	501
urn:ure:t6:occ:function:current-client:00a439f0	0x00a439f0	xbuild-enriched-full	true	00a439f0	FUN_00a439f0	undefined FUN_00a439f0()	0	0	unknown	true		0	117	2	2	224
urn:ure:t6:occ:function:current-client:00a43a00	0x00a43a00	xbuild-enriched-full	true	00a43a00	FUN_00a43a00	undefined FUN_00a43a00()	0	0	unknown	true		2	170	14	3	519
urn:ure:t6:occ:function:current-client:00a43a30	0x00a43a30	xbuild-enriched-full	true	00a43a30	FUN_00a43a30	undefined FUN_00a43a30()	0	0	unknown	true		7	1089	72	16	2388
urn:ure:t6:occ:function:current-client:00a43b00	0x00a43b00	xbuild-enriched-full	true	00a43b00	FUN_00a43b00	undefined FUN_00a43b00()	0	0	unknown	true		1	205	12	2	546
urn:ure:t6:occ:function:current-client:00a43b20	0x00a43b20	xbuild-enriched-full	true	00a43b20	FUN_00a43b20	undefined FUN_00a43b20()	0	0	unknown	true		0	117	2	2	224
urn:ure:t6:occ:function:current-client:00a43b40	0x00a43b40	xbuild-enriched-full	true	00a43b40	FUN_00a43b40	undefined FUN_00a43b40()	0	0	unknown	true		1	170	14	3	519
urn:ure:t6:occ:function:current-client:00a43b70	0x00a43b70	xbuild-enriched-full	true	00a43b70	FUN_00a43b70	undefined FUN_00a43b70()	0	0	unknown	true		6	1127	68	15	2248
urn:ure:t6:occ:function:current-client:00a43c30	0x00a43c30	xbuild-enriched-full	true	00a43c30	FUN_00a43c30	undefined FUN_00a43c30()	0	0	unknown	true		1	246	12	2	545
urn:ure:t6:occ:function:current-client:00a43c60	0x00a43c60	xbuild-enriched-full	true	00a43c60	FUN_00a43c60	undefined FUN_00a43c60()	0	0	unknown	true		1	170	14	3	519
urn:ure:t6:occ:function:current-client:00a43c90	0x00a43c90	xbuild-enriched-full	true	00a43c90	FUN_00a43c90	undefined FUN_00a43c90()	0	0	unknown	true		5	947	55	11	1837
urn:ure:t6:occ:function:current-client:00a43d30	0x00a43d30	xbuild-enriched-full	true	00a43d30	FUN_00a43d30	undefined FUN_00a43d30()	0	0	unknown	true		4	844	51	7	1916
urn:ure:t6:occ:function:current-client:00a43df0	0x00a43df0	xbuild-enriched-full	true	00a43df0	FUN_00a43df0	undefined FUN_00a43df0()	0	0	unknown	true		0	117	2	2	224
urn:ure:t6:occ:function:current-client:00a43e00	0x00a43e00	xbuild-enriched-full	true	00a43e00	FUN_00a43e00	undefined FUN_00a43e00()	0	0	unknown	true		3	450	55	9	1786
urn:ure:t6:occ:function:current-client:00a43ec0	0x00a43ec0	xbuild-enriched-full	true	00a43ec0	FUN_00a43ec0	undefined FUN_00a43ec0()	0	0	unknown	true		5	1039	52	7	1917
urn:ure:t6:occ:function:current-client:00a43f50	0x00a43f50	xbuild-enriched-full	true	00a43f50	FUN_00a43f50	undefined FUN_00a43f50()	0	0	unknown	true		2	170	14	3	519
urn:ure:t6:occ:function:current-client:00a43f80	0x00a43f80	xbuild-enriched-full	true	00a43f80	FUN_00a43f80	undefined FUN_00a43f80()	0	0	unknown	true		23	2768	196	44	6411
urn:ure:t6:occ:function:current-client:00a441c0	0x00a441c0	xbuild-enriched-full	true	00a441c0	FUN_00a441c0	undefined FUN_00a441c0()	0	0	unknown	true		3	251	18	3	727
urn:ure:t6:occ:function:current-client:00a44200	0x00a44200	xbuild-enriched-full	true	00a44200	FUN_00a44200	undefined FUN_00a44200()	0	0	unknown	true		1	117	2	2	224
urn:ure:t6:occ:function:current-client:00a44220	0x00a44220	xbuild-enriched-full	true	00a44220	FUN_00a44220	undefined FUN_00a44220()	0	0	unknown	true		3	319	31	5	1054
urn:ure:t6:occ:function:current-client:00a44270	0x00a44270	xbuild-enriched-full	true	00a44270	FUN_00a44270	undefined FUN_00a44270()	0	0	unknown	true		2	170	14	3	519
urn:ure:t6:occ:function:current-client:00a442a0	0x00a442a0	xbuild-enriched-full	true	00a442a0	FUN_00a442a0	undefined FUN_00a442a0()	0	0	unknown	true		9	1261	90	21	2975
urn:ure:t6:occ:function:current-client:00a443a0	0x00a443a0	xbuild-enriched-full	true	00a443a0	FUN_00a443a0	undefined FUN_00a443a0()	0	0	unknown	true		2	169	10	2	452
urn:ure:t6:occ:function:current-client:00a443c0	0x00a443c0	xbuild-enriched-full	true	00a443c0	FUN_00a443c0	undefined FUN_00a443c0()	0	0	unknown	true		0	117	2	2	224
urn:ure:t6:occ:function:current-client:00a443d0	0x00a443d0	xbuild-enriched-full	true	00a443d0	FUN_00a443d0	undefined FUN_00a443d0()	0	0	unknown	true		1	136	10	1	445
urn:ure:t6:occ:function:current-client:00a443f0	0x00a443f0	xbuild-enriched-full	true	00a443f0	FUN_00a443f0	undefined FUN_00a443f0()	0	0	unknown	true		2	170	14	3	519
urn:ure:t6:occ:function:current-client:00a44420	0x00a44420	xbuild-enriched-full	true	00a44420	FUN_00a44420	undefined FUN_00a44420()	0	0	unknown	true		5	763	43	7	1497
urn:ure:t6:occ:function:current-client:00a444a0	0x00a444a0	xbuild-enriched-full	true	00a444a0	FUN_00a444a0	undefined FUN_00a444a0()	0	0	unknown	true		16	2082	136	28	4525
urn:ure:t6:occ:function:current-client:00a44610	0x00a44610	xbuild-enriched-full	true	00a44610	FUN_00a44610	undefined FUN_00a44610()	0	0	unknown	true		18	2206	144	30	4802
urn:ure:t6:occ:function:current-client:00a447a0	0x00a447a0	xbuild-enriched-full	true	00a447a0	FUN_00a447a0	undefined FUN_00a447a0()	0	0	unknown	true		2	169	10	2	452
urn:ure:t6:occ:function:current-client:00a447c0	0x00a447c0	xbuild-enriched-full	true	00a447c0	FUN_00a447c0	undefined FUN_00a447c0()	0	0	unknown	true		1	151	18	2	641
urn:ure:t6:occ:function:current-client:00a44800	0x00a44800	xbuild-enriched-full	true	00a44800	FUN_00a44800	undefined FUN_00a44800()	0	0	unknown	true		6	947	55	11	1837
urn:ure:t6:occ:function:current-client:00a448a0	0x00a448a0	xbuild-enriched-full	true	00a448a0	FUN_00a448a0	undefined FUN_00a448a0()	0	0	unknown	true		4	377	25	5	903
urn:ure:t6:occ:function:current-client:00a448f0	0x00a448f0	xbuild-enriched-full	true	00a448f0	FUN_00a448f0	undefined FUN_00a448f0()	0	0	unknown	true		1	120	10	1	428
urn:ure:t6:occ:function:current-client:00a44910	0x00a44910	xbuild-enriched-full	true	00a44910	FUN_00a44910	undefined FUN_00a44910()	0	0	unknown	true		6	1020	60	11	1983
urn:ure:t6:occ:function:current-client:00a449b0	0x00a449b0	xbuild-enriched-full	true	00a449b0	FUN_00a449b0	undefined FUN_00a449b0()	0	0	unknown	true		10	1195	92	14	3113
urn:ure:t6:occ:function:current-client:00a44ab0	0x00a44ab0	xbuild-enriched-full	true	00a44ab0	FUN_00a44ab0	undefined FUN_00a44ab0()	0	0	unknown	true		13	1694	114	23	3777
urn:ure:t6:occ:function:current-client:00a44be0	0x00a44be0	xbuild-enriched-full	true	00a44be0	FUN_00a44be0	undefined FUN_00a44be0()	0	0	unknown	true		8	1108	76	14	2597
urn:ure:t6:occ:function:current-client:00a44cc0	0x00a44cc0	xbuild-enriched-full	true	00a44cc0	FUN_00a44cc0	undefined FUN_00a44cc0()	0	0	unknown	true		2	169	10	2	452
urn:ure:t6:occ:function:current-client:00a44ce0	0x00a44ce0	xbuild-enriched-full	true	00a44ce0	FUN_00a44ce0	undefined FUN_00a44ce0()	0	0	unknown	true		0	117	2	2	224
urn:ure:t6:occ:function:current-client:00a44d00	0x00a44d00	xbuild-enriched-full	true	00a44d00	FUN_00a44d00	undefined FUN_00a44d00()	0	0	unknown	true		2	170	14	3	519
urn:ure:t6:occ:function:current-client:00a44d30	0x00a44d30	xbuild-enriched-full	true	00a44d30	FUN_00a44d30	undefined FUN_00a44d30()	0	0	unknown	true		0	59	4	1	240
urn:ure:t6:occ:function:current-client:00a44d40	0x00a44d40	xbuild-enriched-full	true	00a44d40	FUN_00a44d40	undefined FUN_00a44d40()	0	0	unknown	true		5	657	52	6	1599
urn:ure:t6:occ:function:current-client:00a44dc0	0x00a44dc0	xbuild-enriched-full	true	00a44dc0	FUN_00a44dc0	undefined FUN_00a44dc0()	0	0	unknown	true		21	2027	184	32	6082
urn:ure:t6:occ:function:current-client:00a44fc0	0x00a44fc0	xbuild-enriched-full	true	00a44fc0	FUN_00a44fc0	undefined FUN_00a44fc0()	0	0	unknown	true		17	2222	133	27	4771
urn:ure:t6:occ:function:current-client:00a45180	0x00a45180	xbuild-enriched-full	true	00a45180	FUN_00a45180	undefined FUN_00a45180()	0	0	unknown	true		11	1895	95	16	3102
urn:ure:t6:occ:function:current-client:00a45280	0x00a45280	xbuild-enriched-full	true	00a45280	FUN_00a45280	undefined FUN_00a45280()	0	0	unknown	true		0	99	3	1	231
urn:ure:t6:occ:function:current-client:00a45290	0x00a45290	xbuild-enriched-full	true	00a45290	FUN_00a45290	undefined FUN_00a45290()	0	0	unknown	true		0	99	2	1	205
urn:ure:t6:occ:function:current-client:00a452a0	0x00a452a0	xbuild-enriched-full	true	00a452a0	FUN_00a452a0	undefined FUN_00a452a0()	0	0	unknown	true		1	170	14	3	519
urn:ure:t6:occ:function:current-client:00a452d0	0x00a452d0	xbuild-enriched-full	true	00a452d0	FUN_00a452d0	undefined FUN_00a452d0()	0	0	unknown	true		0	99	3	1	231
urn:ure:t6:occ:function:current-client:00a452e0	0x00a452e0	xbuild-enriched-full	true	00a452e0	FUN_00a452e0	undefined FUN_00a452e0()	0	0	unknown	true		0	99	2	1	205
urn:ure:t6:occ:function:current-client:00a452f0	0x00a452f0	xbuild-enriched-full	true	00a452f0	FUN_00a452f0	undefined FUN_00a452f0()	0	0	unknown	true		1	170	14	3	519
urn:ure:t6:occ:function:current-client:00a45320	0x00a45320	xbuild-enriched-full	true	00a45320	FUN_00a45320	undefined FUN_00a45320()	0	0	unknown	true		1	151	8	2	388
urn:ure:t6:occ:function:current-client:00a45350	0x00a45350	xbuild-enriched-full	true	00a45350	FUN_00a45350	undefined FUN_00a45350()	0	0	unknown	true		4	763	43	7	1497
urn:ure:t6:occ:function:current-client:00a453d0	0x00a453d0	xbuild-enriched-full	true	00a453d0	FUN_00a453d0	undefined FUN_00a453d0()	0	0	unknown	true		1	133	7	2	334
urn:ure:t6:occ:function:current-client:00a453f0	0x00a453f0	xbuild-enriched-full	true	00a453f0	FUN_00a453f0	undefined FUN_00a453f0()	0	0	unknown	true		0	117	2	2	224
urn:ure:t6:occ:function:current-client:00a45410	0x00a45410	xbuild-enriched-full	true	00a45410	FUN_00a45410	undefined FUN_00a45410()	0	0	unknown	true		1	170	14	3	519
urn:ure:t6:occ:function:current-client:00a45440	0x00a45440	xbuild-enriched-full	true	00a45440	FUN_00a45440	undefined FUN_00a45440()	0	0	unknown	true		6	955	56	11	1868
urn:ure:t6:occ:function:current-client:00a454e0	0x00a454e0	xbuild-enriched-full	true	00a454e0	FUN_00a454e0	undefined FUN_00a454e0()	0	0	unknown	true		2	140	19	2	654
urn:ure:t6:occ:function:current-client:00a45520	0x00a45520	xbuild-enriched-full	true	00a45520	FUN_00a45520	undefined FUN_00a45520()	0	0	unknown	true		7	935	63	12	2048
urn:ure:t6:occ:function:current-client:00a455d0	0x00a455d0	xbuild-enriched-full	true	00a455d0	FUN_00a455d0	undefined FUN_00a455d0()	0	0	unknown	true		2	222	29	4	986
urn:ure:t6:occ:function:current-client:00a45640	0x00a45640	xbuild-enriched-full	true	00a45640	FUN_00a45640	undefined FUN_00a45640()	0	0	unknown	true		9	1227	86	18	2785
urn:ure:t6:occ:function:current-client:00a45740	0x00a45740	xbuild-enriched-full	true	00a45740	FUN_00a45740	undefined FUN_00a45740()	0	0	unknown	true		3	364	23	2	899
urn:ure:t6:occ:function:current-client:00a45790	0x00a45790	xbuild-enriched-full	true	00a45790	FUN_00a45790	undefined FUN_00a45790()	0	0	unknown	true		1	153	10	1	461
urn:ure:t6:occ:function:current-client:00a457c0	0x00a457c0	xbuild-enriched-full	true	00a457c0	FUN_00a457c0	undefined FUN_00a457c0()	0	0	unknown	true		0	97	2	0	207
urn:ure:t6:occ:function:current-client:00a457e0	0x00a457e0	xbuild-enriched-full	true	00a457e0	FUN_00a457e0	undefined FUN_00a457e0()	0	0	unknown	true		1	116	7	1	349
urn:ure:t6:occ:function:current-client:00a45800	0x00a45800	xbuild-enriched-full	true	00a45800	FUN_00a45800	undefined FUN_00a45800()	0	0	unknown	true		4	547	27	6	982
urn:ure:t6:occ:function:current-client:00a45850	0x00a45850	xbuild-enriched-full	true	00a45850	FUN_00a45850	undefined FUN_00a45850()	0	0	unknown	true		1	155	8	1	404
urn:ure:t6:occ:function:current-client:00a45870	0x00a45870	xbuild-enriched-full	true	00a45870	FUN_00a45870	undefined FUN_00a45870()	0	0	unknown	true		5	990	45	7	1686
urn:ure:t6:occ:function:current-client:00a45900	0x00a45900	xbuild-enriched-full	true	00a45900	FUN_00a45900	undefined FUN_00a45900()	0	0	unknown	true		4	623	34	7	1218
urn:ure:t6:occ:function:current-client:00a45960	0x00a45960	xbuild-enriched-full	true	00a45960	FUN_00a45960	undefined FUN_00a45960()	0	0	unknown	true		8	1239	83	16	2789
urn:ure:t6:occ:function:current-client:00a45a60	0x00a45a60	xbuild-enriched-full	true	00a45a60	FUN_00a45a60	undefined FUN_00a45a60()	0	0	unknown	true		24	3801	225	64	7467
urn:ure:t6:occ:function:current-client:00a45cd0	0x00a45cd0	xbuild-enriched-full	true	00a45cd0	FUN_00a45cd0	undefined FUN_00a45cd0()	0	0	unknown	true		6	901	61	10	2039
urn:ure:t6:occ:function:current-client:00a45d80	0x00a45d80	xbuild-enriched-full	true	00a45d80	FUN_00a45d80	undefined FUN_00a45d80()	0	0	unknown	true		9	1681	92	22	3146
urn:ure:t6:occ:function:current-client:00a45e90	0x00a45e90	xbuild-enriched-full	true	00a45e90	FUN_00a45e90	undefined FUN_00a45e90()	0	0	unknown	true		8	1338	84	15	2901
urn:ure:t6:occ:function:current-client:00a45f90	0x00a45f90	xbuild-enriched-full	true	00a45f90	FUN_00a45f90	undefined FUN_00a45f90()	0	0	unknown	true		28	3435	225	45	7752
urn:ure:t6:occ:function:current-client:00a46210	0x00a46210	xbuild-enriched-full	true	00a46210	FUN_00a46210	undefined FUN_00a46210()	0	0	unknown	true		32	4322	229	53	8107
urn:ure:t6:occ:function:current-client:00a464d0	0x00a464d0	xbuild-enriched-full	true	00a464d0	FUN_00a464d0	undefined FUN_00a464d0()	0	0	unknown	true		8	1338	84	15	2901
urn:ure:t6:occ:function:current-client:00a46620	0x00a46620	xbuild-enriched-full	true	00a46620	xbuild_ctor_bdBandwidthTestResults__00a46620	undefined xbuild_ctor_bdBandwidthTestResults__00a46620()	0	0	unknown	true		1	187	8	0	437
urn:ure:t6:occ:function:current-client:00a46640	0x00a46640	xbuild-enriched-full	true	00a46640	FUN_00a46640	undefined FUN_00a46640()	0	0	unknown	true		1	155	7	0	411
urn:ure:t6:occ:function:current-client:00a46660	0x00a46660	xbuild-enriched-full	true	00a46660	FUN_00a46660	undefined FUN_00a46660()	0	0	unknown	true		3	521	29	7	1162
urn:ure:t6:occ:function:current-client:00a466c0	0x00a466c0	xbuild-enriched-full	true	00a466c0	FUN_00a466c0	undefined FUN_00a466c0()	0	0	unknown	true		7	928	98	10	3006
urn:ure:t6:occ:function:current-client:00a467a0	0x00a467a0	xbuild-enriched-full	true	00a467a0	FUN_00a467a0	undefined FUN_00a467a0()	0	0	unknown	true		10	1651	105	27	3470
urn:ure:t6:occ:function:current-client:00a468b0	0x00a468b0	xbuild-enriched-full	true	00a468b0	FUN_00a468b0	undefined FUN_00a468b0()	0	0	unknown	true		1	157	9	1	410
urn:ure:t6:occ:function:current-client:00a468d0	0x00a468d0	xbuild-enriched-full	true	00a468d0	FUN_00a468d0	undefined FUN_00a468d0()	0	0	unknown	true		1	175	7	1	348
urn:ure:t6:occ:function:current-client:00a468e0	0x00a468e0	xbuild-enriched-full	true	00a468e0	FUN_00a468e0	undefined FUN_00a468e0()	0	0	unknown	true		4	668	40	6	1445
urn:ure:t6:occ:function:current-client:00a46950	0x00a46950	xbuild-enriched-full	true	00a46950	FUN_00a46950	undefined FUN_00a46950()	0	0	unknown	true		2	607	29	2	1124
urn:ure:t6:occ:function:current-client:00a469a0	0x00a469a0	xbuild-enriched-full	true	00a469a0	FUN_00a469a0	undefined FUN_00a469a0()	0	0	unknown	true		4	834	44	5	1728
urn:ure:t6:occ:function:current-client:00a46a30	0x00a46a30	xbuild-enriched-full	true	00a46a30	FUN_00a46a30	undefined FUN_00a46a30()	0	0	unknown	true		1	170	14	3	519
urn:ure:t6:occ:function:current-client:00a46a60	0x00a46a60	xbuild-enriched-full	true	00a46a60	FUN_00a46a60	undefined FUN_00a46a60()	0	0	unknown	true		6	944	57	7	2084
urn:ure:t6:occ:function:current-client:00a46b10	0x00a46b10	xbuild-enriched-full	true	00a46b10	FUN_00a46b10	undefined FUN_00a46b10()	0	0	unknown	true		3	432	24	1	1011
urn:ure:t6:occ:function:current-client:00a46b50	0x00a46b50	xbuild-enriched-full	true	00a46b50	FUN_00a46b50	undefined FUN_00a46b50()	0	0	unknown	true		0	97	2	0	201
urn:ure:t6:occ:function:current-client:00a46b60	0x00a46b60	xbuild-enriched-full	true	00a46b60	FUN_00a46b60	undefined FUN_00a46b60()	0	0	unknown	true		1	89	4	0	253
urn:ure:t6:occ:function:current-client:00a46b70	0x00a46b70	xbuild-enriched-full	true	00a46b70	FUN_00a46b70	undefined FUN_00a46b70()	0	0	unknown	true		1	329	12	1	542
urn:ure:t6:occ:function:current-client:00a46b90	0x00a46b90	xbuild-enriched-full	true	00a46b90	FUN_00a46b90	undefined FUN_00a46b90()	0	0	unknown	true		2	324	20	4	730
urn:ure:t6:occ:function:current-client:00a46bc0	0x00a46bc0	xbuild-enriched-full	true	00a46bc0	FUN_00a46bc0	undefined FUN_00a46bc0()	0	0	unknown	true		10	1000	79	12	2585
urn:ure:t6:occ:function:current-client:00a46c90	0x00a46c90	xbuild-enriched-full	true	00a46c90	FUN_00a46c90	undefined FUN_00a46c90()	0	0	unknown	true		5	514	49	9	1758
urn:ure:t6:occ:function:current-client:00a46d20	0x00a46d20	xbuild-enriched-full	true	00a46d20	FUN_00a46d20	undefined FUN_00a46d20()	0	0	unknown	true		2	206	22	2	805
urn:ure:t6:occ:function:current-client:00a46d50	0x00a46d50	xbuild-enriched-full	true	00a46d50	FUN_00a46d50	undefined FUN_00a46d50()	0	0	unknown	true		6	1069	58	11	2132
urn:ure:t6:occ:function:current-client:00a46e00	0x00a46e00	xbuild-enriched-full	true	00a46e00	FUN_00a46e00	undefined FUN_00a46e00()	0	0	unknown	true		4	558	37	7	1381
urn:ure:t6:occ:function:current-client:00a46e70	0x00a46e70	xbuild-enriched-full	true	00a46e70	FUN_00a46e70	undefined FUN_00a46e70()	0	0	unknown	true		2	414	25	4	997
urn:ure:t6:occ:function:current-client:00a46ec0	0x00a46ec0	xbuild-enriched-full	true	00a46ec0	FUN_00a46ec0	undefined FUN_00a46ec0()	0	0	unknown	true		4	807	43	8	1546
urn:ure:t6:occ:function:current-client:00a46f40	0x00a46f40	xbuild-enriched-full	true	00a46f40	FUN_00a46f40	undefined FUN_00a46f40()	0	0	unknown	true		3	488	35	7	1156
urn:ure:t6:occ:function:current-client:00a46f90	0x00a46f90	xbuild-enriched-full	true	00a46f90	FUN_00a46f90	undefined FUN_00a46f90()	0	0	unknown	true		12	1763	129	28	4293
urn:ure:t6:occ:function:current-client:00a47100	0x00a47100	xbuild-enriched-full	true	00a47100	FUN_00a47100	undefined FUN_00a47100()	0	0	unknown	true		2	316	18	6	734
urn:ure:t6:occ:function:current-client:00a47140	0x00a47140	xbuild-enriched-full	true	00a47140	FUN_00a47140	undefined FUN_00a47140()	0	0	unknown	true		1	170	14	3	519
urn:ure:t6:occ:function:current-client:00a47170	0x00a47170	xbuild-enriched-full	true	00a47170	FUN_00a47170	undefined FUN_00a47170()	0	0	unknown	true		4	937	61	7	2093
urn:ure:t6:occ:function:current-client:00a47200	0x00a47200	xbuild-enriched-full	true	00a47200	FUN_00a47200	undefined FUN_00a47200()	0	0	unknown	true		5	793	63	8	2007
urn:ure:t6:occ:function:current-client:00a472a0	0x00a472a0	xbuild-enriched-full	true	00a472a0	FUN_00a472a0	undefined FUN_00a472a0()	0	0	unknown	true		4	429	43	10	1452
urn:ure:t6:occ:function:current-client:00a47330	0x00a47330	xbuild-enriched-full	true	00a47330	thunk_FUN_00a47100	undefined thunk_FUN_00a47100()	0	0	unknown	true		2	322	1	1	173
urn:ure:t6:occ:function:current-client:00a47340	0x00a47340	xbuild-enriched-full	true	00a47340	FUN_00a47340	undefined FUN_00a47340()	0	0	unknown	true		2	329	27	6	921
urn:ure:t6:occ:function:current-client:00a47380	0x00a47380	xbuild-enriched-full	true	00a47380	FUN_00a47380	undefined FUN_00a47380()	0	0	unknown	true		13	2208	134	37	4337
urn:ure:t6:occ:function:current-client:00a47510	0x00a47510	xbuild-enriched-full	true	00a47510	FUN_00a47510	undefined FUN_00a47510()	0	0	unknown	true		8	1542	88	16	3335
urn:ure:t6:occ:function:current-client:00a47620	0x00a47620	xbuild-enriched-full	true	00a47620	FUN_00a47620	undefined FUN_00a47620()	0	0	unknown	true		10	1551	95	18	3245
urn:ure:t6:occ:function:current-client:00a47720	0x00a47720	xbuild-enriched-full	true	00a47720	FUN_00a47720	undefined FUN_00a47720()	0	0	unknown	true		24	2072	138	45	4604
urn:ure:t6:occ:function:current-client:00a47900	0x00a47900	xbuild-enriched-full	true	00a47900	FUN_00a47900	undefined FUN_00a47900()	0	0	unknown	true		9	1489	87	16	3275
urn:ure:t6:occ:function:current-client:00a47a10	0x00a47a10	xbuild-enriched-full	true	00a47a10	FUN_00a47a10	undefined FUN_00a47a10()	0	0	unknown	true		1	170	14	3	519
urn:ure:t6:occ:function:current-client:00a47a40	0x00a47a40	xbuild-enriched-full	true	00a47a40	FUN_00a47a40	undefined FUN_00a47a40()	0	0	unknown	true		48	6297	342	66	12631
urn:ure:t6:occ:function:current-client:00a47f00	0x00a47f00	xbuild-enriched-full	true	00a47f00	FUN_00a47f00	undefined FUN_00a47f00()	0	0	unknown	true		7	812	65	12	2297
urn:ure:t6:occ:function:current-client:00a47fc0	0x00a47fc0	xbuild-enriched-full	true	00a47fc0	FUN_00a47fc0	undefined FUN_00a47fc0()	0	0	unknown	true		8	1063	85	16	2850
urn:ure:t6:occ:function:current-client:00a480b0	0x00a480b0	xbuild-enriched-full	true	00a480b0	FUN_00a480b0	undefined FUN_00a480b0()	0	0	unknown	true		15	1967	149	28	4901
urn:ure:t6:occ:function:current-client:00a48230	0x00a48230	xbuild-enriched-full	true	00a48230	FUN_00a48230	undefined FUN_00a48230()	0	0	unknown	true		11	1388	93	17	3088
urn:ure:t6:occ:function:current-client:00a48330	0x00a48330	xbuild-enriched-full	true	00a48330	FUN_00a48330	undefined FUN_00a48330()	0	0	unknown	true		1	99	3	1	231
urn:ure:t6:occ:function:current-client:00a48340	0x00a48340	xbuild-enriched-full	true	00a48340	FUN_00a48340	undefined FUN_00a48340()	0	0	unknown	true		0	99	2	1	205
urn:ure:t6:occ:function:current-client:00a48350	0x00a48350	xbuild-enriched-full	true	00a48350	FUN_00a48350	undefined FUN_00a48350()	0	0	unknown	true		2	170	14	3	519
urn:ure:t6:occ:function:current-client:00a48380	0x00a48380	xbuild-enriched-full	true	00a48380	FUN_00a48380	undefined FUN_00a48380()	0	0	unknown	true		2	258	19	4	708
urn:ure:t6:occ:function:current-client:00a483b0	0x00a483b0	xbuild-enriched-full	true	00a483b0	FUN_00a483b0	undefined FUN_00a483b0()	0	0	unknown	true		1	151	8	2	388
urn:ure:t6:occ:function:current-client:00a483d0	0x00a483d0	xbuild-enriched-full	true	00a483d0	FUN_00a483d0	undefined FUN_00a483d0()	0	0	unknown	true		0	117	2	2	224
urn:ure:t6:occ:function:current-client:00a483e0	0x00a483e0	xbuild-enriched-full	true	00a483e0	FUN_00a483e0	undefined FUN_00a483e0()	0	0	unknown	true		2	170	14	3	519
urn:ure:t6:occ:function:current-client:00a48410	0x00a48410	xbuild-enriched-full	true	00a48410	FUN_00a48410	undefined FUN_00a48410()	0	0	unknown	true		5	860	50	8	1716
urn:ure:t6:occ:function:current-client:00a484a0	0x00a484a0	xbuild-enriched-full	true	00a484a0	FUN_00a484a0	undefined FUN_00a484a0()	0	0	unknown	true		2	223	13	2	593
urn:ure:t6:occ:function:current-client:00a484d0	0x00a484d0	xbuild-enriched-full	true	00a484d0	FUN_00a484d0	undefined FUN_00a484d0()	0	0	unknown	true		0	117	2	2	224
urn:ure:t6:occ:function:current-client:00a484e0	0x00a484e0	xbuild-enriched-full	true	00a484e0	FUN_00a484e0	undefined FUN_00a484e0()	0	0	unknown	true		1	170	14	3	519
urn:ure:t6:occ:function:current-client:00a48510	0x00a48510	xbuild-enriched-full	true	00a48510	FUN_00a48510	undefined FUN_00a48510()	0	0	unknown	true		10	1669	107	22	3567
urn:ure:t6:occ:function:current-client:00a48640	0x00a48640	xbuild-enriched-full	true	00a48640	FUN_00a48640	undefined FUN_00a48640()	0	0	unknown	true		1	226	12	2	544
urn:ure:t6:occ:function:current-client:00a48660	0x00a48660	xbuild-enriched-full	true	00a48660	FUN_00a48660	undefined FUN_00a48660()	0	0	unknown	true		0	117	2	2	224
urn:ure:t6:occ:function:current-client:00a48670	0x00a48670	xbuild-enriched-full	true	00a48670	FUN_00a48670	undefined FUN_00a48670()	0	0	unknown	true		1	170	14	3	519
urn:ure:t6:occ:function:current-client:00a486a0	0x00a486a0	xbuild-enriched-full	true	00a486a0	FUN_00a486a0	undefined FUN_00a486a0()	0	0	unknown	true		5	955	56	11	1862
urn:ure:t6:occ:function:current-client:00a48740	0x00a48740	xbuild-enriched-full	true	00a48740	FUN_00a48740	undefined FUN_00a48740()	0	0	unknown	true		2	295	16	2	734
urn:ure:t6:occ:function:current-client:00a48770	0x00a48770	xbuild-enriched-full	true	00a48770	FUN_00a48770	undefined FUN_00a48770()	0	0	unknown	true		0	117	2	2	224
urn:ure:t6:occ:function:current-client:00a48780	0x00a48780	xbuild-enriched-full	true	00a48780	FUN_00a48780	undefined FUN_00a48780()	0	0	unknown	true		0	52	2	0	187
urn:ure:t6:occ:function:current-client:00a48790	0x00a48790	xbuild-enriched-full	true	00a48790	FUN_00a48790	undefined FUN_00a48790()	0	0	unknown	true		1	170	14	3	519
urn:ure:t6:occ:function:current-client:00a487c0	0x00a487c0	xbuild-enriched-full	true	00a487c0	FUN_00a487c0	undefined FUN_00a487c0()	0	0	unknown	true		6	1033	61	13	2031
urn:ure:t6:occ:function:current-client:00a48870	0x00a48870	xbuild-enriched-full	true	00a48870	FUN_00a48870	undefined FUN_00a48870()	0	0	unknown	true		3	554	29	5	1086
urn:ure:t6:occ:function:current-client:00a488d0	0x00a488d0	xbuild-enriched-full	true	00a488d0	FUN_00a488d0	undefined FUN_00a488d0()	0	0	unknown	true		3	628	34	5	1229
urn:ure:t6:occ:function:current-client:00a48940	0x00a48940	xbuild-enriched-full	true	00a48940	FUN_00a48940	undefined FUN_00a48940()	0	0	unknown	true		1	170	14	3	519
urn:ure:t6:occ:function:current-client:00a48970	0x00a48970	xbuild-enriched-full	true	00a48970	FUN_00a48970	undefined FUN_00a48970()	0	0	unknown	true		8	1377	85	19	2759
urn:ure:t6:occ:function:current-client:00a48a60	0x00a48a60	xbuild-enriched-full	true	00a48a60	FUN_00a48a60	undefined FUN_00a48a60()	0	0	unknown	true		2	171	19	2	637
urn:ure:t6:occ:function:current-client:00a48a90	0x00a48a90	xbuild-enriched-full	true	00a48a90	FUN_00a48a90	undefined FUN_00a48a90()	0	0	unknown	true		17	2691	158	41	5351
urn:ure:t6:occ:function:current-client:00a48c50	0x00a48c50	xbuild-enriched-full	true	00a48c50	FUN_00a48c50	undefined FUN_00a48c50()	0	0	unknown	true		1	137	4	0	272
urn:ure:t6:occ:function:current-client:00a48c60	0x00a48c60	xbuild-enriched-full	true	00a48c60	FUN_00a48c60	undefined FUN_00a48c60()	0	0	unknown	true		0	97	2	0	201
urn:ure:t6:occ:function:current-client:00a48c70	0x00a48c70	xbuild-enriched-full	true	00a48c70	FUN_00a48c70	undefined FUN_00a48c70()	0	0	unknown	true		6	671	38	7	1322
urn:ure:t6:occ:function:current-client:00a48ce0	0x00a48ce0	xbuild-enriched-full	true	00a48ce0	FUN_00a48ce0	undefined FUN_00a48ce0()	0	0	unknown	true		3	649	26	4	1076
urn:ure:t6:occ:function:current-client:00a48d30	0x00a48d30	xbuild-enriched-full	true	00a48d30	FUN_00a48d30	undefined FUN_00a48d30()	0	0	unknown	true		4	486	37	3	1216
urn:ure:t6:occ:function:current-client:00a48d80	0x00a48d80	xbuild-enriched-full	true	00a48d80	FUN_00a48d80	undefined FUN_00a48d80()	0	0	unknown	true		5	575	37	4	1225
urn:ure:t6:occ:function:current-client:00a48dd0	0x00a48dd0	xbuild-enriched-full	true	00a48dd0	FUN_00a48dd0	undefined FUN_00a48dd0()	0	0	unknown	true		4	387	30	1	1030
urn:ure:t6:occ:function:current-client:00a48e10	0x00a48e10	xbuild-enriched-full	true	00a48e10	FUN_00a48e10	undefined FUN_00a48e10()	0	0	unknown	true		4	458	32	2	1113
urn:ure:t6:occ:function:current-client:00a48e60	0x00a48e60	xbuild-enriched-full	true	00a48e60	FUN_00a48e60	undefined FUN_00a48e60()	0	0	unknown	true		0	98	2	0	202
urn:ure:t6:occ:function:current-client:00a48e70	0x00a48e70	xbuild-enriched-full	true	00a48e70	FUN_00a48e70	undefined FUN_00a48e70()	0	0	unknown	true		0	97	2	0	199
urn:ure:t6:occ:function:current-client:00a48e80	0x00a48e80	xbuild-enriched-full	true	00a48e80	FUN_00a48e80	undefined FUN_00a48e80()	0	0	unknown	true		5	597	45	7	1435
urn:ure:t6:occ:function:current-client:00a48ef0	0x00a48ef0	xbuild-enriched-full	true	00a48ef0	FUN_00a48ef0	undefined FUN_00a48ef0()	0	0	unknown	true		4	415	43	5	1203
urn:ure:t6:occ:function:current-client:00a48f40	0x00a48f40	xbuild-enriched-full	true	00a48f40	FUN_00a48f40	undefined FUN_00a48f40()	0	0	unknown	true		3	278	15	7	588
urn:ure:t6:occ:function:current-client:00a48f80	0x00a48f80	xbuild-enriched-full	true	00a48f80	FUN_00a48f80	undefined FUN_00a48f80()	0	0	unknown	true		5	679	38	9	1389
urn:ure:t6:occ:function:current-client:00a49000	0x00a49000	xbuild-enriched-full	true	00a49000	FUN_00a49000	undefined FUN_00a49000()	0	0	unknown	true		2	250	14	4	607
urn:ure:t6:occ:function:current-client:00a49030	0x00a49030	xbuild-enriched-full	true	00a49030	FUN_00a49030	undefined FUN_00a49030()	0	0	unknown	true		24	3065	193	44	6456
urn:ure:t6:occ:function:current-client:00a49290	0x00a49290	xbuild-enriched-full	true	00a49290	FUN_00a49290	undefined FUN_00a49290()	0	0	unknown	true		16	2095	132	25	4197
urn:ure:t6:occ:function:current-client:00a49400	0x00a49400	xbuild-enriched-full	true	00a49400	FUN_00a49400	undefined FUN_00a49400()	0	0	unknown	true		2	244	23	3	857
urn:ure:t6:occ:function:current-client:00a49440	0x00a49440	xbuild-enriched-full	true	00a49440	FUN_00a49440	undefined FUN_00a49440()	0	0	unknown	true		2	244	23	3	857
urn:ure:t6:occ:function:current-client:00a49480	0x00a49480	xbuild-enriched-full	true	00a49480	FUN_00a49480	undefined FUN_00a49480()	0	0	unknown	true		5	928	48	6	1833
urn:ure:t6:occ:function:current-client:00a49510	0x00a49510	xbuild-enriched-full	true	00a49510	FUN_00a49510	undefined FUN_00a49510()	0	0	unknown	true		2	170	14	3	519
urn:ure:t6:occ:function:current-client:00a49540	0x00a49540	xbuild-enriched-full	true	00a49540	FUN_00a49540	undefined FUN_00a49540()	0	0	unknown	true		25	2707	168	38	5457
urn:ure:t6:occ:function:current-client:00a49720	0x00a49720	xbuild-enriched-full	true	00a49720	FUN_00a49720	undefined FUN_00a49720()	0	0	unknown	true		26	3226	201	43	6658
urn:ure:t6:occ:function:current-client:00a49970	0x00a49970	xbuild-enriched-full	true	00a49970	FUN_00a49970	undefined FUN_00a49970()	0	0	unknown	true		6	934	58	8	2005
urn:ure:t6:occ:function:current-client:00a49a10	0x00a49a10	xbuild-enriched-full	true	00a49a10	FUN_00a49a10	undefined FUN_00a49a10()	0	0	unknown	true		4	602	32	6	1216
urn:ure:t6:occ:function:current-client:00a49a80	0x00a49a80	xbuild-enriched-full	true	00a49a80	FUN_00a49a80	undefined FUN_00a49a80()	0	0	unknown	true		0	97	2	0	201
urn:ure:t6:occ:function:current-client:00a49a90	0x00a49a90	xbuild-enriched-full	true	00a49a90	FUN_00a49a90	undefined FUN_00a49a90()	0	0	unknown	true		1	89	4	0	251
urn:ure:t6:occ:function:current-client:00a49aa0	0x00a49aa0	xbuild-enriched-full	true	00a49aa0	FUN_00a49aa0	undefined FUN_00a49aa0()	0	0	unknown	true		3	393	26	9	1084
urn:ure:t6:occ:function:current-client:00a49b00	0x00a49b00	xbuild-enriched-full	true	00a49b00	FUN_00a49b00	undefined FUN_00a49b00()	0	0	unknown	true		7	1241	68	15	2327
urn:ure:t6:occ:function:current-client:00a49bd0	0x00a49bd0	xbuild-enriched-full	true	00a49bd0	FUN_00a49bd0	undefined FUN_00a49bd0()	0	0	unknown	true		3	302	30	8	972
urn:ure:t6:occ:function:current-client:00a49c20	0x00a49c20	xbuild-enriched-full	true	00a49c20	FUN_00a49c20	undefined FUN_00a49c20()	0	0	unknown	true		2	170	14	3	519
urn:ure:t6:occ:function:current-client:00a49c50	0x00a49c50	xbuild-enriched-full	true	00a49c50	FUN_00a49c50	undefined FUN_00a49c50()	0	0	unknown	true		10	1023	96	19	2816
urn:ure:t6:occ:function:current-client:00a49d40	0x00a49d40	xbuild-enriched-full	true	00a49d40	FUN_00a49d40	undefined FUN_00a49d40()	0	0	unknown	true		1	133	7	2	334
urn:ure:t6:occ:function:current-client:00a49d60	0x00a49d60	xbuild-enriched-full	true	00a49d60	FUN_00a49d60	undefined FUN_00a49d60()	0	0	unknown	true		1	117	2	2	224
urn:ure:t6:occ:function:current-client:00a49d80	0x00a49d80	xbuild-enriched-full	true	00a49d80	FUN_00a49d80	undefined FUN_00a49d80()	0	0	unknown	true		2	170	14	3	519
urn:ure:t6:occ:function:current-client:00a49db0	0x00a49db0	xbuild-enriched-full	true	00a49db0	FUN_00a49db0	undefined FUN_00a49db0()	0	0	unknown	true		6	959	56	11	1876
urn:ure:t6:occ:function:current-client:00a49e50	0x00a49e50	xbuild-enriched-full	true	00a49e50	FUN_00a49e50	undefined FUN_00a49e50()	0	0	unknown	true		1	117	2	2	224
urn:ure:t6:occ:function:current-client:00a49e70	0x00a49e70	xbuild-enriched-full	true	00a49e70	FUN_00a49e70	undefined FUN_00a49e70()	0	0	unknown	true		1	135	4	0	278
urn:ure:t6:occ:function:current-client:00a49e80	0x00a49e80	xbuild-enriched-full	true	00a49e80	FUN_00a49e80	undefined FUN_00a49e80()	0	0	unknown	true		1	169	10	3	450
urn:ure:t6:occ:function:current-client:00a49ea0	0x00a49ea0	xbuild-enriched-full	true	00a49ea0	FUN_00a49ea0	undefined FUN_00a49ea0()	0	0	unknown	true		2	170	14	3	519
urn:ure:t6:occ:function:current-client:00a49ed0	0x00a49ed0	xbuild-enriched-full	true	00a49ed0	FUN_00a49ed0	undefined FUN_00a49ed0()	0	0	unknown	true		8	1131	77	16	2594
urn:ure:t6:occ:function:current-client:00a49fb0	0x00a49fb0	xbuild-enriched-full	true	00a49fb0	FUN_00a49fb0	undefined FUN_00a49fb0()	0	0	unknown	true		2	295	13	2	618
urn:ure:t6:occ:function:current-client:00a49fe0	0x00a49fe0	xbuild-enriched-full	true	00a49fe0	FUN_00a49fe0	undefined FUN_00a49fe0()	0	0	unknown	true		1	117	2	2	224
urn:ure:t6:occ:function:current-client:00a4a000	0x00a4a000	xbuild-enriched-full	true	00a4a000	FUN_00a4a000	undefined FUN_00a4a000()	0	0	unknown	true		2	170	14	3	519
urn:ure:t6:occ:function:current-client:00a4a030	0x00a4a030	xbuild-enriched-full	true	00a4a030	FUN_00a4a030	undefined FUN_00a4a030()	0	0	unknown	true		7	1136	69	15	2306
urn:ure:t6:occ:function:current-client:00a4a100	0x00a4a100	xbuild-enriched-full	true	00a4a100	FUN_00a4a100	undefined FUN_00a4a100()	0	0	unknown	true		2	182	14	3	562
urn:ure:t6:occ:function:current-client:00a4a130	0x00a4a130	xbuild-enriched-full	true	00a4a130	FUN_00a4a130	undefined FUN_00a4a130()	0	0	unknown	true		1	117	2	2	224
urn:ure:t6:occ:function:current-client:00a4a150	0x00a4a150	xbuild-enriched-full	true	00a4a150	FUN_00a4a150	undefined FUN_00a4a150()	0	0	unknown	true		2	170	14	3	519
urn:ure:t6:occ:function:current-client:00a4a180	0x00a4a180	xbuild-enriched-full	true	00a4a180	FUN_00a4a180	undefined FUN_00a4a180()	0	0	unknown	true		7	1005	64	11	2107
urn:ure:t6:occ:function:current-client:00a4a230	0x00a4a230	xbuild-enriched-full	true	00a4a230	FUN_00a4a230	undefined FUN_00a4a230()	0	0	unknown	true		3	554	33	1	1367
urn:ure:t6:occ:function:current-client:00a4a290	0x00a4a290	xbuild-enriched-full	true	00a4a290	FUN_00a4a290	undefined FUN_00a4a290()	0	0	unknown	true		13	1873	171	21	5412
urn:ure:t6:occ:function:current-client:00a4a460	0x00a4a460	xbuild-enriched-full	true	00a4a460	FUN_00a4a460	undefined FUN_00a4a460()	0	0	unknown	true		4	381	29	5	1031
urn:ure:t6:occ:function:current-client:00a4a4c0	0x00a4a4c0	xbuild-enriched-full	true	00a4a4c0	FUN_00a4a4c0	undefined FUN_00a4a4c0()	0	0	unknown	true		1	117	2	2	224
urn:ure:t6:occ:function:current-client:00a4a4e0	0x00a4a4e0	xbuild-enriched-full	true	00a4a4e0	FUN_00a4a4e0	undefined FUN_00a4a4e0()	0	0	unknown	true		2	170	14	3	519
urn:ure:t6:occ:function:current-client:00a4a510	0x00a4a510	xbuild-enriched-full	true	00a4a510	FUN_00a4a510	undefined FUN_00a4a510()	0	0	unknown	true		9	1334	83	19	2730
urn:ure:t6:occ:function:current-client:00a4a600	0x00a4a600	xbuild-enriched-full	true	00a4a600	FUN_00a4a600	undefined FUN_00a4a600()	0	0	unknown	true		2	205	12	2	545
urn:ure:t6:occ:function:current-client:00a4a620	0x00a4a620	xbuild-enriched-full	true	00a4a620	FUN_00a4a620	undefined FUN_00a4a620()	0	0	unknown	true		1	117	2	2	224
urn:ure:t6:occ:function:current-client:00a4a630	0x00a4a630	xbuild-enriched-full	true	00a4a630	FUN_00a4a630	undefined FUN_00a4a630()	0	0	unknown	true		3	490	27	8	1002
urn:ure:t6:occ:function:current-client:00a4a680	0x00a4a680	xbuild-enriched-full	true	00a4a680	FUN_00a4a680	undefined FUN_00a4a680()	0	0	unknown	true		1	155	6	0	335
urn:ure:t6:occ:function:current-client:00a4a690	0x00a4a690	xbuild-enriched-full	true	00a4a690	FUN_00a4a690	undefined FUN_00a4a690()	0	0	unknown	true		2	170	14	3	519
urn:ure:t6:occ:function:current-client:00a4a6c0	0x00a4a6c0	xbuild-enriched-full	true	00a4a6c0	FUN_00a4a6c0	undefined FUN_00a4a6c0()	0	0	unknown	true		5	822	46	7	1608
urn:ure:t6:occ:function:current-client:00a4a750	0x00a4a750	xbuild-enriched-full	true	00a4a750	FUN_00a4a750	undefined FUN_00a4a750()	0	0	unknown	true		4	649	42	6	1476
urn:ure:t6:occ:function:current-client:00a4a7d0	0x00a4a7d0	xbuild-enriched-full	true	00a4a7d0	FUN_00a4a7d0	undefined FUN_00a4a7d0()	0	0	unknown	true		4	633	42	6	1463
urn:ure:t6:occ:function:current-client:00a4a850	0x00a4a850	xbuild-enriched-full	true	00a4a850	FUN_00a4a850	undefined FUN_00a4a850()	0	0	unknown	true		5	596	57	7	1874
urn:ure:t6:occ:function:current-client:00a4a8d0	0x00a4a8d0	xbuild-enriched-full	true	00a4a8d0	FUN_00a4a8d0	undefined FUN_00a4a8d0()	0	0	unknown	true		7	826	76	9	2526
urn:ure:t6:occ:function:current-client:00a4a9a0	0x00a4a9a0	xbuild-enriched-full	true	00a4a9a0	FUN_00a4a9a0	undefined FUN_00a4a9a0()	0	0	unknown	true		1	225	10	1	538
urn:ure:t6:occ:function:current-client:00a4a9c0	0x00a4a9c0	xbuild-enriched-full	true	00a4a9c0	FUN_00a4a9c0	undefined FUN_00a4a9c0()	0	0	unknown	true		4	630	44	4	1664
urn:ure:t6:occ:function:current-client:00a4aa30	0x00a4aa30	xbuild-enriched-full	true	00a4aa30	FUN_00a4aa30	undefined FUN_00a4aa30()	0	0	unknown	true		3	375	29	4	1027
urn:ure:t6:occ:function:current-client:00a4aa70	0x00a4aa70	xbuild-enriched-full	true	00a4aa70	FUN_00a4aa70	undefined FUN_00a4aa70()	0	0	unknown	true		12	1326	114	22	3966
urn:ure:t6:occ:function:current-client:00a4abb0	0x00a4abb0	xbuild-enriched-full	true	00a4abb0	FUN_00a4abb0	undefined FUN_00a4abb0()	0	0	unknown	true		2	170	14	3	519
urn:ure:t6:occ:function:current-client:00a4abe0	0x00a4abe0	xbuild-enriched-full	true	00a4abe0	FUN_00a4abe0	undefined FUN_00a4abe0()	0	0	unknown	true		1	135	6	1	349
urn:ure:t6:occ:function:current-client:00a4ac00	0x00a4ac00	xbuild-enriched-full	true	00a4ac00	FUN_00a4ac00	undefined FUN_00a4ac00()	0	0	unknown	true		0	94	2	0	200
urn:ure:t6:occ:function:current-client:00a4ac10	0x00a4ac10	xbuild-enriched-full	true	00a4ac10	FUN_00a4ac10	undefined FUN_00a4ac10()	0	0	unknown	true		3	350	24	3	875
urn:ure:t6:occ:function:current-client:00a4ac50	0x00a4ac50	xbuild-enriched-full	true	00a4ac50	FUN_00a4ac50	undefined FUN_00a4ac50()	0	0	unknown	true		1	158	8	3	383
urn:ure:t6:occ:function:current-client:00a4ac70	0x00a4ac70	xbuild-enriched-full	true	00a4ac70	FUN_00a4ac70	undefined FUN_00a4ac70()	0	0	unknown	true		3	529	37	5	1250
urn:ure:t6:occ:function:current-client:00a4acd0	0x00a4acd0	xbuild-enriched-full	true	00a4acd0	FUN_00a4acd0	undefined FUN_00a4acd0()	0	0	unknown	true		5	952	58	9	1923
urn:ure:t6:occ:function:current-client:00a4ad70	0x00a4ad70	xbuild-enriched-full	true	00a4ad70	FUN_00a4ad70	undefined FUN_00a4ad70()	0	0	unknown	true		1	170	14	3	519
urn:ure:t6:occ:function:current-client:00a4ada0	0x00a4ada0	xbuild-enriched-full	true	00a4ada0	FUN_00a4ada0	undefined FUN_00a4ada0()	0	0	unknown	true		3	389	29	1	1145
urn:ure:t6:occ:function:current-client:00a4adf0	0x00a4adf0	xbuild-enriched-full	true	00a4adf0	FUN_00a4adf0	undefined FUN_00a4adf0()	0	0	unknown	true		0	97	2	0	207
urn:ure:t6:occ:function:current-client:00a4ae00	0x00a4ae00	xbuild-enriched-full	true	00a4ae00	FUN_00a4ae00	undefined FUN_00a4ae00()	0	0	unknown	true		0	59	2	1	202
urn:ure:t6:occ:function:current-client:00a4ae10	0x00a4ae10	xbuild-enriched-full	true	00a4ae10	FUN_00a4ae10	undefined FUN_00a4ae10()	0	0	unknown	true		0	59	2	1	202
urn:ure:t6:occ:function:current-client:00a4ae20	0x00a4ae20	xbuild-enriched-full	true	00a4ae20	FUN_00a4ae20	undefined FUN_00a4ae20()	0	0	unknown	true		0	59	2	1	202
urn:ure:t6:occ:function:current-client:00a4ae30	0x00a4ae30	xbuild-enriched-full	true	00a4ae30	FUN_00a4ae30	undefined FUN_00a4ae30()	0	0	unknown	true		9	1511	101	18	3388
urn:ure:t6:occ:function:current-client:00a4af60	0x00a4af60	xbuild-enriched-full	true	00a4af60	FUN_00a4af60	undefined FUN_00a4af60()	0	0	unknown	true		0	97	2	0	207
urn:ure:t6:occ:function:current-client:00a4af70	0x00a4af70	xbuild-enriched-full	true	00a4af70	FUN_00a4af70	undefined FUN_00a4af70()	0	0	unknown	true		3	377	34	4	1071
urn:ure:t6:occ:function:current-client:00a4afb0	0x00a4afb0	xbuild-enriched-full	true	00a4afb0	FUN_00a4afb0	undefined FUN_00a4afb0()	0	0	unknown	true		7	1309	76	15	2612
urn:ure:t6:occ:function:current-client:00a4b090	0x00a4b090	xbuild-enriched-full	true	00a4b090	FUN_00a4b090	undefined FUN_00a4b090()	0	0	unknown	true		6	1574	60	10	2212
urn:ure:t6:occ:function:current-client:00a4b150	0x00a4b150	xbuild-enriched-full	true	00a4b150	FUN_00a4b150	undefined FUN_00a4b150()	0	0	unknown	true		6	749	59	10	1967
urn:ure:t6:occ:function:current-client:00a4b1f0	0x00a4b1f0	xbuild-enriched-full	true	00a4b1f0	FUN_00a4b1f0	undefined FUN_00a4b1f0()	0	0	unknown	true		6	751	59	10	1967
urn:ure:t6:occ:function:current-client:00a4b290	0x00a4b290	xbuild-enriched-full	true	00a4b290	FUN_00a4b290	undefined FUN_00a4b290()	0	0	unknown	true		26	2975	189	51	6457
urn:ure:t6:occ:function:current-client:00a4b4e0	0x00a4b4e0	xbuild-enriched-full	true	00a4b4e0	FUN_00a4b4e0	undefined FUN_00a4b4e0()	0	0	unknown	true		9	1188	115	18	3682
urn:ure:t6:occ:function:current-client:00a4b600	0x00a4b600	xbuild-enriched-full	true	00a4b600	FUN_00a4b600	undefined FUN_00a4b600()	0	0	unknown	true		8	1263	104	16	3398
urn:ure:t6:occ:function:current-client:00a4b700	0x00a4b700	xbuild-enriched-full	true	00a4b700	xbuild_fn_4bdNetStartParams__00a4b700	undefined xbuild_fn_4bdNetStartParams__00a4b700()	0	0	unknown	true		5	1334	54	2	2181
urn:ure:t6:occ:function:current-client:00a4b7a0	0x00a4b7a0	xbuild-enriched-full	true	00a4b7a0	FUN_00a4b7a0	undefined FUN_00a4b7a0()	0	0	unknown	true		13	2573	122	10	4770
urn:ure:t6:occ:function:current-client:00a4b900	0x00a4b900	xbuild-enriched-full	true	00a4b900	FUN_00a4b900	undefined FUN_00a4b900()	0	0	unknown	true		5	872	46	6	1841
urn:ure:t6:occ:function:current-client:00a4b9b0	0x00a4b9b0	xbuild-enriched-full	true	00a4b9b0	FUN_00a4b9b0	undefined FUN_00a4b9b0()	0	0	unknown	true		13	1669	109	25	3910
urn:ure:t6:occ:function:current-client:00a4bb20	0x00a4bb20	xbuild-enriched-full	true	00a4bb20	FUN_00a4bb20	undefined FUN_00a4bb20()	0	0	unknown	true		32	5761	262	58	9265
urn:ure:t6:occ:function:current-client:00a4be60	0x00a4be60	xbuild-enriched-full	true	00a4be60	FUN_00a4be60	undefined FUN_00a4be60()	0	0	unknown	true		179	16781	790	211	30126
urn:ure:t6:occ:function:current-client:00a4ca60	0x00a4ca60	xbuild-enriched-full	true	00a4ca60	FUN_00a4ca60	undefined FUN_00a4ca60()	0	0	unknown	true		2	170	14	3	519
urn:ure:t6:occ:function:current-client:00a4ca90	0x00a4ca90	xbuild-enriched-full	true	00a4ca90	FUN_00a4ca90	undefined FUN_00a4ca90()	0	0	unknown	true		16	2692	155	34	5937
urn:ure:t6:occ:function:current-client:00a4cc90	0x00a4cc90	xbuild-enriched-full	true	00a4cc90	FUN_00a4cc90	undefined FUN_00a4cc90()	0	0	unknown	true		2	323	25	2	881
urn:ure:t6:occ:function:current-client:00a4ccd0	0x00a4ccd0	xbuild-enriched-full	true	00a4ccd0	FUN_00a4ccd0	undefined FUN_00a4ccd0()	0	0	unknown	true		2	346	18	6	747
urn:ure:t6:occ:function:current-client:00a4cd10	0x00a4cd10	xbuild-enriched-full	true	00a4cd10	FUN_00a4cd10	undefined FUN_00a4cd10()	0	0	unknown	true		3	554	28	5	1049
urn:ure:t6:occ:function:current-client:00a4cd70	0x00a4cd70	xbuild-enriched-full	true	00a4cd70	FUN_00a4cd70	undefined FUN_00a4cd70()	0	0	unknown	true		8	1919	75	15	2546
urn:ure:t6:occ:function:current-client:00a4ce50	0x00a4ce50	xbuild-enriched-full	true	00a4ce50	FUN_00a4ce50	undefined FUN_00a4ce50()	0	0	unknown	true		2	255	18	2	690
urn:ure:t6:occ:function:current-client:00a4ce80	0x00a4ce80	xbuild-enriched-full	true	00a4ce80	FUN_00a4ce80	undefined FUN_00a4ce80()	0	0	unknown	true		1	194	11	2	486
urn:ure:t6:occ:function:current-client:00a4cea0	0x00a4cea0	xbuild-enriched-full	true	00a4cea0	FUN_00a4cea0	undefined FUN_00a4cea0()	0	0	unknown	true		4	829	48	8	1692
urn:ure:t6:occ:function:current-client:00a4cf30	0x00a4cf30	xbuild-enriched-full	true	00a4cf30	FUN_00a4cf30	undefined FUN_00a4cf30()	0	0	unknown	true		1	170	14	3	519
urn:ure:t6:occ:function:current-client:00a4cf60	0x00a4cf60	xbuild-enriched-full	true	00a4cf60	FUN_00a4cf60	undefined FUN_00a4cf60()	0	0	unknown	true		2	285	16	4	632
urn:ure:t6:occ:function:current-client:00a4cf90	0x00a4cf90	xbuild-enriched-full	true	00a4cf90	FUN_00a4cf90	undefined FUN_00a4cf90()	0	0	unknown	true		1	181	4	1	264
urn:ure:t6:occ:function:current-client:00a4cfa0	0x00a4cfa0	xbuild-enriched-full	true	00a4cfa0	FUN_00a4cfa0	undefined FUN_00a4cfa0()	0	0	unknown	true		4	854	47	7	1772
urn:ure:t6:occ:function:current-client:00a4d040	0x00a4d040	xbuild-enriched-full	true	00a4d040	FUN_00a4d040	undefined FUN_00a4d040()	0	0	unknown	true		3	607	34	6	1303
urn:ure:t6:occ:function:current-client:00a4d0c0	0x00a4d0c0	xbuild-enriched-full	true	00a4d0c0	FUN_00a4d0c0	undefined FUN_00a4d0c0()	0	0	unknown	true		1	254	11	3	424
urn:ure:t6:occ:function:current-client:00a4d0e0	0x00a4d0e0	xbuild-enriched-full	true	00a4d0e0	FUN_00a4d0e0	undefined FUN_00a4d0e0()	0	0	unknown	true		5	798	50	11	1902
urn:ure:t6:occ:function:current-client:00a4d1a0	0x00a4d1a0	xbuild-enriched-full	true	00a4d1a0	FUN_00a4d1a0	undefined FUN_00a4d1a0()	0	0	unknown	true		3	317	30	5	1033
urn:ure:t6:occ:function:current-client:00a4d1f0	0x00a4d1f0	xbuild-enriched-full	true	00a4d1f0	FUN_00a4d1f0	undefined FUN_00a4d1f0()	0	0	unknown	true		1	184	12	3	466
urn:ure:t6:occ:function:current-client:00a4d210	0x00a4d210	xbuild-enriched-full	true	00a4d210	FUN_00a4d210	undefined FUN_00a4d210()	0	0	unknown	true		1	152	15	1	536
urn:ure:t6:occ:function:current-client:00a4d230	0x00a4d230	xbuild-enriched-full	true	00a4d230	FUN_00a4d230	undefined FUN_00a4d230()	0	0	unknown	true		6	1182	54	9	1969
urn:ure:t6:occ:function:current-client:00a4d2d0	0x00a4d2d0	xbuild-enriched-full	true	00a4d2d0	FUN_00a4d2d0	undefined FUN_00a4d2d0()	0	0	unknown	true		2	307	29	7	988
urn:ure:t6:occ:function:current-client:00a4d320	0x00a4d320	xbuild-enriched-full	true	00a4d320	FUN_00a4d320	undefined FUN_00a4d320()	0	0	unknown	true		6	1393	66	13	2324
urn:ure:t6:occ:function:current-client:00a4d400	0x00a4d400	xbuild-enriched-full	true	00a4d400	FUN_00a4d400	undefined FUN_00a4d400()	0	0	unknown	true		8	1081	93	16	2946
urn:ure:t6:occ:function:current-client:00a4d4f0	0x00a4d4f0	xbuild-enriched-full	true	00a4d4f0	FUN_00a4d4f0	undefined FUN_00a4d4f0()	0	0	unknown	true		10	2377	97	11	3487
urn:ure:t6:occ:function:current-client:00a4d600	0x00a4d600	xbuild-enriched-full	true	00a4d600	FUN_00a4d600	undefined FUN_00a4d600()	0	0	unknown	true		5	956	54	8	1877
urn:ure:t6:occ:function:current-client:00a4d6a0	0x00a4d6a0	xbuild-enriched-full	true	00a4d6a0	FUN_00a4d6a0	undefined FUN_00a4d6a0()	0	0	unknown	true		5	1048	43	8	1570
urn:ure:t6:occ:function:current-client:00a4da30	0x00a4da30	xbuild-enriched-full	true	00a4da30	FUN_00a4da30	undefined FUN_00a4da30()	0	0	unknown	true		3	440	17	4	793
urn:ure:t6:occ:function:current-client:00a4da70	0x00a4da70	xbuild-enriched-full	true	00a4da70	FUN_00a4da70	undefined FUN_00a4da70()	0	0	unknown	true		3	478	24	5	991
urn:ure:t6:occ:function:current-client:00a4dac0	0x00a4dac0	xbuild-enriched-full	true	00a4dac0	FUN_00a4dac0	undefined FUN_00a4dac0()	0	0	unknown	true		4	707	37	7	1409
urn:ure:t6:occ:function:current-client:00a4db40	0x00a4db40	xbuild-enriched-full	true	00a4db40	FUN_00a4db40	undefined FUN_00a4db40()	0	0	unknown	true		5	887	53	9	1974
urn:ure:t6:occ:function:current-client:00a4dbe0	0x00a4dbe0	xbuild-enriched-full	true	00a4dbe0	FUN_00a4dbe0	undefined FUN_00a4dbe0()	0	0	unknown	true		1	124	15	1	556
urn:ure:t6:occ:function:current-client:00a4dc10	0x00a4dc10	xbuild-enriched-full	true	00a4dc10	FUN_00a4dc10	undefined FUN_00a4dc10()	0	0	unknown	true		2	156	17	1	627
urn:ure:t6:occ:function:current-client:00a4dc40	0x00a4dc40	xbuild-enriched-full	true	00a4dc40	FUN_00a4dc40	undefined FUN_00a4dc40()	0	0	unknown	true		5	460	51	11	1533
urn:ure:t6:occ:function:current-client:00a4dcc0	0x00a4dcc0	xbuild-enriched-full	true	00a4dcc0	FUN_00a4dcc0	undefined FUN_00a4dcc0()	0	0	unknown	true		4	294	38	6	1136
urn:ure:t6:occ:function:current-client:00a4dd10	0x00a4dd10	xbuild-enriched-full	true	00a4dd10	FUN_00a4dd10	undefined FUN_00a4dd10()	0	0	unknown	true		2	183	14	3	613
urn:ure:t6:occ:function:current-client:00a4dd50	0x00a4dd50	xbuild-enriched-full	true	00a4dd50	FUN_00a4dd50	undefined FUN_00a4dd50()	0	0	unknown	true		6	554	54	9	1656
urn:ure:t6:occ:function:current-client:00a4ddd0	0x00a4ddd0	xbuild-enriched-full	true	00a4ddd0	FUN_00a4ddd0	undefined FUN_00a4ddd0()	0	0	unknown	true		5	611	37	6	1291
urn:ure:t6:occ:function:current-client:00a4de40	0x00a4de40	xbuild-enriched-full	true	00a4de40	FUN_00a4de40	undefined FUN_00a4de40()	0	0	unknown	true		2	136	9	2	379
urn:ure:t6:occ:function:current-client:00a4de60	0x00a4de60	xbuild-enriched-full	true	00a4de60	FUN_00a4de60	undefined FUN_00a4de60()	0	0	unknown	true		5	555	52	9	1579
urn:ure:t6:occ:function:current-client:00a4dee0	0x00a4dee0	xbuild-enriched-full	true	00a4dee0	FUN_00a4dee0	undefined FUN_00a4dee0()	0	0	unknown	true		3	338	37	6	1135
urn:ure:t6:occ:function:current-client:00a4df40	0x00a4df40	xbuild-enriched-full	true	00a4df40	FUN_00a4df40	undefined FUN_00a4df40()	0	0	unknown	true		6	984	54	9	2047
urn:ure:t6:occ:function:current-client:00a4e000	0x00a4e000	xbuild-enriched-full	true	00a4e000	FUN_00a4e000	undefined FUN_00a4e000()	0	0	unknown	true		8	1526	67	9	2495
urn:ure:t6:occ:function:current-client:00a4e0e0	0x00a4e0e0	xbuild-enriched-full	true	00a4e0e0	FUN_00a4e0e0	undefined FUN_00a4e0e0()	0	0	unknown	true		2	379	25	8	880
urn:ure:t6:occ:function:current-client:00a4e120	0x00a4e120	xbuild-enriched-full	true	00a4e120	FUN_00a4e120	undefined FUN_00a4e120()	0	0	unknown	true		7	1485	68	15	2225
urn:ure:t6:occ:function:current-client:00a4e1f0	0x00a4e1f0	xbuild-enriched-full	true	00a4e1f0	FUN_00a4e1f0	undefined FUN_00a4e1f0()	0	0	unknown	true		4	588	31	5	1089
urn:ure:t6:occ:function:current-client:00a4e250	0x00a4e250	xbuild-enriched-full	true	00a4e250	FUN_00a4e250	undefined FUN_00a4e250()	0	0	unknown	true		11	1629	102	19	3348
urn:ure:t6:occ:function:current-client:00a4e360	0x00a4e360	xbuild-enriched-full	true	00a4e360	FUN_00a4e360	undefined FUN_00a4e360()	0	0	unknown	true		14	2458	127	25	4196
urn:ure:t6:occ:function:current-client:00a4e4b0	0x00a4e4b0	xbuild-enriched-full	true	00a4e4b0	FUN_00a4e4b0	undefined FUN_00a4e4b0()	0	0	unknown	true		1	95	4	3	258
urn:ure:t6:occ:function:current-client:00a4e4c0	0x00a4e4c0	xbuild-enriched-full	true	00a4e4c0	FUN_00a4e4c0	undefined FUN_00a4e4c0()	0	0	unknown	true		10	2220	81	16	2794
urn:ure:t6:occ:function:current-client:00a4e5a0	0x00a4e5a0	xbuild-enriched-full	true	00a4e5a0	FUN_00a4e5a0	undefined FUN_00a4e5a0()	0	0	unknown	true		3	579	28	6	974
urn:ure:t6:occ:function:current-client:00a4e5f0	0x00a4e5f0	xbuild-enriched-full	true	00a4e5f0	FUN_00a4e5f0	undefined FUN_00a4e5f0()	0	0	unknown	true		9	1412	85	17	2907
urn:ure:t6:occ:function:current-client:00a4e6e0	0x00a4e6e0	xbuild-enriched-full	true	00a4e6e0	FUN_00a4e6e0	undefined FUN_00a4e6e0()	0	0	unknown	true		4	961	36	7	1246
urn:ure:t6:occ:function:current-client:00a4e750	0x00a4e750	xbuild-enriched-full	true	00a4e750	FUN_00a4e750	undefined FUN_00a4e750()	0	0	unknown	true		3	569	28	6	974
urn:ure:t6:occ:function:current-client:00a4e7a0	0x00a4e7a0	xbuild-enriched-full	true	00a4e7a0	FUN_00a4e7a0	undefined FUN_00a4e7a0()	0	0	unknown	true		10	1162	107	16	3281
urn:ure:t6:occ:function:current-client:00a4e8a0	0x00a4e8a0	xbuild-enriched-full	true	00a4e8a0	FUN_00a4e8a0	undefined FUN_00a4e8a0()	0	0	unknown	true		5	875	46	9	1551
urn:ure:t6:occ:function:current-client:00a4e920	0x00a4e920	xbuild-enriched-full	true	00a4e920	FUN_00a4e920	undefined FUN_00a4e920()	0	0	unknown	true		18	3154	128	28	4693
urn:ure:t6:occ:function:current-client:00a4eaa0	0x00a4eaa0	xbuild-enriched-full	true	00a4eaa0	FUN_00a4eaa0	undefined FUN_00a4eaa0()	0	0	unknown	true		3	507	23	4	833
urn:ure:t6:occ:function:current-client:00a4ee50	0x00a4ee50	xbuild-enriched-full	true	00a4ee50	xbuild_ctor_bdInAddr__00a4ee50	undefined xbuild_ctor_bdInAddr__00a4ee50()	0	0	unknown	true		0	110	3	0	233
urn:ure:t6:occ:function:current-client:00a4ee60	0x00a4ee60	xbuild-enriched-full	true	00a4ee60	FUN_00a4ee60	undefined FUN_00a4ee60()	0	0	unknown	true		1	160	11	1	451
urn:ure:t6:occ:function:current-client:00a4ee80	0x00a4ee80	xbuild-enriched-full	true	00a4ee80	xbuild_ctor_bdInAddr__00a4ee80	undefined xbuild_ctor_bdInAddr__00a4ee80()	0	0	unknown	true		1	142	11	1	425
urn:ure:t6:occ:function:current-client:00a4eea0	0x00a4eea0	xbuild-enriched-full	true	00a4eea0	FUN_00a4eea0	undefined FUN_00a4eea0()	0	0	unknown	true		6	889	52	9	1604
urn:ure:t6:occ:function:current-client:00a4ef10	0x00a4ef10	xbuild-enriched-full	true	00a4ef10	FUN_00a4ef10	undefined FUN_00a4ef10()	0	0	unknown	true		4	460	43	6	1383
urn:ure:t6:occ:function:current-client:00a4ef80	0x00a4ef80	xbuild-enriched-full	true	00a4ef80	FUN_00a4ef80	undefined FUN_00a4ef80()	0	0	unknown	true		7	1053	77	14	2622
urn:ure:t6:occ:function:current-client:00a4f060	0x00a4f060	xbuild-enriched-full	true	00a4f060	FUN_00a4f060	undefined FUN_00a4f060()	0	0	unknown	true		16	1949	121	27	3947
urn:ure:t6:occ:function:current-client:00a4f200	0x00a4f200	xbuild-enriched-full	true	00a4f200	FUN_00a4f200	undefined FUN_00a4f200()	0	0	unknown	true		21	2189	137	28	4447
urn:ure:t6:occ:function:current-client:00a4f3c0	0x00a4f3c0	xbuild-enriched-full	true	00a4f3c0	FUN_00a4f3c0	undefined FUN_00a4f3c0()	0	0	unknown	true		2	207	17	2	628
urn:ure:t6:occ:function:current-client:00a4f3f0	0x00a4f3f0	xbuild-enriched-full	true	00a4f3f0	FUN_00a4f3f0	undefined FUN_00a4f3f0()	0	0	unknown	true		8	1128	89	15	2667
urn:ure:t6:occ:function:current-client:00a4f4b0	0x00a4f4b0	xbuild-enriched-full	true	00a4f4b0	FUN_00a4f4b0	undefined FUN_00a4f4b0()	0	0	unknown	true		2	199	11	2	479
urn:ure:t6:occ:function:current-client:00a4f4d0	0x00a4f4d0	xbuild-enriched-full	true	00a4f4d0	FUN_00a4f4d0	undefined FUN_00a4f4d0()	0	0	unknown	true		2	150	11	1	477
urn:ure:t6:occ:function:current-client:00a4f4f0	0x00a4f4f0	xbuild-enriched-full	true	00a4f4f0	FUN_00a4f4f0	undefined FUN_00a4f4f0()	0	0	unknown	true		3	336	20	1	858
urn:ure:t6:occ:function:current-client:00a4f530	0x00a4f530	xbuild-enriched-full	true	00a4f530	FUN_00a4f530	undefined FUN_00a4f530()	0	0	unknown	true		1	68	7	1	338
urn:ure:t6:occ:function:current-client:00a4f540	0x00a4f540	xbuild-enriched-full	true	00a4f540	KERNEL32.DLL::GetTickCount	DWORD __stdcall GetTickCount(void)	0	0	__stdcall	true		0	254	1	1	187
urn:ure:t6:occ:function:current-client:00a4f550	0x00a4f550	xbuild-enriched-full	true	00a4f550	FUN_00a4f550	undefined FUN_00a4f550()	0	0	unknown	true		2	282	24	4	784
urn:ure:t6:occ:function:current-client:00a4f590	0x00a4f590	xbuild-enriched-full	true	00a4f590	FUN_00a4f590	undefined FUN_00a4f590()	0	0	unknown	true		1	99	5	1	273
urn:ure:t6:occ:function:current-client:00a4f5a0	0x00a4f5a0	xbuild-enriched-full	true	00a4f5a0	FUN_00a4f5a0	undefined FUN_00a4f5a0()	0	0	unknown	true		1	108	9	1	400
urn:ure:t6:occ:function:current-client:00a4f5c0	0x00a4f5c0	xbuild-enriched-full	true	00a4f5c0	FUN_00a4f5c0	undefined FUN_00a4f5c0()	0	0	unknown	true		1	90	8	1	376
urn:ure:t6:occ:function:current-client:00a4f5e0	0x00a4f5e0	xbuild-enriched-full	true	00a4f5e0	FUN_00a4f5e0	undefined FUN_00a4f5e0()	0	0	unknown	true		1	123	13	2	526
urn:ure:t6:occ:function:current-client:00a4f600	0x00a4f600	xbuild-enriched-full	true	00a4f600	FUN_00a4f600	undefined FUN_00a4f600()	0	0	unknown	true		4	498	33	5	1151
urn:ure:t6:occ:function:current-client:00a4f650	0x00a4f650	xbuild-enriched-full	true	00a4f650	FUN_00a4f650	undefined FUN_00a4f650()	0	0	unknown	true		12	1769	134	14	4537
urn:ure:t6:occ:function:current-client:00a4f7b0	0x00a4f7b0	xbuild-enriched-full	true	00a4f7b0	FUN_00a4f7b0	undefined FUN_00a4f7b0()	0	0	unknown	true		8	1028	99	7	3189
urn:ure:t6:occ:function:current-client:00a4f8a0	0x00a4f8a0	xbuild-enriched-full	true	00a4f8a0	FUN_00a4f8a0	undefined FUN_00a4f8a0()	0	0	unknown	true		6	979	73	4	2405
urn:ure:t6:occ:function:current-client:00a4f960	0x00a4f960	xbuild-enriched-full	true	00a4f960	FUN_00a4f960	undefined FUN_00a4f960()	0	0	unknown	true		6	688	70	5	2245
urn:ure:t6:occ:function:current-client:00a4fa10	0x00a4fa10	xbuild-enriched-full	true	00a4fa10	FUN_00a4fa10	undefined FUN_00a4fa10()	0	0	unknown	true		8	1118	82	13	2840
urn:ure:t6:occ:function:current-client:00a4faf0	0x00a4faf0	xbuild-enriched-full	true	00a4faf0	FUN_00a4faf0	undefined FUN_00a4faf0()	0	0	unknown	true		3	440	37	5	1185
urn:ure:t6:occ:function:current-client:00a4fb50	0x00a4fb50	xbuild-enriched-full	true	00a4fb50	FUN_00a4fb50	undefined FUN_00a4fb50()	0	0	unknown	true		3	323	34	6	1142
urn:ure:t6:occ:function:current-client:00a4fba0	0x00a4fba0	xbuild-enriched-full	true	00a4fba0	FUN_00a4fba0	undefined FUN_00a4fba0()	0	0	unknown	true		2	393	22	2	878
urn:ure:t6:occ:function:current-client:00a4fbe0	0x00a4fbe0	xbuild-enriched-full	true	00a4fbe0	FUN_00a4fbe0	undefined FUN_00a4fbe0()	0	0	unknown	true		1	218	12	2	495
urn:ure:t6:occ:function:current-client:00a4fc10	0x00a4fc10	xbuild-enriched-full	true	00a4fc10	FUN_00a4fc10	undefined FUN_00a4fc10()	0	0	unknown	true		4	552	43	7	1385
urn:ure:t6:occ:function:current-client:00a4fc80	0x00a4fc80	xbuild-enriched-full	true	00a4fc80	FUN_00a4fc80	undefined FUN_00a4fc80()	0	0	unknown	true		4	491	40	6	1265
urn:ure:t6:occ:function:current-client:00a4fce0	0x00a4fce0	xbuild-enriched-full	true	00a4fce0	FUN_00a4fce0	undefined FUN_00a4fce0()	0	0	unknown	true		3	372	29	4	966
urn:ure:t6:occ:function:current-client:00a4fd30	0x00a4fd30	xbuild-enriched-full	true	00a4fd30	FUN_00a4fd30	undefined FUN_00a4fd30()	0	0	unknown	true		4	629	40	8	1292
urn:ure:t6:occ:function:current-client:00a4fda0	0x00a4fda0	xbuild-enriched-full	true	00a4fda0	FUN_00a4fda0	undefined FUN_00a4fda0()	0	0	unknown	true		3	457	29	5	972
urn:ure:t6:occ:function:current-client:00a4fde0	0x00a4fde0	xbuild-enriched-full	true	00a4fde0	FUN_00a4fde0	undefined FUN_00a4fde0()	0	0	unknown	true		8	1715	85	16	2923
urn:ure:t6:occ:function:current-client:00a4fed0	0x00a4fed0	xbuild-enriched-full	true	00a4fed0	FUN_00a4fed0	undefined FUN_00a4fed0()	0	0	unknown	true		16	2386	170	32	5688
urn:ure:t6:occ:function:current-client:00a500b0	0x00a500b0	xbuild-enriched-full	true	00a500b0	FUN_00a500b0	undefined FUN_00a500b0()	0	0	unknown	true		19	3506	154	33	5315
urn:ure:t6:occ:function:current-client:00a50260	0x00a50260	xbuild-enriched-full	true	00a50260	FUN_00a50260	undefined FUN_00a50260()	0	0	unknown	true		14	2309	111	22	4009
urn:ure:t6:occ:function:current-client:00a503b0	0x00a503b0	xbuild-enriched-full	true	00a503b0	FUN_00a503b0	undefined FUN_00a503b0()	0	0	unknown	true		4	646	51	8	1685
urn:ure:t6:occ:function:current-client:00a50430	0x00a50430	xbuild-enriched-full	true	00a50430	FUN_00a50430	undefined FUN_00a50430()	0	0	unknown	true		3	454	44	6	1434
urn:ure:t6:occ:function:current-client:00a504a0	0x00a504a0	xbuild-enriched-full	true	00a504a0	FUN_00a504a0	undefined FUN_00a504a0()	0	0	unknown	true		6	1051	68	14	2246
urn:ure:t6:occ:function:current-client:00a50540	0x00a50540	xbuild-enriched-full	true	00a50540	FUN_00a50540	undefined FUN_00a50540()	0	0	unknown	true		1	119	6	0	336
urn:ure:t6:occ:function:current-client:00a50550	0x00a50550	xbuild-enriched-full	true	00a50550	FUN_00a50550	undefined FUN_00a50550()	0	0	unknown	true		13	1743	132	27	4458
urn:ure:t6:occ:function:current-client:00a506b0	0x00a506b0	xbuild-enriched-full	true	00a506b0	FUN_00a506b0	undefined FUN_00a506b0()	0	0	unknown	true		9	1669	82	15	2858
urn:ure:t6:occ:function:current-client:00a507b0	0x00a507b0	xbuild-enriched-full	true	00a507b0	FUN_00a507b0	undefined FUN_00a507b0()	0	0	unknown	true		2	187	14	3	534
urn:ure:t6:occ:function:current-client:00a507e0	0x00a507e0	xbuild-enriched-full	true	00a507e0	FUN_00a507e0	undefined FUN_00a507e0()	0	0	unknown	true		5	783	63	11	2131
urn:ure:t6:occ:function:current-client:00a50880	0x00a50880	xbuild-enriched-full	true	00a50880	FUN_00a50880	undefined FUN_00a50880()	0	0	unknown	true		0	73	2	0	191
urn:ure:t6:occ:function:current-client:00a50890	0x00a50890	xbuild-enriched-full	true	00a50890	FUN_00a50890	undefined FUN_00a50890()	0	0	unknown	true		1	179	10	2	421
urn:ure:t6:occ:function:current-client:00a508b0	0x00a508b0	xbuild-enriched-full	true	00a508b0	FUN_00a508b0	undefined FUN_00a508b0()	0	0	unknown	true		0	73	2	0	191
urn:ure:t6:occ:function:current-client:00a508c0	0x00a508c0	xbuild-enriched-full	true	00a508c0	FUN_00a508c0	undefined FUN_00a508c0()	0	0	unknown	true		0	73	2	0	191
urn:ure:t6:occ:function:current-client:00a508d0	0x00a508d0	xbuild-enriched-full	true	00a508d0	FUN_00a508d0	undefined FUN_00a508d0()	0	0	unknown	true		1	269	13	0	639
urn:ure:t6:occ:function:current-client:00a50900	0x00a50900	xbuild-enriched-full	true	00a50900	FUN_00a50900	undefined FUN_00a50900()	0	0	unknown	true		1	269	13	0	639
urn:ure:t6:occ:function:current-client:00a50930	0x00a50930	xbuild-enriched-full	true	00a50930	FUN_00a50930	undefined FUN_00a50930()	0	0	unknown	true		2	224	18	2	683
urn:ure:t6:occ:function:current-client:00a50960	0x00a50960	xbuild-enriched-full	true	00a50960	FUN_00a50960	undefined FUN_00a50960()	0	0	unknown	true		3	435	42	6	1308
urn:ure:t6:occ:function:current-client:00a509c0	0x00a509c0	xbuild-enriched-full	true	00a509c0	FUN_00a509c0	undefined FUN_00a509c0()	0	0	unknown	true		3	643	45	5	1463
urn:ure:t6:occ:function:current-client:00a50a30	0x00a50a30	xbuild-enriched-full	true	00a50a30	FUN_00a50a30	undefined FUN_00a50a30()	0	0	unknown	true		5	810	53	7	1851
urn:ure:t6:occ:function:current-client:00a50ac0	0x00a50ac0	xbuild-enriched-full	true	00a50ac0	FUN_00a50ac0	undefined FUN_00a50ac0()	0	0	unknown	true		4	480	40	6	1310
urn:ure:t6:occ:function:current-client:00a50b20	0x00a50b20	xbuild-enriched-full	true	00a50b20	FUN_00a50b20	undefined FUN_00a50b20()	0	0	unknown	true		28	3845	197	40	7012
urn:ure:t6:occ:function:current-client:00a50d50	0x00a50d50	xbuild-enriched-full	true	00a50d50	FUN_00a50d50	undefined FUN_00a50d50()	0	0	unknown	true		30	3981	204	42	7283
urn:ure:t6:occ:function:current-client:00a50fa0	0x00a50fa0	xbuild-enriched-full	true	00a50fa0	FUN_00a50fa0	undefined FUN_00a50fa0()	0	0	unknown	true		2	145	12	1	500
urn:ure:t6:occ:function:current-client:00a50fc0	0x00a50fc0	xbuild-enriched-full	true	00a50fc0	FUN_00a50fc0	undefined FUN_00a50fc0()	0	0	unknown	true		1	235	16	2	602
urn:ure:t6:occ:function:current-client:00a50ff0	0x00a50ff0	xbuild-enriched-full	true	00a50ff0	FUN_00a50ff0	undefined FUN_00a50ff0()	0	0	unknown	true		10	1744	108	15	3736
urn:ure:t6:occ:function:current-client:00a51110	0x00a51110	xbuild-enriched-full	true	00a51110	FUN_00a51110	undefined FUN_00a51110()	0	0	unknown	true		8	1334	90	13	2998
urn:ure:t6:occ:function:current-client:00a511f0	0x00a511f0	xbuild-enriched-full	true	00a511f0	FUN_00a511f0	undefined FUN_00a511f0()	0	0	unknown	true		7	1030	73	12	2439
urn:ure:t6:occ:function:current-client:00a512a0	0x00a512a0	xbuild-enriched-full	true	00a512a0	FUN_00a512a0	undefined FUN_00a512a0()	0	0	unknown	true		11	1469	103	17	3546
urn:ure:t6:occ:function:current-client:00a513b0	0x00a513b0	xbuild-enriched-full	true	00a513b0	FUN_00a513b0	undefined FUN_00a513b0()	0	0	unknown	true		15	2066	133	23	4643
urn:ure:t6:occ:function:current-client:00a51530	0x00a51530	xbuild-enriched-full	true	00a51530	FUN_00a51530	undefined FUN_00a51530()	0	0	unknown	true		7	1423	75	14	2656
urn:ure:t6:occ:function:current-client:00a51620	0x00a51620	xbuild-enriched-full	true	00a51620	FUN_00a51620	undefined FUN_00a51620()	0	0	unknown	true		14	1642	114	31	3924
urn:ure:t6:occ:function:current-client:00a517a0	0x00a517a0	xbuild-enriched-full	true	00a517a0	FUN_00a517a0	undefined FUN_00a517a0()	0	0	unknown	true		12	1336	129	28	4465
urn:ure:t6:occ:function:current-client:00a51920	0x00a51920	xbuild-enriched-full	true	00a51920	FUN_00a51920	undefined FUN_00a51920()	0	0	unknown	true		92	9613	607	114	22158
urn:ure:t6:occ:function:current-client:00a521b0	0x00a521b0	xbuild-enriched-full	true	00a521b0	FUN_00a521b0	undefined FUN_00a521b0()	0	0	unknown	true		3	362	20	3	814
urn:ure:t6:occ:function:current-client:00a521f0	0x00a521f0	xbuild-enriched-full	true	00a521f0	FUN_00a521f0	undefined FUN_00a521f0()	0	0	unknown	true		6	1079	63	10	2040
urn:ure:t6:occ:function:current-client:00a52280	0x00a52280	xbuild-enriched-full	true	00a52280	FUN_00a52280	undefined FUN_00a52280()	0	0	unknown	true		5	834	56	10	1879
urn:ure:t6:occ:function:current-client:00a52310	0x00a52310	xbuild-enriched-full	true	00a52310	FUN_00a52310	undefined FUN_00a52310()	0	0	unknown	true		2	227	23	2	819
urn:ure:t6:occ:function:current-client:00a52350	0x00a52350	xbuild-enriched-full	true	00a52350	FUN_00a52350	undefined FUN_00a52350()	0	0	unknown	true		9	1483	87	16	3018
urn:ure:t6:occ:function:current-client:00a52440	0x00a52440	xbuild-enriched-full	true	00a52440	FUN_00a52440	undefined FUN_00a52440()	0	0	unknown	true		5	754	59	9	1968
urn:ure:t6:occ:function:current-client:00a524d0	0x00a524d0	xbuild-enriched-full	true	00a524d0	FUN_00a524d0	undefined FUN_00a524d0()	0	0	unknown	true		4	573	41	9	1366
urn:ure:t6:occ:function:current-client:00a52530	0x00a52530	xbuild-enriched-full	true	00a52530	FUN_00a52530	undefined FUN_00a52530()	0	0	unknown	true		12	1863	129	30	4339
urn:ure:t6:occ:function:current-client:00a526a0	0x00a526a0	xbuild-enriched-full	true	00a526a0	FUN_00a526a0	undefined FUN_00a526a0()	0	0	unknown	true		17	1868	170	39	5914
urn:ure:t6:occ:function:current-client:00a528d0	0x00a528d0	xbuild-enriched-full	true	00a528d0	FUN_00a528d0	undefined FUN_00a528d0()	0	0	unknown	true		11	1722	100	22	3469
urn:ure:t6:occ:function:current-client:00a52a00	0x00a52a00	xbuild-enriched-full	true	00a52a00	FUN_00a52a00	undefined FUN_00a52a00()	0	0	unknown	true		17	3189	153	30	5499
urn:ure:t6:occ:function:current-client:00a52c00	0x00a52c00	xbuild-enriched-full	true	00a52c00	FUN_00a52c00	undefined FUN_00a52c00()	0	0	unknown	true		7	1172	79	11	2603
urn:ure:t6:occ:function:current-client:00a52cd0	0x00a52cd0	xbuild-enriched-full	true	00a52cd0	FUN_00a52cd0	undefined FUN_00a52cd0()	0	0	unknown	true		1	59	5	1	268
urn:ure:t6:occ:function:current-client:00a52ce0	0x00a52ce0	xbuild-enriched-full	true	00a52ce0	FUN_00a52ce0	undefined FUN_00a52ce0()	0	0	unknown	true		13	1580	97	22	3350
urn:ure:t6:occ:function:current-client:00a52e10	0x00a52e10	xbuild-enriched-full	true	00a52e10	FUN_00a52e10	undefined FUN_00a52e10()	0	0	unknown	true		2	126	9	2	389
urn:ure:t6:occ:function:current-client:00a52e30	0x00a52e30	xbuild-enriched-full	true	00a52e30	FUN_00a52e30	undefined FUN_00a52e30()	0	0	unknown	true		1	126	9	2	389
urn:ure:t6:occ:function:current-client:00a52e50	0x00a52e50	xbuild-enriched-full	true	00a52e50	FUN_00a52e50	undefined FUN_00a52e50()	0	0	unknown	true		2	227	23	2	819
urn:ure:t6:occ:function:current-client:00a52e90	0x00a52e90	xbuild-enriched-full	true	00a52e90	FUN_00a52e90	undefined FUN_00a52e90()	0	0	unknown	true		2	182	18	2	688
urn:ure:t6:occ:function:current-client:00a52ec0	0x00a52ec0	xbuild-enriched-full	true	00a52ec0	FUN_00a52ec0	undefined FUN_00a52ec0()	0	0	unknown	true		15	1814	126	29	4601
urn:ure:t6:occ:function:current-client:00a53080	0x00a53080	xbuild-enriched-full	true	00a53080	FUN_00a53080	undefined FUN_00a53080()	0	0	unknown	true		10	1184	89	22	3026
urn:ure:t6:occ:function:current-client:00a53180	0x00a53180	xbuild-enriched-full	true	00a53180	FUN_00a53180	undefined FUN_00a53180()	0	0	unknown	true		57	7923	317	68	11370
urn:ure:t6:occ:function:current-client:00a535a0	0x00a535a0	xbuild-enriched-full	true	00a535a0	FUN_00a535a0	undefined FUN_00a535a0()	0	0	unknown	true		34	4702	214	47	7512
urn:ure:t6:occ:function:current-client:00a53850	0x00a53850	xbuild-enriched-full	true	00a53850	FUN_00a53850	undefined FUN_00a53850()	0	0	unknown	true		9	1219	72	17	2797
urn:ure:t6:occ:function:current-client:00a53960	0x00a53960	xbuild-enriched-full	true	00a53960	FUN_00a53960	undefined FUN_00a53960()	0	0	unknown	true		2	170	14	3	519
urn:ure:t6:occ:function:current-client:00a53990	0x00a53990	xbuild-enriched-full	true	00a53990	FUN_00a53990	undefined FUN_00a53990()	0	0	unknown	true		26	3193	186	43	6447
urn:ure:t6:occ:function:current-client:00a53bc0	0x00a53bc0	xbuild-enriched-full	true	00a53bc0	FUN_00a53bc0	undefined FUN_00a53bc0()	0	0	unknown	true		1	59	5	1	269
urn:ure:t6:occ:function:current-client:00a53bd0	0x00a53bd0	xbuild-enriched-full	true	00a53bd0	FUN_00a53bd0	undefined FUN_00a53bd0()	0	0	unknown	true		1	117	5	1	297
urn:ure:t6:occ:function:current-client:00a53bf0	0x00a53bf0	xbuild-enriched-full	true	00a53bf0	FUN_00a53bf0	undefined FUN_00a53bf0()	0	0	unknown	true		5	822	59	7	2278
urn:ure:t6:occ:function:current-client:00a53c90	0x00a53c90	xbuild-enriched-full	true	00a53c90	FUN_00a53c90	undefined FUN_00a53c90()	0	0	unknown	true		6	806	54	7	1954
urn:ure:t6:occ:function:current-client:00a53d30	0x00a53d30	xbuild-enriched-full	true	00a53d30	FUN_00a53d30	undefined FUN_00a53d30()	0	0	unknown	true		8	1270	73	10	2658
urn:ure:t6:occ:function:current-client:00a53e10	0x00a53e10	xbuild-enriched-full	true	00a53e10	FUN_00a53e10	undefined FUN_00a53e10()	0	0	unknown	true		8	1114	70	10	2567
urn:ure:t6:occ:function:current-client:00a53ee0	0x00a53ee0	xbuild-enriched-full	true	00a53ee0	FUN_00a53ee0	undefined FUN_00a53ee0()	0	0	unknown	true		5	778	42	7	1482
urn:ure:t6:occ:function:current-client:00a53f60	0x00a53f60	xbuild-enriched-full	true	00a53f60	FUN_00a53f60	undefined FUN_00a53f60()	0	0	unknown	true		13	2114	121	30	4254
urn:ure:t6:occ:function:current-client:00a540e0	0x00a540e0	xbuild-enriched-full	true	00a540e0	FUN_00a540e0	undefined FUN_00a540e0()	0	0	unknown	true		2	227	25	2	830
urn:ure:t6:occ:function:current-client:00a54120	0x00a54120	xbuild-enriched-full	true	00a54120	FUN_00a54120	undefined FUN_00a54120()	0	0	unknown	true		4	522	43	4	1472
urn:ure:t6:occ:function:current-client:00a54190	0x00a54190	xbuild-enriched-full	true	00a54190	FUN_00a54190	undefined FUN_00a54190()	0	0	unknown	true		5	783	58	4	1854
urn:ure:t6:occ:function:current-client:00a54210	0x00a54210	xbuild-enriched-full	true	00a54210	FUN_00a54210	undefined FUN_00a54210()	0	0	unknown	true		5	787	58	4	1858
urn:ure:t6:occ:function:current-client:00a54290	0x00a54290	xbuild-enriched-full	true	00a54290	FUN_00a54290	undefined FUN_00a54290()	0	0	unknown	true		4	523	43	4	1473
urn:ure:t6:occ:function:current-client:00a54300	0x00a54300	xbuild-enriched-full	true	00a54300	FUN_00a54300	undefined FUN_00a54300()	0	0	unknown	true		5	952	53	6	1922
urn:ure:t6:occ:function:current-client:00a54390	0x00a54390	xbuild-enriched-full	true	00a54390	FUN_00a54390	undefined FUN_00a54390()	0	0	unknown	true		7	1039	67	11	2503
urn:ure:t6:occ:function:current-client:00a54450	0x00a54450	xbuild-enriched-full	true	00a54450	FUN_00a54450	undefined FUN_00a54450()	0	0	unknown	true		2	175	16	3	583
urn:ure:t6:occ:function:current-client:00a54480	0x00a54480	xbuild-enriched-full	true	00a54480	FUN_00a54480	undefined FUN_00a54480()	0	0	unknown	true		10	1525	103	12	3493
urn:ure:t6:occ:function:current-client:00a54590	0x00a54590	xbuild-enriched-full	true	00a54590	FUN_00a54590	undefined FUN_00a54590()	0	0	unknown	true		14	1825	120	20	4178
urn:ure:t6:occ:function:current-client:00a546e0	0x00a546e0	xbuild-enriched-full	true	00a546e0	FUN_00a546e0	undefined FUN_00a546e0()	0	0	unknown	true		6	857	50	9	1733
urn:ure:t6:occ:function:current-client:00a54770	0x00a54770	xbuild-enriched-full	true	00a54770	FUN_00a54770	undefined FUN_00a54770()	0	0	unknown	true		4	571	34	6	1144
urn:ure:t6:occ:function:current-client:00a547c0	0x00a547c0	xbuild-enriched-full	true	00a547c0	FUN_00a547c0	undefined FUN_00a547c0()	0	0	unknown	true		2	245	22	4	778
urn:ure:t6:occ:function:current-client:00a547f0	0x00a547f0	xbuild-enriched-full	true	00a547f0	FUN_00a547f0	undefined FUN_00a547f0()	0	0	unknown	true		4	580	43	6	1453
urn:ure:t6:occ:function:current-client:00a54860	0x00a54860	xbuild-enriched-full	true	00a54860	FUN_00a54860	undefined FUN_00a54860()	0	0	unknown	true		8	1254	71	12	2487
urn:ure:t6:occ:function:current-client:00a54920	0x00a54920	xbuild-enriched-full	true	00a54920	FUN_00a54920	undefined FUN_00a54920()	0	0	unknown	true		10	1651	98	13	3307
urn:ure:t6:occ:function:current-client:00a54a30	0x00a54a30	xbuild-enriched-full	true	00a54a30	FUN_00a54a30	undefined FUN_00a54a30()	0	0	unknown	true		4	457	48	6	1538
urn:ure:t6:occ:function:current-client:00a54aa0	0x00a54aa0	xbuild-enriched-full	true	00a54aa0	FUN_00a54aa0	undefined FUN_00a54aa0()	0	0	unknown	true		5	649	55	8	1789
urn:ure:t6:occ:function:current-client:00a54b30	0x00a54b30	xbuild-enriched-full	true	00a54b30	FUN_00a54b30	undefined FUN_00a54b30()	0	0	unknown	true		37	2864	269	64	10165
urn:ure:t6:occ:function:current-client:00a54f20	0x00a54f20	xbuild-enriched-full	true	00a54f20	FUN_00a54f20	undefined FUN_00a54f20()	0	0	unknown	true		19	2260	126	27	4552
urn:ure:t6:occ:function:current-client:00a550b0	0x00a550b0	xbuild-enriched-full	true	00a550b0	FUN_00a550b0	undefined FUN_00a550b0()	0	0	unknown	true		2	182	18	2	688
urn:ure:t6:occ:function:current-client:00a550e0	0x00a550e0	xbuild-enriched-full	true	00a550e0	FUN_00a550e0	undefined FUN_00a550e0()	0	0	unknown	true		5	873	56	8	1923
urn:ure:t6:occ:function:current-client:00a55170	0x00a55170	xbuild-enriched-full	true	00a55170	FUN_00a55170	undefined FUN_00a55170()	0	0	unknown	true		4	560	56	5	1893
urn:ure:t6:occ:function:current-client:00a551f0	0x00a551f0	xbuild-enriched-full	true	00a551f0	FUN_00a551f0	undefined FUN_00a551f0()	0	0	unknown	true		10	1393	137	18	4424
urn:ure:t6:occ:function:current-client:00a55340	0x00a55340	xbuild-enriched-full	true	00a55340	FUN_00a55340	undefined FUN_00a55340()	0	0	unknown	true		10	1787	99	21	3418
urn:ure:t6:occ:function:current-client:00a55460	0x00a55460	xbuild-enriched-full	true	00a55460	FUN_00a55460	undefined FUN_00a55460()	0	0	unknown	true		2	175	16	3	583
urn:ure:t6:occ:function:current-client:00a55490	0x00a55490	xbuild-enriched-full	true	00a55490	FUN_00a55490	undefined FUN_00a55490()	0	0	unknown	true		8	1354	99	11	3282
urn:ure:t6:occ:function:current-client:00a55590	0x00a55590	xbuild-enriched-full	true	00a55590	FUN_00a55590	undefined FUN_00a55590()	0	0	unknown	true		14	1982	130	21	4565
urn:ure:t6:occ:function:current-client:00a55710	0x00a55710	xbuild-enriched-full	true	00a55710	FUN_00a55710	undefined FUN_00a55710()	0	0	unknown	true		24	2120	206	40	7354
urn:ure:t6:occ:function:current-client:00a55970	0x00a55970	xbuild-enriched-full	true	00a55970	FUN_00a55970	undefined FUN_00a55970()	0	0	unknown	true		9	1401	83	14	2932
urn:ure:t6:occ:function:current-client:00a55a60	0x00a55a60	xbuild-enriched-full	true	00a55a60	FUN_00a55a60	undefined FUN_00a55a60()	0	0	unknown	true		5	872	62	8	2046
urn:ure:t6:occ:function:current-client:00a55b00	0x00a55b00	xbuild-enriched-full	true	00a55b00	FUN_00a55b00	undefined FUN_00a55b00()	0	0	unknown	true		2	144	26	3	908
urn:ure:t6:occ:function:current-client:00a55b40	0x00a55b40	xbuild-enriched-full	true	00a55b40	FUN_00a55b40	undefined FUN_00a55b40()	0	0	unknown	true		10	1749	98	15	3418
urn:ure:t6:occ:function:current-client:00a55c50	0x00a55c50	xbuild-enriched-full	true	00a55c50	FUN_00a55c50	undefined FUN_00a55c50()	0	0	unknown	true		11	1336	119	20	4214
urn:ure:t6:occ:function:current-client:00a55dc0	0x00a55dc0	xbuild-enriched-full	true	00a55dc0	FUN_00a55dc0	undefined FUN_00a55dc0()	0	0	unknown	true		15	2178	140	30	4868
urn:ure:t6:occ:function:current-client:00a55f50	0x00a55f50	xbuild-enriched-full	true	00a55f50	FUN_00a55f50	undefined FUN_00a55f50()	0	0	unknown	true		1	126	9	2	389
urn:ure:t6:occ:function:current-client:00a55f70	0x00a55f70	xbuild-enriched-full	true	00a55f70	FUN_00a55f70	undefined FUN_00a55f70()	0	0	unknown	true		6	977	58	12	2114
urn:ure:t6:occ:function:current-client:00a56040	0x00a56040	xbuild-enriched-full	true	00a56040	FUN_00a56040	undefined FUN_00a56040()	0	0	unknown	true		6	945	63	12	2343
urn:ure:t6:occ:function:current-client:00a56110	0x00a56110	xbuild-enriched-full	true	00a56110	FUN_00a56110	undefined FUN_00a56110()	0	0	unknown	true		2	325	16	2	635
urn:ure:t6:occ:function:current-client:00a56140	0x00a56140	xbuild-enriched-full	true	00a56140	FUN_00a56140	undefined FUN_00a56140()	0	0	unknown	true		2	170	14	3	519
urn:ure:t6:occ:function:current-client:00a56170	0x00a56170	xbuild-enriched-full	true	00a56170	FUN_00a56170	undefined FUN_00a56170()	0	0	unknown	true		1	99	3	1	231
urn:ure:t6:occ:function:current-client:00a56180	0x00a56180	xbuild-enriched-full	true	00a56180	FUN_00a56180	undefined FUN_00a56180()	0	0	unknown	true		0	99	2	1	205
urn:ure:t6:occ:function:current-client:00a56190	0x00a56190	xbuild-enriched-full	true	00a56190	FUN_00a56190	undefined FUN_00a56190()	0	0	unknown	true		2	170	14	3	519
urn:ure:t6:occ:function:current-client:00a561c0	0x00a561c0	xbuild-enriched-full	true	00a561c0	FUN_00a561c0	undefined FUN_00a561c0()	0	0	unknown	true		1	274	7	1	412
urn:ure:t6:occ:function:current-client:00a561e0	0x00a561e0	xbuild-enriched-full	true	00a561e0	FUN_00a561e0	undefined FUN_00a561e0()	0	0	unknown	true		1	314	6	1	386
urn:ure:t6:occ:function:current-client:00a56200	0x00a56200	xbuild-enriched-full	true	00a56200	FUN_00a56200	undefined FUN_00a56200()	0	0	unknown	true		3	596	31	4	1147
urn:ure:t6:occ:function:current-client:00a56260	0x00a56260	xbuild-enriched-full	true	00a56260	FUN_00a56260	undefined FUN_00a56260()	0	0	unknown	true		3	422	30	5	1216
urn:ure:t6:occ:function:current-client:00a562c0	0x00a562c0	xbuild-enriched-full	true	00a562c0	FUN_00a562c0	undefined FUN_00a562c0()	0	0	unknown	true		6	826	60	10	2076
urn:ure:t6:occ:function:current-client:00a56370	0x00a56370	xbuild-enriched-full	true	00a56370	FUN_00a56370	undefined FUN_00a56370()	0	0	unknown	true		4	690	36	6	1358
urn:ure:t6:occ:function:current-client:00a563f0	0x00a563f0	xbuild-enriched-full	true	00a563f0	FUN_00a563f0	undefined FUN_00a563f0()	0	0	unknown	true		4	455	35	5	1327
urn:ure:t6:occ:function:current-client:00a56450	0x00a56450	xbuild-enriched-full	true	00a56450	FUN_00a56450	undefined FUN_00a56450()	0	0	unknown	true		14	1885	94	21	3358
urn:ure:t6:occ:function:current-client:00a56570	0x00a56570	xbuild-enriched-full	true	00a56570	FUN_00a56570	undefined FUN_00a56570()	0	0	unknown	true		3	604	31	5	1165
urn:ure:t6:occ:function:current-client:00a565e0	0x00a565e0	xbuild-enriched-full	true	00a565e0	FUN_00a565e0	undefined FUN_00a565e0()	0	0	unknown	true		1	178	7	1	381
urn:ure:t6:occ:function:current-client:00a56600	0x00a56600	xbuild-enriched-full	true	00a56600	FUN_00a56600	undefined FUN_00a56600()	0	0	unknown	true		1	231	10	3	419
urn:ure:t6:occ:function:current-client:00a56620	0x00a56620	xbuild-enriched-full	true	00a56620	FUN_00a56620	undefined FUN_00a56620()	0	0	unknown	true		1	195	5	1	305
urn:ure:t6:occ:function:current-client:00a56630	0x00a56630	xbuild-enriched-full	true	00a56630	FUN_00a56630	undefined FUN_00a56630()	0	0	unknown	true		0	97	2	0	201
urn:ure:t6:occ:function:current-client:00a56640	0x00a56640	xbuild-enriched-full	true	00a56640	FUN_00a56640	undefined FUN_00a56640()	0	0	unknown	true		5	630	51	7	1794
urn:ure:t6:occ:function:current-client:00a566e0	0x00a566e0	xbuild-enriched-full	true	00a566e0	FUN_00a566e0	undefined FUN_00a566e0()	0	0	unknown	true		3	536	28	4	1044
urn:ure:t6:occ:function:current-client:00a56740	0x00a56740	xbuild-enriched-full	true	00a56740	FUN_00a56740	undefined FUN_00a56740()	0	0	unknown	true		4	776	42	7	1521
urn:ure:t6:occ:function:current-client:00a567c0	0x00a567c0	xbuild-enriched-full	true	00a567c0	FUN_00a567c0	undefined FUN_00a567c0()	0	0	unknown	true		1	90	5	1	270
urn:ure:t6:occ:function:current-client:00a567d0	0x00a567d0	xbuild-enriched-full	true	00a567d0	FUN_00a567d0	undefined FUN_00a567d0()	0	0	unknown	true		1	90	5	1	270
urn:ure:t6:occ:function:current-client:00a567e0	0x00a567e0	xbuild-enriched-full	true	00a567e0	FUN_00a567e0	undefined FUN_00a567e0()	0	0	unknown	true		1	92	5	1	270
urn:ure:t6:occ:function:current-client:00a567f0	0x00a567f0	xbuild-enriched-full	true	00a567f0	FUN_00a567f0	undefined FUN_00a567f0()	0	0	unknown	true		14	2046	137	27	4455
urn:ure:t6:occ:function:current-client:00a56980	0x00a56980	xbuild-enriched-full	true	00a56980	FUN_00a56980	undefined FUN_00a56980()	0	0	unknown	true		6	1060	59	12	2056
urn:ure:t6:occ:function:current-client:00a56a30	0x00a56a30	xbuild-enriched-full	true	00a56a30	FUN_00a56a30	undefined FUN_00a56a30()	0	0	unknown	true		8	1470	79	21	2680
urn:ure:t6:occ:function:current-client:00a56b20	0x00a56b20	xbuild-enriched-full	true	00a56b20	FUN_00a56b20	undefined FUN_00a56b20()	0	0	unknown	true		4	584	46	6	1627
urn:ure:t6:occ:function:current-client:00a56ba0	0x00a56ba0	xbuild-enriched-full	true	00a56ba0	FUN_00a56ba0	undefined FUN_00a56ba0()	0	0	unknown	true		4	985	41	8	1456
urn:ure:t6:occ:function:current-client:00a56c20	0x00a56c20	xbuild-enriched-full	true	00a56c20	FUN_00a56c20	undefined FUN_00a56c20()	0	0	unknown	true		1	199	5	1	318
urn:ure:t6:occ:function:current-client:00a56c40	0x00a56c40	xbuild-enriched-full	true	00a56c40	FUN_00a56c40	undefined FUN_00a56c40()	0	0	unknown	true		1	217	5	1	311
urn:ure:t6:occ:function:current-client:00a56c50	0x00a56c50	xbuild-enriched-full	true	00a56c50	FUN_00a56c50	undefined FUN_00a56c50()	0	0	unknown	true		1	77	9	1	388
urn:ure:t6:occ:function:current-client:00a56c70	0x00a56c70	xbuild-enriched-full	true	00a56c70	FUN_00a56c70	undefined FUN_00a56c70()	0	0	unknown	true		1	212	10	0	508
urn:ure:t6:occ:function:current-client:00a56c90	0x00a56c90	xbuild-enriched-full	true	00a56c90	FUN_00a56c90	undefined FUN_00a56c90()	0	0	unknown	true		1	124	15	1	556
urn:ure:t6:occ:function:current-client:00a56cc0	0x00a56cc0	xbuild-enriched-full	true	00a56cc0	FUN_00a56cc0	undefined FUN_00a56cc0()	0	0	unknown	true		1	125	7	0	360
urn:ure:t6:occ:function:current-client:00a56cd0	0x00a56cd0	xbuild-enriched-full	true	00a56cd0	FUN_00a56cd0	undefined FUN_00a56cd0()	0	0	unknown	true		0	97	2	0	201
urn:ure:t6:occ:function:current-client:00a56ce0	0x00a56ce0	xbuild-enriched-full	true	00a56ce0	FUN_00a56ce0	undefined FUN_00a56ce0()	0	0	unknown	true		6	937	63	12	2309
urn:ure:t6:occ:function:current-client:00a56db0	0x00a56db0	xbuild-enriched-full	true	00a56db0	FUN_00a56db0	undefined FUN_00a56db0()	0	0	unknown	true		5	964	51	10	1811
urn:ure:t6:occ:function:current-client:00a56e50	0x00a56e50	xbuild-enriched-full	true	00a56e50	FUN_00a56e50	undefined FUN_00a56e50()	0	0	unknown	true		3	536	28	4	1046
urn:ure:t6:occ:function:current-client:00a56eb0	0x00a56eb0	xbuild-enriched-full	true	00a56eb0	FUN_00a56eb0	undefined FUN_00a56eb0()	0	0	unknown	true		4	644	32	12	1101
urn:ure:t6:occ:function:current-client:00a56f10	0x00a56f10	xbuild-enriched-full	true	00a56f10	FUN_00a56f10	undefined FUN_00a56f10()	0	0	unknown	true		4	596	30	13	1248
urn:ure:t6:occ:function:current-client:00a56f80	0x00a56f80	xbuild-enriched-full	true	00a56f80	FUN_00a56f80	undefined FUN_00a56f80()	0	0	unknown	true		8	1229	83	14	2926
urn:ure:t6:occ:function:current-client:00a57050	0x00a57050	xbuild-enriched-full	true	00a57050	FUN_00a57050	undefined FUN_00a57050()	0	0	unknown	true		0	59	4	1	240
urn:ure:t6:occ:function:current-client:00a57060	0x00a57060	xbuild-enriched-full	true	00a57060	FUN_00a57060	undefined FUN_00a57060()	0	0	unknown	true		1	98	7	1	319
urn:ure:t6:occ:function:current-client:00a57080	0x00a57080	xbuild-enriched-full	true	00a57080	FUN_00a57080	undefined FUN_00a57080()	0	0	unknown	true		4	630	46	3	1763
urn:ure:t6:occ:function:current-client:00a570f0	0x00a570f0	xbuild-enriched-full	true	00a570f0	FUN_00a570f0	undefined FUN_00a570f0()	0	0	unknown	true		6	1107	59	9	2006
urn:ure:t6:occ:function:current-client:00a57190	0x00a57190	xbuild-enriched-full	true	00a57190	FUN_00a57190	undefined FUN_00a57190()	0	0	unknown	true		13	1754	119	20	4271
urn:ure:t6:occ:function:current-client:00a57330	0x00a57330	xbuild-enriched-full	true	00a57330	FUN_00a57330	undefined FUN_00a57330()	0	0	unknown	true		8	1118	73	16	2428
urn:ure:t6:occ:function:current-client:00a57400	0x00a57400	xbuild-enriched-full	true	00a57400	FUN_00a57400	undefined FUN_00a57400()	0	0	unknown	true		5	523	43	4	1473
urn:ure:t6:occ:function:current-client:00a57470	0x00a57470	xbuild-enriched-full	true	00a57470	FUN_00a57470	undefined FUN_00a57470()	0	0	unknown	true		5	787	58	4	1858
urn:ure:t6:occ:function:current-client:00a574f0	0x00a574f0	xbuild-enriched-full	true	00a574f0	FUN_00a574f0	undefined FUN_00a574f0()	0	0	unknown	true		11	1878	102	20	3871
urn:ure:t6:occ:function:current-client:00a57670	0x00a57670	xbuild-enriched-full	true	00a57670	FUN_00a57670	undefined FUN_00a57670()	0	0	unknown	true		36	3587	281	65	10121
urn:ure:t6:occ:function:current-client:00a57a30	0x00a57a30	xbuild-enriched-full	true	00a57a30	FUN_00a57a30	undefined FUN_00a57a30()	0	0	unknown	true		9	1129	94	8	3093
urn:ure:t6:occ:function:current-client:00a57b10	0x00a57b10	xbuild-enriched-full	true	00a57b10	FUN_00a57b10	undefined FUN_00a57b10()	0	0	unknown	true		6	751	59	10	1967
urn:ure:t6:occ:function:current-client:00a57bb0	0x00a57bb0	xbuild-enriched-full	true	00a57bb0	FUN_00a57bb0	undefined FUN_00a57bb0()	0	0	unknown	true		16	2166	133	23	4668
urn:ure:t6:occ:function:current-client:00a57d40	0x00a57d40	xbuild-enriched-full	true	00a57d40	FUN_00a57d40	undefined FUN_00a57d40()	0	0	unknown	true		17	2017	152	28	5643
urn:ure:t6:occ:function:current-client:00a57f30	0x00a57f30	xbuild-enriched-full	true	00a57f30	FUN_00a57f30	undefined FUN_00a57f30()	0	0	unknown	true		5	788	50	8	1718
urn:ure:t6:occ:function:current-client:00a57fc0	0x00a57fc0	xbuild-enriched-full	true	00a57fc0	FUN_00a57fc0	undefined FUN_00a57fc0()	0	0	unknown	true		9	1552	112	16	3798
urn:ure:t6:occ:function:current-client:00a580e0	0x00a580e0	xbuild-enriched-full	true	00a580e0	FUN_00a580e0	undefined FUN_00a580e0()	0	0	unknown	true		9	1583	87	16	3042
urn:ure:t6:occ:function:current-client:00a581d0	0x00a581d0	xbuild-enriched-full	true	00a581d0	FUN_00a581d0	undefined FUN_00a581d0()	0	0	unknown	true		6	902	65	9	2150
urn:ure:t6:occ:function:current-client:00a58270	0x00a58270	xbuild-enriched-full	true	00a58270	FUN_00a58270	undefined FUN_00a58270()	0	0	unknown	true		5	873	62	8	2047
urn:ure:t6:occ:function:current-client:00a58310	0x00a58310	xbuild-enriched-full	true	00a58310	FUN_00a58310	undefined FUN_00a58310()	0	0	unknown	true		9	1224	91	20	3307
urn:ure:t6:occ:function:current-client:00a58440	0x00a58440	xbuild-enriched-full	true	00a58440	FUN_00a58440	undefined FUN_00a58440()	0	0	unknown	true		22	4736	198	45	6875
urn:ure:t6:occ:function:current-client:00a586f0	0x00a586f0	xbuild-enriched-full	true	00a586f0	FUN_00a586f0	undefined FUN_00a586f0()	0	0	unknown	true		8	1385	76	16	2598
urn:ure:t6:occ:function:current-client:00a587d0	0x00a587d0	xbuild-enriched-full	true	00a587d0	FUN_00a587d0	undefined FUN_00a587d0()	0	0	unknown	true		40	4471	299	66	11041
urn:ure:t6:occ:function:current-client:00a58bf0	0x00a58bf0	xbuild-enriched-full	true	00a58bf0	FUN_00a58bf0	undefined FUN_00a58bf0()	0	0	unknown	true		1	59	4	1	240
urn:ure:t6:occ:function:current-client:00a58c00	0x00a58c00	xbuild-enriched-full	true	00a58c00	FUN_00a58c00	undefined FUN_00a58c00()	0	0	unknown	true		2	188	12	2	486
urn:ure:t6:occ:function:current-client:00a58c20	0x00a58c20	xbuild-enriched-full	true	00a58c20	FUN_00a58c20	undefined FUN_00a58c20()	0	0	unknown	true		1	126	9	2	389
urn:ure:t6:occ:function:current-client:00a58c40	0x00a58c40	xbuild-enriched-full	true	00a58c40	FUN_00a58c40	undefined FUN_00a58c40()	0	0	unknown	true		5	828	45	7	1660
urn:ure:t6:occ:function:current-client:00a58cd0	0x00a58cd0	xbuild-enriched-full	true	00a58cd0	FUN_00a58cd0	undefined FUN_00a58cd0()	0	0	unknown	true		22	2237	190	38	7175
urn:ure:t6:occ:function:current-client:00a58f50	0x00a58f50	xbuild-enriched-full	true	00a58f50	FUN_00a58f50	undefined FUN_00a58f50()	0	0	unknown	true		8	1340	74	18	2501
urn:ure:t6:occ:function:current-client:00a59020	0x00a59020	xbuild-enriched-full	true	00a59020	FUN_00a59020	undefined FUN_00a59020()	0	0	unknown	true		23	4039	206	42	7295
urn:ure:t6:occ:function:current-client:00a592b0	0x00a592b0	xbuild-enriched-full	true	00a592b0	FUN_00a592b0	undefined FUN_00a592b0()	0	0	unknown	true		55	9707	329	88	11709
urn:ure:t6:occ:function:current-client:00a59710	0x00a59710	xbuild-enriched-full	true	00a59710	FUN_00a59710	undefined FUN_00a59710()	0	0	unknown	true		2	170	14	3	519
urn:ure:t6:occ:function:current-client:00a59740	0x00a59740	xbuild-enriched-full	true	00a59740	FUN_00a59740	undefined FUN_00a59740()	0	0	unknown	true		0	75	2	0	199
urn:ure:t6:occ:function:current-client:00a59750	0x00a59750	xbuild-enriched-full	true	00a59750	FUN_00a59750	undefined FUN_00a59750()	0	0	unknown	true		6	1083	62	12	2173
urn:ure:t6:occ:function:current-client:00a59810	0x00a59810	xbuild-enriched-full	true	00a59810	FUN_00a59810	undefined FUN_00a59810()	0	0	unknown	true		5	947	58	6	2146
urn:ure:t6:occ:function:current-client:00a598d0	0x00a598d0	xbuild-enriched-full	true	00a598d0	FUN_00a598d0	undefined FUN_00a598d0()	0	0	unknown	true		9	1420	92	13	3360
urn:ure:t6:occ:function:current-client:00a59a10	0x00a59a10	xbuild-enriched-full	true	00a59a10	FUN_00a59a10	undefined FUN_00a59a10()	0	0	unknown	true		10	1483	86	15	3054
urn:ure:t6:occ:function:current-client:00a59b10	0x00a59b10	xbuild-enriched-full	true	00a59b10	FUN_00a59b10	undefined FUN_00a59b10()	0	0	unknown	true		6	582	60	10	1817
urn:ure:t6:occ:function:current-client:00a59bb0	0x00a59bb0	xbuild-enriched-full	true	00a59bb0	FUN_00a59bb0	undefined FUN_00a59bb0()	0	0	unknown	true		8	1291	75	13	2673
urn:ure:t6:occ:function:current-client:00a59ca0	0x00a59ca0	xbuild-enriched-full	true	00a59ca0	FUN_00a59ca0	undefined FUN_00a59ca0()	0	0	unknown	true		6	794	49	11	1664
urn:ure:t6:occ:function:current-client:00a59d50	0x00a59d50	xbuild-enriched-full	true	00a59d50	FUN_00a59d50	undefined FUN_00a59d50()	0	0	unknown	true		1	190	9	2	405
urn:ure:t6:occ:function:current-client:00a59d70	0x00a59d70	xbuild-enriched-full	true	00a59d70	FUN_00a59d70	undefined FUN_00a59d70()	0	0	unknown	true		2	226	18	2	691
urn:ure:t6:occ:function:current-client:00a59da0	0x00a59da0	xbuild-enriched-full	true	00a59da0	xbuild_fn_4bdDTLSInitAck__00a59da0	undefined xbuild_fn_4bdDTLSInitAck__00a59da0()	0	0	unknown	true		2	1102	36	0	1724
urn:ure:t6:occ:function:current-client:00a59e20	0x00a59e20	xbuild-enriched-full	true	00a59e20	FUN_00a59e20	undefined FUN_00a59e20()	0	0	unknown	true		9	1650	85	20	3121
urn:ure:t6:occ:function:current-client:00a59f60	0x00a59f60	xbuild-enriched-full	true	00a59f60	FUN_00a59f60	undefined FUN_00a59f60()	0	0	unknown	true		15	2413	127	23	4574
urn:ure:t6:occ:function:current-client:00a5a0f0	0x00a5a0f0	xbuild-enriched-full	true	00a5a0f0	FUN_00a5a0f0	undefined FUN_00a5a0f0()	0	0	unknown	true		8	1288	73	12	2811
urn:ure:t6:occ:function:current-client:00a5a210	0x00a5a210	xbuild-enriched-full	true	00a5a210	FUN_00a5a210	undefined FUN_00a5a210()	0	0	unknown	true		10	2014	84	13	3163
urn:ure:t6:occ:function:current-client:00a5a350	0x00a5a350	xbuild-enriched-full	true	00a5a350	FUN_00a5a350	undefined FUN_00a5a350()	0	0	unknown	true		6	934	70	9	2609
urn:ure:t6:occ:function:current-client:00a5a450	0x00a5a450	xbuild-enriched-full	true	00a5a450	FUN_00a5a450	undefined FUN_00a5a450()	0	0	unknown	true		7	1124	68	18	2288
urn:ure:t6:occ:function:current-client:00a5a530	0x00a5a530	xbuild-enriched-full	true	00a5a530	FUN_00a5a530	undefined FUN_00a5a530()	0	0	unknown	true		1	170	14	3	519
urn:ure:t6:occ:function:current-client:00a5a560	0x00a5a560	xbuild-enriched-full	true	00a5a560	FUN_00a5a560	undefined FUN_00a5a560()	0	0	unknown	true		0	118	6	1	320
urn:ure:t6:occ:function:current-client:00a5a580	0x00a5a580	xbuild-enriched-full	true	00a5a580	FUN_00a5a580	undefined FUN_00a5a580()	0	0	unknown	true		16	1920	105	33	3726
urn:ure:t6:occ:function:current-client:00a5a700	0x00a5a700	xbuild-enriched-full	true	00a5a700	FUN_00a5a700	undefined FUN_00a5a700()	0	0	unknown	true		7	1247	67	14	2447
urn:ure:t6:occ:function:current-client:00a5a7f0	0x00a5a7f0	xbuild-enriched-full	true	00a5a7f0	FUN_00a5a7f0	undefined FUN_00a5a7f0()	0	0	unknown	true		15	2771	119	25	4699
urn:ure:t6:occ:function:current-client:00a5a9e0	0x00a5a9e0	xbuild-enriched-full	true	00a5a9e0	FUN_00a5a9e0	undefined FUN_00a5a9e0()	0	0	unknown	true		3	629	36	6	1407
urn:ure:t6:occ:function:current-client:00a5aa60	0x00a5aa60	xbuild-enriched-full	true	00a5aa60	FUN_00a5aa60	undefined FUN_00a5aa60()	0	0	unknown	true		17	2339	132	30	4799
urn:ure:t6:occ:function:current-client:00a5ac20	0x00a5ac20	xbuild-enriched-full	true	00a5ac20	FUN_00a5ac20	undefined FUN_00a5ac20()	0	0	unknown	true		5	860	55	9	1908
urn:ure:t6:occ:function:current-client:00a5acd0	0x00a5acd0	xbuild-enriched-full	true	00a5acd0	FUN_00a5acd0	undefined FUN_00a5acd0()	0	0	unknown	true		45	5492	369	89	13829
urn:ure:t6:occ:function:current-client:00a5b260	0x00a5b260	xbuild-enriched-full	true	00a5b260	FUN_00a5b260	undefined FUN_00a5b260()	0	0	unknown	true		11	1418	110	27	3570
urn:ure:t6:occ:function:current-client:00a5b3a0	0x00a5b3a0	xbuild-enriched-full	true	00a5b3a0	FUN_00a5b3a0	undefined FUN_00a5b3a0()	0	0	unknown	true		1	139	4	0	288
urn:ure:t6:occ:function:current-client:00a5b3b0	0x00a5b3b0	xbuild-enriched-full	true	00a5b3b0	FUN_00a5b3b0	undefined FUN_00a5b3b0()	0	0	unknown	true		0	98	2	0	208
urn:ure:t6:occ:function:current-client:00a5b3c0	0x00a5b3c0	xbuild-enriched-full	true	00a5b3c0	FUN_00a5b3c0	undefined FUN_00a5b3c0()	0	0	unknown	true		0	124	6	0	329
urn:ure:t6:occ:function:current-client:00a5b3d0	0x00a5b3d0	xbuild-enriched-full	true	00a5b3d0	FUN_00a5b3d0	undefined FUN_00a5b3d0()	0	0	unknown	true		1	181	10	2	429
urn:ure:t6:occ:function:current-client:00a5b3f0	0x00a5b3f0	xbuild-enriched-full	true	00a5b3f0	FUN_00a5b3f0	undefined FUN_00a5b3f0()	0	0	unknown	true		4	652	45	8	1361
urn:ure:t6:occ:function:current-client:00a5b450	0x00a5b450	xbuild-enriched-full	true	00a5b450	FUN_00a5b450	undefined FUN_00a5b450()	0	0	unknown	true		4	502	49	5	1488
urn:ure:t6:occ:function:current-client:00a5b4c0	0x00a5b4c0	xbuild-enriched-full	true	00a5b4c0	FUN_00a5b4c0	undefined FUN_00a5b4c0()	0	0	unknown	true		6	1061	67	9	2271
urn:ure:t6:occ:function:current-client:00a5b560	0x00a5b560	xbuild-enriched-full	true	00a5b560	FUN_00a5b560	undefined FUN_00a5b560()	0	0	unknown	true		3	432	36	6	1108
urn:ure:t6:occ:function:current-client:00a5b5b0	0x00a5b5b0	xbuild-enriched-full	true	00a5b5b0	FUN_00a5b5b0	undefined FUN_00a5b5b0()	0	0	unknown	true		2	239	16	3	590
urn:ure:t6:occ:function:current-client:00a5b5e0	0x00a5b5e0	xbuild-enriched-full	true	00a5b5e0	FUN_00a5b5e0	undefined FUN_00a5b5e0()	0	0	unknown	true		9	1357	101	18	3355
urn:ure:t6:occ:function:current-client:00a5b6f0	0x00a5b6f0	xbuild-enriched-full	true	00a5b6f0	FUN_00a5b6f0	undefined FUN_00a5b6f0()	0	0	unknown	true		3	592	28	5	1024
urn:ure:t6:occ:function:current-client:00a5b750	0x00a5b750	xbuild-enriched-full	true	00a5b750	FUN_00a5b750	undefined FUN_00a5b750()	0	0	unknown	true		0	117	2	2	224
urn:ure:t6:occ:function:current-client:00a5b760	0x00a5b760	xbuild-enriched-full	true	00a5b760	FUN_00a5b760	undefined FUN_00a5b760()	0	0	unknown	true		4	632	43	6	1460
urn:ure:t6:occ:function:current-client:00a5b7e0	0x00a5b7e0	xbuild-enriched-full	true	00a5b7e0	FUN_00a5b7e0	undefined FUN_00a5b7e0()	0	0	unknown	true		4	543	58	6	1741
urn:ure:t6:occ:function:current-client:00a5b850	0x00a5b850	xbuild-enriched-full	true	00a5b850	FUN_00a5b850	undefined FUN_00a5b850()	0	0	unknown	true		4	543	58	6	1741
urn:ure:t6:occ:function:current-client:00a5b8c0	0x00a5b8c0	xbuild-enriched-full	true	00a5b8c0	FUN_00a5b8c0	undefined FUN_00a5b8c0()	0	0	unknown	true		0	72	2	0	190
urn:ure:t6:occ:function:current-client:00a5b8d0	0x00a5b8d0	xbuild-enriched-full	true	00a5b8d0	FUN_00a5b8d0	undefined FUN_00a5b8d0()	0	0	unknown	true		1	173	9	0	453
urn:ure:t6:occ:function:current-client:00a5b8f0	0x00a5b8f0	xbuild-enriched-full	true	00a5b8f0	FUN_00a5b8f0	undefined FUN_00a5b8f0()	0	0	unknown	true		1	170	14	3	519
urn:ure:t6:occ:function:current-client:00a5b920	0x00a5b920	xbuild-enriched-full	true	00a5b920	FUN_00a5b920	undefined FUN_00a5b920()	0	0	unknown	true		5	1062	54	6	2054
urn:ure:t6:occ:function:current-client:00a5b9d0	0x00a5b9d0	xbuild-enriched-full	true	00a5b9d0	FUN_00a5b9d0	undefined FUN_00a5b9d0()	0	0	unknown	true		3	574	29	5	1086
urn:ure:t6:occ:function:current-client:00a5ba30	0x00a5ba30	xbuild-enriched-full	true	00a5ba30	FUN_00a5ba30	undefined FUN_00a5ba30()	0	0	unknown	true		7	906	89	3	2889
urn:ure:t6:occ:function:current-client:00a5bb00	0x00a5bb00	xbuild-enriched-full	true	00a5bb00	FUN_00a5bb00	undefined FUN_00a5bb00()	0	0	unknown	true		7	876	90	3	2948
urn:ure:t6:occ:function:current-client:00a5bbe0	0x00a5bbe0	xbuild-enriched-full	true	00a5bbe0	FUN_00a5bbe0	undefined FUN_00a5bbe0()	0	0	unknown	true		0	97	2	0	201
urn:ure:t6:occ:function:current-client:00a5bbf0	0x00a5bbf0	xbuild-enriched-full	true	00a5bbf0	FUN_00a5bbf0	undefined FUN_00a5bbf0()	0	0	unknown	true		0	97	2	0	201
urn:ure:t6:occ:function:current-client:00a5bc00	0x00a5bc00	xbuild-enriched-full	true	00a5bc00	FUN_00a5bc00	undefined FUN_00a5bc00()	0	0	unknown	true		0	97	2	0	201
urn:ure:t6:occ:function:current-client:00a5bc10	0x00a5bc10	xbuild-enriched-full	true	00a5bc10	FUN_00a5bc10	undefined FUN_00a5bc10()	0	0	unknown	true		0	97	2	0	201
urn:ure:t6:occ:function:current-client:00a5bc20	0x00a5bc20	xbuild-enriched-full	true	00a5bc20	FUN_00a5bc20	undefined FUN_00a5bc20()	0	0	unknown	true		0	73	2	0	191
urn:ure:t6:occ:function:current-client:00a5bc30	0x00a5bc30	xbuild-enriched-full	true	00a5bc30	FUN_00a5bc30	undefined FUN_00a5bc30()	0	0	unknown	true		1	173	9	0	453
urn:ure:t6:occ:function:current-client:00a5bc50	0x00a5bc50	xbuild-enriched-full	true	00a5bc50	FUN_00a5bc50	undefined FUN_00a5bc50()	0	0	unknown	true		3	759	39	6	1449
urn:ure:t6:occ:function:current-client:00a5bcd0	0x00a5bcd0	xbuild-enriched-full	true	00a5bcd0	FUN_00a5bcd0	undefined FUN_00a5bcd0()	0	0	unknown	true		1	170	14	3	519
urn:ure:t6:occ:function:current-client:00a5bd00	0x00a5bd00	xbuild-enriched-full	true	00a5bd00	FUN_00a5bd00	undefined FUN_00a5bd00()	0	0	unknown	true		11	1938	160	20	4949
urn:ure:t6:occ:function:current-client:00a5be70	0x00a5be70	xbuild-enriched-full	true	00a5be70	FUN_00a5be70	undefined FUN_00a5be70()	0	0	unknown	true		12	1902	162	20	4998
urn:ure:t6:occ:function:current-client:00a5bff0	0x00a5bff0	xbuild-enriched-full	true	00a5bff0	FUN_00a5bff0	undefined FUN_00a5bff0()	0	0	unknown	true		3	610	29	5	1078
urn:ure:t6:occ:function:current-client:00a5c050	0x00a5c050	xbuild-enriched-full	true	00a5c050	FUN_00a5c050	undefined FUN_00a5c050()	0	0	unknown	true		3	622	36	5	1305
urn:ure:t6:occ:function:current-client:00a5c0c0	0x00a5c0c0	xbuild-enriched-full	true	00a5c0c0	FUN_00a5c0c0	undefined FUN_00a5c0c0()	0	0	unknown	true		0	117	2	2	224
urn:ure:t6:occ:function:current-client:00a5c0d0	0x00a5c0d0	xbuild-enriched-full	true	00a5c0d0	FUN_00a5c0d0	undefined FUN_00a5c0d0()	0	0	unknown	true		0	96	2	0	200
urn:ure:t6:occ:function:current-client:00a5c0e0	0x00a5c0e0	xbuild-enriched-full	true	00a5c0e0	FUN_00a5c0e0	undefined FUN_00a5c0e0()	0	0	unknown	true		1	173	9	0	453
urn:ure:t6:occ:function:current-client:00a5c100	0x00a5c100	xbuild-enriched-full	true	00a5c100	FUN_00a5c100	undefined FUN_00a5c100()	0	0	unknown	true		1	170	14	3	519
urn:ure:t6:occ:function:current-client:00a5c130	0x00a5c130	xbuild-enriched-full	true	00a5c130	FUN_00a5c130	undefined FUN_00a5c130()	0	0	unknown	true		5	666	60	6	1830
urn:ure:t6:occ:function:current-client:00a5c1b0	0x00a5c1b0	xbuild-enriched-full	true	00a5c1b0	FUN_00a5c1b0	undefined FUN_00a5c1b0()	0	0	unknown	true		6	847	70	8	2155
urn:ure:t6:occ:function:current-client:00a5c240	0x00a5c240	xbuild-enriched-full	true	00a5c240	FUN_00a5c240	undefined FUN_00a5c240()	0	0	unknown	true		3	570	28	5	1023
urn:ure:t6:occ:function:current-client:00a5c2a0	0x00a5c2a0	xbuild-enriched-full	true	00a5c2a0	FUN_00a5c2a0	undefined FUN_00a5c2a0()	0	0	unknown	true		1	170	14	3	519
urn:ure:t6:occ:function:current-client:00a5c2d0	0x00a5c2d0	xbuild-enriched-full	true	00a5c2d0	FUN_00a5c2d0	undefined FUN_00a5c2d0()	0	0	unknown	true		2	554	29	5	1085
urn:ure:t6:occ:function:current-client:00a5c330	0x00a5c330	xbuild-enriched-full	true	00a5c330	FUN_00a5c330	undefined FUN_00a5c330()	0	0	unknown	true		6	810	83	9	2482
urn:ure:t6:occ:function:current-client:00a5c3e0	0x00a5c3e0	xbuild-enriched-full	true	00a5c3e0	FUN_00a5c3e0	undefined FUN_00a5c3e0()	0	0	unknown	true		6	810	83	9	2482
urn:ure:t6:occ:function:current-client:00a5c490	0x00a5c490	xbuild-enriched-full	true	00a5c490	FUN_00a5c490	undefined FUN_00a5c490()	0	0	unknown	true		0	73	2	0	191
urn:ure:t6:occ:function:current-client:00a5c4a0	0x00a5c4a0	xbuild-enriched-full	true	00a5c4a0	FUN_00a5c4a0	undefined FUN_00a5c4a0()	0	0	unknown	true		0	73	2	0	191
urn:ure:t6:occ:function:current-client:00a5c4b0	0x00a5c4b0	xbuild-enriched-full	true	00a5c4b0	FUN_00a5c4b0	undefined FUN_00a5c4b0()	0	0	unknown	true		2	170	14	3	519
urn:ure:t6:occ:function:current-client:00a5c4e0	0x00a5c4e0	xbuild-enriched-full	true	00a5c4e0	FUN_00a5c4e0	undefined FUN_00a5c4e0()	0	0	unknown	true		6	1314	60	6	2400
urn:ure:t6:occ:function:current-client:00a5c5b0	0x00a5c5b0	xbuild-enriched-full	true	00a5c5b0	FUN_00a5c5b0	undefined FUN_00a5c5b0()	0	0	unknown	true		11	1510	95	16	3401
urn:ure:t6:occ:function:current-client:00a5c6e0	0x00a5c6e0	xbuild-enriched-full	true	00a5c6e0	FUN_00a5c6e0	undefined FUN_00a5c6e0()	0	0	unknown	true		3	628	30	5	1095
urn:ure:t6:occ:function:current-client:00a5c740	0x00a5c740	xbuild-enriched-full	true	00a5c740	FUN_00a5c740	undefined FUN_00a5c740()	0	0	unknown	true		4	615	35	5	1259
urn:ure:t6:occ:function:current-client:00a5c7b0	0x00a5c7b0	xbuild-enriched-full	true	00a5c7b0	FUN_00a5c7b0	undefined FUN_00a5c7b0()	0	0	unknown	true		1	117	2	2	224
urn:ure:t6:occ:function:current-client:00a5c7c0	0x00a5c7c0	xbuild-enriched-full	true	00a5c7c0	FUN_00a5c7c0	undefined FUN_00a5c7c0()	0	0	unknown	true		0	96	2	0	200
urn:ure:t6:occ:function:current-client:00a5c7d0	0x00a5c7d0	xbuild-enriched-full	true	00a5c7d0	FUN_00a5c7d0	undefined FUN_00a5c7d0()	0	0	unknown	true		1	172	9	0	452
urn:ure:t6:occ:function:current-client:00a5c7f0	0x00a5c7f0	xbuild-enriched-full	true	00a5c7f0	FUN_00a5c7f0	undefined FUN_00a5c7f0()	0	0	unknown	true		2	170	14	3	519
urn:ure:t6:occ:function:current-client:00a5c820	0x00a5c820	xbuild-enriched-full	true	00a5c820	FUN_00a5c820	undefined FUN_00a5c820()	0	0	unknown	true		5	634	60	6	1836
urn:ure:t6:occ:function:current-client:00a5c8a0	0x00a5c8a0	xbuild-enriched-full	true	00a5c8a0	FUN_00a5c8a0	undefined FUN_00a5c8a0()	0	0	unknown	true		5	626	60	6	1833
urn:ure:t6:occ:function:current-client:00a5c920	0x00a5c920	xbuild-enriched-full	true	00a5c920	FUN_00a5c920	undefined FUN_00a5c920()	0	0	unknown	true		0	99	3	1	231
urn:ure:t6:occ:function:current-client:00a5c930	0x00a5c930	xbuild-enriched-full	true	00a5c930	FUN_00a5c930	undefined FUN_00a5c930()	0	0	unknown	true		0	99	2	1	205
urn:ure:t6:occ:function:current-client:00a5c940	0x00a5c940	xbuild-enriched-full	true	00a5c940	FUN_00a5c940	undefined FUN_00a5c940()	0	0	unknown	true		1	170	14	3	519
urn:ure:t6:occ:function:current-client:00a5c970	0x00a5c970	xbuild-enriched-full	true	00a5c970	FUN_00a5c970	undefined FUN_00a5c970()	0	0	unknown	true		2	258	19	4	708
urn:ure:t6:occ:function:current-client:00a5c9a0	0x00a5c9a0	xbuild-enriched-full	true	00a5c9a0	xbuild_ctor_bdServiceBandwidthArbitrator__00a5c9a0	undefined xbuild_ctor_bdServiceBandwidthArbitrator__00a5c9a0()	0	0	unknown	true		0	157	4	0	273
urn:ure:t6:occ:function:current-client:00a5c9b0	0x00a5c9b0	xbuild-enriched-full	true	00a5c9b0	FUN_00a5c9b0	undefined FUN_00a5c9b0()	0	0	unknown	true		0	119	3	0	247
urn:ure:t6:occ:function:current-client:00a5c9c0	0x00a5c9c0	xbuild-enriched-full	true	00a5c9c0	FUN_00a5c9c0	undefined FUN_00a5c9c0()	0	0	unknown	true		2	320	28	3	909
urn:ure:t6:occ:function:current-client:00a5ca00	0x00a5ca00	xbuild-enriched-full	true	00a5ca00	FUN_00a5ca00	undefined FUN_00a5ca00()	0	0	unknown	true		1	73	4	0	250
urn:ure:t6:occ:function:current-client:00a5ca10	0x00a5ca10	xbuild-enriched-full	true	00a5ca10	FUN_00a5ca10	undefined FUN_00a5ca10()	0	0	unknown	true		1	141	7	0	360
urn:ure:t6:occ:function:current-client:00a5ca20	0x00a5ca20	xbuild-enriched-full	true	00a5ca20	xbuild_ctor_bdQoSReplyPacket__00a5ca20	undefined xbuild_ctor_bdQoSReplyPacket__00a5ca20()	0	0	unknown	true		1	360	11	0	573
urn:ure:t6:occ:function:current-client:00a5ca40	0x00a5ca40	xbuild-enriched-full	true	00a5ca40	FUN_00a5ca40	undefined FUN_00a5ca40()	0	0	unknown	true		1	120	6	0	321
urn:ure:t6:occ:function:current-client:00a5ca50	0x00a5ca50	xbuild-enriched-full	true	00a5ca50	FUN_00a5ca50	undefined FUN_00a5ca50()	0	0	unknown	true		1	183	8	0	413
urn:ure:t6:occ:function:current-client:00a5ca70	0x00a5ca70	xbuild-enriched-full	true	00a5ca70	FUN_00a5ca70	undefined FUN_00a5ca70()	0	0	unknown	true		1	162	7	0	373
urn:ure:t6:occ:function:current-client:00a5ca90	0x00a5ca90	xbuild-enriched-full	true	00a5ca90	FUN_00a5ca90	undefined FUN_00a5ca90()	0	0	unknown	true		2	191	13	2	498
urn:ure:t6:occ:function:current-client:00a5cab0	0x00a5cab0	xbuild-enriched-full	true	00a5cab0	FUN_00a5cab0	undefined FUN_00a5cab0()	0	0	unknown	true		0	97	2	0	199
urn:ure:t6:occ:function:current-client:00a5cac0	0x00a5cac0	xbuild-enriched-full	true	00a5cac0	FUN_00a5cac0	undefined FUN_00a5cac0()	0	0	unknown	true		1	228	12	2	518
urn:ure:t6:occ:function:current-client:00a5caf0	0x00a5caf0	xbuild-enriched-full	true	00a5caf0	FUN_00a5caf0	undefined FUN_00a5caf0()	0	0	unknown	true		10	1611	134	16	4103
urn:ure:t6:occ:function:current-client:00a5cc10	0x00a5cc10	xbuild-enriched-full	true	00a5cc10	FUN_00a5cc10	undefined FUN_00a5cc10()	0	0	unknown	true		12	1896	142	20	4541
urn:ure:t6:occ:function:current-client:00a5cd60	0x00a5cd60	xbuild-enriched-full	true	00a5cd60	FUN_00a5cd60	undefined FUN_00a5cd60()	0	0	unknown	true		2	388	18	5	686
urn:ure:t6:occ:function:current-client:00a5cd90	0x00a5cd90	xbuild-enriched-full	true	00a5cd90	FUN_00a5cd90	undefined FUN_00a5cd90()	0	0	unknown	true		1	156	10	1	405
urn:ure:t6:occ:function:current-client:00a5cdb0	0x00a5cdb0	xbuild-enriched-full	true	00a5cdb0	FUN_00a5cdb0	undefined FUN_00a5cdb0()	0	0	unknown	true		4	661	45	8	1480
urn:ure:t6:occ:function:current-client:00a5ce30	0x00a5ce30	xbuild-enriched-full	true	00a5ce30	FUN_00a5ce30	undefined FUN_00a5ce30()	0	0	unknown	true		1	319	16	1	676
urn:ure:t6:occ:function:current-client:00a5ce60	0x00a5ce60	xbuild-enriched-full	true	00a5ce60	xbuild_ctor_bdQoSRequestPacket__00a5ce60	undefined xbuild_ctor_bdQoSRequestPacket__00a5ce60()	0	0	unknown	true		1	263	8	0	428
urn:ure:t6:occ:function:current-client:00a5ce80	0x00a5ce80	xbuild-enriched-full	true	00a5ce80	FUN_00a5ce80	undefined FUN_00a5ce80()	0	0	unknown	true		0	94	3	0	246
urn:ure:t6:occ:function:current-client:00a5ce90	0x00a5ce90	xbuild-enriched-full	true	00a5ce90	FUN_00a5ce90	undefined FUN_00a5ce90()	0	0	unknown	true		7	1009	88	8	2761
urn:ure:t6:occ:function:current-client:00a5cf50	0x00a5cf50	xbuild-enriched-full	true	00a5cf50	FUN_00a5cf50	undefined FUN_00a5cf50()	0	0	unknown	true		8	1020	88	8	2759
urn:ure:t6:occ:function:current-client:00a5d010	0x00a5d010	xbuild-enriched-full	true	00a5d010	FUN_00a5d010	undefined FUN_00a5d010()	0	0	unknown	true		1	99	3	1	231
urn:ure:t6:occ:function:current-client:00a5d020	0x00a5d020	xbuild-enriched-full	true	00a5d020	FUN_00a5d020	undefined FUN_00a5d020()	0	0	unknown	true		0	99	2	1	205
urn:ure:t6:occ:function:current-client:00a5d030	0x00a5d030	xbuild-enriched-full	true	00a5d030	FUN_00a5d030	undefined FUN_00a5d030()	0	0	unknown	true		2	170	14	3	519
urn:ure:t6:occ:function:current-client:00a5d060	0x00a5d060	xbuild-enriched-full	true	00a5d060	xbuild_ctor_bdIPDiscoveryPacket__00a5d060	undefined xbuild_ctor_bdIPDiscoveryPacket__00a5d060()	0	0	unknown	true		0	151	5	0	298
urn:ure:t6:occ:function:current-client:00a5d070	0x00a5d070	xbuild-enriched-full	true	00a5d070	FUN_00a5d070	undefined FUN_00a5d070()	0	0	unknown	true		5	614	53	4	1668
urn:ure:t6:occ:function:current-client:00a5d0e0	0x00a5d0e0	xbuild-enriched-full	true	00a5d0e0	FUN_00a5d0e0	undefined FUN_00a5d0e0()	0	0	unknown	true		1	153	10	1	430
urn:ure:t6:occ:function:current-client:00a5d100	0x00a5d100	xbuild-enriched-full	true	00a5d100	FUN_00a5d100	undefined FUN_00a5d100()	0	0	unknown	true		15	1621	164	28	4860
urn:ure:t6:occ:function:current-client:00a5d260	0x00a5d260	xbuild-enriched-full	true	00a5d260	xbuild_ctor_bdNATTypeDiscoveryPacket__00a5d260	undefined xbuild_ctor_bdNATTypeDiscoveryPacket__00a5d260()	0	0	unknown	true		1	217	10	0	465
urn:ure:t6:occ:function:current-client:00a5d280	0x00a5d280	xbuild-enriched-full	true	00a5d280	FUN_00a5d280	undefined FUN_00a5d280()	0	0	unknown	true		6	789	68	6	2125
urn:ure:t6:occ:function:current-client:00a5d310	0x00a5d310	xbuild-enriched-full	true	00a5d310	FUN_00a5d310	undefined FUN_00a5d310()	0	0	unknown	true		0	82	2	0	190
urn:ure:t6:occ:function:current-client:00a5d320	0x00a5d320	xbuild-enriched-full	true	00a5d320	FUN_00a5d320	undefined FUN_00a5d320()	0	0	unknown	true		3	590	31	4	1119
urn:ure:t6:occ:function:current-client:00a5d380	0x00a5d380	xbuild-enriched-full	true	00a5d380	FUN_00a5d380	undefined FUN_00a5d380()	0	0	unknown	true		16	1634	164	30	4860
urn:ure:t6:occ:function:current-client:00a5d4f0	0x00a5d4f0	xbuild-enriched-full	true	00a5d4f0	FUN_00a5d4f0	undefined FUN_00a5d4f0()	0	0	unknown	true		4	677	39	4	1444
urn:ure:t6:occ:function:current-client:00a5d570	0x00a5d570	xbuild-enriched-full	true	00a5d570	FUN_00a5d570	undefined FUN_00a5d570()	0	0	unknown	true		1	108	6	0	309
urn:ure:t6:occ:function:current-client:00a5d580	0x00a5d580	xbuild-enriched-full	true	00a5d580	FUN_00a5d580	undefined FUN_00a5d580()	0	0	unknown	true		0	73	2	0	191
urn:ure:t6:occ:function:current-client:00a5d590	0x00a5d590	xbuild-enriched-full	true	00a5d590	FUN_00a5d590	undefined FUN_00a5d590()	0	0	unknown	true		1	232	11	0	543
urn:ure:t6:occ:function:current-client:00a5d5b0	0x00a5d5b0	xbuild-enriched-full	true	00a5d5b0	FUN_00a5d5b0	undefined FUN_00a5d5b0()	0	0	unknown	true		3	629	32	4	1168
urn:ure:t6:occ:function:current-client:00a5d610	0x00a5d610	xbuild-enriched-full	true	00a5d610	FUN_00a5d610	undefined FUN_00a5d610()	0	0	unknown	true		8	1108	101	12	3092
urn:ure:t6:occ:function:current-client:00a5d6f0	0x00a5d6f0	xbuild-enriched-full	true	00a5d6f0	FUN_00a5d6f0	undefined FUN_00a5d6f0()	0	0	unknown	true		9	1190	108	15	3289
urn:ure:t6:occ:function:current-client:00a5d7e0	0x00a5d7e0	xbuild-enriched-full	true	00a5d7e0	FUN_00a5d7e0	undefined FUN_00a5d7e0()	0	0	unknown	true		1	216	10	5	437
urn:ure:t6:occ:function:current-client:00a5d800	0x00a5d800	xbuild-enriched-full	true	00a5d800	FUN_00a5d800	undefined FUN_00a5d800()	0	0	unknown	true		4	697	39	4	1432
urn:ure:t6:occ:function:current-client:00a5d870	0x00a5d870	xbuild-enriched-full	true	00a5d870	FUN_00a5d870	undefined FUN_00a5d870()	0	0	unknown	true		10	1378	89	14	3039
urn:ure:t6:occ:function:current-client:00a5d960	0x00a5d960	xbuild-enriched-full	true	00a5d960	FUN_00a5d960	undefined FUN_00a5d960()	0	0	unknown	true		8	941	77	10	2625
urn:ure:t6:occ:function:current-client:00a5da30	0x00a5da30	xbuild-enriched-full	true	00a5da30	FUN_00a5da30	undefined FUN_00a5da30()	0	0	unknown	true		7	941	73	10	2521
urn:ure:t6:occ:function:current-client:00a5daf0	0x00a5daf0	xbuild-enriched-full	true	00a5daf0	FUN_00a5daf0	undefined FUN_00a5daf0()	0	0	unknown	true		1	153	6	1	357
urn:ure:t6:occ:function:current-client:00a5db10	0x00a5db10	xbuild-enriched-full	true	00a5db10	FUN_00a5db10	undefined FUN_00a5db10()	0	0	unknown	true		0	99	2	1	205
urn:ure:t6:occ:function:current-client:00a5db20	0x00a5db20	xbuild-enriched-full	true	00a5db20	FUN_00a5db20	undefined FUN_00a5db20()	0	0	unknown	true		1	328	13	1	626
urn:ure:t6:occ:function:current-client:00a5db50	0x00a5db50	xbuild-enriched-full	true	00a5db50	FUN_00a5db50	undefined FUN_00a5db50()	0	0	unknown	true		0	94	2	0	198
urn:ure:t6:occ:function:current-client:00a5db60	0x00a5db60	xbuild-enriched-full	true	00a5db60	FUN_00a5db60	undefined FUN_00a5db60()	0	0	unknown	true		0	94	2	0	200
urn:ure:t6:occ:function:current-client:00a5db70	0x00a5db70	xbuild-enriched-full	true	00a5db70	FUN_00a5db70	undefined FUN_00a5db70()	0	0	unknown	true		0	94	2	0	200
urn:ure:t6:occ:function:current-client:00a5db80	0x00a5db80	xbuild-enriched-full	true	00a5db80	FUN_00a5db80	undefined FUN_00a5db80()	0	0	unknown	true		6	997	83	8	2596
urn:ure:t6:occ:function:current-client:00a5dc30	0x00a5dc30	xbuild-enriched-full	true	00a5dc30	FUN_00a5dc30	undefined FUN_00a5dc30()	0	0	unknown	true		6	1072	82	8	2549
urn:ure:t6:occ:function:current-client:00a5dcf0	0x00a5dcf0	xbuild-enriched-full	true	00a5dcf0	FUN_00a5dcf0	undefined FUN_00a5dcf0()	0	0	unknown	true		1	133	7	2	334
urn:ure:t6:occ:function:current-client:00a5dd10	0x00a5dd10	xbuild-enriched-full	true	00a5dd10	FUN_00a5dd10	undefined FUN_00a5dd10()	0	0	unknown	true		1	188	16	2	592
urn:ure:t6:occ:function:current-client:00a5dd40	0x00a5dd40	xbuild-enriched-full	true	00a5dd40	FUN_00a5dd40	undefined FUN_00a5dd40()	0	0	unknown	true		0	117	2	2	224
urn:ure:t6:occ:function:current-client:00a5dd50	0x00a5dd50	xbuild-enriched-full	true	00a5dd50	FUN_00a5dd50	undefined FUN_00a5dd50()	0	0	unknown	true		3	425	46	4	1398
urn:ure:t6:occ:function:current-client:00a5ddb0	0x00a5ddb0	xbuild-enriched-full	true	00a5ddb0	FUN_00a5ddb0	undefined FUN_00a5ddb0()	0	0	unknown	true		3	425	46	4	1398
urn:ure:t6:occ:function:current-client:00a5de10	0x00a5de10	xbuild-enriched-full	true	00a5de10	FUN_00a5de10	undefined FUN_00a5de10()	0	0	unknown	true		1	170	14	3	519
urn:ure:t6:occ:function:current-client:00a5de40	0x00a5de40	xbuild-enriched-full	true	00a5de40	FUN_00a5de40	undefined FUN_00a5de40()	0	0	unknown	true		17	2117	194	19	6562
urn:ure:t6:occ:function:current-client:00a5e020	0x00a5e020	xbuild-enriched-full	true	00a5e020	FUN_00a5e020	undefined FUN_00a5e020()	0	0	unknown	true		16	2060	182	13	5986
urn:ure:t6:occ:function:current-client:00a5e1d0	0x00a5e1d0	xbuild-enriched-full	true	00a5e1d0	FUN_00a5e1d0	undefined FUN_00a5e1d0()	0	0	unknown	true		6	1152	47	14	1482
urn:ure:t6:occ:function:current-client:00a5e240	0x00a5e240	xbuild-enriched-full	true	00a5e240	FUN_00a5e240	undefined FUN_00a5e240()	0	0	unknown	true		3	527	33	5	1149
urn:ure:t6:occ:function:current-client:00a5e290	0x00a5e290	xbuild-enriched-full	true	00a5e290	FUN_00a5e290	undefined FUN_00a5e290()	0	0	unknown	true		44	5579	326	76	11165
urn:ure:t6:occ:function:current-client:00a5e660	0x00a5e660	xbuild-enriched-full	true	00a5e660	FUN_00a5e660	undefined FUN_00a5e660()	0	0	unknown	true		48	4476	335	48	11212
urn:ure:t6:occ:function:current-client:00a5ea10	0x00a5ea10	xbuild-enriched-full	true	00a5ea10	FUN_00a5ea10	undefined FUN_00a5ea10()	0	0	unknown	true		6	1078	56	15	1727
urn:ure:t6:occ:function:current-client:00a5eaa0	0x00a5eaa0	xbuild-enriched-full	true	00a5eaa0	FUN_00a5eaa0	undefined FUN_00a5eaa0()	0	0	unknown	true		259	32562	2549	4	90551
urn:ure:t6:occ:function:current-client:00a60810	0x00a60810	xbuild-enriched-full	true	00a60810	FUN_00a60810	undefined FUN_00a60810()	0	0	unknown	true		9	507	26	4	1201
urn:ure:t6:occ:function:current-client:00a60890	0x00a60890	xbuild-enriched-full	true	00a60890	FUN_00a60890	undefined FUN_00a60890()	0	0	unknown	true		9	1551	79	21	2652
urn:ure:t6:occ:function:current-client:00a60970	0x00a60970	xbuild-enriched-full	true	00a60970	FUN_00a60970	undefined FUN_00a60970()	0	0	unknown	true		13	3411	150	16	6213
urn:ure:t6:occ:function:current-client:00a60b60	0x00a60b60	xbuild-enriched-full	true	00a60b60	FUN_00a60b60	undefined FUN_00a60b60()	0	0	unknown	true		6	978	69	13	2203
urn:ure:t6:occ:function:current-client:00a60c20	0x00a60c20	xbuild-enriched-full	true	00a60c20	FUN_00a60c20	undefined FUN_00a60c20()	0	0	unknown	true		1	270	10	4	458
urn:ure:t6:occ:function:current-client:00a60c40	0x00a60c40	xbuild-enriched-full	true	00a60c40	FUN_00a60c40	undefined FUN_00a60c40()	0	0	unknown	true		4	435	40	10	1231
urn:ure:t6:occ:function:current-client:00a60cb0	0x00a60cb0	xbuild-enriched-full	true	00a60cb0	FUN_00a60cb0	undefined FUN_00a60cb0()	0	0	unknown	true		2	262	19	6	662
urn:ure:t6:occ:function:current-client:00a60cf0	0x00a60cf0	xbuild-enriched-full	true	00a60cf0	FUN_00a60cf0	undefined FUN_00a60cf0()	0	0	unknown	true		3	413	29	10	970
urn:ure:t6:occ:function:current-client:00a60d40	0x00a60d40	xbuild-enriched-full	true	00a60d40	FUN_00a60d40	undefined FUN_00a60d40()	0	0	unknown	true		3	413	29	10	970
urn:ure:t6:occ:function:current-client:00a60d90	0x00a60d90	xbuild-enriched-full	true	00a60d90	FUN_00a60d90	undefined FUN_00a60d90()	0	0	unknown	true		2	238	22	3	726
urn:ure:t6:occ:function:current-client:00a60dc0	0x00a60dc0	xbuild-enriched-full	true	00a60dc0	FUN_00a60dc0	undefined FUN_00a60dc0()	0	0	unknown	true		2	269	20	6	717
urn:ure:t6:occ:function:current-client:00a60e00	0x00a60e00	xbuild-enriched-full	true	00a60e00	FUN_00a60e00	undefined FUN_00a60e00()	0	0	unknown	true		2	222	17	5	605
urn:ure:t6:occ:function:current-client:00a60e30	0x00a60e30	xbuild-enriched-full	true	00a60e30	FUN_00a60e30	undefined FUN_00a60e30()	0	0	unknown	true		2	335	25	6	866
urn:ure:t6:occ:function:current-client:00a60e70	0x00a60e70	xbuild-enriched-full	true	00a60e70	FUN_00a60e70	undefined FUN_00a60e70()	0	0	unknown	true		1	238	15	4	558
urn:ure:t6:occ:function:current-client:00a60ea0	0x00a60ea0	xbuild-enriched-full	true	00a60ea0	FUN_00a60ea0	undefined FUN_00a60ea0()	0	0	unknown	true		4	530	42	11	1273
urn:ure:t6:occ:function:current-client:00a60f10	0x00a60f10	xbuild-enriched-full	true	00a60f10	FUN_00a60f10	undefined FUN_00a60f10()	0	0	unknown	true		3	386	33	7	1026
urn:ure:t6:occ:function:current-client:00a60f60	0x00a60f60	xbuild-enriched-full	true	00a60f60	FUN_00a60f60	undefined FUN_00a60f60()	0	0	unknown	true		2	224	17	5	611
urn:ure:t6:occ:function:current-client:00a60f90	0x00a60f90	xbuild-enriched-full	true	00a60f90	FUN_00a60f90	undefined FUN_00a60f90()	0	0	unknown	true		2	224	17	5	611
urn:ure:t6:occ:function:current-client:00a60fc0	0x00a60fc0	xbuild-enriched-full	true	00a60fc0	FUN_00a60fc0	undefined FUN_00a60fc0()	0	0	unknown	true		2	269	20	6	723
urn:ure:t6:occ:function:current-client:00a61000	0x00a61000	xbuild-enriched-full	true	00a61000	FUN_00a61000	undefined FUN_00a61000()	0	0	unknown	true		3	440	31	10	1050
urn:ure:t6:occ:function:current-client:00a61060	0x00a61060	xbuild-enriched-full	true	00a61060	FUN_00a61060	undefined FUN_00a61060()	0	0	unknown	true		3	440	31	10	1050
urn:ure:t6:occ:function:current-client:00a610c0	0x00a610c0	xbuild-enriched-full	true	00a610c0	FUN_00a610c0	undefined FUN_00a610c0()	0	0	unknown	true		2	224	17	5	611
urn:ure:t6:occ:function:current-client:00a610f0	0x00a610f0	xbuild-enriched-full	true	00a610f0	FUN_00a610f0	undefined FUN_00a610f0()	0	0	unknown	true		3	413	29	10	982
urn:ure:t6:occ:function:current-client:00a61150	0x00a61150	xbuild-enriched-full	true	00a61150	FUN_00a61150	undefined FUN_00a61150()	0	0	unknown	true		3	440	31	10	1050
urn:ure:t6:occ:function:current-client:00a611b0	0x00a611b0	xbuild-enriched-full	true	00a611b0	FUN_00a611b0	undefined FUN_00a611b0()	0	0	unknown	true		4	584	40	14	1309
urn:ure:t6:occ:function:current-client:00a61230	0x00a61230	xbuild-enriched-full	true	00a61230	FUN_00a61230	undefined FUN_00a61230()	0	0	unknown	true		3	440	31	10	1050
urn:ure:t6:occ:function:current-client:00a61290	0x00a61290	xbuild-enriched-full	true	00a61290	FUN_00a61290	undefined FUN_00a61290()	0	0	unknown	true		4	584	40	14	1309
urn:ure:t6:occ:function:current-client:00a61310	0x00a61310	xbuild-enriched-full	true	00a61310	FUN_00a61310	undefined FUN_00a61310()	0	0	unknown	true		3	440	31	10	1050
urn:ure:t6:occ:function:current-client:00a61370	0x00a61370	xbuild-enriched-full	true	00a61370	FUN_00a61370	undefined FUN_00a61370()	0	0	unknown	true		4	584	40	14	1309
urn:ure:t6:occ:function:current-client:00a613f0	0x00a613f0	xbuild-enriched-full	true	00a613f0	FUN_00a613f0	undefined FUN_00a613f0()	0	0	unknown	true		3	440	31	10	1050
urn:ure:t6:occ:function:current-client:00a61450	0x00a61450	xbuild-enriched-full	true	00a61450	FUN_00a61450	undefined FUN_00a61450()	0	0	unknown	true		3	415	29	10	984
urn:ure:t6:occ:function:current-client:00a614b0	0x00a614b0	xbuild-enriched-full	true	00a614b0	FUN_00a614b0	undefined FUN_00a614b0()	0	0	unknown	true		3	469	33	10	1121
urn:ure:t6:occ:function:current-client:00a61510	0x00a61510	xbuild-enriched-full	true	00a61510	FUN_00a61510	undefined FUN_00a61510()	0	0	unknown	true		3	415	29	10	984
urn:ure:t6:occ:function:current-client:00a61570	0x00a61570	xbuild-enriched-full	true	00a61570	FUN_00a61570	undefined FUN_00a61570()	0	0	unknown	true		4	576	37	11	1245
urn:ure:t6:occ:function:current-client:00a615e0	0x00a615e0	xbuild-enriched-full	true	00a615e0	FUN_00a615e0	undefined FUN_00a615e0()	0	0	unknown	true		4	587	40	14	1312
urn:ure:t6:occ:function:current-client:00a61660	0x00a61660	xbuild-enriched-full	true	00a61660	FUN_00a61660	undefined FUN_00a61660()	0	0	unknown	true		4	587	40	14	1312
urn:ure:t6:occ:function:current-client:00a616e0	0x00a616e0	xbuild-enriched-full	true	00a616e0	FUN_00a616e0	undefined FUN_00a616e0()	0	0	unknown	true		5	759	49	18	1621
urn:ure:t6:occ:function:current-client:00a61780	0x00a61780	xbuild-enriched-full	true	00a61780	FUN_00a61780	undefined FUN_00a61780()	0	0	unknown	true		4	587	40	14	1312
urn:ure:t6:occ:function:current-client:00a61800	0x00a61800	xbuild-enriched-full	true	00a61800	FUN_00a61800	undefined FUN_00a61800()	0	0	unknown	true		4	587	40	14	1312
urn:ure:t6:occ:function:current-client:00a61880	0x00a61880	xbuild-enriched-full	true	00a61880	FUN_00a61880	undefined FUN_00a61880()	0	0	unknown	true		4	605	50	14	1543
urn:ure:t6:occ:function:current-client:00a61910	0x00a61910	xbuild-enriched-full	true	00a61910	FUN_00a61910	undefined FUN_00a61910()	0	0	unknown	true		3	415	29	10	984
urn:ure:t6:occ:function:current-client:00a61970	0x00a61970	xbuild-enriched-full	true	00a61970	FUN_00a61970	undefined FUN_00a61970()	0	0	unknown	true		4	612	41	14	1350
urn:ure:t6:occ:function:current-client:00a619f0	0x00a619f0	xbuild-enriched-full	true	00a619f0	FUN_00a619f0	undefined FUN_00a619f0()	0	0	unknown	true		0	65	4	1	240
urn:ure:t6:occ:function:current-client:00a61a00	0x00a61a00	xbuild-enriched-full	true	00a61a00	FUN_00a61a00	undefined FUN_00a61a00()	0	0	unknown	true		5	759	49	18	1621
urn:ure:t6:occ:function:current-client:00a61aa0	0x00a61aa0	xbuild-enriched-full	true	00a61aa0	FUN_00a61aa0	undefined FUN_00a61aa0()	0	0	unknown	true		3	465	35	10	1152
urn:ure:t6:occ:function:current-client:00a61b10	0x00a61b10	xbuild-enriched-full	true	00a61b10	FUN_00a61b10	undefined FUN_00a61b10()	0	0	unknown	true		8	1359	92	25	2909
urn:ure:t6:occ:function:current-client:00a61c10	0x00a61c10	xbuild-enriched-full	true	00a61c10	FUN_00a61c10	undefined FUN_00a61c10()	0	0	unknown	true		34	2867	251	55	7921
urn:ure:t6:occ:function:current-client:00a61eb0	0x00a61eb0	xbuild-enriched-full	true	00a61eb0	FUN_00a61eb0	undefined FUN_00a61eb0()	0	0	unknown	true		5	1150	47	14	1482
urn:ure:t6:occ:function:current-client:00a61f20	0x00a61f20	xbuild-enriched-full	true	00a61f20	FUN_00a61f20	undefined FUN_00a61f20()	0	0	unknown	true		5	1074	55	15	1720
urn:ure:t6:occ:function:current-client:00a61fb0	0x00a61fb0	xbuild-enriched-full	true	00a61fb0	FUN_00a61fb0	undefined FUN_00a61fb0()	0	0	unknown	true		2	253	20	5	695
urn:ure:t6:occ:function:current-client:00a61ff0	0x00a61ff0	xbuild-enriched-full	true	00a61ff0	FUN_00a61ff0	undefined FUN_00a61ff0()	0	0	unknown	true		2	261	16	4	584
urn:ure:t6:occ:function:current-client:00a62020	0x00a62020	xbuild-enriched-full	true	00a62020	FUN_00a62020	undefined FUN_00a62020()	0	0	unknown	true		55	6721	407	82	13162
urn:ure:t6:occ:function:current-client:00a62470	0x00a62470	xbuild-enriched-full	true	00a62470	FUN_00a62470	undefined FUN_00a62470()	0	0	unknown	true		13	2085	120	19	4321
urn:ure:t6:occ:function:current-client:00a625d0	0x00a625d0	xbuild-enriched-full	true	00a625d0	FUN_00a625d0	undefined FUN_00a625d0()	0	0	unknown	true		6	450	84	8	2871
urn:ure:t6:occ:function:current-client:00a62690	0x00a62690	xbuild-enriched-full	true	00a62690	FUN_00a62690	undefined FUN_00a62690()	0	0	unknown	true		12	2477	123	1	4862
urn:ure:t6:occ:function:current-client:00a627e0	0x00a627e0	xbuild-enriched-full	true	00a627e0	FUN_00a627e0	undefined FUN_00a627e0()	0	0	unknown	true		32	2874	300	8	10118
urn:ure:t6:occ:function:current-client:00a62b20	0x00a62b20	xbuild-enriched-full	true	00a62b20	FUN_00a62b20	undefined FUN_00a62b20()	0	0	unknown	true		3	449	24	5	1077
urn:ure:t6:occ:function:current-client:00a62b90	0x00a62b90	xbuild-enriched-full	true	00a62b90	FUN_00a62b90	undefined FUN_00a62b90()	0	0	unknown	true		9	1801	83	21	2777
urn:ure:t6:occ:function:current-client:00a62c80	0x00a62c80	xbuild-enriched-full	true	00a62c80	FUN_00a62c80	undefined FUN_00a62c80()	0	0	unknown	true		12	2455	138	16	5549
urn:ure:t6:occ:function:current-client:00a62e40	0x00a62e40	xbuild-enriched-full	true	00a62e40	FUN_00a62e40	undefined FUN_00a62e40()	0	0	unknown	true		6	978	69	13	2203
urn:ure:t6:occ:function:current-client:00a62f00	0x00a62f00	xbuild-enriched-full	true	00a62f00	FUN_00a62f00	undefined FUN_00a62f00()	0	0	unknown	true		7	1191	66	19	2258
urn:ure:t6:occ:function:current-client:00a62fc0	0x00a62fc0	xbuild-enriched-full	true	00a62fc0	FUN_00a62fc0	undefined FUN_00a62fc0()	0	0	unknown	true		5	1154	47	14	1482
urn:ure:t6:occ:function:current-client:00a63030	0x00a63030	xbuild-enriched-full	true	00a63030	FUN_00a63030	undefined FUN_00a63030()	0	0	unknown	true		5	1052	44	14	1442
urn:ure:t6:occ:function:current-client:00a630b0	0x00a630b0	xbuild-enriched-full	true	00a630b0	FUN_00a630b0	undefined FUN_00a630b0()	0	0	unknown	true		15	2534	148	13	5351
urn:ure:t6:occ:function:current-client:00a63290	0x00a63290	xbuild-enriched-full	true	00a63290	FUN_00a63290	undefined FUN_00a63290()	0	0	unknown	true		15	2537	148	13	5379
urn:ure:t6:occ:function:current-client:00a63480	0x00a63480	xbuild-enriched-full	true	00a63480	FUN_00a63480	undefined FUN_00a63480()	0	0	unknown	true		2	317	25	6	841
urn:ure:t6:occ:function:current-client:00a634d0	0x00a634d0	xbuild-enriched-full	true	00a634d0	FUN_00a634d0	undefined FUN_00a634d0()	0	0	unknown	true		19	3301	199	30	6426
urn:ure:t6:occ:function:current-client:00a636f0	0x00a636f0	xbuild-enriched-full	true	00a636f0	FUN_00a636f0	undefined FUN_00a636f0()	0	0	unknown	true		11	1726	111	21	3530
urn:ure:t6:occ:function:current-client:00a63830	0x00a63830	xbuild-enriched-full	true	00a63830	FUN_00a63830	undefined FUN_00a63830()	0	0	unknown	true		3	379	29	7	996
urn:ure:t6:occ:function:current-client:00a63880	0x00a63880	xbuild-enriched-full	true	00a63880	FUN_00a63880	undefined FUN_00a63880()	0	0	unknown	true		12	2133	124	28	3897
urn:ure:t6:occ:function:current-client:00a639c0	0x00a639c0	xbuild-enriched-full	true	00a639c0	FUN_00a639c0	undefined FUN_00a639c0()	0	0	unknown	true		16	2453	157	31	5127
urn:ure:t6:occ:function:current-client:00a63b70	0x00a63b70	xbuild-enriched-full	true	00a63b70	FUN_00a63b70	undefined FUN_00a63b70()	0	0	unknown	true		13	2107	129	21	4426
urn:ure:t6:occ:function:current-client:00a63ce0	0x00a63ce0	xbuild-enriched-full	true	00a63ce0	FUN_00a63ce0	undefined FUN_00a63ce0()	0	0	unknown	true		14	2432	155	41	5073
urn:ure:t6:occ:function:current-client:00a63e90	0x00a63e90	xbuild-enriched-full	true	00a63e90	FUN_00a63e90	undefined FUN_00a63e90()	0	0	unknown	true		4	629	39	11	1307
urn:ure:t6:occ:function:current-client:00a63f00	0x00a63f00	xbuild-enriched-full	true	00a63f00	FUN_00a63f00	undefined FUN_00a63f00()	0	0	unknown	true		15	2363	158	41	5116
urn:ure:t6:occ:function:current-client:00a640b0	0x00a640b0	xbuild-enriched-full	true	00a640b0	FUN_00a640b0	undefined FUN_00a640b0()	0	0	unknown	true		10	1913	98	25	3037
urn:ure:t6:occ:function:current-client:00a641b0	0x00a641b0	xbuild-enriched-full	true	00a641b0	FUN_00a641b0	undefined FUN_00a641b0()	0	0	unknown	true		2	299	14	4	657
urn:ure:t6:occ:function:current-client:00a641f0	0x00a641f0	xbuild-enriched-full	true	00a641f0	FUN_00a641f0	undefined FUN_00a641f0()	0	0	unknown	true		40	6864	416	58	15478
urn:ure:t6:occ:function:current-client:00a64720	0x00a64720	xbuild-enriched-full	true	00a64720	FUN_00a64720	undefined FUN_00a64720()	0	0	unknown	true		41	6070	364	78	14432
urn:ure:t6:occ:function:current-client:00a64c50	0x00a64c50	xbuild-enriched-full	true	00a64c50	FUN_00a64c50	undefined FUN_00a64c50()	0	0	unknown	true		47	6465	416	78	16758
urn:ure:t6:occ:function:current-client:00a65250	0x00a65250	xbuild-enriched-full	true	00a65250	FUN_00a65250	undefined FUN_00a65250()	0	0	unknown	true		13	2049	121	25	3919
urn:ure:t6:occ:function:current-client:00a653c0	0x00a653c0	xbuild-enriched-full	true	00a653c0	FUN_00a653c0	undefined FUN_00a653c0()	0	0	unknown	true		3	444	37	7	1158
urn:ure:t6:occ:function:current-client:00a65420	0x00a65420	xbuild-enriched-full	true	00a65420	FUN_00a65420	undefined FUN_00a65420()	0	0	unknown	true		20	2135	206	38	6739
urn:ure:t6:occ:function:current-client:00a65650	0x00a65650	xbuild-enriched-full	true	00a65650	FUN_00a65650	undefined FUN_00a65650()	0	0	unknown	true		20	2351	201	38	6414
urn:ure:t6:occ:function:current-client:00a65860	0x00a65860	xbuild-enriched-full	true	00a65860	FUN_00a65860	undefined FUN_00a65860()	0	0	unknown	true		2	136	13	1	511
urn:ure:t6:occ:function:current-client:00a65880	0x00a65880	xbuild-enriched-full	true	00a65880	FUN_00a65880	undefined FUN_00a65880()	0	0	unknown	true		4	553	39	10	1230
urn:ure:t6:occ:function:current-client:00a658e0	0x00a658e0	xbuild-enriched-full	true	00a658e0	FUN_00a658e0	undefined FUN_00a658e0()	0	0	unknown	true		17	1851	155	7	5137
urn:ure:t6:occ:function:current-client:00a65ae0	0x00a65ae0	xbuild-enriched-full	true	00a65ae0	FUN_00a65ae0	undefined FUN_00a65ae0()	0	0	unknown	true		21	3691	163	49	6532
urn:ure:t6:occ:function:current-client:00a65d60	0x00a65d60	xbuild-enriched-full	true	00a65d60	FUN_00a65d60	undefined FUN_00a65d60()	0	0	unknown	true		10	1169	86	13	2930
urn:ure:t6:occ:function:current-client:00a65e60	0x00a65e60	xbuild-enriched-full	true	00a65e60	FUN_00a65e60	undefined FUN_00a65e60()	0	0	unknown	true		9	1169	86	13	2947
urn:ure:t6:occ:function:current-client:00a65f60	0x00a65f60	xbuild-enriched-full	true	00a65f60	FUN_00a65f60	undefined FUN_00a65f60()	0	0	unknown	true		9	1223	94	15	3205
urn:ure:t6:occ:function:current-client:00a66080	0x00a66080	xbuild-enriched-full	true	00a66080	FUN_00a66080	undefined FUN_00a66080()	0	0	unknown	true		10	1223	94	15	3224
urn:ure:t6:occ:function:current-client:00a661a0	0x00a661a0	xbuild-enriched-full	true	00a661a0	FUN_00a661a0	undefined FUN_00a661a0()	0	0	unknown	true		2	278	22	5	756
urn:ure:t6:occ:function:current-client:00a661e0	0x00a661e0	xbuild-enriched-full	true	00a661e0	FUN_00a661e0	undefined FUN_00a661e0()	0	0	unknown	true		2	284	22	5	758
urn:ure:t6:occ:function:current-client:00a66220	0x00a66220	xbuild-enriched-full	true	00a66220	FUN_00a66220	undefined FUN_00a66220()	0	0	unknown	true		26	4911	204	67	8585
urn:ure:t6:occ:function:current-client:00a66530	0x00a66530	xbuild-enriched-full	true	00a66530	FUN_00a66530	undefined FUN_00a66530()	0	0	unknown	true		5	561	52	13	1582
urn:ure:t6:occ:function:current-client:00a665c0	0x00a665c0	xbuild-enriched-full	true	00a665c0	FUN_00a665c0	undefined FUN_00a665c0()	0	0	unknown	true		6	704	75	17	2326
urn:ure:t6:occ:function:current-client:00a666a0	0x00a666a0	xbuild-enriched-full	true	00a666a0	FUN_00a666a0	undefined FUN_00a666a0()	0	0	unknown	true		10	1574	102	22	3248
urn:ure:t6:occ:function:current-client:00a667d0	0x00a667d0	xbuild-enriched-full	true	00a667d0	FUN_00a667d0	undefined FUN_00a667d0()	0	0	unknown	true		7	1323	68	14	2308
urn:ure:t6:occ:function:current-client:00a668a0	0x00a668a0	xbuild-enriched-full	true	00a668a0	FUN_00a668a0	undefined FUN_00a668a0()	0	0	unknown	true		2	358	22	6	801
urn:ure:t6:occ:function:current-client:00a668e0	0x00a668e0	xbuild-enriched-full	true	00a668e0	FUN_00a668e0	undefined FUN_00a668e0()	0	0	unknown	true		2	336	16	3	608
urn:ure:t6:occ:function:current-client:00a66910	0x00a66910	xbuild-enriched-full	true	00a66910	FUN_00a66910	undefined FUN_00a66910()	0	0	unknown	true		4	754	46	7	1399
urn:ure:t6:occ:function:current-client:00a66970	0x00a66970	xbuild-enriched-full	true	00a66970	FUN_00a66970	undefined FUN_00a66970()	0	0	unknown	true		2	325	18	3	654
urn:ure:t6:occ:function:current-client:00a669a0	0x00a669a0	xbuild-enriched-full	true	00a669a0	FUN_00a669a0	undefined FUN_00a669a0()	0	0	unknown	true		53	6193	443	128	14601
urn:ure:t6:occ:function:current-client:00a66ed0	0x00a66ed0	xbuild-enriched-full	true	00a66ed0	FUN_00a66ed0	undefined FUN_00a66ed0()	0	0	unknown	true		9	1226	89	16	2750
urn:ure:t6:occ:function:current-client:00a66fb0	0x00a66fb0	xbuild-enriched-full	true	00a66fb0	FUN_00a66fb0	undefined FUN_00a66fb0()	0	0	unknown	true		36	4717	304	70	10449
urn:ure:t6:occ:function:current-client:00a67350	0x00a67350	xbuild-enriched-full	true	00a67350	FUN_00a67350	undefined FUN_00a67350()	0	0	unknown	true		2	154	14	3	540
urn:ure:t6:occ:function:current-client:00a67380	0x00a67380	xbuild-enriched-full	true	00a67380	FUN_00a67380	undefined FUN_00a67380()	0	0	unknown	true		9	1457	98	15	3075
urn:ure:t6:occ:function:current-client:00a67470	0x00a67470	xbuild-enriched-full	true	00a67470	FUN_00a67470	undefined FUN_00a67470()	0	0	unknown	true		26	2837	226	53	7318
urn:ure:t6:occ:function:current-client:00a676d0	0x00a676d0	xbuild-enriched-full	true	00a676d0	FUN_00a676d0	undefined FUN_00a676d0()	0	0	unknown	true		37	3260	343	63	11000
urn:ure:t6:occ:function:current-client:00a67a60	0x00a67a60	xbuild-enriched-full	true	00a67a60	FUN_00a67a60	undefined FUN_00a67a60()	0	0	unknown	true		18	2030	166	37	5140
urn:ure:t6:occ:function:current-client:00a67c10	0x00a67c10	xbuild-enriched-full	true	00a67c10	FUN_00a67c10	undefined FUN_00a67c10()	0	0	unknown	true		65	5661	536	126	17069
urn:ure:t6:occ:function:current-client:00a681d0	0x00a681d0	xbuild-enriched-full	true	00a681d0	FUN_00a681d0	undefined FUN_00a681d0()	0	0	unknown	true		139	8335	806	183	25786
urn:ure:t6:occ:function:current-client:00a68a80	0x00a68a80	xbuild-enriched-full	true	00a68a80	FUN_00a68a80	undefined FUN_00a68a80()	0	0	unknown	true		95	11993	512	117	17074
urn:ure:t6:occ:function:current-client:00a69020	0x00a69020	xbuild-enriched-full	true	00a69020	FUN_00a69020	undefined FUN_00a69020()	0	0	unknown	true		18	1936	109	27	3568
urn:ure:t6:occ:function:current-client:00a69180	0x00a69180	xbuild-enriched-full	true	00a69180	FUN_00a69180	undefined FUN_00a69180()	0	0	unknown	true		3	373	25	5	879
urn:ure:t6:occ:function:current-client:00a691c0	0x00a691c0	xbuild-enriched-full	true	00a691c0	FUN_00a691c0	undefined FUN_00a691c0()	0	0	unknown	true		25	2558	239	48	7743
urn:ure:t6:occ:function:current-client:00a69440	0x00a69440	xbuild-enriched-full	true	00a69440	FUN_00a69440	undefined FUN_00a69440()	0	0	unknown	true		4	652	43	10	1462
urn:ure:t6:occ:function:current-client:00a694b0	0x00a694b0	xbuild-enriched-full	true	00a694b0	FUN_00a694b0	undefined FUN_00a694b0()	0	0	unknown	true		2	154	14	3	552
urn:ure:t6:occ:function:current-client:00a694e0	0x00a694e0	xbuild-enriched-full	true	00a694e0	FUN_00a694e0	undefined FUN_00a694e0()	0	0	unknown	true		2	405	21	6	735
urn:ure:t6:occ:function:current-client:00a69520	0x00a69520	xbuild-enriched-full	true	00a69520	FUN_00a69520	undefined FUN_00a69520()	0	0	unknown	true		6	678	49	9	1576
urn:ure:t6:occ:function:current-client:00a695a0	0x00a695a0	xbuild-enriched-full	true	00a695a0	FUN_00a695a0	undefined FUN_00a695a0()	0	0	unknown	true		2	232	20	5	698
urn:ure:t6:occ:function:current-client:00a695e0	0x00a695e0	xbuild-enriched-full	true	00a695e0	FUN_00a695e0	undefined FUN_00a695e0()	0	0	unknown	true		3	266	27	5	837
urn:ure:t6:occ:function:current-client:00a69620	0x00a69620	xbuild-enriched-full	true	00a69620	FUN_00a69620	undefined FUN_00a69620()	0	0	unknown	true		2	183	20	3	701
urn:ure:t6:occ:function:current-client:00a69650	0x00a69650	xbuild-enriched-full	true	00a69650	FUN_00a69650	undefined FUN_00a69650()	0	0	unknown	true		2	153	15	3	574
urn:ure:t6:occ:function:current-client:00a69680	0x00a69680	xbuild-enriched-full	true	00a69680	FUN_00a69680	undefined FUN_00a69680()	0	0	unknown	true		2	292	22	6	750
urn:ure:t6:occ:function:current-client:00a696c0	0x00a696c0	xbuild-enriched-full	true	00a696c0	FUN_00a696c0	undefined FUN_00a696c0()	0	0	unknown	true		37	4545	351	76	11069
urn:ure:t6:occ:function:current-client:00a69aa0	0x00a69aa0	xbuild-enriched-full	true	00a69aa0	FUN_00a69aa0	undefined FUN_00a69aa0()	0	0	unknown	true		19	2364	160	55	4767
urn:ure:t6:occ:function:current-client:00a69c70	0x00a69c70	xbuild-enriched-full	true	00a69c70	FUN_00a69c70	undefined FUN_00a69c70()	0	0	unknown	true		3	379	27	12	835
urn:ure:t6:occ:function:current-client:00a69cf0	0x00a69cf0	xbuild-enriched-full	true	00a69cf0	FUN_00a69cf0	undefined FUN_00a69cf0()	0	0	unknown	true		24	3824	205	59	7192
urn:ure:t6:occ:function:current-client:00a69f70	0x00a69f70	xbuild-enriched-full	true	00a69f70	FUN_00a69f70	undefined FUN_00a69f70()	0	0	unknown	true		2	144	21	2	686
urn:ure:t6:occ:function:current-client:00a69fb0	0x00a69fb0	xbuild-enriched-full	true	00a69fb0	FUN_00a69fb0	undefined FUN_00a69fb0()	0	0	unknown	true		8	1175	86	18	2580
urn:ure:t6:occ:function:current-client:00a6a090	0x00a6a090	xbuild-enriched-full	true	00a6a090	FUN_00a6a090	undefined FUN_00a6a090()	0	0	unknown	true		17	2487	151	33	4690
urn:ure:t6:occ:function:current-client:00a6a220	0x00a6a220	xbuild-enriched-full	true	00a6a220	FUN_00a6a220	undefined FUN_00a6a220()	0	0	unknown	true		2	271	16	5	623
urn:ure:t6:occ:function:current-client:00a6a250	0x00a6a250	xbuild-enriched-full	true	00a6a250	FUN_00a6a250	undefined FUN_00a6a250()	0	0	unknown	true		2	271	16	5	623
urn:ure:t6:occ:function:current-client:00a6a280	0x00a6a280	xbuild-enriched-full	true	00a6a280	FUN_00a6a280	undefined FUN_00a6a280()	0	0	unknown	true		7	1113	81	18	2348
urn:ure:t6:occ:function:current-client:00a6a350	0x00a6a350	xbuild-enriched-full	true	00a6a350	FUN_00a6a350	undefined FUN_00a6a350()	0	0	unknown	true		11	1784	112	26	3327
urn:ure:t6:occ:function:current-client:00a6a460	0x00a6a460	xbuild-enriched-full	true	00a6a460	FUN_00a6a460	undefined FUN_00a6a460()	0	0	unknown	true		2	271	16	5	623
urn:ure:t6:occ:function:current-client:00a6a490	0x00a6a490	xbuild-enriched-full	true	00a6a490	FUN_00a6a490	undefined FUN_00a6a490()	0	0	unknown	true		2	271	16	5	623
urn:ure:t6:occ:function:current-client:00a6a4c0	0x00a6a4c0	xbuild-enriched-full	true	00a6a4c0	FUN_00a6a4c0	undefined FUN_00a6a4c0()	0	0	unknown	true		7	1075	81	18	2348
urn:ure:t6:occ:function:current-client:00a6a590	0x00a6a590	xbuild-enriched-full	true	00a6a590	FUN_00a6a590	undefined FUN_00a6a590()	0	0	unknown	true		11	1727	112	26	3327
urn:ure:t6:occ:function:current-client:00a6a6a0	0x00a6a6a0	xbuild-enriched-full	true	00a6a6a0	FUN_00a6a6a0	undefined FUN_00a6a6a0()	0	0	unknown	true		1	159	12	2	455
urn:ure:t6:occ:function:current-client:00a6a6c0	0x00a6a6c0	xbuild-enriched-full	true	00a6a6c0	FUN_00a6a6c0	undefined FUN_00a6a6c0()	0	0	unknown	true		10	1355	116	19	3529
urn:ure:t6:occ:function:current-client:00a6a7e0	0x00a6a7e0	xbuild-enriched-full	true	00a6a7e0	FUN_00a6a7e0	undefined FUN_00a6a7e0()	0	0	unknown	true		13	2254	131	29	3936
urn:ure:t6:occ:function:current-client:00a6a930	0x00a6a930	xbuild-enriched-full	true	00a6a930	FUN_00a6a930	undefined FUN_00a6a930()	0	0	unknown	true		4	576	48	9	1448
urn:ure:t6:occ:function:current-client:00a6a9a0	0x00a6a9a0	xbuild-enriched-full	true	00a6a9a0	FUN_00a6a9a0	undefined FUN_00a6a9a0()	0	0	unknown	true		9	1730	96	24	2941
urn:ure:t6:occ:function:current-client:00a6aa90	0x00a6aa90	xbuild-enriched-full	true	00a6aa90	FUN_00a6aa90	undefined FUN_00a6aa90()	0	0	unknown	true		4	555	45	7	1392
urn:ure:t6:occ:function:current-client:00a6ab00	0x00a6ab00	xbuild-enriched-full	true	00a6ab00	FUN_00a6ab00	undefined FUN_00a6ab00()	0	0	unknown	true		11	1784	117	27	3545
urn:ure:t6:occ:function:current-client:00a6ac30	0x00a6ac30	xbuild-enriched-full	true	00a6ac30	FUN_00a6ac30	undefined FUN_00a6ac30()	0	0	unknown	true		5	616	39	8	1255
urn:ure:t6:occ:function:current-client:00a6aca0	0x00a6aca0	xbuild-enriched-full	true	00a6aca0	FUN_00a6aca0	undefined FUN_00a6aca0()	0	0	unknown	true		6	921	52	13	1630
urn:ure:t6:occ:function:current-client:00a6ad20	0x00a6ad20	xbuild-enriched-full	true	00a6ad20	FUN_00a6ad20	undefined FUN_00a6ad20()	0	0	unknown	true		11	1398	92	27	2832
urn:ure:t6:occ:function:current-client:00a6ae20	0x00a6ae20	xbuild-enriched-full	true	00a6ae20	FUN_00a6ae20	undefined FUN_00a6ae20()	0	0	unknown	true		15	1887	130	31	3942
urn:ure:t6:occ:function:current-client:00a6af70	0x00a6af70	xbuild-enriched-full	true	00a6af70	FUN_00a6af70	undefined FUN_00a6af70()	0	0	unknown	true		2	298	16	4	592
urn:ure:t6:occ:function:current-client:00a6afa0	0x00a6afa0	xbuild-enriched-full	true	00a6afa0	FUN_00a6afa0	undefined FUN_00a6afa0()	0	0	unknown	true		5	716	45	13	1442
urn:ure:t6:occ:function:current-client:00a6b010	0x00a6b010	xbuild-enriched-full	true	00a6b010	FUN_00a6b010	undefined FUN_00a6b010()	0	0	unknown	true		16	2122	150	34	4782
urn:ure:t6:occ:function:current-client:00a6b1a0	0x00a6b1a0	xbuild-enriched-full	true	00a6b1a0	FUN_00a6b1a0	undefined FUN_00a6b1a0()	0	0	unknown	true		11	1402	117	22	3521
urn:ure:t6:occ:function:current-client:00a6b2c0	0x00a6b2c0	xbuild-enriched-full	true	00a6b2c0	FUN_00a6b2c0	undefined FUN_00a6b2c0()	0	0	unknown	true		42	5714	392	117	12724
urn:ure:t6:occ:function:current-client:00a6b750	0x00a6b750	xbuild-enriched-full	true	00a6b750	FUN_00a6b750	undefined FUN_00a6b750()	0	0	unknown	true		4	630	36	10	1196
urn:ure:t6:occ:function:current-client:00a6b7b0	0x00a6b7b0	xbuild-enriched-full	true	00a6b7b0	FUN_00a6b7b0	undefined FUN_00a6b7b0()	0	0	unknown	true		9	1513	110	21	3401
urn:ure:t6:occ:function:current-client:00a6b8a0	0x00a6b8a0	xbuild-enriched-full	true	00a6b8a0	FUN_00a6b8a0	undefined FUN_00a6b8a0()	0	0	unknown	true		16	2332	165	26	5132
urn:ure:t6:occ:function:current-client:00a6ba30	0x00a6ba30	xbuild-enriched-full	true	00a6ba30	FUN_00a6ba30	undefined FUN_00a6ba30()	0	0	unknown	true		3	452	30	15	904
urn:ure:t6:occ:function:current-client:00a6bad0	0x00a6bad0	xbuild-enriched-full	true	00a6bad0	FUN_00a6bad0	undefined FUN_00a6bad0()	0	0	unknown	true		2	319	21	3	757
urn:ure:t6:occ:function:current-client:00a6bb00	0x00a6bb00	xbuild-enriched-full	true	00a6bb00	FUN_00a6bb00	undefined FUN_00a6bb00()	0	0	unknown	true		7	948	63	9	1936
urn:ure:t6:occ:function:current-client:00a6bb90	0x00a6bb90	xbuild-enriched-full	true	00a6bb90	FUN_00a6bb90	undefined FUN_00a6bb90()	0	0	unknown	true		27	3516	252	51	8532
urn:ure:t6:occ:function:current-client:00a6bea0	0x00a6bea0	xbuild-enriched-full	true	00a6bea0	FUN_00a6bea0	undefined FUN_00a6bea0()	0	0	unknown	true		26	3424	184	45	6398
urn:ure:t6:occ:function:current-client:00a6c0f0	0x00a6c0f0	xbuild-enriched-full	true	00a6c0f0	FUN_00a6c0f0	undefined FUN_00a6c0f0()	0	0	unknown	true		12	2032	114	26	3809
urn:ure:t6:occ:function:current-client:00a6c230	0x00a6c230	xbuild-enriched-full	true	00a6c230	FUN_00a6c230	undefined FUN_00a6c230()	0	0	unknown	true		12	1975	114	26	3809
urn:ure:t6:occ:function:current-client:00a6c370	0x00a6c370	xbuild-enriched-full	true	00a6c370	FUN_00a6c370	undefined FUN_00a6c370()	0	0	unknown	true		19	3126	199	33	6728
urn:ure:t6:occ:function:current-client:00a6c590	0x00a6c590	xbuild-enriched-full	true	00a6c590	FUN_00a6c590	undefined FUN_00a6c590()	0	0	unknown	true		10	1802	106	25	3418
urn:ure:t6:occ:function:current-client:00a6c6b0	0x00a6c6b0	xbuild-enriched-full	true	00a6c6b0	FUN_00a6c6b0	undefined FUN_00a6c6b0()	0	0	unknown	true		12	1951	119	24	3859
urn:ure:t6:occ:function:current-client:00a6c800	0x00a6c800	xbuild-enriched-full	true	00a6c800	FUN_00a6c800	undefined FUN_00a6c800()	0	0	unknown	true		10	1529	93	20	2820
urn:ure:t6:occ:function:current-client:00a6c8f0	0x00a6c8f0	xbuild-enriched-full	true	00a6c8f0	FUN_00a6c8f0	undefined FUN_00a6c8f0()	0	0	unknown	true		32	3760	253	61	7974
urn:ure:t6:occ:function:current-client:00a6cbb0	0x00a6cbb0	xbuild-enriched-full	true	00a6cbb0	FUN_00a6cbb0	undefined FUN_00a6cbb0()	0	0	unknown	true		4	671	38	9	1250
urn:ure:t6:occ:function:current-client:00a6cc20	0x00a6cc20	xbuild-enriched-full	true	00a6cc20	FUN_00a6cc20	undefined FUN_00a6cc20()	0	0	unknown	true		2	356	24	3	940
urn:ure:t6:occ:function:current-client:00a6cc70	0x00a6cc70	xbuild-enriched-full	true	00a6cc70	FUN_00a6cc70	undefined FUN_00a6cc70()	0	0	unknown	true		3	378	25	4	1006
urn:ure:t6:occ:function:current-client:00a6ccc0	0x00a6ccc0	xbuild-enriched-full	true	00a6ccc0	FUN_00a6ccc0	undefined FUN_00a6ccc0()	0	0	unknown	true		3	287	31	4	1003
urn:ure:t6:occ:function:current-client:00a6cd00	0x00a6cd00	xbuild-enriched-full	true	00a6cd00	FUN_00a6cd00	undefined FUN_00a6cd00()	0	0	unknown	true		5	762	47	8	1589
urn:ure:t6:occ:function:current-client:00a6cd70	0x00a6cd70	xbuild-enriched-full	true	00a6cd70	FUN_00a6cd70	undefined FUN_00a6cd70()	0	0	unknown	true		4	423	36	5	1119
urn:ure:t6:occ:function:current-client:00a6cdc0	0x00a6cdc0	xbuild-enriched-full	true	00a6cdc0	FUN_00a6cdc0	undefined FUN_00a6cdc0()	0	0	unknown	true		3	467	24	4	857
urn:ure:t6:occ:function:current-client:00a6ce00	0x00a6ce00	xbuild-enriched-full	true	00a6ce00	FUN_00a6ce00	undefined FUN_00a6ce00()	0	0	unknown	true		2	324	27	4	902
urn:ure:t6:occ:function:current-client:00a6ce40	0x00a6ce40	xbuild-enriched-full	true	00a6ce40	FUN_00a6ce40	undefined FUN_00a6ce40()	0	0	unknown	true		2	222	21	3	761
urn:ure:t6:occ:function:current-client:00a6ce70	0x00a6ce70	xbuild-enriched-full	true	00a6ce70	FUN_00a6ce70	undefined FUN_00a6ce70()	0	0	unknown	true		2	303	22	4	816
urn:ure:t6:occ:function:current-client:00a6ceb0	0x00a6ceb0	xbuild-enriched-full	true	00a6ceb0	FUN_00a6ceb0	undefined FUN_00a6ceb0()	0	0	unknown	true		4	596	39	8	1303
urn:ure:t6:occ:function:current-client:00a6cf20	0x00a6cf20	xbuild-enriched-full	true	00a6cf20	FUN_00a6cf20	undefined FUN_00a6cf20()	0	0	unknown	true		4	345	41	3	1319
urn:ure:t6:occ:function:current-client:00a6cf80	0x00a6cf80	xbuild-enriched-full	true	00a6cf80	FUN_00a6cf80	undefined FUN_00a6cf80()	0	0	unknown	true		9	1412	91	24	2925
urn:ure:t6:occ:function:current-client:00a6d070	0x00a6d070	xbuild-enriched-full	true	00a6d070	FUN_00a6d070	undefined FUN_00a6d070()	0	0	unknown	true		8	1080	93	13	2901
urn:ure:t6:occ:function:current-client:00a6d150	0x00a6d150	xbuild-enriched-full	true	00a6d150	FUN_00a6d150	undefined FUN_00a6d150()	0	0	unknown	true		2	179	16	1	559
urn:ure:t6:occ:function:current-client:00a6d180	0x00a6d180	xbuild-enriched-full	true	00a6d180	FUN_00a6d180	undefined FUN_00a6d180()	0	0	unknown	true		5	569	60	9	1818
urn:ure:t6:occ:function:current-client:00a6d200	0x00a6d200	xbuild-enriched-full	true	00a6d200	FUN_00a6d200	undefined FUN_00a6d200()	0	0	unknown	true		5	533	45	9	1414
urn:ure:t6:occ:function:current-client:00a6d270	0x00a6d270	xbuild-enriched-full	true	00a6d270	FUN_00a6d270	undefined FUN_00a6d270()	0	0	unknown	true		7	528	53	6	1623
urn:ure:t6:occ:function:current-client:00a6d2e0	0x00a6d2e0	xbuild-enriched-full	true	00a6d2e0	FUN_00a6d2e0	undefined FUN_00a6d2e0()	0	0	unknown	true		10	1540	106	15	3489
urn:ure:t6:occ:function:current-client:00a6d3f0	0x00a6d3f0	xbuild-enriched-full	true	00a6d3f0	FUN_00a6d3f0	undefined FUN_00a6d3f0()	0	0	unknown	true		4	512	53	6	1580
urn:ure:t6:occ:function:current-client:00a6d460	0x00a6d460	xbuild-enriched-full	true	00a6d460	FUN_00a6d460	undefined FUN_00a6d460()	0	0	unknown	true		10	1447	101	15	3316
urn:ure:t6:occ:function:current-client:00a6d560	0x00a6d560	xbuild-enriched-full	true	00a6d560	FUN_00a6d560	undefined FUN_00a6d560()	0	0	unknown	true		8	1021	92	14	2759
urn:ure:t6:occ:function:current-client:00a6d630	0x00a6d630	xbuild-enriched-full	true	00a6d630	FUN_00a6d630	undefined FUN_00a6d630()	0	0	unknown	true		8	1146	77	8	2581
urn:ure:t6:occ:function:current-client:00a6d6f0	0x00a6d6f0	xbuild-enriched-full	true	00a6d6f0	FUN_00a6d6f0	undefined FUN_00a6d6f0()	0	0	unknown	true		4	634	50	10	1677
urn:ure:t6:occ:function:current-client:00a6d780	0x00a6d780	xbuild-enriched-full	true	00a6d780	FUN_00a6d780	undefined FUN_00a6d780()	0	0	unknown	true		59	6563	434	80	14365
urn:ure:t6:occ:function:current-client:00a6dc50	0x00a6dc50	xbuild-enriched-full	true	00a6dc50	FUN_00a6dc50	undefined FUN_00a6dc50()	0	0	unknown	true		7	963	64	7	2176
urn:ure:t6:occ:function:current-client:00a6dce0	0x00a6dce0	xbuild-enriched-full	true	00a6dce0	FUN_00a6dce0	undefined FUN_00a6dce0()	0	0	unknown	true		1	136	13	1	511
urn:ure:t6:occ:function:current-client:00a6dd00	0x00a6dd00	xbuild-enriched-full	true	00a6dd00	FUN_00a6dd00	undefined FUN_00a6dd00()	0	0	unknown	true		16	1897	187	36	5561
urn:ure:t6:occ:function:current-client:00a6ded0	0x00a6ded0	xbuild-enriched-full	true	00a6ded0	FUN_00a6ded0	undefined FUN_00a6ded0()	0	0	unknown	true		7	749	83	13	2511
urn:ure:t6:occ:function:current-client:00a6df90	0x00a6df90	xbuild-enriched-full	true	00a6df90	FUN_00a6df90	undefined FUN_00a6df90()	0	0	unknown	true		4	441	46	7	1434
urn:ure:t6:occ:function:current-client:00a6e000	0x00a6e000	xbuild-enriched-full	true	00a6e000	FUN_00a6e000	undefined FUN_00a6e000()	0	0	unknown	true		3	414	44	7	1366
urn:ure:t6:occ:function:current-client:00a6e070	0x00a6e070	xbuild-enriched-full	true	00a6e070	FUN_00a6e070	undefined FUN_00a6e070()	0	0	unknown	true		3	377	33	6	1130
urn:ure:t6:occ:function:current-client:00a6e0c0	0x00a6e0c0	xbuild-enriched-full	true	00a6e0c0	FUN_00a6e0c0	undefined FUN_00a6e0c0()	0	0	unknown	true		3	365	37	1	1224
urn:ure:t6:occ:function:current-client:00a6e120	0x00a6e120	xbuild-enriched-full	true	00a6e120	FUN_00a6e120	undefined FUN_00a6e120()	0	0	unknown	true		7	697	68	13	1956
urn:ure:t6:occ:function:current-client:00a6e1c0	0x00a6e1c0	xbuild-enriched-full	true	00a6e1c0	FUN_00a6e1c0	undefined FUN_00a6e1c0()	0	0	unknown	true		14	1907	127	19	4080
urn:ure:t6:occ:function:current-client:00a6e300	0x00a6e300	xbuild-enriched-full	true	00a6e300	FUN_00a6e300	undefined FUN_00a6e300()	0	0	unknown	true		13	1401	173	26	4836
urn:ure:t6:occ:function:current-client:00a6e470	0x00a6e470	xbuild-enriched-full	true	00a6e470	FUN_00a6e470	undefined FUN_00a6e470()	0	0	unknown	true		8	1048	91	19	2838
urn:ure:t6:occ:function:current-client:00a6e560	0x00a6e560	xbuild-enriched-full	true	00a6e560	FUN_00a6e560	undefined FUN_00a6e560()	0	0	unknown	true		4	726	45	6	1511
urn:ure:t6:occ:function:current-client:00a6e5d0	0x00a6e5d0	xbuild-enriched-full	true	00a6e5d0	FUN_00a6e5d0	undefined FUN_00a6e5d0()	0	0	unknown	true		2	325	19	4	772
urn:ure:t6:occ:function:current-client:00a6e600	0x00a6e600	xbuild-enriched-full	true	00a6e600	FUN_00a6e600	undefined FUN_00a6e600()	0	0	unknown	true		10	1263	97	15	3191
urn:ure:t6:occ:function:current-client:00a6e700	0x00a6e700	xbuild-enriched-full	true	00a6e700	FUN_00a6e700	undefined FUN_00a6e700()	0	0	unknown	true		2	332	17	2	712
urn:ure:t6:occ:function:current-client:00a6e740	0x00a6e740	xbuild-enriched-full	true	00a6e740	FUN_00a6e740	undefined FUN_00a6e740()	0	0	unknown	true		4	710	57	6	1686
urn:ure:t6:occ:function:current-client:00a6e7b0	0x00a6e7b0	xbuild-enriched-full	true	00a6e7b0	FUN_00a6e7b0	undefined FUN_00a6e7b0()	0	0	unknown	true		2	430	22	2	783
urn:ure:t6:occ:function:current-client:00a6e7e0	0x00a6e7e0	xbuild-enriched-full	true	00a6e7e0	FUN_00a6e7e0	undefined FUN_00a6e7e0()	0	0	unknown	true		2	325	23	4	761
urn:ure:t6:occ:function:current-client:00a6e820	0x00a6e820	xbuild-enriched-full	true	00a6e820	FUN_00a6e820	undefined FUN_00a6e820()	0	0	unknown	true		16	2025	166	29	5078
urn:ure:t6:occ:function:current-client:00a6e9a0	0x00a6e9a0	xbuild-enriched-full	true	00a6e9a0	FUN_00a6e9a0	undefined FUN_00a6e9a0()	0	0	unknown	true		2	182	17	3	601
urn:ure:t6:occ:function:current-client:00a6e9d0	0x00a6e9d0	xbuild-enriched-full	true	00a6e9d0	FUN_00a6e9d0	undefined FUN_00a6e9d0()	0	0	unknown	true		13	1366	153	23	4582
urn:ure:t6:occ:function:current-client:00a6eb40	0x00a6eb40	xbuild-enriched-full	true	00a6eb40	FUN_00a6eb40	undefined FUN_00a6eb40()	0	0	unknown	true		8	1477	78	9	2699
urn:ure:t6:occ:function:current-client:00a6ec00	0x00a6ec00	xbuild-enriched-full	true	00a6ec00	FUN_00a6ec00	undefined FUN_00a6ec00()	0	0	unknown	true		9	1634	95	12	3299
urn:ure:t6:occ:function:current-client:00a6ecf0	0x00a6ecf0	xbuild-enriched-full	true	00a6ecf0	FUN_00a6ecf0	undefined FUN_00a6ecf0()	0	0	unknown	true		12	2164	121	17	4087
urn:ure:t6:occ:function:current-client:00a6ee20	0x00a6ee20	xbuild-enriched-full	true	00a6ee20	FUN_00a6ee20	undefined FUN_00a6ee20()	0	0	unknown	true		12	2236	124	17	4679
urn:ure:t6:occ:function:current-client:00a6efb0	0x00a6efb0	xbuild-enriched-full	true	00a6efb0	FUN_00a6efb0	undefined FUN_00a6efb0()	0	0	unknown	true		26	4266	270	52	8649
urn:ure:t6:occ:function:current-client:00a6f280	0x00a6f280	xbuild-enriched-full	true	00a6f280	FUN_00a6f280	undefined FUN_00a6f280()	0	0	unknown	true		62	16527	707	125	21263
urn:ure:t6:occ:function:current-client:00a6fa30	0x00a6fa30	xbuild-enriched-full	true	00a6fa30	FUN_00a6fa30	undefined FUN_00a6fa30()	0	0	unknown	true		16	2401	134	15	4668
urn:ure:t6:occ:function:current-client:00a6fba0	0x00a6fba0	xbuild-enriched-full	true	00a6fba0	FUN_00a6fba0	undefined FUN_00a6fba0()	0	0	unknown	true		15	2566	142	19	5293
urn:ure:t6:occ:function:current-client:00a6fd70	0x00a6fd70	xbuild-enriched-full	true	00a6fd70	FUN_00a6fd70	undefined FUN_00a6fd70()	0	0	unknown	true		19	2960	218	43	6789
urn:ure:t6:occ:function:current-client:00a6ffb0	0x00a6ffb0	xbuild-enriched-full	true	00a6ffb0	FUN_00a6ffb0	undefined FUN_00a6ffb0()	0	0	unknown	true		42	11587	530	95	15686
urn:ure:t6:occ:function:current-client:00a70540	0x00a70540	xbuild-enriched-full	true	00a70540	FUN_00a70540	undefined FUN_00a70540()	0	0	unknown	true		2	435	32	0	1289
urn:ure:t6:occ:function:current-client:00a70590	0x00a70590	xbuild-enriched-full	true	00a70590	FUN_00a70590	undefined FUN_00a70590()	0	0	unknown	true		4	759	48	7	1512
urn:ure:t6:occ:function:current-client:00a70600	0x00a70600	xbuild-enriched-full	true	00a70600	FUN_00a70600	undefined FUN_00a70600()	0	0	unknown	true		5	948	54	7	1684
urn:ure:t6:occ:function:current-client:00a70670	0x00a70670	xbuild-enriched-full	true	00a70670	FUN_00a70670	undefined FUN_00a70670()	0	0	unknown	true		3	594	41	6	1398
urn:ure:t6:occ:function:current-client:00a706f0	0x00a706f0	xbuild-enriched-full	true	00a706f0	FUN_00a706f0	undefined FUN_00a706f0()	0	0	unknown	true		2	220	18	3	650
urn:ure:t6:occ:function:current-client:00a70720	0x00a70720	xbuild-enriched-full	true	00a70720	FUN_00a70720	undefined FUN_00a70720()	0	0	unknown	true		2	235	18	3	640
urn:ure:t6:occ:function:current-client:00a70750	0x00a70750	xbuild-enriched-full	true	00a70750	FUN_00a70750	undefined FUN_00a70750()	0	0	unknown	true		4	680	50	7	1444
urn:ure:t6:occ:function:current-client:00a707c0	0x00a707c0	xbuild-enriched-full	true	00a707c0	FUN_00a707c0	undefined FUN_00a707c0()	0	0	unknown	true		5	552	61	9	1874
urn:ure:t6:occ:function:current-client:00a70850	0x00a70850	xbuild-enriched-full	true	00a70850	FUN_00a70850	undefined FUN_00a70850()	0	0	unknown	true		39	4706	381	83	11707
urn:ure:t6:occ:function:current-client:00a70c60	0x00a70c60	xbuild-enriched-full	true	00a70c60	FUN_00a70c60	undefined FUN_00a70c60()	0	0	unknown	true		26	2973	256	54	7858
urn:ure:t6:occ:function:current-client:00a70ef0	0x00a70ef0	xbuild-enriched-full	true	00a70ef0	FUN_00a70ef0	undefined FUN_00a70ef0()	0	0	unknown	true		7	1020	69	7	2408
urn:ure:t6:occ:function:current-client:00a70f90	0x00a70f90	xbuild-enriched-full	true	00a70f90	FUN_00a70f90	undefined FUN_00a70f90()	0	0	unknown	true		2	179	19	1	734
urn:ure:t6:occ:function:current-client:00a70fc0	0x00a70fc0	xbuild-enriched-full	true	00a70fc0	FUN_00a70fc0	undefined FUN_00a70fc0()	0	0	unknown	true		23	3727	182	25	6739
urn:ure:t6:occ:function:current-client:00a71210	0x00a71210	xbuild-enriched-full	true	00a71210	FUN_00a71210	undefined FUN_00a71210()	0	0	unknown	true		60	8034	488	102	17103
urn:ure:t6:occ:function:current-client:00a718c0	0x00a718c0	xbuild-enriched-full	true	00a718c0	FUN_00a718c0	undefined FUN_00a718c0()	0	0	unknown	true		5	634	48	8	1420
urn:ure:t6:occ:function:current-client:00a71930	0x00a71930	xbuild-enriched-full	true	00a71930	FUN_00a71930	undefined FUN_00a71930()	0	0	unknown	true		2	376	23	4	800
urn:ure:t6:occ:function:current-client:00a71970	0x00a71970	xbuild-enriched-full	true	00a71970	FUN_00a71970	undefined FUN_00a71970()	0	0	unknown	true		53	7508	450	90	15727
urn:ure:t6:occ:function:current-client:00a71fa0	0x00a71fa0	xbuild-enriched-full	true	00a71fa0	FUN_00a71fa0	undefined FUN_00a71fa0()	0	0	unknown	true		4	555	36	6	1088
urn:ure:t6:occ:function:current-client:00a71ff0	0x00a71ff0	xbuild-enriched-full	true	00a71ff0	FUN_00a71ff0	undefined FUN_00a71ff0()	0	0	unknown	true		13	1600	157	32	4716
urn:ure:t6:occ:function:current-client:00a72190	0x00a72190	xbuild-enriched-full	true	00a72190	FUN_00a72190	undefined FUN_00a72190()	0	0	unknown	true		3	475	35	6	1113
urn:ure:t6:occ:function:current-client:00a721e0	0x00a721e0	xbuild-enriched-full	true	00a721e0	FUN_00a721e0	undefined FUN_00a721e0()	0	0	unknown	true		12	1537	101	20	3308
urn:ure:t6:occ:function:current-client:00a722e0	0x00a722e0	xbuild-enriched-full	true	00a722e0	FUN_00a722e0	undefined FUN_00a722e0()	0	0	unknown	true		8	805	92	10	2803
urn:ure:t6:occ:function:current-client:00a723d0	0x00a723d0	xbuild-enriched-full	true	00a723d0	FUN_00a723d0	undefined FUN_00a723d0()	0	0	unknown	true		7	758	81	16	2400
urn:ure:t6:occ:function:current-client:00a72490	0x00a72490	xbuild-enriched-full	true	00a72490	FUN_00a72490	undefined FUN_00a72490()	0	0	unknown	true		5	518	56	9	1707
urn:ure:t6:occ:function:current-client:00a72510	0x00a72510	xbuild-enriched-full	true	00a72510	FUN_00a72510	undefined FUN_00a72510()	0	0	unknown	true		9	1389	88	13	2892
urn:ure:t6:occ:function:current-client:00a725f0	0x00a725f0	xbuild-enriched-full	true	00a725f0	FUN_00a725f0	undefined FUN_00a725f0()	0	0	unknown	true		1	114	10	0	474
urn:ure:t6:occ:function:current-client:00a72610	0x00a72610	xbuild-enriched-full	true	00a72610	FUN_00a72610	undefined FUN_00a72610()	0	0	unknown	true		7	732	79	15	2344
urn:ure:t6:occ:function:current-client:00a726d0	0x00a726d0	xbuild-enriched-full	true	00a726d0	FUN_00a726d0	undefined FUN_00a726d0()	0	0	unknown	true		3	398	40	7	1252
urn:ure:t6:occ:function:current-client:00a72730	0x00a72730	xbuild-enriched-full	true	00a72730	FUN_00a72730	undefined FUN_00a72730()	0	0	unknown	true		12	1337	142	29	4187
urn:ure:t6:occ:function:current-client:00a72890	0x00a72890	xbuild-enriched-full	true	00a72890	FUN_00a72890	undefined FUN_00a72890()	0	0	unknown	true		2	202	28	3	896
urn:ure:t6:occ:function:current-client:00a728d0	0x00a728d0	xbuild-enriched-full	true	00a728d0	FUN_00a728d0	undefined FUN_00a728d0()	0	0	unknown	true		13	2118	125	15	4353
urn:ure:t6:occ:function:current-client:00a72a20	0x00a72a20	xbuild-enriched-full	true	00a72a20	FUN_00a72a20	undefined FUN_00a72a20()	0	0	unknown	true		15	2262	127	15	5029
urn:ure:t6:occ:function:current-client:00a72bdb	0x00a72bdb	xbuild-enriched-full	true	00a72bdb	FUN_00a72bdb	undefined FUN_00a72bdb()	0	0	unknown	true		1	68	5	1	266
urn:ure:t6:occ:function:current-client:00a72bf0	0x00a72bf0	xbuild-enriched-full	true	00a72bf0	FID_conflict:_memcpy	void * __cdecl FID_conflict:_memcpy(void * _Dst, void * _Src, size_t _Size)	3	0	__cdecl	true		47	9603	244	104	8929
urn:ure:t6:occ:function:current-client:00a72f60	0x00a72f60	xbuild-enriched-full	true	00a72f60	_memset	void * __cdecl _memset(void * _Dst, int _Val, size_t _Size)	3	0	__cdecl	true		6	1252	47	12	1550
urn:ure:t6:occ:function:current-client:00a73004	0x00a73004	xbuild-enriched-full	true	00a73004	_atol	long __cdecl _atol(char * _Str)	1	0	__cdecl	true		1	204	10	1	400
urn:ure:t6:occ:function:current-client:00a7301a	0x00a7301a	xbuild-enriched-full	true	00a7301a	FUN_00a7301a	undefined FUN_00a7301a()	0	0	unknown	true		0	68	5	1	266
urn:ure:t6:occ:function:current-client:00a73025	0x00a73025	xbuild-enriched-full	true	00a73025	FUN_00a73025	undefined FUN_00a73025()	0	0	unknown	true		2	128	10	1	400
urn:ure:t6:occ:function:current-client:00a73040	0x00a73040	xbuild-enriched-full	true	00a73040	__alloca_probe	undefined __alloca_probe()	0	0	unknown	true		2	461	19	2	684
urn:ure:t6:occ:function:current-client:00a73070	0x00a73070	xbuild-enriched-full	true	00a73070	shortsort	undefined __cdecl shortsort()	0	0	__cdecl	true		5	869	59	10	1911
urn:ure:t6:occ:function:current-client:00a73100	0x00a73100	xbuild-enriched-full	true	00a73100	_qsort	void __cdecl _qsort(void * _Base, size_t _NumOfElements, size_t _SizeOfElements, _PtFuncCompare * _PtFuncCompare)	4	0	__cdecl	true		30	5161	257	51	8662
urn:ure:t6:occ:function:current-client:00a7338b	0x00a7338b	xbuild-enriched-full	true	00a7338b	type_info::~type_info	void __thiscall ~type_info(void)	1	0	__thiscall	true		29	337	6	2	308
urn:ure:t6:occ:function:current-client:00a7339b	0x00a7339b	xbuild-enriched-full	true	00a7339b	type_info::`scalar_deleting_destructor'	void * __thiscall `scalar_deleting_destructor'(uint param_1)	2	0	__thiscall	true		3	418	15	3	537
urn:ure:t6:occ:function:current-client:00a733bc	0x00a733bc	xbuild-enriched-full	true	00a733bc	type_info::operator==	bool __thiscall operator==(type_info * param_1)	2	0	__thiscall	true		3	361	16	1	543
urn:ure:t6:occ:function:current-client:00a733e0	0x00a733e0	xbuild-enriched-full	true	00a733e0	FID_conflict:_memcpy	void * __cdecl FID_conflict:_memcpy(void * _Dst, void * _Src, size_t _Size)	3	0	__cdecl	true		49	9603	244	104	8929
urn:ure:t6:occ:function:current-client:00a73741	0x00a73741	xbuild-enriched-full	true	00a73741	__get_errno_from_oserr	int __cdecl __get_errno_from_oserr(ulong param_1)	1	0	__cdecl	true		4	471	29	5	950
urn:ure:t6:occ:function:current-client:00a73783	0x00a73783	xbuild-enriched-full	true	00a73783	__errno	int * __cdecl __errno(void)	0	0	__cdecl	true		4	280	7	3	328
urn:ure:t6:occ:function:current-client:00a73796	0x00a73796	xbuild-enriched-full	true	00a73796	___doserrno	ulong * __cdecl ___doserrno(void)	0	0	__cdecl	true		3	295	7	3	328
urn:ure:t6:occ:function:current-client:00a737a9	0x00a737a9	xbuild-enriched-full	true	00a737a9	__dosmaperr	void __cdecl __dosmaperr(ulong param_1)	1	0	__cdecl	true		2	364	16	3	585
urn:ure:t6:occ:function:current-client:00a737cc	0x00a737cc	xbuild-enriched-full	true	00a737cc	FUN_00a737cc	undefined FUN_00a737cc()	0	0	unknown	true		1	180	11	1	509
urn:ure:t6:occ:function:current-client:00a737f6	0x00a737f6	xbuild-enriched-full	true	00a737f6	std::exception::_Copy_str	void __thiscall _Copy_str(char * param_1)	2	0	__thiscall	true		4	514	28	5	948
urn:ure:t6:occ:function:current-client:00a73836	0x00a73836	xbuild-enriched-full	true	00a73836	std::exception::_Tidy	void __thiscall _Tidy(void)	1	0	__thiscall	true		2	344	12	2	516
urn:ure:t6:occ:function:current-client:00a73854	0x00a73854	xbuild-enriched-full	true	00a73854	std::exception::exception	undefined __thiscall exception(char * * param_1)	2	0	__thiscall	true		2	389	15	2	611
urn:ure:t6:occ:function:current-client:00a7387b	0x00a7387b	xbuild-enriched-full	true	00a7387b	std::exception::operator=	exception * __thiscall operator=(exception * param_1)	2	0	__thiscall	true		3	514	23	5	826
urn:ure:t6:occ:function:current-client:00a738b0	0x00a738b0	xbuild-enriched-full	true	00a738b0	FUN_00a738b0	undefined FUN_00a738b0()	0	0	unknown	true		1	147	2	2	224
urn:ure:t6:occ:function:current-client:00a738bb	0x00a738bb	xbuild-enriched-full	true	00a738bb	FUN_00a738bb	undefined FUN_00a738bb()	0	0	unknown	true		2	234	16	4	588
urn:ure:t6:occ:function:current-client:00a738e2	0x00a738e2	xbuild-enriched-full	true	00a738e2	std::exception::exception	undefined __thiscall exception(exception * param_1)	2	0	__thiscall	true		2	400	14	2	573
urn:ure:t6:occ:function:current-client:00a73907	0x00a73907	xbuild-enriched-full	true	00a73907	__CxxThrowException@8	undefined __CxxThrowException@8()	0	0	unknown	true		4	785	30	5	1130
urn:ure:t6:occ:function:current-client:00a73953	0x00a73953	xbuild-enriched-full	true	00a73953	__vsnprintf_l	int __cdecl __vsnprintf_l(char * _DstBuf, size_t _MaxCount, char * _Format, _locale_t _Locale, va_list _ArgList)	5	0	__cdecl	true		8	1217	64	15	2238
urn:ure:t6:occ:function:current-client:00a739ff	0x00a739ff	xbuild-enriched-full	true	00a739ff	__vsnprintf	int __cdecl __vsnprintf(char * _Dest, size_t _Count, char * _Format, va_list _Args)	4	0	__cdecl	true		3	284	12	1	509
urn:ure:t6:occ:function:current-client:00a73a1c	0x00a73a1c	xbuild-enriched-full	true	00a73a1c	__cfltcvt_init	undefined __cfltcvt_init()	0	0	unknown	true		4	511	12	19	801
urn:ure:t6:occ:function:current-client:00a73a7c	0x00a73a7c	xbuild-enriched-full	true	00a73a7c	__fpmath	void __cdecl __fpmath(int param_1)	1	0	__cdecl	true		1	222	10	3	416
urn:ure:t6:occ:function:current-client:00a73a95	0x00a73a95	xbuild-enriched-full	true	00a73a95	__security_check_cookie	undefined __fastcall __security_check_cookie()	0	0	__fastcall	true		1	493	4	3	273
urn:ure:t6:occ:function:current-client:00a73ab0	0x00a73ab0	xbuild-enriched-full	true	00a73ab0	FUN_00a73ab0	undefined FUN_00a73ab0()	0	0	unknown	true		22	1982	160	37	5409
urn:ure:t6:occ:function:current-client:00a73bd1	0x00a73bd1	xbuild-enriched-full	true	00a73bd1	_LocaleUpdate::_LocaleUpdate	undefined __thiscall _LocaleUpdate(localeinfo_struct * param_1)	2	0	__thiscall	true		8	1413	46	14	1881
urn:ure:t6:occ:function:current-client:00a73c58	0x00a73c58	xbuild-enriched-full	true	00a73c58	__tolower_l	int __cdecl __tolower_l(int _C, _locale_t _Locale)	2	0	__cdecl	true		15	1919	97	18	3462
urn:ure:t6:occ:function:current-client:00a73d6d	0x00a73d6d	xbuild-enriched-full	true	00a73d6d	_tolower	int __cdecl _tolower(int _C)	1	0	__cdecl	true		3	374	19	4	679
urn:ure:t6:occ:function:current-client:00a73d99	0x00a73d99	xbuild-enriched-full	true	00a73d99	_sprintf	int __cdecl _sprintf(char * _Dest, char * _Format, ...)	2	0	__cdecl	true		6	913	54	9	1821
urn:ure:t6:occ:function:current-client:00a73e20	0x00a73e20	xbuild-enriched-full	true	00a73e20	_strncmp	int __cdecl _strncmp(char * _Str1, char * _Str2, size_t _MaxCount)	3	0	__cdecl	true		8	1583	80	23	2804
urn:ure:t6:occ:function:current-client:00a73ee0	0x00a73ee0	xbuild-enriched-full	true	00a73ee0	__ctime64	char * __cdecl __ctime64(__time64_t * _Time)	1	0	__cdecl	true		5	805	40	14	1385
urn:ure:t6:occ:function:current-client:00a73f4d	0x00a73f4d	xbuild-enriched-full	true	00a73f4d	__time64	__time64_t __cdecl __time64(__time64_t * _Time)	1	0	__cdecl	true		5	642	31	7	1101
urn:ure:t6:occ:function:current-client:00a73fa0	0x00a73fa0	xbuild-enriched-full	true	00a73fa0	_strncat	char * __cdecl _strncat(char * _Dest, char * _Source, size_t _Count)	3	0	__cdecl	true		14	2635	123	28	3825
urn:ure:t6:occ:function:current-client:00a740d5	0x00a740d5	xbuild-enriched-full	true	00a740d5	_free	void __cdecl _free(void * _Memory)	1	0	__cdecl	true		4	523	22	7	813
urn:ure:t6:occ:function:current-client:00a74110	0x00a74110	xbuild-enriched-full	true	00a74110	_strncpy	char * __cdecl _strncpy(char * _Dest, char * _Source, size_t _Count)	3	0	__cdecl	true		13	2668	109	28	3431
urn:ure:t6:occ:function:current-client:00a74234	0x00a74234	xbuild-enriched-full	true	00a74234	vscan_fn	undefined __cdecl vscan_fn()	0	0	__cdecl	true		6	829	42	6	1501
urn:ure:t6:occ:function:current-client:00a742a2	0x00a742a2	xbuild-enriched-full	true	00a742a2	FID_conflict:_sscanf	int __cdecl FID_conflict:_sscanf(char * _Src, char * _Format, ...)	2	0	__cdecl	true		3	298	15	2	557
urn:ure:t6:occ:function:current-client:00a742c4	0x00a742c4	xbuild-enriched-full	true	00a742c4	FUN_00a742c4	undefined FUN_00a742c4()	0	0	unknown	true		7	357	73	18	2980
urn:ure:t6:occ:function:current-client:00a74460	0x00a74460	xbuild-enriched-full	true	00a74460	FUN_00a74460	undefined FUN_00a74460()	0	0	unknown	true		3	362	21	7	867
urn:ure:t6:occ:function:current-client:00a744b8	0x00a744b8	xbuild-enriched-full	true	00a744b8	FUN_00a744b8	undefined FUN_00a744b8()	0	0	unknown	true		7	1164	50	22	1743
urn:ure:t6:occ:function:current-client:00a74566	0x00a74566	xbuild-enriched-full	true	00a74566	FID_conflict:_wprintf	int __cdecl FID_conflict:_wprintf(char * _Format, ...)	1	0	__cdecl	true		7	880	50	16	1684
urn:ure:t6:occ:function:current-client:00a745fa	0x00a745fa	xbuild-enriched-full	true	00a745fa	FUN_00a745fa	undefined FUN_00a745fa()	0	0	unknown	true		1	127	8	2	339
urn:ure:t6:occ:function:current-client:00a7460d	0x00a7460d	xbuild-enriched-full	true	00a7460d	FUN_00a7460d	undefined FUN_00a7460d()	0	0	unknown	true		1	164	7	2	351
urn:ure:t6:occ:function:current-client:00a74623	0x00a74623	xbuild-enriched-full	true	00a74623	FUN_00a74623	undefined FUN_00a74623()	0	0	unknown	true		8	357	75	18	3048
urn:ure:t6:occ:function:current-client:00a7477a	0x00a7477a	xbuild-enriched-full	true	00a7477a	FUN_00a7477a	undefined FUN_00a7477a()	0	0	unknown	true		8	357	93	17	3760
urn:ure:t6:occ:function:current-client:00a7491a	0x00a7491a	xbuild-enriched-full	true	00a7491a	__atof_l	double __cdecl __atof_l(char * _String, _locale_t _Locale)	2	0	__cdecl	true		12	1358	60	15	2181
urn:ure:t6:occ:function:current-client:00a749c5	0x00a749c5	xbuild-enriched-full	true	00a749c5	_atof	double __cdecl _atof(char * _String)	1	0	__cdecl	true		2	214	10	1	389
urn:ure:t6:occ:function:current-client:00a749d8	0x00a749d8	xbuild-enriched-full	true	00a749d8	FUN_00a749d8	undefined FUN_00a749d8()	0	0	unknown	true		34	3608	294	51	10795
urn:ure:t6:occ:function:current-client:00a74ef0	0x00a74ef0	xbuild-enriched-full	true	00a74ef0	FUN_00a74ef0	undefined FUN_00a74ef0()	0	0	unknown	true		6	910	10	2	453
urn:ure:t6:occ:function:current-client:00a74f26	0x00a74f26	xbuild-enriched-full	true	00a74f26	FUN_00a74f26	undefined FUN_00a74f26()	0	0	unknown	true		4	691	37	5	1429
urn:ure:t6:occ:function:current-client:00a74fa0	0x00a74fa0	xbuild-enriched-full	true	00a74fa0	FUN_00a74fa0	undefined FUN_00a74fa0()	0	0	unknown	true		16	2603	69	13	2052
urn:ure:t6:occ:function:current-client:00a75026	0x00a75026	xbuild-enriched-full	true	00a75026	FUN_00a75026	undefined FUN_00a75026()	0	0	unknown	true		3	127	8	1	376
urn:ure:t6:occ:function:current-client:00a75038	0x00a75038	xbuild-enriched-full	true	00a75038	FUN_00a75038	undefined FUN_00a75038()	0	0	unknown	true		3	203	9	1	454
urn:ure:t6:occ:function:current-client:00a75060	0x00a75060	xbuild-enriched-full	true	00a75060	__alldiv	undefined __alldiv()	0	0	unknown	true		9	1692	70	10	2299
urn:ure:t6:occ:function:current-client:00a75120	0x00a75120	xbuild-enriched-full	true	00a75120	FUN_00a75120	undefined FUN_00a75120()	0	0	unknown	true		11	1587	86	18	2486
urn:ure:t6:occ:function:current-client:00a751de	0x00a751de	xbuild-enriched-full	true	00a751de	__snprintf	int __cdecl __snprintf(char * _Dest, size_t _Count, char * _Format, ...)	3	0	__cdecl	true		9	1160	68	15	2286
urn:ure:t6:occ:function:current-client:00a7528a	0x00a7528a	xbuild-enriched-full	true	00a7528a	__onexit_nolock	undefined __onexit_nolock()	0	0	unknown	true		9	1200	74	19	2317
urn:ure:t6:occ:function:current-client:00a75371	0x00a75371	xbuild-enriched-full	true	00a75371	__onexit	_onexit_t __cdecl __onexit(_onexit_t _Func)	1	0	__cdecl	true		3	419	14	6	661
urn:ure:t6:occ:function:current-client:00a753a7	0x00a753a7	xbuild-enriched-full	true	00a753a7	FUN_00a753a7	undefined FUN_00a753a7()	0	0	unknown	true		0	59	2	1	190
urn:ure:t6:occ:function:current-client:00a753ad	0x00a753ad	xbuild-enriched-full	true	00a753ad	_atexit	int __cdecl _atexit(_func_4879 * param_1)	1	0	__cdecl	true		2	277	12	1	436
urn:ure:t6:occ:function:current-client:00a75410	0x00a75410	xbuild-enriched-full	true	00a75410	FUN_00a75410	undefined FUN_00a75410()	0	0	unknown	true		3	362	21	7	867
urn:ure:t6:occ:function:current-client:00a75468	0x00a75468	xbuild-enriched-full	true	00a75468	FUN_00a75468	undefined FUN_00a75468()	0	0	unknown	true		7	1132	48	22	1734
urn:ure:t6:occ:function:current-client:00a75520	0x00a75520	xbuild-enriched-full	true	00a75520	FUN_00a75520	undefined FUN_00a75520()	0	0	unknown	true		26	1933	159	37	5380
urn:ure:t6:occ:function:current-client:00a75640	0x00a75640	xbuild-enriched-full	true	00a75640	__aullshr	undefined __aullshr()	0	0	unknown	true		3	435	15	2	514
urn:ure:t6:occ:function:current-client:00a75a1c	0x00a75a1c	xbuild-enriched-full	true	00a75a1c	FUN_00a75a1c	undefined FUN_00a75a1c()	0	0	unknown	true		24	1127	230	22	8364
urn:ure:t6:occ:function:current-client:00a75e40	0x00a75e40	xbuild-enriched-full	true	00a75e40	FUN_00a75e40	undefined FUN_00a75e40()	0	0	unknown	true		4	377	23	6	946
urn:ure:t6:occ:function:current-client:00a75e9d	0x00a75e9d	xbuild-enriched-full	true	00a75e9d	FUN_00a75e9d	undefined FUN_00a75e9d()	0	0	unknown	true		26	3165	121	46	4195
urn:ure:t6:occ:function:current-client:00a76062	0x00a76062	xbuild-enriched-full	true	00a76062	FUN_00a76062	undefined FUN_00a76062()	0	0	unknown	true		3	197	19	3	582
urn:ure:t6:occ:function:current-client:00a7608a	0x00a7608a	xbuild-enriched-full	true	00a7608a	FUN_00a7608a	undefined FUN_00a7608a()	0	0	unknown	true		91	15336	611	101	22227
urn:ure:t6:occ:function:current-client:00a76b02	0x00a76b02	xbuild-enriched-full	true	00a76b02	FUN_00a76b02	undefined FUN_00a76b02()	0	0	unknown	true		11	521	100	19	3957
urn:ure:t6:occ:function:current-client:00a76cba	0x00a76cba	xbuild-enriched-full	true	00a76cba	FUN_00a76cba	undefined FUN_00a76cba()	0	0	unknown	true		12	421	133	20	5323
urn:ure:t6:occ:function:current-client:00a76f0f	0x00a76f0f	xbuild-enriched-full	true	00a76f0f	__toupper_l	int __cdecl __toupper_l(int _C, _locale_t _Locale)	2	0	__cdecl	true		14	1920	94	18	3407
urn:ure:t6:occ:function:current-client:00a77025	0x00a77025	xbuild-enriched-full	true	00a77025	_toupper	int __cdecl _toupper(int _C)	1	0	__cdecl	true		4	405	19	4	680
urn:ure:t6:occ:function:current-client:00a77051	0x00a77051	xbuild-enriched-full	true	00a77051	__isalpha_l	int __cdecl __isalpha_l(int _C, _locale_t _Locale)	2	0	__cdecl	true		5	658	27	5	1114
urn:ure:t6:occ:function:current-client:00a770a7	0x00a770a7	xbuild-enriched-full	true	00a770a7	_isalpha	int __cdecl _isalpha(int _C)	1	0	__cdecl	true		3	411	18	4	695
urn:ure:t6:occ:function:current-client:00a770d7	0x00a770d7	xbuild-enriched-full	true	00a770d7	__isupper_l	int __cdecl __isupper_l(int _C, _locale_t _Locale)	2	0	__cdecl	true		4	650	27	5	1100
urn:ure:t6:occ:function:current-client:00a77128	0x00a77128	xbuild-enriched-full	true	00a77128	_isupper	int __cdecl _isupper(int _C)	1	0	__cdecl	true		2	407	18	4	689
urn:ure:t6:occ:function:current-client:00a77156	0x00a77156	xbuild-enriched-full	true	00a77156	__isdigit_l	int __cdecl __isdigit_l(int _C, _locale_t _Locale)	2	0	__cdecl	true		4	650	27	5	1100
urn:ure:t6:occ:function:current-client:00a771a7	0x00a771a7	xbuild-enriched-full	true	00a771a7	_isdigit	int __cdecl _isdigit(int _C)	1	0	__cdecl	true		3	377	18	4	689
urn:ure:t6:occ:function:current-client:00a771d5	0x00a771d5	xbuild-enriched-full	true	00a771d5	__isxdigit_l	int __cdecl __isxdigit_l(int _C, _locale_t _Locale)	2	0	__cdecl	true		4	658	27	5	1112
urn:ure:t6:occ:function:current-client:00a7722b	0x00a7722b	xbuild-enriched-full	true	00a7722b	_isxdigit	int __cdecl _isxdigit(int _C)	1	0	__cdecl	true		3	383	18	4	694
urn:ure:t6:occ:function:current-client:00a7725b	0x00a7725b	xbuild-enriched-full	true	00a7725b	__isspace_l	int __cdecl __isspace_l(int _C, _locale_t _Locale)	2	0	__cdecl	true		4	650	27	5	1100
urn:ure:t6:occ:function:current-client:00a772ac	0x00a772ac	xbuild-enriched-full	true	00a772ac	_isspace	int __cdecl _isspace(int _C)	1	0	__cdecl	true		3	377	18	4	689
urn:ure:t6:occ:function:current-client:00a772da	0x00a772da	xbuild-enriched-full	true	00a772da	__isalnum_l	int __cdecl __isalnum_l(int _C, _locale_t _Locale)	2	0	__cdecl	true		4	658	27	5	1114
urn:ure:t6:occ:function:current-client:00a77330	0x00a77330	xbuild-enriched-full	true	00a77330	_isalnum	int __cdecl _isalnum(int _C)	1	0	__cdecl	true		3	411	18	4	695
urn:ure:t6:occ:function:current-client:00a77360	0x00a77360	xbuild-enriched-full	true	00a77360	__iscntrl_l	int __cdecl __iscntrl_l(int _C, _locale_t _Locale)	2	0	__cdecl	true		4	656	27	5	1102
urn:ure:t6:occ:function:current-client:00a773b1	0x00a773b1	xbuild-enriched-full	true	00a773b1	_iscntrl	int __cdecl _iscntrl(int _C)	1	0	__cdecl	true		3	410	18	4	690
urn:ure:t6:occ:function:current-client:00a773df	0x00a773df	xbuild-enriched-full	true	00a773df	__getenv_helper_nolock	char * __cdecl __getenv_helper_nolock(char * param_1)	1	0	__cdecl	true		7	965	54	21	1806
urn:ure:t6:occ:function:current-client:00a77466	0x00a77466	xbuild-enriched-full	true	00a77466	_getenv	char * __cdecl _getenv(char * _VarName)	1	0	__cdecl	true		5	616	36	12	1309
urn:ure:t6:occ:function:current-client:00a774d7	0x00a774d7	xbuild-enriched-full	true	00a774d7	FUN_00a774d7	undefined FUN_00a774d7()	0	0	unknown	true		1	60	4	1	233
urn:ure:t6:occ:function:current-client:00a774e0	0x00a774e0	xbuild-enriched-full	true	00a774e0	__dupenv_s	errno_t __cdecl __dupenv_s(char * * _PBuffer, size_t * _PBufferSizeInBytes, char * _VarName)	3	0	__cdecl	true		9	1568	77	23	2560
urn:ure:t6:occ:function:current-client:00a775ae	0x00a775ae	xbuild-enriched-full	true	00a775ae	FUN_00a775ae	undefined FUN_00a775ae()	0	0	unknown	true		1	60	4	1	233
urn:ure:t6:occ:function:current-client:00a775b7	0x00a775b7	xbuild-enriched-full	true	00a775b7	__putenv_helper	undefined __putenv_helper()	0	0	unknown	true		27	2870	205	53	6250
urn:ure:t6:occ:function:current-client:00a777b4	0x00a777b4	xbuild-enriched-full	true	00a777b4	__putenv	int __cdecl __putenv(char * _EnvString)	1	0	__cdecl	true		3	396	18	6	747
urn:ure:t6:occ:function:current-client:00a777f0	0x00a777f0	xbuild-enriched-full	true	00a777f0	FUN_00a777f0	undefined FUN_00a777f0()	0	0	unknown	true		0	60	4	1	233
urn:ure:t6:occ:function:current-client:00a77800	0x00a77800	xbuild-enriched-full	true	00a77800	__allshl	undefined __allshl()	0	0	unknown	true		2	424	15	2	514
urn:ure:t6:occ:function:current-client:00a7781f	0x00a7781f	xbuild-enriched-full	true	00a7781f	strtoxl	ulong __cdecl strtoxl(localeinfo_struct * param_1, char * param_2, char * * param_3, int param_4, int param_5)	5	0	__cdecl	true		25	4081	197	60	6938
urn:ure:t6:occ:function:current-client:00a77a4a	0x00a77a4a	xbuild-enriched-full	true	00a77a4a	_strtol	long __cdecl _strtol(char * _Str, char * * _EndPtr, int _Radix)	3	0	__cdecl	true		3	484	17	5	656
urn:ure:t6:occ:function:current-client:00a77a75	0x00a77a75	xbuild-enriched-full	true	00a77a75	_strtoul	ulong __cdecl _strtoul(char * _Str, char * * _EndPtr, int _Radix)	3	0	__cdecl	true		3	487	16	5	636
urn:ure:t6:occ:function:current-client:00a77ab0	0x00a77ab0	xbuild-enriched-full	true	00a77ab0	_strrchr	char * __cdecl _strrchr(char * _Str, int _Ch)	2	0	__cdecl	true		3	714	23	2	759
urn:ure:t6:occ:function:current-client:00a77ae0	0x00a77ae0	xbuild-enriched-full	true	00a77ae0	__alloca_probe_16	undefined __alloca_probe_16()	0	0	unknown	true		1	376	9	1	383
urn:ure:t6:occ:function:current-client:00a77af6	0x00a77af6	xbuild-enriched-full	true	00a77af6	__alloca_probe_8	undefined __alloca_probe_8()	0	0	unknown	true		1	359	9	1	383
urn:ure:t6:occ:function:current-client:00a77b10	0x00a77b10	xbuild-enriched-full	true	00a77b10	__setjmp3	undefined __setjmp3()	0	0	unknown	true		5	1219	42	7	1683
urn:ure:t6:occ:function:current-client:00a77b8b	0x00a77b8b	xbuild-enriched-full	true	00a77b8b	_malloc	void * __cdecl _malloc(size_t _Size)	1	0	__cdecl	true		7	969	58	21	1816
urn:ure:t6:occ:function:current-client:00a77c1f	0x00a77c1f	xbuild-enriched-full	true	00a77c1f	FUN_00a77c1f	undefined FUN_00a77c1f()	0	0	unknown	true		6	819	40	18	1442
urn:ure:t6:occ:function:current-client:00a77c9f	0x00a77c9f	xbuild-enriched-full	true	00a77c9f	FUN_00a77c9f	undefined FUN_00a77c9f()	0	0	unknown	true		9	601	91	15	3464
urn:ure:t6:occ:function:current-client:00a77e3f	0x00a77e3f	xbuild-enriched-full	true	00a77e3f	_strtok	char * __cdecl _strtok(char * _Str, char * _Delim)	2	0	__cdecl	true		11	1324	85	12	2715
urn:ure:t6:occ:function:current-client:00a77efc	0x00a77efc	xbuild-enriched-full	true	00a77efc	__freea	void __cdecl __freea(void * _Memory)	1	0	__cdecl	true		2	267	14	3	531
urn:ure:t6:occ:function:current-client:00a77f1c	0x00a77f1c	xbuild-enriched-full	true	00a77f1c	FUN_00a77f1c	undefined FUN_00a77f1c()	0	0	unknown	true		9	609	97	16	3845
urn:ure:t6:occ:function:current-client:00a780c7	0x00a780c7	xbuild-enriched-full	true	00a780c7	FUN_00a780c7	undefined FUN_00a780c7()	0	0	unknown	true		35	4904	269	48	8707
urn:ure:t6:occ:function:current-client:00a78376	0x00a78376	xbuild-enriched-full	true	00a78376	__mktime64	__time64_t __cdecl __mktime64(tm * _Tm)	1	0	__cdecl	true		2	209	9	1	372
urn:ure:t6:occ:function:current-client:00a78390	0x00a78390	xbuild-enriched-full	true	00a78390	FUN_00a78390	undefined FUN_00a78390()	0	0	unknown	true		28	2769	81	15	3133
urn:ure:t6:occ:function:current-client:00a784d8	0x00a784d8	xbuild-enriched-full	true	00a784d8	_frexp	double __cdecl _frexp(double _X, int * _Y)	2	0	__cdecl	true		10	1089	81	19	2542
urn:ure:t6:occ:function:current-client:00a785a6	0x00a785a6	xbuild-enriched-full	true	00a785a6	_fprintf	int __cdecl _fprintf(FILE * _File, char * _Format, ...)	2	0	__cdecl	true		11	1496	83	30	2909
urn:ure:t6:occ:function:current-client:00a786a8	0x00a786a8	xbuild-enriched-full	true	00a786a8	FUN_00a786a8	undefined FUN_00a786a8()	0	0	unknown	true		1	105	4	1	253
urn:ure:t6:occ:function:current-client:00a786b2	0x00a786b2	xbuild-enriched-full	true	00a786b2	FUN_00a786b2	undefined FUN_00a786b2()	0	0	unknown	true		0	67	2	1	192
urn:ure:t6:occ:function:current-client:00a78789	0x00a78789	xbuild-enriched-full	true	00a78789	__lock_file	void __cdecl __lock_file(FILE * _File)	1	0	__cdecl	true		3	398	25	7	865
urn:ure:t6:occ:function:current-client:00a787ca	0x00a787ca	xbuild-enriched-full	true	00a787ca	__lock_file2	void __cdecl __lock_file2(int _Index, void * _File)	2	0	__cdecl	true		2	369	20	3	741
urn:ure:t6:occ:function:current-client:00a787fc	0x00a787fc	xbuild-enriched-full	true	00a787fc	__unlock_file	void __cdecl __unlock_file(FILE * _File)	1	0	__cdecl	true		3	435	23	6	808
urn:ure:t6:occ:function:current-client:00a78838	0x00a78838	xbuild-enriched-full	true	00a78838	__unlock_file2	void __cdecl __unlock_file2(int _Index, void * _File)	2	0	__cdecl	true		2	383	19	3	700
urn:ure:t6:occ:function:current-client:00a78870	0x00a78870	xbuild-enriched-full	true	00a78870	FID_conflict:___longjmp_internal	void __cdecl FID_conflict:___longjmp_internal(int * _Buf, int _Value)	2	0	__cdecl	true		8	1209	57	10	2106
urn:ure:t6:occ:function:current-client:00a78921	0x00a78921	xbuild-enriched-full	true	00a78921	__fread_nolock_s	size_t __cdecl __fread_nolock_s(void * _DstBuf, size_t _DstSize, size_t _ElementSize, size_t _Count, FILE * _File)	5	0	__cdecl	true		21	3618	160	44	5498
urn:ure:t6:occ:function:current-client:00a78add	0x00a78add	xbuild-enriched-full	true	00a78add	_fread_s	size_t __cdecl _fread_s(void * _DstBuf, size_t _DstSize, size_t _ElementSize, size_t _Count, FILE * _File)	5	0	__cdecl	true		6	771	40	14	1629
urn:ure:t6:occ:function:current-client:00a78b61	0x00a78b61	xbuild-enriched-full	true	00a78b61	FUN_00a78b61	undefined FUN_00a78b61()	0	0	unknown	true		1	108	4	1	254
urn:ure:t6:occ:function:current-client:00a78b6b	0x00a78b6b	xbuild-enriched-full	true	00a78b6b	_fread	size_t __cdecl _fread(void * _DstBuf, size_t _ElementSize, size_t _Count, FILE * _File)	4	0	__cdecl	true		2	284	12	1	510
urn:ure:t6:occ:function:current-client:00a78b88	0x00a78b88	xbuild-enriched-full	true	00a78b88	__fwrite_nolock	size_t __cdecl __fwrite_nolock(void * _DstBuf, size_t _Size, size_t _Count, FILE * _File)	4	0	__cdecl	true		15	2573	130	34	4365
urn:ure:t6:occ:function:current-client:00a78cdf	0x00a78cdf	xbuild-enriched-full	true	00a78cdf	_fwrite	size_t __cdecl _fwrite(void * _Str, size_t _Size, size_t _Count, FILE * _File)	4	0	__cdecl	true		5	641	34	12	1365
urn:ure:t6:occ:function:current-client:00a78d4f	0x00a78d4f	xbuild-enriched-full	true	00a78d4f	FUN_00a78d4f	undefined FUN_00a78d4f()	0	0	unknown	true		1	108	4	1	254
urn:ure:t6:occ:function:current-client:00a78d59	0x00a78d59	xbuild-enriched-full	true	00a78d59	__flush	int __cdecl __flush(FILE * _File)	1	0	__cdecl	true		5	796	47	8	1535
urn:ure:t6:occ:function:current-client:00a78dc1	0x00a78dc1	xbuild-enriched-full	true	00a78dc1	__fflush_nolock	int __cdecl __fflush_nolock(FILE * _File)	1	0	__cdecl	true		4	537	33	10	1034
urn:ure:t6:occ:function:current-client:00a78e09	0x00a78e09	xbuild-enriched-full	true	00a78e09	flsall	undefined __cdecl flsall()	0	0	__cdecl	true		8	1393	65	24	2360
urn:ure:t6:occ:function:current-client:00a78eab	0x00a78eab	xbuild-enriched-full	true	00a78eab	FUN_00a78eab	undefined FUN_00a78eab()	0	0	unknown	true		1	218	7	2	339
urn:ure:t6:occ:function:current-client:00a78eda	0x00a78eda	xbuild-enriched-full	true	00a78eda	FUN_00a78eda	undefined FUN_00a78eda()	0	0	unknown	true		0	60	4	1	233
urn:ure:t6:occ:function:current-client:00a78ee3	0x00a78ee3	xbuild-enriched-full	true	00a78ee3	_fflush	int __cdecl _fflush(FILE * _File)	1	0	__cdecl	true		3	497	23	9	929
urn:ure:t6:occ:function:current-client:00a78f2c	0x00a78f2c	xbuild-enriched-full	true	00a78f2c	FUN_00a78f2c	undefined FUN_00a78f2c()	0	0	unknown	true		1	105	4	1	253
urn:ure:t6:occ:function:current-client:00a78f3f	0x00a78f3f	xbuild-enriched-full	true	00a78f3f	__gmtime64_s	errno_t __cdecl __gmtime64_s(tm * _Tm, __time64_t * _Time)	2	0	__cdecl	true		23	3001	223	42	6979
urn:ure:t6:occ:function:current-client:00a79178	0x00a79178	xbuild-enriched-full	true	00a79178	__gmtime64	tm * __cdecl __gmtime64(__time64_t * _Time)	1	0	__cdecl	true		3	380	20	3	641
urn:ure:t6:occ:function:current-client:00a7919f	0x00a7919f	xbuild-enriched-full	true	00a7919f	__strdup	char * __cdecl __strdup(char * _Src)	1	0	__cdecl	true		4	626	42	9	1245
urn:ure:t6:occ:function:current-client:00a791f1	0x00a791f1	xbuild-enriched-full	true	00a791f1	_JumpToContinuation	void __stdcall _JumpToContinuation(void * param_1, EHRegistrationNode * param_2)	2	0	__stdcall	true		2	566	16	0	710
urn:ure:t6:occ:function:current-client:00a79223	0x00a79223	xbuild-enriched-full	true	00a79223	FID_conflict:_CallMemberFunction1	undefined FID_conflict:_CallMemberFunction1()	0	0	unknown	true		1	616	4	0	241
urn:ure:t6:occ:function:current-client:00a7922a	0x00a7922a	xbuild-enriched-full	true	00a7922a	_UnwindNestedFrames	void __stdcall _UnwindNestedFrames(EHRegistrationNode * param_1, EHExceptionRecord * param_2)	2	0	__stdcall	true		3	573	30	1	1171
urn:ure:t6:occ:function:current-client:00a7927e	0x00a7927e	xbuild-enriched-full	true	00a7927e	FID_conflict:___CxxFrameHandler3	undefined FID_conflict:___CxxFrameHandler3()	0	0	unknown	true		2	490	27	1	927
urn:ure:t6:occ:function:current-client:00a792b4	0x00a792b4	xbuild-enriched-full	true	00a792b4	CatchGuardHandler	_EXCEPTION_DISPOSITION __cdecl CatchGuardHandler(EHExceptionRecord * param_1, CatchGuardRN * param_2, void * param_3, void * param_4)	4	0	__cdecl	true		3	694	22	2	808
urn:ure:t6:occ:function:current-client:00a792e7	0x00a792e7	xbuild-enriched-full	true	00a792e7	_CallSETranslator	int __cdecl _CallSETranslator(EHExceptionRecord * param_1, EHRegistrationNode * param_2, void * param_3, void * param_4, _s_FuncInfo * param_5, int param_6, EHRegistrationNode * param_7)	7	0	__cdecl	true		8	1797	66	7	2774
urn:ure:t6:occ:function:current-client:00a793be	0x00a793be	xbuild-enriched-full	true	00a793be	TranslatorGuardHandler	_EXCEPTION_DISPOSITION __cdecl TranslatorGuardHandler(EHExceptionRecord * param_1, TranslatorGuardRN * param_2, void * param_3, void * param_4)	4	0	__cdecl	true		7	1382	57	7	2103
urn:ure:t6:occ:function:current-client:00a7945d	0x00a7945d	xbuild-enriched-full	true	00a7945d	_GetRangeOfTrysToCheck	_s_TryBlockMapEntry * __cdecl _GetRangeOfTrysToCheck(_s_FuncInfo * param_1, int param_2, int param_3, uint * param_4, uint * param_5)	5	0	__cdecl	true		5	1120	50	10	1779
urn:ure:t6:occ:function:current-client:00a794d0	0x00a794d0	xbuild-enriched-full	true	00a794d0	__CreateFrameInfo	undefined __CreateFrameInfo()	0	0	unknown	true		3	400	16	2	668
urn:ure:t6:occ:function:current-client:00a794fc	0x00a794fc	xbuild-enriched-full	true	00a794fc	__IsExceptionObjectToBeDestroyed	undefined __IsExceptionObjectToBeDestroyed()	0	0	unknown	true		3	465	18	4	661
urn:ure:t6:occ:function:current-client:00a79523	0x00a79523	xbuild-enriched-full	true	00a79523	__FindAndUnlinkFrame	undefined __FindAndUnlinkFrame()	0	0	unknown	true		4	753	29	9	1104
urn:ure:t6:occ:function:current-client:00a79575	0x00a79575	xbuild-enriched-full	true	00a79575	_CallCatchBlock2	void * __cdecl _CallCatchBlock2(EHRegistrationNode * param_1, _s_FuncInfo * param_2, void * param_3, int param_4, ulong param_5)	5	0	__cdecl	true		3	1006	31	3	1286
urn:ure:t6:occ:function:current-client:00a795d5	0x00a795d5	xbuild-enriched-full	true	00a795d5	FUN_00a795d5	undefined FUN_00a795d5()	0	0	unknown	true		1	59	5	1	266
urn:ure:t6:occ:function:current-client:00a795e0	0x00a795e0	xbuild-enriched-full	true	00a795e0	FUN_00a795e0	undefined FUN_00a795e0()	0	0	unknown	true		0	59	5	1	266
urn:ure:t6:occ:function:current-client:00a795eb	0x00a795eb	xbuild-enriched-full	true	00a795eb	__fsopen	FILE * __cdecl __fsopen(char * _Filename, char * _Mode, int _ShFlag)	3	0	__cdecl	true		7	1136	58	20	2048
urn:ure:t6:occ:function:current-client:00a7969d	0x00a7969d	xbuild-enriched-full	true	00a7969d	FUN_00a7969d	undefined FUN_00a7969d()	0	0	unknown	true		1	105	4	1	253
urn:ure:t6:occ:function:current-client:00a796a7	0x00a796a7	xbuild-enriched-full	true	00a796a7	_fopen	FILE * __cdecl _fopen(char * _Filename, char * _Mode)	2	0	__cdecl	true		1	230	10	1	421
urn:ure:t6:occ:function:current-client:00a796be	0x00a796be	xbuild-enriched-full	true	00a796be	_fopen_s	errno_t __cdecl _fopen_s(FILE * * _File, char * _Filename, char * _Mode)	3	0	__cdecl	true		3	550	29	8	1002
urn:ure:t6:occ:function:current-client:00a79705	0x00a79705	xbuild-enriched-full	true	00a79705	__fclose_nolock	int __cdecl __fclose_nolock(FILE * _File)	1	0	__cdecl	true		5	714	43	13	1419
urn:ure:t6:occ:function:current-client:00a79772	0x00a79772	xbuild-enriched-full	true	00a79772	_fclose	int __cdecl _fclose(FILE * _File)	1	0	__cdecl	true		5	640	32	12	1252
urn:ure:t6:occ:function:current-client:00a797de	0x00a797de	xbuild-enriched-full	true	00a797de	FUN_00a797de	undefined FUN_00a797de()	0	0	unknown	true		1	91	4	1	231
urn:ure:t6:occ:function:current-client:00a797e6	0x00a797e6	xbuild-enriched-full	true	00a797e6	__fseek_nolock	int __cdecl __fseek_nolock(FILE * _File, long _Offset, int _Origin)	3	0	__cdecl	true		6	875	52	13	1795
urn:ure:t6:occ:function:current-client:00a79870	0x00a79870	xbuild-enriched-full	true	00a79870	_fseek	int __cdecl _fseek(FILE * _File, long _Offset, int _Origin)	3	0	__cdecl	true		5	637	35	13	1346
urn:ure:t6:occ:function:current-client:00a798e2	0x00a798e2	xbuild-enriched-full	true	00a798e2	FUN_00a798e2	undefined FUN_00a798e2()	0	0	unknown	true		1	105	4	1	253
urn:ure:t6:occ:function:current-client:00a798ec	0x00a798ec	xbuild-enriched-full	true	00a798ec	__ftell_nolock	long __cdecl __ftell_nolock(FILE * _File)	1	0	__cdecl	true		18	2967	141	39	4933
urn:ure:t6:occ:function:current-client:00a79a80	0x00a79a80	xbuild-enriched-full	true	00a79a80	_ftell	long __cdecl _ftell(FILE * _File)	1	0	__cdecl	true		4	538	26	10	1059
urn:ure:t6:occ:function:current-client:00a79adb	0x00a79adb	xbuild-enriched-full	true	00a79adb	FUN_00a79adb	undefined FUN_00a79adb()	0	0	unknown	true		1	105	4	1	253
urn:ure:t6:occ:function:current-client:00a79af0	0x00a79af0	xbuild-enriched-full	true	00a79af0	__aulldiv	undefined __aulldiv()	0	0	unknown	true		5	1259	43	7	1473
urn:ure:t6:occ:function:current-client:00a79b58	0x00a79b58	xbuild-enriched-full	true	00a79b58	FUN_00a79b58	undefined FUN_00a79b58()	0	0	unknown	true		3	295	22	6	772
urn:ure:t6:occ:function:current-client:00a79b8b	0x00a79b8b	xbuild-enriched-full	true	00a79b8b	xtoa	undefined __stdcall xtoa()	0	0	__stdcall	true		4	953	34	5	1096
urn:ure:t6:occ:function:current-client:00a79bce	0x00a79bce	xbuild-enriched-full	true	00a79bce	__itoa	char * __cdecl __itoa(int _Value, char * _Dest, int _Radix)	3	0	__cdecl	true		2	322	18	4	697
urn:ure:t6:occ:function:current-client:00a79bf8	0x00a79bf8	xbuild-enriched-full	true	00a79bf8	x64toa	undefined __fastcall x64toa()	0	0	__fastcall	true		6	1015	56	8	1738
urn:ure:t6:occ:function:current-client:00a79c67	0x00a79c67	xbuild-enriched-full	true	00a79c67	__ui64toa	char * __cdecl __ui64toa(ulonglong _Val, char * _DstBuf, int _Radix)	3	0	__cdecl	true		1	271	12	1	530
urn:ure:t6:occ:function:current-client:00a79c84	0x00a79c84	xbuild-enriched-full	true	00a79c84	strtoxq	__uint64 __cdecl strtoxq(localeinfo_struct * param_1, char * param_2, char * * param_3, int param_4, int param_5)	5	0	__cdecl	true		32	4655	242	66	8935
urn:ure:t6:occ:function:current-client:00a79f21	0x00a79f21	xbuild-enriched-full	true	00a79f21	__strtoi64	longlong __cdecl __strtoi64(char * _String, char * * _EndPtr, int _Radix)	3	0	__cdecl	true		4	503	17	5	656
urn:ure:t6:occ:function:current-client:00a79f4c	0x00a79f4c	xbuild-enriched-full	true	00a79f4c	__strtoui64	ulonglong __cdecl __strtoui64(char * _String, char * * _EndPtr, int _Radix)	3	0	__cdecl	true		3	506	16	5	636
urn:ure:t6:occ:function:current-client:00a7a086	0x00a7a086	xbuild-enriched-full	true	00a7a086	FUN_00a7a086	undefined FUN_00a7a086()	0	0	unknown	true		1	132	11	1	489
urn:ure:t6:occ:function:current-client:00a7a0a1	0x00a7a0a1	xbuild-enriched-full	true	00a7a0a1	__vswprintf_helper	undefined __vswprintf_helper()	0	0	unknown	true		13	1680	92	22	3186
urn:ure:t6:occ:function:current-client:00a7a197	0x00a7a197	xbuild-enriched-full	true	00a7a197	FID_conflict:__vswprintf_p_l	int __cdecl FID_conflict:__vswprintf_p_l(wchar_t * _DstBuf, size_t _MaxCount, wchar_t * _Format, _locale_t _Locale, va_list _ArgList)	5	0	__cdecl	true		3	456	16	3	654
urn:ure:t6:occ:function:current-client:00a7a1d0	0x00a7a1d0	xbuild-enriched-full	true	00a7a1d0	__allmul	undefined __allmul()	0	0	unknown	true		2	464	19	1	761
urn:ure:t6:occ:function:current-client:00a7a210	0x00a7a210	xbuild-enriched-full	true	00a7a210	_memchr	void * __cdecl _memchr(void * _Buf, int _Val, size_t _MaxCount)	3	0	__cdecl	true		9	1564	76	17	2261
urn:ure:t6:occ:function:current-client:00a7a2c0	0x00a7a2c0	xbuild-enriched-full	true	00a7a2c0	_strcspn	size_t __cdecl _strcspn(char * _Str, char * _Control)	2	0	__cdecl	true		5	1370	35	4	1074
urn:ure:t6:occ:function:current-client:00a7a310	0x00a7a310	xbuild-enriched-full	true	00a7a310	_strspn	size_t __cdecl _strspn(char * _Str, char * _Control)	2	0	__cdecl	true		4	1355	35	4	1073
urn:ure:t6:occ:function:current-client:00a7a356	0x00a7a356	xbuild-enriched-full	true	00a7a356	FUN_00a7a356	undefined FUN_00a7a356()	0	0	unknown	true		3	274	21	6	729
urn:ure:t6:occ:function:current-client:00a7a386	0x00a7a386	xbuild-enriched-full	true	00a7a386	FUN_00a7a386	undefined FUN_00a7a386()	0	0	unknown	true		7	616	82	22	3237
urn:ure:t6:occ:function:current-client:00a7a4ff	0x00a7a4ff	xbuild-enriched-full	true	00a7a4ff	FUN_00a7a4ff	undefined FUN_00a7a4ff()	0	0	unknown	true		33	3879	262	59	8018
urn:ure:t6:occ:function:current-client:00a7a787	0x00a7a787	xbuild-enriched-full	true	00a7a787	FID_conflict:__localtime64	tm * __cdecl FID_conflict:__localtime64(__time32_t * _Time)	1	0	__cdecl	true		3	546	20	3	641
urn:ure:t6:occ:function:current-client:00a7a7ae	0x00a7a7ae	xbuild-enriched-full	true	00a7a7ae	___ascii_stricmp	int __cdecl ___ascii_stricmp(char * _Str1, char * _Str2)	2	0	__cdecl	true		3	512	28	4	926
urn:ure:t6:occ:function:current-client:00a7a7e7	0x00a7a7e7	xbuild-enriched-full	true	00a7a7e7	__stricmp_l	int __cdecl __stricmp_l(char * _Str1, char * _Str2, _locale_t _Locale)	3	0	__cdecl	true		9	1406	72	19	2488
urn:ure:t6:occ:function:current-client:00a7a8a7	0x00a7a8a7	xbuild-enriched-full	true	00a7a8a7	__stricmp	int __cdecl __stricmp(char * _Str1, char * _Str2)	2	0	__cdecl	true		4	571	25	8	924
urn:ure:t6:occ:function:current-client:00a7a8ee	0x00a7a8ee	xbuild-enriched-full	true	00a7a8ee	_fgets	char * __cdecl _fgets(char * _Buf, int _MaxCount, FILE * _File)	3	0	__cdecl	true		14	2208	102	38	3577
urn:ure:t6:occ:function:current-client:00a7aa1e	0x00a7aa1e	xbuild-enriched-full	true	00a7aa1e	FUN_00a7aa1e	undefined FUN_00a7aa1e()	0	0	unknown	true		1	91	4	1	231
urn:ure:t6:occ:function:current-client:00a7aa26	0x00a7aa26	xbuild-enriched-full	true	00a7aa26	FUN_00a7aa26	undefined FUN_00a7aa26()	0	0	unknown	true		3	306	22	6	752
urn:ure:t6:occ:function:current-client:00a7aa58	0x00a7aa58	xbuild-enriched-full	true	00a7aa58	FUN_00a7aa58	undefined FUN_00a7aa58()	0	0	unknown	true		2	212	15	3	575
urn:ure:t6:occ:function:current-client:00a7aa7e	0x00a7aa7e	xbuild-enriched-full	true	00a7aa7e	___time64_t_from_ft	undefined ___time64_t_from_ft()	0	0	unknown	true		6	1108	48	10	1701
urn:ure:t6:occ:function:current-client:00a7aafa	0x00a7aafa	xbuild-enriched-full	true	00a7aafa	FUN_00a7aafa	undefined FUN_00a7aafa()	0	0	unknown	true		13	1849	101	26	3405
urn:ure:t6:occ:function:current-client:00a7ac21	0x00a7ac21	xbuild-enriched-full	true	00a7ac21	FUN_00a7ac21	undefined FUN_00a7ac21()	0	0	unknown	true		13	1821	96	28	3350
urn:ure:t6:occ:function:current-client:00a7ad4f	0x00a7ad4f	xbuild-enriched-full	true	00a7ad4f	__validdrive	int __cdecl __validdrive(uint param_1)	1	0	__cdecl	true		5	646	36	7	1250
urn:ure:t6:occ:function:current-client:00a7ada9	0x00a7ada9	xbuild-enriched-full	true	00a7ada9	__getdcwd_nolock	undefined __getdcwd_nolock()	0	0	unknown	true		13	1787	105	33	3498
urn:ure:t6:occ:function:current-client:00a7aecd	0x00a7aecd	xbuild-enriched-full	true	00a7aecd	__getcwd	char * __cdecl __getcwd(char * _DstBuf, int _SizeInBytes)	2	0	__cdecl	true		3	437	18	6	778
urn:ure:t6:occ:function:current-client:00a7af0d	0x00a7af0d	xbuild-enriched-full	true	00a7af0d	FUN_00a7af0d	undefined FUN_00a7af0d()	0	0	unknown	true		0	60	4	1	233
urn:ure:t6:occ:function:current-client:00a7af16	0x00a7af16	xbuild-enriched-full	true	00a7af16	_ldexp	double __cdecl _ldexp(double _X, int _Y)	2	0	__cdecl	true		19	1930	159	34	5087
urn:ure:t6:occ:function:current-client:00a7b0c8	0x00a7b0c8	xbuild-enriched-full	true	00a7b0c8	FUN_00a7b0c8	undefined FUN_00a7b0c8()	0	0	unknown	true		13	829	127	23	4852
urn:ure:t6:occ:function:current-client:00a7b2de	0x00a7b2de	xbuild-enriched-full	true	00a7b2de	FID_conflict:_getc	int __cdecl FID_conflict:_getc(FILE * _File)	1	0	__cdecl	true		11	1591	74	29	2656
urn:ure:t6:occ:function:current-client:00a7b3ca	0x00a7b3ca	xbuild-enriched-full	true	00a7b3ca	FUN_00a7b3ca	undefined FUN_00a7b3ca()	0	0	unknown	true		1	91	4	1	231
urn:ure:t6:occ:function:current-client:00a7b3d2	0x00a7b3d2	xbuild-enriched-full	true	00a7b3d2	_realloc	void * __cdecl _realloc(void * _Memory, size_t _NewSize)	2	0	__cdecl	true		9	1214	68	25	2166
urn:ure:t6:occ:function:current-client:00a7b480	0x00a7b480	xbuild-enriched-full	true	00a7b480	__allshr	undefined __allshr()	0	0	unknown	true		2	483	15	2	520
urn:ure:t6:occ:function:current-client:00a7b4a1	0x00a7b4a1	xbuild-enriched-full	true	00a7b4a1	_calloc	void * __cdecl _calloc(size_t _Count, size_t _Size)	2	0	__cdecl	true		3	463	27	6	959
urn:ure:t6:occ:function:current-client:00a7b4e1	0x00a7b4e1	xbuild-enriched-full	true	00a7b4e1	___crtCorExitProcess	void __cdecl ___crtCorExitProcess(int param_1)	1	0	__cdecl	true		5	445	16	6	612
urn:ure:t6:occ:function:current-client:00a7b50c	0x00a7b50c	xbuild-enriched-full	true	00a7b50c	___crtExitProcess	void __cdecl ___crtExitProcess(int param_1)	1	0	__cdecl	true		2	274	9	2	420
urn:ure:t6:occ:function:current-client:00a7b524	0x00a7b524	xbuild-enriched-full	true	00a7b524	FUN_00a7b524	undefined FUN_00a7b524()	0	0	unknown	true		0	54	4	1	233
urn:ure:t6:occ:function:current-client:00a7b52d	0x00a7b52d	xbuild-enriched-full	true	00a7b52d	FUN_00a7b52d	undefined FUN_00a7b52d()	0	0	unknown	true		0	60	4	1	233
urn:ure:t6:occ:function:current-client:00a7b536	0x00a7b536	xbuild-enriched-full	true	00a7b536	__init_pointers	void __cdecl __init_pointers(void)	0	0	__cdecl	true		2	348	19	7	654
urn:ure:t6:occ:function:current-client:00a7b569	0x00a7b569	xbuild-enriched-full	true	00a7b569	__initterm_e	undefined __initterm_e()	0	0	unknown	true		2	369	19	4	663
urn:ure:t6:occ:function:current-client:00a7b58d	0x00a7b58d	xbuild-enriched-full	true	00a7b58d	__cinit	int __cdecl __cinit(int param_1)	1	0	__cdecl	true		6	1000	54	24	1723
urn:ure:t6:occ:function:current-client:00a7b624	0x00a7b624	xbuild-enriched-full	true	00a7b624	doexit	undefined __cdecl doexit()	0	0	__cdecl	true		14	2296	92	38	3526
urn:ure:t6:occ:function:current-client:00a7b74f	0x00a7b74f	xbuild-enriched-full	true	00a7b74f	FUN_00a7b74f	undefined FUN_00a7b74f()	0	0	unknown	true		1	127	6	2	310
urn:ure:t6:occ:function:current-client:00a7b764	0x00a7b764	xbuild-enriched-full	true	00a7b764	_exit	void __cdecl _exit(int _Code)	1	0	__cdecl	true		1	160	10	1	400
urn:ure:t6:occ:function:current-client:00a7b77a	0x00a7b77a	xbuild-enriched-full	true	00a7b77a	__exit	undefined __exit()	0	0	unknown	true		1	165	10	1	400
urn:ure:t6:occ:function:current-client:00a7b790	0x00a7b790	xbuild-enriched-full	true	00a7b790	__cexit	void __cdecl __cexit(void)	0	0	__cdecl	true		1	155	6	1	287
urn:ure:t6:occ:function:current-client:00a7b7ae	0x00a7b7ae	xbuild-enriched-full	true	00a7b7ae	__amsg_exit	void __cdecl __amsg_exit(int param_1)	1	0	__cdecl	true		1	275	10	3	429
urn:ure:t6:occ:function:current-client:00a7b7cc	0x00a7b7cc	xbuild-enriched-full	true	00a7b7cc	__wcstombs_l_helper	undefined __wcstombs_l_helper()	0	0	unknown	true		28	4133	210	58	7407
urn:ure:t6:occ:function:current-client:00a7ba33	0x00a7ba33	xbuild-enriched-full	true	00a7ba33	_wcstombs	size_t __cdecl _wcstombs(char * _Dest, wchar_t * _Source, size_t _MaxCount)	3	0	__cdecl	true		2	268	11	1	465
urn:ure:t6:occ:function:current-client:00a7ba4d	0x00a7ba4d	xbuild-enriched-full	true	00a7ba4d	__splitpath_helper	undefined __splitpath_helper()	0	0	unknown	true		24	4929	208	67	6921
urn:ure:t6:occ:function:current-client:00a7bc45	0x00a7bc45	xbuild-enriched-full	true	00a7bc45	__splitpath	void __cdecl __splitpath(char * _FullPath, char * _Drive, char * _Dir, char * _Filename, char * _Ext)	5	0	__cdecl	true		3	479	33	1	1133
urn:ure:t6:occ:function:current-client:00a7bc91	0x00a7bc91	xbuild-enriched-full	true	00a7bc91	__endthreadex	void __cdecl __endthreadex(uint _Retval)	1	0	__cdecl	true		4	339	12	4	489
urn:ure:t6:occ:function:current-client:00a7bcb0	0x00a7bcb0	xbuild-enriched-full	true	00a7bcb0	__callthreadstartex	undefined __callthreadstartex()	0	0	unknown	true		5	476	19	5	767
urn:ure:t6:occ:function:current-client:00a7bcf1	0x00a7bcf1	xbuild-enriched-full	true	00a7bcf1	__threadstartex@4	undefined __threadstartex@4()	0	0	unknown	true		7	895	34	13	1307
urn:ure:t6:occ:function:current-client:00a7bd56	0x00a7bd56	xbuild-enriched-full	true	00a7bd56	__beginthreadex	uintptr_t __cdecl __beginthreadex(void * _Security, uint _StackSize, _StartAddress * _StartAddress, void * _ArgList, uint _InitFlag, uint * _ThrdAddr)	6	0	__cdecl	true		10	1299	63	17	2055
urn:ure:t6:occ:function:current-client:00a7be0a	0x00a7be0a	xbuild-enriched-full	true	00a7be0a	FUN_00a7be0a	undefined FUN_00a7be0a()	0	0	unknown	true		0	61	2	2	210
urn:ure:t6:occ:function:current-client:00a7be22	0x00a7be22	xbuild-enriched-full	true	00a7be22	FUN_00a7be22	undefined FUN_00a7be22()	0	0	unknown	true		7	508	82	17	3030
urn:ure:t6:occ:function:current-client:00a7bf79	0x00a7bf79	xbuild-enriched-full	true	00a7bf79	FUN_00a7bf79	undefined FUN_00a7bf79()	0	0	unknown	true		12	1583	122	26	4751
urn:ure:t6:occ:function:current-client:00a7c19f	0x00a7c19f	xbuild-enriched-full	true	00a7c19f	FUN_00a7c19f	undefined FUN_00a7c19f()	0	0	unknown	true		65	12197	398	72	14234
urn:ure:t6:occ:function:current-client:00a7c9cb	0x00a7c9cb	xbuild-enriched-full	true	00a7c9cb	_abort	void __cdecl _abort(void)	0	0	__cdecl	true		3	368	16	7	614
urn:ure:t6:occ:function:current-client:00a7c9fe	0x00a7c9fe	xbuild-enriched-full	true	00a7c9fe	FUN_00a7c9fe	undefined FUN_00a7c9fe()	0	0	unknown	true		1	212	13	2	552
urn:ure:t6:occ:function:current-client:00a7ca1f	0x00a7ca1f	xbuild-enriched-full	true	00a7ca1f	_feof	int __cdecl _feof(FILE * _File)	1	0	__cdecl	true		2	320	16	3	605
urn:ure:t6:occ:function:current-client:00a7ca47	0x00a7ca47	xbuild-enriched-full	true	00a7ca47	_ferror	int __cdecl _ferror(FILE * _File)	1	0	__cdecl	true		1	324	16	3	605
urn:ure:t6:occ:function:current-client:00a7ca6f	0x00a7ca6f	xbuild-enriched-full	true	00a7ca6f	_bsearch	void * __cdecl _bsearch(void * _Key, void * _Base, size_t _NumOfElements, size_t _SizeOfElements, _PtFuncCompare * _PtFuncCompare)	5	0	__cdecl	true		8	1487	77	18	2600
urn:ure:t6:occ:function:current-client:00a7cb23	0x00a7cb23	xbuild-enriched-full	true	00a7cb23	__difftime64	double __cdecl __difftime64(__time64_t _Time1, __time64_t _Time2)	2	0	__cdecl	true		3	383	27	7	1029
urn:ure:t6:occ:function:current-client:00a7cb66	0x00a7cb66	xbuild-enriched-full	true	00a7cb66	vfprintf_helper	undefined __cdecl vfprintf_helper()	0	0	__cdecl	true		11	1558	82	29	2927
urn:ure:t6:occ:function:current-client:00a7cc67	0x00a7cc67	xbuild-enriched-full	true	00a7cc67	FUN_00a7cc67	undefined FUN_00a7cc67()	0	0	unknown	true		1	107	4	1	253
urn:ure:t6:occ:function:current-client:00a7cc71	0x00a7cc71	xbuild-enriched-full	true	00a7cc71	FID_conflict:_vfprintf	int __cdecl FID_conflict:_vfprintf(FILE * _File, char * _Format, va_list _ArgList)	3	0	__cdecl	true		1	343	12	2	499
urn:ure:t6:occ:function:current-client:00a7cc90	0x00a7cc90	xbuild-enriched-full	true	00a7cc90	_clearerr_s	errno_t __cdecl _clearerr_s(FILE * _File)	1	0	__cdecl	true		6	917	52	18	1764
urn:ure:t6:occ:function:current-client:00a7cd2c	0x00a7cd2c	xbuild-enriched-full	true	00a7cd2c	FUN_00a7cd2c	undefined FUN_00a7cd2c()	0	0	unknown	true		1	91	4	1	231
urn:ure:t6:occ:function:current-client:00a7cd34	0x00a7cd34	xbuild-enriched-full	true	00a7cd34	FUN_00a7cd34	undefined FUN_00a7cd34()	0	0	unknown	true		0	74	5	1	266
urn:ure:t6:occ:function:current-client:00a7cd3f	0x00a7cd3f	xbuild-enriched-full	true	00a7cd3f	idtab	undefined __cdecl idtab()	0	0	__cdecl	true		3	883	35	14	1221
urn:ure:t6:occ:function:current-client:00a7cd9d	0x00a7cd9d	xbuild-enriched-full	true	00a7cd9d	__popen	FILE * __cdecl __popen(char * _Command, char * _Mode)	2	0	__cdecl	true		102	7846	413	118	14094
urn:ure:t6:occ:function:current-client:00a7d25c	0x00a7d25c	xbuild-enriched-full	true	00a7d25c	FUN_00a7d25c	undefined FUN_00a7d25c()	0	0	unknown	true		1	60	4	1	233
urn:ure:t6:occ:function:current-client:00a7d265	0x00a7d265	xbuild-enriched-full	true	00a7d265	__pclose	int __cdecl __pclose(FILE * _File)	1	0	__cdecl	true		8	1246	60	23	2173
urn:ure:t6:occ:function:current-client:00a7d327	0x00a7d327	xbuild-enriched-full	true	00a7d327	FUN_00a7d327	undefined FUN_00a7d327()	0	0	unknown	true		1	60	4	1	233
urn:ure:t6:occ:function:current-client:00a7d330	0x00a7d330	xbuild-enriched-full	true	00a7d330	__ungetc_nolock	int __cdecl __ungetc_nolock(int _Ch, FILE * _File)	2	0	__cdecl	true		12	1743	90	27	2985
urn:ure:t6:occ:function:current-client:00a7d413	0x00a7d413	xbuild-enriched-full	true	00a7d413	_ungetc	int __cdecl _ungetc(int _Ch, FILE * _File)	2	0	__cdecl	true		4	551	28	10	1122
urn:ure:t6:occ:function:current-client:00a7d472	0x00a7d472	xbuild-enriched-full	true	00a7d472	FUN_00a7d472	undefined FUN_00a7d472()	0	0	unknown	true		1	107	4	1	253
urn:ure:t6:occ:function:current-client:00a7d47c	0x00a7d47c	xbuild-enriched-full	true	00a7d47c	vfscanf	undefined __cdecl vfscanf()	0	0	__cdecl	true		11	1471	75	27	2720
urn:ure:t6:occ:function:current-client:00a7d56e	0x00a7d56e	xbuild-enriched-full	true	00a7d56e	FUN_00a7d56e	undefined FUN_00a7d56e()	0	0	unknown	true		1	91	4	1	231
urn:ure:t6:occ:function:current-client:00a7d576	0x00a7d576	xbuild-enriched-full	true	00a7d576	FID_conflict:_fscanf	int __cdecl FID_conflict:_fscanf(FILE * _File, char * _Format, ...)	2	0	__cdecl	true		2	306	13	2	513
urn:ure:t6:occ:function:current-client:00a7d596	0x00a7d596	xbuild-enriched-full	true	00a7d596	_setvbuf	int __cdecl _setvbuf(FILE * _File, char * _Buf, int _Mode, size_t _Size)	4	0	__cdecl	true		10	1655	77	26	2777
urn:ure:t6:occ:function:current-client:00a7d682	0x00a7d682	xbuild-enriched-full	true	00a7d682	FUN_00a7d682	undefined FUN_00a7d682()	0	0	unknown	true		1	105	4	1	253
urn:ure:t6:occ:function:current-client:00a7d68c	0x00a7d68c	xbuild-enriched-full	true	00a7d68c	__aligned_offset_malloc	void * __cdecl __aligned_offset_malloc(size_t _Size, size_t _Alignment, size_t _Offset)	3	0	__cdecl	true		6	1093	61	16	1976
urn:ure:t6:occ:function:current-client:00a7d724	0x00a7d724	xbuild-enriched-full	true	00a7d724	__aligned_free	void __cdecl __aligned_free(void * _Memory)	1	0	__cdecl	true		2	254	12	2	483
urn:ure:t6:occ:function:current-client:00a7d73e	0x00a7d73e	xbuild-enriched-full	true	00a7d73e	__aligned_malloc	void * __cdecl __aligned_malloc(size_t _Size, size_t _Alignment)	2	0	__cdecl	true		1	266	10	1	420
urn:ure:t6:occ:function:current-client:00a7d755	0x00a7d755	xbuild-enriched-full	true	00a7d755	__aligned_offset_realloc	void * __cdecl __aligned_offset_realloc(void * _Memory, size_t _NewSize, size_t _Alignment, size_t _Offset)	4	0	__cdecl	true		16	2350	151	34	5143
urn:ure:t6:occ:function:current-client:00a7d8e1	0x00a7d8e1	xbuild-enriched-full	true	00a7d8e1	__aligned_realloc	void * __cdecl __aligned_realloc(void * _Memory, size_t _NewSize, size_t _Alignment)	3	0	__cdecl	true		2	297	11	1	465
urn:ure:t6:occ:function:current-client:00a7d8fb	0x00a7d8fb	xbuild-enriched-full	true	00a7d8fb	_strncpy_s	errno_t __cdecl _strncpy_s(char * _Dst, rsize_t _SizeInBytes, char * _Src, rsize_t _MaxCount)	4	0	__cdecl	true		9	1891	84	25	2701
urn:ure:t6:occ:function:current-client:00a7d9b0	0x00a7d9b0	xbuild-enriched-full	true	00a7d9b0	__vsnprintf_helper	undefined __vsnprintf_helper()	0	0	unknown	true		9	1436	77	17	2675
urn:ure:t6:occ:function:current-client:00a7da7a	0x00a7da7a	xbuild-enriched-full	true	00a7da7a	__vsnprintf_s_l	int __cdecl __vsnprintf_s_l(char * _DstBuf, size_t _DstSize, size_t _MaxCount, char * _Format, _locale_t _Locale, va_list _ArgList)	6	0	__cdecl	true		11	1883	84	32	2833
urn:ure:t6:occ:function:current-client:00a7db66	0x00a7db66	xbuild-enriched-full	true	00a7db66	__vsnprintf_s	int __cdecl __vsnprintf_s(char * _DstBuf, size_t _SizeInBytes, size_t _MaxCount, char * _Format, va_list _ArgList)	5	0	__cdecl	true		3	339	13	1	553
urn:ure:t6:occ:function:current-client:00a7dba8	0x00a7dba8	xbuild-enriched-full	true	00a7dba8	FUN_00a7dba8	undefined FUN_00a7dba8()	0	0	unknown	true		0	61	2	2	210
urn:ure:t6:occ:function:current-client:00a7dbb2	0x00a7dbb2	xbuild-enriched-full	true	00a7dbb2	FUN_00a7dbb2	undefined FUN_00a7dbb2()	0	0	unknown	true		0	61	2	2	204
urn:ure:t6:occ:function:current-client:00a7dbb9	0x00a7dbb9	xbuild-enriched-full	true	00a7dbb9	FUN_00a7dbb9	undefined FUN_00a7dbb9()	0	0	unknown	true		0	61	2	2	204
urn:ure:t6:occ:function:current-client:00a7dbc0	0x00a7dbc0	xbuild-enriched-full	true	00a7dbc0	_clock	clock_t __cdecl _clock(void)	0	0	__cdecl	true		3	548	24	4	845
urn:ure:t6:occ:function:current-client:00a7dbfa	0x00a7dbfa	xbuild-enriched-full	true	00a7dbfa	___inittime	undefined ___inittime()	0	0	unknown	true		2	379	20	3	728
urn:ure:t6:occ:function:current-client:00a7dc28	0x00a7dc28	xbuild-enriched-full	true	00a7dc28	FUN_00a7dc28	undefined FUN_00a7dc28()	0	0	unknown	true		16	1949	108	28	3682
urn:ure:t6:occ:function:current-client:00a7dd4b	0x00a7dd4b	xbuild-enriched-full	true	00a7dd4b	FUN_00a7dd4b	undefined FUN_00a7dd4b()	0	0	unknown	true		1	109	10	1	420
urn:ure:t6:occ:function:current-client:00a7dd62	0x00a7dd62	xbuild-enriched-full	true	00a7dd62	__strcoll_l	int __cdecl __strcoll_l(char * _Str1, char * _Str2, _locale_t _Locale)	3	0	__cdecl	true		8	1249	56	15	2038
urn:ure:t6:occ:function:current-client:00a7de00	0x00a7de00	xbuild-enriched-full	true	00a7de00	_strcoll	int __cdecl _strcoll(char * _Str1, char * _Str2)	2	0	__cdecl	true		2	231	10	1	420
urn:ure:t6:occ:function:current-client:00a7de17	0x00a7de17	xbuild-enriched-full	true	00a7de17	__tempnam	char * __cdecl __tempnam(char * _DirName, char * _FilePrefix)	2	0	__cdecl	true		31	3360	219	72	6977
urn:ure:t6:occ:function:current-client:00a7e079	0x00a7e079	xbuild-enriched-full	true	00a7e079	FUN_00a7e079	undefined FUN_00a7e079()	0	0	unknown	true		1	60	4	1	233
urn:ure:t6:occ:function:current-client:00a7e082	0x00a7e082	xbuild-enriched-full	true	00a7e082	FUN_00a7e082	undefined FUN_00a7e082()	0	0	unknown	true		2	325	17	5	651
urn:ure:t6:occ:function:current-client:00a7e0aa	0x00a7e0aa	xbuild-enriched-full	true	00a7e0aa	FUN_00a7e0aa	undefined FUN_00a7e0aa()	0	0	unknown	true		7	813	48	13	1453
urn:ure:t6:occ:function:current-client:00a7e114	0x00a7e114	xbuild-enriched-full	true	00a7e114	FUN_00a7e114	undefined FUN_00a7e114()	0	0	unknown	true		4	643	39	8	1215
urn:ure:t6:occ:function:current-client:00a7e167	0x00a7e167	xbuild-enriched-full	true	00a7e167	_system	int __cdecl _system(char * _Command)	1	0	__cdecl	true		9	1413	91	24	2850
urn:ure:t6:occ:function:current-client:00a7e244	0x00a7e244	xbuild-enriched-full	true	00a7e244	_store_str	void __cdecl _store_str(char * param_1, char * * param_2, uint * param_3)	3	0	__cdecl	true		2	487	18	3	650
urn:ure:t6:occ:function:current-client:00a7e264	0x00a7e264	xbuild-enriched-full	true	00a7e264	_store_num	void __cdecl _store_num(int param_1, int param_2, char * * param_3, uint * param_4, uint param_5)	5	0	__cdecl	true		6	1433	65	10	2026
urn:ure:t6:occ:function:current-client:00a7e2df	0x00a7e2df	xbuild-enriched-full	true	00a7e2df	_expandtime	int __cdecl _expandtime(localeinfo_struct * param_1, char param_2, tm * param_3, char * * param_4, uint * param_5, __lc_time_data * param_6, uint param_7)	7	0	__cdecl	true		36	4879	314	106	10018
urn:ure:t6:occ:function:current-client:00a7e697	0x00a7e697	xbuild-enriched-full	true	00a7e697	_store_winword	int __cdecl _store_winword(localeinfo_struct * param_1, int param_2, tm * param_3, char * * param_4, uint * param_5, __lc_time_data * param_6)	6	0	__cdecl	true		63	7415	400	114	13171
urn:ure:t6:occ:function:current-client:00a7eaf1	0x00a7eaf1	xbuild-enriched-full	true	00a7eaf1	__Strftime_l	undefined __Strftime_l()	0	0	unknown	true		20	3089	146	38	5227
urn:ure:t6:occ:function:current-client:00a7ec7d	0x00a7ec7d	xbuild-enriched-full	true	00a7ec7d	_strftime	size_t __cdecl _strftime(char * _Buf, size_t _SizeInBytes, char * _Format, tm * _Tm)	4	0	__cdecl	true		2	276	13	1	532
urn:ure:t6:occ:function:current-client:00a7ec9c	0x00a7ec9c	xbuild-enriched-full	true	00a7ec9c	__copytlocinfo_nolock	undefined __copytlocinfo_nolock()	0	0	unknown	true		2	552	21	4	674
urn:ure:t6:occ:function:current-client:00a7ecc2	0x00a7ecc2	xbuild-enriched-full	true	00a7ecc2	FUN_00a7ecc2	undefined FUN_00a7ecc2()	0	0	unknown	true		3	513	33	5	1040
urn:ure:t6:occ:function:current-client:00a7ed03	0x00a7ed03	xbuild-enriched-full	true	00a7ed03	___lc_strtolc	undefined ___lc_strtolc()	0	0	unknown	true		11	1982	116	32	3503
urn:ure:t6:occ:function:current-client:00a7ee22	0x00a7ee22	xbuild-enriched-full	true	00a7ee22	FUN_00a7ee22	undefined FUN_00a7ee22()	0	0	unknown	true		4	517	44	9	1436
urn:ure:t6:occ:function:current-client:00a7ee8d	0x00a7ee8d	xbuild-enriched-full	true	00a7ee8d	__setlocale_get_all	undefined __setlocale_get_all()	0	0	unknown	true		14	2587	133	33	4507
urn:ure:t6:occ:function:current-client:00a7eff2	0x00a7eff2	xbuild-enriched-full	true	00a7eff2	__expandlocale	undefined __expandlocale()	0	0	unknown	true		20	2599	162	39	5790
urn:ure:t6:occ:function:current-client:00a7f213	0x00a7f213	xbuild-enriched-full	true	00a7f213	FUN_00a7f213	undefined FUN_00a7f213()	0	0	unknown	true		34	5107	227	41	8849
urn:ure:t6:occ:function:current-client:00a7f54d	0x00a7f54d	xbuild-enriched-full	true	00a7f54d	__setlocale_nolock	undefined __setlocale_nolock()	0	0	unknown	true		20	2764	171	51	5754
urn:ure:t6:occ:function:current-client:00a7f769	0x00a7f769	xbuild-enriched-full	true	00a7f769	_setlocale	char * __cdecl _setlocale(int _Category, char * _Locale)	2	0	__cdecl	true		15	1813	96	38	3488
urn:ure:t6:occ:function:current-client:00a7f89b	0x00a7f89b	xbuild-enriched-full	true	00a7f89b	FUN_00a7f89b	undefined FUN_00a7f89b()	0	0	unknown	true		1	62	4	1	233
urn:ure:t6:occ:function:current-client:00a7f8a7	0x00a7f8a7	xbuild-enriched-full	true	00a7f8a7	FUN_00a7f8a7	undefined FUN_00a7f8a7()	0	0	unknown	true		0	62	4	1	233
urn:ure:t6:occ:function:current-client:00a7f8d8	0x00a7f8d8	xbuild-enriched-full	true	00a7f8d8	FUN_00a7f8d8	undefined FUN_00a7f8d8()	0	0	unknown	true		0	135	2	0	210
urn:ure:t6:occ:function:current-client:00a7f8dd	0x00a7f8dd	xbuild-enriched-full	true	00a7f8dd	FUN_00a7f8dd	undefined FUN_00a7f8dd()	0	0	unknown	true		9	1209	76	23	2246
urn:ure:t6:occ:function:current-client:00a7f987	0x00a7f987	xbuild-enriched-full	true	00a7f987	FUN_00a7f987	undefined FUN_00a7f987()	0	0	unknown	true		7	982	69	14	2044
urn:ure:t6:occ:function:current-client:00a7fa1f	0x00a7fa1f	xbuild-enriched-full	true	00a7fa1f	__tmpnam_helper	undefined __tmpnam_helper()	0	0	unknown	true		13	2232	114	40	3819
urn:ure:t6:occ:function:current-client:00a7fb45	0x00a7fb45	xbuild-enriched-full	true	00a7fb45	FUN_00a7fb45	undefined FUN_00a7fb45()	0	0	unknown	true		1	60	4	1	233
urn:ure:t6:occ:function:current-client:00a7fb5b	0x00a7fb5b	xbuild-enriched-full	true	00a7fb5b	_tmpnam_s	errno_t __cdecl _tmpnam_s(char * _Buf, rsize_t _Size)	2	0	__cdecl	true		2	378	22	4	790
urn:ure:t6:occ:function:current-client:00a7fba0	0x00a7fba0	xbuild-enriched-full	true	00a7fba0	_localeconv	lconv * __cdecl _localeconv(void)	0	0	__cdecl	true		3	452	10	7	525
urn:ure:t6:occ:function:current-client:00a7fbc6	0x00a7fbc6	xbuild-enriched-full	true	00a7fbc6	fast_error_exit	undefined __cdecl fast_error_exit()	0	0	__cdecl	true		2	353	14	5	552
urn:ure:t6:occ:function:current-client:00a7fbef	0x00a7fbef	xbuild-enriched-full	true	00a7fbef	___tmainCRTStartup	undefined ___tmainCRTStartup()	0	0	unknown	true		16	2199	98	50	3378
urn:ure:t6:occ:function:current-client:00a7fd5c	0x00a7fd5c	xbuild-enriched-full	true	00a7fd5c	entry	undefined entry()	0	0	unknown	true		0	87	2	2	209
urn:ure:t6:occ:function:current-client:00a7fdb0	0x00a7fdb0	xbuild-enriched-full	true	00a7fdb0	FUN_00a7fdb0	undefined FUN_00a7fdb0()	0	0	unknown	true		2	362	21	7	867
urn:ure:t6:occ:function:current-client:00a7fe08	0x00a7fe08	xbuild-enriched-full	true	00a7fe08	FUN_00a7fe08	undefined FUN_00a7fe08()	0	0	unknown	true		6	887	48	25	1814
urn:ure:t6:occ:function:current-client:00a7fec0	0x00a7fec0	xbuild-enriched-full	true	00a7fec0	FUN_00a7fec0	undefined FUN_00a7fec0()	0	0	unknown	true		1	112	6	2	319
urn:ure:t6:occ:function:current-client:00a7fedd	0x00a7fedd	xbuild-enriched-full	true	00a7fedd	FUN_00a7fedd	undefined FUN_00a7fedd()	0	0	unknown	true		6	934	40	22	1547
urn:ure:t6:occ:function:current-client:00a7ffbc	0x00a7ffbc	xbuild-enriched-full	true	00a7ffbc	FUN_00a7ffbc	undefined FUN_00a7ffbc()	0	0	unknown	true		2	314	17	7	758
urn:ure:t6:occ:function:current-client:00a80050	0x00a80050	xbuild-enriched-full	true	00a80050	FUN_00a80050	undefined FUN_00a80050()	0	0	unknown	true		2	362	21	7	867
urn:ure:t6:occ:function:current-client:00a800a8	0x00a800a8	xbuild-enriched-full	true	00a800a8	FUN_00a800a8	undefined FUN_00a800a8()	0	0	unknown	true		6	887	48	25	1814
urn:ure:t6:occ:function:current-client:00a80160	0x00a80160	xbuild-enriched-full	true	00a80160	__vsprintf_l	int __cdecl __vsprintf_l(char * _DstBuf, char * _Format, _locale_t param_3, va_list _ArgList)	4	0	__cdecl	true		6	938	51	8	1776
urn:ure:t6:occ:function:current-client:00a801e4	0x00a801e4	xbuild-enriched-full	true	00a801e4	_vsprintf	int __cdecl _vsprintf(char * _Dest, char * _Format, va_list _Args)	3	0	__cdecl	true		2	258	11	1	465
urn:ure:t6:occ:function:current-client:00a801fe	0x00a801fe	xbuild-enriched-full	true	00a801fe	FID_conflict:__vscprintf_helper	undefined FID_conflict:__vscprintf_helper()	0	0	unknown	true		3	817	34	3	1267
urn:ure:t6:occ:function:current-client:00a8025a	0x00a8025a	xbuild-enriched-full	true	00a8025a	FID_conflict:__vscprintf_p	int __cdecl FID_conflict:__vscprintf_p(wchar_t * _Format, va_list _ArgList)	2	0	__cdecl	true		1	371	11	2	455
urn:ure:t6:occ:function:current-client:00a80280	0x00a80280	xbuild-enriched-full	true	00a80280	__except_handler4	undefined __except_handler4()	0	0	unknown	true		16	2706	131	35	4934
urn:ure:t6:occ:function:current-client:00a8041a	0x00a8041a	xbuild-enriched-full	true	00a8041a	FUN_00a8041a	undefined FUN_00a8041a()	0	0	unknown	true		0	61	2	2	210
urn:ure:t6:occ:function:current-client:00a80430	0x00a80430	xbuild-enriched-full	true	00a80430	FUN_00a80430	undefined FUN_00a80430()	0	0	unknown	true		7	1113	15	5	694
urn:ure:t6:occ:function:current-client:00a80470	0x00a80470	xbuild-enriched-full	true	00a80470	FUN_00a80470	undefined FUN_00a80470()	0	0	unknown	true		3	362	21	7	867
urn:ure:t6:occ:function:current-client:00a804bf	0x00a804bf	xbuild-enriched-full	true	00a804bf	FUN_00a804bf	undefined FUN_00a804bf()	0	0	unknown	true		6	912	2	1	212
urn:ure:t6:occ:function:current-client:00a804c8	0x00a804c8	xbuild-enriched-full	true	00a804c8	FUN_00a804c8	undefined FUN_00a804c8()	0	0	unknown	true		5	862	40	20	1445
urn:ure:t6:occ:function:current-client:00a80560	0x00a80560	xbuild-enriched-full	true	00a80560	FUN_00a80560	undefined FUN_00a80560()	0	0	unknown	true		9	1113	15	5	694
urn:ure:t6:occ:function:current-client:00a805a0	0x00a805a0	xbuild-enriched-full	true	00a805a0	FUN_00a805a0	undefined FUN_00a805a0()	0	0	unknown	true		3	362	21	7	867
urn:ure:t6:occ:function:current-client:00a805ef	0x00a805ef	xbuild-enriched-full	true	00a805ef	FUN_00a805ef	undefined FUN_00a805ef()	0	0	unknown	true		6	912	2	1	212
urn:ure:t6:occ:function:current-client:00a805f8	0x00a805f8	xbuild-enriched-full	true	00a805f8	FUN_00a805f8	undefined FUN_00a805f8()	0	0	unknown	true		6	862	40	20	1445
urn:ure:t6:occ:function:current-client:00a80689	0x00a80689	xbuild-enriched-full	true	00a80689	__fstat64i32	undefined __fstat64i32()	0	0	unknown	true		42	6514	272	68	10041
urn:ure:t6:occ:function:current-client:00a809d1	0x00a809d1	xbuild-enriched-full	true	00a809d1	FUN_00a809d1	undefined FUN_00a809d1()	0	0	unknown	true		1	110	4	1	255
urn:ure:t6:occ:function:current-client:00a809db	0x00a809db	xbuild-enriched-full	true	00a809db	__fileno	int __cdecl __fileno(FILE * _File)	1	0	__cdecl	true		2	290	15	3	585
urn:ure:t6:occ:function:current-client:00a80a01	0x00a80a01	xbuild-enriched-full	true	00a80a01	__setmode_nolock	int __cdecl __setmode_nolock(int _FileHandle, int _Mode)	2	0	__cdecl	true		7	1293	66	10	2266
urn:ure:t6:occ:function:current-client:00a80abc	0x00a80abc	xbuild-enriched-full	true	00a80abc	__get_fmode	errno_t __cdecl __get_fmode(int * _PMode)	1	0	__cdecl	true		2	403	18	4	665
urn:ure:t6:occ:function:current-client:00a80ae9	0x00a80ae9	xbuild-enriched-full	true	00a80ae9	FUN_00a80ae9	undefined FUN_00a80ae9()	0	0	unknown	true		10	1268	64	27	2397
urn:ure:t6:occ:function:current-client:00a80bcc	0x00a80bcc	xbuild-enriched-full	true	00a80bcc	FUN_00a80bcc	undefined FUN_00a80bcc()	0	0	unknown	true		1	92	4	1	231
urn:ure:t6:occ:function:current-client:00a80bd4	0x00a80bd4	xbuild-enriched-full	true	00a80bd4	__ArrayUnwind	void __stdcall __ArrayUnwind(void * param_1, uint param_2, int param_3, _func_void_void_ptr * param_4)	4	0	__stdcall	true		5	624	14	5	686
urn:ure:t6:occ:function:current-client:00a80c32	0x00a80c32	xbuild-enriched-full	true	00a80c32	`eh_vector_destructor_iterator'	void __stdcall `eh_vector_destructor_iterator'(void * param_1, uint param_2, int param_3, _func_void_void_ptr * param_4)	4	0	__stdcall	true		7	697	20	6	949
urn:ure:t6:occ:function:current-client:00a80c7d	0x00a80c7d	xbuild-enriched-full	true	00a80c7d	FUN_00a80c7d	undefined FUN_00a80c7d()	0	0	unknown	true		2	270	8	2	443
urn:ure:t6:occ:function:current-client:00a80c95	0x00a80c95	xbuild-enriched-full	true	00a80c95	`eh_vector_constructor_iterator'	void __stdcall `eh_vector_constructor_iterator'(void * param_1, uint param_2, int param_3, _func_void_void_ptr * param_4, _func_void_void_ptr * param_5)	5	0	__stdcall	true		7	793	22	6	1021
urn:ure:t6:occ:function:current-client:00a80ce2	0x00a80ce2	xbuild-enriched-full	true	00a80ce2	FUN_00a80ce2	undefined FUN_00a80ce2()	0	0	unknown	true		2	271	8	2	444
urn:ure:t6:occ:function:current-client:00a80cfa	0x00a80cfa	xbuild-enriched-full	true	00a80cfa	__strnicmp_l	int __cdecl __strnicmp_l(char * _Str1, char * _Str2, size_t _MaxCount, _locale_t _Locale)	4	0	__cdecl	true		10	1655	81	23	2841
urn:ure:t6:occ:function:current-client:00a80ddc	0x00a80ddc	xbuild-enriched-full	true	00a80ddc	__strnicmp	int __cdecl __strnicmp(char * _Str1, char * _Str2, size_t _MaxCount)	3	0	__cdecl	true		4	642	28	9	1059
urn:ure:t6:occ:function:current-client:00a80e2f	0x00a80e2f	xbuild-enriched-full	true	00a80e2f	FUN_00a80e2f	undefined FUN_00a80e2f()	0	0	unknown	true		15	3703	92	17	3222
urn:ure:t6:occ:function:current-client:00a80f42	0x00a80f42	xbuild-enriched-full	true	00a80f42	__VEC_memzero	undefined __VEC_memzero()	0	0	unknown	true		8	1704	73	17	2386
