function_id	requested_va	tier	found_exact	resolved_entry	ghidra_name	prototype	parameter_count	local_count	calling_convention	decompile_completed	decompiler_message	elapsed_ms	c_bytes	instruction_count	reference_count	asm_bytes
urn:ure:t6:occ:function:current-client:006536e0	0x006536e0	xbuild-enriched-full	true	006536e0	FUN_006536e0	undefined FUN_006536e0()	0	0	unknown	true		50	1271	115	0	5716
urn:ure:t6:occ:function:current-client:00653930	0x00653930	xbuild-enriched-full	true	00653930	FUN_00653930	undefined FUN_00653930()	0	0	unknown	true		44	1948	66	20	3434
urn:ure:t6:occ:function:current-client:00653b30	0x00653b30	xbuild-enriched-full	true	00653b30	FUN_00653b30	undefined FUN_00653b30()	0	0	unknown	true		25	1172	74	14	2343
urn:ure:t6:occ:function:current-client:00653bf0	0x00653bf0	xbuild-enriched-full	true	00653bf0	FUN_00653bf0	undefined FUN_00653bf0()	0	0	unknown	true		15	501	34	9	1269
urn:ure:t6:occ:function:current-client:00653c60	0x00653c60	xbuild-enriched-full	true	00653c60	FUN_00653c60	undefined FUN_00653c60()	0	0	unknown	true		22	693	28	14	1108
urn:ure:t6:occ:function:current-client:00653cc0	0x00653cc0	xbuild-enriched-full	true	00653cc0	FUN_00653cc0	undefined FUN_00653cc0()	0	0	unknown	true		6	106	7	2	329
urn:ure:t6:occ:function:current-client:00653d30	0x00653d30	xbuild-enriched-full	true	00653d30	FUN_00653d30	undefined FUN_00653d30()	0	0	unknown	true		68	4101	289	66	8957
urn:ure:t6:occ:function:current-client:00654040	0x00654040	xbuild-enriched-full	true	00654040	FUN_00654040	undefined FUN_00654040()	0	0	unknown	true		20	1717	95	18	3508
urn:ure:t6:occ:function:current-client:006541a0	0x006541a0	xbuild-enriched-full	true	006541a0	FUN_006541a0	undefined FUN_006541a0()	0	0	unknown	true		4	247	9	2	512
urn:ure:t6:occ:function:current-client:006541d0	0x006541d0	xbuild-enriched-full	true	006541d0	FUN_006541d0	undefined FUN_006541d0()	0	0	unknown	true		13	631	34	17	1296
urn:ure:t6:occ:function:current-client:00654250	0x00654250	xbuild-enriched-full	true	00654250	FUN_00654250	undefined FUN_00654250()	0	0	unknown	true		4	219	11	2	502
urn:ure:t6:occ:function:current-client:00654270	0x00654270	xbuild-enriched-full	true	00654270	FUN_00654270	undefined FUN_00654270()	0	0	unknown	true		5	203	8	4	406
urn:ure:t6:occ:function:current-client:006542a0	0x006542a0	xbuild-enriched-full	true	006542a0	FUN_006542a0	undefined FUN_006542a0()	0	0	unknown	true		13	831	62	13	2204
urn:ure:t6:occ:function:current-client:00654340	0x00654340	xbuild-enriched-full	true	00654340	FUN_00654340	undefined FUN_00654340()	0	0	unknown	true		10	619	33	15	1282
urn:ure:t6:occ:function:current-client:006543c0	0x006543c0	xbuild-enriched-full	true	006543c0	FUN_006543c0	undefined FUN_006543c0()	0	0	unknown	true		5	161	10	1	467
urn:ure:t6:occ:function:current-client:006543e0	0x006543e0	xbuild-enriched-full	true	006543e0	FUN_006543e0	undefined FUN_006543e0()	0	0	unknown	true		6	312	21	6	811
urn:ure:t6:occ:function:current-client:00654420	0x00654420	xbuild-enriched-full	true	00654420	FUN_00654420	undefined FUN_00654420()	0	0	unknown	true		6	439	19	6	795
urn:ure:t6:occ:function:current-client:00654470	0x00654470	xbuild-enriched-full	true	00654470	FUN_00654470	undefined FUN_00654470()	0	0	unknown	true		8	207	13	3	539
urn:ure:t6:occ:function:current-client:006544a0	0x006544a0	xbuild-enriched-full	true	006544a0	FUN_006544a0	undefined FUN_006544a0()	0	0	unknown	true		8	661	34	11	1146
urn:ure:t6:occ:function:current-client:00654520	0x00654520	xbuild-enriched-full	true	00654520	FUN_00654520	undefined FUN_00654520()	0	0	unknown	true		8	481	40	7	1648
urn:ure:t6:occ:function:current-client:006545c0	0x006545c0	xbuild-enriched-full	true	006545c0	FUN_006545c0	undefined FUN_006545c0()	0	0	unknown	true		2	49	2	0	178
urn:ure:t6:occ:function:current-client:00654610	0x00654610	xbuild-enriched-full	true	00654610	FUN_00654610	undefined FUN_00654610()	0	0	unknown	true		5	408	19	3	747
urn:ure:t6:occ:function:current-client:00654670	0x00654670	xbuild-enriched-full	true	00654670	FUN_00654670	undefined FUN_00654670()	0	0	unknown	true		11	597	36	3	1675
urn:ure:t6:occ:function:current-client:00654700	0x00654700	xbuild-enriched-full	true	00654700	FUN_00654700	undefined FUN_00654700()	0	0	unknown	true		1	87	3	0	254
urn:ure:t6:occ:function:current-client:00654710	0x00654710	xbuild-enriched-full	true	00654710	FUN_00654710	undefined FUN_00654710()	0	0	unknown	true		18	1128	60	28	2000
urn:ure:t6:occ:function:current-client:006547f0	0x006547f0	xbuild-enriched-full	true	006547f0	FUN_006547f0	undefined FUN_006547f0()	0	0	unknown	true		13	783	56	15	1892
urn:ure:t6:occ:function:current-client:00654890	0x00654890	xbuild-enriched-full	true	00654890	FUN_00654890	undefined FUN_00654890()	0	0	unknown	true		7	464	31	15	1128
urn:ure:t6:occ:function:current-client:00654900	0x00654900	xbuild-enriched-full	true	00654900	FUN_00654900	undefined FUN_00654900()	0	0	unknown	true		7	297	42	10	1312
urn:ure:t6:occ:function:current-client:00654970	0x00654970	xbuild-enriched-full	true	00654970	FUN_00654970	undefined FUN_00654970()	0	0	unknown	true		4	154	4	2	266
urn:ure:t6:occ:function:current-client:00654980	0x00654980	xbuild-enriched-full	true	00654980	FUN_00654980	undefined FUN_00654980()	0	0	unknown	true		2	112	6	1	371
urn:ure:t6:occ:function:current-client:006549a0	0x006549a0	xbuild-enriched-full	true	006549a0	FUN_006549a0	undefined FUN_006549a0()	0	0	unknown	true		4	277	12	5	524
urn:ure:t6:occ:function:current-client:006549d0	0x006549d0	xbuild-enriched-full	true	006549d0	FUN_006549d0	undefined FUN_006549d0()	0	0	unknown	true		16	760	41	18	1374
urn:ure:t6:occ:function:current-client:00654ac0	0x00654ac0	xbuild-enriched-full	true	00654ac0	FUN_00654ac0	undefined FUN_00654ac0()	0	0	unknown	true		12	789	54	14	2003
urn:ure:t6:occ:function:current-client:00654b60	0x00654b60	xbuild-enriched-full	true	00654b60	FUN_00654b60	undefined FUN_00654b60()	0	0	unknown	true		7	447	29	6	1035
urn:ure:t6:occ:function:current-client:00654bc0	0x00654bc0	xbuild-enriched-full	true	00654bc0	FUN_00654bc0	undefined FUN_00654bc0()	0	0	unknown	true		8	655	41	9	1472
urn:ure:t6:occ:function:current-client:00654c40	0x00654c40	xbuild-enriched-full	true	00654c40	FUN_00654c40	undefined FUN_00654c40()	0	0	unknown	true		3	100	5	3	280
urn:ure:t6:occ:function:current-client:00654c70	0x00654c70	xbuild-enriched-full	true	00654c70	FUN_00654c70	undefined FUN_00654c70()	0	0	unknown	true		22	1832	121	23	4515
urn:ure:t6:occ:function:current-client:00654e50	0x00654e50	xbuild-enriched-full	true	00654e50	FUN_00654e50	undefined FUN_00654e50()	0	0	unknown	true		6	334	16	7	609
urn:ure:t6:occ:function:current-client:00654e90	0x00654e90	xbuild-enriched-full	true	00654e90	FUN_00654e90	undefined FUN_00654e90()	0	0	unknown	true		9	321	25	9	904
urn:ure:t6:occ:function:current-client:00654f30	0x00654f30	xbuild-enriched-full	true	00654f30	FUN_00654f30	undefined FUN_00654f30()	0	0	unknown	true		4	234	11	3	603
urn:ure:t6:occ:function:current-client:00654f60	0x00654f60	xbuild-enriched-full	true	00654f60	FUN_00654f60	undefined FUN_00654f60()	0	0	unknown	true		2	192	6	2	357
urn:ure:t6:occ:function:current-client:00654f80	0x00654f80	xbuild-enriched-full	true	00654f80	FUN_00654f80	undefined FUN_00654f80()	0	0	unknown	true		2	85	6	1	311
urn:ure:t6:occ:function:current-client:00654f90	0x00654f90	xbuild-enriched-full	true	00654f90	FUN_00654f90	undefined FUN_00654f90()	0	0	unknown	true		1	60	2	1	194
urn:ure:t6:occ:function:current-client:00654fa0	0x00654fa0	xbuild-enriched-full	true	00654fa0	FUN_00654fa0	undefined FUN_00654fa0()	0	0	unknown	true		6	938	21	3	1167
urn:ure:t6:occ:function:current-client:00655000	0x00655000	xbuild-enriched-full	true	00655000	FUN_00655000	undefined FUN_00655000()	0	0	unknown	true		232	8553	632	111	25960
urn:ure:t6:occ:function:current-client:00655bd0	0x00655bd0	xbuild-enriched-full	true	00655bd0	FUN_00655bd0	undefined FUN_00655bd0()	0	0	unknown	true		11	911	65	12	2034
urn:ure:t6:occ:function:current-client:00655c80	0x00655c80	xbuild-enriched-full	true	00655c80	FUN_00655c80	undefined FUN_00655c80()	0	0	unknown	true		4	377	20	6	817
urn:ure:t6:occ:function:current-client:00655cd0	0x00655cd0	xbuild-enriched-full	true	00655cd0	FUN_00655cd0	undefined FUN_00655cd0()	0	0	unknown	true		2	233	8	4	431
urn:ure:t6:occ:function:current-client:00655cf0	0x00655cf0	xbuild-enriched-full	true	00655cf0	FUN_00655cf0	undefined FUN_00655cf0()	0	0	unknown	true		74	7261	416	72	15109
urn:ure:t6:occ:function:current-client:00656260	0x00656260	xbuild-enriched-full	true	00656260	FUN_00656260	undefined FUN_00656260()	0	0	unknown	true		15	1236	89	7	3210
urn:ure:t6:occ:function:current-client:00656370	0x00656370	xbuild-enriched-full	true	00656370	FUN_00656370	undefined FUN_00656370()	0	0	unknown	true		4	311	20	4	713
urn:ure:t6:occ:function:current-client:006563b0	0x006563b0	xbuild-enriched-full	true	006563b0	FUN_006563b0	undefined FUN_006563b0()	0	0	unknown	true		56	5500	227	27	9515
urn:ure:t6:occ:function:current-client:00656760	0x00656760	xbuild-enriched-full	true	00656760	FUN_00656760	undefined FUN_00656760()	0	0	unknown	true		4	149	9	6	446
urn:ure:t6:occ:function:current-client:00656790	0x00656790	xbuild-enriched-full	true	00656790	FUN_00656790	undefined FUN_00656790()	0	0	unknown	true		47	5473	244	40	8743
urn:ure:t6:occ:function:current-client:00656be0	0x00656be0	xbuild-enriched-full	true	00656be0	FUN_00656be0	undefined FUN_00656be0()	0	0	unknown	true		12	899	69	24	2102
urn:ure:t6:occ:function:current-client:00656c90	0x00656c90	xbuild-enriched-full	true	00656c90	FUN_00656c90	undefined FUN_00656c90()	0	0	unknown	true		5	346	31	3	1139
urn:ure:t6:occ:function:current-client:00656cf0	0x00656cf0	xbuild-enriched-full	true	00656cf0	FUN_00656cf0	undefined FUN_00656cf0()	0	0	unknown	true		4	271	17	7	628
urn:ure:t6:occ:function:current-client:00656d20	0x00656d20	xbuild-enriched-full	true	00656d20	FUN_00656d20	undefined FUN_00656d20()	0	0	unknown	true		11	971	69	8	2367
urn:ure:t6:occ:function:current-client:00656de0	0x00656de0	xbuild-enriched-full	true	00656de0	FUN_00656de0	undefined FUN_00656de0()	0	0	unknown	true		7	566	43	4	1459
urn:ure:t6:occ:function:current-client:00656e50	0x00656e50	xbuild-enriched-full	true	00656e50	FUN_00656e50	undefined FUN_00656e50()	0	0	unknown	true		1	72	4	2	245
urn:ure:t6:occ:function:current-client:00656e60	0x00656e60	xbuild-enriched-full	true	00656e60	FUN_00656e60	undefined FUN_00656e60()	0	0	unknown	true		43	4403	270	50	9576
urn:ure:t6:occ:function:current-client:006571b0	0x006571b0	xbuild-enriched-full	true	006571b0	FUN_006571b0	undefined FUN_006571b0()	0	0	unknown	true		9	1038	47	17	1735
urn:ure:t6:occ:function:current-client:00657270	0x00657270	xbuild-enriched-full	true	00657270	FUN_00657270	undefined FUN_00657270()	0	0	unknown	true		2	227	9	0	546
urn:ure:t6:occ:function:current-client:006572a0	0x006572a0	xbuild-enriched-full	true	006572a0	FUN_006572a0	undefined FUN_006572a0()	0	0	unknown	true		21	2571	142	13	6257
urn:ure:t6:occ:function:current-client:00657540	0x00657540	xbuild-enriched-full	true	00657540	FUN_00657540	undefined FUN_00657540()	0	0	unknown	true		13	1430	88	7	3451
urn:ure:t6:occ:function:current-client:00657660	0x00657660	xbuild-enriched-full	true	00657660	FUN_00657660	undefined FUN_00657660()	0	0	unknown	true		12	1121	76	15	2500
urn:ure:t6:occ:function:current-client:00657730	0x00657730	xbuild-enriched-full	true	00657730	FUN_00657730	undefined FUN_00657730()	0	0	unknown	true		4	267	18	2	734
urn:ure:t6:occ:function:current-client:00657780	0x00657780	xbuild-enriched-full	true	00657780	FUN_00657780	undefined FUN_00657780()	0	0	unknown	true		32	2200	186	47	5662
urn:ure:t6:occ:function:current-client:006579a0	0x006579a0	xbuild-enriched-full	true	006579a0	FUN_006579a0	undefined FUN_006579a0()	0	0	unknown	true		8	919	65	12	2032
urn:ure:t6:occ:function:current-client:00657a50	0x00657a50	xbuild-enriched-full	true	00657a50	FUN_00657a50	undefined FUN_00657a50()	0	0	unknown	true		11	1073	56	27	2251
urn:ure:t6:occ:function:current-client:00657b40	0x00657b40	xbuild-enriched-full	true	00657b40	FUN_00657b40	undefined FUN_00657b40()	0	0	unknown	true		4	305	17	3	718
urn:ure:t6:occ:function:current-client:00657b80	0x00657b80	xbuild-enriched-full	true	00657b80	FUN_00657b80	undefined FUN_00657b80()	0	0	unknown	true		4	610	14	1	825
urn:ure:t6:occ:function:current-client:00657bd0	0x00657bd0	xbuild-enriched-full	true	00657bd0	FUN_00657bd0	undefined FUN_00657bd0()	0	0	unknown	true		4	301	21	2	868
urn:ure:t6:occ:function:current-client:00657c40	0x00657c40	xbuild-enriched-full	true	00657c40	FUN_00657c40	undefined FUN_00657c40()	0	0	unknown	true		8	540	50	12	1561
urn:ure:t6:occ:function:current-client:00657cd0	0x00657cd0	xbuild-enriched-full	true	00657cd0	FUN_00657cd0	undefined FUN_00657cd0()	0	0	unknown	true		5	517	31	4	1112
urn:ure:t6:occ:function:current-client:00657d20	0x00657d20	xbuild-enriched-full	true	00657d20	FUN_00657d20	undefined FUN_00657d20()	0	0	unknown	true		13	1167	84	23	2520
urn:ure:t6:occ:function:current-client:00657e00	0x00657e00	xbuild-enriched-full	true	00657e00	FUN_00657e00	undefined FUN_00657e00()	0	0	unknown	true		4	326	13	5	626
urn:ure:t6:occ:function:current-client:00657e40	0x00657e40	xbuild-enriched-full	true	00657e40	FUN_00657e40	undefined FUN_00657e40()	0	0	unknown	true		8	1119	56	12	2264
urn:ure:t6:occ:function:current-client:00657f30	0x00657f30	xbuild-enriched-full	true	00657f30	FUN_00657f30	undefined FUN_00657f30()	0	0	unknown	true		8	637	46	14	1453
urn:ure:t6:occ:function:current-client:00658070	0x00658070	xbuild-enriched-full	true	00658070	FUN_00658070	undefined FUN_00658070()	0	0	unknown	true		6	593	38	5	1354
urn:ure:t6:occ:function:current-client:006580d0	0x006580d0	xbuild-enriched-full	true	006580d0	FUN_006580d0	undefined FUN_006580d0()	0	0	unknown	true		3	190	15	1	608
urn:ure:t6:occ:function:current-client:00658130	0x00658130	xbuild-enriched-full	true	00658130	FUN_00658130	undefined FUN_00658130()	0	0	unknown	true		17	1256	99	25	3173
urn:ure:t6:occ:function:current-client:00658230	0x00658230	xbuild-enriched-full	true	00658230	FUN_00658230	undefined FUN_00658230()	0	0	unknown	true		2	163	11	1	474
urn:ure:t6:occ:function:current-client:00658250	0x00658250	xbuild-enriched-full	true	00658250	FUN_00658250	undefined FUN_00658250()	0	0	unknown	true		3	341	26	10	1022
urn:ure:t6:occ:function:current-client:006582b0	0x006582b0	xbuild-enriched-full	true	006582b0	FUN_006582b0	undefined FUN_006582b0()	0	0	unknown	true		20	2457	148	25	5735
urn:ure:t6:occ:function:current-client:006585f0	0x006585f0	xbuild-enriched-full	true	006585f0	FUN_006585f0	undefined FUN_006585f0()	0	0	unknown	true		1	245	5	1	358
urn:ure:t6:occ:function:current-client:00658610	0x00658610	xbuild-enriched-full	true	00658610	FUN_00658610	undefined FUN_00658610()	0	0	unknown	true		50	3959	298	95	10435
urn:ure:t6:occ:function:current-client:00658a00	0x00658a00	xbuild-enriched-full	true	00658a00	FUN_00658a00	undefined FUN_00658a00()	0	0	unknown	true		7	407	36	9	1102
urn:ure:t6:occ:function:current-client:00658a80	0x00658a80	xbuild-enriched-full	true	00658a80	FUN_00658a80	undefined FUN_00658a80()	0	0	unknown	true		4	341	19	6	657
urn:ure:t6:occ:function:current-client:00658ab0	0x00658ab0	xbuild-enriched-full	true	00658ab0	FUN_00658ab0	undefined FUN_00658ab0()	0	0	unknown	true		7	910	54	9	1769
urn:ure:t6:occ:function:current-client:00658b40	0x00658b40	xbuild-enriched-full	true	00658b40	FUN_00658b40	undefined FUN_00658b40()	0	0	unknown	true		7	491	35	7	1225
urn:ure:t6:occ:function:current-client:00658bb0	0x00658bb0	xbuild-enriched-full	true	00658bb0	FUN_00658bb0	undefined FUN_00658bb0()	0	0	unknown	true		2	337	13	2	645
urn:ure:t6:occ:function:current-client:00658be0	0x00658be0	xbuild-enriched-full	true	00658be0	FUN_00658be0	undefined FUN_00658be0()	0	0	unknown	true		5	525	27	6	950
urn:ure:t6:occ:function:current-client:00658c30	0x00658c30	xbuild-enriched-full	true	00658c30	FUN_00658c30	undefined FUN_00658c30()	0	0	unknown	true		3	324	13	1	707
urn:ure:t6:occ:function:current-client:00658c70	0x00658c70	xbuild-enriched-full	true	00658c70	FUN_00658c70	undefined FUN_00658c70()	0	0	unknown	true		17	1749	112	19	4407
urn:ure:t6:occ:function:current-client:00658e20	0x00658e20	xbuild-enriched-full	true	00658e20	FUN_00658e20	undefined FUN_00658e20()	0	0	unknown	true		22	1055	70	23	2414
urn:ure:t6:occ:function:current-client:00658f00	0x00658f00	xbuild-enriched-full	true	00658f00	FUN_00658f00	undefined FUN_00658f00()	0	0	unknown	true		188	10542	488	126	19579
urn:ure:t6:occ:function:current-client:00659750	0x00659750	xbuild-enriched-full	true	00659750	FUN_00659750	undefined FUN_00659750()	0	0	unknown	true		6	201	12	3	611
urn:ure:t6:occ:function:current-client:00659780	0x00659780	xbuild-enriched-full	true	00659780	FUN_00659780	undefined FUN_00659780()	0	0	unknown	true		6	476	37	4	1115
urn:ure:t6:occ:function:current-client:006597e0	0x006597e0	xbuild-enriched-full	true	006597e0	FUN_006597e0	undefined FUN_006597e0()	0	0	unknown	true		7	502	21	9	919
urn:ure:t6:occ:function:current-client:00659840	0x00659840	xbuild-enriched-full	true	00659840	FUN_00659840	undefined FUN_00659840()	0	0	unknown	true		2	206	11	2	482
urn:ure:t6:occ:function:current-client:00659860	0x00659860	xbuild-enriched-full	true	00659860	FUN_00659860	undefined FUN_00659860()	0	0	unknown	true		4	307	20	5	864
urn:ure:t6:occ:function:current-client:006598b0	0x006598b0	xbuild-enriched-full	true	006598b0	FUN_006598b0	undefined FUN_006598b0()	0	0	unknown	true		34	1841	190	29	6368
urn:ure:t6:occ:function:current-client:00659b20	0x00659b20	xbuild-enriched-full	true	00659b20	FUN_00659b20	undefined FUN_00659b20()	0	0	unknown	true		5	529	23	2	956
urn:ure:t6:occ:function:current-client:00659b80	0x00659b80	xbuild-enriched-full	true	00659b80	FUN_00659b80	undefined FUN_00659b80()	0	0	unknown	true		7	377	19	6	977
urn:ure:t6:occ:function:current-client:00659c60	0x00659c60	xbuild-enriched-full	true	00659c60	FUN_00659c60	undefined FUN_00659c60()	0	0	unknown	true		23	2111	143	64	4796
urn:ure:t6:occ:function:current-client:00659e40	0x00659e40	xbuild-enriched-full	true	00659e40	FUN_00659e40	undefined FUN_00659e40()	0	0	unknown	true		8	700	37	13	1439
urn:ure:t6:occ:function:current-client:00659fa0	0x00659fa0	xbuild-enriched-full	true	00659fa0	FUN_00659fa0	undefined FUN_00659fa0()	0	0	unknown	true		6	510	32	7	1136
urn:ure:t6:occ:function:current-client:0065a000	0x0065a000	xbuild-enriched-full	true	0065a000	FUN_0065a000	undefined FUN_0065a000()	0	0	unknown	true		3	241	15	5	536
urn:ure:t6:occ:function:current-client:0065a030	0x0065a030	xbuild-enriched-full	true	0065a030	FUN_0065a030	undefined FUN_0065a030()	0	0	unknown	true		7	541	38	9	1261
urn:ure:t6:occ:function:current-client:0065a090	0x0065a090	xbuild-enriched-full	true	0065a090	FUN_0065a090	undefined FUN_0065a090()	0	0	unknown	true		58	5279	326	72	12100
urn:ure:t6:occ:function:current-client:0065a580	0x0065a580	xbuild-enriched-full	true	0065a580	FUN_0065a580	undefined FUN_0065a580()	0	0	unknown	true		22	1242	99	72	3593
urn:ure:t6:occ:function:current-client:0065a730	0x0065a730	xbuild-enriched-full	true	0065a730	FUN_0065a730	undefined FUN_0065a730()	0	0	unknown	true		15	1160	83	11	3168
urn:ure:t6:occ:function:current-client:0065a860	0x0065a860	xbuild-enriched-full	true	0065a860	FUN_0065a860	undefined FUN_0065a860()	0	0	unknown	true		4	428	22	14	871
urn:ure:t6:occ:function:current-client:0065a8c0	0x0065a8c0	xbuild-enriched-full	true	0065a8c0	FUN_0065a8c0	undefined FUN_0065a8c0()	0	0	unknown	true		34	2459	189	51	6863
urn:ure:t6:occ:function:current-client:0065ab50	0x0065ab50	xbuild-enriched-full	true	0065ab50	FUN_0065ab50	undefined FUN_0065ab50()	0	0	unknown	true		4	389	22	2	761
urn:ure:t6:occ:function:current-client:0065ab90	0x0065ab90	xbuild-enriched-full	true	0065ab90	FUN_0065ab90	undefined FUN_0065ab90()	0	0	unknown	true		2	86	5	1	308
urn:ure:t6:occ:function:current-client:0065aba0	0x0065aba0	xbuild-enriched-full	true	0065aba0	FUN_0065aba0	undefined FUN_0065aba0()	0	0	unknown	true		20	1880	98	43	3389
urn:ure:t6:occ:function:current-client:0065acf0	0x0065acf0	xbuild-enriched-full	true	0065acf0	FUN_0065acf0	undefined FUN_0065acf0()	0	0	unknown	true		36	3688	207	48	6980
urn:ure:t6:occ:function:current-client:0065af50	0x0065af50	xbuild-enriched-full	true	0065af50	FUN_0065af50	undefined FUN_0065af50()	0	0	unknown	true		12	987	78	31	2407
urn:ure:t6:occ:function:current-client:0065b030	0x0065b030	xbuild-enriched-full	true	0065b030	FUN_0065b030	undefined FUN_0065b030()	0	0	unknown	true		10	831	79	13	2315
urn:ure:t6:occ:function:current-client:0065b0e0	0x0065b0e0	xbuild-enriched-full	true	0065b0e0	FUN_0065b0e0	undefined FUN_0065b0e0()	0	0	unknown	true		34	3577	193	55	7296
urn:ure:t6:occ:function:current-client:0065b3d0	0x0065b3d0	xbuild-enriched-full	true	0065b3d0	FUN_0065b3d0	undefined FUN_0065b3d0()	0	0	unknown	true		5	482	24	7	1012
urn:ure:t6:occ:function:current-client:0065b430	0x0065b430	xbuild-enriched-full	true	0065b430	FUN_0065b430	undefined FUN_0065b430()	0	0	unknown	true		6	914	42	6	1793
urn:ure:t6:occ:function:current-client:0065b4e0	0x0065b4e0	xbuild-enriched-full	true	0065b4e0	FUN_0065b4e0	undefined FUN_0065b4e0()	0	0	unknown	true		30	3472	210	25	7610
urn:ure:t6:occ:function:current-client:0065b7e0	0x0065b7e0	xbuild-enriched-full	true	0065b7e0	FUN_0065b7e0	undefined FUN_0065b7e0()	0	0	unknown	true		147	13164	739	325	26867
urn:ure:t6:occ:function:current-client:0065c2a0	0x0065c2a0	xbuild-enriched-full	true	0065c2a0	FUN_0065c2a0	undefined FUN_0065c2a0()	0	0	unknown	true		190	6348	549	323	18412
urn:ure:t6:occ:function:current-client:0065cbb0	0x0065cbb0	xbuild-enriched-full	true	0065cbb0	FUN_0065cbb0	undefined FUN_0065cbb0()	0	0	unknown	true		25	4193	164	27	6438
urn:ure:t6:occ:function:current-client:0065cde0	0x0065cde0	xbuild-enriched-full	true	0065cde0	FUN_0065cde0	undefined FUN_0065cde0()	0	0	unknown	true		3	237	10	3	504
urn:ure:t6:occ:function:current-client:0065ce10	0x0065ce10	xbuild-enriched-full	true	0065ce10	FUN_0065ce10	undefined FUN_0065ce10()	0	0	unknown	true		3	236	18	1	719
urn:ure:t6:occ:function:current-client:0065ce80	0x0065ce80	xbuild-enriched-full	true	0065ce80	FUN_0065ce80	undefined FUN_0065ce80()	0	0	unknown	true		25	3164	161	19	6384
urn:ure:t6:occ:function:current-client:0065d0c0	0x0065d0c0	xbuild-enriched-full	true	0065d0c0	FUN_0065d0c0	undefined FUN_0065d0c0()	0	0	unknown	true		24	2396	189	34	6473
urn:ure:t6:occ:function:current-client:0065d390	0x0065d390	xbuild-enriched-full	true	0065d390	FUN_0065d390	undefined FUN_0065d390()	0	0	unknown	true		20	2907	120	12	5211
urn:ure:t6:occ:function:current-client:0065d5b0	0x0065d5b0	xbuild-enriched-full	true	0065d5b0	FUN_0065d5b0	undefined FUN_0065d5b0()	0	0	unknown	true		7	844	54	8	1810
urn:ure:t6:occ:function:current-client:0065d640	0x0065d640	xbuild-enriched-full	true	0065d640	thunk_FUN_008e4d90	undefined thunk_FUN_008e4d90()	0	0	unknown	true		2	101	1	1	173
urn:ure:t6:occ:function:current-client:0065d650	0x0065d650	xbuild-enriched-full	true	0065d650	FUN_0065d650	undefined FUN_0065d650()	0	0	unknown	true		62	7747	396	38	16795
urn:ure:t6:occ:function:current-client:0065dd10	0x0065dd10	xbuild-enriched-full	true	0065dd10	FUN_0065dd10	undefined FUN_0065dd10()	0	0	unknown	true		15	1197	95	38	3203
urn:ure:t6:occ:function:current-client:0065de30	0x0065de30	xbuild-enriched-full	true	0065de30	FUN_0065de30	undefined FUN_0065de30()	0	0	unknown	true		2	266	5	3	288
urn:ure:t6:occ:function:current-client:0065de40	0x0065de40	xbuild-enriched-full	true	0065de40	FUN_0065de40	undefined FUN_0065de40()	0	0	unknown	true		10	1038	78	18	2416
urn:ure:t6:occ:function:current-client:0065def0	0x0065def0	xbuild-enriched-full	true	0065def0	FUN_0065def0	undefined FUN_0065def0()	0	0	unknown	true		60	7410	360	47	14759
urn:ure:t6:occ:function:current-client:0065e4f0	0x0065e4f0	xbuild-enriched-full	true	0065e4f0	FUN_0065e4f0	undefined FUN_0065e4f0()	0	0	unknown	true		15	1138	86	15	2883
urn:ure:t6:occ:function:current-client:0065e5f0	0x0065e5f0	xbuild-enriched-full	true	0065e5f0	FUN_0065e5f0	undefined FUN_0065e5f0()	0	0	unknown	true		15	1151	84	22	2579
urn:ure:t6:occ:function:current-client:0065e6e0	0x0065e6e0	xbuild-enriched-full	true	0065e6e0	FUN_0065e6e0	undefined FUN_0065e6e0()	0	0	unknown	true		1	62	2	1	192
urn:ure:t6:occ:function:current-client:0065e6f0	0x0065e6f0	xbuild-enriched-full	true	0065e6f0	FUN_0065e6f0	undefined FUN_0065e6f0()	0	0	unknown	true		4	283	24	2	1002
urn:ure:t6:occ:function:current-client:0065e750	0x0065e750	xbuild-enriched-full	true	0065e750	FUN_0065e750	undefined FUN_0065e750()	0	0	unknown	true		16	1369	88	13	3453
urn:ure:t6:occ:function:current-client:0065e8a0	0x0065e8a0	xbuild-enriched-full	true	0065e8a0	FUN_0065e8a0	undefined FUN_0065e8a0()	0	0	unknown	true		8	719	53	13	1800
urn:ure:t6:occ:function:current-client:0065e940	0x0065e940	xbuild-enriched-full	true	0065e940	FUN_0065e940	undefined FUN_0065e940()	0	0	unknown	true		8	862	44	4	1936
urn:ure:t6:occ:function:current-client:0065ea00	0x0065ea00	xbuild-enriched-full	true	0065ea00	FUN_0065ea00	undefined FUN_0065ea00()	0	0	unknown	true		6	390	38	9	1190
urn:ure:t6:occ:function:current-client:0065ea60	0x0065ea60	xbuild-enriched-full	true	0065ea60	FUN_0065ea60	undefined FUN_0065ea60()	0	0	unknown	true		9	1151	51	9	2002
urn:ure:t6:occ:function:current-client:0065eb30	0x0065eb30	xbuild-enriched-full	true	0065eb30	FUN_0065eb30	undefined FUN_0065eb30()	0	0	unknown	true		21	2848	118	40	4117
urn:ure:t6:occ:function:current-client:0065ecb0	0x0065ecb0	xbuild-enriched-full	true	0065ecb0	FUN_0065ecb0	undefined FUN_0065ecb0()	0	0	unknown	true		4	320	21	2	848
urn:ure:t6:occ:function:current-client:0065ecf0	0x0065ecf0	xbuild-enriched-full	true	0065ecf0	FUN_0065ecf0	undefined FUN_0065ecf0()	0	0	unknown	true		4	436	19	14	905
urn:ure:t6:occ:function:current-client:0065ed50	0x0065ed50	xbuild-enriched-full	true	0065ed50	FUN_0065ed50	undefined FUN_0065ed50()	0	0	unknown	true		22	2701	146	11	5932
urn:ure:t6:occ:function:current-client:0065ef80	0x0065ef80	xbuild-enriched-full	true	0065ef80	FUN_0065ef80	undefined FUN_0065ef80()	0	0	unknown	true		45	4187	227	59	8711
urn:ure:t6:occ:function:current-client:0065f2e0	0x0065f2e0	xbuild-enriched-full	true	0065f2e0	FUN_0065f2e0	undefined FUN_0065f2e0()	0	0	unknown	true		7	599	44	4	1527
urn:ure:t6:occ:function:current-client:0065f370	0x0065f370	xbuild-enriched-full	true	0065f370	FUN_0065f370	undefined FUN_0065f370()	0	0	unknown	true		5	583	25	0	1281
urn:ure:t6:occ:function:current-client:0065f3e0	0x0065f3e0	xbuild-enriched-full	true	0065f3e0	FUN_0065f3e0	undefined FUN_0065f3e0()	0	0	unknown	true		8	1337	51	3	2117
urn:ure:t6:occ:function:current-client:0065f490	0x0065f490	xbuild-enriched-full	true	0065f490	FUN_0065f490	undefined FUN_0065f490()	0	0	unknown	true		2	240	10	0	548
urn:ure:t6:occ:function:current-client:0065f4b0	0x0065f4b0	xbuild-enriched-full	true	0065f4b0	FUN_0065f4b0	undefined FUN_0065f4b0()	0	0	unknown	true		11	1042	80	14	2850
urn:ure:t6:occ:function:current-client:0065f5b0	0x0065f5b0	xbuild-enriched-full	true	0065f5b0	FUN_0065f5b0	undefined FUN_0065f5b0()	0	0	unknown	true		4	432	26	3	947
urn:ure:t6:occ:function:current-client:0065f700	0x0065f700	xbuild-enriched-full	true	0065f700	FUN_0065f700	undefined FUN_0065f700()	0	0	unknown	true		3	359	15	7	587
urn:ure:t6:occ:function:current-client:0065f730	0x0065f730	xbuild-enriched-full	true	0065f730	FUN_0065f730	undefined FUN_0065f730()	0	0	unknown	true		2	163	13	1	664
urn:ure:t6:occ:function:current-client:0065f770	0x0065f770	xbuild-enriched-full	true	0065f770	FUN_0065f770	undefined FUN_0065f770()	0	0	unknown	true		9	1128	51	7	2097
urn:ure:t6:occ:function:current-client:0065f830	0x0065f830	xbuild-enriched-full	true	0065f830	FUN_0065f830	undefined FUN_0065f830()	0	0	unknown	true		6	985	36	11	1733
urn:ure:t6:occ:function:current-client:0065f900	0x0065f900	xbuild-enriched-full	true	0065f900	FUN_0065f900	undefined FUN_0065f900()	0	0	unknown	true		3	441	18	5	744
urn:ure:t6:occ:function:current-client:0065f940	0x0065f940	xbuild-enriched-full	true	0065f940	FUN_0065f940	undefined FUN_0065f940()	0	0	unknown	true		9	707	69	12	2116
urn:ure:t6:occ:function:current-client:0065fa00	0x0065fa00	xbuild-enriched-full	true	0065fa00	FUN_0065fa00	undefined FUN_0065fa00()	0	0	unknown	true		3	346	27	2	898
urn:ure:t6:occ:function:current-client:0065fa40	0x0065fa40	xbuild-enriched-full	true	0065fa40	FUN_0065fa40	undefined FUN_0065fa40()	0	0	unknown	true		33	1928	241	81	8390
urn:ure:t6:occ:function:current-client:0065fd80	0x0065fd80	xbuild-enriched-full	true	0065fd80	FUN_0065fd80	undefined FUN_0065fd80()	0	0	unknown	true		2	185	7	2	366
urn:ure:t6:occ:function:current-client:0065fda0	0x0065fda0	xbuild-enriched-full	true	0065fda0	thunk_FUN_0047e140	undefined thunk_FUN_0047e140()	0	0	unknown	true		7	429	1	1	173
urn:ure:t6:occ:function:current-client:0065fde0	0x0065fde0	xbuild-enriched-full	true	0065fde0	FUN_0065fde0	undefined FUN_0065fde0()	0	0	unknown	true		5	268	20	4	859
urn:ure:t6:occ:function:current-client:0065fe30	0x0065fe30	xbuild-enriched-full	true	0065fe30	FUN_0065fe30	undefined FUN_0065fe30()	0	0	unknown	true		5	340	24	12	979
urn:ure:t6:occ:function:current-client:0065fe90	0x0065fe90	xbuild-enriched-full	true	0065fe90	FUN_0065fe90	undefined FUN_0065fe90()	0	0	unknown	true		12	896	63	14	2129
urn:ure:t6:occ:function:current-client:0065ffc0	0x0065ffc0	xbuild-enriched-full	true	0065ffc0	FUN_0065ffc0	undefined FUN_0065ffc0()	0	0	unknown	true		6	767	45	7	1516
urn:ure:t6:occ:function:current-client:00660050	0x00660050	xbuild-enriched-full	true	00660050	FUN_00660050	undefined FUN_00660050()	0	0	unknown	true		4	426	23	7	949
urn:ure:t6:occ:function:current-client:006600a0	0x006600a0	xbuild-enriched-full	true	006600a0	FUN_006600a0	undefined FUN_006600a0()	0	0	unknown	true		8	1077	61	23	2230
urn:ure:t6:occ:function:current-client:00660170	0x00660170	xbuild-enriched-full	true	00660170	FUN_00660170	undefined FUN_00660170()	0	0	unknown	true		11	975	70	14	2564
urn:ure:t6:occ:function:current-client:00660250	0x00660250	xbuild-enriched-full	true	00660250	FUN_00660250	undefined FUN_00660250()	0	0	unknown	true		9	1181	66	5	2649
urn:ure:t6:occ:function:current-client:00660320	0x00660320	xbuild-enriched-full	true	00660320	FUN_00660320	undefined FUN_00660320()	0	0	unknown	true		7	610	38	10	1320
urn:ure:t6:occ:function:current-client:006603c0	0x006603c0	xbuild-enriched-full	true	006603c0	FUN_006603c0	undefined FUN_006603c0()	0	0	unknown	true		19	1353	113	43	3917
urn:ure:t6:occ:function:current-client:00660570	0x00660570	xbuild-enriched-full	true	00660570	FUN_00660570	undefined FUN_00660570()	0	0	unknown	true		7	697	43	9	1602
urn:ure:t6:occ:function:current-client:00660600	0x00660600	xbuild-enriched-full	true	00660600	FUN_00660600	undefined FUN_00660600()	0	0	unknown	true		7	905	52	13	2247
urn:ure:t6:occ:function:current-client:006606c0	0x006606c0	xbuild-enriched-full	true	006606c0	FUN_006606c0	undefined FUN_006606c0()	0	0	unknown	true		3	268	12	2	639
urn:ure:t6:occ:function:current-client:00660700	0x00660700	xbuild-enriched-full	true	00660700	FUN_00660700	undefined FUN_00660700()	0	0	unknown	true		10	1380	80	9	2923
urn:ure:t6:occ:function:current-client:00660830	0x00660830	xbuild-enriched-full	true	00660830	FUN_00660830	undefined FUN_00660830()	0	0	unknown	true		3	239	16	3	647
urn:ure:t6:occ:function:current-client:00660860	0x00660860	xbuild-enriched-full	true	00660860	FUN_00660860	undefined FUN_00660860()	0	0	unknown	true		67	6603	290	54	10802
urn:ure:t6:occ:function:current-client:00660d80	0x00660d80	xbuild-enriched-full	true	00660d80	FUN_00660d80	undefined FUN_00660d80()	0	0	unknown	true		102	9754	515	62	21904
urn:ure:t6:occ:function:current-client:00661720	0x00661720	xbuild-enriched-full	true	00661720	FUN_00661720	undefined FUN_00661720()	0	0	unknown	true		6	655	39	2	1364
urn:ure:t6:occ:function:current-client:00661780	0x00661780	xbuild-enriched-full	true	00661780	FUN_00661780	undefined FUN_00661780()	0	0	unknown	true		86	11949	724	77	30241
urn:ure:t6:occ:function:current-client:006623e0	0x006623e0	xbuild-enriched-full	true	006623e0	FUN_006623e0	undefined FUN_006623e0()	0	0	unknown	true		27	1348	119	31	3638
urn:ure:t6:occ:function:current-client:00662550	0x00662550	xbuild-enriched-full	true	00662550	FUN_00662550	undefined FUN_00662550()	0	0	unknown	true		41	5294	280	35	10543
urn:ure:t6:occ:function:current-client:006628c0	0x006628c0	xbuild-enriched-full	true	006628c0	FUN_006628c0	undefined FUN_006628c0()	0	0	unknown	true		6	610	44	4	1537
urn:ure:t6:occ:function:current-client:00662980	0x00662980	xbuild-enriched-full	true	00662980	FUN_00662980	undefined FUN_00662980()	0	0	unknown	true		16	1949	99	17	3476
urn:ure:t6:occ:function:current-client:00662ad0	0x00662ad0	xbuild-enriched-full	true	00662ad0	FUN_00662ad0	undefined FUN_00662ad0()	0	0	unknown	true		6	464	29	5	988
urn:ure:t6:occ:function:current-client:00662b10	0x00662b10	xbuild-enriched-full	true	00662b10	FUN_00662b10	undefined FUN_00662b10()	0	0	unknown	true		3	332	13	5	635
urn:ure:t6:occ:function:current-client:00662b50	0x00662b50	xbuild-enriched-full	true	00662b50	FUN_00662b50	undefined FUN_00662b50()	0	0	unknown	true		2	228	8	3	418
urn:ure:t6:occ:function:current-client:00662b70	0x00662b70	xbuild-enriched-full	true	00662b70	FUN_00662b70	undefined FUN_00662b70()	0	0	unknown	true		2	197	7	1	370
urn:ure:t6:occ:function:current-client:00662b90	0x00662b90	xbuild-enriched-full	true	00662b90	FUN_00662b90	undefined FUN_00662b90()	0	0	unknown	true		11	1029	72	20	2185
urn:ure:t6:occ:function:current-client:00662c90	0x00662c90	xbuild-enriched-full	true	00662c90	FUN_00662c90	undefined FUN_00662c90()	0	0	unknown	true		1	99	3	1	266
urn:ure:t6:occ:function:current-client:00662cc0	0x00662cc0	xbuild-enriched-full	true	00662cc0	FUN_00662cc0	undefined FUN_00662cc0()	0	0	unknown	true		14	2306	105	12	5069
urn:ure:t6:occ:function:current-client:00662ed0	0x00662ed0	xbuild-enriched-full	true	00662ed0	FUN_00662ed0	undefined FUN_00662ed0()	0	0	unknown	true		15	1441	83	21	2746
urn:ure:t6:occ:function:current-client:00662fc0	0x00662fc0	xbuild-enriched-full	true	00662fc0	FUN_00662fc0	undefined FUN_00662fc0()	0	0	unknown	true		1	60	2	1	194
urn:ure:t6:occ:function:current-client:00662fd0	0x00662fd0	xbuild-enriched-full	true	00662fd0	FUN_00662fd0	undefined FUN_00662fd0()	0	0	unknown	true		7	418	56	13	1805
urn:ure:t6:occ:function:current-client:00663080	0x00663080	xbuild-enriched-full	true	00663080	FUN_00663080	undefined FUN_00663080()	0	0	unknown	true		3	262	15	6	653
urn:ure:t6:occ:function:current-client:006630c0	0x006630c0	xbuild-enriched-full	true	006630c0	FUN_006630c0	undefined FUN_006630c0()	0	0	unknown	true		3	383	15	5	707
urn:ure:t6:occ:function:current-client:00663100	0x00663100	xbuild-enriched-full	true	00663100	FUN_00663100	undefined FUN_00663100()	0	0	unknown	true		10	909	78	15	2616
urn:ure:t6:occ:function:current-client:006631e0	0x006631e0	xbuild-enriched-full	true	006631e0	FUN_006631e0	undefined FUN_006631e0()	0	0	unknown	true		28	2158	124	39	4259
urn:ure:t6:occ:function:current-client:006633a0	0x006633a0	xbuild-enriched-full	true	006633a0	FUN_006633a0	undefined FUN_006633a0()	0	0	unknown	true		4	256	22	5	779
urn:ure:t6:occ:function:current-client:006633e0	0x006633e0	xbuild-enriched-full	true	006633e0	FUN_006633e0	undefined FUN_006633e0()	0	0	unknown	true		6	746	48	3	1743
urn:ure:t6:occ:function:current-client:00663490	0x00663490	xbuild-enriched-full	true	00663490	FUN_00663490	undefined FUN_00663490()	0	0	unknown	true		2	80	8	1	360
urn:ure:t6:occ:function:current-client:006634b0	0x006634b0	xbuild-enriched-full	true	006634b0	FUN_006634b0	undefined FUN_006634b0()	0	0	unknown	true		5	521	26	7	1065
urn:ure:t6:occ:function:current-client:00663520	0x00663520	xbuild-enriched-full	true	00663520	FUN_00663520	undefined FUN_00663520()	0	0	unknown	true		15	1357	98	21	3189
urn:ure:t6:occ:function:current-client:00663660	0x00663660	xbuild-enriched-full	true	00663660	FUN_00663660	undefined FUN_00663660()	0	0	unknown	true		24	1974	133	40	4784
urn:ure:t6:occ:function:current-client:00663820	0x00663820	xbuild-enriched-full	true	00663820	FUN_00663820	undefined FUN_00663820()	0	0	unknown	true		6	848	38	2	1478
urn:ure:t6:occ:function:current-client:00663890	0x00663890	xbuild-enriched-full	true	00663890	FUN_00663890	undefined FUN_00663890()	0	0	unknown	true		1	99	3	1	266
urn:ure:t6:occ:function:current-client:006638a0	0x006638a0	xbuild-enriched-full	true	006638a0	FUN_006638a0	undefined FUN_006638a0()	0	0	unknown	true		9	1098	64	5	2543
urn:ure:t6:occ:function:current-client:00663970	0x00663970	xbuild-enriched-full	true	00663970	FUN_00663970	undefined FUN_00663970()	0	0	unknown	true		3	277	18	6	676
urn:ure:t6:occ:function:current-client:006639b0	0x006639b0	xbuild-enriched-full	true	006639b0	FUN_006639b0	undefined FUN_006639b0()	0	0	unknown	true		2	135	7	2	344
urn:ure:t6:occ:function:current-client:006639d0	0x006639d0	xbuild-enriched-full	true	006639d0	FUN_006639d0	undefined FUN_006639d0()	0	0	unknown	true		6	600	44	6	1477
urn:ure:t6:occ:function:current-client:00663a70	0x00663a70	xbuild-enriched-full	true	00663a70	FUN_00663a70	undefined FUN_00663a70()	0	0	unknown	true		2	191	9	1	464
urn:ure:t6:occ:function:current-client:00663a90	0x00663a90	xbuild-enriched-full	true	00663a90	FUN_00663a90	undefined FUN_00663a90()	0	0	unknown	true		9	984	75	8	2520
urn:ure:t6:occ:function:current-client:00663bb0	0x00663bb0	xbuild-enriched-full	true	00663bb0	FUN_00663bb0	undefined FUN_00663bb0()	0	0	unknown	true		2	323	11	5	505
urn:ure:t6:occ:function:current-client:00663be0	0x00663be0	xbuild-enriched-full	true	00663be0	FUN_00663be0	undefined FUN_00663be0()	0	0	unknown	true		1	60	4	1	233
urn:ure:t6:occ:function:current-client:00663bf0	0x00663bf0	xbuild-enriched-full	true	00663bf0	FUN_00663bf0	undefined FUN_00663bf0()	0	0	unknown	true		96	5452	290	216	10461
urn:ure:t6:occ:function:current-client:006640f0	0x006640f0	xbuild-enriched-full	true	006640f0	FUN_006640f0	undefined FUN_006640f0()	0	0	unknown	true		3	52	2	0	187
urn:ure:t6:occ:function:current-client:00664100	0x00664100	xbuild-enriched-full	true	00664100	FUN_00664100	undefined FUN_00664100()	0	0	unknown	true		6	439	35	7	1178
urn:ure:t6:occ:function:current-client:00664150	0x00664150	xbuild-enriched-full	true	00664150	thunk_FUN_008f3980	undefined thunk_FUN_008f3980()	0	0	unknown	true		6	360	1	1	173
urn:ure:t6:occ:function:current-client:00664160	0x00664160	xbuild-enriched-full	true	00664160	FUN_00664160	undefined FUN_00664160()	0	0	unknown	true		12	1610	106	0	5093
urn:ure:t6:occ:function:current-client:00664360	0x00664360	xbuild-enriched-full	true	00664360	FUN_00664360	undefined FUN_00664360()	0	0	unknown	true		2	151	7	2	365
urn:ure:t6:occ:function:current-client:00664380	0x00664380	xbuild-enriched-full	true	00664380	FUN_00664380	undefined FUN_00664380()	0	0	unknown	true		1	225	6	0	383
urn:ure:t6:occ:function:current-client:00664450	0x00664450	xbuild-enriched-full	true	00664450	FUN_00664450	undefined FUN_00664450()	0	0	unknown	true		11	1088	66	15	2398
urn:ure:t6:occ:function:current-client:00664530	0x00664530	xbuild-enriched-full	true	00664530	FUN_00664530	undefined FUN_00664530()	0	0	unknown	true		32	3647	203	32	7069
urn:ure:t6:occ:function:current-client:00664770	0x00664770	xbuild-enriched-full	true	00664770	FUN_00664770	undefined FUN_00664770()	0	0	unknown	true		2	117	6	2	354
urn:ure:t6:occ:function:current-client:00664790	0x00664790	xbuild-enriched-full	true	00664790	FUN_00664790	undefined FUN_00664790()	0	0	unknown	true		23	2395	118	42	4430
urn:ure:t6:occ:function:current-client:00664940	0x00664940	xbuild-enriched-full	true	00664940	FUN_00664940	undefined FUN_00664940()	0	0	unknown	true		10	1409	80	14	2889
urn:ure:t6:occ:function:current-client:00664a40	0x00664a40	xbuild-enriched-full	true	00664a40	FUN_00664a40	undefined FUN_00664a40()	0	0	unknown	true		1	62	4	1	255
urn:ure:t6:occ:function:current-client:00664a50	0x00664a50	xbuild-enriched-full	true	00664a50	FUN_00664a50	undefined FUN_00664a50()	0	0	unknown	true		4	312	16	10	697
urn:ure:t6:occ:function:current-client:00664aa0	0x00664aa0	xbuild-enriched-full	true	00664aa0	FUN_00664aa0	undefined FUN_00664aa0()	0	0	unknown	true		1	140	5	2	295
urn:ure:t6:occ:function:current-client:00664ab0	0x00664ab0	xbuild-enriched-full	true	00664ab0	FUN_00664ab0	undefined FUN_00664ab0()	0	0	unknown	true		3	292	17	1	717
urn:ure:t6:occ:function:current-client:00664af0	0x00664af0	xbuild-enriched-full	true	00664af0	FUN_00664af0	undefined FUN_00664af0()	0	0	unknown	true		5	562	33	10	1214
urn:ure:t6:occ:function:current-client:00664b50	0x00664b50	xbuild-enriched-full	true	00664b50	FUN_00664b50	undefined FUN_00664b50()	0	0	unknown	true		3	258	19	4	683
urn:ure:t6:occ:function:current-client:00664c40	0x00664c40	xbuild-enriched-full	true	00664c40	FUN_00664c40	undefined FUN_00664c40()	0	0	unknown	true		22	2081	133	29	4279
urn:ure:t6:occ:function:current-client:00664db0	0x00664db0	xbuild-enriched-full	true	00664db0	FUN_00664db0	undefined FUN_00664db0()	0	0	unknown	true		2	227	9	2	436
urn:ure:t6:occ:function:current-client:00664dd0	0x00664dd0	xbuild-enriched-full	true	00664dd0	FUN_00664dd0	undefined FUN_00664dd0()	0	0	unknown	true		9	811	49	9	1810
urn:ure:t6:occ:function:current-client:00664e80	0x00664e80	xbuild-enriched-full	true	00664e80	FUN_00664e80	undefined FUN_00664e80()	0	0	unknown	true		2	80	8	1	361
urn:ure:t6:occ:function:current-client:00664ea0	0x00664ea0	xbuild-enriched-full	true	00664ea0	FUN_00664ea0	undefined FUN_00664ea0()	0	0	unknown	true		4	688	34	2	1459
urn:ure:t6:occ:function:current-client:00664f30	0x00664f30	xbuild-enriched-full	true	00664f30	FUN_00664f30	undefined FUN_00664f30()	0	0	unknown	true		9	997	53	9	1850
urn:ure:t6:occ:function:current-client:00664fd0	0x00664fd0	xbuild-enriched-full	true	00664fd0	FUN_00664fd0	undefined FUN_00664fd0()	0	0	unknown	true		4	516	30	10	1183
urn:ure:t6:occ:function:current-client:00665030	0x00665030	xbuild-enriched-full	true	00665030	FUN_00665030	undefined FUN_00665030()	0	0	unknown	true		2	129	10	1	524
urn:ure:t6:occ:function:current-client:00665060	0x00665060	xbuild-enriched-full	true	00665060	FUN_00665060	undefined FUN_00665060()	0	0	unknown	true		18	1207	75	52	2901
urn:ure:t6:occ:function:current-client:006651b0	0x006651b0	xbuild-enriched-full	true	006651b0	FUN_006651b0	undefined FUN_006651b0()	0	0	unknown	true		2	315	10	0	619
urn:ure:t6:occ:function:current-client:006652e0	0x006652e0	xbuild-enriched-full	true	006652e0	FUN_006652e0	undefined FUN_006652e0()	0	0	unknown	true		2	234	11	3	481
urn:ure:t6:occ:function:current-client:006653c0	0x006653c0	xbuild-enriched-full	true	006653c0	FUN_006653c0	undefined FUN_006653c0()	0	0	unknown	true		20	1500	130	39	4582
urn:ure:t6:occ:function:current-client:00665590	0x00665590	xbuild-enriched-full	true	00665590	FUN_00665590	undefined FUN_00665590()	0	0	unknown	true		19	2541	133	32	4459
urn:ure:t6:occ:function:current-client:006657c0	0x006657c0	xbuild-enriched-full	true	006657c0	FUN_006657c0	undefined FUN_006657c0()	0	0	unknown	true		5	489	34	3	1367
urn:ure:t6:occ:function:current-client:00665940	0x00665940	xbuild-enriched-full	true	00665940	FUN_00665940	undefined FUN_00665940()	0	0	unknown	true		2	153	2	1	203
urn:ure:t6:occ:function:current-client:00665950	0x00665950	xbuild-enriched-full	true	00665950	FUN_00665950	undefined FUN_00665950()	0	0	unknown	true		25	1918	126	120	4469
urn:ure:t6:occ:function:current-client:00665bc0	0x00665bc0	xbuild-enriched-full	true	00665bc0	FUN_00665bc0	undefined FUN_00665bc0()	0	0	unknown	true		2	78	9	2	392
urn:ure:t6:occ:function:current-client:00665be0	0x00665be0	xbuild-enriched-full	true	00665be0	FUN_00665be0	undefined FUN_00665be0()	0	0	unknown	true		7	632	47	11	1588
urn:ure:t6:occ:function:current-client:00665c70	0x00665c70	xbuild-enriched-full	true	00665c70	FUN_00665c70	undefined FUN_00665c70()	0	0	unknown	true		6	658	37	11	1317
urn:ure:t6:occ:function:current-client:00665ce0	0x00665ce0	xbuild-enriched-full	true	00665ce0	FUN_00665ce0	undefined FUN_00665ce0()	0	0	unknown	true		5	531	38	6	1355
urn:ure:t6:occ:function:current-client:00665d50	0x00665d50	xbuild-enriched-full	true	00665d50	FUN_00665d50	undefined FUN_00665d50()	0	0	unknown	true		4	502	27	8	1024
urn:ure:t6:occ:function:current-client:00665db0	0x00665db0	xbuild-enriched-full	true	00665db0	FUN_00665db0	undefined FUN_00665db0()	0	0	unknown	true		6	891	42	10	1546
urn:ure:t6:occ:function:current-client:00665e40	0x00665e40	xbuild-enriched-full	true	00665e40	FUN_00665e40	undefined FUN_00665e40()	0	0	unknown	true		7	890	49	10	1762
urn:ure:t6:occ:function:current-client:00665ee0	0x00665ee0	xbuild-enriched-full	true	00665ee0	FUN_00665ee0	undefined FUN_00665ee0()	0	0	unknown	true		13	1634	105	21	3567
urn:ure:t6:occ:function:current-client:00666000	0x00666000	xbuild-enriched-full	true	00666000	FUN_00666000	undefined FUN_00666000()	0	0	unknown	true		1	59	2	1	190
urn:ure:t6:occ:function:current-client:00666010	0x00666010	xbuild-enriched-full	true	00666010	FUN_00666010	undefined FUN_00666010()	0	0	unknown	true		1	81	3	1	240
urn:ure:t6:occ:function:current-client:00666020	0x00666020	xbuild-enriched-full	true	00666020	FUN_00666020	undefined FUN_00666020()	0	0	unknown	true		31	3644	240	44	9305
urn:ure:t6:occ:function:current-client:006663c0	0x006663c0	xbuild-enriched-full	true	006663c0	FUN_006663c0	undefined FUN_006663c0()	0	0	unknown	true		15	1711	108	20	3591
urn:ure:t6:occ:function:current-client:00666500	0x00666500	xbuild-enriched-full	true	00666500	FUN_00666500	undefined FUN_00666500()	0	0	unknown	true		2	133	8	1	442
urn:ure:t6:occ:function:current-client:00666520	0x00666520	xbuild-enriched-full	true	00666520	FUN_00666520	undefined FUN_00666520()	0	0	unknown	true		0	157	2	1	222
urn:ure:t6:occ:function:current-client:00666530	0x00666530	xbuild-enriched-full	true	00666530	FUN_00666530	undefined FUN_00666530()	0	0	unknown	true		2	248	16	1	633
urn:ure:t6:occ:function:current-client:00666560	0x00666560	xbuild-enriched-full	true	00666560	FUN_00666560	undefined FUN_00666560()	0	0	unknown	true		41	4287	240	72	8177
urn:ure:t6:occ:function:current-client:00666880	0x00666880	xbuild-enriched-full	true	00666880	FUN_00666880	undefined FUN_00666880()	0	0	unknown	true		2	137	5	5	317
urn:ure:t6:occ:function:current-client:00666950	0x00666950	xbuild-enriched-full	true	00666950	FUN_00666950	undefined FUN_00666950()	0	0	unknown	true		1	168	3	1	243
urn:ure:t6:occ:function:current-client:00666960	0x00666960	xbuild-enriched-full	true	00666960	FUN_00666960	undefined FUN_00666960()	0	0	unknown	true		59	6602	354	66	14600
urn:ure:t6:occ:function:current-client:00666f40	0x00666f40	xbuild-enriched-full	true	00666f40	FUN_00666f40	undefined FUN_00666f40()	0	0	unknown	true		17	1707	93	17	3592
urn:ure:t6:occ:function:current-client:006670d0	0x006670d0	xbuild-enriched-full	true	006670d0	FUN_006670d0	undefined FUN_006670d0()	0	0	unknown	true		2	133	10	1	437
urn:ure:t6:occ:function:current-client:006670f0	0x006670f0	xbuild-enriched-full	true	006670f0	FUN_006670f0	undefined FUN_006670f0()	0	0	unknown	true		20	2239	121	18	4272
urn:ure:t6:occ:function:current-client:00667240	0x00667240	xbuild-enriched-full	true	00667240	FUN_00667240	undefined FUN_00667240()	0	0	unknown	true		6	549	35	6	1276
urn:ure:t6:occ:function:current-client:006672b0	0x006672b0	xbuild-enriched-full	true	006672b0	FUN_006672b0	undefined FUN_006672b0()	0	0	unknown	true		30	3849	164	51	6250
urn:ure:t6:occ:function:current-client:00667530	0x00667530	xbuild-enriched-full	true	00667530	FUN_00667530	undefined FUN_00667530()	0	0	unknown	true		8	932	53	5	1716
urn:ure:t6:occ:function:current-client:006675c0	0x006675c0	xbuild-enriched-full	true	006675c0	FUN_006675c0	undefined FUN_006675c0()	0	0	unknown	true		47	4440	267	96	9062
urn:ure:t6:occ:function:current-client:00667980	0x00667980	xbuild-enriched-full	true	00667980	FUN_00667980	undefined FUN_00667980()	0	0	unknown	true		8	787	59	12	1646
urn:ure:t6:occ:function:current-client:00667a00	0x00667a00	xbuild-enriched-full	true	00667a00	FUN_00667a00	undefined FUN_00667a00()	0	0	unknown	true		2	193	12	1	580
urn:ure:t6:occ:function:current-client:00667a30	0x00667a30	xbuild-enriched-full	true	00667a30	FUN_00667a30	undefined FUN_00667a30()	0	0	unknown	true		48	5115	258	63	9908
urn:ure:t6:occ:function:current-client:00667e20	0x00667e20	xbuild-enriched-full	true	00667e20	FUN_00667e20	undefined FUN_00667e20()	0	0	unknown	true		9	571	43	15	1466
urn:ure:t6:occ:function:current-client:00667eb0	0x00667eb0	xbuild-enriched-full	true	00667eb0	FUN_00667eb0	undefined FUN_00667eb0()	0	0	unknown	true		34	3137	208	64	7112
urn:ure:t6:occ:function:current-client:006681f0	0x006681f0	xbuild-enriched-full	true	006681f0	FUN_006681f0	undefined FUN_006681f0()	0	0	unknown	true		4	367	19	6	745
urn:ure:t6:occ:function:current-client:00668230	0x00668230	xbuild-enriched-full	true	00668230	FUN_00668230	undefined FUN_00668230()	0	0	unknown	true		5	512	34	15	1291
urn:ure:t6:occ:function:current-client:006682b0	0x006682b0	xbuild-enriched-full	true	006682b0	FUN_006682b0	undefined FUN_006682b0()	0	0	unknown	true		5	391	30	7	1036
urn:ure:t6:occ:function:current-client:00668300	0x00668300	xbuild-enriched-full	true	00668300	FUN_00668300	undefined FUN_00668300()	0	0	unknown	true		186	10826	611	150	25003
urn:ure:t6:occ:function:current-client:00668dc0	0x00668dc0	xbuild-enriched-full	true	00668dc0	FUN_00668dc0	undefined FUN_00668dc0()	0	0	unknown	true		19	2031	89	5	3529
urn:ure:t6:occ:function:current-client:00668ee0	0x00668ee0	xbuild-enriched-full	true	00668ee0	FUN_00668ee0	undefined FUN_00668ee0()	0	0	unknown	true		2	249	6	1	338
urn:ure:t6:occ:function:current-client:00668f00	0x00668f00	xbuild-enriched-full	true	00668f00	FUN_00668f00	undefined FUN_00668f00()	0	0	unknown	true		8	748	55	6	1947
urn:ure:t6:occ:function:current-client:00668fa0	0x00668fa0	xbuild-enriched-full	true	00668fa0	FUN_00668fa0	undefined FUN_00668fa0()	0	0	unknown	true		4	379	31	3	1029
urn:ure:t6:occ:function:current-client:00668ff0	0x00668ff0	xbuild-enriched-full	true	00668ff0	FUN_00668ff0	undefined FUN_00668ff0()	0	0	unknown	true		29	2205	171	57	5633
urn:ure:t6:occ:function:current-client:00669240	0x00669240	xbuild-enriched-full	true	00669240	FUN_00669240	undefined FUN_00669240()	0	0	unknown	true		15	2219	115	35	3986
urn:ure:t6:occ:function:current-client:006693a0	0x006693a0	xbuild-enriched-full	true	006693a0	FUN_006693a0	undefined FUN_006693a0()	0	0	unknown	true		6	648	43	18	1477
urn:ure:t6:occ:function:current-client:00669430	0x00669430	xbuild-enriched-full	true	00669430	FUN_00669430	undefined FUN_00669430()	0	0	unknown	true		37	3860	263	52	9512
urn:ure:t6:occ:function:current-client:006697f0	0x006697f0	xbuild-enriched-full	true	006697f0	FUN_006697f0	undefined FUN_006697f0()	0	0	unknown	true		4	330	16	7	710
urn:ure:t6:occ:function:current-client:00669830	0x00669830	xbuild-enriched-full	true	00669830	FUN_00669830	undefined FUN_00669830()	0	0	unknown	true		5	430	27	9	991
urn:ure:t6:occ:function:current-client:00669880	0x00669880	xbuild-enriched-full	true	00669880	FUN_00669880	undefined FUN_00669880()	0	0	unknown	true		7	795	44	10	1464
urn:ure:t6:occ:function:current-client:00669900	0x00669900	xbuild-enriched-full	true	00669900	FUN_00669900	undefined FUN_00669900()	0	0	unknown	true		28	2784	163	36	6579
urn:ure:t6:occ:function:current-client:00669ba0	0x00669ba0	xbuild-enriched-full	true	00669ba0	FUN_00669ba0	undefined FUN_00669ba0()	0	0	unknown	true		8	1239	49	7	2115
urn:ure:t6:occ:function:current-client:00669c60	0x00669c60	xbuild-enriched-full	true	00669c60	FUN_00669c60	undefined FUN_00669c60()	0	0	unknown	true		7	554	40	16	1356
urn:ure:t6:occ:function:current-client:00669ce0	0x00669ce0	xbuild-enriched-full	true	00669ce0	FUN_00669ce0	undefined FUN_00669ce0()	0	0	unknown	true		7	649	49	2	2004
urn:ure:t6:occ:function:current-client:00669d90	0x00669d90	xbuild-enriched-full	true	00669d90	FUN_00669d90	undefined FUN_00669d90()	0	0	unknown	true		28	2975	198	49	6861
urn:ure:t6:occ:function:current-client:0066a020	0x0066a020	xbuild-enriched-full	true	0066a020	FUN_0066a020	undefined FUN_0066a020()	0	0	unknown	true		5	505	29	5	1108
urn:ure:t6:occ:function:current-client:0066a080	0x0066a080	xbuild-enriched-full	true	0066a080	FUN_0066a080	undefined FUN_0066a080()	0	0	unknown	true		2	216	14	3	596
urn:ure:t6:occ:function:current-client:0066a0b0	0x0066a0b0	xbuild-enriched-full	true	0066a0b0	FUN_0066a0b0	undefined FUN_0066a0b0()	0	0	unknown	true		4	614	33	3	1353
urn:ure:t6:occ:function:current-client:0066a110	0x0066a110	xbuild-enriched-full	true	0066a110	FUN_0066a110	undefined FUN_0066a110()	0	0	unknown	true		25	2689	180	41	5887
urn:ure:t6:occ:function:current-client:0066a330	0x0066a330	xbuild-enriched-full	true	0066a330	FUN_0066a330	undefined FUN_0066a330()	0	0	unknown	true		2	285	17	1	749
urn:ure:t6:occ:function:current-client:0066a370	0x0066a370	xbuild-enriched-full	true	0066a370	FUN_0066a370	undefined FUN_0066a370()	0	0	unknown	true		5	642	27	13	991
urn:ure:t6:occ:function:current-client:0066a3e0	0x0066a3e0	xbuild-enriched-full	true	0066a3e0	FUN_0066a3e0	undefined FUN_0066a3e0()	0	0	unknown	true		18	1806	127	18	4425
urn:ure:t6:occ:function:current-client:0066a540	0x0066a540	xbuild-enriched-full	true	0066a540	FUN_0066a540	undefined FUN_0066a540()	0	0	unknown	true		6	622	32	7	1424
urn:ure:t6:occ:function:current-client:0066a5b0	0x0066a5b0	xbuild-enriched-full	true	0066a5b0	FUN_0066a5b0	undefined FUN_0066a5b0()	0	0	unknown	true		13	1406	96	24	3017
urn:ure:t6:occ:function:current-client:0066a6b0	0x0066a6b0	xbuild-enriched-full	true	0066a6b0	FUN_0066a6b0	undefined FUN_0066a6b0()	0	0	unknown	true		8	1098	63	9	2063
urn:ure:t6:occ:function:current-client:0066a750	0x0066a750	xbuild-enriched-full	true	0066a750	FUN_0066a750	undefined FUN_0066a750()	0	0	unknown	true		2	319	17	2	799
urn:ure:t6:occ:function:current-client:0066a7a0	0x0066a7a0	xbuild-enriched-full	true	0066a7a0	FUN_0066a7a0	undefined FUN_0066a7a0()	0	0	unknown	true		2	324	10	3	467
urn:ure:t6:occ:function:current-client:0066a7c0	0x0066a7c0	xbuild-enriched-full	true	0066a7c0	FUN_0066a7c0	undefined FUN_0066a7c0()	0	0	unknown	true		20	1683	107	20	3794
urn:ure:t6:occ:function:current-client:0066a920	0x0066a920	xbuild-enriched-full	true	0066a920	FUN_0066a920	undefined FUN_0066a920()	0	0	unknown	true		4	190	10	4	426
urn:ure:t6:occ:function:current-client:0066a940	0x0066a940	xbuild-enriched-full	true	0066a940	FUN_0066a940	undefined FUN_0066a940()	0	0	unknown	true		8	612	43	14	1412
urn:ure:t6:occ:function:current-client:0066a9d0	0x0066a9d0	xbuild-enriched-full	true	0066a9d0	FUN_0066a9d0	undefined FUN_0066a9d0()	0	0	unknown	true		33	2654	158	31	5899
urn:ure:t6:occ:function:current-client:0066ac20	0x0066ac20	xbuild-enriched-full	true	0066ac20	FUN_0066ac20	undefined FUN_0066ac20()	0	0	unknown	true		8	787	39	9	1583
urn:ure:t6:occ:function:current-client:0066ad30	0x0066ad30	xbuild-enriched-full	true	0066ad30	FUN_0066ad30	undefined FUN_0066ad30()	0	0	unknown	true		18	346	17	8	637
urn:ure:t6:occ:function:current-client:0066ae20	0x0066ae20	xbuild-enriched-full	true	0066ae20	FUN_0066ae20	undefined FUN_0066ae20()	0	0	unknown	true		9	870	51	8	1855
urn:ure:t6:occ:function:current-client:0066aee0	0x0066aee0	xbuild-enriched-full	true	0066aee0	FUN_0066aee0	undefined FUN_0066aee0()	0	0	unknown	true		60	3674	249	112	8002
urn:ure:t6:occ:function:current-client:0066b230	0x0066b230	xbuild-enriched-full	true	0066b230	FUN_0066b230	undefined FUN_0066b230()	0	0	unknown	true		5	988	38	6	1580
urn:ure:t6:occ:function:current-client:0066b2b0	0x0066b2b0	xbuild-enriched-full	true	0066b2b0	FUN_0066b2b0	undefined FUN_0066b2b0()	0	0	unknown	true		3	195	16	4	582
urn:ure:t6:occ:function:current-client:0066b300	0x0066b300	xbuild-enriched-full	true	0066b300	FUN_0066b300	undefined FUN_0066b300()	0	0	unknown	true		9	949	68	21	2275
urn:ure:t6:occ:function:current-client:0066b3d0	0x0066b3d0	xbuild-enriched-full	true	0066b3d0	FUN_0066b3d0	undefined FUN_0066b3d0()	0	0	unknown	true		15	1307	84	15	3119
urn:ure:t6:occ:function:current-client:0066b4f0	0x0066b4f0	xbuild-enriched-full	true	0066b4f0	FUN_0066b4f0	undefined FUN_0066b4f0()	0	0	unknown	true		1	72	3	0	248
urn:ure:t6:occ:function:current-client:0066b510	0x0066b510	xbuild-enriched-full	true	0066b510	FUN_0066b510	undefined FUN_0066b510()	0	0	unknown	true		18	1508	132	21	4031
urn:ure:t6:occ:function:current-client:0066b760	0x0066b760	xbuild-enriched-full	true	0066b760	FUN_0066b760	undefined FUN_0066b760()	0	0	unknown	true		9	777	56	15	1922
urn:ure:t6:occ:function:current-client:0066b810	0x0066b810	xbuild-enriched-full	true	0066b810	FUN_0066b810	undefined FUN_0066b810()	0	0	unknown	true		4	395	25	3	856
urn:ure:t6:occ:function:current-client:0066b860	0x0066b860	xbuild-enriched-full	true	0066b860	FUN_0066b860	undefined FUN_0066b860()	0	0	unknown	true		6	960	44	14	1546
urn:ure:t6:occ:function:current-client:0066b8f0	0x0066b8f0	xbuild-enriched-full	true	0066b8f0	FUN_0066b8f0	undefined FUN_0066b8f0()	0	0	unknown	true		12	1195	90	21	2783
urn:ure:t6:occ:function:current-client:0066b9e0	0x0066b9e0	xbuild-enriched-full	true	0066b9e0	FUN_0066b9e0	undefined FUN_0066b9e0()	0	0	unknown	true		23	2632	136	31	5099
urn:ure:t6:occ:function:current-client:0066bba0	0x0066bba0	xbuild-enriched-full	true	0066bba0	FUN_0066bba0	undefined FUN_0066bba0()	0	0	unknown	true		6	727	53	11	1714
urn:ure:t6:occ:function:current-client:0066bc70	0x0066bc70	xbuild-enriched-full	true	0066bc70	FUN_0066bc70	undefined FUN_0066bc70()	0	0	unknown	true		4	547	32	7	1478
urn:ure:t6:occ:function:current-client:0066bd20	0x0066bd20	xbuild-enriched-full	true	0066bd20	FUN_0066bd20	undefined FUN_0066bd20()	0	0	unknown	true		6	698	42	8	1652
urn:ure:t6:occ:function:current-client:0066bdc0	0x0066bdc0	xbuild-enriched-full	true	0066bdc0	FUN_0066bdc0	undefined FUN_0066bdc0()	0	0	unknown	true		4	543	19	3	776
urn:ure:t6:occ:function:current-client:0066be00	0x0066be00	xbuild-enriched-full	true	0066be00	FUN_0066be00	undefined FUN_0066be00()	0	0	unknown	true		7	1092	48	12	2082
urn:ure:t6:occ:function:current-client:0066bed0	0x0066bed0	xbuild-enriched-full	true	0066bed0	FUN_0066bed0	undefined FUN_0066bed0()	0	0	unknown	true		7	910	55	12	1924
urn:ure:t6:occ:function:current-client:0066bf90	0x0066bf90	xbuild-enriched-full	true	0066bf90	FUN_0066bf90	undefined FUN_0066bf90()	0	0	unknown	true		23	2721	153	43	5618
urn:ure:t6:occ:function:current-client:0066c1c0	0x0066c1c0	xbuild-enriched-full	true	0066c1c0	FUN_0066c1c0	undefined FUN_0066c1c0()	0	0	unknown	true		5	524	46	9	1384
urn:ure:t6:occ:function:current-client:0066c230	0x0066c230	xbuild-enriched-full	true	0066c230	FUN_0066c230	undefined FUN_0066c230()	0	0	unknown	true		10	1212	61	23	2025
urn:ure:t6:occ:function:current-client:0066c2f0	0x0066c2f0	xbuild-enriched-full	true	0066c2f0	FUN_0066c2f0	undefined FUN_0066c2f0()	0	0	unknown	true		5	860	42	6	1298
urn:ure:t6:occ:function:current-client:0066c350	0x0066c350	xbuild-enriched-full	true	0066c350	FUN_0066c350	undefined FUN_0066c350()	0	0	unknown	true		4	366	28	6	901
urn:ure:t6:occ:function:current-client:0066c390	0x0066c390	xbuild-enriched-full	true	0066c390	FUN_0066c390	undefined FUN_0066c390()	0	0	unknown	true		155	9279	1380	349	39139
urn:ure:t6:occ:function:current-client:0066d650	0x0066d650	xbuild-enriched-full	true	0066d650	FUN_0066d650	undefined FUN_0066d650()	0	0	unknown	true		6	366	22	4	789
urn:ure:t6:occ:function:current-client:0066d6f0	0x0066d6f0	xbuild-enriched-full	true	0066d6f0	FUN_0066d6f0	undefined FUN_0066d6f0()	0	0	unknown	true		4	542	19	7	909
urn:ure:t6:occ:function:current-client:0066d740	0x0066d740	xbuild-enriched-full	true	0066d740	FUN_0066d740	undefined FUN_0066d740()	0	0	unknown	true		2	348	16	0	894
urn:ure:t6:occ:function:current-client:0066d7a0	0x0066d7a0	xbuild-enriched-full	true	0066d7a0	FUN_0066d7a0	undefined FUN_0066d7a0()	0	0	unknown	true		3	378	18	5	723
urn:ure:t6:occ:function:current-client:0066d820	0x0066d820	xbuild-enriched-full	true	0066d820	FUN_0066d820	undefined FUN_0066d820()	0	0	unknown	true		3	229	11	5	511
urn:ure:t6:occ:function:current-client:0066d850	0x0066d850	xbuild-enriched-full	true	0066d850	FUN_0066d850	undefined FUN_0066d850()	0	0	unknown	true		10	1165	67	11	2542
urn:ure:t6:occ:function:current-client:0066d940	0x0066d940	xbuild-enriched-full	true	0066d940	FUN_0066d940	undefined FUN_0066d940()	0	0	unknown	true		14	1495	119	21	3825
urn:ure:t6:occ:function:current-client:0066dc70	0x0066dc70	xbuild-enriched-full	true	0066dc70	FUN_0066dc70	undefined FUN_0066dc70()	0	0	unknown	true		6	666	39	14	1475
urn:ure:t6:occ:function:current-client:0066dd10	0x0066dd10	xbuild-enriched-full	true	0066dd10	FUN_0066dd10	undefined FUN_0066dd10()	0	0	unknown	true		3	507	28	12	1105
urn:ure:t6:occ:function:current-client:0066dd70	0x0066dd70	xbuild-enriched-full	true	0066dd70	FUN_0066dd70	undefined FUN_0066dd70()	0	0	unknown	true		2	295	11	4	496
urn:ure:t6:occ:function:current-client:0066dda0	0x0066dda0	xbuild-enriched-full	true	0066dda0	FUN_0066dda0	undefined FUN_0066dda0()	0	0	unknown	true		3	292	16	6	603
urn:ure:t6:occ:function:current-client:0066ddd0	0x0066ddd0	xbuild-enriched-full	true	0066ddd0	FUN_0066ddd0	undefined FUN_0066ddd0()	0	0	unknown	true		1	141	6	1	344
urn:ure:t6:occ:function:current-client:0066ddf0	0x0066ddf0	xbuild-enriched-full	true	0066ddf0	FUN_0066ddf0	undefined FUN_0066ddf0()	0	0	unknown	true		1	126	5	2	278
urn:ure:t6:occ:function:current-client:0066de00	0x0066de00	xbuild-enriched-full	true	0066de00	FUN_0066de00	undefined FUN_0066de00()	0	0	unknown	true		2	253	14	3	633
urn:ure:t6:occ:function:current-client:0066de30	0x0066de30	xbuild-enriched-full	true	0066de30	_free	void __cdecl _free(void * _Memory)	1	0	__cdecl	true		5	432	1	1	173
urn:ure:t6:occ:function:current-client:0066de80	0x0066de80	xbuild-enriched-full	true	0066de80	FUN_0066de80	undefined FUN_0066de80()	0	0	unknown	true		1	61	4	0	254
urn:ure:t6:occ:function:current-client:0066de90	0x0066de90	xbuild-enriched-full	true	0066de90	FUN_0066de90	undefined FUN_0066de90()	0	0	unknown	true		3	335	13	4	660
urn:ure:t6:occ:function:current-client:0066ded0	0x0066ded0	xbuild-enriched-full	true	0066ded0	FUN_0066ded0	undefined FUN_0066ded0()	0	0	unknown	true		40	4171	257	53	10076
urn:ure:t6:occ:function:current-client:0066e6f0	0x0066e6f0	xbuild-enriched-full	true	0066e6f0	FUN_0066e6f0	undefined FUN_0066e6f0()	0	0	unknown	true		5	727	37	13	1436
urn:ure:t6:occ:function:current-client:0066e780	0x0066e780	xbuild-enriched-full	true	0066e780	thunk_FUN_00494570	undefined thunk_FUN_00494570()	0	0	unknown	true		9	733	1	1	173
urn:ure:t6:occ:function:current-client:0066e790	0x0066e790	xbuild-enriched-full	true	0066e790	FUN_0066e790	undefined FUN_0066e790()	0	0	unknown	true		24	2134	138	34	4630
urn:ure:t6:occ:function:current-client:0066e930	0x0066e930	xbuild-enriched-full	true	0066e930	FUN_0066e930	undefined FUN_0066e930()	0	0	unknown	true		33	2926	170	45	6350
urn:ure:t6:occ:function:current-client:0066eba0	0x0066eba0	xbuild-enriched-full	true	0066eba0	FUN_0066eba0	undefined FUN_0066eba0()	0	0	unknown	true		1	147	2	1	195
urn:ure:t6:occ:function:current-client:0066ebb0	0x0066ebb0	xbuild-enriched-full	true	0066ebb0	FUN_0066ebb0	undefined FUN_0066ebb0()	0	0	unknown	true		4	629	40	11	1278
urn:ure:t6:occ:function:current-client:0066ec10	0x0066ec10	xbuild-enriched-full	true	0066ec10	FUN_0066ec10	undefined FUN_0066ec10()	0	0	unknown	true		3	406	23	9	878
urn:ure:t6:occ:function:current-client:0066ec60	0x0066ec60	xbuild-enriched-full	true	0066ec60	FUN_0066ec60	undefined FUN_0066ec60()	0	0	unknown	true		4	615	48	20	1539
urn:ure:t6:occ:function:current-client:0066ece0	0x0066ece0	xbuild-enriched-full	true	0066ece0	FUN_0066ece0	undefined FUN_0066ece0()	0	0	unknown	true		2	218	11	3	436
urn:ure:t6:occ:function:current-client:0066ed00	0x0066ed00	xbuild-enriched-full	true	0066ed00	FUN_0066ed00	undefined FUN_0066ed00()	0	0	unknown	true		8	800	51	21	1596
urn:ure:t6:occ:function:current-client:0066edc0	0x0066edc0	xbuild-enriched-full	true	0066edc0	FUN_0066edc0	undefined FUN_0066edc0()	0	0	unknown	true		7	703	55	8	1959
urn:ure:t6:occ:function:current-client:0066ee70	0x0066ee70	xbuild-enriched-full	true	0066ee70	FUN_0066ee70	undefined FUN_0066ee70()	0	0	unknown	true		2	229	9	4	419
urn:ure:t6:occ:function:current-client:0066eee0	0x0066eee0	xbuild-enriched-full	true	0066eee0	FUN_0066eee0	undefined FUN_0066eee0()	0	0	unknown	true		61	7077	391	59	16169
urn:ure:t6:occ:function:current-client:0066f5b0	0x0066f5b0	xbuild-enriched-full	true	0066f5b0	FUN_0066f5b0	undefined FUN_0066f5b0()	0	0	unknown	true		11	1700	95	25	3037
urn:ure:t6:occ:function:current-client:0066f6a0	0x0066f6a0	xbuild-enriched-full	true	0066f6a0	FUN_0066f6a0	undefined FUN_0066f6a0()	0	0	unknown	true		8	1268	53	14	1999
urn:ure:t6:occ:function:current-client:0066f740	0x0066f740	xbuild-enriched-full	true	0066f740	FUN_0066f740	undefined FUN_0066f740()	0	0	unknown	true		1	172	3	1	249
urn:ure:t6:occ:function:current-client:0066f750	0x0066f750	xbuild-enriched-full	true	0066f750	FUN_0066f750	undefined FUN_0066f750()	0	0	unknown	true		2	232	22	5	816
urn:ure:t6:occ:function:current-client:0066f9a0	0x0066f9a0	xbuild-enriched-full	true	0066f9a0	FUN_0066f9a0	undefined FUN_0066f9a0()	0	0	unknown	true		11	1469	90	20	2941
urn:ure:t6:occ:function:current-client:0066fa90	0x0066fa90	xbuild-enriched-full	true	0066fa90	FUN_0066fa90	undefined FUN_0066fa90()	0	0	unknown	true		5	644	37	6	1395
urn:ure:t6:occ:function:current-client:0066fb10	0x0066fb10	xbuild-enriched-full	true	0066fb10	FUN_0066fb10	undefined FUN_0066fb10()	0	0	unknown	true		6	729	45	12	1521
urn:ure:t6:occ:function:current-client:0066fb90	0x0066fb90	xbuild-enriched-full	true	0066fb90	FUN_0066fb90	undefined FUN_0066fb90()	0	0	unknown	true		1	133	10	1	437
urn:ure:t6:occ:function:current-client:0066fbb0	0x0066fbb0	xbuild-enriched-full	true	0066fbb0	FUN_0066fbb0	undefined FUN_0066fbb0()	0	0	unknown	true		6	1036	46	7	1866
urn:ure:t6:occ:function:current-client:0066fcb0	0x0066fcb0	xbuild-enriched-full	true	0066fcb0	FUN_0066fcb0	undefined FUN_0066fcb0()	0	0	unknown	true		4	445	32	2	1302
urn:ure:t6:occ:function:current-client:0066fd40	0x0066fd40	xbuild-enriched-full	true	0066fd40	FUN_0066fd40	undefined FUN_0066fd40()	0	0	unknown	true		2	360	14	3	599
urn:ure:t6:occ:function:current-client:0066fd70	0x0066fd70	xbuild-enriched-full	true	0066fd70	FUN_0066fd70	undefined FUN_0066fd70()	0	0	unknown	true		6	731	40	15	1592
urn:ure:t6:occ:function:current-client:0066fe10	0x0066fe10	xbuild-enriched-full	true	0066fe10	FUN_0066fe10	undefined FUN_0066fe10()	0	0	unknown	true		7	728	51	13	1698
urn:ure:t6:occ:function:current-client:0066feb0	0x0066feb0	xbuild-enriched-full	true	0066feb0	FUN_0066feb0	undefined FUN_0066feb0()	0	0	unknown	true		3	487	22	1	994
urn:ure:t6:occ:function:current-client:0066ff00	0x0066ff00	xbuild-enriched-full	true	0066ff00	FUN_0066ff00	undefined FUN_0066ff00()	0	0	unknown	true		2	107	7	3	375
urn:ure:t6:occ:function:current-client:0066ff20	0x0066ff20	xbuild-enriched-full	true	0066ff20	FUN_0066ff20	undefined FUN_0066ff20()	0	0	unknown	true		17	2448	99	17	3996
urn:ure:t6:occ:function:current-client:006700b0	0x006700b0	xbuild-enriched-full	true	006700b0	FUN_006700b0	undefined FUN_006700b0()	0	0	unknown	true		1	62	6	0	304
urn:ure:t6:occ:function:current-client:006700c0	0x006700c0	xbuild-enriched-full	true	006700c0	FUN_006700c0	undefined FUN_006700c0()	0	0	unknown	true		37	3247	203	69	6467
urn:ure:t6:occ:function:current-client:00670350	0x00670350	xbuild-enriched-full	true	00670350	FUN_00670350	undefined FUN_00670350()	0	0	unknown	true		10	904	72	17	2349
urn:ure:t6:occ:function:current-client:00670420	0x00670420	xbuild-enriched-full	true	00670420	FUN_00670420	undefined FUN_00670420()	0	0	unknown	true		3	342	20	6	785
urn:ure:t6:occ:function:current-client:00670460	0x00670460	xbuild-enriched-full	true	00670460	thunk_FUN_005b0f00	undefined thunk_FUN_005b0f00()	0	0	unknown	true		3	185	1	1	173
urn:ure:t6:occ:function:current-client:00670470	0x00670470	xbuild-enriched-full	true	00670470	FUN_00670470	undefined FUN_00670470()	0	0	unknown	true		6	441	42	8	1297
urn:ure:t6:occ:function:current-client:006704e0	0x006704e0	xbuild-enriched-full	true	006704e0	FUN_006704e0	undefined FUN_006704e0()	0	0	unknown	true		9	949	68	14	2170
urn:ure:t6:occ:function:current-client:00670590	0x00670590	xbuild-enriched-full	true	00670590	FUN_00670590	undefined FUN_00670590()	0	0	unknown	true		175	13710	876	224	31623
urn:ure:t6:occ:function:current-client:006712e0	0x006712e0	xbuild-enriched-full	true	006712e0	FUN_006712e0	undefined FUN_006712e0()	0	0	unknown	true		3	287	23	6	760
urn:ure:t6:occ:function:current-client:00671320	0x00671320	xbuild-enriched-full	true	00671320	FUN_00671320	undefined FUN_00671320()	0	0	unknown	true		6	788	49	2	1945
urn:ure:t6:occ:function:current-client:006713c0	0x006713c0	xbuild-enriched-full	true	006713c0	FUN_006713c0	undefined FUN_006713c0()	0	0	unknown	true		1	74	4	2	244
urn:ure:t6:occ:function:current-client:006713d0	0x006713d0	xbuild-enriched-full	true	006713d0	FUN_006713d0	undefined FUN_006713d0()	0	0	unknown	true		7	720	48	33	1809
urn:ure:t6:occ:function:current-client:006714b0	0x006714b0	xbuild-enriched-full	true	006714b0	FUN_006714b0	undefined FUN_006714b0()	0	0	unknown	true		3	166	12	5	498
urn:ure:t6:occ:function:current-client:006714e0	0x006714e0	xbuild-enriched-full	true	006714e0	FUN_006714e0	undefined FUN_006714e0()	0	0	unknown	true		13	2016	132	16	4538
urn:ure:t6:occ:function:current-client:00671660	0x00671660	xbuild-enriched-full	true	00671660	FUN_00671660	undefined FUN_00671660()	0	0	unknown	true		2	121	8	2	390
urn:ure:t6:occ:function:current-client:00671680	0x00671680	xbuild-enriched-full	true	00671680	FUN_00671680	undefined FUN_00671680()	0	0	unknown	true		44	5443	414	72	13761
urn:ure:t6:occ:function:current-client:00671ae0	0x00671ae0	xbuild-enriched-full	true	00671ae0	FUN_00671ae0	undefined FUN_00671ae0()	0	0	unknown	true		3	319	19	3	707
urn:ure:t6:occ:function:current-client:00671b10	0x00671b10	xbuild-enriched-full	true	00671b10	FUN_00671b10	undefined FUN_00671b10()	0	0	unknown	true		9	1544	91	17	3214
urn:ure:t6:occ:function:current-client:00671c00	0x00671c00	xbuild-enriched-full	true	00671c00	FUN_00671c00	undefined FUN_00671c00()	0	0	unknown	true		2	256	14	1	606
urn:ure:t6:occ:function:current-client:00671ce0	0x00671ce0	xbuild-enriched-full	true	00671ce0	FUN_00671ce0	undefined FUN_00671ce0()	0	0	unknown	true		10	1046	80	19	2417
urn:ure:t6:occ:function:current-client:00671e40	0x00671e40	xbuild-enriched-full	true	00671e40	FUN_00671e40	undefined FUN_00671e40()	0	0	unknown	true		4	348	26	2	947
urn:ure:t6:occ:function:current-client:00671ea0	0x00671ea0	xbuild-enriched-full	true	00671ea0	FUN_00671ea0	undefined FUN_00671ea0()	0	0	unknown	true		2	119	8	3	400
urn:ure:t6:occ:function:current-client:00671ec0	0x00671ec0	xbuild-enriched-full	true	00671ec0	FUN_00671ec0	undefined FUN_00671ec0()	0	0	unknown	true		10	1002	89	18	2674
urn:ure:t6:occ:function:current-client:00671fc0	0x00671fc0	xbuild-enriched-full	true	00671fc0	FUN_00671fc0	undefined FUN_00671fc0()	0	0	unknown	true		0	147	2	1	195
urn:ure:t6:occ:function:current-client:00671fd0	0x00671fd0	xbuild-enriched-full	true	00671fd0	FUN_00671fd0	undefined FUN_00671fd0()	0	0	unknown	true		2	282	23	4	789
urn:ure:t6:occ:function:current-client:00672060	0x00672060	xbuild-enriched-full	true	00672060	FUN_00672060	undefined FUN_00672060()	0	0	unknown	true		9	1282	74	15	2646
urn:ure:t6:occ:function:current-client:00672150	0x00672150	xbuild-enriched-full	true	00672150	FUN_00672150	undefined FUN_00672150()	0	0	unknown	true		22	2130	142	52	4879
urn:ure:t6:occ:function:current-client:00672340	0x00672340	xbuild-enriched-full	true	00672340	FUN_00672340	undefined FUN_00672340()	0	0	unknown	true		25	2443	157	40	5415
urn:ure:t6:occ:function:current-client:00672540	0x00672540	xbuild-enriched-full	true	00672540	FUN_00672540	undefined FUN_00672540()	0	0	unknown	true		5	562	34	9	1092
urn:ure:t6:occ:function:current-client:00672590	0x00672590	xbuild-enriched-full	true	00672590	FUN_00672590	undefined FUN_00672590()	0	0	unknown	true		2	97	7	3	346
urn:ure:t6:occ:function:current-client:006725b0	0x006725b0	xbuild-enriched-full	true	006725b0	FUN_006725b0	undefined FUN_006725b0()	0	0	unknown	true		12	1799	95	25	3224
urn:ure:t6:occ:function:current-client:006726c0	0x006726c0	xbuild-enriched-full	true	006726c0	FUN_006726c0	undefined FUN_006726c0()	0	0	unknown	true		4	424	24	8	826
urn:ure:t6:occ:function:current-client:00672710	0x00672710	xbuild-enriched-full	true	00672710	FUN_00672710	undefined FUN_00672710()	0	0	unknown	true		9	842	72	14	2484
urn:ure:t6:occ:function:current-client:00672810	0x00672810	xbuild-enriched-full	true	00672810	FUN_00672810	undefined FUN_00672810()	0	0	unknown	true		2	306	12	3	557
urn:ure:t6:occ:function:current-client:00672840	0x00672840	xbuild-enriched-full	true	00672840	FUN_00672840	undefined FUN_00672840()	0	0	unknown	true		36	4565	232	72	8657
urn:ure:t6:occ:function:current-client:00672bc0	0x00672bc0	xbuild-enriched-full	true	00672bc0	FUN_00672bc0	undefined FUN_00672bc0()	0	0	unknown	true		10	830	56	19	1795
urn:ure:t6:occ:function:current-client:00672c60	0x00672c60	xbuild-enriched-full	true	00672c60	thunk_FUN_008892c0	undefined thunk_FUN_008892c0()	0	0	unknown	true		39	4673	1	1	173
urn:ure:t6:occ:function:current-client:00672c70	0x00672c70	xbuild-enriched-full	true	00672c70	FUN_00672c70	undefined FUN_00672c70()	0	0	unknown	true		8	767	47	17	1576
urn:ure:t6:occ:function:current-client:00672d00	0x00672d00	xbuild-enriched-full	true	00672d00	FUN_00672d00	undefined FUN_00672d00()	0	0	unknown	true		4	655	39	2	1364
urn:ure:t6:occ:function:current-client:00672d60	0x00672d60	xbuild-enriched-full	true	00672d60	FUN_00672d60	undefined FUN_00672d60()	0	0	unknown	true		1	106	7	2	387
urn:ure:t6:occ:function:current-client:00672d80	0x00672d80	xbuild-enriched-full	true	00672d80	FUN_00672d80	undefined FUN_00672d80()	0	0	unknown	true		18	2359	140	27	5281
urn:ure:t6:occ:function:current-client:00672f80	0x00672f80	xbuild-enriched-full	true	00672f80	FUN_00672f80	undefined FUN_00672f80()	0	0	unknown	true		10	1079	76	26	2281
urn:ure:t6:occ:function:current-client:00673040	0x00673040	xbuild-enriched-full	true	00673040	FUN_00673040	undefined FUN_00673040()	0	0	unknown	true		2	148	9	3	452
urn:ure:t6:occ:function:current-client:00673060	0x00673060	xbuild-enriched-full	true	00673060	FUN_00673060	undefined FUN_00673060()	0	0	unknown	true		4	421	33	8	1289
urn:ure:t6:occ:function:current-client:006730d0	0x006730d0	xbuild-enriched-full	true	006730d0	FUN_006730d0	undefined FUN_006730d0()	0	0	unknown	true		4	592	34	6	1215
urn:ure:t6:occ:function:current-client:00673150	0x00673150	xbuild-enriched-full	true	00673150	FUN_00673150	undefined FUN_00673150()	0	0	unknown	true		4	481	39	8	1466
urn:ure:t6:occ:function:current-client:006731d0	0x006731d0	xbuild-enriched-full	true	006731d0	FUN_006731d0	undefined FUN_006731d0()	0	0	unknown	true		8	943	78	13	2888
urn:ure:t6:occ:function:current-client:006732e0	0x006732e0	xbuild-enriched-full	true	006732e0	FUN_006732e0	undefined FUN_006732e0()	0	0	unknown	true		5	733	36	6	1213
urn:ure:t6:occ:function:current-client:00673350	0x00673350	xbuild-enriched-full	true	00673350	FUN_00673350	undefined FUN_00673350()	0	0	unknown	true		1	59	3	1	253
urn:ure:t6:occ:function:current-client:00673370	0x00673370	xbuild-enriched-full	true	00673370	FUN_00673370	undefined FUN_00673370()	0	0	unknown	true		7	654	59	3	1928
urn:ure:t6:occ:function:current-client:00673410	0x00673410	xbuild-enriched-full	true	00673410	FUN_00673410	undefined FUN_00673410()	0	0	unknown	true		1	173	5	2	311
urn:ure:t6:occ:function:current-client:00673430	0x00673430	xbuild-enriched-full	true	00673430	FUN_00673430	undefined FUN_00673430()	0	0	unknown	true		5	401	33	12	1070
urn:ure:t6:occ:function:current-client:00673490	0x00673490	xbuild-enriched-full	true	00673490	FUN_00673490	undefined FUN_00673490()	0	0	unknown	true		2	275	12	8	493
urn:ure:t6:occ:function:current-client:006734c0	0x006734c0	xbuild-enriched-full	true	006734c0	FUN_006734c0	undefined FUN_006734c0()	0	0	unknown	true		2	130	10	1	457
urn:ure:t6:occ:function:current-client:006734e0	0x006734e0	xbuild-enriched-full	true	006734e0	FUN_006734e0	undefined FUN_006734e0()	0	0	unknown	true		2	125	18	1	632
urn:ure:t6:occ:function:current-client:00673510	0x00673510	xbuild-enriched-full	true	00673510	FUN_00673510	undefined FUN_00673510()	0	0	unknown	true		3	490	31	5	1080
urn:ure:t6:occ:function:current-client:00673790	0x00673790	xbuild-enriched-full	true	00673790	FUN_00673790	undefined FUN_00673790()	0	0	unknown	true		5	661	37	4	1397
urn:ure:t6:occ:function:current-client:00673810	0x00673810	xbuild-enriched-full	true	00673810	FUN_00673810	undefined FUN_00673810()	0	0	unknown	true		3	302	22	4	768
urn:ure:t6:occ:function:current-client:00673840	0x00673840	xbuild-enriched-full	true	00673840	FUN_00673840	undefined FUN_00673840()	0	0	unknown	true		7	948	42	2	1671
urn:ure:t6:occ:function:current-client:006738d0	0x006738d0	xbuild-enriched-full	true	006738d0	FUN_006738d0	undefined FUN_006738d0()	0	0	unknown	true		3	319	21	6	714
urn:ure:t6:occ:function:current-client:00673910	0x00673910	xbuild-enriched-full	true	00673910	FUN_00673910	undefined FUN_00673910()	0	0	unknown	true		7	504	64	6	2245
urn:ure:t6:occ:function:current-client:006739b0	0x006739b0	xbuild-enriched-full	true	006739b0	FUN_006739b0	undefined FUN_006739b0()	0	0	unknown	true		1	200	6	0	340
urn:ure:t6:occ:function:current-client:006739d0	0x006739d0	xbuild-enriched-full	true	006739d0	FUN_006739d0	undefined FUN_006739d0()	0	0	unknown	true		2	225	14	1	614
urn:ure:t6:occ:function:current-client:00673a00	0x00673a00	xbuild-enriched-full	true	00673a00	FUN_00673a00	undefined FUN_00673a00()	0	0	unknown	true		1	80	8	1	361
urn:ure:t6:occ:function:current-client:00673a70	0x00673a70	xbuild-enriched-full	true	00673a70	FUN_00673a70	undefined FUN_00673a70()	0	0	unknown	true		0	95	3	3	245
urn:ure:t6:occ:function:current-client:00673a80	0x00673a80	xbuild-enriched-full	true	00673a80	FUN_00673a80	undefined FUN_00673a80()	0	0	unknown	true		4	615	36	1	1662
urn:ure:t6:occ:function:current-client:00673b00	0x00673b00	xbuild-enriched-full	true	00673b00	FUN_00673b00	undefined FUN_00673b00()	0	0	unknown	true		12	1609	115	18	3926
urn:ure:t6:occ:function:current-client:00673c40	0x00673c40	xbuild-enriched-full	true	00673c40	FUN_00673c40	undefined FUN_00673c40()	0	0	unknown	true		12	1210	96	26	3150
urn:ure:t6:occ:function:current-client:00673d80	0x00673d80	xbuild-enriched-full	true	00673d80	FUN_00673d80	undefined FUN_00673d80()	0	0	unknown	true		12	1057	89	19	3164
urn:ure:t6:occ:function:current-client:00673eb0	0x00673eb0	xbuild-enriched-full	true	00673eb0	FUN_00673eb0	undefined FUN_00673eb0()	0	0	unknown	true		10	1068	71	23	2278
urn:ure:t6:occ:function:current-client:00673f80	0x00673f80	xbuild-enriched-full	true	00673f80	FUN_00673f80	undefined FUN_00673f80()	0	0	unknown	true		1	62	6	0	304
urn:ure:t6:occ:function:current-client:00674050	0x00674050	xbuild-enriched-full	true	00674050	FUN_00674050	undefined FUN_00674050()	0	0	unknown	true		1	133	10	1	437
urn:ure:t6:occ:function:current-client:00674070	0x00674070	xbuild-enriched-full	true	00674070	FUN_00674070	undefined FUN_00674070()	0	0	unknown	true		13	1923	100	15	4112
urn:ure:t6:occ:function:current-client:00674210	0x00674210	xbuild-enriched-full	true	00674210	FUN_00674210	undefined FUN_00674210()	0	0	unknown	true		4	278	29	6	884
urn:ure:t6:occ:function:current-client:00674250	0x00674250	xbuild-enriched-full	true	00674250	thunk_FUN_00531e80	undefined thunk_FUN_00531e80()	0	0	unknown	true		11	1094	1	1	173
urn:ure:t6:occ:function:current-client:00674260	0x00674260	xbuild-enriched-full	true	00674260	FUN_00674260	undefined FUN_00674260()	0	0	unknown	true		5	610	44	4	1537
urn:ure:t6:occ:function:current-client:006742f0	0x006742f0	xbuild-enriched-full	true	006742f0	FUN_006742f0	undefined FUN_006742f0()	0	0	unknown	true		3	322	24	2	910
urn:ure:t6:occ:function:current-client:00674330	0x00674330	xbuild-enriched-full	true	00674330	FUN_00674330	undefined FUN_00674330()	0	0	unknown	true		2	339	13	5	575
urn:ure:t6:occ:function:current-client:00674360	0x00674360	xbuild-enriched-full	true	00674360	FUN_00674360	undefined FUN_00674360()	0	0	unknown	true		5	674	36	7	1284
urn:ure:t6:occ:function:current-client:006743d0	0x006743d0	xbuild-enriched-full	true	006743d0	FUN_006743d0	undefined FUN_006743d0()	0	0	unknown	true		3	365	12	2	553
urn:ure:t6:occ:function:current-client:00674400	0x00674400	xbuild-enriched-full	true	00674400	FUN_00674400	undefined FUN_00674400()	0	0	unknown	true		84	7830	517	120	17359
urn:ure:t6:occ:function:current-client:00674a60	0x00674a60	xbuild-enriched-full	true	00674a60	FUN_00674a60	undefined FUN_00674a60()	0	0	unknown	true		14	2004	127	13	4818
urn:ure:t6:occ:function:current-client:00674c10	0x00674c10	xbuild-enriched-full	true	00674c10	FUN_00674c10	undefined FUN_00674c10()	0	0	unknown	true		11	1651	89	21	3052
urn:ure:t6:occ:function:current-client:00674d10	0x00674d10	xbuild-enriched-full	true	00674d10	FUN_00674d10	undefined FUN_00674d10()	0	0	unknown	true		3	353	22	4	961
urn:ure:t6:occ:function:current-client:00674d60	0x00674d60	xbuild-enriched-full	true	00674d60	FUN_00674d60	undefined FUN_00674d60()	0	0	unknown	true		4	479	25	12	931
urn:ure:t6:occ:function:current-client:00674dc0	0x00674dc0	xbuild-enriched-full	true	00674dc0	FUN_00674dc0	undefined FUN_00674dc0()	0	0	unknown	true		14	1361	118	35	4069
urn:ure:t6:occ:function:current-client:00674fb0	0x00674fb0	xbuild-enriched-full	true	00674fb0	FUN_00674fb0	undefined FUN_00674fb0()	0	0	unknown	true		2	208	10	4	457
urn:ure:t6:occ:function:current-client:00674fd0	0x00674fd0	xbuild-enriched-full	true	00674fd0	FUN_00674fd0	undefined FUN_00674fd0()	0	0	unknown	true		2	231	11	5	468
urn:ure:t6:occ:function:current-client:00675000	0x00675000	xbuild-enriched-full	true	00675000	FUN_00675000	undefined FUN_00675000()	0	0	unknown	true		3	184	24	4	888
urn:ure:t6:occ:function:current-client:00675050	0x00675050	xbuild-enriched-full	true	00675050	FUN_00675050	undefined FUN_00675050()	0	0	unknown	true		2	333	18	7	735
urn:ure:t6:occ:function:current-client:00675090	0x00675090	xbuild-enriched-full	true	00675090	FUN_00675090	undefined FUN_00675090()	0	0	unknown	true		2	406	16	4	737
urn:ure:t6:occ:function:current-client:006750d0	0x006750d0	xbuild-enriched-full	true	006750d0	FUN_006750d0	undefined FUN_006750d0()	0	0	unknown	true		2	315	21	0	1009
urn:ure:t6:occ:function:current-client:00675130	0x00675130	xbuild-enriched-full	true	00675130	FUN_00675130	undefined FUN_00675130()	0	0	unknown	true		2	309	13	8	595
urn:ure:t6:occ:function:current-client:00675170	0x00675170	xbuild-enriched-full	true	00675170	FUN_00675170	undefined FUN_00675170()	0	0	unknown	true		2	201	15	4	601
urn:ure:t6:occ:function:current-client:006751a0	0x006751a0	xbuild-enriched-full	true	006751a0	FUN_006751a0	undefined FUN_006751a0()	0	0	unknown	true		9	1176	88	14	2715
urn:ure:t6:occ:function:current-client:00675270	0x00675270	xbuild-enriched-full	true	00675270	FUN_00675270	undefined FUN_00675270()	0	0	unknown	true		5	408	32	8	1069
urn:ure:t6:occ:function:current-client:006752d0	0x006752d0	xbuild-enriched-full	true	006752d0	FUN_006752d0	undefined FUN_006752d0()	0	0	unknown	true		105	9828	451	89	18320
urn:ure:t6:occ:function:current-client:00675a60	0x00675a60	xbuild-enriched-full	true	00675a60	FUN_00675a60	undefined FUN_00675a60()	0	0	unknown	true		12	817	14	2	590
urn:ure:t6:occ:function:current-client:00675a93	0x00675a93	xbuild-enriched-full	true	00675a93	FUN_00675a93	undefined FUN_00675a93()	0	0	unknown	true		8	1237	60	11	2129
urn:ure:t6:occ:function:current-client:00675b50	0x00675b50	xbuild-enriched-full	true	00675b50	FUN_00675b50	undefined FUN_00675b50()	0	0	unknown	true		5	611	36	10	1149
urn:ure:t6:occ:function:current-client:00675bc0	0x00675bc0	xbuild-enriched-full	true	00675bc0	FUN_00675bc0	undefined FUN_00675bc0()	0	0	unknown	true		0	62	2	1	192
urn:ure:t6:occ:function:current-client:00675bd0	0x00675bd0	xbuild-enriched-full	true	00675bd0	FUN_00675bd0	undefined FUN_00675bd0()	0	0	unknown	true		5	676	43	9	1450
urn:ure:t6:occ:function:current-client:00675c50	0x00675c50	xbuild-enriched-full	true	00675c50	FUN_00675c50	undefined FUN_00675c50()	0	0	unknown	true		7	706	49	21	1713
urn:ure:t6:occ:function:current-client:00675cf0	0x00675cf0	xbuild-enriched-full	true	00675cf0	FUN_00675cf0	undefined FUN_00675cf0()	0	0	unknown	true		1	62	6	0	304
urn:ure:t6:occ:function:current-client:00675d10	0x00675d10	xbuild-enriched-full	true	00675d10	FUN_00675d10	undefined FUN_00675d10()	0	0	unknown	true		4	529	31	15	1190
urn:ure:t6:occ:function:current-client:00675e80	0x00675e80	xbuild-enriched-full	true	00675e80	FUN_00675e80	undefined FUN_00675e80()	0	0	unknown	true		0	59	2	1	190
urn:ure:t6:occ:function:current-client:00675e90	0x00675e90	xbuild-enriched-full	true	00675e90	FUN_00675e90	undefined FUN_00675e90()	0	0	unknown	true		20	1860	111	38	3678
urn:ure:t6:occ:function:current-client:00676000	0x00676000	xbuild-enriched-full	true	00676000	FUN_00676000	undefined FUN_00676000()	0	0	unknown	true		2	76	4	2	244
urn:ure:t6:occ:function:current-client:00676010	0x00676010	xbuild-enriched-full	true	00676010	FUN_00676010	undefined FUN_00676010()	0	0	unknown	true		6	634	55	13	1880
urn:ure:t6:occ:function:current-client:00676160	0x00676160	xbuild-enriched-full	true	00676160	FUN_00676160	undefined FUN_00676160()	0	0	unknown	true		15	1905	126	11	4544
urn:ure:t6:occ:function:current-client:00676310	0x00676310	xbuild-enriched-full	true	00676310	FUN_00676310	undefined FUN_00676310()	0	0	unknown	true		28	3699	190	17	6806
urn:ure:t6:occ:function:current-client:00676530	0x00676530	xbuild-enriched-full	true	00676530	FUN_00676530	undefined FUN_00676530()	0	0	unknown	true		11	1469	83	19	3076
urn:ure:t6:occ:function:current-client:00676730	0x00676730	xbuild-enriched-full	true	00676730	FUN_00676730	undefined FUN_00676730()	0	0	unknown	true		1	103	3	1	266
urn:ure:t6:occ:function:current-client:006767a0	0x006767a0	xbuild-enriched-full	true	006767a0	FUN_006767a0	undefined FUN_006767a0()	0	0	unknown	true		11	1466	88	19	3001
urn:ure:t6:occ:function:current-client:006768b0	0x006768b0	xbuild-enriched-full	true	006768b0	FUN_006768b0	undefined FUN_006768b0()	0	0	unknown	true		14	2419	121	24	4290
urn:ure:t6:occ:function:current-client:00676a40	0x00676a40	xbuild-enriched-full	true	00676a40	FUN_00676a40	undefined FUN_00676a40()	0	0	unknown	true		590	42914	1634	226	64027
urn:ure:t6:occ:function:current-client:006784d0	0x006784d0	xbuild-enriched-full	true	006784d0	FUN_006784d0	undefined FUN_006784d0()	0	0	unknown	true		21	1230	119	23	3713
urn:ure:t6:occ:function:current-client:00678620	0x00678620	xbuild-enriched-full	true	00678620	FUN_00678620	undefined FUN_00678620()	0	0	unknown	true		1	191	5	1	348
urn:ure:t6:occ:function:current-client:00678640	0x00678640	xbuild-enriched-full	true	00678640	FUN_00678640	undefined FUN_00678640()	0	0	unknown	true		14	2107	104	16	4190
urn:ure:t6:occ:function:current-client:006787b0	0x006787b0	xbuild-enriched-full	true	006787b0	FUN_006787b0	undefined FUN_006787b0()	0	0	unknown	true		4	404	25	10	1021
urn:ure:t6:occ:function:current-client:00678810	0x00678810	xbuild-enriched-full	true	00678810	FUN_00678810	undefined FUN_00678810()	0	0	unknown	true		4	611	35	3	1298
urn:ure:t6:occ:function:current-client:00678870	0x00678870	xbuild-enriched-full	true	00678870	FUN_00678870	undefined FUN_00678870()	0	0	unknown	true		101	6404	680	130	20041
urn:ure:t6:occ:function:current-client:00679160	0x00679160	xbuild-enriched-full	true	00679160	FUN_00679160	undefined FUN_00679160()	0	0	unknown	true		5	580	38	6	1343
urn:ure:t6:occ:function:current-client:006791d0	0x006791d0	xbuild-enriched-full	true	006791d0	FUN_006791d0	undefined FUN_006791d0()	0	0	unknown	true		6	791	48	16	1671
urn:ure:t6:occ:function:current-client:00679260	0x00679260	xbuild-enriched-full	true	00679260	FUN_00679260	undefined FUN_00679260()	0	0	unknown	true		27	3275	205	63	7206
urn:ure:t6:occ:function:current-client:00679590	0x00679590	xbuild-enriched-full	true	00679590	FUN_00679590	undefined FUN_00679590()	0	0	unknown	true		6	590	38	7	1258
urn:ure:t6:occ:function:current-client:006795f0	0x006795f0	xbuild-enriched-full	true	006795f0	FUN_006795f0	undefined FUN_006795f0()	0	0	unknown	true		9	1143	78	26	2397
urn:ure:t6:occ:function:current-client:006796c0	0x006796c0	xbuild-enriched-full	true	006796c0	FUN_006796c0	undefined FUN_006796c0()	0	0	unknown	true		13	913	79	26	2679
urn:ure:t6:occ:function:current-client:006797f0	0x006797f0	xbuild-enriched-full	true	006797f0	FUN_006797f0	undefined FUN_006797f0()	0	0	unknown	true		6	467	46	6	1460
urn:ure:t6:occ:function:current-client:00679860	0x00679860	xbuild-enriched-full	true	00679860	FUN_00679860	undefined FUN_00679860()	0	0	unknown	true		5	801	40	5	1386
urn:ure:t6:occ:function:current-client:006798c0	0x006798c0	xbuild-enriched-full	true	006798c0	FUN_006798c0	undefined FUN_006798c0()	0	0	unknown	true		15	1963	104	29	3870
urn:ure:t6:occ:function:current-client:00679a50	0x00679a50	xbuild-enriched-full	true	00679a50	FUN_00679a50	undefined FUN_00679a50()	0	0	unknown	true		6	573	33	11	1382
urn:ure:t6:occ:function:current-client:00679ae0	0x00679ae0	xbuild-enriched-full	true	00679ae0	FUN_00679ae0	undefined FUN_00679ae0()	0	0	unknown	true		2	275	16	3	664
urn:ure:t6:occ:function:current-client:00679b20	0x00679b20	xbuild-enriched-full	true	00679b20	FUN_00679b20	undefined FUN_00679b20()	0	0	unknown	true		1	59	9	1	534
urn:ure:t6:occ:function:current-client:00679b50	0x00679b50	xbuild-enriched-full	true	00679b50	FUN_00679b50	undefined FUN_00679b50()	0	0	unknown	true		15	1895	98	21	3682
urn:ure:t6:occ:function:current-client:00679cd0	0x00679cd0	xbuild-enriched-full	true	00679cd0	FUN_00679cd0	undefined FUN_00679cd0()	0	0	unknown	true		4	276	23	6	797
urn:ure:t6:occ:function:current-client:00679d20	0x00679d20	xbuild-enriched-full	true	00679d20	FUN_00679d20	undefined FUN_00679d20()	0	0	unknown	true		3	297	17	2	705
urn:ure:t6:occ:function:current-client:00679d50	0x00679d50	xbuild-enriched-full	true	00679d50	FUN_00679d50	undefined FUN_00679d50()	0	0	unknown	true		148	13372	749	113	30139
urn:ure:t6:occ:function:current-client:0067a8e0	0x0067a8e0	xbuild-enriched-full	true	0067a8e0	FUN_0067a8e0	undefined FUN_0067a8e0()	0	0	unknown	true		35	2092	133	92	4589
urn:ure:t6:occ:function:current-client:0067ab40	0x0067ab40	xbuild-enriched-full	true	0067ab40	FUN_0067ab40	undefined FUN_0067ab40()	0	0	unknown	true		14	1467	114	26	3846
urn:ure:t6:occ:function:current-client:0067acb0	0x0067acb0	xbuild-enriched-full	true	0067acb0	FUN_0067acb0	undefined FUN_0067acb0()	0	0	unknown	true		1	82	6	1	310
urn:ure:t6:occ:function:current-client:0067acc0	0x0067acc0	xbuild-enriched-full	true	0067acc0	FUN_0067acc0	undefined FUN_0067acc0()	0	0	unknown	true		2	371	14	2	701
urn:ure:t6:occ:function:current-client:0067ad20	0x0067ad20	xbuild-enriched-full	true	0067ad20	FUN_0067ad20	undefined FUN_0067ad20()	0	0	unknown	true		12	1796	117	33	3770
urn:ure:t6:occ:function:current-client:0067ae70	0x0067ae70	xbuild-enriched-full	true	0067ae70	FUN_0067ae70	undefined FUN_0067ae70()	0	0	unknown	true		19	1697	181	40	5635
urn:ure:t6:occ:function:current-client:0067b2c0	0x0067b2c0	xbuild-enriched-full	true	0067b2c0	FUN_0067b2c0	undefined FUN_0067b2c0()	0	0	unknown	true		17	1596	91	20	3380
urn:ure:t6:occ:function:current-client:0067b420	0x0067b420	xbuild-enriched-full	true	0067b420	FUN_0067b420	undefined FUN_0067b420()	0	0	unknown	true		18	1443	127	35	3877
urn:ure:t6:occ:function:current-client:0067b5c0	0x0067b5c0	xbuild-enriched-full	true	0067b5c0	FUN_0067b5c0	undefined FUN_0067b5c0()	0	0	unknown	true		9	1013	51	6	2025
urn:ure:t6:occ:function:current-client:0067b690	0x0067b690	xbuild-enriched-full	true	0067b690	FUN_0067b690	undefined FUN_0067b690()	0	0	unknown	true		2	177	9	5	396
urn:ure:t6:occ:function:current-client:0067b6b0	0x0067b6b0	xbuild-enriched-full	true	0067b6b0	FUN_0067b6b0	undefined FUN_0067b6b0()	0	0	unknown	true		0	148	2	1	215
urn:ure:t6:occ:function:current-client:0067b750	0x0067b750	xbuild-enriched-full	true	0067b750	FUN_0067b750	undefined FUN_0067b750()	0	0	unknown	true		5	377	33	10	1191
urn:ure:t6:occ:function:current-client:0067b7b0	0x0067b7b0	xbuild-enriched-full	true	0067b7b0	FUN_0067b7b0	undefined FUN_0067b7b0()	0	0	unknown	true		9	1056	65	10	2208
urn:ure:t6:occ:function:current-client:0067b870	0x0067b870	xbuild-enriched-full	true	0067b870	FUN_0067b870	undefined FUN_0067b870()	0	0	unknown	true		24	1543	99	54	3423
urn:ure:t6:occ:function:current-client:0067b9d0	0x0067b9d0	xbuild-enriched-full	true	0067b9d0	FUN_0067b9d0	undefined FUN_0067b9d0()	0	0	unknown	true		2	143	11	3	440
urn:ure:t6:occ:function:current-client:0067b9f0	0x0067b9f0	xbuild-enriched-full	true	0067b9f0	FUN_0067b9f0	undefined FUN_0067b9f0()	0	0	unknown	true		1	133	10	1	436
urn:ure:t6:occ:function:current-client:0067bb00	0x0067bb00	xbuild-enriched-full	true	0067bb00	FUN_0067bb00	undefined FUN_0067bb00()	0	0	unknown	true		8	1179	55	10	2047
urn:ure:t6:occ:function:current-client:0067bd30	0x0067bd30	xbuild-enriched-full	true	0067bd30	FUN_0067bd30	undefined FUN_0067bd30()	0	0	unknown	true		6	771	45	5	1490
urn:ure:t6:occ:function:current-client:0067bdb0	0x0067bdb0	xbuild-enriched-full	true	0067bdb0	FUN_0067bdb0	undefined FUN_0067bdb0()	0	0	unknown	true		1	211	3	2	274
urn:ure:t6:occ:function:current-client:0067bdc0	0x0067bdc0	xbuild-enriched-full	true	0067bdc0	FUN_0067bdc0	undefined FUN_0067bdc0()	0	0	unknown	true		1	80	3	2	248
urn:ure:t6:occ:function:current-client:0067bdd0	0x0067bdd0	xbuild-enriched-full	true	0067bdd0	FUN_0067bdd0	undefined FUN_0067bdd0()	0	0	unknown	true		10	913	69	16	2287
urn:ure:t6:occ:function:current-client:0067beb0	0x0067beb0	xbuild-enriched-full	true	0067beb0	FUN_0067beb0	undefined FUN_0067beb0()	0	0	unknown	true		6	890	43	8	1588
urn:ure:t6:occ:function:current-client:0067bf30	0x0067bf30	xbuild-enriched-full	true	0067bf30	FUN_0067bf30	undefined FUN_0067bf30()	0	0	unknown	true		10	1560	87	12	3261
urn:ure:t6:occ:function:current-client:0067c070	0x0067c070	xbuild-enriched-full	true	0067c070	FUN_0067c070	undefined FUN_0067c070()	0	0	unknown	true		9	845	34	6	1324
urn:ure:t6:occ:function:current-client:0067c0e0	0x0067c0e0	xbuild-enriched-full	true	0067c0e0	FUN_0067c0e0	undefined FUN_0067c0e0()	0	0	unknown	true		7	1208	57	15	1868
urn:ure:t6:occ:function:current-client:0067c180	0x0067c180	xbuild-enriched-full	true	0067c180	FUN_0067c180	undefined FUN_0067c180()	0	0	unknown	true		1	117	5	0	363
urn:ure:t6:occ:function:current-client:0067c1a0	0x0067c1a0	xbuild-enriched-full	true	0067c1a0	FUN_0067c1a0	undefined FUN_0067c1a0()	0	0	unknown	true		7	978	63	7	2757
urn:ure:t6:occ:function:current-client:0067c2b0	0x0067c2b0	xbuild-enriched-full	true	0067c2b0	FUN_0067c2b0	undefined FUN_0067c2b0()	0	0	unknown	true		14	1542	102	24	3286
urn:ure:t6:occ:function:current-client:0067c400	0x0067c400	xbuild-enriched-full	true	0067c400	FUN_0067c400	undefined FUN_0067c400()	0	0	unknown	true		3	494	21	13	855
urn:ure:t6:occ:function:current-client:0067c450	0x0067c450	xbuild-enriched-full	true	0067c450	FUN_0067c450	undefined FUN_0067c450()	0	0	unknown	true		4	505	35	6	1199
urn:ure:t6:occ:function:current-client:0067c520	0x0067c520	xbuild-enriched-full	true	0067c520	FUN_0067c520	undefined FUN_0067c520()	0	0	unknown	true		2	193	12	2	507
urn:ure:t6:occ:function:current-client:0067c540	0x0067c540	xbuild-enriched-full	true	0067c540	FUN_0067c540	undefined FUN_0067c540()	0	0	unknown	true		10	1157	85	15	2986
urn:ure:t6:occ:function:current-client:0067c630	0x0067c630	xbuild-enriched-full	true	0067c630	FUN_0067c630	undefined FUN_0067c630()	0	0	unknown	true		5	750	35	2	1380
urn:ure:t6:occ:function:current-client:0067c6a0	0x0067c6a0	xbuild-enriched-full	true	0067c6a0	FUN_0067c6a0	undefined FUN_0067c6a0()	0	0	unknown	true		2	161	9	2	413
urn:ure:t6:occ:function:current-client:0067c6c0	0x0067c6c0	xbuild-enriched-full	true	0067c6c0	FUN_0067c6c0	undefined FUN_0067c6c0()	0	0	unknown	true		15	1850	114	50	4048
urn:ure:t6:occ:function:current-client:0067c850	0x0067c850	xbuild-enriched-full	true	0067c850	FUN_0067c850	undefined FUN_0067c850()	0	0	unknown	true		3	288	14	4	557
urn:ure:t6:occ:function:current-client:0067c880	0x0067c880	xbuild-enriched-full	true	0067c880	FUN_0067c880	undefined FUN_0067c880()	0	0	unknown	true		77	6305	368	76	14316
urn:ure:t6:occ:function:current-client:0067cef0	0x0067cef0	xbuild-enriched-full	true	0067cef0	FUN_0067cef0	undefined FUN_0067cef0()	0	0	unknown	true		6	520	34	13	1184
urn:ure:t6:occ:function:current-client:0067cf60	0x0067cf60	xbuild-enriched-full	true	0067cf60	FUN_0067cf60	undefined FUN_0067cf60()	0	0	unknown	true		29	2925	212	66	6905
urn:ure:t6:occ:function:current-client:0067d200	0x0067d200	xbuild-enriched-full	true	0067d200	FUN_0067d200	undefined FUN_0067d200()	0	0	unknown	true		4	429	23	9	906
urn:ure:t6:occ:function:current-client:0067d250	0x0067d250	xbuild-enriched-full	true	0067d250	FUN_0067d250	undefined FUN_0067d250()	0	0	unknown	true		7	1462	67	1	3476
urn:ure:t6:occ:function:current-client:0067d3b0	0x0067d3b0	xbuild-enriched-full	true	0067d3b0	FUN_0067d3b0	undefined FUN_0067d3b0()	0	0	unknown	true		12	1295	83	30	2910
urn:ure:t6:occ:function:current-client:0067d4c0	0x0067d4c0	xbuild-enriched-full	true	0067d4c0	FUN_0067d4c0	undefined FUN_0067d4c0()	0	0	unknown	true		9	734	79	7	3587
urn:ure:t6:occ:function:current-client:0067d650	0x0067d650	xbuild-enriched-full	true	0067d650	FUN_0067d650	undefined FUN_0067d650()	0	0	unknown	true		4	517	32	2	1375
urn:ure:t6:occ:function:current-client:0067d6c0	0x0067d6c0	xbuild-enriched-full	true	0067d6c0	FUN_0067d6c0	undefined FUN_0067d6c0()	0	0	unknown	true		7	866	60	14	1859
urn:ure:t6:occ:function:current-client:0067d760	0x0067d760	xbuild-enriched-full	true	0067d760	FUN_0067d760	undefined FUN_0067d760()	0	0	unknown	true		1	154	4	2	266
urn:ure:t6:occ:function:current-client:0067d770	0x0067d770	xbuild-enriched-full	true	0067d770	FUN_0067d770	undefined FUN_0067d770()	0	0	unknown	true		3	324	22	5	807
urn:ure:t6:occ:function:current-client:0067d7b0	0x0067d7b0	xbuild-enriched-full	true	0067d7b0	FUN_0067d7b0	undefined FUN_0067d7b0()	0	0	unknown	true		3	280	23	4	809
urn:ure:t6:occ:function:current-client:0067d8b0	0x0067d8b0	xbuild-enriched-full	true	0067d8b0	FUN_0067d8b0	undefined FUN_0067d8b0()	0	0	unknown	true		27	2647	150	45	5275
urn:ure:t6:occ:function:current-client:0067dae0	0x0067dae0	xbuild-enriched-full	true	0067dae0	FUN_0067dae0	undefined FUN_0067dae0()	0	0	unknown	true		152	22343	1504	0	60478
urn:ure:t6:occ:function:current-client:0067ef80	0x0067ef80	xbuild-enriched-full	true	0067ef80	FUN_0067ef80	undefined FUN_0067ef80()	0	0	unknown	true		6	430	30	5	1095
urn:ure:t6:occ:function:current-client:0067efe0	0x0067efe0	xbuild-enriched-full	true	0067efe0	FUN_0067efe0	undefined FUN_0067efe0()	0	0	unknown	true		2	242	10	2	511
urn:ure:t6:occ:function:current-client:0067f050	0x0067f050	xbuild-enriched-full	true	0067f050	FUN_0067f050	undefined FUN_0067f050()	0	0	unknown	true		1	133	10	1	437
urn:ure:t6:occ:function:current-client:0067f1a0	0x0067f1a0	xbuild-enriched-full	true	0067f1a0	FUN_0067f1a0	undefined FUN_0067f1a0()	0	0	unknown	true		4	524	26	7	910
urn:ure:t6:occ:function:current-client:0067f210	0x0067f210	xbuild-enriched-full	true	0067f210	FUN_0067f210	undefined FUN_0067f210()	0	0	unknown	true		4	609	32	6	1343
urn:ure:t6:occ:function:current-client:0067f2a0	0x0067f2a0	xbuild-enriched-full	true	0067f2a0	FUN_0067f2a0	undefined FUN_0067f2a0()	0	0	unknown	true		2	266	20	1	673
urn:ure:t6:occ:function:current-client:0067f2d0	0x0067f2d0	xbuild-enriched-full	true	0067f2d0	FUN_0067f2d0	undefined FUN_0067f2d0()	0	0	unknown	true		6	996	57	8	1824
urn:ure:t6:occ:function:current-client:0067f370	0x0067f370	xbuild-enriched-full	true	0067f370	FUN_0067f370	undefined FUN_0067f370()	0	0	unknown	true		5	477	22	12	900
urn:ure:t6:occ:function:current-client:0067f3d0	0x0067f3d0	xbuild-enriched-full	true	0067f3d0	FUN_0067f3d0	undefined FUN_0067f3d0()	0	0	unknown	true		1	123	5	1	345
urn:ure:t6:occ:function:current-client:0067f494	0x0067f494	xbuild-enriched-full	true	0067f494	FUN_0067f494	undefined FUN_0067f494()	0	0	unknown	true		4	401	33	4	1371
urn:ure:t6:occ:function:current-client:0067f510	0x0067f510	xbuild-enriched-full	true	0067f510	FUN_0067f510	undefined FUN_0067f510()	0	0	unknown	true		52	3608	224	162	7530
urn:ure:t6:occ:function:current-client:0067f8d0	0x0067f8d0	xbuild-enriched-full	true	0067f8d0	FUN_0067f8d0	undefined FUN_0067f8d0()	0	0	unknown	true		14	2050	106	12	4210
urn:ure:t6:occ:function:current-client:0067fa50	0x0067fa50	xbuild-enriched-full	true	0067fa50	FUN_0067fa50	undefined FUN_0067fa50()	0	0	unknown	true		3	495	22	8	921
urn:ure:t6:occ:function:current-client:006800a0	0x006800a0	xbuild-enriched-full	true	006800a0	FUN_006800a0	undefined FUN_006800a0()	0	0	unknown	true		4	679	38	9	1250
urn:ure:t6:occ:function:current-client:00680120	0x00680120	xbuild-enriched-full	true	00680120	FUN_00680120	undefined FUN_00680120()	0	0	unknown	true		3	245	26	4	813
urn:ure:t6:occ:function:current-client:00680160	0x00680160	xbuild-enriched-full	true	00680160	FUN_00680160	undefined FUN_00680160()	0	0	unknown	true		0	86	3	0	252
urn:ure:t6:occ:function:current-client:006801a0	0x006801a0	xbuild-enriched-full	true	006801a0	FUN_006801a0	undefined FUN_006801a0()	0	0	unknown	true		4	399	25	13	915
urn:ure:t6:occ:function:current-client:00680200	0x00680200	xbuild-enriched-full	true	00680200	FUN_00680200	undefined FUN_00680200()	0	0	unknown	true		10	837	55	35	2155
urn:ure:t6:occ:function:current-client:00680300	0x00680300	xbuild-enriched-full	true	00680300	FUN_00680300	undefined FUN_00680300()	0	0	unknown	true		17	1266	114	34	4193
urn:ure:t6:occ:function:current-client:00680480	0x00680480	xbuild-enriched-full	true	00680480	FUN_00680480	undefined FUN_00680480()	0	0	unknown	true		7	976	54	12	1728
urn:ure:t6:occ:function:current-client:00680510	0x00680510	xbuild-enriched-full	true	00680510	FUN_00680510	undefined FUN_00680510()	0	0	unknown	true		4	383	28	8	925
urn:ure:t6:occ:function:current-client:00680560	0x00680560	xbuild-enriched-full	true	00680560	thunk_FUN_005836f0	undefined thunk_FUN_005836f0()	0	0	unknown	true		4	303	1	1	173
urn:ure:t6:occ:function:current-client:00680570	0x00680570	xbuild-enriched-full	true	00680570	FUN_00680570	undefined FUN_00680570()	0	0	unknown	true		5	502	36	14	1314
urn:ure:t6:occ:function:current-client:006805f0	0x006805f0	xbuild-enriched-full	true	006805f0	FUN_006805f0	undefined FUN_006805f0()	0	0	unknown	true		3	325	26	8	839
urn:ure:t6:occ:function:current-client:00680630	0x00680630	xbuild-enriched-full	true	00680630	FUN_00680630	undefined FUN_00680630()	0	0	unknown	true		6	787	49	2	1938
urn:ure:t6:occ:function:current-client:006806d0	0x006806d0	xbuild-enriched-full	true	006806d0	FUN_006806d0	undefined FUN_006806d0()	0	0	unknown	true		28	3106	195	51	6926
urn:ure:t6:occ:function:current-client:00680a80	0x00680a80	xbuild-enriched-full	true	00680a80	FUN_00680a80	undefined FUN_00680a80()	0	0	unknown	true		2	361	15	1	758
urn:ure:t6:occ:function:current-client:00680af0	0x00680af0	xbuild-enriched-full	true	00680af0	FUN_00680af0	undefined FUN_00680af0()	0	0	unknown	true		12	1499	77	40	3054
urn:ure:t6:occ:function:current-client:00680c40	0x00680c40	xbuild-enriched-full	true	00680c40	FUN_00680c40	undefined FUN_00680c40()	0	0	unknown	true		102	9197	471	101	17109
urn:ure:t6:occ:function:current-client:00681290	0x00681290	xbuild-enriched-full	true	00681290	FUN_00681290	undefined FUN_00681290()	0	0	unknown	true		35	2845	168	42	5794
urn:ure:t6:occ:function:current-client:00681540	0x00681540	xbuild-enriched-full	true	00681540	FUN_00681540	undefined FUN_00681540()	0	0	unknown	true		6	616	41	12	1300
urn:ure:t6:occ:function:current-client:006815c0	0x006815c0	xbuild-enriched-full	true	006815c0	FUN_006815c0	undefined FUN_006815c0()	0	0	unknown	true		1	72	4	2	252
urn:ure:t6:occ:function:current-client:006815d0	0x006815d0	xbuild-enriched-full	true	006815d0	FUN_006815d0	undefined FUN_006815d0()	0	0	unknown	true		12	1063	77	9	3216
urn:ure:t6:occ:function:current-client:00681700	0x00681700	xbuild-enriched-full	true	00681700	FUN_00681700	undefined FUN_00681700()	0	0	unknown	true		31	1820	150	62	5430
urn:ure:t6:occ:function:current-client:00681910	0x00681910	xbuild-enriched-full	true	00681910	FUN_00681910	undefined FUN_00681910()	0	0	unknown	true		6	647	46	8	1659
urn:ure:t6:occ:function:current-client:006819d0	0x006819d0	xbuild-enriched-full	true	006819d0	FUN_006819d0	undefined FUN_006819d0()	0	0	unknown	true		0	147	2	1	195
urn:ure:t6:occ:function:current-client:006819e0	0x006819e0	xbuild-enriched-full	true	006819e0	FUN_006819e0	undefined FUN_006819e0()	0	0	unknown	true		3	303	20	10	948
urn:ure:t6:occ:function:current-client:00681a40	0x00681a40	xbuild-enriched-full	true	00681a40	thunk_FUN_0043e4f0	undefined thunk_FUN_0043e4f0()	0	0	unknown	true		3	275	1	1	173
urn:ure:t6:occ:function:current-client:00681a50	0x00681a50	xbuild-enriched-full	true	00681a50	FUN_00681a50	undefined FUN_00681a50()	0	0	unknown	true		5	399	27	10	1036
urn:ure:t6:occ:function:current-client:00681ab0	0x00681ab0	xbuild-enriched-full	true	00681ab0	FUN_00681ab0	undefined FUN_00681ab0()	0	0	unknown	true		12	1953	91	25	3359
urn:ure:t6:occ:function:current-client:00681c00	0x00681c00	xbuild-enriched-full	true	00681c00	thunk_FUN_004874b0	undefined thunk_FUN_004874b0()	0	0	unknown	true		13	1606	1	1	173
urn:ure:t6:occ:function:current-client:00681c10	0x00681c10	xbuild-enriched-full	true	00681c10	FUN_00681c10	undefined FUN_00681c10()	0	0	unknown	true		5	603	45	3	1528
urn:ure:t6:occ:function:current-client:00681c80	0x00681c80	xbuild-enriched-full	true	00681c80	thunk_FUN_00897f70	undefined thunk_FUN_00897f70()	0	0	unknown	true		5	522	1	1	173
urn:ure:t6:occ:function:current-client:00681c90	0x00681c90	xbuild-enriched-full	true	00681c90	FUN_00681c90	undefined FUN_00681c90()	0	0	unknown	true		0	62	2	1	192
urn:ure:t6:occ:function:current-client:00681ca0	0x00681ca0	xbuild-enriched-full	true	00681ca0	FUN_00681ca0	undefined FUN_00681ca0()	0	0	unknown	true		6	742	45	4	1672
urn:ure:t6:occ:function:current-client:00681d30	0x00681d30	xbuild-enriched-full	true	00681d30	FUN_00681d30	undefined FUN_00681d30()	0	0	unknown	true		1	81	3	1	240
urn:ure:t6:occ:function:current-client:00681da0	0x00681da0	xbuild-enriched-full	true	00681da0	FUN_00681da0	undefined FUN_00681da0()	0	0	unknown	true		7	768	67	9	2160
urn:ure:t6:occ:function:current-client:00681e40	0x00681e40	xbuild-enriched-full	true	00681e40	FUN_00681e40	undefined FUN_00681e40()	0	0	unknown	true		1	161	5	4	297
urn:ure:t6:occ:function:current-client:00681e60	0x00681e60	xbuild-enriched-full	true	00681e60	FUN_00681e60	undefined FUN_00681e60()	0	0	unknown	true		8	1363	55	21	1815
urn:ure:t6:occ:function:current-client:00681f00	0x00681f00	xbuild-enriched-full	true	00681f00	FUN_00681f00	undefined FUN_00681f00()	0	0	unknown	true		3	345	19	6	718
urn:ure:t6:occ:function:current-client:00681f40	0x00681f40	xbuild-enriched-full	true	00681f40	FUN_00681f40	undefined FUN_00681f40()	0	0	unknown	true		5	620	39	15	1350
urn:ure:t6:occ:function:current-client:00681fc0	0x00681fc0	xbuild-enriched-full	true	00681fc0	FUN_00681fc0	undefined FUN_00681fc0()	0	0	unknown	true		9	1184	69	10	2560
urn:ure:t6:occ:function:current-client:006820b0	0x006820b0	xbuild-enriched-full	true	006820b0	FUN_006820b0	undefined FUN_006820b0()	0	0	unknown	true		2	296	12	6	544
urn:ure:t6:occ:function:current-client:006820e0	0x006820e0	xbuild-enriched-full	true	006820e0	FUN_006820e0	undefined FUN_006820e0()	0	0	unknown	true		1	146	8	1	416
urn:ure:t6:occ:function:current-client:00682100	0x00682100	xbuild-enriched-full	true	00682100	FUN_00682100	undefined FUN_00682100()	0	0	unknown	true		2	316	13	3	580
urn:ure:t6:occ:function:current-client:00682130	0x00682130	xbuild-enriched-full	true	00682130	FUN_00682130	undefined FUN_00682130()	0	0	unknown	true		2	208	13	5	540
urn:ure:t6:occ:function:current-client:00682160	0x00682160	xbuild-enriched-full	true	00682160	FUN_00682160	undefined FUN_00682160()	0	0	unknown	true		4	803	31	5	1242
urn:ure:t6:occ:function:current-client:006821c0	0x006821c0	xbuild-enriched-full	true	006821c0	FUN_006821c0	undefined FUN_006821c0()	0	0	unknown	true		9	904	84	18	2792
urn:ure:t6:occ:function:current-client:006822b0	0x006822b0	xbuild-enriched-full	true	006822b0	FUN_006822b0	undefined FUN_006822b0()	0	0	unknown	true		2	332	11	3	540
urn:ure:t6:occ:function:current-client:006822e0	0x006822e0	xbuild-enriched-full	true	006822e0	FUN_006822e0	undefined FUN_006822e0()	0	0	unknown	true		4	651	33	2	1280
urn:ure:t6:occ:function:current-client:00682340	0x00682340	xbuild-enriched-full	true	00682340	FUN_00682340	undefined FUN_00682340()	0	0	unknown	true		27	3045	193	14	6110
urn:ure:t6:occ:function:current-client:00682600	0x00682600	xbuild-enriched-full	true	00682600	FUN_00682600	undefined FUN_00682600()	0	0	unknown	true		13	3182	116	18	4261
urn:ure:t6:occ:function:current-client:00682730	0x00682730	xbuild-enriched-full	true	00682730	FUN_00682730	undefined FUN_00682730()	0	0	unknown	true		6	1084	72	7	2508
urn:ure:t6:occ:function:current-client:006827d0	0x006827d0	xbuild-enriched-full	true	006827d0	FUN_006827d0	undefined FUN_006827d0()	0	0	unknown	true		43	6084	289	20	12401
urn:ure:t6:occ:function:current-client:00682d00	0x00682d00	xbuild-enriched-full	true	00682d00	FUN_00682d00	undefined FUN_00682d00()	0	0	unknown	true		18	2231	109	16	3708
urn:ure:t6:occ:function:current-client:00682f10	0x00682f10	xbuild-enriched-full	true	00682f10	FUN_00682f10	undefined FUN_00682f10()	0	0	unknown	true		5	741	47	3	1707
urn:ure:t6:occ:function:current-client:00682fb0	0x00682fb0	xbuild-enriched-full	true	00682fb0	FUN_00682fb0	undefined FUN_00682fb0()	0	0	unknown	true		3	203	15	2	651
urn:ure:t6:occ:function:current-client:00682ff0	0x00682ff0	xbuild-enriched-full	true	00682ff0	FUN_00682ff0	undefined FUN_00682ff0()	0	0	unknown	true		5	495	44	7	1525
urn:ure:t6:occ:function:current-client:00683080	0x00683080	xbuild-enriched-full	true	00683080	FUN_00683080	undefined FUN_00683080()	0	0	unknown	true		9	1070	87	18	2664
urn:ure:t6:occ:function:current-client:00683150	0x00683150	xbuild-enriched-full	true	00683150	FUN_00683150	undefined FUN_00683150()	0	0	unknown	true		0	147	2	1	195
urn:ure:t6:occ:function:current-client:00683210	0x00683210	xbuild-enriched-full	true	00683210	FUN_00683210	undefined FUN_00683210()	0	0	unknown	true		8	827	53	14	2079
urn:ure:t6:occ:function:current-client:006832e0	0x006832e0	xbuild-enriched-full	true	006832e0	FUN_006832e0	undefined FUN_006832e0()	0	0	unknown	true		4	542	29	15	1149
urn:ure:t6:occ:function:current-client:00683340	0x00683340	xbuild-enriched-full	true	00683340	FUN_00683340	undefined FUN_00683340()	0	0	unknown	true		15	1727	107	23	4056
urn:ure:t6:occ:function:current-client:006834f0	0x006834f0	xbuild-enriched-full	true	006834f0	FUN_006834f0	undefined FUN_006834f0()	0	0	unknown	true		19	2723	107	23	4726
urn:ure:t6:occ:function:current-client:006836e0	0x006836e0	xbuild-enriched-full	true	006836e0	FUN_006836e0	undefined FUN_006836e0()	0	0	unknown	true		3	267	22	3	804
urn:ure:t6:occ:function:current-client:00683720	0x00683720	xbuild-enriched-full	true	00683720	FUN_00683720	undefined FUN_00683720()	0	0	unknown	true		1	176	5	2	290
urn:ure:t6:occ:function:current-client:00683730	0x00683730	xbuild-enriched-full	true	00683730	FUN_00683730	undefined FUN_00683730()	0	0	unknown	true		11	1418	108	22	3298
urn:ure:t6:occ:function:current-client:00683820	0x00683820	xbuild-enriched-full	true	00683820	FUN_00683820	undefined FUN_00683820()	0	0	unknown	true		4	486	31	5	1025
urn:ure:t6:occ:function:current-client:00683870	0x00683870	xbuild-enriched-full	true	00683870	FUN_00683870	undefined FUN_00683870()	0	0	unknown	true		33	2983	229	62	7573
urn:ure:t6:occ:function:current-client:00683b50	0x00683b50	xbuild-enriched-full	true	00683b50	FUN_00683b50	undefined FUN_00683b50()	0	0	unknown	true		2	266	12	2	630
urn:ure:t6:occ:function:current-client:00683b90	0x00683b90	xbuild-enriched-full	true	00683b90	FUN_00683b90	undefined FUN_00683b90()	0	0	unknown	true		3	646	27	6	1196
urn:ure:t6:occ:function:current-client:00683bf0	0x00683bf0	xbuild-enriched-full	true	00683bf0	FUN_00683bf0	undefined FUN_00683bf0()	0	0	unknown	true		3	438	24	13	1047
urn:ure:t6:occ:function:current-client:00683c60	0x00683c60	xbuild-enriched-full	true	00683c60	FUN_00683c60	undefined FUN_00683c60()	0	0	unknown	true		20	2555	157	22	6530
urn:ure:t6:occ:function:current-client:00683f10	0x00683f10	xbuild-enriched-full	true	00683f10	FUN_00683f10	undefined FUN_00683f10()	0	0	unknown	true		3	516	21	2	1090
urn:ure:t6:occ:function:current-client:00683f80	0x00683f80	xbuild-enriched-full	true	00683f80	FUN_00683f80	undefined FUN_00683f80()	0	0	unknown	true		11	1628	86	9	2799
urn:ure:t6:occ:function:current-client:00684120	0x00684120	xbuild-enriched-full	true	00684120	FUN_00684120	undefined FUN_00684120()	0	0	unknown	true		2	310	20	2	710
urn:ure:t6:occ:function:current-client:00684150	0x00684150	xbuild-enriched-full	true	00684150	FUN_00684150	undefined FUN_00684150()	0	0	unknown	true		6	946	48	14	1620
urn:ure:t6:occ:function:current-client:006841d0	0x006841d0	xbuild-enriched-full	true	006841d0	FUN_006841d0	undefined FUN_006841d0()	0	0	unknown	true		4	258	27	5	907
urn:ure:t6:occ:function:current-client:00684220	0x00684220	xbuild-enriched-full	true	00684220	FUN_00684220	undefined FUN_00684220()	0	0	unknown	true		4	509	30	8	975
urn:ure:t6:occ:function:current-client:00684270	0x00684270	xbuild-enriched-full	true	00684270	FUN_00684270	undefined FUN_00684270()	0	0	unknown	true		0	62	2	1	192
urn:ure:t6:occ:function:current-client:00684280	0x00684280	xbuild-enriched-full	true	00684280	FUN_00684280	undefined FUN_00684280()	0	0	unknown	true		3	294	24	9	945
urn:ure:t6:occ:function:current-client:00684300	0x00684300	xbuild-enriched-full	true	00684300	FUN_00684300	undefined FUN_00684300()	0	0	unknown	true		1	136	10	1	449
urn:ure:t6:occ:function:current-client:00684320	0x00684320	xbuild-enriched-full	true	00684320	FUN_00684320	undefined FUN_00684320()	0	0	unknown	true		0	60	2	1	194
urn:ure:t6:occ:function:current-client:00684330	0x00684330	xbuild-enriched-full	true	00684330	FUN_00684330	undefined FUN_00684330()	0	0	unknown	true		4	505	29	5	1108
urn:ure:t6:occ:function:current-client:00684390	0x00684390	xbuild-enriched-full	true	00684390	FUN_00684390	undefined FUN_00684390()	0	0	unknown	true		1	143	5	1	315
urn:ure:t6:occ:function:current-client:006843a0	0x006843a0	xbuild-enriched-full	true	006843a0	FUN_006843a0	undefined FUN_006843a0()	0	0	unknown	true		2	403	26	7	867
urn:ure:t6:occ:function:current-client:00684410	0x00684410	xbuild-enriched-full	true	00684410	FUN_00684410	undefined FUN_00684410()	0	0	unknown	true		5	819	40	14	1354
urn:ure:t6:occ:function:current-client:00684480	0x00684480	xbuild-enriched-full	true	00684480	FUN_00684480	undefined FUN_00684480()	0	0	unknown	true		12	2067	91	13	3983
urn:ure:t6:occ:function:current-client:00684600	0x00684600	xbuild-enriched-full	true	00684600	FUN_00684600	undefined FUN_00684600()	0	0	unknown	true		5	629	41	10	1362
urn:ure:t6:occ:function:current-client:00684670	0x00684670	xbuild-enriched-full	true	00684670	FUN_00684670	undefined FUN_00684670()	0	0	unknown	true		2	192	17	3	629
urn:ure:t6:occ:function:current-client:006846a0	0x006846a0	xbuild-enriched-full	true	006846a0	FUN_006846a0	undefined FUN_006846a0()	0	0	unknown	true		8	964	63	23	2111
urn:ure:t6:occ:function:current-client:00684760	0x00684760	xbuild-enriched-full	true	00684760	FUN_00684760	undefined FUN_00684760()	0	0	unknown	true		7	961	55	9	2139
urn:ure:t6:occ:function:current-client:00684830	0x00684830	xbuild-enriched-full	true	00684830	FUN_00684830	undefined FUN_00684830()	0	0	unknown	true		1	63	3	0	236
urn:ure:t6:occ:function:current-client:00684840	0x00684840	xbuild-enriched-full	true	00684840	FUN_00684840	undefined FUN_00684840()	0	0	unknown	true		5	790	40	4	1615
urn:ure:t6:occ:function:current-client:006848c0	0x006848c0	xbuild-enriched-full	true	006848c0	FUN_006848c0	undefined FUN_006848c0()	0	0	unknown	true		3	248	21	1	843
urn:ure:t6:occ:function:current-client:00684b60	0x00684b60	xbuild-enriched-full	true	00684b60	FUN_00684b60	undefined FUN_00684b60()	0	0	unknown	true		2	350	14	2	711
urn:ure:t6:occ:function:current-client:00684bb0	0x00684bb0	xbuild-enriched-full	true	00684bb0	FUN_00684bb0	undefined FUN_00684bb0()	0	0	unknown	true		5	458	36	6	1157
urn:ure:t6:occ:function:current-client:00684c10	0x00684c10	xbuild-enriched-full	true	00684c10	FUN_00684c10	undefined FUN_00684c10()	0	0	unknown	true		5	822	46	10	1583
urn:ure:t6:occ:function:current-client:00684cc0	0x00684cc0	xbuild-enriched-full	true	00684cc0	FUN_00684cc0	undefined FUN_00684cc0()	0	0	unknown	true		12	827	57	38	2016
urn:ure:t6:occ:function:current-client:00684db0	0x00684db0	xbuild-enriched-full	true	00684db0	FUN_00684db0	undefined FUN_00684db0()	0	0	unknown	true		9	1005	59	19	1910
urn:ure:t6:occ:function:current-client:00684ea0	0x00684ea0	xbuild-enriched-full	true	00684ea0	FUN_00684ea0	undefined FUN_00684ea0()	0	0	unknown	true		1	198	8	0	548
urn:ure:t6:occ:function:current-client:00684ed0	0x00684ed0	xbuild-enriched-full	true	00684ed0	FUN_00684ed0	undefined FUN_00684ed0()	0	0	unknown	true		0	88	3	0	257
urn:ure:t6:occ:function:current-client:00684f20	0x00684f20	xbuild-enriched-full	true	00684f20	FUN_00684f20	undefined FUN_00684f20()	0	0	unknown	true		3	387	22	7	783
urn:ure:t6:occ:function:current-client:00684f60	0x00684f60	xbuild-enriched-full	true	00684f60	FUN_00684f60	undefined FUN_00684f60()	0	0	unknown	true		26	3077	179	49	5815
urn:ure:t6:occ:function:current-client:00685180	0x00685180	xbuild-enriched-full	true	00685180	FUN_00685180	undefined FUN_00685180()	0	0	unknown	true		3	488	18	2	772
urn:ure:t6:occ:function:current-client:006851c0	0x006851c0	xbuild-enriched-full	true	006851c0	FUN_006851c0	undefined FUN_006851c0()	0	0	unknown	true		7	788	53	3	2462
urn:ure:t6:occ:function:current-client:006852a0	0x006852a0	xbuild-enriched-full	true	006852a0	FUN_006852a0	undefined FUN_006852a0()	0	0	unknown	true		4	472	31	5	961
urn:ure:t6:occ:function:current-client:006852e0	0x006852e0	xbuild-enriched-full	true	006852e0	FUN_006852e0	undefined FUN_006852e0()	0	0	unknown	true		5	551	36	10	1218
urn:ure:t6:occ:function:current-client:00685350	0x00685350	xbuild-enriched-full	true	00685350	FUN_00685350	undefined FUN_00685350()	0	0	unknown	true		5	695	26	5	1237
urn:ure:t6:occ:function:current-client:006853d0	0x006853d0	xbuild-enriched-full	true	006853d0	FUN_006853d0	undefined FUN_006853d0()	0	0	unknown	true		6	927	57	9	1913
urn:ure:t6:occ:function:current-client:00685480	0x00685480	xbuild-enriched-full	true	00685480	FUN_00685480	undefined FUN_00685480()	0	0	unknown	true		3	413	19	9	705
urn:ure:t6:occ:function:current-client:006854c0	0x006854c0	xbuild-enriched-full	true	006854c0	FUN_006854c0	undefined FUN_006854c0()	0	0	unknown	true		3	314	18	5	667
urn:ure:t6:occ:function:current-client:00685530	0x00685530	xbuild-enriched-full	true	00685530	FUN_00685530	undefined FUN_00685530()	0	0	unknown	true		1	209	5	2	314
urn:ure:t6:occ:function:current-client:00685550	0x00685550	xbuild-enriched-full	true	00685550	FUN_00685550	undefined FUN_00685550()	0	0	unknown	true		5	694	39	6	1414
urn:ure:t6:occ:function:current-client:006855c0	0x006855c0	xbuild-enriched-full	true	006855c0	FUN_006855c0	undefined FUN_006855c0()	0	0	unknown	true		9	810	61	25	2000
urn:ure:t6:occ:function:current-client:00685690	0x00685690	xbuild-enriched-full	true	00685690	FUN_00685690	undefined FUN_00685690()	0	0	unknown	true		4	504	18	3	731
urn:ure:t6:occ:function:current-client:006856d0	0x006856d0	xbuild-enriched-full	true	006856d0	FUN_006856d0	undefined FUN_006856d0()	0	0	unknown	true		1	210	6	2	324
urn:ure:t6:occ:function:current-client:006857e0	0x006857e0	xbuild-enriched-full	true	006857e0	FUN_006857e0	undefined FUN_006857e0()	0	0	unknown	true		30	2223	132	62	4670
urn:ure:t6:occ:function:current-client:006859e0	0x006859e0	xbuild-enriched-full	true	006859e0	FUN_006859e0	undefined FUN_006859e0()	0	0	unknown	true		0	168	3	1	243
urn:ure:t6:occ:function:current-client:006859f0	0x006859f0	xbuild-enriched-full	true	006859f0	FUN_006859f0	undefined FUN_006859f0()	0	0	unknown	true		1	204	11	3	489
urn:ure:t6:occ:function:current-client:00685a10	0x00685a10	xbuild-enriched-full	true	00685a10	FUN_00685a10	undefined FUN_00685a10()	0	0	unknown	true		5	261	10	5	462
urn:ure:t6:occ:function:current-client:00685a30	0x00685a30	xbuild-enriched-full	true	00685a30	FUN_00685a30	undefined FUN_00685a30()	0	0	unknown	true		8	828	55	7	1964
urn:ure:t6:occ:function:current-client:00685af0	0x00685af0	xbuild-enriched-full	true	00685af0	FUN_00685af0	undefined FUN_00685af0()	0	0	unknown	true		2	194	17	4	739
urn:ure:t6:occ:function:current-client:00685b30	0x00685b30	xbuild-enriched-full	true	00685b30	FUN_00685b30	undefined FUN_00685b30()	0	0	unknown	true		4	550	33	4	1431
urn:ure:t6:occ:function:current-client:00685bb0	0x00685bb0	xbuild-enriched-full	true	00685bb0	FUN_00685bb0	undefined FUN_00685bb0()	0	0	unknown	true		2	143	15	2	547
urn:ure:t6:occ:function:current-client:00685c40	0x00685c40	xbuild-enriched-full	true	00685c40	FUN_00685c40	undefined FUN_00685c40()	0	0	unknown	true		3	386	24	2	935
urn:ure:t6:occ:function:current-client:00685c80	0x00685c80	xbuild-enriched-full	true	00685c80	FUN_00685c80	undefined FUN_00685c80()	0	0	unknown	true		5	788	49	2	1945
urn:ure:t6:occ:function:current-client:00685d20	0x00685d20	xbuild-enriched-full	true	00685d20	FUN_00685d20	undefined FUN_00685d20()	0	0	unknown	true		1	159	11	1	542
urn:ure:t6:occ:function:current-client:00685d50	0x00685d50	xbuild-enriched-full	true	00685d50	FUN_00685d50	undefined FUN_00685d50()	0	0	unknown	true		5	868	55	30	1854
urn:ure:t6:occ:function:current-client:00685e00	0x00685e00	xbuild-enriched-full	true	00685e00	FUN_00685e00	undefined FUN_00685e00()	0	0	unknown	true		4	377	35	2	1336
urn:ure:t6:occ:function:current-client:00685e70	0x00685e70	xbuild-enriched-full	true	00685e70	FUN_00685e70	undefined FUN_00685e70()	0	0	unknown	true		4	646	48	8	1502
urn:ure:t6:occ:function:current-client:00685ef0	0x00685ef0	xbuild-enriched-full	true	00685ef0	FUN_00685ef0	undefined FUN_00685ef0()	0	0	unknown	true		2	214	17	3	633
urn:ure:t6:occ:function:current-client:00685f60	0x00685f60	xbuild-enriched-full	true	00685f60	FUN_00685f60	undefined FUN_00685f60()	0	0	unknown	true		6	993	57	9	1827
urn:ure:t6:occ:function:current-client:00686000	0x00686000	xbuild-enriched-full	true	00686000	FUN_00686000	undefined FUN_00686000()	0	0	unknown	true		10	1496	98	12	4197
urn:ure:t6:occ:function:current-client:006861b0	0x006861b0	xbuild-enriched-full	true	006861b0	FUN_006861b0	undefined FUN_006861b0()	0	0	unknown	true		10	1304	90	18	2973
urn:ure:t6:occ:function:current-client:006862e0	0x006862e0	xbuild-enriched-full	true	006862e0	FUN_006862e0	undefined FUN_006862e0()	0	0	unknown	true		5	804	43	11	1511
urn:ure:t6:occ:function:current-client:00686360	0x00686360	xbuild-enriched-full	true	00686360	FUN_00686360	undefined FUN_00686360()	0	0	unknown	true		1	287	5	1	321
urn:ure:t6:occ:function:current-client:00686370	0x00686370	xbuild-enriched-full	true	00686370	FUN_00686370	undefined FUN_00686370()	0	0	unknown	true		28	2707	216	50	7946
urn:ure:t6:occ:function:current-client:00686670	0x00686670	xbuild-enriched-full	true	00686670	FUN_00686670	undefined FUN_00686670()	0	0	unknown	true		5	910	42	6	1617
urn:ure:t6:occ:function:current-client:006866e0	0x006866e0	xbuild-enriched-full	true	006866e0	FUN_006866e0	undefined FUN_006866e0()	0	0	unknown	true		65	5708	342	113	12083
urn:ure:t6:occ:function:current-client:00686ba0	0x00686ba0	xbuild-enriched-full	true	00686ba0	FUN_00686ba0	undefined FUN_00686ba0()	0	0	unknown	true		2	158	5	2	280
urn:ure:t6:occ:function:current-client:00686bb0	0x00686bb0	xbuild-enriched-full	true	00686bb0	FUN_00686bb0	undefined FUN_00686bb0()	0	0	unknown	true		2	163	12	1	519
urn:ure:t6:occ:function:current-client:00686bd0	0x00686bd0	xbuild-enriched-full	true	00686bd0	FUN_00686bd0	undefined FUN_00686bd0()	0	0	unknown	true		7	803	49	14	1680
urn:ure:t6:occ:function:current-client:00686c70	0x00686c70	xbuild-enriched-full	true	00686c70	FUN_00686c70	undefined FUN_00686c70()	0	0	unknown	true		3	330	15	1	749
urn:ure:t6:occ:function:current-client:00686cb0	0x00686cb0	xbuild-enriched-full	true	00686cb0	FUN_00686cb0	undefined FUN_00686cb0()	0	0	unknown	true		4	391	32	3	1067
urn:ure:t6:occ:function:current-client:00686d00	0x00686d00	xbuild-enriched-full	true	00686d00	FUN_00686d00	undefined FUN_00686d00()	0	0	unknown	true		3	387	17	6	689
urn:ure:t6:occ:function:current-client:00686d40	0x00686d40	xbuild-enriched-full	true	00686d40	FUN_00686d40	undefined FUN_00686d40()	0	0	unknown	true		2	219	15	2	617
urn:ure:t6:occ:function:current-client:00686d80	0x00686d80	xbuild-enriched-full	true	00686d80	FUN_00686d80	undefined FUN_00686d80()	0	0	unknown	true		99	8017	274	477	16291
urn:ure:t6:occ:function:current-client:006876f0	0x006876f0	xbuild-enriched-full	true	006876f0	FUN_006876f0	undefined FUN_006876f0()	0	0	unknown	true		11	1088	55	18	1915
urn:ure:t6:occ:function:current-client:00687790	0x00687790	xbuild-enriched-full	true	00687790	FUN_00687790	undefined FUN_00687790()	0	0	unknown	true		14	1501	102	17	3685
urn:ure:t6:occ:function:current-client:00687950	0x00687950	xbuild-enriched-full	true	00687950	FUN_00687950	undefined FUN_00687950()	0	0	unknown	true		4	424	32	4	1542
urn:ure:t6:occ:function:current-client:00687ad0	0x00687ad0	xbuild-enriched-full	true	00687ad0	FUN_00687ad0	undefined FUN_00687ad0()	0	0	unknown	true		6	859	40	9	1406
urn:ure:t6:occ:function:current-client:00687b40	0x00687b40	xbuild-enriched-full	true	00687b40	FUN_00687b40	undefined FUN_00687b40()	0	0	unknown	true		13	1355	105	29	3441
urn:ure:t6:occ:function:current-client:00687ca0	0x00687ca0	xbuild-enriched-full	true	00687ca0	FUN_00687ca0	undefined FUN_00687ca0()	0	0	unknown	true		3	498	20	5	784
urn:ure:t6:occ:function:current-client:00687ce0	0x00687ce0	xbuild-enriched-full	true	00687ce0	FUN_00687ce0	undefined FUN_00687ce0()	0	0	unknown	true		6	643	29	14	989
urn:ure:t6:occ:function:current-client:00687d40	0x00687d40	xbuild-enriched-full	true	00687d40	FUN_00687d40	undefined FUN_00687d40()	0	0	unknown	true		4	455	30	5	1078
urn:ure:t6:occ:function:current-client:00687d90	0x00687d90	xbuild-enriched-full	true	00687d90	FUN_00687d90	undefined FUN_00687d90()	0	0	unknown	true		7	787	49	2	1944
urn:ure:t6:occ:function:current-client:00687e30	0x00687e30	xbuild-enriched-full	true	00687e30	FUN_00687e30	undefined FUN_00687e30()	0	0	unknown	true		4	412	26	6	884
urn:ure:t6:occ:function:current-client:00687e70	0x00687e70	xbuild-enriched-full	true	00687e70	FUN_00687e70	undefined FUN_00687e70()	0	0	unknown	true		4	579	44	4	1572
urn:ure:t6:occ:function:current-client:00687ee0	0x00687ee0	xbuild-enriched-full	true	00687ee0	FUN_00687ee0	undefined FUN_00687ee0()	0	0	unknown	true		3	274	31	4	1040
urn:ure:t6:occ:function:current-client:00687f30	0x00687f30	xbuild-enriched-full	true	00687f30	FUN_00687f30	undefined FUN_00687f30()	0	0	unknown	true		5	546	47	10	1405
urn:ure:t6:occ:function:current-client:00687fa0	0x00687fa0	xbuild-enriched-full	true	00687fa0	FUN_00687fa0	undefined FUN_00687fa0()	0	0	unknown	true		5	801	44	11	1509
urn:ure:t6:occ:function:current-client:00688040	0x00688040	xbuild-enriched-full	true	00688040	FUN_00688040	undefined FUN_00688040()	0	0	unknown	true		22	1156	154	50	4759
urn:ure:t6:occ:function:current-client:00688220	0x00688220	xbuild-enriched-full	true	00688220	FUN_00688220	undefined FUN_00688220()	0	0	unknown	true		5	668	43	15	1428
urn:ure:t6:occ:function:current-client:006882a0	0x006882a0	xbuild-enriched-full	true	006882a0	FUN_006882a0	undefined FUN_006882a0()	0	0	unknown	true		7	864	65	22	1932
urn:ure:t6:occ:function:current-client:00688350	0x00688350	xbuild-enriched-full	true	00688350	FUN_00688350	undefined FUN_00688350()	0	0	unknown	true		5	646	41	15	1442
urn:ure:t6:occ:function:current-client:006883d0	0x006883d0	xbuild-enriched-full	true	006883d0	FUN_006883d0	undefined FUN_006883d0()	0	0	unknown	true		4	522	31	4	1146
urn:ure:t6:occ:function:current-client:00688500	0x00688500	xbuild-enriched-full	true	00688500	FUN_00688500	undefined FUN_00688500()	0	0	unknown	true		4	367	22	11	1090
urn:ure:t6:occ:function:current-client:00688590	0x00688590	xbuild-enriched-full	true	00688590	FUN_00688590	undefined FUN_00688590()	0	0	unknown	true		6	840	52	15	1804
urn:ure:t6:occ:function:current-client:00688ac0	0x00688ac0	xbuild-enriched-full	true	00688ac0	FUN_00688ac0	undefined FUN_00688ac0()	0	0	unknown	true		3	365	27	5	936
urn:ure:t6:occ:function:current-client:00688b10	0x00688b10	xbuild-enriched-full	true	00688b10	FUN_00688b10	undefined FUN_00688b10()	0	0	unknown	true		1	147	2	1	195
urn:ure:t6:occ:function:current-client:00688b20	0x00688b20	xbuild-enriched-full	true	00688b20	FUN_00688b20	undefined FUN_00688b20()	0	0	unknown	true		0	147	2	1	195
urn:ure:t6:occ:function:current-client:00688b30	0x00688b30	xbuild-enriched-full	true	00688b30	FUN_00688b30	undefined FUN_00688b30()	0	0	unknown	true		5	494	25	3	1170
urn:ure:t6:occ:function:current-client:00688ba0	0x00688ba0	xbuild-enriched-full	true	00688ba0	FUN_00688ba0	undefined FUN_00688ba0()	0	0	unknown	true		11	1726	101	5	4642
urn:ure:t6:occ:function:current-client:00688d80	0x00688d80	xbuild-enriched-full	true	00688d80	FUN_00688d80	undefined FUN_00688d80()	0	0	unknown	true		11	911	64	17	2120
urn:ure:t6:occ:function:current-client:00688ef0	0x00688ef0	xbuild-enriched-full	true	00688ef0	FUN_00688ef0	undefined FUN_00688ef0()	0	0	unknown	true		2	209	13	2	533
urn:ure:t6:occ:function:current-client:00688f10	0x00688f10	xbuild-enriched-full	true	00688f10	FUN_00688f10	undefined FUN_00688f10()	0	0	unknown	true		5	978	43	14	1944
urn:ure:t6:occ:function:current-client:00688fc0	0x00688fc0	xbuild-enriched-full	true	00688fc0	FUN_00688fc0	undefined FUN_00688fc0()	0	0	unknown	true		1	132	11	1	474
urn:ure:t6:occ:function:current-client:00688fe0	0x00688fe0	xbuild-enriched-full	true	00688fe0	FUN_00688fe0	undefined FUN_00688fe0()	0	0	unknown	true		22	2669	175	44	5668
urn:ure:t6:occ:function:current-client:006891e0	0x006891e0	xbuild-enriched-full	true	006891e0	FUN_006891e0	undefined FUN_006891e0()	0	0	unknown	true		3	484	26	4	1045
urn:ure:t6:occ:function:current-client:00689240	0x00689240	xbuild-enriched-full	true	00689240	FUN_00689240	undefined FUN_00689240()	0	0	unknown	true		12	2701	118	26	4517
urn:ure:t6:occ:function:current-client:006893a0	0x006893a0	xbuild-enriched-full	true	006893a0	FUN_006893a0	undefined FUN_006893a0()	0	0	unknown	true		5	655	39	2	1364
urn:ure:t6:occ:function:current-client:00689400	0x00689400	xbuild-enriched-full	true	00689400	FUN_00689400	undefined FUN_00689400()	0	0	unknown	true		1	62	4	1	233
urn:ure:t6:occ:function:current-client:00689410	0x00689410	xbuild-enriched-full	true	00689410	FUN_00689410	undefined FUN_00689410()	0	0	unknown	true		13	1253	75	34	2334
urn:ure:t6:occ:function:current-client:00689500	0x00689500	xbuild-enriched-full	true	00689500	FUN_00689500	undefined FUN_00689500()	0	0	unknown	true		11	1279	87	16	2938
urn:ure:t6:occ:function:current-client:00689670	0x00689670	xbuild-enriched-full	true	00689670	FUN_00689670	undefined FUN_00689670()	0	0	unknown	true		6	682	51	2	1902
urn:ure:t6:occ:function:current-client:00689780	0x00689780	xbuild-enriched-full	true	00689780	FUN_00689780	undefined FUN_00689780()	0	0	unknown	true		6	788	49	2	1945
urn:ure:t6:occ:function:current-client:00689870	0x00689870	xbuild-enriched-full	true	00689870	FUN_00689870	undefined FUN_00689870()	0	0	unknown	true		7	682	45	16	1558
urn:ure:t6:occ:function:current-client:00689900	0x00689900	xbuild-enriched-full	true	00689900	FUN_00689900	undefined FUN_00689900()	0	0	unknown	true		2	234	14	2	579
urn:ure:t6:occ:function:current-client:00689930	0x00689930	xbuild-enriched-full	true	00689930	thunk_FUN_0085b410	undefined thunk_FUN_0085b410()	0	0	unknown	true		17	1846	1	1	173
urn:ure:t6:occ:function:current-client:00689b60	0x00689b60	xbuild-enriched-full	true	00689b60	FUN_00689b60	undefined FUN_00689b60()	0	0	unknown	true		31	3271	214	26	8838
urn:ure:t6:occ:function:current-client:0068a310	0x0068a310	xbuild-enriched-full	true	0068a310	FUN_0068a310	undefined FUN_0068a310()	0	0	unknown	true		6	923	58	6	1986
urn:ure:t6:occ:function:current-client:0068a3a0	0x0068a3a0	xbuild-enriched-full	true	0068a3a0	FUN_0068a3a0	undefined FUN_0068a3a0()	0	0	unknown	true		9	1276	101	21	2908
urn:ure:t6:occ:function:current-client:0068a4a0	0x0068a4a0	xbuild-enriched-full	true	0068a4a0	FUN_0068a4a0	undefined FUN_0068a4a0()	0	0	unknown	true		2	393	18	8	766
urn:ure:t6:occ:function:current-client:0068a4e0	0x0068a4e0	xbuild-enriched-full	true	0068a4e0	FUN_0068a4e0	undefined FUN_0068a4e0()	0	0	unknown	true		13	1818	107	35	3535
urn:ure:t6:occ:function:current-client:0068a660	0x0068a660	xbuild-enriched-full	true	0068a660	FUN_0068a660	undefined FUN_0068a660()	0	0	unknown	true		5	557	47	4	1596
urn:ure:t6:occ:function:current-client:0068a6d0	0x0068a6d0	xbuild-enriched-full	true	0068a6d0	FUN_0068a6d0	undefined FUN_0068a6d0()	0	0	unknown	true		4	520	21	11	925
urn:ure:t6:occ:function:current-client:0068a730	0x0068a730	xbuild-enriched-full	true	0068a730	FUN_0068a730	undefined FUN_0068a730()	0	0	unknown	true		8	983	60	13	1893
urn:ure:t6:occ:function:current-client:0068a7c0	0x0068a7c0	xbuild-enriched-full	true	0068a7c0	FUN_0068a7c0	undefined FUN_0068a7c0()	0	0	unknown	true		9	1356	87	7	3204
urn:ure:t6:occ:function:current-client:0068a910	0x0068a910	xbuild-enriched-full	true	0068a910	FUN_0068a910	undefined FUN_0068a910()	0	0	unknown	true		3	486	28	9	1023
urn:ure:t6:occ:function:current-client:0068a970	0x0068a970	xbuild-enriched-full	true	0068a970	FUN_0068a970	undefined FUN_0068a970()	0	0	unknown	true		14	1508	82	36	2958
urn:ure:t6:occ:function:current-client:0068aa90	0x0068aa90	xbuild-enriched-full	true	0068aa90	FUN_0068aa90	undefined FUN_0068aa90()	0	0	unknown	true		6	582	36	11	1211
urn:ure:t6:occ:function:current-client:0068ab00	0x0068ab00	xbuild-enriched-full	true	0068ab00	FUN_0068ab00	undefined FUN_0068ab00()	0	0	unknown	true		6	939	53	4	1868
urn:ure:t6:occ:function:current-client:0068ab80	0x0068ab80	xbuild-enriched-full	true	0068ab80	FUN_0068ab80	undefined FUN_0068ab80()	0	0	unknown	true		15	1784	112	19	4643
urn:ure:t6:occ:function:current-client:0068ad50	0x0068ad50	xbuild-enriched-full	true	0068ad50	FUN_0068ad50	undefined FUN_0068ad50()	0	0	unknown	true		9	1234	71	26	2527
urn:ure:t6:occ:function:current-client:0068ae40	0x0068ae40	xbuild-enriched-full	true	0068ae40	FUN_0068ae40	undefined FUN_0068ae40()	0	0	unknown	true		19	1912	120	19	4520
urn:ure:t6:occ:function:current-client:0068b010	0x0068b010	xbuild-enriched-full	true	0068b010	FUN_0068b010	undefined FUN_0068b010()	0	0	unknown	true		4	543	31	8	1028
urn:ure:t6:occ:function:current-client:0068b060	0x0068b060	xbuild-enriched-full	true	0068b060	FUN_0068b060	undefined FUN_0068b060()	0	0	unknown	true		4	497	26	6	940
urn:ure:t6:occ:function:current-client:0068b0ad	0x0068b0ad	xbuild-enriched-full	true	0068b0ad	FUN_0068b0ad	undefined FUN_0068b0ad()	0	0	unknown	true		13	1056	90	20	3878
urn:ure:t6:occ:function:current-client:0068b250	0x0068b250	xbuild-enriched-full	true	0068b250	FUN_0068b250	undefined FUN_0068b250()	0	0	unknown	true		9	737	68	15	2014
urn:ure:t6:occ:function:current-client:0068b300	0x0068b300	xbuild-enriched-full	true	0068b300	FUN_0068b300	undefined FUN_0068b300()	0	0	unknown	true		9	1115	69	21	2145
urn:ure:t6:occ:function:current-client:0068b3c0	0x0068b3c0	xbuild-enriched-full	true	0068b3c0	FUN_0068b3c0	undefined FUN_0068b3c0()	0	0	unknown	true		4	363	23	3	927
urn:ure:t6:occ:function:current-client:0068b420	0x0068b420	xbuild-enriched-full	true	0068b420	FUN_0068b420	undefined FUN_0068b420()	0	0	unknown	true		15	2052	113	36	3510
urn:ure:t6:occ:function:current-client:0068b570	0x0068b570	xbuild-enriched-full	true	0068b570	FUN_0068b570	undefined FUN_0068b570()	0	0	unknown	true		2	253	9	2	444
urn:ure:t6:occ:function:current-client:0068b590	0x0068b590	xbuild-enriched-full	true	0068b590	FUN_0068b590	undefined FUN_0068b590()	0	0	unknown	true		3	327	21	3	699
urn:ure:t6:occ:function:current-client:0068b5c0	0x0068b5c0	xbuild-enriched-full	true	0068b5c0	FUN_0068b5c0	undefined FUN_0068b5c0()	0	0	unknown	true		11	1213	81	10	3346
urn:ure:t6:occ:function:current-client:0068b770	0x0068b770	xbuild-enriched-full	true	0068b770	FUN_0068b770	undefined FUN_0068b770()	0	0	unknown	true		13	1492	105	20	3474
urn:ure:t6:occ:function:current-client:0068b8a0	0x0068b8a0	xbuild-enriched-full	true	0068b8a0	FUN_0068b8a0	undefined FUN_0068b8a0()	0	0	unknown	true		1	85	6	1	311
urn:ure:t6:occ:function:current-client:0068b8b0	0x0068b8b0	xbuild-enriched-full	true	0068b8b0	FUN_0068b8b0	undefined FUN_0068b8b0()	0	0	unknown	true		1	128	7	1	353
urn:ure:t6:occ:function:current-client:0068b8d0	0x0068b8d0	xbuild-enriched-full	true	0068b8d0	FUN_0068b8d0	undefined FUN_0068b8d0()	0	0	unknown	true		5	465	31	12	1067
urn:ure:t6:occ:function:current-client:0068b960	0x0068b960	xbuild-enriched-full	true	0068b960	FUN_0068b960	undefined FUN_0068b960()	0	0	unknown	true		12	1070	86	31	2598
urn:ure:t6:occ:function:current-client:0068ba80	0x0068ba80	xbuild-enriched-full	true	0068ba80	FUN_0068ba80	undefined FUN_0068ba80()	0	0	unknown	true		6	626	38	10	1315
urn:ure:t6:occ:function:current-client:0068baf0	0x0068baf0	xbuild-enriched-full	true	0068baf0	FUN_0068baf0	undefined FUN_0068baf0()	0	0	unknown	true		7	597	51	13	1661
urn:ure:t6:occ:function:current-client:0068bb90	0x0068bb90	xbuild-enriched-full	true	0068bb90	FUN_0068bb90	undefined FUN_0068bb90()	0	0	unknown	true		5	455	39	11	1305
urn:ure:t6:occ:function:current-client:0068bc00	0x0068bc00	xbuild-enriched-full	true	0068bc00	FUN_0068bc00	undefined FUN_0068bc00()	0	0	unknown	true		0	61	2	1	208
urn:ure:t6:occ:function:current-client:0068bc10	0x0068bc10	xbuild-enriched-full	true	0068bc10	FUN_0068bc10	undefined FUN_0068bc10()	0	0	unknown	true		10	1282	80	13	2596
urn:ure:t6:occ:function:current-client:0068bd20	0x0068bd20	xbuild-enriched-full	true	0068bd20	FUN_0068bd20	undefined FUN_0068bd20()	0	0	unknown	true		4	498	26	9	1000
urn:ure:t6:occ:function:current-client:0068bd70	0x0068bd70	xbuild-enriched-full	true	0068bd70	FUN_0068bd70	undefined FUN_0068bd70()	0	0	unknown	true		8	1014	57	20	1869
urn:ure:t6:occ:function:current-client:0068be10	0x0068be10	xbuild-enriched-full	true	0068be10	FUN_0068be10	undefined FUN_0068be10()	0	0	unknown	true		1	168	3	1	243
urn:ure:t6:occ:function:current-client:0068be20	0x0068be20	xbuild-enriched-full	true	0068be20	FUN_0068be20	undefined FUN_0068be20()	0	0	unknown	true		9	1158	63	27	2311
urn:ure:t6:occ:function:current-client:0068bf10	0x0068bf10	xbuild-enriched-full	true	0068bf10	FUN_0068bf10	undefined FUN_0068bf10()	0	0	unknown	true		4	721	33	2	1606
urn:ure:t6:occ:function:current-client:0068c000	0x0068c000	xbuild-enriched-full	true	0068c000	FUN_0068c000	undefined FUN_0068c000()	0	0	unknown	true		6	1120	62	7	2213
urn:ure:t6:occ:function:current-client:0068c0a0	0x0068c0a0	xbuild-enriched-full	true	0068c0a0	FUN_0068c0a0	undefined FUN_0068c0a0()	0	0	unknown	true		3	139	13	1	521
urn:ure:t6:occ:function:current-client:0068c0d0	0x0068c0d0	xbuild-enriched-full	true	0068c0d0	FUN_0068c0d0	undefined FUN_0068c0d0()	0	0	unknown	true		14	1432	97	29	3369
urn:ure:t6:occ:function:current-client:0068c210	0x0068c210	xbuild-enriched-full	true	0068c210	FUN_0068c210	undefined FUN_0068c210()	0	0	unknown	true		5	600	44	4	1537
urn:ure:t6:occ:function:current-client:0068c2a0	0x0068c2a0	xbuild-enriched-full	true	0068c2a0	FUN_0068c2a0	undefined FUN_0068c2a0()	0	0	unknown	true		49	3458	219	96	7168
urn:ure:t6:occ:function:current-client:0068c590	0x0068c590	xbuild-enriched-full	true	0068c590	FUN_0068c590	undefined FUN_0068c590()	0	0	unknown	true		9	750	50	30	1728
urn:ure:t6:occ:function:current-client:0068c660	0x0068c660	xbuild-enriched-full	true	0068c660	FUN_0068c660	undefined FUN_0068c660()	0	0	unknown	true		24	2028	130	62	4319
urn:ure:t6:occ:function:current-client:0068c8c0	0x0068c8c0	xbuild-enriched-full	true	0068c8c0	FUN_0068c8c0	undefined FUN_0068c8c0()	0	0	unknown	true		1	240	8	0	506
urn:ure:t6:occ:function:current-client:0068c940	0x0068c940	xbuild-enriched-full	true	0068c940	FUN_0068c940	undefined FUN_0068c940()	0	0	unknown	true		0	147	2	1	195
urn:ure:t6:occ:function:current-client:0068c950	0x0068c950	xbuild-enriched-full	true	0068c950	FUN_0068c950	undefined FUN_0068c950()	0	0	unknown	true		16	1647	118	42	3998
urn:ure:t6:occ:function:current-client:0068cad0	0x0068cad0	xbuild-enriched-full	true	0068cad0	FUN_0068cad0	undefined FUN_0068cad0()	0	0	unknown	true		1	261	6	1	397
urn:ure:t6:occ:function:current-client:0068caf0	0x0068caf0	xbuild-enriched-full	true	0068caf0	FUN_0068caf0	undefined FUN_0068caf0()	0	0	unknown	true		2	260	18	1	763
urn:ure:t6:occ:function:current-client:0068cb30	0x0068cb30	xbuild-enriched-full	true	0068cb30	FUN_0068cb30	undefined FUN_0068cb30()	0	0	unknown	true		1	83	4	0	290
urn:ure:t6:occ:function:current-client:0068cb40	0x0068cb40	xbuild-enriched-full	true	0068cb40	FUN_0068cb40	undefined FUN_0068cb40()	0	0	unknown	true		5	527	36	6	1276
urn:ure:t6:occ:function:current-client:0068cba0	0x0068cba0	xbuild-enriched-full	true	0068cba0	FUN_0068cba0	undefined FUN_0068cba0()	0	0	unknown	true		1	151	9	2	431
urn:ure:t6:occ:function:current-client:0068cbc0	0x0068cbc0	xbuild-enriched-full	true	0068cbc0	FUN_0068cbc0	undefined FUN_0068cbc0()	0	0	unknown	true		9	1384	72	11	2721
urn:ure:t6:occ:function:current-client:0068cc90	0x0068cc90	xbuild-enriched-full	true	0068cc90	FUN_0068cc90	undefined FUN_0068cc90()	0	0	unknown	true		13	1477	43	26	2341
urn:ure:t6:occ:function:current-client:0068cda0	0x0068cda0	xbuild-enriched-full	true	0068cda0	FUN_0068cda0	undefined FUN_0068cda0()	0	0	unknown	true		1	68	4	1	267
urn:ure:t6:occ:function:current-client:0068cdb0	0x0068cdb0	xbuild-enriched-full	true	0068cdb0	FUN_0068cdb0	undefined FUN_0068cdb0()	0	0	unknown	true		1	59	2	1	210
urn:ure:t6:occ:function:current-client:0068cdc0	0x0068cdc0	xbuild-enriched-full	true	0068cdc0	thunk_FUN_0094d5f0	undefined thunk_FUN_0094d5f0()	0	0	unknown	true		2	104	1	1	173
urn:ure:t6:occ:function:current-client:0068cdd0	0x0068cdd0	xbuild-enriched-full	true	0068cdd0	FUN_0068cdd0	undefined FUN_0068cdd0()	0	0	unknown	true		7	682	49	8	1634
urn:ure:t6:occ:function:current-client:0068ce60	0x0068ce60	xbuild-enriched-full	true	0068ce60	FUN_0068ce60	undefined FUN_0068ce60()	0	0	unknown	true		1	80	8	1	361
urn:ure:t6:occ:function:current-client:0068ce75	0x0068ce75	xbuild-enriched-full	true	0068ce75	FUN_0068ce75	undefined FUN_0068ce75()	0	0	unknown	true		7	557	43	9	1722
urn:ure:t6:occ:function:current-client:0068cf10	0x0068cf10	xbuild-enriched-full	true	0068cf10	FUN_0068cf10	undefined FUN_0068cf10()	0	0	unknown	true		1	129	5	1	349
urn:ure:t6:occ:function:current-client:0068cf30	0x0068cf30	xbuild-enriched-full	true	0068cf30	FUN_0068cf30	undefined FUN_0068cf30()	0	0	unknown	true		3	329	19	3	781
urn:ure:t6:occ:function:current-client:0068cf80	0x0068cf80	xbuild-enriched-full	true	0068cf80	FUN_0068cf80	undefined FUN_0068cf80()	0	0	unknown	true		13	1307	71	13	2805
urn:ure:t6:occ:function:current-client:0068d0a0	0x0068d0a0	xbuild-enriched-full	true	0068d0a0	FUN_0068d0a0	undefined FUN_0068d0a0()	0	0	unknown	true		4	541	31	4	1153
urn:ure:t6:occ:function:current-client:0068d100	0x0068d100	xbuild-enriched-full	true	0068d100	FUN_0068d100	undefined FUN_0068d100()	0	0	unknown	true		7	914	60	18	1897
urn:ure:t6:occ:function:current-client:0068d300	0x0068d300	xbuild-enriched-full	true	0068d300	FUN_0068d300	undefined FUN_0068d300()	0	0	unknown	true		3	312	22	3	763
urn:ure:t6:occ:function:current-client:0068d330	0x0068d330	xbuild-enriched-full	true	0068d330	FUN_0068d330	undefined FUN_0068d330()	0	0	unknown	true		8	1182	66	9	2238
urn:ure:t6:occ:function:current-client:0068d3d0	0x0068d3d0	xbuild-enriched-full	true	0068d3d0	FUN_0068d3d0	undefined FUN_0068d3d0()	0	0	unknown	true		2	186	11	0	473
urn:ure:t6:occ:function:current-client:0068d3f0	0x0068d3f0	xbuild-enriched-full	true	0068d3f0	FUN_0068d3f0	undefined FUN_0068d3f0()	0	0	unknown	true		16	1959	129	32	4342
urn:ure:t6:occ:function:current-client:0068d570	0x0068d570	xbuild-enriched-full	true	0068d570	FUN_0068d570	undefined FUN_0068d570()	0	0	unknown	true		18	2001	145	42	4592
urn:ure:t6:occ:function:current-client:0068d730	0x0068d730	xbuild-enriched-full	true	0068d730	FUN_0068d730	undefined FUN_0068d730()	0	0	unknown	true		2	442	18	0	994
urn:ure:t6:occ:function:current-client:0068d7a0	0x0068d7a0	xbuild-enriched-full	true	0068d7a0	FUN_0068d7a0	undefined FUN_0068d7a0()	0	0	unknown	true		3	487	23	8	860
urn:ure:t6:occ:function:current-client:0068d7e0	0x0068d7e0	xbuild-enriched-full	true	0068d7e0	FUN_0068d7e0	undefined FUN_0068d7e0()	0	0	unknown	true		62	7427	442	93	15448
urn:ure:t6:occ:function:current-client:0068dce0	0x0068dce0	xbuild-enriched-full	true	0068dce0	FUN_0068dce0	undefined FUN_0068dce0()	0	0	unknown	true		1	59	2	1	190
urn:ure:t6:occ:function:current-client:0068dcf0	0x0068dcf0	xbuild-enriched-full	true	0068dcf0	FUN_0068dcf0	undefined FUN_0068dcf0()	0	0	unknown	true		0	148	2	1	215
urn:ure:t6:occ:function:current-client:0068dd20	0x0068dd20	xbuild-enriched-full	true	0068dd20	FUN_0068dd20	undefined FUN_0068dd20()	0	0	unknown	true		1	104	4	1	302
urn:ure:t6:occ:function:current-client:0068dd60	0x0068dd60	xbuild-enriched-full	true	0068dd60	FUN_0068dd60	undefined FUN_0068dd60()	0	0	unknown	true		4	561	42	6	1454
urn:ure:t6:occ:function:current-client:0068dde0	0x0068dde0	xbuild-enriched-full	true	0068dde0	FUN_0068dde0	undefined FUN_0068dde0()	0	0	unknown	true		5	952	54	8	2101
urn:ure:t6:occ:function:current-client:0068de80	0x0068de80	xbuild-enriched-full	true	0068de80	FUN_0068de80	undefined FUN_0068de80()	0	0	unknown	true		9	1022	56	15	1976
urn:ure:t6:occ:function:current-client:0068dfe0	0x0068dfe0	xbuild-enriched-full	true	0068dfe0	FUN_0068dfe0	undefined FUN_0068dfe0()	0	0	unknown	true		8	821	54	23	1838
urn:ure:t6:occ:function:current-client:0068e090	0x0068e090	xbuild-enriched-full	true	0068e090	FUN_0068e090	undefined FUN_0068e090()	0	0	unknown	true		2	229	13	2	568
urn:ure:t6:occ:function:current-client:0068e0c0	0x0068e0c0	xbuild-enriched-full	true	0068e0c0	FUN_0068e0c0	undefined FUN_0068e0c0()	0	0	unknown	true		6	694	42	10	1406
urn:ure:t6:occ:function:current-client:0068e220	0x0068e220	xbuild-enriched-full	true	0068e220	FUN_0068e220	undefined FUN_0068e220()	0	0	unknown	true		24	3851	198	27	8945
urn:ure:t6:occ:function:current-client:0068e610	0x0068e610	xbuild-enriched-full	true	0068e610	FUN_0068e610	undefined FUN_0068e610()	0	0	unknown	true		3	277	9	6	499
urn:ure:t6:occ:function:current-client:0068e640	0x0068e640	xbuild-enriched-full	true	0068e640	FUN_0068e640	undefined FUN_0068e640()	0	0	unknown	true		3	332	18	6	733
urn:ure:t6:occ:function:current-client:0068e680	0x0068e680	xbuild-enriched-full	true	0068e680	FUN_0068e680	undefined FUN_0068e680()	0	0	unknown	true		3	467	21	11	721
urn:ure:t6:occ:function:current-client:0068e6c0	0x0068e6c0	xbuild-enriched-full	true	0068e6c0	FUN_0068e6c0	undefined FUN_0068e6c0()	0	0	unknown	true		7	879	49	11	1695
urn:ure:t6:occ:function:current-client:0068e760	0x0068e760	xbuild-enriched-full	true	0068e760	FUN_0068e760	undefined FUN_0068e760()	0	0	unknown	true		242	19368	768	259	26232
urn:ure:t6:occ:function:current-client:0068f240	0x0068f240	xbuild-enriched-full	true	0068f240	FUN_0068f240	undefined FUN_0068f240()	0	0	unknown	true		10	516	30	10	1183
urn:ure:t6:occ:function:current-client:0068f2a0	0x0068f2a0	xbuild-enriched-full	true	0068f2a0	FUN_0068f2a0	undefined FUN_0068f2a0()	0	0	unknown	true		25	2212	129	66	4487
urn:ure:t6:occ:function:current-client:0068f4b0	0x0068f4b0	xbuild-enriched-full	true	0068f4b0	FUN_0068f4b0	undefined FUN_0068f4b0()	0	0	unknown	true		7	949	52	14	1825
urn:ure:t6:occ:function:current-client:0068f560	0x0068f560	xbuild-enriched-full	true	0068f560	FUN_0068f560	undefined FUN_0068f560()	0	0	unknown	true		4	460	24	11	934
urn:ure:t6:occ:function:current-client:0068f5b0	0x0068f5b0	xbuild-enriched-full	true	0068f5b0	FUN_0068f5b0	undefined FUN_0068f5b0()	0	0	unknown	true		11	1984	97	15	3258
urn:ure:t6:occ:function:current-client:0068f6c0	0x0068f6c0	xbuild-enriched-full	true	0068f6c0	FUN_0068f6c0	undefined FUN_0068f6c0()	0	0	unknown	true		4	474	39	12	1220
urn:ure:t6:occ:function:current-client:0068f860	0x0068f860	xbuild-enriched-full	true	0068f860	FUN_0068f860	undefined FUN_0068f860()	0	0	unknown	true		4	635	35	17	1384
urn:ure:t6:occ:function:current-client:0068f900	0x0068f900	xbuild-enriched-full	true	0068f900	FUN_0068f900	undefined FUN_0068f900()	0	0	unknown	true		0	62	2	1	191
urn:ure:t6:occ:function:current-client:0068f910	0x0068f910	xbuild-enriched-full	true	0068f910	FUN_0068f910	undefined FUN_0068f910()	0	0	unknown	true		1	125	9	2	375
urn:ure:t6:occ:function:current-client:0068f930	0x0068f930	xbuild-enriched-full	true	0068f930	FUN_0068f930	undefined FUN_0068f930()	0	0	unknown	true		14	1534	120	45	3955
urn:ure:t6:occ:function:current-client:0068fad0	0x0068fad0	xbuild-enriched-full	true	0068fad0	FUN_0068fad0	undefined FUN_0068fad0()	0	0	unknown	true		2	229	9	4	419
urn:ure:t6:occ:function:current-client:0068faf0	0x0068faf0	xbuild-enriched-full	true	0068faf0	FUN_0068faf0	undefined FUN_0068faf0()	0	0	unknown	true		3	269	19	4	764
urn:ure:t6:occ:function:current-client:0068fb30	0x0068fb30	xbuild-enriched-full	true	0068fb30	FUN_0068fb30	undefined FUN_0068fb30()	0	0	unknown	true		2	231	14	3	510
urn:ure:t6:occ:function:current-client:0068fb60	0x0068fb60	xbuild-enriched-full	true	0068fb60	FUN_0068fb60	undefined FUN_0068fb60()	0	0	unknown	true		6	613	45	14	1545
urn:ure:t6:occ:function:current-client:0068fc70	0x0068fc70	xbuild-enriched-full	true	0068fc70	FUN_0068fc70	undefined FUN_0068fc70()	0	0	unknown	true		6	676	49	9	1649
urn:ure:t6:occ:function:current-client:0068fd00	0x0068fd00	xbuild-enriched-full	true	0068fd00	FUN_0068fd00	undefined FUN_0068fd00()	0	0	unknown	true		1	59	6	0	303
urn:ure:t6:occ:function:current-client:0068fd10	0x0068fd10	xbuild-enriched-full	true	0068fd10	FUN_0068fd10	undefined FUN_0068fd10()	0	0	unknown	true		2	292	9	4	467
urn:ure:t6:occ:function:current-client:0068fd40	0x0068fd40	xbuild-enriched-full	true	0068fd40	FUN_0068fd40	undefined FUN_0068fd40()	0	0	unknown	true		17	3108	153	9	6917
urn:ure:t6:occ:function:current-client:00690010	0x00690010	xbuild-enriched-full	true	00690010	thunk_FUN_00909da0	undefined thunk_FUN_00909da0()	0	0	unknown	true		0	47	1	1	173
urn:ure:t6:occ:function:current-client:00690030	0x00690030	xbuild-enriched-full	true	00690030	FUN_00690030	undefined FUN_00690030()	0	0	unknown	true		22	2140	165	43	5252
urn:ure:t6:occ:function:current-client:00690210	0x00690210	xbuild-enriched-full	true	00690210	FUN_00690210	undefined FUN_00690210()	0	0	unknown	true		1	59	2	1	190
urn:ure:t6:occ:function:current-client:00690220	0x00690220	xbuild-enriched-full	true	00690220	FUN_00690220	undefined FUN_00690220()	0	0	unknown	true		12	1444	94	27	3015
urn:ure:t6:occ:function:current-client:00690320	0x00690320	xbuild-enriched-full	true	00690320	FUN_00690320	undefined FUN_00690320()	0	0	unknown	true		5	484	31	8	1015
urn:ure:t6:occ:function:current-client:00690450	0x00690450	xbuild-enriched-full	true	00690450	FUN_00690450	undefined FUN_00690450()	0	0	unknown	true		5	602	44	4	1537
urn:ure:t6:occ:function:current-client:006904e0	0x006904e0	xbuild-enriched-full	true	006904e0	FUN_006904e0	undefined FUN_006904e0()	0	0	unknown	true		6	661	30	9	1297
urn:ure:t6:occ:function:current-client:00690560	0x00690560	xbuild-enriched-full	true	00690560	FUN_00690560	undefined FUN_00690560()	0	0	unknown	true		2	232	19	5	792
urn:ure:t6:occ:function:current-client:006905a0	0x006905a0	xbuild-enriched-full	true	006905a0	FUN_006905a0	undefined FUN_006905a0()	0	0	unknown	true		8	1037	66	26	2227
urn:ure:t6:occ:function:current-client:00690670	0x00690670	xbuild-enriched-full	true	00690670	FUN_00690670	undefined FUN_00690670()	0	0	unknown	true		3	595	31	14	1171
urn:ure:t6:occ:function:current-client:006906e0	0x006906e0	xbuild-enriched-full	true	006906e0	FUN_006906e0	undefined FUN_006906e0()	0	0	unknown	true		6	935	59	11	2372
urn:ure:t6:occ:function:current-client:006907d0	0x006907d0	xbuild-enriched-full	true	006907d0	FUN_006907d0	undefined FUN_006907d0()	0	0	unknown	true		2	320	18	4	704
urn:ure:t6:occ:function:current-client:00690810	0x00690810	xbuild-enriched-full	true	00690810	FUN_00690810	undefined FUN_00690810()	0	0	unknown	true		1	179	9	1	481
urn:ure:t6:occ:function:current-client:00690830	0x00690830	xbuild-enriched-full	true	00690830	FUN_00690830	undefined FUN_00690830()	0	0	unknown	true		8	1960	104	12	3779
urn:ure:t6:occ:function:current-client:00690950	0x00690950	xbuild-enriched-full	true	00690950	FUN_00690950	undefined FUN_00690950()	0	0	unknown	true		4	768	22	2	1049
urn:ure:t6:occ:function:current-client:006909b0	0x006909b0	xbuild-enriched-full	true	006909b0	FUN_006909b0	undefined FUN_006909b0()	0	0	unknown	true		25	3461	251	3	9607
urn:ure:t6:occ:function:current-client:00690d50	0x00690d50	xbuild-enriched-full	true	00690d50	FUN_00690d50	undefined FUN_00690d50()	0	0	unknown	true		0	81	3	1	240
urn:ure:t6:occ:function:current-client:00690d60	0x00690d60	xbuild-enriched-full	true	00690d60	FUN_00690d60	undefined FUN_00690d60()	0	0	unknown	true		10	1651	108	16	3885
urn:ure:t6:occ:function:current-client:00690eb0	0x00690eb0	xbuild-enriched-full	true	00690eb0	FUN_00690eb0	undefined FUN_00690eb0()	0	0	unknown	true		5	524	46	6	1577
urn:ure:t6:occ:function:current-client:00690f30	0x00690f30	xbuild-enriched-full	true	00690f30	FUN_00690f30	undefined FUN_00690f30()	0	0	unknown	true		4	443	35	16	1170
urn:ure:t6:occ:function:current-client:00690fa0	0x00690fa0	xbuild-enriched-full	true	00690fa0	FUN_00690fa0	undefined FUN_00690fa0()	0	0	unknown	true		5	605	48	16	1482
urn:ure:t6:occ:function:current-client:00691020	0x00691020	xbuild-enriched-full	true	00691020	FUN_00691020	undefined FUN_00691020()	0	0	unknown	true		4	694	43	7	1733
urn:ure:t6:occ:function:current-client:006910c0	0x006910c0	xbuild-enriched-full	true	006910c0	FUN_006910c0	undefined FUN_006910c0()	0	0	unknown	true		2	377	22	4	834
urn:ure:t6:occ:function:current-client:00691110	0x00691110	xbuild-enriched-full	true	00691110	FUN_00691110	undefined FUN_00691110()	0	0	unknown	true		6	1233	60	13	2067
urn:ure:t6:occ:function:current-client:006911b0	0x006911b0	xbuild-enriched-full	true	006911b0	FUN_006911b0	undefined FUN_006911b0()	0	0	unknown	true		58	4577	345	81	12393
urn:ure:t6:occ:function:current-client:006916a0	0x006916a0	xbuild-enriched-full	true	006916a0	FUN_006916a0	undefined FUN_006916a0()	0	0	unknown	true		23	2729	162	48	4907
urn:ure:t6:occ:function:current-client:00691880	0x00691880	xbuild-enriched-full	true	00691880	FUN_00691880	undefined FUN_00691880()	0	0	unknown	true		10	1209	80	10	3307
urn:ure:t6:occ:function:current-client:00691a10	0x00691a10	xbuild-enriched-full	true	00691a10	FUN_00691a10	undefined FUN_00691a10()	0	0	unknown	true		6	961	42	5	1615
urn:ure:t6:occ:function:current-client:00691ad0	0x00691ad0	xbuild-enriched-full	true	00691ad0	FUN_00691ad0	undefined FUN_00691ad0()	0	0	unknown	true		17	2174	120	32	4157
urn:ure:t6:occ:function:current-client:00691c40	0x00691c40	xbuild-enriched-full	true	00691c40	FUN_00691c40	undefined FUN_00691c40()	0	0	unknown	true		6	733	35	24	1447
urn:ure:t6:occ:function:current-client:00691cd0	0x00691cd0	xbuild-enriched-full	true	00691cd0	FUN_00691cd0	undefined FUN_00691cd0()	0	0	unknown	true		68	6144	392	118	14045
urn:ure:t6:occ:function:current-client:00692280	0x00692280	xbuild-enriched-full	true	00692280	FUN_00692280	undefined FUN_00692280()	0	0	unknown	true		14	1691	109	16	3189
urn:ure:t6:occ:function:current-client:00692390	0x00692390	xbuild-enriched-full	true	00692390	thunk_FUN_0064da90	undefined thunk_FUN_0064da90()	0	0	unknown	true		45	5520	1	1	173
urn:ure:t6:occ:function:current-client:006923a0	0x006923a0	xbuild-enriched-full	true	006923a0	FUN_006923a0	undefined FUN_006923a0()	0	0	unknown	true		28	2390	145	38	5528
urn:ure:t6:occ:function:current-client:006925e0	0x006925e0	xbuild-enriched-full	true	006925e0	FUN_006925e0	undefined FUN_006925e0()	0	0	unknown	true		7	1148	51	14	1647
urn:ure:t6:occ:function:current-client:00692670	0x00692670	xbuild-enriched-full	true	00692670	FUN_00692670	undefined FUN_00692670()	0	0	unknown	true		8	1003	55	18	2115
urn:ure:t6:occ:function:current-client:00692740	0x00692740	xbuild-enriched-full	true	00692740	FUN_00692740	undefined FUN_00692740()	0	0	unknown	true		10	1544	77	24	2491
urn:ure:t6:occ:function:current-client:00692820	0x00692820	xbuild-enriched-full	true	00692820	FUN_00692820	undefined FUN_00692820()	0	0	unknown	true		6	377	37	6	1278
urn:ure:t6:occ:function:current-client:00692910	0x00692910	xbuild-enriched-full	true	00692910	FUN_00692910	undefined FUN_00692910()	0	0	unknown	true		6	448	24	10	925
urn:ure:t6:occ:function:current-client:00692970	0x00692970	xbuild-enriched-full	true	00692970	FUN_00692970	undefined FUN_00692970()	0	0	unknown	true		16	1360	97	33	3331
urn:ure:t6:occ:function:current-client:00692ab0	0x00692ab0	xbuild-enriched-full	true	00692ab0	FUN_00692ab0	undefined FUN_00692ab0()	0	0	unknown	true		25	1630	144	71	6273
urn:ure:t6:occ:function:current-client:00692db0	0x00692db0	xbuild-enriched-full	true	00692db0	FUN_00692db0	undefined FUN_00692db0()	0	0	unknown	true		4	363	22	4	791
urn:ure:t6:occ:function:current-client:00692df0	0x00692df0	xbuild-enriched-full	true	00692df0	FUN_00692df0	undefined FUN_00692df0()	0	0	unknown	true		18	3523	126	11	5991
urn:ure:t6:occ:function:current-client:00693080	0x00693080	xbuild-enriched-full	true	00693080	FUN_00693080	undefined FUN_00693080()	0	0	unknown	true		8	852	51	12	1798
urn:ure:t6:occ:function:current-client:00693130	0x00693130	xbuild-enriched-full	true	00693130	FUN_00693130	undefined FUN_00693130()	0	0	unknown	true		5	696	41	9	1575
urn:ure:t6:occ:function:current-client:006931c0	0x006931c0	xbuild-enriched-full	true	006931c0	FUN_006931c0	undefined FUN_006931c0()	0	0	unknown	true		8	952	66	13	2352
urn:ure:t6:occ:function:current-client:00693260	0x00693260	xbuild-enriched-full	true	00693260	FUN_00693260	undefined FUN_00693260()	0	0	unknown	true		1	94	7	2	334
urn:ure:t6:occ:function:current-client:00693270	0x00693270	xbuild-enriched-full	true	00693270	FUN_00693270	undefined FUN_00693270()	0	0	unknown	true		6	524	44	11	1409
urn:ure:t6:occ:function:current-client:006932f0	0x006932f0	xbuild-enriched-full	true	006932f0	FUN_006932f0	undefined FUN_006932f0()	0	0	unknown	true		2	133	10	1	437
urn:ure:t6:occ:function:current-client:00693310	0x00693310	xbuild-enriched-full	true	00693310	FUN_00693310	undefined FUN_00693310()	0	0	unknown	true		11	1528	81	16	3360
urn:ure:t6:occ:function:current-client:00693470	0x00693470	xbuild-enriched-full	true	00693470	FUN_00693470	undefined FUN_00693470()	0	0	unknown	true		7	788	49	2	1945
urn:ure:t6:occ:function:current-client:00693510	0x00693510	xbuild-enriched-full	true	00693510	FUN_00693510	undefined FUN_00693510()	0	0	unknown	true		22	2518	153	8	4715
urn:ure:t6:occ:function:current-client:00693730	0x00693730	xbuild-enriched-full	true	00693730	FUN_00693730	undefined FUN_00693730()	0	0	unknown	true		46	6261	389	56	15938
urn:ure:t6:occ:function:current-client:00693e40	0x00693e40	xbuild-enriched-full	true	00693e40	FUN_00693e40	undefined FUN_00693e40()	0	0	unknown	true		7	711	46	13	1445
urn:ure:t6:occ:function:current-client:00693ec6	0x00693ec6	xbuild-enriched-full	true	00693ec6	FUN_00693ec6	undefined FUN_00693ec6()	0	0	unknown	true		5	592	35	5	1290
urn:ure:t6:occ:function:current-client:00693f20	0x00693f20	xbuild-enriched-full	true	00693f20	FUN_00693f20	undefined FUN_00693f20()	0	0	unknown	true		1	139	7	2	364
urn:ure:t6:occ:function:current-client:00693f40	0x00693f40	xbuild-enriched-full	true	00693f40	FUN_00693f40	undefined FUN_00693f40()	0	0	unknown	true		6	970	62	23	2067
urn:ure:t6:occ:function:current-client:00694000	0x00694000	xbuild-enriched-full	true	00694000	FUN_00694000	undefined FUN_00694000()	0	0	unknown	true		3	461	28	4	1227
urn:ure:t6:occ:function:current-client:00694070	0x00694070	xbuild-enriched-full	true	00694070	thunk_FUN_00889a10	undefined thunk_FUN_00889a10()	0	0	unknown	true		1	103	1	1	173
urn:ure:t6:occ:function:current-client:00694080	0x00694080	xbuild-enriched-full	true	00694080	FUN_00694080	undefined FUN_00694080()	0	0	unknown	true		6	1126	53	14	1914
urn:ure:t6:occ:function:current-client:00694120	0x00694120	xbuild-enriched-full	true	00694120	FUN_00694120	undefined FUN_00694120()	0	0	unknown	true		2	136	10	1	449
urn:ure:t6:occ:function:current-client:00694140	0x00694140	xbuild-enriched-full	true	00694140	FUN_00694140	undefined FUN_00694140()	0	0	unknown	true		3	276	29	4	959
urn:ure:t6:occ:function:current-client:00694190	0x00694190	xbuild-enriched-full	true	00694190	FUN_00694190	undefined FUN_00694190()	0	0	unknown	true		4	328	11	5	534
urn:ure:t6:occ:function:current-client:00694360	0x00694360	xbuild-enriched-full	true	00694360	FUN_00694360	undefined FUN_00694360()	0	0	unknown	true		5	674	43	14	1365
urn:ure:t6:occ:function:current-client:006943d0	0x006943d0	xbuild-enriched-full	true	006943d0	FUN_006943d0	undefined FUN_006943d0()	0	0	unknown	true		65	3390	355	173	13183
urn:ure:t6:occ:function:current-client:00694a70	0x00694a70	xbuild-enriched-full	true	00694a70	FUN_00694a70	undefined FUN_00694a70()	0	0	unknown	true		2	162	7	1	381
urn:ure:t6:occ:function:current-client:00694a90	0x00694a90	xbuild-enriched-full	true	00694a90	FUN_00694a90	undefined FUN_00694a90()	0	0	unknown	true		51	3323	290	83	9463
urn:ure:t6:occ:function:current-client:00694e40	0x00694e40	xbuild-enriched-full	true	00694e40	FUN_00694e40	undefined FUN_00694e40()	0	0	unknown	true		9	1620	87	12	3348
urn:ure:t6:occ:function:current-client:00694f90	0x00694f90	xbuild-enriched-full	true	00694f90	FUN_00694f90	undefined FUN_00694f90()	0	0	unknown	true		1	229	9	4	419
urn:ure:t6:occ:function:current-client:00694fb0	0x00694fb0	xbuild-enriched-full	true	00694fb0	FUN_00694fb0	undefined FUN_00694fb0()	0	0	unknown	true		7	586	53	9	1554
urn:ure:t6:occ:function:current-client:00695020	0x00695020	xbuild-enriched-full	true	00695020	FUN_00695020	undefined FUN_00695020()	0	0	unknown	true		1	180	11	0	602
urn:ure:t6:occ:function:current-client:00695040	0x00695040	xbuild-enriched-full	true	00695040	FUN_00695040	undefined FUN_00695040()	0	0	unknown	true		5	688	52	14	2031
urn:ure:t6:occ:function:current-client:00695110	0x00695110	xbuild-enriched-full	true	00695110	FUN_00695110	undefined FUN_00695110()	0	0	unknown	true		11	1462	101	27	3096
urn:ure:t6:occ:function:current-client:00695230	0x00695230	xbuild-enriched-full	true	00695230	FUN_00695230	undefined FUN_00695230()	0	0	unknown	true		3	576	26	4	1110
urn:ure:t6:occ:function:current-client:00695290	0x00695290	xbuild-enriched-full	true	00695290	FUN_00695290	undefined FUN_00695290()	0	0	unknown	true		12	1774	107	13	3874
urn:ure:t6:occ:function:current-client:00695400	0x00695400	xbuild-enriched-full	true	00695400	FUN_00695400	undefined FUN_00695400()	0	0	unknown	true		5	627	38	4	1669
urn:ure:t6:occ:function:current-client:006954a0	0x006954a0	xbuild-enriched-full	true	006954a0	FUN_006954a0	undefined FUN_006954a0()	0	0	unknown	true		33	3349	228	43	9518
urn:ure:t6:occ:function:current-client:00695850	0x00695850	xbuild-enriched-full	true	00695850	FUN_00695850	undefined FUN_00695850()	0	0	unknown	true		11	1559	92	16	3230
urn:ure:t6:occ:function:current-client:00695960	0x00695960	xbuild-enriched-full	true	00695960	FUN_00695960	undefined FUN_00695960()	0	0	unknown	true		4	423	28	5	990
urn:ure:t6:occ:function:current-client:006959b0	0x006959b0	xbuild-enriched-full	true	006959b0	FUN_006959b0	undefined FUN_006959b0()	0	0	unknown	true		30	3866	256	38	8748
urn:ure:t6:occ:function:current-client:00695c50	0x00695c50	xbuild-enriched-full	true	00695c50	FUN_00695c50	undefined FUN_00695c50()	0	0	unknown	true		3	516	30	10	1183
urn:ure:t6:occ:function:current-client:00695cb0	0x00695cb0	xbuild-enriched-full	true	00695cb0	FUN_00695cb0	undefined FUN_00695cb0()	0	0	unknown	true		0	80	2	0	180
urn:ure:t6:occ:function:current-client:00695d80	0x00695d80	xbuild-enriched-full	true	00695d80	FUN_00695d80	undefined FUN_00695d80()	0	0	unknown	true		19	2069	153	62	4960
urn:ure:t6:occ:function:current-client:00695f70	0x00695f70	xbuild-enriched-full	true	00695f70	FUN_00695f70	undefined FUN_00695f70()	0	0	unknown	true		1	100	3	1	274
urn:ure:t6:occ:function:current-client:00695f80	0x00695f80	xbuild-enriched-full	true	00695f80	FUN_00695f80	undefined FUN_00695f80()	0	0	unknown	true		2	266	20	1	673
urn:ure:t6:occ:function:current-client:00695fb0	0x00695fb0	xbuild-enriched-full	true	00695fb0	FUN_00695fb0	undefined FUN_00695fb0()	0	0	unknown	true		4	555	28	6	969
urn:ure:t6:occ:function:current-client:00696000	0x00696000	xbuild-enriched-full	true	00696000	FUN_00696000	undefined FUN_00696000()	0	0	unknown	true		8	1371	54	14	2239
urn:ure:t6:occ:function:current-client:006960e0	0x006960e0	xbuild-enriched-full	true	006960e0	FUN_006960e0	undefined FUN_006960e0()	0	0	unknown	true		6	748	42	14	1541
urn:ure:t6:occ:function:current-client:00696170	0x00696170	xbuild-enriched-full	true	00696170	FUN_00696170	undefined FUN_00696170()	0	0	unknown	true		9	1359	87	18	3101
urn:ure:t6:occ:function:current-client:00696270	0x00696270	xbuild-enriched-full	true	00696270	FUN_00696270	undefined FUN_00696270()	0	0	unknown	true		3	526	28	3	1096
urn:ure:t6:occ:function:current-client:006962e0	0x006962e0	xbuild-enriched-full	true	006962e0	FUN_006962e0	undefined FUN_006962e0()	0	0	unknown	true		11	1339	89	28	3145
urn:ure:t6:occ:function:current-client:00696400	0x00696400	xbuild-enriched-full	true	00696400	FUN_00696400	undefined FUN_00696400()	0	0	unknown	true		7	1025	63	35	2303
urn:ure:t6:occ:function:current-client:006964f0	0x006964f0	xbuild-enriched-full	true	006964f0	FUN_006964f0	undefined FUN_006964f0()	0	0	unknown	true		1	142	10	1	426
urn:ure:t6:occ:function:current-client:00696510	0x00696510	xbuild-enriched-full	true	00696510	FUN_00696510	undefined FUN_00696510()	0	0	unknown	true		5	613	42	11	1585
urn:ure:t6:occ:function:current-client:006965f0	0x006965f0	xbuild-enriched-full	true	006965f0	FUN_006965f0	undefined FUN_006965f0()	0	0	unknown	true		15	1845	121	19	4058
urn:ure:t6:occ:function:current-client:00696770	0x00696770	xbuild-enriched-full	true	00696770	FUN_00696770	undefined FUN_00696770()	0	0	unknown	true		7	819	54	10	1910
urn:ure:t6:occ:function:current-client:00696810	0x00696810	xbuild-enriched-full	true	00696810	FUN_00696810	undefined FUN_00696810()	0	0	unknown	true		4	369	19	2	877
urn:ure:t6:occ:function:current-client:00696860	0x00696860	xbuild-enriched-full	true	00696860	FUN_00696860	undefined FUN_00696860()	0	0	unknown	true		1	158	5	0	371
urn:ure:t6:occ:function:current-client:00696880	0x00696880	xbuild-enriched-full	true	00696880	FUN_00696880	undefined FUN_00696880()	0	0	unknown	true		6	718	45	16	1597
urn:ure:t6:occ:function:current-client:00696910	0x00696910	xbuild-enriched-full	true	00696910	FUN_00696910	undefined FUN_00696910()	0	0	unknown	true		4	465	33	7	1010
urn:ure:t6:occ:function:current-client:00696970	0x00696970	xbuild-enriched-full	true	00696970	FUN_00696970	undefined FUN_00696970()	0	0	unknown	true		2	327	19	3	805
urn:ure:t6:occ:function:current-client:006969aa	0x006969aa	xbuild-enriched-full	true	006969aa	FUN_006969aa	undefined FUN_006969aa()	0	0	unknown	true		2	559	13	4	696
urn:ure:t6:occ:function:current-client:006969e0	0x006969e0	xbuild-enriched-full	true	006969e0	FUN_006969e0	undefined FUN_006969e0()	0	0	unknown	true		4	846	35	2	1643
urn:ure:t6:occ:function:current-client:00696a80	0x00696a80	xbuild-enriched-full	true	00696a80	FUN_00696a80	undefined FUN_00696a80()	0	0	unknown	true		2	319	17	1	680
urn:ure:t6:occ:function:current-client:00696ab0	0x00696ab0	xbuild-enriched-full	true	00696ab0	FUN_00696ab0	undefined FUN_00696ab0()	0	0	unknown	true		4	610	44	4	1537
urn:ure:t6:occ:function:current-client:00696b40	0x00696b40	xbuild-enriched-full	true	00696b40	FUN_00696b40	undefined FUN_00696b40()	0	0	unknown	true		3	358	18	6	750
urn:ure:t6:occ:function:current-client:00696b80	0x00696b80	xbuild-enriched-full	true	00696b80	FUN_00696b80	undefined FUN_00696b80()	0	0	unknown	true		29	2841	198	48	6585
urn:ure:t6:occ:function:current-client:00696e00	0x00696e00	xbuild-enriched-full	true	00696e00	FUN_00696e00	undefined FUN_00696e00()	0	0	unknown	true		1	95	4	1	297
urn:ure:t6:occ:function:current-client:00696e10	0x00696e10	xbuild-enriched-full	true	00696e10	FUN_00696e10	undefined FUN_00696e10()	0	0	unknown	true		3	500	21	9	846
urn:ure:t6:occ:function:current-client:00696e60	0x00696e60	xbuild-enriched-full	true	00696e60	FUN_00696e60	undefined FUN_00696e60()	0	0	unknown	true		25	3320	154	71	5320
urn:ure:t6:occ:function:current-client:006971c0	0x006971c0	xbuild-enriched-full	true	006971c0	FUN_006971c0	undefined FUN_006971c0()	0	0	unknown	true		7	1119	60	8	2272
urn:ure:t6:occ:function:current-client:00697280	0x00697280	xbuild-enriched-full	true	00697280	FUN_00697280	undefined FUN_00697280()	0	0	unknown	true		2	166	12	5	468
urn:ure:t6:occ:function:current-client:006972d0	0x006972d0	xbuild-enriched-full	true	006972d0	FUN_006972d0	undefined FUN_006972d0()	0	0	unknown	true		0	60	2	1	194
urn:ure:t6:occ:function:current-client:006972e0	0x006972e0	xbuild-enriched-full	true	006972e0	FUN_006972e0	undefined FUN_006972e0()	0	0	unknown	true		3	367	21	9	829
urn:ure:t6:occ:function:current-client:00697330	0x00697330	xbuild-enriched-full	true	00697330	FUN_00697330	undefined FUN_00697330()	0	0	unknown	true		14	1550	106	33	3619
urn:ure:t6:occ:function:current-client:00697510	0x00697510	xbuild-enriched-full	true	00697510	FUN_00697510	undefined FUN_00697510()	0	0	unknown	true		20	2060	131	43	4219
urn:ure:t6:occ:function:current-client:00697700	0x00697700	xbuild-enriched-full	true	00697700	FUN_00697700	undefined FUN_00697700()	0	0	unknown	true		8	1125	65	21	1982
urn:ure:t6:occ:function:current-client:006977b0	0x006977b0	xbuild-enriched-full	true	006977b0	FUN_006977b0	undefined FUN_006977b0()	0	0	unknown	true		8	825	69	13	2125
urn:ure:t6:occ:function:current-client:00697860	0x00697860	xbuild-enriched-full	true	00697860	FUN_00697860	undefined FUN_00697860()	0	0	unknown	true		5	745	34	13	1331
urn:ure:t6:occ:function:current-client:006978d0	0x006978d0	xbuild-enriched-full	true	006978d0	FUN_006978d0	undefined FUN_006978d0()	0	0	unknown	true		10	940	73	19	2113
urn:ure:t6:occ:function:current-client:00697990	0x00697990	xbuild-enriched-full	true	00697990	FUN_00697990	undefined FUN_00697990()	0	0	unknown	true		4	459	32	7	1185
urn:ure:t6:occ:function:current-client:006979f0	0x006979f0	xbuild-enriched-full	true	006979f0	FUN_006979f0	undefined FUN_006979f0()	0	0	unknown	true		10	1068	69	19	2301
urn:ure:t6:occ:function:current-client:00697ac0	0x00697ac0	xbuild-enriched-full	true	00697ac0	FUN_00697ac0	undefined FUN_00697ac0()	0	0	unknown	true		16	1187	123	23	5003
urn:ure:t6:occ:function:current-client:00697cb0	0x00697cb0	xbuild-enriched-full	true	00697cb0	FUN_00697cb0	undefined FUN_00697cb0()	0	0	unknown	true		4	406	23	11	882
urn:ure:t6:occ:function:current-client:00697db0	0x00697db0	xbuild-enriched-full	true	00697db0	FUN_00697db0	undefined FUN_00697db0()	0	0	unknown	true		1	131	5	1	355
urn:ure:t6:occ:function:current-client:00697dd0	0x00697dd0	xbuild-enriched-full	true	00697dd0	FUN_00697dd0	undefined FUN_00697dd0()	0	0	unknown	true		27	2699	208	37	7455
urn:ure:t6:occ:function:current-client:006980d0	0x006980d0	xbuild-enriched-full	true	006980d0	FUN_006980d0	undefined FUN_006980d0()	0	0	unknown	true		9	1577	90	14	3145
urn:ure:t6:occ:function:current-client:006981b0	0x006981b0	xbuild-enriched-full	true	006981b0	FUN_006981b0	undefined FUN_006981b0()	0	0	unknown	true		6	786	49	2	1945
urn:ure:t6:occ:function:current-client:00698250	0x00698250	xbuild-enriched-full	true	00698250	FUN_00698250	undefined FUN_00698250()	0	0	unknown	true		3	203	12	3	530
urn:ure:t6:occ:function:current-client:00698280	0x00698280	xbuild-enriched-full	true	00698280	FUN_00698280	undefined FUN_00698280()	0	0	unknown	true		2	335	14	7	678
urn:ure:t6:occ:function:current-client:006982c0	0x006982c0	xbuild-enriched-full	true	006982c0	FUN_006982c0	undefined FUN_006982c0()	0	0	unknown	true		0	84	3	1	261
urn:ure:t6:occ:function:current-client:006982d0	0x006982d0	xbuild-enriched-full	true	006982d0	FUN_006982d0	undefined FUN_006982d0()	0	0	unknown	true		16	2175	130	24	4535
urn:ure:t6:occ:function:current-client:00698460	0x00698460	xbuild-enriched-full	true	00698460	FUN_00698460	undefined FUN_00698460()	0	0	unknown	true		3	299	24	4	820
urn:ure:t6:occ:function:current-client:006984a0	0x006984a0	xbuild-enriched-full	true	006984a0	FUN_006984a0	undefined FUN_006984a0()	0	0	unknown	true		3	493	24	4	869
urn:ure:t6:occ:function:current-client:006984e0	0x006984e0	xbuild-enriched-full	true	006984e0	FUN_006984e0	undefined FUN_006984e0()	0	0	unknown	true		8	1254	73	27	2592
urn:ure:t6:occ:function:current-client:006985e0	0x006985e0	xbuild-enriched-full	true	006985e0	FUN_006985e0	undefined FUN_006985e0()	0	0	unknown	true		1	80	5	0	309
urn:ure:t6:occ:function:current-client:00698600	0x00698600	xbuild-enriched-full	true	00698600	FUN_00698600	undefined FUN_00698600()	0	0	unknown	true		7	786	66	4	2553
urn:ure:t6:occ:function:current-client:006986e0	0x006986e0	xbuild-enriched-full	true	006986e0	FUN_006986e0	undefined FUN_006986e0()	0	0	unknown	true		5	696	43	9	1575
urn:ure:t6:occ:function:current-client:00698760	0x00698760	xbuild-enriched-full	true	00698760	FUN_00698760	undefined FUN_00698760()	0	0	unknown	true		8	778	37	9	1345
urn:ure:t6:occ:function:current-client:006987e0	0x006987e0	xbuild-enriched-full	true	006987e0	FUN_006987e0	undefined FUN_006987e0()	0	0	unknown	true		13	1205	92	31	3473
urn:ure:t6:occ:function:current-client:00698950	0x00698950	xbuild-enriched-full	true	00698950	FUN_00698950	undefined FUN_00698950()	0	0	unknown	true		13	1628	94	13	3414
urn:ure:t6:occ:function:current-client:00698a80	0x00698a80	xbuild-enriched-full	true	00698a80	FUN_00698a80	undefined FUN_00698a80()	0	0	unknown	true		15	1377	105	7	4512
urn:ure:t6:occ:function:current-client:00698c50	0x00698c50	xbuild-enriched-full	true	00698c50	FUN_00698c50	undefined FUN_00698c50()	0	0	unknown	true		5	570	39	15	1442
urn:ure:t6:occ:function:current-client:00698ce0	0x00698ce0	xbuild-enriched-full	true	00698ce0	FUN_00698ce0	undefined FUN_00698ce0()	0	0	unknown	true		4	472	28	5	1107
urn:ure:t6:occ:function:current-client:00698d40	0x00698d40	xbuild-enriched-full	true	00698d40	FUN_00698d40	undefined FUN_00698d40()	0	0	unknown	true		5	639	50	4	1706
urn:ure:t6:occ:function:current-client:00698db0	0x00698db0	xbuild-enriched-full	true	00698db0	FUN_00698db0	undefined FUN_00698db0()	0	0	unknown	true		2	233	15	3	567
urn:ure:t6:occ:function:current-client:00698de0	0x00698de0	xbuild-enriched-full	true	00698de0	FUN_00698de0	undefined FUN_00698de0()	0	0	unknown	true		9	1866	102	10	4464
urn:ure:t6:occ:function:current-client:00698fb0	0x00698fb0	xbuild-enriched-full	true	00698fb0	FUN_00698fb0	undefined FUN_00698fb0()	0	0	unknown	true		14	2361	100	16	3649
urn:ure:t6:occ:function:current-client:00699130	0x00699130	xbuild-enriched-full	true	00699130	FUN_00699130	undefined FUN_00699130()	0	0	unknown	true		24	2520	183	41	6392
urn:ure:t6:occ:function:current-client:00699370	0x00699370	xbuild-enriched-full	true	00699370	FUN_00699370	undefined FUN_00699370()	0	0	unknown	true		12	1927	92	10	3187
urn:ure:t6:occ:function:current-client:006994b0	0x006994b0	xbuild-enriched-full	true	006994b0	FUN_006994b0	undefined FUN_006994b0()	0	0	unknown	true		1	176	10	2	484
urn:ure:t6:occ:function:current-client:006994d0	0x006994d0	xbuild-enriched-full	true	006994d0	FUN_006994d0	undefined FUN_006994d0()	0	0	unknown	true		2	379	12	2	619
urn:ure:t6:occ:function:current-client:00699500	0x00699500	xbuild-enriched-full	true	00699500	FUN_00699500	undefined FUN_00699500()	0	0	unknown	true		6	686	59	15	1734
urn:ure:t6:occ:function:current-client:00699590	0x00699590	xbuild-enriched-full	true	00699590	FUN_00699590	undefined FUN_00699590()	0	0	unknown	true		1	128	10	0	461
urn:ure:t6:occ:function:current-client:006995b0	0x006995b0	xbuild-enriched-full	true	006995b0	FUN_006995b0	undefined FUN_006995b0()	0	0	unknown	true		3	516	28	3	1177
urn:ure:t6:occ:function:current-client:00699620	0x00699620	xbuild-enriched-full	true	00699620	FUN_00699620	undefined FUN_00699620()	0	0	unknown	true		3	620	28	8	1098
urn:ure:t6:occ:function:current-client:00699690	0x00699690	xbuild-enriched-full	true	00699690	FUN_00699690	undefined FUN_00699690()	0	0	unknown	true		6	664	48	18	1532
urn:ure:t6:occ:function:current-client:00699710	0x00699710	xbuild-enriched-full	true	00699710	FUN_00699710	undefined FUN_00699710()	0	0	unknown	true		0	147	2	1	195
urn:ure:t6:occ:function:current-client:00699720	0x00699720	xbuild-enriched-full	true	00699720	FUN_00699720	undefined FUN_00699720()	0	0	unknown	true		0	148	2	1	215
urn:ure:t6:occ:function:current-client:00699750	0x00699750	xbuild-enriched-full	true	00699750	FUN_00699750	undefined FUN_00699750()	0	0	unknown	true		9	1417	90	17	3062
urn:ure:t6:occ:function:current-client:00699830	0x00699830	xbuild-enriched-full	true	00699830	FUN_00699830	undefined FUN_00699830()	0	0	unknown	true		6	763	51	4	2214
urn:ure:t6:occ:function:current-client:00699910	0x00699910	xbuild-enriched-full	true	00699910	FUN_00699910	undefined FUN_00699910()	0	0	unknown	true		7	961	56	9	1782
urn:ure:t6:occ:function:current-client:006999b0	0x006999b0	xbuild-enriched-full	true	006999b0	FUN_006999b0	undefined FUN_006999b0()	0	0	unknown	true		11	1335	100	21	3170
urn:ure:t6:occ:function:current-client:00699ad0	0x00699ad0	xbuild-enriched-full	true	00699ad0	FUN_00699ad0	undefined FUN_00699ad0()	0	0	unknown	true		1	67	3	1	216
urn:ure:t6:occ:function:current-client:00699ae0	0x00699ae0	xbuild-enriched-full	true	00699ae0	FUN_00699ae0	undefined FUN_00699ae0()	0	0	unknown	true		36	5098	295	74	9694
urn:ure:t6:occ:function:current-client:00699e70	0x00699e70	xbuild-enriched-full	true	00699e70	thunk_FUN_0055bad0	undefined thunk_FUN_0055bad0()	0	0	unknown	true		17	2150	1	1	173
urn:ure:t6:occ:function:current-client:00699e80	0x00699e80	xbuild-enriched-full	true	00699e80	FUN_00699e80	undefined FUN_00699e80()	0	0	unknown	true		2	401	13	2	636
urn:ure:t6:occ:function:current-client:00699eb0	0x00699eb0	xbuild-enriched-full	true	00699eb0	FUN_00699eb0	undefined FUN_00699eb0()	0	0	unknown	true		4	612	36	8	1252
urn:ure:t6:occ:function:current-client:00699f20	0x00699f20	xbuild-enriched-full	true	00699f20	FUN_00699f20	undefined FUN_00699f20()	0	0	unknown	true		5	673	47	13	1603
urn:ure:t6:occ:function:current-client:00699fb0	0x00699fb0	xbuild-enriched-full	true	00699fb0	FUN_00699fb0	undefined FUN_00699fb0()	0	0	unknown	true		10	1271	87	15	2869
urn:ure:t6:occ:function:current-client:0069a0a0	0x0069a0a0	xbuild-enriched-full	true	0069a0a0	FUN_0069a0a0	undefined FUN_0069a0a0()	0	0	unknown	true		7	1122	88	1	3868
urn:ure:t6:occ:function:current-client:0069a230	0x0069a230	xbuild-enriched-full	true	0069a230	FUN_0069a230	undefined FUN_0069a230()	0	0	unknown	true		5	678	45	8	1577
urn:ure:t6:occ:function:current-client:0069a2c0	0x0069a2c0	xbuild-enriched-full	true	0069a2c0	FUN_0069a2c0	undefined FUN_0069a2c0()	0	0	unknown	true		4	564	22	9	987
urn:ure:t6:occ:function:current-client:0069a320	0x0069a320	xbuild-enriched-full	true	0069a320	FUN_0069a320	undefined FUN_0069a320()	0	0	unknown	true		8	1113	63	22	2071
urn:ure:t6:occ:function:current-client:0069a410	0x0069a410	xbuild-enriched-full	true	0069a410	FUN_0069a410	undefined FUN_0069a410()	0	0	unknown	true		11	1472	88	11	2983
urn:ure:t6:occ:function:current-client:0069a520	0x0069a520	xbuild-enriched-full	true	0069a520	FUN_0069a520	undefined FUN_0069a520()	0	0	unknown	true		5	545	40	10	1282
urn:ure:t6:occ:function:current-client:0069a590	0x0069a590	xbuild-enriched-full	true	0069a590	FUN_0069a590	undefined FUN_0069a590()	0	0	unknown	true		11	1322	87	14	2975
urn:ure:t6:occ:function:current-client:0069a680	0x0069a680	xbuild-enriched-full	true	0069a680	FUN_0069a680	undefined FUN_0069a680()	0	0	unknown	true		23	4197	202	48	7301
urn:ure:t6:occ:function:current-client:0069a910	0x0069a910	xbuild-enriched-full	true	0069a910	FUN_0069a910	undefined FUN_0069a910()	0	0	unknown	true		1	85	6	0	349
urn:ure:t6:occ:function:current-client:0069a930	0x0069a930	xbuild-enriched-full	true	0069a930	FUN_0069a930	undefined FUN_0069a930()	0	0	unknown	true		8	885	61	28	2092
urn:ure:t6:occ:function:current-client:0069aa10	0x0069aa10	xbuild-enriched-full	true	0069aa10	FUN_0069aa10	undefined FUN_0069aa10()	0	0	unknown	true		4	441	27	6	969
urn:ure:t6:occ:function:current-client:0069aa70	0x0069aa70	xbuild-enriched-full	true	0069aa70	FUN_0069aa70	undefined FUN_0069aa70()	0	0	unknown	true		2	229	11	5	467
urn:ure:t6:occ:function:current-client:0069aae0	0x0069aae0	xbuild-enriched-full	true	0069aae0	FUN_0069aae0	undefined FUN_0069aae0()	0	0	unknown	true		3	410	22	4	803
urn:ure:t6:occ:function:current-client:0069ab20	0x0069ab20	xbuild-enriched-full	true	0069ab20	FUN_0069ab20	undefined FUN_0069ab20()	0	0	unknown	true		1	88	4	1	282
urn:ure:t6:occ:function:current-client:0069ab30	0x0069ab30	xbuild-enriched-full	true	0069ab30	FUN_0069ab30	undefined FUN_0069ab30()	0	0	unknown	true		2	534	25	0	1303
urn:ure:t6:occ:function:current-client:0069aba0	0x0069aba0	xbuild-enriched-full	true	0069aba0	FUN_0069aba0	undefined FUN_0069aba0()	0	0	unknown	true		1	176	8	1	432
urn:ure:t6:occ:function:current-client:0069abc0	0x0069abc0	xbuild-enriched-full	true	0069abc0	FUN_0069abc0	undefined FUN_0069abc0()	0	0	unknown	true		2	222	15	1	664
urn:ure:t6:occ:function:current-client:0069ac70	0x0069ac70	xbuild-enriched-full	true	0069ac70	FUN_0069ac70	undefined FUN_0069ac70()	0	0	unknown	true		7	1166	67	7	2457
urn:ure:t6:occ:function:current-client:0069ad50	0x0069ad50	xbuild-enriched-full	true	0069ad50	FUN_0069ad50	undefined FUN_0069ad50()	0	0	unknown	true		9	997	73	8	2639
urn:ure:t6:occ:function:current-client:0069aef0	0x0069aef0	xbuild-enriched-full	true	0069aef0	FUN_0069aef0	undefined FUN_0069aef0()	0	0	unknown	true		4	778	45	6	1473
urn:ure:t6:occ:function:current-client:0069af60	0x0069af60	xbuild-enriched-full	true	0069af60	FUN_0069af60	undefined FUN_0069af60()	0	0	unknown	true		1	141	4	1	272
urn:ure:t6:occ:function:current-client:0069af70	0x0069af70	xbuild-enriched-full	true	0069af70	FUN_0069af70	undefined FUN_0069af70()	0	0	unknown	true		6	821	54	23	1838
urn:ure:t6:occ:function:current-client:0069b020	0x0069b020	xbuild-enriched-full	true	0069b020	FUN_0069b020	undefined FUN_0069b020()	0	0	unknown	true		12	1531	89	16	3343
urn:ure:t6:occ:function:current-client:0069b260	0x0069b260	xbuild-enriched-full	true	0069b260	FUN_0069b260	undefined FUN_0069b260()	0	0	unknown	true		7	821	54	23	1838
urn:ure:t6:occ:function:current-client:0069b330	0x0069b330	xbuild-enriched-full	true	0069b330	FUN_0069b330	undefined FUN_0069b330()	0	0	unknown	true		14	1772	125	24	4177
urn:ure:t6:occ:function:current-client:0069b490	0x0069b490	xbuild-enriched-full	true	0069b490	FUN_0069b490	undefined FUN_0069b490()	0	0	unknown	true		11	986	81	15	2886
urn:ure:t6:occ:function:current-client:0069b590	0x0069b590	xbuild-enriched-full	true	0069b590	FUN_0069b590	undefined FUN_0069b590()	0	0	unknown	true		10	1247	73	27	2536
urn:ure:t6:occ:function:current-client:0069b6d0	0x0069b6d0	xbuild-enriched-full	true	0069b6d0	FUN_0069b6d0	undefined FUN_0069b6d0()	0	0	unknown	true		5	552	37	8	1209
urn:ure:t6:occ:function:current-client:0069b770	0x0069b770	xbuild-enriched-full	true	0069b770	FUN_0069b770	undefined FUN_0069b770()	0	0	unknown	true		13	1992	114	20	4345
urn:ure:t6:occ:function:current-client:0069b8e0	0x0069b8e0	xbuild-enriched-full	true	0069b8e0	FUN_0069b8e0	undefined FUN_0069b8e0()	0	0	unknown	true		8	1100	71	8	2467
urn:ure:t6:occ:function:current-client:0069b9c0	0x0069b9c0	xbuild-enriched-full	true	0069b9c0	FUN_0069b9c0	undefined FUN_0069b9c0()	0	0	unknown	true		6	604	56	13	1760
urn:ure:t6:occ:function:current-client:0069ba50	0x0069ba50	xbuild-enriched-full	true	0069ba50	FUN_0069ba50	undefined FUN_0069ba50()	0	0	unknown	true		18	2740	156	26	5999
urn:ure:t6:occ:function:current-client:0069bc70	0x0069bc70	xbuild-enriched-full	true	0069bc70	FUN_0069bc70	undefined FUN_0069bc70()	0	0	unknown	true		1	114	4	0	301
urn:ure:t6:occ:function:current-client:0069bc80	0x0069bc80	xbuild-enriched-full	true	0069bc80	FID_conflict:operator==	undefined FID_conflict:operator==()	0	0	unknown	true		4	845	43	5	1487
urn:ure:t6:occ:function:current-client:0069bcf0	0x0069bcf0	xbuild-enriched-full	true	0069bcf0	FUN_0069bcf0	undefined FUN_0069bcf0()	0	0	unknown	true		17	2089	87	22	3163
urn:ure:t6:occ:function:current-client:0069be10	0x0069be10	xbuild-enriched-full	true	0069be10	FUN_0069be10	undefined FUN_0069be10()	0	0	unknown	true		77	3996	222	79	8792
urn:ure:t6:occ:function:current-client:0069c1e0	0x0069c1e0	xbuild-enriched-full	true	0069c1e0	FUN_0069c1e0	undefined FUN_0069c1e0()	0	0	unknown	true		22	3260	220	6	9683
urn:ure:t6:occ:function:current-client:0069c5b0	0x0069c5b0	xbuild-enriched-full	true	0069c5b0	FUN_0069c5b0	undefined FUN_0069c5b0()	0	0	unknown	true		7	1084	53	12	1827
urn:ure:t6:occ:function:current-client:0069c640	0x0069c640	xbuild-enriched-full	true	0069c640	FUN_0069c640	undefined FUN_0069c640()	0	0	unknown	true		1	180	6	1	317
urn:ure:t6:occ:function:current-client:0069c650	0x0069c650	xbuild-enriched-full	true	0069c650	FUN_0069c650	undefined FUN_0069c650()	0	0	unknown	true		1	91	4	0	258
urn:ure:t6:occ:function:current-client:0069c660	0x0069c660	xbuild-enriched-full	true	0069c660	FUN_0069c660	undefined FUN_0069c660()	0	0	unknown	true		10	936	79	15	2632
urn:ure:t6:occ:function:current-client:0069c7c0	0x0069c7c0	xbuild-enriched-full	true	0069c7c0	FUN_0069c7c0	undefined FUN_0069c7c0()	0	0	unknown	true		1	71	4	2	244
urn:ure:t6:occ:function:current-client:0069c7d0	0x0069c7d0	xbuild-enriched-full	true	0069c7d0	FUN_0069c7d0	undefined FUN_0069c7d0()	0	0	unknown	true		66	5976	401	81	14522
urn:ure:t6:occ:function:current-client:0069cd60	0x0069cd60	xbuild-enriched-full	true	0069cd60	FUN_0069cd60	undefined FUN_0069cd60()	0	0	unknown	true		11	1690	101	13	3498
urn:ure:t6:occ:function:current-client:0069ce60	0x0069ce60	xbuild-enriched-full	true	0069ce60	FUN_0069ce60	undefined FUN_0069ce60()	0	0	unknown	true		4	485	35	4	1333
urn:ure:t6:occ:function:current-client:0069ced0	0x0069ced0	xbuild-enriched-full	true	0069ced0	FUN_0069ced0	undefined FUN_0069ced0()	0	0	unknown	true		1	105	9	2	385
urn:ure:t6:occ:function:current-client:0069cef0	0x0069cef0	xbuild-enriched-full	true	0069cef0	FUN_0069cef0	undefined FUN_0069cef0()	0	0	unknown	true		22	2047	174	40	5394
urn:ure:t6:occ:function:current-client:0069d0e0	0x0069d0e0	xbuild-enriched-full	true	0069d0e0	FUN_0069d0e0	undefined FUN_0069d0e0()	0	0	unknown	true		5	507	35	5	1271
urn:ure:t6:occ:function:current-client:0069d140	0x0069d140	xbuild-enriched-full	true	0069d140	FUN_0069d140	undefined FUN_0069d140()	0	0	unknown	true		36	3938	194	48	6766
urn:ure:t6:occ:function:current-client:0069d3b0	0x0069d3b0	xbuild-enriched-full	true	0069d3b0	FUN_0069d3b0	undefined FUN_0069d3b0()	0	0	unknown	true		21	3184	160	33	6512
urn:ure:t6:occ:function:current-client:0069d610	0x0069d610	xbuild-enriched-full	true	0069d610	FUN_0069d610	undefined FUN_0069d610()	0	0	unknown	true		3	619	19	0	1068
urn:ure:t6:occ:function:current-client:0069d680	0x0069d680	xbuild-enriched-full	true	0069d680	FUN_0069d680	undefined FUN_0069d680()	0	0	unknown	true		5	597	42	5	1372
urn:ure:t6:occ:function:current-client:0069d6f0	0x0069d6f0	xbuild-enriched-full	true	0069d6f0	FUN_0069d6f0	undefined FUN_0069d6f0()	0	0	unknown	true		7	903	55	19	1931
urn:ure:t6:occ:function:current-client:0069d810	0x0069d810	xbuild-enriched-full	true	0069d810	FUN_0069d810	undefined FUN_0069d810()	0	0	unknown	true		7	696	55	11	1592
urn:ure:t6:occ:function:current-client:0069d9b0	0x0069d9b0	xbuild-enriched-full	true	0069d9b0	FUN_0069d9b0	undefined FUN_0069d9b0()	0	0	unknown	true		5	692	30	6	1234
urn:ure:t6:occ:function:current-client:0069da20	0x0069da20	xbuild-enriched-full	true	0069da20	FUN_0069da20	undefined FUN_0069da20()	0	0	unknown	true		6	743	42	32	1705
urn:ure:t6:occ:function:current-client:0069dad0	0x0069dad0	xbuild-enriched-full	true	0069dad0	FUN_0069dad0	undefined FUN_0069dad0()	0	0	unknown	true		5	858	41	5	1621
urn:ure:t6:occ:function:current-client:0069db60	0x0069db60	xbuild-enriched-full	true	0069db60	FUN_0069db60	undefined FUN_0069db60()	0	0	unknown	true		9	1408	79	22	2719
urn:ure:t6:occ:function:current-client:0069dc70	0x0069dc70	xbuild-enriched-full	true	0069dc70	FUN_0069dc70	undefined FUN_0069dc70()	0	0	unknown	true		1	263	10	2	433
urn:ure:t6:occ:function:current-client:0069dc90	0x0069dc90	xbuild-enriched-full	true	0069dc90	FUN_0069dc90	undefined FUN_0069dc90()	0	0	unknown	true		8	1028	55	14	2341
urn:ure:t6:occ:function:current-client:0069dd70	0x0069dd70	xbuild-enriched-full	true	0069dd70	FUN_0069dd70	undefined FUN_0069dd70()	0	0	unknown	true		1	77	2	2	209
urn:ure:t6:occ:function:current-client:0069dd80	0x0069dd80	xbuild-enriched-full	true	0069dd80	FUN_0069dd80	undefined FUN_0069dd80()	0	0	unknown	true		6	551	40	11	1379
urn:ure:t6:occ:function:current-client:0069de00	0x0069de00	xbuild-enriched-full	true	0069de00	FUN_0069de00	undefined FUN_0069de00()	0	0	unknown	true		8	1082	68	8	2342
urn:ure:t6:occ:function:current-client:0069deb0	0x0069deb0	xbuild-enriched-full	true	0069deb0	FUN_0069deb0	undefined FUN_0069deb0()	0	0	unknown	true		8	1181	64	6	2499
urn:ure:t6:occ:function:current-client:0069df80	0x0069df80	xbuild-enriched-full	true	0069df80	FUN_0069df80	undefined FUN_0069df80()	0	0	unknown	true		122	9334	541	122	20198
urn:ure:t6:occ:function:current-client:0069e720	0x0069e720	xbuild-enriched-full	true	0069e720	FUN_0069e720	undefined FUN_0069e720()	0	0	unknown	true		6	406	16	4	737
urn:ure:t6:occ:function:current-client:0069e760	0x0069e760	xbuild-enriched-full	true	0069e760	FUN_0069e760	undefined FUN_0069e760()	0	0	unknown	true		1	168	3	1	243
urn:ure:t6:occ:function:current-client:0069e770	0x0069e770	xbuild-enriched-full	true	0069e770	FUN_0069e770	undefined FUN_0069e770()	0	0	unknown	true		2	118	13	2	500
urn:ure:t6:occ:function:current-client:0069e790	0x0069e790	xbuild-enriched-full	true	0069e790	FUN_0069e790	undefined FUN_0069e790()	0	0	unknown	true		10	805	66	13	2352
urn:ure:t6:occ:function:current-client:0069e880	0x0069e880	xbuild-enriched-full	true	0069e880	FUN_0069e880	undefined FUN_0069e880()	0	0	unknown	true		2	214	21	2	710
urn:ure:t6:occ:function:current-client:0069e8b0	0x0069e8b0	xbuild-enriched-full	true	0069e8b0	FUN_0069e8b0	undefined FUN_0069e8b0()	0	0	unknown	true		14	1739	118	19	3985
urn:ure:t6:occ:function:current-client:0069ea30	0x0069ea30	xbuild-enriched-full	true	0069ea30	FUN_0069ea30	undefined FUN_0069ea30()	0	0	unknown	true		1	173	5	1	336
urn:ure:t6:occ:function:current-client:0069ea50	0x0069ea50	xbuild-enriched-full	true	0069ea50	FUN_0069ea50	undefined FUN_0069ea50()	0	0	unknown	true		18	2301	137	71	5437
urn:ure:t6:occ:function:current-client:0069ec80	0x0069ec80	xbuild-enriched-full	true	0069ec80	FUN_0069ec80	undefined FUN_0069ec80()	0	0	unknown	true		1	59	2	1	190
urn:ure:t6:occ:function:current-client:0069ec90	0x0069ec90	xbuild-enriched-full	true	0069ec90	FUN_0069ec90	undefined FUN_0069ec90()	0	0	unknown	true		3	407	29	5	1068
urn:ure:t6:occ:function:current-client:0069ee10	0x0069ee10	xbuild-enriched-full	true	0069ee10	FUN_0069ee10	undefined FUN_0069ee10()	0	0	unknown	true		12	1457	106	25	3600
urn:ure:t6:occ:function:current-client:0069ef60	0x0069ef60	xbuild-enriched-full	true	0069ef60	FUN_0069ef60	undefined FUN_0069ef60()	0	0	unknown	true		3	516	30	10	1183
urn:ure:t6:occ:function:current-client:0069f050	0x0069f050	xbuild-enriched-full	true	0069f050	FUN_0069f050	undefined FUN_0069f050()	0	0	unknown	true		2	212	12	2	488
urn:ure:t6:occ:function:current-client:0069f070	0x0069f070	xbuild-enriched-full	true	0069f070	FUN_0069f070	undefined FUN_0069f070()	0	0	unknown	true		4	561	33	11	1382
urn:ure:t6:occ:function:current-client:0069f100	0x0069f100	xbuild-enriched-full	true	0069f100	FUN_0069f100	undefined FUN_0069f100()	0	0	unknown	true		3	532	27	5	1111
urn:ure:t6:occ:function:current-client:0069f180	0x0069f180	xbuild-enriched-full	true	0069f180	FUN_0069f180	undefined FUN_0069f180()	0	0	unknown	true		2	370	24	6	868
urn:ure:t6:occ:function:current-client:0069f1d0	0x0069f1d0	xbuild-enriched-full	true	0069f1d0	FUN_0069f1d0	undefined FUN_0069f1d0()	0	0	unknown	true		7	875	69	8	2916
urn:ure:t6:occ:function:current-client:0069f2f0	0x0069f2f0	xbuild-enriched-full	true	0069f2f0	FUN_0069f2f0	undefined FUN_0069f2f0()	0	0	unknown	true		33	4996	209	58	8587
urn:ure:t6:occ:function:current-client:0069f640	0x0069f640	xbuild-enriched-full	true	0069f640	FUN_0069f640	undefined FUN_0069f640()	0	0	unknown	true		7	639	41	23	1416
urn:ure:t6:occ:function:current-client:0069f6d0	0x0069f6d0	xbuild-enriched-full	true	0069f6d0	FUN_0069f6d0	undefined FUN_0069f6d0()	0	0	unknown	true		9	1230	68	17	2407
urn:ure:t6:occ:function:current-client:0069f7b0	0x0069f7b0	xbuild-enriched-full	true	0069f7b0	FUN_0069f7b0	undefined FUN_0069f7b0()	0	0	unknown	true		15	1970	97	27	3754
urn:ure:t6:occ:function:current-client:0069f900	0x0069f900	xbuild-enriched-full	true	0069f900	FUN_0069f900	undefined FUN_0069f900()	0	0	unknown	true		1	98	4	0	278
urn:ure:t6:occ:function:current-client:0069f910	0x0069f910	xbuild-enriched-full	true	0069f910	FUN_0069f910	undefined FUN_0069f910()	0	0	unknown	true		4	664	33	6	1363
urn:ure:t6:occ:function:current-client:0069f990	0x0069f990	xbuild-enriched-full	true	0069f990	FUN_0069f990	undefined FUN_0069f990()	0	0	unknown	true		1	155	9	2	423
urn:ure:t6:occ:function:current-client:0069f9b0	0x0069f9b0	xbuild-enriched-full	true	0069f9b0	FUN_0069f9b0	undefined FUN_0069f9b0()	0	0	unknown	true		1	229	9	4	419
urn:ure:t6:occ:function:current-client:0069f9d0	0x0069f9d0	xbuild-enriched-full	true	0069f9d0	FUN_0069f9d0	undefined FUN_0069f9d0()	0	0	unknown	true		11	1925	95	14	3793
urn:ure:t6:occ:function:current-client:0069fbd0	0x0069fbd0	xbuild-enriched-full	true	0069fbd0	FUN_0069fbd0	undefined FUN_0069fbd0()	0	0	unknown	true		2	297	12	1	622
urn:ure:t6:occ:function:current-client:0069fc00	0x0069fc00	xbuild-enriched-full	true	0069fc00	FUN_0069fc00	undefined FUN_0069fc00()	0	0	unknown	true		2	474	20	0	1101
urn:ure:t6:occ:function:current-client:0069fc70	0x0069fc70	xbuild-enriched-full	true	0069fc70	FUN_0069fc70	undefined FUN_0069fc70()	0	0	unknown	true		9	740	68	20	1987
urn:ure:t6:occ:function:current-client:0069fd20	0x0069fd20	xbuild-enriched-full	true	0069fd20	FUN_0069fd20	undefined FUN_0069fd20()	0	0	unknown	true		12	1169	77	15	2952
urn:ure:t6:occ:function:current-client:0069fe30	0x0069fe30	xbuild-enriched-full	true	0069fe30	FUN_0069fe30	undefined FUN_0069fe30()	0	0	unknown	true		2	238	13	1	653
urn:ure:t6:occ:function:current-client:0069fe80	0x0069fe80	xbuild-enriched-full	true	0069fe80	FUN_0069fe80	undefined FUN_0069fe80()	0	0	unknown	true		4	556	33	8	1327
urn:ure:t6:occ:function:current-client:0069ff00	0x0069ff00	xbuild-enriched-full	true	0069ff00	FUN_0069ff00	undefined FUN_0069ff00()	0	0	unknown	true		11	1216	84	36	2859
urn:ure:t6:occ:function:current-client:006a0030	0x006a0030	xbuild-enriched-full	true	006a0030	FUN_006a0030	undefined FUN_006a0030()	0	0	unknown	true		6	547	31	17	1178
urn:ure:t6:occ:function:current-client:006a00b0	0x006a00b0	xbuild-enriched-full	true	006a00b0	FUN_006a00b0	undefined FUN_006a00b0()	0	0	unknown	true		4	595	27	12	976
urn:ure:t6:occ:function:current-client:006a0110	0x006a0110	xbuild-enriched-full	true	006a0110	FUN_006a0110	undefined FUN_006a0110()	0	0	unknown	true		3	419	26	10	1004
urn:ure:t6:occ:function:current-client:006a0160	0x006a0160	xbuild-enriched-full	true	006a0160	FUN_006a0160	undefined FUN_006a0160()	0	0	unknown	true		15	1888	150	35	4879
urn:ure:t6:occ:function:current-client:006a0330	0x006a0330	xbuild-enriched-full	true	006a0330	FUN_006a0330	undefined FUN_006a0330()	0	0	unknown	true		8	996	79	4	2906
urn:ure:t6:occ:function:current-client:006a0440	0x006a0440	xbuild-enriched-full	true	006a0440	FUN_006a0440	undefined FUN_006a0440()	0	0	unknown	true		6	788	49	2	1945
urn:ure:t6:occ:function:current-client:006a04e0	0x006a04e0	xbuild-enriched-full	true	006a04e0	FUN_006a04e0	undefined FUN_006a04e0()	0	0	unknown	true		22	2865	160	38	5231
urn:ure:t6:occ:function:current-client:006a06b0	0x006a06b0	xbuild-enriched-full	true	006a06b0	FUN_006a06b0	undefined FUN_006a06b0()	0	0	unknown	true		20	2361	142	43	4496
urn:ure:t6:occ:function:current-client:006a0870	0x006a0870	xbuild-enriched-full	true	006a0870	FUN_006a0870	undefined FUN_006a0870()	0	0	unknown	true		8	1028	61	9	2131
urn:ure:t6:occ:function:current-client:006a0940	0x006a0940	xbuild-enriched-full	true	006a0940	FUN_006a0940	undefined FUN_006a0940()	0	0	unknown	true		0	147	2	1	196
urn:ure:t6:occ:function:current-client:006a0950	0x006a0950	xbuild-enriched-full	true	006a0950	FUN_006a0950	undefined FUN_006a0950()	0	0	unknown	true		8	1456	74	12	2578
urn:ure:t6:occ:function:current-client:006a0a30	0x006a0a30	xbuild-enriched-full	true	006a0a30	FUN_006a0a30	undefined FUN_006a0a30()	0	0	unknown	true		1	242	9	3	452
urn:ure:t6:occ:function:current-client:006a0a50	0x006a0a50	xbuild-enriched-full	true	006a0a50	FUN_006a0a50	undefined FUN_006a0a50()	0	0	unknown	true		4	478	32	9	973
urn:ure:t6:occ:function:current-client:006a0af0	0x006a0af0	xbuild-enriched-full	true	006a0af0	FUN_006a0af0	undefined FUN_006a0af0()	0	0	unknown	true		1	161	3	2	231
urn:ure:t6:occ:function:current-client:006a0b00	0x006a0b00	xbuild-enriched-full	true	006a0b00	FUN_006a0b00	undefined FUN_006a0b00()	0	0	unknown	true		27	3517	219	48	7026
urn:ure:t6:occ:function:current-client:006a0d70	0x006a0d70	xbuild-enriched-full	true	006a0d70	FUN_006a0d70	undefined FUN_006a0d70()	0	0	unknown	true		4	379	21	5	730
urn:ure:t6:occ:function:current-client:006a0db0	0x006a0db0	xbuild-enriched-full	true	006a0db0	FUN_006a0db0	undefined FUN_006a0db0()	0	0	unknown	true		7	778	45	4	1958
urn:ure:t6:occ:function:current-client:006a0e50	0x006a0e50	xbuild-enriched-full	true	006a0e50	FUN_006a0e50	undefined FUN_006a0e50()	0	0	unknown	true		2	253	18	2	698
urn:ure:t6:occ:function:current-client:006a0e80	0x006a0e80	xbuild-enriched-full	true	006a0e80	FUN_006a0e80	undefined FUN_006a0e80()	0	0	unknown	true		4	637	36	3	1467
urn:ure:t6:occ:function:current-client:006a0f60	0x006a0f60	xbuild-enriched-full	true	006a0f60	FUN_006a0f60	undefined FUN_006a0f60()	0	0	unknown	true		15	2417	128	35	4204
urn:ure:t6:occ:function:current-client:006a10d0	0x006a10d0	xbuild-enriched-full	true	006a10d0	FUN_006a10d0	undefined FUN_006a10d0()	0	0	unknown	true		3	165	9	2	437
urn:ure:t6:occ:function:current-client:006a10f0	0x006a10f0	xbuild-enriched-full	true	006a10f0	FUN_006a10f0	undefined FUN_006a10f0()	0	0	unknown	true		21	2276	176	52	5824
urn:ure:t6:occ:function:current-client:006a1330	0x006a1330	xbuild-enriched-full	true	006a1330	FUN_006a1330	undefined FUN_006a1330()	0	0	unknown	true		61	7431	287	38	12352
urn:ure:t6:occ:function:current-client:006a1850	0x006a1850	xbuild-enriched-full	true	006a1850	FUN_006a1850	undefined FUN_006a1850()	0	0	unknown	true		5	957	48	5	1793
urn:ure:t6:occ:function:current-client:006a18d0	0x006a18d0	xbuild-enriched-full	true	006a18d0	FUN_006a18d0	undefined FUN_006a18d0()	0	0	unknown	true		2	483	25	2	1054
urn:ure:t6:occ:function:current-client:006a1920	0x006a1920	xbuild-enriched-full	true	006a1920	FUN_006a1920	undefined FUN_006a1920()	0	0	unknown	true		4	663	38	3	1374
urn:ure:t6:occ:function:current-client:006a1990	0x006a1990	xbuild-enriched-full	true	006a1990	FUN_006a1990	undefined FUN_006a1990()	0	0	unknown	true		3	378	24	13	970
urn:ure:t6:occ:function:current-client:006a1a90	0x006a1a90	xbuild-enriched-full	true	006a1a90	FUN_006a1a90	undefined FUN_006a1a90()	0	0	unknown	true		3	442	29	5	1046
urn:ure:t6:occ:function:current-client:006a1af0	0x006a1af0	xbuild-enriched-full	true	006a1af0	FUN_006a1af0	undefined FUN_006a1af0()	0	0	unknown	true		8	1124	62	19	2359
urn:ure:t6:occ:function:current-client:006a1be0	0x006a1be0	xbuild-enriched-full	true	006a1be0	FUN_006a1be0	undefined FUN_006a1be0()	0	0	unknown	true		2	382	13	11	850
urn:ure:t6:occ:function:current-client:006a1c40	0x006a1c40	xbuild-enriched-full	true	006a1c40	FUN_006a1c40	undefined FUN_006a1c40()	0	0	unknown	true		14	2431	122	33	3954
urn:ure:t6:occ:function:current-client:006a1db0	0x006a1db0	xbuild-enriched-full	true	006a1db0	FUN_006a1db0	undefined FUN_006a1db0()	0	0	unknown	true		54	6894	313	107	12352
urn:ure:t6:occ:function:current-client:006a24b0	0x006a24b0	xbuild-enriched-full	true	006a24b0	FUN_006a24b0	undefined FUN_006a24b0()	0	0	unknown	true		2	232	13	4	533
urn:ure:t6:occ:function:current-client:006a24e0	0x006a24e0	xbuild-enriched-full	true	006a24e0	FUN_006a24e0	undefined FUN_006a24e0()	0	0	unknown	true		3	700	21	11	1097
urn:ure:t6:occ:function:current-client:006a2550	0x006a2550	xbuild-enriched-full	true	006a2550	FUN_006a2550	undefined FUN_006a2550()	0	0	unknown	true		3	379	31	5	1058
urn:ure:t6:occ:function:current-client:006a25a0	0x006a25a0	xbuild-enriched-full	true	006a25a0	FUN_006a25a0	undefined FUN_006a25a0()	0	0	unknown	true		9	1478	86	13	3013
urn:ure:t6:occ:function:current-client:006a26c0	0x006a26c0	xbuild-enriched-full	true	006a26c0	FUN_006a26c0	undefined FUN_006a26c0()	0	0	unknown	true		12	2028	104	21	3735
urn:ure:t6:occ:function:current-client:006a2810	0x006a2810	xbuild-enriched-full	true	006a2810	FUN_006a2810	undefined FUN_006a2810()	0	0	unknown	true		4	627	42	7	1290
urn:ure:t6:occ:function:current-client:006a2870	0x006a2870	xbuild-enriched-full	true	006a2870	FUN_006a2870	undefined FUN_006a2870()	0	0	unknown	true		15	3218	125	23	5153
urn:ure:t6:occ:function:current-client:006a2ab0	0x006a2ab0	xbuild-enriched-full	true	006a2ab0	FUN_006a2ab0	undefined FUN_006a2ab0()	0	0	unknown	true		16	2749	138	37	4809
urn:ure:t6:occ:function:current-client:006a2c70	0x006a2c70	xbuild-enriched-full	true	006a2c70	FUN_006a2c70	undefined FUN_006a2c70()	0	0	unknown	true		3	405	18	9	732
urn:ure:t6:occ:function:current-client:006a2cb0	0x006a2cb0	xbuild-enriched-full	true	006a2cb0	FUN_006a2cb0	undefined FUN_006a2cb0()	0	0	unknown	true		2	226	19	6	727
urn:ure:t6:occ:function:current-client:006a2d60	0x006a2d60	xbuild-enriched-full	true	006a2d60	FUN_006a2d60	undefined FUN_006a2d60()	0	0	unknown	true		2	176	15	2	623
urn:ure:t6:occ:function:current-client:006a2d90	0x006a2d90	xbuild-enriched-full	true	006a2d90	FUN_006a2d90	undefined FUN_006a2d90()	0	0	unknown	true		6	798	58	18	2020
urn:ure:t6:occ:function:current-client:006a2e50	0x006a2e50	xbuild-enriched-full	true	006a2e50	FUN_006a2e50	undefined FUN_006a2e50()	0	0	unknown	true		6	969	42	5	1656
urn:ure:t6:occ:function:current-client:006a2ef0	0x006a2ef0	xbuild-enriched-full	true	006a2ef0	FUN_006a2ef0	undefined FUN_006a2ef0()	0	0	unknown	true		1	72	4	2	253
urn:ure:t6:occ:function:current-client:006a2f10	0x006a2f10	xbuild-enriched-full	true	006a2f10	FUN_006a2f10	undefined FUN_006a2f10()	0	0	unknown	true		4	489	34	5	1290
urn:ure:t6:occ:function:current-client:006a2f80	0x006a2f80	xbuild-enriched-full	true	006a2f80	FUN_006a2f80	undefined FUN_006a2f80()	0	0	unknown	true		1	150	10	3	433
urn:ure:t6:occ:function:current-client:006a2fa0	0x006a2fa0	xbuild-enriched-full	true	006a2fa0	FUN_006a2fa0	undefined FUN_006a2fa0()	0	0	unknown	true		4	667	34	5	1336
urn:ure:t6:occ:function:current-client:006a3000	0x006a3000	xbuild-enriched-full	true	006a3000	FUN_006a3000	undefined FUN_006a3000()	0	0	unknown	true		15	2284	136	36	4353
urn:ure:t6:occ:function:current-client:006a31b0	0x006a31b0	xbuild-enriched-full	true	006a31b0	FUN_006a31b0	undefined FUN_006a31b0()	0	0	unknown	true		2	352	12	5	655
urn:ure:t6:occ:function:current-client:006a31f0	0x006a31f0	xbuild-enriched-full	true	006a31f0	FUN_006a31f0	undefined FUN_006a31f0()	0	0	unknown	true		6	518	30	20	1120
urn:ure:t6:occ:function:current-client:006a3280	0x006a3280	xbuild-enriched-full	true	006a3280	FUN_006a3280	undefined FUN_006a3280()	0	0	unknown	true		5	581	28	7	1155
urn:ure:t6:occ:function:current-client:006a32f0	0x006a32f0	xbuild-enriched-full	true	006a32f0	FUN_006a32f0	undefined FUN_006a32f0()	0	0	unknown	true		1	264	16	4	624
urn:ure:t6:occ:function:current-client:006a3320	0x006a3320	xbuild-enriched-full	true	006a3320	FUN_006a3320	undefined FUN_006a3320()	0	0	unknown	true		3	366	23	9	851
urn:ure:t6:occ:function:current-client:006a3370	0x006a3370	xbuild-enriched-full	true	006a3370	FUN_006a3370	undefined FUN_006a3370()	0	0	unknown	true		3	261	25	4	824
urn:ure:t6:occ:function:current-client:006a33b0	0x006a33b0	xbuild-enriched-full	true	006a33b0	FUN_006a33b0	undefined FUN_006a33b0()	0	0	unknown	true		4	571	40	7	1310
urn:ure:t6:occ:function:current-client:006a3410	0x006a3410	xbuild-enriched-full	true	006a3410	FUN_006a3410	undefined FUN_006a3410()	0	0	unknown	true		12	1539	107	31	3901
urn:ure:t6:occ:function:current-client:006a35b0	0x006a35b0	xbuild-enriched-full	true	006a35b0	FUN_006a35b0	undefined FUN_006a35b0()	0	0	unknown	true		25	2325	173	62	5725
urn:ure:t6:occ:function:current-client:006a3800	0x006a3800	xbuild-enriched-full	true	006a3800	FUN_006a3800	undefined FUN_006a3800()	0	0	unknown	true		13	1244	107	20	3371
urn:ure:t6:occ:function:current-client:006a39b0	0x006a39b0	xbuild-enriched-full	true	006a39b0	FUN_006a39b0	undefined FUN_006a39b0()	0	0	unknown	true		4	468	22	3	968
urn:ure:t6:occ:function:current-client:006a3a10	0x006a3a10	xbuild-enriched-full	true	006a3a10	FUN_006a3a10	undefined FUN_006a3a10()	0	0	unknown	true		32	2867	198	46	6674
urn:ure:t6:occ:function:current-client:006a3cc0	0x006a3cc0	xbuild-enriched-full	true	006a3cc0	FUN_006a3cc0	undefined FUN_006a3cc0()	0	0	unknown	true		4	568	29	9	1047
urn:ure:t6:occ:function:current-client:006a3d10	0x006a3d10	xbuild-enriched-full	true	006a3d10	FUN_006a3d10	undefined FUN_006a3d10()	0	0	unknown	true		24	2684	212	42	7298
urn:ure:t6:occ:function:current-client:006a3f70	0x006a3f70	xbuild-enriched-full	true	006a3f70	FUN_006a3f70	undefined FUN_006a3f70()	0	0	unknown	true		4	483	25	10	914
urn:ure:t6:occ:function:current-client:006a4000	0x006a4000	xbuild-enriched-full	true	006a4000	FUN_006a4000	undefined FUN_006a4000()	0	0	unknown	true		1	102	5	1	328
urn:ure:t6:occ:function:current-client:006a4020	0x006a4020	xbuild-enriched-full	true	006a4020	FUN_006a4020	undefined FUN_006a4020()	0	0	unknown	true		7	645	57	16	1854
urn:ure:t6:occ:function:current-client:006a40c0	0x006a40c0	xbuild-enriched-full	true	006a40c0	FUN_006a40c0	undefined FUN_006a40c0()	0	0	unknown	true		1	169	5	2	290
urn:ure:t6:occ:function:current-client:006a40d0	0x006a40d0	xbuild-enriched-full	true	006a40d0	FUN_006a40d0	undefined FUN_006a40d0()	0	0	unknown	true		2	161	11	1	496
urn:ure:t6:occ:function:current-client:006a40f0	0x006a40f0	xbuild-enriched-full	true	006a40f0	FUN_006a40f0	undefined FUN_006a40f0()	0	0	unknown	true		1	119	4	1	297
urn:ure:t6:occ:function:current-client:006a4170	0x006a4170	xbuild-enriched-full	true	006a4170	FUN_006a4170	undefined FUN_006a4170()	0	0	unknown	true		2	190	11	3	514
urn:ure:t6:occ:function:current-client:006a4190	0x006a4190	xbuild-enriched-full	true	006a4190	FUN_006a4190	undefined FUN_006a4190()	0	0	unknown	true		7	786	59	7	2125
urn:ure:t6:occ:function:current-client:006a4240	0x006a4240	xbuild-enriched-full	true	006a4240	FUN_006a4240	undefined FUN_006a4240()	0	0	unknown	true		41	4530	246	78	8778
urn:ure:t6:occ:function:current-client:006a4570	0x006a4570	xbuild-enriched-full	true	006a4570	FUN_006a4570	undefined FUN_006a4570()	0	0	unknown	true		4	520	21	0	859
urn:ure:t6:occ:function:current-client:006a45b0	0x006a45b0	xbuild-enriched-full	true	006a45b0	FUN_006a45b0	undefined FUN_006a45b0()	0	0	unknown	true		3	270	14	5	585
urn:ure:t6:occ:function:current-client:006a45e0	0x006a45e0	xbuild-enriched-full	true	006a45e0	FUN_006a45e0	undefined FUN_006a45e0()	0	0	unknown	true		3	371	27	5	903
urn:ure:t6:occ:function:current-client:006a4620	0x006a4620	xbuild-enriched-full	true	006a4620	FUN_006a4620	undefined FUN_006a4620()	0	0	unknown	true		12	1462	97	26	3342
urn:ure:t6:occ:function:current-client:006a47e0	0x006a47e0	xbuild-enriched-full	true	006a47e0	FUN_006a47e0	undefined FUN_006a47e0()	0	0	unknown	true		2	283	10	5	451
urn:ure:t6:occ:function:current-client:006a4800	0x006a4800	xbuild-enriched-full	true	006a4800	FUN_006a4800	undefined FUN_006a4800()	0	0	unknown	true		2	328	20	5	962
urn:ure:t6:occ:function:current-client:006a48f0	0x006a48f0	xbuild-enriched-full	true	006a48f0	FUN_006a48f0	undefined FUN_006a48f0()	0	0	unknown	true		0	148	2	1	215
urn:ure:t6:occ:function:current-client:006a4980	0x006a4980	xbuild-enriched-full	true	006a4980	FUN_006a4980	undefined FUN_006a4980()	0	0	unknown	true		18	3165	176	44	5543
urn:ure:t6:occ:function:current-client:006a4bc0	0x006a4bc0	xbuild-enriched-full	true	006a4bc0	FUN_006a4bc0	undefined FUN_006a4bc0()	0	0	unknown	true		10	1045	90	21	2866
urn:ure:t6:occ:function:current-client:006a4d60	0x006a4d60	xbuild-enriched-full	true	006a4d60	FUN_006a4d60	undefined FUN_006a4d60()	0	0	unknown	true		1	154	4	2	266
urn:ure:t6:occ:function:current-client:006a4d70	0x006a4d70	xbuild-enriched-full	true	006a4d70	FUN_006a4d70	undefined FUN_006a4d70()	0	0	unknown	true		3	460	34	7	1169
urn:ure:t6:occ:function:current-client:006a4dd0	0x006a4dd0	xbuild-enriched-full	true	006a4dd0	FUN_006a4dd0	undefined FUN_006a4dd0()	0	0	unknown	true		1	80	8	1	361
urn:ure:t6:occ:function:current-client:006a4df0	0x006a4df0	xbuild-enriched-full	true	006a4df0	FUN_006a4df0	undefined FUN_006a4df0()	0	0	unknown	true		34	3846	240	41	8334
urn:ure:t6:occ:function:current-client:006a50b0	0x006a50b0	xbuild-enriched-full	true	006a50b0	FUN_006a50b0	undefined FUN_006a50b0()	0	0	unknown	true		6	653	44	10	1453
urn:ure:t6:occ:function:current-client:006a5130	0x006a5130	xbuild-enriched-full	true	006a5130	FUN_006a5130	undefined FUN_006a5130()	0	0	unknown	true		12	928	52	11	1802
urn:ure:t6:occ:function:current-client:006a51c0	0x006a51c0	xbuild-enriched-full	true	006a51c0	FUN_006a51c0	undefined FUN_006a51c0()	0	0	unknown	true		6	921	56	12	1949
urn:ure:t6:occ:function:current-client:006a5260	0x006a5260	xbuild-enriched-full	true	006a5260	FUN_006a5260	undefined FUN_006a5260()	0	0	unknown	true		4	885	42	6	1772
urn:ure:t6:occ:function:current-client:006a53c0	0x006a53c0	xbuild-enriched-full	true	006a53c0	FUN_006a53c0	undefined FUN_006a53c0()	0	0	unknown	true		2	441	16	6	633
urn:ure:t6:occ:function:current-client:006a53f0	0x006a53f0	xbuild-enriched-full	true	006a53f0	FUN_006a53f0	undefined FUN_006a53f0()	0	0	unknown	true		12	1791	119	12	4459
urn:ure:t6:occ:function:current-client:006a5550	0x006a5550	xbuild-enriched-full	true	006a5550	FUN_006a5550	undefined FUN_006a5550()	0	0	unknown	true		4	580	34	8	1181
urn:ure:t6:occ:function:current-client:006a55b0	0x006a55b0	xbuild-enriched-full	true	006a55b0	FUN_006a55b0	undefined FUN_006a55b0()	0	0	unknown	true		7	967	58	14	2090
urn:ure:t6:occ:function:current-client:006a5670	0x006a5670	xbuild-enriched-full	true	006a5670	FUN_006a5670	undefined FUN_006a5670()	0	0	unknown	true		0	62	2	1	191
urn:ure:t6:occ:function:current-client:006a5710	0x006a5710	xbuild-enriched-full	true	006a5710	FUN_006a5710	undefined FUN_006a5710()	0	0	unknown	true		3	407	26	5	917
urn:ure:t6:occ:function:current-client:006a5760	0x006a5760	xbuild-enriched-full	true	006a5760	FUN_006a5760	undefined FUN_006a5760()	0	0	unknown	true		3	242	21	5	874
urn:ure:t6:occ:function:current-client:006a57d0	0x006a57d0	xbuild-enriched-full	true	006a57d0	FUN_006a57d0	undefined FUN_006a57d0()	0	0	unknown	true		12	1788	119	26	3793
urn:ure:t6:occ:function:current-client:006a5900	0x006a5900	xbuild-enriched-full	true	006a5900	FUN_006a5900	undefined FUN_006a5900()	0	0	unknown	true		4	480	37	8	1286
urn:ure:t6:occ:function:current-client:006a5980	0x006a5980	xbuild-enriched-full	true	006a5980	FUN_006a5980	undefined FUN_006a5980()	0	0	unknown	true		1	107	7	1	356
urn:ure:t6:occ:function:current-client:006a59a0	0x006a59a0	xbuild-enriched-full	true	006a59a0	FUN_006a59a0	undefined FUN_006a59a0()	0	0	unknown	true		9	1531	80	14	3155
urn:ure:t6:occ:function:current-client:006a5ad0	0x006a5ad0	xbuild-enriched-full	true	006a5ad0	FUN_006a5ad0	undefined FUN_006a5ad0()	0	0	unknown	true		3	238	24	5	829
urn:ure:t6:occ:function:current-client:006a5b10	0x006a5b10	xbuild-enriched-full	true	006a5b10	FUN_006a5b10	undefined FUN_006a5b10()	0	0	unknown	true		3	437	20	10	776
urn:ure:t6:occ:function:current-client:006a5b60	0x006a5b60	xbuild-enriched-full	true	006a5b60	FUN_006a5b60	undefined FUN_006a5b60()	0	0	unknown	true		3	373	21	4	804
urn:ure:t6:occ:function:current-client:006a5bb0	0x006a5bb0	xbuild-enriched-full	true	006a5bb0	FUN_006a5bb0	undefined FUN_006a5bb0()	0	0	unknown	true		14	1339	118	34	3728
urn:ure:t6:occ:function:current-client:006a5d30	0x006a5d30	xbuild-enriched-full	true	006a5d30	FUN_006a5d30	undefined FUN_006a5d30()	0	0	unknown	true		6	648	60	11	1938
urn:ure:t6:occ:function:current-client:006a5dd0	0x006a5dd0	xbuild-enriched-full	true	006a5dd0	FUN_006a5dd0	undefined FUN_006a5dd0()	0	0	unknown	true		14	2669	156	37	5598
urn:ure:t6:occ:function:current-client:006a6010	0x006a6010	xbuild-enriched-full	true	006a6010	FUN_006a6010	undefined FUN_006a6010()	0	0	unknown	true		4	982	43	10	1757
urn:ure:t6:occ:function:current-client:006a6090	0x006a6090	xbuild-enriched-full	true	006a6090	FUN_006a6090	undefined FUN_006a6090()	0	0	unknown	true		4	673	43	8	1369
urn:ure:t6:occ:function:current-client:006a6110	0x006a6110	xbuild-enriched-full	true	006a6110	FUN_006a6110	undefined FUN_006a6110()	0	0	unknown	true		7	943	66	4	2155
urn:ure:t6:occ:function:current-client:006a61d0	0x006a61d0	xbuild-enriched-full	true	006a61d0	FUN_006a61d0	undefined FUN_006a61d0()	0	0	unknown	true		188	12576	668	149	25428
urn:ure:t6:occ:function:current-client:006a6cb0	0x006a6cb0	xbuild-enriched-full	true	006a6cb0	FUN_006a6cb0	undefined FUN_006a6cb0()	0	0	unknown	true		6	149	9	2	387
urn:ure:t6:occ:function:current-client:006a6cd0	0x006a6cd0	xbuild-enriched-full	true	006a6cd0	FUN_006a6cd0	undefined FUN_006a6cd0()	0	0	unknown	true		5	592	41	7	1427
urn:ure:t6:occ:function:current-client:006a6d60	0x006a6d60	xbuild-enriched-full	true	006a6d60	FUN_006a6d60	undefined FUN_006a6d60()	0	0	unknown	true		2	252	15	6	646
urn:ure:t6:occ:function:current-client:006a6da0	0x006a6da0	xbuild-enriched-full	true	006a6da0	FUN_006a6da0	undefined FUN_006a6da0()	0	0	unknown	true		24	2510	184	39	6539
urn:ure:t6:occ:function:current-client:006a7040	0x006a7040	xbuild-enriched-full	true	006a7040	FUN_006a7040	undefined FUN_006a7040()	0	0	unknown	true		1	212	5	3	335
urn:ure:t6:occ:function:current-client:006a7060	0x006a7060	xbuild-enriched-full	true	006a7060	FUN_006a7060	undefined FUN_006a7060()	0	0	unknown	true		1	126	9	1	420
urn:ure:t6:occ:function:current-client:006a7080	0x006a7080	xbuild-enriched-full	true	006a7080	FUN_006a7080	undefined FUN_006a7080()	0	0	unknown	true		2	192	17	3	619
urn:ure:t6:occ:function:current-client:006a70b0	0x006a70b0	xbuild-enriched-full	true	006a70b0	FUN_006a70b0	undefined FUN_006a70b0()	0	0	unknown	true		1	166	12	3	509
urn:ure:t6:occ:function:current-client:006a7110	0x006a7110	xbuild-enriched-full	true	006a7110	FUN_006a7110	undefined FUN_006a7110()	0	0	unknown	true		9	1177	98	16	2985
urn:ure:t6:occ:function:current-client:006a71f0	0x006a71f0	xbuild-enriched-full	true	006a71f0	FUN_006a71f0	undefined FUN_006a71f0()	0	0	unknown	true		1	117	2	1	228
urn:ure:t6:occ:function:current-client:006a7200	0x006a7200	xbuild-enriched-full	true	006a7200	FUN_006a7200	undefined FUN_006a7200()	0	0	unknown	true		3	451	26	7	976
urn:ure:t6:occ:function:current-client:006a7260	0x006a7260	xbuild-enriched-full	true	006a7260	FUN_006a7260	undefined FUN_006a7260()	0	0	unknown	true		1	59	4	2	303
urn:ure:t6:occ:function:current-client:006a7280	0x006a7280	xbuild-enriched-full	true	006a7280	FUN_006a7280	undefined FUN_006a7280()	0	0	unknown	true		2	213	16	5	568
urn:ure:t6:occ:function:current-client:006a72b0	0x006a72b0	xbuild-enriched-full	true	006a72b0	FUN_006a72b0	undefined FUN_006a72b0()	0	0	unknown	true		0	62	2	1	192
urn:ure:t6:occ:function:current-client:006a72c0	0x006a72c0	xbuild-enriched-full	true	006a72c0	FUN_006a72c0	undefined FUN_006a72c0()	0	0	unknown	true		4	720	37	15	1438
urn:ure:t6:occ:function:current-client:006a7340	0x006a7340	xbuild-enriched-full	true	006a7340	FUN_006a7340	undefined FUN_006a7340()	0	0	unknown	true		10	1657	88	9	2886
urn:ure:t6:occ:function:current-client:006a7440	0x006a7440	xbuild-enriched-full	true	006a7440	FUN_006a7440	undefined FUN_006a7440()	0	0	unknown	true		1	292	7	3	363
urn:ure:t6:occ:function:current-client:006a7460	0x006a7460	xbuild-enriched-full	true	006a7460	FUN_006a7460	undefined FUN_006a7460()	0	0	unknown	true		19	3157	191	41	7313
urn:ure:t6:occ:function:current-client:006a7700	0x006a7700	xbuild-enriched-full	true	006a7700	FUN_006a7700	undefined FUN_006a7700()	0	0	unknown	true		4	496	26	6	974
urn:ure:t6:occ:function:current-client:006a7750	0x006a7750	xbuild-enriched-full	true	006a7750	FUN_006a7750	undefined FUN_006a7750()	0	0	unknown	true		4	819	39	9	1240
urn:ure:t6:occ:function:current-client:006a77b0	0x006a77b0	xbuild-enriched-full	true	006a77b0	FUN_006a77b0	undefined FUN_006a77b0()	0	0	unknown	true		5	593	38	2	1597
urn:ure:t6:occ:function:current-client:006a7840	0x006a7840	xbuild-enriched-full	true	006a7840	FUN_006a7840	undefined FUN_006a7840()	0	0	unknown	true		7	670	64	13	1905
urn:ure:t6:occ:function:current-client:006a78e0	0x006a78e0	xbuild-enriched-full	true	006a78e0	FUN_006a78e0	undefined FUN_006a78e0()	0	0	unknown	true		10	1446	96	20	3024
urn:ure:t6:occ:function:current-client:006a79d0	0x006a79d0	xbuild-enriched-full	true	006a79d0	FUN_006a79d0	undefined FUN_006a79d0()	0	0	unknown	true		5	609	41	12	1317
urn:ure:t6:occ:function:current-client:006a7a40	0x006a7a40	xbuild-enriched-full	true	006a7a40	FUN_006a7a40	undefined FUN_006a7a40()	0	0	unknown	true		12	1344	120	28	3917
urn:ure:t6:occ:function:current-client:006a7bc0	0x006a7bc0	xbuild-enriched-full	true	006a7bc0	FUN_006a7bc0	undefined FUN_006a7bc0()	0	0	unknown	true		1	117	6	0	397
urn:ure:t6:occ:function:current-client:006a7be0	0x006a7be0	xbuild-enriched-full	true	006a7be0	FUN_006a7be0	undefined FUN_006a7be0()	0	0	unknown	true		1	143	7	2	394
urn:ure:t6:occ:function:current-client:006a7c00	0x006a7c00	xbuild-enriched-full	true	006a7c00	FUN_006a7c00	undefined FUN_006a7c00()	0	0	unknown	true		18	2299	196	0	9598
urn:ure:t6:occ:function:current-client:006a7fa0	0x006a7fa0	xbuild-enriched-full	true	006a7fa0	FUN_006a7fa0	undefined FUN_006a7fa0()	0	0	unknown	true		14	1525	96	35	3427
urn:ure:t6:occ:function:current-client:006a80f0	0x006a80f0	xbuild-enriched-full	true	006a80f0	FUN_006a80f0	undefined FUN_006a80f0()	0	0	unknown	true		1	175	5	3	327
urn:ure:t6:occ:function:current-client:006a8110	0x006a8110	xbuild-enriched-full	true	006a8110	FUN_006a8110	undefined FUN_006a8110()	0	0	unknown	true		15	1806	116	33	3692
urn:ure:t6:occ:function:current-client:006a82b0	0x006a82b0	xbuild-enriched-full	true	006a82b0	FUN_006a82b0	undefined FUN_006a82b0()	0	0	unknown	true		2	95	8	1	347
urn:ure:t6:occ:function:current-client:006a82d0	0x006a82d0	xbuild-enriched-full	true	006a82d0	FUN_006a82d0	undefined FUN_006a82d0()	0	0	unknown	true		13	1544	125	2	5458
urn:ure:t6:occ:function:current-client:006a84f0	0x006a84f0	xbuild-enriched-full	true	006a84f0	FUN_006a84f0	undefined FUN_006a84f0()	0	0	unknown	true		2	185	11	0	502
urn:ure:t6:occ:function:current-client:006a8520	0x006a8520	xbuild-enriched-full	true	006a8520	FUN_006a8520	undefined FUN_006a8520()	0	0	unknown	true		4	617	27	10	1202
urn:ure:t6:occ:function:current-client:006a8590	0x006a8590	xbuild-enriched-full	true	006a8590	FUN_006a8590	undefined FUN_006a8590()	0	0	unknown	true		6	648	34	8	1249
urn:ure:t6:occ:function:current-client:006a8600	0x006a8600	xbuild-enriched-full	true	006a8600	FUN_006a8600	undefined FUN_006a8600()	0	0	unknown	true		1	176	6	1	383
urn:ure:t6:occ:function:current-client:006a8620	0x006a8620	xbuild-enriched-full	true	006a8620	FUN_006a8620	undefined FUN_006a8620()	0	0	unknown	true		36	3745	233	35	9597
urn:ure:t6:occ:function:current-client:006a8a10	0x006a8a10	xbuild-enriched-full	true	006a8a10	FUN_006a8a10	undefined FUN_006a8a10()	0	0	unknown	true		9	1146	75	20	2253
urn:ure:t6:occ:function:current-client:006a8ae0	0x006a8ae0	xbuild-enriched-full	true	006a8ae0	FUN_006a8ae0	undefined FUN_006a8ae0()	0	0	unknown	true		13	1481	109	43	3603
urn:ure:t6:occ:function:current-client:006a8c70	0x006a8c70	xbuild-enriched-full	true	006a8c70	FUN_006a8c70	undefined FUN_006a8c70()	0	0	unknown	true		2	495	15	4	914
urn:ure:t6:occ:function:current-client:006a8ce0	0x006a8ce0	xbuild-enriched-full	true	006a8ce0	FUN_006a8ce0	undefined FUN_006a8ce0()	0	0	unknown	true		4	432	28	5	921
urn:ure:t6:occ:function:current-client:006a8d30	0x006a8d30	xbuild-enriched-full	true	006a8d30	FUN_006a8d30	undefined FUN_006a8d30()	0	0	unknown	true		11	1288	90	25	2705
urn:ure:t6:occ:function:current-client:006a8e30	0x006a8e30	xbuild-enriched-full	true	006a8e30	FUN_006a8e30	undefined FUN_006a8e30()	0	0	unknown	true		12	2465	124	26	4434
urn:ure:t6:occ:function:current-client:006a8f90	0x006a8f90	xbuild-enriched-full	true	006a8f90	FUN_006a8f90	undefined FUN_006a8f90()	0	0	unknown	true		9	1225	89	3	3645
urn:ure:t6:occ:function:current-client:006a9100	0x006a9100	xbuild-enriched-full	true	006a9100	FUN_006a9100	undefined FUN_006a9100()	0	0	unknown	true		1	76	6	2	308
urn:ure:t6:occ:function:current-client:006a9120	0x006a9120	xbuild-enriched-full	true	006a9120	FUN_006a9120	undefined FUN_006a9120()	0	0	unknown	true		3	345	36	6	1514
urn:ure:t6:occ:function:current-client:006a91b0	0x006a91b0	xbuild-enriched-full	true	006a91b0	FUN_006a91b0	undefined FUN_006a91b0()	0	0	unknown	true		6	787	49	2	1944
urn:ure:t6:occ:function:current-client:006a9450	0x006a9450	xbuild-enriched-full	true	006a9450	FUN_006a9450	undefined FUN_006a9450()	0	0	unknown	true		3	462	24	9	861
urn:ure:t6:occ:function:current-client:006a94b0	0x006a94b0	xbuild-enriched-full	true	006a94b0	FUN_006a94b0	undefined FUN_006a94b0()	0	0	unknown	true		1	233	5	2	353
urn:ure:t6:occ:function:current-client:006a94d0	0x006a94d0	xbuild-enriched-full	true	006a94d0	FUN_006a94d0	undefined FUN_006a94d0()	0	0	unknown	true		9	1268	115	0	5749
urn:ure:t6:occ:function:current-client:006a96f0	0x006a96f0	xbuild-enriched-full	true	006a96f0	FUN_006a96f0	undefined FUN_006a96f0()	0	0	unknown	true		2	170	11	3	454
urn:ure:t6:occ:function:current-client:006a9710	0x006a9710	xbuild-enriched-full	true	006a9710	FUN_006a9710	undefined FUN_006a9710()	0	0	unknown	true		1	133	10	1	437
urn:ure:t6:occ:function:current-client:006a9730	0x006a9730	xbuild-enriched-full	true	006a9730	FUN_006a9730	undefined FUN_006a9730()	0	0	unknown	true		2	211	13	5	580
urn:ure:t6:occ:function:current-client:006a9760	0x006a9760	xbuild-enriched-full	true	006a9760	FUN_006a9760	undefined FUN_006a9760()	0	0	unknown	true		8	1488	69	18	2618
urn:ure:t6:occ:function:current-client:006a98a0	0x006a98a0	xbuild-enriched-full	true	006a98a0	FUN_006a98a0	undefined FUN_006a98a0()	0	0	unknown	true		11	1101	75	36	3023
urn:ure:t6:occ:function:current-client:006a9a00	0x006a9a00	xbuild-enriched-full	true	006a9a00	FUN_006a9a00	undefined FUN_006a9a00()	0	0	unknown	true		5	639	30	13	1245
urn:ure:t6:occ:function:current-client:006a9a70	0x006a9a70	xbuild-enriched-full	true	006a9a70	FUN_006a9a70	undefined FUN_006a9a70()	0	0	unknown	true		4	685	29	7	1148
urn:ure:t6:occ:function:current-client:006a9ad0	0x006a9ad0	xbuild-enriched-full	true	006a9ad0	FUN_006a9ad0	undefined FUN_006a9ad0()	0	0	unknown	true		2	392	21	1	1080
urn:ure:t6:occ:function:current-client:006a9b30	0x006a9b30	xbuild-enriched-full	true	006a9b30	FUN_006a9b30	undefined FUN_006a9b30()	0	0	unknown	true		5	571	43	15	1387
urn:ure:t6:occ:function:current-client:006a9bb0	0x006a9bb0	xbuild-enriched-full	true	006a9bb0	FUN_006a9bb0	undefined FUN_006a9bb0()	0	0	unknown	true		2	305	17	4	627
urn:ure:t6:occ:function:current-client:006a9be0	0x006a9be0	xbuild-enriched-full	true	006a9be0	FUN_006a9be0	undefined FUN_006a9be0()	0	0	unknown	true		26	3318	224	64	7519
urn:ure:t6:occ:function:current-client:006a9e80	0x006a9e80	xbuild-enriched-full	true	006a9e80	FUN_006a9e80	undefined FUN_006a9e80()	0	0	unknown	true		2	209	10	1	530
urn:ure:t6:occ:function:current-client:006a9eb0	0x006a9eb0	xbuild-enriched-full	true	006a9eb0	FUN_006a9eb0	undefined FUN_006a9eb0()	0	0	unknown	true		147	8721	539	112	21800
urn:ure:t6:occ:function:current-client:006aa850	0x006aa850	xbuild-enriched-full	true	006aa850	FUN_006aa850	undefined FUN_006aa850()	0	0	unknown	true		1	147	2	1	195
urn:ure:t6:occ:function:current-client:006aa860	0x006aa860	xbuild-enriched-full	true	006aa860	FUN_006aa860	undefined FUN_006aa860()	0	0	unknown	true		18	1732	126	43	4111
urn:ure:t6:occ:function:current-client:006aaa40	0x006aaa40	xbuild-enriched-full	true	006aaa40	FUN_006aaa40	undefined FUN_006aaa40()	0	0	unknown	true		27	2132	140	42	4658
urn:ure:t6:occ:function:current-client:006aac00	0x006aac00	xbuild-enriched-full	true	006aac00	FUN_006aac00	undefined FUN_006aac00()	0	0	unknown	true		5	397	33	4	1142
urn:ure:t6:occ:function:current-client:006aac60	0x006aac60	xbuild-enriched-full	true	006aac60	FUN_006aac60	undefined FUN_006aac60()	0	0	unknown	true		4	492	34	3	1149
urn:ure:t6:occ:function:current-client:006aacc0	0x006aacc0	xbuild-enriched-full	true	006aacc0	FUN_006aacc0	undefined FUN_006aacc0()	0	0	unknown	true		4	190	11	0	493
urn:ure:t6:occ:function:current-client:006aad40	0x006aad40	xbuild-enriched-full	true	006aad40	FUN_006aad40	undefined FUN_006aad40()	0	0	unknown	true		8	1264	72	7	2686
urn:ure:t6:occ:function:current-client:006aae00	0x006aae00	xbuild-enriched-full	true	006aae00	FUN_006aae00	undefined FUN_006aae00()	0	0	unknown	true		11	1103	87	26	2636
urn:ure:t6:occ:function:current-client:006ab000	0x006ab000	xbuild-enriched-full	true	006ab000	FUN_006ab000	undefined FUN_006ab000()	0	0	unknown	true		1	232	6	3	394
urn:ure:t6:occ:function:current-client:006ab020	0x006ab020	xbuild-enriched-full	true	006ab020	FUN_006ab020	undefined FUN_006ab020()	0	0	unknown	true		11	1620	91	25	3046
urn:ure:t6:occ:function:current-client:006ab110	0x006ab110	xbuild-enriched-full	true	006ab110	FUN_006ab110	undefined FUN_006ab110()	0	0	unknown	true		8	831	70	15	2464
urn:ure:t6:occ:function:current-client:006ab1e0	0x006ab1e0	xbuild-enriched-full	true	006ab1e0	FUN_006ab1e0	undefined FUN_006ab1e0()	0	0	unknown	true		1	118	9	1	424
urn:ure:t6:occ:function:current-client:006ab200	0x006ab200	xbuild-enriched-full	true	006ab200	FUN_006ab200	undefined FUN_006ab200()	0	0	unknown	true		7	821	54	23	1838
urn:ure:t6:occ:function:current-client:006ab2b0	0x006ab2b0	xbuild-enriched-full	true	006ab2b0	FUN_006ab2b0	undefined FUN_006ab2b0()	0	0	unknown	true		6	1210	55	13	2215
urn:ure:t6:occ:function:current-client:006ab360	0x006ab360	xbuild-enriched-full	true	006ab360	FUN_006ab360	undefined FUN_006ab360()	0	0	unknown	true		6	728	33	4	1239
urn:ure:t6:occ:function:current-client:006ab3c0	0x006ab3c0	xbuild-enriched-full	true	006ab3c0	FUN_006ab3c0	undefined FUN_006ab3c0()	0	0	unknown	true		7	752	47	13	1540
urn:ure:t6:occ:function:current-client:006ab460	0x006ab460	xbuild-enriched-full	true	006ab460	FUN_006ab460	undefined FUN_006ab460()	0	0	unknown	true		9	766	56	25	1843
urn:ure:t6:occ:function:current-client:006ab570	0x006ab570	xbuild-enriched-full	true	006ab570	FUN_006ab570	undefined FUN_006ab570()	0	0	unknown	true		5	677	35	9	1148
urn:ure:t6:occ:function:current-client:006ab5e0	0x006ab5e0	xbuild-enriched-full	true	006ab5e0	FUN_006ab5e0	undefined FUN_006ab5e0()	0	0	unknown	true		11	825	64	35	2136
urn:ure:t6:occ:function:current-client:006ab6e0	0x006ab6e0	xbuild-enriched-full	true	006ab6e0	FUN_006ab6e0	undefined FUN_006ab6e0()	0	0	unknown	true		4	542	37	8	1261
urn:ure:t6:occ:function:current-client:006ab750	0x006ab750	xbuild-enriched-full	true	006ab750	FUN_006ab750	undefined FUN_006ab750()	0	0	unknown	true		23	2920	186	46	5898
urn:ure:t6:occ:function:current-client:006ab990	0x006ab990	xbuild-enriched-full	true	006ab990	FUN_006ab990	undefined FUN_006ab990()	0	0	unknown	true		3	300	27	4	1002
urn:ure:t6:occ:function:current-client:006ab9e0	0x006ab9e0	xbuild-enriched-full	true	006ab9e0	FUN_006ab9e0	undefined FUN_006ab9e0()	0	0	unknown	true		43	5780	309	27	14060
urn:ure:t6:occ:function:current-client:006ac030	0x006ac030	xbuild-enriched-full	true	006ac030	FUN_006ac030	undefined FUN_006ac030()	0	0	unknown	true		6	649	49	2	2004
urn:ure:t6:occ:function:current-client:006ac0e0	0x006ac0e0	xbuild-enriched-full	true	006ac0e0	FUN_006ac0e0	undefined FUN_006ac0e0()	0	0	unknown	true		39	4629	190	73	6586
urn:ure:t6:occ:function:current-client:006ac390	0x006ac390	xbuild-enriched-full	true	006ac390	thunk_FUN_005f2eb0	undefined thunk_FUN_005f2eb0()	0	0	unknown	true		9	951	1	1	173
urn:ure:t6:occ:function:current-client:006ac3a0	0x006ac3a0	xbuild-enriched-full	true	006ac3a0	FUN_006ac3a0	undefined FUN_006ac3a0()	0	0	unknown	true		0	59	2	1	190
urn:ure:t6:occ:function:current-client:006ac400	0x006ac400	xbuild-enriched-full	true	006ac400	FUN_006ac400	undefined FUN_006ac400()	0	0	unknown	true		3	385	20	7	722
urn:ure:t6:occ:function:current-client:006ac440	0x006ac440	xbuild-enriched-full	true	006ac440	FUN_006ac440	undefined FUN_006ac440()	0	0	unknown	true		9	1212	92	19	3055
urn:ure:t6:occ:function:current-client:006ac5a0	0x006ac5a0	xbuild-enriched-full	true	006ac5a0	FUN_006ac5a0	undefined FUN_006ac5a0()	0	0	unknown	true		2	392	16	3	741
urn:ure:t6:occ:function:current-client:006ac5d0	0x006ac5d0	xbuild-enriched-full	true	006ac5d0	FUN_006ac5d0	undefined FUN_006ac5d0()	0	0	unknown	true		7	1046	49	18	1726
urn:ure:t6:occ:function:current-client:006ac670	0x006ac670	xbuild-enriched-full	true	006ac670	FUN_006ac670	undefined FUN_006ac670()	0	0	unknown	true		1	111	9	1	403
urn:ure:t6:occ:function:current-client:006ac690	0x006ac690	xbuild-enriched-full	true	006ac690	FUN_006ac690	undefined FUN_006ac690()	0	0	unknown	true		1	116	9	2	387
urn:ure:t6:occ:function:current-client:006ac6b0	0x006ac6b0	xbuild-enriched-full	true	006ac6b0	FUN_006ac6b0	undefined FUN_006ac6b0()	0	0	unknown	true		1	153	2	1	203
urn:ure:t6:occ:function:current-client:006ac6c0	0x006ac6c0	xbuild-enriched-full	true	006ac6c0	FUN_006ac6c0	undefined FUN_006ac6c0()	0	0	unknown	true		5	712	50	10	1568
urn:ure:t6:occ:function:current-client:006ac750	0x006ac750	xbuild-enriched-full	true	006ac750	FUN_006ac750	undefined FUN_006ac750()	0	0	unknown	true		0	59	2	1	190
urn:ure:t6:occ:function:current-client:006ac760	0x006ac760	xbuild-enriched-full	true	006ac760	FUN_006ac760	undefined FUN_006ac760()	0	0	unknown	true		7	946	55	13	1828
urn:ure:t6:occ:function:current-client:006ac7f0	0x006ac7f0	xbuild-enriched-full	true	006ac7f0	FUN_006ac7f0	undefined FUN_006ac7f0()	0	0	unknown	true		1	82	5	0	298
urn:ure:t6:occ:function:current-client:006ac800	0x006ac800	xbuild-enriched-full	true	006ac800	FUN_006ac800	undefined FUN_006ac800()	0	0	unknown	true		1	113	7	1	313
urn:ure:t6:occ:function:current-client:006ac810	0x006ac810	xbuild-enriched-full	true	006ac810	FUN_006ac810	undefined FUN_006ac810()	0	0	unknown	true		2	190	12	4	460
urn:ure:t6:occ:function:current-client:006ac830	0x006ac830	xbuild-enriched-full	true	006ac830	FUN_006ac830	undefined FUN_006ac830()	0	0	unknown	true		2	102	11	3	454
urn:ure:t6:occ:function:current-client:006ac860	0x006ac860	xbuild-enriched-full	true	006ac860	FUN_006ac860	undefined FUN_006ac860()	0	0	unknown	true		8	1042	80	14	2850
urn:ure:t6:occ:function:current-client:006ac960	0x006ac960	xbuild-enriched-full	true	006ac960	FUN_006ac960	undefined FUN_006ac960()	0	0	unknown	true		3	452	31	6	1005
urn:ure:t6:occ:function:current-client:006ac9a0	0x006ac9a0	xbuild-enriched-full	true	006ac9a0	FUN_006ac9a0	undefined FUN_006ac9a0()	0	0	unknown	true		4	802	38	0	1771
urn:ure:t6:occ:function:current-client:006aca30	0x006aca30	xbuild-enriched-full	true	006aca30	FUN_006aca30	undefined FUN_006aca30()	0	0	unknown	true		3	336	20	6	760
urn:ure:t6:occ:function:current-client:006aca70	0x006aca70	xbuild-enriched-full	true	006aca70	FUN_006aca70	undefined FUN_006aca70()	0	0	unknown	true		8	904	72	17	2349
urn:ure:t6:occ:function:current-client:006acb40	0x006acb40	xbuild-enriched-full	true	006acb40	FUN_006acb40	undefined FUN_006acb40()	0	0	unknown	true		12	1449	107	33	3188
urn:ure:t6:occ:function:current-client:006acc70	0x006acc70	xbuild-enriched-full	true	006acc70	FUN_006acc70	undefined FUN_006acc70()	0	0	unknown	true		14	2148	112	27	3671
urn:ure:t6:occ:function:current-client:006acdc0	0x006acdc0	xbuild-enriched-full	true	006acdc0	FUN_006acdc0	undefined FUN_006acdc0()	0	0	unknown	true		1	117	5	0	357
urn:ure:t6:occ:function:current-client:006ace50	0x006ace50	xbuild-enriched-full	true	006ace50	FUN_006ace50	undefined FUN_006ace50()	0	0	unknown	true		3	497	26	9	1083
urn:ure:t6:occ:function:current-client:006acec0	0x006acec0	xbuild-enriched-full	true	006acec0	FUN_006acec0	undefined FUN_006acec0()	0	0	unknown	true		17	2014	116	27	4489
urn:ure:t6:occ:function:current-client:006ad070	0x006ad070	xbuild-enriched-full	true	006ad070	FUN_006ad070	undefined FUN_006ad070()	0	0	unknown	true		7	1107	63	13	2352
urn:ure:t6:occ:function:current-client:006ad140	0x006ad140	xbuild-enriched-full	true	006ad140	FUN_006ad140	undefined FUN_006ad140()	0	0	unknown	true		21	2357	154	30	5691
urn:ure:t6:occ:function:current-client:006ad370	0x006ad370	xbuild-enriched-full	true	006ad370	FUN_006ad370	undefined FUN_006ad370()	0	0	unknown	true		18	2046	158	28	5753
urn:ure:t6:occ:function:current-client:006ad580	0x006ad580	xbuild-enriched-full	true	006ad580	FUN_006ad580	undefined FUN_006ad580()	0	0	unknown	true		3	307	31	4	1042
urn:ure:t6:occ:function:current-client:006ad5d0	0x006ad5d0	xbuild-enriched-full	true	006ad5d0	FUN_006ad5d0	undefined FUN_006ad5d0()	0	0	unknown	true		7	903	61	12	2077
urn:ure:t6:occ:function:current-client:006ad6e0	0x006ad6e0	xbuild-enriched-full	true	006ad6e0	FUN_006ad6e0	undefined FUN_006ad6e0()	0	0	unknown	true		6	821	54	23	1838
urn:ure:t6:occ:function:current-client:006ad790	0x006ad790	xbuild-enriched-full	true	006ad790	FUN_006ad790	undefined FUN_006ad790()	0	0	unknown	true		4	537	34	4	1184
urn:ure:t6:occ:function:current-client:006ad7f0	0x006ad7f0	xbuild-enriched-full	true	006ad7f0	FUN_006ad7f0	undefined FUN_006ad7f0()	0	0	unknown	true		11	1180	88	17	2874
urn:ure:t6:occ:function:current-client:006ad8f0	0x006ad8f0	xbuild-enriched-full	true	006ad8f0	FUN_006ad8f0	undefined FUN_006ad8f0()	0	0	unknown	true		2	314	16	4	659
urn:ure:t6:occ:function:current-client:006ad920	0x006ad920	xbuild-enriched-full	true	006ad920	FUN_006ad920	undefined FUN_006ad920()	0	0	unknown	true		6	661	55	14	1724
urn:ure:t6:occ:function:current-client:006ad9c0	0x006ad9c0	xbuild-enriched-full	true	006ad9c0	FUN_006ad9c0	undefined FUN_006ad9c0()	0	0	unknown	true		21	2371	136	13	5517
urn:ure:t6:occ:function:current-client:006adbc0	0x006adbc0	xbuild-enriched-full	true	006adbc0	FUN_006adbc0	undefined FUN_006adbc0()	0	0	unknown	true		9	933	65	18	2136
urn:ure:t6:occ:function:current-client:006adc70	0x006adc70	xbuild-enriched-full	true	006adc70	FUN_006adc70	undefined FUN_006adc70()	0	0	unknown	true		7	913	53	19	1819
urn:ure:t6:occ:function:current-client:006add10	0x006add10	xbuild-enriched-full	true	006add10	FUN_006add10	undefined FUN_006add10()	0	0	unknown	true		7	821	54	23	1838
urn:ure:t6:occ:function:current-client:006addc0	0x006addc0	xbuild-enriched-full	true	006addc0	FUN_006addc0	undefined FUN_006addc0()	0	0	unknown	true		11	1985	83	21	3446
urn:ure:t6:occ:function:current-client:006adf10	0x006adf10	xbuild-enriched-full	true	006adf10	FUN_006adf10	undefined FUN_006adf10()	0	0	unknown	true		6	488	49	9	1577
urn:ure:t6:occ:function:current-client:006adf90	0x006adf90	xbuild-enriched-full	true	006adf90	FUN_006adf90	undefined FUN_006adf90()	0	0	unknown	true		2	260	19	4	761
urn:ure:t6:occ:function:current-client:006adfd0	0x006adfd0	xbuild-enriched-full	true	006adfd0	FUN_006adfd0	undefined FUN_006adfd0()	0	0	unknown	true		8	861	59	13	1940
urn:ure:t6:occ:function:current-client:006ae080	0x006ae080	xbuild-enriched-full	true	006ae080	FUN_006ae080	undefined FUN_006ae080()	0	0	unknown	true		4	343	24	6	928
urn:ure:t6:occ:function:current-client:006ae0e0	0x006ae0e0	xbuild-enriched-full	true	006ae0e0	FUN_006ae0e0	undefined FUN_006ae0e0()	0	0	unknown	true		3	316	25	9	858
urn:ure:t6:occ:function:current-client:006ae130	0x006ae130	xbuild-enriched-full	true	006ae130	FUN_006ae130	undefined FUN_006ae130()	0	0	unknown	true		2	368	23	9	876
urn:ure:t6:occ:function:current-client:006ae180	0x006ae180	xbuild-enriched-full	true	006ae180	FUN_006ae180	undefined FUN_006ae180()	0	0	unknown	true		2	318	12	4	575
urn:ure:t6:occ:function:current-client:006ae1b0	0x006ae1b0	xbuild-enriched-full	true	006ae1b0	FUN_006ae1b0	undefined FUN_006ae1b0()	0	0	unknown	true		4	513	36	6	1291
urn:ure:t6:occ:function:current-client:006ae210	0x006ae210	xbuild-enriched-full	true	006ae210	FUN_006ae210	undefined FUN_006ae210()	0	0	unknown	true		12	1141	95	36	3022
urn:ure:t6:occ:function:current-client:006ae350	0x006ae350	xbuild-enriched-full	true	006ae350	FUN_006ae350	undefined FUN_006ae350()	0	0	unknown	true		13	1251	104	23	3528
urn:ure:t6:occ:function:current-client:006ae490	0x006ae490	xbuild-enriched-full	true	006ae490	FUN_006ae490	undefined FUN_006ae490()	0	0	unknown	true		12	1404	82	23	2594
urn:ure:t6:occ:function:current-client:006ae5e0	0x006ae5e0	xbuild-enriched-full	true	006ae5e0	FUN_006ae5e0	undefined FUN_006ae5e0()	0	0	unknown	true		3	372	16	0	834
urn:ure:t6:occ:function:current-client:006ae630	0x006ae630	xbuild-enriched-full	true	006ae630	FUN_006ae630	undefined FUN_006ae630()	0	0	unknown	true		4	399	27	10	1036
urn:ure:t6:occ:function:current-client:006ae690	0x006ae690	xbuild-enriched-full	true	006ae690	FUN_006ae690	undefined FUN_006ae690()	0	0	unknown	true		1	109	8	1	379
urn:ure:t6:occ:function:current-client:006ae6b0	0x006ae6b0	xbuild-enriched-full	true	006ae6b0	FUN_006ae6b0	undefined FUN_006ae6b0()	0	0	unknown	true		3	304	20	2	891
urn:ure:t6:occ:function:current-client:006ae700	0x006ae700	xbuild-enriched-full	true	006ae700	FUN_006ae700	undefined FUN_006ae700()	0	0	unknown	true		11	1349	80	28	2667
urn:ure:t6:occ:function:current-client:006ae860	0x006ae860	xbuild-enriched-full	true	006ae860	FUN_006ae860	undefined FUN_006ae860()	0	0	unknown	true		18	1711	141	36	4273
urn:ure:t6:occ:function:current-client:006aea00	0x006aea00	xbuild-enriched-full	true	006aea00	FUN_006aea00	undefined FUN_006aea00()	0	0	unknown	true		35	4252	259	39	10479
urn:ure:t6:occ:function:current-client:006aee60	0x006aee60	xbuild-enriched-full	true	006aee60	FUN_006aee60	undefined FUN_006aee60()	0	0	unknown	true		15	2207	124	26	4625
urn:ure:t6:occ:function:current-client:006af030	0x006af030	xbuild-enriched-full	true	006af030	FUN_006af030	undefined FUN_006af030()	0	0	unknown	true		28	4849	197	14	9150
urn:ure:t6:occ:function:current-client:006af410	0x006af410	xbuild-enriched-full	true	006af410	FUN_006af410	undefined FUN_006af410()	0	0	unknown	true		8	971	49	7	2004
urn:ure:t6:occ:function:current-client:006af520	0x006af520	xbuild-enriched-full	true	006af520	thunk_FUN_0053b640	undefined thunk_FUN_0053b640()	0	0	unknown	true		1	120	1	1	173
urn:ure:t6:occ:function:current-client:006af590	0x006af590	xbuild-enriched-full	true	006af590	FUN_006af590	undefined FUN_006af590()	0	0	unknown	true		2	378	18	6	693
urn:ure:t6:occ:function:current-client:006af8e0	0x006af8e0	xbuild-enriched-full	true	006af8e0	FUN_006af8e0	undefined FUN_006af8e0()	0	0	unknown	true		4	591	33	12	1178
urn:ure:t6:occ:function:current-client:006af970	0x006af970	xbuild-enriched-full	true	006af970	FUN_006af970	undefined FUN_006af970()	0	0	unknown	true		14	2695	99	37	3174
urn:ure:t6:occ:function:current-client:006afaa0	0x006afaa0	xbuild-enriched-full	true	006afaa0	FUN_006afaa0	undefined FUN_006afaa0()	0	0	unknown	true		2	207	8	4	386
urn:ure:t6:occ:function:current-client:006afac0	0x006afac0	xbuild-enriched-full	true	006afac0	FUN_006afac0	undefined FUN_006afac0()	0	0	unknown	true		7	654	43	18	1462
urn:ure:t6:occ:function:current-client:006afb50	0x006afb50	xbuild-enriched-full	true	006afb50	FUN_006afb50	undefined FUN_006afb50()	0	0	unknown	true		4	602	22	4	885
urn:ure:t6:occ:function:current-client:006afb90	0x006afb90	xbuild-enriched-full	true	006afb90	FUN_006afb90	undefined FUN_006afb90()	0	0	unknown	true		1	123	7	1	346
urn:ure:t6:occ:function:current-client:006b02b0	0x006b02b0	xbuild-enriched-full	true	006b02b0	FUN_006b02b0	undefined FUN_006b02b0()	0	0	unknown	true		6	821	54	23	1838
urn:ure:t6:occ:function:current-client:006b03b0	0x006b03b0	xbuild-enriched-full	true	006b03b0	FUN_006b03b0	undefined FUN_006b03b0()	0	0	unknown	true		6	917	43	11	1878
urn:ure:t6:occ:function:current-client:006b0460	0x006b0460	xbuild-enriched-full	true	006b0460	FUN_006b0460	undefined FUN_006b0460()	0	0	unknown	true		2	345	18	6	719
urn:ure:t6:occ:function:current-client:006b04a0	0x006b04a0	xbuild-enriched-full	true	006b04a0	FUN_006b04a0	undefined FUN_006b04a0()	0	0	unknown	true		3	370	19	8	747
urn:ure:t6:occ:function:current-client:006b04e0	0x006b04e0	xbuild-enriched-full	true	006b04e0	FUN_006b04e0	undefined FUN_006b04e0()	0	0	unknown	true		16	2198	118	29	4149
urn:ure:t6:occ:function:current-client:006b0660	0x006b0660	xbuild-enriched-full	true	006b0660	FUN_006b0660	undefined FUN_006b0660()	0	0	unknown	true		3	395	26	2	1041
urn:ure:t6:occ:function:current-client:006b06e0	0x006b06e0	xbuild-enriched-full	true	006b06e0	FUN_006b06e0	undefined FUN_006b06e0()	0	0	unknown	true		20	2641	163	58	5122
urn:ure:t6:occ:function:current-client:006b08d0	0x006b08d0	xbuild-enriched-full	true	006b08d0	FUN_006b08d0	undefined FUN_006b08d0()	0	0	unknown	true		7	1019	55	3	2032
urn:ure:t6:occ:function:current-client:006b0960	0x006b0960	xbuild-enriched-full	true	006b0960	FUN_006b0960	undefined FUN_006b0960()	0	0	unknown	true		3	381	16	2	778
urn:ure:t6:occ:function:current-client:006b09b0	0x006b09b0	xbuild-enriched-full	true	006b09b0	FUN_006b09b0	undefined FUN_006b09b0()	0	0	unknown	true		3	305	17	3	718
urn:ure:t6:occ:function:current-client:006b09f0	0x006b09f0	xbuild-enriched-full	true	006b09f0	FUN_006b09f0	undefined FUN_006b09f0()	0	0	unknown	true		4	386	24	5	911
urn:ure:t6:occ:function:current-client:006b0a40	0x006b0a40	xbuild-enriched-full	true	006b0a40	FUN_006b0a40	undefined FUN_006b0a40()	0	0	unknown	true		8	764	67	14	2116
urn:ure:t6:occ:function:current-client:006b0b70	0x006b0b70	xbuild-enriched-full	true	006b0b70	FUN_006b0b70	undefined FUN_006b0b70()	0	0	unknown	true		2	112	7	4	365
urn:ure:t6:occ:function:current-client:006b0b90	0x006b0b90	xbuild-enriched-full	true	006b0b90	FUN_006b0b90	undefined FUN_006b0b90()	0	0	unknown	true		8	752	50	13	1888
urn:ure:t6:occ:function:current-client:006b0c50	0x006b0c50	xbuild-enriched-full	true	006b0c50	FUN_006b0c50	undefined FUN_006b0c50()	0	0	unknown	true		1	213	9	3	413
urn:ure:t6:occ:function:current-client:006b0c70	0x006b0c70	xbuild-enriched-full	true	006b0c70	FUN_006b0c70	undefined FUN_006b0c70()	0	0	unknown	true		6	482	36	16	1344
urn:ure:t6:occ:function:current-client:006b0cf0	0x006b0cf0	xbuild-enriched-full	true	006b0cf0	FUN_006b0cf0	undefined FUN_006b0cf0()	0	0	unknown	true		5	567	28	21	1182
urn:ure:t6:occ:function:current-client:006b0d70	0x006b0d70	xbuild-enriched-full	true	006b0d70	FUN_006b0d70	undefined FUN_006b0d70()	0	0	unknown	true		7	1027	51	9	1787
urn:ure:t6:occ:function:current-client:006b0e10	0x006b0e10	xbuild-enriched-full	true	006b0e10	FUN_006b0e10	undefined FUN_006b0e10()	0	0	unknown	true		2	353	14	6	649
urn:ure:t6:occ:function:current-client:006b0e40	0x006b0e40	xbuild-enriched-full	true	006b0e40	FUN_006b0e40	undefined FUN_006b0e40()	0	0	unknown	true		6	651	37	6	1305
urn:ure:t6:occ:function:current-client:006b0eb0	0x006b0eb0	xbuild-enriched-full	true	006b0eb0	FUN_006b0eb0	undefined FUN_006b0eb0()	0	0	unknown	true		30	3312	199	40	7766
urn:ure:t6:occ:function:current-client:006b11d0	0x006b11d0	xbuild-enriched-full	true	006b11d0	FUN_006b11d0	undefined FUN_006b11d0()	0	0	unknown	true		23	2980	164	33	6305
urn:ure:t6:occ:function:current-client:006b1420	0x006b1420	xbuild-enriched-full	true	006b1420	FUN_006b1420	undefined FUN_006b1420()	0	0	unknown	true		16	2584	108	22	4577
urn:ure:t6:occ:function:current-client:006b15c0	0x006b15c0	xbuild-enriched-full	true	006b15c0	FUN_006b15c0	undefined FUN_006b15c0()	0	0	unknown	true		48	5615	442	103	14827
urn:ure:t6:occ:function:current-client:006b1af0	0x006b1af0	xbuild-enriched-full	true	006b1af0	FUN_006b1af0	undefined FUN_006b1af0()	0	0	unknown	true		3	336	22	0	1080
urn:ure:t6:occ:function:current-client:006b1b40	0x006b1b40	xbuild-enriched-full	true	006b1b40	FUN_006b1b40	undefined FUN_006b1b40()	0	0	unknown	true		12	1689	122	29	3686
urn:ure:t6:occ:function:current-client:006b1c70	0x006b1c70	xbuild-enriched-full	true	006b1c70	FUN_006b1c70	undefined FUN_006b1c70()	0	0	unknown	true		6	776	45	14	1653
urn:ure:t6:occ:function:current-client:006b1d20	0x006b1d20	xbuild-enriched-full	true	006b1d20	FUN_006b1d20	undefined FUN_006b1d20()	0	0	unknown	true		6	905	41	10	1556
urn:ure:t6:occ:function:current-client:006b1da0	0x006b1da0	xbuild-enriched-full	true	006b1da0	FUN_006b1da0	undefined FUN_006b1da0()	0	0	unknown	true		5	755	44	13	1605
urn:ure:t6:occ:function:current-client:006b1e40	0x006b1e40	xbuild-enriched-full	true	006b1e40	FUN_006b1e40	undefined FUN_006b1e40()	0	0	unknown	true		7	744	54	9	1994
urn:ure:t6:occ:function:current-client:006b1f00	0x006b1f00	xbuild-enriched-full	true	006b1f00	FUN_006b1f00	undefined FUN_006b1f00()	0	0	unknown	true		2	235	16	4	622
urn:ure:t6:occ:function:current-client:006b1f30	0x006b1f30	xbuild-enriched-full	true	006b1f30	FUN_006b1f30	undefined FUN_006b1f30()	0	0	unknown	true		11	1303	91	25	3293
urn:ure:t6:occ:function:current-client:006b2060	0x006b2060	xbuild-enriched-full	true	006b2060	FUN_006b2060	undefined FUN_006b2060()	0	0	unknown	true		2	407	13	2	627
urn:ure:t6:occ:function:current-client:006b2150	0x006b2150	xbuild-enriched-full	true	006b2150	FUN_006b2150	undefined FUN_006b2150()	0	0	unknown	true		3	497	24	5	911
urn:ure:t6:occ:function:current-client:006b21a0	0x006b21a0	xbuild-enriched-full	true	006b21a0	FUN_006b21a0	undefined FUN_006b21a0()	0	0	unknown	true		1	156	8	1	423
urn:ure:t6:occ:function:current-client:006b21c0	0x006b21c0	xbuild-enriched-full	true	006b21c0	FUN_006b21c0	undefined FUN_006b21c0()	0	0	unknown	true		6	631	43	11	1493
urn:ure:t6:occ:function:current-client:006b2240	0x006b2240	xbuild-enriched-full	true	006b2240	FUN_006b2240	undefined FUN_006b2240()	0	0	unknown	true		7	1011	52	15	1886
urn:ure:t6:occ:function:current-client:006b2300	0x006b2300	xbuild-enriched-full	true	006b2300	FUN_006b2300	undefined FUN_006b2300()	0	0	unknown	true		17	1597	152	35	5402
urn:ure:t6:occ:function:current-client:006b2520	0x006b2520	xbuild-enriched-full	true	006b2520	FUN_006b2520	undefined FUN_006b2520()	0	0	unknown	true		2	333	18	7	735
urn:ure:t6:occ:function:current-client:006b25f0	0x006b25f0	xbuild-enriched-full	true	006b25f0	FUN_006b25f0	undefined FUN_006b25f0()	0	0	unknown	true		0	61	2	1	208
urn:ure:t6:occ:function:current-client:006b2600	0x006b2600	xbuild-enriched-full	true	006b2600	FUN_006b2600	undefined FUN_006b2600()	0	0	unknown	true		9	1348	66	21	2291
urn:ure:t6:occ:function:current-client:006b26f0	0x006b26f0	xbuild-enriched-full	true	006b26f0	FUN_006b26f0	undefined FUN_006b26f0()	0	0	unknown	true		12	1950	112	15	4437
urn:ure:t6:occ:function:current-client:006b2890	0x006b2890	xbuild-enriched-full	true	006b2890	FUN_006b2890	undefined FUN_006b2890()	0	0	unknown	true		2	212	13	3	575
urn:ure:t6:occ:function:current-client:006b28c0	0x006b28c0	xbuild-enriched-full	true	006b28c0	FUN_006b28c0	undefined FUN_006b28c0()	0	0	unknown	true		4	582	35	12	1221
urn:ure:t6:occ:function:current-client:006b2930	0x006b2930	xbuild-enriched-full	true	006b2930	FUN_006b2930	undefined FUN_006b2930()	0	0	unknown	true		3	456	24	4	930
urn:ure:t6:occ:function:current-client:006b2980	0x006b2980	xbuild-enriched-full	true	006b2980	FUN_006b2980	undefined FUN_006b2980()	0	0	unknown	true		6	946	42	16	1496
urn:ure:t6:occ:function:current-client:006b2a00	0x006b2a00	xbuild-enriched-full	true	006b2a00	FUN_006b2a00	undefined FUN_006b2a00()	0	0	unknown	true		29	4441	238	29	10497
urn:ure:t6:occ:function:current-client:006b2ea0	0x006b2ea0	xbuild-enriched-full	true	006b2ea0	FUN_006b2ea0	undefined FUN_006b2ea0()	0	0	unknown	true		23	1713	116	65	3752
urn:ure:t6:occ:function:current-client:006b3030	0x006b3030	xbuild-enriched-full	true	006b3030	FUN_006b3030	undefined FUN_006b3030()	0	0	unknown	true		12	2094	83	21	3557
urn:ure:t6:occ:function:current-client:006b3180	0x006b3180	xbuild-enriched-full	true	006b3180	FUN_006b3180	undefined FUN_006b3180()	0	0	unknown	true		29	2166	162	65	5174
urn:ure:t6:occ:function:current-client:006b33c0	0x006b33c0	xbuild-enriched-full	true	006b33c0	FUN_006b33c0	undefined FUN_006b33c0()	0	0	unknown	true		2	296	10	2	518
urn:ure:t6:occ:function:current-client:006b3540	0x006b3540	xbuild-enriched-full	true	006b3540	thunk_FUN_00408c50	undefined thunk_FUN_00408c50()	0	0	unknown	true		16	1816	1	1	173
urn:ure:t6:occ:function:current-client:006b3550	0x006b3550	xbuild-enriched-full	true	006b3550	FUN_006b3550	undefined FUN_006b3550()	0	0	unknown	true		1	128	5	1	368
urn:ure:t6:occ:function:current-client:006b3570	0x006b3570	xbuild-enriched-full	true	006b3570	FUN_006b3570	undefined FUN_006b3570()	0	0	unknown	true		5	632	45	3	1622
urn:ure:t6:occ:function:current-client:006b3610	0x006b3610	xbuild-enriched-full	true	006b3610	FUN_006b3610	undefined FUN_006b3610()	0	0	unknown	true		5	673	61	12	1982
urn:ure:t6:occ:function:current-client:006b36c0	0x006b36c0	xbuild-enriched-full	true	006b36c0	FUN_006b36c0	undefined FUN_006b36c0()	0	0	unknown	true		2	430	21	1	1110
urn:ure:t6:occ:function:current-client:006b3730	0x006b3730	xbuild-enriched-full	true	006b3730	FUN_006b3730	undefined FUN_006b3730()	0	0	unknown	true		13	1654	116	15	4395
urn:ure:t6:occ:function:current-client:006b38f0	0x006b38f0	xbuild-enriched-full	true	006b38f0	FUN_006b38f0	undefined FUN_006b38f0()	0	0	unknown	true		2	196	14	2	546
urn:ure:t6:occ:function:current-client:006b3920	0x006b3920	xbuild-enriched-full	true	006b3920	FUN_006b3920	undefined FUN_006b3920()	0	0	unknown	true		5	634	38	10	1303
urn:ure:t6:occ:function:current-client:006b39a0	0x006b39a0	xbuild-enriched-full	true	006b39a0	FUN_006b39a0	undefined FUN_006b39a0()	0	0	unknown	true		7	782	38	21	1490
urn:ure:t6:occ:function:current-client:006b3a50	0x006b3a50	xbuild-enriched-full	true	006b3a50	FUN_006b3a50	undefined FUN_006b3a50()	0	0	unknown	true		1	190	5	3	366
urn:ure:t6:occ:function:current-client:006b3a70	0x006b3a70	xbuild-enriched-full	true	006b3a70	FUN_006b3a70	undefined FUN_006b3a70()	0	0	unknown	true		5	739	44	21	1695
urn:ure:t6:occ:function:current-client:006b3b60	0x006b3b60	xbuild-enriched-full	true	006b3b60	FUN_006b3b60	undefined FUN_006b3b60()	0	0	unknown	true		7	866	55	8	1964
urn:ure:t6:occ:function:current-client:006b3c70	0x006b3c70	xbuild-enriched-full	true	006b3c70	FUN_006b3c70	undefined FUN_006b3c70()	0	0	unknown	true		9	1141	65	14	2086
urn:ure:t6:occ:function:current-client:006b3d10	0x006b3d10	xbuild-enriched-full	true	006b3d10	FUN_006b3d10	undefined FUN_006b3d10()	0	0	unknown	true		1	77	5	0	301
urn:ure:t6:occ:function:current-client:006b3d20	0x006b3d20	xbuild-enriched-full	true	006b3d20	FUN_006b3d20	undefined FUN_006b3d20()	0	0	unknown	true		43	4498	269	37	10645
urn:ure:t6:occ:function:current-client:006b4180	0x006b4180	xbuild-enriched-full	true	006b4180	FUN_006b4180	undefined FUN_006b4180()	0	0	unknown	true		30	2525	187	35	7487
urn:ure:t6:occ:function:current-client:006b4470	0x006b4470	xbuild-enriched-full	true	006b4470	FUN_006b4470	undefined FUN_006b4470()	0	0	unknown	true		4	441	27	2	1341
urn:ure:t6:occ:function:current-client:006b44f0	0x006b44f0	xbuild-enriched-full	true	006b44f0	FUN_006b44f0	undefined FUN_006b44f0()	0	0	unknown	true		8	788	49	2	1945
urn:ure:t6:occ:function:current-client:006b4590	0x006b4590	xbuild-enriched-full	true	006b4590	FUN_006b4590	undefined FUN_006b4590()	0	0	unknown	true		10	1249	73	27	2536
urn:ure:t6:occ:function:current-client:006b4680	0x006b4680	xbuild-enriched-full	true	006b4680	FUN_006b4680	undefined FUN_006b4680()	0	0	unknown	true		21	2718	158	28	6059
urn:ure:t6:occ:function:current-client:006b48d0	0x006b48d0	xbuild-enriched-full	true	006b48d0	FUN_006b48d0	undefined FUN_006b48d0()	0	0	unknown	true		5	788	49	2	1945
urn:ure:t6:occ:function:current-client:006b4970	0x006b4970	xbuild-enriched-full	true	006b4970	FUN_006b4970	undefined FUN_006b4970()	0	0	unknown	true		4	599	32	10	1312
urn:ure:t6:occ:function:current-client:006b49e0	0x006b49e0	xbuild-enriched-full	true	006b49e0	FUN_006b49e0	undefined FUN_006b49e0()	0	0	unknown	true		16	1440	91	39	2939
urn:ure:t6:occ:function:current-client:006b4b20	0x006b4b20	xbuild-enriched-full	true	006b4b20	FUN_006b4b20	undefined FUN_006b4b20()	0	0	unknown	true		3	328	16	12	747
urn:ure:t6:occ:function:current-client:006b4c60	0x006b4c60	xbuild-enriched-full	true	006b4c60	FUN_006b4c60	undefined FUN_006b4c60()	0	0	unknown	true		3	423	28	5	990
urn:ure:t6:occ:function:current-client:006b4cb0	0x006b4cb0	xbuild-enriched-full	true	006b4cb0	FUN_006b4cb0	undefined FUN_006b4cb0()	0	0	unknown	true		5	531	43	13	1419
urn:ure:t6:occ:function:current-client:006b4d50	0x006b4d50	xbuild-enriched-full	true	006b4d50	FUN_006b4d50	undefined FUN_006b4d50()	0	0	unknown	true		5	626	35	15	1324
urn:ure:t6:occ:function:current-client:006b4dd0	0x006b4dd0	xbuild-enriched-full	true	006b4dd0	FUN_006b4dd0	undefined FUN_006b4dd0()	0	0	unknown	true		2	420	9	3	449
urn:ure:t6:occ:function:current-client:006b4df0	0x006b4df0	xbuild-enriched-full	true	006b4df0	FUN_006b4df0	undefined FUN_006b4df0()	0	0	unknown	true		11	1210	95	13	2902
urn:ure:t6:occ:function:current-client:006b4ee0	0x006b4ee0	xbuild-enriched-full	true	006b4ee0	FUN_006b4ee0	undefined FUN_006b4ee0()	0	0	unknown	true		2	212	13	1	636
urn:ure:t6:occ:function:current-client:006b4f80	0x006b4f80	xbuild-enriched-full	true	006b4f80	FUN_006b4f80	undefined FUN_006b4f80()	0	0	unknown	true		13	1703	106	15	3893
urn:ure:t6:occ:function:current-client:006b50e0	0x006b50e0	xbuild-enriched-full	true	006b50e0	FUN_006b50e0	undefined FUN_006b50e0()	0	0	unknown	true		0	147	2	1	195
urn:ure:t6:occ:function:current-client:006b50f0	0x006b50f0	xbuild-enriched-full	true	006b50f0	FUN_006b50f0	undefined FUN_006b50f0()	0	0	unknown	true		7	583	50	15	1770
urn:ure:t6:occ:function:current-client:006b51a0	0x006b51a0	xbuild-enriched-full	true	006b51a0	FUN_006b51a0	undefined FUN_006b51a0()	0	0	unknown	true		4	516	41	6	1403
urn:ure:t6:occ:function:current-client:006b5210	0x006b5210	xbuild-enriched-full	true	006b5210	FUN_006b5210	undefined FUN_006b5210()	0	0	unknown	true		7	878	60	32	2154
urn:ure:t6:occ:function:current-client:006b52f0	0x006b52f0	xbuild-enriched-full	true	006b52f0	FUN_006b52f0	undefined FUN_006b52f0()	0	0	unknown	true		13	1429	92	30	3013
urn:ure:t6:occ:function:current-client:006b5420	0x006b5420	xbuild-enriched-full	true	006b5420	FUN_006b5420	undefined FUN_006b5420()	0	0	unknown	true		3	867	24	0	1297
urn:ure:t6:occ:function:current-client:006b54a0	0x006b54a0	xbuild-enriched-full	true	006b54a0	FUN_006b54a0	undefined FUN_006b54a0()	0	0	unknown	true		10	1104	74	15	2600
urn:ure:t6:occ:function:current-client:006b5570	0x006b5570	xbuild-enriched-full	true	006b5570	FUN_006b5570	undefined FUN_006b5570()	0	0	unknown	true		3	410	17	5	765
urn:ure:t6:occ:function:current-client:006b55b0	0x006b55b0	xbuild-enriched-full	true	006b55b0	FUN_006b55b0	undefined FUN_006b55b0()	0	0	unknown	true		9	1081	72	14	2419
urn:ure:t6:occ:function:current-client:006b5690	0x006b5690	xbuild-enriched-full	true	006b5690	FUN_006b5690	undefined FUN_006b5690()	0	0	unknown	true		1	84	3	0	251
urn:ure:t6:occ:function:current-client:006b56a0	0x006b56a0	xbuild-enriched-full	true	006b56a0	FUN_006b56a0	undefined FUN_006b56a0()	0	0	unknown	true		1	55	2	0	173
urn:ure:t6:occ:function:current-client:006b56b0	0x006b56b0	xbuild-enriched-full	true	006b56b0	FUN_006b56b0	undefined FUN_006b56b0()	0	0	unknown	true		4	567	38	5	1221
urn:ure:t6:occ:function:current-client:006b57b0	0x006b57b0	xbuild-enriched-full	true	006b57b0	FUN_006b57b0	undefined FUN_006b57b0()	0	0	unknown	true		6	836	42	2	1855
urn:ure:t6:occ:function:current-client:006b5860	0x006b5860	xbuild-enriched-full	true	006b5860	FUN_006b5860	undefined FUN_006b5860()	0	0	unknown	true		7	564	63	10	2264
urn:ure:t6:occ:function:current-client:006b5930	0x006b5930	xbuild-enriched-full	true	006b5930	FUN_006b5930	undefined FUN_006b5930()	0	0	unknown	true		3	409	23	11	883
urn:ure:t6:occ:function:current-client:006b5980	0x006b5980	xbuild-enriched-full	true	006b5980	FUN_006b5980	undefined FUN_006b5980()	0	0	unknown	true		3	350	20	7	809
urn:ure:t6:occ:function:current-client:006b5a20	0x006b5a20	xbuild-enriched-full	true	006b5a20	FUN_006b5a20	undefined FUN_006b5a20()	0	0	unknown	true		27	2506	229	58	7535
urn:ure:t6:occ:function:current-client:006b5cd0	0x006b5cd0	xbuild-enriched-full	true	006b5cd0	FUN_006b5cd0	undefined FUN_006b5cd0()	0	0	unknown	true		19	1561	151	17	5208
urn:ure:t6:occ:function:current-client:006b5e90	0x006b5e90	xbuild-enriched-full	true	006b5e90	FUN_006b5e90	undefined FUN_006b5e90()	0	0	unknown	true		3	398	19	8	791
urn:ure:t6:occ:function:current-client:006b5ee0	0x006b5ee0	xbuild-enriched-full	true	006b5ee0	FUN_006b5ee0	undefined FUN_006b5ee0()	0	0	unknown	true		2	510	21	4	926
urn:ure:t6:occ:function:current-client:006b5f30	0x006b5f30	xbuild-enriched-full	true	006b5f30	FUN_006b5f30	undefined FUN_006b5f30()	0	0	unknown	true		14	1666	98	21	3546
urn:ure:t6:occ:function:current-client:006b6070	0x006b6070	xbuild-enriched-full	true	006b6070	FUN_006b6070	undefined FUN_006b6070()	0	0	unknown	true		7	1037	53	14	1835
urn:ure:t6:occ:function:current-client:006b6110	0x006b6110	xbuild-enriched-full	true	006b6110	FUN_006b6110	undefined FUN_006b6110()	0	0	unknown	true		2	211	15	3	529
urn:ure:t6:occ:function:current-client:006b6180	0x006b6180	xbuild-enriched-full	true	006b6180	FUN_006b6180	undefined FUN_006b6180()	0	0	unknown	true		3	372	21	6	840
urn:ure:t6:occ:function:current-client:006b61d0	0x006b61d0	xbuild-enriched-full	true	006b61d0	FUN_006b61d0	undefined FUN_006b61d0()	0	0	unknown	true		4	482	28	9	962
urn:ure:t6:occ:function:current-client:006b6230	0x006b6230	xbuild-enriched-full	true	006b6230	FUN_006b6230	undefined FUN_006b6230()	0	0	unknown	true		35	2599	182	84	6138
urn:ure:t6:occ:function:current-client:006b6490	0x006b6490	xbuild-enriched-full	true	006b6490	FUN_006b6490	undefined FUN_006b6490()	0	0	unknown	true		8	792	57	16	1858
urn:ure:t6:occ:function:current-client:006b6530	0x006b6530	xbuild-enriched-full	true	006b6530	FUN_006b6530	undefined FUN_006b6530()	0	0	unknown	true		5	586	29	4	1206
urn:ure:t6:occ:function:current-client:006b65a0	0x006b65a0	xbuild-enriched-full	true	006b65a0	FUN_006b65a0	undefined FUN_006b65a0()	0	0	unknown	true		4	379	30	6	923
urn:ure:t6:occ:function:current-client:006b65e0	0x006b65e0	xbuild-enriched-full	true	006b65e0	FUN_006b65e0	undefined FUN_006b65e0()	0	0	unknown	true		14	1681	92	19	3360
urn:ure:t6:occ:function:current-client:006b66f0	0x006b66f0	xbuild-enriched-full	true	006b66f0	FUN_006b66f0	undefined FUN_006b66f0()	0	0	unknown	true		8	1238	63	22	2295
urn:ure:t6:occ:function:current-client:006b67b0	0x006b67b0	xbuild-enriched-full	true	006b67b0	FUN_006b67b0	undefined FUN_006b67b0()	0	0	unknown	true		4	402	24	14	1020
urn:ure:t6:occ:function:current-client:006b6860	0x006b6860	xbuild-enriched-full	true	006b6860	FUN_006b6860	undefined FUN_006b6860()	0	0	unknown	true		10	1054	60	18	2318
urn:ure:t6:occ:function:current-client:006b6950	0x006b6950	xbuild-enriched-full	true	006b6950	FUN_006b6950	undefined FUN_006b6950()	0	0	unknown	true		4	486	24	7	871
urn:ure:t6:occ:function:current-client:006b6990	0x006b6990	xbuild-enriched-full	true	006b6990	FUN_006b6990	undefined FUN_006b6990()	0	0	unknown	true		43	2639	185	76	6044
urn:ure:t6:occ:function:current-client:006b6c10	0x006b6c10	xbuild-enriched-full	true	006b6c10	FUN_006b6c10	undefined FUN_006b6c10()	0	0	unknown	true		6	730	42	6	1718
urn:ure:t6:occ:function:current-client:006b6ca0	0x006b6ca0	xbuild-enriched-full	true	006b6ca0	FUN_006b6ca0	undefined FUN_006b6ca0()	0	0	unknown	true		2	158	13	2	597
urn:ure:t6:occ:function:current-client:006b6cd0	0x006b6cd0	xbuild-enriched-full	true	006b6cd0	FUN_006b6cd0	undefined FUN_006b6cd0()	0	0	unknown	true		7	1213	56	7	2398
urn:ure:t6:occ:function:current-client:006b6dc0	0x006b6dc0	xbuild-enriched-full	true	006b6dc0	FUN_006b6dc0	undefined FUN_006b6dc0()	0	0	unknown	true		0	145	2	1	210
urn:ure:t6:occ:function:current-client:006b6e10	0x006b6e10	xbuild-enriched-full	true	006b6e10	thunk_FUN_008b03b0	undefined thunk_FUN_008b03b0()	0	0	unknown	true		1	104	1	1	173
urn:ure:t6:occ:function:current-client:006b6e20	0x006b6e20	xbuild-enriched-full	true	006b6e20	FUN_006b6e20	undefined FUN_006b6e20()	0	0	unknown	true		1	177	3	1	255
urn:ure:t6:occ:function:current-client:006b6e30	0x006b6e30	xbuild-enriched-full	true	006b6e30	FUN_006b6e30	undefined FUN_006b6e30()	0	0	unknown	true		87	5557	426	174	14062
urn:ure:t6:occ:function:current-client:006b73c0	0x006b73c0	xbuild-enriched-full	true	006b73c0	FUN_006b73c0	undefined FUN_006b73c0()	0	0	unknown	true		3	283	17	1	749
urn:ure:t6:occ:function:current-client:006b7400	0x006b7400	xbuild-enriched-full	true	006b7400	FUN_006b7400	undefined FUN_006b7400()	0	0	unknown	true		5	847	39	5	1895
urn:ure:t6:occ:function:current-client:006b74e0	0x006b74e0	xbuild-enriched-full	true	006b74e0	FUN_006b74e0	undefined FUN_006b74e0()	0	0	unknown	true		9	830	77	15	2384
urn:ure:t6:occ:function:current-client:006b7600	0x006b7600	xbuild-enriched-full	true	006b7600	FUN_006b7600	undefined FUN_006b7600()	0	0	unknown	true		2	273	13	3	519
urn:ure:t6:occ:function:current-client:006b7620	0x006b7620	xbuild-enriched-full	true	006b7620	FUN_006b7620	undefined FUN_006b7620()	0	0	unknown	true		5	574	45	5	1614
urn:ure:t6:occ:function:current-client:006b76b0	0x006b76b0	xbuild-enriched-full	true	006b76b0	FUN_006b76b0	undefined FUN_006b76b0()	0	0	unknown	true		9	1404	74	25	2656
urn:ure:t6:occ:function:current-client:006b77c0	0x006b77c0	xbuild-enriched-full	true	006b77c0	FUN_006b77c0	undefined FUN_006b77c0()	0	0	unknown	true		6	873	57	5	2621
urn:ure:t6:occ:function:current-client:006b78c0	0x006b78c0	xbuild-enriched-full	true	006b78c0	FUN_006b78c0	undefined FUN_006b78c0()	0	0	unknown	true		6	1031	58	9	2002
urn:ure:t6:occ:function:current-client:006b7950	0x006b7950	xbuild-enriched-full	true	006b7950	FUN_006b7950	undefined FUN_006b7950()	0	0	unknown	true		5	669	55	13	1696
urn:ure:t6:occ:function:current-client:006b79d0	0x006b79d0	xbuild-enriched-full	true	006b79d0	FUN_006b79d0	undefined FUN_006b79d0()	0	0	unknown	true		5	808	55	30	2140
urn:ure:t6:occ:function:current-client:006b7ac0	0x006b7ac0	xbuild-enriched-full	true	006b7ac0	FUN_006b7ac0	undefined FUN_006b7ac0()	0	0	unknown	true		12	2297	109	22	3700
urn:ure:t6:occ:function:current-client:006b7c00	0x006b7c00	xbuild-enriched-full	true	006b7c00	FUN_006b7c00	undefined FUN_006b7c00()	0	0	unknown	true		8	869	75	28	2360
urn:ure:t6:occ:function:current-client:006b7cf0	0x006b7cf0	xbuild-enriched-full	true	006b7cf0	FUN_006b7cf0	undefined FUN_006b7cf0()	0	0	unknown	true		3	515	20	7	769
urn:ure:t6:occ:function:current-client:006b7d20	0x006b7d20	xbuild-enriched-full	true	006b7d20	FUN_006b7d20	undefined FUN_006b7d20()	0	0	unknown	true		3	322	18	6	694
urn:ure:t6:occ:function:current-client:006b7d60	0x006b7d60	xbuild-enriched-full	true	006b7d60	FUN_006b7d60	undefined FUN_006b7d60()	0	0	unknown	true		24	2431	141	45	4855
urn:ure:t6:occ:function:current-client:006b7f40	0x006b7f40	xbuild-enriched-full	true	006b7f40	FUN_006b7f40	undefined FUN_006b7f40()	0	0	unknown	true		14	1266	114	34	4193
urn:ure:t6:occ:function:current-client:006b80c0	0x006b80c0	xbuild-enriched-full	true	006b80c0	FUN_006b80c0	undefined FUN_006b80c0()	0	0	unknown	true		12	1421	106	15	3654
urn:ure:t6:occ:function:current-client:006b81d0	0x006b81d0	xbuild-enriched-full	true	006b81d0	FUN_006b81d0	undefined FUN_006b81d0()	0	0	unknown	true		2	298	22	2	766
urn:ure:t6:occ:function:current-client:006b8210	0x006b8210	xbuild-enriched-full	true	006b8210	FUN_006b8210	undefined FUN_006b8210()	0	0	unknown	true		4	616	44	8	1397
urn:ure:t6:occ:function:current-client:006b8640	0x006b8640	xbuild-enriched-full	true	006b8640	FUN_006b8640	undefined FUN_006b8640()	0	0	unknown	true		1	255	3	1	271
urn:ure:t6:occ:function:current-client:006b8650	0x006b8650	xbuild-enriched-full	true	006b8650	FUN_006b8650	undefined FUN_006b8650()	0	0	unknown	true		10	1153	86	17	3342
urn:ure:t6:occ:function:current-client:006b8790	0x006b8790	xbuild-enriched-full	true	006b8790	FUN_006b8790	undefined FUN_006b8790()	0	0	unknown	true		21	2938	156	39	6193
urn:ure:t6:occ:function:current-client:006b8a40	0x006b8a40	xbuild-enriched-full	true	006b8a40	FUN_006b8a40	undefined FUN_006b8a40()	0	0	unknown	true		2	246	20	2	738
urn:ure:t6:occ:function:current-client:006b8a70	0x006b8a70	xbuild-enriched-full	true	006b8a70	FUN_006b8a70	undefined FUN_006b8a70()	0	0	unknown	true		5	1123	48	12	1840
urn:ure:t6:occ:function:current-client:006b8c40	0x006b8c40	xbuild-enriched-full	true	006b8c40	FUN_006b8c40	undefined FUN_006b8c40()	0	0	unknown	true		4	456	43	4	1400
urn:ure:t6:occ:function:current-client:006b8cb0	0x006b8cb0	xbuild-enriched-full	true	006b8cb0	FUN_006b8cb0	undefined FUN_006b8cb0()	0	0	unknown	true		8	681	59	20	2093
urn:ure:t6:occ:function:current-client:006b8d80	0x006b8d80	xbuild-enriched-full	true	006b8d80	FUN_006b8d80	undefined FUN_006b8d80()	0	0	unknown	true		1	94	6	2	321
urn:ure:t6:occ:function:current-client:006b8da0	0x006b8da0	xbuild-enriched-full	true	006b8da0	FUN_006b8da0	undefined FUN_006b8da0()	0	0	unknown	true		6	1098	66	11	2350
urn:ure:t6:occ:function:current-client:006b8e60	0x006b8e60	xbuild-enriched-full	true	006b8e60	FUN_006b8e60	undefined FUN_006b8e60()	0	0	unknown	true		1	88	6	2	311
urn:ure:t6:occ:function:current-client:006b8e80	0x006b8e80	xbuild-enriched-full	true	006b8e80	FUN_006b8e80	undefined FUN_006b8e80()	0	0	unknown	true		2	244	16	5	615
urn:ure:t6:occ:function:current-client:006b8eb0	0x006b8eb0	xbuild-enriched-full	true	006b8eb0	FUN_006b8eb0	undefined FUN_006b8eb0()	0	0	unknown	true		2	242	17	2	603
urn:ure:t6:occ:function:current-client:006b8ee0	0x006b8ee0	xbuild-enriched-full	true	006b8ee0	FUN_006b8ee0	undefined FUN_006b8ee0()	0	0	unknown	true		15	1547	96	9	3948
urn:ure:t6:occ:function:current-client:006b9060	0x006b9060	xbuild-enriched-full	true	006b9060	FUN_006b9060	undefined FUN_006b9060()	0	0	unknown	true		1	285	8	3	482
urn:ure:t6:occ:function:current-client:006b9090	0x006b9090	xbuild-enriched-full	true	006b9090	FUN_006b9090	undefined FUN_006b9090()	0	0	unknown	true		4	994	31	39	1534
urn:ure:t6:occ:function:current-client:006b9180	0x006b9180	xbuild-enriched-full	true	006b9180	FUN_006b9180	undefined FUN_006b9180()	0	0	unknown	true		3	375	21	3	781
urn:ure:t6:occ:function:current-client:006b91c0	0x006b91c0	xbuild-enriched-full	true	006b91c0	FUN_006b91c0	undefined FUN_006b91c0()	0	0	unknown	true		4	588	26	6	1223
urn:ure:t6:occ:function:current-client:006b9230	0x006b9230	xbuild-enriched-full	true	006b9230	FUN_006b9230	undefined FUN_006b9230()	0	0	unknown	true		3	337	16	3	708
urn:ure:t6:occ:function:current-client:006b9270	0x006b9270	xbuild-enriched-full	true	006b9270	FUN_006b9270	undefined FUN_006b9270()	0	0	unknown	true		1	159	9	2	415
urn:ure:t6:occ:function:current-client:006b9290	0x006b9290	xbuild-enriched-full	true	006b9290	FUN_006b9290	undefined FUN_006b9290()	0	0	unknown	true		4	557	30	10	1146
urn:ure:t6:occ:function:current-client:006b9300	0x006b9300	xbuild-enriched-full	true	006b9300	FUN_006b9300	undefined FUN_006b9300()	0	0	unknown	true		13	1155	85	19	2923
urn:ure:t6:occ:function:current-client:006b9420	0x006b9420	xbuild-enriched-full	true	006b9420	FUN_006b9420	undefined FUN_006b9420()	0	0	unknown	true		1	134	2	2	235
urn:ure:t6:occ:function:current-client:006b94d0	0x006b94d0	xbuild-enriched-full	true	006b94d0	FUN_006b94d0	undefined FUN_006b94d0()	0	0	unknown	true		2	298	13	6	568
urn:ure:t6:occ:function:current-client:006b9500	0x006b9500	xbuild-enriched-full	true	006b9500	FUN_006b9500	undefined FUN_006b9500()	0	0	unknown	true		5	270	31	7	1052
urn:ure:t6:occ:function:current-client:006b9570	0x006b9570	xbuild-enriched-full	true	006b9570	FUN_006b9570	undefined FUN_006b9570()	0	0	unknown	true		22	1747	92	21	3262
urn:ure:t6:occ:function:current-client:006b9690	0x006b9690	xbuild-enriched-full	true	006b9690	FUN_006b9690	undefined FUN_006b9690()	0	0	unknown	true		10	1050	52	17	2280
urn:ure:t6:occ:function:current-client:006b9780	0x006b9780	xbuild-enriched-full	true	006b9780	FUN_006b9780	undefined FUN_006b9780()	0	0	unknown	true		4	419	32	6	1020
urn:ure:t6:occ:function:current-client:006b98a0	0x006b98a0	xbuild-enriched-full	true	006b98a0	FUN_006b98a0	undefined FUN_006b98a0()	0	0	unknown	true		2	249	11	0	586
urn:ure:t6:occ:function:current-client:006b98d0	0x006b98d0	xbuild-enriched-full	true	006b98d0	FUN_006b98d0	undefined FUN_006b98d0()	0	0	unknown	true		27	3617	199	45	7075
urn:ure:t6:occ:function:current-client:006b9b60	0x006b9b60	xbuild-enriched-full	true	006b9b60	FUN_006b9b60	undefined FUN_006b9b60()	0	0	unknown	true		8	766	66	19	1887
urn:ure:t6:occ:function:current-client:006b9c10	0x006b9c10	xbuild-enriched-full	true	006b9c10	FUN_006b9c10	undefined FUN_006b9c10()	0	0	unknown	true		2	155	11	1	498
urn:ure:t6:occ:function:current-client:006b9c70	0x006b9c70	xbuild-enriched-full	true	006b9c70	FUN_006b9c70	undefined FUN_006b9c70()	0	0	unknown	true		4	488	30	7	944
urn:ure:t6:occ:function:current-client:006b9cc0	0x006b9cc0	xbuild-enriched-full	true	006b9cc0	FUN_006b9cc0	undefined FUN_006b9cc0()	0	0	unknown	true		21	2147	156	49	5179
urn:ure:t6:occ:function:current-client:006b9ec0	0x006b9ec0	xbuild-enriched-full	true	006b9ec0	FUN_006b9ec0	undefined FUN_006b9ec0()	0	0	unknown	true		14	1908	99	13	3931
urn:ure:t6:occ:function:current-client:006ba030	0x006ba030	xbuild-enriched-full	true	006ba030	FUN_006ba030	undefined FUN_006ba030()	0	0	unknown	true		3	650	35	3	1389
urn:ure:t6:occ:function:current-client:006ba090	0x006ba090	xbuild-enriched-full	true	006ba090	FUN_006ba090	undefined FUN_006ba090()	0	0	unknown	true		1	80	8	1	361
urn:ure:t6:occ:function:current-client:006ba0b0	0x006ba0b0	xbuild-enriched-full	true	006ba0b0	FUN_006ba0b0	undefined FUN_006ba0b0()	0	0	unknown	true		11	1032	80	37	2497
urn:ure:t6:occ:function:current-client:006ba1b0	0x006ba1b0	xbuild-enriched-full	true	006ba1b0	FUN_006ba1b0	undefined FUN_006ba1b0()	0	0	unknown	true		7	1004	66	18	2131
urn:ure:t6:occ:function:current-client:006ba270	0x006ba270	xbuild-enriched-full	true	006ba270	FUN_006ba270	undefined FUN_006ba270()	0	0	unknown	true		25	2822	181	24	6612
urn:ure:t6:occ:function:current-client:006ba4c0	0x006ba4c0	xbuild-enriched-full	true	006ba4c0	FUN_006ba4c0	undefined FUN_006ba4c0()	0	0	unknown	true		13	1010	131	14	3896
urn:ure:t6:occ:function:current-client:006ba6d0	0x006ba6d0	xbuild-enriched-full	true	006ba6d0	FUN_006ba6d0	undefined FUN_006ba6d0()	0	0	unknown	true		6	738	54	14	1733
urn:ure:t6:occ:function:current-client:006ba760	0x006ba760	xbuild-enriched-full	true	006ba760	FUN_006ba760	undefined FUN_006ba760()	0	0	unknown	true		1	176	5	2	290
urn:ure:t6:occ:function:current-client:006ba810	0x006ba810	xbuild-enriched-full	true	006ba810	FUN_006ba810	undefined FUN_006ba810()	0	0	unknown	true		5	738	39	18	1828
urn:ure:t6:occ:function:current-client:006ba8c0	0x006ba8c0	xbuild-enriched-full	true	006ba8c0	FUN_006ba8c0	undefined FUN_006ba8c0()	0	0	unknown	true		1	245	4	1	288
urn:ure:t6:occ:function:current-client:006ba8d0	0x006ba8d0	xbuild-enriched-full	true	006ba8d0	FUN_006ba8d0	undefined FUN_006ba8d0()	0	0	unknown	true		3	446	30	12	961
urn:ure:t6:occ:function:current-client:006ba930	0x006ba930	xbuild-enriched-full	true	006ba930	FUN_006ba930	undefined FUN_006ba930()	0	0	unknown	true		4	504	29	5	1108
urn:ure:t6:occ:function:current-client:006ba990	0x006ba990	xbuild-enriched-full	true	006ba990	FUN_006ba990	undefined FUN_006ba990()	0	0	unknown	true		5	848	58	6	1757
urn:ure:t6:occ:function:current-client:006baa10	0x006baa10	xbuild-enriched-full	true	006baa10	FUN_006baa10	undefined FUN_006baa10()	0	0	unknown	true		8	1204	78	22	2792
urn:ure:t6:occ:function:current-client:006bab10	0x006bab10	xbuild-enriched-full	true	006bab10	FUN_006bab10	undefined FUN_006bab10()	0	0	unknown	true		0	59	2	1	205
urn:ure:t6:occ:function:current-client:006bab80	0x006bab80	xbuild-enriched-full	true	006bab80	FUN_006bab80	undefined FUN_006bab80()	0	0	unknown	true		1	77	2	2	209
urn:ure:t6:occ:function:current-client:006bab90	0x006bab90	xbuild-enriched-full	true	006bab90	FUN_006bab90	undefined FUN_006bab90()	0	0	unknown	true		82	11319	515	86	22573
urn:ure:t6:occ:function:current-client:006bb4d0	0x006bb4d0	xbuild-enriched-full	true	006bb4d0	FUN_006bb4d0	undefined FUN_006bb4d0()	0	0	unknown	true		2	218	7	2	420
urn:ure:t6:occ:function:current-client:006bb4f0	0x006bb4f0	xbuild-enriched-full	true	006bb4f0	FUN_006bb4f0	undefined FUN_006bb4f0()	0	0	unknown	true		11	1985	87	29	3116
urn:ure:t6:occ:function:current-client:006bb660	0x006bb660	xbuild-enriched-full	true	006bb660	FUN_006bb660	undefined FUN_006bb660()	0	0	unknown	true		3	480	33	4	1021
urn:ure:t6:occ:function:current-client:006bb6b0	0x006bb6b0	xbuild-enriched-full	true	006bb6b0	FUN_006bb6b0	undefined FUN_006bb6b0()	0	0	unknown	true		5	777	51	14	1562
urn:ure:t6:occ:function:current-client:006bb730	0x006bb730	xbuild-enriched-full	true	006bb730	FUN_006bb730	undefined FUN_006bb730()	0	0	unknown	true		8	1232	58	14	2389
urn:ure:t6:occ:function:current-client:006bb820	0x006bb820	xbuild-enriched-full	true	006bb820	FUN_006bb820	undefined FUN_006bb820()	0	0	unknown	true		10	1387	93	10	4067
urn:ure:t6:occ:function:current-client:006bb9d0	0x006bb9d0	xbuild-enriched-full	true	006bb9d0	FUN_006bb9d0	undefined FUN_006bb9d0()	0	0	unknown	true		0	62	2	1	192
urn:ure:t6:occ:function:current-client:006bba10	0x006bba10	xbuild-enriched-full	true	006bba10	FUN_006bba10	undefined FUN_006bba10()	0	0	unknown	true		1	160	8	2	433
urn:ure:t6:occ:function:current-client:006bba30	0x006bba30	xbuild-enriched-full	true	006bba30	FUN_006bba30	undefined FUN_006bba30()	0	0	unknown	true		9	1007	69	13	2367
urn:ure:t6:occ:function:current-client:006bbb10	0x006bbb10	xbuild-enriched-full	true	006bbb10	FUN_006bbb10	undefined FUN_006bbb10()	0	0	unknown	true		5	525	30	5	1354
urn:ure:t6:occ:function:current-client:006bbc90	0x006bbc90	xbuild-enriched-full	true	006bbc90	FUN_006bbc90	undefined FUN_006bbc90()	0	0	unknown	true		12	2067	91	13	3984
urn:ure:t6:occ:function:current-client:006bbe10	0x006bbe10	xbuild-enriched-full	true	006bbe10	FUN_006bbe10	undefined FUN_006bbe10()	0	0	unknown	true		9	967	65	15	2233
urn:ure:t6:occ:function:current-client:006bbef0	0x006bbef0	xbuild-enriched-full	true	006bbef0	FUN_006bbef0	undefined FUN_006bbef0()	0	0	unknown	true		1	220	7	1	413
urn:ure:t6:occ:function:current-client:006bbf10	0x006bbf10	xbuild-enriched-full	true	006bbf10	FUN_006bbf10	undefined FUN_006bbf10()	0	0	unknown	true		1	267	8	3	391
urn:ure:t6:occ:function:current-client:006bbf30	0x006bbf30	xbuild-enriched-full	true	006bbf30	FUN_006bbf30	undefined FUN_006bbf30()	0	0	unknown	true		2	554	13	1	830
urn:ure:t6:occ:function:current-client:006bbf80	0x006bbf80	xbuild-enriched-full	true	006bbf80	FUN_006bbf80	undefined FUN_006bbf80()	0	0	unknown	true		39	7584	362	40	12736
urn:ure:t6:occ:function:current-client:006bc410	0x006bc410	xbuild-enriched-full	true	006bc410	FUN_006bc410	undefined FUN_006bc410()	0	0	unknown	true		8	460	38	10	1210
urn:ure:t6:occ:function:current-client:006bc470	0x006bc470	xbuild-enriched-full	true	006bc470	FUN_006bc470	undefined FUN_006bc470()	0	0	unknown	true		9	1043	72	5	3038
urn:ure:t6:occ:function:current-client:006bc590	0x006bc590	xbuild-enriched-full	true	006bc590	FUN_006bc590	undefined FUN_006bc590()	0	0	unknown	true		0	147	2	1	195
urn:ure:t6:occ:function:current-client:006bc650	0x006bc650	xbuild-enriched-full	true	006bc650	FUN_006bc650	undefined FUN_006bc650()	0	0	unknown	true		3	369	18	5	738
urn:ure:t6:occ:function:current-client:006bc690	0x006bc690	xbuild-enriched-full	true	006bc690	FUN_006bc690	undefined FUN_006bc690()	0	0	unknown	true		6	580	29	12	1125
urn:ure:t6:occ:function:current-client:006bc720	0x006bc720	xbuild-enriched-full	true	006bc720	FUN_006bc720	undefined FUN_006bc720()	0	0	unknown	true		11	1092	89	24	2488
urn:ure:t6:occ:function:current-client:006bc800	0x006bc800	xbuild-enriched-full	true	006bc800	FUN_006bc800	undefined FUN_006bc800()	0	0	unknown	true		9	829	70	14	2381
urn:ure:t6:occ:function:current-client:006bc8e0	0x006bc8e0	xbuild-enriched-full	true	006bc8e0	FUN_006bc8e0	undefined FUN_006bc8e0()	0	0	unknown	true		1	62	2	1	192
urn:ure:t6:occ:function:current-client:006bc8f0	0x006bc8f0	xbuild-enriched-full	true	006bc8f0	FUN_006bc8f0	undefined FUN_006bc8f0()	0	0	unknown	true		3	375	21	11	800
urn:ure:t6:occ:function:current-client:006bc940	0x006bc940	xbuild-enriched-full	true	006bc940	FUN_006bc940	undefined FUN_006bc940()	0	0	unknown	true		2	236	14	3	698
urn:ure:t6:occ:function:current-client:006bc980	0x006bc980	xbuild-enriched-full	true	006bc980	FUN_006bc980	undefined FUN_006bc980()	0	0	unknown	true		2	245	18	3	672
urn:ure:t6:occ:function:current-client:006bc9b0	0x006bc9b0	xbuild-enriched-full	true	006bc9b0	FUN_006bc9b0	undefined FUN_006bc9b0()	0	0	unknown	true		4	525	31	23	1144
urn:ure:t6:occ:function:current-client:006bca40	0x006bca40	xbuild-enriched-full	true	006bca40	FUN_006bca40	undefined FUN_006bca40()	0	0	unknown	true		11	2334	123	8	4762
urn:ure:t6:occ:function:current-client:006bcbd0	0x006bcbd0	xbuild-enriched-full	true	006bcbd0	FUN_006bcbd0	undefined FUN_006bcbd0()	0	0	unknown	true		2	368	20	3	808
urn:ure:t6:occ:function:current-client:006bcc10	0x006bcc10	xbuild-enriched-full	true	006bcc10	FUN_006bcc10	undefined FUN_006bcc10()	0	0	unknown	true		2	324	16	7	648
urn:ure:t6:occ:function:current-client:006bcc50	0x006bcc50	xbuild-enriched-full	true	006bcc50	FUN_006bcc50	undefined FUN_006bcc50()	0	0	unknown	true		1	154	4	2	266
urn:ure:t6:occ:function:current-client:006bcc60	0x006bcc60	xbuild-enriched-full	true	006bcc60	FUN_006bcc60	undefined FUN_006bcc60()	0	0	unknown	true		5	610	44	4	1537
urn:ure:t6:occ:function:current-client:006bccf0	0x006bccf0	xbuild-enriched-full	true	006bccf0	FUN_006bccf0	undefined FUN_006bccf0()	0	0	unknown	true		11	2044	110	27	3470
urn:ure:t6:occ:function:current-client:006bce50	0x006bce50	xbuild-enriched-full	true	006bce50	FUN_006bce50	undefined FUN_006bce50()	0	0	unknown	true		9	1016	64	41	2298
urn:ure:t6:occ:function:current-client:006bcf60	0x006bcf60	xbuild-enriched-full	true	006bcf60	FUN_006bcf60	undefined FUN_006bcf60()	0	0	unknown	true		7	799	50	21	1679
urn:ure:t6:occ:function:current-client:006bd000	0x006bd000	xbuild-enriched-full	true	006bd000	FUN_006bd000	undefined FUN_006bd000()	0	0	unknown	true		5	782	39	16	1319
urn:ure:t6:occ:function:current-client:006bd110	0x006bd110	xbuild-enriched-full	true	006bd110	FUN_006bd110	undefined FUN_006bd110()	0	0	unknown	true		40	3900	219	46	8276
urn:ure:t6:occ:function:current-client:006bd470	0x006bd470	xbuild-enriched-full	true	006bd470	FUN_006bd470	undefined FUN_006bd470()	0	0	unknown	true		11	1362	75	29	2581
urn:ure:t6:occ:function:current-client:006bd590	0x006bd590	xbuild-enriched-full	true	006bd590	FUN_006bd590	undefined FUN_006bd590()	0	0	unknown	true		6	786	49	2	1937
urn:ure:t6:occ:function:current-client:006bd630	0x006bd630	xbuild-enriched-full	true	006bd630	FUN_006bd630	undefined FUN_006bd630()	0	0	unknown	true		4	514	32	3	1198
urn:ure:t6:occ:function:current-client:006bd6a0	0x006bd6a0	xbuild-enriched-full	true	006bd6a0	FUN_006bd6a0	undefined FUN_006bd6a0()	0	0	unknown	true		3	547	25	4	1040
urn:ure:t6:occ:function:current-client:006bd700	0x006bd700	xbuild-enriched-full	true	006bd700	FUN_006bd700	undefined FUN_006bd700()	0	0	unknown	true		12	2099	75	15	2879
urn:ure:t6:occ:function:current-client:006bd830	0x006bd830	xbuild-enriched-full	true	006bd830	FUN_006bd830	undefined FUN_006bd830()	0	0	unknown	true		5	577	37	12	1239
urn:ure:t6:occ:function:current-client:006bd8a0	0x006bd8a0	xbuild-enriched-full	true	006bd8a0	FUN_006bd8a0	undefined FUN_006bd8a0()	0	0	unknown	true		10	1164	87	32	3082
urn:ure:t6:occ:function:current-client:006bd9c0	0x006bd9c0	xbuild-enriched-full	true	006bd9c0	thunk_FUN_0089bad0	undefined thunk_FUN_0089bad0()	0	0	unknown	true		2	199	1	1	173
urn:ure:t6:occ:function:current-client:006bd9d0	0x006bd9d0	xbuild-enriched-full	true	006bd9d0	FUN_006bd9d0	undefined FUN_006bd9d0()	0	0	unknown	true		3	239	10	5	463
urn:ure:t6:occ:function:current-client:006bda20	0x006bda20	xbuild-enriched-full	true	006bda20	FUN_006bda20	undefined FUN_006bda20()	0	0	unknown	true		3	409	28	5	1035
urn:ure:t6:occ:function:current-client:006bda80	0x006bda80	xbuild-enriched-full	true	006bda80	FUN_006bda80	undefined FUN_006bda80()	0	0	unknown	true		27	2259	152	46	5118
urn:ure:t6:occ:function:current-client:006bdc70	0x006bdc70	xbuild-enriched-full	true	006bdc70	FUN_006bdc70	undefined FUN_006bdc70()	0	0	unknown	true		2	313	15	6	666
urn:ure:t6:occ:function:current-client:006bdcb0	0x006bdcb0	xbuild-enriched-full	true	006bdcb0	FUN_006bdcb0	undefined FUN_006bdcb0()	0	0	unknown	true		3	511	23	3	1005
urn:ure:t6:occ:function:current-client:006bdd10	0x006bdd10	xbuild-enriched-full	true	006bdd10	FUN_006bdd10	undefined FUN_006bdd10()	0	0	unknown	true		3	344	19	12	844
urn:ure:t6:occ:function:current-client:006bdd60	0x006bdd60	xbuild-enriched-full	true	006bdd60	FUN_006bdd60	undefined FUN_006bdd60()	0	0	unknown	true		13	1829	73	37	3187
urn:ure:t6:occ:function:current-client:006bdea0	0x006bdea0	xbuild-enriched-full	true	006bdea0	FUN_006bdea0	undefined FUN_006bdea0()	0	0	unknown	true		5	544	26	5	1093
urn:ure:t6:occ:function:current-client:006be040	0x006be040	xbuild-enriched-full	true	006be040	FUN_006be040	undefined FUN_006be040()	0	0	unknown	true		7	776	64	11	2092
urn:ure:t6:occ:function:current-client:006be0e0	0x006be0e0	xbuild-enriched-full	true	006be0e0	FUN_006be0e0	undefined FUN_006be0e0()	0	0	unknown	true		20	2055	157	41	4935
urn:ure:t6:occ:function:current-client:006be290	0x006be290	xbuild-enriched-full	true	006be290	FUN_006be290	undefined FUN_006be290()	0	0	unknown	true		14	1402	88	21	3388
urn:ure:t6:occ:function:current-client:006be3e0	0x006be3e0	xbuild-enriched-full	true	006be3e0	FUN_006be3e0	undefined FUN_006be3e0()	0	0	unknown	true		5	413	22	12	835
urn:ure:t6:occ:function:current-client:006be430	0x006be430	xbuild-enriched-full	true	006be430	FUN_006be430	undefined FUN_006be430()	0	0	unknown	true		26	3129	197	42	6634
urn:ure:t6:occ:function:current-client:006be6c0	0x006be6c0	xbuild-enriched-full	true	006be6c0	FUN_006be6c0	undefined FUN_006be6c0()	0	0	unknown	true		2	144	12	1	503
urn:ure:t6:occ:function:current-client:006be6f0	0x006be6f0	xbuild-enriched-full	true	006be6f0	FUN_006be6f0	undefined FUN_006be6f0()	0	0	unknown	true		1	62	6	0	304
urn:ure:t6:occ:function:current-client:006be700	0x006be700	xbuild-enriched-full	true	006be700	FUN_006be700	undefined FUN_006be700()	0	0	unknown	true		6	864	50	8	1624
urn:ure:t6:occ:function:current-client:006be780	0x006be780	xbuild-enriched-full	true	006be780	FUN_006be780	undefined FUN_006be780()	0	0	unknown	true		41	4160	16	2	679
urn:ure:t6:occ:function:current-client:006be7af	0x006be7af	xbuild-enriched-full	true	006be7af	FUN_006be7af	undefined FUN_006be7af()	0	0	unknown	true		36	4017	239	47	9152
urn:ure:t6:occ:function:current-client:006beb80	0x006beb80	xbuild-enriched-full	true	006beb80	FUN_006beb80	undefined FUN_006beb80()	0	0	unknown	true		35	5007	487	3	23189
urn:ure:t6:occ:function:current-client:006bf4f0	0x006bf4f0	xbuild-enriched-full	true	006bf4f0	FUN_006bf4f0	undefined FUN_006bf4f0()	0	0	unknown	true		8	906	72	18	2351
urn:ure:t6:occ:function:current-client:006bf5c0	0x006bf5c0	xbuild-enriched-full	true	006bf5c0	FUN_006bf5c0	undefined FUN_006bf5c0()	0	0	unknown	true		10	1493	80	21	2891
urn:ure:t6:occ:function:current-client:006bf6d0	0x006bf6d0	xbuild-enriched-full	true	006bf6d0	FUN_006bf6d0	undefined FUN_006bf6d0()	0	0	unknown	true		4	943	42	6	1683
urn:ure:t6:occ:function:current-client:006bf780	0x006bf780	xbuild-enriched-full	true	006bf780	FUN_006bf780	undefined FUN_006bf780()	0	0	unknown	true		3	498	26	5	962
urn:ure:t6:occ:function:current-client:006bf950	0x006bf950	xbuild-enriched-full	true	006bf950	FUN_006bf950	undefined FUN_006bf950()	0	0	unknown	true		2	349	17	6	618
urn:ure:t6:occ:function:current-client:006bfa00	0x006bfa00	xbuild-enriched-full	true	006bfa00	FUN_006bfa00	undefined FUN_006bfa00()	0	0	unknown	true		14	2295	119	16	4350
urn:ure:t6:occ:function:current-client:006bfb90	0x006bfb90	xbuild-enriched-full	true	006bfb90	FUN_006bfb90	undefined FUN_006bfb90()	0	0	unknown	true		8	992	69	17	2246
urn:ure:t6:occ:function:current-client:006bfc40	0x006bfc40	xbuild-enriched-full	true	006bfc40	FUN_006bfc40	undefined FUN_006bfc40()	0	0	unknown	true		2	248	13	3	589
urn:ure:t6:occ:function:current-client:006bfc70	0x006bfc70	xbuild-enriched-full	true	006bfc70	FUN_006bfc70	undefined FUN_006bfc70()	0	0	unknown	true		17	2487	119	12	4830
urn:ure:t6:occ:function:current-client:006bfe20	0x006bfe20	xbuild-enriched-full	true	006bfe20	FUN_006bfe20	undefined FUN_006bfe20()	0	0	unknown	true		6	1032	54	15	2017
urn:ure:t6:occ:function:current-client:006bfee0	0x006bfee0	xbuild-enriched-full	true	006bfee0	FUN_006bfee0	undefined FUN_006bfee0()	0	0	unknown	true		5	492	33	16	1556
urn:ure:t6:occ:function:current-client:006bffb0	0x006bffb0	xbuild-enriched-full	true	006bffb0	FUN_006bffb0	undefined FUN_006bffb0()	0	0	unknown	true		2	347	23	2	917
urn:ure:t6:occ:function:current-client:006c0000	0x006c0000	xbuild-enriched-full	true	006c0000	FUN_006c0000	undefined FUN_006c0000()	0	0	unknown	true		7	1627	70	4	3021
urn:ure:t6:occ:function:current-client:006c01a0	0x006c01a0	xbuild-enriched-full	true	006c01a0	FUN_006c01a0	undefined FUN_006c01a0()	0	0	unknown	true		4	1009	55	3	2038
urn:ure:t6:occ:function:current-client:006c0230	0x006c0230	xbuild-enriched-full	true	006c0230	FUN_006c0230	undefined FUN_006c0230()	0	0	unknown	true		4	609	41	5	1389
urn:ure:t6:occ:function:current-client:006c02b0	0x006c02b0	xbuild-enriched-full	true	006c02b0	FUN_006c02b0	undefined FUN_006c02b0()	0	0	unknown	true		5	643	40	21	1406
urn:ure:t6:occ:function:current-client:006c0340	0x006c0340	xbuild-enriched-full	true	006c0340	FUN_006c0340	undefined FUN_006c0340()	0	0	unknown	true		0	147	2	1	195
urn:ure:t6:occ:function:current-client:006c0350	0x006c0350	xbuild-enriched-full	true	006c0350	FUN_006c0350	undefined FUN_006c0350()	0	0	unknown	true		1	98	6	2	354
urn:ure:t6:occ:function:current-client:006c0370	0x006c0370	xbuild-enriched-full	true	006c0370	FUN_006c0370	undefined FUN_006c0370()	0	0	unknown	true		0	113	4	4	281
urn:ure:t6:occ:function:current-client:006c03f0	0x006c03f0	xbuild-enriched-full	true	006c03f0	FUN_006c03f0	undefined FUN_006c03f0()	0	0	unknown	true		6	854	47	18	1649
urn:ure:t6:occ:function:current-client:006c0480	0x006c0480	xbuild-enriched-full	true	006c0480	FUN_006c0480	undefined FUN_006c0480()	0	0	unknown	true		3	312	19	4	754
urn:ure:t6:occ:function:current-client:006c0520	0x006c0520	xbuild-enriched-full	true	006c0520	FUN_006c0520	undefined FUN_006c0520()	0	0	unknown	true		11	1320	93	32	2832
urn:ure:t6:occ:function:current-client:006c0620	0x006c0620	xbuild-enriched-full	true	006c0620	FUN_006c0620	undefined FUN_006c0620()	0	0	unknown	true		55	8030	452	83	15225
urn:ure:t6:occ:function:current-client:006c0c70	0x006c0c70	xbuild-enriched-full	true	006c0c70	FUN_006c0c70	undefined FUN_006c0c70()	0	0	unknown	true		3	727	30	3	1298
urn:ure:t6:occ:function:current-client:006c0cc0	0x006c0cc0	xbuild-enriched-full	true	006c0cc0	FUN_006c0cc0	undefined FUN_006c0cc0()	0	0	unknown	true		6	848	50	15	1830
urn:ure:t6:occ:function:current-client:006c0d70	0x006c0d70	xbuild-enriched-full	true	006c0d70	FUN_006c0d70	undefined FUN_006c0d70()	0	0	unknown	true		7	1102	62	10	2432
urn:ure:t6:occ:function:current-client:006c0e50	0x006c0e50	xbuild-enriched-full	true	006c0e50	FUN_006c0e50	undefined FUN_006c0e50()	0	0	unknown	true		3	204	19	6	676
urn:ure:t6:occ:function:current-client:006c0e90	0x006c0e90	xbuild-enriched-full	true	006c0e90	FUN_006c0e90	undefined FUN_006c0e90()	0	0	unknown	true		14	1572	94	23	3234
urn:ure:t6:occ:function:current-client:006c0fb0	0x006c0fb0	xbuild-enriched-full	true	006c0fb0	FUN_006c0fb0	undefined FUN_006c0fb0()	0	0	unknown	true		67	6043	400	92	14437
urn:ure:t6:occ:function:current-client:006c15b0	0x006c15b0	xbuild-enriched-full	true	006c15b0	FUN_006c15b0	undefined FUN_006c15b0()	0	0	unknown	true		3	293	14	3	568
urn:ure:t6:occ:function:current-client:006c15e0	0x006c15e0	xbuild-enriched-full	true	006c15e0	FUN_006c15e0	undefined FUN_006c15e0()	0	0	unknown	true		4	716	36	9	1552
urn:ure:t6:occ:function:current-client:006c1740	0x006c1740	xbuild-enriched-full	true	006c1740	FUN_006c1740	undefined FUN_006c1740()	0	0	unknown	true		0	61	2	1	208
urn:ure:t6:occ:function:current-client:006c1750	0x006c1750	xbuild-enriched-full	true	006c1750	FUN_006c1750	undefined FUN_006c1750()	0	0	unknown	true		10	1022	89	14	3227
urn:ure:t6:occ:function:current-client:006c1870	0x006c1870	xbuild-enriched-full	true	006c1870	FUN_006c1870	undefined FUN_006c1870()	0	0	unknown	true		13	1454	97	35	3398
urn:ure:t6:occ:function:current-client:006c19b0	0x006c19b0	xbuild-enriched-full	true	006c19b0	FUN_006c19b0	undefined FUN_006c19b0()	0	0	unknown	true		3	399	26	1	1150
urn:ure:t6:occ:function:current-client:006c1a10	0x006c1a10	xbuild-enriched-full	true	006c1a10	FUN_006c1a10	undefined FUN_006c1a10()	0	0	unknown	true		1	199	5	1	364
urn:ure:t6:occ:function:current-client:006c1a30	0x006c1a30	xbuild-enriched-full	true	006c1a30	FUN_006c1a30	undefined FUN_006c1a30()	0	0	unknown	true		3	231	19	3	749
urn:ure:t6:occ:function:current-client:006c1a70	0x006c1a70	xbuild-enriched-full	true	006c1a70	FUN_006c1a70	undefined FUN_006c1a70()	0	0	unknown	true		7	787	49	11	1509
urn:ure:t6:occ:function:current-client:006c1ae0	0x006c1ae0	xbuild-enriched-full	true	006c1ae0	FUN_006c1ae0	undefined FUN_006c1ae0()	0	0	unknown	true		17	2227	127	10	5175
urn:ure:t6:occ:function:current-client:006c1cf0	0x006c1cf0	xbuild-enriched-full	true	006c1cf0	FUN_006c1cf0	undefined FUN_006c1cf0()	0	0	unknown	true		3	226	25	4	790
urn:ure:t6:occ:function:current-client:006c1d30	0x006c1d30	xbuild-enriched-full	true	006c1d30	FUN_006c1d30	undefined FUN_006c1d30()	0	0	unknown	true		2	165	10	3	486
urn:ure:t6:occ:function:current-client:006c1d60	0x006c1d60	xbuild-enriched-full	true	006c1d60	FUN_006c1d60	undefined FUN_006c1d60()	0	0	unknown	true		6	641	35	10	1540
urn:ure:t6:occ:function:current-client:006c1e00	0x006c1e00	xbuild-enriched-full	true	006c1e00	FUN_006c1e00	undefined FUN_006c1e00()	0	0	unknown	true		6	717	38	13	1548
urn:ure:t6:occ:function:current-client:006c1e90	0x006c1e90	xbuild-enriched-full	true	006c1e90	FUN_006c1e90	undefined FUN_006c1e90()	0	0	unknown	true		1	106	6	2	395
urn:ure:t6:occ:function:current-client:006c1eb0	0x006c1eb0	xbuild-enriched-full	true	006c1eb0	FUN_006c1eb0	undefined FUN_006c1eb0()	0	0	unknown	true		0	62	2	1	192
urn:ure:t6:occ:function:current-client:006c1ec0	0x006c1ec0	xbuild-enriched-full	true	006c1ec0	FUN_006c1ec0	undefined FUN_006c1ec0()	0	0	unknown	true		1	85	6	1	311
urn:ure:t6:occ:function:current-client:006c1ed0	0x006c1ed0	xbuild-enriched-full	true	006c1ed0	FUN_006c1ed0	undefined FUN_006c1ed0()	0	0	unknown	true		2	304	17	8	743
urn:ure:t6:occ:function:current-client:006c1f20	0x006c1f20	xbuild-enriched-full	true	006c1f20	FUN_006c1f20	undefined FUN_006c1f20()	0	0	unknown	true		7	943	65	3	2078
urn:ure:t6:occ:function:current-client:006c1fd0	0x006c1fd0	xbuild-enriched-full	true	006c1fd0	FUN_006c1fd0	undefined FUN_006c1fd0()	0	0	unknown	true		1	98	6	2	354
urn:ure:t6:occ:function:current-client:006c1ff0	0x006c1ff0	xbuild-enriched-full	true	006c1ff0	FUN_006c1ff0	undefined FUN_006c1ff0()	0	0	unknown	true		11	1738	100	22	3682
urn:ure:t6:occ:function:current-client:006c2150	0x006c2150	xbuild-enriched-full	true	006c2150	FUN_006c2150	undefined FUN_006c2150()	0	0	unknown	true		3	599	25	10	1063
urn:ure:t6:occ:function:current-client:006c21e0	0x006c21e0	xbuild-enriched-full	true	006c21e0	FUN_006c21e0	undefined FUN_006c21e0()	0	0	unknown	true		4	719	29	8	1251
urn:ure:t6:occ:function:current-client:006c2250	0x006c2250	xbuild-enriched-full	true	006c2250	FUN_006c2250	undefined FUN_006c2250()	0	0	unknown	true		4	417	38	10	1156
urn:ure:t6:occ:function:current-client:006c22b0	0x006c22b0	xbuild-enriched-full	true	006c22b0	FUN_006c22b0	undefined FUN_006c22b0()	0	0	unknown	true		3	549	23	7	1045
urn:ure:t6:occ:function:current-client:006c2310	0x006c2310	xbuild-enriched-full	true	006c2310	FUN_006c2310	undefined FUN_006c2310()	0	0	unknown	true		2	554	19	3	766
urn:ure:t6:occ:function:current-client:006c2350	0x006c2350	xbuild-enriched-full	true	006c2350	FUN_006c2350	undefined FUN_006c2350()	0	0	unknown	true		7	741	54	16	1646
urn:ure:t6:occ:function:current-client:006c23e0	0x006c23e0	xbuild-enriched-full	true	006c23e0	FUN_006c23e0	undefined FUN_006c23e0()	0	0	unknown	true		23	5091	200	41	8052
urn:ure:t6:occ:function:current-client:006c2620	0x006c2620	xbuild-enriched-full	true	006c2620	FUN_006c2620	undefined FUN_006c2620()	0	0	unknown	true		11	1216	72	28	2610
urn:ure:t6:occ:function:current-client:006c2700	0x006c2700	xbuild-enriched-full	true	006c2700	FUN_006c2700	undefined FUN_006c2700()	0	0	unknown	true		2	218	16	2	562
urn:ure:t6:occ:function:current-client:006c2730	0x006c2730	xbuild-enriched-full	true	006c2730	FUN_006c2730	undefined FUN_006c2730()	0	0	unknown	true		2	244	12	6	600
urn:ure:t6:occ:function:current-client:006c2770	0x006c2770	xbuild-enriched-full	true	006c2770	FUN_006c2770	undefined FUN_006c2770()	0	0	unknown	true		1	59	2	1	209
urn:ure:t6:occ:function:current-client:006c2780	0x006c2780	xbuild-enriched-full	true	006c2780	FUN_006c2780	undefined FUN_006c2780()	0	0	unknown	true		5	453	40	6	1246
urn:ure:t6:occ:function:current-client:006c2860	0x006c2860	xbuild-enriched-full	true	006c2860	FUN_006c2860	undefined FUN_006c2860()	0	0	unknown	true		1	80	8	1	360
urn:ure:t6:occ:function:current-client:006c2880	0x006c2880	xbuild-enriched-full	true	006c2880	FUN_006c2880	undefined FUN_006c2880()	0	0	unknown	true		2	203	7	2	337
urn:ure:t6:occ:function:current-client:006c28a0	0x006c28a0	xbuild-enriched-full	true	006c28a0	FUN_006c28a0	undefined FUN_006c28a0()	0	0	unknown	true		7	717	51	10	1658
urn:ure:t6:occ:function:current-client:006c2920	0x006c2920	xbuild-enriched-full	true	006c2920	FUN_006c2920	undefined FUN_006c2920()	0	0	unknown	true		5	568	40	6	1451
urn:ure:t6:occ:function:current-client:006c2990	0x006c2990	xbuild-enriched-full	true	006c2990	FUN_006c2990	undefined FUN_006c2990()	0	0	unknown	true		5	855	36	16	1391
urn:ure:t6:occ:function:current-client:006c2a20	0x006c2a20	xbuild-enriched-full	true	006c2a20	FUN_006c2a20	undefined FUN_006c2a20()	0	0	unknown	true		6	597	42	5	1512
urn:ure:t6:occ:function:current-client:006c2aa0	0x006c2aa0	xbuild-enriched-full	true	006c2aa0	FUN_006c2aa0	undefined FUN_006c2aa0()	0	0	unknown	true		40	6747	266	1	13558
urn:ure:t6:occ:function:current-client:006c30e0	0x006c30e0	xbuild-enriched-full	true	006c30e0	FUN_006c30e0	undefined FUN_006c30e0()	0	0	unknown	true		2	295	7	3	372
urn:ure:t6:occ:function:current-client:006c3100	0x006c3100	xbuild-enriched-full	true	006c3100	FUN_006c3100	undefined FUN_006c3100()	0	0	unknown	true		2	231	13	1	632
urn:ure:t6:occ:function:current-client:006c3130	0x006c3130	xbuild-enriched-full	true	006c3130	FUN_006c3130	undefined FUN_006c3130()	0	0	unknown	true		3	346	31	4	1038
urn:ure:t6:occ:function:current-client:006c3180	0x006c3180	xbuild-enriched-full	true	006c3180	FUN_006c3180	undefined FUN_006c3180()	0	0	unknown	true		33	4703	239	64	8409
urn:ure:t6:occ:function:current-client:006c3470	0x006c3470	xbuild-enriched-full	true	006c3470	FUN_006c3470	undefined FUN_006c3470()	0	0	unknown	true		2	198	12	2	500
urn:ure:t6:occ:function:current-client:006c34a0	0x006c34a0	xbuild-enriched-full	true	006c34a0	FUN_006c34a0	undefined FUN_006c34a0()	0	0	unknown	true		15	1764	131	15	4203
urn:ure:t6:occ:function:current-client:006c35f0	0x006c35f0	xbuild-enriched-full	true	006c35f0	FUN_006c35f0	undefined FUN_006c35f0()	0	0	unknown	true		1	223	7	3	377
urn:ure:t6:occ:function:current-client:006c3610	0x006c3610	xbuild-enriched-full	true	006c3610	FUN_006c3610	undefined FUN_006c3610()	0	0	unknown	true		4	656	35	7	1391
urn:ure:t6:occ:function:current-client:006c3690	0x006c3690	xbuild-enriched-full	true	006c3690	FUN_006c3690	undefined FUN_006c3690()	0	0	unknown	true		13	1726	123	26	3872
urn:ure:t6:occ:function:current-client:006c37f0	0x006c37f0	xbuild-enriched-full	true	006c37f0	FUN_006c37f0	undefined FUN_006c37f0()	0	0	unknown	true		7	869	65	16	2065
urn:ure:t6:occ:function:current-client:006c38b0	0x006c38b0	xbuild-enriched-full	true	006c38b0	FUN_006c38b0	undefined FUN_006c38b0()	0	0	unknown	true		1	59	4	1	305
urn:ure:t6:occ:function:current-client:006c38d0	0x006c38d0	xbuild-enriched-full	true	006c38d0	FUN_006c38d0	undefined FUN_006c38d0()	0	0	unknown	true		1	182	4	3	298
urn:ure:t6:occ:function:current-client:006c38f0	0x006c38f0	xbuild-enriched-full	true	006c38f0	FUN_006c38f0	undefined FUN_006c38f0()	0	0	unknown	true		2	227	19	4	727
urn:ure:t6:occ:function:current-client:006c3980	0x006c3980	xbuild-enriched-full	true	006c3980	FUN_006c3980	undefined FUN_006c3980()	0	0	unknown	true		7	833	55	14	2228
urn:ure:t6:occ:function:current-client:006c3a60	0x006c3a60	xbuild-enriched-full	true	006c3a60	FUN_006c3a60	undefined FUN_006c3a60()	0	0	unknown	true		7	1124	62	14	2089
urn:ure:t6:occ:function:current-client:006c3b20	0x006c3b20	xbuild-enriched-full	true	006c3b20	FUN_006c3b20	undefined FUN_006c3b20()	0	0	unknown	true		1	161	3	2	231
urn:ure:t6:occ:function:current-client:006c3b30	0x006c3b30	xbuild-enriched-full	true	006c3b30	FUN_006c3b30	undefined FUN_006c3b30()	0	0	unknown	true		3	265	17	8	654
urn:ure:t6:occ:function:current-client:006c3bb0	0x006c3bb0	xbuild-enriched-full	true	006c3bb0	FUN_006c3bb0	undefined FUN_006c3bb0()	0	0	unknown	true		3	511	19	4	776
urn:ure:t6:occ:function:current-client:006c3bf0	0x006c3bf0	xbuild-enriched-full	true	006c3bf0	FUN_006c3bf0	undefined FUN_006c3bf0()	0	0	unknown	true		7	680	51	11	1768
urn:ure:t6:occ:function:current-client:006c3ca0	0x006c3ca0	xbuild-enriched-full	true	006c3ca0	FUN_006c3ca0	undefined FUN_006c3ca0()	0	0	unknown	true		21	2337	139	25	5480
urn:ure:t6:occ:function:current-client:006c3ef0	0x006c3ef0	xbuild-enriched-full	true	006c3ef0	FUN_006c3ef0	undefined FUN_006c3ef0()	0	0	unknown	true		11	1465	69	13	2414
urn:ure:t6:occ:function:current-client:006c3fe0	0x006c3fe0	xbuild-enriched-full	true	006c3fe0	FUN_006c3fe0	undefined FUN_006c3fe0()	0	0	unknown	true		7	713	57	15	1858
urn:ure:t6:occ:function:current-client:006c4080	0x006c4080	xbuild-enriched-full	true	006c4080	FUN_006c4080	undefined FUN_006c4080()	0	0	unknown	true		1	176	6	0	392
urn:ure:t6:occ:function:current-client:006c40a0	0x006c40a0	xbuild-enriched-full	true	006c40a0	FUN_006c40a0	undefined FUN_006c40a0()	0	0	unknown	true		21	2166	158	18	5773
urn:ure:t6:occ:function:current-client:006c42b0	0x006c42b0	xbuild-enriched-full	true	006c42b0	FUN_006c42b0	undefined FUN_006c42b0()	0	0	unknown	true		8	900	60	19	1885
urn:ure:t6:occ:function:current-client:006c4360	0x006c4360	xbuild-enriched-full	true	006c4360	FUN_006c4360	undefined FUN_006c4360()	0	0	unknown	true		2	297	13	5	523
urn:ure:t6:occ:function:current-client:006c4390	0x006c4390	xbuild-enriched-full	true	006c4390	FUN_006c4390	undefined FUN_006c4390()	0	0	unknown	true		6	787	49	2	1944
urn:ure:t6:occ:function:current-client:006c4430	0x006c4430	xbuild-enriched-full	true	006c4430	FUN_006c4430	undefined FUN_006c4430()	0	0	unknown	true		3	254	22	4	849
urn:ure:t6:occ:function:current-client:006c4470	0x006c4470	xbuild-enriched-full	true	006c4470	FUN_006c4470	undefined FUN_006c4470()	0	0	unknown	true		14	1461	92	21	3253
urn:ure:t6:occ:function:current-client:006c45a0	0x006c45a0	xbuild-enriched-full	true	006c45a0	FUN_006c45a0	undefined FUN_006c45a0()	0	0	unknown	true		4	430	28	5	990
urn:ure:t6:occ:function:current-client:006c45f0	0x006c45f0	xbuild-enriched-full	true	006c45f0	FUN_006c45f0	undefined FUN_006c45f0()	0	0	unknown	true		2	285	10	2	475
urn:ure:t6:occ:function:current-client:006c4620	0x006c4620	xbuild-enriched-full	true	006c4620	FUN_006c4620	undefined FUN_006c4620()	0	0	unknown	true		6	1068	64	15	2153
urn:ure:t6:occ:function:current-client:006c46e0	0x006c46e0	xbuild-enriched-full	true	006c46e0	FUN_006c46e0	undefined FUN_006c46e0()	0	0	unknown	true		7	732	64	19	2027
urn:ure:t6:occ:function:current-client:006c47a0	0x006c47a0	xbuild-enriched-full	true	006c47a0	FUN_006c47a0	undefined FUN_006c47a0()	0	0	unknown	true		0	87	3	0	250
urn:ure:t6:occ:function:current-client:006c47b0	0x006c47b0	xbuild-enriched-full	true	006c47b0	FUN_006c47b0	undefined FUN_006c47b0()	0	0	unknown	true		5	1316	60	9	2489
urn:ure:t6:occ:function:current-client:006c48b0	0x006c48b0	xbuild-enriched-full	true	006c48b0	FUN_006c48b0	undefined FUN_006c48b0()	0	0	unknown	true		12	1720	98	28	3291
urn:ure:t6:occ:function:current-client:006c4a30	0x006c4a30	xbuild-enriched-full	true	006c4a30	FUN_006c4a30	undefined FUN_006c4a30()	0	0	unknown	true		13	2347	149	2	6382
urn:ure:t6:occ:function:current-client:006c4ee0	0x006c4ee0	xbuild-enriched-full	true	006c4ee0	FUN_006c4ee0	undefined FUN_006c4ee0()	0	0	unknown	true		2	305	15	6	650
urn:ure:t6:occ:function:current-client:006c4f20	0x006c4f20	xbuild-enriched-full	true	006c4f20	FUN_006c4f20	undefined FUN_006c4f20()	0	0	unknown	true		42	4606	419	55	15344
urn:ure:t6:occ:function:current-client:006c54d0	0x006c54d0	xbuild-enriched-full	true	006c54d0	FUN_006c54d0	undefined FUN_006c54d0()	0	0	unknown	true		1	62	6	0	304
urn:ure:t6:occ:function:current-client:006c54e0	0x006c54e0	xbuild-enriched-full	true	006c54e0	FUN_006c54e0	undefined FUN_006c54e0()	0	0	unknown	true		10	1350	92	6	2934
urn:ure:t6:occ:function:current-client:006c55f0	0x006c55f0	xbuild-enriched-full	true	006c55f0	FUN_006c55f0	undefined FUN_006c55f0()	0	0	unknown	true		7	958	59	23	1995
urn:ure:t6:occ:function:current-client:006c56a0	0x006c56a0	xbuild-enriched-full	true	006c56a0	FUN_006c56a0	undefined FUN_006c56a0()	0	0	unknown	true		2	159	10	1	466
urn:ure:t6:occ:function:current-client:006c5710	0x006c5710	xbuild-enriched-full	true	006c5710	FUN_006c5710	undefined FUN_006c5710()	0	0	unknown	true		1	313	12	3	566
urn:ure:t6:occ:function:current-client:006c5820	0x006c5820	xbuild-enriched-full	true	006c5820	FUN_006c5820	undefined FUN_006c5820()	0	0	unknown	true		8	1223	59	8	2454
urn:ure:t6:occ:function:current-client:006c5910	0x006c5910	xbuild-enriched-full	true	006c5910	FUN_006c5910	undefined FUN_006c5910()	0	0	unknown	true		1	130	8	4	403
urn:ure:t6:occ:function:current-client:006c5930	0x006c5930	xbuild-enriched-full	true	006c5930	FUN_006c5930	undefined FUN_006c5930()	0	0	unknown	true		2	166	12	2	518
urn:ure:t6:occ:function:current-client:006c5960	0x006c5960	xbuild-enriched-full	true	006c5960	FUN_006c5960	undefined FUN_006c5960()	0	0	unknown	true		2	306	17	4	679
urn:ure:t6:occ:function:current-client:006c59e0	0x006c59e0	xbuild-enriched-full	true	006c59e0	FUN_006c59e0	undefined FUN_006c59e0()	0	0	unknown	true		4	619	35	2	1519
urn:ure:t6:occ:function:current-client:006c5a60	0x006c5a60	xbuild-enriched-full	true	006c5a60	FUN_006c5a60	undefined FUN_006c5a60()	0	0	unknown	true		3	579	33	6	1169
urn:ure:t6:occ:function:current-client:006c5ac0	0x006c5ac0	xbuild-enriched-full	true	006c5ac0	FUN_006c5ac0	undefined FUN_006c5ac0()	0	0	unknown	true		5	605	43	7	1769
urn:ure:t6:occ:function:current-client:006c5ba0	0x006c5ba0	xbuild-enriched-full	true	006c5ba0	FUN_006c5ba0	undefined FUN_006c5ba0()	0	0	unknown	true		31	3875	267	48	8844
urn:ure:t6:occ:function:current-client:006c5ef0	0x006c5ef0	xbuild-enriched-full	true	006c5ef0	FUN_006c5ef0	undefined FUN_006c5ef0()	0	0	unknown	true		7	723	57	7	2031
urn:ure:t6:occ:function:current-client:006c5fc0	0x006c5fc0	xbuild-enriched-full	true	006c5fc0	FUN_006c5fc0	undefined FUN_006c5fc0()	0	0	unknown	true		2	270	10	4	444
urn:ure:t6:occ:function:current-client:006c6060	0x006c6060	xbuild-enriched-full	true	006c6060	FUN_006c6060	undefined FUN_006c6060()	0	0	unknown	true		22	4246	183	16	7643
urn:ure:t6:occ:function:current-client:006c6320	0x006c6320	xbuild-enriched-full	true	006c6320	FUN_006c6320	undefined FUN_006c6320()	0	0	unknown	true		28	2255	196	55	6897
urn:ure:t6:occ:function:current-client:006c65f0	0x006c65f0	xbuild-enriched-full	true	006c65f0	FUN_006c65f0	undefined FUN_006c65f0()	0	0	unknown	true		16	2412	158	8	6686
urn:ure:t6:occ:function:current-client:006c6880	0x006c6880	xbuild-enriched-full	true	006c6880	FUN_006c6880	undefined FUN_006c6880()	0	0	unknown	true		6	557	49	11	1677
urn:ure:t6:occ:function:current-client:006c6910	0x006c6910	xbuild-enriched-full	true	006c6910	FUN_006c6910	undefined FUN_006c6910()	0	0	unknown	true		14	1189	94	26	2988
urn:ure:t6:occ:function:current-client:006c6a20	0x006c6a20	xbuild-enriched-full	true	006c6a20	FUN_006c6a20	undefined FUN_006c6a20()	0	0	unknown	true		3	406	16	4	737
urn:ure:t6:occ:function:current-client:006c6a60	0x006c6a60	xbuild-enriched-full	true	006c6a60	FUN_006c6a60	undefined FUN_006c6a60()	0	0	unknown	true		6	668	44	17	1604
urn:ure:t6:occ:function:current-client:006c6b10	0x006c6b10	xbuild-enriched-full	true	006c6b10	FUN_006c6b10	undefined FUN_006c6b10()	0	0	unknown	true		14	1531	107	18	3423
urn:ure:t6:occ:function:current-client:006c6c30	0x006c6c30	xbuild-enriched-full	true	006c6c30	FUN_006c6c30	undefined FUN_006c6c30()	0	0	unknown	true		1	177	3	1	255
urn:ure:t6:occ:function:current-client:006c6c40	0x006c6c40	xbuild-enriched-full	true	006c6c40	FUN_006c6c40	undefined FUN_006c6c40()	0	0	unknown	true		2	379	13	2	579
urn:ure:t6:occ:function:current-client:006c6c70	0x006c6c70	xbuild-enriched-full	true	006c6c70	FUN_006c6c70	undefined FUN_006c6c70()	0	0	unknown	true		2	163	13	1	523
urn:ure:t6:occ:function:current-client:006c6c90	0x006c6c90	xbuild-enriched-full	true	006c6c90	FUN_006c6c90	undefined FUN_006c6c90()	0	0	unknown	true		18	2036	141	23	5510
urn:ure:t6:occ:function:current-client:006c6ed0	0x006c6ed0	xbuild-enriched-full	true	006c6ed0	FUN_006c6ed0	undefined FUN_006c6ed0()	0	0	unknown	true		3	508	24	9	895
urn:ure:t6:occ:function:current-client:006c6f90	0x006c6f90	xbuild-enriched-full	true	006c6f90	FUN_006c6f90	undefined FUN_006c6f90()	0	0	unknown	true		1	81	5	0	310
urn:ure:t6:occ:function:current-client:006c6fb0	0x006c6fb0	xbuild-enriched-full	true	006c6fb0	FUN_006c6fb0	undefined FUN_006c6fb0()	0	0	unknown	true		22	2490	153	43	5149
urn:ure:t6:occ:function:current-client:006c7180	0x006c7180	xbuild-enriched-full	true	006c7180	FUN_006c7180	undefined FUN_006c7180()	0	0	unknown	true		25	3126	225	53	7250
urn:ure:t6:occ:function:current-client:006c7460	0x006c7460	xbuild-enriched-full	true	006c7460	FUN_006c7460	undefined FUN_006c7460()	0	0	unknown	true		9	1021	78	20	2522
urn:ure:t6:occ:function:current-client:006c7560	0x006c7560	xbuild-enriched-full	true	006c7560	FUN_006c7560	undefined FUN_006c7560()	0	0	unknown	true		3	480	19	8	951
urn:ure:t6:occ:function:current-client:006c75c0	0x006c75c0	xbuild-enriched-full	true	006c75c0	FUN_006c75c0	undefined FUN_006c75c0()	0	0	unknown	true		22	3244	202	50	7263
urn:ure:t6:occ:function:current-client:006c7850	0x006c7850	xbuild-enriched-full	true	006c7850	FUN_006c7850	undefined FUN_006c7850()	0	0	unknown	true		1	105	4	1	304
urn:ure:t6:occ:function:current-client:006c7a80	0x006c7a80	xbuild-enriched-full	true	006c7a80	FUN_006c7a80	undefined FUN_006c7a80()	0	0	unknown	true		11	1539	102	7	4548
urn:ure:t6:occ:function:current-client:006c7c50	0x006c7c50	xbuild-enriched-full	true	006c7c50	FUN_006c7c50	undefined FUN_006c7c50()	0	0	unknown	true		7	729	48	8	1761
urn:ure:t6:occ:function:current-client:006c7cf0	0x006c7cf0	xbuild-enriched-full	true	006c7cf0	FUN_006c7cf0	undefined FUN_006c7cf0()	0	0	unknown	true		1	148	3	1	233
urn:ure:t6:occ:function:current-client:006c7d00	0x006c7d00	xbuild-enriched-full	true	006c7d00	FUN_006c7d00	undefined FUN_006c7d00()	0	0	unknown	true		2	268	12	7	521
urn:ure:t6:occ:function:current-client:006c7d30	0x006c7d30	xbuild-enriched-full	true	006c7d30	FUN_006c7d30	undefined FUN_006c7d30()	0	0	unknown	true		155	10602	538	112	21126
urn:ure:t6:occ:function:current-client:006c8620	0x006c8620	xbuild-enriched-full	true	006c8620	FUN_006c8620	undefined FUN_006c8620()	0	0	unknown	true		10	416	33	6	1074
urn:ure:t6:occ:function:current-client:006c8680	0x006c8680	xbuild-enriched-full	true	006c8680	FUN_006c8680	undefined FUN_006c8680()	0	0	unknown	true		15	2788	97	9	5041
urn:ure:t6:occ:function:current-client:006c88c0	0x006c88c0	xbuild-enriched-full	true	006c88c0	FUN_006c88c0	undefined FUN_006c88c0()	0	0	unknown	true		24	2679	186	68	6362
urn:ure:t6:occ:function:current-client:006c8bb0	0x006c8bb0	xbuild-enriched-full	true	006c8bb0	FUN_006c8bb0	undefined FUN_006c8bb0()	0	0	unknown	true		46	5985	389	18	17273
urn:ure:t6:occ:function:current-client:006c92d0	0x006c92d0	xbuild-enriched-full	true	006c92d0	FUN_006c92d0	undefined FUN_006c92d0()	0	0	unknown	true		5	962	39	7	1871
urn:ure:t6:occ:function:current-client:006c9390	0x006c9390	xbuild-enriched-full	true	006c9390	FUN_006c9390	undefined FUN_006c9390()	0	0	unknown	true		111	10080	461	139	19767
urn:ure:t6:occ:function:current-client:006c9c00	0x006c9c00	xbuild-enriched-full	true	006c9c00	FUN_006c9c00	undefined FUN_006c9c00()	0	0	unknown	true		27	2163	177	51	5851
urn:ure:t6:occ:function:current-client:006c9e30	0x006c9e30	xbuild-enriched-full	true	006c9e30	FUN_006c9e30	undefined FUN_006c9e30()	0	0	unknown	true		7	1127	76	2	3327
urn:ure:t6:occ:function:current-client:006c9f80	0x006c9f80	xbuild-enriched-full	true	006c9f80	FUN_006c9f80	undefined FUN_006c9f80()	0	0	unknown	true		3	559	31	1	1436
urn:ure:t6:occ:function:current-client:006ca000	0x006ca000	xbuild-enriched-full	true	006ca000	FUN_006ca000	undefined FUN_006ca000()	0	0	unknown	true		3	304	11	4	542
urn:ure:t6:occ:function:current-client:006ca030	0x006ca030	xbuild-enriched-full	true	006ca030	FUN_006ca030	undefined FUN_006ca030()	0	0	unknown	true		10	1354	87	15	3102
urn:ure:t6:occ:function:current-client:006ca140	0x006ca140	xbuild-enriched-full	true	006ca140	FUN_006ca140	undefined FUN_006ca140()	0	0	unknown	true		8	1064	61	17	2256
urn:ure:t6:occ:function:current-client:006ca220	0x006ca220	xbuild-enriched-full	true	006ca220	FUN_006ca220	undefined FUN_006ca220()	0	0	unknown	true		2	278	19	2	721
urn:ure:t6:occ:function:current-client:006ca2d0	0x006ca2d0	xbuild-enriched-full	true	006ca2d0	STEAM_API.DLL::SteamAPI_RunCallbacks	undefined SteamAPI_RunCallbacks()	0	0	unknown	true		1	239	1	1	187
urn:ure:t6:occ:function:current-client:006ca330	0x006ca330	xbuild-enriched-full	true	006ca330	FUN_006ca330	undefined FUN_006ca330()	0	0	unknown	true		11	1193	102	15	3238
urn:ure:t6:occ:function:current-client:006ca420	0x006ca420	xbuild-enriched-full	true	006ca420	FUN_006ca420	undefined FUN_006ca420()	0	0	unknown	true		4	396	24	8	821
urn:ure:t6:occ:function:current-client:006ca460	0x006ca460	xbuild-enriched-full	true	006ca460	FUN_006ca460	undefined FUN_006ca460()	0	0	unknown	true		12	1334	90	8	3759
urn:ure:t6:occ:function:current-client:006ca5d0	0x006ca5d0	xbuild-enriched-full	true	006ca5d0	FUN_006ca5d0	undefined FUN_006ca5d0()	0	0	unknown	true		16	2213	126	38	4221
urn:ure:t6:occ:function:current-client:006ca750	0x006ca750	xbuild-enriched-full	true	006ca750	FUN_006ca750	undefined FUN_006ca750()	0	0	unknown	true		1	145	6	2	431
urn:ure:t6:occ:function:current-client:006ca910	0x006ca910	xbuild-enriched-full	true	006ca910	FUN_006ca910	undefined FUN_006ca910()	0	0	unknown	true		4	455	30	7	1015
urn:ure:t6:occ:function:current-client:006ca970	0x006ca970	xbuild-enriched-full	true	006ca970	FUN_006ca970	undefined FUN_006ca970()	0	0	unknown	true		18	1712	117	22	4435
urn:ure:t6:occ:function:current-client:006cab30	0x006cab30	xbuild-enriched-full	true	006cab30	FUN_006cab30	undefined FUN_006cab30()	0	0	unknown	true		6	683	43	16	1514
urn:ure:t6:occ:function:current-client:006cabb0	0x006cabb0	xbuild-enriched-full	true	006cabb0	FUN_006cabb0	undefined FUN_006cabb0()	0	0	unknown	true		16	1709	92	35	3504
urn:ure:t6:occ:function:current-client:006cad20	0x006cad20	xbuild-enriched-full	true	006cad20	FUN_006cad20	undefined FUN_006cad20()	0	0	unknown	true		5	850	44	10	1424
urn:ure:t6:occ:function:current-client:006cad90	0x006cad90	xbuild-enriched-full	true	006cad90	FUN_006cad90	undefined FUN_006cad90()	0	0	unknown	true		1	172	3	1	249
urn:ure:t6:occ:function:current-client:006cada0	0x006cada0	xbuild-enriched-full	true	006cada0	thunk_FUN_005f0410	undefined thunk_FUN_005f0410()	0	0	unknown	true		23	3260	1	1	173
urn:ure:t6:occ:function:current-client:006cb730	0x006cb730	xbuild-enriched-full	true	006cb730	FUN_006cb730	undefined FUN_006cb730()	0	0	unknown	true		4	278	20	8	719
urn:ure:t6:occ:function:current-client:006cb770	0x006cb770	xbuild-enriched-full	true	006cb770	FUN_006cb770	undefined FUN_006cb770()	0	0	unknown	true		15	1522	116	24	3543
urn:ure:t6:occ:function:current-client:006cb880	0x006cb880	xbuild-enriched-full	true	006cb880	FUN_006cb880	undefined FUN_006cb880()	0	0	unknown	true		7	837	51	17	1630
urn:ure:t6:occ:function:current-client:006cb910	0x006cb910	xbuild-enriched-full	true	006cb910	FUN_006cb910	undefined FUN_006cb910()	0	0	unknown	true		4	507	28	12	1113
urn:ure:t6:occ:function:current-client:006cb970	0x006cb970	xbuild-enriched-full	true	006cb970	FUN_006cb970	undefined FUN_006cb970()	0	0	unknown	true		4	454	29	9	981
urn:ure:t6:occ:function:current-client:006cb9d0	0x006cb9d0	xbuild-enriched-full	true	006cb9d0	FUN_006cb9d0	undefined FUN_006cb9d0()	0	0	unknown	true		2	120	10	1	461
urn:ure:t6:occ:function:current-client:006cb9f0	0x006cb9f0	xbuild-enriched-full	true	006cb9f0	FUN_006cb9f0	undefined FUN_006cb9f0()	0	0	unknown	true		2	356	9	1	554
urn:ure:t6:occ:function:current-client:006cbb60	0x006cbb60	xbuild-enriched-full	true	006cbb60	FUN_006cbb60	undefined FUN_006cbb60()	0	0	unknown	true		0	61	2	1	208
urn:ure:t6:occ:function:current-client:006cbb70	0x006cbb70	xbuild-enriched-full	true	006cbb70	FUN_006cbb70	undefined FUN_006cbb70()	0	0	unknown	true		23	2320	147	39	5151
urn:ure:t6:occ:function:current-client:006cbd70	0x006cbd70	xbuild-enriched-full	true	006cbd70	FUN_006cbd70	undefined FUN_006cbd70()	0	0	unknown	true		7	812	56	18	2000
urn:ure:t6:occ:function:current-client:006cbe60	0x006cbe60	xbuild-enriched-full	true	006cbe60	FUN_006cbe60	undefined FUN_006cbe60()	0	0	unknown	true		13	1661	116	24	3584
urn:ure:t6:occ:function:current-client:006cbfb0	0x006cbfb0	xbuild-enriched-full	true	006cbfb0	FUN_006cbfb0	undefined FUN_006cbfb0()	0	0	unknown	true		0	148	2	1	215
urn:ure:t6:occ:function:current-client:006cbfc0	0x006cbfc0	xbuild-enriched-full	true	006cbfc0	FUN_006cbfc0	undefined FUN_006cbfc0()	0	0	unknown	true		5	788	49	2	1945
urn:ure:t6:occ:function:current-client:006cc060	0x006cc060	xbuild-enriched-full	true	006cc060	FUN_006cc060	undefined FUN_006cc060()	0	0	unknown	true		2	617	18	2	895
urn:ure:t6:occ:function:current-client:006cc0b0	0x006cc0b0	xbuild-enriched-full	true	006cc0b0	FUN_006cc0b0	undefined FUN_006cc0b0()	0	0	unknown	true		6	1033	54	4	2267
urn:ure:t6:occ:function:current-client:006cc170	0x006cc170	xbuild-enriched-full	true	006cc170	FUN_006cc170	undefined FUN_006cc170()	0	0	unknown	true		3	297	13	5	655
urn:ure:t6:occ:function:current-client:006cc1d0	0x006cc1d0	xbuild-enriched-full	true	006cc1d0	FUN_006cc1d0	undefined FUN_006cc1d0()	0	0	unknown	true		11	1785	95	43	3436
urn:ure:t6:occ:function:current-client:006cc320	0x006cc320	xbuild-enriched-full	true	006cc320	FUN_006cc320	undefined FUN_006cc320()	0	0	unknown	true		12	2309	130	7	5904
urn:ure:t6:occ:function:current-client:006cc580	0x006cc580	xbuild-enriched-full	true	006cc580	FUN_006cc580	undefined FUN_006cc580()	0	0	unknown	true		1	88	6	1	313
urn:ure:t6:occ:function:current-client:006cc590	0x006cc590	xbuild-enriched-full	true	006cc590	FUN_006cc590	undefined FUN_006cc590()	0	0	unknown	true		2	158	13	1	522
urn:ure:t6:occ:function:current-client:006cc5c0	0x006cc5c0	xbuild-enriched-full	true	006cc5c0	FUN_006cc5c0	undefined FUN_006cc5c0()	0	0	unknown	true		10	1241	75	30	2515
urn:ure:t6:occ:function:current-client:006cc6b0	0x006cc6b0	xbuild-enriched-full	true	006cc6b0	FUN_006cc6b0	undefined FUN_006cc6b0()	0	0	unknown	true		2	326	25	2	938
urn:ure:t6:occ:function:current-client:006cc700	0x006cc700	xbuild-enriched-full	true	006cc700	FUN_006cc700	undefined FUN_006cc700()	0	0	unknown	true		16	2925	141	23	5577
urn:ure:t6:occ:function:current-client:006cc8f0	0x006cc8f0	xbuild-enriched-full	true	006cc8f0	FUN_006cc8f0	undefined FUN_006cc8f0()	0	0	unknown	true		6	821	54	23	1838
urn:ure:t6:occ:function:current-client:006cc9c0	0x006cc9c0	xbuild-enriched-full	true	006cc9c0	FUN_006cc9c0	undefined FUN_006cc9c0()	0	0	unknown	true		3	511	28	7	1217
urn:ure:t6:occ:function:current-client:006cca30	0x006cca30	xbuild-enriched-full	true	006cca30	FUN_006cca30	undefined FUN_006cca30()	0	0	unknown	true		64	8754	409	70	14950
urn:ure:t6:occ:function:current-client:006ccfc0	0x006ccfc0	xbuild-enriched-full	true	006ccfc0	FUN_006ccfc0	undefined FUN_006ccfc0()	0	0	unknown	true		8	811	75	12	2255
urn:ure:t6:occ:function:current-client:006cd070	0x006cd070	xbuild-enriched-full	true	006cd070	FUN_006cd070	undefined FUN_006cd070()	0	0	unknown	true		1	145	4	1	257
urn:ure:t6:occ:function:current-client:006cd0b0	0x006cd0b0	xbuild-enriched-full	true	006cd0b0	FUN_006cd0b0	undefined FUN_006cd0b0()	0	0	unknown	true		2	170	11	3	454
urn:ure:t6:occ:function:current-client:006cd0d0	0x006cd0d0	xbuild-enriched-full	true	006cd0d0	FUN_006cd0d0	undefined FUN_006cd0d0()	0	0	unknown	true		13	1638	112	35	3657
urn:ure:t6:occ:function:current-client:006cd230	0x006cd230	xbuild-enriched-full	true	006cd230	FUN_006cd230	undefined FUN_006cd230()	0	0	unknown	true		8	1764	61	12	2177
urn:ure:t6:occ:function:current-client:006cd300	0x006cd300	xbuild-enriched-full	true	006cd300	FUN_006cd300	undefined FUN_006cd300()	0	0	unknown	true		1	100	6	2	327
urn:ure:t6:occ:function:current-client:006cd320	0x006cd320	xbuild-enriched-full	true	006cd320	FUN_006cd320	undefined FUN_006cd320()	0	0	unknown	true		0	41	1	0	162
urn:ure:t6:occ:function:current-client:006cd330	0x006cd330	xbuild-enriched-full	true	006cd330	FUN_006cd330	undefined FUN_006cd330()	0	0	unknown	true		8	966	56	15	1909
urn:ure:t6:occ:function:current-client:006cd3d0	0x006cd3d0	xbuild-enriched-full	true	006cd3d0	FUN_006cd3d0	undefined FUN_006cd3d0()	0	0	unknown	true		35	3720	295	51	9160
urn:ure:t6:occ:function:current-client:006cd740	0x006cd740	xbuild-enriched-full	true	006cd740	FUN_006cd740	undefined FUN_006cd740()	0	0	unknown	true		4	523	29	12	1001
urn:ure:t6:occ:function:current-client:006cd790	0x006cd790	xbuild-enriched-full	true	006cd790	FUN_006cd790	undefined FUN_006cd790()	0	0	unknown	true		40	5352	277	63	9406
urn:ure:t6:occ:function:current-client:006cdb00	0x006cdb00	xbuild-enriched-full	true	006cdb00	FUN_006cdb00	undefined FUN_006cdb00()	0	0	unknown	true		5	136	9	1	423
urn:ure:t6:occ:function:current-client:006cdb20	0x006cdb20	xbuild-enriched-full	true	006cdb20	FUN_006cdb20	undefined FUN_006cdb20()	0	0	unknown	true		60	5015	321	64	13079
urn:ure:t6:occ:function:current-client:006ce070	0x006ce070	xbuild-enriched-full	true	006ce070	FUN_006ce070	undefined FUN_006ce070()	0	0	unknown	true		9	1589	79	11	3632
urn:ure:t6:occ:function:current-client:006ce220	0x006ce220	xbuild-enriched-full	true	006ce220	FUN_006ce220	undefined FUN_006ce220()	0	0	unknown	true		6	1126	62	4	2361
urn:ure:t6:occ:function:current-client:006ce2e0	0x006ce2e0	xbuild-enriched-full	true	006ce2e0	FUN_006ce2e0	undefined FUN_006ce2e0()	0	0	unknown	true		5	530	39	12	1275
urn:ure:t6:occ:function:current-client:006ce350	0x006ce350	xbuild-enriched-full	true	006ce350	FUN_006ce350	undefined FUN_006ce350()	0	0	unknown	true		1	131	9	3	394
urn:ure:t6:occ:function:current-client:006ce370	0x006ce370	xbuild-enriched-full	true	006ce370	thunk_FUN_0057c590	undefined thunk_FUN_0057c590()	0	0	unknown	true		3	254	1	1	173
urn:ure:t6:occ:function:current-client:006ce390	0x006ce390	xbuild-enriched-full	true	006ce390	FUN_006ce390	undefined FUN_006ce390()	0	0	unknown	true		4	435	30	3	1106
urn:ure:t6:occ:function:current-client:006ce400	0x006ce400	xbuild-enriched-full	true	006ce400	FUN_006ce400	undefined FUN_006ce400()	0	0	unknown	true		9	1498	78	13	2569
urn:ure:t6:occ:function:current-client:006ce4e0	0x006ce4e0	xbuild-enriched-full	true	006ce4e0	FUN_006ce4e0	undefined FUN_006ce4e0()	0	0	unknown	true		1	117	8	1	436
urn:ure:t6:occ:function:current-client:006ce500	0x006ce500	xbuild-enriched-full	true	006ce500	FUN_006ce500	undefined FUN_006ce500()	0	0	unknown	true		3	197	24	4	750
urn:ure:t6:occ:function:current-client:006ce540	0x006ce540	xbuild-enriched-full	true	006ce540	FUN_006ce540	undefined FUN_006ce540()	0	0	unknown	true		2	294	19	8	756
urn:ure:t6:occ:function:current-client:006ce590	0x006ce590	xbuild-enriched-full	true	006ce590	FUN_006ce590	undefined FUN_006ce590()	0	0	unknown	true		3	314	20	4	761
urn:ure:t6:occ:function:current-client:006ce5d0	0x006ce5d0	xbuild-enriched-full	true	006ce5d0	FUN_006ce5d0	undefined FUN_006ce5d0()	0	0	unknown	true		1	80	8	1	360
urn:ure:t6:occ:function:current-client:006ce670	0x006ce670	xbuild-enriched-full	true	006ce670	FUN_006ce670	undefined FUN_006ce670()	0	0	unknown	true		5	748	51	14	1670
urn:ure:t6:occ:function:current-client:006ce700	0x006ce700	xbuild-enriched-full	true	006ce700	FUN_006ce700	undefined FUN_006ce700()	0	0	unknown	true		4	779	42	20	1475
urn:ure:t6:occ:function:current-client:006ce790	0x006ce790	xbuild-enriched-full	true	006ce790	FUN_006ce790	undefined FUN_006ce790()	0	0	unknown	true		0	87	3	0	250
urn:ure:t6:occ:function:current-client:006ce7a0	0x006ce7a0	xbuild-enriched-full	true	006ce7a0	FUN_006ce7a0	undefined FUN_006ce7a0()	0	0	unknown	true		8	1232	72	26	2569
urn:ure:t6:occ:function:current-client:006ce8a0	0x006ce8a0	xbuild-enriched-full	true	006ce8a0	FUN_006ce8a0	undefined FUN_006ce8a0()	0	0	unknown	true		21	2267	154	45	4846
urn:ure:t6:occ:function:current-client:006cea60	0x006cea60	xbuild-enriched-full	true	006cea60	FUN_006cea60	undefined FUN_006cea60()	0	0	unknown	true		0	60	2	1	194
urn:ure:t6:occ:function:current-client:006cea70	0x006cea70	xbuild-enriched-full	true	006cea70	FUN_006cea70	undefined FUN_006cea70()	0	0	unknown	true		25	2878	178	37	6709
urn:ure:t6:occ:function:current-client:006ced20	0x006ced20	xbuild-enriched-full	true	006ced20	FUN_006ced20	undefined FUN_006ced20()	0	0	unknown	true		2	310	13	4	610
urn:ure:t6:occ:function:current-client:006ced50	0x006ced50	xbuild-enriched-full	true	006ced50	FUN_006ced50	undefined FUN_006ced50()	0	0	unknown	true		8	1116	67	17	2351
urn:ure:t6:occ:function:current-client:006cee30	0x006cee30	xbuild-enriched-full	true	006cee30	FUN_006cee30	undefined FUN_006cee30()	0	0	unknown	true		4	565	35	14	1148
urn:ure:t6:occ:function:current-client:006ceea0	0x006ceea0	xbuild-enriched-full	true	006ceea0	FUN_006ceea0	undefined FUN_006ceea0()	0	0	unknown	true		60	3927	275	149	9767
urn:ure:t6:occ:function:current-client:006cf2d0	0x006cf2d0	xbuild-enriched-full	true	006cf2d0	FUN_006cf2d0	undefined FUN_006cf2d0()	0	0	unknown	true		5	434	28	9	969
urn:ure:t6:occ:function:current-client:006cf330	0x006cf330	xbuild-enriched-full	true	006cf330	FUN_006cf330	undefined FUN_006cf330()	0	0	unknown	true		4	639	25	10	1096
urn:ure:t6:occ:function:current-client:006cf390	0x006cf390	xbuild-enriched-full	true	006cf390	FUN_006cf390	undefined FUN_006cf390()	0	0	unknown	true		2	323	20	4	804
urn:ure:t6:occ:function:current-client:006cf3d0	0x006cf3d0	xbuild-enriched-full	true	006cf3d0	FUN_006cf3d0	undefined FUN_006cf3d0()	0	0	unknown	true		9	1143	82	12	2715
urn:ure:t6:occ:function:current-client:006cf4a0	0x006cf4a0	xbuild-enriched-full	true	006cf4a0	FUN_006cf4a0	undefined FUN_006cf4a0()	0	0	unknown	true		13	1202	110	24	3475
urn:ure:t6:occ:function:current-client:006cf5d0	0x006cf5d0	xbuild-enriched-full	true	006cf5d0	FUN_006cf5d0	undefined FUN_006cf5d0()	0	0	unknown	true		1	113	5	2	275
urn:ure:t6:occ:function:current-client:006cf5e0	0x006cf5e0	xbuild-enriched-full	true	006cf5e0	FUN_006cf5e0	undefined FUN_006cf5e0()	0	0	unknown	true		0	60	2	1	194
urn:ure:t6:occ:function:current-client:006cf5f0	0x006cf5f0	xbuild-enriched-full	true	006cf5f0	FUN_006cf5f0	undefined FUN_006cf5f0()	0	0	unknown	true		19	2088	134	51	4798
urn:ure:t6:occ:function:current-client:006cf7d0	0x006cf7d0	xbuild-enriched-full	true	006cf7d0	FUN_006cf7d0	undefined FUN_006cf7d0()	0	0	unknown	true		4	582	26	5	1192
urn:ure:t6:occ:function:current-client:006cf850	0x006cf850	xbuild-enriched-full	true	006cf850	FUN_006cf850	undefined FUN_006cf850()	0	0	unknown	true		2	475	22	3	953
urn:ure:t6:occ:function:current-client:006cf890	0x006cf890	xbuild-enriched-full	true	006cf890	FUN_006cf890	undefined FUN_006cf890()	0	0	unknown	true		4	490	27	13	958
urn:ure:t6:occ:function:current-client:006cf8f0	0x006cf8f0	xbuild-enriched-full	true	006cf8f0	FUN_006cf8f0	undefined FUN_006cf8f0()	0	0	unknown	true		1	127	5	1	348
urn:ure:t6:occ:function:current-client:006cf920	0x006cf920	xbuild-enriched-full	true	006cf920	FUN_006cf920	undefined FUN_006cf920()	0	0	unknown	true		25	3063	175	52	6511
urn:ure:t6:occ:function:current-client:006cfd10	0x006cfd10	xbuild-enriched-full	true	006cfd10	FUN_006cfd10	undefined FUN_006cfd10()	0	0	unknown	true		118	11769	487	53	21330
urn:ure:t6:occ:function:current-client:006d05d0	0x006d05d0	xbuild-enriched-full	true	006d05d0	FUN_006d05d0	undefined FUN_006d05d0()	0	0	unknown	true		1	62	6	0	304
urn:ure:t6:occ:function:current-client:006d05e0	0x006d05e0	xbuild-enriched-full	true	006d05e0	thunk_FUN_00570e40	undefined thunk_FUN_00570e40()	0	0	unknown	true		10	1094	1	1	173
urn:ure:t6:occ:function:current-client:006d05f0	0x006d05f0	xbuild-enriched-full	true	006d05f0	FUN_006d05f0	undefined FUN_006d05f0()	0	0	unknown	true		1	173	5	1	336
urn:ure:t6:occ:function:current-client:006d0610	0x006d0610	xbuild-enriched-full	true	006d0610	FUN_006d0610	undefined FUN_006d0610()	0	0	unknown	true		8	821	54	23	1838
urn:ure:t6:occ:function:current-client:006d06c0	0x006d06c0	xbuild-enriched-full	true	006d06c0	FUN_006d06c0	undefined FUN_006d06c0()	0	0	unknown	true		10	1402	73	22	2414
urn:ure:t6:occ:function:current-client:006d07a0	0x006d07a0	xbuild-enriched-full	true	006d07a0	FUN_006d07a0	undefined FUN_006d07a0()	0	0	unknown	true		7	634	48	18	1569
urn:ure:t6:occ:function:current-client:006d0830	0x006d0830	xbuild-enriched-full	true	006d0830	FUN_006d0830	undefined FUN_006d0830()	0	0	unknown	true		56	3621	270	94	10811
urn:ure:t6:occ:function:current-client:006d0c90	0x006d0c90	xbuild-enriched-full	true	006d0c90	FUN_006d0c90	undefined FUN_006d0c90()	0	0	unknown	true		9	1142	58	14	2219
urn:ure:t6:occ:function:current-client:006d0e00	0x006d0e00	xbuild-enriched-full	true	006d0e00	FUN_006d0e00	undefined FUN_006d0e00()	0	0	unknown	true		1	59	4	1	303
urn:ure:t6:occ:function:current-client:006d0e20	0x006d0e20	xbuild-enriched-full	true	006d0e20	FUN_006d0e20	undefined FUN_006d0e20()	0	0	unknown	true		2	179	14	4	525
urn:ure:t6:occ:function:current-client:006d0e50	0x006d0e50	xbuild-enriched-full	true	006d0e50	FUN_006d0e50	undefined FUN_006d0e50()	0	0	unknown	true		15	2625	140	20	5666
urn:ure:t6:occ:function:current-client:006d10a0	0x006d10a0	xbuild-enriched-full	true	006d10a0	FUN_006d10a0	undefined FUN_006d10a0()	0	0	unknown	true		165	13642	681	229	25496
urn:ure:t6:occ:function:current-client:006d1a10	0x006d1a10	xbuild-enriched-full	true	006d1a10	FUN_006d1a10	undefined FUN_006d1a10()	0	0	unknown	true		7	371	28	3	994
urn:ure:t6:occ:function:current-client:006d1a60	0x006d1a60	xbuild-enriched-full	true	006d1a60	FUN_006d1a60	undefined FUN_006d1a60()	0	0	unknown	true		4	476	34	3	1133
urn:ure:t6:occ:function:current-client:006d1ab0	0x006d1ab0	xbuild-enriched-full	true	006d1ab0	FUN_006d1ab0	undefined FUN_006d1ab0()	0	0	unknown	true		39	4544	280	70	10903
urn:ure:t6:occ:function:current-client:006d1f80	0x006d1f80	xbuild-enriched-full	true	006d1f80	FUN_006d1f80	undefined FUN_006d1f80()	0	0	unknown	true		7	942	54	26	1931
urn:ure:t6:occ:function:current-client:006d2020	0x006d2020	xbuild-enriched-full	true	006d2020	FUN_006d2020	undefined FUN_006d2020()	0	0	unknown	true		4	602	42	10	1262
urn:ure:t6:occ:function:current-client:006d2090	0x006d2090	xbuild-enriched-full	true	006d2090	FUN_006d2090	undefined FUN_006d2090()	0	0	unknown	true		8	1519	74	16	3358
urn:ure:t6:occ:function:current-client:006d2210	0x006d2210	xbuild-enriched-full	true	006d2210	FUN_006d2210	undefined FUN_006d2210()	0	0	unknown	true		2	438	17	2	950
urn:ure:t6:occ:function:current-client:006d2270	0x006d2270	xbuild-enriched-full	true	006d2270	FUN_006d2270	undefined FUN_006d2270()	0	0	unknown	true		43	6791	280	21	11984
urn:ure:t6:occ:function:current-client:006d2740	0x006d2740	xbuild-enriched-full	true	006d2740	FUN_006d2740	undefined FUN_006d2740()	0	0	unknown	true		4	450	25	1	963
urn:ure:t6:occ:function:current-client:006d2780	0x006d2780	xbuild-enriched-full	true	006d2780	FUN_006d2780	undefined FUN_006d2780()	0	0	unknown	true		3	477	20	9	896
urn:ure:t6:occ:function:current-client:006d27d0	0x006d27d0	xbuild-enriched-full	true	006d27d0	thunk_FUN_00617920	undefined thunk_FUN_00617920()	0	0	unknown	true		21	793	1	1	173
urn:ure:t6:occ:function:current-client:006d2810	0x006d2810	xbuild-enriched-full	true	006d2810	FUN_006d2810	undefined FUN_006d2810()	0	0	unknown	true		3	436	21	7	780
urn:ure:t6:occ:function:current-client:006d2850	0x006d2850	xbuild-enriched-full	true	006d2850	FUN_006d2850	undefined FUN_006d2850()	0	0	unknown	true		3	363	17	4	662
urn:ure:t6:occ:function:current-client:006d2880	0x006d2880	xbuild-enriched-full	true	006d2880	FUN_006d2880	undefined FUN_006d2880()	0	0	unknown	true		2	198	11	3	532
urn:ure:t6:occ:function:current-client:006d2900	0x006d2900	xbuild-enriched-full	true	006d2900	FUN_006d2900	undefined FUN_006d2900()	0	0	unknown	true		2	212	6	4	315
urn:ure:t6:occ:function:current-client:006d2920	0x006d2920	xbuild-enriched-full	true	006d2920	FUN_006d2920	undefined FUN_006d2920()	0	0	unknown	true		1	100	7	2	392
urn:ure:t6:occ:function:current-client:006d2940	0x006d2940	xbuild-enriched-full	true	006d2940	FUN_006d2940	undefined FUN_006d2940()	0	0	unknown	true		2	195	12	2	536
urn:ure:t6:occ:function:current-client:006d2970	0x006d2970	xbuild-enriched-full	true	006d2970	FUN_006d2970	undefined FUN_006d2970()	0	0	unknown	true		0	147	2	1	195
urn:ure:t6:occ:function:current-client:006d2980	0x006d2980	xbuild-enriched-full	true	006d2980	FUN_006d2980	undefined FUN_006d2980()	0	0	unknown	true		2	320	18	6	711
urn:ure:t6:occ:function:current-client:006d29c0	0x006d29c0	xbuild-enriched-full	true	006d29c0	FUN_006d29c0	undefined FUN_006d29c0()	0	0	unknown	true		2	302	22	4	768
urn:ure:t6:occ:function:current-client:006d29f0	0x006d29f0	xbuild-enriched-full	true	006d29f0	FUN_006d29f0	undefined FUN_006d29f0()	0	0	unknown	true		10	1599	84	12	3512
urn:ure:t6:occ:function:current-client:006d2b40	0x006d2b40	xbuild-enriched-full	true	006d2b40	FUN_006d2b40	undefined FUN_006d2b40()	0	0	unknown	true		1	154	9	2	446
urn:ure:t6:occ:function:current-client:006d2b60	0x006d2b60	xbuild-enriched-full	true	006d2b60	FUN_006d2b60	undefined FUN_006d2b60()	0	0	unknown	true		5	651	54	7	1780
urn:ure:t6:occ:function:current-client:006d2bf0	0x006d2bf0	xbuild-enriched-full	true	006d2bf0	FUN_006d2bf0	undefined FUN_006d2bf0()	0	0	unknown	true		10	1791	102	13	3842
urn:ure:t6:occ:function:current-client:006d2d60	0x006d2d60	xbuild-enriched-full	true	006d2d60	FUN_006d2d60	undefined FUN_006d2d60()	0	0	unknown	true		3	628	26	1	1384
urn:ure:t6:occ:function:current-client:006d2e00	0x006d2e00	xbuild-enriched-full	true	006d2e00	FUN_006d2e00	undefined FUN_006d2e00()	0	0	unknown	true		4	656	37	10	1316
urn:ure:t6:occ:function:current-client:006d2e80	0x006d2e80	xbuild-enriched-full	true	006d2e80	FUN_006d2e80	undefined FUN_006d2e80()	0	0	unknown	true		22	2401	163	35	6004
urn:ure:t6:occ:function:current-client:006d31f0	0x006d31f0	xbuild-enriched-full	true	006d31f0	FUN_006d31f0	undefined FUN_006d31f0()	0	0	unknown	true		20	3199	192	36	6341
urn:ure:t6:occ:function:current-client:006d33f0	0x006d33f0	xbuild-enriched-full	true	006d33f0	FUN_006d33f0	undefined FUN_006d33f0()	0	0	unknown	true		14	847	111	31	3888
urn:ure:t6:occ:function:current-client:006d3550	0x006d3550	xbuild-enriched-full	true	006d3550	FUN_006d3550	undefined FUN_006d3550()	0	0	unknown	true		7	874	48	9	1989
urn:ure:t6:occ:function:current-client:006d3620	0x006d3620	xbuild-enriched-full	true	006d3620	FUN_006d3620	undefined FUN_006d3620()	0	0	unknown	true		2	253	14	1	643
urn:ure:t6:occ:function:current-client:006d3650	0x006d3650	xbuild-enriched-full	true	006d3650	FUN_006d3650	undefined FUN_006d3650()	0	0	unknown	true		41	2048	206	115	7746
urn:ure:t6:occ:function:current-client:006d3a00	0x006d3a00	xbuild-enriched-full	true	006d3a00	FUN_006d3a00	undefined FUN_006d3a00()	0	0	unknown	true		30	2837	172	73	5685
urn:ure:t6:occ:function:current-client:006d3c50	0x006d3c50	xbuild-enriched-full	true	006d3c50	FUN_006d3c50	undefined FUN_006d3c50()	0	0	unknown	true		2	137	7	1	367
urn:ure:t6:occ:function:current-client:006d3cb0	0x006d3cb0	xbuild-enriched-full	true	006d3cb0	FUN_006d3cb0	undefined FUN_006d3cb0()	0	0	unknown	true		34	2909	229	52	7229
urn:ure:t6:occ:function:current-client:006d40a0	0x006d40a0	xbuild-enriched-full	true	006d40a0	FUN_006d40a0	undefined FUN_006d40a0()	0	0	unknown	true		1	309	8	3	429
urn:ure:t6:occ:function:current-client:006d4170	0x006d4170	xbuild-enriched-full	true	006d4170	FUN_006d4170	undefined FUN_006d4170()	0	0	unknown	true		2	437	27	2	1029
urn:ure:t6:occ:function:current-client:006d4250	0x006d4250	xbuild-enriched-full	true	006d4250	FUN_006d4250	undefined FUN_006d4250()	0	0	unknown	true		1	261	10	5	462
urn:ure:t6:occ:function:current-client:006d4270	0x006d4270	xbuild-enriched-full	true	006d4270	FUN_006d4270	undefined FUN_006d4270()	0	0	unknown	true		4	573	33	5	1204
urn:ure:t6:occ:function:current-client:006d45c0	0x006d45c0	xbuild-enriched-full	true	006d45c0	FUN_006d45c0	undefined FUN_006d45c0()	0	0	unknown	true		4	504	29	6	996
urn:ure:t6:occ:function:current-client:006d4640	0x006d4640	xbuild-enriched-full	true	006d4640	FUN_006d4640	undefined FUN_006d4640()	0	0	unknown	true		18	1795	161	32	6371
urn:ure:t6:occ:function:current-client:006d48b0	0x006d48b0	xbuild-enriched-full	true	006d48b0	FUN_006d48b0	undefined FUN_006d48b0()	0	0	unknown	true		6	647	60	10	2058
urn:ure:t6:occ:function:current-client:006d4960	0x006d4960	xbuild-enriched-full	true	006d4960	FUN_006d4960	undefined FUN_006d4960()	0	0	unknown	true		10	1044	106	14	3107
urn:ure:t6:occ:function:current-client:006d4a50	0x006d4a50	xbuild-enriched-full	true	006d4a50	FUN_006d4a50	undefined FUN_006d4a50()	0	0	unknown	true		12	2011	114	57	3877
urn:ure:t6:occ:function:current-client:006d4c30	0x006d4c30	xbuild-enriched-full	true	006d4c30	FUN_006d4c30	undefined FUN_006d4c30()	0	0	unknown	true		4	528	33	15	1266
urn:ure:t6:occ:function:current-client:006d4ca0	0x006d4ca0	xbuild-enriched-full	true	006d4ca0	FUN_006d4ca0	undefined FUN_006d4ca0()	0	0	unknown	true		8	1528	63	23	2207
urn:ure:t6:occ:function:current-client:006d4d70	0x006d4d70	xbuild-enriched-full	true	006d4d70	FUN_006d4d70	undefined FUN_006d4d70()	0	0	unknown	true		1	218	11	2	505
urn:ure:t6:occ:function:current-client:006d4d90	0x006d4d90	xbuild-enriched-full	true	006d4d90	FUN_006d4d90	undefined FUN_006d4d90()	0	0	unknown	true		6	673	42	22	1515
urn:ure:t6:occ:function:current-client:006d4e30	0x006d4e30	xbuild-enriched-full	true	006d4e30	FUN_006d4e30	undefined FUN_006d4e30()	0	0	unknown	true		5	931	47	15	1636
urn:ure:t6:occ:function:current-client:006d4eb0	0x006d4eb0	xbuild-enriched-full	true	006d4eb0	FUN_006d4eb0	undefined FUN_006d4eb0()	0	0	unknown	true		18	2644	174	25	5680
urn:ure:t6:occ:function:current-client:006d5050	0x006d5050	xbuild-enriched-full	true	006d5050	FUN_006d5050	undefined FUN_006d5050()	0	0	unknown	true		28	4021	206	74	6623
urn:ure:t6:occ:function:current-client:006d52d0	0x006d52d0	xbuild-enriched-full	true	006d52d0	FUN_006d52d0	undefined FUN_006d52d0()	0	0	unknown	true		6	1158	57	12	1910
urn:ure:t6:occ:function:current-client:006d5360	0x006d5360	xbuild-enriched-full	true	006d5360	FUN_006d5360	undefined FUN_006d5360()	0	0	unknown	true		2	366	14	3	718
urn:ure:t6:occ:function:current-client:006d53b0	0x006d53b0	xbuild-enriched-full	true	006d53b0	FUN_006d53b0	undefined FUN_006d53b0()	0	0	unknown	true		2	315	12	5	566
urn:ure:t6:occ:function:current-client:006d53e0	0x006d53e0	xbuild-enriched-full	true	006d53e0	FUN_006d53e0	undefined FUN_006d53e0()	0	0	unknown	true		10	975	90	31	2694
urn:ure:t6:occ:function:current-client:006d5500	0x006d5500	xbuild-enriched-full	true	006d5500	FUN_006d5500	undefined FUN_006d5500()	0	0	unknown	true		22	2544	154	32	5715
urn:ure:t6:occ:function:current-client:006d5720	0x006d5720	xbuild-enriched-full	true	006d5720	FUN_006d5720	undefined FUN_006d5720()	0	0	unknown	true		1	59	5	1	336
urn:ure:t6:occ:function:current-client:006d5820	0x006d5820	xbuild-enriched-full	true	006d5820	FUN_006d5820	undefined FUN_006d5820()	0	0	unknown	true		6	821	54	23	1838
urn:ure:t6:occ:function:current-client:006d58d0	0x006d58d0	xbuild-enriched-full	true	006d58d0	FUN_006d58d0	undefined FUN_006d58d0()	0	0	unknown	true		2	217	16	4	573
urn:ure:t6:occ:function:current-client:006d5900	0x006d5900	xbuild-enriched-full	true	006d5900	FUN_006d5900	undefined FUN_006d5900()	0	0	unknown	true		0	147	2	1	195
urn:ure:t6:occ:function:current-client:006d5910	0x006d5910	xbuild-enriched-full	true	006d5910	FUN_006d5910	undefined FUN_006d5910()	0	0	unknown	true		2	196	12	3	509
urn:ure:t6:occ:function:current-client:006d5a90	0x006d5a90	xbuild-enriched-full	true	006d5a90	FUN_006d5a90	undefined FUN_006d5a90()	0	0	unknown	true		7	792	62	12	1868
urn:ure:t6:occ:function:current-client:006d5b20	0x006d5b20	xbuild-enriched-full	true	006d5b20	FUN_006d5b20	undefined FUN_006d5b20()	0	0	unknown	true		7	977	62	9	2252
urn:ure:t6:occ:function:current-client:006d5be0	0x006d5be0	xbuild-enriched-full	true	006d5be0	FUN_006d5be0	undefined FUN_006d5be0()	0	0	unknown	true		6	599	45	17	1385
urn:ure:t6:occ:function:current-client:006d5c70	0x006d5c70	xbuild-enriched-full	true	006d5c70	FUN_006d5c70	undefined FUN_006d5c70()	0	0	unknown	true		4	580	34	5	1081
urn:ure:t6:occ:function:current-client:006d5cc0	0x006d5cc0	xbuild-enriched-full	true	006d5cc0	FUN_006d5cc0	undefined FUN_006d5cc0()	0	0	unknown	true		2	180	12	4	497
urn:ure:t6:occ:function:current-client:006d5ce0	0x006d5ce0	xbuild-enriched-full	true	006d5ce0	FUN_006d5ce0	undefined FUN_006d5ce0()	0	0	unknown	true		3	437	22	5	733
urn:ure:t6:occ:function:current-client:006d5d10	0x006d5d10	xbuild-enriched-full	true	006d5d10	FUN_006d5d10	undefined FUN_006d5d10()	0	0	unknown	true		1	134	11	3	437
urn:ure:t6:occ:function:current-client:006d5d30	0x006d5d30	xbuild-enriched-full	true	006d5d30	FUN_006d5d30	undefined FUN_006d5d30()	0	0	unknown	true		4	558	32	9	1037
urn:ure:t6:occ:function:current-client:006d5d90	0x006d5d90	xbuild-enriched-full	true	006d5d90	FUN_006d5d90	undefined FUN_006d5d90()	0	0	unknown	true		5	633	36	8	1313
urn:ure:t6:occ:function:current-client:006d5e00	0x006d5e00	xbuild-enriched-full	true	006d5e00	FUN_006d5e00	undefined FUN_006d5e00()	0	0	unknown	true		32	3389	251	66	7644
urn:ure:t6:occ:function:current-client:006d6110	0x006d6110	xbuild-enriched-full	true	006d6110	FUN_006d6110	undefined FUN_006d6110()	0	0	unknown	true		18	1778	139	27	4735
urn:ure:t6:occ:function:current-client:006d62f0	0x006d62f0	xbuild-enriched-full	true	006d62f0	FUN_006d62f0	undefined FUN_006d62f0()	0	0	unknown	true		2	228	11	5	467
urn:ure:t6:occ:function:current-client:006d6320	0x006d6320	xbuild-enriched-full	true	006d6320	FUN_006d6320	undefined FUN_006d6320()	0	0	unknown	true		6	747	59	13	1885
urn:ure:t6:occ:function:current-client:006d63c0	0x006d63c0	xbuild-enriched-full	true	006d63c0	FUN_006d63c0	undefined FUN_006d63c0()	0	0	unknown	true		2	330	15	7	603
urn:ure:t6:occ:function:current-client:006d63f0	0x006d63f0	xbuild-enriched-full	true	006d63f0	FUN_006d63f0	undefined FUN_006d63f0()	0	0	unknown	true		10	1349	92	16	2907
urn:ure:t6:occ:function:current-client:006d64e0	0x006d64e0	xbuild-enriched-full	true	006d64e0	FUN_006d64e0	undefined FUN_006d64e0()	0	0	unknown	true		17	1792	140	44	4422
urn:ure:t6:occ:function:current-client:006d6730	0x006d6730	xbuild-enriched-full	true	006d6730	FUN_006d6730	undefined FUN_006d6730()	0	0	unknown	true		13	1929	100	22	3966
urn:ure:t6:occ:function:current-client:006d6910	0x006d6910	xbuild-enriched-full	true	006d6910	FUN_006d6910	undefined FUN_006d6910()	0	0	unknown	true		4	656	29	18	1144
urn:ure:t6:occ:function:current-client:006d69e0	0x006d69e0	xbuild-enriched-full	true	006d69e0	FUN_006d69e0	undefined FUN_006d69e0()	0	0	unknown	true		9	944	78	15	2275
urn:ure:t6:occ:function:current-client:006d6a90	0x006d6a90	xbuild-enriched-full	true	006d6a90	FUN_006d6a90	undefined FUN_006d6a90()	0	0	unknown	true		4	520	37	5	1226
urn:ure:t6:occ:function:current-client:006d6b60	0x006d6b60	xbuild-enriched-full	true	006d6b60	FUN_006d6b60	undefined FUN_006d6b60()	0	0	unknown	true		9	1081	68	21	2324
urn:ure:t6:occ:function:current-client:006d6c60	0x006d6c60	xbuild-enriched-full	true	006d6c60	FUN_006d6c60	undefined FUN_006d6c60()	0	0	unknown	true		1	146	9	1	407
urn:ure:t6:occ:function:current-client:006d6c80	0x006d6c80	xbuild-enriched-full	true	006d6c80	FUN_006d6c80	undefined FUN_006d6c80()	0	0	unknown	true		2	351	17	8	639
urn:ure:t6:occ:function:current-client:006d6cc0	0x006d6cc0	xbuild-enriched-full	true	006d6cc0	FUN_006d6cc0	undefined FUN_006d6cc0()	0	0	unknown	true		2	322	18	5	682
urn:ure:t6:occ:function:current-client:006d6cf0	0x006d6cf0	xbuild-enriched-full	true	006d6cf0	FUN_006d6cf0	undefined FUN_006d6cf0()	0	0	unknown	true		4	533	36	5	1163
urn:ure:t6:occ:function:current-client:006d6d50	0x006d6d50	xbuild-enriched-full	true	006d6d50	FUN_006d6d50	undefined FUN_006d6d50()	0	0	unknown	true		3	300	24	1	916
urn:ure:t6:occ:function:current-client:006d6dc0	0x006d6dc0	xbuild-enriched-full	true	006d6dc0	FUN_006d6dc0	undefined FUN_006d6dc0()	0	0	unknown	true		7	1011	65	20	2081
urn:ure:t6:occ:function:current-client:006d6f00	0x006d6f00	xbuild-enriched-full	true	006d6f00	FUN_006d6f00	undefined FUN_006d6f00()	0	0	unknown	true		40	3136	267	89	7989
urn:ure:t6:occ:function:current-client:006d72f0	0x006d72f0	xbuild-enriched-full	true	006d72f0	FUN_006d72f0	undefined FUN_006d72f0()	0	0	unknown	true		8	872	76	18	2391
urn:ure:t6:occ:function:current-client:006d7570	0x006d7570	xbuild-enriched-full	true	006d7570	FUN_006d7570	undefined FUN_006d7570()	0	0	unknown	true		8	1049	69	9	2496
urn:ure:t6:occ:function:current-client:006d76e0	0x006d76e0	xbuild-enriched-full	true	006d76e0	FUN_006d76e0	undefined FUN_006d76e0()	0	0	unknown	true		4	521	33	5	1133
urn:ure:t6:occ:function:current-client:006d7740	0x006d7740	xbuild-enriched-full	true	006d7740	FUN_006d7740	undefined FUN_006d7740()	0	0	unknown	true		3	333	18	7	735
urn:ure:t6:occ:function:current-client:006d77e0	0x006d77e0	xbuild-enriched-full	true	006d77e0	FUN_006d77e0	undefined FUN_006d77e0()	0	0	unknown	true		1	59	2	1	190
urn:ure:t6:occ:function:current-client:006d77f0	0x006d77f0	xbuild-enriched-full	true	006d77f0	FUN_006d77f0	undefined FUN_006d77f0()	0	0	unknown	true		1	84	7	1	333
urn:ure:t6:occ:function:current-client:006d7810	0x006d7810	xbuild-enriched-full	true	006d7810	FUN_006d7810	undefined FUN_006d7810()	0	0	unknown	true		1	185	9	3	457
urn:ure:t6:occ:function:current-client:006d7930	0x006d7930	xbuild-enriched-full	true	006d7930	FUN_006d7930	undefined FUN_006d7930()	0	0	unknown	true		3	385	32	2	1381
urn:ure:t6:occ:function:current-client:006d79b0	0x006d79b0	xbuild-enriched-full	true	006d79b0	FUN_006d79b0	undefined FUN_006d79b0()	0	0	unknown	true		12	1713	102	26	3579
urn:ure:t6:occ:function:current-client:006d7b10	0x006d7b10	xbuild-enriched-full	true	006d7b10	FUN_006d7b10	undefined FUN_006d7b10()	0	0	unknown	true		1	62	6	0	304
urn:ure:t6:occ:function:current-client:006d7b20	0x006d7b20	xbuild-enriched-full	true	006d7b20	FUN_006d7b20	undefined FUN_006d7b20()	0	0	unknown	true		2	435	18	5	645
urn:ure:t6:occ:function:current-client:006d7b60	0x006d7b60	xbuild-enriched-full	true	006d7b60	FUN_006d7b60	undefined FUN_006d7b60()	0	0	unknown	true		2	196	10	1	469
urn:ure:t6:occ:function:current-client:006d7bf0	0x006d7bf0	xbuild-enriched-full	true	006d7bf0	FUN_006d7bf0	undefined FUN_006d7bf0()	0	0	unknown	true		1	87	5	1	308
urn:ure:t6:occ:function:current-client:006d7c00	0x006d7c00	xbuild-enriched-full	true	006d7c00	FUN_006d7c00	undefined FUN_006d7c00()	0	0	unknown	true		2	440	19	3	777
urn:ure:t6:occ:function:current-client:006d7c40	0x006d7c40	xbuild-enriched-full	true	006d7c40	FUN_006d7c40	undefined FUN_006d7c40()	0	0	unknown	true		13	2149	118	14	4603
urn:ure:t6:occ:function:current-client:006d7dc0	0x006d7dc0	xbuild-enriched-full	true	006d7dc0	FUN_006d7dc0	undefined FUN_006d7dc0()	0	0	unknown	true		18	1943	150	50	5112
urn:ure:t6:occ:function:current-client:006d8000	0x006d8000	xbuild-enriched-full	true	006d8000	FUN_006d8000	undefined FUN_006d8000()	0	0	unknown	true		56	6744	557	153	17147
urn:ure:t6:occ:function:current-client:006d8690	0x006d8690	xbuild-enriched-full	true	006d8690	FUN_006d8690	undefined FUN_006d8690()	0	0	unknown	true		17	2652	172	24	6081
urn:ure:t6:occ:function:current-client:006d88a0	0x006d88a0	xbuild-enriched-full	true	006d88a0	FUN_006d88a0	undefined FUN_006d88a0()	0	0	unknown	true		4	554	35	3	1193
urn:ure:t6:occ:function:current-client:006d8990	0x006d8990	xbuild-enriched-full	true	006d8990	FUN_006d8990	undefined FUN_006d8990()	0	0	unknown	true		17	1974	145	77	5048
urn:ure:t6:occ:function:current-client:006d8ba0	0x006d8ba0	xbuild-enriched-full	true	006d8ba0	FUN_006d8ba0	undefined FUN_006d8ba0()	0	0	unknown	true		6	682	42	7	1945
urn:ure:t6:occ:function:current-client:006d8c60	0x006d8c60	xbuild-enriched-full	true	006d8c60	FUN_006d8c60	undefined FUN_006d8c60()	0	0	unknown	true		5	841	39	14	1550
urn:ure:t6:occ:function:current-client:006d8cf0	0x006d8cf0	xbuild-enriched-full	true	006d8cf0	FUN_006d8cf0	undefined FUN_006d8cf0()	0	0	unknown	true		6	787	49	2	1944
urn:ure:t6:occ:function:current-client:006d8d90	0x006d8d90	xbuild-enriched-full	true	006d8d90	FUN_006d8d90	undefined FUN_006d8d90()	0	0	unknown	true		1	163	12	1	519
urn:ure:t6:occ:function:current-client:006d8e10	0x006d8e10	xbuild-enriched-full	true	006d8e10	FUN_006d8e10	undefined FUN_006d8e10()	0	0	unknown	true		9	1150	96	16	2915
urn:ure:t6:occ:function:current-client:006d8ef0	0x006d8ef0	xbuild-enriched-full	true	006d8ef0	FUN_006d8ef0	undefined FUN_006d8ef0()	0	0	unknown	true		14	2377	110	24	4389
urn:ure:t6:occ:function:current-client:006d90b0	0x006d90b0	xbuild-enriched-full	true	006d90b0	FUN_006d90b0	undefined FUN_006d90b0()	0	0	unknown	true		14	1812	126	31	3722
urn:ure:t6:occ:function:current-client:006d91e0	0x006d91e0	xbuild-enriched-full	true	006d91e0	FUN_006d91e0	undefined FUN_006d91e0()	0	0	unknown	true		13	1551	109	20	3936
urn:ure:t6:occ:function:current-client:006d9360	0x006d9360	xbuild-enriched-full	true	006d9360	FUN_006d9360	undefined FUN_006d9360()	0	0	unknown	true		8	948	69	14	2245
urn:ure:t6:occ:function:current-client:006d9410	0x006d9410	xbuild-enriched-full	true	006d9410	FUN_006d9410	undefined FUN_006d9410()	0	0	unknown	true		12	1750	87	15	3810
urn:ure:t6:occ:function:current-client:006d9590	0x006d9590	xbuild-enriched-full	true	006d9590	FUN_006d9590	undefined FUN_006d9590()	0	0	unknown	true		28	3362	178	44	6614
urn:ure:t6:occ:function:current-client:006d9a10	0x006d9a10	xbuild-enriched-full	true	006d9a10	FUN_006d9a10	undefined FUN_006d9a10()	0	0	unknown	true		4	457	26	11	931
urn:ure:t6:occ:function:current-client:006d9a70	0x006d9a70	xbuild-enriched-full	true	006d9a70	FUN_006d9a70	undefined FUN_006d9a70()	0	0	unknown	true		13	924	60	24	2083
urn:ure:t6:occ:function:current-client:006d9bb0	0x006d9bb0	xbuild-enriched-full	true	006d9bb0	FUN_006d9bb0	undefined FUN_006d9bb0()	0	0	unknown	true		8	1318	78	7	2607
urn:ure:t6:occ:function:current-client:006d9ca0	0x006d9ca0	xbuild-enriched-full	true	006d9ca0	FUN_006d9ca0	undefined FUN_006d9ca0()	0	0	unknown	true		2	369	19	7	688
urn:ure:t6:occ:function:current-client:006d9d00	0x006d9d00	xbuild-enriched-full	true	006d9d00	FUN_006d9d00	undefined FUN_006d9d00()	0	0	unknown	true		4	454	37	11	1282
urn:ure:t6:occ:function:current-client:006d9d70	0x006d9d70	xbuild-enriched-full	true	006d9d70	FUN_006d9d70	undefined FUN_006d9d70()	0	0	unknown	true		1	101	5	1	327
urn:ure:t6:occ:function:current-client:006d9d90	0x006d9d90	xbuild-enriched-full	true	006d9d90	FUN_006d9d90	undefined FUN_006d9d90()	0	0	unknown	true		1	142	9	1	408
urn:ure:t6:occ:function:current-client:006d9db0	0x006d9db0	xbuild-enriched-full	true	006d9db0	FUN_006d9db0	undefined FUN_006d9db0()	0	0	unknown	true		2	322	9	3	435
urn:ure:t6:occ:function:current-client:006d9dd0	0x006d9dd0	xbuild-enriched-full	true	006d9dd0	FUN_006d9dd0	undefined FUN_006d9dd0()	0	0	unknown	true		2	358	19	4	719
urn:ure:t6:occ:function:current-client:006d9e10	0x006d9e10	xbuild-enriched-full	true	006d9e10	FUN_006d9e10	undefined FUN_006d9e10()	0	0	unknown	true		1	189	13	0	502
urn:ure:t6:occ:function:current-client:006d9e30	0x006d9e30	xbuild-enriched-full	true	006d9e30	FUN_006d9e30	undefined FUN_006d9e30()	0	0	unknown	true		3	416	30	4	1273
urn:ure:t6:occ:function:current-client:006d9ea0	0x006d9ea0	xbuild-enriched-full	true	006d9ea0	FUN_006d9ea0	undefined FUN_006d9ea0()	0	0	unknown	true		17	2112	137	33	4770
urn:ure:t6:occ:function:current-client:006da050	0x006da050	xbuild-enriched-full	true	006da050	FUN_006da050	undefined FUN_006da050()	0	0	unknown	true		19	2082	143	39	5263
urn:ure:t6:occ:function:current-client:006da280	0x006da280	xbuild-enriched-full	true	006da280	FUN_006da280	undefined FUN_006da280()	0	0	unknown	true		5	634	48	12	1569
urn:ure:t6:occ:function:current-client:006da300	0x006da300	xbuild-enriched-full	true	006da300	FUN_006da300	undefined FUN_006da300()	0	0	unknown	true		1	297	8	1	484
urn:ure:t6:occ:function:current-client:006da320	0x006da320	xbuild-enriched-full	true	006da320	FUN_006da320	undefined FUN_006da320()	0	0	unknown	true		0	60	2	1	194
urn:ure:t6:occ:function:current-client:006da330	0x006da330	xbuild-enriched-full	true	006da330	FUN_006da330	undefined FUN_006da330()	0	0	unknown	true		6	763	56	6	1890
urn:ure:t6:occ:function:current-client:006da3d0	0x006da3d0	xbuild-enriched-full	true	006da3d0	FUN_006da3d0	undefined FUN_006da3d0()	0	0	unknown	true		27	6127	329	4	15091
urn:ure:t6:occ:function:current-client:006da9c0	0x006da9c0	xbuild-enriched-full	true	006da9c0	FUN_006da9c0	undefined FUN_006da9c0()	0	0	unknown	true		1	202	8	3	352
urn:ure:t6:occ:function:current-client:006da9e0	0x006da9e0	xbuild-enriched-full	true	006da9e0	FUN_006da9e0	undefined FUN_006da9e0()	0	0	unknown	true		7	746	54	17	1824
urn:ure:t6:occ:function:current-client:006daa80	0x006daa80	xbuild-enriched-full	true	006daa80	FUN_006daa80	undefined FUN_006daa80()	0	0	unknown	true		5	795	43	20	1540
urn:ure:t6:occ:function:current-client:006dabe0	0x006dabe0	xbuild-enriched-full	true	006dabe0	FUN_006dabe0	undefined FUN_006dabe0()	0	0	unknown	true		5	473	32	5	1240
urn:ure:t6:occ:function:current-client:006dac50	0x006dac50	xbuild-enriched-full	true	006dac50	FUN_006dac50	undefined FUN_006dac50()	0	0	unknown	true		10	1779	75	10	2504
urn:ure:t6:occ:function:current-client:006dad10	0x006dad10	xbuild-enriched-full	true	006dad10	FUN_006dad10	undefined FUN_006dad10()	0	0	unknown	true		17	2176	139	27	4729
urn:ure:t6:occ:function:current-client:006daef0	0x006daef0	xbuild-enriched-full	true	006daef0	FUN_006daef0	undefined FUN_006daef0()	0	0	unknown	true		3	600	30	3	1056
urn:ure:t6:occ:function:current-client:006daf40	0x006daf40	xbuild-enriched-full	true	006daf40	FUN_006daf40	undefined FUN_006daf40()	0	0	unknown	true		4	421	28	7	964
urn:ure:t6:occ:function:current-client:006daf90	0x006daf90	xbuild-enriched-full	true	006daf90	FUN_006daf90	undefined FUN_006daf90()	0	0	unknown	true		7	872	61	20	2273
urn:ure:t6:occ:function:current-client:006db070	0x006db070	xbuild-enriched-full	true	006db070	FUN_006db070	undefined FUN_006db070()	0	0	unknown	true		3	471	34	6	1116
urn:ure:t6:occ:function:current-client:006db0d0	0x006db0d0	xbuild-enriched-full	true	006db0d0	FUN_006db0d0	undefined FUN_006db0d0()	0	0	unknown	true		17	2488	153	47	5027
urn:ure:t6:occ:function:current-client:006db2c7	0x006db2c7	xbuild-enriched-full	true	006db2c7	FUN_006db2c7	undefined FUN_006db2c7()	0	0	unknown	true		5	473	35	4	1459
urn:ure:t6:occ:function:current-client:006db340	0x006db340	xbuild-enriched-full	true	006db340	FUN_006db340	undefined FUN_006db340()	0	0	unknown	true		4	458	33	7	1139
urn:ure:t6:occ:function:current-client:006db420	0x006db420	xbuild-enriched-full	true	006db420	FUN_006db420	undefined FUN_006db420()	0	0	unknown	true		10	1249	80	15	2764
urn:ure:t6:occ:function:current-client:006db530	0x006db530	xbuild-enriched-full	true	006db530	FUN_006db530	undefined FUN_006db530()	0	0	unknown	true		41	5876	259	40	10983
urn:ure:t6:occ:function:current-client:006db9e0	0x006db9e0	xbuild-enriched-full	true	006db9e0	FUN_006db9e0	undefined FUN_006db9e0()	0	0	unknown	true		6	716	51	8	1685
urn:ure:t6:occ:function:current-client:006dba60	0x006dba60	xbuild-enriched-full	true	006dba60	FUN_006dba60	undefined FUN_006dba60()	0	0	unknown	true		6	739	43	5	1486
urn:ure:t6:occ:function:current-client:006dbad0	0x006dbad0	xbuild-enriched-full	true	006dbad0	FUN_006dbad0	undefined FUN_006dbad0()	0	0	unknown	true		9	1593	79	15	2824
urn:ure:t6:occ:function:current-client:006dbba0	0x006dbba0	xbuild-enriched-full	true	006dbba0	FUN_006dbba0	undefined FUN_006dbba0()	0	0	unknown	true		9	1356	75	8	2739
urn:ure:t6:occ:function:current-client:006dbc70	0x006dbc70	xbuild-enriched-full	true	006dbc70	FUN_006dbc70	undefined FUN_006dbc70()	0	0	unknown	true		12	1500	74	32	2816
urn:ure:t6:occ:function:current-client:006dbd80	0x006dbd80	xbuild-enriched-full	true	006dbd80	FUN_006dbd80	undefined FUN_006dbd80()	0	0	unknown	true		1	181	4	3	285
urn:ure:t6:occ:function:current-client:006dbdc0	0x006dbdc0	xbuild-enriched-full	true	006dbdc0	FUN_006dbdc0	undefined FUN_006dbdc0()	0	0	unknown	true		4	496	28	11	1072
urn:ure:t6:occ:function:current-client:006dbf80	0x006dbf80	xbuild-enriched-full	true	006dbf80	FUN_006dbf80	undefined FUN_006dbf80()	0	0	unknown	true		2	309	9	5	503
urn:ure:t6:occ:function:current-client:006dbfb0	0x006dbfb0	xbuild-enriched-full	true	006dbfb0	FUN_006dbfb0	undefined FUN_006dbfb0()	0	0	unknown	true		1	168	3	1	243
urn:ure:t6:occ:function:current-client:006dbfc0	0x006dbfc0	xbuild-enriched-full	true	006dbfc0	FUN_006dbfc0	undefined FUN_006dbfc0()	0	0	unknown	true		7	1047	54	14	1922
urn:ure:t6:occ:function:current-client:006dc070	0x006dc070	xbuild-enriched-full	true	006dc070	FUN_006dc070	undefined FUN_006dc070()	0	0	unknown	true		24	3647	217	33	7435
urn:ure:t6:occ:function:current-client:006dc330	0x006dc330	xbuild-enriched-full	true	006dc330	FUN_006dc330	undefined FUN_006dc330()	0	0	unknown	true		5	978	46	11	1781
urn:ure:t6:occ:function:current-client:006dc3c0	0x006dc3c0	xbuild-enriched-full	true	006dc3c0	FUN_006dc3c0	undefined FUN_006dc3c0()	0	0	unknown	true		8	1275	56	21	2021
urn:ure:t6:occ:function:current-client:006dc500	0x006dc500	xbuild-enriched-full	true	006dc500	FUN_006dc500	undefined FUN_006dc500()	0	0	unknown	true		2	204	8	2	357
urn:ure:t6:occ:function:current-client:006dc520	0x006dc520	xbuild-enriched-full	true	006dc520	FUN_006dc520	undefined FUN_006dc520()	0	0	unknown	true		6	577	45	11	1910
urn:ure:t6:occ:function:current-client:006dc5e0	0x006dc5e0	xbuild-enriched-full	true	006dc5e0	FUN_006dc5e0	undefined FUN_006dc5e0()	0	0	unknown	true		4	443	36	6	1216
urn:ure:t6:occ:function:current-client:006dc640	0x006dc640	xbuild-enriched-full	true	006dc640	FUN_006dc640	undefined FUN_006dc640()	0	0	unknown	true		9	1220	80	18	2525
urn:ure:t6:occ:function:current-client:006dc730	0x006dc730	xbuild-enriched-full	true	006dc730	thunk_FUN_006129f0	undefined thunk_FUN_006129f0()	0	0	unknown	true		1	189	2	2	222
urn:ure:t6:occ:function:current-client:006dc750	0x006dc750	xbuild-enriched-full	true	006dc750	FUN_006dc750	undefined FUN_006dc750()	0	0	unknown	true		26	3329	255	4	11096
urn:ure:t6:occ:function:current-client:006dcbd0	0x006dcbd0	xbuild-enriched-full	true	006dcbd0	FUN_006dcbd0	undefined FUN_006dcbd0()	0	0	unknown	true		28	2525	141	25	5859
urn:ure:t6:occ:function:current-client:006dce40	0x006dce40	xbuild-enriched-full	true	006dce40	FUN_006dce40	undefined FUN_006dce40()	0	0	unknown	true		7	644	72	6	2222
urn:ure:t6:occ:function:current-client:006dcf10	0x006dcf10	xbuild-enriched-full	true	006dcf10	FUN_006dcf10	undefined FUN_006dcf10()	0	0	unknown	true		6	782	52	18	1682
urn:ure:t6:occ:function:current-client:006dcfa0	0x006dcfa0	xbuild-enriched-full	true	006dcfa0	FUN_006dcfa0	undefined FUN_006dcfa0()	0	0	unknown	true		7	769	55	6	1785
urn:ure:t6:occ:function:current-client:006dd0b0	0x006dd0b0	xbuild-enriched-full	true	006dd0b0	FUN_006dd0b0	undefined FUN_006dd0b0()	0	0	unknown	true		9	683	53	10	1687
urn:ure:t6:occ:function:current-client:006dd130	0x006dd130	xbuild-enriched-full	true	006dd130	FUN_006dd130	undefined FUN_006dd130()	0	0	unknown	true		91	5490	342	122	12419
urn:ure:t6:occ:function:current-client:006dd620	0x006dd620	xbuild-enriched-full	true	006dd620	FUN_006dd620	undefined FUN_006dd620()	0	0	unknown	true		6	548	33	7	1377
urn:ure:t6:occ:function:current-client:006dd6b0	0x006dd6b0	xbuild-enriched-full	true	006dd6b0	FUN_006dd6b0	undefined FUN_006dd6b0()	0	0	unknown	true		2	232	14	3	628
urn:ure:t6:occ:function:current-client:006dd6e0	0x006dd6e0	xbuild-enriched-full	true	006dd6e0	FUN_006dd6e0	undefined FUN_006dd6e0()	0	0	unknown	true		6	513	37	11	1314
urn:ure:t6:occ:function:current-client:006dd750	0x006dd750	xbuild-enriched-full	true	006dd750	FUN_006dd750	undefined FUN_006dd750()	0	0	unknown	true		27	3482	207	28	8364
urn:ure:t6:occ:function:current-client:006dda70	0x006dda70	xbuild-enriched-full	true	006dda70	FUN_006dda70	undefined FUN_006dda70()	0	0	unknown	true		3	306	15	6	567
urn:ure:t6:occ:function:current-client:006ddaa0	0x006ddaa0	xbuild-enriched-full	true	006ddaa0	FUN_006ddaa0	undefined FUN_006ddaa0()	0	0	unknown	true		6	1361	41	0	2074
urn:ure:t6:occ:function:current-client:006ddb70	0x006ddb70	xbuild-enriched-full	true	006ddb70	FUN_006ddb70	undefined FUN_006ddb70()	0	0	unknown	true		15	1813	121	52	4105
urn:ure:t6:occ:function:current-client:006ddd20	0x006ddd20	xbuild-enriched-full	true	006ddd20	FUN_006ddd20	undefined FUN_006ddd20()	0	0	unknown	true		18	2022	135	20	5049
urn:ure:t6:occ:function:current-client:006ddef0	0x006ddef0	xbuild-enriched-full	true	006ddef0	FUN_006ddef0	undefined FUN_006ddef0()	0	0	unknown	true		7	601	60	11	1884
urn:ure:t6:occ:function:current-client:006ddf90	0x006ddf90	xbuild-enriched-full	true	006ddf90	FUN_006ddf90	undefined FUN_006ddf90()	0	0	unknown	true		1	62	6	0	304
urn:ure:t6:occ:function:current-client:006ddfa0	0x006ddfa0	xbuild-enriched-full	true	006ddfa0	FUN_006ddfa0	undefined FUN_006ddfa0()	0	0	unknown	true		16	1880	118	52	4485
urn:ure:t6:occ:function:current-client:006de160	0x006de160	xbuild-enriched-full	true	006de160	FUN_006de160	undefined FUN_006de160()	0	0	unknown	true		9	927	59	25	1851
urn:ure:t6:occ:function:current-client:006de220	0x006de220	xbuild-enriched-full	true	006de220	FUN_006de220	undefined FUN_006de220()	0	0	unknown	true		1	112	4	0	297
urn:ure:t6:occ:function:current-client:006de230	0x006de230	xbuild-enriched-full	true	006de230	FUN_006de230	undefined FUN_006de230()	0	0	unknown	true		9	1065	59	18	2089
urn:ure:t6:occ:function:current-client:006de340	0x006de340	xbuild-enriched-full	true	006de340	FUN_006de340	undefined FUN_006de340()	0	0	unknown	true		3	272	19	5	753
urn:ure:t6:occ:function:current-client:006de380	0x006de380	xbuild-enriched-full	true	006de380	FUN_006de380	undefined FUN_006de380()	0	0	unknown	true		2	261	12	1	690
urn:ure:t6:occ:function:current-client:006de3d0	0x006de3d0	xbuild-enriched-full	true	006de3d0	FUN_006de3d0	undefined FUN_006de3d0()	0	0	unknown	true		18	2901	118	37	4464
urn:ure:t6:occ:function:current-client:006de570	0x006de570	xbuild-enriched-full	true	006de570	FUN_006de570	undefined FUN_006de570()	0	0	unknown	true		4	299	27	2	911
urn:ure:t6:occ:function:current-client:006de5c0	0x006de5c0	xbuild-enriched-full	true	006de5c0	FUN_006de5c0	undefined FUN_006de5c0()	0	0	unknown	true		23	2277	184	77	6641
urn:ure:t6:occ:function:current-client:006dea80	0x006dea80	xbuild-enriched-full	true	006dea80	FUN_006dea80	undefined FUN_006dea80()	0	0	unknown	true		2	232	8	3	358
urn:ure:t6:occ:function:current-client:006deaa0	0x006deaa0	xbuild-enriched-full	true	006deaa0	FUN_006deaa0	undefined FUN_006deaa0()	0	0	unknown	true		13	1810	96	22	3441
urn:ure:t6:occ:function:current-client:006debe0	0x006debe0	xbuild-enriched-full	true	006debe0	FUN_006debe0	undefined FUN_006debe0()	0	0	unknown	true		10	1123	78	15	3002
urn:ure:t6:occ:function:current-client:006ded00	0x006ded00	xbuild-enriched-full	true	006ded00	FUN_006ded00	undefined FUN_006ded00()	0	0	unknown	true		4	600	28	7	1133
urn:ure:t6:occ:function:current-client:006ded90	0x006ded90	xbuild-enriched-full	true	006ded90	FUN_006ded90	undefined FUN_006ded90()	0	0	unknown	true		3	511	24	9	896
urn:ure:t6:occ:function:current-client:006dede0	0x006dede0	xbuild-enriched-full	true	006dede0	FUN_006dede0	undefined FUN_006dede0()	0	0	unknown	true		1	253	9	2	444
urn:ure:t6:occ:function:current-client:006dee00	0x006dee00	xbuild-enriched-full	true	006dee00	FUN_006dee00	undefined FUN_006dee00()	0	0	unknown	true		6	1200	62	14	2242
urn:ure:t6:occ:function:current-client:006deeb0	0x006deeb0	xbuild-enriched-full	true	006deeb0	FUN_006deeb0	undefined FUN_006deeb0()	0	0	unknown	true		4	322	32	5	1148
urn:ure:t6:occ:function:current-client:006def40	0x006def40	xbuild-enriched-full	true	006def40	FUN_006def40	undefined FUN_006def40()	0	0	unknown	true		21	2861	212	51	6304
urn:ure:t6:occ:function:current-client:006df170	0x006df170	xbuild-enriched-full	true	006df170	FUN_006df170	undefined FUN_006df170()	0	0	unknown	true		3	607	32	5	1184
urn:ure:t6:occ:function:current-client:006df1c0	0x006df1c0	xbuild-enriched-full	true	006df1c0	FUN_006df1c0	undefined FUN_006df1c0()	0	0	unknown	true		4	599	38	5	1233
urn:ure:t6:occ:function:current-client:006df220	0x006df220	xbuild-enriched-full	true	006df220	FUN_006df220	undefined FUN_006df220()	0	0	unknown	true		1	130	5	1	350
urn:ure:t6:occ:function:current-client:006df240	0x006df240	xbuild-enriched-full	true	006df240	FUN_006df240	undefined FUN_006df240()	0	0	unknown	true		2	149	11	2	523
urn:ure:t6:occ:function:current-client:006df270	0x006df270	xbuild-enriched-full	true	006df270	FUN_006df270	undefined FUN_006df270()	0	0	unknown	true		10	911	72	17	2320
urn:ure:t6:occ:function:current-client:006df340	0x006df340	xbuild-enriched-full	true	006df340	FUN_006df340	undefined FUN_006df340()	0	0	unknown	true		3	389	19	6	748
urn:ure:t6:occ:function:current-client:006df380	0x006df380	xbuild-enriched-full	true	006df380	FUN_006df380	undefined FUN_006df380()	0	0	unknown	true		7	760	56	6	1889
urn:ure:t6:occ:function:current-client:006df420	0x006df420	xbuild-enriched-full	true	006df420	FUN_006df420	undefined FUN_006df420()	0	0	unknown	true		7	771	50	18	1617
urn:ure:t6:occ:function:current-client:006df4b0	0x006df4b0	xbuild-enriched-full	true	006df4b0	FUN_006df4b0	undefined FUN_006df4b0()	0	0	unknown	true		2	279	12	2	517
urn:ure:t6:occ:function:current-client:006df4e0	0x006df4e0	xbuild-enriched-full	true	006df4e0	FUN_006df4e0	undefined FUN_006df4e0()	0	0	unknown	true		2	181	11	3	512
urn:ure:t6:occ:function:current-client:006df510	0x006df510	xbuild-enriched-full	true	006df510	thunk_FUN_006e06b0	undefined thunk_FUN_006e06b0()	0	0	unknown	true		14	2208	1	1	173
urn:ure:t6:occ:function:current-client:006df520	0x006df520	xbuild-enriched-full	true	006df520	FUN_006df520	undefined FUN_006df520()	0	0	unknown	true		5	570	28	8	1003
urn:ure:t6:occ:function:current-client:006df580	0x006df580	xbuild-enriched-full	true	006df580	FUN_006df580	undefined FUN_006df580()	0	0	unknown	true		4	498	26	6	941
urn:ure:t6:occ:function:current-client:006df5d0	0x006df5d0	xbuild-enriched-full	true	006df5d0	FUN_006df5d0	undefined FUN_006df5d0()	0	0	unknown	true		4	496	33	4	1192
urn:ure:t6:occ:function:current-client:006df630	0x006df630	xbuild-enriched-full	true	006df630	FUN_006df630	undefined FUN_006df630()	0	0	unknown	true		163	10252	588	165	22047
urn:ure:t6:occ:function:current-client:006dff30	0x006dff30	xbuild-enriched-full	true	006dff30	FUN_006dff30	undefined FUN_006dff30()	0	0	unknown	true		3	368	21	9	848
urn:ure:t6:occ:function:current-client:006dff80	0x006dff80	xbuild-enriched-full	true	006dff80	FUN_006dff80	undefined FUN_006dff80()	0	0	unknown	true		5	678	38	8	1390
urn:ure:t6:occ:function:current-client:006e0000	0x006e0000	xbuild-enriched-full	true	006e0000	FUN_006e0000	undefined FUN_006e0000()	0	0	unknown	true		15	1423	105	82	3726
urn:ure:t6:occ:function:current-client:006e01e0	0x006e01e0	xbuild-enriched-full	true	006e01e0	FUN_006e01e0	undefined FUN_006e01e0()	0	0	unknown	true		1	60	2	1	194
urn:ure:t6:occ:function:current-client:006e01f0	0x006e01f0	xbuild-enriched-full	true	006e01f0	FUN_006e01f0	undefined FUN_006e01f0()	0	0	unknown	true		39	4552	222	41	8895
urn:ure:t6:occ:function:current-client:006e0590	0x006e0590	xbuild-enriched-full	true	006e0590	FUN_006e0590	undefined FUN_006e0590()	0	0	unknown	true		9	1503	97	16	3181
urn:ure:t6:occ:function:current-client:006e0680	0x006e0680	xbuild-enriched-full	true	006e0680	FUN_006e0680	undefined FUN_006e0680()	0	0	unknown	true		2	217	12	3	610
urn:ure:t6:occ:function:current-client:006e06b0	0x006e06b0	xbuild-enriched-full	true	006e06b0	FUN_006e06b0	undefined FUN_006e06b0()	0	0	unknown	true		11	2202	119	13	4459
urn:ure:t6:occ:function:current-client:006e0800	0x006e0800	xbuild-enriched-full	true	006e0800	FUN_006e0800	undefined FUN_006e0800()	0	0	unknown	true		4	604	34	5	1278
urn:ure:t6:occ:function:current-client:006e0870	0x006e0870	xbuild-enriched-full	true	006e0870	FUN_006e0870	undefined FUN_006e0870()	0	0	unknown	true		3	438	33	5	1126
urn:ure:t6:occ:function:current-client:006e0960	0x006e0960	xbuild-enriched-full	true	006e0960	FUN_006e0960	undefined FUN_006e0960()	0	0	unknown	true		4	408	36	6	1166
urn:ure:t6:occ:function:current-client:006e09b0	0x006e09b0	xbuild-enriched-full	true	006e09b0	FUN_006e09b0	undefined FUN_006e09b0()	0	0	unknown	true		4	643	41	11	1319
urn:ure:t6:occ:function:current-client:006e0a20	0x006e0a20	xbuild-enriched-full	true	006e0a20	FUN_006e0a20	undefined FUN_006e0a20()	0	0	unknown	true		1	261	12	1	704
urn:ure:t6:occ:function:current-client:006e0a60	0x006e0a60	xbuild-enriched-full	true	006e0a60	FUN_006e0a60	undefined FUN_006e0a60()	0	0	unknown	true		19	2163	154	40	5233
urn:ure:t6:occ:function:current-client:006e0c40	0x006e0c40	xbuild-enriched-full	true	006e0c40	FUN_006e0c40	undefined FUN_006e0c40()	0	0	unknown	true		0	148	2	1	215
urn:ure:t6:occ:function:current-client:006e0c50	0x006e0c50	xbuild-enriched-full	true	006e0c50	FUN_006e0c50	undefined FUN_006e0c50()	0	0	unknown	true		3	400	30	6	980
urn:ure:t6:occ:function:current-client:006e0ca0	0x006e0ca0	xbuild-enriched-full	true	006e0ca0	FUN_006e0ca0	undefined FUN_006e0ca0()	0	0	unknown	true		4	766	46	10	1752
urn:ure:t6:occ:function:current-client:006e0d40	0x006e0d40	xbuild-enriched-full	true	006e0d40	FUN_006e0d40	undefined FUN_006e0d40()	0	0	unknown	true		6	681	48	17	1624
urn:ure:t6:occ:function:current-client:006e0de0	0x006e0de0	xbuild-enriched-full	true	006e0de0	FUN_006e0de0	undefined FUN_006e0de0()	0	0	unknown	true		1	79	3	1	258
urn:ure:t6:occ:function:current-client:006e0df0	0x006e0df0	xbuild-enriched-full	true	006e0df0	FUN_006e0df0	undefined FUN_006e0df0()	0	0	unknown	true		15	1870	108	39	3437
urn:ure:t6:occ:function:current-client:006e0f30	0x006e0f30	xbuild-enriched-full	true	006e0f30	FUN_006e0f30	undefined FUN_006e0f30()	0	0	unknown	true		71	8095	378	62	14753
urn:ure:t6:occ:function:current-client:006e1520	0x006e1520	xbuild-enriched-full	true	006e1520	FUN_006e1520	undefined FUN_006e1520()	0	0	unknown	true		7	856	50	21	1656
urn:ure:t6:occ:function:current-client:006e15c0	0x006e15c0	xbuild-enriched-full	true	006e15c0	FUN_006e15c0	undefined FUN_006e15c0()	0	0	unknown	true		0	77	2	2	209
urn:ure:t6:occ:function:current-client:006e15d0	0x006e15d0	xbuild-enriched-full	true	006e15d0	thunk_FUN_004b96f0	undefined thunk_FUN_004b96f0()	0	0	unknown	true		4	659	1	1	173
urn:ure:t6:occ:function:current-client:006e15e0	0x006e15e0	xbuild-enriched-full	true	006e15e0	FUN_006e15e0	undefined FUN_006e15e0()	0	0	unknown	true		11	1689	86	2	3610
urn:ure:t6:occ:function:current-client:006e1720	0x006e1720	xbuild-enriched-full	true	006e1720	FUN_006e1720	undefined FUN_006e1720()	0	0	unknown	true		4	303	24	5	779
urn:ure:t6:occ:function:current-client:006e1760	0x006e1760	xbuild-enriched-full	true	006e1760	FUN_006e1760	undefined FUN_006e1760()	0	0	unknown	true		1	108	6	0	360
urn:ure:t6:occ:function:current-client:006e1770	0x006e1770	xbuild-enriched-full	true	006e1770	FUN_006e1770	undefined FUN_006e1770()	0	0	unknown	true		1	80	8	1	361
urn:ure:t6:occ:function:current-client:006e1790	0x006e1790	xbuild-enriched-full	true	006e1790	FUN_006e1790	undefined FUN_006e1790()	0	0	unknown	true		30	3461	197	34	7365
urn:ure:t6:occ:function:current-client:006e1b40	0x006e1b40	xbuild-enriched-full	true	006e1b40	FUN_006e1b40	undefined FUN_006e1b40()	0	0	unknown	true		6	725	42	7	1769
urn:ure:t6:occ:function:current-client:006e1bf0	0x006e1bf0	xbuild-enriched-full	true	006e1bf0	FUN_006e1bf0	undefined FUN_006e1bf0()	0	0	unknown	true		1	133	10	1	436
urn:ure:t6:occ:function:current-client:006e1c10	0x006e1c10	xbuild-enriched-full	true	006e1c10	FUN_006e1c10	undefined FUN_006e1c10()	0	0	unknown	true		8	1253	70	2	3130
urn:ure:t6:occ:function:current-client:006e1d10	0x006e1d10	xbuild-enriched-full	true	006e1d10	FUN_006e1d10	undefined FUN_006e1d10()	0	0	unknown	true		10	1289	99	4	4414
urn:ure:t6:occ:function:current-client:006e1ee0	0x006e1ee0	xbuild-enriched-full	true	006e1ee0	FUN_006e1ee0	undefined FUN_006e1ee0()	0	0	unknown	true		11	1869	94	12	3378
urn:ure:t6:occ:function:current-client:006e1ff0	0x006e1ff0	xbuild-enriched-full	true	006e1ff0	FUN_006e1ff0	undefined FUN_006e1ff0()	0	0	unknown	true		18	2050	133	47	4645
urn:ure:t6:occ:function:current-client:006e21d0	0x006e21d0	xbuild-enriched-full	true	006e21d0	FUN_006e21d0	undefined FUN_006e21d0()	0	0	unknown	true		5	577	42	11	1345
urn:ure:t6:occ:function:current-client:006e2250	0x006e2250	xbuild-enriched-full	true	006e2250	FUN_006e2250	undefined FUN_006e2250()	0	0	unknown	true		1	274	12	4	545
urn:ure:t6:occ:function:current-client:006e2280	0x006e2280	xbuild-enriched-full	true	006e2280	FUN_006e2280	undefined FUN_006e2280()	0	0	unknown	true		32	4044	250	95	8883
urn:ure:t6:occ:function:current-client:006e2600	0x006e2600	xbuild-enriched-full	true	006e2600	FUN_006e2600	undefined FUN_006e2600()	0	0	unknown	true		3	408	30	6	939
urn:ure:t6:occ:function:current-client:006e2640	0x006e2640	xbuild-enriched-full	true	006e2640	FUN_006e2640	undefined FUN_006e2640()	0	0	unknown	true		1	202	14	1	571
urn:ure:t6:occ:function:current-client:006e2670	0x006e2670	xbuild-enriched-full	true	006e2670	FUN_006e2670	undefined FUN_006e2670()	0	0	unknown	true		13	1629	114	30	3986
urn:ure:t6:occ:function:current-client:006e27f0	0x006e27f0	xbuild-enriched-full	true	006e27f0	FUN_006e27f0	undefined FUN_006e27f0()	0	0	unknown	true		17	2283	124	32	4448
urn:ure:t6:occ:function:current-client:006e2a00	0x006e2a00	xbuild-enriched-full	true	006e2a00	FUN_006e2a00	undefined FUN_006e2a00()	0	0	unknown	true		1	238	5	2	355
urn:ure:t6:occ:function:current-client:006e2a20	0x006e2a20	xbuild-enriched-full	true	006e2a20	FUN_006e2a20	undefined FUN_006e2a20()	0	0	unknown	true		5	583	39	5	1386
urn:ure:t6:occ:function:current-client:006e2a90	0x006e2a90	xbuild-enriched-full	true	006e2a90	FUN_006e2a90	undefined FUN_006e2a90()	0	0	unknown	true		2	339	13	5	575
urn:ure:t6:occ:function:current-client:006e2ac0	0x006e2ac0	xbuild-enriched-full	true	006e2ac0	FUN_006e2ac0	undefined FUN_006e2ac0()	0	0	unknown	true		2	200	20	3	646
urn:ure:t6:occ:function:current-client:006e2af0	0x006e2af0	xbuild-enriched-full	true	006e2af0	FUN_006e2af0	undefined FUN_006e2af0()	0	0	unknown	true		57	5749	390	64	16408
urn:ure:t6:occ:function:current-client:006e31c0	0x006e31c0	xbuild-enriched-full	true	006e31c0	FUN_006e31c0	undefined FUN_006e31c0()	0	0	unknown	true		10	1388	65	23	2372
urn:ure:t6:occ:function:current-client:006e32a0	0x006e32a0	xbuild-enriched-full	true	006e32a0	FUN_006e32a0	undefined FUN_006e32a0()	0	0	unknown	true		40	3900	228	70	8295
urn:ure:t6:occ:function:current-client:006e35f0	0x006e35f0	xbuild-enriched-full	true	006e35f0	FUN_006e35f0	undefined FUN_006e35f0()	0	0	unknown	true		4	421	31	5	1191
urn:ure:t6:occ:function:current-client:006e3660	0x006e3660	xbuild-enriched-full	true	006e3660	FUN_006e3660	undefined FUN_006e3660()	0	0	unknown	true		5	768	58	12	1877
urn:ure:t6:occ:function:current-client:006e3720	0x006e3720	xbuild-enriched-full	true	006e3720	FUN_006e3720	undefined FUN_006e3720()	0	0	unknown	true		0	60	2	1	194
urn:ure:t6:occ:function:current-client:006e3730	0x006e3730	xbuild-enriched-full	true	006e3730	FUN_006e3730	undefined FUN_006e3730()	0	0	unknown	true		1	188	6	2	314
urn:ure:t6:occ:function:current-client:006e3750	0x006e3750	xbuild-enriched-full	true	006e3750	FUN_006e3750	undefined FUN_006e3750()	0	0	unknown	true		3	471	21	6	1063
urn:ure:t6:occ:function:current-client:006e37b0	0x006e37b0	xbuild-enriched-full	true	006e37b0	FUN_006e37b0	undefined FUN_006e37b0()	0	0	unknown	true		1	65	5	2	295
urn:ure:t6:occ:function:current-client:006e3850	0x006e3850	xbuild-enriched-full	true	006e3850	FUN_006e3850	undefined FUN_006e3850()	0	0	unknown	true		4	507	37	8	1369
urn:ure:t6:occ:function:current-client:006e38b0	0x006e38b0	xbuild-enriched-full	true	006e38b0	FUN_006e38b0	undefined FUN_006e38b0()	0	0	unknown	true		1	123	11	3	481
urn:ure:t6:occ:function:current-client:006e38e0	0x006e38e0	xbuild-enriched-full	true	006e38e0	FUN_006e38e0	undefined FUN_006e38e0()	0	0	unknown	true		5	568	49	20	1604
urn:ure:t6:occ:function:current-client:006e3980	0x006e3980	xbuild-enriched-full	true	006e3980	FUN_006e3980	undefined FUN_006e3980()	0	0	unknown	true		6	1122	60	2	2699
urn:ure:t6:occ:function:current-client:006e3aa0	0x006e3aa0	xbuild-enriched-full	true	006e3aa0	thunk_FUN_00613480	undefined thunk_FUN_00613480()	0	0	unknown	true		8	1094	1	1	173
urn:ure:t6:occ:function:current-client:006e3ab0	0x006e3ab0	xbuild-enriched-full	true	006e3ab0	FUN_006e3ab0	undefined FUN_006e3ab0()	0	0	unknown	true		2	299	20	2	808
urn:ure:t6:occ:function:current-client:006e3af0	0x006e3af0	xbuild-enriched-full	true	006e3af0	FUN_006e3af0	undefined FUN_006e3af0()	0	0	unknown	true		4	655	39	2	1364
urn:ure:t6:occ:function:current-client:006e3b70	0x006e3b70	xbuild-enriched-full	true	006e3b70	FUN_006e3b70	undefined FUN_006e3b70()	0	0	unknown	true		16	1827	150	45	4519
urn:ure:t6:occ:function:current-client:006e3d10	0x006e3d10	xbuild-enriched-full	true	006e3d10	FUN_006e3d10	undefined FUN_006e3d10()	0	0	unknown	true		9	1297	79	13	2905
urn:ure:t6:occ:function:current-client:006e3e10	0x006e3e10	xbuild-enriched-full	true	006e3e10	FUN_006e3e10	undefined FUN_006e3e10()	0	0	unknown	true		2	170	11	2	503
urn:ure:t6:occ:function:current-client:006e3e60	0x006e3e60	xbuild-enriched-full	true	006e3e60	FUN_006e3e60	undefined FUN_006e3e60()	0	0	unknown	true		7	775	44	15	1543
urn:ure:t6:occ:function:current-client:006e3fa0	0x006e3fa0	xbuild-enriched-full	true	006e3fa0	FUN_006e3fa0	undefined FUN_006e3fa0()	0	0	unknown	true		7	733	45	10	2051
urn:ure:t6:occ:function:current-client:006e4070	0x006e4070	xbuild-enriched-full	true	006e4070	FUN_006e4070	undefined FUN_006e4070()	0	0	unknown	true		7	649	60	9	1910
urn:ure:t6:occ:function:current-client:006e4140	0x006e4140	xbuild-enriched-full	true	006e4140	FUN_006e4140	undefined FUN_006e4140()	0	0	unknown	true		2	190	15	1	608
urn:ure:t6:occ:function:current-client:006e4170	0x006e4170	xbuild-enriched-full	true	006e4170	FUN_006e4170	undefined FUN_006e4170()	0	0	unknown	true		6	760	57	14	2186
urn:ure:t6:occ:function:current-client:006e42b0	0x006e42b0	xbuild-enriched-full	true	006e42b0	FUN_006e42b0	undefined FUN_006e42b0()	0	0	unknown	true		2	302	23	6	781
urn:ure:t6:occ:function:current-client:006e4300	0x006e4300	xbuild-enriched-full	true	006e4300	FUN_006e4300	undefined FUN_006e4300()	0	0	unknown	true		9	1088	78	15	2491
urn:ure:t6:occ:function:current-client:006e4400	0x006e4400	xbuild-enriched-full	true	006e4400	FUN_006e4400	undefined FUN_006e4400()	0	0	unknown	true		10	1806	98	21	3564
urn:ure:t6:occ:function:current-client:006e4540	0x006e4540	xbuild-enriched-full	true	006e4540	FUN_006e4540	undefined FUN_006e4540()	0	0	unknown	true		1	60	5	1	289
urn:ure:t6:occ:function:current-client:006e4550	0x006e4550	xbuild-enriched-full	true	006e4550	FUN_006e4550	undefined FUN_006e4550()	0	0	unknown	true		3	567	23	9	891
urn:ure:t6:occ:function:current-client:006e458c	0x006e458c	xbuild-enriched-full	true	006e458c	FUN_006e458c	undefined FUN_006e458c()	0	0	unknown	true		3	412	23	2	1005
urn:ure:t6:occ:function:current-client:006e45f0	0x006e45f0	xbuild-enriched-full	true	006e45f0	FUN_006e45f0	undefined FUN_006e45f0()	0	0	unknown	true		15	1789	106	22	4264
urn:ure:t6:occ:function:current-client:006e4780	0x006e4780	xbuild-enriched-full	true	006e4780	FUN_006e4780	undefined FUN_006e4780()	0	0	unknown	true		6	629	36	8	1370
urn:ure:t6:occ:function:current-client:006e47f0	0x006e47f0	xbuild-enriched-full	true	006e47f0	FUN_006e47f0	undefined FUN_006e47f0()	0	0	unknown	true		2	256	8	5	389
urn:ure:t6:occ:function:current-client:006e4820	0x006e4820	xbuild-enriched-full	true	006e4820	FUN_006e4820	undefined FUN_006e4820()	0	0	unknown	true		11	1322	91	26	2851
urn:ure:t6:occ:function:current-client:006e4910	0x006e4910	xbuild-enriched-full	true	006e4910	FUN_006e4910	undefined FUN_006e4910()	0	0	unknown	true		5	659	53	9	1694
urn:ure:t6:occ:function:current-client:006e49c0	0x006e49c0	xbuild-enriched-full	true	006e49c0	FUN_006e49c0	undefined FUN_006e49c0()	0	0	unknown	true		8	1073	69	19	2875
urn:ure:t6:occ:function:current-client:006e4ae0	0x006e4ae0	xbuild-enriched-full	true	006e4ae0	FUN_006e4ae0	undefined FUN_006e4ae0()	0	0	unknown	true		3	481	23	6	850
urn:ure:t6:occ:function:current-client:006e4b20	0x006e4b20	xbuild-enriched-full	true	006e4b20	FUN_006e4b20	undefined FUN_006e4b20()	0	0	unknown	true		8	941	74	16	2480
urn:ure:t6:occ:function:current-client:006e4bf0	0x006e4bf0	xbuild-enriched-full	true	006e4bf0	FUN_006e4bf0	undefined FUN_006e4bf0()	0	0	unknown	true		1	83	6	1	310
urn:ure:t6:occ:function:current-client:006e4c00	0x006e4c00	xbuild-enriched-full	true	006e4c00	FUN_006e4c00	undefined FUN_006e4c00()	0	0	unknown	true		2	245	20	2	736
urn:ure:t6:occ:function:current-client:006e4c40	0x006e4c40	xbuild-enriched-full	true	006e4c40	FUN_006e4c40	undefined FUN_006e4c40()	0	0	unknown	true		2	192	17	3	619
urn:ure:t6:occ:function:current-client:006e4c70	0x006e4c70	xbuild-enriched-full	true	006e4c70	FUN_006e4c70	undefined FUN_006e4c70()	0	0	unknown	true		3	474	34	6	1255
urn:ure:t6:occ:function:current-client:006e4ce0	0x006e4ce0	xbuild-enriched-full	true	006e4ce0	FUN_006e4ce0	undefined FUN_006e4ce0()	0	0	unknown	true		6	717	54	10	1633
urn:ure:t6:occ:function:current-client:006e4d60	0x006e4d60	xbuild-enriched-full	true	006e4d60	FUN_006e4d60	undefined FUN_006e4d60()	0	0	unknown	true		5	779	41	6	1637
urn:ure:t6:occ:function:current-client:006e4e00	0x006e4e00	xbuild-enriched-full	true	006e4e00	FUN_006e4e00	undefined FUN_006e4e00()	0	0	unknown	true		4	962	32	8	1430
urn:ure:t6:occ:function:current-client:006e4ef0	0x006e4ef0	xbuild-enriched-full	true	006e4ef0	FUN_006e4ef0	undefined FUN_006e4ef0()	0	0	unknown	true		2	533	21	5	784
urn:ure:t6:occ:function:current-client:006e4f30	0x006e4f30	xbuild-enriched-full	true	006e4f30	FUN_006e4f30	undefined FUN_006e4f30()	0	0	unknown	true		3	410	21	9	950
urn:ure:t6:occ:function:current-client:006e4f90	0x006e4f90	xbuild-enriched-full	true	006e4f90	FUN_006e4f90	undefined FUN_006e4f90()	0	0	unknown	true		7	843	55	13	2082
urn:ure:t6:occ:function:current-client:006e5060	0x006e5060	xbuild-enriched-full	true	006e5060	FUN_006e5060	undefined FUN_006e5060()	0	0	unknown	true		2	263	12	6	511
urn:ure:t6:occ:function:current-client:006e5090	0x006e5090	xbuild-enriched-full	true	006e5090	FUN_006e5090	undefined FUN_006e5090()	0	0	unknown	true		6	856	56	11	1881
urn:ure:t6:occ:function:current-client:006e5120	0x006e5120	xbuild-enriched-full	true	006e5120	FUN_006e5120	undefined FUN_006e5120()	0	0	unknown	true		0	60	2	1	194
urn:ure:t6:occ:function:current-client:006e5126	0x006e5126	xbuild-enriched-full	true	006e5126	FUN_006e5126	undefined FUN_006e5126()	0	0	unknown	true		9	1099	69	12	2907
urn:ure:t6:occ:function:current-client:006e5220	0x006e5220	xbuild-enriched-full	true	006e5220	FUN_006e5220	undefined FUN_006e5220()	0	0	unknown	true		5	1029	50	2	2197
urn:ure:t6:occ:function:current-client:006e5300	0x006e5300	xbuild-enriched-full	true	006e5300	FUN_006e5300	undefined FUN_006e5300()	0	0	unknown	true		7	1052	67	28	2252
urn:ure:t6:occ:function:current-client:006e53e0	0x006e53e0	xbuild-enriched-full	true	006e53e0	FUN_006e53e0	undefined FUN_006e53e0()	0	0	unknown	true		7	1400	62	11	2507
urn:ure:t6:occ:function:current-client:006e54d0	0x006e54d0	xbuild-enriched-full	true	006e54d0	FUN_006e54d0	undefined FUN_006e54d0()	0	0	unknown	true		18	1907	163	31	5662
urn:ure:t6:occ:function:current-client:006e57c0	0x006e57c0	xbuild-enriched-full	true	006e57c0	FUN_006e57c0	undefined FUN_006e57c0()	0	0	unknown	true		46	8788	362	19	16073
urn:ure:t6:occ:function:current-client:006e5f20	0x006e5f20	xbuild-enriched-full	true	006e5f20	FUN_006e5f20	undefined FUN_006e5f20()	0	0	unknown	true		7	895	85	0	4228
urn:ure:t6:occ:function:current-client:006e60b0	0x006e60b0	xbuild-enriched-full	true	006e60b0	FUN_006e60b0	undefined FUN_006e60b0()	0	0	unknown	true		8	1383	62	14	2584
urn:ure:t6:occ:function:current-client:006e62f0	0x006e62f0	xbuild-enriched-full	true	006e62f0	FUN_006e62f0	undefined FUN_006e62f0()	0	0	unknown	true		2	451	22	4	898
urn:ure:t6:occ:function:current-client:006e6330	0x006e6330	xbuild-enriched-full	true	006e6330	FUN_006e6330	undefined FUN_006e6330()	0	0	unknown	true		2	357	14	4	555
urn:ure:t6:occ:function:current-client:006e6370	0x006e6370	xbuild-enriched-full	true	006e6370	thunk_FUN_005bd0d0	undefined thunk_FUN_005bd0d0()	0	0	unknown	true		4	406	1	1	173
urn:ure:t6:occ:function:current-client:006e6380	0x006e6380	xbuild-enriched-full	true	006e6380	FUN_006e6380	undefined FUN_006e6380()	0	0	unknown	true		6	585	54	12	1770
urn:ure:t6:occ:function:current-client:006e6420	0x006e6420	xbuild-enriched-full	true	006e6420	FUN_006e6420	undefined FUN_006e6420()	0	0	unknown	true		2	338	15	3	617
urn:ure:t6:occ:function:current-client:006e6450	0x006e6450	xbuild-enriched-full	true	006e6450	FUN_006e6450	undefined FUN_006e6450()	0	0	unknown	true		0	86	3	0	249
urn:ure:t6:occ:function:current-client:006e6460	0x006e6460	xbuild-enriched-full	true	006e6460	FUN_006e6460	undefined FUN_006e6460()	0	0	unknown	true		5	557	34	22	1261
urn:ure:t6:occ:function:current-client:006e6500	0x006e6500	xbuild-enriched-full	true	006e6500	FUN_006e6500	undefined FUN_006e6500()	0	0	unknown	true		1	140	7	2	389
urn:ure:t6:occ:function:current-client:006e6520	0x006e6520	xbuild-enriched-full	true	006e6520	FUN_006e6520	undefined FUN_006e6520()	0	0	unknown	true		4	559	35	4	1340
urn:ure:t6:occ:function:current-client:006e6590	0x006e6590	xbuild-enriched-full	true	006e6590	FUN_006e6590	undefined FUN_006e6590()	0	0	unknown	true		1	180	7	2	349
urn:ure:t6:occ:function:current-client:006e65b0	0x006e65b0	xbuild-enriched-full	true	006e65b0	FUN_006e65b0	undefined FUN_006e65b0()	0	0	unknown	true		10	1557	88	14	3801
urn:ure:t6:occ:function:current-client:006e6740	0x006e6740	xbuild-enriched-full	true	006e6740	FUN_006e6740	undefined FUN_006e6740()	0	0	unknown	true		8	1716	90	14	3825
urn:ure:t6:occ:function:current-client:006e68e0	0x006e68e0	xbuild-enriched-full	true	006e68e0	FUN_006e68e0	undefined FUN_006e68e0()	0	0	unknown	true		1	234	5	3	298
urn:ure:t6:occ:function:current-client:006e6900	0x006e6900	xbuild-enriched-full	true	006e6900	FUN_006e6900	undefined FUN_006e6900()	0	0	unknown	true		2	251	15	6	645
urn:ure:t6:occ:function:current-client:006e6940	0x006e6940	xbuild-enriched-full	true	006e6940	FUN_006e6940	undefined FUN_006e6940()	0	0	unknown	true		11	732	49	15	1625
urn:ure:t6:occ:function:current-client:006e69d0	0x006e69d0	xbuild-enriched-full	true	006e69d0	FUN_006e69d0	undefined FUN_006e69d0()	0	0	unknown	true		2	252	11	4	444
urn:ure:t6:occ:function:current-client:006e69f0	0x006e69f0	xbuild-enriched-full	true	006e69f0	FUN_006e69f0	undefined FUN_006e69f0()	0	0	unknown	true		17	1628	105	34	3329
urn:ure:t6:occ:function:current-client:006e6c30	0x006e6c30	xbuild-enriched-full	true	006e6c30	FUN_006e6c30	undefined FUN_006e6c30()	0	0	unknown	true		26	2251	137	45	4796
urn:ure:t6:occ:function:current-client:006e6e00	0x006e6e00	xbuild-enriched-full	true	006e6e00	FUN_006e6e00	undefined FUN_006e6e00()	0	0	unknown	true		9	739	61	12	2586
urn:ure:t6:occ:function:current-client:006e6f50	0x006e6f50	xbuild-enriched-full	true	006e6f50	FUN_006e6f50	undefined FUN_006e6f50()	0	0	unknown	true		2	259	7	3	356
urn:ure:t6:occ:function:current-client:006e6f70	0x006e6f70	xbuild-enriched-full	true	006e6f70	FUN_006e6f70	undefined FUN_006e6f70()	0	0	unknown	true		1	257	6	1	385
urn:ure:t6:occ:function:current-client:006e6f90	0x006e6f90	xbuild-enriched-full	true	006e6f90	FUN_006e6f90	undefined FUN_006e6f90()	0	0	unknown	true		1	199	5	0	312
urn:ure:t6:occ:function:current-client:006e6fa0	0x006e6fa0	xbuild-enriched-full	true	006e6fa0	FUN_006e6fa0	undefined FUN_006e6fa0()	0	0	unknown	true		5	742	37	7	1333
urn:ure:t6:occ:function:current-client:006e71a0	0x006e71a0	xbuild-enriched-full	true	006e71a0	FUN_006e71a0	undefined FUN_006e71a0()	0	0	unknown	true		29	3999	241	52	9933
urn:ure:t6:occ:function:current-client:006e75b0	0x006e75b0	xbuild-enriched-full	true	006e75b0	FUN_006e75b0	undefined FUN_006e75b0()	0	0	unknown	true		13	2302	96	29	3715
urn:ure:t6:occ:function:current-client:006e76f0	0x006e76f0	xbuild-enriched-full	true	006e76f0	FUN_006e76f0	undefined FUN_006e76f0()	0	0	unknown	true		3	404	20	11	792
urn:ure:t6:occ:function:current-client:006e7740	0x006e7740	xbuild-enriched-full	true	006e7740	FUN_006e7740	undefined FUN_006e7740()	0	0	unknown	true		6	821	54	23	1838
urn:ure:t6:occ:function:current-client:006e7810	0x006e7810	xbuild-enriched-full	true	006e7810	FUN_006e7810	undefined FUN_006e7810()	0	0	unknown	true		1	141	8	0	473
urn:ure:t6:occ:function:current-client:006e7830	0x006e7830	xbuild-enriched-full	true	006e7830	FUN_006e7830	undefined FUN_006e7830()	0	0	unknown	true		1	247	12	3	475
urn:ure:t6:occ:function:current-client:006e79b0	0x006e79b0	xbuild-enriched-full	true	006e79b0	FUN_006e79b0	undefined FUN_006e79b0()	0	0	unknown	true		15	2297	146	21	5436
urn:ure:t6:occ:function:current-client:006e7bc0	0x006e7bc0	xbuild-enriched-full	true	006e7bc0	FUN_006e7bc0	undefined FUN_006e7bc0()	0	0	unknown	true		2	351	21	3	771
urn:ure:t6:occ:function:current-client:006e7c00	0x006e7c00	xbuild-enriched-full	true	006e7c00	FUN_006e7c00	undefined FUN_006e7c00()	0	0	unknown	true		3	369	20	8	715
urn:ure:t6:occ:function:current-client:006e7c40	0x006e7c40	xbuild-enriched-full	true	006e7c40	FUN_006e7c40	undefined FUN_006e7c40()	0	0	unknown	true		1	213	11	1	518
urn:ure:t6:occ:function:current-client:006e7c60	0x006e7c60	xbuild-enriched-full	true	006e7c60	FUN_006e7c60	undefined FUN_006e7c60()	0	0	unknown	true		59	6095	361	58	14840
urn:ure:t6:occ:function:current-client:006e8660	0x006e8660	xbuild-enriched-full	true	006e8660	FUN_006e8660	undefined FUN_006e8660()	0	0	unknown	true		25	2989	190	36	6161
urn:ure:t6:occ:function:current-client:006e88e3	0x006e88e3	xbuild-enriched-full	true	006e88e3	FUN_006e88e3	undefined FUN_006e88e3()	0	0	unknown	true		3	432	23	4	920
urn:ure:t6:occ:function:current-client:006e8930	0x006e8930	xbuild-enriched-full	true	006e8930	FUN_006e8930	undefined FUN_006e8930()	0	0	unknown	true		5	832	44	14	1598
urn:ure:t6:occ:function:current-client:006e89c0	0x006e89c0	xbuild-enriched-full	true	006e89c0	FUN_006e89c0	undefined FUN_006e89c0()	0	0	unknown	true		2	253	18	5	644
urn:ure:t6:occ:function:current-client:006e8a10	0x006e8a10	xbuild-enriched-full	true	006e8a10	FUN_006e8a10	undefined FUN_006e8a10()	0	0	unknown	true		3	267	19	4	756
urn:ure:t6:occ:function:current-client:006e8a50	0x006e8a50	xbuild-enriched-full	true	006e8a50	FUN_006e8a50	undefined FUN_006e8a50()	0	0	unknown	true		24	4171	245	41	8512
urn:ure:t6:occ:function:current-client:006e8d10	0x006e8d10	xbuild-enriched-full	true	006e8d10	FUN_006e8d10	undefined FUN_006e8d10()	0	0	unknown	true		2	396	15	4	752
urn:ure:t6:occ:function:current-client:006e8d50	0x006e8d50	xbuild-enriched-full	true	006e8d50	FUN_006e8d50	undefined FUN_006e8d50()	0	0	unknown	true		4	421	42	5	1377
urn:ure:t6:occ:function:current-client:006e8dd0	0x006e8dd0	xbuild-enriched-full	true	006e8dd0	FUN_006e8dd0	undefined FUN_006e8dd0()	0	0	unknown	true		5	912	38	8	1658
urn:ure:t6:occ:function:current-client:006e8f20	0x006e8f20	xbuild-enriched-full	true	006e8f20	FUN_006e8f20	undefined FUN_006e8f20()	0	0	unknown	true		13	2169	126	17	4429
urn:ure:t6:occ:function:current-client:006e9090	0x006e9090	xbuild-enriched-full	true	006e9090	FUN_006e9090	undefined FUN_006e9090()	0	0	unknown	true		2	220	16	3	565
urn:ure:t6:occ:function:current-client:006e90e0	0x006e90e0	xbuild-enriched-full	true	006e90e0	FUN_006e90e0	undefined FUN_006e90e0()	0	0	unknown	true		1	269	10	5	444
urn:ure:t6:occ:function:current-client:006e9120	0x006e9120	xbuild-enriched-full	true	006e9120	FUN_006e9120	undefined FUN_006e9120()	0	0	unknown	true		3	362	22	10	826
urn:ure:t6:occ:function:current-client:006e9190	0x006e9190	xbuild-enriched-full	true	006e9190	FUN_006e9190	undefined FUN_006e9190()	0	0	unknown	true		5	784	49	2	1937
urn:ure:t6:occ:function:current-client:006e9230	0x006e9230	xbuild-enriched-full	true	006e9230	FUN_006e9230	undefined FUN_006e9230()	0	0	unknown	true		2	119	14	2	543
urn:ure:t6:occ:function:current-client:006e9260	0x006e9260	xbuild-enriched-full	true	006e9260	FUN_006e9260	undefined FUN_006e9260()	0	0	unknown	true		33	3189	239	42	8373
urn:ure:t6:occ:function:current-client:006e9570	0x006e9570	xbuild-enriched-full	true	006e9570	FUN_006e9570	undefined FUN_006e9570()	0	0	unknown	true		2	171	11	2	504
urn:ure:t6:occ:function:current-client:006e9590	0x006e9590	xbuild-enriched-full	true	006e9590	FUN_006e9590	undefined FUN_006e9590()	0	0	unknown	true		45	7721	384	47	13681
urn:ure:t6:occ:function:current-client:006e99f0	0x006e99f0	xbuild-enriched-full	true	006e99f0	FUN_006e99f0	undefined FUN_006e99f0()	0	0	unknown	true		2	161	9	2	413
urn:ure:t6:occ:function:current-client:006e9a10	0x006e9a10	xbuild-enriched-full	true	006e9a10	FUN_006e9a10	undefined FUN_006e9a10()	0	0	unknown	true		19	1546	104	88	5042
urn:ure:t6:occ:function:current-client:006e9c60	0x006e9c60	xbuild-enriched-full	true	006e9c60	FUN_006e9c60	undefined FUN_006e9c60()	0	0	unknown	true		30	3815	285	78	9084
urn:ure:t6:occ:function:current-client:006e9fd0	0x006e9fd0	xbuild-enriched-full	true	006e9fd0	FUN_006e9fd0	undefined FUN_006e9fd0()	0	0	unknown	true		6	570	34	20	1281
urn:ure:t6:occ:function:current-client:006ea060	0x006ea060	xbuild-enriched-full	true	006ea060	FUN_006ea060	undefined FUN_006ea060()	0	0	unknown	true		1	117	6	1	386
urn:ure:t6:occ:function:current-client:006ea080	0x006ea080	xbuild-enriched-full	true	006ea080	FUN_006ea080	undefined FUN_006ea080()	0	0	unknown	true		6	788	49	2	1945
urn:ure:t6:occ:function:current-client:006ea120	0x006ea120	xbuild-enriched-full	true	006ea120	FUN_006ea120	undefined FUN_006ea120()	0	0	unknown	true		1	130	11	2	465
urn:ure:t6:occ:function:current-client:006ea140	0x006ea140	xbuild-enriched-full	true	006ea140	FUN_006ea140	undefined FUN_006ea140()	0	0	unknown	true		19	2901	174	42	5574
urn:ure:t6:occ:function:current-client:006ea310	0x006ea310	xbuild-enriched-full	true	006ea310	FUN_006ea310	undefined FUN_006ea310()	0	0	unknown	true		6	793	54	3	2506
urn:ure:t6:occ:function:current-client:006ea3f0	0x006ea3f0	xbuild-enriched-full	true	006ea3f0	FUN_006ea3f0	undefined FUN_006ea3f0()	0	0	unknown	true		2	262	15	1	668
urn:ure:t6:occ:function:current-client:006ea420	0x006ea420	xbuild-enriched-full	true	006ea420	FUN_006ea420	undefined FUN_006ea420()	0	0	unknown	true		1	118	8	1	380
urn:ure:t6:occ:function:current-client:006ea440	0x006ea440	xbuild-enriched-full	true	006ea440	FUN_006ea440	undefined FUN_006ea440()	0	0	unknown	true		6	1149	62	9	2339
urn:ure:t6:occ:function:current-client:006ea500	0x006ea500	xbuild-enriched-full	true	006ea500	FUN_006ea500	undefined FUN_006ea500()	0	0	unknown	true		3	336	24	6	861
urn:ure:t6:occ:function:current-client:006ea660	0x006ea660	xbuild-enriched-full	true	006ea660	FUN_006ea660	undefined FUN_006ea660()	0	0	unknown	true		10	1236	93	15	3467
urn:ure:t6:occ:function:current-client:006ea7a0	0x006ea7a0	xbuild-enriched-full	true	006ea7a0	FUN_006ea7a0	undefined FUN_006ea7a0()	0	0	unknown	true		6	584	52	9	1635
urn:ure:t6:occ:function:current-client:006ea820	0x006ea820	xbuild-enriched-full	true	006ea820	FUN_006ea820	undefined FUN_006ea820()	0	0	unknown	true		4	536	31	9	1151
urn:ure:t6:occ:function:current-client:006ea880	0x006ea880	xbuild-enriched-full	true	006ea880	FUN_006ea880	undefined FUN_006ea880()	0	0	unknown	true		11	1312	85	32	3298
urn:ure:t6:occ:function:current-client:006ea9f0	0x006ea9f0	xbuild-enriched-full	true	006ea9f0	FUN_006ea9f0	undefined FUN_006ea9f0()	0	0	unknown	true		0	77	2	2	209
urn:ure:t6:occ:function:current-client:006eaa00	0x006eaa00	xbuild-enriched-full	true	006eaa00	FUN_006eaa00	undefined FUN_006eaa00()	0	0	unknown	true		29	3448	191	57	6388
urn:ure:t6:occ:function:current-client:006eac80	0x006eac80	xbuild-enriched-full	true	006eac80	FUN_006eac80	undefined FUN_006eac80()	0	0	unknown	true		1	129	10	1	524
urn:ure:t6:occ:function:current-client:006eadc0	0x006eadc0	xbuild-enriched-full	true	006eadc0	FUN_006eadc0	undefined FUN_006eadc0()	0	0	unknown	true		2	182	14	3	588
urn:ure:t6:occ:function:current-client:006eadf0	0x006eadf0	xbuild-enriched-full	true	006eadf0	FUN_006eadf0	undefined FUN_006eadf0()	0	0	unknown	true		21	3455	198	36	6966
urn:ure:t6:occ:function:current-client:006eb020	0x006eb020	xbuild-enriched-full	true	006eb020	FUN_006eb020	undefined FUN_006eb020()	0	0	unknown	true		1	82	6	1	310
urn:ure:t6:occ:function:current-client:006eb030	0x006eb030	xbuild-enriched-full	true	006eb030	FUN_006eb030	undefined FUN_006eb030()	0	0	unknown	true		2	335	14	3	612
urn:ure:t6:occ:function:current-client:006eb060	0x006eb060	xbuild-enriched-full	true	006eb060	FUN_006eb060	undefined FUN_006eb060()	0	0	unknown	true		9	1482	78	20	3044
urn:ure:t6:occ:function:current-client:006eb160	0x006eb160	xbuild-enriched-full	true	006eb160	FUN_006eb160	undefined FUN_006eb160()	0	0	unknown	true		2	219	11	5	509
urn:ure:t6:occ:function:current-client:006eb190	0x006eb190	xbuild-enriched-full	true	006eb190	FUN_006eb190	undefined FUN_006eb190()	0	0	unknown	true		1	168	7	2	397
urn:ure:t6:occ:function:current-client:006eb1b0	0x006eb1b0	xbuild-enriched-full	true	006eb1b0	FUN_006eb1b0	undefined FUN_006eb1b0()	0	0	unknown	true		6	1027	68	7	2291
urn:ure:t6:occ:function:current-client:006eb260	0x006eb260	xbuild-enriched-full	true	006eb260	FUN_006eb260	undefined FUN_006eb260()	0	0	unknown	true		1	142	7	0	387
urn:ure:t6:occ:function:current-client:006eb280	0x006eb280	xbuild-enriched-full	true	006eb280	FUN_006eb280	undefined FUN_006eb280()	0	0	unknown	true		5	627	27	10	1198
urn:ure:t6:occ:function:current-client:006eb2f0	0x006eb2f0	xbuild-enriched-full	true	006eb2f0	FUN_006eb2f0	undefined FUN_006eb2f0()	0	0	unknown	true		1	203	6	2	345
urn:ure:t6:occ:function:current-client:006eb310	0x006eb310	xbuild-enriched-full	true	006eb310	FUN_006eb310	undefined FUN_006eb310()	0	0	unknown	true		2	258	8	3	383
urn:ure:t6:occ:function:current-client:006eb370	0x006eb370	xbuild-enriched-full	true	006eb370	FUN_006eb370	undefined FUN_006eb370()	0	0	unknown	true		2	328	11	5	480
urn:ure:t6:occ:function:current-client:006eb3a0	0x006eb3a0	xbuild-enriched-full	true	006eb3a0	FUN_006eb3a0	undefined FUN_006eb3a0()	0	0	unknown	true		11	1341	88	10	3724
urn:ure:t6:occ:function:current-client:006eb520	0x006eb520	xbuild-enriched-full	true	006eb520	FUN_006eb520	undefined FUN_006eb520()	0	0	unknown	true		0	311	1	1	187
urn:ure:t6:occ:function:current-client:006eb530	0x006eb530	xbuild-enriched-full	true	006eb530	FUN_006eb530	undefined FUN_006eb530()	0	0	unknown	true		8	963	63	26	2125
urn:ure:t6:occ:function:current-client:006eb610	0x006eb610	xbuild-enriched-full	true	006eb610	FUN_006eb610	undefined FUN_006eb610()	0	0	unknown	true		25	5394	230	28	8391
urn:ure:t6:occ:function:current-client:006eb8b0	0x006eb8b0	xbuild-enriched-full	true	006eb8b0	FUN_006eb8b0	undefined FUN_006eb8b0()	0	0	unknown	true		8	867	62	14	1870
urn:ure:t6:occ:function:current-client:006eb940	0x006eb940	xbuild-enriched-full	true	006eb940	FUN_006eb940	undefined FUN_006eb940()	0	0	unknown	true		16	2573	94	15	3778
urn:ure:t6:occ:function:current-client:006ebae0	0x006ebae0	xbuild-enriched-full	true	006ebae0	FUN_006ebae0	undefined FUN_006ebae0()	0	0	unknown	true		37	3761	296	73	9189
urn:ure:t6:occ:function:current-client:006ebe30	0x006ebe30	xbuild-enriched-full	true	006ebe30	FUN_006ebe30	undefined FUN_006ebe30()	0	0	unknown	true		1	79	2	1	209
urn:ure:t6:occ:function:current-client:006ebe40	0x006ebe40	xbuild-enriched-full	true	006ebe40	FUN_006ebe40	undefined FUN_006ebe40()	0	0	unknown	true		6	669	42	9	1924
urn:ure:t6:occ:function:current-client:006ebf00	0x006ebf00	xbuild-enriched-full	true	006ebf00	FUN_006ebf00	undefined FUN_006ebf00()	0	0	unknown	true		2	280	13	4	550
urn:ure:t6:occ:function:current-client:006ebf30	0x006ebf30	xbuild-enriched-full	true	006ebf30	FUN_006ebf30	undefined FUN_006ebf30()	0	0	unknown	true		4	712	30	6	1089
urn:ure:t6:occ:function:current-client:006ebf90	0x006ebf90	xbuild-enriched-full	true	006ebf90	FUN_006ebf90	undefined FUN_006ebf90()	0	0	unknown	true		83	9044	579	157	21462
urn:ure:t6:occ:function:current-client:006ec850	0x006ec850	xbuild-enriched-full	true	006ec850	FUN_006ec850	undefined FUN_006ec850()	0	0	unknown	true		3	458	21	3	934
urn:ure:t6:occ:function:current-client:006ec8b0	0x006ec8b0	xbuild-enriched-full	true	006ec8b0	FUN_006ec8b0	undefined FUN_006ec8b0()	0	0	unknown	true		1	133	7	2	334
urn:ure:t6:occ:function:current-client:006ec8d0	0x006ec8d0	xbuild-enriched-full	true	006ec8d0	FUN_006ec8d0	undefined FUN_006ec8d0()	0	0	unknown	true		2	354	11	4	622
urn:ure:t6:occ:function:current-client:006ec900	0x006ec900	xbuild-enriched-full	true	006ec900	FUN_006ec900	undefined FUN_006ec900()	0	0	unknown	true		5	924	38	17	1474
urn:ure:t6:occ:function:current-client:006eca00	0x006eca00	xbuild-enriched-full	true	006eca00	FUN_006eca00	undefined FUN_006eca00()	0	0	unknown	true		14	2207	124	26	4625
urn:ure:t6:occ:function:current-client:006ecbd0	0x006ecbd0	xbuild-enriched-full	true	006ecbd0	FUN_006ecbd0	undefined FUN_006ecbd0()	0	0	unknown	true		19	4114	205	16	7425
urn:ure:t6:occ:function:current-client:006ecdf0	0x006ecdf0	xbuild-enriched-full	true	006ecdf0	FUN_006ecdf0	undefined FUN_006ecdf0()	0	0	unknown	true		23	3441	207	26	7136
urn:ure:t6:occ:function:current-client:006ed060	0x006ed060	xbuild-enriched-full	true	006ed060	FUN_006ed060	undefined FUN_006ed060()	0	0	unknown	true		4	520	34	13	1184
urn:ure:t6:occ:function:current-client:006ed0d0	0x006ed0d0	xbuild-enriched-full	true	006ed0d0	FUN_006ed0d0	undefined FUN_006ed0d0()	0	0	unknown	true		18	2796	174	18	6552
urn:ure:t6:occ:function:current-client:006ed320	0x006ed320	xbuild-enriched-full	true	006ed320	FUN_006ed320	undefined FUN_006ed320()	0	0	unknown	true		11	1678	95	33	3164
urn:ure:t6:occ:function:current-client:006ed460	0x006ed460	xbuild-enriched-full	true	006ed460	FUN_006ed460	undefined FUN_006ed460()	0	0	unknown	true		3	482	29	2	1161
urn:ure:t6:occ:function:current-client:006ed4b0	0x006ed4b0	xbuild-enriched-full	true	006ed4b0	FUN_006ed4b0	undefined FUN_006ed4b0()	0	0	unknown	true		3	609	31	3	1127
urn:ure:t6:occ:function:current-client:006ed500	0x006ed500	xbuild-enriched-full	true	006ed500	FUN_006ed500	undefined FUN_006ed500()	0	0	unknown	true		0	60	2	1	194
urn:ure:t6:occ:function:current-client:006ed510	0x006ed510	xbuild-enriched-full	true	006ed510	FUN_006ed510	undefined FUN_006ed510()	0	0	unknown	true		14	2185	104	25	3787
urn:ure:t6:occ:function:current-client:006ed6a0	0x006ed6a0	xbuild-enriched-full	true	006ed6a0	FUN_006ed6a0	undefined FUN_006ed6a0()	0	0	unknown	true		1	182	10	3	476
urn:ure:t6:occ:function:current-client:006ed6c0	0x006ed6c0	xbuild-enriched-full	true	006ed6c0	FUN_006ed6c0	undefined FUN_006ed6c0()	0	0	unknown	true		16	2748	157	18	6753
urn:ure:t6:occ:function:current-client:006ed960	0x006ed960	xbuild-enriched-full	true	006ed960	FUN_006ed960	undefined FUN_006ed960()	0	0	unknown	true		3	542	24	8	928
urn:ure:t6:occ:function:current-client:006ed9b0	0x006ed9b0	xbuild-enriched-full	true	006ed9b0	FUN_006ed9b0	undefined FUN_006ed9b0()	0	0	unknown	true		5	481	31	28	1184
urn:ure:t6:occ:function:current-client:006eda50	0x006eda50	xbuild-enriched-full	true	006eda50	FUN_006eda50	undefined FUN_006eda50()	0	0	unknown	true		1	271	9	4	487
urn:ure:t6:occ:function:current-client:006eda80	0x006eda80	xbuild-enriched-full	true	006eda80	FUN_006eda80	undefined FUN_006eda80()	0	0	unknown	true		4	738	33	6	1362
urn:ure:t6:occ:function:current-client:006edb40	0x006edb40	xbuild-enriched-full	true	006edb40	FUN_006edb40	undefined FUN_006edb40()	0	0	unknown	true		4	684	33	5	1322
urn:ure:t6:occ:function:current-client:006edbb0	0x006edbb0	xbuild-enriched-full	true	006edbb0	FUN_006edbb0	undefined FUN_006edbb0()	0	0	unknown	true		3	293	22	2	811
urn:ure:t6:occ:function:current-client:006edbf0	0x006edbf0	xbuild-enriched-full	true	006edbf0	FUN_006edbf0	undefined FUN_006edbf0()	0	0	unknown	true		10	1492	78	29	2608
urn:ure:t6:occ:function:current-client:006edf90	0x006edf90	xbuild-enriched-full	true	006edf90	FUN_006edf90	undefined FUN_006edf90()	0	0	unknown	true		0	168	3	1	269
urn:ure:t6:occ:function:current-client:006edfa0	0x006edfa0	xbuild-enriched-full	true	006edfa0	FUN_006edfa0	undefined FUN_006edfa0()	0	0	unknown	true		3	428	31	11	1100
urn:ure:t6:occ:function:current-client:006ee000	0x006ee000	xbuild-enriched-full	true	006ee000	FUN_006ee000	undefined FUN_006ee000()	0	0	unknown	true		0	99	3	1	265
urn:ure:t6:occ:function:current-client:006ee010	0x006ee010	xbuild-enriched-full	true	006ee010	FUN_006ee010	undefined FUN_006ee010()	0	0	unknown	true		4	517	40	6	1326
urn:ure:t6:occ:function:current-client:006ee080	0x006ee080	xbuild-enriched-full	true	006ee080	FUN_006ee080	undefined FUN_006ee080()	0	0	unknown	true		0	59	4	1	316
urn:ure:t6:occ:function:current-client:006ee090	0x006ee090	xbuild-enriched-full	true	006ee090	FUN_006ee090	undefined FUN_006ee090()	0	0	unknown	true		10	1360	87	26	2588
urn:ure:t6:occ:function:current-client:006ee180	0x006ee180	xbuild-enriched-full	true	006ee180	FUN_006ee180	undefined FUN_006ee180()	0	0	unknown	true		10	1115	67	16	2225
urn:ure:t6:occ:function:current-client:006ee270	0x006ee270	xbuild-enriched-full	true	006ee270	FUN_006ee270	undefined FUN_006ee270()	0	0	unknown	true		6	396	56	9	1508
urn:ure:t6:occ:function:current-client:006ee2e0	0x006ee2e0	xbuild-enriched-full	true	006ee2e0	FUN_006ee2e0	undefined FUN_006ee2e0()	0	0	unknown	true		10	1068	63	14	2204
urn:ure:t6:occ:function:current-client:006ee3b0	0x006ee3b0	xbuild-enriched-full	true	006ee3b0	FUN_006ee3b0	undefined FUN_006ee3b0()	0	0	unknown	true		1	79	3	1	263
urn:ure:t6:occ:function:current-client:006ee3c0	0x006ee3c0	xbuild-enriched-full	true	006ee3c0	FUN_006ee3c0	undefined FUN_006ee3c0()	0	0	unknown	true		11	1241	87	8	3271
urn:ure:t6:occ:function:current-client:006ee510	0x006ee510	xbuild-enriched-full	true	006ee510	FUN_006ee510	undefined FUN_006ee510()	0	0	unknown	true		31	4269	209	60	7738
urn:ure:t6:occ:function:current-client:006ee7f0	0x006ee7f0	xbuild-enriched-full	true	006ee7f0	FUN_006ee7f0	undefined FUN_006ee7f0()	0	0	unknown	true		1	60	4	1	241
urn:ure:t6:occ:function:current-client:006ee800	0x006ee800	xbuild-enriched-full	true	006ee800	FUN_006ee800	undefined FUN_006ee800()	0	0	unknown	true		5	698	44	14	1531
urn:ure:t6:occ:function:current-client:006ee880	0x006ee880	xbuild-enriched-full	true	006ee880	FUN_006ee880	undefined FUN_006ee880()	0	0	unknown	true		2	379	13	2	541
urn:ure:t6:occ:function:current-client:006ee8a0	0x006ee8a0	xbuild-enriched-full	true	006ee8a0	FUN_006ee8a0	undefined FUN_006ee8a0()	0	0	unknown	true		5	608	46	12	1430
urn:ure:t6:occ:function:current-client:006ee920	0x006ee920	xbuild-enriched-full	true	006ee920	FUN_006ee920	undefined FUN_006ee920()	0	0	unknown	true		6	856	53	20	1897
urn:ure:t6:occ:function:current-client:006eec20	0x006eec20	xbuild-enriched-full	true	006eec20	FUN_006eec20	undefined FUN_006eec20()	0	0	unknown	true		6	788	49	2	1945
urn:ure:t6:occ:function:current-client:006eecc0	0x006eecc0	xbuild-enriched-full	true	006eecc0	FUN_006eecc0	undefined FUN_006eecc0()	0	0	unknown	true		2	146	12	3	491
urn:ure:t6:occ:function:current-client:006eece0	0x006eece0	xbuild-enriched-full	true	006eece0	FUN_006eece0	undefined FUN_006eece0()	0	0	unknown	true		1	259	14	4	543
urn:ure:t6:occ:function:current-client:006eed50	0x006eed50	xbuild-enriched-full	true	006eed50	FUN_006eed50	undefined FUN_006eed50()	0	0	unknown	true		0	147	2	1	195
urn:ure:t6:occ:function:current-client:006eed60	0x006eed60	xbuild-enriched-full	true	006eed60	FUN_006eed60	undefined FUN_006eed60()	0	0	unknown	true		1	292	7	3	363
urn:ure:t6:occ:function:current-client:006eed80	0x006eed80	xbuild-enriched-full	true	006eed80	FUN_006eed80	undefined FUN_006eed80()	0	0	unknown	true		26	4349	215	42	9585
urn:ure:t6:occ:function:current-client:006ef1b0	0x006ef1b0	xbuild-enriched-full	true	006ef1b0	FUN_006ef1b0	undefined FUN_006ef1b0()	0	0	unknown	true		2	278	14	5	573
urn:ure:t6:occ:function:current-client:006ef1e0	0x006ef1e0	xbuild-enriched-full	true	006ef1e0	FUN_006ef1e0	undefined FUN_006ef1e0()	0	0	unknown	true		9	1650	83	8	3364
urn:ure:t6:occ:function:current-client:006ef340	0x006ef340	xbuild-enriched-full	true	006ef340	FUN_006ef340	undefined FUN_006ef340()	0	0	unknown	true		2	284	14	4	560
urn:ure:t6:occ:function:current-client:006ef370	0x006ef370	xbuild-enriched-full	true	006ef370	FUN_006ef370	undefined FUN_006ef370()	0	0	unknown	true		7	780	62	16	2001
urn:ure:t6:occ:function:current-client:006ef420	0x006ef420	xbuild-enriched-full	true	006ef420	FUN_006ef420	undefined FUN_006ef420()	0	0	unknown	true		8	1229	76	16	2820
urn:ure:t6:occ:function:current-client:006ef500	0x006ef500	xbuild-enriched-full	true	006ef500	FUN_006ef500	undefined FUN_006ef500()	0	0	unknown	true		2	260	18	7	726
urn:ure:t6:occ:function:current-client:006ef550	0x006ef550	xbuild-enriched-full	true	006ef550	FUN_006ef550	undefined FUN_006ef550()	0	0	unknown	true		6	1194	59	11	2153
urn:ure:t6:occ:function:current-client:006ef620	0x006ef620	xbuild-enriched-full	true	006ef620	FUN_006ef620	undefined FUN_006ef620()	0	0	unknown	true		2	121	8	2	391
urn:ure:t6:occ:function:current-client:006ef640	0x006ef640	xbuild-enriched-full	true	006ef640	FUN_006ef640	undefined FUN_006ef640()	0	0	unknown	true		4	634	29	3	1103
urn:ure:t6:occ:function:current-client:006ef6a0	0x006ef6a0	xbuild-enriched-full	true	006ef6a0	FUN_006ef6a0	undefined FUN_006ef6a0()	0	0	unknown	true		3	406	29	5	1099
urn:ure:t6:occ:function:current-client:006ef700	0x006ef700	xbuild-enriched-full	true	006ef700	FUN_006ef700	undefined FUN_006ef700()	0	0	unknown	true		0	81	3	1	240
urn:ure:t6:occ:function:current-client:006ef710	0x006ef710	xbuild-enriched-full	true	006ef710	FUN_006ef710	undefined FUN_006ef710()	0	0	unknown	true		2	272	15	4	601
urn:ure:t6:occ:function:current-client:006ef740	0x006ef740	xbuild-enriched-full	true	006ef740	FUN_006ef740	undefined FUN_006ef740()	0	0	unknown	true		8	1202	78	13	2677
urn:ure:t6:occ:function:current-client:006ef830	0x006ef830	xbuild-enriched-full	true	006ef830	FUN_006ef830	undefined FUN_006ef830()	0	0	unknown	true		5	765	45	9	1452
urn:ure:t6:occ:function:current-client:006ef8b0	0x006ef8b0	xbuild-enriched-full	true	006ef8b0	FUN_006ef8b0	undefined FUN_006ef8b0()	0	0	unknown	true		4	623	36	15	1355
urn:ure:t6:occ:function:current-client:006ef930	0x006ef930	xbuild-enriched-full	true	006ef930	FUN_006ef930	undefined FUN_006ef930()	0	0	unknown	true		4	377	31	11	1103
urn:ure:t6:occ:function:current-client:006ef9a0	0x006ef9a0	xbuild-enriched-full	true	006ef9a0	FUN_006ef9a0	undefined FUN_006ef9a0()	0	0	unknown	true		2	462	19	1	907
urn:ure:t6:occ:function:current-client:006ef9f0	0x006ef9f0	xbuild-enriched-full	true	006ef9f0	FUN_006ef9f0	undefined FUN_006ef9f0()	0	0	unknown	true		3	331	15	2	708
urn:ure:t6:occ:function:current-client:006efa30	0x006efa30	xbuild-enriched-full	true	006efa30	thunk_FUN_00574de0	undefined thunk_FUN_00574de0()	0	0	unknown	true		15	1332	1	1	173
urn:ure:t6:occ:function:current-client:006efa40	0x006efa40	xbuild-enriched-full	true	006efa40	FUN_006efa40	undefined FUN_006efa40()	0	0	unknown	true		1	99	9	1	408
urn:ure:t6:occ:function:current-client:006efa60	0x006efa60	xbuild-enriched-full	true	006efa60	FUN_006efa60	undefined FUN_006efa60()	0	0	unknown	true		9	1150	56	5	2645
urn:ure:t6:occ:function:current-client:006efb60	0x006efb60	xbuild-enriched-full	true	006efb60	FUN_006efb60	undefined FUN_006efb60()	0	0	unknown	true		8	1392	82	16	3040
urn:ure:t6:occ:function:current-client:006efcf0	0x006efcf0	xbuild-enriched-full	true	006efcf0	FUN_006efcf0	undefined FUN_006efcf0()	0	0	unknown	true		5	538	48	8	1617
urn:ure:t6:occ:function:current-client:006efd80	0x006efd80	xbuild-enriched-full	true	006efd80	FUN_006efd80	undefined FUN_006efd80()	0	0	unknown	true		1	265	13	1	586
urn:ure:t6:occ:function:current-client:006efe10	0x006efe10	xbuild-enriched-full	true	006efe10	FUN_006efe10	undefined FUN_006efe10()	0	0	unknown	true		9	1756	89	17	2943
urn:ure:t6:occ:function:current-client:006eff00	0x006eff00	xbuild-enriched-full	true	006eff00	FUN_006eff00	undefined FUN_006eff00()	0	0	unknown	true		4	422	31	9	1061
urn:ure:t6:occ:function:current-client:006eff60	0x006eff60	xbuild-enriched-full	true	006eff60	FUN_006eff60	undefined FUN_006eff60()	0	0	unknown	true		1	80	8	1	361
urn:ure:t6:occ:function:current-client:006f0010	0x006f0010	xbuild-enriched-full	true	006f0010	FUN_006f0010	undefined FUN_006f0010()	0	0	unknown	true		23	3557	175	26	7530
urn:ure:t6:occ:function:current-client:006f0330	0x006f0330	xbuild-enriched-full	true	006f0330	FUN_006f0330	undefined FUN_006f0330()	0	0	unknown	true		4	756	32	9	1332
urn:ure:t6:occ:function:current-client:006f03b0	0x006f03b0	xbuild-enriched-full	true	006f03b0	FUN_006f03b0	undefined FUN_006f03b0()	0	0	unknown	true		1	168	6	1	352
urn:ure:t6:occ:function:current-client:006f03d0	0x006f03d0	xbuild-enriched-full	true	006f03d0	FUN_006f03d0	undefined FUN_006f03d0()	0	0	unknown	true		2	321	15	7	613
urn:ure:t6:occ:function:current-client:006f0410	0x006f0410	xbuild-enriched-full	true	006f0410	FUN_006f0410	undefined FUN_006f0410()	0	0	unknown	true		12	1553	101	15	3874
urn:ure:t6:occ:function:current-client:006f0580	0x006f0580	xbuild-enriched-full	true	006f0580	FUN_006f0580	undefined FUN_006f0580()	0	0	unknown	true		13	1799	124	13	5332
urn:ure:t6:occ:function:current-client:006f07a0	0x006f07a0	xbuild-enriched-full	true	006f07a0	FUN_006f07a0	undefined FUN_006f07a0()	0	0	unknown	true		23	2259	170	53	5334
urn:ure:t6:occ:function:current-client:006f09c0	0x006f09c0	xbuild-enriched-full	true	006f09c0	FUN_006f09c0	undefined FUN_006f09c0()	0	0	unknown	true		21	2474	153	24	5692
urn:ure:t6:occ:function:current-client:006f0bc0	0x006f0bc0	xbuild-enriched-full	true	006f0bc0	FUN_006f0bc0	undefined FUN_006f0bc0()	0	0	unknown	true		5	579	37	12	1243
urn:ure:t6:occ:function:current-client:006f0c30	0x006f0c30	xbuild-enriched-full	true	006f0c30	FUN_006f0c30	undefined FUN_006f0c30()	0	0	unknown	true		4	624	30	3	1161
urn:ure:t6:occ:function:current-client:006f0c90	0x006f0c90	xbuild-enriched-full	true	006f0c90	FUN_006f0c90	undefined FUN_006f0c90()	0	0	unknown	true		3	504	17	5	708
urn:ure:t6:occ:function:current-client:006f0cd0	0x006f0cd0	xbuild-enriched-full	true	006f0cd0	FUN_006f0cd0	undefined FUN_006f0cd0()	0	0	unknown	true		2	226	9	3	481
urn:ure:t6:occ:function:current-client:006f0d00	0x006f0d00	xbuild-enriched-full	true	006f0d00	FUN_006f0d00	undefined FUN_006f0d00()	0	0	unknown	true		33	3485	190	30	7385
urn:ure:t6:occ:function:current-client:006f0fd0	0x006f0fd0	xbuild-enriched-full	true	006f0fd0	FUN_006f0fd0	undefined FUN_006f0fd0()	0	0	unknown	true		67	5056	398	111	13711
urn:ure:t6:occ:function:current-client:006f1520	0x006f1520	xbuild-enriched-full	true	006f1520	FUN_006f1520	undefined FUN_006f1520()	0	0	unknown	true		8	683	63	14	1913
urn:ure:t6:occ:function:current-client:006f15c0	0x006f15c0	xbuild-enriched-full	true	006f15c0	FUN_006f15c0	undefined FUN_006f15c0()	0	0	unknown	true		7	875	58	13	2002
urn:ure:t6:occ:function:current-client:006f1720	0x006f1720	xbuild-enriched-full	true	006f1720	FUN_006f1720	undefined FUN_006f1720()	0	0	unknown	true		14	1884	117	47	4189
urn:ure:t6:occ:function:current-client:006f1960	0x006f1960	xbuild-enriched-full	true	006f1960	FUN_006f1960	undefined FUN_006f1960()	0	0	unknown	true		1	195	9	5	504
urn:ure:t6:occ:function:current-client:006f1990	0x006f1990	xbuild-enriched-full	true	006f1990	FUN_006f1990	undefined FUN_006f1990()	0	0	unknown	true		3	924	34	5	1459
urn:ure:t6:occ:function:current-client:006f1a30	0x006f1a30	xbuild-enriched-full	true	006f1a30	FUN_006f1a30	undefined FUN_006f1a30()	0	0	unknown	true		31	3176	230	76	7876
urn:ure:t6:occ:function:current-client:006f1d30	0x006f1d30	xbuild-enriched-full	true	006f1d30	FUN_006f1d30	undefined FUN_006f1d30()	0	0	unknown	true		7	1008	73	13	2977
urn:ure:t6:occ:function:current-client:006f1e40	0x006f1e40	xbuild-enriched-full	true	006f1e40	FUN_006f1e40	undefined FUN_006f1e40()	0	0	unknown	true		10	1131	79	25	2768
urn:ure:t6:occ:function:current-client:006f1f60	0x006f1f60	xbuild-enriched-full	true	006f1f60	FUN_006f1f60	undefined FUN_006f1f60()	0	0	unknown	true		27	4136	199	36	8205
urn:ure:t6:occ:function:current-client:006f22d0	0x006f22d0	xbuild-enriched-full	true	006f22d0	FUN_006f22d0	undefined FUN_006f22d0()	0	0	unknown	true		3	365	20	9	827
urn:ure:t6:occ:function:current-client:006f2320	0x006f2320	xbuild-enriched-full	true	006f2320	FUN_006f2320	undefined FUN_006f2320()	0	0	unknown	true		1	80	8	1	361
urn:ure:t6:occ:function:current-client:006f2340	0x006f2340	xbuild-enriched-full	true	006f2340	FUN_006f2340	undefined FUN_006f2340()	0	0	unknown	true		2	231	9	3	476
urn:ure:t6:occ:function:current-client:006f2370	0x006f2370	xbuild-enriched-full	true	006f2370	FUN_006f2370	undefined FUN_006f2370()	0	0	unknown	true		4	495	21	11	945
urn:ure:t6:occ:function:current-client:006f23d0	0x006f23d0	xbuild-enriched-full	true	006f23d0	FUN_006f23d0	undefined FUN_006f23d0()	0	0	unknown	true		30	2737	176	34	7528
urn:ure:t6:occ:function:current-client:006f26f0	0x006f26f0	xbuild-enriched-full	true	006f26f0	FUN_006f26f0	undefined FUN_006f26f0()	0	0	unknown	true		7	957	73	12	2594
urn:ure:t6:occ:function:current-client:006f27d0	0x006f27d0	xbuild-enriched-full	true	006f27d0	FUN_006f27d0	undefined FUN_006f27d0()	0	0	unknown	true		26	2259	185	62	6775
urn:ure:t6:occ:function:current-client:006f2a90	0x006f2a90	xbuild-enriched-full	true	006f2a90	FUN_006f2a90	undefined FUN_006f2a90()	0	0	unknown	true		1	59	6	0	303
urn:ure:t6:occ:function:current-client:006f2aa0	0x006f2aa0	xbuild-enriched-full	true	006f2aa0	FUN_006f2aa0	undefined FUN_006f2aa0()	0	0	unknown	true		7	877	55	13	1965
urn:ure:t6:occ:function:current-client:006f2b60	0x006f2b60	xbuild-enriched-full	true	006f2b60	FUN_006f2b60	undefined FUN_006f2b60()	0	0	unknown	true		3	371	14	2	701
urn:ure:t6:occ:function:current-client:006f2ba0	0x006f2ba0	xbuild-enriched-full	true	006f2ba0	FUN_006f2ba0	undefined FUN_006f2ba0()	0	0	unknown	true		3	409	23	8	827
urn:ure:t6:occ:function:current-client:006f2be0	0x006f2be0	xbuild-enriched-full	true	006f2be0	FUN_006f2be0	undefined FUN_006f2be0()	0	0	unknown	true		2	173	13	3	541
urn:ure:t6:occ:function:current-client:006f2c10	0x006f2c10	xbuild-enriched-full	true	006f2c10	FUN_006f2c10	undefined FUN_006f2c10()	0	0	unknown	true		15	1070	130	37	4696
urn:ure:t6:occ:function:current-client:006f2db0	0x006f2db0	xbuild-enriched-full	true	006f2db0	FUN_006f2db0	undefined FUN_006f2db0()	0	0	unknown	true		3	932	41	4	1753
urn:ure:t6:occ:function:current-client:006f2e40	0x006f2e40	xbuild-enriched-full	true	006f2e40	FUN_006f2e40	undefined FUN_006f2e40()	0	0	unknown	true		1	79	4	0	282
urn:ure:t6:occ:function:current-client:006f2ea0	0x006f2ea0	xbuild-enriched-full	true	006f2ea0	FUN_006f2ea0	undefined FUN_006f2ea0()	0	0	unknown	true		2	217	14	2	597
urn:ure:t6:occ:function:current-client:006f2ed0	0x006f2ed0	xbuild-enriched-full	true	006f2ed0	FUN_006f2ed0	undefined FUN_006f2ed0()	0	0	unknown	true		0	147	2	1	195
urn:ure:t6:occ:function:current-client:006f2ee0	0x006f2ee0	xbuild-enriched-full	true	006f2ee0	FUN_006f2ee0	undefined FUN_006f2ee0()	0	0	unknown	true		1	188	11	2	484
urn:ure:t6:occ:function:current-client:006f2f00	0x006f2f00	xbuild-enriched-full	true	006f2f00	FUN_006f2f00	undefined FUN_006f2f00()	0	0	unknown	true		30	2888	209	79	6675
urn:ure:t6:occ:function:current-client:006f31a0	0x006f31a0	xbuild-enriched-full	true	006f31a0	FUN_006f31a0	undefined FUN_006f31a0()	0	0	unknown	true		3	329	19	6	745
urn:ure:t6:occ:function:current-client:006f31e0	0x006f31e0	xbuild-enriched-full	true	006f31e0	FUN_006f31e0	undefined FUN_006f31e0()	0	0	unknown	true		26	2461	160	48	6307
urn:ure:t6:occ:function:current-client:006f3490	0x006f3490	xbuild-enriched-full	true	006f3490	FUN_006f3490	undefined FUN_006f3490()	0	0	unknown	true		5	864	42	6	1745
urn:ure:t6:occ:function:current-client:006f3540	0x006f3540	xbuild-enriched-full	true	006f3540	FUN_006f3540	undefined FUN_006f3540()	0	0	unknown	true		6	857	51	7	1707
urn:ure:t6:occ:function:current-client:006f35d0	0x006f35d0	xbuild-enriched-full	true	006f35d0	FUN_006f35d0	undefined FUN_006f35d0()	0	0	unknown	true		2	644	17	2	991
urn:ure:t6:occ:function:current-client:006f3630	0x006f3630	xbuild-enriched-full	true	006f3630	FUN_006f3630	undefined FUN_006f3630()	0	0	unknown	true		4	513	25	8	972
urn:ure:t6:occ:function:current-client:006f3690	0x006f3690	xbuild-enriched-full	true	006f3690	FUN_006f3690	undefined FUN_006f3690()	0	0	unknown	true		6	793	45	16	1563
urn:ure:t6:occ:function:current-client:006f3720	0x006f3720	xbuild-enriched-full	true	006f3720	FUN_006f3720	undefined FUN_006f3720()	0	0	unknown	true		4	642	37	2	1481
urn:ure:t6:occ:function:current-client:006f37a0	0x006f37a0	xbuild-enriched-full	true	006f37a0	FUN_006f37a0	undefined FUN_006f37a0()	0	0	unknown	true		6	826	61	9	2022
urn:ure:t6:occ:function:current-client:006f3840	0x006f3840	xbuild-enriched-full	true	006f3840	FUN_006f3840	undefined FUN_006f3840()	0	0	unknown	true		4	425	32	7	1109
urn:ure:t6:occ:function:current-client:006f38a0	0x006f38a0	xbuild-enriched-full	true	006f38a0	FUN_006f38a0	undefined FUN_006f38a0()	0	0	unknown	true		5	608	46	12	1430
urn:ure:t6:occ:function:current-client:006f3920	0x006f3920	xbuild-enriched-full	true	006f3920	FUN_006f3920	undefined FUN_006f3920()	0	0	unknown	true		1	153	2	1	203
urn:ure:t6:occ:function:current-client:006f3930	0x006f3930	xbuild-enriched-full	true	006f3930	FUN_006f3930	undefined FUN_006f3930()	0	0	unknown	true		3	399	23	10	947
urn:ure:t6:occ:function:current-client:006f3990	0x006f3990	xbuild-enriched-full	true	006f3990	FUN_006f3990	undefined FUN_006f3990()	0	0	unknown	true		4	728	35	12	1219
urn:ure:t6:occ:function:current-client:006f3a00	0x006f3a00	xbuild-enriched-full	true	006f3a00	FUN_006f3a00	undefined FUN_006f3a00()	0	0	unknown	true		2	264	22	5	735
urn:ure:t6:occ:function:current-client:006f3a70	0x006f3a70	xbuild-enriched-full	true	006f3a70	FUN_006f3a70	undefined FUN_006f3a70()	0	0	unknown	true		3	576	26	4	1112
urn:ure:t6:occ:function:current-client:006f3ad0	0x006f3ad0	xbuild-enriched-full	true	006f3ad0	FUN_006f3ad0	undefined FUN_006f3ad0()	0	0	unknown	true		19	2186	141	27	5293
urn:ure:t6:occ:function:current-client:006f3d60	0x006f3d60	xbuild-enriched-full	true	006f3d60	FUN_006f3d60	undefined FUN_006f3d60()	0	0	unknown	true		4	635	38	5	1414
urn:ure:t6:occ:function:current-client:006f3de0	0x006f3de0	xbuild-enriched-full	true	006f3de0	FUN_006f3de0	undefined FUN_006f3de0()	0	0	unknown	true		4	430	30	5	1095
urn:ure:t6:occ:function:current-client:006f3e40	0x006f3e40	xbuild-enriched-full	true	006f3e40	FUN_006f3e40	undefined FUN_006f3e40()	0	0	unknown	true		52	4800	324	120	9842
urn:ure:t6:occ:function:current-client:006f4280	0x006f4280	xbuild-enriched-full	true	006f4280	FUN_006f4280	undefined FUN_006f4280()	0	0	unknown	true		4	415	25	11	986
urn:ure:t6:occ:function:current-client:006f42f0	0x006f42f0	xbuild-enriched-full	true	006f42f0	FUN_006f42f0	undefined FUN_006f42f0()	0	0	unknown	true		32	3154	283	60	8580
urn:ure:t6:occ:function:current-client:006f4620	0x006f4620	xbuild-enriched-full	true	006f4620	FUN_006f4620	undefined FUN_006f4620()	0	0	unknown	true		2	302	10	2	481
urn:ure:t6:occ:function:current-client:006f4650	0x006f4650	xbuild-enriched-full	true	006f4650	FUN_006f4650	undefined FUN_006f4650()	0	0	unknown	true		2	327	13	5	602
urn:ure:t6:occ:function:current-client:006f4690	0x006f4690	xbuild-enriched-full	true	006f4690	FUN_006f4690	undefined FUN_006f4690()	0	0	unknown	true		5	895	53	8	1787
urn:ure:t6:occ:function:current-client:006f4750	0x006f4750	xbuild-enriched-full	true	006f4750	FUN_006f4750	undefined FUN_006f4750()	0	0	unknown	true		6	758	55	8	1909
urn:ure:t6:occ:function:current-client:006f4810	0x006f4810	xbuild-enriched-full	true	006f4810	FUN_006f4810	undefined FUN_006f4810()	0	0	unknown	true		2	181	10	3	430
urn:ure:t6:occ:function:current-client:006f4890	0x006f4890	xbuild-enriched-full	true	006f4890	FUN_006f4890	undefined FUN_006f4890()	0	0	unknown	true		3	308	14	8	622
urn:ure:t6:occ:function:current-client:006f48d0	0x006f48d0	xbuild-enriched-full	true	006f48d0	FUN_006f48d0	undefined FUN_006f48d0()	0	0	unknown	true		1	178	6	2	354
urn:ure:t6:occ:function:current-client:006f48f0	0x006f48f0	xbuild-enriched-full	true	006f48f0	FUN_006f48f0	undefined FUN_006f48f0()	0	0	unknown	true		9	1381	90	8	3258
urn:ure:t6:occ:function:current-client:006f4a40	0x006f4a40	xbuild-enriched-full	true	006f4a40	FUN_006f4a40	undefined FUN_006f4a40()	0	0	unknown	true		1	142	10	1	426
urn:ure:t6:occ:function:current-client:006f4a60	0x006f4a60	xbuild-enriched-full	true	006f4a60	FUN_006f4a60	undefined FUN_006f4a60()	0	0	unknown	true		145	14647	1072	572	40033
urn:ure:t6:occ:function:current-client:006f5cd0	0x006f5cd0	xbuild-enriched-full	true	006f5cd0	FUN_006f5cd0	undefined FUN_006f5cd0()	0	0	unknown	true		13	1375	82	30	3139
urn:ure:t6:occ:function:current-client:006f5e20	0x006f5e20	xbuild-enriched-full	true	006f5e20	FUN_006f5e20	undefined FUN_006f5e20()	0	0	unknown	true		1	121	10	1	448
urn:ure:t6:occ:function:current-client:006f5e50	0x006f5e50	xbuild-enriched-full	true	006f5e50	FUN_006f5e50	undefined FUN_006f5e50()	0	0	unknown	true		6	709	45	11	1540
urn:ure:t6:occ:function:current-client:006f5ee0	0x006f5ee0	xbuild-enriched-full	true	006f5ee0	FUN_006f5ee0	undefined FUN_006f5ee0()	0	0	unknown	true		4	462	37	0	1746
urn:ure:t6:occ:function:current-client:006f5f80	0x006f5f80	xbuild-enriched-full	true	006f5f80	FUN_006f5f80	undefined FUN_006f5f80()	0	0	unknown	true		1	141	8	2	391
urn:ure:t6:occ:function:current-client:006f6090	0x006f6090	xbuild-enriched-full	true	006f6090	FUN_006f6090	undefined FUN_006f6090()	0	0	unknown	true		2	238	14	3	556
urn:ure:t6:occ:function:current-client:006f60c0	0x006f60c0	xbuild-enriched-full	true	006f60c0	FUN_006f60c0	undefined FUN_006f60c0()	0	0	unknown	true		5	551	39	8	1371
urn:ure:t6:occ:function:current-client:006f6200	0x006f6200	xbuild-enriched-full	true	006f6200	FUN_006f6200	undefined FUN_006f6200()	0	0	unknown	true		3	261	27	8	964
urn:ure:t6:occ:function:current-client:006f6270	0x006f6270	xbuild-enriched-full	true	006f6270	FUN_006f6270	undefined FUN_006f6270()	0	0	unknown	true		4	529	38	4	1218
urn:ure:t6:occ:function:current-client:006f62d0	0x006f62d0	xbuild-enriched-full	true	006f62d0	FUN_006f62d0	undefined FUN_006f62d0()	0	0	unknown	true		5	750	42	22	1729
urn:ure:t6:occ:function:current-client:006f6380	0x006f6380	xbuild-enriched-full	true	006f6380	FUN_006f6380	undefined FUN_006f6380()	0	0	unknown	true		2	472	12	6	626
urn:ure:t6:occ:function:current-client:006f63c0	0x006f63c0	xbuild-enriched-full	true	006f63c0	FUN_006f63c0	undefined FUN_006f63c0()	0	0	unknown	true		3	504	19	3	793
urn:ure:t6:occ:function:current-client:006f6400	0x006f6400	xbuild-enriched-full	true	006f6400	FUN_006f6400	undefined FUN_006f6400()	0	0	unknown	true		12	1629	103	20	3666
urn:ure:t6:occ:function:current-client:006f65a0	0x006f65a0	xbuild-enriched-full	true	006f65a0	FUN_006f65a0	undefined FUN_006f65a0()	0	0	unknown	true		4	576	39	6	1509
urn:ure:t6:occ:function:current-client:006f6620	0x006f6620	xbuild-enriched-full	true	006f6620	FUN_006f6620	undefined FUN_006f6620()	0	0	unknown	true		4	526	29	8	1206
urn:ure:t6:occ:function:current-client:006f6710	0x006f6710	xbuild-enriched-full	true	006f6710	FUN_006f6710	undefined FUN_006f6710()	0	0	unknown	true		3	459	31	7	1042
urn:ure:t6:occ:function:current-client:006f6760	0x006f6760	xbuild-enriched-full	true	006f6760	FUN_006f6760	undefined FUN_006f6760()	0	0	unknown	true		7	744	35	16	1386
urn:ure:t6:occ:function:current-client:006f67f0	0x006f67f0	xbuild-enriched-full	true	006f67f0	FUN_006f67f0	undefined FUN_006f67f0()	0	0	unknown	true		2	287	12	3	564
urn:ure:t6:occ:function:current-client:006f6820	0x006f6820	xbuild-enriched-full	true	006f6820	FUN_006f6820	undefined FUN_006f6820()	0	0	unknown	true		25	3778	204	49	7497
urn:ure:t6:occ:function:current-client:006f6af0	0x006f6af0	xbuild-enriched-full	true	006f6af0	FUN_006f6af0	undefined FUN_006f6af0()	0	0	unknown	true		1	140	7	2	359
urn:ure:t6:occ:function:current-client:006f6b10	0x006f6b10	xbuild-enriched-full	true	006f6b10	FUN_006f6b10	undefined FUN_006f6b10()	0	0	unknown	true		2	395	24	6	1018
urn:ure:t6:occ:function:current-client:006f6b60	0x006f6b60	xbuild-enriched-full	true	006f6b60	FUN_006f6b60	undefined FUN_006f6b60()	0	0	unknown	true		4	562	30	13	1125
urn:ure:t6:occ:function:current-client:006f6c70	0x006f6c70	xbuild-enriched-full	true	006f6c70	FUN_006f6c70	undefined FUN_006f6c70()	0	0	unknown	true		22	3823	184	21	9376
urn:ure:t6:occ:function:current-client:006f7090	0x006f7090	xbuild-enriched-full	true	006f7090	FUN_006f7090	undefined FUN_006f7090()	0	0	unknown	true		2	318	14	6	604
urn:ure:t6:occ:function:current-client:006f70c0	0x006f70c0	xbuild-enriched-full	true	006f70c0	FUN_006f70c0	undefined FUN_006f70c0()	0	0	unknown	true		6	821	54	23	1838
urn:ure:t6:occ:function:current-client:006f7170	0x006f7170	xbuild-enriched-full	true	006f7170	FUN_006f7170	undefined FUN_006f7170()	0	0	unknown	true		2	105	7	1	374
urn:ure:t6:occ:function:current-client:006f7190	0x006f7190	xbuild-enriched-full	true	006f7190	FUN_006f7190	undefined FUN_006f7190()	0	0	unknown	true		8	854	54	11	1911
urn:ure:t6:occ:function:current-client:006f7220	0x006f7220	xbuild-enriched-full	true	006f7220	FUN_006f7220	undefined FUN_006f7220()	0	0	unknown	true		13	1421	105	16	3687
urn:ure:t6:occ:function:current-client:006f7380	0x006f7380	xbuild-enriched-full	true	006f7380	FUN_006f7380	undefined FUN_006f7380()	0	0	unknown	true		16	1617	81	32	3062
urn:ure:t6:occ:function:current-client:006f74f0	0x006f74f0	xbuild-enriched-full	true	006f74f0	FUN_006f74f0	undefined FUN_006f74f0()	0	0	unknown	true		0	148	2	1	215
urn:ure:t6:occ:function:current-client:006f7570	0x006f7570	xbuild-enriched-full	true	006f7570	FUN_006f7570	undefined FUN_006f7570()	0	0	unknown	true		1	249	6	1	338
urn:ure:t6:occ:function:current-client:006f7590	0x006f7590	xbuild-enriched-full	true	006f7590	FUN_006f7590	undefined FUN_006f7590()	0	0	unknown	true		103	13597	559	35	23312
urn:ure:t6:occ:function:current-client:006f7fa0	0x006f7fa0	xbuild-enriched-full	true	006f7fa0	FUN_006f7fa0	undefined FUN_006f7fa0()	0	0	unknown	true		4	218	14	4	543
urn:ure:t6:occ:function:current-client:006f7fd0	0x006f7fd0	xbuild-enriched-full	true	006f7fd0	FUN_006f7fd0	undefined FUN_006f7fd0()	0	0	unknown	true		4	775	39	12	1458
urn:ure:t6:occ:function:current-client:006f8040	0x006f8040	xbuild-enriched-full	true	006f8040	FUN_006f8040	undefined FUN_006f8040()	0	0	unknown	true		5	741	47	9	1594
urn:ure:t6:occ:function:current-client:006f81d0	0x006f81d0	xbuild-enriched-full	true	006f81d0	FUN_006f81d0	undefined FUN_006f81d0()	0	0	unknown	true		6	840	58	8	2041
urn:ure:t6:occ:function:current-client:006f8280	0x006f8280	xbuild-enriched-full	true	006f8280	FUN_006f8280	undefined FUN_006f8280()	0	0	unknown	true		8	791	78	12	2557
urn:ure:t6:occ:function:current-client:006f8380	0x006f8380	xbuild-enriched-full	true	006f8380	FUN_006f8380	undefined FUN_006f8380()	0	0	unknown	true		4	519	31	14	1187
urn:ure:t6:occ:function:current-client:006f8430	0x006f8430	xbuild-enriched-full	true	006f8430	FUN_006f8430	undefined FUN_006f8430()	0	0	unknown	true		3	374	20	9	767
urn:ure:t6:occ:function:current-client:006f8480	0x006f8480	xbuild-enriched-full	true	006f8480	FUN_006f8480	undefined FUN_006f8480()	0	0	unknown	true		2	265	19	2	753
urn:ure:t6:occ:function:current-client:006f84c0	0x006f84c0	xbuild-enriched-full	true	006f84c0	FUN_006f84c0	undefined FUN_006f84c0()	0	0	unknown	true		3	437	31	2	1281
urn:ure:t6:occ:function:current-client:006f8530	0x006f8530	xbuild-enriched-full	true	006f8530	FUN_006f8530	undefined FUN_006f8530()	0	0	unknown	true		10	1101	68	19	2453
urn:ure:t6:occ:function:current-client:006f8610	0x006f8610	xbuild-enriched-full	true	006f8610	FUN_006f8610	undefined FUN_006f8610()	0	0	unknown	true		16	1966	130	25	4375
urn:ure:t6:occ:function:current-client:006f8790	0x006f8790	xbuild-enriched-full	true	006f8790	FUN_006f8790	undefined FUN_006f8790()	0	0	unknown	true		32	2389	135	56	4988
urn:ure:t6:occ:function:current-client:006f8990	0x006f8990	xbuild-enriched-full	true	006f8990	FUN_006f8990	undefined FUN_006f8990()	0	0	unknown	true		9	1266	77	27	2408
urn:ure:t6:occ:function:current-client:006f8ae0	0x006f8ae0	xbuild-enriched-full	true	006f8ae0	FUN_006f8ae0	undefined FUN_006f8ae0()	0	0	unknown	true		22	2977	219	67	6292
urn:ure:t6:occ:function:current-client:006f8d10	0x006f8d10	xbuild-enriched-full	true	006f8d10	FUN_006f8d10	undefined FUN_006f8d10()	0	0	unknown	true		1	147	8	1	417
urn:ure:t6:occ:function:current-client:006f8d30	0x006f8d30	xbuild-enriched-full	true	006f8d30	FUN_006f8d30	undefined FUN_006f8d30()	0	0	unknown	true		2	344	23	3	987
urn:ure:t6:occ:function:current-client:006f8d90	0x006f8d90	xbuild-enriched-full	true	006f8d90	FUN_006f8d90	undefined FUN_006f8d90()	0	0	unknown	true		3	268	17	7	673
urn:ure:t6:occ:function:current-client:006f8dd0	0x006f8dd0	xbuild-enriched-full	true	006f8dd0	FUN_006f8dd0	undefined FUN_006f8dd0()	0	0	unknown	true		8	1213	66	14	2657
urn:ure:t6:occ:function:current-client:006f8ee0	0x006f8ee0	xbuild-enriched-full	true	006f8ee0	FUN_006f8ee0	undefined FUN_006f8ee0()	0	0	unknown	true		9	1283	93	29	3342
urn:ure:t6:occ:function:current-client:006f9030	0x006f9030	xbuild-enriched-full	true	006f9030	FUN_006f9030	undefined FUN_006f9030()	0	0	unknown	true		45	3943	236	95	7448
urn:ure:t6:occ:function:current-client:006f9350	0x006f9350	xbuild-enriched-full	true	006f9350	FUN_006f9350	undefined FUN_006f9350()	0	0	unknown	true		6	978	51	12	1715
urn:ure:t6:occ:function:current-client:006f93e0	0x006f93e0	xbuild-enriched-full	true	006f93e0	FUN_006f93e0	undefined FUN_006f93e0()	0	0	unknown	true		1	187	10	4	487
urn:ure:t6:occ:function:current-client:006f9410	0x006f9410	xbuild-enriched-full	true	006f9410	FUN_006f9410	undefined FUN_006f9410()	0	0	unknown	true		6	722	69	8	2077
urn:ure:t6:occ:function:current-client:006f94b0	0x006f94b0	xbuild-enriched-full	true	006f94b0	FUN_006f94b0	undefined FUN_006f94b0()	0	0	unknown	true		12	1039	85	28	2717
urn:ure:t6:occ:function:current-client:006f9630	0x006f9630	xbuild-enriched-full	true	006f9630	FUN_006f9630	undefined FUN_006f9630()	0	0	unknown	true		22	2537	161	49	5695
urn:ure:t6:occ:function:current-client:006f9870	0x006f9870	xbuild-enriched-full	true	006f9870	FUN_006f9870	undefined FUN_006f9870()	0	0	unknown	true		14	1966	131	24	4383
urn:ure:t6:occ:function:current-client:006f9a00	0x006f9a00	xbuild-enriched-full	true	006f9a00	FUN_006f9a00	undefined FUN_006f9a00()	0	0	unknown	true		4	387	24	8	835
urn:ure:t6:occ:function:current-client:006f9a50	0x006f9a50	xbuild-enriched-full	true	006f9a50	FUN_006f9a50	undefined FUN_006f9a50()	0	0	unknown	true		11	1685	94	19	3261
urn:ure:t6:occ:function:current-client:006f9b70	0x006f9b70	xbuild-enriched-full	true	006f9b70	FUN_006f9b70	undefined FUN_006f9b70()	0	0	unknown	true		12	1809	115	18	3564
urn:ure:t6:occ:function:current-client:006f9cb0	0x006f9cb0	xbuild-enriched-full	true	006f9cb0	FUN_006f9cb0	undefined FUN_006f9cb0()	0	0	unknown	true		6	553	46	6	1600
urn:ure:t6:occ:function:current-client:006f9d40	0x006f9d40	xbuild-enriched-full	true	006f9d40	FUN_006f9d40	undefined FUN_006f9d40()	0	0	unknown	true		7	725	57	18	1822
urn:ure:t6:occ:function:current-client:006f9e10	0x006f9e10	xbuild-enriched-full	true	006f9e10	FUN_006f9e10	undefined FUN_006f9e10()	0	0	unknown	true		0	147	2	1	195
urn:ure:t6:occ:function:current-client:006f9e20	0x006f9e20	xbuild-enriched-full	true	006f9e20	FUN_006f9e20	undefined FUN_006f9e20()	0	0	unknown	true		0	52	2	0	187
urn:ure:t6:occ:function:current-client:006f9e30	0x006f9e30	xbuild-enriched-full	true	006f9e30	FUN_006f9e30	undefined FUN_006f9e30()	0	0	unknown	true		4	359	40	4	1203
urn:ure:t6:occ:function:current-client:006f9e80	0x006f9e80	xbuild-enriched-full	true	006f9e80	FUN_006f9e80	undefined FUN_006f9e80()	0	0	unknown	true		9	912	62	16	2098
urn:ure:t6:occ:function:current-client:006f9f50	0x006f9f50	xbuild-enriched-full	true	006f9f50	FUN_006f9f50	undefined FUN_006f9f50()	0	0	unknown	true		1	184	8	2	417
urn:ure:t6:occ:function:current-client:006f9f90	0x006f9f90	xbuild-enriched-full	true	006f9f90	FUN_006f9f90	undefined FUN_006f9f90()	0	0	unknown	true		6	712	38	24	1460
urn:ure:t6:occ:function:current-client:006fa030	0x006fa030	xbuild-enriched-full	true	006fa030	FUN_006fa030	undefined FUN_006fa030()	0	0	unknown	true		14	2693	122	18	4028
urn:ure:t6:occ:function:current-client:006fa180	0x006fa180	xbuild-enriched-full	true	006fa180	FUN_006fa180	undefined FUN_006fa180()	0	0	unknown	true		11	1044	106	14	3107
urn:ure:t6:occ:function:current-client:006fa300	0x006fa300	xbuild-enriched-full	true	006fa300	FUN_006fa300	undefined FUN_006fa300()	0	0	unknown	true		1	86	9	1	400
urn:ure:t6:occ:function:current-client:006fa320	0x006fa320	xbuild-enriched-full	true	006fa320	FUN_006fa320	undefined FUN_006fa320()	0	0	unknown	true		8	821	61	18	2434
urn:ure:t6:occ:function:current-client:006fa420	0x006fa420	xbuild-enriched-full	true	006fa420	FUN_006fa420	undefined FUN_006fa420()	0	0	unknown	true		4	650	31	2	1363
urn:ure:t6:occ:function:current-client:006fa4c0	0x006fa4c0	xbuild-enriched-full	true	006fa4c0	FUN_006fa4c0	undefined FUN_006fa4c0()	0	0	unknown	true		2	247	12	2	632
urn:ure:t6:occ:function:current-client:006fa500	0x006fa500	xbuild-enriched-full	true	006fa500	FUN_006fa500	undefined FUN_006fa500()	0	0	unknown	true		4	663	36	15	1394
urn:ure:t6:occ:function:current-client:006fa580	0x006fa580	xbuild-enriched-full	true	006fa580	FUN_006fa580	undefined FUN_006fa580()	0	0	unknown	true		6	821	54	23	1838
urn:ure:t6:occ:function:current-client:006fa630	0x006fa630	xbuild-enriched-full	true	006fa630	FUN_006fa630	undefined FUN_006fa630()	0	0	unknown	true		26	2300	130	67	4701
urn:ure:t6:occ:function:current-client:006fa830	0x006fa830	xbuild-enriched-full	true	006fa830	FUN_006fa830	undefined FUN_006fa830()	0	0	unknown	true		2	284	13	6	536
urn:ure:t6:occ:function:current-client:006fa860	0x006fa860	xbuild-enriched-full	true	006fa860	FUN_006fa860	undefined FUN_006fa860()	0	0	unknown	true		29	3177	242	96	8568
urn:ure:t6:occ:function:current-client:006fab80	0x006fab80	xbuild-enriched-full	true	006fab80	FUN_006fab80	undefined FUN_006fab80()	0	0	unknown	true		4	536	42	7	1382
urn:ure:t6:occ:function:current-client:006fabe0	0x006fabe0	xbuild-enriched-full	true	006fabe0	FUN_006fabe0	undefined FUN_006fabe0()	0	0	unknown	true		25	2582	143	61	5147
urn:ure:t6:occ:function:current-client:006fade0	0x006fade0	xbuild-enriched-full	true	006fade0	FUN_006fade0	undefined FUN_006fade0()	0	0	unknown	true		9	640	51	6	1791
urn:ure:t6:occ:function:current-client:006fae70	0x006fae70	xbuild-enriched-full	true	006fae70	FUN_006fae70	undefined FUN_006fae70()	0	0	unknown	true		4	314	23	6	790
urn:ure:t6:occ:function:current-client:006faeb0	0x006faeb0	xbuild-enriched-full	true	006faeb0	FUN_006faeb0	undefined FUN_006faeb0()	0	0	unknown	true		4	451	27	1	1047
urn:ure:t6:occ:function:current-client:006faf00	0x006faf00	xbuild-enriched-full	true	006faf00	FUN_006faf00	undefined FUN_006faf00()	0	0	unknown	true		6	550	42	9	1300
urn:ure:t6:occ:function:current-client:006fb000	0x006fb000	xbuild-enriched-full	true	006fb000	FUN_006fb000	undefined FUN_006fb000()	0	0	unknown	true		2	115	8	1	355
urn:ure:t6:occ:function:current-client:006fb020	0x006fb020	xbuild-enriched-full	true	006fb020	FUN_006fb020	undefined FUN_006fb020()	0	0	unknown	true		8	1023	52	8	1890
urn:ure:t6:occ:function:current-client:006fb0c0	0x006fb0c0	xbuild-enriched-full	true	006fb0c0	FUN_006fb0c0	undefined FUN_006fb0c0()	0	0	unknown	true		4	408	25	6	910
urn:ure:t6:occ:function:current-client:006fb190	0x006fb190	xbuild-enriched-full	true	006fb190	FUN_006fb190	undefined FUN_006fb190()	0	0	unknown	true		1	145	5	2	365
urn:ure:t6:occ:function:current-client:006fb1b0	0x006fb1b0	xbuild-enriched-full	true	006fb1b0	FUN_006fb1b0	undefined FUN_006fb1b0()	0	0	unknown	true		2	229	12	1	526
urn:ure:t6:occ:function:current-client:006fb210	0x006fb210	xbuild-enriched-full	true	006fb210	FUN_006fb210	undefined FUN_006fb210()	0	0	unknown	true		33	2473	149	50	5112
urn:ure:t6:occ:function:current-client:006fb410	0x006fb410	xbuild-enriched-full	true	006fb410	FUN_006fb410	undefined FUN_006fb410()	0	0	unknown	true		2	375	7	2	434
urn:ure:t6:occ:function:current-client:006fb430	0x006fb430	xbuild-enriched-full	true	006fb430	FUN_006fb430	undefined FUN_006fb430()	0	0	unknown	true		26	3763	251	49	8427
urn:ure:t6:occ:function:current-client:006fb6f0	0x006fb6f0	xbuild-enriched-full	true	006fb6f0	FUN_006fb6f0	undefined FUN_006fb6f0()	0	0	unknown	true		2	350	22	1	1083
urn:ure:t6:occ:function:current-client:006fb750	0x006fb750	xbuild-enriched-full	true	006fb750	FUN_006fb750	undefined FUN_006fb750()	0	0	unknown	true		0	147	2	1	195
urn:ure:t6:occ:function:current-client:006fb760	0x006fb760	xbuild-enriched-full	true	006fb760	FUN_006fb760	undefined FUN_006fb760()	0	0	unknown	true		1	261	11	4	523
urn:ure:t6:occ:function:current-client:006fb790	0x006fb790	xbuild-enriched-full	true	006fb790	FUN_006fb790	undefined FUN_006fb790()	0	0	unknown	true		38	6163	387	76	15066
urn:ure:t6:occ:function:current-client:006fbd80	0x006fbd80	xbuild-enriched-full	true	006fbd80	FUN_006fbd80	undefined FUN_006fbd80()	0	0	unknown	true		2	99	7	2	346
urn:ure:t6:occ:function:current-client:006fbda0	0x006fbda0	xbuild-enriched-full	true	006fbda0	FUN_006fbda0	undefined FUN_006fbda0()	0	0	unknown	true		47	4562	244	49	9345
urn:ure:t6:occ:function:current-client:006fc130	0x006fc130	xbuild-enriched-full	true	006fc130	FUN_006fc130	undefined FUN_006fc130()	0	0	unknown	true		1	148	2	1	215
urn:ure:t6:occ:function:current-client:006fc140	0x006fc140	xbuild-enriched-full	true	006fc140	FUN_006fc140	undefined FUN_006fc140()	0	0	unknown	true		3	389	18	5	727
urn:ure:t6:occ:function:current-client:006fc180	0x006fc180	xbuild-enriched-full	true	006fc180	FUN_006fc180	undefined FUN_006fc180()	0	0	unknown	true		6	620	52	7	1843
urn:ure:t6:occ:function:current-client:006fc240	0x006fc240	xbuild-enriched-full	true	006fc240	FUN_006fc240	undefined FUN_006fc240()	0	0	unknown	true		1	243	10	3	436
urn:ure:t6:occ:function:current-client:006fc260	0x006fc260	xbuild-enriched-full	true	006fc260	FUN_006fc260	undefined FUN_006fc260()	0	0	unknown	true		4	485	40	3	1528
urn:ure:t6:occ:function:current-client:006fc2f0	0x006fc2f0	xbuild-enriched-full	true	006fc2f0	FUN_006fc2f0	undefined FUN_006fc2f0()	0	0	unknown	true		4	638	30	17	1074
urn:ure:t6:occ:function:current-client:006fc360	0x006fc360	xbuild-enriched-full	true	006fc360	FUN_006fc360	undefined FUN_006fc360()	0	0	unknown	true		6	1005	55	9	2159
urn:ure:t6:occ:function:current-client:006fc430	0x006fc430	xbuild-enriched-full	true	006fc430	FUN_006fc430	undefined FUN_006fc430()	0	0	unknown	true		12	1756	101	18	3820
urn:ure:t6:occ:function:current-client:006fc5c0	0x006fc5c0	xbuild-enriched-full	true	006fc5c0	FUN_006fc5c0	undefined FUN_006fc5c0()	0	0	unknown	true		6	568	54	14	1768
urn:ure:t6:occ:function:current-client:006fc660	0x006fc660	xbuild-enriched-full	true	006fc660	FUN_006fc660	undefined FUN_006fc660()	0	0	unknown	true		8	910	72	17	2351
urn:ure:t6:occ:function:current-client:006fc760	0x006fc760	xbuild-enriched-full	true	006fc760	FUN_006fc760	undefined FUN_006fc760()	0	0	unknown	true		2	299	15	1	801
urn:ure:t6:occ:function:current-client:006fc7a0	0x006fc7a0	xbuild-enriched-full	true	006fc7a0	FUN_006fc7a0	undefined FUN_006fc7a0()	0	0	unknown	true		53	5970	296	73	10658
urn:ure:t6:occ:function:current-client:006fcb80	0x006fcb80	xbuild-enriched-full	true	006fcb80	FUN_006fcb80	undefined FUN_006fcb80()	0	0	unknown	true		8	858	69	17	2082
urn:ure:t6:occ:function:current-client:006fcc40	0x006fcc40	xbuild-enriched-full	true	006fcc40	FUN_006fcc40	undefined FUN_006fcc40()	0	0	unknown	true		15	2034	91	13	3638
urn:ure:t6:occ:function:current-client:006fcd80	0x006fcd80	xbuild-enriched-full	true	006fcd80	FUN_006fcd80	undefined FUN_006fcd80()	0	0	unknown	true		8	787	49	2	1944
urn:ure:t6:occ:function:current-client:006fce20	0x006fce20	xbuild-enriched-full	true	006fce20	FUN_006fce20	undefined FUN_006fce20()	0	0	unknown	true		1	158	5	2	280
urn:ure:t6:occ:function:current-client:006fce30	0x006fce30	xbuild-enriched-full	true	006fce30	FUN_006fce30	undefined FUN_006fce30()	0	0	unknown	true		6	755	44	17	1567
urn:ure:t6:occ:function:current-client:006fcec0	0x006fcec0	xbuild-enriched-full	true	006fcec0	FUN_006fcec0	undefined FUN_006fcec0()	0	0	unknown	true		4	856	33	5	1466
urn:ure:t6:occ:function:current-client:006fcfc0	0x006fcfc0	xbuild-enriched-full	true	006fcfc0	FUN_006fcfc0	undefined FUN_006fcfc0()	0	0	unknown	true		7	1173	54	13	1838
urn:ure:t6:occ:function:current-client:006fd1d0	0x006fd1d0	xbuild-enriched-full	true	006fd1d0	FUN_006fd1d0	undefined FUN_006fd1d0()	0	0	unknown	true		1	226	5	3	371
urn:ure:t6:occ:function:current-client:006fd1f0	0x006fd1f0	xbuild-enriched-full	true	006fd1f0	FUN_006fd1f0	undefined FUN_006fd1f0()	0	0	unknown	true		1	146	4	1	259
urn:ure:t6:occ:function:current-client:006fd200	0x006fd200	xbuild-enriched-full	true	006fd200	FUN_006fd200	undefined FUN_006fd200()	0	0	unknown	true		22	2431	146	20	4886
urn:ure:t6:occ:function:current-client:006fd380	0x006fd380	xbuild-enriched-full	true	006fd380	FUN_006fd380	undefined FUN_006fd380()	0	0	unknown	true		9	1724	74	21	2868
urn:ure:t6:occ:function:current-client:006fd4b0	0x006fd4b0	xbuild-enriched-full	true	006fd4b0	FUN_006fd4b0	undefined FUN_006fd4b0()	0	0	unknown	true		4	454	37	5	1230
urn:ure:t6:occ:function:current-client:006fd550	0x006fd550	xbuild-enriched-full	true	006fd550	FUN_006fd550	undefined FUN_006fd550()	0	0	unknown	true		4	531	32	9	1014
urn:ure:t6:occ:function:current-client:006fd5b0	0x006fd5b0	xbuild-enriched-full	true	006fd5b0	FUN_006fd5b0	undefined FUN_006fd5b0()	0	0	unknown	true		4	434	26	9	974
urn:ure:t6:occ:function:current-client:006fd620	0x006fd620	xbuild-enriched-full	true	006fd620	FUN_006fd620	undefined FUN_006fd620()	0	0	unknown	true		2	227	10	3	473
urn:ure:t6:occ:function:current-client:006fd640	0x006fd640	xbuild-enriched-full	true	006fd640	FUN_006fd640	undefined FUN_006fd640()	0	0	unknown	true		10	1213	66	14	2657
urn:ure:t6:occ:function:current-client:006fd750	0x006fd750	xbuild-enriched-full	true	006fd750	FUN_006fd750	undefined FUN_006fd750()	0	0	unknown	true		1	211	3	2	262
urn:ure:t6:occ:function:current-client:006fd7e0	0x006fd7e0	xbuild-enriched-full	true	006fd7e0	FUN_006fd7e0	undefined FUN_006fd7e0()	0	0	unknown	true		3	406	17	6	694
urn:ure:t6:occ:function:current-client:006fd820	0x006fd820	xbuild-enriched-full	true	006fd820	FUN_006fd820	undefined FUN_006fd820()	0	0	unknown	true		51	2644	325	49	12176
urn:ure:t6:occ:function:current-client:006fdfe0	0x006fdfe0	xbuild-enriched-full	true	006fdfe0	FUN_006fdfe0	undefined FUN_006fdfe0()	0	0	unknown	true		3	353	26	2	1005
urn:ure:t6:occ:function:current-client:006fe070	0x006fe070	xbuild-enriched-full	true	006fe070	FUN_006fe070	undefined FUN_006fe070()	0	0	unknown	true		13	1480	97	35	3223
urn:ure:t6:occ:function:current-client:006fe1d0	0x006fe1d0	xbuild-enriched-full	true	006fe1d0	FUN_006fe1d0	undefined FUN_006fe1d0()	0	0	unknown	true		393	10970	465	89	15925
urn:ure:t6:occ:function:current-client:006fe730	0x006fe730	xbuild-enriched-full	true	006fe730	FUN_006fe730	undefined FUN_006fe730()	0	0	unknown	true		14	1157	54	21	2017
urn:ure:t6:occ:function:current-client:006fe7f0	0x006fe7f0	xbuild-enriched-full	true	006fe7f0	FUN_006fe7f0	undefined FUN_006fe7f0()	0	0	unknown	true		16	1996	150	16	6642
urn:ure:t6:occ:function:current-client:006feaa0	0x006feaa0	xbuild-enriched-full	true	006feaa0	FUN_006feaa0	undefined FUN_006feaa0()	0	0	unknown	true		98	12845	681	84	29807
urn:ure:t6:occ:function:current-client:006ff750	0x006ff750	xbuild-enriched-full	true	006ff750	FUN_006ff750	undefined FUN_006ff750()	0	0	unknown	true		2	65	5	1	265
urn:ure:t6:occ:function:current-client:006ff760	0x006ff760	xbuild-enriched-full	true	006ff760	FUN_006ff760	undefined FUN_006ff760()	0	0	unknown	true		1	283	17	1	749
urn:ure:t6:occ:function:current-client:006ff8b0	0x006ff8b0	xbuild-enriched-full	true	006ff8b0	FUN_006ff8b0	undefined FUN_006ff8b0()	0	0	unknown	true		2	389	17	4	685
urn:ure:t6:occ:function:current-client:006ff8e0	0x006ff8e0	xbuild-enriched-full	true	006ff8e0	FUN_006ff8e0	undefined FUN_006ff8e0()	0	0	unknown	true		1	124	9	1	415
urn:ure:t6:occ:function:current-client:006ff920	0x006ff920	xbuild-enriched-full	true	006ff920	FUN_006ff920	undefined FUN_006ff920()	0	0	unknown	true		2	348	15	3	752
urn:ure:t6:occ:function:current-client:006ff960	0x006ff960	xbuild-enriched-full	true	006ff960	FUN_006ff960	undefined FUN_006ff960()	0	0	unknown	true		8	1577	87	12	3271
urn:ure:t6:occ:function:current-client:006ffaa0	0x006ffaa0	xbuild-enriched-full	true	006ffaa0	FUN_006ffaa0	undefined FUN_006ffaa0()	0	0	unknown	true		0	147	2	1	195
urn:ure:t6:occ:function:current-client:006ffac0	0x006ffac0	xbuild-enriched-full	true	006ffac0	FUN_006ffac0	undefined FUN_006ffac0()	0	0	unknown	true		184	6918	515	121	18800
urn:ure:t6:occ:function:current-client:007001e0	0x007001e0	xbuild-enriched-full	true	007001e0	FUN_007001e0	undefined FUN_007001e0()	0	0	unknown	true		8	516	30	10	1183
urn:ure:t6:occ:function:current-client:00700540	0x00700540	xbuild-enriched-full	true	00700540	FUN_00700540	undefined FUN_00700540()	0	0	unknown	true		2	327	12	4	618
urn:ure:t6:occ:function:current-client:00700580	0x00700580	xbuild-enriched-full	true	00700580	FUN_00700580	undefined FUN_00700580()	0	0	unknown	true		6	581	46	15	1592
urn:ure:t6:occ:function:current-client:00700620	0x00700620	xbuild-enriched-full	true	00700620	FUN_00700620	undefined FUN_00700620()	0	0	unknown	true		8	741	38	33	1630
urn:ure:t6:occ:function:current-client:007006e0	0x007006e0	xbuild-enriched-full	true	007006e0	FUN_007006e0	undefined FUN_007006e0()	0	0	unknown	true		0	147	2	1	195
urn:ure:t6:occ:function:current-client:007006f0	0x007006f0	xbuild-enriched-full	true	007006f0	FUN_007006f0	undefined FUN_007006f0()	0	0	unknown	true		9	1390	79	24	2675
urn:ure:t6:occ:function:current-client:007007f0	0x007007f0	xbuild-enriched-full	true	007007f0	FUN_007007f0	undefined FUN_007007f0()	0	0	unknown	true		22	1801	129	62	4372
urn:ure:t6:occ:function:current-client:007009e0	0x007009e0	xbuild-enriched-full	true	007009e0	FUN_007009e0	undefined FUN_007009e0()	0	0	unknown	true		1	132	11	3	455
urn:ure:t6:occ:function:current-client:00700a00	0x00700a00	xbuild-enriched-full	true	00700a00	FUN_00700a00	undefined FUN_00700a00()	0	0	unknown	true		8	1294	62	21	2597
urn:ure:t6:occ:function:current-client:00700b30	0x00700b30	xbuild-enriched-full	true	00700b30	FUN_00700b30	undefined FUN_00700b30()	0	0	unknown	true		1	333	12	2	633
urn:ure:t6:occ:function:current-client:00700c00	0x00700c00	xbuild-enriched-full	true	00700c00	FUN_00700c00	undefined FUN_00700c00()	0	0	unknown	true		1	136	6	1	348
urn:ure:t6:occ:function:current-client:00700c10	0x00700c10	xbuild-enriched-full	true	00700c10	FUN_00700c10	undefined FUN_00700c10()	0	0	unknown	true		7	1090	45	13	1922
urn:ure:t6:occ:function:current-client:00700ce0	0x00700ce0	xbuild-enriched-full	true	00700ce0	FUN_00700ce0	undefined FUN_00700ce0()	0	0	unknown	true		10	1410	84	10	2895
urn:ure:t6:occ:function:current-client:00700dd0	0x00700dd0	xbuild-enriched-full	true	00700dd0	FUN_00700dd0	undefined FUN_00700dd0()	0	0	unknown	true		0	169	4	2	307
urn:ure:t6:occ:function:current-client:00700df0	0x00700df0	xbuild-enriched-full	true	00700df0	FUN_00700df0	undefined FUN_00700df0()	0	0	unknown	true		5	791	48	14	1526
urn:ure:t6:occ:function:current-client:00700e70	0x00700e70	xbuild-enriched-full	true	00700e70	FUN_00700e70	undefined FUN_00700e70()	0	0	unknown	true		5	437	45	4	1311
urn:ure:t6:occ:function:current-client:00700ee0	0x00700ee0	xbuild-enriched-full	true	00700ee0	FUN_00700ee0	undefined FUN_00700ee0()	0	0	unknown	true		1	132	11	1	475
urn:ure:t6:occ:function:current-client:00700f00	0x00700f00	xbuild-enriched-full	true	00700f00	FUN_00700f00	undefined FUN_00700f00()	0	0	unknown	true		3	599	19	11	957
urn:ure:t6:occ:function:current-client:00700f50	0x00700f50	xbuild-enriched-full	true	00700f50	FUN_00700f50	undefined FUN_00700f50()	0	0	unknown	true		10	1323	90	15	2808
urn:ure:t6:occ:function:current-client:00701040	0x00701040	xbuild-enriched-full	true	00701040	FUN_00701040	undefined FUN_00701040()	0	0	unknown	true		3	451	27	8	1121
urn:ure:t6:occ:function:current-client:007010a0	0x007010a0	xbuild-enriched-full	true	007010a0	FUN_007010a0	undefined FUN_007010a0()	0	0	unknown	true		25	2582	214	51	6921
urn:ure:t6:occ:function:current-client:00701340	0x00701340	xbuild-enriched-full	true	00701340	FUN_00701340	undefined FUN_00701340()	0	0	unknown	true		6	787	49	2	1944
urn:ure:t6:occ:function:current-client:007013e0	0x007013e0	xbuild-enriched-full	true	007013e0	FUN_007013e0	undefined FUN_007013e0()	0	0	unknown	true		4	581	31	11	1105
urn:ure:t6:occ:function:current-client:007014b0	0x007014b0	xbuild-enriched-full	true	007014b0	FUN_007014b0	undefined FUN_007014b0()	0	0	unknown	true		1	219	11	2	502
urn:ure:t6:occ:function:current-client:007014d0	0x007014d0	xbuild-enriched-full	true	007014d0	FUN_007014d0	undefined FUN_007014d0()	0	0	unknown	true		5	781	39	5	1497
urn:ure:t6:occ:function:current-client:00701550	0x00701550	xbuild-enriched-full	true	00701550	FUN_00701550	undefined FUN_00701550()	0	0	unknown	true		2	318	17	8	698
urn:ure:t6:occ:function:current-client:00701590	0x00701590	xbuild-enriched-full	true	00701590	FUN_00701590	undefined FUN_00701590()	0	0	unknown	true		1	190	11	3	514
urn:ure:t6:occ:function:current-client:007015c0	0x007015c0	xbuild-enriched-full	true	007015c0	FUN_007015c0	undefined FUN_007015c0()	0	0	unknown	true		1	228	8	3	418
urn:ure:t6:occ:function:current-client:007015e0	0x007015e0	xbuild-enriched-full	true	007015e0	FUN_007015e0	undefined FUN_007015e0()	0	0	unknown	true		7	1071	79	18	2796
urn:ure:t6:occ:function:current-client:007016b0	0x007016b0	xbuild-enriched-full	true	007016b0	FUN_007016b0	undefined FUN_007016b0()	0	0	unknown	true		1	154	4	2	266
urn:ure:t6:occ:function:current-client:007016c0	0x007016c0	xbuild-enriched-full	true	007016c0	FUN_007016c0	undefined FUN_007016c0()	0	0	unknown	true		1	304	13	3	551
urn:ure:t6:occ:function:current-client:007017d0	0x007017d0	xbuild-enriched-full	true	007017d0	FUN_007017d0	undefined FUN_007017d0()	0	0	unknown	true		4	944	34	0	1744
urn:ure:t6:occ:function:current-client:00701880	0x00701880	xbuild-enriched-full	true	00701880	FUN_00701880	undefined FUN_00701880()	0	0	unknown	true		5	673	39	6	1351
urn:ure:t6:occ:function:current-client:007018e0	0x007018e0	xbuild-enriched-full	true	007018e0	FUN_007018e0	undefined FUN_007018e0()	0	0	unknown	true		15	2488	131	18	5020
urn:ure:t6:occ:function:current-client:00701ab0	0x00701ab0	xbuild-enriched-full	true	00701ab0	FUN_00701ab0	undefined FUN_00701ab0()	0	0	unknown	true		2	236	10	3	442
urn:ure:t6:occ:function:current-client:00701ad0	0x00701ad0	xbuild-enriched-full	true	00701ad0	FUN_00701ad0	undefined FUN_00701ad0()	0	0	unknown	true		3	424	24	16	1041
urn:ure:t6:occ:function:current-client:00701b40	0x00701b40	xbuild-enriched-full	true	00701b40	FUN_00701b40	undefined FUN_00701b40()	0	0	unknown	true		4	428	41	6	1387
urn:ure:t6:occ:function:current-client:00701bb0	0x00701bb0	xbuild-enriched-full	true	00701bb0	FUN_00701bb0	undefined FUN_00701bb0()	0	0	unknown	true		6	734	60	10	1920
urn:ure:t6:occ:function:current-client:00701c50	0x00701c50	xbuild-enriched-full	true	00701c50	FUN_00701c50	undefined FUN_00701c50()	0	0	unknown	true		5	693	42	7	1434
urn:ure:t6:occ:function:current-client:00701cd0	0x00701cd0	xbuild-enriched-full	true	00701cd0	FUN_00701cd0	undefined FUN_00701cd0()	0	0	unknown	true		1	158	5	2	280
urn:ure:t6:occ:function:current-client:00701ce0	0x00701ce0	xbuild-enriched-full	true	00701ce0	FUN_00701ce0	undefined FUN_00701ce0()	0	0	unknown	true		4	643	30	8	1225
urn:ure:t6:occ:function:current-client:00701da0	0x00701da0	xbuild-enriched-full	true	00701da0	FUN_00701da0	undefined FUN_00701da0()	0	0	unknown	true		4	595	33	2	1165
urn:ure:t6:occ:function:current-client:00702a50	0x00702a50	xbuild-enriched-full	true	00702a50	FUN_00702a50	undefined FUN_00702a50()	0	0	unknown	true		20	2573	164	17	6973
urn:ure:t6:occ:function:current-client:00702d30	0x00702d30	xbuild-enriched-full	true	00702d30	FUN_00702d30	undefined FUN_00702d30()	0	0	unknown	true		4	522	22	13	904
urn:ure:t6:occ:function:current-client:00702d80	0x00702d80	xbuild-enriched-full	true	00702d80	FUN_00702d80	undefined FUN_00702d80()	0	0	unknown	true		4	460	32	6	1246
urn:ure:t6:occ:function:current-client:00702e20	0x00702e20	xbuild-enriched-full	true	00702e20	FUN_00702e20	undefined FUN_00702e20()	0	0	unknown	true		1	59	5	1	257
urn:ure:t6:occ:function:current-client:00702e30	0x00702e30	xbuild-enriched-full	true	00702e30	FUN_00702e30	undefined FUN_00702e30()	0	0	unknown	true		24	2218	189	35	6052
urn:ure:t6:occ:function:current-client:00703090	0x00703090	xbuild-enriched-full	true	00703090	FUN_00703090	undefined FUN_00703090()	0	0	unknown	true		8	1342	65	8	2841
urn:ure:t6:occ:function:current-client:007031a0	0x007031a0	xbuild-enriched-full	true	007031a0	FUN_007031a0	undefined FUN_007031a0()	0	0	unknown	true		1	163	10	3	509
urn:ure:t6:occ:function:current-client:007031c0	0x007031c0	xbuild-enriched-full	true	007031c0	FUN_007031c0	undefined FUN_007031c0()	0	0	unknown	true		4	503	39	6	1352
urn:ure:t6:occ:function:current-client:00703230	0x00703230	xbuild-enriched-full	true	00703230	FUN_00703230	undefined FUN_00703230()	0	0	unknown	true		1	99	8	3	399
urn:ure:t6:occ:function:current-client:00703250	0x00703250	xbuild-enriched-full	true	00703250	FUN_00703250	undefined FUN_00703250()	0	0	unknown	true		2	286	23	1	915
urn:ure:t6:occ:function:current-client:007032b0	0x007032b0	xbuild-enriched-full	true	007032b0	FUN_007032b0	undefined FUN_007032b0()	0	0	unknown	true		3	485	22	9	845
urn:ure:t6:occ:function:current-client:007032f0	0x007032f0	xbuild-enriched-full	true	007032f0	FUN_007032f0	undefined FUN_007032f0()	0	0	unknown	true		8	927	67	18	2276
urn:ure:t6:occ:function:current-client:007033c0	0x007033c0	xbuild-enriched-full	true	007033c0	FUN_007033c0	undefined FUN_007033c0()	0	0	unknown	true		3	301	30	2	1204
urn:ure:t6:occ:function:current-client:00703430	0x00703430	xbuild-enriched-full	true	00703430	FUN_00703430	undefined FUN_00703430()	0	0	unknown	true		16	2711	117	23	4578
urn:ure:t6:occ:function:current-client:00703600	0x00703600	xbuild-enriched-full	true	00703600	FUN_00703600	undefined FUN_00703600()	0	0	unknown	true		7	1130	70	10	3175
urn:ure:t6:occ:function:current-client:007037c0	0x007037c0	xbuild-enriched-full	true	007037c0	FUN_007037c0	undefined FUN_007037c0()	0	0	unknown	true		4	752	42	10	1603
urn:ure:t6:occ:function:current-client:00703860	0x00703860	xbuild-enriched-full	true	00703860	FUN_00703860	undefined FUN_00703860()	0	0	unknown	true		3	412	24	11	914
urn:ure:t6:occ:function:current-client:007038c0	0x007038c0	xbuild-enriched-full	true	007038c0	FUN_007038c0	undefined FUN_007038c0()	0	0	unknown	true		2	208	9	4	410
urn:ure:t6:occ:function:current-client:007038f0	0x007038f0	xbuild-enriched-full	true	007038f0	FUN_007038f0	undefined FUN_007038f0()	0	0	unknown	true		6	865	42	16	1549
urn:ure:t6:occ:function:current-client:007039a0	0x007039a0	xbuild-enriched-full	true	007039a0	FUN_007039a0	undefined FUN_007039a0()	0	0	unknown	true		1	151	4	1	314
urn:ure:t6:occ:function:current-client:007039b0	0x007039b0	xbuild-enriched-full	true	007039b0	FUN_007039b0	undefined FUN_007039b0()	0	0	unknown	true		13	1545	115	26	3791
urn:ure:t6:occ:function:current-client:00703ca0	0x00703ca0	xbuild-enriched-full	true	00703ca0	FUN_00703ca0	undefined FUN_00703ca0()	0	0	unknown	true		3	547	28	13	1156
urn:ure:t6:occ:function:current-client:00703d10	0x00703d10	xbuild-enriched-full	true	00703d10	FUN_00703d10	undefined FUN_00703d10()	0	0	unknown	true		1	286	8	3	470
urn:ure:t6:occ:function:current-client:00703d40	0x00703d40	xbuild-enriched-full	true	00703d40	FUN_00703d40	undefined FUN_00703d40()	0	0	unknown	true		4	589	38	3	1289
urn:ure:t6:occ:function:current-client:00703db0	0x00703db0	xbuild-enriched-full	true	00703db0	FUN_00703db0	undefined FUN_00703db0()	0	0	unknown	true		3	286	26	4	884
urn:ure:t6:occ:function:current-client:00703e00	0x00703e00	xbuild-enriched-full	true	00703e00	FUN_00703e00	undefined FUN_00703e00()	0	0	unknown	true		6	869	56	12	1714
urn:ure:t6:occ:function:current-client:00703ed0	0x00703ed0	xbuild-enriched-full	true	00703ed0	FUN_00703ed0	undefined FUN_00703ed0()	0	0	unknown	true		4	460	40	3	1408
urn:ure:t6:occ:function:current-client:00703f50	0x00703f50	xbuild-enriched-full	true	00703f50	FUN_00703f50	undefined FUN_00703f50()	0	0	unknown	true		6	787	49	2	1938
urn:ure:t6:occ:function:current-client:00703ff0	0x00703ff0	xbuild-enriched-full	true	00703ff0	FUN_00703ff0	undefined FUN_00703ff0()	0	0	unknown	true		6	976	54	12	1728
urn:ure:t6:occ:function:current-client:00704080	0x00704080	xbuild-enriched-full	true	00704080	FUN_00704080	undefined FUN_00704080()	0	0	unknown	true		9	929	69	12	2243
urn:ure:t6:occ:function:current-client:00704160	0x00704160	xbuild-enriched-full	true	00704160	FUN_00704160	undefined FUN_00704160()	0	0	unknown	true		12	1659	103	15	3742
urn:ure:t6:occ:function:current-client:007042d0	0x007042d0	xbuild-enriched-full	true	007042d0	FUN_007042d0	undefined FUN_007042d0()	0	0	unknown	true		5	585	41	10	1375
urn:ure:t6:occ:function:current-client:00704340	0x00704340	xbuild-enriched-full	true	00704340	FUN_00704340	undefined FUN_00704340()	0	0	unknown	true		4	545	32	3	1273
urn:ure:t6:occ:function:current-client:007043a0	0x007043a0	xbuild-enriched-full	true	007043a0	FUN_007043a0	undefined FUN_007043a0()	0	0	unknown	true		2	338	15	6	912
urn:ure:t6:occ:function:current-client:00704400	0x00704400	xbuild-enriched-full	true	00704400	FUN_00704400	undefined FUN_00704400()	0	0	unknown	true		87	7032	370	95	15107
urn:ure:t6:occ:function:current-client:00704a30	0x00704a30	xbuild-enriched-full	true	00704a30	FUN_00704a30	undefined FUN_00704a30()	0	0	unknown	true		3	181	13	1	576
urn:ure:t6:occ:function:current-client:00704a60	0x00704a60	xbuild-enriched-full	true	00704a60	FUN_00704a60	undefined FUN_00704a60()	0	0	unknown	true		1	205	11	2	475
urn:ure:t6:occ:function:current-client:00704ab0	0x00704ab0	xbuild-enriched-full	true	00704ab0	FUN_00704ab0	undefined FUN_00704ab0()	0	0	unknown	true		9	1633	87	23	3390
urn:ure:t6:occ:function:current-client:00704c00	0x00704c00	xbuild-enriched-full	true	00704c00	FUN_00704c00	undefined FUN_00704c00()	0	0	unknown	true		23	3866	212	51	7344
urn:ure:t6:occ:function:current-client:00704ed0	0x00704ed0	xbuild-enriched-full	true	00704ed0	FUN_00704ed0	undefined FUN_00704ed0()	0	0	unknown	true		4	579	37	8	1387
urn:ure:t6:occ:function:current-client:00704f40	0x00704f40	xbuild-enriched-full	true	00704f40	FUN_00704f40	undefined FUN_00704f40()	0	0	unknown	true		4	1065	39	8	1510
urn:ure:t6:occ:function:current-client:00704fb0	0x00704fb0	xbuild-enriched-full	true	00704fb0	FUN_00704fb0	undefined FUN_00704fb0()	0	0	unknown	true		27	3037	194	38	7474
urn:ure:t6:occ:function:current-client:007052a0	0x007052a0	xbuild-enriched-full	true	007052a0	FUN_007052a0	undefined FUN_007052a0()	0	0	unknown	true		3	261	19	5	645
urn:ure:t6:occ:function:current-client:007052d0	0x007052d0	xbuild-enriched-full	true	007052d0	FUN_007052d0	undefined FUN_007052d0()	0	0	unknown	true		2	224	7	5	400
urn:ure:t6:occ:function:current-client:00705300	0x00705300	xbuild-enriched-full	true	00705300	FUN_00705300	undefined FUN_00705300()	0	0	unknown	true		2	330	15	6	630
urn:ure:t6:occ:function:current-client:00705330	0x00705330	xbuild-enriched-full	true	00705330	FUN_00705330	undefined FUN_00705330()	0	0	unknown	true		3	338	26	0	952
urn:ure:t6:occ:function:current-client:007053a0	0x007053a0	xbuild-enriched-full	true	007053a0	FUN_007053a0	undefined FUN_007053a0()	0	0	unknown	true		8	934	64	9	2119
urn:ure:t6:occ:function:current-client:00705460	0x00705460	xbuild-enriched-full	true	00705460	FUN_00705460	undefined FUN_00705460()	0	0	unknown	true		2	295	12	5	567
urn:ure:t6:occ:function:current-client:00705490	0x00705490	xbuild-enriched-full	true	00705490	FUN_00705490	undefined FUN_00705490()	0	0	unknown	true		4	652	29	1	1377
urn:ure:t6:occ:function:current-client:00705510	0x00705510	xbuild-enriched-full	true	00705510	FUN_00705510	undefined FUN_00705510()	0	0	unknown	true		10	1501	89	17	2671
urn:ure:t6:occ:function:current-client:007055d0	0x007055d0	xbuild-enriched-full	true	007055d0	FUN_007055d0	undefined FUN_007055d0()	0	0	unknown	true		2	229	9	4	419
urn:ure:t6:occ:function:current-client:00705630	0x00705630	xbuild-enriched-full	true	00705630	FUN_00705630	undefined FUN_00705630()	0	0	unknown	true		1	173	6	1	325
urn:ure:t6:occ:function:current-client:00705650	0x00705650	xbuild-enriched-full	true	00705650	FUN_00705650	undefined FUN_00705650()	0	0	unknown	true		2	161	15	1	592
urn:ure:t6:occ:function:current-client:00705680	0x00705680	xbuild-enriched-full	true	00705680	FUN_00705680	undefined FUN_00705680()	0	0	unknown	true		1	91	4	0	258
urn:ure:t6:occ:function:current-client:00705690	0x00705690	xbuild-enriched-full	true	00705690	FUN_00705690	undefined FUN_00705690()	0	0	unknown	true		3	463	15	3	803
urn:ure:t6:occ:function:current-client:007056d0	0x007056d0	xbuild-enriched-full	true	007056d0	FUN_007056d0	undefined FUN_007056d0()	0	0	unknown	true		5	645	35	10	1281
urn:ure:t6:occ:function:current-client:00705740	0x00705740	xbuild-enriched-full	true	00705740	FUN_00705740	undefined FUN_00705740()	0	0	unknown	true		3	368	20	10	837
urn:ure:t6:occ:function:current-client:00705790	0x00705790	xbuild-enriched-full	true	00705790	FUN_00705790	undefined FUN_00705790()	0	0	unknown	true		25	3445	158	49	6510
urn:ure:t6:occ:function:current-client:00705a60	0x00705a60	xbuild-enriched-full	true	00705a60	FUN_00705a60	undefined FUN_00705a60()	0	0	unknown	true		7	788	49	2	1945
urn:ure:t6:occ:function:current-client:00705bd0	0x00705bd0	xbuild-enriched-full	true	00705bd0	FUN_00705bd0	undefined FUN_00705bd0()	0	0	unknown	true		54	4603	318	100	12254
urn:ure:t6:occ:function:current-client:007060a0	0x007060a0	xbuild-enriched-full	true	007060a0	FUN_007060a0	undefined FUN_007060a0()	0	0	unknown	true		4	194	15	9	615
urn:ure:t6:occ:function:current-client:007060e0	0x007060e0	xbuild-enriched-full	true	007060e0	FUN_007060e0	undefined FUN_007060e0()	0	0	unknown	true		22	3122	97	15	4287
urn:ure:t6:occ:function:current-client:00706280	0x00706280	xbuild-enriched-full	true	00706280	FUN_00706280	undefined FUN_00706280()	0	0	unknown	true		7	835	58	24	2197
urn:ure:t6:occ:function:current-client:00706350	0x00706350	xbuild-enriched-full	true	00706350	FUN_00706350	undefined FUN_00706350()	0	0	unknown	true		11	1331	112	25	3197
urn:ure:t6:occ:function:current-client:00706450	0x00706450	xbuild-enriched-full	true	00706450	FUN_00706450	undefined FUN_00706450()	0	0	unknown	true		1	79	3	1	258
urn:ure:t6:occ:function:current-client:00706460	0x00706460	xbuild-enriched-full	true	00706460	FUN_00706460	undefined FUN_00706460()	0	0	unknown	true		7	852	59	13	1961
urn:ure:t6:occ:function:current-client:00706500	0x00706500	xbuild-enriched-full	true	00706500	FUN_00706500	undefined FUN_00706500()	0	0	unknown	true		347	31759	1703	424	62650
urn:ure:t6:occ:function:current-client:00707e80	0x00707e80	xbuild-enriched-full	true	00707e80	FUN_00707e80	undefined FUN_00707e80()	0	0	unknown	true		20	2112	131	45	4757
urn:ure:t6:occ:function:current-client:00708060	0x00708060	xbuild-enriched-full	true	00708060	FUN_00708060	undefined FUN_00708060()	0	0	unknown	true		7	857	49	21	1772
urn:ure:t6:occ:function:current-client:00708100	0x00708100	xbuild-enriched-full	true	00708100	FUN_00708100	undefined FUN_00708100()	0	0	unknown	true		5	655	42	8	1443
urn:ure:t6:occ:function:current-client:00708180	0x00708180	xbuild-enriched-full	true	00708180	FUN_00708180	undefined FUN_00708180()	0	0	unknown	true		59	6635	470	93	16030
urn:ure:t6:occ:function:current-client:007087f0	0x007087f0	xbuild-enriched-full	true	007087f0	FUN_007087f0	undefined FUN_007087f0()	0	0	unknown	true		1	147	2	1	195
urn:ure:t6:occ:function:current-client:00708800	0x00708800	xbuild-enriched-full	true	00708800	FUN_00708800	undefined FUN_00708800()	0	0	unknown	true		151	18842	821	70	37171
urn:ure:t6:occ:function:current-client:00709870	0x00709870	xbuild-enriched-full	true	00709870	FUN_00709870	undefined FUN_00709870()	0	0	unknown	true		5	1115	54	8	2098
urn:ure:t6:occ:function:current-client:00709960	0x00709960	xbuild-enriched-full	true	00709960	FUN_00709960	undefined FUN_00709960()	0	0	unknown	true		4	655	30	5	1186
urn:ure:t6:occ:function:current-client:007099d0	0x007099d0	xbuild-enriched-full	true	007099d0	thunk_FUN_00483130	undefined thunk_FUN_00483130()	0	0	unknown	true		11	1813	1	1	173
urn:ure:t6:occ:function:current-client:007099e0	0x007099e0	xbuild-enriched-full	true	007099e0	FUN_007099e0	undefined FUN_007099e0()	0	0	unknown	true		15	3195	136	35	4867
urn:ure:t6:occ:function:current-client:00709bb0	0x00709bb0	xbuild-enriched-full	true	00709bb0	FUN_00709bb0	undefined FUN_00709bb0()	0	0	unknown	true		2	269	9	3	430
urn:ure:t6:occ:function:current-client:00709bd0	0x00709bd0	xbuild-enriched-full	true	00709bd0	FUN_00709bd0	undefined FUN_00709bd0()	0	0	unknown	true		0	147	2	1	195
urn:ure:t6:occ:function:current-client:00709be0	0x00709be0	xbuild-enriched-full	true	00709be0	FUN_00709be0	undefined FUN_00709be0()	0	0	unknown	true		2	389	26	6	1081
urn:ure:t6:occ:function:current-client:00709c50	0x00709c50	xbuild-enriched-full	true	00709c50	FUN_00709c50	undefined FUN_00709c50()	0	0	unknown	true		13	2044	109	25	4163
urn:ure:t6:occ:function:current-client:00709df0	0x00709df0	xbuild-enriched-full	true	00709df0	FUN_00709df0	undefined FUN_00709df0()	0	0	unknown	true		3	529	23	2	956
urn:ure:t6:occ:function:current-client:00709e50	0x00709e50	xbuild-enriched-full	true	00709e50	FUN_00709e50	undefined FUN_00709e50()	0	0	unknown	true		12	2743	158	18	5937
urn:ure:t6:occ:function:current-client:0070a070	0x0070a070	xbuild-enriched-full	true	0070a070	FUN_0070a070	undefined FUN_0070a070()	0	0	unknown	true		13	2780	152	23	6062
urn:ure:t6:occ:function:current-client:0070a270	0x0070a270	xbuild-enriched-full	true	0070a270	thunk_FUN_0070a070	undefined thunk_FUN_0070a070()	0	0	unknown	true		14	2792	1	1	173
urn:ure:t6:occ:function:current-client:0070a280	0x0070a280	xbuild-enriched-full	true	0070a280	FUN_0070a280	undefined FUN_0070a280()	0	0	unknown	true		4	665	31	3	1203
urn:ure:t6:occ:function:current-client:0070a2d0	0x0070a2d0	xbuild-enriched-full	true	0070a2d0	FUN_0070a2d0	undefined FUN_0070a2d0()	0	0	unknown	true		8	1812	88	8	3698
urn:ure:t6:occ:function:current-client:0070a410	0x0070a410	xbuild-enriched-full	true	0070a410	FUN_0070a410	undefined FUN_0070a410()	0	0	unknown	true		7	1144	44	17	1407
urn:ure:t6:occ:function:current-client:0070a4a0	0x0070a4a0	xbuild-enriched-full	true	0070a4a0	FUN_0070a4a0	undefined FUN_0070a4a0()	0	0	unknown	true		13	2110	132	22	4665
urn:ure:t6:occ:function:current-client:0070a640	0x0070a640	xbuild-enriched-full	true	0070a640	FUN_0070a640	undefined FUN_0070a640()	0	0	unknown	true		7	1287	69	13	2227
urn:ure:t6:occ:function:current-client:0070a6f0	0x0070a6f0	xbuild-enriched-full	true	0070a6f0	FUN_0070a6f0	undefined FUN_0070a6f0()	0	0	unknown	true		12	1711	110	21	3697
urn:ure:t6:occ:function:current-client:0070a840	0x0070a840	xbuild-enriched-full	true	0070a840	FUN_0070a840	undefined FUN_0070a840()	0	0	unknown	true		61	5823	414	98	13814
urn:ure:t6:occ:function:current-client:0070ad40	0x0070ad40	xbuild-enriched-full	true	0070ad40	FUN_0070ad40	undefined FUN_0070ad40()	0	0	unknown	true		10	1617	135	19	4958
urn:ure:t6:occ:function:current-client:0070af00	0x0070af00	xbuild-enriched-full	true	0070af00	FUN_0070af00	undefined FUN_0070af00()	0	0	unknown	true		13	2115	134	19	4919
urn:ure:t6:occ:function:current-client:0070b0b0	0x0070b0b0	xbuild-enriched-full	true	0070b0b0	FUN_0070b0b0	undefined FUN_0070b0b0()	0	0	unknown	true		14	2278	171	31	5631
urn:ure:t6:occ:function:current-client:0070b280	0x0070b280	xbuild-enriched-full	true	0070b280	FUN_0070b280	undefined FUN_0070b280()	0	0	unknown	true		23	3820	239	45	8253
urn:ure:t6:occ:function:current-client:0070b580	0x0070b580	xbuild-enriched-full	true	0070b580	FUN_0070b580	undefined FUN_0070b580()	0	0	unknown	true		14	2363	178	38	5840
urn:ure:t6:occ:function:current-client:0070b770	0x0070b770	xbuild-enriched-full	true	0070b770	FUN_0070b770	undefined FUN_0070b770()	0	0	unknown	true		4	350	50	6	1594
urn:ure:t6:occ:function:current-client:0070b7f0	0x0070b7f0	xbuild-enriched-full	true	0070b7f0	FUN_0070b7f0	undefined FUN_0070b7f0()	0	0	unknown	true		10	1755	112	23	3992
urn:ure:t6:occ:function:current-client:0070b950	0x0070b950	xbuild-enriched-full	true	0070b950	FUN_0070b950	undefined FUN_0070b950()	0	0	unknown	true		25	5095	243	44	9070
urn:ure:t6:occ:function:current-client:0070bc70	0x0070bc70	xbuild-enriched-full	true	0070bc70	FUN_0070bc70	undefined FUN_0070bc70()	0	0	unknown	true		72	8466	494	119	18858
urn:ure:t6:occ:function:current-client:0070c3f0	0x0070c3f0	xbuild-enriched-full	true	0070c3f0	FUN_0070c3f0	undefined FUN_0070c3f0()	0	0	unknown	true		18	2156	197	27	6314
urn:ure:t6:occ:function:current-client:0070c610	0x0070c610	xbuild-enriched-full	true	0070c610	FUN_0070c610	undefined FUN_0070c610()	0	0	unknown	true		5	824	48	5	1682
urn:ure:t6:occ:function:current-client:0070c690	0x0070c690	xbuild-enriched-full	true	0070c690	FUN_0070c690	undefined FUN_0070c690()	0	0	unknown	true		15	1909	159	18	5563
urn:ure:t6:occ:function:current-client:0070c890	0x0070c890	xbuild-enriched-full	true	0070c890	FUN_0070c890	undefined FUN_0070c890()	0	0	unknown	true		39	4490	312	36	10776
urn:ure:t6:occ:function:current-client:0070cc60	0x0070cc60	xbuild-enriched-full	true	0070cc60	FUN_0070cc60	undefined FUN_0070cc60()	0	0	unknown	true		9	1084	70	7	2464
urn:ure:t6:occ:function:current-client:0070cd30	0x0070cd30	xbuild-enriched-full	true	0070cd30	FUN_0070cd30	undefined FUN_0070cd30()	0	0	unknown	true		24	2919	192	36	6627
urn:ure:t6:occ:function:current-client:0070cf60	0x0070cf60	xbuild-enriched-full	true	0070cf60	FUN_0070cf60	undefined FUN_0070cf60()	0	0	unknown	true		4	515	36	6	1308
urn:ure:t6:occ:function:current-client:0070cfd0	0x0070cfd0	xbuild-enriched-full	true	0070cfd0	FUN_0070cfd0	undefined FUN_0070cfd0()	0	0	unknown	true		8	1063	78	10	2596
urn:ure:t6:occ:function:current-client:0070d090	0x0070d090	xbuild-enriched-full	true	0070d090	FUN_0070d090	undefined FUN_0070d090()	0	0	unknown	true		15	2216	139	14	4980
urn:ure:t6:occ:function:current-client:0070d230	0x0070d230	xbuild-enriched-full	true	0070d230	FUN_0070d230	undefined FUN_0070d230()	0	0	unknown	true		8	728	38	12	1496
urn:ure:t6:occ:function:current-client:0070d2f0	0x0070d2f0	xbuild-enriched-full	true	0070d2f0	FUN_0070d2f0	undefined FUN_0070d2f0()	0	0	unknown	true		17	1717	137	12	4506
urn:ure:t6:occ:function:current-client:0070d440	0x0070d440	xbuild-enriched-full	true	0070d440	FUN_0070d440	undefined FUN_0070d440()	0	0	unknown	true		3	325	21	3	847
urn:ure:t6:occ:function:current-client:0070d480	0x0070d480	xbuild-enriched-full	true	0070d480	FUN_0070d480	undefined FUN_0070d480()	0	0	unknown	true		4	634	30	3	1131
urn:ure:t6:occ:function:current-client:0070d4e0	0x0070d4e0	xbuild-enriched-full	true	0070d4e0	FUN_0070d4e0	undefined FUN_0070d4e0()	0	0	unknown	true		5	643	41	4	1430
urn:ure:t6:occ:function:current-client:0070d550	0x0070d550	xbuild-enriched-full	true	0070d550	FUN_0070d550	undefined FUN_0070d550()	0	0	unknown	true		15	1777	143	12	4500
urn:ure:t6:occ:function:current-client:0070d6a0	0x0070d6a0	xbuild-enriched-full	true	0070d6a0	FUN_0070d6a0	undefined FUN_0070d6a0()	0	0	unknown	true		4	453	43	7	1420
urn:ure:t6:occ:function:current-client:0070d710	0x0070d710	xbuild-enriched-full	true	0070d710	FUN_0070d710	undefined FUN_0070d710()	0	0	unknown	true		5	588	58	8	1869
urn:ure:t6:occ:function:current-client:0070d7c0	0x0070d7c0	xbuild-enriched-full	true	0070d7c0	FUN_0070d7c0	undefined FUN_0070d7c0()	0	0	unknown	true		5	693	55	11	1613
urn:ure:t6:occ:function:current-client:0070d840	0x0070d840	xbuild-enriched-full	true	0070d840	FUN_0070d840	undefined FUN_0070d840()	0	0	unknown	true		6	1035	61	16	1841
urn:ure:t6:occ:function:current-client:0070d8e0	0x0070d8e0	xbuild-enriched-full	true	0070d8e0	FUN_0070d8e0	undefined FUN_0070d8e0()	0	0	unknown	true		9	1413	81	16	2547
urn:ure:t6:occ:function:current-client:0070d9b0	0x0070d9b0	xbuild-enriched-full	true	0070d9b0	FUN_0070d9b0	undefined FUN_0070d9b0()	0	0	unknown	true		15	2420	144	27	4848
urn:ure:t6:occ:function:current-client:0070db40	0x0070db40	xbuild-enriched-full	true	0070db40	FUN_0070db40	undefined FUN_0070db40()	0	0	unknown	true		28	4498	244	48	8130
urn:ure:t6:occ:function:current-client:0070ddf0	0x0070ddf0	xbuild-enriched-full	true	0070ddf0	FUN_0070ddf0	undefined FUN_0070ddf0()	0	0	unknown	true		11	1747	132	24	3896
urn:ure:t6:occ:function:current-client:0070df20	0x0070df20	xbuild-enriched-full	true	0070df20	FUN_0070df20	undefined FUN_0070df20()	0	0	unknown	true		12	2051	139	27	4226
urn:ure:t6:occ:function:current-client:0070e070	0x0070e070	xbuild-enriched-full	true	0070e070	FUN_0070e070	undefined FUN_0070e070()	0	0	unknown	true		4	533	40	6	1274
urn:ure:t6:occ:function:current-client:0070e0d0	0x0070e0d0	xbuild-enriched-full	true	0070e0d0	FUN_0070e0d0	undefined FUN_0070e0d0()	0	0	unknown	true		57	8536	559	1	19025
urn:ure:t6:occ:function:current-client:0070e730	0x0070e730	xbuild-enriched-full	true	0070e730	FUN_0070e730	undefined FUN_0070e730()	0	0	unknown	true		9	1239	73	9	2280
urn:ure:t6:occ:function:current-client:0070e7e0	0x0070e7e0	xbuild-enriched-full	true	0070e7e0	FUN_0070e7e0	undefined FUN_0070e7e0()	0	0	unknown	true		28	4865	235	40	7116
urn:ure:t6:occ:function:current-client:0070ea10	0x0070ea10	xbuild-enriched-full	true	0070ea10	FUN_0070ea10	undefined FUN_0070ea10()	0	0	unknown	true		9	1033	75	11	2414
urn:ure:t6:occ:function:current-client:0070eb00	0x0070eb00	xbuild-enriched-full	true	0070eb00	FUN_0070eb00	undefined FUN_0070eb00()	0	0	unknown	true		14	1531	102	10	3603
urn:ure:t6:occ:function:current-client:0070f390	0x0070f390	xbuild-enriched-full	true	0070f390	FUN_0070f390	undefined FUN_0070f390()	0	0	unknown	true		101	5893	819	75	29142
urn:ure:t6:occ:function:current-client:0070fc90	0x0070fc90	xbuild-enriched-full	true	0070fc90	FUN_0070fc90	undefined FUN_0070fc90()	0	0	unknown	true		12	1575	104	17	3242
urn:ure:t6:occ:function:current-client:0070fdd0	0x0070fdd0	xbuild-enriched-full	true	0070fdd0	FUN_0070fdd0	undefined FUN_0070fdd0()	0	0	unknown	true		6	879	37	16	1470
urn:ure:t6:occ:function:current-client:0070fe60	0x0070fe60	xbuild-enriched-full	true	0070fe60	FUN_0070fe60	undefined FUN_0070fe60()	0	0	unknown	true		3	345	18	6	665
urn:ure:t6:occ:function:current-client:0070fea0	0x0070fea0	xbuild-enriched-full	true	0070fea0	FUN_0070fea0	undefined FUN_0070fea0()	0	0	unknown	true		8	1056	59	8	2223
urn:ure:t6:occ:function:current-client:0070ff60	0x0070ff60	xbuild-enriched-full	true	0070ff60	FUN_0070ff60	undefined FUN_0070ff60()	0	0	unknown	true		22	3202	156	38	6043
urn:ure:t6:occ:function:current-client:007101f0	0x007101f0	xbuild-enriched-full	true	007101f0	FUN_007101f0	undefined FUN_007101f0()	0	0	unknown	true		9	1306	73	11	2692
urn:ure:t6:occ:function:current-client:007102d0	0x007102d0	xbuild-enriched-full	true	007102d0	FUN_007102d0	undefined FUN_007102d0()	0	0	unknown	true		4	820	31	7	1293
urn:ure:t6:occ:function:current-client:007103a0	0x007103a0	xbuild-enriched-full	true	007103a0	FUN_007103a0	undefined FUN_007103a0()	0	0	unknown	true		12	1689	110	30	3826
urn:ure:t6:occ:function:current-client:00710490	0x00710490	xbuild-enriched-full	true	00710490	FUN_00710490	undefined FUN_00710490()	0	0	unknown	true		7	255	11	9	512
urn:ure:t6:occ:function:current-client:007104c0	0x007104c0	xbuild-enriched-full	true	007104c0	FUN_007104c0	undefined FUN_007104c0()	0	0	unknown	true		7	625	37	18	1500
urn:ure:t6:occ:function:current-client:00710560	0x00710560	xbuild-enriched-full	true	00710560	FUN_00710560	undefined FUN_00710560()	0	0	unknown	true		20	1666	88	51	3408
urn:ure:t6:occ:function:current-client:007106e0	0x007106e0	xbuild-enriched-full	true	007106e0	FUN_007106e0	undefined FUN_007106e0()	0	0	unknown	true		5	746	27	16	1162
urn:ure:t6:occ:function:current-client:00710750	0x00710750	xbuild-enriched-full	true	00710750	FUN_00710750	undefined FUN_00710750()	0	0	unknown	true		8	1398	57	18	2223
urn:ure:t6:occ:function:current-client:00710810	0x00710810	xbuild-enriched-full	true	00710810	FUN_00710810	undefined FUN_00710810()	0	0	unknown	true		2	271	9	2	541
urn:ure:t6:occ:function:current-client:00710840	0x00710840	xbuild-enriched-full	true	00710840	FUN_00710840	undefined FUN_00710840()	0	0	unknown	true		1	243	6	1	424
urn:ure:t6:occ:function:current-client:00710870	0x00710870	xbuild-enriched-full	true	00710870	FUN_00710870	undefined FUN_00710870()	0	0	unknown	true		1	201	6	2	389
urn:ure:t6:occ:function:current-client:00710890	0x00710890	xbuild-enriched-full	true	00710890	FUN_00710890	undefined FUN_00710890()	0	0	unknown	true		1	201	6	2	389
urn:ure:t6:occ:function:current-client:007108b0	0x007108b0	xbuild-enriched-full	true	007108b0	FUN_007108b0	undefined FUN_007108b0()	0	0	unknown	true		2	296	10	3	490
urn:ure:t6:occ:function:current-client:007108e0	0x007108e0	xbuild-enriched-full	true	007108e0	FUN_007108e0	undefined FUN_007108e0()	0	0	unknown	true		30	3505	175	80	7394
urn:ure:t6:occ:function:current-client:00710bf0	0x00710bf0	xbuild-enriched-full	true	00710bf0	FUN_00710bf0	undefined FUN_00710bf0()	0	0	unknown	true		1	175	3	1	252
urn:ure:t6:occ:function:current-client:00710c00	0x00710c00	xbuild-enriched-full	true	00710c00	FUN_00710c00	undefined FUN_00710c00()	0	0	unknown	true		6	972	44	8	1491
urn:ure:t6:occ:function:current-client:00710c80	0x00710c80	xbuild-enriched-full	true	00710c80	FUN_00710c80	undefined FUN_00710c80()	0	0	unknown	true		8	1510	60	12	2556
urn:ure:t6:occ:function:current-client:00710d60	0x00710d60	xbuild-enriched-full	true	00710d60	FUN_00710d60	undefined FUN_00710d60()	0	0	unknown	true		3	477	26	2	1388
urn:ure:t6:occ:function:current-client:00710df0	0x00710df0	xbuild-enriched-full	true	00710df0	FUN_00710df0	undefined FUN_00710df0()	0	0	unknown	true		7	1081	45	7	2018
urn:ure:t6:occ:function:current-client:00710eb0	0x00710eb0	xbuild-enriched-full	true	00710eb0	FUN_00710eb0	undefined FUN_00710eb0()	0	0	unknown	true		7	1096	45	6	2014
urn:ure:t6:occ:function:current-client:00710f70	0x00710f70	xbuild-enriched-full	true	00710f70	FUN_00710f70	undefined FUN_00710f70()	0	0	unknown	true		13	2119	104	19	3932
urn:ure:t6:occ:function:current-client:007110c0	0x007110c0	xbuild-enriched-full	true	007110c0	FUN_007110c0	undefined FUN_007110c0()	0	0	unknown	true		4	536	35	1	1563
urn:ure:t6:occ:function:current-client:00711150	0x00711150	xbuild-enriched-full	true	00711150	FUN_00711150	undefined FUN_00711150()	0	0	unknown	true		10	1651	77	16	3063
urn:ure:t6:occ:function:current-client:00711270	0x00711270	xbuild-enriched-full	true	00711270	FUN_00711270	undefined FUN_00711270()	0	0	unknown	true		11	1838	82	17	3312
urn:ure:t6:occ:function:current-client:007113a0	0x007113a0	xbuild-enriched-full	true	007113a0	FUN_007113a0	undefined FUN_007113a0()	0	0	unknown	true		17	2308	118	22	4643
urn:ure:t6:occ:function:current-client:00711550	0x00711550	xbuild-enriched-full	true	00711550	FUN_00711550	undefined FUN_00711550()	0	0	unknown	true		17	2720	131	23	5199
urn:ure:t6:occ:function:current-client:00711720	0x00711720	xbuild-enriched-full	true	00711720	FUN_00711720	undefined FUN_00711720()	0	0	unknown	true		15	2674	127	22	5097
urn:ure:t6:occ:function:current-client:007118f0	0x007118f0	xbuild-enriched-full	true	007118f0	FUN_007118f0	undefined FUN_007118f0()	0	0	unknown	true		15	2673	127	22	5096
urn:ure:t6:occ:function:current-client:00711ac0	0x00711ac0	xbuild-enriched-full	true	00711ac0	FUN_00711ac0	undefined FUN_00711ac0()	0	0	unknown	true		16	2831	131	22	5284
urn:ure:t6:occ:function:current-client:00711c90	0x00711c90	xbuild-enriched-full	true	00711c90	FUN_00711c90	undefined FUN_00711c90()	0	0	unknown	true		16	2673	127	22	5096
urn:ure:t6:occ:function:current-client:00711e60	0x00711e60	xbuild-enriched-full	true	00711e60	FUN_00711e60	undefined FUN_00711e60()	0	0	unknown	true		4	585	40	4	1270
urn:ure:t6:occ:function:current-client:00711ec0	0x00711ec0	xbuild-enriched-full	true	00711ec0	FUN_00711ec0	undefined FUN_00711ec0()	0	0	unknown	true		7	1182	73	11	2655
urn:ure:t6:occ:function:current-client:00711fa0	0x00711fa0	xbuild-enriched-full	true	00711fa0	FUN_00711fa0	undefined FUN_00711fa0()	0	0	unknown	true		2	382	25	1	1118
urn:ure:t6:occ:function:current-client:00712000	0x00712000	xbuild-enriched-full	true	00712000	FUN_00712000	undefined FUN_00712000()	0	0	unknown	true		4	973	38	3	1727
urn:ure:t6:occ:function:current-client:00712090	0x00712090	xbuild-enriched-full	true	00712090	FUN_00712090	undefined FUN_00712090()	0	0	unknown	true		7	1059	67	6	2641
urn:ure:t6:occ:function:current-client:00712170	0x00712170	xbuild-enriched-full	true	00712170	FUN_00712170	undefined FUN_00712170()	0	0	unknown	true		9	1557	85	9	3398
urn:ure:t6:occ:function:current-client:00712290	0x00712290	xbuild-enriched-full	true	00712290	FUN_00712290	undefined FUN_00712290()	0	0	unknown	true		5	817	38	5	1590
urn:ure:t6:occ:function:current-client:00712310	0x00712310	xbuild-enriched-full	true	00712310	FUN_00712310	undefined FUN_00712310()	0	0	unknown	true		2	234	12	2	554
urn:ure:t6:occ:function:current-client:00712340	0x00712340	xbuild-enriched-full	true	00712340	FUN_00712340	undefined FUN_00712340()	0	0	unknown	true		2	335	17	1	778
urn:ure:t6:occ:function:current-client:00712380	0x00712380	xbuild-enriched-full	true	00712380	FUN_00712380	undefined FUN_00712380()	0	0	unknown	true		2	310	15	1	739
urn:ure:t6:occ:function:current-client:007123c0	0x007123c0	xbuild-enriched-full	true	007123c0	FUN_007123c0	undefined FUN_007123c0()	0	0	unknown	true		2	319	14	1	680
urn:ure:t6:occ:function:current-client:007123f0	0x007123f0	xbuild-enriched-full	true	007123f0	FUN_007123f0	undefined FUN_007123f0()	0	0	unknown	true		2	393	16	1	780
urn:ure:t6:occ:function:current-client:00712430	0x00712430	xbuild-enriched-full	true	00712430	FUN_00712430	undefined FUN_00712430()	0	0	unknown	true		1	257	12	1	584
urn:ure:t6:occ:function:current-client:00712460	0x00712460	xbuild-enriched-full	true	00712460	FUN_00712460	undefined FUN_00712460()	0	0	unknown	true		11	1085	86	27	2499
urn:ure:t6:occ:function:current-client:00712540	0x00712540	xbuild-enriched-full	true	00712540	FUN_00712540	undefined FUN_00712540()	0	0	unknown	true		9	820	59	22	1967
urn:ure:t6:occ:function:current-client:00712600	0x00712600	xbuild-enriched-full	true	00712600	FUN_00712600	undefined FUN_00712600()	0	0	unknown	true		35	2316	147	95	5090
urn:ure:t6:occ:function:current-client:00712820	0x00712820	xbuild-enriched-full	true	00712820	FUN_00712820	undefined FUN_00712820()	0	0	unknown	true		7	727	34	25	1406
urn:ure:t6:occ:function:current-client:007128c0	0x007128c0	xbuild-enriched-full	true	007128c0	FUN_007128c0	undefined FUN_007128c0()	0	0	unknown	true		5	732	32	13	1324
urn:ure:t6:occ:function:current-client:00712940	0x00712940	xbuild-enriched-full	true	00712940	FUN_00712940	undefined FUN_00712940()	0	0	unknown	true		3	456	21	1	975
urn:ure:t6:occ:function:current-client:00712990	0x00712990	xbuild-enriched-full	true	00712990	FUN_00712990	undefined FUN_00712990()	0	0	unknown	true		9	1077	79	13	2741
urn:ure:t6:occ:function:current-client:00712a80	0x00712a80	xbuild-enriched-full	true	00712a80	FUN_00712a80	undefined FUN_00712a80()	0	0	unknown	true		9	1299	87	14	3094
urn:ure:t6:occ:function:current-client:00712b80	0x00712b80	xbuild-enriched-full	true	00712b80	FUN_00712b80	undefined FUN_00712b80()	0	0	unknown	true		3	372	25	4	880
urn:ure:t6:occ:function:current-client:00712bc0	0x00712bc0	xbuild-enriched-full	true	00712bc0	FUN_00712bc0	undefined FUN_00712bc0()	0	0	unknown	true		6	1204	54	10	1940
urn:ure:t6:occ:function:current-client:00712c60	0x00712c60	xbuild-enriched-full	true	00712c60	FUN_00712c60	undefined FUN_00712c60()	0	0	unknown	true		1	143	9	2	409
urn:ure:t6:occ:function:current-client:00712c80	0x00712c80	xbuild-enriched-full	true	00712c80	FUN_00712c80	undefined FUN_00712c80()	0	0	unknown	true		4	903	38	5	1671
urn:ure:t6:occ:function:current-client:00712d10	0x00712d10	xbuild-enriched-full	true	00712d10	FUN_00712d10	undefined FUN_00712d10()	0	0	unknown	true		1	139	11	3	476
urn:ure:t6:occ:function:current-client:00712d30	0x00712d30	xbuild-enriched-full	true	00712d30	FUN_00712d30	undefined FUN_00712d30()	0	0	unknown	true		1	253	6	3	345
urn:ure:t6:occ:function:current-client:00712d50	0x00712d50	xbuild-enriched-full	true	00712d50	FUN_00712d50	undefined FUN_00712d50()	0	0	unknown	true		3	502	20	13	790
urn:ure:t6:occ:function:current-client:00712da0	0x00712da0	xbuild-enriched-full	true	00712da0	FUN_00712da0	undefined FUN_00712da0()	0	0	unknown	true		6	889	47	31	1797
urn:ure:t6:occ:function:current-client:00712e70	0x00712e70	xbuild-enriched-full	true	00712e70	FUN_00712e70	undefined FUN_00712e70()	0	0	unknown	true		4	572	31	15	1083
urn:ure:t6:occ:function:current-client:00712ed0	0x00712ed0	xbuild-enriched-full	true	00712ed0	FUN_00712ed0	undefined FUN_00712ed0()	0	0	unknown	true		8	1056	66	36	2348
urn:ure:t6:occ:function:current-client:00712fc0	0x00712fc0	xbuild-enriched-full	true	00712fc0	FUN_00712fc0	undefined FUN_00712fc0()	0	0	unknown	true		0	60	2	1	210
urn:ure:t6:occ:function:current-client:00712fd0	0x00712fd0	xbuild-enriched-full	true	00712fd0	FUN_00712fd0	undefined FUN_00712fd0()	0	0	unknown	true		1	145	6	1	298
urn:ure:t6:occ:function:current-client:00712fe0	0x00712fe0	xbuild-enriched-full	true	00712fe0	FUN_00712fe0	undefined FUN_00712fe0()	0	0	unknown	true		1	145	6	1	298
urn:ure:t6:occ:function:current-client:00712ff0	0x00712ff0	xbuild-enriched-full	true	00712ff0	FUN_00712ff0	undefined FUN_00712ff0()	0	0	unknown	true		6	610	73	18	2327
urn:ure:t6:occ:function:current-client:007130b0	0x007130b0	xbuild-enriched-full	true	007130b0	FUN_007130b0	undefined FUN_007130b0()	0	0	unknown	true		2	408	25	2	976
urn:ure:t6:occ:function:current-client:00713100	0x00713100	xbuild-enriched-full	true	00713100	FUN_00713100	undefined FUN_00713100()	0	0	unknown	true		33	5371	272	45	8987
urn:ure:t6:occ:function:current-client:00713420	0x00713420	xbuild-enriched-full	true	00713420	FUN_00713420	undefined FUN_00713420()	0	0	unknown	true		9	1460	84	14	2694
urn:ure:t6:occ:function:current-client:007134f0	0x007134f0	xbuild-enriched-full	true	007134f0	FUN_007134f0	undefined FUN_007134f0()	0	0	unknown	true		1008	145327	6687	770	239881
urn:ure:t6:occ:function:current-client:00718c20	0x00718c20	xbuild-enriched-full	true	00718c20	FUN_00718c20	undefined FUN_00718c20()	0	0	unknown	true		9251	38343	3909	1905	152326
urn:ure:t6:occ:function:current-client:0071d5c0	0x0071d5c0	xbuild-enriched-full	true	0071d5c0	FUN_0071d5c0	undefined FUN_0071d5c0()	0	0	unknown	true		51	463	29	9	1126
urn:ure:t6:occ:function:current-client:0071d630	0x0071d630	xbuild-enriched-full	true	0071d630	FUN_0071d630	undefined FUN_0071d630()	0	0	unknown	true		1	153	2	1	203
urn:ure:t6:occ:function:current-client:0071d6a0	0x0071d6a0	xbuild-enriched-full	true	0071d6a0	FUN_0071d6a0	undefined FUN_0071d6a0()	0	0	unknown	true		32	4585	260	29	10695
urn:ure:t6:occ:function:current-client:0071dac0	0x0071dac0	xbuild-enriched-full	true	0071dac0	FUN_0071dac0	undefined FUN_0071dac0()	0	0	unknown	true		18	3062	210	23	8068
urn:ure:t6:occ:function:current-client:0071de10	0x0071de10	xbuild-enriched-full	true	0071de10	FUN_0071de10	undefined FUN_0071de10()	0	0	unknown	true		18	3062	210	23	8068
urn:ure:t6:occ:function:current-client:0071e160	0x0071e160	xbuild-enriched-full	true	0071e160	FUN_0071e160	undefined FUN_0071e160()	0	0	unknown	true		11	1620	116	3	4896
urn:ure:t6:occ:function:current-client:0071e330	0x0071e330	xbuild-enriched-full	true	0071e330	FUN_0071e330	undefined FUN_0071e330()	0	0	unknown	true		22	3624	164	25	6940
urn:ure:t6:occ:function:current-client:0071e5e0	0x0071e5e0	xbuild-enriched-full	true	0071e5e0	FUN_0071e5e0	undefined FUN_0071e5e0()	0	0	unknown	true		3	749	36	0	1990
urn:ure:t6:occ:function:current-client:0071e6c0	0x0071e6c0	xbuild-enriched-full	true	0071e6c0	FUN_0071e6c0	undefined FUN_0071e6c0()	0	0	unknown	true		26	4221	294	13	13195
urn:ure:t6:occ:function:current-client:0071ec40	0x0071ec40	xbuild-enriched-full	true	0071ec40	FUN_0071ec40	undefined FUN_0071ec40()	0	0	unknown	true		65	5904	421	25	16151
urn:ure:t6:occ:function:current-client:0071f260	0x0071f260	xbuild-enriched-full	true	0071f260	FUN_0071f260	undefined FUN_0071f260()	0	0	unknown	true		18	1637	100	7	3678
urn:ure:t6:occ:function:current-client:0071f3c0	0x0071f3c0	xbuild-enriched-full	true	0071f3c0	FUN_0071f3c0	undefined FUN_0071f3c0()	0	0	unknown	true		7	930	44	6	1731
urn:ure:t6:occ:function:current-client:0071f460	0x0071f460	xbuild-enriched-full	true	0071f460	FUN_0071f460	undefined FUN_0071f460()	0	0	unknown	true		7	746	44	5	1516
urn:ure:t6:occ:function:current-client:0071f4e0	0x0071f4e0	xbuild-enriched-full	true	0071f4e0	FUN_0071f4e0	undefined FUN_0071f4e0()	0	0	unknown	true		21	2730	148	16	5695
urn:ure:t6:occ:function:current-client:0071f700	0x0071f700	xbuild-enriched-full	true	0071f700	FUN_0071f700	undefined FUN_0071f700()	0	0	unknown	true		16	2778	132	12	5201
urn:ure:t6:occ:function:current-client:0071f8e0	0x0071f8e0	xbuild-enriched-full	true	0071f8e0	FUN_0071f8e0	undefined FUN_0071f8e0()	0	0	unknown	true		6	829	38	6	1421
urn:ure:t6:occ:function:current-client:0071f960	0x0071f960	xbuild-enriched-full	true	0071f960	FUN_0071f960	undefined FUN_0071f960()	0	0	unknown	true		10	1344	72	12	2514
urn:ure:t6:occ:function:current-client:0071fa40	0x0071fa40	xbuild-enriched-full	true	0071fa40	FUN_0071fa40	undefined FUN_0071fa40()	0	0	unknown	true		11	1720	105	22	3671
urn:ure:t6:occ:function:current-client:0071fb90	0x0071fb90	xbuild-enriched-full	true	0071fb90	FUN_0071fb90	undefined FUN_0071fb90()	0	0	unknown	true		7	967	67	9	2215
urn:ure:t6:occ:function:current-client:0071fc50	0x0071fc50	xbuild-enriched-full	true	0071fc50	FUN_0071fc50	undefined FUN_0071fc50()	0	0	unknown	true		12	2162	110	15	4169
urn:ure:t6:occ:function:current-client:0071fde0	0x0071fde0	xbuild-enriched-full	true	0071fde0	FUN_0071fde0	undefined FUN_0071fde0()	0	0	unknown	true		14	2543	123	16	4642
urn:ure:t6:occ:function:current-client:0071ff50	0x0071ff50	xbuild-enriched-full	true	0071ff50	FUN_0071ff50	undefined FUN_0071ff50()	0	0	unknown	true		2	190	17	4	593
urn:ure:t6:occ:function:current-client:0071ff80	0x0071ff80	xbuild-enriched-full	true	0071ff80	FUN_0071ff80	undefined FUN_0071ff80()	0	0	unknown	true		26	3583	184	28	7129
urn:ure:t6:occ:function:current-client:00720230	0x00720230	xbuild-enriched-full	true	00720230	FUN_00720230	undefined FUN_00720230()	0	0	unknown	true		10	1539	92	16	3394
urn:ure:t6:occ:function:current-client:00720370	0x00720370	xbuild-enriched-full	true	00720370	FUN_00720370	undefined FUN_00720370()	0	0	unknown	true		9	1582	89	16	3309
urn:ure:t6:occ:function:current-client:007204b0	0x007204b0	xbuild-enriched-full	true	007204b0	FUN_007204b0	undefined FUN_007204b0()	0	0	unknown	true		12	1777	96	19	3646
urn:ure:t6:occ:function:current-client:00720610	0x00720610	xbuild-enriched-full	true	00720610	FUN_00720610	undefined FUN_00720610()	0	0	unknown	true		6	869	58	46	2862
urn:ure:t6:occ:function:current-client:00720750	0x00720750	xbuild-enriched-full	true	00720750	FUN_00720750	undefined FUN_00720750()	0	0	unknown	true		11	843	62	38	2365
urn:ure:t6:occ:function:current-client:00720850	0x00720850	xbuild-enriched-full	true	00720850	FUN_00720850	undefined FUN_00720850()	0	0	unknown	true		22	2993	172	56	6953
urn:ure:t6:occ:function:current-client:00720b00	0x00720b00	xbuild-enriched-full	true	00720b00	FUN_00720b00	undefined FUN_00720b00()	0	0	unknown	true		25	2834	185	51	6822
urn:ure:t6:occ:function:current-client:00720d60	0x00720d60	xbuild-enriched-full	true	00720d60	FUN_00720d60	undefined FUN_00720d60()	0	0	unknown	true		33	3789	252	59	9695
urn:ure:t6:occ:function:current-client:007210d0	0x007210d0	xbuild-enriched-full	true	007210d0	FUN_007210d0	undefined FUN_007210d0()	0	0	unknown	true		10	1770	83	12	3006
urn:ure:t6:occ:function:current-client:007211d0	0x007211d0	xbuild-enriched-full	true	007211d0	FUN_007211d0	undefined FUN_007211d0()	0	0	unknown	true		13	2178	102	18	3965
urn:ure:t6:occ:function:current-client:00721340	0x00721340	xbuild-enriched-full	true	00721340	FUN_00721340	undefined FUN_00721340()	0	0	unknown	true		88	12988	564	227	22077
urn:ure:t6:occ:function:current-client:00721bb0	0x00721bb0	xbuild-enriched-full	true	00721bb0	FUN_00721bb0	undefined FUN_00721bb0()	0	0	unknown	true		23	2776	162	34	5988
urn:ure:t6:occ:function:current-client:00721dd0	0x00721dd0	xbuild-enriched-full	true	00721dd0	FUN_00721dd0	undefined FUN_00721dd0()	0	0	unknown	true		19	2361	137	18	5584
urn:ure:t6:occ:function:current-client:00721fe0	0x00721fe0	xbuild-enriched-full	true	00721fe0	FUN_00721fe0	undefined FUN_00721fe0()	0	0	unknown	true		17	2134	126	13	5087
urn:ure:t6:occ:function:current-client:007221c0	0x007221c0	xbuild-enriched-full	true	007221c0	FUN_007221c0	undefined FUN_007221c0()	0	0	unknown	true		5	685	33	5	1198
urn:ure:t6:occ:function:current-client:00722220	0x00722220	xbuild-enriched-full	true	00722220	FUN_00722220	undefined FUN_00722220()	0	0	unknown	true		7	814	46	4	1897
urn:ure:t6:occ:function:current-client:007222d0	0x007222d0	xbuild-enriched-full	true	007222d0	FUN_007222d0	undefined FUN_007222d0()	0	0	unknown	true		5	691	42	5	1551
urn:ure:t6:occ:function:current-client:00722350	0x00722350	xbuild-enriched-full	true	00722350	FUN_00722350	undefined FUN_00722350()	0	0	unknown	true		21	2698	154	31	5709
urn:ure:t6:occ:function:current-client:00722550	0x00722550	xbuild-enriched-full	true	00722550	FUN_00722550	undefined FUN_00722550()	0	0	unknown	true		30	3976	163	32	6317
urn:ure:t6:occ:function:current-client:007227b0	0x007227b0	xbuild-enriched-full	true	007227b0	FUN_007227b0	undefined FUN_007227b0()	0	0	unknown	true		40	6653	312	87	11569
urn:ure:t6:occ:function:current-client:00722c10	0x00722c10	xbuild-enriched-full	true	00722c10	FUN_00722c10	undefined FUN_00722c10()	0	0	unknown	true		11	1612	104	21	4032
urn:ure:t6:occ:function:current-client:00722d60	0x00722d60	xbuild-enriched-full	true	00722d60	FUN_00722d60	undefined FUN_00722d60()	0	0	unknown	true		7	1020	61	13	2309
urn:ure:t6:occ:function:current-client:00722e20	0x00722e20	xbuild-enriched-full	true	00722e20	FUN_00722e20	undefined FUN_00722e20()	0	0	unknown	true		8	1595	73	14	2878
urn:ure:t6:occ:function:current-client:00722f20	0x00722f20	xbuild-enriched-full	true	00722f20	FUN_00722f20	undefined FUN_00722f20()	0	0	unknown	true		6	922	53	7	2070
urn:ure:t6:occ:function:current-client:00722fd0	0x00722fd0	xbuild-enriched-full	true	00722fd0	FUN_00722fd0	undefined FUN_00722fd0()	0	0	unknown	true		5	627	43	4	1584
urn:ure:t6:occ:function:current-client:00723060	0x00723060	xbuild-enriched-full	true	00723060	FUN_00723060	undefined FUN_00723060()	0	0	unknown	true		4	678	35	8	1283
urn:ure:t6:occ:function:current-client:007230d0	0x007230d0	xbuild-enriched-full	true	007230d0	FUN_007230d0	undefined FUN_007230d0()	0	0	unknown	true		4	205	36	8	1198
urn:ure:t6:occ:function:current-client:00723140	0x00723140	xbuild-enriched-full	true	00723140	FUN_00723140	undefined FUN_00723140()	0	0	unknown	true		5	840	43	16	1741
urn:ure:t6:occ:function:current-client:007231e0	0x007231e0	xbuild-enriched-full	true	007231e0	FUN_007231e0	undefined FUN_007231e0()	0	0	unknown	true		6	1269	45	13	1896
urn:ure:t6:occ:function:current-client:00723270	0x00723270	xbuild-enriched-full	true	00723270	FUN_00723270	undefined FUN_00723270()	0	0	unknown	true		8	1431	72	13	2781
urn:ure:t6:occ:function:current-client:00723370	0x00723370	xbuild-enriched-full	true	00723370	FUN_00723370	undefined FUN_00723370()	0	0	unknown	true		29	4169	207	29	7758
urn:ure:t6:occ:function:current-client:00723650	0x00723650	xbuild-enriched-full	true	00723650	FUN_00723650	undefined FUN_00723650()	0	0	unknown	true		4	439	38	5	1193
urn:ure:t6:occ:function:current-client:007236b0	0x007236b0	xbuild-enriched-full	true	007236b0	FUN_007236b0	undefined FUN_007236b0()	0	0	unknown	true		4	363	44	7	1401
urn:ure:t6:occ:function:current-client:00723720	0x00723720	xbuild-enriched-full	true	00723720	FUN_00723720	undefined FUN_00723720()	0	0	unknown	true		10	1520	96	17	3535
urn:ure:t6:occ:function:current-client:00723850	0x00723850	xbuild-enriched-full	true	00723850	FUN_00723850	undefined FUN_00723850()	0	0	unknown	true		11	1200	90	19	3135
urn:ure:t6:occ:function:current-client:00723990	0x00723990	xbuild-enriched-full	true	00723990	FUN_00723990	undefined FUN_00723990()	0	0	unknown	true		40	4151	227	47	8312
urn:ure:t6:occ:function:current-client:00723c70	0x00723c70	xbuild-enriched-full	true	00723c70	FUN_00723c70	undefined FUN_00723c70()	0	0	unknown	true		43	5774	317	43	12862
urn:ure:t6:occ:function:current-client:00724170	0x00724170	xbuild-enriched-full	true	00724170	FUN_00724170	undefined FUN_00724170()	0	0	unknown	true		14	1894	106	24	3875
urn:ure:t6:occ:function:current-client:007242c0	0x007242c0	xbuild-enriched-full	true	007242c0	FUN_007242c0	undefined FUN_007242c0()	0	0	unknown	true		31	4511	256	28	10698
urn:ure:t6:occ:function:current-client:00724700	0x00724700	xbuild-enriched-full	true	00724700	FUN_00724700	undefined FUN_00724700()	0	0	unknown	true		9	1284	75	21	2961
urn:ure:t6:occ:function:current-client:00724830	0x00724830	xbuild-enriched-full	true	00724830	FUN_00724830	undefined FUN_00724830()	0	0	unknown	true		6	605	47	12	1632
urn:ure:t6:occ:function:current-client:00724920	0x00724920	xbuild-enriched-full	true	00724920	FUN_00724920	undefined FUN_00724920()	0	0	unknown	true		5	750	40	20	1473
urn:ure:t6:occ:function:current-client:007249b0	0x007249b0	xbuild-enriched-full	true	007249b0	FUN_007249b0	undefined FUN_007249b0()	0	0	unknown	true		4	577	32	15	1192
urn:ure:t6:occ:function:current-client:00724a20	0x00724a20	xbuild-enriched-full	true	00724a20	FUN_00724a20	undefined FUN_00724a20()	0	0	unknown	true		11	1549	102	31	3766
urn:ure:t6:occ:function:current-client:00724ba0	0x00724ba0	xbuild-enriched-full	true	00724ba0	FUN_00724ba0	undefined FUN_00724ba0()	0	0	unknown	true		7	1021	50	14	1885
urn:ure:t6:occ:function:current-client:00724c50	0x00724c50	xbuild-enriched-full	true	00724c50	FUN_00724c50	undefined FUN_00724c50()	0	0	unknown	true		142	17718	815	159	34813
urn:ure:t6:occ:function:current-client:00725b90	0x00725b90	xbuild-enriched-full	true	00725b90	FUN_00725b90	undefined FUN_00725b90()	0	0	unknown	true		8	1461	45	8	2146
urn:ure:t6:occ:function:current-client:00725c70	0x00725c70	xbuild-enriched-full	true	00725c70	FUN_00725c70	undefined FUN_00725c70()	0	0	unknown	true		10	955	77	23	2639
urn:ure:t6:occ:function:current-client:00725d70	0x00725d70	xbuild-enriched-full	true	00725d70	FUN_00725d70	undefined FUN_00725d70()	0	0	unknown	true		6	715	34	19	1409
urn:ure:t6:occ:function:current-client:00725e00	0x00725e00	xbuild-enriched-full	true	00725e00	FUN_00725e00	undefined FUN_00725e00()	0	0	unknown	true		10	1305	72	19	2500
urn:ure:t6:occ:function:current-client:00725ef0	0x00725ef0	xbuild-enriched-full	true	00725ef0	FUN_00725ef0	undefined FUN_00725ef0()	0	0	unknown	true		18	3286	155	28	6953
urn:ure:t6:occ:function:current-client:007261a0	0x007261a0	xbuild-enriched-full	true	007261a0	FUN_007261a0	undefined FUN_007261a0()	0	0	unknown	true		3	273	15	4	539
urn:ure:t6:occ:function:current-client:007261d0	0x007261d0	xbuild-enriched-full	true	007261d0	FUN_007261d0	undefined FUN_007261d0()	0	0	unknown	true		1	228	8	3	438
urn:ure:t6:occ:function:current-client:007261f0	0x007261f0	xbuild-enriched-full	true	007261f0	FUN_007261f0	undefined FUN_007261f0()	0	0	unknown	true		1	59	12	2	621
urn:ure:t6:occ:function:current-client:00726220	0x00726220	xbuild-enriched-full	true	00726220	FUN_00726220	undefined FUN_00726220()	0	0	unknown	true		2	216	14	2	608
urn:ure:t6:occ:function:current-client:00726250	0x00726250	xbuild-enriched-full	true	00726250	FUN_00726250	undefined FUN_00726250()	0	0	unknown	true		6	511	35	5	1389
urn:ure:t6:occ:function:current-client:007262d0	0x007262d0	xbuild-enriched-full	true	007262d0	FUN_007262d0	undefined FUN_007262d0()	0	0	unknown	true		8	781	56	9	1889
urn:ure:t6:occ:function:current-client:00726370	0x00726370	xbuild-enriched-full	true	00726370	FUN_00726370	undefined FUN_00726370()	0	0	unknown	true		7	644	57	5	2236
urn:ure:t6:occ:function:current-client:00726440	0x00726440	xbuild-enriched-full	true	00726440	FUN_00726440	undefined FUN_00726440()	0	0	unknown	true		2	313	12	1	516
urn:ure:t6:occ:function:current-client:00726470	0x00726470	xbuild-enriched-full	true	00726470	FUN_00726470	undefined FUN_00726470()	0	0	unknown	true		1	301	11	1	481
urn:ure:t6:occ:function:current-client:00726490	0x00726490	xbuild-enriched-full	true	00726490	FUN_00726490	undefined FUN_00726490()	0	0	unknown	true		5	716	57	8	1851
urn:ure:t6:occ:function:current-client:00726530	0x00726530	xbuild-enriched-full	true	00726530	FUN_00726530	undefined FUN_00726530()	0	0	unknown	true		3	602	28	6	1077
urn:ure:t6:occ:function:current-client:00726580	0x00726580	xbuild-enriched-full	true	00726580	FUN_00726580	undefined FUN_00726580()	0	0	unknown	true		0	62	2	1	192
urn:ure:t6:occ:function:current-client:00726590	0x00726590	xbuild-enriched-full	true	00726590	FUN_00726590	undefined FUN_00726590()	0	0	unknown	true		5	1129	56	13	2205
urn:ure:t6:occ:function:current-client:00726660	0x00726660	xbuild-enriched-full	true	00726660	FUN_00726660	undefined FUN_00726660()	0	0	unknown	true		1	163	12	1	519
urn:ure:t6:occ:function:current-client:00726680	0x00726680	xbuild-enriched-full	true	00726680	FUN_00726680	undefined FUN_00726680()	0	0	unknown	true		5	1104	55	13	2164
urn:ure:t6:occ:function:current-client:00726750	0x00726750	xbuild-enriched-full	true	00726750	FUN_00726750	undefined FUN_00726750()	0	0	unknown	true		5	1214	51	10	2290
urn:ure:t6:occ:function:current-client:00726830	0x00726830	xbuild-enriched-full	true	00726830	FUN_00726830	undefined FUN_00726830()	0	0	unknown	true		2	262	19	1	915
urn:ure:t6:occ:function:current-client:00726880	0x00726880	xbuild-enriched-full	true	00726880	FUN_00726880	undefined FUN_00726880()	0	0	unknown	true		1	182	5	1	337
urn:ure:t6:occ:function:current-client:007268a0	0x007268a0	xbuild-enriched-full	true	007268a0	FUN_007268a0	undefined FUN_007268a0()	0	0	unknown	true		7	1033	50	12	1881
urn:ure:t6:occ:function:current-client:00726950	0x00726950	xbuild-enriched-full	true	00726950	FUN_00726950	undefined FUN_00726950()	0	0	unknown	true		4	765	31	8	1317
urn:ure:t6:occ:function:current-client:007269c0	0x007269c0	xbuild-enriched-full	true	007269c0	FUN_007269c0	undefined FUN_007269c0()	0	0	unknown	true		51	5950	275	62	10562
urn:ure:t6:occ:function:current-client:00726dc0	0x00726dc0	xbuild-enriched-full	true	00726dc0	FUN_00726dc0	undefined FUN_00726dc0()	0	0	unknown	true		3	463	17	6	723
urn:ure:t6:occ:function:current-client:00726e00	0x00726e00	xbuild-enriched-full	true	00726e00	FUN_00726e00	undefined FUN_00726e00()	0	0	unknown	true		1	175	5	1	318
urn:ure:t6:occ:function:current-client:00726e20	0x00726e20	xbuild-enriched-full	true	00726e20	FUN_00726e20	undefined FUN_00726e20()	0	0	unknown	true		9	566	75	2	2472
urn:ure:t6:occ:function:current-client:00726f00	0x00726f00	xbuild-enriched-full	true	00726f00	FUN_00726f00	undefined FUN_00726f00()	0	0	unknown	true		18	2080	116	40	4989
urn:ure:t6:occ:function:current-client:00727110	0x00727110	xbuild-enriched-full	true	00727110	FUN_00727110	undefined FUN_00727110()	0	0	unknown	true		39	4126	206	50	9152
urn:ure:t6:occ:function:current-client:007274d0	0x007274d0	xbuild-enriched-full	true	007274d0	FUN_007274d0	undefined FUN_007274d0()	0	0	unknown	true		69	11627	452	38	20582
urn:ure:t6:occ:function:current-client:00727db0	0x00727db0	xbuild-enriched-full	true	00727db0	FUN_00727db0	undefined FUN_00727db0()	0	0	unknown	true		19	2654	122	18	5232
urn:ure:t6:occ:function:current-client:00727fd0	0x00727fd0	xbuild-enriched-full	true	00727fd0	FUN_00727fd0	undefined FUN_00727fd0()	0	0	unknown	true		1	107	7	1	356
urn:ure:t6:occ:function:current-client:00727ff0	0x00727ff0	xbuild-enriched-full	true	00727ff0	FUN_00727ff0	undefined FUN_00727ff0()	0	0	unknown	true		1	81	3	1	240
urn:ure:t6:occ:function:current-client:00728000	0x00728000	xbuild-enriched-full	true	00728000	FUN_00728000	undefined FUN_00728000()	0	0	unknown	true		10	1548	92	8	3403
urn:ure:t6:occ:function:current-client:00728130	0x00728130	xbuild-enriched-full	true	00728130	FUN_00728130	undefined FUN_00728130()	0	0	unknown	true		7	1115	70	10	2515
urn:ure:t6:occ:function:current-client:00728200	0x00728200	xbuild-enriched-full	true	00728200	FUN_00728200	undefined FUN_00728200()	0	0	unknown	true		1	81	3	1	240
urn:ure:t6:occ:function:current-client:00728210	0x00728210	xbuild-enriched-full	true	00728210	FUN_00728210	undefined FUN_00728210()	0	0	unknown	true		4	605	27	6	1031
urn:ure:t6:occ:function:current-client:00728260	0x00728260	xbuild-enriched-full	true	00728260	FUN_00728260	undefined FUN_00728260()	0	0	unknown	true		44	4126	237	49	8315
urn:ure:t6:occ:function:current-client:00728540	0x00728540	xbuild-enriched-full	true	00728540	FUN_00728540	undefined FUN_00728540()	0	0	unknown	true		15	1957	118	19	4162
urn:ure:t6:occ:function:current-client:007286c0	0x007286c0	xbuild-enriched-full	true	007286c0	FUN_007286c0	undefined FUN_007286c0()	0	0	unknown	true		54	8191	374	85	14067
urn:ure:t6:occ:function:current-client:00728c20	0x00728c20	xbuild-enriched-full	true	00728c20	FUN_00728c20	undefined FUN_00728c20()	0	0	unknown	true		27	3379	196	37	6834
urn:ure:t6:occ:function:current-client:00728ea0	0x00728ea0	xbuild-enriched-full	true	00728ea0	FUN_00728ea0	undefined FUN_00728ea0()	0	0	unknown	true		5	997	37	9	1461
urn:ure:t6:occ:function:current-client:00728f30	0x00728f30	xbuild-enriched-full	true	00728f30	FUN_00728f30	undefined FUN_00728f30()	0	0	unknown	true		19	2036	136	44	4570
urn:ure:t6:occ:function:current-client:007290f0	0x007290f0	xbuild-enriched-full	true	007290f0	FUN_007290f0	undefined FUN_007290f0()	0	0	unknown	true		7	823	43	6	1612
urn:ure:t6:occ:function:current-client:00729180	0x00729180	xbuild-enriched-full	true	00729180	FUN_00729180	undefined FUN_00729180()	0	0	unknown	true		8	994	57	7	2030
urn:ure:t6:occ:function:current-client:00729230	0x00729230	xbuild-enriched-full	true	00729230	FUN_00729230	undefined FUN_00729230()	0	0	unknown	true		56	8901	340	49	15002
urn:ure:t6:occ:function:current-client:00729880	0x00729880	xbuild-enriched-full	true	00729880	FUN_00729880	undefined FUN_00729880()	0	0	unknown	true		9	1108	71	8	2520
urn:ure:t6:occ:function:current-client:00729960	0x00729960	xbuild-enriched-full	true	00729960	FUN_00729960	undefined FUN_00729960()	0	0	unknown	true		9	1432	72	21	3087
urn:ure:t6:occ:function:current-client:00729aa0	0x00729aa0	xbuild-enriched-full	true	00729aa0	FUN_00729aa0	undefined FUN_00729aa0()	0	0	unknown	true		9	1463	65	11	2873
urn:ure:t6:occ:function:current-client:00729bd0	0x00729bd0	xbuild-enriched-full	true	00729bd0	FUN_00729bd0	undefined FUN_00729bd0()	0	0	unknown	true		12	2865	86	6	4304
urn:ure:t6:occ:function:current-client:00729d90	0x00729d90	xbuild-enriched-full	true	00729d90	FUN_00729d90	undefined FUN_00729d90()	0	0	unknown	true		378	28684	1274	423	50074
urn:ure:t6:occ:function:current-client:0072b0d0	0x0072b0d0	xbuild-enriched-full	true	0072b0d0	FUN_0072b0d0	undefined FUN_0072b0d0()	0	0	unknown	true		20	2174	89	30	3765
urn:ure:t6:occ:function:current-client:0072b270	0x0072b270	xbuild-enriched-full	true	0072b270	FUN_0072b270	undefined FUN_0072b270()	0	0	unknown	true		8	1212	45	9	2104
urn:ure:t6:occ:function:current-client:0072b360	0x0072b360	xbuild-enriched-full	true	0072b360	FUN_0072b360	undefined FUN_0072b360()	0	0	unknown	true		6	744	34	14	1303
urn:ure:t6:occ:function:current-client:0072b3d0	0x0072b3d0	xbuild-enriched-full	true	0072b3d0	FUN_0072b3d0	undefined FUN_0072b3d0()	0	0	unknown	true		6	2418	53	0	3029
urn:ure:t6:occ:function:current-client:0072b520	0x0072b520	xbuild-enriched-full	true	0072b520	FUN_0072b520	undefined FUN_0072b520()	0	0	unknown	true		14	1708	94	29	4195
urn:ure:t6:occ:function:current-client:0072b6f0	0x0072b6f0	xbuild-enriched-full	true	0072b6f0	FUN_0072b6f0	undefined FUN_0072b6f0()	0	0	unknown	true		9	1133	67	7	2306
urn:ure:t6:occ:function:current-client:0072b7b0	0x0072b7b0	xbuild-enriched-full	true	0072b7b0	FUN_0072b7b0	undefined FUN_0072b7b0()	0	0	unknown	true		49	5396	263	62	10362
urn:ure:t6:occ:function:current-client:0072bbe0	0x0072bbe0	xbuild-enriched-full	true	0072bbe0	FUN_0072bbe0	undefined FUN_0072bbe0()	0	0	unknown	true		6	535	50	18	1698
urn:ure:t6:occ:function:current-client:0072bc80	0x0072bc80	xbuild-enriched-full	true	0072bc80	FUN_0072bc80	undefined FUN_0072bc80()	0	0	unknown	true		5	848	31	11	1291
urn:ure:t6:occ:function:current-client:0072bd00	0x0072bd00	xbuild-enriched-full	true	0072bd00	FUN_0072bd00	undefined FUN_0072bd00()	0	0	unknown	true		9	1042	67	15	2792
urn:ure:t6:occ:function:current-client:0072be20	0x0072be20	xbuild-enriched-full	true	0072be20	FUN_0072be20	undefined FUN_0072be20()	0	0	unknown	true		1	168	3	1	243
urn:ure:t6:occ:function:current-client:0072be30	0x0072be30	xbuild-enriched-full	true	0072be30	FUN_0072be30	undefined FUN_0072be30()	0	0	unknown	true		2	304	11	7	506
urn:ure:t6:occ:function:current-client:0072be60	0x0072be60	xbuild-enriched-full	true	0072be60	FUN_0072be60	undefined FUN_0072be60()	0	0	unknown	true		6	1024	55	6	2215
urn:ure:t6:occ:function:current-client:0072bf20	0x0072bf20	xbuild-enriched-full	true	0072bf20	FUN_0072bf20	undefined FUN_0072bf20()	0	0	unknown	true		7	1024	55	6	2215
urn:ure:t6:occ:function:current-client:0072bfe0	0x0072bfe0	xbuild-enriched-full	true	0072bfe0	FUN_0072bfe0	undefined FUN_0072bfe0()	0	0	unknown	true		8	1024	55	6	2215
urn:ure:t6:occ:function:current-client:0072c0a0	0x0072c0a0	xbuild-enriched-full	true	0072c0a0	FUN_0072c0a0	undefined FUN_0072c0a0()	0	0	unknown	true		7	1430	48	18	2093
urn:ure:t6:occ:function:current-client:0072c180	0x0072c180	xbuild-enriched-full	true	0072c180	FUN_0072c180	undefined FUN_0072c180()	0	0	unknown	true		8	1313	50	5	2170
urn:ure:t6:occ:function:current-client:0072c260	0x0072c260	xbuild-enriched-full	true	0072c260	FUN_0072c260	undefined FUN_0072c260()	0	0	unknown	true		16	3307	97	9	4881
urn:ure:t6:occ:function:current-client:0072c4a0	0x0072c4a0	xbuild-enriched-full	true	0072c4a0	FUN_0072c4a0	undefined FUN_0072c4a0()	0	0	unknown	true		7	1210	44	4	2136
urn:ure:t6:occ:function:current-client:0072c590	0x0072c590	xbuild-enriched-full	true	0072c590	FUN_0072c590	undefined FUN_0072c590()	0	0	unknown	true		72	7644	315	46	15437
urn:ure:t6:occ:function:current-client:0072ccd0	0x0072ccd0	xbuild-enriched-full	true	0072ccd0	FUN_0072ccd0	undefined FUN_0072ccd0()	0	0	unknown	true		159	13576	514	37	27141
urn:ure:t6:occ:function:current-client:0072d9c0	0x0072d9c0	xbuild-enriched-full	true	0072d9c0	FUN_0072d9c0	undefined FUN_0072d9c0()	0	0	unknown	true		5	575	41	6	1440
urn:ure:t6:occ:function:current-client:0072da20	0x0072da20	xbuild-enriched-full	true	0072da20	FUN_0072da20	undefined FUN_0072da20()	0	0	unknown	true		83	9016	426	135	16884
urn:ure:t6:occ:function:current-client:0072e0a0	0x0072e0a0	xbuild-enriched-full	true	0072e0a0	FUN_0072e0a0	undefined FUN_0072e0a0()	0	0	unknown	true		13	1496	68	17	2610
urn:ure:t6:occ:function:current-client:0072e180	0x0072e180	xbuild-enriched-full	true	0072e180	FUN_0072e180	undefined FUN_0072e180()	0	0	unknown	true		10	1564	94	13	3496
urn:ure:t6:occ:function:current-client:0072e2c0	0x0072e2c0	xbuild-enriched-full	true	0072e2c0	FUN_0072e2c0	undefined FUN_0072e2c0()	0	0	unknown	true		5	691	47	8	1684
urn:ure:t6:occ:function:current-client:0072e350	0x0072e350	xbuild-enriched-full	true	0072e350	FUN_0072e350	undefined FUN_0072e350()	0	0	unknown	true		8	1065	72	19	2836
urn:ure:t6:occ:function:current-client:0072e480	0x0072e480	xbuild-enriched-full	true	0072e480	FUN_0072e480	undefined FUN_0072e480()	0	0	unknown	true		4	715	30	13	1593
urn:ure:t6:occ:function:current-client:0072e530	0x0072e530	xbuild-enriched-full	true	0072e530	FUN_0072e530	undefined FUN_0072e530()	0	0	unknown	true		4	849	29	7	1159
urn:ure:t6:occ:function:current-client:0072e5a0	0x0072e5a0	xbuild-enriched-full	true	0072e5a0	FUN_0072e5a0	undefined FUN_0072e5a0()	0	0	unknown	true		5	386	34	10	1202
urn:ure:t6:occ:function:current-client:0072e610	0x0072e610	xbuild-enriched-full	true	0072e610	FUN_0072e610	undefined FUN_0072e610()	0	0	unknown	true		7	1085	60	8	2463
urn:ure:t6:occ:function:current-client:0072e700	0x0072e700	xbuild-enriched-full	true	0072e700	FUN_0072e700	undefined FUN_0072e700()	0	0	unknown	true		11	1549	104	27	4019
urn:ure:t6:occ:function:current-client:0072e880	0x0072e880	xbuild-enriched-full	true	0072e880	FUN_0072e880	undefined FUN_0072e880()	0	0	unknown	true		878	27078	1639	447	66906
urn:ure:t6:occ:function:current-client:00730480	0x00730480	xbuild-enriched-full	true	00730480	FUN_00730480	undefined FUN_00730480()	0	0	unknown	true		32	3055	195	39	6710
urn:ure:t6:occ:function:current-client:00730720	0x00730720	xbuild-enriched-full	true	00730720	FUN_00730720	undefined FUN_00730720()	0	0	unknown	true		5	607	45	17	1410
urn:ure:t6:occ:function:current-client:007307a0	0x007307a0	xbuild-enriched-full	true	007307a0	FUN_007307a0	undefined FUN_007307a0()	0	0	unknown	true		16	3261	92	135	5600
urn:ure:t6:occ:function:current-client:00730aa0	0x00730aa0	xbuild-enriched-full	true	00730aa0	FUN_00730aa0	undefined FUN_00730aa0()	0	0	unknown	true		14	1277	99	49	3640
