id	address	size	name	subsystem	expected_sha256
urn:ure:smg:re_FunctionVariant:rmge01-usasm:80039fac	0x80039FAC	16	func_80039FAC		c90046f7cdae92da37984181633add15e6103ebb1943973f8594d8767b9c55d4
urn:ure:smg:re_FunctionVariant:rmge01-usasm:80039fbc	0x80039FBC	16	func_80039FBC		124666fd6723e5246c2905c7ed60c7176a015b53888deac6bf895fa52c86e6d2
urn:ure:smg:re_FunctionVariant:rmge01-usasm:80039fcc	0x80039FCC	16	func_80039FCC		86753c5f48dcc7824b08d991793c13c82dd866f2af67fd8fd3999fbcd1367cbd
urn:ure:smg:re_FunctionVariant:rmge01-usasm:8003a6dc	0x8003A6DC	16	func_8003A6DC		28733fb61832e12649f480b9ef3e19d49bf0ef58278cd5168cb3601dd7cdb592
urn:ure:smg:re_FunctionVariant:rmge01-usasm:8003a6ec	0x8003A6EC	16	func_8003A6EC		cd044fe93f51a7c5ed60f773d809f9ca0597630faed321b414e85ce4d7973f84
urn:ure:smg:re_FunctionVariant:rmge01-usasm:8003a6fc	0x8003A6FC	16	func_8003A6FC		3a7d7d9d2a32013b5480c45b59a0ba01f0e88aea23ea13d7b400b40b5f2c1132
urn:ure:smg:re_FunctionVariant:rmge01-usasm:8003a70c	0x8003A70C	16	func_8003A70C		09712d0ee0d767e0abfcdb238005fb7d8cfed194e0a7e589d46ecd004945a406
urn:ure:smg:re_FunctionVariant:rmge01-usasm:8003a71c	0x8003A71C	16	func_8003A71C		b9a08883dd5a0971774d9c4eb1bcab4c639d745d64916e613e2f92c22d8ca334
urn:ure:smg:re_FunctionVariant:rmge01-usasm:8003a72c	0x8003A72C	16	func_8003A72C		75879e9162b1935bf20cd7a045609d6e6bfa908886cff7f5a7a086429e839be8
urn:ure:smg:re_FunctionVariant:rmge01-usasm:8003b9a0	0x8003B9A0	16	func_8003B9A0		c7d035e0e9f06374e9193ecc658c58f71e4bb559471635a3ca458e473b9464e2
urn:ure:smg:re_FunctionVariant:rmge01-usasm:8003b9b0	0x8003B9B0	16	func_8003B9B0		96ad03629227186a1a3c4478c54c8b8024ab72ff858d1b8254edf019ad65b49a
urn:ure:smg:re_FunctionVariant:rmge01-usasm:8003b9c0	0x8003B9C0	16	func_8003B9C0		5e06f2861d2035a0c1468698fc7f5f197ec04c4400cb8b8cc0d3ff468d760dc9
urn:ure:smg:re_FunctionVariant:rmge01-usasm:8003b9d0	0x8003B9D0	16	func_8003B9D0		0bd26994a6a83821109dda4513f5f3e811a6a04b26a860cbdb74339b2560ffc8
urn:ure:smg:re_FunctionVariant:rmge01-usasm:8003b9e0	0x8003B9E0	16	func_8003B9E0		1f4f7d9722bcc7279cb017e8bb9ac7c2486fa34ed11e38b4811b2aac05d9b3f6
urn:ure:smg:re_FunctionVariant:rmge01-usasm:8003b9f0	0x8003B9F0	16	func_8003B9F0		1bbb94096d0307ab772b46148b60075d243b9319a478546fc655a46ddc90d4d6
urn:ure:smg:re_FunctionVariant:rmge01-usasm:8003ba00	0x8003BA00	16	func_8003BA00		e18ace7a2ec12a3cbb5d85ead91a125c16d0b88979ce123a5b35779db2bd6d67
urn:ure:smg:re_FunctionVariant:rmge01-usasm:8003ba10	0x8003BA10	16	func_8003BA10		1aed541aac6c68d1498a5f26552990eb2706045c6c3e2fbdbdcab2d9944520e5
urn:ure:smg:re_FunctionVariant:rmge01-usasm:8003ba20	0x8003BA20	16	func_8003BA20		fabb50ebadbe10736a7786b2b665675eb387932d7622c387a6f9e3e94c20d3af
urn:ure:smg:re_FunctionVariant:rmge01-usasm:8003ba30	0x8003BA30	16	func_8003BA30		9c8e960bbb9b5fdd16571e9dc2ea3860ffc45ea33b256c9ed3a114abb5a8437f
urn:ure:smg:re_FunctionVariant:rmge01-usasm:8003ba40	0x8003BA40	16	func_8003BA40		0ec5aaf772c7479ff112abef84aff962adc87fd01392a344018f37d50cb52013
urn:ure:smg:re_FunctionVariant:rmge01-usasm:8003cbac	0x8003CBAC	16	func_8003CBAC		0b266980cc73b1a108aa3bfbaf737e05ba85245b46b7a1de04380434d2b9da11
urn:ure:smg:re_FunctionVariant:rmge01-usasm:8003f3d8	0x8003F3D8	16	func_8003F3D8		d2034c34547d28e3b8b285484fcf11952c5f4753b649c9f9a522dcd17eec32ea
urn:ure:smg:re_FunctionVariant:rmge01-usasm:8003f3e8	0x8003F3E8	16	func_8003F3E8		e44bf869670e1375238b51b61f38df17460e64ff7ecbd1a590529160f784a06d
urn:ure:smg:re_FunctionVariant:rmge01-usasm:8003f3f8	0x8003F3F8	16	func_8003F3F8		4b12944d0b06510293d0fa823ea5512a9c71074591fbec079c5232926d16c3ab
urn:ure:smg:re_FunctionVariant:rmge01-usasm:8003f408	0x8003F408	16	func_8003F408		91dbcadaafc95c5dd8137643b2029edb2ebddcbd920a97bd1052c2bd12f42d8d
urn:ure:smg:re_FunctionVariant:rmge01-usasm:8003f418	0x8003F418	16	func_8003F418		0ea8574a469878f31512f4fdf4e68edebfdd2e1b3f483bc4cda6daf4683edd49
urn:ure:smg:re_FunctionVariant:rmge01-usasm:8003f428	0x8003F428	16	func_8003F428		e0640504773f54586dc3d7b9b293d5e86f04a4a608f4c2a1691806912d4d5a41
urn:ure:smg:re_FunctionVariant:rmge01-usasm:8003f438	0x8003F438	16	func_8003F438		cc2df9020930e337b7dd0c725ef51e1fd1f60e7fed11df18bf8709d785cecfe5
urn:ure:smg:re_FunctionVariant:rmge01-usasm:8003f448	0x8003F448	16	func_8003F448		d646f9f48ceab80a972a6d9e967dec835d130c961104220e8b618f265dcc2e9b
urn:ure:smg:re_FunctionVariant:rmge01-usasm:8003f458	0x8003F458	16	func_8003F458		f6e216497814ed9b6b9db0a08a4353039f53136e9dedd347a2b697e5aede981d
urn:ure:smg:re_FunctionVariant:rmge01-usasm:8003f468	0x8003F468	16	func_8003F468		c2db9b9f8b903eba0d734997d299b1100df8f944cb746b497cec07aa7d0d80e8
urn:ure:smg:re_FunctionVariant:rmge01-usasm:8003f478	0x8003F478	16	func_8003F478		e181c4a6507bbddddfb8b731c997d5a906d3afc9034c2cb9f46246c50e6d7482
urn:ure:smg:re_FunctionVariant:rmge01-usasm:8003f488	0x8003F488	16	func_8003F488		7add09de9ef757dbbf8cd0f35900d182f0ea80fad069cac20cb711af49554451
urn:ure:smg:re_FunctionVariant:rmge01-usasm:8003f498	0x8003F498	16	func_8003F498		247550586708aeabf992050f2069449c0db208f1cfe56e4739ba5e953b762e73
urn:ure:smg:re_FunctionVariant:rmge01-usasm:8003f4a8	0x8003F4A8	16	func_8003F4A8		d4bc84f33de92cd3efb180c86d0fb0184509e1c6347801a861d4f04745964b3b
urn:ure:smg:re_FunctionVariant:rmge01-usasm:8003f4b8	0x8003F4B8	16	func_8003F4B8		1d910cc5ac786964e61d668733867402c1e4705fce07bf73d8495fca14395b1c
urn:ure:smg:re_FunctionVariant:rmge01-usasm:8003f4c8	0x8003F4C8	16	func_8003F4C8		34b5a6587b6f6dfb0774caf1a56c747fa01bc05cf7bd82496a7a587ac6cdc178
urn:ure:smg:re_FunctionVariant:rmge01-usasm:8003f4d8	0x8003F4D8	16	func_8003F4D8		647c3a6a0c066a26a6444c09d0c661a5023300edf47667414a581207dd22252b
urn:ure:smg:re_FunctionVariant:rmge01-usasm:8003ff78	0x8003FF78	16	func_8003FF78		17cb20e438c0ab15f3843992a772b6440810c06c19a9e2d59f9cc1af8d4c608d
urn:ure:smg:re_FunctionVariant:rmge01-usasm:8003ff88	0x8003FF88	16	func_8003FF88		3db353b840cd73eff6b800cc800b254276180c53a78687df4fec4aac6df03dbf
urn:ure:smg:re_FunctionVariant:rmge01-usasm:8003ff98	0x8003FF98	16	func_8003FF98		27f4f07e8cc19851d18f445b44034733aece56a997c1204e22f04e302c566f3a
urn:ure:smg:re_FunctionVariant:rmge01-usasm:8003ffa8	0x8003FFA8	16	func_8003FFA8		ac96dd2a1d8541eb541fbbbee9267bc7f0f148c1ba40edff54ea619568a78cde
urn:ure:smg:re_FunctionVariant:rmge01-usasm:8003ffb8	0x8003FFB8	16	func_8003FFB8		61a1b34cd6297dde28d8bc57873ad58a548229a9b8ff67fedea9a7df0b5ffac4
urn:ure:smg:re_FunctionVariant:rmge01-usasm:8003ffc8	0x8003FFC8	16	func_8003FFC8		9d674b049035c41f11a1978691e8900890440e299c51d393f07854b160fc7047
urn:ure:smg:re_FunctionVariant:rmge01-usasm:8003ffd8	0x8003FFD8	16	func_8003FFD8		56cad39ba94d9690add54e6a6bdb3df4bb1cdef4afebceb0573dacc9965dc778
urn:ure:smg:re_FunctionVariant:rmge01-usasm:8003ffe8	0x8003FFE8	16	func_8003FFE8		8cef1df2b865e280a8476de1815c251fd33adcdbb5bc64c4dd5ba1d71525c3a0
urn:ure:smg:re_FunctionVariant:rmge01-usasm:8003fff8	0x8003FFF8	16	func_8003FFF8		ad4d747000ac1ec34658b79442bb3aecd7f1d87886fd179f12683639ed5457f1
urn:ure:smg:re_FunctionVariant:rmge01-usasm:800408d8	0x800408D8	16	func_800408D8		f69240a864089aebc3b23b16229d9773d15d6a2126d96d6ee175f6be0531d22a
urn:ure:smg:re_FunctionVariant:rmge01-usasm:800408e8	0x800408E8	16	func_800408E8		5fff3b0fc54a8282228c541fecfebe1a5b93f5629f6a9dcab1fe99cd866ebdf8
urn:ure:smg:re_FunctionVariant:rmge01-usasm:800408f8	0x800408F8	16	func_800408F8		746d839537cedbfae09d50165e11be01a24215bd4709dc25e90eabb72c9b6e25
urn:ure:smg:re_FunctionVariant:rmge01-usasm:80040908	0x80040908	16	func_80040908		42dcaf65e0a0af2462984b1f0e2a6572166926277bf85e248cf0d2337b68b12c
urn:ure:smg:re_FunctionVariant:rmge01-usasm:80040918	0x80040918	16	func_80040918		955403e6013dee61eeba19e94dcf5d76c9e6f8d32c760f23bebe2ace0d52da82
urn:ure:smg:re_FunctionVariant:rmge01-usasm:80040928	0x80040928	16	func_80040928		506b36e34a9a2dd297e61374643dab1bccca86be1fb8c86a3c72eb97aa873ed1
urn:ure:smg:re_FunctionVariant:rmge01-usasm:80040938	0x80040938	16	func_80040938		aad47cc112b74fe4051b7071383eb98ddd03a3a48593f3e81fb79515bdd880da
urn:ure:smg:re_FunctionVariant:rmge01-usasm:80040948	0x80040948	16	func_80040948		23631ab2646e1f7ac90e68ee6ac2540379a8090a096d331774c895be2c13d4ed
urn:ure:smg:re_FunctionVariant:rmge01-usasm:80040958	0x80040958	16	func_80040958		0d37fba02f5ab7af18a7290f7e5a78a8578be9ac0400d278c399feba3557561d
urn:ure:smg:re_FunctionVariant:rmge01-usasm:80041114	0x80041114	16	func_80041114		babadf29d816901c93762db86e863ab1b7380edc007f0d757755620d840db533
urn:ure:smg:re_FunctionVariant:rmge01-usasm:80041124	0x80041124	16	func_80041124		3e48097bf82c20bad296e7869c2249f15d9cb7ed4f6d0abb8e7dd4d58d54c84e
urn:ure:smg:re_FunctionVariant:rmge01-usasm:80041134	0x80041134	16	func_80041134		e88774fa68042839b8e339704b872fa4abdf4b5ca0b378118cc982d9f3667889
urn:ure:smg:re_FunctionVariant:rmge01-usasm:80041144	0x80041144	16	func_80041144		ff728be6fc1d1cf4a97d935c374066d2159312ce3ad59238e0291bad1c8d0391
urn:ure:smg:re_FunctionVariant:rmge01-usasm:80041154	0x80041154	16	func_80041154		3c4fba50e77ed580007702cad659b80a7dcf1af5ec42df76e17e22c91b593192
urn:ure:smg:re_FunctionVariant:rmge01-usasm:80041164	0x80041164	16	func_80041164		9df9785957e2c0362965d686649978de8d49b046a6a7e85ac624e714d48a7bb6
urn:ure:smg:re_FunctionVariant:rmge01-usasm:80041174	0x80041174	16	func_80041174		0cda1a4b27e91cc46c53f8afecf1d51f8295cc0f0dc2db63502d67db3bfd9a0a
urn:ure:smg:re_FunctionVariant:rmge01-usasm:80041184	0x80041184	16	func_80041184		804c8c6e84495e5a7313ecdc2832dfa8c0fcdb1d5a1f8ba26f7f77dfca9b4b12
urn:ure:smg:re_FunctionVariant:rmge01-usasm:80041518	0x80041518	16	func_80041518		9183eebc37b737b5634f7aa4404908f9e141d38a110104aeca291e462feb1d02
urn:ure:smg:re_FunctionVariant:rmge01-usasm:80041c48	0x80041C48	16	func_80041C48		82bde6cc26d52f2129eb49976d0356af53c1715db9a9afa2d6525d7f75fc5f2d
urn:ure:smg:re_FunctionVariant:rmge01-usasm:80042198	0x80042198	16	func_80042198		febf99840bc2b9a637711697222b1db2c0ef4a835665bd19d917e35a3d924c07
urn:ure:smg:re_FunctionVariant:rmge01-usasm:800421a8	0x800421A8	16	func_800421A8		02ba7fa7eeedf1a46b832a0aa98e1e072886a2d5a870ea9561c6611aa883e5bf
urn:ure:smg:re_FunctionVariant:rmge01-usasm:80042598	0x80042598	16	func_80042598		1143901e9770473efb83d7ebd7081a7bd3a1ee6c350ab473bc7be413273a331c
urn:ure:smg:re_FunctionVariant:rmge01-usasm:80043054	0x80043054	16	func_80043054		1fc3163817b6c1ccce9fb8d7fb172fbf4805c51eba921ae9a5ffd105e86fd894
urn:ure:smg:re_FunctionVariant:rmge01-usasm:800462e4	0x800462E4	16	func_800462E4		ee1c8208c9049b5f0e37e692437e870ba82a9ed3029d2741b0a4d97da94d099f
urn:ure:smg:re_FunctionVariant:rmge01-usasm:800462f4	0x800462F4	16	func_800462F4		9f623e70bac3f1e9cfcd45eee693c3cfbd65b6dbd0a0591a74e9d3de7333175b
urn:ure:smg:re_FunctionVariant:rmge01-usasm:80046304	0x80046304	16	func_80046304		8477d8af0bb1899c5f4cd468559007a112bf0f831d98b7055c1169f1843cc3c6
urn:ure:smg:re_FunctionVariant:rmge01-usasm:80046314	0x80046314	16	func_80046314		46ab02b75c732dee394dfc00c6fcb8161be9e32c13d078c235d52c0455755446
urn:ure:smg:re_FunctionVariant:rmge01-usasm:80046324	0x80046324	16	func_80046324		9183b3e107720eff4d20be4684de1b052fac16e4086312c137664ec67120f271
urn:ure:smg:re_FunctionVariant:rmge01-usasm:800464d8	0x800464D8	16	func_800464D8		6251db07c17b661d5c9250ca53d00380deff50ab25ac625669611849d2aee3f7
urn:ure:smg:re_FunctionVariant:rmge01-usasm:800464e8	0x800464E8	16	func_800464E8		2bdf3ca62e5916d9f2fedfb8358d632e25bee6de0666225d54a1371d53d50c85
urn:ure:smg:re_FunctionVariant:rmge01-usasm:800464f8	0x800464F8	16	func_800464F8		d018ca66fe4ec7cd84048df93467164ea80ff2834938c6bc7ffeb3c1ceda4a27
urn:ure:smg:re_FunctionVariant:rmge01-usasm:80046af4	0x80046AF4	16	func_80046AF4		6e8e23d8d505d2b2e64b8002aa9ff5bbd4e1c5e363ef18e0563ea82bd846c092
urn:ure:smg:re_FunctionVariant:rmge01-usasm:80046b04	0x80046B04	16	func_80046B04		458855921ad9ed3c9c978d582660d3e4f6375b70d8252e295dce9780510c7597
urn:ure:smg:re_FunctionVariant:rmge01-usasm:80046b14	0x80046B14	16	func_80046B14		d91ef507aab801ad89d1078c414c8e280bd2e55c74507d0c08210f4a73cce934
urn:ure:smg:re_FunctionVariant:rmge01-usasm:8004785c	0x8004785C	16	func_8004785C		5e2fe2ce645b0f72330226b269da4094c37a65b22ae96edb28220a08a407519e
urn:ure:smg:re_FunctionVariant:rmge01-usasm:8004786c	0x8004786C	16	func_8004786C		9f7c96960939f90f86544c2ac68bacdb6def8a5627086851bfbeaac2eb988505
urn:ure:smg:re_FunctionVariant:rmge01-usasm:8004787c	0x8004787C	16	func_8004787C		41548a93e408ea23cc44bba15fcfaf25b2ec6557c71e7d2f8eeb4b10d6aae0b3
urn:ure:smg:re_FunctionVariant:rmge01-usasm:8004788c	0x8004788C	16	func_8004788C		45b488e289d93b9d9464781211925d3e4b76e8be692aa12048eef4d577c1030c
urn:ure:smg:re_FunctionVariant:rmge01-usasm:8004789c	0x8004789C	16	func_8004789C		031f3c93fd98678695a1e0bcc1cee4b9cdff25aae9cf339160af64f703939476
urn:ure:smg:re_FunctionVariant:rmge01-usasm:800478ac	0x800478AC	16	func_800478AC		6c0cdf75a62058fd4a58da223842d6045c6609b773169bf37bde4666a99eff78
urn:ure:smg:re_FunctionVariant:rmge01-usasm:800478bc	0x800478BC	16	func_800478BC		0d955f4f46efa78a79db70182225bbf8ea4baa55fc6452dea2d00000365dfddf
urn:ure:smg:re_FunctionVariant:rmge01-usasm:8004821c	0x8004821C	16	func_8004821C		6e7f9b1e8a2ad132baa6b5b10b569aa64448340419a376db8f4bebc4cc649acd
urn:ure:smg:re_FunctionVariant:rmge01-usasm:8004822c	0x8004822C	16	func_8004822C		7888aa28cba319dde9fdb8ec92cd288722c36c494c2b8fdc53b626a36d194fc5
urn:ure:smg:re_FunctionVariant:rmge01-usasm:8004823c	0x8004823C	16	func_8004823C		740ba27c087b1575e1342fd7eb4fe1e5ac011886754a4575a32a5dd1c248f58d
urn:ure:smg:re_FunctionVariant:rmge01-usasm:8004824c	0x8004824C	16	func_8004824C		9f62ea396cfe8741894a9b965c9556c77ac6de5c56483a5046e72a9faf864084
urn:ure:smg:re_FunctionVariant:rmge01-usasm:8004825c	0x8004825C	16	func_8004825C		6d75cde2d7888ffe4ab8e51afe404327b4fa82de70f1f9f4f16e285d502e3bb7
urn:ure:smg:re_FunctionVariant:rmge01-usasm:8004826c	0x8004826C	16	func_8004826C		4c0a68c1014ec35ddf4af53bbeec7e506de525ca0b65d72ee7be86362b824685
urn:ure:smg:re_FunctionVariant:rmge01-usasm:8004827c	0x8004827C	16	func_8004827C		21e977bcd952ddc0eb0eb7c90b477283f96a8db9ec8832fb9e08cc964dcc75d7
urn:ure:smg:re_FunctionVariant:rmge01-usasm:800494b4	0x800494B4	16	func_800494B4		95064f6bd63fa8d0f4ef688a6289e77a65e302b3aabf0fc278da5e7c27449f60
urn:ure:smg:re_FunctionVariant:rmge01-usasm:800494c4	0x800494C4	16	func_800494C4		4c896d3666b7c3df6c01b234e9e0744ab4ec812d4246401e94706bfc23205e70
urn:ure:smg:re_FunctionVariant:rmge01-usasm:800494d4	0x800494D4	16	func_800494D4		cb3b3bfdfcb211ab880510155efce17c2cdc9087fb10fa5554a5fc614e698782
urn:ure:smg:re_FunctionVariant:rmge01-usasm:800494e4	0x800494E4	16	func_800494E4		97196f65e7f8f52e60d84cc2d6ad5009ce6593ba682315db4981ebaf2eb466da
urn:ure:smg:re_FunctionVariant:rmge01-usasm:800494f4	0x800494F4	16	func_800494F4		d3acf86b27622e1813b5a302d8af49712bbdeb0eb2d48f2fdee4955bed083556
urn:ure:smg:re_FunctionVariant:rmge01-usasm:80049504	0x80049504	16	func_80049504		c280a504f028867b0a3457e7469171ba37304f20c012206b07714e4d915fb1f5
urn:ure:smg:re_FunctionVariant:rmge01-usasm:80049514	0x80049514	16	func_80049514		c2695b7899f3d912bb739249ed7647acd90bff0eb7c4a56ae74de8c7c87f9bd1
urn:ure:smg:re_FunctionVariant:rmge01-usasm:80049658	0x80049658	16	func_80049658		2d4346e4603e2ac89b2f3927a3685ce4856bbf3b444f13660851edb508355f4e
urn:ure:smg:re_FunctionVariant:rmge01-usasm:80049668	0x80049668	16	func_80049668		a73be9e3742fc64d6b023ed197540507b563814ebfc81e4c54b8f0fec6717dce
urn:ure:smg:re_FunctionVariant:rmge01-usasm:80049678	0x80049678	16	func_80049678		61584e63ab471706fa8ea8316f6ed00f838a093571d9c05bf18b25a72af4eaa5
urn:ure:smg:re_FunctionVariant:rmge01-usasm:80049f2c	0x80049F2C	16	func_80049F2C		c8c242638403b660b618268e31ddb541d89a17c5fb59baac5091c63324d62797
urn:ure:smg:re_FunctionVariant:rmge01-usasm:80049f3c	0x80049F3C	16	func_80049F3C		daf838741250dfa2a29d85ebf59f9e92a4f9b893cde18ec2ff5d55fb456b5e10
urn:ure:smg:re_FunctionVariant:rmge01-usasm:80049f4c	0x80049F4C	16	func_80049F4C		72feb841703ce203f07209d0f729132757ae9800cead3b8c56106c671867d705
urn:ure:smg:re_FunctionVariant:rmge01-usasm:80049f5c	0x80049F5C	16	func_80049F5C		5ef3bd3817afd48246f1602f3ed4fd6ceef63180012bf0da22578ec0d98c456c
urn:ure:smg:re_FunctionVariant:rmge01-usasm:80049f6c	0x80049F6C	16	func_80049F6C		6a67b2a2c2e5dfd9da513fafdd51a7a34a26f48604812bbfbd1f060d9e9d3201
urn:ure:smg:re_FunctionVariant:rmge01-usasm:8004abd0	0x8004ABD0	16	func_8004ABD0		0e56f631983d4d921892351898d130632e4aae88772a49e50e064382e76a64a0
urn:ure:smg:re_FunctionVariant:rmge01-usasm:8004b024	0x8004B024	16	func_8004B024		6029053c80d8619221416557c1655d656f34997df94a71f0e6bcc9a235ca7579
urn:ure:smg:re_FunctionVariant:rmge01-usasm:8004b964	0x8004B964	16	func_8004B964		5bffb08285fcbafe7579572bb4ceeefcad6966c603523f8727c451cfc741ec48
urn:ure:smg:re_FunctionVariant:rmge01-usasm:8004b974	0x8004B974	16	func_8004B974		0a4477dcd4b3b341513bc7892ec460e6ceded29f6b8b51df3ad888ec736d8f12
urn:ure:smg:re_FunctionVariant:rmge01-usasm:8004b984	0x8004B984	16	func_8004B984		641ce092eaeb91161baeb2cc967e66ad8d610f4c60b4172765bcf97ef475fa07
urn:ure:smg:re_FunctionVariant:rmge01-usasm:8004b994	0x8004B994	16	func_8004B994		da6b0ac5734c9b03ba0a03da216febd554a8f6ca25943cf08486ea89d698a997
urn:ure:smg:re_FunctionVariant:rmge01-usasm:8004b9a4	0x8004B9A4	16	func_8004B9A4		a62ca648268855943cdad2ec1fa70728a16f8698afc6eb160484455a0aebcc39
urn:ure:smg:re_FunctionVariant:rmge01-usasm:8004bfa4	0x8004BFA4	16	func_8004BFA4		57ed19acc95b7943152a6e721cb100d9f1c314440d39e04ac93441110cc41890
urn:ure:smg:re_FunctionVariant:rmge01-usasm:8004bfb4	0x8004BFB4	16	func_8004BFB4		46286affd47c5215cc8224f6d8f51f2f735af68d9fbf542d38b36d7e24d4ac66
urn:ure:smg:re_FunctionVariant:rmge01-usasm:8004bfc4	0x8004BFC4	16	func_8004BFC4		900aa49e3eef1113b6823391b0e0aa091cba0b1bb67e1fe1b023ac62c179b446
urn:ure:smg:re_FunctionVariant:rmge01-usasm:8004c1fc	0x8004C1FC	16	func_8004C1FC		d837e66f83cc7e85cae24ee96c3459b2f870b5cc3c50a84aafa1871024cd4c09
urn:ure:smg:re_FunctionVariant:rmge01-usasm:8004c20c	0x8004C20C	16	func_8004C20C		9d3caf27f102bcbde88e1c51182de91957be6705da08e9cc9bfaf2b2f9086c5d
urn:ure:smg:re_FunctionVariant:rmge01-usasm:8004c868	0x8004C868	16	func_8004C868		4c53325aa28c09c09c7202dee9842acccbc951262cf5caca50b0dc2d5c8c507e
urn:ure:smg:re_FunctionVariant:rmge01-usasm:8004d29c	0x8004D29C	16	func_8004D29C		8c8cc5c18ff96221fcadaab6b5e6bc218697e4835a9c99e92816fd9fd1183c02
urn:ure:smg:re_FunctionVariant:rmge01-usasm:8004dc78	0x8004DC78	16	func_8004DC78		3e9f7c3b3456ea7b1dcf314482ad3fd4c186f1957436f565b3ed40c5452fcf82
urn:ure:smg:re_FunctionVariant:rmge01-usasm:8004e1bc	0x8004E1BC	16	func_8004E1BC		4a9a7fae7defcd13446a6a6590d4ebfddb6698ae9e1668adc8e0eada68d4c123
urn:ure:smg:re_FunctionVariant:rmge01-usasm:8004e1cc	0x8004E1CC	16	func_8004E1CC		b53ef4b83cc0e452d5a9d2d43187a0e5e1880cf4e57b0908bf471aff13cb0b37
urn:ure:smg:re_FunctionVariant:rmge01-usasm:8004e1dc	0x8004E1DC	16	func_8004E1DC		eb445ac1eb356d51def3b2052060a643df4af75ad5e8ca7134c3746d2c151cd6
urn:ure:smg:re_FunctionVariant:rmge01-usasm:8004e1ec	0x8004E1EC	16	func_8004E1EC		1a8e54d420a275041020225ba714dd3b6c3ead9d04509e9886396e53c7822278
urn:ure:smg:re_FunctionVariant:rmge01-usasm:8004e1fc	0x8004E1FC	16	func_8004E1FC		d12cd438f40f8463c3fe1acdf39d976ec8e5b5f08801862bfcd526d342fff6f4
urn:ure:smg:re_FunctionVariant:rmge01-usasm:8004e20c	0x8004E20C	16	func_8004E20C		a742ba9b227d2c2f69873c0c892b30663efd356cbb1fc9ce2a8343d7e31c4788
urn:ure:smg:re_FunctionVariant:rmge01-usasm:8004e21c	0x8004E21C	16	func_8004E21C		405d5f19c9eb6d512f29d47bd8693a69265d3d39c79f0d78e516787b9293eeca
urn:ure:smg:re_FunctionVariant:rmge01-usasm:8004e22c	0x8004E22C	16	func_8004E22C		081c60b96f32849bee8833ae876fd3958991d4b49f814cdafd84adc0a7ee0313
urn:ure:smg:re_FunctionVariant:rmge01-usasm:8004e8fc	0x8004E8FC	16	func_8004E8FC		46a4412445523d345155c36594e671f6a27f8e053677c08e9604e61a24acf752
urn:ure:smg:re_FunctionVariant:rmge01-usasm:8004e90c	0x8004E90C	16	func_8004E90C		76776ca7144d5aa50b472dd368424960750af3253c3681ccc5dbab430dfecb29
urn:ure:smg:re_FunctionVariant:rmge01-usasm:8004e91c	0x8004E91C	16	func_8004E91C		a080b9eef1b9cff73fd5909f6c461c4ff59b21120943eb7872dbf8bc6cd264ab
urn:ure:smg:re_FunctionVariant:rmge01-usasm:8004e92c	0x8004E92C	16	func_8004E92C		9c053d849172a29b0aa231c3d3c240f0d39f4bd1ec2b331523c09073d2b7e0e9
urn:ure:smg:re_FunctionVariant:rmge01-usasm:8004e93c	0x8004E93C	16	func_8004E93C		992661ddf4738182e681dfc297c7bb9c5c294b1c354938df7a9418cbb360cd25
urn:ure:smg:re_FunctionVariant:rmge01-usasm:8004e94c	0x8004E94C	16	func_8004E94C		81c5910ec892897c5303c1855a6d831ba367679f96180c8237cfd2b6be90ec4f
urn:ure:smg:re_FunctionVariant:rmge01-usasm:8004e95c	0x8004E95C	16	func_8004E95C		b0fb4dcc68300beabf4ae9f9c4d1d66da705b0dd0626dd85e78f539951f45ea1
urn:ure:smg:re_FunctionVariant:rmge01-usasm:8004e96c	0x8004E96C	16	func_8004E96C		31af02ef8216159bcfc181cefe48ed6c734582d85627a9d3e130deb47edd5dbe
urn:ure:smg:re_FunctionVariant:rmge01-usasm:8004e9e0	0x8004E9E0	16	func_8004E9E0		706f80c63884e3d74513b6a9b41b941dce8de6f3dd7b7cd6e92d91d45c5ea7cf
urn:ure:smg:re_FunctionVariant:rmge01-usasm:8004f460	0x8004F460	16	func_8004F460		0d41ec6123b819298c71e4c9bc88ebaaf384f1f9d7eabae9a59ca4f3a239a844
urn:ure:smg:re_FunctionVariant:rmge01-usasm:8004f86c	0x8004F86C	16	func_8004F86C		48af48c58f2671c932c11ff5e15e46b14cc1c27339c1391d6845c660f4b6ca96
urn:ure:smg:re_FunctionVariant:rmge01-usasm:8004f8d0	0x8004F8D0	16	func_8004F8D0		bf9ea0a9859fa35b5ffbd54825fcae7ca9203ddeb2426d8e2b49e201c54b6a42
urn:ure:smg:re_FunctionVariant:rmge01-usasm:8005146c	0x8005146C	16	func_8005146C		20c51916d14870ce312c0210cde60553f27ab2709e1010518066df934978faa2
urn:ure:smg:re_FunctionVariant:rmge01-usasm:8005147c	0x8005147C	16	func_8005147C		9b8ae411348221061bde7727d07eff80db86cfe672f9b5250c7399cafaa8a61f
urn:ure:smg:re_FunctionVariant:rmge01-usasm:8005148c	0x8005148C	16	func_8005148C		93c2e4e3c7b025dbecc4bf3da977ccc793f2cebc7471c830fa65b804fe8e06a6
urn:ure:smg:re_FunctionVariant:rmge01-usasm:8005149c	0x8005149C	16	func_8005149C		b86ab1d47938dc522b6aae05d88e99213cef4c9d953c3f4154c6ddfd3f457c9c
urn:ure:smg:re_FunctionVariant:rmge01-usasm:800514ac	0x800514AC	16	func_800514AC		32e8c7a3c3a57cabf9c7c13ffa1f1c91a37052feab4da16bc01a51ec2d935549
urn:ure:smg:re_FunctionVariant:rmge01-usasm:800514bc	0x800514BC	16	func_800514BC		75cb13481c6eb8c1bb8211af762e77b5ac6446df63b706f26b18815731e85dbb
urn:ure:smg:re_FunctionVariant:rmge01-usasm:800514cc	0x800514CC	16	func_800514CC		af00f7109741d23c335d1437b35be91668553912101d944bbfd2b68d82855af9
urn:ure:smg:re_FunctionVariant:rmge01-usasm:800514dc	0x800514DC	16	func_800514DC		9a7b7de57aa3b94833b8eee7b29f7780e0d5f853035206db65715f820ad2ccd1
urn:ure:smg:re_FunctionVariant:rmge01-usasm:80052b08	0x80052B08	16	func_80052B08		aec0d83e2f4b370e40720d4034fa92adbfef045aba6677347249df3862a05e9c
urn:ure:smg:re_FunctionVariant:rmge01-usasm:80052b18	0x80052B18	16	func_80052B18		b12182c84461a42171b8ac6fed97c69b979aac5350050a6fa6f425e22383671a
urn:ure:smg:re_FunctionVariant:rmge01-usasm:80052b28	0x80052B28	16	func_80052B28		738ba0cd6365aaf2c522fc905140ae7d7a578d8d35ded53083610d848ec7d715
urn:ure:smg:re_FunctionVariant:rmge01-usasm:80052b38	0x80052B38	16	func_80052B38		28ef2155c71b459511dbb6dd454e9ec53f6d68da423bb27fc3e8b2a958be0b5f
urn:ure:smg:re_FunctionVariant:rmge01-usasm:80052b48	0x80052B48	16	func_80052B48		b9c858fd99d807191f478aeed94598e5ca13849cb6b7ba3c11674cd038f15446
urn:ure:smg:re_FunctionVariant:rmge01-usasm:80052b58	0x80052B58	16	func_80052B58		59850a662bc6b8826aa17311450b365b4b01f09d31caca0f0dcc000ecb65ae88
urn:ure:smg:re_FunctionVariant:rmge01-usasm:80052b68	0x80052B68	16	func_80052B68		356e3cb4ba3b9f4107e14383ac2d50d3787210975b85cc5ff8983fddb1116548
urn:ure:smg:re_FunctionVariant:rmge01-usasm:80052b78	0x80052B78	16	func_80052B78		b2675031754d2ee13fe2f847f3db01c8f6d7c4375b0cde17d56c9ae3b9ab75f5
urn:ure:smg:re_FunctionVariant:rmge01-usasm:80052b88	0x80052B88	16	func_80052B88		3f8d4bc1c2415cdc1403f059575384a94c939f056c5b323e8f76659e3f1ca043
urn:ure:smg:re_FunctionVariant:rmge01-usasm:80052b98	0x80052B98	16	func_80052B98		9ea7347ed8a031d4955cbd9a92ce2e208fd49f7d773bad606902bf0d0e44061e
urn:ure:smg:re_FunctionVariant:rmge01-usasm:80052ba8	0x80052BA8	16	func_80052BA8		d704f868bf88b650a694f84314ddeeb9b0a5ff0433beedd6e2cacd485bbde415
urn:ure:smg:re_FunctionVariant:rmge01-usasm:80052bb8	0x80052BB8	16	func_80052BB8		2137b66a1e2a0d66ca66b5f695750826aae97d6cfa1958774e0bba1fda5e90da
urn:ure:smg:re_FunctionVariant:rmge01-usasm:80054c6c	0x80054C6C	16	func_80054C6C		2b5fdc1eb66322ae30e547e44826a5ff75819bbed07653c5564296e7a0ecded0
urn:ure:smg:re_FunctionVariant:rmge01-usasm:80054c7c	0x80054C7C	16	func_80054C7C		e20009a63998d44c387e8a72ad66c7c0c9ee6984a966eb1592d268f6a4c121ee
urn:ure:smg:re_FunctionVariant:rmge01-usasm:80054c8c	0x80054C8C	16	func_80054C8C		e0e660e2d62563738c6dbbbf6ffa16973a4474cdedc7264115767a28753fda79
urn:ure:smg:re_FunctionVariant:rmge01-usasm:80054c9c	0x80054C9C	16	func_80054C9C		ae50b17b707f68769f459efb30152eb404d89d2a28bd34cd89da6e7fa02e275d
urn:ure:smg:re_FunctionVariant:rmge01-usasm:80054cac	0x80054CAC	16	func_80054CAC		223795cde902446dcb0552d580a8bfe2409c02d9d85a83245b9fd72970d91f30
urn:ure:smg:re_FunctionVariant:rmge01-usasm:80054cbc	0x80054CBC	16	func_80054CBC		002857e9b998f6f1f3e12954f5d7107d236693526715f67e64b17f55d5dfc7a8
urn:ure:smg:re_FunctionVariant:rmge01-usasm:80054ccc	0x80054CCC	16	func_80054CCC		b101e8bb9fa061767e8e6d4f6a1456da53952b14599e7ce5897dd124bf03c18a
urn:ure:smg:re_FunctionVariant:rmge01-usasm:80054cdc	0x80054CDC	16	func_80054CDC		e94fa97e97973ac06bb57b789703f5da2d28c47f2594fef2b5705a6383dcd7a3
urn:ure:smg:re_FunctionVariant:rmge01-usasm:800576bc	0x800576BC	16	func_800576BC		50d34885622fdbdeae3f1da8f379076bee27a75aadb291fdb525cc52537dbe92
urn:ure:smg:re_FunctionVariant:rmge01-usasm:800576cc	0x800576CC	16	func_800576CC		117bb78e5d705f8309b8042aecde8dd04a9ce462dd679800296ee206c3e57b6e
urn:ure:smg:re_FunctionVariant:rmge01-usasm:800576dc	0x800576DC	16	func_800576DC		342f4af826b563503a9a6be88baf56a51924e99430a9ebb4741d05e388d1e4ac
urn:ure:smg:re_FunctionVariant:rmge01-usasm:800576ec	0x800576EC	16	func_800576EC		fa505dd292c8b010939afb846cc75d99e574b2aea9c635d9639e62b41906d86b
urn:ure:smg:re_FunctionVariant:rmge01-usasm:800576fc	0x800576FC	16	func_800576FC		802abd299cf34f29fbc270855d9b04c84cb51d47c5b070af3dce2c54d2a7788f
urn:ure:smg:re_FunctionVariant:rmge01-usasm:8005770c	0x8005770C	16	func_8005770C		2e26dec430a38ce89c31f52194646614562a28fd720a48b4084f4d3b229743cc
urn:ure:smg:re_FunctionVariant:rmge01-usasm:8005771c	0x8005771C	16	func_8005771C		a3d86fe54bc6f0603b953ae46edbd523a901a22612d640a2a8b4eae4680e6d54
urn:ure:smg:re_FunctionVariant:rmge01-usasm:8005772c	0x8005772C	16	func_8005772C		a6e5cb4da26eb90b041557be1c74e2bb6f8e1400597f15fcca4be236e1b2df96
urn:ure:smg:re_FunctionVariant:rmge01-usasm:8005773c	0x8005773C	16	func_8005773C		05482509eb3ea4f83c780843bb48af2556e748da442f4ee328f838af6ed2d846
urn:ure:smg:re_FunctionVariant:rmge01-usasm:8005774c	0x8005774C	16	func_8005774C		809c4c6615e127b71cadb552fc1243945866663e87a48c45f8d4f4bb8c5896a9
urn:ure:smg:re_FunctionVariant:rmge01-usasm:8005775c	0x8005775C	16	func_8005775C		1035f0a6ec4428e85a58fdeaeefea09c133d1c4d64000de496e10b20c96335e4
urn:ure:smg:re_FunctionVariant:rmge01-usasm:8005776c	0x8005776C	16	func_8005776C		bb9cc529e534b6a261a20cca8f58080ee6c3c5190af443d33481d045410db1cb
urn:ure:smg:re_FunctionVariant:rmge01-usasm:8005777c	0x8005777C	16	func_8005777C		6e2c8793bafa3a39c2d3ccd0dd64e3717f9799bf9baefad2dceca16fa0dc9b1f
urn:ure:smg:re_FunctionVariant:rmge01-usasm:8005778c	0x8005778C	16	func_8005778C		3bf01192ca97349b9855bdce751d9b0d89d6876034c79d4b723d5d105ed76f2a
urn:ure:smg:re_FunctionVariant:rmge01-usasm:8005779c	0x8005779C	16	func_8005779C		72a7dafec13a81a16e1d4ce5e71e1c741e186cd7d8c3e7b227df91a2369199ef
urn:ure:smg:re_FunctionVariant:rmge01-usasm:800577ac	0x800577AC	16	func_800577AC		27918a6936fef40dae23d441d20bc8b9b2ff267c4d9b3888937112102ce31f27
urn:ure:smg:re_FunctionVariant:rmge01-usasm:800577bc	0x800577BC	16	func_800577BC		97acbac78aaedc56863a6f187027bcd992ef9f74f6abc55d5f76ec9b4a5138c4
urn:ure:smg:re_FunctionVariant:rmge01-usasm:800577cc	0x800577CC	16	func_800577CC		62867d5c0feba41d1f67b45cdbff3f3ba56afcc9eeac479a7b9b2a22e46b1f69
urn:ure:smg:re_FunctionVariant:rmge01-usasm:800577dc	0x800577DC	16	func_800577DC		3c1d240a2db2df5941c2c313782ee7670f933c2b7e80190268e19213b3b1b18b
urn:ure:smg:re_FunctionVariant:rmge01-usasm:800577ec	0x800577EC	16	func_800577EC		7082a32d90725d5778664d87febc2b80c1554b274a495cef5f54316359230afa
urn:ure:smg:re_FunctionVariant:rmge01-usasm:80059d0c	0x80059D0C	16	func_80059D0C		a284c0d1383c4ed9b8acfcd131e09e941f62c802add4c8e7f08e080d1df28193
urn:ure:smg:re_FunctionVariant:rmge01-usasm:80059d1c	0x80059D1C	16	func_80059D1C		9da5b6ed3240cdf7b0f2d309ddeaea8a6ca2c45aa1d2973b09ffd6b1488e0d8c
urn:ure:smg:re_FunctionVariant:rmge01-usasm:80059d2c	0x80059D2C	16	func_80059D2C		259d297223c68cb7b9396dd7136a368aa77aa0fa827f8d1a991714c1723e260c
urn:ure:smg:re_FunctionVariant:rmge01-usasm:80059d3c	0x80059D3C	16	func_80059D3C		925d2c6afbdfb4a9c3ead95c6b0829883cdfeca82f74c5a652ffc732f45b20c9
urn:ure:smg:re_FunctionVariant:rmge01-usasm:80059d4c	0x80059D4C	16	func_80059D4C		e3f65f34f5510e70a5660e13c361246b234c0286af0e272079dfb295c56e4c51
urn:ure:smg:re_FunctionVariant:rmge01-usasm:80059d5c	0x80059D5C	16	func_80059D5C		e7e8727cfa4b42f5eaeb4ac86cb157cf42e2133b21ff465f795f336dd9396ba0
urn:ure:smg:re_FunctionVariant:rmge01-usasm:80059d6c	0x80059D6C	16	func_80059D6C		ad0f2e4c19a3f6f9061526ebda26aaca947c4f18a4ece790b44816b0a46425e4
urn:ure:smg:re_FunctionVariant:rmge01-usasm:80059d7c	0x80059D7C	16	func_80059D7C		b09582109c8d455ee452c8a8fe4588c8efc2a5963284111723246e9f1769d096
urn:ure:smg:re_FunctionVariant:rmge01-usasm:80059d8c	0x80059D8C	16	func_80059D8C		27d114f55b79ecf476257c9c1450d0f30bb6ef0de55bfb38b16afb108a942f5b
urn:ure:smg:re_FunctionVariant:rmge01-usasm:80059d9c	0x80059D9C	16	func_80059D9C		f33566bb7d0b580ba5d4a9b559c3f813a0b38a2c606115cac304c25ff8d66b5b
urn:ure:smg:re_FunctionVariant:rmge01-usasm:80059dac	0x80059DAC	16	func_80059DAC		5e160424da81af2d82755c5eb0388b1f0e0b0a8924142c657222c3dc7c2c6659
urn:ure:smg:re_FunctionVariant:rmge01-usasm:80059dbc	0x80059DBC	16	func_80059DBC		0c9bedc68fd86f380b4e1f7bab6d80b66433ae03f53d9babe7db6d3d72c4b22d
urn:ure:smg:re_FunctionVariant:rmge01-usasm:80059fd4	0x80059FD4	16	func_80059FD4		506a05bfe1b25d998a0c2df0bc01801372a3bfad18c76e7d5f94338bdf762765
urn:ure:smg:re_FunctionVariant:rmge01-usasm:8005ad04	0x8005AD04	16	func_8005AD04		24558f97fd7ba837e8d2117f33aadf5c197ed5c8af15d081f64cc160ff4651be
urn:ure:smg:re_FunctionVariant:rmge01-usasm:8005ad14	0x8005AD14	16	func_8005AD14		b9f70e3ed450bace8fea35e800e3f6c954f032662729cd7a562afe36e4a5426f
urn:ure:smg:re_FunctionVariant:rmge01-usasm:8005ad24	0x8005AD24	16	func_8005AD24		fd31b27b686a8f596bd6ee1319de35bd6a32641919fee0c5ef34ea828bdd627e
urn:ure:smg:re_FunctionVariant:rmge01-usasm:8005ad34	0x8005AD34	16	func_8005AD34		13a3240eb4cb42b715ea98fa7accb9c28b5cbede3468f5a8f6955aac4e31d8c4
urn:ure:smg:re_FunctionVariant:rmge01-usasm:8005ad44	0x8005AD44	16	func_8005AD44		ca97446909e58679d8ffecf646438829c19b87aa0cdbdc683518b86f43c115f9
urn:ure:smg:re_FunctionVariant:rmge01-usasm:8005ad54	0x8005AD54	16	func_8005AD54		67481487a8c3d4eb41568296bd2815ac78bd575844b913eb8d85ef49b6f95f49
urn:ure:smg:re_FunctionVariant:rmge01-usasm:8005b1b4	0x8005B1B4	16	func_8005B1B4		688266791c9e083e17dd5e155385d1b1ed2ca700da4e84e4a02942da90b8e8ec
urn:ure:smg:re_FunctionVariant:rmge01-usasm:8005b1c4	0x8005B1C4	16	func_8005B1C4		f8f6873dd22531be71b3bb8c4796eff6258448f17b20beb239117d4abf1e8f00
urn:ure:smg:re_FunctionVariant:rmge01-usasm:8005b8fc	0x8005B8FC	16	func_8005B8FC		df7387542dae2af2056f574fa8827752197b4c90c53d336b1d4be2d7a0eb7f3c
urn:ure:smg:re_FunctionVariant:rmge01-usasm:8005b90c	0x8005B90C	16	func_8005B90C		3d92e2fd3ab44d7cfece450372067a0d88f8e9b948bc041b0f571a94ecabbb8c
urn:ure:smg:re_FunctionVariant:rmge01-usasm:8005b91c	0x8005B91C	16	func_8005B91C		385944d520264a07e558f2402407e9b26636bce0cd4725f81b496af6f3f3c65d
urn:ure:smg:re_FunctionVariant:rmge01-usasm:8005b92c	0x8005B92C	16	func_8005B92C		27179232c38ab1ced8de34914e94bf2790177bc53cb44736bd8f913b544ccddc
urn:ure:smg:re_FunctionVariant:rmge01-usasm:8005b93c	0x8005B93C	16	func_8005B93C		e4b0764b3f443ebb9cf202bc1e4cfcafc9535a646fb69832972414d698ddaf3f
urn:ure:smg:re_FunctionVariant:rmge01-usasm:8005b94c	0x8005B94C	16	func_8005B94C		22b67459de6e193a065ef4c43502bdbbae1ee548c548fc753646cf270312aac3
urn:ure:smg:re_FunctionVariant:rmge01-usasm:8005c0bc	0x8005C0BC	16	func_8005C0BC		864c262d2f1d0a85c197dd5f34c4e4322550c6ccb58b74bb4588810afa8bc8dd
urn:ure:smg:re_FunctionVariant:rmge01-usasm:8005c0cc	0x8005C0CC	16	func_8005C0CC		64cd247396f151ac5777dbe03855375cc5d8f0f3bd270db772981b68a7a6f558
urn:ure:smg:re_FunctionVariant:rmge01-usasm:8005c0dc	0x8005C0DC	16	func_8005C0DC		938d24e6db1808cc062fb015965fb1223b5c5ae2fe702d129d63675d12412baf
urn:ure:smg:re_FunctionVariant:rmge01-usasm:8005c0ec	0x8005C0EC	16	func_8005C0EC		2411e520537dd62457dc32903d483e42b124c9a1888180c80b02ae4e592d9e14
urn:ure:smg:re_FunctionVariant:rmge01-usasm:8005c0fc	0x8005C0FC	16	func_8005C0FC		0e9dec850e2adf197a0f9dfbbff0d6155f1fbfef45bed49825694c156052107c
urn:ure:smg:re_FunctionVariant:rmge01-usasm:8005c5ec	0x8005C5EC	16	func_8005C5EC		1caeda6d758a63308e6667c644ff2117113e519a20f18b199fc790334b7b86fc
urn:ure:smg:re_FunctionVariant:rmge01-usasm:8005cab0	0x8005CAB0	16	func_8005CAB0		788d59d8689e011b8665926acc8421312bf8a119c37d68067dabdcfcafb6c837
urn:ure:smg:re_FunctionVariant:rmge01-usasm:8005cac0	0x8005CAC0	16	func_8005CAC0		b9e95a363d8a018c768131e9e8868918e20ed365388a048e580f700247a3adce
urn:ure:smg:re_FunctionVariant:rmge01-usasm:8005cad0	0x8005CAD0	16	func_8005CAD0		b5706b2ce1f4ebbe76899832618111d25aeed19a6ac47bda31e320f411de2ad0
urn:ure:smg:re_FunctionVariant:rmge01-usasm:8005cae0	0x8005CAE0	16	func_8005CAE0		543771c14f1c892912871531f86030d86f34d533f3d27c4d443c2d6f084b93b5
urn:ure:smg:re_FunctionVariant:rmge01-usasm:8005d0c4	0x8005D0C4	16	func_8005D0C4		0d9815c4c49e78b3cbf8b893c7ea605d0d936878326bd91b11fc49e3c61d52f1
urn:ure:smg:re_FunctionVariant:rmge01-usasm:8005d0d4	0x8005D0D4	16	func_8005D0D4		9e431c34c313d8e1374efee9f656d783919a0a602147159da2d8490f2e0eaddf
urn:ure:smg:re_FunctionVariant:rmge01-usasm:8005d0e4	0x8005D0E4	16	func_8005D0E4		779a941380ccef5a22ecbec93ad80e529461be3b7d0387585a0a4e487c0571b5
urn:ure:smg:re_FunctionVariant:rmge01-usasm:8005d0f4	0x8005D0F4	16	func_8005D0F4		6661a38d31792348a259534dafaac55332a87709c877128cc8d9a5bb7eb2c19c
urn:ure:smg:re_FunctionVariant:rmge01-usasm:8005d5c0	0x8005D5C0	16	func_8005D5C0		17b502ff8d85dd37e577998698228c88a2bb090af9b709c1bf78e1763c2febae
urn:ure:smg:re_FunctionVariant:rmge01-usasm:8005d5d0	0x8005D5D0	16	func_8005D5D0		53f073f35582751881fe11877ae6693da39d67f16461ef7d53f2dafa96371188
urn:ure:smg:re_FunctionVariant:rmge01-usasm:8005d5e0	0x8005D5E0	16	func_8005D5E0		3bded6afb6486cf7f2f2793a69d40900c3e9cb701eda9b8cd3d972d1c536c24c
urn:ure:smg:re_FunctionVariant:rmge01-usasm:8005e4b8	0x8005E4B8	16	func_8005E4B8		f16465fd640a6a828e7ee17b6bc0f238a493121ab4901bc5432debae76d9b189
urn:ure:smg:re_FunctionVariant:rmge01-usasm:8005e4c8	0x8005E4C8	16	func_8005E4C8		c3ea76db740e68d3d47d705af43d4edd2414eabb87f000952710d2f7adde2f10
urn:ure:smg:re_FunctionVariant:rmge01-usasm:8005ed54	0x8005ED54	16	func_8005ED54		929cc7d78165ddd8c807244167195905ff4b5f2463ce003abd4a960836d677e3
urn:ure:smg:re_FunctionVariant:rmge01-usasm:8005f134	0x8005F134	16	func_8005F134		e1e9d5cec233c3b07b8845534b23c869b0a1eeec1ed3213e1f95dfed0fedbe06
urn:ure:smg:re_FunctionVariant:rmge01-usasm:8005f290	0x8005F290	16	func_8005F290		7b70d12a328e5f91858c014bcf03a6ba4e75b66c2d85aae2e91487f9e5caf523
urn:ure:smg:re_FunctionVariant:rmge01-usasm:8005f2a0	0x8005F2A0	16	func_8005F2A0		54a990bce88d6eb9664cae113bcdc72bae8f41d9351819994d5664b49718ea47
urn:ure:smg:re_FunctionVariant:rmge01-usasm:8005f2b0	0x8005F2B0	16	func_8005F2B0		e3de38cd1a11f3488e0edd2ee549a5f0e5f8f18f4011898be7636a4ef7e417dd
urn:ure:smg:re_FunctionVariant:rmge01-usasm:8005f93c	0x8005F93C	16	func_8005F93C		31be88b63f56283d8a59a597bbcc9781c64fd5f200efc1e1249826455f6fd9fc
urn:ure:smg:re_FunctionVariant:rmge01-usasm:8005f94c	0x8005F94C	16	func_8005F94C		dbb6fa1d46bf1af69f828466a6a52849001845895eb3ee409bdd6599f1cef7bd
urn:ure:smg:re_FunctionVariant:rmge01-usasm:800618b8	0x800618B8	16	func_800618B8		5544a69016b12a6572bb0ff7c459e6f91e8fdd9fab7cdc7a3648aba15958651f
urn:ure:smg:re_FunctionVariant:rmge01-usasm:800618c8	0x800618C8	16	func_800618C8		097cb7246c5da7bee700226870beb0617d9a2db6b4276c9fa20e19566c8a1bc0
urn:ure:smg:re_FunctionVariant:rmge01-usasm:800618d8	0x800618D8	16	func_800618D8		2adaa6413b196d5f2fae185463a7d52f6583e9be15144e7a6010c14706f29fe9
urn:ure:smg:re_FunctionVariant:rmge01-usasm:800618e8	0x800618E8	16	func_800618E8		c32b94a9200979d8ff471765ab5cc8e7398b5ec156325c08abf093b7695e76ce
urn:ure:smg:re_FunctionVariant:rmge01-usasm:80061ffc	0x80061FFC	16	func_80061FFC		7f6d689faeed171ba2d0ff7e87b77dc3e43e7f5ff01a358f3aabca90a15a7875
urn:ure:smg:re_FunctionVariant:rmge01-usasm:8006200c	0x8006200C	16	func_8006200C		81649fd23a46f094fafeb0b215b38e7738f685ced895f697160ab9705684cbe4
urn:ure:smg:re_FunctionVariant:rmge01-usasm:8006201c	0x8006201C	16	func_8006201C		ab9513fd81f6c9a652260dd4ad7bc7b0f3acb48e66eec2e9771b288da5ab8ec7
urn:ure:smg:re_FunctionVariant:rmge01-usasm:8006202c	0x8006202C	16	func_8006202C		ae6349eaa5df7fc321cdf891b71af19f8eb24c34bce7a60f91b41960efd9bdd1
urn:ure:smg:re_FunctionVariant:rmge01-usasm:8006203c	0x8006203C	16	func_8006203C		7c25fd1613a9b192bf621e3dd401dca8c744edb143396ae37ceb30f819513a59
urn:ure:smg:re_FunctionVariant:rmge01-usasm:8006204c	0x8006204C	16	func_8006204C		0c69597a8ca180e33d47ebc7fac7ef0919b63a151ade1746de7c3e75e382a431
urn:ure:smg:re_FunctionVariant:rmge01-usasm:80062660	0x80062660	16	func_80062660		b0f8f88ac96573080200632b35011f0c4e928c279e390cde96b9de16d54ea2ce
urn:ure:smg:re_FunctionVariant:rmge01-usasm:80062670	0x80062670	16	func_80062670		acbe26ce61342946ade7038644a1d5d27377e441b1a42a52f26e622313fed430
urn:ure:smg:re_FunctionVariant:rmge01-usasm:80062680	0x80062680	16	func_80062680		d5e2dc546ad8a678ab22070b87afab498bda6034087642757f5d4c57cf31089c
urn:ure:smg:re_FunctionVariant:rmge01-usasm:80062690	0x80062690	16	func_80062690		1c46374afa82bd1c1c2506d71d9aab4f10596ed572c2029fb4c8b8bb775e2add
urn:ure:smg:re_FunctionVariant:rmge01-usasm:800626a0	0x800626A0	16	func_800626A0		146c248ac1f94ad2c54c56e553909b33cc8691b9187f802a5d16465c92386a81
urn:ure:smg:re_FunctionVariant:rmge01-usasm:800626b0	0x800626B0	16	func_800626B0		b27a36b6943f50a38c7aa91cfbe4f94d1f8d91f1ef4d41d9aeba1839b32c680c
urn:ure:smg:re_FunctionVariant:rmge01-usasm:800635b4	0x800635B4	16	func_800635B4		a854ee9e96fec051c55d29b78f82088f733f3350f67971d1a594ae22bca2fcda
urn:ure:smg:re_FunctionVariant:rmge01-usasm:800635c4	0x800635C4	16	func_800635C4		91365fbd8eec6917e0e719385fb2e4f2d803ebfe9e38f947c84da966a7128d4d
urn:ure:smg:re_FunctionVariant:rmge01-usasm:800635d4	0x800635D4	16	func_800635D4		280baef35808fdb0b93bb6bb5c50b9f643ab01ca5da3f35d9ed39ab3d88792e9
urn:ure:smg:re_FunctionVariant:rmge01-usasm:800635e4	0x800635E4	16	func_800635E4		dd97ea249262aea3924a41e7c0b015866fa47b623db587d38b01f06559f2b404
urn:ure:smg:re_FunctionVariant:rmge01-usasm:800635f4	0x800635F4	16	func_800635F4		9a35d33bc16a2eb03eb99d2e911d585f8a7192da50eea07b49d054b608401820
urn:ure:smg:re_FunctionVariant:rmge01-usasm:80063604	0x80063604	16	func_80063604		44579cb892e6a3194e35572f6e9980482477623880736aed2afd02a3fdde5836
urn:ure:smg:re_FunctionVariant:rmge01-usasm:80063614	0x80063614	16	func_80063614		a0dd409fca49586d2168d2359189d5b0e4fb02f993185552ab35681ed672f3d5
urn:ure:smg:re_FunctionVariant:rmge01-usasm:80063624	0x80063624	16	func_80063624		8ab93e328460e4a51b0e418f875dc3e22023266d3306e4de6c9c520cfd35c5dc
urn:ure:smg:re_FunctionVariant:rmge01-usasm:80063634	0x80063634	16	func_80063634		a668b0ea827289ea777ff9ed2f9d126ddfc6cdddf8285c4883c25a6c98ccecad
urn:ure:smg:re_FunctionVariant:rmge01-usasm:80063644	0x80063644	16	func_80063644		ebd3c2f5d5e910bb3d2df143afb030ee3a991c98a978fa8d4e176f38d42da715
urn:ure:smg:re_FunctionVariant:rmge01-usasm:80063654	0x80063654	16	func_80063654		df608402a253eeb1f5ca69a1ac86501e19f93269db46b87406f1b9818c70b89b
urn:ure:smg:re_FunctionVariant:rmge01-usasm:80063664	0x80063664	16	func_80063664		0fdcc09a790deb66351e1b47d8fb1674c1895fabbc1a44cf0523191843ac836a
urn:ure:smg:re_FunctionVariant:rmge01-usasm:80063674	0x80063674	16	func_80063674		2b8eb8e1937932e47d1437e2ba707aea211af8e8c390c28715c0f8ca1143634f
urn:ure:smg:re_FunctionVariant:rmge01-usasm:80063684	0x80063684	16	func_80063684		42e09c299433dae398578af71c0cf12e7e4c654d0ab1f78081846271cb94920b
urn:ure:smg:re_FunctionVariant:rmge01-usasm:8006444c	0x8006444C	16	func_8006444C		c93b2c62481c67adc512115d8e726c9595d724a610f23732c5046f98a662f7fc
urn:ure:smg:re_FunctionVariant:rmge01-usasm:80064724	0x80064724	16	func_80064724		38e51289c6cb777d977888ddda84caf863f1d074e25fadc9a07b35e1660d1439
urn:ure:smg:re_FunctionVariant:rmge01-usasm:800651d0	0x800651D0	16	func_800651D0		81b5cf0e0469dfed686797c1cee4fa871158e32671bf3c2dc59b227ad734b913
urn:ure:smg:re_FunctionVariant:rmge01-usasm:800651e0	0x800651E0	16	func_800651E0		cc9846d63b2eca72c16d4be0996015a0c019cb4d63e46bbae645d93c8a9fa4cd
urn:ure:smg:re_FunctionVariant:rmge01-usasm:800651f0	0x800651F0	16	func_800651F0		c695326b3030ae13f470f7058432665869f6aad570f050e15f66516253bf6421
urn:ure:smg:re_FunctionVariant:rmge01-usasm:80065200	0x80065200	16	func_80065200		d44162950e51a3bfe695a64f2dabf9d5ea93f11fc73764b5ba57ef2d05cc010c
urn:ure:smg:re_FunctionVariant:rmge01-usasm:80065210	0x80065210	16	func_80065210		6f57998210dd1070b7058f753c94cd914786395431bb0081d7913f565d6a14b1
urn:ure:smg:re_FunctionVariant:rmge01-usasm:80065220	0x80065220	16	func_80065220		4383866d720fc5b84e8e2f56f462c43ebc917b0788a11cbf6c696948727a159b
urn:ure:smg:re_FunctionVariant:rmge01-usasm:80065d20	0x80065D20	16	func_80065D20		570c28def89fe411ed40c9c062bca6d8c23ee55695faad582eb2b06e488053b9
urn:ure:smg:re_FunctionVariant:rmge01-usasm:80065d30	0x80065D30	16	func_80065D30		0bdd577c1bae5fe0522f3cba85ef32c68777326354557c3829438b4b8d4af71f
urn:ure:smg:re_FunctionVariant:rmge01-usasm:80065d40	0x80065D40	16	func_80065D40		215eab2e2f91a7511e9691b6b330e0e2e56cb45506d241deb1a04daca3ee8e27
urn:ure:smg:re_FunctionVariant:rmge01-usasm:80065d50	0x80065D50	16	func_80065D50		00af172c03c7ba60739d0001cadc9020c2507817e64e1810a0290c1bba192a1c
urn:ure:smg:re_FunctionVariant:rmge01-usasm:80065d60	0x80065D60	16	func_80065D60		3a9ef63636c6c9662de263e4da0e34cc806c5cdf277496f015d7652433441ec5
urn:ure:smg:re_FunctionVariant:rmge01-usasm:8006646c	0x8006646C	16	func_8006646C		622232cf0c9813efdcc11e36546ec38e6cbd805f8e30b4dba5f02c7b70812a27
urn:ure:smg:re_FunctionVariant:rmge01-usasm:8006647c	0x8006647C	16	func_8006647C		f5dc19a6b5dfa904051e1616e49b5a0b72e7101cf4b26b1fc56b3d6e6822ac7a
urn:ure:smg:re_FunctionVariant:rmge01-usasm:8006648c	0x8006648C	16	func_8006648C		21f726d16257e01b00f4a34398516b4f5612ae3b0054f340bafe4b591deb1087
urn:ure:smg:re_FunctionVariant:rmge01-usasm:80066cd4	0x80066CD4	16	func_80066CD4		4e2f6129709aff818544df3faa8ef36ae11a0f81c7904e5fa998e7b245697b00
urn:ure:smg:re_FunctionVariant:rmge01-usasm:80066ce4	0x80066CE4	16	func_80066CE4		003a06b6c049227e6fe99237869a4dd93f61e709425873a14d32e2a283cfd194
urn:ure:smg:re_FunctionVariant:rmge01-usasm:80066cf4	0x80066CF4	16	func_80066CF4		9ed9f6a1d4a766e3f8f995cfb6ab0d196c6562bc4389b13d3e1487fa4dac0903
urn:ure:smg:re_FunctionVariant:rmge01-usasm:80066d04	0x80066D04	16	func_80066D04		f0b9d8e449b9731e58240bb699a259dc2b6e9c003a1c038ff4c459c61f51bde1
urn:ure:smg:re_FunctionVariant:rmge01-usasm:80066d14	0x80066D14	16	func_80066D14		e5ae3d9969a1e45b5635fc0ddc5cb0ec7f7281b517037053aac79abc343c5ccb
urn:ure:smg:re_FunctionVariant:rmge01-usasm:80067830	0x80067830	16	func_80067830		7311ebd1820d418839e03e079818df691e792a0e5905a17103b53aaa8fa07ae0
urn:ure:smg:re_FunctionVariant:rmge01-usasm:80067840	0x80067840	16	func_80067840		89691214b2195410f9b5095e7fb1af496080f8cc53c366b96e783d1fc672e850
urn:ure:smg:re_FunctionVariant:rmge01-usasm:80067850	0x80067850	16	func_80067850		e6c51cbdc373b857408a7c7bd1a712cc299b3876911e64dcf56eb83d00cf3c8c
urn:ure:smg:re_FunctionVariant:rmge01-usasm:80067860	0x80067860	16	func_80067860		83952c5d1c0ca6afd80d1c71aa6aa595fca79fab572c32a3c345c49d4f871dad
urn:ure:smg:re_FunctionVariant:rmge01-usasm:80067870	0x80067870	16	func_80067870		4f5f48cc5163364ac8245c2a11e1db4521b7504b67db6038d05d6f7d53bcb278
urn:ure:smg:re_FunctionVariant:rmge01-usasm:80068dec	0x80068DEC	16	func_80068DEC		a459ed21367f91d781cf044a2fe99349bf5ac12497654035b5d3eadbc464f8b7
urn:ure:smg:re_FunctionVariant:rmge01-usasm:80068dfc	0x80068DFC	16	func_80068DFC		5162d145be1a48899b1eabc9cb5501330726ab8b2fe6053b572d468a32d81d56
urn:ure:smg:re_FunctionVariant:rmge01-usasm:80068e0c	0x80068E0C	16	func_80068E0C		943b95ae61bbce8c6fff98213986179a47752f5121ab7b4746ed3af80e3754e5
urn:ure:smg:re_FunctionVariant:rmge01-usasm:80068e1c	0x80068E1C	16	func_80068E1C		4fe0070067bacb2048c74ae21e51e006c4ee5f53f3fdb9711060fd2d0e3e355d
urn:ure:smg:re_FunctionVariant:rmge01-usasm:80068e2c	0x80068E2C	16	func_80068E2C		fffc5a3b11e0f6b98b3a20d46c2a0ef41a809ba311bd4b2e4566c6ab764e0937
urn:ure:smg:re_FunctionVariant:rmge01-usasm:80068e3c	0x80068E3C	16	func_80068E3C		adf59b1290174afe988b1e3e5538e0bc82528efb708e2d706bd43ef1e1085b95
urn:ure:smg:re_FunctionVariant:rmge01-usasm:80068e4c	0x80068E4C	16	func_80068E4C		19d2a48b827ee366799b5b038d834a1a198d413b4db823139e875685a52167e2
urn:ure:smg:re_FunctionVariant:rmge01-usasm:80068e5c	0x80068E5C	16	func_80068E5C		4b2a00b5bdfc35d543c02a3eea1655c8ec22facbd74930e47b12496f0354c52b
urn:ure:smg:re_FunctionVariant:rmge01-usasm:80068e6c	0x80068E6C	16	func_80068E6C		db9d27a278b1b7d24892a4a1cfaea41d757f8ab6495f7b4693836eeaf1f64dd8
urn:ure:smg:re_FunctionVariant:rmge01-usasm:80068e7c	0x80068E7C	16	func_80068E7C		e78d5166a50e87e08fe573eb17c5b209961ae979d1eae906256d68cfe10f03b2
urn:ure:smg:re_FunctionVariant:rmge01-usasm:80068e8c	0x80068E8C	16	func_80068E8C		4665c59533ecc3bf715abd51a17a13debead41bcd0e7d19d5671efb65a66b307
urn:ure:smg:re_FunctionVariant:rmge01-usasm:80068e9c	0x80068E9C	16	func_80068E9C		8f5962e8f4a42e93b70833da35de74ac7542ce209143ee609528b65ed0d44e24
urn:ure:smg:re_FunctionVariant:rmge01-usasm:80068eac	0x80068EAC	16	func_80068EAC		c18c3c08798b7dc3f37e12e1d6bd6bf7019d51d2cb09b84c341f423e4e832cd3
urn:ure:smg:re_FunctionVariant:rmge01-usasm:80068ebc	0x80068EBC	16	func_80068EBC		2317c27a37496892a4bb6bc5cae10fc25f5c9ecb82e43ead8c97813629bdada9
urn:ure:smg:re_FunctionVariant:rmge01-usasm:80069384	0x80069384	16	func_80069384		31430833eae164be5182c11941f9f8f5bc4e15921fcde82db0f5efa213e6431f
urn:ure:smg:re_FunctionVariant:rmge01-usasm:80069394	0x80069394	16	func_80069394		fdfc55b1088f4b80e4c8fac98ff8340966779883c19627caff7c12a1c18e9293
urn:ure:smg:re_FunctionVariant:rmge01-usasm:80069810	0x80069810	16	func_80069810		b8c1b53bfc92f7a9706978ec1bcf9ee3fed34fd42390e950145c0cdef7b2256e
urn:ure:smg:re_FunctionVariant:rmge01-usasm:80069820	0x80069820	16	func_80069820		0967774bc4c45a890cc415efffbd2ff93670333c1403edbd6d761331f2fef260
urn:ure:smg:re_FunctionVariant:rmge01-usasm:8006cff8	0x8006CFF8	16	func_8006CFF8		5699cb92e995e2a612e0d29fccb63932769eacad6f0c432a8cd805c3364c6cc0
urn:ure:smg:re_FunctionVariant:rmge01-usasm:8006d008	0x8006D008	16	func_8006D008		bcc11299628b71c6e97c4adfe4335ac75e6e4e55e44d31375202b1bac450048a
urn:ure:smg:re_FunctionVariant:rmge01-usasm:8006d018	0x8006D018	16	func_8006D018		7a7363d36af5ec1e5da38a61c853c7fa420bedb71b7230e58098bace65282afb
urn:ure:smg:re_FunctionVariant:rmge01-usasm:8006d028	0x8006D028	16	func_8006D028		db6bd8f0b120d257775fdc8d112cc3a076aed4fc3eb61ddfb767d7b43dbc047c
urn:ure:smg:re_FunctionVariant:rmge01-usasm:8006d038	0x8006D038	16	func_8006D038		848b58ba8718b085ae7f0f138b291eb22893f8fc4bfe1d9a6a6d90f93f6f73b7
urn:ure:smg:re_FunctionVariant:rmge01-usasm:8006d048	0x8006D048	16	func_8006D048		a885c53d46b773b281d9c2cfc95bbd6a17f9cfd5c1bd72ab1f263b97c07f827d
urn:ure:smg:re_FunctionVariant:rmge01-usasm:8006d058	0x8006D058	16	func_8006D058		db7e3967a6ff4932625017255af911536e04948d665654d782e9a5589d063146
urn:ure:smg:re_FunctionVariant:rmge01-usasm:8006d068	0x8006D068	16	func_8006D068		f179f02e8b55413acd18e52dda150d400f3ae23ce46f0e448b7c10adce9efef5
urn:ure:smg:re_FunctionVariant:rmge01-usasm:8006d078	0x8006D078	16	func_8006D078		0b3f212f8ddbb93714e24ca427bb701835d3343d335a6e82a0af230e54177c31
urn:ure:smg:re_FunctionVariant:rmge01-usasm:8006d088	0x8006D088	16	func_8006D088		64a551b6e83b51902e3fb57352c2350e94d1230a506c2a7bdb38f1f6f15fc690
urn:ure:smg:re_FunctionVariant:rmge01-usasm:8006d098	0x8006D098	16	func_8006D098		a1e0526ff4330e0c0b744661e22ea1f542250efbd8d8459a9c32ec9dcecabb7e
urn:ure:smg:re_FunctionVariant:rmge01-usasm:8006d0a8	0x8006D0A8	16	func_8006D0A8		afd7b05ae0cdae1c02cd793d006a74f574d4e9030714fb1ec1d2b2e391124f6c
urn:ure:smg:re_FunctionVariant:rmge01-usasm:8006d0b8	0x8006D0B8	16	func_8006D0B8		83e52866b6f343e6c11b134ec61dcb71d3261a88c77f0dedf2d2631323d2680b
urn:ure:smg:re_FunctionVariant:rmge01-usasm:8006d0c8	0x8006D0C8	16	func_8006D0C8		dacdb2bec0da7b86b4835bf74e0a72307e599dd56a68f86f1d106c1afb0095d9
urn:ure:smg:re_FunctionVariant:rmge01-usasm:8006d0d8	0x8006D0D8	16	func_8006D0D8		50cb8e44da9e0368f1a74e9df85bcdeacfc65a2ef75819f3d46255694c9d21cc
urn:ure:smg:re_FunctionVariant:rmge01-usasm:8006d0e8	0x8006D0E8	16	func_8006D0E8		762fd3cb9514c316397a754f6733ae41a5164cef1031e339b901e84efbd69a0f
urn:ure:smg:re_FunctionVariant:rmge01-usasm:8006d0f8	0x8006D0F8	16	func_8006D0F8		dc99b3f40f98178cf6f409329709e74ee34de8eecc3942d4d247a526e0112dc7
urn:ure:smg:re_FunctionVariant:rmge01-usasm:8006d8e8	0x8006D8E8	16	func_8006D8E8		2aa1d8a87b52142812d5f688cf5296a65321b0f87311aaa45bd2003b28f16cb8
urn:ure:smg:re_FunctionVariant:rmge01-usasm:8006d8f8	0x8006D8F8	16	func_8006D8F8		d7ee2ddcae3fbffabea0795ff7d21687facc531980179dd8ff0eff8141b5bd0d
urn:ure:smg:re_FunctionVariant:rmge01-usasm:8006d908	0x8006D908	16	func_8006D908		73f0ac9b71a77616fa60ec4f6b781a50d2770d4cc7eac10041944dd48698f362
urn:ure:smg:re_FunctionVariant:rmge01-usasm:8006e220	0x8006E220	16	func_8006E220		36cd02477dd5f137c4a9040417c1e5414fd5ff886a7ede48c65afd611da03109
urn:ure:smg:re_FunctionVariant:rmge01-usasm:8006e230	0x8006E230	16	func_8006E230		aa2cc7052013caf611f4d4c7d9579fb0982484f34e20d1f54636f585492bacc8
urn:ure:smg:re_FunctionVariant:rmge01-usasm:8006e240	0x8006E240	16	func_8006E240		6cfb15dce24af71fbd2fe33582cb597f672a2d289a75a8bfc08f5d795b58f1c3
urn:ure:smg:re_FunctionVariant:rmge01-usasm:8006e250	0x8006E250	16	func_8006E250		5a3e7e38bf6b0911afc353def749c93d3d8de607f68bc968328db7fbb41fd13c
urn:ure:smg:re_FunctionVariant:rmge01-usasm:8006e260	0x8006E260	16	func_8006E260		c48f6e2933f9315ccf660f84a0b67ee0846d2471b48042fb95601a2b1039c576
urn:ure:smg:re_FunctionVariant:rmge01-usasm:8006e270	0x8006E270	16	func_8006E270		b3f6f4c30f06b57159c1dd3d7a0d1fc4dbd9ffa15371828f9c0ef34bef7f7c33
urn:ure:smg:re_FunctionVariant:rmge01-usasm:8006e280	0x8006E280	16	func_8006E280		c750d88b6f3779ef334eb1f3192ebe977844638f1bb6680ea8fd687e08c2aa88
urn:ure:smg:re_FunctionVariant:rmge01-usasm:8006fa68	0x8006FA68	16	func_8006FA68		8cc91204d1fca3b92afffa4c95bb10685028c585fd98ebc539e6ec14d9605abc
urn:ure:smg:re_FunctionVariant:rmge01-usasm:8006fa78	0x8006FA78	16	func_8006FA78		adc6836b5870760917d254e7c43c47c743cd35fefe97b42588cc0ec94af3a924
urn:ure:smg:re_FunctionVariant:rmge01-usasm:8006fa88	0x8006FA88	16	func_8006FA88		36f73659c4a143a565e6d2697c83a98e57665b3502167b7a7ddadb555645c3d7
urn:ure:smg:re_FunctionVariant:rmge01-usasm:8006fa98	0x8006FA98	16	func_8006FA98		5115ba6d463362adf953f5290b8c4dbf46b54791553a6ba4b5b7cd4657624917
urn:ure:smg:re_FunctionVariant:rmge01-usasm:8006faa8	0x8006FAA8	16	func_8006FAA8		4f2caf1cce6ee7e702ab42c79448aec26b9c589cd8550e8ef76b80c92ed8699a
urn:ure:smg:re_FunctionVariant:rmge01-usasm:80070670	0x80070670	16	func_80070670		ebb92eb6b81fa82573af0e4bae9a904bb361708eea207fddd7407d7ca8a09491
urn:ure:smg:re_FunctionVariant:rmge01-usasm:80070680	0x80070680	16	func_80070680		dab456f0b4b3ebf7ac634bd6a569ba7d61581f6cb2ce04ff379536c78ff95534
urn:ure:smg:re_FunctionVariant:rmge01-usasm:80070690	0x80070690	16	func_80070690		2f0609fdb6ab58cbc57af61784e8dc5377f69c354e9acbe53b61b1c66048d758
urn:ure:smg:re_FunctionVariant:rmge01-usasm:800706a0	0x800706A0	16	func_800706A0		d5c2254dc2fd227da7bfabd750bd3dba403dfc175f355cd9e503071f40c8ca39
urn:ure:smg:re_FunctionVariant:rmge01-usasm:800706b0	0x800706B0	16	func_800706B0		aa15122f5628df7a4aaf8a5fc9571854f9095dacc917c8c37b4b5fe9c58686c9
urn:ure:smg:re_FunctionVariant:rmge01-usasm:800706c0	0x800706C0	16	func_800706C0		1ec525177ea7273f463e62e4b97b80d4585a2c5d2a785930971adc21dfd85a55
urn:ure:smg:re_FunctionVariant:rmge01-usasm:800706d0	0x800706D0	16	func_800706D0		eae38b741a592faaf0aec0291b7fa28a1af1668098fdde8557950b41a25d5d24
urn:ure:smg:re_FunctionVariant:rmge01-usasm:80070fb4	0x80070FB4	16	func_80070FB4		ce39d6b1317239cd1ac40f7d44bc4d1729c5ef1c78d44d3dc1e85b77c344e1ff
urn:ure:smg:re_FunctionVariant:rmge01-usasm:80070fc4	0x80070FC4	16	func_80070FC4		cb75f053b4c696b1eeed186c6eb49a5e87720c67f019c72c543d98c34179fc48
urn:ure:smg:re_FunctionVariant:rmge01-usasm:80070fd4	0x80070FD4	16	func_80070FD4		6321a9c4d804c895712f788bbc17142d4fca0934db13137c2d47130bc5ecd30c
urn:ure:smg:re_FunctionVariant:rmge01-usasm:80070fe4	0x80070FE4	16	func_80070FE4		0fa69c0a1e47b6e17f8157b5f8efaf7bcf1f11f4db8ac7284d86db6a0f54509f
urn:ure:smg:re_FunctionVariant:rmge01-usasm:80070ff4	0x80070FF4	16	func_80070FF4		335d0b969794df1c4314fe95812c17c00d6b66e3ca3de8b73fe286177046c307
urn:ure:smg:re_FunctionVariant:rmge01-usasm:80071004	0x80071004	16	func_80071004		9974a60dd049f324a0385c57c6359c195a59f77639f0418776f05026e37e9925
urn:ure:smg:re_FunctionVariant:rmge01-usasm:80071d50	0x80071D50	16	func_80071D50		528fe114b19d174a2ebe296889bfcf50a586aa018b8caa50c497a6f79dcaf00b
urn:ure:smg:re_FunctionVariant:rmge01-usasm:80071d60	0x80071D60	16	func_80071D60		f6247350430cddfa67b670418c4c0a9583f54a89c5b8c5c03e87f43b68a8278d
urn:ure:smg:re_FunctionVariant:rmge01-usasm:80071d70	0x80071D70	16	func_80071D70		15198d758449d7212c275549eee5e4f7f62eda8998940c5e1bc3a5a9b6c54dba
urn:ure:smg:re_FunctionVariant:rmge01-usasm:80071d80	0x80071D80	16	func_80071D80		2dd87f8db272610d2d0b429b827da05c798640539742f3d895268c806af63914
urn:ure:smg:re_FunctionVariant:rmge01-usasm:80071d90	0x80071D90	16	func_80071D90		c98ef89f8896e483fdc949fb205ccc7ab214e060f0bacd2706387faf5874cc9e
urn:ure:smg:re_FunctionVariant:rmge01-usasm:80071da0	0x80071DA0	16	func_80071DA0		10150d87c03d156f44789787c59c48a5598e5125b498acdcea8392fd64589a3e
urn:ure:smg:re_FunctionVariant:rmge01-usasm:80071db0	0x80071DB0	16	func_80071DB0		6fde4c242a50549a64e6f06eb38a734a3cd3f4a923c42b5e62ddfaf2557aef79
urn:ure:smg:re_FunctionVariant:rmge01-usasm:80071dc0	0x80071DC0	16	func_80071DC0		f77bb62e88ac30902e1e09a84aa230f30e5cd8b313cfd29e3563fa187c034f8c
urn:ure:smg:re_FunctionVariant:rmge01-usasm:80071fa8	0x80071FA8	16	func_80071FA8		675431c53e40427cb4894af2626d6b9d5559e4149d2b0bf5e4ee8a556cbd59fa
urn:ure:smg:re_FunctionVariant:rmge01-usasm:80071fb8	0x80071FB8	16	func_80071FB8		c52c25e70beb5f64ffeb2de5b4137fae63693f5308583482fbe0da1ed65e9fdf
urn:ure:smg:re_FunctionVariant:rmge01-usasm:80071fc8	0x80071FC8	16	func_80071FC8		6a30a483862b161ad8e533cb3b8fb6e21c9c7426887578b9de5cb3e895b979ef
urn:ure:smg:re_FunctionVariant:rmge01-usasm:80072634	0x80072634	16	func_80072634		612376dc9aa72e3231b75d03a33d30ae544a5db4e24dac01bcf69b4cd60337da
urn:ure:smg:re_FunctionVariant:rmge01-usasm:80072644	0x80072644	16	func_80072644		cfa35e51ac7bfaee81ec1d0fc65f828577b0b85060dad1db559b1f705d8f08c7
urn:ure:smg:re_FunctionVariant:rmge01-usasm:80072654	0x80072654	16	func_80072654		b458f8df568e649bffbe055aeade598a22de6a9e3980f9cdfaab23991b5acf10
urn:ure:smg:re_FunctionVariant:rmge01-usasm:80073880	0x80073880	16	func_80073880		3ec9f74f8a37bf4e8fe7d6f65cb75a9155237ef888edb28697c03bedcbe9fbe7
urn:ure:smg:re_FunctionVariant:rmge01-usasm:80073890	0x80073890	16	func_80073890		c0857fbf2594eea534a93c08f171fbfb89730d95160b26a2f468ad492fd7647b
urn:ure:smg:re_FunctionVariant:rmge01-usasm:800738a0	0x800738A0	16	func_800738A0		0ef5ce7e7fc6d5c4b98376fdc27c9779b6ce4ee42e4c940fb9c84b37a550bb20
urn:ure:smg:re_FunctionVariant:rmge01-usasm:80074500	0x80074500	16	func_80074500		3fd816df31cfa79a315d4ce3a4c9d01d7bba10d18f6a63130e3577593f336c81
urn:ure:smg:re_FunctionVariant:rmge01-usasm:80074510	0x80074510	16	func_80074510		502a84a90d72d0db19112aede35ca57daf52ae83552b13b582bd3b2dc2fb9087
urn:ure:smg:re_FunctionVariant:rmge01-usasm:80074e14	0x80074E14	16	func_80074E14		418857dc02d4e86233f936d021b4eeca68369b0a5139489bf50f9c03369ce6de
urn:ure:smg:re_FunctionVariant:rmge01-usasm:80074e24	0x80074E24	16	func_80074E24		6235c0f72751799c58eeda6cdc5775129af6a3ba044f5e67f3e6e4c519583b6c
urn:ure:smg:re_FunctionVariant:rmge01-usasm:8007522c	0x8007522C	16	func_8007522C		55a1a4b49e9c7940f16624952fb24f3b83aaa6cc6f929584ce4aceceb0846165
urn:ure:smg:re_FunctionVariant:rmge01-usasm:8007523c	0x8007523C	16	func_8007523C		888d565aac9b3e604d67bcbb8e7bff8f1df966bac9ea638f4c027c6836648965
urn:ure:smg:re_FunctionVariant:rmge01-usasm:80075654	0x80075654	16	func_80075654		2e1b954abaeb92a31911bbd492009829e072551ff3638f04ea851393dbae7e49
urn:ure:smg:re_FunctionVariant:rmge01-usasm:80075664	0x80075664	16	func_80075664		15226f8895e4953cb767a17c097edb61eedb745aa630b5fc6afa4ff28eb994a8
urn:ure:smg:re_FunctionVariant:rmge01-usasm:80075ad8	0x80075AD8	16	func_80075AD8		b8da8492d54a30ea50741ff26b33204d23fd606e7ffabe95dd83f62e585c1766
urn:ure:smg:re_FunctionVariant:rmge01-usasm:80075ae8	0x80075AE8	16	func_80075AE8		597eec365bc526de492cd333036b3978d41affdaa7759f5c510cb456ba9efbbe
urn:ure:smg:re_FunctionVariant:rmge01-usasm:80076cc8	0x80076CC8	16	func_80076CC8		8f37e1cec8a0637bfc7d0fb336f24a81b99c665ea737cea38495945830fbc292
urn:ure:smg:re_FunctionVariant:rmge01-usasm:80076cd8	0x80076CD8	16	func_80076CD8		f1681388e2feb11e278817d0e913e6d23a797a73c56dcd9cfedebfb89c11ac54
urn:ure:smg:re_FunctionVariant:rmge01-usasm:80076ce8	0x80076CE8	16	func_80076CE8		13e0d68ad613c9cde5a2dc09addbbfea660c638a032a2c57a508994b20f3c46c
urn:ure:smg:re_FunctionVariant:rmge01-usasm:8007a6d4	0x8007A6D4	16	func_8007A6D4		cc73812cd2434f77d4060eea932a8acb0068263399476568a7516012138b4ee5
urn:ure:smg:re_FunctionVariant:rmge01-usasm:8007a6e4	0x8007A6E4	16	func_8007A6E4		c18660feedb24d040d238c7b998f613f8fe19bd8bacc405401de031db166e7d1
urn:ure:smg:re_FunctionVariant:rmge01-usasm:8007a6f4	0x8007A6F4	16	func_8007A6F4		f69f912c3f84fdc25b2d6fc6b46d335b07348c70f476558dafacabf7bc455a11
urn:ure:smg:re_FunctionVariant:rmge01-usasm:8007a704	0x8007A704	16	func_8007A704		f34bb608f84eb5570f65ff697bb4e1d32736d2816411fdab475606ac63cd7567
urn:ure:smg:re_FunctionVariant:rmge01-usasm:8007a714	0x8007A714	16	func_8007A714		011223288b8f2d34d9c69e627ab879aed01dcc208f73eb7c616321da8e54f50d
urn:ure:smg:re_FunctionVariant:rmge01-usasm:8007a724	0x8007A724	16	func_8007A724		2473b4307af5eb5f6b6208d5f772577bab90084c66c348415d15c98183211346
urn:ure:smg:re_FunctionVariant:rmge01-usasm:8007a734	0x8007A734	16	func_8007A734		71a17f4395a688ff43826cdd8bdc97c629bac9929ee7ac8f6aeb85a7ad4ad00a
urn:ure:smg:re_FunctionVariant:rmge01-usasm:8007a744	0x8007A744	16	func_8007A744		1496976900e3f7e2bc564854f6c13b05bae305b1ee8ebaf10b1e9c5f49fbb9c9
urn:ure:smg:re_FunctionVariant:rmge01-usasm:8007a754	0x8007A754	16	func_8007A754		f93423d0276b3b06527a5cc3d9295e25ac6c80b21ca4d606e124449b62ee0244
urn:ure:smg:re_FunctionVariant:rmge01-usasm:8007a764	0x8007A764	16	func_8007A764		96681d811f5b7f95425ada65c73b3bf73437f8832556be2c50332e28bfaeff5d
urn:ure:smg:re_FunctionVariant:rmge01-usasm:8007a774	0x8007A774	16	func_8007A774		b4739bf4eca2d6a5f96b26552fa348da85c7e955bd147f086aae37eaa5523b3d
urn:ure:smg:re_FunctionVariant:rmge01-usasm:8007a784	0x8007A784	16	func_8007A784		1c4971be5a42647cebe390dd311b0d74c8e492f100c2afe737407fb71b29b6aa
urn:ure:smg:re_FunctionVariant:rmge01-usasm:8007a794	0x8007A794	16	func_8007A794		85a33a08ff1c7a91c03878bbb901069ad3a5ac4593dda9ca0192e08212bfefdf
urn:ure:smg:re_FunctionVariant:rmge01-usasm:8007a7a4	0x8007A7A4	16	func_8007A7A4		4e10890fcabb9c50b605a2d38a2c01bf479997209f0a1bd0789efa24d870ae6d
urn:ure:smg:re_FunctionVariant:rmge01-usasm:8007ad44	0x8007AD44	16	func_8007AD44		30964c4ff3e2900015364b6900a573b8dcd3d34dfd88dff8837d22cbdce48d30
urn:ure:smg:re_FunctionVariant:rmge01-usasm:8007b300	0x8007B300	16	func_8007B300		27239c3194dadb72cffe6350b638ad99cce351eca494074baec7b17f819b7d39
urn:ure:smg:re_FunctionVariant:rmge01-usasm:8007b82c	0x8007B82C	16	func_8007B82C		e0d93eee32caa26ea42ed02f814270a34a31627d06d622bb7c1404375c31f500
urn:ure:smg:re_FunctionVariant:rmge01-usasm:8007ba88	0x8007BA88	16	func_8007BA88		59dbccbd2b2c2eea5347611f673bc8c3cf493cd155b2be61f3379366732c63ef
urn:ure:smg:re_FunctionVariant:rmge01-usasm:8007ded0	0x8007DED0	16	func_8007DED0		af6545f18679fb8cb7e6bbe7a48b85e56385c1f952d0ed4b913bcaa6ece1baa6
urn:ure:smg:re_FunctionVariant:rmge01-usasm:8007dee0	0x8007DEE0	16	func_8007DEE0		35019b4abf2a185ff6f41e5dc164789bc7b775356060808d0539b4ca3eefb83f
urn:ure:smg:re_FunctionVariant:rmge01-usasm:8007def0	0x8007DEF0	16	func_8007DEF0		5835380037e4f6e249bb28d22a5dc7128b83337150a0a8875b488f37bb4de4ff
urn:ure:smg:re_FunctionVariant:rmge01-usasm:8007df00	0x8007DF00	16	func_8007DF00		c1b41debfe96a5683c2c8f18a9a72e511b5416e2af32dbb88e94b3ee789bbd8a
urn:ure:smg:re_FunctionVariant:rmge01-usasm:8007df10	0x8007DF10	16	func_8007DF10		76e861c360d3fd7885718f135330d77751eab0d344f8f8c5a592b649c95009e3
urn:ure:smg:re_FunctionVariant:rmge01-usasm:8007df20	0x8007DF20	16	func_8007DF20		5172dc1dfecac55f352c4d0d2105abc990572c94cad56c43500ca39b1571344a
urn:ure:smg:re_FunctionVariant:rmge01-usasm:8007df30	0x8007DF30	16	func_8007DF30		e8f5c7193d8c087bd1ca6aed77322170e0e8080567c2f6c1b688b0bb1b91af09
urn:ure:smg:re_FunctionVariant:rmge01-usasm:8007df40	0x8007DF40	16	func_8007DF40		a9c85264e2904f95b8ac4f75ab2668db6c59cd174c604fadc835d9abddea328d
urn:ure:smg:re_FunctionVariant:rmge01-usasm:8007f700	0x8007F700	16	func_8007F700		5b89260663ef6c562f40ac27aae8415048747780906da938405cfaa67f46b4d0
urn:ure:smg:re_FunctionVariant:rmge01-usasm:8007f710	0x8007F710	16	func_8007F710		6ef9e94ccb23011514b31478f73e883fb355c3c3352d2f40485293bce74dffd2
urn:ure:smg:re_FunctionVariant:rmge01-usasm:8007f720	0x8007F720	16	func_8007F720		09992436af38f4a84cf79261d8d64752d50a845e3b7d5ebf48101580f9518de8
urn:ure:smg:re_FunctionVariant:rmge01-usasm:8007f730	0x8007F730	16	func_8007F730		2a959113575f8731716f931a70cacda59e509fbda65582b3d49b5c1be1fb6dd2
urn:ure:smg:re_FunctionVariant:rmge01-usasm:8007f740	0x8007F740	16	func_8007F740		0538319a3aeb04fa0473c71727668c6b428a64ce3e326d28a3319c2000845e81
urn:ure:smg:re_FunctionVariant:rmge01-usasm:8007f750	0x8007F750	16	func_8007F750		e982c48640a055bc23ca131ad29f14cbd353a86ad271fe7daf0c6f0c8381f8d4
urn:ure:smg:re_FunctionVariant:rmge01-usasm:8007f760	0x8007F760	16	func_8007F760		539ab83f21bb2ef2dbdb8b88d0dd789eb7c99621eb367964d95dc372a4d0fd52
urn:ure:smg:re_FunctionVariant:rmge01-usasm:8007f770	0x8007F770	16	func_8007F770		3c06f6b55cecd214b8a486d03e32831317a114893b50ece33dbbc95b097d16a4
urn:ure:smg:re_FunctionVariant:rmge01-usasm:8007f780	0x8007F780	16	func_8007F780		b5aec190a3d510b528b3fc985b3d0ad93932e196fd10deb2841ebf0a174a9d47
urn:ure:smg:re_FunctionVariant:rmge01-usasm:8007f790	0x8007F790	16	func_8007F790		8ab1b30955fc0fff6a036a7e9feb27e9520fd54b76eb47bb0cb13e2f7692635d
urn:ure:smg:re_FunctionVariant:rmge01-usasm:8007f7a0	0x8007F7A0	16	func_8007F7A0		006cbe7ca696298f4a37bace16a9a3e98fcac4d67e05dc90e430b2c817b3a521
urn:ure:smg:re_FunctionVariant:rmge01-usasm:80080378	0x80080378	16	func_80080378		fb6d0f541cdfa31bee600ecc6ea7756937544e78bf94c8cf1a7215e23196773d
urn:ure:smg:re_FunctionVariant:rmge01-usasm:80080388	0x80080388	16	func_80080388		56e1bdefdb712a4a2ab3bef2a8c6091b7b06147f89e43a7bf5f55158b3158ded
urn:ure:smg:re_FunctionVariant:rmge01-usasm:80080398	0x80080398	16	func_80080398		e297819cb311fc44861de633362c8c697f3e9c93c76d9defbf8ecc28e06989fd
urn:ure:smg:re_FunctionVariant:rmge01-usasm:800803a8	0x800803A8	16	func_800803A8		d2a73ca914c2125e051a025d3037793f080cb4fe35e9a142d975ec68e253c0e6
urn:ure:smg:re_FunctionVariant:rmge01-usasm:800803b8	0x800803B8	16	func_800803B8		4789ac867a54c4d9cdf511e783119acde50728ed58caea6fc1bc89eb45b188bd
urn:ure:smg:re_FunctionVariant:rmge01-usasm:800803c8	0x800803C8	16	func_800803C8		8f72ce6f3920b3680e3a05a6c98e6586a0f733ffadfec691fccbda895a39e670
urn:ure:smg:re_FunctionVariant:rmge01-usasm:800803d8	0x800803D8	16	func_800803D8		11679da70c53e54ed009f07b7674277c03adac4f39fb58a67eba1aeda2a3b72c
urn:ure:smg:re_FunctionVariant:rmge01-usasm:800803e8	0x800803E8	16	func_800803E8		32c28c43806ea9fd1a86a0bd906d3f973218b6c57258411eda49cebd474d766c
urn:ure:smg:re_FunctionVariant:rmge01-usasm:800803f8	0x800803F8	16	func_800803F8		b7f260b4189eac9c5618a6679d1e36e516f2a549948e7540495ac58553576a0a
urn:ure:smg:re_FunctionVariant:rmge01-usasm:80080408	0x80080408	16	func_80080408		1fbeb33473139e5458ab1aed49dfbd78c246885284f1c74d8a27b385069cda97
urn:ure:smg:re_FunctionVariant:rmge01-usasm:80080418	0x80080418	16	func_80080418		8bd49e832d6ef60afcf45ea8f7f6e1230a8a78d327dd9f43f1b363766216e7d4
urn:ure:smg:re_FunctionVariant:rmge01-usasm:80080428	0x80080428	16	func_80080428		02dbf6192e6d8b5df6175e91e0b45a16038ae1d01152b6e7231853ca6efd404e
urn:ure:smg:re_FunctionVariant:rmge01-usasm:80080438	0x80080438	16	func_80080438		74279febb217c6dad28ee1e907c72881036548d42fd02b874fcde1c493032df5
urn:ure:smg:re_FunctionVariant:rmge01-usasm:80080c14	0x80080C14	16	func_80080C14		ed6c968d6006752f7eca33b51ca616c68134d83d7142028f548fa27232533307
urn:ure:smg:re_FunctionVariant:rmge01-usasm:80080c24	0x80080C24	16	func_80080C24		0cc62e51c827aeaaa2ef8889d6462ebf6c98f69846fda9ed7d96629e6c3abacc
urn:ure:smg:re_FunctionVariant:rmge01-usasm:80080c34	0x80080C34	16	func_80080C34		31560979cc15526ddb9b5ab2f2702069d13618fa3f7a9b8a0faff1557e9fd549
urn:ure:smg:re_FunctionVariant:rmge01-usasm:80080c44	0x80080C44	16	func_80080C44		7c9ab315d42f4804f42b0f6144a16db8a2939ee70a2fd595c5754e7186f68cf5
urn:ure:smg:re_FunctionVariant:rmge01-usasm:80080c54	0x80080C54	16	func_80080C54		e611a333fffba32c83e5993ea21ea58ae1d7a91846c05e48658884dab479dc7e
urn:ure:smg:re_FunctionVariant:rmge01-usasm:80080c64	0x80080C64	16	func_80080C64		a4d3aa00ac45260cdeaab83441d887d2d87181a1c2ba243b44951209c8201623
urn:ure:smg:re_FunctionVariant:rmge01-usasm:80080c74	0x80080C74	16	func_80080C74		515608515ef79206d0cfbea2d7921adc6151b6e2dcd0bfdcbcb37ddfbe33f2e8
urn:ure:smg:re_FunctionVariant:rmge01-usasm:80080c84	0x80080C84	16	func_80080C84		d407d656739e5e5c051ad5a9cfc6361d4cebc997262b0a5f55430aeee49b44b6
urn:ure:smg:re_FunctionVariant:rmge01-usasm:80080c94	0x80080C94	16	func_80080C94		aeecad092ad5fc7bdeead060c3fb4415329a2cb0f51d3543b778d056ae7b9bf3
urn:ure:smg:re_FunctionVariant:rmge01-usasm:80080ca4	0x80080CA4	16	func_80080CA4		543b34a6ba8c6c9030e0dfa371565a31cb687b95a4bb94393d5d4b81c110e56a
urn:ure:smg:re_FunctionVariant:rmge01-usasm:80080cb4	0x80080CB4	16	func_80080CB4		0595175891ccd7ace731ed623c9b55abc21dd31a8d555e672c92c5eb117b775b
urn:ure:smg:re_FunctionVariant:rmge01-usasm:80080cc4	0x80080CC4	16	func_80080CC4		7d93376c53cc39da0b18493e2ae2670fd464d27087e6bca22e2cf61022c21759
urn:ure:smg:re_FunctionVariant:rmge01-usasm:80080cd4	0x80080CD4	16	func_80080CD4		a8c9ab67b1241a00892aa116c09051d9b15f06e1b56b5d0a1d135c41878a5341
urn:ure:smg:re_FunctionVariant:rmge01-usasm:800810c4	0x800810C4	16	func_800810C4		53ba4f926d91b36be66bec5591c6221a697062dd2b70c6eaf9f8d00de5306ce4
urn:ure:smg:re_FunctionVariant:rmge01-usasm:800820cc	0x800820CC	16	func_800820CC		31b40ee855ad216abedd6b9fad1885ca3565c8cc776e278d0dc938472cc9eb51
urn:ure:smg:re_FunctionVariant:rmge01-usasm:80084304	0x80084304	16	func_80084304		2a639ec6668c13676e74379158f24da4c5631d5735d0214383f64ca8c66e6f76
urn:ure:smg:re_FunctionVariant:rmge01-usasm:80084314	0x80084314	16	func_80084314		2a18e6f6904f982e24ecd3e0398e7bd876f744271626f4a7a36530aca7f6b28f
urn:ure:smg:re_FunctionVariant:rmge01-usasm:80084324	0x80084324	16	func_80084324		1a5cb6cf135bdb6954488fb0cb1ef068d83b84f57fa94cdb3250565baf256b59
urn:ure:smg:re_FunctionVariant:rmge01-usasm:80085740	0x80085740	16	func_80085740		5825d0b67fb455e78653a012c887f0e90eb55166bbe19ce594761dabc568ea97
urn:ure:smg:re_FunctionVariant:rmge01-usasm:80085750	0x80085750	16	func_80085750		859fe666ccba1fb2fbf6e0a7547657c8ab58af43c762acf2301f153fd57f718c
urn:ure:smg:re_FunctionVariant:rmge01-usasm:80085940	0x80085940	16	func_80085940		c4e685f586899b72e92de180ee79f38643d9ed508c58e4c74436099925ade757
urn:ure:smg:re_FunctionVariant:rmge01-usasm:80085d04	0x80085D04	16	func_80085D04		da613bd589b41bae0a3e838d47acdbca136ab2fa4a1f1b9779b925bdf191a28d
urn:ure:smg:re_FunctionVariant:rmge01-usasm:80085d14	0x80085D14	16	func_80085D14		12cd430600ee1180a87c4b7992f5db42635965682bbb616c3c08d493ca36395b
urn:ure:smg:re_FunctionVariant:rmge01-usasm:80085d24	0x80085D24	16	func_80085D24		a325cb62806a674b100d7c5f3db995dca180657ffbfcee8c575ac74ef94d8733
urn:ure:smg:re_FunctionVariant:rmge01-usasm:80085d34	0x80085D34	16	func_80085D34		de0e13001df85e71007601738c50fb4c84363dc7237df516a11e6b87fcaaebf9
urn:ure:smg:re_FunctionVariant:rmge01-usasm:80087f70	0x80087F70	16	func_80087F70		0335fdb82bf7d26482e89d3a80e0d5bcbeffdcf6ab58156b3e82e92f67a410c7
urn:ure:smg:re_FunctionVariant:rmge01-usasm:80088044	0x80088044	16	func_80088044		e804124b1c5b78c9871903b14960a234625dc739ab52a4a1523957927e8e9064
urn:ure:smg:re_FunctionVariant:rmge01-usasm:80088e64	0x80088E64	16	func_80088E64		0499b6667947e91f91b3ca205e19e186c9811c21f6aa164b9f8c1e37cc2a0360
urn:ure:smg:re_FunctionVariant:rmge01-usasm:80088e74	0x80088E74	16	func_80088E74		ac9202cc1d43b3a60b7525d5561cb9f58b18353749f19f2cc18d5ab613c4cc45
urn:ure:smg:re_FunctionVariant:rmge01-usasm:80088e84	0x80088E84	16	func_80088E84		35ec091c2c05be14a268ef950ac6ee9d88b50749593a83ce84cc37c65e0446b1
urn:ure:smg:re_FunctionVariant:rmge01-usasm:80088e94	0x80088E94	16	func_80088E94		ff8cb649e7bb5c46ef2aff030883982db5ee2ad11258ae0e77d68395c5e9e109
urn:ure:smg:re_FunctionVariant:rmge01-usasm:80088ea4	0x80088EA4	16	func_80088EA4		62189adbbfb106a31f3b0523adb943a2ad18494c4db292667750d06961c80133
urn:ure:smg:re_FunctionVariant:rmge01-usasm:80088eb4	0x80088EB4	16	func_80088EB4		152186025448f41981ab2582aabd66127ec6e7a3931b947f66b6be207fc00a1f
urn:ure:smg:re_FunctionVariant:rmge01-usasm:80088ec4	0x80088EC4	16	func_80088EC4		ea4eda4d4f0c87bd684f59c2a0cc33a9db2558fd4b27087f33aa5f0583f3f3d0
urn:ure:smg:re_FunctionVariant:rmge01-usasm:80088ed4	0x80088ED4	16	func_80088ED4		c865af70385f9d33686c2261dda8b3f55a10d63e388d69cc02b7a1fb5e8ebd26
urn:ure:smg:re_FunctionVariant:rmge01-usasm:80088ee4	0x80088EE4	16	func_80088EE4		2cc0a7d574e076d684a411446edd2e7c91200cfa46f56853f5c5d5aff1853fee
urn:ure:smg:re_FunctionVariant:rmge01-usasm:80088ef4	0x80088EF4	16	func_80088EF4		adac497da27a87370bbe9cea823440d7836d112aabb9f1c61767a910ab90e2cb
urn:ure:smg:re_FunctionVariant:rmge01-usasm:80088f04	0x80088F04	16	func_80088F04		8b665b17034e9565626e7ce8a96ba1bbc49ad3bc193a68997e0f4b340d7f3dcb
urn:ure:smg:re_FunctionVariant:rmge01-usasm:80088f14	0x80088F14	16	func_80088F14		2305630bf8def26d5d4c2a7b6c83f847c113c3bb039bb13912359a90712b43e3
urn:ure:smg:re_FunctionVariant:rmge01-usasm:8008a0d0	0x8008A0D0	16	func_8008A0D0		1d17ca2b678b1a210b8a7e468db8a16adb73ddffcf288118c2ef69eb1d9c7e57
urn:ure:smg:re_FunctionVariant:rmge01-usasm:8008a0e0	0x8008A0E0	16	func_8008A0E0		8508e6de8dee931b72912602b472aae4ccb9f3db5ba3435bb969d8be69286228
urn:ure:smg:re_FunctionVariant:rmge01-usasm:8008a3cc	0x8008A3CC	16	func_8008A3CC		023d9a069d60e2445a6494823feb4357e45885f0e5af6a1947378eaed19f9b88
urn:ure:smg:re_FunctionVariant:rmge01-usasm:8008a3dc	0x8008A3DC	16	func_8008A3DC		8671dfbd868342895403ec060191f74670b956eae22d7623fce7a2dc47e18d7f
urn:ure:smg:re_FunctionVariant:rmge01-usasm:8008ab88	0x8008AB88	16	func_8008AB88		141a5f25c75c05f2cc06c7c66b702d04e971fc22161e61d17302406590ed2021
urn:ure:smg:re_FunctionVariant:rmge01-usasm:8008ab98	0x8008AB98	16	func_8008AB98		b42849f6b76e5f9c35673b85356c2ef680d40f5ce9ac0fd2aee647f4273554e6
urn:ure:smg:re_FunctionVariant:rmge01-usasm:8008aba8	0x8008ABA8	16	func_8008ABA8		faca83dd6f87d3fd12267eeb8634c40c7e35886ce45e9ad518e44b9a6dd7b794
urn:ure:smg:re_FunctionVariant:rmge01-usasm:8008abb8	0x8008ABB8	16	func_8008ABB8		ae00dc180f322720f4d46878ec11b5b5e72db93ec55df42d8211d4e62ddba0f2
urn:ure:smg:re_FunctionVariant:rmge01-usasm:8008b3c0	0x8008B3C0	16	func_8008B3C0		908016bde82fab3740fab120d1b50cc8a42508faaf26dbbc40703a574af26ad7
urn:ure:smg:re_FunctionVariant:rmge01-usasm:8008b3d0	0x8008B3D0	16	func_8008B3D0		abd0438783c01f7817ffdfd7cebd7c553869f6a511a1ddcc698ebb4b400f3a6b
urn:ure:smg:re_FunctionVariant:rmge01-usasm:8008b3e0	0x8008B3E0	16	func_8008B3E0		a03ae01e8a33d1c72a47f66405844dea28b5e191cfdab6f3ac1166992ea50ed5
urn:ure:smg:re_FunctionVariant:rmge01-usasm:8008c0e0	0x8008C0E0	16	func_8008C0E0		f2f2f2cdb7258bae5334b3e93298d2b8442e9ae93c4401125d3ae81d05b0a1f4
urn:ure:smg:re_FunctionVariant:rmge01-usasm:8008c0f0	0x8008C0F0	16	func_8008C0F0		c64d942f4fb8716949865a7552ed9513fc04ddb6e5916ffafa20736a4521378f
urn:ure:smg:re_FunctionVariant:rmge01-usasm:8008c100	0x8008C100	16	func_8008C100		24c5776153044bfabd4e1190e835c97c7ab4cde301d7350e827b262c73fddb03
urn:ure:smg:re_FunctionVariant:rmge01-usasm:8008c824	0x8008C824	16	func_8008C824		3331a14e7a8b5977a80a9a2a4b69c9d7c71c7004a8d3dd2f3902802feb7cbbc6
urn:ure:smg:re_FunctionVariant:rmge01-usasm:8008c834	0x8008C834	16	func_8008C834		3e281cb377ac79bd55a8c7ea65511c3589c5a6098bde184f305647e396e553e9
urn:ure:smg:re_FunctionVariant:rmge01-usasm:8008c844	0x8008C844	16	func_8008C844		e8ab45ff268c3854ef4affa97c0eb9d44548f420a6a52c6d62d520654aa6859c
urn:ure:smg:re_FunctionVariant:rmge01-usasm:8008c854	0x8008C854	16	func_8008C854		3efa29be95bc4bd9b6308d0f6fc16ddb320207db5e8540ccfe68e4af76d6e371
urn:ure:smg:re_FunctionVariant:rmge01-usasm:8008d52c	0x8008D52C	16	func_8008D52C		5df9d387d6b032166e7a62a6229e51da1ac99b590a055432557f069548dcb0b6
urn:ure:smg:re_FunctionVariant:rmge01-usasm:8008d53c	0x8008D53C	16	func_8008D53C		1a77405a09ec0ba0d2d16481b4bb9fb31c5a5f7dac9615636c49fd312eed62b9
urn:ure:smg:re_FunctionVariant:rmge01-usasm:8008d54c	0x8008D54C	16	func_8008D54C		c8bfc1b77563564442ded5d3719a2a8f162415e21b14dc16925a20a9f3227bf8
urn:ure:smg:re_FunctionVariant:rmge01-usasm:8008d55c	0x8008D55C	16	func_8008D55C		f5f144760c22cd6dfc9b638e92b388e28dce71d88389f01a04dd4dd8f1830103
urn:ure:smg:re_FunctionVariant:rmge01-usasm:8008d56c	0x8008D56C	16	func_8008D56C		e6fdc950ef6086767f3c23c679f5eb9e5e83b59c622c8ae94b5eea05f0239af1
urn:ure:smg:re_FunctionVariant:rmge01-usasm:8008d57c	0x8008D57C	16	func_8008D57C		a97fb080657a0694c2adc1668bb9271548f68e3d9eb1de47a38feb79f9d6ed5a
urn:ure:smg:re_FunctionVariant:rmge01-usasm:8008d58c	0x8008D58C	16	func_8008D58C		639f9d8b02f3a609efa2c7e8a30d5ec34efbb0383039dd6b75520010273e594a
urn:ure:smg:re_FunctionVariant:rmge01-usasm:8008d59c	0x8008D59C	16	func_8008D59C		2df5338488c889f889eee25a5dd977cec965a96c2f64f2b90379917084408e40
urn:ure:smg:re_FunctionVariant:rmge01-usasm:8008d5ac	0x8008D5AC	16	func_8008D5AC		6327ca464f7cf945b5c80ee9deb4848ba87b428839a0dc9b962c6e4338ad1b0f
urn:ure:smg:re_FunctionVariant:rmge01-usasm:8008dea4	0x8008DEA4	16	func_8008DEA4		9f9664a5560e99b02ce748fb425a0a92b86727b54b39549bf6a58ee602ea5eeb
urn:ure:smg:re_FunctionVariant:rmge01-usasm:8008deb4	0x8008DEB4	16	func_8008DEB4		bba66a4991a3040bcd6d677c0ad1ce0d4c09d5c5cfc825cb424106a4ce834fa9
urn:ure:smg:re_FunctionVariant:rmge01-usasm:8008dec4	0x8008DEC4	16	func_8008DEC4		9ff032e8c18c125a1741683d4d9b9f32f01f4f60a001f0bdd1431fc6f1e4fc49
urn:ure:smg:re_FunctionVariant:rmge01-usasm:8008ded4	0x8008DED4	16	func_8008DED4		61160c71284701fc444266e2ae659fc8f69037c0c7020ae231203243e7f91721
urn:ure:smg:re_FunctionVariant:rmge01-usasm:8008dee4	0x8008DEE4	16	func_8008DEE4		46c1c53218ac50d50cc0e542cc00726a43e8a90d944ff6d0e31d3d6036a75dc9
urn:ure:smg:re_FunctionVariant:rmge01-usasm:8008def4	0x8008DEF4	16	func_8008DEF4		3870c91d70e01f87130e497dcab0e36a7eccd952ce3dc29ab731af606912c624
urn:ure:smg:re_FunctionVariant:rmge01-usasm:8008df04	0x8008DF04	16	func_8008DF04		abf3d45014738b3800533648f964a635d904b98a1d2aa85f4620a876359f1730
urn:ure:smg:re_FunctionVariant:rmge01-usasm:8008df60	0x8008DF60	16	func_8008DF60		04d35d3304290c7ddf97cad85fb45b7cb6767334ac21eaea94f37b68d39af2a0
urn:ure:smg:re_FunctionVariant:rmge01-usasm:8008df70	0x8008DF70	16	func_8008DF70		0d09b6660dcb8ca18831bd706d3a0433e21ad9fc1a394806fbd2662a40670ea8
urn:ure:smg:re_FunctionVariant:rmge01-usasm:8008e77c	0x8008E77C	16	func_8008E77C		7f07faa04a70499ee6394213aea148cf46ebbbd1b111e4cb2f06aab0cf6d5fb8
urn:ure:smg:re_FunctionVariant:rmge01-usasm:8008e78c	0x8008E78C	16	func_8008E78C		d7d1df2706b884286be59cd8ae97545e5aa35e71adf68402063338932e36a8eb
urn:ure:smg:re_FunctionVariant:rmge01-usasm:800900dc	0x800900DC	16	func_800900DC		31fa2be9b6e56f4c9ce3db7a5e287ac79022a08986fe199bcb69f9ed8b2b20a9
urn:ure:smg:re_FunctionVariant:rmge01-usasm:800900ec	0x800900EC	16	func_800900EC		671410a222ffd7c8d9967aaaa9e5d9e078c85a16eed362c2519565d458742775
urn:ure:smg:re_FunctionVariant:rmge01-usasm:800900fc	0x800900FC	16	func_800900FC		c575eb29901314680adaee74aaf81bd60df046ddbe875bdc816c77486c924f8b
urn:ure:smg:re_FunctionVariant:rmge01-usasm:8009010c	0x8009010C	16	func_8009010C		dac55ebbb581cf602c3117ab5156bd01f42483cc3d01c6d684fd57e0ac69aee4
urn:ure:smg:re_FunctionVariant:rmge01-usasm:8009011c	0x8009011C	16	func_8009011C		c36cc48eb34ced881231d4823d7db001132d21e7d4860c99675908f0df7cf13b
urn:ure:smg:re_FunctionVariant:rmge01-usasm:8009012c	0x8009012C	16	func_8009012C		8fdb404a1579007620a147b9e79cffb463b977848c6751af7ca03237cc67d5fc
urn:ure:smg:re_FunctionVariant:rmge01-usasm:8009013c	0x8009013C	16	func_8009013C		068cee68b9d0bee755aca409aeccc86f3fa32410a2bd4edfac3c5c2f02346632
urn:ure:smg:re_FunctionVariant:rmge01-usasm:8009014c	0x8009014C	16	func_8009014C		611be37751ed189efd22db976992719280cd1879f224d193d70586d577fe3b99
urn:ure:smg:re_FunctionVariant:rmge01-usasm:8009015c	0x8009015C	16	func_8009015C		d02e0dcc9a58fe36e5968ac74f55cd664f8920a991e15387eb3aec0eeef44b19
urn:ure:smg:re_FunctionVariant:rmge01-usasm:8009016c	0x8009016C	16	func_8009016C		3fc8cec160d09dc5cc662caafda1b252af0e83327cd8df9c2cf7dc5f8ef9affa
urn:ure:smg:re_FunctionVariant:rmge01-usasm:80090224	0x80090224	16	func_80090224		bfa74e453b7d583a3519650b4fc327eb3f7cbd2b2db6bb35c47ff300beaad9b2
urn:ure:smg:re_FunctionVariant:rmge01-usasm:800914d0	0x800914D0	16	func_800914D0		5b0271df73be3307f659681486c30eb6e6be118c3801c87df76e838eba5ba7da
urn:ure:smg:re_FunctionVariant:rmge01-usasm:800914e0	0x800914E0	16	func_800914E0		74576ffcc8de5f0c136c90153561d8a3e205c684b7aa892beb69a345c5f0d10d
urn:ure:smg:re_FunctionVariant:rmge01-usasm:80091808	0x80091808	16	func_80091808		28b9fcd695dd3e5a9cdf9ff8f98ffa0f79df0419bb7a090b24548f791dfe8bab
urn:ure:smg:re_FunctionVariant:rmge01-usasm:80091d40	0x80091D40	16	func_80091D40		a4c2b661fcb864de22cb3a8f3fb268613725798e476e0df8acc16bb87e04fd25
urn:ure:smg:re_FunctionVariant:rmge01-usasm:80091d50	0x80091D50	16	func_80091D50		a8db8cbea87cd02f881b5b9eb991aaa706452f5786ab6c8449fd53fe057e6e31
urn:ure:smg:re_FunctionVariant:rmge01-usasm:80091d60	0x80091D60	16	func_80091D60		a1c1330c01c1b20e3aceb6d5facb3b25d180eec1fbc8a4a4e650e7042cf56334
urn:ure:smg:re_FunctionVariant:rmge01-usasm:80091d70	0x80091D70	16	func_80091D70		f83b83c69b39efc27d6c128b69275ae4b8f019ad92674fabb18e783d81aecdee
urn:ure:smg:re_FunctionVariant:rmge01-usasm:80091d80	0x80091D80	16	func_80091D80		e44c0c48114f87ef9a1808a2d5702a27a26a282b1169d5837fa4068e4a89a087
urn:ure:smg:re_FunctionVariant:rmge01-usasm:80091d90	0x80091D90	16	func_80091D90		3e7399c344767e71cba78fec1dbdb027dc879cdd9d3447ef360d6cf2f0ec7712
urn:ure:smg:re_FunctionVariant:rmge01-usasm:80091da0	0x80091DA0	16	func_80091DA0		bc9b0c6cebe1e34f423182245360fcc9944502374316996b51eb25151f7fc304
urn:ure:smg:re_FunctionVariant:rmge01-usasm:80091db0	0x80091DB0	16	func_80091DB0		ad5fd5780c9591280c2599ac4237abeae34d59306f61e916680173e2ad0b51b5
urn:ure:smg:re_FunctionVariant:rmge01-usasm:80091dc0	0x80091DC0	16	func_80091DC0		bd2e9870a84756ca5dd80010630563a2389bf131d059c7b41afa7a717eaddea0
urn:ure:smg:re_FunctionVariant:rmge01-usasm:80097654	0x80097654	16	func_80097654		06ab88cfdd326f36a3abe96d2c23edc82a729942c51d2373710835c376ab112e
urn:ure:smg:re_FunctionVariant:rmge01-usasm:80097830	0x80097830	16	func_80097830		e14efd27f6365863c52d91d982c23c27c76f0790700e572169c8f7f78fc9bdc2
urn:ure:smg:re_FunctionVariant:rmge01-usasm:80099294	0x80099294	16	func_80099294		5b48b4478d1f2e9e6948d3ce12f32a025508dfedb57c506d47414a70538be38f
urn:ure:smg:re_FunctionVariant:rmge01-usasm:80099e8c	0x80099E8C	16	func_80099E8C		0dacb7c5830eb84fc9f1e5ceabf35f960fbfe57b39e132f22aa54310dcf66f0c
urn:ure:smg:re_FunctionVariant:rmge01-usasm:8009a084	0x8009A084	16	func_8009A084		b9800d90ab4bd5b6aa44c6502ccf40e454146ca7b5fb5b8b13130cb2ba242804
urn:ure:smg:re_FunctionVariant:rmge01-usasm:800a0dfc	0x800A0DFC	16	func_800A0DFC		dbe56d7d0c39d4a9582d9dc1e3c4f20d303e7c4a59cb13dcdfd02a0e158811f0
urn:ure:smg:re_FunctionVariant:rmge01-usasm:800a9470	0x800A9470	16	func_800A9470		45a98bd36aa0b9732e557a193ca321b2d311c515a0133ef204740a1e717aab4e
urn:ure:smg:re_FunctionVariant:rmge01-usasm:800b7dc0	0x800B7DC0	16	func_800B7DC0		2ce39a6aeafbfebb827176288476e7fdeb0a098aab1136e8f11b5f80d23a4ee2
urn:ure:smg:re_FunctionVariant:rmge01-usasm:800b7dd0	0x800B7DD0	16	func_800B7DD0		0d55e5f8e8a5b11c7d743dae74a4e63d4289f073d1beae8c4fdc4897539f6bb5
urn:ure:smg:re_FunctionVariant:rmge01-usasm:800b7de0	0x800B7DE0	16	func_800B7DE0		dcccc48be6716d3d93d491cdf2c2aba81b8b66c4417736879a221cecf36e02f4
urn:ure:smg:re_FunctionVariant:rmge01-usasm:800b7df0	0x800B7DF0	16	func_800B7DF0		2eb1626ffa182f002567ca6e60437764d480e2c77af0d697077a1aa0a2eb43dd
urn:ure:smg:re_FunctionVariant:rmge01-usasm:800b9c08	0x800B9C08	16	func_800B9C08		dbe56d7d0c39d4a9582d9dc1e3c4f20d303e7c4a59cb13dcdfd02a0e158811f0
urn:ure:smg:re_FunctionVariant:rmge01-usasm:800b9e74	0x800B9E74	16	func_800B9E74		78eed73a42071a6eb32a7358b8d167941367aa69ef438c702c9e12c48e1e2e88
urn:ure:smg:re_FunctionVariant:rmge01-usasm:800bcbec	0x800BCBEC	16	func_800BCBEC		7aaa89d17da6222b10f21c170e2df252df8916012ddcfef04509d1facde19888
urn:ure:smg:re_FunctionVariant:rmge01-usasm:800bcbfc	0x800BCBFC	16	func_800BCBFC		2c1eb19b4e6af8f1c474f54e7817810fdaf7f15b14477d980e96c35a89db9948
urn:ure:smg:re_FunctionVariant:rmge01-usasm:800bdaec	0x800BDAEC	16	func_800BDAEC		1f1dce3d2ee1f5d289a3c4512510ab9d717752df9657ae4b0af1a139caf45b76
urn:ure:smg:re_FunctionVariant:rmge01-usasm:800c0ac4	0x800C0AC4	16	func_800C0AC4		4ec0746ca3a91c45665c09336c3cee8be8fc5735818439d53e2fc18480a62f63
urn:ure:smg:re_FunctionVariant:rmge01-usasm:800c0ad4	0x800C0AD4	16	func_800C0AD4		a1dda584e151d721fbe56d485d404beaedccc64cd8e277f25c2afc85b1b53ab1
urn:ure:smg:re_FunctionVariant:rmge01-usasm:800c0ae4	0x800C0AE4	16	func_800C0AE4		1f732642bb1c25f0bc1fb18350383f76b5a05dd46200d0a6b60f18318cb8ce9c
urn:ure:smg:re_FunctionVariant:rmge01-usasm:800c0af4	0x800C0AF4	16	func_800C0AF4		e4e5d828fad6847fdc3e5842956aef64b227faf8bb4c593a99d21b503877086d
urn:ure:smg:re_FunctionVariant:rmge01-usasm:800c0b04	0x800C0B04	16	func_800C0B04		8e6ebd085db984753f70dc23bb7c4bfa6ce706cd9f879cb9aae84e6082087167
urn:ure:smg:re_FunctionVariant:rmge01-usasm:800c0b14	0x800C0B14	16	func_800C0B14		088b4d079a598fa19c7cea692a13d341c4e3267dd9c87d0de1d8d6bd49aea556
urn:ure:smg:re_FunctionVariant:rmge01-usasm:800c1758	0x800C1758	16	func_800C1758		20214976f704d78e8676b7bba68c1be46aac48b296cf330b6df316ba8ef48e4b
urn:ure:smg:re_FunctionVariant:rmge01-usasm:800c1768	0x800C1768	16	func_800C1768		b8a59ffb476dc8c6b26361eb050fd87dc3e19779a3acc053bb7b9e9efbe6a007
urn:ure:smg:re_FunctionVariant:rmge01-usasm:800c1778	0x800C1778	16	func_800C1778		91a083acd53379a3fdd1f592ea5dbed5877d565f4b6fa463b969ccd886a7e828
urn:ure:smg:re_FunctionVariant:rmge01-usasm:800c1788	0x800C1788	16	func_800C1788		74d79267c5b375d9735a88fae80e23d92febed64ccdc2de3f704329707afb80e
urn:ure:smg:re_FunctionVariant:rmge01-usasm:800c1798	0x800C1798	16	func_800C1798		1fa1a26ff4d14e8a7b52da984b0ceb69bc0971a6000dbe7deaae58cea82ec517
urn:ure:smg:re_FunctionVariant:rmge01-usasm:800c17a8	0x800C17A8	16	func_800C17A8		477e5de0b499d2258a418f819098588aeffc30d2f28c0ea71535451bcbb6764b
urn:ure:smg:re_FunctionVariant:rmge01-usasm:800c17b8	0x800C17B8	16	func_800C17B8		201397624c9672c12fe4a85fa3b439288d330a2f489c91618baca4f8d8ad6e12
urn:ure:smg:re_FunctionVariant:rmge01-usasm:800c17c8	0x800C17C8	16	func_800C17C8		1b9f36cdeb7edfe509e47180e584a57329262ce2b72adf1f0fa22f8f212b1ef1
urn:ure:smg:re_FunctionVariant:rmge01-usasm:800c30c0	0x800C30C0	16	func_800C30C0		ca3bf2bf9b42ad0953d54a3fb574909000adc7e1dd12877a33e2e0e3915b734f
urn:ure:smg:re_FunctionVariant:rmge01-usasm:800c30d0	0x800C30D0	16	func_800C30D0		2cc0355c34c91ecc47a734bfd41a8381aa41fece079ebc40f970935a3201a6c7
urn:ure:smg:re_FunctionVariant:rmge01-usasm:800c30e0	0x800C30E0	16	func_800C30E0		7334989adf85b9e059ebef235148245763ed9a4419611a086a3d66c94fde4562
urn:ure:smg:re_FunctionVariant:rmge01-usasm:800c30f0	0x800C30F0	16	func_800C30F0		e3aa8d6fa81216d5213ab038385c2df2cce72afda84f005de46f1d9f087248c7
urn:ure:smg:re_FunctionVariant:rmge01-usasm:800c3100	0x800C3100	16	func_800C3100		7fd602dd6709e9b52cfd65578ee22b19aaa99697e4ccf2f90124682d6e066092
urn:ure:smg:re_FunctionVariant:rmge01-usasm:800c3f54	0x800C3F54	16	func_800C3F54		bda49c3f36ae0ee56e08ffc6179d9cb1c2b2060acc662cc17108302ee7f22a15
urn:ure:smg:re_FunctionVariant:rmge01-usasm:800c3f64	0x800C3F64	16	func_800C3F64		5aae093f771d9c962e0c479142453a34a45333554b54fbdb56d5137ff8664930
urn:ure:smg:re_FunctionVariant:rmge01-usasm:800c3f74	0x800C3F74	16	func_800C3F74		43f8dde1696965b648159d797d43db12b4043b7e717986ed60b82e74d8fc0aa2
urn:ure:smg:re_FunctionVariant:rmge01-usasm:800c3f84	0x800C3F84	16	func_800C3F84		9d34080d89f25d55c2d7fb42d7170a0542467c08e1903ba7fbf48917706ca979
urn:ure:smg:re_FunctionVariant:rmge01-usasm:800c3f94	0x800C3F94	16	func_800C3F94		dd9857dfac3cc645e5fc4702b9e8db93d46ef17428914e5623f49db214df9269
urn:ure:smg:re_FunctionVariant:rmge01-usasm:800c3fa4	0x800C3FA4	16	func_800C3FA4		1af94876db4d3b4295235633ec7972d98160b9aa6c74cc2975e5c33ca1502fcf
urn:ure:smg:re_FunctionVariant:rmge01-usasm:800c3fb4	0x800C3FB4	16	func_800C3FB4		966899807d1794633f3fcf080b8d15b2dc9ff160a99f6a37d6a47950c301042b
urn:ure:smg:re_FunctionVariant:rmge01-usasm:800c3fc4	0x800C3FC4	16	func_800C3FC4		c401d04a5d1f3cf9d7924bd2f4efb12d8374dbc74cb133278b408b4299db9ca6
urn:ure:smg:re_FunctionVariant:rmge01-usasm:800c3fd4	0x800C3FD4	16	func_800C3FD4		b8f2a7a0f62f432aeb1054afd914c28725a87fc3bece265959968efc1ff5c28f
urn:ure:smg:re_FunctionVariant:rmge01-usasm:800c6080:100380	0x800C6080	16	func_800C6080	Effect	2d5b2be674190381e6b5ba216bfb5071b0956ad8bba50487ba9a3ccb905890f7
urn:ure:smg:re_FunctionVariant:rmge01-usasm:800c6b84:100409	0x800C6B84	16	func_800C6B84	Effect	81d0ea7de466d6bb5dad2e39f2f7db499c98a3b9c13615e240da769bd7a50495
urn:ure:smg:re_FunctionVariant:rmge01-usasm:800c7e7c:100445	0x800C7E7C	16	func_800C7E7C	Effect	24ae214bc47faf08a05f624ec3d12faff439ca8adbd1784a779a2d038afd289e
urn:ure:smg:re_FunctionVariant:rmge01-usasm:800c8ae4:100459	0x800C8AE4	16	func_800C8AE4	Effect	d939367ed122f1d75768cdf75437e1c69e3e445de1dd3eab4380731437539939
urn:ure:smg:re_FunctionVariant:rmge01-usasm:800c8af4:100460	0x800C8AF4	16	func_800C8AF4	Effect	6c17699a7da1c500db8af56ecf51a295f6701924d99e6ee9e8f44196e825a1d0
urn:ure:smg:re_FunctionVariant:rmge01-usasm:800cad34:100502	0x800CAD34	16	func_800CAD34	Effect	2caa378faa81eff0651df8f169e225105520bce89362de06253faad98d50bffa
urn:ure:smg:re_FunctionVariant:rmge01-usasm:800cbe8c	0x800CBE8C	16	func_800CBE8C		f7db68699c3a45faf8b95f6b506b65a63f15a57fb169231705aa41bd73dc8b4d
urn:ure:smg:re_FunctionVariant:rmge01-usasm:800cbe9c	0x800CBE9C	16	func_800CBE9C		a68275d57a65bcb5021f9fba4cc50ed85a6467e646ebea32ac9b6644ec5d412f
urn:ure:smg:re_FunctionVariant:rmge01-usasm:800cbeac	0x800CBEAC	16	func_800CBEAC		107c7577a87a7b24810c17388d63c0ddfbfee76effc0f69a4a7fbdc8e80a49a6
urn:ure:smg:re_FunctionVariant:rmge01-usasm:800cbebc	0x800CBEBC	16	func_800CBEBC		3ab9dbdd4b2a0ba647ed4c8f9c368bd5d772dda71c2b0595d6f4b8c2656efb4a
urn:ure:smg:re_FunctionVariant:rmge01-usasm:800cc200	0x800CC200	16	func_800CC200		8670ec9e2109711f59c89820fe538788c67617df4bc85169514754c5b651edda
urn:ure:smg:re_FunctionVariant:rmge01-usasm:800cca20	0x800CCA20	16	func_800CCA20		e0a86f1dbd747ba14b47ccb5bae771c8f01242a278ba29ecacb3523197877d81
urn:ure:smg:re_FunctionVariant:rmge01-usasm:800cca30	0x800CCA30	16	func_800CCA30		d6163002dabe5263d1613927eba2b3d9aa30778530a765298fdba571d76c414e
urn:ure:smg:re_FunctionVariant:rmge01-usasm:800cd768	0x800CD768	16	func_800CD768		7ccf9ae8103c6fabb05ba6afbd7c05ca1b0fb13005c942ec51c4bc098d2c1110
urn:ure:smg:re_FunctionVariant:rmge01-usasm:800cd778	0x800CD778	16	func_800CD778		3f8fb93b9c411cc42b40c15da786a844a74bc2e4f69e7c6a6e662ef4d4989634
urn:ure:smg:re_FunctionVariant:rmge01-usasm:800cd788	0x800CD788	16	func_800CD788		b59ff4429ec3dc00d8999f620a4988f278449095086121ad0af1af51828e5173
urn:ure:smg:re_FunctionVariant:rmge01-usasm:800cfadc	0x800CFADC	16	func_800CFADC		c7cf21e0d0c4ac1707d7bc6728c6865202bcb34251912b60ee2476d197509be1
urn:ure:smg:re_FunctionVariant:rmge01-usasm:800cfaec	0x800CFAEC	16	func_800CFAEC		0c0704850af20bdff6f946b30de69faffc97f0cf71b7863e8fb155f1e475f7e2
urn:ure:smg:re_FunctionVariant:rmge01-usasm:800cfafc	0x800CFAFC	16	func_800CFAFC		61b96fe6cb3c28b2c40a09487dcc1fc9790155e38545af262b11234e6f9fdfba
urn:ure:smg:re_FunctionVariant:rmge01-usasm:800cfb0c	0x800CFB0C	16	func_800CFB0C		ac7b644c67d7eee704252de2ccdcb691fa4722b3f24bc2a699016adb8adc71d9
urn:ure:smg:re_FunctionVariant:rmge01-usasm:800cfb1c	0x800CFB1C	16	func_800CFB1C		6f7d85873bc3bd492445b92d41424d912e38a1b3faa6b17d5faf5277d400e717
urn:ure:smg:re_FunctionVariant:rmge01-usasm:800cfb2c	0x800CFB2C	16	func_800CFB2C		38aa5072e51fc9d844b6abc3ffb1ede5461efc4433a91a13b11d50c3621f63f8
urn:ure:smg:re_FunctionVariant:rmge01-usasm:800cfb3c	0x800CFB3C	16	func_800CFB3C		f36917db08809242132dfa34200098933a386ee38972a1fc7ed2ca8a1bb9548a
urn:ure:smg:re_FunctionVariant:rmge01-usasm:800cfb4c	0x800CFB4C	16	func_800CFB4C		d6fe00503e69e98a83babcdc3b099712787cfce6f60aa0e076903da773318038
urn:ure:smg:re_FunctionVariant:rmge01-usasm:800cfb5c	0x800CFB5C	16	func_800CFB5C		8312879cb9ca55739007ee98dcc60ce9899c343b6b2f01ab2d968447bc331f22
urn:ure:smg:re_FunctionVariant:rmge01-usasm:800cfb6c	0x800CFB6C	16	func_800CFB6C		fa315fd1301b0cebea81c7f59f3c8c273ed5b74d78e27e02691d6b67af2e4604
urn:ure:smg:re_FunctionVariant:rmge01-usasm:800cfb7c	0x800CFB7C	16	func_800CFB7C		6b863a7973711fdb65eb2013a242e7a7583358f00d2ba55b2cc630e7ca6a35b0
urn:ure:smg:re_FunctionVariant:rmge01-usasm:800cfb8c	0x800CFB8C	16	func_800CFB8C		84dbec7b469699b24f82229b52ca07bc90d5e2250bbc8e739ed0dd6bebfe5bd8
urn:ure:smg:re_FunctionVariant:rmge01-usasm:800cfb9c	0x800CFB9C	16	func_800CFB9C		5f252ccd8fbe6e0a1fc4dcee9a54f6f5f03a59136758c15237b0b886bf90db9c
urn:ure:smg:re_FunctionVariant:rmge01-usasm:800cfbac	0x800CFBAC	16	func_800CFBAC		afb4f45b68e4607e27947df149fcf052250b8538ccb824483a5c976726325a1e
urn:ure:smg:re_FunctionVariant:rmge01-usasm:800cfbbc	0x800CFBBC	16	func_800CFBBC		624c3dc11f2a71bf1253beae730e2bddb810b2944117d71ae29cfc587b2b3cec
urn:ure:smg:re_FunctionVariant:rmge01-usasm:800cfbcc	0x800CFBCC	16	func_800CFBCC		f576afed476e2d8bec9333ebbad397b3ce0cd07274e6f7afc332af203becc3f7
urn:ure:smg:re_FunctionVariant:rmge01-usasm:800cfbdc	0x800CFBDC	16	func_800CFBDC		c0afcf734ac5589e1b63886c12645059934b492c33c65ff0f0a8ed7f82a9992b
urn:ure:smg:re_FunctionVariant:rmge01-usasm:800d140c	0x800D140C	16	func_800D140C		06eb8250862aa24c8b40a1211ae30e81d9482bf43d8737d87e0b8e51764480cc
urn:ure:smg:re_FunctionVariant:rmge01-usasm:800d141c	0x800D141C	16	func_800D141C		fca1855ffcc1c90ca32f83c2fd9b7d8c27b4a16910fb7665f65bb5b4de3bc8fb
urn:ure:smg:re_FunctionVariant:rmge01-usasm:800d142c	0x800D142C	16	func_800D142C		302c5e38f4243a71dc0a49062d30c3a3dd18e56c8c9a1f7f42cf865cf13e8122
urn:ure:smg:re_FunctionVariant:rmge01-usasm:800d143c	0x800D143C	16	func_800D143C		bf601f647bb00386e37bdab8f6a73de829c5c0a656068d58c95e30aa49173dbb
urn:ure:smg:re_FunctionVariant:rmge01-usasm:800d144c	0x800D144C	16	func_800D144C		a9d8180e3a5cd36c31c4917d46429fc5be4cfc67d8ca3a330ed1daa23301786f
urn:ure:smg:re_FunctionVariant:rmge01-usasm:800d145c	0x800D145C	16	func_800D145C		8ee2778f1accad5a7e4bddd5ee9fb180c35642706cbf60b45a06463c59e48a25
urn:ure:smg:re_FunctionVariant:rmge01-usasm:800d146c	0x800D146C	16	func_800D146C		19d0d90b53a299d8e53e66c693906fb4176e4d1643cbd7a8a74cf443fb3a67b9
urn:ure:smg:re_FunctionVariant:rmge01-usasm:800d147c	0x800D147C	16	func_800D147C		b933db22d2aea0723aabeba961f0c25d3d5dbfd75f4c86a4bf9b622a7e3450e4
urn:ure:smg:re_FunctionVariant:rmge01-usasm:800d148c	0x800D148C	16	func_800D148C		2bf31ed732c34a33d9b3d6960a4d5d9d9fb13c925dc62834d0f90416a5b630a4
urn:ure:smg:re_FunctionVariant:rmge01-usasm:800d149c	0x800D149C	16	func_800D149C		a9ed0d3e2ca4ab359b257d0a1edcef83a8803639ade91fe98ef5473cf3bd6253
urn:ure:smg:re_FunctionVariant:rmge01-usasm:800d14ac	0x800D14AC	16	func_800D14AC		8eb5727f4e456cf6bc8a9ef5bda3282e17471d88d16f10963e96979598dddc49
urn:ure:smg:re_FunctionVariant:rmge01-usasm:800d14bc	0x800D14BC	16	func_800D14BC		5bf324673670655cdb94577e83d1c14422bf61f9b96bdc8756a6a1e5b1ddb839
urn:ure:smg:re_FunctionVariant:rmge01-usasm:800d14cc	0x800D14CC	16	func_800D14CC		4086fbc9fe91c4dd91f1e9919dd87fbc3e029742810a93c22f9f742d775f8ae5
urn:ure:smg:re_FunctionVariant:rmge01-usasm:800d14dc	0x800D14DC	16	func_800D14DC		4395ac08e43390467345e9c35312bef53e0aa63c7f6faa936ed5083b6e938ab9
urn:ure:smg:re_FunctionVariant:rmge01-usasm:800d14ec	0x800D14EC	16	func_800D14EC		39af5bf13b0dc5fcb0fd741bd007e3d73e7ffc90b6880bcddeca82ecf3e3b35e
urn:ure:smg:re_FunctionVariant:rmge01-usasm:800d14fc	0x800D14FC	16	func_800D14FC		cc673c93ec5cac3beee33f8f99c0eaf94836dcc63b9dbb3c6e2f7ea73b707fce
urn:ure:smg:re_FunctionVariant:rmge01-usasm:800d150c	0x800D150C	16	func_800D150C		0d52f95e723f636f9549e9219db74285da20428c84f722bac5db47fcddcd7e30
urn:ure:smg:re_FunctionVariant:rmge01-usasm:800d151c	0x800D151C	16	func_800D151C		2d6ee56272f02d735044c6d1938d7577d94e9992e2a25088c43e1babf022721a
urn:ure:smg:re_FunctionVariant:rmge01-usasm:800d152c	0x800D152C	16	func_800D152C		356c2e980b21ef0e99c2e48aabf13e238271bd4ddbf9001df8a035742059f81a
urn:ure:smg:re_FunctionVariant:rmge01-usasm:800d4ba8	0x800D4BA8	16	func_800D4BA8		d1e16e7105b1bdbf21815b92f0a7e663f5ea81bb0d5154eaf2f88bdec61b576d
urn:ure:smg:re_FunctionVariant:rmge01-usasm:800d4bb8	0x800D4BB8	16	func_800D4BB8		3774ef7be84e0b3dcc91e406308d65a29144097814fdfa4864d5d0832d453186
urn:ure:smg:re_FunctionVariant:rmge01-usasm:800d5770	0x800D5770	16	func_800D5770		a14cbceaaebdf82b81cc9d215bc935264c09cba389ff28109787762a3c8e1c66
urn:ure:smg:re_FunctionVariant:rmge01-usasm:800d5780	0x800D5780	16	func_800D5780		6f5fc59da9030f0469ca94d9f03c67c7bdf662216b3aa46ebe8e7f9c26e6ffb5
urn:ure:smg:re_FunctionVariant:rmge01-usasm:800d5790	0x800D5790	16	func_800D5790		5f75aac17c7c60ff834555da0eeda368ba1ffd55fa98dc36bc1fe63e40f5d3e7
urn:ure:smg:re_FunctionVariant:rmge01-usasm:800d57a0	0x800D57A0	16	func_800D57A0		36499cbc3c1c192daf57156c3f50094ec47e20bd1a98c660008abc8e43d7d2b9
urn:ure:smg:re_FunctionVariant:rmge01-usasm:800d57b0	0x800D57B0	16	func_800D57B0		eaa3f2b41dd80f3ebf32605290a64a41976062b6051d8f5b31b71d3a3b54c260
urn:ure:smg:re_FunctionVariant:rmge01-usasm:800d6fd8	0x800D6FD8	16	func_800D6FD8		10d8a6cfff2dea7c6fd4473081b6bb07262bd2e7365a5e597c0f442bed71b5d8
urn:ure:smg:re_FunctionVariant:rmge01-usasm:800d6fe8	0x800D6FE8	16	func_800D6FE8		4b7fb3ca8ed441bcefddf764d6c21a8531a414e04756a5127cbb8c31a9582300
urn:ure:smg:re_FunctionVariant:rmge01-usasm:800d6ff8	0x800D6FF8	16	func_800D6FF8		b630f216205d3cbbad2df2a75d3288b6aa06176b830f4f29eb12630842aac973
urn:ure:smg:re_FunctionVariant:rmge01-usasm:800d7008	0x800D7008	16	func_800D7008		390936ff2b985beb3100092db7989f6952a90051cfc2e2ca6ef9c0f3f97c96e5
urn:ure:smg:re_FunctionVariant:rmge01-usasm:800d7018	0x800D7018	16	func_800D7018		c38a41c1b25cd76ff34b4a2addbf537ce3c083a0247ce7df772d214c4ca3b895
urn:ure:smg:re_FunctionVariant:rmge01-usasm:800d7028	0x800D7028	16	func_800D7028		63e6ae82040d6c8c0059dcf912eecaeec1809ccb150487825902bd03ba1c4851
urn:ure:smg:re_FunctionVariant:rmge01-usasm:800d7038	0x800D7038	16	func_800D7038		5d3b8e230b5261f9317bffcc7991db7c649025b28e500dc75823e7d439bca19e
urn:ure:smg:re_FunctionVariant:rmge01-usasm:800d7048	0x800D7048	16	func_800D7048		696f4e1504b2a35bebfceaf60ee14b3f688ec7dba6073e84a5e2361e757bfc0c
urn:ure:smg:re_FunctionVariant:rmge01-usasm:800d7058	0x800D7058	16	func_800D7058		c5c0fef1c8feef18e16a517e12480d8c5ffe88fbb1bc8547470265f51b555408
urn:ure:smg:re_FunctionVariant:rmge01-usasm:800d7068	0x800D7068	16	func_800D7068		cc27501871038ec559ae456c11df78370ae9b2b8d83f2c94b53105c24e094081
urn:ure:smg:re_FunctionVariant:rmge01-usasm:800d7078	0x800D7078	16	func_800D7078		9d08950348ef058a11dd15742d1344438518b8fc40cb615afbff1dd47655c178
urn:ure:smg:re_FunctionVariant:rmge01-usasm:800d7088	0x800D7088	16	func_800D7088		1162da728e9e02aa16904fbfb857d510bb88b4afc44f9edebc5cdcc771c40517
urn:ure:smg:re_FunctionVariant:rmge01-usasm:800d7098	0x800D7098	16	func_800D7098		b174576d5dd775889627425a792a225014583ee681730d557315194ff56ce81a
urn:ure:smg:re_FunctionVariant:rmge01-usasm:800d70a8	0x800D70A8	16	func_800D70A8		a902a0e87c8acf02623306ab37441d902041a0e440746c59d498a50927c2037d
urn:ure:smg:re_FunctionVariant:rmge01-usasm:800d70b8	0x800D70B8	16	func_800D70B8		1ca49c74300dde3317768026b563183bc933449d480a16e45cc83c6b806417fc
urn:ure:smg:re_FunctionVariant:rmge01-usasm:800d70c8	0x800D70C8	16	func_800D70C8		7d7890620bca97cf3dbe81a8cf294cc675a0a3a66cc7623f8fa0bbabe764a736
urn:ure:smg:re_FunctionVariant:rmge01-usasm:800d70d8	0x800D70D8	16	func_800D70D8		2ada146f321b5337c6386d54fbc55331a9dfcb4d35b5fdbe53e7a0792b6fc6ce
urn:ure:smg:re_FunctionVariant:rmge01-usasm:800d70e8	0x800D70E8	16	func_800D70E8		f2e5272d5a5d612c6cb74c841021f7dd867fd349c144cbaf93c0de1aa2936de2
urn:ure:smg:re_FunctionVariant:rmge01-usasm:800d941c	0x800D941C	16	func_800D941C		fe2b841974c21983a038a0d4d7236d1ef3716d77ece4e67b52234d96489eef97
urn:ure:smg:re_FunctionVariant:rmge01-usasm:800d942c	0x800D942C	16	func_800D942C		0a0791ea37844174c72b715003914f89b3cdc7c8febba0516ae2cc83a4528fcc
urn:ure:smg:re_FunctionVariant:rmge01-usasm:800d943c	0x800D943C	16	func_800D943C		55e4dc6933d33060edd9b75ec4c90b644616c2378853e033d60188c3aaae5ecc
urn:ure:smg:re_FunctionVariant:rmge01-usasm:800d944c	0x800D944C	16	func_800D944C		2111516a18c9aa1eb57376595226d610af87f39fca76d1ba3c4ad7982966f9e7
urn:ure:smg:re_FunctionVariant:rmge01-usasm:800d945c	0x800D945C	16	func_800D945C		8a69c0822dc64af8c2cd3074c064ee315ba600ef6a1dd3f74b0f708832a009f0
urn:ure:smg:re_FunctionVariant:rmge01-usasm:800d946c	0x800D946C	16	func_800D946C		257862ae09ee8797dc0fa99930c2c1fd371935f6f2c59501ee5058d8bd8c57d1
urn:ure:smg:re_FunctionVariant:rmge01-usasm:800d947c	0x800D947C	16	func_800D947C		13329f3dc5fb2772891cdce24b0c6da152e06691853712575a2f3b006eee18ba
urn:ure:smg:re_FunctionVariant:rmge01-usasm:800d948c	0x800D948C	16	func_800D948C		5d6e8f32195dfdaf310f57616afc563cf15ec129a30179debabdb37093434c87
urn:ure:smg:re_FunctionVariant:rmge01-usasm:800d949c	0x800D949C	16	func_800D949C		75baf2efe76bc37a88971a3e1b9d3abadb8f2727fcfd808d2e12dcc47ae3c71e
urn:ure:smg:re_FunctionVariant:rmge01-usasm:800d94ac	0x800D94AC	16	func_800D94AC		1a94ff698dda4ea03b50ba9af6cabd0786b099dedad305cc386c46f5c815e8bb
urn:ure:smg:re_FunctionVariant:rmge01-usasm:800d94bc	0x800D94BC	16	func_800D94BC		3f74380a878575050498e2fb7d9b955db7c5dfd19bba50e004a67f75bb13cf35
urn:ure:smg:re_FunctionVariant:rmge01-usasm:800d94cc	0x800D94CC	16	func_800D94CC		cd457465310925a71a5176fc0ab75da36366d9998a2dc96410840451c7b8c975
urn:ure:smg:re_FunctionVariant:rmge01-usasm:800d94dc	0x800D94DC	16	func_800D94DC		554330b70a0c85aa04e2a2db33c2b0e7457e2ce56caef3befa99bf559cdf4b06
urn:ure:smg:re_FunctionVariant:rmge01-usasm:800d94ec	0x800D94EC	16	func_800D94EC		970f3dfd9b3e093140bb061e6f68c0feb8d9d6158fe7ee3622b2820ed9dd0823
urn:ure:smg:re_FunctionVariant:rmge01-usasm:800d94fc	0x800D94FC	16	func_800D94FC		ae8930f6038a677c4f0e268bb62fe3443582c59296ed28aeca4e0c1636e5049b
urn:ure:smg:re_FunctionVariant:rmge01-usasm:800d950c	0x800D950C	16	func_800D950C		ca585728c30603934d6d33eabbe1cc35a86535740f09592a94e666afb081cf79
urn:ure:smg:re_FunctionVariant:rmge01-usasm:800d951c	0x800D951C	16	func_800D951C		cbb70ec98ed7bb816028ed7efe20e8119a794db6f55c9767f0e565e9ab726f31
urn:ure:smg:re_FunctionVariant:rmge01-usasm:800d952c	0x800D952C	16	func_800D952C		b57fd4a910921456d3205abe3d99155ef56aa74437b635da6eb1489ad24dacc0
urn:ure:smg:re_FunctionVariant:rmge01-usasm:800d953c	0x800D953C	16	func_800D953C		748037ff8bc4156b9d07245905f4829854c7134ea3a41ec91fc6887999a3df00
urn:ure:smg:re_FunctionVariant:rmge01-usasm:800d9ef0	0x800D9EF0	16	func_800D9EF0		4f9aa905eb6523c364c81b07dd731550344d73a418adae659f4f8c94e06e0cf2
urn:ure:smg:re_FunctionVariant:rmge01-usasm:800d9f00	0x800D9F00	16	func_800D9F00		70d7e69193958824cdfc661b149b77311316aed9eb8d37d2d83d1d503ea2a348
urn:ure:smg:re_FunctionVariant:rmge01-usasm:800d9f10	0x800D9F10	16	func_800D9F10		910b4843103285eee7b160d267829ed606c07a62ba8d01410f12d017017c521b
urn:ure:smg:re_FunctionVariant:rmge01-usasm:800d9f20	0x800D9F20	16	func_800D9F20		e956a735886fcafeda06714b1a36d2c112d60a86c62d900b6c439311f6205abf
urn:ure:smg:re_FunctionVariant:rmge01-usasm:800dad38	0x800DAD38	16	func_800DAD38		4c8ab27517f2cc63cb4caff0d8034b23ce17fb3fff7687f25a44716c7851b36a
urn:ure:smg:re_FunctionVariant:rmge01-usasm:800dad48	0x800DAD48	16	func_800DAD48		4e3769707615889304dbcb01305c6cd757f4ed86c3e70a97d3b021c1dfe5a23e
urn:ure:smg:re_FunctionVariant:rmge01-usasm:800dad58	0x800DAD58	16	func_800DAD58		ee4291d7397cfef5488d158c4991e1128400ee8dcf9239783007b4b0b6ef5b5a
urn:ure:smg:re_FunctionVariant:rmge01-usasm:800dad68	0x800DAD68	16	func_800DAD68		75257640d21925bfdf6b61ff3aacc4aa2002faeeaa1469768c93a0f8569728a2
urn:ure:smg:re_FunctionVariant:rmge01-usasm:800dad78	0x800DAD78	16	func_800DAD78		7bc5a99c5ecdeee3653893d859b6638334b295880002eabbf24d2f0a65d358fe
urn:ure:smg:re_FunctionVariant:rmge01-usasm:800dc848	0x800DC848	16	func_800DC848		fabecbf2ae2fdd7a03daa14121ead18fc2bd7190691a78b4f1b804811d49cdaa
urn:ure:smg:re_FunctionVariant:rmge01-usasm:800dc858	0x800DC858	16	func_800DC858		6e6367a8d4a9c0a5aa1f014ccb290befde5a04f7c9cefd15203db6a484ad47e1
urn:ure:smg:re_FunctionVariant:rmge01-usasm:800dc868	0x800DC868	16	func_800DC868		3de188348306c1672e8d0039dbc74bc9191c78f43c9f0f676420b83f007bf193
urn:ure:smg:re_FunctionVariant:rmge01-usasm:800dc878	0x800DC878	16	func_800DC878		9956a10d9b1ded35d6e0d4a9f7cc4085044ad964e8977baef602079b59b74d3a
urn:ure:smg:re_FunctionVariant:rmge01-usasm:800dc888	0x800DC888	16	func_800DC888		a851816ce2935c079bae8bdf9540068797476dd29a069e3bd54b84e0caaa3600
urn:ure:smg:re_FunctionVariant:rmge01-usasm:800dc898	0x800DC898	16	func_800DC898		89998eb0a680d46c0021d74148d3072249220fb70365897c6fb7b887e7f670e5
urn:ure:smg:re_FunctionVariant:rmge01-usasm:800dc8a8	0x800DC8A8	16	func_800DC8A8		fda3d292af36b370d5ab64019b09164dfb5979b2c854f57e27f936ac1b180fd9
urn:ure:smg:re_FunctionVariant:rmge01-usasm:800dc8b8	0x800DC8B8	16	func_800DC8B8		02742a2016446782d876cd8765136e2912a4e84b06d832f0e9bcdac53e373bb7
urn:ure:smg:re_FunctionVariant:rmge01-usasm:800dc8c8	0x800DC8C8	16	func_800DC8C8		2b5664f5b0cca8b6ef286d8b047a4cc0462e3f37bd6b98eb351236d44bf6dc90
urn:ure:smg:re_FunctionVariant:rmge01-usasm:800dc8d8	0x800DC8D8	16	func_800DC8D8		ab58f8d3a0a37b6cb86a394812b8b22ed569d30dc9ac23f9823367b4fd5e346f
urn:ure:smg:re_FunctionVariant:rmge01-usasm:800dc8e8	0x800DC8E8	16	func_800DC8E8		5835541a9d58a21f94dc8ab58e663356e5a6c00940840cf87631735995c3d9ca
urn:ure:smg:re_FunctionVariant:rmge01-usasm:800dc8f8	0x800DC8F8	16	func_800DC8F8		cd7d5111907e20ddb563e26de863de71854642a836154d9bbb2a7896930fd0c6
urn:ure:smg:re_FunctionVariant:rmge01-usasm:800dd0f8	0x800DD0F8	16	func_800DD0F8		cdbe90ba254a21debe6237eff56d2659ad982f15431604880f4b0747c6ddbcd9
urn:ure:smg:re_FunctionVariant:rmge01-usasm:800dd108	0x800DD108	16	func_800DD108		070b5586d9748aa68296f22f05264fb4c028e47911a339d589d99c38a0084934
urn:ure:smg:re_FunctionVariant:rmge01-usasm:800df634	0x800DF634	16	func_800DF634		12d4126716f425ab72863e032c9dba4255ed280f6687ffc36c4fd0b53e9169db
urn:ure:smg:re_FunctionVariant:rmge01-usasm:800df644	0x800DF644	16	func_800DF644		89a83599e2117e0447e055e35ad811c99bbdb79704d72b98042bc647fb73a491
urn:ure:smg:re_FunctionVariant:rmge01-usasm:800df654	0x800DF654	16	func_800DF654		331142a3471a7636e607672d23f5f6bb5d1c56a53ce545e36b9278512a786abb
urn:ure:smg:re_FunctionVariant:rmge01-usasm:800df664	0x800DF664	16	func_800DF664		a803729fc19982f2890189486a3ca79303abdfa71d9507bed2370a8eb75d298c
urn:ure:smg:re_FunctionVariant:rmge01-usasm:800df674	0x800DF674	16	func_800DF674		4448f3a11a41ef68e23624b5498382b2a2764620728e79dab1d4dfddf4b3b350
urn:ure:smg:re_FunctionVariant:rmge01-usasm:800df684	0x800DF684	16	func_800DF684		a63761f90336e8e81763bfae81eeb353124fc1d0a4c550ea20ee2b81e81e251d
urn:ure:smg:re_FunctionVariant:rmge01-usasm:800df694	0x800DF694	16	func_800DF694		b7367a4746bc373c14bfc345d975c2f5be0ad8a5c1b8dfdcf7d59aac1920f5a4
urn:ure:smg:re_FunctionVariant:rmge01-usasm:800df6a4	0x800DF6A4	16	func_800DF6A4		d65e8b79075e64568de08a9d02ad4d95023479a0ce18d7f900f937c74cb0a983
urn:ure:smg:re_FunctionVariant:rmge01-usasm:800df6b4	0x800DF6B4	16	func_800DF6B4		a8f7245e2fc784d63a3e414c666a7c5741125af69b374b7d806ec4030f09ff8d
urn:ure:smg:re_FunctionVariant:rmge01-usasm:800df6c4	0x800DF6C4	16	func_800DF6C4		6a2f5cfeb0383afa17f93d866edc8dee0a81400512740d2a6393e39bb94122fc
urn:ure:smg:re_FunctionVariant:rmge01-usasm:800df6d4	0x800DF6D4	16	func_800DF6D4		3dce397682075617412f751531cd144b5571556f2291cb628e8335f43b956214
urn:ure:smg:re_FunctionVariant:rmge01-usasm:800df6e4	0x800DF6E4	16	func_800DF6E4		a2b0d51d9694843feebc1424a0bd66318291fa767f40084203e9b37e48ed29cb
urn:ure:smg:re_FunctionVariant:rmge01-usasm:800df6f4	0x800DF6F4	16	func_800DF6F4		e04bc582bdfdae13217ce56a4f740bda618136017e893f198ef02ce6638b66c3
urn:ure:smg:re_FunctionVariant:rmge01-usasm:800df704	0x800DF704	16	func_800DF704		52157cdeb4435221f91068bb178c6c43ef707f7fb2fb00f567a9f79f8d3e84d6
urn:ure:smg:re_FunctionVariant:rmge01-usasm:800dfff0	0x800DFFF0	16	func_800DFFF0		0263714c1f5cc5565d082f8b397986a7edccc15553c08cc7d1ebe734cffe7334
urn:ure:smg:re_FunctionVariant:rmge01-usasm:800e2aec	0x800E2AEC	16	func_800E2AEC		d7f2f80b68098da6fbf77776d9ab67d2a1d7001b9bc698d58aed165e9128b831
urn:ure:smg:re_FunctionVariant:rmge01-usasm:800e2afc	0x800E2AFC	16	func_800E2AFC		603d53ecacf2ffd6f867cf9cca761add768d9481d33834e66f32e8eb82496fc5
urn:ure:smg:re_FunctionVariant:rmge01-usasm:800e2b0c	0x800E2B0C	16	func_800E2B0C		373f2ddd9e6efb8e3946c66f73d8a1a7726228229dbd5e476f7af69f42709907
urn:ure:smg:re_FunctionVariant:rmge01-usasm:800e2b1c	0x800E2B1C	16	func_800E2B1C		b5075664235b53686cd0b2c104105bb76123b3b389cbe435cbc940704593ca7a
urn:ure:smg:re_FunctionVariant:rmge01-usasm:800e2b2c	0x800E2B2C	16	func_800E2B2C		bee6500cea3e1b84589eeff21bf475eb2672b6260694fd88f9abb9e33d56a6cc
urn:ure:smg:re_FunctionVariant:rmge01-usasm:800e2b3c	0x800E2B3C	16	func_800E2B3C		d3e94965c1eb323cfb8ecb67c0d5a3d7e766ffd22c88d7ce03a1b85f74a278c4
urn:ure:smg:re_FunctionVariant:rmge01-usasm:800e2b4c	0x800E2B4C	16	func_800E2B4C		620c88ca60f9e4c5cfab3b54c87541375686f9a91b7929974cacd61bc07e9ff3
urn:ure:smg:re_FunctionVariant:rmge01-usasm:800e2b5c	0x800E2B5C	16	func_800E2B5C		9179e524d718b29bfd69dd74774e7de7c826fa3747dd1d6e8d7705797aa53304
urn:ure:smg:re_FunctionVariant:rmge01-usasm:800e2b6c	0x800E2B6C	16	func_800E2B6C		81812064e570ebeeb75c7a4daed623e41860949246848bb8a8445dd50603aaf5
urn:ure:smg:re_FunctionVariant:rmge01-usasm:800e2b7c	0x800E2B7C	16	func_800E2B7C		985788eb00149922bd9895d7803b19a4b3d8f2b010668f8976b146643fd6051a
urn:ure:smg:re_FunctionVariant:rmge01-usasm:800e2b8c	0x800E2B8C	16	func_800E2B8C		dcdd62d105dd6e8b4509b2ce3df7841189603e1cea392d3c56e04c4eeebd2c14
urn:ure:smg:re_FunctionVariant:rmge01-usasm:800e2b9c	0x800E2B9C	16	func_800E2B9C		b6c39085c407cd9e0520f8b2c08a11b28900c93c5ffb6a9156290cb1eb5b9a02
urn:ure:smg:re_FunctionVariant:rmge01-usasm:800e2bac	0x800E2BAC	16	func_800E2BAC		0dddca7995e8782a269920710855acfe8f23c9737e7b73101ddc738334c38dcf
urn:ure:smg:re_FunctionVariant:rmge01-usasm:800e2bbc	0x800E2BBC	16	func_800E2BBC		a26f46503a49a0f681c0b5be66a6647bbc0e518e5a95a6304735353b33876b77
urn:ure:smg:re_FunctionVariant:rmge01-usasm:800e2bcc	0x800E2BCC	16	func_800E2BCC		cbf665e52a8f33c76c8c00afb292d9f3ea932167278363353426e00e691dd163
urn:ure:smg:re_FunctionVariant:rmge01-usasm:800e4914	0x800E4914	16	func_800E4914		8243c1839a9d91a24a4f170558a024ad2a2c5187ff5155a8460fca0d473f424f
urn:ure:smg:re_FunctionVariant:rmge01-usasm:800e4924	0x800E4924	16	func_800E4924		4a3246a2b89c0c5450109c999345855fa40719e372ccadd5ef03fa29aadcbd0a
urn:ure:smg:re_FunctionVariant:rmge01-usasm:800e4934	0x800E4934	16	func_800E4934		21cf2df82ae6b43a72e61e1bc0c10dd228ee042356a6a7c17792b9751e5cab0f
urn:ure:smg:re_FunctionVariant:rmge01-usasm:800e4944	0x800E4944	16	func_800E4944		aa7eeece2dc7fb8902cfddb47e08beb28cffa19bfa8bade297637c34e048587b
urn:ure:smg:re_FunctionVariant:rmge01-usasm:800e4954	0x800E4954	16	func_800E4954		526198262f024b8bfe5f5d3e7e09aa0ff99b4d66396eb04f624312ffaa3fa5ab
urn:ure:smg:re_FunctionVariant:rmge01-usasm:800e6c3c	0x800E6C3C	16	func_800E6C3C		d09ca9bc656c89bcdb8dd145beaa54d236e406208151a23634701752b64edd90
urn:ure:smg:re_FunctionVariant:rmge01-usasm:800e6c4c	0x800E6C4C	16	func_800E6C4C		9168af32d5c027c144cef4efe26ba7528152d3cea1e0e817f4dde5f6f1e729ad
urn:ure:smg:re_FunctionVariant:rmge01-usasm:800e6c5c	0x800E6C5C	16	func_800E6C5C		7e09b7cce7b91f87542787c34c7383185fc37a9750b3034ec3b162cf08cb33cd
urn:ure:smg:re_FunctionVariant:rmge01-usasm:800e6c6c	0x800E6C6C	16	func_800E6C6C		5ccdc17807b8e0d0526f74b7688b947f152fb1e7bc03f24bacb97849cfe8c71e
urn:ure:smg:re_FunctionVariant:rmge01-usasm:800e6c7c	0x800E6C7C	16	func_800E6C7C		7dc7c079ea441a3f905fda0ed956a2d91971b24f6ead6756fb5ee1349d96312f
urn:ure:smg:re_FunctionVariant:rmge01-usasm:800e6c8c	0x800E6C8C	16	func_800E6C8C		adc241baf468b9560f16835c97d8d6637b5ac98aa4d47c622d79f5becb0e215c
urn:ure:smg:re_FunctionVariant:rmge01-usasm:800e6c9c	0x800E6C9C	16	func_800E6C9C		d720e88831d61dab3c411a83ee52a41988f46c89752d0eb9bd5b08956b2e6669
urn:ure:smg:re_FunctionVariant:rmge01-usasm:800e6cac	0x800E6CAC	16	func_800E6CAC		1bc8ca3718ecf70331d76126fec5b5607c584a1634b55c3c27248222a56f38a5
urn:ure:smg:re_FunctionVariant:rmge01-usasm:800e6cbc	0x800E6CBC	16	func_800E6CBC		584c0d32f8c79b8cabf373ad4529512887606731fb22f04e635d8170e5f18239
urn:ure:smg:re_FunctionVariant:rmge01-usasm:800e6ccc	0x800E6CCC	16	func_800E6CCC		f2bae9357d1b0a80d1247e0bb76a2589f3c011fd6bc0bc89797616853b6a9ac6
urn:ure:smg:re_FunctionVariant:rmge01-usasm:800e6cdc	0x800E6CDC	16	func_800E6CDC		bbfd971e9f550281de4a7ec3cbf73f503fa1e6a5aead5435a14e7c59c401ce09
urn:ure:smg:re_FunctionVariant:rmge01-usasm:800e6cec	0x800E6CEC	16	func_800E6CEC		07d876ff8713d50bb57df76568735bd532b780ddb8f4b2197bf63f19fa1d28e3
urn:ure:smg:re_FunctionVariant:rmge01-usasm:800e6cfc	0x800E6CFC	16	func_800E6CFC		6267f956f57a697acf7869c6ecf70a0a9ad1ed40d634a620929ea46a64775a22
urn:ure:smg:re_FunctionVariant:rmge01-usasm:800e6d0c	0x800E6D0C	16	func_800E6D0C		9b57fc0d2516854fe52e9e9240e9c127020ddc392d31fa6b17860a730d99e30a
urn:ure:smg:re_FunctionVariant:rmge01-usasm:800e6d1c	0x800E6D1C	16	func_800E6D1C		ff85e140fb4b9bff6ef1f189df934b719d20a9aa7055aab53230c2adcb62fcfc
urn:ure:smg:re_FunctionVariant:rmge01-usasm:800e6d2c	0x800E6D2C	16	func_800E6D2C		2f7dd68e4f2e8dcfcd1ac64597c0440ff40c86e6b9b45e0a1cfe07f8350fb38a
urn:ure:smg:re_FunctionVariant:rmge01-usasm:800e6d3c	0x800E6D3C	16	func_800E6D3C		0c7192703d11f363f661575314924881ae1ddd98671462cc9b6d036461b6b374
urn:ure:smg:re_FunctionVariant:rmge01-usasm:800e6d4c	0x800E6D4C	16	func_800E6D4C		b02be247761df6339617d899050de540780c3e0edf7fe0ba18caba4b13d23d4d
urn:ure:smg:re_FunctionVariant:rmge01-usasm:800e9524	0x800E9524	16	func_800E9524		9e991c52e11ab38b38ebcc3a5ac5228a0e66f97bff18467b9c4403f762feea4a
urn:ure:smg:re_FunctionVariant:rmge01-usasm:800e9534	0x800E9534	16	func_800E9534		a7f596186f8b046503cda1e509e0649f20586020e832c9438168d50bc209319e
urn:ure:smg:re_FunctionVariant:rmge01-usasm:800e9544	0x800E9544	16	func_800E9544		5486138ba2238a57500f34ea8016cc8c2de1281e2f44bfa4de214bc992ec5112
urn:ure:smg:re_FunctionVariant:rmge01-usasm:800e9554	0x800E9554	16	func_800E9554		bebf1b5250e6c49caefb1ffb85dc48c84d8cbd297381a7c372c3432bacf9872d
urn:ure:smg:re_FunctionVariant:rmge01-usasm:800e9564	0x800E9564	16	func_800E9564		d00c62a49875752e4bccec705c4ba523cbd0fc970f3dcb8caa1128103180c03f
urn:ure:smg:re_FunctionVariant:rmge01-usasm:800e9574	0x800E9574	16	func_800E9574		c692650ff4e8200cc6c2d57548eeee360ebccd735e86aed662250b36aaae67e8
urn:ure:smg:re_FunctionVariant:rmge01-usasm:800e9584	0x800E9584	16	func_800E9584		ca75dfdec5af11520522670a6c9e9624720ec0244d546dc3654481d19921125d
urn:ure:smg:re_FunctionVariant:rmge01-usasm:800e9594	0x800E9594	16	func_800E9594		2e9538bcef052fe11d7baee5092d675c5ea717326a211c67e241ce3102af25c0
urn:ure:smg:re_FunctionVariant:rmge01-usasm:800e95a4	0x800E95A4	16	func_800E95A4		2b47552e4d43ba780459df2ef6c0d8809448f6728596d521630352548aad2064
urn:ure:smg:re_FunctionVariant:rmge01-usasm:800e95b4	0x800E95B4	16	func_800E95B4		a49ead99d70457b33af6ebd2c5f7dfade22a1f2aa2655ad4937e7c06397c057f
urn:ure:smg:re_FunctionVariant:rmge01-usasm:800e95c4	0x800E95C4	16	func_800E95C4		5b2a690ee72b3edc525b040fc72562ae415301eeebde545020994970e27eba92
urn:ure:smg:re_FunctionVariant:rmge01-usasm:800e95d4	0x800E95D4	16	func_800E95D4		238e8a130f49ac0281a95c3629cc3cfeecc8c61b6ec86e3021b1f293fd85f4b3
urn:ure:smg:re_FunctionVariant:rmge01-usasm:800e95e4	0x800E95E4	16	func_800E95E4		ae8422e88e27ec0c7a76cf3ee755ae663ce76d99ab89ad6f5657f86219fffb46
urn:ure:smg:re_FunctionVariant:rmge01-usasm:800e95f4	0x800E95F4	16	func_800E95F4		a4c96bc76ec9e9d321b95378a5b9788b9e522045a511be763e25398792ccb676
urn:ure:smg:re_FunctionVariant:rmge01-usasm:800e9604	0x800E9604	16	func_800E9604		bce911540c810b115a7b82dfb12a02be1da6ec9acd113011da15fa31ccbf4fcb
urn:ure:smg:re_FunctionVariant:rmge01-usasm:800e9614	0x800E9614	16	func_800E9614		df2c484f47ee078b387fbe883767ecf7a33e74e4767d38f5a679d1e0a3032bd4
urn:ure:smg:re_FunctionVariant:rmge01-usasm:800e9624	0x800E9624	16	func_800E9624		15cbd2b7cd178ebab0ca1c9c08ecccd4795188153f48f1effb530a618cba0c16
urn:ure:smg:re_FunctionVariant:rmge01-usasm:800e9634	0x800E9634	16	func_800E9634		45a0eccf73d33546219f7be7acc0f2f60ad9b5e95db3ef6557e8d5a5f169f2b6
urn:ure:smg:re_FunctionVariant:rmge01-usasm:800ea3bc	0x800EA3BC	16	func_800EA3BC		1200b125b7aad5634ae83d6a93e84a2fadd35a66354385f6b65c556e2602ab0d
urn:ure:smg:re_FunctionVariant:rmge01-usasm:800ea3cc	0x800EA3CC	16	func_800EA3CC		3be9a99c289cc3f461add38b7184380a74aff69f4d10cdceabc6a4b4a5bedbbb
urn:ure:smg:re_FunctionVariant:rmge01-usasm:800ea3dc	0x800EA3DC	16	func_800EA3DC		b3fb5c10acbd7c1509d5cfa4d90b3bcc5ec890f130b4431483c595a3e3353959
urn:ure:smg:re_FunctionVariant:rmge01-usasm:800ea3ec	0x800EA3EC	16	func_800EA3EC		b5aee28a4fc2d53f11b841dad08a1076a7796ef65144c29d64f465c35a0a31a7
urn:ure:smg:re_FunctionVariant:rmge01-usasm:800ea3fc	0x800EA3FC	16	func_800EA3FC		7a5e9d337026b5c4ac19aadc2ab6973fdc340cade7fd22a1f08ee3f410c025b3
urn:ure:smg:re_FunctionVariant:rmge01-usasm:800ebaec	0x800EBAEC	16	func_800EBAEC		629d74e41a9d49197050326140b6d91b198877fe766042de33966ce81fb8ca27
urn:ure:smg:re_FunctionVariant:rmge01-usasm:800ebafc	0x800EBAFC	16	func_800EBAFC		75d8f4d0c2e8ea6735d82e3374ef0d10d3537742354355414a53bc25ba4cece3
urn:ure:smg:re_FunctionVariant:rmge01-usasm:800ebb0c	0x800EBB0C	16	func_800EBB0C		4351fe0d7a602f725358dfaf96d8cf0bb5583473a8c7a8e6684cb5bfe66085ee
urn:ure:smg:re_FunctionVariant:rmge01-usasm:800ebb1c	0x800EBB1C	16	func_800EBB1C		0add060b92acc9c527058e436c5832658306d26101398254b722cf6ed4ac67c4
urn:ure:smg:re_FunctionVariant:rmge01-usasm:800ebb2c	0x800EBB2C	16	func_800EBB2C		17b70327572794efd5257ceaad046c832fa2a616e9e246744b33eefe0d93225a
urn:ure:smg:re_FunctionVariant:rmge01-usasm:800ebb3c	0x800EBB3C	16	func_800EBB3C		19bbecf766d04f4be9a83007baa43f177948fcfdc26f8a77ef4b0b492ecce93b
urn:ure:smg:re_FunctionVariant:rmge01-usasm:800ebb4c	0x800EBB4C	16	func_800EBB4C		e17c8fec2f809e18432e8ed49da2297154c44431e2eb575e7345cb4f5532e674
urn:ure:smg:re_FunctionVariant:rmge01-usasm:800ec794	0x800EC794	16	func_800EC794		c855c010bdcbc6d4c26f2e486cfc97d8e3577a5b43578fa2e3d5152b8ab53b12
urn:ure:smg:re_FunctionVariant:rmge01-usasm:800ed89c	0x800ED89C	16	func_800ED89C		78c2542f8cd2ba14a54142bb02c211178e6d231f979975398ed0095fe17a3819
urn:ure:smg:re_FunctionVariant:rmge01-usasm:800ed8ac	0x800ED8AC	16	func_800ED8AC		c5a6b1ede50a1fccf2eebd5c7d60fb2635b88e817e0be4bb2fef12fc9a83103c
urn:ure:smg:re_FunctionVariant:rmge01-usasm:800ed8bc	0x800ED8BC	16	func_800ED8BC		8a9230b03f33297af89b42520fbbf7931639fd5bcce0968c9b85ee41e3892329
urn:ure:smg:re_FunctionVariant:rmge01-usasm:800ed8cc	0x800ED8CC	16	func_800ED8CC		4b211fa96f8592db3c19de341b6598d7fdc6f8714d86305ee5a80a76adf88d8d
urn:ure:smg:re_FunctionVariant:rmge01-usasm:800ed8dc	0x800ED8DC	16	func_800ED8DC		56f0d3ab0613c2d5c152060daccfc9bc9ceb52a67342b909a0af033409faea9d
urn:ure:smg:re_FunctionVariant:rmge01-usasm:800ed8ec	0x800ED8EC	16	func_800ED8EC		4c0b5b318b5a10f5ca837d75c3a1d4aafade14aac2811260ab19eac402088d1c
urn:ure:smg:re_FunctionVariant:rmge01-usasm:800ed8fc	0x800ED8FC	16	func_800ED8FC		69758e44ced511af7b84df9c917fe59176741d363b78089cc01a11eeee6ac18d
urn:ure:smg:re_FunctionVariant:rmge01-usasm:800ef444	0x800EF444	16	func_800EF444		8b582888df9ffb2d3c0d49127665087ea46e98c704e04d90da446a3435f7aa36
urn:ure:smg:re_FunctionVariant:rmge01-usasm:800ef454	0x800EF454	16	func_800EF454		0576b92a602f11300c477465e19b39065d773bda512cc0d3bc33230be3796409
urn:ure:smg:re_FunctionVariant:rmge01-usasm:800ef464	0x800EF464	16	func_800EF464		f91bd5bf0474edcb0607e607268265dcd91dbec4c6eb038e9097038c9f4599ae
urn:ure:smg:re_FunctionVariant:rmge01-usasm:800ef474	0x800EF474	16	func_800EF474		a4afbc458a7e4036a0453757b6bd789dd12e870e9159221ccc4efe601c13ca0d
urn:ure:smg:re_FunctionVariant:rmge01-usasm:800ef484	0x800EF484	16	func_800EF484		d5127727ecf8160ef4e308c1cbd5cbbc74db405778f034eea1e95f1149364d51
urn:ure:smg:re_FunctionVariant:rmge01-usasm:800ef494	0x800EF494	16	func_800EF494		9a5353b31ab3c418a7f1e21ec17ff4535647547f728f1dc86aa08d7be6ae281e
urn:ure:smg:re_FunctionVariant:rmge01-usasm:800ef4a4	0x800EF4A4	16	func_800EF4A4		e69fab49b88f4dd4e73f800cb42211e3aa6cf8efe942f8fe86d5e806692344b5
urn:ure:smg:re_FunctionVariant:rmge01-usasm:800ef4b4	0x800EF4B4	16	func_800EF4B4		2df9f2d6e08c7756904a0ac9bb38c40ab32144b3ceb03038aab82de23a798c6b
urn:ure:smg:re_FunctionVariant:rmge01-usasm:800ef4c4	0x800EF4C4	16	func_800EF4C4		d817e0bcaa82bd373582fd58fe71b4e0cd6c3d2c72c076ccf31ada89bdef30bb
urn:ure:smg:re_FunctionVariant:rmge01-usasm:800ef4d4	0x800EF4D4	16	func_800EF4D4		9a355d0102099d5cb19c871a73c07bff5c0951f75bbee6021c99981275922d97
urn:ure:smg:re_FunctionVariant:rmge01-usasm:800ef4e4	0x800EF4E4	16	func_800EF4E4		f8af5170e7ae32271b0800e46e5e622a3a425b659c071c5b8d362d92bf0820b5
urn:ure:smg:re_FunctionVariant:rmge01-usasm:800f11d8	0x800F11D8	16	func_800F11D8		b16c0fd2ef9c77717d00de3594d9cd8e8c21c631428c50f15a96c3a3e53a0650
urn:ure:smg:re_FunctionVariant:rmge01-usasm:800f11e8	0x800F11E8	16	func_800F11E8		a327c7ee9ac65de1445d67d7dca17428cb2614aeccc5662c69f73a205a4f3c97
urn:ure:smg:re_FunctionVariant:rmge01-usasm:800f11f8	0x800F11F8	16	func_800F11F8		ac3bf191fddf2f5ea99512cd8be378d6060781bcfcbdbea57ce7ec7a766a22b4
urn:ure:smg:re_FunctionVariant:rmge01-usasm:800f1208	0x800F1208	16	func_800F1208		357b4218145ec239de656d96f042d93b70c9e5a4e4bf960abcdc03eb1a00cc65
urn:ure:smg:re_FunctionVariant:rmge01-usasm:800f1218	0x800F1218	16	func_800F1218		eabb987776e6d9a764d17296eb98a06f0d09a91d7e09bd912349771194b417f4
urn:ure:smg:re_FunctionVariant:rmge01-usasm:800f1228	0x800F1228	16	func_800F1228		95102c3f4cc25494567c90b0a560b9e2b16738b0499f31723ca5396f2aca7261
urn:ure:smg:re_FunctionVariant:rmge01-usasm:800f1238	0x800F1238	16	func_800F1238		8ec386e1ec3c6ecd0bf4f66cd60f4ff1475e59ac5b724a1bb1e84db5eac062ec
urn:ure:smg:re_FunctionVariant:rmge01-usasm:800f1248	0x800F1248	16	func_800F1248		db21484943f0f08ddeecefd09fde706731b349dbdd744e7d092b666280591d17
urn:ure:smg:re_FunctionVariant:rmge01-usasm:800f1258	0x800F1258	16	func_800F1258		7a74a22396dfc1ce129e29141c334b704b949c9e760208b6bf8a7aba2fa463bc
urn:ure:smg:re_FunctionVariant:rmge01-usasm:800f1268	0x800F1268	16	func_800F1268		ca85fe216f12128b50f094db6bfba89494a786e7d9a38642a5cac0a5f4996389
urn:ure:smg:re_FunctionVariant:rmge01-usasm:800f1278	0x800F1278	16	func_800F1278		5c9cc9bfb1fdd22ffcbddd3aa3de8b91d7eb4f7e1099f652001c9216cfb1776e
urn:ure:smg:re_FunctionVariant:rmge01-usasm:800f5128	0x800F5128	16	func_800F5128		bb2f8b1fd37f64555457fb5d1a6c0105e23b11f546c3237eaa0493bc5f2bc104
urn:ure:smg:re_FunctionVariant:rmge01-usasm:800f5138	0x800F5138	16	func_800F5138		1583733c7a4133947bbab4787c69b59f38af6d8b89fb35b4c8dddea3abf88ec1
urn:ure:smg:re_FunctionVariant:rmge01-usasm:800f5148	0x800F5148	16	func_800F5148		af4caeb61518063a713a15d7c7cd6e2087bf21805dcbf9f7adf6cf198d109c0a
urn:ure:smg:re_FunctionVariant:rmge01-usasm:800f5158	0x800F5158	16	func_800F5158		db8ad0a4b11fe7947e06635b880b1a5d86e56e3a53c56337e987eec8ebc78aed
urn:ure:smg:re_FunctionVariant:rmge01-usasm:800f5168	0x800F5168	16	func_800F5168		8087ff90f8a8371977e56eb2b6ab66823f758e1498ba64cab823b12004c1fba1
urn:ure:smg:re_FunctionVariant:rmge01-usasm:800f5178	0x800F5178	16	func_800F5178		6d55ddb63228177a19f9d045b6761b9259b4b59890da956db01355c77bb5d3ef
urn:ure:smg:re_FunctionVariant:rmge01-usasm:800f5188	0x800F5188	16	func_800F5188		58290706d76de9f1d951f6dd7851ba57a57128deb57791c9ea1717ff2bc817d8
urn:ure:smg:re_FunctionVariant:rmge01-usasm:800f5198	0x800F5198	16	func_800F5198		5b66057411d9fc9a4accec6e739ad7ef012071e5312aecff4317f84def9bb89b
urn:ure:smg:re_FunctionVariant:rmge01-usasm:800f51a8	0x800F51A8	16	func_800F51A8		b0a3dc21bb4a26a0f24ce2b80fc95acbc0dc5e30741bff44d47c14113b51b84c
urn:ure:smg:re_FunctionVariant:rmge01-usasm:800f51b8	0x800F51B8	16	func_800F51B8		f60de8c1f2fa067522cad9cfa1b5f98e7a0fc9df52f6b1c084b096209609a23b
urn:ure:smg:re_FunctionVariant:rmge01-usasm:800f51c8	0x800F51C8	16	func_800F51C8		6d147ad6878b27bbdd48aa21e96c7e7f770b2dc3f1fdb2f406b7c62afda908fc
urn:ure:smg:re_FunctionVariant:rmge01-usasm:800f51d8	0x800F51D8	16	func_800F51D8		373cbea2637b6e9ce49eedd67fe0ba76a499f3fcbdbd9d9e741b6b2088ede029
urn:ure:smg:re_FunctionVariant:rmge01-usasm:800f51e8	0x800F51E8	16	func_800F51E8		ccfde5e26328db9b93fce7217730ecd452a0723c264d5b00d1cf81eeb978c9b4
urn:ure:smg:re_FunctionVariant:rmge01-usasm:800f51f8	0x800F51F8	16	func_800F51F8		35a84b7b0970e8947226ffdc1bd7a618509684599b9f936a5ede188fbde46dc1
urn:ure:smg:re_FunctionVariant:rmge01-usasm:800f5208	0x800F5208	16	func_800F5208		8f1813576f484602542f7cbea6bd2a704b4010313939c34bac0d6f3c2b8db96e
urn:ure:smg:re_FunctionVariant:rmge01-usasm:800f5218	0x800F5218	16	func_800F5218		57183412bbe40a60b7cf74e697dfd4e30337c7ede361741145c4364964fee63a
urn:ure:smg:re_FunctionVariant:rmge01-usasm:800f5228	0x800F5228	16	func_800F5228		c4a5e137d45f2b0a810d05e8a287006256ea64592cd48774eac37c492ef10e91
urn:ure:smg:re_FunctionVariant:rmge01-usasm:800f5238	0x800F5238	16	func_800F5238		3198373b82abdcf6eb86ea4755a96444100d0857f60e18566f634aab0ade0614
urn:ure:smg:re_FunctionVariant:rmge01-usasm:800f5248	0x800F5248	16	func_800F5248		1f78b996fb1a5900ad15c9267146a5de522090f7c328858b22da4aaa89d157aa
urn:ure:smg:re_FunctionVariant:rmge01-usasm:800f5258	0x800F5258	16	func_800F5258		ba8a17400ba827fcd6c3decfd6eb823085c2aa51ba0071fe327d7c9073321979
urn:ure:smg:re_FunctionVariant:rmge01-usasm:800f5268	0x800F5268	16	func_800F5268		3f3c5eed624cce67e0e38f8de2d1e58df2c1ceb917022ca001b6b5b14758a138
urn:ure:smg:re_FunctionVariant:rmge01-usasm:800f5278	0x800F5278	16	func_800F5278		8102a07c2d41377594ea7f559f701cc73015b55b4f5bedd8e9b162eb2b1af899
urn:ure:smg:re_FunctionVariant:rmge01-usasm:800f5288	0x800F5288	16	func_800F5288		6a3415f5c9677b70f50f1bb74e4169dc5124a6bcf595b7a764536dc04e19d7cb
urn:ure:smg:re_FunctionVariant:rmge01-usasm:800f5298	0x800F5298	16	func_800F5298		af72ebaeaa9e19cbd32e81ad38a3e69204fcb2b3faf5b0f6f6325b03f8d0d8ba
urn:ure:smg:re_FunctionVariant:rmge01-usasm:800f52a8	0x800F52A8	16	func_800F52A8		b74a2dc1805e13ca975ab8e0844d4aefd7a8e4c1308b4bbc465f8792bb6a318d
urn:ure:smg:re_FunctionVariant:rmge01-usasm:800f52b8	0x800F52B8	16	func_800F52B8		0b7f2c8b3e976d2de05482732231f0fdb2e0aa0f52c320bd16cdbaacddf25e19
urn:ure:smg:re_FunctionVariant:rmge01-usasm:800f52c8	0x800F52C8	16	func_800F52C8		c764d8049509f4356e0fcac9b05443f7af077046c2599641820936b5fd946dfa
urn:ure:smg:re_FunctionVariant:rmge01-usasm:800f52d8	0x800F52D8	16	func_800F52D8		98c41577b2f2571d5dd55f2b664a2c632e009e7a0574c31334c741623693406f
urn:ure:smg:re_FunctionVariant:rmge01-usasm:800f52e8	0x800F52E8	16	func_800F52E8		b0d06d47937e6d0a1c7bdd82452820ccb4a7d8a6bf517383960bba4e103ae167
urn:ure:smg:re_FunctionVariant:rmge01-usasm:800f52f8	0x800F52F8	16	func_800F52F8		256dfdaee91c90fdd9a5813789b5cca98a33a98bc4bfd814944c5273d7d4f8e4
urn:ure:smg:re_FunctionVariant:rmge01-usasm:800f7f40	0x800F7F40	16	func_800F7F40		43d3c572751afb20d841d5a4b0006f71ad9e7eb5ac6401cb8c9622c4e6a5fdc2
urn:ure:smg:re_FunctionVariant:rmge01-usasm:800f7f50	0x800F7F50	16	func_800F7F50		18ba0e0d6cb517b282bed3d62113eb550430196f2610ecf6615fc4575768c851
urn:ure:smg:re_FunctionVariant:rmge01-usasm:800f7f60	0x800F7F60	16	func_800F7F60		dd4b228b1cfe7aff3ddc6b30f184f964efd61e8db63edb5344c3b5d04534e5f9
urn:ure:smg:re_FunctionVariant:rmge01-usasm:800f7f70	0x800F7F70	16	func_800F7F70		b4f030f3929632b26ac217952f2408a07ba0e0c42fb46ad01972abf4bf9ddc3a
urn:ure:smg:re_FunctionVariant:rmge01-usasm:800f7f80	0x800F7F80	16	func_800F7F80		1e826ac723650f36262c87e4015a30ae6ba4dc7aec254bca90b22a3da4677679
urn:ure:smg:re_FunctionVariant:rmge01-usasm:800f7f90	0x800F7F90	16	func_800F7F90		b1148bb85c6290cd25a7ea1ff93f5e4bd3b78139281f35306e287e23d9070543
urn:ure:smg:re_FunctionVariant:rmge01-usasm:800f7fa0	0x800F7FA0	16	func_800F7FA0		10fdcd5eb951d372ec2d4001b6ccd2fa173991d1cf54c842e362889cf1d87bfe
urn:ure:smg:re_FunctionVariant:rmge01-usasm:800f7fb0	0x800F7FB0	16	func_800F7FB0		262a0d6b813a42fdcaea16fe8efad107a21c6360d00f2889720969d92e32adfe
urn:ure:smg:re_FunctionVariant:rmge01-usasm:800f7fc0	0x800F7FC0	16	func_800F7FC0		3aee8451e7e2d30c02cead61fea60e5870bb9160ea770ac6afc9773012c284c5
urn:ure:smg:re_FunctionVariant:rmge01-usasm:800faac8	0x800FAAC8	16	func_800FAAC8		a21be3accc5366ba9f7435a9b42e006777f596c0b125ad47bbd882d884f77dd3
urn:ure:smg:re_FunctionVariant:rmge01-usasm:800faad8	0x800FAAD8	16	func_800FAAD8		b1a0b988a4c7409b85459084ebba331b6a7f3d536554487c9566fa3c12002f03
urn:ure:smg:re_FunctionVariant:rmge01-usasm:800faae8	0x800FAAE8	16	func_800FAAE8		24acb3c79cd26e1ad06d15268572a60da31ecd25f4ee709ab0f7863ed76b06ee
urn:ure:smg:re_FunctionVariant:rmge01-usasm:800faaf8	0x800FAAF8	16	func_800FAAF8		9cc6001b994c84bbf549b54fb120c9c5ca57157361d49bdecfc76e1fe47d4d34
urn:ure:smg:re_FunctionVariant:rmge01-usasm:800fab08	0x800FAB08	16	func_800FAB08		5d28ad2299accb21ed2712e46d6bd2ac5c780187346622fc986fcf29882a7d8c
urn:ure:smg:re_FunctionVariant:rmge01-usasm:800fab18	0x800FAB18	16	func_800FAB18		a246c5159ba6260398b94431e96f916228b8243123f698a53f73e44d75772b73
urn:ure:smg:re_FunctionVariant:rmge01-usasm:800fab28	0x800FAB28	16	func_800FAB28		959d3df8189114db2627fd296a13d3be8b8f92627de0da84663c5b5bbeba1866
urn:ure:smg:re_FunctionVariant:rmge01-usasm:800fab38	0x800FAB38	16	func_800FAB38		b717bc2d12f556b21b9a2191cb740f42adbd45f9338978d8660708985d523a3e
urn:ure:smg:re_FunctionVariant:rmge01-usasm:800fab48	0x800FAB48	16	func_800FAB48		f5192df795ed5e284ee272e0f5a8a6e5dd70eee811b7727091f26874b510ef52
urn:ure:smg:re_FunctionVariant:rmge01-usasm:800fab58	0x800FAB58	16	func_800FAB58		898f8d0037664e0f5fcb1e0f1c2b900ff4d286faba1300b35fe2e853791e9dd1
urn:ure:smg:re_FunctionVariant:rmge01-usasm:800fab68	0x800FAB68	16	func_800FAB68		7b7d1b1f18e9d3852deacf5939095e06b98068594799b6bc55cc4c2ff60888a3
urn:ure:smg:re_FunctionVariant:rmge01-usasm:800fab78	0x800FAB78	16	func_800FAB78		e35eb3d06b8cf7de09e6e451534a8550d328444652bb13ca1eafec0dd55f171c
urn:ure:smg:re_FunctionVariant:rmge01-usasm:800fab88	0x800FAB88	16	func_800FAB88		5865eb4ab666f3ed6298c842d44bbb29eb31c671cdccf651fe6a534ac4e93a85
urn:ure:smg:re_FunctionVariant:rmge01-usasm:800fab98	0x800FAB98	16	func_800FAB98		0b3fdf09666e4c0cd55ce62fb99d1abd710dd49df2aa6f8043bc4e8b7c215f9d
urn:ure:smg:re_FunctionVariant:rmge01-usasm:800faba8	0x800FABA8	16	func_800FABA8		f3f6684b2164ab4541b298488e1f45abc8c61adbcdec58ce807ce90211bb15cf
urn:ure:smg:re_FunctionVariant:rmge01-usasm:800fabb8	0x800FABB8	16	func_800FABB8		cdf7a730b00344f69a3325370ea4cbdb64c4a2051bc9c3b620bd6f349dc7418d
urn:ure:smg:re_FunctionVariant:rmge01-usasm:800faf00	0x800FAF00	16	func_800FAF00		786b213b56f65a57ac345fef969fbd55b576f4d11d221af6601deba37c082c17
urn:ure:smg:re_FunctionVariant:rmge01-usasm:800faf10	0x800FAF10	16	func_800FAF10		b041a196a2c9b7ab6b2a430fe18b895d2c9e8dd97024dc9c75b4a323a49dc718
urn:ure:smg:re_FunctionVariant:rmge01-usasm:800faf20	0x800FAF20	16	func_800FAF20		eca0b44172853f126b6728329805cdc7ce1b98eb9ea8a9a6797d2ca1ed138b78
urn:ure:smg:re_FunctionVariant:rmge01-usasm:800faf30	0x800FAF30	16	func_800FAF30		5215a2fb1ae573afb5a9197c5d44daa0a967843f2e39de3631b7f4bffcca7bbe
urn:ure:smg:re_FunctionVariant:rmge01-usasm:800fc1c0	0x800FC1C0	16	func_800FC1C0		dadf81fdbf2ac026eb7d45a73b63dc46cc5675e5abce7a039dd56fe58c68183d
urn:ure:smg:re_FunctionVariant:rmge01-usasm:800fc1d0	0x800FC1D0	16	func_800FC1D0		0a96949297eec046738f56df6ea5f68ea76ce171debbfe60147e583674883b12
urn:ure:smg:re_FunctionVariant:rmge01-usasm:800fc1e0	0x800FC1E0	16	func_800FC1E0		47324bc367ac92802e5f71259a3858b8802ed29de0020b5f7dff8f41a0ed1c67
urn:ure:smg:re_FunctionVariant:rmge01-usasm:800fc1f0	0x800FC1F0	16	func_800FC1F0		a5bd8f1944e02a6a6f247922a176f28e6abd3d2f66d67e4119941de0253df2a2
urn:ure:smg:re_FunctionVariant:rmge01-usasm:800fc200	0x800FC200	16	func_800FC200		d7d071db318e0f54edaf4330807b166a9dee21936203d480a91718a38a185ac1
urn:ure:smg:re_FunctionVariant:rmge01-usasm:800fc210	0x800FC210	16	func_800FC210		c6ed104e3dafe9b679f1ea71c1f03780e27a0d087ca6c5ab36929f15e36032ba
urn:ure:smg:re_FunctionVariant:rmge01-usasm:800fc220	0x800FC220	16	func_800FC220		c7945c4f161fb8c4e45b413c2af39a353a3aba8d43ccc4e828159d48827d3a7a
urn:ure:smg:re_FunctionVariant:rmge01-usasm:800fc230	0x800FC230	16	func_800FC230		9cbf5d5d765fa8b5c581a37b64c4bea0714318a589e9b0618a6364ed52b32a7e
urn:ure:smg:re_FunctionVariant:rmge01-usasm:800fc240	0x800FC240	16	func_800FC240		50023e1f3f3bfcc61d68ad6f89a548e6d8cda48bdec959e27e62e812a7bb9cab
urn:ure:smg:re_FunctionVariant:rmge01-usasm:800fc250	0x800FC250	16	func_800FC250		25ab712d311b1b5c1ab1877a16589924b7ec8c10a179b233a4095a72f6d67691
urn:ure:smg:re_FunctionVariant:rmge01-usasm:800fd16c	0x800FD16C	16	func_800FD16C		b2c6e4ff426a9496e255ff7288840a8b523f9fe2491c8e18896b003fce6f9e46
urn:ure:smg:re_FunctionVariant:rmge01-usasm:800fd17c	0x800FD17C	16	func_800FD17C		3d4a855a0b6c8eaacee1b10bfc32ad4e84dec67bb9794e8f6e5fd6c2eaabd599
urn:ure:smg:re_FunctionVariant:rmge01-usasm:800fd18c	0x800FD18C	16	func_800FD18C		a39c73d12e789630ee219f9a10e4869220f669bb5c3a228d6ca3fd761cfb70e5
urn:ure:smg:re_FunctionVariant:rmge01-usasm:800fd19c	0x800FD19C	16	func_800FD19C		1a738f00da0cc325fbdf23dc6582ff9fe615434cc26e7044b8f8943ad47c1e03
urn:ure:smg:re_FunctionVariant:rmge01-usasm:800fd1ac	0x800FD1AC	16	func_800FD1AC		82c535cc6e654046b7fe497320538bb6952c579553ba7abc614400c520064324
urn:ure:smg:re_FunctionVariant:rmge01-usasm:800fd1bc	0x800FD1BC	16	func_800FD1BC		aa6a1a203b9322b40564177b738aa9d37b4792ef8bffa4c166d6f665ae9adf42
urn:ure:smg:re_FunctionVariant:rmge01-usasm:800fd1cc	0x800FD1CC	16	func_800FD1CC		cff3819c0f9137ccbb0810bfd09b3525f8d58a3039a1d29309ed0452894710fc
urn:ure:smg:re_FunctionVariant:rmge01-usasm:800fdc30	0x800FDC30	16	func_800FDC30		40b3a711e0dfa17cdeee99a2cd786d67c6ae41fe9dbad7416720bad207ee5655
urn:ure:smg:re_FunctionVariant:rmge01-usasm:800fdc40	0x800FDC40	16	func_800FDC40		df75559b48bfb2aeb3ce4f00230da99cd282e8c4f14896adf38c807fd4a01b73
urn:ure:smg:re_FunctionVariant:rmge01-usasm:800fdc50	0x800FDC50	16	func_800FDC50		b083facaf2b72e1d5060f3928e94398e646300b6da62f96c470c576636ea93e1
urn:ure:smg:re_FunctionVariant:rmge01-usasm:800fdc60	0x800FDC60	16	func_800FDC60		9673fd2e9e7aa4aaee9e2ebc01bfdf4a881633f97363c57c772d8de10f7cf26c
urn:ure:smg:re_FunctionVariant:rmge01-usasm:800fdc70	0x800FDC70	16	func_800FDC70		08254678f704a6c0e71cdc6a526760b4f390a953fa1da3b856ee99009565857d
urn:ure:smg:re_FunctionVariant:rmge01-usasm:800fed20	0x800FED20	16	func_800FED20		cbf47fb073ea465e271704240bb55c9d4514de52fe5241b9316a490fc9c5a9bf
urn:ure:smg:re_FunctionVariant:rmge01-usasm:800fed30	0x800FED30	16	func_800FED30		37ad84f2c722feb92b1aa480bd73c940bc3086d78860c8a3183f4c78293ec223
urn:ure:smg:re_FunctionVariant:rmge01-usasm:800fed40	0x800FED40	16	func_800FED40		31a8640bd25dafcd262e4c4d7d4f95a5c6df86b29aabcacb4d8cc93651509b77
urn:ure:smg:re_FunctionVariant:rmge01-usasm:800fed50	0x800FED50	16	func_800FED50		f791480d6db562f14dbe8e23670b53f53cd9be85436eaea7ef3d04e19e737184
urn:ure:smg:re_FunctionVariant:rmge01-usasm:800fed60	0x800FED60	16	func_800FED60		68f3c1d0a445ecfaef0c6881174b2a239be064e8162e7c2c94dd2fac99623e33
urn:ure:smg:re_FunctionVariant:rmge01-usasm:800fed70	0x800FED70	16	func_800FED70		ce790de3cf4c944b28640c8f89e9160891a2eac8d5093385f19750badda612c5
urn:ure:smg:re_FunctionVariant:rmge01-usasm:800fed80	0x800FED80	16	func_800FED80		505a6b203e1070eca59d6019b4703b45af97332eb7087c7a6b8098d8b12a8755
urn:ure:smg:re_FunctionVariant:rmge01-usasm:800fed90	0x800FED90	16	func_800FED90		5e077c4249a89cb15edf4005f42e330f55191811bb90c442e9110c4d99f76fcc
urn:ure:smg:re_FunctionVariant:rmge01-usasm:800feda0	0x800FEDA0	16	func_800FEDA0		f56c8bd2d1e128f68733a93493e48756d00d47f304b9730fedc7dfcf0f20ff58
urn:ure:smg:re_FunctionVariant:rmge01-usasm:800fedb0	0x800FEDB0	16	func_800FEDB0		54bec325eee321961e7783985d5ccecdf96086c172c9f2b9833438bb0ca1ab55
urn:ure:smg:re_FunctionVariant:rmge01-usasm:800fedc0	0x800FEDC0	16	func_800FEDC0		57f473d3b2155258db4f1a842c2a4cbc637f6d8eedc36a2b3e7ea294e8efee10
urn:ure:smg:re_FunctionVariant:rmge01-usasm:80100948	0x80100948	16	func_80100948		b021df7519923be7ef45367bb1ffeec98a931089bc5167298006097f5bdd7f95
urn:ure:smg:re_FunctionVariant:rmge01-usasm:80100958	0x80100958	16	func_80100958		971b64027a715f6ecebcdf4b4ee89ce423ff5f341dab4ab541501cd652797280
urn:ure:smg:re_FunctionVariant:rmge01-usasm:80100968	0x80100968	16	func_80100968		800328a111ab23902df2a563de11a1d5604c1fc2c5ccd571e6aec6913b6a8c4f
urn:ure:smg:re_FunctionVariant:rmge01-usasm:80100978	0x80100978	16	func_80100978		1fec255bb3b7b0c6e1cb5dc0ff48909b9e8b9f5dd4426f95344557767fad7a06
urn:ure:smg:re_FunctionVariant:rmge01-usasm:80100988	0x80100988	16	func_80100988		6e3c524574fdffc95e4e5cd65255b30004de82868281dfd4f2c0bce71283ddf5
urn:ure:smg:re_FunctionVariant:rmge01-usasm:80100998	0x80100998	16	func_80100998		2d80ece71a42e11a38113ad32379d21c4f458172adfc7846de879113139b6517
urn:ure:smg:re_FunctionVariant:rmge01-usasm:801009a8	0x801009A8	16	func_801009A8		e40b98f072bfe99decff14a2e1d1151a1eb0051579c3b04b54575d12104da23c
urn:ure:smg:re_FunctionVariant:rmge01-usasm:801009b8	0x801009B8	16	func_801009B8		5f22273b7aa5bb994901b50f288cb3c76781b64a2dac8467147aee70cd2b0e4c
urn:ure:smg:re_FunctionVariant:rmge01-usasm:801009c8	0x801009C8	16	func_801009C8		975ba1d758fe7e15c56b3654aba1854597125941176fb6a363e03278d2c7ecfe
urn:ure:smg:re_FunctionVariant:rmge01-usasm:801009d8	0x801009D8	16	func_801009D8		d22ec9ab574e93d49211e6fff4aeb9a52c761da0d9e3456c362945e607207f99
urn:ure:smg:re_FunctionVariant:rmge01-usasm:801009e8	0x801009E8	16	func_801009E8		4fa4935c33fc4e3a0d6d30bf19dfb6aa17cda97344c5d9b57995580a1cb3843f
urn:ure:smg:re_FunctionVariant:rmge01-usasm:80101e0c	0x80101E0C	16	func_80101E0C		90c5f0d1a4be46aad260b3403f8d2776b741173f6c76515486edc365ca1873a9
urn:ure:smg:re_FunctionVariant:rmge01-usasm:80101e1c	0x80101E1C	16	func_80101E1C		2b9d7c40e1af1b4f7053aebee2abc0318c8868051229dc0810bfb9f5b32972d5
urn:ure:smg:re_FunctionVariant:rmge01-usasm:80101e2c	0x80101E2C	16	func_80101E2C		e9e372a09b201be27c0f96db8f6f8dd941635e39e67d51d1a82ac83d838b205e
urn:ure:smg:re_FunctionVariant:rmge01-usasm:80101e3c	0x80101E3C	16	func_80101E3C		865482138a2dd1938f661c3ff8fc453a8367fd491a17eb4b0603f962ae6d1d79
urn:ure:smg:re_FunctionVariant:rmge01-usasm:80101e4c	0x80101E4C	16	func_80101E4C		ddad68d9e9d8933a7a45ebae9dcc60268459f54e0c056e271405b072c3217d99
urn:ure:smg:re_FunctionVariant:rmge01-usasm:80101e5c	0x80101E5C	16	func_80101E5C		e45de33d49a63a0defa73356de6c020ec1a9c10abb995042eea3181f9adfb478
urn:ure:smg:re_FunctionVariant:rmge01-usasm:80101e6c	0x80101E6C	16	func_80101E6C		79bee5c957c4cebac7bc90b7b41bc9d854d6ef585de699ecff7b57d74c58d943
urn:ure:smg:re_FunctionVariant:rmge01-usasm:80101e7c	0x80101E7C	16	func_80101E7C		a99c9010b8de2e052c3d55ad24beace38f46d8f8db64fece429dc63e9db2ca1a
urn:ure:smg:re_FunctionVariant:rmge01-usasm:80101e8c	0x80101E8C	16	func_80101E8C		37a1948f55e9befed220fbc29272968661f353bc9992ad08d3aa9e84a0abe1a4
urn:ure:smg:re_FunctionVariant:rmge01-usasm:80101e9c	0x80101E9C	16	func_80101E9C		f7c6ed7610b45794b86cc28d8eba2debabf90d0d6a3c5dab65555294f48410e7
urn:ure:smg:re_FunctionVariant:rmge01-usasm:80101eac	0x80101EAC	16	func_80101EAC		20640615e9a78c98ad9bf72d78fc767768a36730a02a6612f6d7bb91b030b255
urn:ure:smg:re_FunctionVariant:rmge01-usasm:80101ebc	0x80101EBC	16	func_80101EBC		645b865e3efe74866e69bcdc53fd3a3616a95e486413f82c7d51efe8b8eae978
urn:ure:smg:re_FunctionVariant:rmge01-usasm:80101ecc	0x80101ECC	16	func_80101ECC		e81128445da98e8f989729bea577cc86a5c5dfa0fa8730dea035c40d2e23f652
urn:ure:smg:re_FunctionVariant:rmge01-usasm:80101edc	0x80101EDC	16	func_80101EDC		10f468d3b2291d628c59064dbc29b1487e2949fc5a6bfbd8792d9f75ecdea48d
urn:ure:smg:re_FunctionVariant:rmge01-usasm:801032e4	0x801032E4	16	func_801032E4		0ce453bd78de3adedd1989fcf11819a1f2028fd1d84f71e34f1ff57b390727e2
urn:ure:smg:re_FunctionVariant:rmge01-usasm:801032f4	0x801032F4	16	func_801032F4		22844789f834045fb525f9e21728865434826a0ad70536f5a6de90699117381d
urn:ure:smg:re_FunctionVariant:rmge01-usasm:80103304	0x80103304	16	func_80103304		6c8f0b45bb0135bccc4bd5df73c6770662bd308c700f736c028025768e0a1858
urn:ure:smg:re_FunctionVariant:rmge01-usasm:80103314	0x80103314	16	func_80103314		6f6a34f96932d52f83c1c22244e6fb48c9ff5f48a951589177842ad2ce115f1d
urn:ure:smg:re_FunctionVariant:rmge01-usasm:80103324	0x80103324	16	func_80103324		672846b8e8423fc53aecc1c7a58d807965b45aa8b77f967c508e283ddb68b8cf
urn:ure:smg:re_FunctionVariant:rmge01-usasm:80103334	0x80103334	16	func_80103334		11785f587877903e4c8fd5c9461efcfb772de92f276b3b36c2bc1ad23a0c974f
urn:ure:smg:re_FunctionVariant:rmge01-usasm:80103344	0x80103344	16	func_80103344		9831458f7398a093fdf2206b06bb41478941143416e0cf8de561d228581e5c51
urn:ure:smg:re_FunctionVariant:rmge01-usasm:80103354	0x80103354	16	func_80103354		5b3a629a25e000f449fa70d8a27bab3bfa92cfee10b1cb0e7a2b2285bcfab7d7
urn:ure:smg:re_FunctionVariant:rmge01-usasm:80103364	0x80103364	16	func_80103364		97b812c45b07f884f598d190eee45aaff4c0f9fa11b428dfeec55c8be723efad
urn:ure:smg:re_FunctionVariant:rmge01-usasm:801056f8	0x801056F8	16	func_801056F8		58f6d075eab444a3039bafc7447cad800e0b2352198db51d552bfe5ba3bc8c31
urn:ure:smg:re_FunctionVariant:rmge01-usasm:80105708	0x80105708	16	func_80105708		6b2fb668b8eebfe00899aa75eeda71909443c9121c4338009d94a32fe0445a46
urn:ure:smg:re_FunctionVariant:rmge01-usasm:80105718	0x80105718	16	func_80105718		14afa7221f44fbcce75307b2aaccd461b75ee46cc727e5d98a751797663752ef
urn:ure:smg:re_FunctionVariant:rmge01-usasm:80105728	0x80105728	16	func_80105728		53b0a82f3239fc352c6c7108acdcd8efc68e0b1e07f87f30ab858abb73f63be0
urn:ure:smg:re_FunctionVariant:rmge01-usasm:80105738	0x80105738	16	func_80105738		e28a925b546c38e8678798b91db1049b3609279308a0ec2358ff8cfeaa68e159
urn:ure:smg:re_FunctionVariant:rmge01-usasm:80105748	0x80105748	16	func_80105748		64ac7871dec99604cce3e3fff103d34819f4b5f0cabbd874b717cd3fc0ff108f
urn:ure:smg:re_FunctionVariant:rmge01-usasm:80105758	0x80105758	16	func_80105758		6d7461b53f36c5e556e8900131472f668c70650472515a1dcfeb4c781c99e810
urn:ure:smg:re_FunctionVariant:rmge01-usasm:80105768	0x80105768	16	func_80105768		051487c754f9013e8c11c6291f6e83710cc270b1697fdd4584a851c79dbfe098
urn:ure:smg:re_FunctionVariant:rmge01-usasm:80105778	0x80105778	16	func_80105778		a549184790d2ca70105913c2ca6a51a51ea94264bcfda375830da3677987a789
urn:ure:smg:re_FunctionVariant:rmge01-usasm:80105788	0x80105788	16	func_80105788		a47e2a2ac12b0609349ba0068ecdb318933471f2380151537b338ef3848cc20b
urn:ure:smg:re_FunctionVariant:rmge01-usasm:80105798	0x80105798	16	func_80105798		56e503b4f7ffa231767cdbce3bccf3baa1cc10cba00ebe3e0c1f5be20652d588
urn:ure:smg:re_FunctionVariant:rmge01-usasm:801057a8	0x801057A8	16	func_801057A8		8d6938e20b29726dfcbd74a62692ece6c43691b8368671a827d2396e17a35520
urn:ure:smg:re_FunctionVariant:rmge01-usasm:801057b8	0x801057B8	16	func_801057B8		04e72e8cf077fb3e0453d87bb3d475d2f5111708bc71f1182d0ebd6cf26c36f5
