function_id	requested_va	tier	found_exact	resolved_entry	ghidra_name	prototype	parameter_count	local_count	calling_convention	decompile_completed	decompiler_message	elapsed_ms	c_bytes	instruction_count	reference_count	asm_bytes
urn:ure:t6:occ:function:current-client:00492be0	0x00492be0	defer	true	00492be0	FUN_00492be0	undefined FUN_00492be0()	0	0	unknown	true		82	2535	170	64	6168
urn:ure:t6:occ:function:current-client:0088f1a0	0x0088f1a0	defer	true	0088f1a0	FUN_0088f1a0	undefined FUN_0088f1a0()	0	0	unknown	true		48	2583	172	67	5575
urn:ure:t6:occ:function:current-client:0042c6a0	0x0042c6a0	defer	true	0042c6a0	FUN_0042c6a0	undefined FUN_0042c6a0()	0	0	unknown	true		37	2875	173	58	5397
urn:ure:t6:occ:function:current-client:008022e0	0x008022e0	defer	true	008022e0	FUN_008022e0	undefined FUN_008022e0()	0	0	unknown	true		23	1753	175	51	5322
urn:ure:t6:occ:function:current-client:007f7ed0	0x007f7ed0	defer	true	007f7ed0	FUN_007f7ed0	undefined FUN_007f7ed0()	0	0	unknown	true		33	3285	184	48	6407
urn:ure:t6:occ:function:current-client:00847830	0x00847830	defer	true	00847830	FUN_00847830	undefined FUN_00847830()	0	0	unknown	true		34	2250	188	43	6090
urn:ure:t6:occ:function:current-client:00847b80	0x00847b80	defer	true	00847b80	FUN_00847b80	undefined FUN_00847b80()	0	0	unknown	true		37	2370	191	55	6154
urn:ure:t6:occ:function:current-client:005d6d00	0x005d6d00	defer	true	005d6d00	FUN_005d6d00	undefined FUN_005d6d00()	0	0	unknown	true		64	2987	196	55	7155
urn:ure:t6:occ:function:current-client:00830a40	0x00830a40	defer	true	00830a40	FUN_00830a40	undefined FUN_00830a40()	0	0	unknown	true		41	2969	198	44	7495
urn:ure:t6:occ:function:current-client:008ae7c0	0x008ae7c0	defer	true	008ae7c0	FUN_008ae7c0	undefined FUN_008ae7c0()	0	0	unknown	true		24	3876	199	58	7004
urn:ure:t6:occ:function:current-client:008aa5c0	0x008aa5c0	defer	true	008aa5c0	FUN_008aa5c0	undefined FUN_008aa5c0()	0	0	unknown	true		28	2674	208	42	6668
urn:ure:t6:occ:function:current-client:00a383a0	0x00a383a0	defer	true	00a383a0	FUN_00a383a0	undefined FUN_00a383a0()	0	0	unknown	true		42	3162	210	43	7238
urn:ure:t6:occ:function:current-client:0044d9e0	0x0044d9e0	defer	true	0044d9e0	FUN_0044d9e0	undefined FUN_0044d9e0()	0	0	unknown	true		31	3457	214	60	6808
urn:ure:t6:occ:function:current-client:00840ab0	0x00840ab0	defer	true	00840ab0	FUN_00840ab0	undefined FUN_00840ab0()	0	0	unknown	true		39	2243	220	43	7544
urn:ure:t6:occ:function:current-client:005b6860	0x005b6860	defer	true	005b6860	FUN_005b6860	undefined FUN_005b6860()	0	0	unknown	true		43	4217	224	65	7147
urn:ure:t6:occ:function:current-client:007a3a80	0x007a3a80	defer	true	007a3a80	FUN_007a3a80	undefined FUN_007a3a80()	0	0	unknown	true		36	2783	227	52	8168
urn:ure:t6:occ:function:current-client:006444c0	0x006444c0	defer	true	006444c0	FUN_006444c0	undefined FUN_006444c0()	0	0	unknown	true		32	3266	235	49	7333
urn:ure:t6:occ:function:current-client:004bdd70	0x004bdd70	defer	true	004bdd70	FUN_004bdd70	undefined FUN_004bdd70()	0	0	unknown	true		47	4013	235	86	9411
urn:ure:t6:occ:function:current-client:007dfd90	0x007dfd90	defer	true	007dfd90	FUN_007dfd90	undefined FUN_007dfd90()	0	0	unknown	true		44	4037	250	68	9367
urn:ure:t6:occ:function:current-client:00b0ea70	0x00b0ea70	defer	true	00b0ea70	FUN_00b0ea70	undefined FUN_00b0ea70()	0	0	unknown	true		50	4037	251	76	8605
urn:ure:t6:occ:function:current-client:00a70c60	0x00a70c60	defer	true	00a70c60	FUN_00a70c60	undefined FUN_00a70c60()	0	0	unknown	true		33	2973	256	54	7858
urn:ure:t6:occ:function:current-client:006c5ba0	0x006c5ba0	defer	true	006c5ba0	FUN_006c5ba0	undefined FUN_006c5ba0()	0	0	unknown	true		34	3875	267	48	8844
urn:ure:t6:occ:function:current-client:00830d50	0x00830d50	defer	true	00830d50	FUN_00830d50	undefined FUN_00830d50()	0	0	unknown	true		43	3969	267	48	9413
urn:ure:t6:occ:function:current-client:00ac1e40	0x00ac1e40	defer	true	00ac1e40	FUN_00ac1e40	undefined FUN_00ac1e40()	0	0	unknown	true		46	4517	273	73	8762
urn:ure:t6:occ:function:current-client:007269c0	0x007269c0	defer	true	007269c0	FUN_007269c0	undefined FUN_007269c0()	0	0	unknown	true		60	5950	275	62	10562
urn:ure:t6:occ:function:current-client:00412bb0	0x00412bb0	defer	true	00412bb0	FUN_00412bb0	undefined FUN_00412bb0()	0	0	unknown	true		47	4641	281	59	10637
urn:ure:t6:occ:function:current-client:00b11230	0x00b11230	defer	true	00b11230	FUN_00b11230	undefined FUN_00b11230()	0	0	unknown	true		39	3362	285	54	8578
urn:ure:t6:occ:function:current-client:00ae42e0	0x00ae42e0	defer	true	00ae42e0	FUN_00ae42e0	undefined FUN_00ae42e0()	0	0	unknown	true		38	4100	292	68	9544
urn:ure:t6:occ:function:current-client:006cd3d0	0x006cd3d0	defer	true	006cd3d0	FUN_006cd3d0	undefined FUN_006cd3d0()	0	0	unknown	true		29	3720	295	51	9160
urn:ure:t6:occ:function:current-client:0087a5c0	0x0087a5c0	defer	true	0087a5c0	FUN_0087a5c0	undefined FUN_0087a5c0()	0	0	unknown	true		64	5326	304	75	12470
urn:ure:t6:occ:function:current-client:0056ef00	0x0056ef00	defer	true	0056ef00	FUN_0056ef00	undefined FUN_0056ef00()	0	0	unknown	true		71	5798	323	90	11967
urn:ure:t6:occ:function:current-client:00a5e290	0x00a5e290	defer	true	00a5e290	FUN_00a5e290	undefined FUN_00a5e290()	0	0	unknown	true		67	5579	326	76	11165
urn:ure:t6:occ:function:current-client:00ad3f70	0x00ad3f70	defer	true	00ad3f70	FUN_00ad3f70	undefined FUN_00ad3f70()	0	0	unknown	true		71	5553	343	84	11746
urn:ure:t6:occ:function:current-client:0092da20	0x0092da20	defer	true	0092da20	FUN_0092da20	undefined FUN_0092da20()	0	0	unknown	true		56	5796	343	90	12633
urn:ure:t6:occ:function:current-client:0057d0a0	0x0057d0a0	defer	true	0057d0a0	FUN_0057d0a0	undefined FUN_0057d0a0()	0	0	unknown	true		77	7020	371	74	14814
urn:ure:t6:occ:function:current-client:007679a0	0x007679a0	defer	true	007679a0	FUN_007679a0	undefined FUN_007679a0()	0	0	unknown	true		63	3907	381	94	15532
urn:ure:t6:occ:function:current-client:00952270	0x00952270	defer	true	00952270	FUN_00952270	undefined FUN_00952270()	0	0	unknown	true		43	5027	383	104	12258
urn:ure:t6:occ:function:current-client:0099d440	0x0099d440	defer	true	0099d440	FUN_0099d440	undefined FUN_0099d440()	0	0	unknown	true		114	6259	386	133	13282
urn:ure:t6:occ:function:current-client:0099e4c0	0x0099e4c0	defer	true	0099e4c0	FUN_0099e4c0	undefined FUN_0099e4c0()	0	0	unknown	true		113	6259	386	133	13282
urn:ure:t6:occ:function:current-client:009a05c0	0x009a05c0	defer	true	009a05c0	FUN_009a05c0	undefined FUN_009a05c0()	0	0	unknown	true		108	6335	388	136	13346
urn:ure:t6:occ:function:current-client:0099c3b0	0x0099c3b0	defer	true	0099c3b0	FUN_0099c3b0	undefined FUN_0099c3b0()	0	0	unknown	true		100	6308	391	134	13456
urn:ure:t6:occ:function:current-client:0099f530	0x0099f530	defer	true	0099f530	FUN_0099f530	undefined FUN_0099f530()	0	0	unknown	true		96	6314	391	134	13456
urn:ure:t6:occ:function:current-client:00a121f0	0x00a121f0	defer	true	00a121f0	FUN_00a121f0	undefined FUN_00a121f0()	0	0	unknown	true		63	5416	444	41	15329
urn:ure:t6:occ:function:current-client:005722d0	0x005722d0	defer	true	005722d0	FUN_005722d0	undefined FUN_005722d0()	0	0	unknown	true		69	6635	464	131	15841
urn:ure:t6:occ:function:current-client:0054a700	0x0054a700	defer	true	0054a700	FUN_0054a700	undefined FUN_0054a700()	0	0	unknown	true		103	8427	478	144	18124
urn:ure:t6:occ:function:current-client:008e9180	0x008e9180	defer	true	008e9180	FUN_008e9180	undefined FUN_008e9180()	0	0	unknown	true		122	7153	496	106	18541
urn:ure:t6:occ:function:current-client:00735c50	0x00735c50	defer	true	00735c50	FUN_00735c50	undefined FUN_00735c50()	0	0	unknown	true		218	11063	530	141	19096
urn:ure:t6:occ:function:current-client:00765b20	0x00765b20	defer	true	00765b20	FUN_00765b20	undefined FUN_00765b20()	0	0	unknown	true		168	14972	869	131	36674
urn:ure:t6:occ:function:current-client:00584d60	0x00584d60	defer	true	00584d60	FUN_00584d60	undefined FUN_00584d60()	0	0	unknown	true		14	622	41	25	1431
urn:ure:t6:occ:function:current-client:007f5dc0	0x007f5dc0	defer	true	007f5dc0	FUN_007f5dc0	undefined FUN_007f5dc0()	0	0	unknown	true		9	559	45	24	1463
urn:ure:t6:occ:function:current-client:006268b0	0x006268b0	defer	true	006268b0	FUN_006268b0	undefined FUN_006268b0()	0	0	unknown	true		17	1433	87	60	2980
urn:ure:t6:occ:function:current-client:004c4f60	0x004c4f60	defer	true	004c4f60	FUN_004c4f60	undefined FUN_004c4f60()	0	0	unknown	true		16	1429	97	44	3086
urn:ure:t6:occ:function:current-client:004f78b0	0x004f78b0	defer	true	004f78b0	FUN_004f78b0	undefined FUN_004f78b0()	0	0	unknown	true		15	1316	101	46	3166
urn:ure:t6:occ:function:current-client:008ffc50	0x008ffc50	defer	true	008ffc50	FUN_008ffc50	undefined FUN_008ffc50()	0	0	unknown	true		13	1228	107	38	3336
urn:ure:t6:occ:function:current-client:00675e90	0x00675e90	defer	true	00675e90	FUN_00675e90	undefined FUN_00675e90()	0	0	unknown	true		17	1860	111	38	3678
urn:ure:t6:occ:function:current-client:00674dc0	0x00674dc0	defer	true	00674dc0	FUN_00674dc0	undefined FUN_00674dc0()	0	0	unknown	true		15	1361	118	35	4069
urn:ure:t6:occ:function:current-client:005c81e0	0x005c81e0	defer	true	005c81e0	FUN_005c81e0	undefined FUN_005c81e0()	0	0	unknown	true		26	1610	123	40	4183
urn:ure:t6:occ:function:current-client:00a54f20	0x00a54f20	defer	true	00a54f20	FUN_00a54f20	undefined FUN_00a54f20()	0	0	unknown	true		25	2194	126	27	4552
urn:ure:t6:occ:function:current-client:0092be90	0x0092be90	defer	true	0092be90	FUN_0092be90	undefined FUN_0092be90()	0	0	unknown	true		23	2022	135	42	4409
urn:ure:t6:occ:function:current-client:00405140	0x00405140	defer	true	00405140	FUN_00405140	undefined FUN_00405140()	0	0	unknown	true		28	2369	148	51	4797
urn:ure:t6:occ:function:current-client:00622480	0x00622480	defer	true	00622480	FUN_00622480	undefined FUN_00622480()	0	0	unknown	true		28	2318	149	44	5190
urn:ure:t6:occ:function:current-client:007cd7c0	0x007cd7c0	defer	true	007cd7c0	FUN_007cd7c0	undefined FUN_007cd7c0()	0	0	unknown	true		25	2293	149	59	5531
urn:ure:t6:occ:function:current-client:0067d8b0	0x0067d8b0	defer	true	0067d8b0	FUN_0067d8b0	undefined FUN_0067d8b0()	0	0	unknown	true		32	2647	150	45	5275
urn:ure:t6:occ:function:current-client:00ae7b90	0x00ae7b90	defer	true	00ae7b90	FUN_00ae7b90	undefined FUN_00ae7b90()	0	0	unknown	true		17	1717	151	39	4532
urn:ure:t6:occ:function:current-client:00448a20	0x00448a20	defer	true	00448a20	FUN_00448a20	undefined FUN_00448a20()	0	0	unknown	true		24	1702	155	40	4858
urn:ure:t6:occ:function:current-client:0047e590	0x0047e590	defer	true	0047e590	FUN_0047e590	undefined FUN_0047e590()	0	0	unknown	true		21	2235	157	50	4878
urn:ure:t6:occ:function:current-client:0045cc50	0x0045cc50	defer	true	0045cc50	FUN_0045cc50	undefined FUN_0045cc50()	0	0	unknown	true		21	1994	160	30	5876
urn:ure:t6:occ:function:current-client:00b32380	0x00b32380	defer	true	00b32380	FUN_00b32380	undefined FUN_00b32380()	0	0	unknown	true		21	2632	168	44	5637
urn:ure:t6:occ:function:current-client:0069cef0	0x0069cef0	defer	true	0069cef0	FUN_0069cef0	undefined FUN_0069cef0()	0	0	unknown	true		21	2047	174	40	5394
urn:ure:t6:occ:function:current-client:00b2c790	0x00b2c790	defer	true	00b2c790	FUN_00b2c790	undefined FUN_00b2c790()	0	0	unknown	true		25	2894	176	44	5768
urn:ure:t6:occ:function:current-client:005d4750	0x005d4750	defer	true	005d4750	FUN_005d4750	undefined FUN_005d4750()	0	0	unknown	true		20	1969	179	35	5674
urn:ure:t6:occ:function:current-client:0066a110	0x0066a110	defer	true	0066a110	FUN_0066a110	undefined FUN_0066a110()	0	0	unknown	true		29	2689	180	41	5887
urn:ure:t6:occ:function:current-client:00b30140	0x00b30140	defer	true	00b30140	FUN_00b30140	undefined FUN_00b30140()	0	0	unknown	true		23	2729	180	53	5676
urn:ure:t6:occ:function:current-client:006a6da0	0x006a6da0	defer	true	006a6da0	FUN_006a6da0	undefined FUN_006a6da0()	0	0	unknown	true		27	2510	184	39	6539
urn:ure:t6:occ:function:current-client:0053d730	0x0053d730	defer	true	0053d730	FUN_0053d730	undefined FUN_0053d730()	0	0	unknown	true		36	2762	189	53	6434
urn:ure:t6:occ:function:current-client:006598b0	0x006598b0	defer	true	006598b0	FUN_006598b0	undefined FUN_006598b0()	0	0	unknown	true		25	1841	190	29	6368
urn:ure:t6:occ:function:current-client:005d0f30	0x005d0f30	defer	true	005d0f30	FUN_005d0f30	undefined FUN_005d0f30()	0	0	unknown	true		32	2695	190	45	6449
urn:ure:t6:occ:function:current-client:00b17cc0	0x00b17cc0	defer	true	00b17cc0	FUN_00b17cc0	undefined FUN_00b17cc0()	0	0	unknown	true		29	2921	198	51	6344
urn:ure:t6:occ:function:current-client:00507bd0	0x00507bd0	defer	true	00507bd0	FUN_00507bd0	undefined FUN_00507bd0()	0	0	unknown	true		32	2844	201	60	7077
urn:ure:t6:occ:function:current-client:008d4130	0x008d4130	defer	true	008d4130	FUN_008d4130	undefined FUN_008d4130()	0	0	unknown	true		26	3725	203	59	7274
urn:ure:t6:occ:function:current-client:00a775b7	0x00a775b7	defer	true	00a775b7	__putenv_helper	undefined __putenv_helper()	0	0	unknown	true		34	2870	205	53	6250
urn:ure:t6:occ:function:current-client:00a38860	0x00a38860	defer	true	00a38860	FUN_00a38860	undefined FUN_00a38860()	0	0	unknown	true		27	3057	205	42	7217
urn:ure:t6:occ:function:current-client:00adbb30	0x00adbb30	defer	true	00adbb30	FUN_00adbb30	undefined FUN_00adbb30()	0	0	unknown	true		35	3155	205	55	7172
urn:ure:t6:occ:function:current-client:00960720	0x00960720	defer	true	00960720	FUN_00960720	undefined FUN_00960720()	0	0	unknown	true		32	3571	208	51	6383
urn:ure:t6:occ:function:current-client:00a89c57	0x00a89c57	defer	true	00a89c57	___crtsetenv	int __cdecl ___crtsetenv(char * * _POption, int _Primary)	2	0	__cdecl	true		35	3533	210	68	6927
urn:ure:t6:occ:function:current-client:00b07560	0x00b07560	defer	true	00b07560	FUN_00b07560	undefined FUN_00b07560()	0	0	unknown	true		32	3927	211	49	6849
urn:ure:t6:occ:function:current-client:0045d380	0x0045d380	defer	true	0045d380	FUN_0045d380	undefined FUN_0045d380()	0	0	unknown	true		27	2542	211	69	6807
urn:ure:t6:occ:function:current-client:005514b0	0x005514b0	defer	true	005514b0	FUN_005514b0	undefined FUN_005514b0()	0	0	unknown	true		38	3239	215	53	7738
urn:ure:t6:occ:function:current-client:005c9540	0x005c9540	defer	true	005c9540	FUN_005c9540	undefined FUN_005c9540()	0	0	unknown	true		46	3429	217	105	8297
urn:ure:t6:occ:function:current-client:008f2640	0x008f2640	defer	true	008f2640	FUN_008f2640	undefined FUN_008f2640()	0	0	unknown	true		27	2402	238	44	7083
urn:ure:t6:occ:function:current-client:00ad34f0	0x00ad34f0	defer	true	00ad34f0	FUN_00ad34f0	undefined FUN_00ad34f0()	0	0	unknown	true		32	3328	240	50	7682
urn:ure:t6:occ:function:current-client:00b3b1f0	0x00b3b1f0	defer	true	00b3b1f0	FUN_00b3b1f0	undefined FUN_00b3b1f0()	0	0	unknown	true		27	2850	241	60	7367
urn:ure:t6:occ:function:current-client:00a320b0	0x00a320b0	defer	true	00a320b0	FUN_00a320b0	undefined FUN_00a320b0()	0	0	unknown	true		33	2671	243	47	8281
urn:ure:t6:occ:function:current-client:007f3410	0x007f3410	defer	true	007f3410	FUN_007f3410	undefined FUN_007f3410()	0	0	unknown	true		36	3719	248	55	9053
urn:ure:t6:occ:function:current-client:0055e990	0x0055e990	defer	true	0055e990	FUN_0055e990	undefined FUN_0055e990()	0	0	unknown	true		40	4898	256	68	9370
urn:ure:t6:occ:function:current-client:00b33710	0x00b33710	defer	true	00b33710	FUN_00b33710	undefined FUN_00b33710()	0	0	unknown	true		41	4073	258	53	8276
urn:ure:t6:occ:function:current-client:00761200	0x00761200	defer	true	00761200	FUN_00761200	undefined FUN_00761200()	0	0	unknown	true		38	2262	261	123	10753
urn:ure:t6:occ:function:current-client:00802dd0	0x00802dd0	defer	true	00802dd0	FUN_00802dd0	undefined FUN_00802dd0()	0	0	unknown	true		39	3839	263	79	8561
urn:ure:t6:occ:function:current-client:00a780c7	0x00a780c7	defer	true	00a780c7	FUN_00a780c7	undefined FUN_00a780c7()	0	0	unknown	true		41	4904	269	48	8707
urn:ure:t6:occ:function:current-client:007dbd40	0x007dbd40	defer	true	007dbd40	FUN_007dbd40	undefined FUN_007dbd40()	0	0	unknown	true		45	3838	274	80	10461
urn:ure:t6:occ:function:current-client:00b05440	0x00b05440	defer	true	00b05440	FUN_00b05440	undefined FUN_00b05440()	0	0	unknown	true		43	4715	288	72	9244
urn:ure:t6:occ:function:current-client:008383d0	0x008383d0	defer	true	008383d0	FUN_008383d0	undefined FUN_008383d0()	0	0	unknown	true		40	4801	288	59	10891
urn:ure:t6:occ:function:current-client:00ad84a0	0x00ad84a0	defer	true	00ad84a0	FUN_00ad84a0	undefined FUN_00ad84a0()	0	0	unknown	true		64	5954	305	74	11261
urn:ure:t6:occ:function:current-client:008cb1b0	0x008cb1b0	defer	true	008cb1b0	FUN_008cb1b0	undefined FUN_008cb1b0()	0	0	unknown	true		35	4243	316	62	9573
urn:ure:t6:occ:function:current-client:00445180	0x00445180	defer	true	00445180	FUN_00445180	undefined FUN_00445180()	0	0	unknown	true		53	5836	339	70	12877
urn:ure:t6:occ:function:current-client:007e3e00	0x007e3e00	defer	true	007e3e00	FUN_007e3e00	undefined FUN_007e3e00()	0	0	unknown	true		80	6213	355	66	14078
urn:ure:t6:occ:function:current-client:005b1000	0x005b1000	defer	true	005b1000	FUN_005b1000	undefined FUN_005b1000()	0	0	unknown	true		72	6336	362	104	13473
urn:ure:t6:occ:function:current-client:007a8170	0x007a8170	defer	true	007a8170	FUN_007a8170	undefined FUN_007a8170()	0	0	unknown	true		67	6114	363	83	14152
urn:ure:t6:occ:function:current-client:00963dd0	0x00963dd0	defer	true	00963dd0	FUN_00963dd0	undefined FUN_00963dd0()	0	0	unknown	true		38	7290	377	70	13588
urn:ure:t6:occ:function:current-client:00671680	0x00671680	defer	true	00671680	FUN_00671680	undefined FUN_00671680()	0	0	unknown	true		63	5443	414	72	13761
urn:ure:t6:occ:function:current-client:00866df0	0x00866df0	defer	true	00866df0	FUN_00866df0	undefined FUN_00866df0()	0	0	unknown	true		76	6358	444	58	18214
urn:ure:t6:occ:function:current-client:00a8c0c1	0x00a8c0c1	defer	true	00a8c0c1	__write_nolock	int __cdecl __write_nolock(int _FileHandle, void * _Buf, uint _MaxCharCount)	3	0	__cdecl	true		111	10761	494	116	18647
urn:ure:t6:occ:function:current-client:005e3770	0x005e3770	defer	true	005e3770	FUN_005e3770	undefined FUN_005e3770()	0	0	unknown	true		99	8519	497	84	18242
urn:ure:t6:occ:function:current-client:00865c10	0x00865c10	defer	true	00865c10	FUN_00865c10	undefined FUN_00865c10()	0	0	unknown	true		142	8215	504	73	20765
urn:ure:t6:occ:function:current-client:00a09b40	0x00a09b40	defer	true	00a09b40	FUN_00a09b40	undefined FUN_00a09b40()	0	0	unknown	true		99	8834	683	58	25478
urn:ure:t6:occ:function:current-client:00708800	0x00708800	defer	true	00708800	FUN_00708800	undefined FUN_00708800()	0	0	unknown	true		214	18842	821	70	37171
urn:ure:t6:occ:function:current-client:005b21a0	0x005b21a0	defer	true	005b21a0	FUN_005b21a0	undefined FUN_005b21a0()	0	0	unknown	true		18	1134	76	28	2442
urn:ure:t6:occ:function:current-client:00710560	0x00710560	defer	true	00710560	FUN_00710560	undefined FUN_00710560()	0	0	unknown	true		15	1666	88	51	3408
urn:ure:t6:occ:function:current-client:007d0c40	0x007d0c40	defer	true	007d0c40	FUN_007d0c40	undefined FUN_007d0c40()	0	0	unknown	true		19	2077	91	33	3248
urn:ure:t6:occ:function:current-client:004ff8e0	0x004ff8e0	defer	true	004ff8e0	FUN_004ff8e0	undefined FUN_004ff8e0()	0	0	unknown	true		15	1509	92	39	3095
urn:ure:t6:occ:function:current-client:006a8ae0	0x006a8ae0	defer	true	006a8ae0	FUN_006a8ae0	undefined FUN_006a8ae0()	0	0	unknown	true		16	1481	109	43	3603
urn:ure:t6:occ:function:current-client:0091b060	0x0091b060	defer	true	0091b060	FUN_0091b060	undefined FUN_0091b060()	0	0	unknown	true		18	2276	117	36	3849
urn:ure:t6:occ:function:current-client:00430c50	0x00430c50	defer	true	00430c50	FUN_00430c50	undefined FUN_00430c50()	0	0	unknown	true		18	1333	117	49	3785
urn:ure:t6:occ:function:current-client:006053e0	0x006053e0	defer	true	006053e0	FUN_006053e0	undefined FUN_006053e0()	0	0	unknown	true		16	1397	117	37	3861
urn:ure:t6:occ:function:current-client:00566120	0x00566120	defer	true	00566120	FUN_00566120	undefined FUN_00566120()	0	0	unknown	true		16	1538	128	57	4332
urn:ure:t6:occ:function:current-client:00649ae0	0x00649ae0	defer	true	00649ae0	FUN_00649ae0	undefined FUN_00649ae0()	0	0	unknown	true		16	1977	132	36	4148
urn:ure:t6:occ:function:current-client:00848720	0x00848720	defer	true	00848720	FUN_00848720	undefined FUN_00848720()	0	0	unknown	true		22	1698	137	53	4239
urn:ure:t6:occ:function:current-client:007eefc0	0x007eefc0	defer	true	007eefc0	FUN_007eefc0	undefined FUN_007eefc0()	0	0	unknown	true		21	1191	138	41	4466
urn:ure:t6:occ:function:current-client:00ae6cf0	0x00ae6cf0	defer	true	00ae6cf0	FUN_00ae6cf0	undefined FUN_00ae6cf0()	0	0	unknown	true		18	2386	147	47	4819
urn:ure:t6:occ:function:current-client:0041c080	0x0041c080	defer	true	0041c080	FUN_0041c080	undefined FUN_0041c080()	0	0	unknown	true		20	1948	148	29	4422
urn:ure:t6:occ:function:current-client:007ce5a0	0x007ce5a0	defer	true	007ce5a0	FUN_007ce5a0	undefined FUN_007ce5a0()	0	0	unknown	true		21	1707	152	32	4651
urn:ure:t6:occ:function:current-client:007f8ee0	0x007f8ee0	defer	true	007f8ee0	FUN_007f8ee0	undefined FUN_007f8ee0()	0	0	unknown	true		21	2102	158	47	5020
urn:ure:t6:occ:function:current-client:004087a0	0x004087a0	defer	true	004087a0	FUN_004087a0	undefined FUN_004087a0()	0	0	unknown	true		24	2196	159	62	5188
urn:ure:t6:occ:function:current-client:00627c80	0x00627c80	defer	true	00627c80	FUN_00627c80	undefined FUN_00627c80()	0	0	unknown	true		22	2189	162	60	5231
urn:ure:t6:occ:function:current-client:007c8370	0x007c8370	defer	true	007c8370	FUN_007c8370	undefined FUN_007c8370()	0	0	unknown	true		30	2325	164	46	5113
urn:ure:t6:occ:function:current-client:00551890	0x00551890	defer	true	00551890	FUN_00551890	undefined FUN_00551890()	0	0	unknown	true		38	1796	164	46	5147
urn:ure:t6:occ:function:current-client:00982f10	0x00982f10	defer	true	00982f10	FUN_00982f10	undefined FUN_00982f10()	0	0	unknown	true		17	2412	164	69	5385
urn:ure:t6:occ:function:current-client:00849120	0x00849120	defer	true	00849120	FUN_00849120	undefined FUN_00849120()	0	0	unknown	true		21	2360	166	41	5788
urn:ure:t6:occ:function:current-client:005ab8f0	0x005ab8f0	defer	true	005ab8f0	FUN_005ab8f0	undefined FUN_005ab8f0()	0	0	unknown	true		21	2600	167	57	4993
urn:ure:t6:occ:function:current-client:00649610	0x00649610	defer	true	00649610	FUN_00649610	undefined FUN_00649610()	0	0	unknown	true		22	2772	170	54	5954
urn:ure:t6:occ:function:current-client:005bd520	0x005bd520	defer	true	005bd520	FUN_005bd520	undefined FUN_005bd520()	0	0	unknown	true		25	2661	170	37	6973
urn:ure:t6:occ:function:current-client:008425c0	0x008425c0	defer	true	008425c0	FUN_008425c0	undefined FUN_008425c0()	0	0	unknown	true		31	3081	180	47	5721
urn:ure:t6:occ:function:current-client:00831940	0x00831940	defer	true	00831940	FUN_00831940	undefined FUN_00831940()	0	0	unknown	true		26	3214	182	63	5975
urn:ure:t6:occ:function:current-client:007ffc70	0x007ffc70	defer	true	007ffc70	FUN_007ffc70	undefined FUN_007ffc70()	0	0	unknown	true		22	2979	183	55	6301
urn:ure:t6:occ:function:current-client:00a44dc0	0x00a44dc0	defer	true	00a44dc0	FUN_00a44dc0	undefined FUN_00a44dc0()	0	0	unknown	true		23	2027	184	32	6082
urn:ure:t6:occ:function:current-client:00a53990	0x00a53990	defer	true	00a53990	FUN_00a53990	undefined FUN_00a53990()	0	0	unknown	true		25	3173	186	43	6447
urn:ure:t6:occ:function:current-client:0091ee10	0x0091ee10	defer	true	0091ee10	FUN_0091ee10	undefined FUN_0091ee10()	0	0	unknown	true		27	2678	188	58	5756
urn:ure:t6:occ:function:current-client:0044fea0	0x0044fea0	defer	true	0044fea0	FUN_0044fea0	undefined FUN_0044fea0()	0	0	unknown	true		22	2767	192	42	6011
urn:ure:t6:occ:function:current-client:0069d140	0x0069d140	defer	true	0069d140	FUN_0069d140	undefined FUN_0069d140()	0	0	unknown	true		39	3748	194	48	6766
urn:ure:t6:occ:function:current-client:006806d0	0x006806d0	defer	true	006806d0	FUN_006806d0	undefined FUN_006806d0()	0	0	unknown	true		27	3106	195	51	6926
urn:ure:t6:occ:function:current-client:0054e430	0x0054e430	defer	true	0054e430	FUN_0054e430	undefined FUN_0054e430()	0	0	unknown	true		29	3286	202	64	7003
urn:ure:t6:occ:function:current-client:00950940	0x00950940	defer	true	00950940	FUN_00950940	undefined FUN_00950940()	0	0	unknown	true		25	2798	212	61	6944
urn:ure:t6:occ:function:current-client:00872a50	0x00872a50	defer	true	00872a50	FUN_00872a50	undefined FUN_00872a50()	0	0	unknown	true		30	3607	220	45	6965
urn:ure:t6:occ:function:current-client:0069be10	0x0069be10	defer	true	0069be10	FUN_0069be10	undefined FUN_0069be10()	0	0	unknown	true		74	3996	222	79	8792
urn:ure:t6:occ:function:current-client:007df2e0	0x007df2e0	defer	true	007df2e0	FUN_007df2e0	undefined FUN_007df2e0()	0	0	unknown	true		37	3269	225	48	7683
urn:ure:t6:occ:function:current-client:005b8040	0x005b8040	defer	true	005b8040	FUN_005b8040	undefined FUN_005b8040()	0	0	unknown	true		30	3110	226	65	7066
urn:ure:t6:occ:function:current-client:00552f20	0x00552f20	defer	true	00552f20	FUN_00552f20	undefined FUN_00552f20()	0	0	unknown	true		40	3749	233	67	7901
urn:ure:t6:occ:function:current-client:007a2fc0	0x007a2fc0	defer	true	007a2fc0	FUN_007a2fc0	undefined FUN_007a2fc0()	0	0	unknown	true		37	4003	240	42	8672
urn:ure:t6:occ:function:current-client:00867730	0x00867730	defer	true	00867730	FUN_00867730	undefined FUN_00867730()	0	0	unknown	true		29	3283	243	45	8431
urn:ure:t6:occ:function:current-client:00ae9c10	0x00ae9c10	defer	true	00ae9c10	FUN_00ae9c10	undefined FUN_00ae9c10()	0	0	unknown	true		53	4267	245	78	8481
urn:ure:t6:occ:function:current-client:00a6bb90	0x00a6bb90	defer	true	00a6bb90	FUN_00a6bb90	undefined FUN_00a6bb90()	0	0	unknown	true		28	3516	252	51	8532
urn:ure:t6:occ:function:current-client:008328f0	0x008328f0	defer	true	008328f0	FUN_008328f0	undefined FUN_008328f0()	0	0	unknown	true		38	3566	254	62	9215
urn:ure:t6:occ:function:current-client:0064ba20	0x0064ba20	defer	true	0064ba20	FUN_0064ba20	undefined FUN_0064ba20()	0	0	unknown	true		25	3473	259	46	8127
urn:ure:t6:occ:function:current-client:00a7a4ff	0x00a7a4ff	defer	true	00a7a4ff	FUN_00a7a4ff	undefined FUN_00a7a4ff()	0	0	unknown	true		36	3879	262	59	8018
urn:ure:t6:occ:function:current-client:00b3af20	0x00b3af20	defer	true	00b3af20	FUN_00b3af20	undefined FUN_00b3af20()	0	0	unknown	true		28	2917	264	58	8048
urn:ure:t6:occ:function:current-client:00ae8ac0	0x00ae8ac0	defer	true	00ae8ac0	FUN_00ae8ac0	undefined FUN_00ae8ac0()	0	0	unknown	true		33	3561	279	46	9613
urn:ure:t6:occ:function:current-client:00a93140	0x00a93140	defer	true	00a93140	___init_ctype	int __cdecl ___init_ctype(threadlocinfo * _LocInfo)	1	0	__cdecl	true		49	5917	290	61	10535
urn:ure:t6:occ:function:current-client:00a66fb0	0x00a66fb0	defer	true	00a66fb0	FUN_00a66fb0	undefined FUN_00a66fb0()	0	0	unknown	true		36	4717	304	70	10449
urn:ure:t6:occ:function:current-client:008e8a50	0x008e8a50	defer	true	008e8a50	FUN_008e8a50	undefined FUN_008e8a50()	0	0	unknown	true		43	4291	312	54	10330
urn:ure:t6:occ:function:current-client:00a53180	0x00a53180	defer	true	00a53180	FUN_00a53180	undefined FUN_00a53180()	0	0	unknown	true		64	7901	317	68	11370
urn:ure:t6:occ:function:current-client:008fd130	0x008fd130	defer	true	008fd130	FUN_008fd130	undefined FUN_008fd130()	0	0	unknown	true		47	5312	324	62	12415
urn:ure:t6:occ:function:current-client:00aff9f0	0x00aff9f0	defer	true	00aff9f0	FUN_00aff9f0	undefined FUN_00aff9f0()	0	0	unknown	true		49	4943	325	80	10519
urn:ure:t6:occ:function:current-client:00ad6200	0x00ad6200	defer	true	00ad6200	FUN_00ad6200	undefined FUN_00ad6200()	0	0	unknown	true		51	5196	325	105	10758
urn:ure:t6:occ:function:current-client:0087b130	0x0087b130	defer	true	0087b130	FUN_0087b130	undefined FUN_0087b130()	0	0	unknown	true		58	5932	342	80	14251
urn:ure:t6:occ:function:current-client:00a696c0	0x00a696c0	defer	true	00a696c0	FUN_00a696c0	undefined FUN_00a696c0()	0	0	unknown	true		41	4545	351	76	11069
urn:ure:t6:occ:function:current-client:00b32890	0x00b32890	defer	true	00b32890	FUN_00b32890	undefined FUN_00b32890()	0	0	unknown	true		45	6311	362	72	12453
urn:ure:t6:occ:function:current-client:0094de20	0x0094de20	defer	true	0094de20	FUN_0094de20	undefined FUN_0094de20()	0	0	unknown	true		44	6603	371	105	13221
urn:ure:t6:occ:function:current-client:0079cc90	0x0079cc90	defer	true	0079cc90	FUN_0079cc90	undefined FUN_0079cc90()	0	0	unknown	true		80	7119	399	82	16180
urn:ure:t6:occ:function:current-client:0070a840	0x0070a840	defer	true	0070a840	FUN_0070a840	undefined FUN_0070a840()	0	0	unknown	true		61	5823	414	98	13814
urn:ure:t6:occ:function:current-client:00aea2a0	0x00aea2a0	defer	true	00aea2a0	FUN_00aea2a0	undefined FUN_00aea2a0()	0	0	unknown	true		47	7276	414	98	13997
urn:ure:t6:occ:function:current-client:0072da20	0x0072da20	defer	true	0072da20	FUN_0072da20	undefined FUN_0072da20()	0	0	unknown	true		85	9016	426	135	16884
urn:ure:t6:occ:function:current-client:00ac78d0	0x00ac78d0	defer	true	00ac78d0	FUN_00ac78d0	undefined FUN_00ac78d0()	0	0	unknown	true		64	7145	435	112	15129
urn:ure:t6:occ:function:current-client:00865090	0x00865090	defer	true	00865090	FUN_00865090	undefined FUN_00865090()	0	0	unknown	true		79	8378	456	86	17952
urn:ure:t6:occ:function:current-client:009357c0	0x009357c0	defer	true	009357c0	FUN_009357c0	undefined FUN_009357c0()	0	0	unknown	true		59	9710	466	99	16290
urn:ure:t6:occ:function:current-client:00a8b99f	0x00a8b99f	defer	true	00a8b99f	__read_nolock	int __cdecl __read_nolock(int _FileHandle, void * _DstBuf, uint _MaxCharCount)	3	0	__cdecl	true		77	11985	500	142	17680
urn:ure:t6:occ:function:current-client:008dd1a0	0x008dd1a0	defer	true	008dd1a0	FUN_008dd1a0	undefined FUN_008dd1a0()	0	0	unknown	true		62	10323	569	146	19442
urn:ure:t6:occ:function:current-client:004b2730	0x004b2730	defer	true	004b2730	FUN_004b2730	undefined FUN_004b2730()	0	0	unknown	true		112	8352	584	121	24095
urn:ure:t6:occ:function:current-client:00a8e4cc	0x00a8e4cc	defer	true	00a8e4cc	FUN_00a8e4cc	undefined FUN_00a8e4cc()	0	0	unknown	true		204	18209	719	221	28652
urn:ure:t6:occ:function:current-client:00a81e31	0x00a81e31	defer	true	00a81e31	FUN_00a81e31	undefined FUN_00a81e31()	0	0	unknown	true		204	20656	756	235	29690
urn:ure:t6:occ:function:current-client:00a9003c	0x00a9003c	defer	true	00a9003c	FUN_00a9003c	undefined FUN_00a9003c()	0	0	unknown	true		192	21882	767	238	30107
urn:ure:t6:occ:function:current-client:00700620	0x00700620	defer	true	00700620	FUN_00700620	undefined FUN_00700620()	0	0	unknown	true		11	741	38	33	1630
urn:ure:t6:occ:function:current-client:006ba0b0	0x006ba0b0	defer	true	006ba0b0	FUN_006ba0b0	undefined FUN_006ba0b0()	0	0	unknown	true		12	1032	80	37	2497
urn:ure:t6:occ:function:current-client:00513ae0	0x00513ae0	defer	true	00513ae0	FUN_00513ae0	undefined FUN_00513ae0()	0	0	unknown	true		13	1161	88	51	2941
urn:ure:t6:occ:function:current-client:00ac1870	0x00ac1870	defer	true	00ac1870	FUN_00ac1870	undefined FUN_00ac1870()	0	0	unknown	true		10	1468	92	28	3282
urn:ure:t6:occ:function:current-client:0053b180	0x0053b180	defer	true	0053b180	FUN_0053b180	undefined FUN_0053b180()	0	0	unknown	true		11	1325	105	44	3266
urn:ure:t6:occ:function:current-client:006e0000	0x006e0000	defer	true	006e0000	FUN_006e0000	undefined FUN_006e0000()	0	0	unknown	true		13	1423	105	82	3726
urn:ure:t6:occ:function:current-client:004a95e0	0x004a95e0	defer	true	004a95e0	FUN_004a95e0	undefined FUN_004a95e0()	0	0	unknown	true		15	1965	107	36	3772
urn:ure:t6:occ:function:current-client:005c93e0	0x005c93e0	defer	true	005c93e0	FUN_005c93e0	undefined FUN_005c93e0()	0	0	unknown	true		15	1482	116	33	3505
urn:ure:t6:occ:function:current-client:005b4d20	0x005b4d20	defer	true	005b4d20	FUN_005b4d20	undefined FUN_005b4d20()	0	0	unknown	true		14	1733	118	49	3541
urn:ure:t6:occ:function:current-client:005658c0	0x005658c0	defer	true	005658c0	FUN_005658c0	undefined FUN_005658c0()	0	0	unknown	true		14	1339	118	39	3702
urn:ure:t6:occ:function:current-client:007eee40	0x007eee40	defer	true	007eee40	FUN_007eee40	undefined FUN_007eee40()	0	0	unknown	true		15	1797	120	39	3757
urn:ure:t6:occ:function:current-client:005fae70	0x005fae70	defer	true	005fae70	FUN_005fae70	undefined FUN_005fae70()	0	0	unknown	true		19	1915	129	46	3793
urn:ure:t6:occ:function:current-client:00514100	0x00514100	defer	true	00514100	FUN_00514100	undefined FUN_00514100()	0	0	unknown	true		18	1873	131	94	4534
urn:ure:t6:occ:function:current-client:006857e0	0x006857e0	defer	true	006857e0	FUN_006857e0	undefined FUN_006857e0()	0	0	unknown	true		27	2223	132	62	4670
urn:ure:t6:occ:function:current-client:00444020	0x00444020	defer	true	00444020	FUN_00444020	undefined FUN_00444020()	0	0	unknown	true		22	2256	139	52	4422
urn:ure:t6:occ:function:current-client:0088b0e0	0x0088b0e0	defer	true	0088b0e0	FUN_0088b0e0	undefined FUN_0088b0e0()	0	0	unknown	true		18	2231	141	33	4853
urn:ure:t6:occ:function:current-client:005d6610	0x005d6610	defer	true	005d6610	FUN_005d6610	undefined FUN_005d6610()	0	0	unknown	true		20	2461	142	35	4676
urn:ure:t6:occ:function:current-client:0063e1c0	0x0063e1c0	defer	true	0063e1c0	FUN_0063e1c0	undefined FUN_0063e1c0()	0	0	unknown	true		15	1434	144	29	4093
urn:ure:t6:occ:function:current-client:00681700	0x00681700	defer	true	00681700	FUN_00681700	undefined FUN_00681700()	0	0	unknown	true		23	1820	150	62	5430
urn:ure:t6:occ:function:current-client:00983150	0x00983150	defer	true	00983150	FUN_00983150	undefined FUN_00983150()	0	0	unknown	true		29	2044	162	62	5398
urn:ure:t6:occ:function:current-client:00a49540	0x00a49540	defer	true	00a49540	FUN_00a49540	undefined FUN_00a49540()	0	0	unknown	true		37	2707	168	38	5457
urn:ure:t6:occ:function:current-client:005d53d0	0x005d53d0	defer	true	005d53d0	FUN_005d53d0	undefined FUN_005d53d0()	0	0	unknown	true		22	2806	169	74	6420
urn:ure:t6:occ:function:current-client:00668ff0	0x00668ff0	defer	true	00668ff0	FUN_00668ff0	undefined FUN_00668ff0()	0	0	unknown	true		20	2205	171	57	5633
urn:ure:t6:occ:function:current-client:0088b840	0x0088b840	defer	true	0088b840	FUN_0088b840	undefined FUN_0088b840()	0	0	unknown	true		24	2482	173	50	5580
urn:ure:t6:occ:function:current-client:005e0390	0x005e0390	defer	true	005e0390	FUN_005e0390	undefined FUN_005e0390()	0	0	unknown	true		17	1887	186	52	5727
urn:ure:t6:occ:function:current-client:00657780	0x00657780	defer	true	00657780	FUN_00657780	undefined FUN_00657780()	0	0	unknown	true		24	2200	186	47	5662
urn:ure:t6:occ:function:current-client:00b14c30	0x00b14c30	defer	true	00b14c30	FUN_00b14c30	undefined FUN_00b14c30()	0	0	unknown	true		26	2867	187	39	5879
urn:ure:t6:occ:function:current-client:0050dcc0	0x0050dcc0	defer	true	0050dcc0	FUN_0050dcc0	undefined FUN_0050dcc0()	0	0	unknown	true		31	2529	187	66	6508
urn:ure:t6:occ:function:current-client:005e9c30	0x005e9c30	defer	true	005e9c30	FUN_005e9c30	undefined FUN_005e9c30()	0	0	unknown	true		20	2792	189	39	5782
urn:ure:t6:occ:function:current-client:0055c380	0x0055c380	defer	true	0055c380	FUN_0055c380	undefined FUN_0055c380()	0	0	unknown	true		25	3196	190	56	6300
urn:ure:t6:occ:function:current-client:009b91b0	0x009b91b0	defer	true	009b91b0	FUN_009b91b0	undefined FUN_009b91b0()	0	0	unknown	true		20	2918	191	52	6520
urn:ure:t6:occ:function:current-client:00929af0	0x00929af0	defer	true	00929af0	FUN_00929af0	undefined FUN_00929af0()	0	0	unknown	true		21	2753	195	65	6089
urn:ure:t6:occ:function:current-client:00b2fe30	0x00b2fe30	defer	true	00b2fe30	FUN_00b2fe30	undefined FUN_00b2fe30()	0	0	unknown	true		26	3542	199	62	6328
urn:ure:t6:occ:function:current-client:0045b710	0x0045b710	defer	true	0045b710	FUN_0045b710	undefined FUN_0045b710()	0	0	unknown	true		25	2574	200	42	6531
urn:ure:t6:occ:function:current-client:00b0b7c0	0x00b0b7c0	defer	true	00b0b7c0	FUN_00b0b7c0	undefined FUN_00b0b7c0()	0	0	unknown	true		22	2025	204	44	6412
urn:ure:t6:occ:function:current-client:00b35e60	0x00b35e60	defer	true	00b35e60	FUN_00b35e60	undefined FUN_00b35e60()	0	0	unknown	true		23	2528	208	48	6581
urn:ure:t6:occ:function:current-client:009191e0	0x009191e0	defer	true	009191e0	FUN_009191e0	undefined FUN_009191e0()	0	0	unknown	true		29	3761	212	90	6828
urn:ure:t6:occ:function:current-client:00ae7090	0x00ae7090	defer	true	00ae7090	FUN_00ae7090	undefined FUN_00ae7090()	0	0	unknown	true		21	3802	214	60	7442
urn:ure:t6:occ:function:current-client:00a6fd70	0x00a6fd70	defer	true	00a6fd70	FUN_00a6fd70	undefined FUN_00a6fd70()	0	0	unknown	true		19	2960	218	43	6789
urn:ure:t6:occ:function:current-client:008abe30	0x008abe30	defer	true	008abe30	FUN_008abe30	undefined FUN_008abe30()	0	0	unknown	true		21	3218	218	53	7397
urn:ure:t6:occ:function:current-client:00a8990a	0x00a8990a	defer	true	00a8990a	___crtwsetenv	int __cdecl ___crtwsetenv(wchar_t * * _POption, int _Primary)	2	0	__cdecl	true		34	4092	221	74	7324
urn:ure:t6:occ:function:current-client:006d3cb0	0x006d3cb0	defer	true	006d3cb0	FUN_006d3cb0	undefined FUN_006d3cb0()	0	0	unknown	true		32	2909	229	52	7229
urn:ure:t6:occ:function:current-client:00b2f600	0x00b2f600	defer	true	00b2f600	FUN_00b2f600	undefined FUN_00b2f600()	0	0	unknown	true		30	4417	230	62	7237
urn:ure:t6:occ:function:current-client:005f9b20	0x005f9b20	defer	true	005f9b20	FUN_005f9b20	undefined FUN_005f9b20()	0	0	unknown	true		27	3885	233	56	7487
urn:ure:t6:occ:function:current-client:00b2cc20	0x00b2cc20	defer	true	00b2cc20	FUN_00b2cc20	undefined FUN_00b2cc20()	0	0	unknown	true		28	3476	237	54	7531
urn:ure:t6:occ:function:current-client:007cbbf0	0x007cbbf0	defer	true	007cbbf0	FUN_007cbbf0	undefined FUN_007cbbf0()	0	0	unknown	true		34	2541	238	48	7584
urn:ure:t6:occ:function:current-client:00b344c0	0x00b344c0	defer	true	00b344c0	FUN_00b344c0	undefined FUN_00b344c0()	0	0	unknown	true		29	2928	241	51	7256
urn:ure:t6:occ:function:current-client:0065fa40	0x0065fa40	defer	true	0065fa40	FUN_0065fa40	undefined FUN_0065fa40()	0	0	unknown	true		27	1928	241	81	8390
urn:ure:t6:occ:function:current-client:0052f290	0x0052f290	defer	true	0052f290	FUN_0052f290	undefined FUN_0052f290()	0	0	unknown	true		56	4542	244	82	8746
urn:ure:t6:occ:function:current-client:007e1f00	0x007e1f00	defer	true	007e1f00	FUN_007e1f00	undefined FUN_007e1f00()	0	0	unknown	true		38	3925	259	75	8832
urn:ure:t6:occ:function:current-client:008c26c0	0x008c26c0	defer	true	008c26c0	FUN_008c26c0	undefined FUN_008c26c0()	0	0	unknown	true		34	4065	267	73	9261
urn:ure:t6:occ:function:current-client:00b2a910	0x00b2a910	defer	true	00b2a910	FUN_00b2a910	undefined FUN_00b2a910()	0	0	unknown	true		36	3681	272	67	8874
urn:ure:t6:occ:function:current-client:004e8fd0	0x004e8fd0	defer	true	004e8fd0	FUN_004e8fd0	undefined FUN_004e8fd0()	0	0	unknown	true		45	4775	280	80	10472
urn:ure:t6:occ:function:current-client:00523ee0	0x00523ee0	defer	true	00523ee0	FUN_00523ee0	undefined FUN_00523ee0()	0	0	unknown	true		50	4404	288	67	10082
urn:ure:t6:occ:function:current-client:0061fc10	0x0061fc10	defer	true	0061fc10	FUN_0061fc10	undefined FUN_0061fc10()	0	0	unknown	true		76	4696	296	84	11340
urn:ure:t6:occ:function:current-client:007fd8c0	0x007fd8c0	defer	true	007fd8c0	FUN_007fd8c0	undefined FUN_007fd8c0()	0	0	unknown	true		65	5204	302	90	10351
urn:ure:t6:occ:function:current-client:00ad37c0	0x00ad37c0	defer	true	00ad37c0	FUN_00ad37c0	undefined FUN_00ad37c0()	0	0	unknown	true		36	4416	304	65	9865
urn:ure:t6:occ:function:current-client:00632120	0x00632120	defer	true	00632120	FUN_00632120	undefined FUN_00632120()	0	0	unknown	true		59	6289	313	95	10661
urn:ure:t6:occ:function:current-client:007b7a00	0x007b7a00	defer	true	007b7a00	FUN_007b7a00	undefined FUN_007b7a00()	0	0	unknown	true		59	6207	339	94	12598
urn:ure:t6:occ:function:current-client:007abc00	0x007abc00	defer	true	007abc00	FUN_007abc00	undefined FUN_007abc00()	0	0	unknown	true		61	4868	422	67	15778
urn:ure:t6:occ:function:current-client:00b1d220	0x00b1d220	defer	true	00b1d220	FUN_00b1d220	undefined FUN_00b1d220()	0	0	unknown	true		61	7755	427	64	15303
urn:ure:t6:occ:function:current-client:006f7590	0x006f7590	defer	true	006f7590	FUN_006f7590	undefined FUN_006f7590()	0	0	unknown	true		103	13597	559	35	23312
urn:ure:t6:occ:function:current-client:005aed10	0x005aed10	defer	true	005aed10	FUN_005aed10	undefined FUN_005aed10()	0	0	unknown	true		13	947	46	27	1814
urn:ure:t6:occ:function:current-client:0049fce0	0x0049fce0	defer	true	0049fce0	FUN_0049fce0	undefined FUN_0049fce0()	0	0	unknown	true		12	1119	67	39	2360
urn:ure:t6:occ:function:current-client:0089d320	0x0089d320	defer	true	0089d320	FUN_0089d320	undefined FUN_0089d320()	0	0	unknown	true		18	1684	119	54	3841
urn:ure:t6:occ:function:current-client:0056e980	0x0056e980	defer	true	0056e980	FUN_0056e980	undefined FUN_0056e980()	0	0	unknown	true		19	2087	143	67	4519
urn:ure:t6:occ:function:current-client:0043d980	0x0043d980	defer	true	0043d980	FUN_0043d980	undefined FUN_0043d980()	0	0	unknown	true		26	2281	151	53	5043
urn:ure:t6:occ:function:current-client:0047e390	0x0047e390	defer	true	0047e390	FUN_0047e390	undefined FUN_0047e390()	0	0	unknown	true		24	2764	164	52	5633
urn:ure:t6:occ:function:current-client:0097a650	0x0097a650	defer	true	0097a650	FUN_0097a650	undefined FUN_0097a650()	0	0	unknown	true		21	2357	173	52	5447
urn:ure:t6:occ:function:current-client:0092fb30	0x0092fb30	defer	true	0092fb30	FUN_0092fb30	undefined FUN_0092fb30()	0	0	unknown	true		32	3041	179	64	6835
urn:ure:t6:occ:function:current-client:00480e50	0x00480e50	defer	true	00480e50	FUN_00480e50	undefined FUN_00480e50()	0	0	unknown	true		25	2328	182	41	6165
urn:ure:t6:occ:function:current-client:0084f1e0	0x0084f1e0	defer	true	0084f1e0	FUN_0084f1e0	undefined FUN_0084f1e0()	0	0	unknown	true		30	2340	183	45	6432
urn:ure:t6:occ:function:current-client:00a91cad	0x00a91cad	defer	true	00a91cad	__spawnve	intptr_t __cdecl __spawnve(int _Mode, char * _Filename, char * * _ArgList, char * * _Env)	4	0	__cdecl	true		26	2708	188	54	5892
urn:ure:t6:occ:function:current-client:007f7920	0x007f7920	defer	true	007f7920	FUN_007f7920	undefined FUN_007f7920()	0	0	unknown	true		23	1844	188	38	6590
urn:ure:t6:occ:function:current-client:004b3520	0x004b3520	defer	true	004b3520	FUN_004b3520	undefined FUN_004b3520()	0	0	unknown	true		30	2672	189	38	6744
urn:ure:t6:occ:function:current-client:007d01c0	0x007d01c0	defer	true	007d01c0	FUN_007d01c0	undefined FUN_007d01c0()	0	0	unknown	true		24	2874	192	45	6262
urn:ure:t6:occ:function:current-client:0083a8f0	0x0083a8f0	defer	true	0083a8f0	FUN_0083a8f0	undefined FUN_0083a8f0()	0	0	unknown	true		24	2572	192	39	6567
urn:ure:t6:occ:function:current-client:00696b80	0x00696b80	defer	true	00696b80	FUN_00696b80	undefined FUN_00696b80()	0	0	unknown	true		23	2841	198	48	6585
urn:ure:t6:occ:function:current-client:00761700	0x00761700	defer	true	00761700	FUN_00761700	undefined FUN_00761700()	0	0	unknown	true		34	3515	203	71	7684
urn:ure:t6:occ:function:current-client:006f6820	0x006f6820	defer	true	006f6820	FUN_006f6820	undefined FUN_006f6820()	0	0	unknown	true		25	3778	204	49	7497
urn:ure:t6:occ:function:current-client:006d3650	0x006d3650	defer	true	006d3650	FUN_006d3650	undefined FUN_006d3650()	0	0	unknown	true		29	2048	206	115	7746
urn:ure:t6:occ:function:current-client:0091f370	0x0091f370	defer	true	0091f370	FUN_0091f370	undefined FUN_0091f370()	0	0	unknown	true		28	2546	215	64	6733
urn:ure:t6:occ:function:current-client:00b1f100	0x00b1f100	defer	true	00b1f100	FUN_00b1f100	undefined FUN_00b1f100()	0	0	unknown	true		24	3149	216	43	6657
urn:ure:t6:occ:function:current-client:005572b0	0x005572b0	defer	true	005572b0	FUN_005572b0	undefined FUN_005572b0()	0	0	unknown	true		22	2906	221	46	6840
urn:ure:t6:occ:function:current-client:004f31e0	0x004f31e0	defer	true	004f31e0	FUN_004f31e0	undefined FUN_004f31e0()	0	0	unknown	true		25	3633	224	53	8048
urn:ure:t6:occ:function:current-client:00aee9a0	0x00aee9a0	defer	true	00aee9a0	FUN_00aee9a0	undefined FUN_00aee9a0()	0	0	unknown	true		25	2402	229	49	6889
urn:ure:t6:occ:function:current-client:00672840	0x00672840	defer	true	00672840	FUN_00672840	undefined FUN_00672840()	0	0	unknown	true		35	4565	232	72	8657
urn:ure:t6:occ:function:current-client:00928630	0x00928630	defer	true	00928630	FUN_00928630	undefined FUN_00928630()	0	0	unknown	true		30	5432	232	64	8979
urn:ure:t6:occ:function:current-client:006fb430	0x006fb430	defer	true	006fb430	FUN_006fb430	undefined FUN_006fb430()	0	0	unknown	true		25	3763	251	49	8427
urn:ure:t6:occ:function:current-client:008aa810	0x008aa810	defer	true	008aa810	FUN_008aa810	undefined FUN_008aa810()	0	0	unknown	true		29	2508	258	56	8543
urn:ure:t6:occ:function:current-client:00805e50	0x00805e50	defer	true	00805e50	FUN_00805e50	undefined FUN_00805e50()	0	0	unknown	true		34	5690	259	90	8883
urn:ure:t6:occ:function:current-client:005ceb80	0x005ceb80	defer	true	005ceb80	FUN_005ceb80	undefined FUN_005ceb80()	0	0	unknown	true		42	5020	271	73	9639
urn:ure:t6:occ:function:current-client:008d65c0	0x008d65c0	defer	true	008d65c0	FUN_008d65c0	undefined FUN_008d65c0()	0	0	unknown	true		56	4591	275	102	9852
urn:ure:t6:occ:function:current-client:00635180	0x00635180	defer	true	00635180	FUN_00635180	undefined FUN_00635180()	0	0	unknown	true		37	2525	281	134	11527
urn:ure:t6:occ:function:current-client:004f8af0	0x004f8af0	defer	true	004f8af0	FUN_004f8af0	undefined FUN_004f8af0()	0	0	unknown	true		38	4192	283	74	9676
urn:ure:t6:occ:function:current-client:007a20e0	0x007a20e0	defer	true	007a20e0	FUN_007a20e0	undefined FUN_007a20e0()	0	0	unknown	true		41	4233	285	67	10350
urn:ure:t6:occ:function:current-client:00653d30	0x00653d30	defer	true	00653d30	FUN_00653d30	undefined FUN_00653d30()	0	0	unknown	true		36	4101	289	66	8957
urn:ure:t6:occ:function:current-client:00658610	0x00658610	defer	true	00658610	FUN_00658610	undefined FUN_00658610()	0	0	unknown	true		40	3959	298	95	10435
urn:ure:t6:occ:function:current-client:0042cda0	0x0042cda0	defer	true	0042cda0	FUN_0042cda0	undefined FUN_0042cda0()	0	0	unknown	true		35	5939	307	64	11005
urn:ure:t6:occ:function:current-client:00ae4f14	0x00ae4f14	defer	true	00ae4f14	__stat64	undefined __stat64()	0	0	unknown	true		50	5535	315	78	11611
urn:ure:t6:occ:function:current-client:00b40624	0x00b40624	defer	true	00b40624	__stat64i32	undefined __stat64i32()	0	0	unknown	true		50	5556	315	79	11720
urn:ure:t6:occ:function:current-client:007b02e0	0x007b02e0	defer	true	007b02e0	FUN_007b02e0	undefined FUN_007b02e0()	0	0	unknown	true		35	2473	316	60	11254
urn:ure:t6:occ:function:current-client:00ad5d20	0x00ad5d20	defer	true	00ad5d20	FUN_00ad5d20	undefined FUN_00ad5d20()	0	0	unknown	true		49	6107	332	89	11225
urn:ure:t6:occ:function:current-client:0087d830	0x0087d830	defer	true	0087d830	FUN_0087d830	undefined FUN_0087d830()	0	0	unknown	true		63	6144	358	84	14729
urn:ure:t6:occ:function:current-client:005c4a39	0x005c4a39	defer	true	005c4a39	FUN_005c4a39	undefined FUN_005c4a39()	0	0	unknown	true		52	6835	388	86	13363
urn:ure:t6:occ:function:current-client:006c0fb0	0x006c0fb0	defer	true	006c0fb0	FUN_006c0fb0	undefined FUN_006c0fb0()	0	0	unknown	true		64	6043	400	92	14437
urn:ure:t6:occ:function:current-client:0099de70	0x0099de70	defer	true	0099de70	FUN_0099de70	undefined FUN_0099de70()	0	0	unknown	true		140	7927	442	150	15292
urn:ure:t6:occ:function:current-client:0099eee0	0x0099eee0	defer	true	0099eee0	FUN_0099eee0	undefined FUN_0099eee0()	0	0	unknown	true		135	7944	442	150	15292
urn:ure:t6:occ:function:current-client:0099cdf0	0x0099cdf0	defer	true	0099cdf0	FUN_0099cdf0	undefined FUN_0099cdf0()	0	0	unknown	true		146	8164	445	149	15400
urn:ure:t6:occ:function:current-client:0099ff70	0x0099ff70	defer	true	0099ff70	FUN_0099ff70	undefined FUN_0099ff70()	0	0	unknown	true		132	8188	445	149	15400
urn:ure:t6:occ:function:current-client:009a1020	0x009a1020	defer	true	009a1020	FUN_009a1020	undefined FUN_009a1020()	0	0	unknown	true		154	8012	445	153	15410
urn:ure:t6:occ:function:current-client:00986980	0x00986980	defer	true	00986980	FUN_00986980	undefined FUN_00986980()	0	0	unknown	true		61	4863	449	46	18735
urn:ure:t6:occ:function:current-client:00768980	0x00768980	defer	true	00768980	FUN_00768980	undefined FUN_00768980()	0	0	unknown	true		119	8324	530	253	22247
urn:ure:t6:occ:function:current-client:005898f0	0x005898f0	defer	true	005898f0	FUN_005898f0	undefined FUN_005898f0()	0	0	unknown	true		150	10774	620	213	21336
urn:ure:t6:occ:function:current-client:00517d10	0x00517d10	defer	true	00517d10	FUN_00517d10	undefined FUN_00517d10()	0	0	unknown	true		86	9584	626	78	25646
urn:ure:t6:occ:function:current-client:00a20900	0x00a20900	defer	true	00a20900	FUN_00a20900	undefined FUN_00a20900()	0	0	unknown	true		81	8384	676	96	22895
urn:ure:t6:occ:function:current-client:0089feb0	0x0089feb0	defer	true	0089feb0	FUN_0089feb0	undefined FUN_0089feb0()	0	0	unknown	true		114	13218	731	126	28607
urn:ure:t6:occ:function:current-client:00809460	0x00809460	defer	true	00809460	FUN_00809460	undefined FUN_00809460()	0	0	unknown	true		151	17491	916	90	40660
urn:ure:t6:occ:function:current-client:0043dc50	0x0043dc50	defer	true	0043dc50	FUN_0043dc50	undefined FUN_0043dc50()	0	0	unknown	true		21	1610	119	46	3864
urn:ure:t6:occ:function:current-client:008f4750	0x008f4750	defer	true	008f4750	FUN_008f4750	undefined FUN_008f4750()	0	0	unknown	true		13	756	139	32	4190
urn:ure:t6:occ:function:current-client:00467de0	0x00467de0	defer	true	00467de0	FUN_00467de0	undefined FUN_00467de0()	0	0	unknown	true		20	2149	148	69	4727
urn:ure:t6:occ:function:current-client:005e77f0	0x005e77f0	defer	true	005e77f0	FUN_005e77f0	undefined FUN_005e77f0()	0	0	unknown	true		20	1970	151	53	4918
urn:ure:t6:occ:function:current-client:0063b240	0x0063b240	defer	true	0063b240	FUN_0063b240	undefined FUN_0063b240()	0	0	unknown	true		19	1968	151	61	4726
urn:ure:t6:occ:function:current-client:00688040	0x00688040	defer	true	00688040	FUN_00688040	undefined FUN_00688040()	0	0	unknown	true		19	1156	154	50	4759
urn:ure:t6:occ:function:current-client:006b9cc0	0x006b9cc0	defer	true	006b9cc0	FUN_006b9cc0	undefined FUN_006b9cc0()	0	0	unknown	true		17	2147	156	49	5179
urn:ure:t6:occ:function:current-client:004ff6b0	0x004ff6b0	defer	true	004ff6b0	FUN_004ff6b0	undefined FUN_004ff6b0()	0	0	unknown	true		23	2116	157	53	4804
urn:ure:t6:occ:function:current-client:004975f0	0x004975f0	defer	true	004975f0	FUN_004975f0	undefined FUN_004975f0()	0	0	unknown	true		25	2125	167	62	5238
urn:ure:t6:occ:function:current-client:00af4630	0x00af4630	defer	true	00af4630	FUN_00af4630	undefined FUN_00af4630()	0	0	unknown	true		20	2355	170	34	5441
urn:ure:t6:occ:function:current-client:005c6330	0x005c6330	defer	true	005c6330	FUN_005c6330	undefined FUN_005c6330()	0	0	unknown	true		20	2164	181	56	5646
urn:ure:t6:occ:function:current-client:00916620	0x00916620	defer	true	00916620	FUN_00916620	undefined FUN_00916620()	0	0	unknown	true		25	3278	181	59	5926
urn:ure:t6:occ:function:current-client:004c02a0	0x004c02a0	defer	true	004c02a0	FUN_004c02a0	undefined FUN_004c02a0()	0	0	unknown	true		20	2188	187	48	5813
urn:ure:t6:occ:function:current-client:00568780	0x00568780	defer	true	00568780	FUN_00568780	undefined FUN_00568780()	0	0	unknown	true		18	3319	198	45	6274
urn:ure:t6:occ:function:current-client:00582070	0x00582070	defer	true	00582070	FUN_00582070	undefined FUN_00582070()	0	0	unknown	true		23	2320	202	41	7026
urn:ure:t6:occ:function:current-client:00460e70	0x00460e70	defer	true	00460e70	FUN_00460e70	undefined FUN_00460e70()	0	0	unknown	true		21	2007	209	68	6546
urn:ure:t6:occ:function:current-client:00536ce0	0x00536ce0	defer	true	00536ce0	FUN_00536ce0	undefined FUN_00536ce0()	0	0	unknown	true		21	2566	216	64	6799
urn:ure:t6:occ:function:current-client:0097ad10	0x0097ad10	defer	true	0097ad10	FUN_0097ad10	undefined FUN_0097ad10()	0	0	unknown	true		26	2966	224	65	7388
urn:ure:t6:occ:function:current-client:00b2c9a0	0x00b2c9a0	defer	true	00b2c9a0	FUN_00b2c9a0	undefined FUN_00b2c9a0()	0	0	unknown	true		25	3275	227	56	7146
urn:ure:t6:occ:function:current-client:00b2e5e0	0x00b2e5e0	defer	true	00b2e5e0	FUN_00b2e5e0	undefined FUN_00b2e5e0()	0	0	unknown	true		26	3048	227	66	7373
urn:ure:t6:occ:function:current-client:00b30bd0	0x00b30bd0	defer	true	00b30bd0	FUN_00b30bd0	undefined FUN_00b30bd0()	0	0	unknown	true		21	3350	230	70	6736
urn:ure:t6:occ:function:current-client:00859d20	0x00859d20	defer	true	00859d20	FUN_00859d20	undefined FUN_00859d20()	0	0	unknown	true		38	2894	231	63	7576
urn:ure:t6:occ:function:current-client:007fb9a0	0x007fb9a0	defer	true	007fb9a0	FUN_007fb9a0	undefined FUN_007fb9a0()	0	0	unknown	true		32	3795	236	45	8723
urn:ure:t6:occ:function:current-client:007f3d70	0x007f3d70	defer	true	007f3d70	FUN_007f3d70	undefined FUN_007f3d70()	0	0	unknown	true		29	3974	238	42	8930
urn:ure:t6:occ:function:current-client:008892c0	0x008892c0	defer	true	008892c0	FUN_008892c0	undefined FUN_008892c0()	0	0	unknown	true		34	4667	248	82	8305
urn:ure:t6:occ:function:current-client:00840730	0x00840730	defer	true	00840730	FUN_00840730	undefined FUN_00840730()	0	0	unknown	true		36	2800	255	53	8831
urn:ure:t6:occ:function:current-client:005456d0	0x005456d0	defer	true	005456d0	FUN_005456d0	undefined FUN_005456d0()	0	0	unknown	true		24	2934	259	67	8360
urn:ure:t6:occ:function:current-client:007a58f0	0x007a58f0	defer	true	007a58f0	FUN_007a58f0	undefined FUN_007a58f0()	0	0	unknown	true		45	4416	276	104	9871
urn:ure:t6:occ:function:current-client:005af090	0x005af090	defer	true	005af090	FUN_005af090	undefined FUN_005af090()	0	0	unknown	true		36	4423	284	97	9558
urn:ure:t6:occ:function:current-client:00806f80	0x00806f80	defer	true	00806f80	FUN_00806f80	undefined FUN_00806f80()	0	0	unknown	true		31	5030	289	74	9886
urn:ure:t6:occ:function:current-client:006fc7a0	0x006fc7a0	defer	true	006fc7a0	FUN_006fc7a0	undefined FUN_006fc7a0()	0	0	unknown	true		52	5970	296	73	10658
urn:ure:t6:occ:function:current-client:007e39c0	0x007e39c0	defer	true	007e39c0	FUN_007e39c0	undefined FUN_007e39c0()	0	0	unknown	true		52	4191	301	84	10410
urn:ure:t6:occ:function:current-client:005a2fc0	0x005a2fc0	defer	true	005a2fc0	FUN_005a2fc0	undefined FUN_005a2fc0()	0	0	unknown	true		50	4627	306	77	11021
urn:ure:t6:occ:function:current-client:00461a10	0x00461a10	defer	true	00461a10	FUN_00461a10	undefined FUN_00461a10()	0	0	unknown	true		41	4924	319	65	11172
urn:ure:t6:occ:function:current-client:00542f50	0x00542f50	defer	true	00542f50	FUN_00542f50	undefined FUN_00542f50()	0	0	unknown	true		55	6117	322	84	12277
urn:ure:t6:occ:function:current-client:005c41f0	0x005c41f0	defer	true	005c41f0	FUN_005c41f0	undefined FUN_005c41f0()	0	0	unknown	true		36	7157	339	96	9804
urn:ure:t6:occ:function:current-client:00af5cf0	0x00af5cf0	defer	true	00af5cf0	FUN_00af5cf0	undefined FUN_00af5cf0()	0	0	unknown	true		56	7531	359	76	13316
urn:ure:t6:occ:function:current-client:0087aac0	0x0087aac0	defer	true	0087aac0	FUN_0087aac0	undefined FUN_0087aac0()	0	0	unknown	true		82	6773	381	89	15783
urn:ure:t6:occ:function:current-client:0057e740	0x0057e740	defer	true	0057e740	FUN_0057e740	undefined FUN_0057e740()	0	0	unknown	true		52	4990	398	57	13802
urn:ure:t6:occ:function:current-client:00781760	0x00781760	defer	true	00781760	FUN_00781760	undefined FUN_00781760()	0	0	unknown	true		54	7202	443	133	15854
urn:ure:t6:occ:function:current-client:0081cf30	0x0081cf30	defer	true	0081cf30	FUN_0081cf30	undefined FUN_0081cf30()	0	0	unknown	true		94	7948	446	90	16943
urn:ure:t6:occ:function:current-client:00421b60	0x00421b60	defer	true	00421b60	FUN_00421b60	undefined FUN_00421b60()	0	0	unknown	true		69	6556	468	77	17462
urn:ure:t6:occ:function:current-client:009bcd00	0x009bcd00	defer	true	009bcd00	FUN_009bcd00	undefined FUN_009bcd00()	0	0	unknown	true		115	13338	546	104	20813
urn:ure:t6:occ:function:current-client:00b09320	0x00b09320	defer	true	00b09320	FUN_00b09320	undefined FUN_00b09320()	0	0	unknown	true		4	509	26	26	1073
urn:ure:t6:occ:function:current-client:0060dcf0	0x0060dcf0	defer	true	0060dcf0	FUN_0060dcf0	undefined FUN_0060dcf0()	0	0	unknown	true		20	2354	112	51	4274
urn:ure:t6:occ:function:current-client:0055d770	0x0055d770	defer	true	0055d770	FUN_0055d770	undefined FUN_0055d770()	0	0	unknown	true		15	1930	124	46	3986
urn:ure:t6:occ:function:current-client:004e1360	0x004e1360	defer	true	004e1360	FUN_004e1360	undefined FUN_004e1360()	0	0	unknown	true		26	2048	132	67	4573
urn:ure:t6:occ:function:current-client:004bf3b0	0x004bf3b0	defer	true	004bf3b0	FUN_004bf3b0	undefined FUN_004bf3b0()	0	0	unknown	true		22	2721	145	47	5274
urn:ure:t6:occ:function:current-client:00638e60	0x00638e60	defer	true	00638e60	FUN_00638e60	undefined FUN_00638e60()	0	0	unknown	true		19	2023	152	50	4858
urn:ure:t6:occ:function:current-client:0067ae70	0x0067ae70	defer	true	0067ae70	FUN_0067ae70	undefined FUN_0067ae70()	0	0	unknown	true		18	1697	181	40	5635
urn:ure:t6:occ:function:current-client:0064ec80	0x0064ec80	defer	true	0064ec80	FUN_0064ec80	undefined FUN_0064ec80()	0	0	unknown	true		21	2255	184	86	6280
urn:ure:t6:occ:function:current-client:00793b40	0x00793b40	defer	true	00793b40	FUN_00793b40	undefined FUN_00793b40()	0	0	unknown	true		28	3920	185	81	7395
urn:ure:t6:occ:function:current-client:004ed6a0	0x004ed6a0	defer	true	004ed6a0	FUN_004ed6a0	undefined FUN_004ed6a0()	0	0	unknown	true		24	3285	186	52	6349
urn:ure:t6:occ:function:current-client:00736ed0	0x00736ed0	defer	true	00736ed0	FUN_00736ed0	undefined FUN_00736ed0()	0	0	unknown	true		28	2715	194	81	6728
urn:ure:t6:occ:function:current-client:00ad0640	0x00ad0640	defer	true	00ad0640	FUN_00ad0640	undefined FUN_00ad0640()	0	0	unknown	true		27	2273	195	65	5507
urn:ure:t6:occ:function:current-client:00635a30	0x00635a30	defer	true	00635a30	FUN_00635a30	undefined FUN_00635a30()	0	0	unknown	true		25	3774	203	70	6252
urn:ure:t6:occ:function:current-client:00a69cf0	0x00a69cf0	defer	true	00a69cf0	FUN_00a69cf0	undefined FUN_00a69cf0()	0	0	unknown	true		23	3824	205	59	7192
urn:ure:t6:occ:function:current-client:006f2f00	0x006f2f00	defer	true	006f2f00	FUN_006f2f00	undefined FUN_006f2f00()	0	0	unknown	true		28	2888	209	79	6675
urn:ure:t6:occ:function:current-client:005ea720	0x005ea720	defer	true	005ea720	FUN_005ea720	undefined FUN_005ea720()	0	0	unknown	true		31	2550	220	115	8005
urn:ure:t6:occ:function:current-client:00825300	0x00825300	defer	true	00825300	FUN_00825300	undefined FUN_00825300()	0	0	unknown	true		23	2760	221	60	6512
urn:ure:t6:occ:function:current-client:005959c0	0x005959c0	defer	true	005959c0	FUN_005959c0	undefined FUN_005959c0()	0	0	unknown	true		30	3172	225	64	7233
urn:ure:t6:occ:function:current-client:007a2c80	0x007a2c80	defer	true	007a2c80	FUN_007a2c80	undefined FUN_007a2c80()	0	0	unknown	true		28	1848	230	58	8195
urn:ure:t6:occ:function:current-client:0092a000	0x0092a000	defer	true	0092a000	FUN_0092a000	undefined FUN_0092a000()	0	0	unknown	true		43	3140	236	100	8546
urn:ure:t6:occ:function:current-client:00802890	0x00802890	defer	true	00802890	FUN_00802890	undefined FUN_00802890()	0	0	unknown	true		30	2894	241	73	7582
urn:ure:t6:occ:function:current-client:00b2c090	0x00b2c090	defer	true	00b2c090	FUN_00b2c090	undefined FUN_00b2c090()	0	0	unknown	true		30	4018	256	75	8041
urn:ure:t6:occ:function:current-client:004d88d0	0x004d88d0	defer	true	004d88d0	FUN_004d88d0	undefined FUN_004d88d0()	0	0	unknown	true		40	4743	263	48	10231
urn:ure:t6:occ:function:current-client:006675c0	0x006675c0	defer	true	006675c0	FUN_006675c0	undefined FUN_006675c0()	0	0	unknown	true		41	4440	267	96	9062
urn:ure:t6:occ:function:current-client:00847000	0x00847000	defer	true	00847000	FUN_00847000	undefined FUN_00847000()	0	0	unknown	true		52	3548	281	60	9443
urn:ure:t6:occ:function:current-client:005bf5c0	0x005bf5c0	defer	true	005bf5c0	FUN_005bf5c0	undefined FUN_005bf5c0()	0	0	unknown	true		39	5242	284	70	9641
urn:ure:t6:occ:function:current-client:00ad0cb0	0x00ad0cb0	defer	true	00ad0cb0	FUN_00ad0cb0	undefined FUN_00ad0cb0()	0	0	unknown	true		36	4443	290	77	9390
urn:ure:t6:occ:function:current-client:004b7350	0x004b7350	defer	true	004b7350	FUN_004b7350	undefined FUN_004b7350()	0	0	unknown	true		38	4138	291	74	9321
urn:ure:t6:occ:function:current-client:006ebae0	0x006ebae0	defer	true	006ebae0	FUN_006ebae0	undefined FUN_006ebae0()	0	0	unknown	true		32	3761	296	73	9189
urn:ure:t6:occ:function:current-client:00aea820	0x00aea820	defer	true	00aea820	FUN_00aea820	undefined FUN_00aea820()	0	0	unknown	true		33	5055	303	75	10304
urn:ure:t6:occ:function:current-client:0099c920	0x0099c920	defer	true	0099c920	FUN_0099c920	undefined FUN_0099c920()	0	0	unknown	true		83	6068	344	113	11919
urn:ure:t6:occ:function:current-client:0099ea10	0x0099ea10	defer	true	0099ea10	FUN_0099ea10	undefined FUN_0099ea10()	0	0	unknown	true		85	6071	344	113	11919
urn:ure:t6:occ:function:current-client:0099faa0	0x0099faa0	defer	true	0099faa0	FUN_0099faa0	undefined FUN_0099faa0()	0	0	unknown	true		82	6074	344	113	11919
urn:ure:t6:occ:function:current-client:0099d990	0x0099d990	defer	true	0099d990	FUN_0099d990	undefined FUN_0099d990()	0	0	unknown	true		86	6065	345	114	12070
urn:ure:t6:occ:function:current-client:009a0b20	0x009a0b20	defer	true	009a0b20	FUN_009a0b20	undefined FUN_009a0b20()	0	0	unknown	true		97	6139	348	117	12187
urn:ure:t6:occ:function:current-client:009d5450	0x009d5450	defer	true	009d5450	FUN_009d5450	undefined FUN_009d5450()	0	0	unknown	true		50	7410	350	83	13156
urn:ure:t6:occ:function:current-client:0081ca40	0x0081ca40	defer	true	0081ca40	FUN_0081ca40	undefined FUN_0081ca40()	0	0	unknown	true		54	4877	369	76	12911
urn:ure:t6:occ:function:current-client:0040a370	0x0040a370	defer	true	0040a370	FUN_0040a370	undefined FUN_0040a370()	0	0	unknown	true		56	5834	388	69	15322
urn:ure:t6:occ:function:current-client:0046fd60	0x0046fd60	defer	true	0046fd60	FUN_0046fd60	undefined FUN_0046fd60()	0	0	unknown	true		55	7421	389	118	13863
urn:ure:t6:occ:function:current-client:00a669a0	0x00a669a0	defer	true	00a669a0	FUN_00a669a0	undefined FUN_00a669a0()	0	0	unknown	true		57	6193	443	128	14601
urn:ure:t6:occ:function:current-client:0090cfe0	0x0090cfe0	defer	true	0090cfe0	FUN_0090cfe0	undefined FUN_0090cfe0()	0	0	unknown	true		101	7627	454	119	17203
urn:ure:t6:occ:function:current-client:00939950	0x00939950	defer	true	00939950	FUN_00939950	undefined FUN_00939950()	0	0	unknown	true		85	8507	568	123	21019
urn:ure:t6:occ:function:current-client:00a22f60	0x00a22f60	defer	true	00a22f60	FUN_00a22f60	undefined FUN_00a22f60()	0	0	unknown	true		12	1171	89	27	3217
urn:ure:t6:occ:function:current-client:00612780	0x00612780	defer	true	00612780	FUN_00612780	undefined FUN_00612780()	0	0	unknown	true		21	1889	130	59	4237
urn:ure:t6:occ:function:current-client:006f8790	0x006f8790	defer	true	006f8790	FUN_006f8790	undefined FUN_006f8790()	0	0	unknown	true		25	2389	135	56	4988
urn:ure:t6:occ:function:current-client:0074a880	0x0074a880	defer	true	0074a880	FUN_0074a880	undefined FUN_0074a880()	0	0	unknown	true		19	2295	140	66	4947
urn:ure:t6:occ:function:current-client:0040b7c0	0x0040b7c0	defer	true	0040b7c0	FUN_0040b7c0	undefined FUN_0040b7c0()	0	0	unknown	true		23	2461	151	62	5192
urn:ure:t6:occ:function:current-client:0051a010	0x0051a010	defer	true	0051a010	FUN_0051a010	undefined FUN_0051a010()	0	0	unknown	true		22	1815	156	82	5141
urn:ure:t6:occ:function:current-client:0048de40	0x0048de40	defer	true	0048de40	FUN_0048de40	undefined FUN_0048de40()	0	0	unknown	true		24	2577	170	53	5312
urn:ure:t6:occ:function:current-client:005c0544	0x005c0544	defer	true	005c0544	FUN_005c0544	undefined FUN_005c0544()	0	0	unknown	true		26	2313	170	54	5241
urn:ure:t6:occ:function:current-client:00977b50	0x00977b50	defer	true	00977b50	FUN_00977b50	undefined FUN_00977b50()	0	0	unknown	true		19	2023	174	59	5659
urn:ure:t6:occ:function:current-client:0051fc30	0x0051fc30	defer	true	0051fc30	FUN_0051fc30	undefined FUN_0051fc30()	0	0	unknown	true		35	2544	176	89	6231
urn:ure:t6:occ:function:current-client:006b6230	0x006b6230	defer	true	006b6230	FUN_006b6230	undefined FUN_006b6230()	0	0	unknown	true		33	2599	182	84	6138
urn:ure:t6:occ:function:current-client:00403f50	0x00403f50	defer	true	00403f50	FUN_00403f50	undefined FUN_00403f50()	0	0	unknown	true		24	3290	194	94	6873
urn:ure:t6:occ:function:current-client:006c6320	0x006c6320	defer	true	006c6320	FUN_006c6320	undefined FUN_006c6320()	0	0	unknown	true		23	2255	196	55	6897
urn:ure:t6:occ:function:current-client:007a79e0	0x007a79e0	defer	true	007a79e0	FUN_007a79e0	undefined FUN_007a79e0()	0	0	unknown	true		34	2588	198	54	6583
urn:ure:t6:occ:function:current-client:00475160	0x00475160	defer	true	00475160	FUN_00475160	undefined FUN_00475160()	0	0	unknown	true		26	3117	203	47	7155
urn:ure:t6:occ:function:current-client:0042ffc0	0x0042ffc0	defer	true	0042ffc0	FUN_0042ffc0	undefined FUN_0042ffc0()	0	0	unknown	true		30	3337	217	63	7008
urn:ure:t6:occ:function:current-client:008527d0	0x008527d0	defer	true	008527d0	FUN_008527d0	undefined FUN_008527d0()	0	0	unknown	true		44	3570	222	48	8459
urn:ure:t6:occ:function:current-client:00b1a070	0x00b1a070	defer	true	00b1a070	FUN_00b1a070	undefined FUN_00b1a070()	0	0	unknown	true		48	3162	232	52	7868
urn:ure:t6:occ:function:current-client:00adbea0	0x00adbea0	defer	true	00adbea0	FUN_00adbea0	undefined FUN_00adbea0()	0	0	unknown	true		43	3345	241	81	7923
urn:ure:t6:occ:function:current-client:00a6efb0	0x00a6efb0	defer	true	00a6efb0	FUN_00a6efb0	undefined FUN_00a6efb0()	0	0	unknown	true		28	4266	270	52	8649
urn:ure:t6:occ:function:current-client:0096b540	0x0096b540	defer	true	0096b540	FUN_0096b540	undefined FUN_0096b540()	0	0	unknown	true		40	4376	280	86	9784
urn:ure:t6:occ:function:current-client:0040b370	0x0040b370	defer	true	0040b370	FUN_0040b370	undefined FUN_0040b370()	0	0	unknown	true		44	4843	284	62	10968
urn:ure:t6:occ:function:current-client:006e9c60	0x006e9c60	defer	true	006e9c60	FUN_006e9c60	undefined FUN_006e9c60()	0	0	unknown	true		32	3815	285	78	9084
urn:ure:t6:occ:function:current-client:004e6de0	0x004e6de0	defer	true	004e6de0	FUN_004e6de0	undefined FUN_004e6de0()	0	0	unknown	true		58	4657	287	64	11191
urn:ure:t6:occ:function:current-client:00481b40	0x00481b40	defer	true	00481b40	FUN_00481b40	undefined FUN_00481b40()	0	0	unknown	true		46	3468	295	58	9855
urn:ure:t6:occ:function:current-client:009bfb50	0x009bfb50	defer	true	009bfb50	FUN_009bfb50	undefined FUN_009bfb50()	0	0	unknown	true		56	5389	295	85	10169
urn:ure:t6:occ:function:current-client:0046ae30	0x0046ae30	defer	true	0046ae30	FUN_0046ae30	undefined FUN_0046ae30()	0	0	unknown	true		66	5047	308	84	11235
urn:ure:t6:occ:function:current-client:007e0140	0x007e0140	defer	true	007e0140	FUN_007e0140	undefined FUN_007e0140()	0	0	unknown	true		61	5459	338	91	12668
urn:ure:t6:occ:function:current-client:0063ca60	0x0063ca60	defer	true	0063ca60	FUN_0063ca60	undefined FUN_0063ca60()	0	0	unknown	true		55	3381	340	166	14231
urn:ure:t6:occ:function:current-client:0047c720	0x0047c720	defer	true	0047c720	FUN_0047c720	undefined FUN_0047c720()	0	0	unknown	true		64	4338	358	109	10704
urn:ure:t6:occ:function:current-client:004fdcc0	0x004fdcc0	defer	true	004fdcc0	FUN_004fdcc0	undefined FUN_004fdcc0()	0	0	unknown	true		62	7750	384	88	12949
urn:ure:t6:occ:function:current-client:00b3b9e0	0x00b3b9e0	defer	true	00b3b9e0	FUN_00b3b9e0	undefined FUN_00b3b9e0()	0	0	unknown	true		42	4217	389	66	12129
urn:ure:t6:occ:function:current-client:00b32cb0	0x00b32cb0	defer	true	00b32cb0	FUN_00b32cb0	undefined FUN_00b32cb0()	0	0	unknown	true		51	6586	391	76	13168
urn:ure:t6:occ:function:current-client:00a6b2c0	0x00a6b2c0	defer	true	00a6b2c0	FUN_00a6b2c0	undefined FUN_00a6b2c0()	0	0	unknown	true		50	5714	392	117	12724
urn:ure:t6:occ:function:current-client:0096c6a0	0x0096c6a0	defer	true	0096c6a0	FUN_0096c6a0	undefined FUN_0096c6a0()	0	0	unknown	true		41	8081	403	82	14683
urn:ure:t6:occ:function:current-client:00a71970	0x00a71970	defer	true	00a71970	FUN_00a71970	undefined FUN_00a71970()	0	0	unknown	true		57	7508	450	90	15727
urn:ure:t6:occ:function:current-client:00864490	0x00864490	defer	true	00864490	FUN_00864490	undefined FUN_00864490()	0	0	unknown	true		108	9285	493	114	19760
urn:ure:t6:occ:function:current-client:0062b690	0x0062b690	defer	true	0062b690	FUN_0062b690	undefined FUN_0062b690()	0	0	unknown	true		119	10149	496	92	20697
urn:ure:t6:occ:function:current-client:009cedd0	0x009cedd0	defer	true	009cedd0	FUN_009cedd0	undefined FUN_009cedd0()	0	0	unknown	true		176	15549	666	89	26204
urn:ure:t6:occ:function:current-client:006d10a0	0x006d10a0	defer	true	006d10a0	FUN_006d10a0	undefined FUN_006d10a0()	0	0	unknown	true		197	13642	681	229	25496
urn:ure:t6:occ:function:current-client:009e13f0	0x009e13f0	defer	true	009e13f0	FUN_009e13f0	undefined FUN_009e13f0()	0	0	unknown	true		266	18832	942	131	38078
urn:ure:t6:occ:function:current-client:0048c240	0x0048c240	defer	true	0048c240	FUN_0048c240	undefined FUN_0048c240()	0	0	unknown	true		31	2095	124	66	4234
urn:ure:t6:occ:function:current-client:008d83a0	0x008d83a0	defer	true	008d83a0	FUN_008d83a0	undefined FUN_008d83a0()	0	0	unknown	true		18	2000	164	56	5258
urn:ure:t6:occ:function:current-client:00917c90	0x00917c90	defer	true	00917c90	FUN_00917c90	undefined FUN_00917c90()	0	0	unknown	true		24	2569	181	49	5844
urn:ure:t6:occ:function:current-client:00af5940	0x00af5940	defer	true	00af5940	FUN_00af5940	undefined FUN_00af5940()	0	0	unknown	true		19	1917	183	31	5913
urn:ure:t6:occ:function:current-client:00a4b290	0x00a4b290	defer	true	00a4b290	FUN_00a4b290	undefined FUN_00a4b290()	0	0	unknown	true		24	2896	189	51	6457
urn:ure:t6:occ:function:current-client:00a49030	0x00a49030	defer	true	00a49030	FUN_00a49030	undefined FUN_00a49030()	0	0	unknown	true		23	3065	193	44	6456
urn:ure:t6:occ:function:current-client:00929080	0x00929080	defer	true	00929080	FUN_00929080	undefined FUN_00929080()	0	0	unknown	true		27	4163	202	71	7076
urn:ure:t6:occ:function:current-client:007f38d0	0x007f38d0	defer	true	007f38d0	FUN_007f38d0	undefined FUN_007f38d0()	0	0	unknown	true		31	3376	203	71	7302
urn:ure:t6:occ:function:current-client:00499940	0x00499940	defer	true	00499940	FUN_00499940	undefined FUN_00499940()	0	0	unknown	true		38	3406	211	74	7251
urn:ure:t6:occ:function:current-client:00888d10	0x00888d10	defer	true	00888d10	FUN_00888d10	undefined FUN_00888d10()	0	0	unknown	true		26	3599	221	72	7173
urn:ure:t6:occ:function:current-client:007f9450	0x007f9450	defer	true	007f9450	FUN_007f9450	undefined FUN_007f9450()	0	0	unknown	true		29	3250	225	41	7983
urn:ure:t6:occ:function:current-client:00b1c370	0x00b1c370	defer	true	00b1c370	FUN_00b1c370	undefined FUN_00b1c370()	0	0	unknown	true		30	3060	239	63	7452
urn:ure:t6:occ:function:current-client:00b1cf60	0x00b1cf60	defer	true	00b1cf60	FUN_00b1cf60	undefined FUN_00b1cf60()	0	0	unknown	true		24	3205	243	65	7492
urn:ure:t6:occ:function:current-client:00b2bdb0	0x00b2bdb0	defer	true	00b2bdb0	FUN_00b2bdb0	undefined FUN_00b2bdb0()	0	0	unknown	true		23	3264	248	75	7668
urn:ure:t6:occ:function:current-client:00a4bb20	0x00a4bb20	defer	true	00a4bb20	FUN_00a4bb20	undefined FUN_00a4bb20()	0	0	unknown	true		32	5656	262	58	9265
urn:ure:t6:occ:function:current-client:00a8a16d	0x00a8a16d	defer	true	00a8a16d	FUN_00a8a16d	undefined FUN_00a8a16d()	0	0	unknown	true		41	4846	269	92	9150
urn:ure:t6:occ:function:current-client:00a54b30	0x00a54b30	defer	true	00a54b30	FUN_00a54b30	undefined FUN_00a54b30()	0	0	unknown	true		46	2864	269	64	10165
urn:ure:t6:occ:function:current-client:007c65d0	0x007c65d0	defer	true	007c65d0	FUN_007c65d0	undefined FUN_007c65d0()	0	0	unknown	true		48	4129	290	81	9515
urn:ure:t6:occ:function:current-client:00502620	0x00502620	defer	true	00502620	FUN_00502620	undefined FUN_00502620()	0	0	unknown	true		64	5288	305	67	11626
urn:ure:t6:occ:function:current-client:0055d0f0	0x0055d0f0	defer	true	0055d0f0	FUN_0055d0f0	undefined FUN_0055d0f0()	0	0	unknown	true		46	4784	326	132	11690
urn:ure:t6:occ:function:current-client:00ae01e0	0x00ae01e0	defer	true	00ae01e0	FUN_00ae01e0	undefined FUN_00ae01e0()	0	0	unknown	true		50	5501	328	95	11128
urn:ure:t6:occ:function:current-client:00b2b560	0x00b2b560	defer	true	00b2b560	FUN_00b2b560	undefined FUN_00b2b560()	0	0	unknown	true		40	4921	328	82	10807
urn:ure:t6:occ:function:current-client:006e7c60	0x006e7c60	defer	true	006e7c60	FUN_006e7c60	undefined FUN_006e7c60()	0	0	unknown	true		59	6095	361	58	14840
urn:ure:t6:occ:function:current-client:00b1aa20	0x00b1aa20	defer	true	00b1aa20	FUN_00b1aa20	undefined FUN_00b1aa20()	0	0	unknown	true		49	4311	396	63	13020
urn:ure:t6:occ:function:current-client:004d9ac0	0x004d9ac0	defer	true	004d9ac0	FUN_004d9ac0	undefined FUN_004d9ac0()	0	0	unknown	true		79	6965	401	100	14583
urn:ure:t6:occ:function:current-client:00ad8df0	0x00ad8df0	defer	true	00ad8df0	FUN_00ad8df0	undefined FUN_00ad8df0()	0	0	unknown	true		84	8331	470	102	15990
urn:ure:t6:occ:function:current-client:00708180	0x00708180	defer	true	00708180	FUN_00708180	undefined FUN_00708180()	0	0	unknown	true		59	6635	470	93	16030
urn:ure:t6:occ:function:current-client:00a71210	0x00a71210	defer	true	00a71210	FUN_00a71210	undefined FUN_00a71210()	0	0	unknown	true		62	8034	488	102	17103
urn:ure:t6:occ:function:current-client:00b10b00	0x00b10b00	defer	true	00b10b00	FUN_00b10b00	undefined FUN_00b10b00()	0	0	unknown	true		90	9213	612	143	19760
urn:ure:t6:occ:function:current-client:008a8240	0x008a8240	defer	true	008a8240	FUN_008a8240	undefined FUN_008a8240()	0	0	unknown	true		96	12794	702	141	28746
urn:ure:t6:occ:function:current-client:00586940	0x00586940	defer	true	00586940	FUN_00586940	undefined FUN_00586940()	0	0	unknown	true		509	32709	1374	213	57979
urn:ure:t6:occ:function:current-client:007007f0	0x007007f0	defer	true	007007f0	FUN_007007f0	undefined FUN_007007f0()	0	0	unknown	true		27	1801	129	62	4372
urn:ure:t6:occ:function:current-client:00544cd0	0x00544cd0	defer	true	00544cd0	FUN_00544cd0	undefined FUN_00544cd0()	0	0	unknown	true		17	2042	146	48	4498
urn:ure:t6:occ:function:current-client:0096e690	0x0096e690	defer	true	0096e690	FUN_0096e690	undefined FUN_0096e690()	0	0	unknown	true		25	2796	167	54	5795
urn:ure:t6:occ:function:current-client:0054b100	0x0054b100	defer	true	0054b100	FUN_0054b100	undefined FUN_0054b100()	0	0	unknown	true		29	2988	167	86	5515
urn:ure:t6:occ:function:current-client:004e6640	0x004e6640	defer	true	004e6640	FUN_004e6640	undefined FUN_004e6640()	0	0	unknown	true		27	3781	170	79	6064
urn:ure:t6:occ:function:current-client:006b6990	0x006b6990	defer	true	006b6990	FUN_006b6990	undefined FUN_006b6990()	0	0	unknown	true		36	2639	185	76	6044
urn:ure:t6:occ:function:current-client:00843eb0	0x00843eb0	defer	true	00843eb0	FUN_00843eb0	undefined FUN_00843eb0()	0	0	unknown	true		22	2553	189	55	5769
urn:ure:t6:occ:function:current-client:004c4180	0x004c4180	defer	true	004c4180	FUN_004c4180	undefined FUN_004c4180()	0	0	unknown	true		22	2609	190	70	6179
urn:ure:t6:occ:function:current-client:00479ef0	0x00479ef0	defer	true	00479ef0	FUN_00479ef0	undefined FUN_00479ef0()	0	0	unknown	true		21	3560	197	90	6478
urn:ure:t6:occ:function:current-client:0056c3f0	0x0056c3f0	defer	true	0056c3f0	FUN_0056c3f0	undefined FUN_0056c3f0()	0	0	unknown	true		22	2628	197	54	6929
urn:ure:t6:occ:function:current-client:00631500	0x00631500	defer	true	00631500	FUN_00631500	undefined FUN_00631500()	0	0	unknown	true		25	2670	198	84	6269
urn:ure:t6:occ:function:current-client:00a58440	0x00a58440	defer	true	00a58440	FUN_00a58440	undefined FUN_00a58440()	0	0	unknown	true		27	4716	198	45	6875
urn:ure:t6:occ:function:current-client:00a49720	0x00a49720	defer	true	00a49720	FUN_00a49720	undefined FUN_00a49720()	0	0	unknown	true		26	3226	201	43	6658
urn:ure:t6:occ:function:current-client:0058c0a0	0x0058c0a0	defer	true	0058c0a0	FUN_0058c0a0	undefined FUN_0058c0a0()	0	0	unknown	true		18	2103	203	61	5928
urn:ure:t6:occ:function:current-client:0084eda0	0x0084eda0	defer	true	0084eda0	FUN_0084eda0	undefined FUN_0084eda0()	0	0	unknown	true		33	2786	218	55	7397
urn:ure:t6:occ:function:current-client:0085b9c0	0x0085b9c0	defer	true	0085b9c0	FUN_0085b9c0	undefined FUN_0085b9c0()	0	0	unknown	true		33	2791	218	54	7397
urn:ure:t6:occ:function:current-client:006fa860	0x006fa860	defer	true	006fa860	FUN_006fa860	undefined FUN_006fa860()	0	0	unknown	true		28	3177	242	96	8568
urn:ure:t6:occ:function:current-client:00878a20	0x00878a20	defer	true	00878a20	FUN_00878a20	undefined FUN_00878a20()	0	0	unknown	true		39	3849	272	64	9015
urn:ure:t6:occ:function:current-client:009297e0	0x009297e0	defer	true	009297e0	FUN_009297e0	undefined FUN_009297e0()	0	0	unknown	true		33	2732	280	60	8021
urn:ure:t6:occ:function:current-client:007d2b90	0x007d2b90	defer	true	007d2b90	FUN_007d2b90	undefined FUN_007d2b90()	0	0	unknown	true		48	5568	283	71	10710
urn:ure:t6:occ:function:current-client:00b1cbd0	0x00b1cbd0	defer	true	00b1cbd0	FUN_00b1cbd0	undefined FUN_00b1cbd0()	0	0	unknown	true		51	4317	303	78	9841
urn:ure:t6:occ:function:current-client:00411520	0x00411520	defer	true	00411520	FUN_00411520	undefined FUN_00411520()	0	0	unknown	true		51	4680	317	81	11373
urn:ure:t6:occ:function:current-client:0043f130	0x0043f130	defer	true	0043f130	FUN_0043f130	undefined FUN_0043f130()	0	0	unknown	true		42	5531	335	92	11154
urn:ure:t6:occ:function:current-client:00b29a90	0x00b29a90	defer	true	00b29a90	FUN_00b29a90	undefined FUN_00b29a90()	0	0	unknown	true		39	5431	339	91	11341
urn:ure:t6:occ:function:current-client:009446c0	0x009446c0	defer	true	009446c0	FUN_009446c0	undefined FUN_009446c0()	0	0	unknown	true		56	5303	363	93	12925
urn:ure:t6:occ:function:current-client:00568270	0x00568270	defer	true	00568270	FUN_00568270	undefined FUN_00568270()	0	0	unknown	true		61	6317	369	79	13426
urn:ure:t6:occ:function:current-client:008ba1d0	0x008ba1d0	defer	true	008ba1d0	FUN_008ba1d0	undefined FUN_008ba1d0()	0	0	unknown	true		56	6678	384	126	13510
urn:ure:t6:occ:function:current-client:00455af0	0x00455af0	defer	true	00455af0	FUN_00455af0	undefined FUN_00455af0()	0	0	unknown	true		67	8445	399	100	15005
urn:ure:t6:occ:function:current-client:00b1ae70	0x00b1ae70	defer	true	00b1ae70	FUN_00b1ae70	undefined FUN_00b1ae70()	0	0	unknown	true		48	4178	419	60	13335
urn:ure:t6:occ:function:current-client:007f8380	0x007f8380	defer	true	007f8380	FUN_007f8380	undefined FUN_007f8380()	0	0	unknown	true		71	8978	431	76	14498
urn:ure:t6:occ:function:current-client:009bd750	0x009bd750	defer	true	009bd750	FUN_009bd750	undefined FUN_009bd750()	0	0	unknown	true		163	12093	432	101	18674
urn:ure:t6:occ:function:current-client:006b15c0	0x006b15c0	defer	true	006b15c0	FUN_006b15c0	undefined FUN_006b15c0()	0	0	unknown	true		43	5615	442	103	14827
urn:ure:t6:occ:function:current-client:0068d7e0	0x0068d7e0	defer	true	0068d7e0	FUN_0068d7e0	undefined FUN_0068d7e0()	0	0	unknown	true		52	7427	442	93	15448
urn:ure:t6:occ:function:current-client:00987410	0x00987410	defer	true	00987410	FUN_00987410	undefined FUN_00987410()	0	0	unknown	true		52	4993	470	53	20095
urn:ure:t6:occ:function:current-client:00ad5560	0x00ad5560	defer	true	00ad5560	FUN_00ad5560	undefined FUN_00ad5560()	0	0	unknown	true		98	7845	490	79	17166
urn:ure:t6:occ:function:current-client:00674400	0x00674400	defer	true	00674400	FUN_00674400	undefined FUN_00674400()	0	0	unknown	true		77	7830	517	120	17359
urn:ure:t6:occ:function:current-client:00679d50	0x00679d50	defer	true	00679d50	FUN_00679d50	undefined FUN_00679d50()	0	0	unknown	true		141	13372	749	113	30139
urn:ure:t6:occ:function:current-client:0063a5b0	0x0063a5b0	defer	true	0063a5b0	FUN_0063a5b0	undefined FUN_0063a5b0()	0	0	unknown	true		17	1735	103	56	3561
urn:ure:t6:occ:function:current-client:00665950	0x00665950	defer	true	00665950	FUN_00665950	undefined FUN_00665950()	0	0	unknown	true		17	1918	126	120	4469
urn:ure:t6:occ:function:current-client:005806e0	0x005806e0	defer	true	005806e0	FUN_005806e0	undefined FUN_005806e0()	0	0	unknown	true		14	1636	128	89	4215
urn:ure:t6:occ:function:current-client:006d3a00	0x006d3a00	defer	true	006d3a00	FUN_006d3a00	undefined FUN_006d3a00()	0	0	unknown	true		24	2837	172	73	5685
urn:ure:t6:occ:function:current-client:0050d4e0	0x0050d4e0	defer	true	0050d4e0	FUN_0050d4e0	undefined FUN_0050d4e0()	0	0	unknown	true		18	1768	173	77	5645
urn:ure:t6:occ:function:current-client:006a35b0	0x006a35b0	defer	true	006a35b0	FUN_006a35b0	undefined FUN_006a35b0()	0	0	unknown	true		20	2280	173	62	5725
urn:ure:t6:occ:function:current-client:007e84b0	0x007e84b0	defer	true	007e84b0	FUN_007e84b0	undefined FUN_007e84b0()	0	0	unknown	true		30	2374	209	64	7260
urn:ure:t6:occ:function:current-client:00618070	0x00618070	defer	true	00618070	FUN_00618070	undefined FUN_00618070()	0	0	unknown	true		24	3131	212	66	6324
urn:ure:t6:occ:function:current-client:008bfc10	0x008bfc10	defer	true	008bfc10	FUN_008bfc10	undefined FUN_008bfc10()	0	0	unknown	true		28	3879	213	65	7287
urn:ure:t6:occ:function:current-client:007ed840	0x007ed840	defer	true	007ed840	FUN_007ed840	undefined FUN_007ed840()	0	0	unknown	true		24	2103	218	60	6890
urn:ure:t6:occ:function:current-client:00a7de17	0x00a7de17	defer	true	00a7de17	__tempnam	char * __cdecl __tempnam(char * _DirName, char * _FilePrefix)	2	0	__cdecl	true		33	3360	219	72	6977
urn:ure:t6:occ:function:current-client:0047a540	0x0047a540	defer	true	0047a540	FUN_0047a540	undefined FUN_0047a540()	0	0	unknown	true		27	3630	229	104	7902
urn:ure:t6:occ:function:current-client:0059a570	0x0059a570	defer	true	0059a570	FUN_0059a570	undefined FUN_0059a570()	0	0	unknown	true		40	4344	238	66	8412
urn:ure:t6:occ:function:current-client:00b35660	0x00b35660	defer	true	00b35660	FUN_00b35660	undefined FUN_00b35660()	0	0	unknown	true		30	3339	239	64	7343
urn:ure:t6:occ:function:current-client:0088e510	0x0088e510	defer	true	0088e510	FUN_0088e510	undefined FUN_0088e510()	0	0	unknown	true		26	1824	270	58	7321
urn:ure:t6:occ:function:current-client:00577ac0	0x00577ac0	defer	true	00577ac0	FUN_00577ac0	undefined FUN_00577ac0()	0	0	unknown	true		39	4418	280	58	10882
urn:ure:t6:occ:function:current-client:005b4f40	0x005b4f40	defer	true	005b4f40	FUN_005b4f40	undefined FUN_005b4f40()	0	0	unknown	true		53	6244	306	68	11488
urn:ure:t6:occ:function:current-client:00b2b1d0	0x00b2b1d0	defer	true	00b2b1d0	FUN_00b2b1d0	undefined FUN_00b2b1d0()	0	0	unknown	true		33	3940	317	76	9874
urn:ure:t6:occ:function:current-client:005dbb10	0x005dbb10	defer	true	005dbb10	FUN_005dbb10	undefined FUN_005dbb10()	0	0	unknown	true		64	8088	330	108	11564
urn:ure:t6:occ:function:current-client:00a22b30	0x00a22b30	defer	true	00a22b30	FUN_00a22b30	undefined FUN_00a22b30()	0	0	unknown	true		42	4534	337	53	12531
urn:ure:t6:occ:function:current-client:007e30b0	0x007e30b0	defer	true	007e30b0	FUN_007e30b0	undefined FUN_007e30b0()	0	0	unknown	true		73	4672	368	75	13444
urn:ure:t6:occ:function:current-client:00704400	0x00704400	defer	true	00704400	FUN_00704400	undefined FUN_00704400()	0	0	unknown	true		95	7032	370	95	15107
urn:ure:t6:occ:function:current-client:005ba230	0x005ba230	defer	true	005ba230	FUN_005ba230	undefined FUN_005ba230()	0	0	unknown	true		63	7511	425	151	13535
urn:ure:t6:occ:function:current-client:005da1d0	0x005da1d0	defer	true	005da1d0	FUN_005da1d0	undefined FUN_005da1d0()	0	0	unknown	true		104	6247	446	156	13793
urn:ure:t6:occ:function:current-client:006c9390	0x006c9390	defer	true	006c9390	FUN_006c9390	undefined FUN_006c9390()	0	0	unknown	true		150	10080	461	139	19767
urn:ure:t6:occ:function:current-client:00951b90	0x00951b90	defer	true	00951b90	FUN_00951b90	undefined FUN_00951b90()	0	0	unknown	true		90	7273	537	152	18906
urn:ure:t6:occ:function:current-client:008ab050	0x008ab050	defer	true	008ab050	FUN_008ab050	undefined FUN_008ab050()	0	0	unknown	true		96	7164	650	120	20386
urn:ure:t6:occ:function:current-client:00619b50	0x00619b50	defer	true	00619b50	FUN_00619b50	undefined FUN_00619b50()	0	0	unknown	true		186	16780	774	107	30893
urn:ure:t6:occ:function:current-client:007ff2c0	0x007ff2c0	defer	true	007ff2c0	FUN_007ff2c0	undefined FUN_007ff2c0()	0	0	unknown	true		17	1489	78	51	2707
urn:ure:t6:occ:function:current-client:0089b8c0	0x0089b8c0	defer	true	0089b8c0	FUN_0089b8c0	undefined FUN_0089b8c0()	0	0	unknown	true		21	1994	144	76	4612
urn:ure:t6:occ:function:current-client:0092bcf0	0x0092bcf0	defer	true	0092bcf0	FUN_0092bcf0	undefined FUN_0092bcf0()	0	0	unknown	true		15	1691	150	48	4548
urn:ure:t6:occ:function:current-client:0051c750	0x0051c750	defer	true	0051c750	FUN_0051c750	undefined FUN_0051c750()	0	0	unknown	true		28	2570	152	53	5456
urn:ure:t6:occ:function:current-client:0045ea00	0x0045ea00	defer	true	0045ea00	FUN_0045ea00	undefined FUN_0045ea00()	0	0	unknown	true		22	1977	162	56	5511
urn:ure:t6:occ:function:current-client:004d6f60	0x004d6f60	defer	true	004d6f60	FUN_004d6f60	undefined FUN_004d6f60()	0	0	unknown	true		24	2676	195	51	6151
urn:ure:t6:occ:function:current-client:00667eb0	0x00667eb0	defer	true	00667eb0	FUN_00667eb0	undefined FUN_00667eb0()	0	0	unknown	true		36	3137	208	64	7112
urn:ure:t6:occ:function:current-client:0067cf60	0x0067cf60	defer	true	0067cf60	FUN_0067cf60	undefined FUN_0067cf60()	0	0	unknown	true		27	2925	212	66	6905
urn:ure:t6:occ:function:current-client:0084f480	0x0084f480	defer	true	0084f480	FUN_0084f480	undefined FUN_0084f480()	0	0	unknown	true		60	3379	254	63	8692
urn:ure:t6:occ:function:current-client:00b0ca00	0x00b0ca00	defer	true	00b0ca00	FUN_00b0ca00	undefined FUN_00b0ca00()	0	0	unknown	true		31	3964	259	81	8333
urn:ure:t6:occ:function:current-client:00921050	0x00921050	defer	true	00921050	FUN_00921050	undefined FUN_00921050()	0	0	unknown	true		42	3876	261	112	8079
urn:ure:t6:occ:function:current-client:00a8d202	0x00a8d202	defer	true	00a8d202	FindHandler	void __cdecl FindHandler(EHExceptionRecord * param_1, EHRegistrationNode * param_2, _CONTEXT * param_3, void * param_4, _s_FuncInfo * param_5, uchar param_6, int param_7, EHRegistrationNode * param_8)	8	0	__cdecl	true		57	6288	269	84	9977
urn:ure:t6:occ:function:current-client:0049d6f0	0x0049d6f0	defer	true	0049d6f0	FUN_0049d6f0	undefined FUN_0049d6f0()	0	0	unknown	true		59	4917	273	57	11401
urn:ure:t6:occ:function:current-client:007c5d30	0x007c5d30	defer	true	007c5d30	FUN_007c5d30	undefined FUN_007c5d30()	0	0	unknown	true		55	4016	294	86	9402
urn:ure:t6:occ:function:current-client:00adce30	0x00adce30	defer	true	00adce30	FUN_00adce30	undefined FUN_00adce30()	0	0	unknown	true		68	6061	316	78	11122
urn:ure:t6:occ:function:current-client:00b1c820	0x00b1c820	defer	true	00b1c820	FUN_00b1c820	undefined FUN_00b1c820()	0	0	unknown	true		47	4771	321	76	10484
urn:ure:t6:occ:function:current-client:00952f90	0x00952f90	defer	true	00952f90	FUN_00952f90	undefined FUN_00952f90()	0	0	unknown	true		57	6774	347	99	11586
urn:ure:t6:occ:function:current-client:008ad9c0	0x008ad9c0	defer	true	008ad9c0	FUN_008ad9c0	undefined FUN_008ad9c0()	0	0	unknown	true		53	6470	355	152	12676
urn:ure:t6:occ:function:current-client:00950c60	0x00950c60	defer	true	00950c60	FUN_00950c60	undefined FUN_00950c60()	0	0	unknown	true		56	5857	386	91	13463
urn:ure:t6:occ:function:current-client:00accac0	0x00accac0	defer	true	00accac0	FUN_00accac0	undefined FUN_00accac0()	0	0	unknown	true		73	11520	470	97	17010
urn:ure:t6:occ:function:current-client:00860770	0x00860770	defer	true	00860770	FUN_00860770	undefined FUN_00860770()	0	0	unknown	true		107	8784	497	107	20423
urn:ure:t6:occ:function:current-client:0069df80	0x0069df80	defer	true	0069df80	FUN_0069df80	undefined FUN_0069df80()	0	0	unknown	true		114	9334	541	122	20198
urn:ure:t6:occ:function:current-client:008664b0	0x008664b0	defer	true	008664b0	FUN_008664b0	undefined FUN_008664b0()	0	0	unknown	true		106	7832	561	85	22647
urn:ure:t6:occ:function:current-client:00aeffd0	0x00aeffd0	defer	true	00aeffd0	FUN_00aeffd0	undefined FUN_00aeffd0()	0	0	unknown	true		92	11064	614	166	21087
urn:ure:t6:occ:function:current-client:00532860	0x00532860	defer	true	00532860	FUN_00532860	undefined FUN_00532860()	0	0	unknown	true		72	9095	623	163	21560
urn:ure:t6:occ:function:current-client:0087ba60	0x0087ba60	defer	true	0087ba60	FUN_0087ba60	undefined FUN_0087ba60()	0	0	unknown	true		116	11094	668	150	27896
urn:ure:t6:occ:function:current-client:00adc6c0	0x00adc6c0	defer	true	00adc6c0	FUN_00adc6c0	undefined FUN_00adc6c0()	0	0	unknown	true		30	3236	220	55	7363
urn:ure:t6:occ:function:current-client:00683870	0x00683870	defer	true	00683870	FUN_00683870	undefined FUN_00683870()	0	0	unknown	true		32	2983	229	62	7573
urn:ure:t6:occ:function:current-client:007caf70	0x007caf70	defer	true	007caf70	FUN_007caf70	undefined FUN_007caf70()	0	0	unknown	true		44	3213	240	62	8174
urn:ure:t6:occ:function:current-client:004ae410	0x004ae410	defer	true	004ae410	FUN_004ae410	undefined FUN_004ae410()	0	0	unknown	true		29	3262	249	63	7692
urn:ure:t6:occ:function:current-client:00652b50	0x00652b50	defer	true	00652b50	FUN_00652b50	undefined FUN_00652b50()	0	0	unknown	true		29	4411	261	118	9286
urn:ure:t6:occ:function:current-client:00b0ee00	0x00b0ee00	defer	true	00b0ee00	FUN_00b0ee00	undefined FUN_00b0ee00()	0	0	unknown	true		59	5307	334	103	11233
urn:ure:t6:occ:function:current-client:00a99e40	0x00a99e40	defer	true	00a99e40	__cenvarg	int __cdecl __cenvarg(char * * _Argv, char * * _Env, char * * _ArgBlk, char * * _EnvBlk, char * _Name)	5	0	__cdecl	true		57	5733	342	88	11568
urn:ure:t6:occ:function:current-client:00a47a40	0x00a47a40	defer	true	00a47a40	FUN_00a47a40	undefined FUN_00a47a40()	0	0	unknown	true		54	6297	342	66	12631
urn:ure:t6:occ:function:current-client:0067c880	0x0067c880	defer	true	0067c880	FUN_0067c880	undefined FUN_0067c880()	0	0	unknown	true		71	6305	368	76	14316
urn:ure:t6:occ:function:current-client:007f2bd0	0x007f2bd0	defer	true	007f2bd0	FUN_007f2bd0	undefined FUN_007f2bd0()	0	0	unknown	true		45	5948	379	70	13382
urn:ure:t6:occ:function:current-client:004df4c0	0x004df4c0	defer	true	004df4c0	FUN_004df4c0	undefined FUN_004df4c0()	0	0	unknown	true		54	5094	380	105	13531
urn:ure:t6:occ:function:current-client:00a70850	0x00a70850	defer	true	00a70850	FUN_00a70850	undefined FUN_00a70850()	0	0	unknown	true		41	4706	381	83	11707
urn:ure:t6:occ:function:current-client:00b2e0d0	0x00b2e0d0	defer	true	00b2e0d0	FUN_00b2e0d0	undefined FUN_00b2e0d0()	0	0	unknown	true		44	6794	396	107	13238
urn:ure:t6:occ:function:current-client:006f0fd0	0x006f0fd0	defer	true	006f0fd0	FUN_006f0fd0	undefined FUN_006f0fd0()	0	0	unknown	true		54	5056	398	111	13711
urn:ure:t6:occ:function:current-client:005bac00	0x005bac00	defer	true	005bac00	FUN_005bac00	undefined FUN_005bac00()	0	0	unknown	true		145	8619	534	97	21931
urn:ure:t6:occ:function:current-client:00a18950	0x00a18950	defer	true	00a18950	FUN_00a18950	undefined FUN_00a18950()	0	0	unknown	true		127	10331	747	150	26486
urn:ure:t6:occ:function:current-client:005fc5a0	0x005fc5a0	defer	true	005fc5a0	FUN_005fc5a0	undefined FUN_005fc5a0()	0	0	unknown	true		319	21859	890	113	39299
urn:ure:t6:occ:function:current-client:00511770	0x00511770	defer	true	00511770	FUN_00511770	undefined FUN_00511770()	0	0	unknown	true		197	19896	1040	164	38622
urn:ure:t6:occ:function:current-client:007ef420	0x007ef420	defer	true	007ef420	FUN_007ef420	undefined FUN_007ef420()	0	0	unknown	true		21	2063	112	72	3837
urn:ure:t6:occ:function:current-client:00923950	0x00923950	defer	true	00923950	FUN_00923950	undefined FUN_00923950()	0	0	unknown	true		22	1937	135	74	4433
urn:ure:t6:occ:function:current-client:00498d70	0x00498d70	defer	true	00498d70	FUN_00498d70	undefined FUN_00498d70()	0	0	unknown	true		18	2200	135	129	4794
urn:ure:t6:occ:function:current-client:006de5c0	0x006de5c0	defer	true	006de5c0	FUN_006de5c0	undefined FUN_006de5c0()	0	0	unknown	true		19	2277	184	77	6641
urn:ure:t6:occ:function:current-client:0062c6b0	0x0062c6b0	defer	true	0062c6b0	FUN_0062c6b0	undefined FUN_0062c6b0()	0	0	unknown	true		21	2186	185	67	5747
urn:ure:t6:occ:function:current-client:00972a80	0x00972a80	defer	true	00972a80	FUN_00972a80	undefined FUN_00972a80()	0	0	unknown	true		28	2714	221	62	6977
urn:ure:t6:occ:function:current-client:00a919cf	0x00a919cf	defer	true	00a919cf	__spawnvpe	intptr_t __cdecl __spawnvpe(int _Mode, char * _Filename, char * * _ArgList, char * * _Env)	4	0	__cdecl	true		25	3180	225	72	6969
urn:ure:t6:occ:function:current-client:007bc5e0	0x007bc5e0	defer	true	007bc5e0	FUN_007bc5e0	undefined FUN_007bc5e0()	0	0	unknown	true		33	3617	263	82	8149
urn:ure:t6:occ:function:current-client:007a36a0	0x007a36a0	defer	true	007a36a0	FUN_007a36a0	undefined FUN_007a36a0()	0	0	unknown	true		58	4574	273	82	9517
urn:ure:t6:occ:function:current-client:006d1ab0	0x006d1ab0	defer	true	006d1ab0	FUN_006d1ab0	undefined FUN_006d1ab0()	0	0	unknown	true		42	4544	280	70	10903
urn:ure:t6:occ:function:current-client:00a587d0	0x00a587d0	defer	true	00a587d0	FUN_00a587d0	undefined FUN_00a587d0()	0	0	unknown	true		44	4371	299	66	11041
urn:ure:t6:occ:function:current-client:00a592b0	0x00a592b0	defer	true	00a592b0	FUN_00a592b0	undefined FUN_00a592b0()	0	0	unknown	true		61	9707	329	88	11709
urn:ure:t6:occ:function:current-client:006911b0	0x006911b0	defer	true	006911b0	FUN_006911b0	undefined FUN_006911b0()	0	0	unknown	true		50	4577	345	81	12393
urn:ure:t6:occ:function:current-client:00a92de0	0x00a92de0	defer	true	00a92de0	___init_monetary	int __cdecl ___init_monetary(threadlocinfo * _LocInfo)	1	0	__cdecl	true		44	5986	346	61	10637
urn:ure:t6:occ:function:current-client:00b2ada0	0x00b2ada0	defer	true	00b2ada0	FUN_00b2ada0	undefined FUN_00b2ada0()	0	0	unknown	true		40	4568	360	78	11816
urn:ure:t6:occ:function:current-client:00afb3d0	0x00afb3d0	defer	true	00afb3d0	FUN_00afb3d0	undefined FUN_00afb3d0()	0	0	unknown	true		50	6122	384	84	12512
urn:ure:t6:occ:function:current-client:00ac3740	0x00ac3740	defer	true	00ac3740	FUN_00ac3740	undefined FUN_00ac3740()	0	0	unknown	true		60	7501	396	98	13949
urn:ure:t6:occ:function:current-client:00ad43e0	0x00ad43e0	defer	true	00ad43e0	FUN_00ad43e0	undefined FUN_00ad43e0()	0	0	unknown	true		71	10744	491	137	16499
urn:ure:t6:occ:function:current-client:0054c640	0x0054c640	defer	true	0054c640	FUN_0054c640	undefined FUN_0054c640()	0	0	unknown	true		72	9311	497	98	19234
urn:ure:t6:occ:function:current-client:007ba9a0	0x007ba9a0	defer	true	007ba9a0	FUN_007ba9a0	undefined FUN_007ba9a0()	0	0	unknown	true		90	8439	503	124	19866
urn:ure:t6:occ:function:current-client:007b8d60	0x007b8d60	defer	true	007b8d60	FUN_007b8d60	undefined FUN_007b8d60()	0	0	unknown	true		156	5488	539	102	19771
urn:ure:t6:occ:function:current-client:006a9eb0	0x006a9eb0	defer	true	006a9eb0	FUN_006a9eb0	undefined FUN_006a9eb0()	0	0	unknown	true		131	8721	539	112	21800
urn:ure:t6:occ:function:current-client:00af75b0	0x00af75b0	defer	true	00af75b0	FUN_00af75b0	undefined FUN_00af75b0()	0	0	unknown	true		420	10018	605	160	21365
urn:ure:t6:occ:function:current-client:0087c5f0	0x0087c5f0	defer	true	0087c5f0	FUN_0087c5f0	undefined FUN_0087c5f0()	0	0	unknown	true		170	13382	811	174	33397
urn:ure:t6:occ:function:current-client:007da860	0x007da860	defer	true	007da860	FUN_007da860	undefined FUN_007da860()	0	0	unknown	true		425	21979	984	227	45393
urn:ure:t6:occ:function:current-client:009d0a00	0x009d0a00	defer	true	009d0a00	FUN_009d0a00	undefined FUN_009d0a00()	0	0	unknown	true		223	16991	998	223	35997
urn:ure:t6:occ:function:current-client:005e4c00	0x005e4c00	defer	true	005e4c00	FUN_005e4c00	undefined FUN_005e4c00()	0	0	unknown	true		34	2542	183	69	6656
urn:ure:t6:occ:function:current-client:0042def0	0x0042def0	defer	true	0042def0	FUN_0042def0	undefined FUN_0042def0()	0	0	unknown	true		29	2613	196	102	6546
urn:ure:t6:occ:function:current-client:00893780	0x00893780	defer	true	00893780	FUN_00893780	undefined FUN_00893780()	0	0	unknown	true		23	2036	201	72	6142
urn:ure:t6:occ:function:current-client:0091f0f0	0x0091f0f0	defer	true	0091f0f0	FUN_0091f0f0	undefined FUN_0091f0f0()	0	0	unknown	true		21	2418	204	69	6326
urn:ure:t6:occ:function:current-client:00b01b00	0x00b01b00	defer	true	00b01b00	FUN_00b01b00	undefined FUN_00b01b00()	0	0	unknown	true		48	4463	271	87	8623
urn:ure:t6:occ:function:current-client:0091c200	0x0091c200	defer	true	0091c200	FUN_0091c200	undefined FUN_0091c200()	0	0	unknown	true		23	2601	276	68	9058
urn:ure:t6:occ:function:current-client:00b18530	0x00b18530	defer	true	00b18530	FUN_00b18530	undefined FUN_00b18530()	0	0	unknown	true		42	4370	302	69	10045
urn:ure:t6:occ:function:current-client:00af4830	0x00af4830	defer	true	00af4830	FUN_00af4830	undefined FUN_00af4830()	0	0	unknown	true		41	5745	338	76	11763
urn:ure:t6:occ:function:current-client:007d0f60	0x007d0f60	defer	true	007d0f60	FUN_007d0f60	undefined FUN_007d0f60()	0	0	unknown	true		36	5580	347	85	9843
urn:ure:t6:occ:function:current-client:00b376f0	0x00b376f0	defer	true	00b376f0	FUN_00b376f0	undefined FUN_00b376f0()	0	0	unknown	true		33	4398	350	103	10564
urn:ure:t6:occ:function:current-client:00b15a80	0x00b15a80	defer	true	00b15a80	FUN_00b15a80	undefined FUN_00b15a80()	0	0	unknown	true		59	9531	388	110	13370
urn:ure:t6:occ:function:current-client:004b07b0	0x004b07b0	defer	true	004b07b0	FUN_004b07b0	undefined FUN_004b07b0()	0	0	unknown	true		96	8590	495	166	19453
urn:ure:t6:occ:function:current-client:006c7d30	0x006c7d30	defer	true	006c7d30	FUN_006c7d30	undefined FUN_006c7d30()	0	0	unknown	true		139	10602	538	112	21126
urn:ure:t6:occ:function:current-client:0062c8c0	0x0062c8c0	defer	true	0062c8c0	FUN_0062c8c0	undefined FUN_0062c8c0()	0	0	unknown	true		127	8894	596	131	23881
urn:ure:t6:occ:function:current-client:00835220	0x00835220	defer	true	00835220	FUN_00835220	undefined FUN_00835220()	0	0	unknown	true		230	11774	688	147	26785
urn:ure:t6:occ:function:current-client:00a201f0	0x00a201f0	defer	true	00a201f0	FUN_00a201f0	undefined FUN_00a201f0()	0	0	unknown	true		92	9524	705	97	24219
urn:ure:t6:occ:function:current-client:00424fe0	0x00424fe0	defer	true	00424fe0	FUN_00424fe0	undefined FUN_00424fe0()	0	0	unknown	true		27	2703	213	71	7300
urn:ure:t6:occ:function:current-client:00803e70	0x00803e70	defer	true	00803e70	FUN_00803e70	undefined FUN_00803e70()	0	0	unknown	true		26	2637	238	91	7378
urn:ure:t6:occ:function:current-client:00a57670	0x00a57670	defer	true	00a57670	FUN_00a57670	undefined FUN_00a57670()	0	0	unknown	true		34	3427	281	65	10121
urn:ure:t6:occ:function:current-client:00511030	0x00511030	defer	true	00511030	FUN_00511030	undefined FUN_00511030()	0	0	unknown	true		67	4648	320	133	12427
urn:ure:t6:occ:function:current-client:0061cf30	0x0061cf30	defer	true	0061cf30	FUN_0061cf30	undefined FUN_0061cf30()	0	0	unknown	true		54	5228	335	137	13510
urn:ure:t6:occ:function:current-client:0083d000	0x0083d000	defer	true	0083d000	FUN_0083d000	undefined FUN_0083d000()	0	0	unknown	true		52	6651	349	87	12593
urn:ure:t6:occ:function:current-client:00a6d780	0x00a6d780	defer	true	00a6d780	FUN_00a6d780	undefined FUN_00a6d780()	0	0	unknown	true		58	6563	434	80	14365
urn:ure:t6:occ:function:current-client:006752d0	0x006752d0	defer	true	006752d0	FUN_006752d0	undefined FUN_006752d0()	0	0	unknown	true		101	9828	451	89	18320
urn:ure:t6:occ:function:current-client:00542320	0x00542320	defer	true	00542320	FUN_00542320	undefined FUN_00542320()	0	0	unknown	true		113	11234	546	129	21120
urn:ure:t6:occ:function:current-client:0087e9a0	0x0087e9a0	defer	true	0087e9a0	FUN_0087e9a0	undefined FUN_0087e9a0()	0	0	unknown	true		103	7877	585	123	23893
urn:ure:t6:occ:function:current-client:00a95356	0x00a95356	defer	true	00a95356	FUN_00a95356	undefined FUN_00a95356()	0	0	unknown	true		100	10414	589	176	20403
urn:ure:t6:occ:function:current-client:0085fd20	0x0085fd20	defer	true	0085fd20	FUN_0085fd20	undefined FUN_0085fd20()	0	0	unknown	true		148	10053	629	142	24506
urn:ure:t6:occ:function:current-client:007d9c30	0x007d9c30	defer	true	007d9c30	FUN_007d9c30	undefined FUN_007d9c30()	0	0	unknown	true		195	9885	645	167	27593
urn:ure:t6:occ:function:current-client:004c6e20	0x004c6e20	defer	true	004c6e20	FUN_004c6e20	undefined FUN_004c6e20()	0	0	unknown	true		134	8755	654	124	25909
urn:ure:t6:occ:function:current-client:0087de30	0x0087de30	defer	true	0087de30	FUN_0087de30	undefined FUN_0087de30()	0	0	unknown	true		170	13321	667	186	27690
urn:ure:t6:occ:function:current-client:0086d910	0x0086d910	defer	true	0086d910	FUN_0086d910	undefined FUN_0086d910()	0	0	unknown	true		212	15383	734	202	31109
urn:ure:t6:occ:function:current-client:006b2ea0	0x006b2ea0	defer	true	006b2ea0	FUN_006b2ea0	undefined FUN_006b2ea0()	0	0	unknown	true		22	1713	116	65	3752
urn:ure:t6:occ:function:current-client:005f3320	0x005f3320	defer	true	005f3320	FUN_005f3320	undefined FUN_005f3320()	0	0	unknown	true		57	2467	131	82	4578
urn:ure:t6:occ:function:current-client:004f1940	0x004f1940	defer	true	004f1940	FUN_004f1940	undefined FUN_004f1940()	0	0	unknown	true		37	4662	279	116	10233
urn:ure:t6:occ:function:current-client:004a5520	0x004a5520	defer	true	004a5520	FUN_004a5520	undefined FUN_004a5520()	0	0	unknown	true		71	6053	317	152	11842
urn:ure:t6:occ:function:current-client:005edb20	0x005edb20	defer	true	005edb20	FUN_005edb20	undefined FUN_005edb20()	0	0	unknown	true		47	5267	319	128	11466
urn:ure:t6:occ:function:current-client:007c6140	0x007c6140	defer	true	007c6140	FUN_007c6140	undefined FUN_007c6140()	0	0	unknown	true		45	4384	329	96	10515
urn:ure:t6:occ:function:current-client:006943d0	0x006943d0	defer	true	006943d0	FUN_006943d0	undefined FUN_006943d0()	0	0	unknown	true		56	3390	355	173	13183
urn:ure:t6:occ:function:current-client:0045f540	0x0045f540	defer	true	0045f540	FUN_0045f540	undefined FUN_0045f540()	0	0	unknown	true		44	5398	374	84	13058
urn:ure:t6:occ:function:current-client:00ad7990	0x00ad7990	defer	true	00ad7990	FUN_00ad7990	undefined FUN_00ad7990()	0	0	unknown	true		67	6913	431	126	14371
urn:ure:t6:occ:function:current-client:006ebf90	0x006ebf90	defer	true	006ebf90	FUN_006ebf90	undefined FUN_006ebf90()	0	0	unknown	true		83	9044	579	157	21462
urn:ure:t6:occ:function:current-client:004e8500	0x004e8500	defer	true	004e8500	FUN_004e8500	undefined FUN_004e8500()	0	0	unknown	true		9	866	92	40	3548
urn:ure:t6:occ:function:current-client:00604e30	0x00604e30	defer	true	00604e30	FUN_00604e30	undefined FUN_00604e30()	0	0	unknown	true		14	1224	101	39	3472
urn:ure:t6:occ:function:current-client:00520420	0x00520420	defer	true	00520420	FUN_00520420	undefined FUN_00520420()	0	0	unknown	true		44	3078	202	106	6393
urn:ure:t6:occ:function:current-client:00601700	0x00601700	defer	true	00601700	FUN_00601700	undefined FUN_00601700()	0	0	unknown	true		41	4058	235	91	7964
urn:ure:t6:occ:function:current-client:006f9030	0x006f9030	defer	true	006f9030	FUN_006f9030	undefined FUN_006f9030()	0	0	unknown	true		44	3943	236	95	7448
urn:ure:t6:occ:function:current-client:00528ff0	0x00528ff0	defer	true	00528ff0	FUN_00528ff0	undefined FUN_00528ff0()	0	0	unknown	true		20	4006	256	39	11147
urn:ure:t6:occ:function:current-client:00506270	0x00506270	defer	true	00506270	FUN_00506270	undefined FUN_00506270()	0	0	unknown	true		38	4656	263	88	8134
urn:ure:t6:occ:function:current-client:005673b0	0x005673b0	defer	true	005673b0	FUN_005673b0	undefined FUN_005673b0()	0	0	unknown	true		36	4625	281	97	9724
urn:ure:t6:occ:function:current-client:005c8b50	0x005c8b50	defer	true	005c8b50	FUN_005c8b50	undefined FUN_005c8b50()	0	0	unknown	true		30	4760	292	48	9402
urn:ure:t6:occ:function:current-client:006a1db0	0x006a1db0	defer	true	006a1db0	FUN_006a1db0	undefined FUN_006a1db0()	0	0	unknown	true		53	6894	313	107	12352
urn:ure:t6:occ:function:current-client:006dd130	0x006dd130	defer	true	006dd130	FUN_006dd130	undefined FUN_006dd130()	0	0	unknown	true		62	5490	342	122	12419
urn:ure:t6:occ:function:current-client:00b34a30	0x00b34a30	defer	true	00b34a30	FUN_00b34a30	undefined FUN_00b34a30()	0	0	unknown	true		33	3454	345	72	10633
urn:ure:t6:occ:function:current-client:004a40a0	0x004a40a0	defer	true	004a40a0	FUN_004a40a0	undefined FUN_004a40a0()	0	0	unknown	true		98	6859	401	130	13555
urn:ure:t6:occ:function:current-client:004af220	0x004af220	defer	true	004af220	FUN_004af220	undefined FUN_004af220()	0	0	unknown	true		58	5427	441	103	15062
urn:ure:t6:occ:function:current-client:00b3b490	0x00b3b490	defer	true	00b3b490	FUN_00b3b490	undefined FUN_00b3b490()	0	0	unknown	true		48	7670	508	90	15829
urn:ure:t6:occ:function:current-client:008e5700	0x008e5700	defer	true	008e5700	FUN_008e5700	undefined FUN_008e5700()	0	0	unknown	true		88	13369	576	123	20228
urn:ure:t6:occ:function:current-client:0058acb0	0x0058acb0	defer	true	0058acb0	FUN_0058acb0	undefined FUN_0058acb0()	0	0	unknown	true		20	1750	138	55	4105
urn:ure:t6:occ:function:current-client:004c49b0	0x004c49b0	defer	true	004c49b0	FUN_004c49b0	undefined FUN_004c49b0()	0	0	unknown	true		40	4445	259	102	8598
urn:ure:t6:occ:function:current-client:006d0830	0x006d0830	defer	true	006d0830	FUN_006d0830	undefined FUN_006d0830()	0	0	unknown	true		56	3621	270	94	10811
urn:ure:t6:occ:function:current-client:006f42f0	0x006f42f0	defer	true	006f42f0	FUN_006f42f0	undefined FUN_006f42f0()	0	0	unknown	true		30	3154	283	60	8580
urn:ure:t6:occ:function:current-client:00b2c3a0	0x00b2c3a0	defer	true	00b2c3a0	FUN_00b2c3a0	undefined FUN_00b2c3a0()	0	0	unknown	true		32	4106	313	88	9720
urn:ure:t6:occ:function:current-client:0055d9d0	0x0055d9d0	defer	true	0055d9d0	FUN_0055d9d0	undefined FUN_0055d9d0()	0	0	unknown	true		39	4468	316	67	10191
urn:ure:t6:occ:function:current-client:00452a60	0x00452a60	defer	true	00452a60	FUN_00452a60	undefined FUN_00452a60()	0	0	unknown	true		72	7327	388	95	13911
urn:ure:t6:occ:function:current-client:005792b0	0x005792b0	defer	true	005792b0	FUN_005792b0	undefined FUN_005792b0()	0	0	unknown	true		92	4758	487	230	20449
urn:ure:t6:occ:function:current-client:00aecb00	0x00aecb00	defer	true	00aecb00	FUN_00aecb00	undefined FUN_00aecb00()	0	0	unknown	true		101	8633	496	145	17558
urn:ure:t6:occ:function:current-client:0060cf90	0x0060cf90	defer	true	0060cf90	FUN_0060cf90	undefined FUN_0060cf90()	0	0	unknown	true		140	9977	532	169	19754
urn:ure:t6:occ:function:current-client:00ac8bd0	0x00ac8bd0	defer	true	00ac8bd0	FUN_00ac8bd0	undefined FUN_00ac8bd0()	0	0	unknown	true		190	15910	684	230	23019
urn:ure:t6:occ:function:current-client:0094bb10	0x0094bb10	defer	true	0094bb10	FUN_0094bb10	undefined FUN_0094bb10()	0	0	unknown	true		29	4131	239	55	7361
urn:ure:t6:occ:function:current-client:004249c0	0x004249c0	defer	true	004249c0	FUN_004249c0	undefined FUN_004249c0()	0	0	unknown	true		33	3681	271	86	8342
urn:ure:t6:occ:function:current-client:005b3ec0	0x005b3ec0	defer	true	005b3ec0	FUN_005b3ec0	undefined FUN_005b3ec0()	0	0	unknown	true		36	3663	279	105	9186
urn:ure:t6:occ:function:current-client:00a1eb50	0x00a1eb50	defer	true	00a1eb50	FUN_00a1eb50	undefined FUN_00a1eb50()	0	0	unknown	true		46	4718	364	56	13293
urn:ure:t6:occ:function:current-client:00ae9470	0x00ae9470	defer	true	00ae9470	FUN_00ae9470	undefined FUN_00ae9470()	0	0	unknown	true		39	4694	441	85	13570
urn:ure:t6:occ:function:current-client:007494c0	0x007494c0	defer	true	007494c0	FUN_007494c0	undefined FUN_007494c0()	0	0	unknown	true		157	8002	517	271	17964
urn:ure:t6:occ:function:current-client:0073c330	0x0073c330	defer	true	0073c330	FUN_0073c330	undefined FUN_0073c330()	0	0	unknown	true		124	7435	519	256	18078
urn:ure:t6:occ:function:current-client:00870a10	0x00870a10	defer	true	00870a10	FUN_00870a10	undefined FUN_00870a10()	0	0	unknown	true		112	7787	602	83	24140
urn:ure:t6:occ:function:current-client:00712600	0x00712600	defer	true	00712600	FUN_00712600	undefined FUN_00712600()	0	0	unknown	true		29	2316	147	95	5090
urn:ure:t6:occ:function:current-client:00535b50	0x00535b50	defer	true	00535b50	FUN_00535b50	undefined FUN_00535b50()	0	0	unknown	true		32	3671	219	44	8923
urn:ure:t6:occ:function:current-client:00419170	0x00419170	defer	true	00419170	FUN_00419170	undefined FUN_00419170()	0	0	unknown	true		28	4104	262	125	9367
urn:ure:t6:occ:function:current-client:007fdf40	0x007fdf40	defer	true	007fdf40	FUN_007fdf40	undefined FUN_007fdf40()	0	0	unknown	true		52	4421	319	135	10476
urn:ure:t6:occ:function:current-client:00add390	0x00add390	defer	true	00add390	FUN_00add390	undefined FUN_00add390()	0	0	unknown	true		49	5433	325	77	11213
urn:ure:t6:occ:function:current-client:0042d860	0x0042d860	defer	true	0042d860	FUN_0042d860	undefined FUN_0042d860()	0	0	unknown	true		47	4986	342	67	12034
urn:ure:t6:occ:function:current-client:0079b4a0	0x0079b4a0	defer	true	0079b4a0	FUN_0079b4a0	undefined FUN_0079b4a0()	0	0	unknown	true		91	7728	503	102	20909
urn:ure:t6:occ:function:current-client:007b7180	0x007b7180	defer	true	007b7180	FUN_007b7180	undefined FUN_007b7180()	0	0	unknown	true		94	7030	540	87	20728
urn:ure:t6:occ:function:current-client:005938f0	0x005938f0	defer	true	005938f0	FUN_005938f0	undefined FUN_005938f0()	0	0	unknown	true		90	7605	569	141	18371
urn:ure:t6:occ:function:current-client:007ae6d0	0x007ae6d0	defer	true	007ae6d0	FUN_007ae6d0	undefined FUN_007ae6d0()	0	0	unknown	true		103	9206	717	136	28431
urn:ure:t6:occ:function:current-client:00638120	0x00638120	defer	true	00638120	FUN_00638120	undefined FUN_00638120()	0	0	unknown	true		134	11463	750	119	29127
urn:ure:t6:occ:function:current-client:004901a0	0x004901a0	defer	true	004901a0	FUN_004901a0	undefined FUN_004901a0()	0	0	unknown	true		251	20471	930	179	36689
urn:ure:t6:occ:function:current-client:00ae7d40	0x00ae7d40	defer	true	00ae7d40	FUN_00ae7d40	undefined FUN_00ae7d40()	0	0	unknown	true		14	1236	83	55	2785
urn:ure:t6:occ:function:current-client:0092d350	0x0092d350	defer	true	0092d350	FUN_0092d350	undefined FUN_0092d350()	0	0	unknown	true		29	2248	211	65	6897
urn:ure:t6:occ:function:current-client:006f3e40	0x006f3e40	defer	true	006f3e40	FUN_006f3e40	undefined FUN_006f3e40()	0	0	unknown	true		57	4800	324	120	9842
urn:ure:t6:occ:function:current-client:006866e0	0x006866e0	defer	true	006866e0	FUN_006866e0	undefined FUN_006866e0()	0	0	unknown	true		73	5670	342	113	12083
urn:ure:t6:occ:function:current-client:00a5acd0	0x00a5acd0	defer	true	00a5acd0	FUN_00a5acd0	undefined FUN_00a5acd0()	0	0	unknown	true		55	5449	369	89	13829
urn:ure:t6:occ:function:current-client:0069c7d0	0x0069c7d0	defer	true	0069c7d0	FUN_0069c7d0	undefined FUN_0069c7d0()	0	0	unknown	true		67	5976	401	81	14522
urn:ure:t6:occ:function:current-client:0092b420	0x0092b420	defer	true	0092b420	FUN_0092b420	undefined FUN_0092b420()	0	0	unknown	true		81	5440	423	103	16398
urn:ure:t6:occ:function:current-client:00b17f30	0x00b17f30	defer	true	00b17f30	FUN_00b17f30	undefined FUN_00b17f30()	0	0	unknown	true		72	7188	435	112	14993
urn:ure:t6:occ:function:current-client:00b3e0a0	0x00b3e0a0	defer	true	00b3e0a0	FUN_00b3e0a0	undefined FUN_00b3e0a0()	0	0	unknown	true		75	9938	486	132	16031
urn:ure:t6:occ:function:current-client:006b3180	0x006b3180	defer	true	006b3180	FUN_006b3180	undefined FUN_006b3180()	0	0	unknown	true		27	2166	162	65	5174
urn:ure:t6:occ:function:current-client:0079c5a0	0x0079c5a0	defer	true	0079c5a0	FUN_0079c5a0	undefined FUN_0079c5a0()	0	0	unknown	true		23	2011	171	62	5300
urn:ure:t6:occ:function:current-client:0058fc30	0x0058fc30	defer	true	0058fc30	FUN_0058fc30	undefined FUN_0058fc30()	0	0	unknown	true		47	2902	182	98	6024
urn:ure:t6:occ:function:current-client:0060e720	0x0060e720	defer	true	0060e720	FUN_0060e720	undefined FUN_0060e720()	0	0	unknown	true		23	1991	210	51	6325
urn:ure:t6:occ:function:current-client:00467230	0x00467230	defer	true	00467230	FUN_00467230	undefined FUN_00467230()	0	0	unknown	true		37	3967	230	171	7908
urn:ure:t6:occ:function:current-client:006e2280	0x006e2280	defer	true	006e2280	FUN_006e2280	undefined FUN_006e2280()	0	0	unknown	true		32	4044	250	95	8883
urn:ure:t6:occ:function:current-client:007d7120	0x007d7120	defer	true	007d7120	FUN_007d7120	undefined FUN_007d7120()	0	0	unknown	true		58	5829	355	105	13102
urn:ure:t6:occ:function:current-client:00608a20	0x00608a20	defer	true	00608a20	FUN_00608a20	undefined FUN_00608a20()	0	0	unknown	true		87	5843	369	175	13505
urn:ure:t6:occ:function:current-client:00471dc0	0x00471dc0	defer	true	00471dc0	FUN_00471dc0	undefined FUN_00471dc0()	0	0	unknown	true		70	8190	388	190	13874
urn:ure:t6:occ:function:current-client:00b368d0	0x00b368d0	defer	true	00b368d0	FUN_00b368d0	undefined FUN_00b368d0()	0	0	unknown	true		62	8527	512	121	16996
urn:ure:t6:occ:function:current-client:0097e6e0	0x0097e6e0	defer	true	0097e6e0	FUN_0097e6e0	undefined FUN_0097e6e0()	0	0	unknown	true		59	8055	534	127	16871
urn:ure:t6:occ:function:current-client:00574fe0	0x00574fe0	defer	true	00574fe0	FUN_00574fe0	undefined FUN_00574fe0()	0	0	unknown	true		179	11988	605	155	23669
urn:ure:t6:occ:function:current-client:00668300	0x00668300	defer	true	00668300	FUN_00668300	undefined FUN_00668300()	0	0	unknown	true		173	10826	611	150	25003
urn:ure:t6:occ:function:current-client:008d5c70	0x008d5c70	defer	true	008d5c70	FUN_008d5c70	undefined FUN_008d5c70()	0	0	unknown	true		105	13297	673	116	23208
urn:ure:t6:occ:function:current-client:005b33d0	0x005b33d0	defer	true	005b33d0	FUN_005b33d0	undefined FUN_005b33d0()	0	0	unknown	true		86	15691	721	147	26733
urn:ure:t6:occ:function:current-client:00922c00	0x00922c00	defer	true	00922c00	FUN_00922c00	undefined FUN_00922c00()	0	0	unknown	true		38	3922	225	106	7293
urn:ure:t6:occ:function:current-client:0043d570	0x0043d570	defer	true	0043d570	FUN_0043d570	undefined FUN_0043d570()	0	0	unknown	true		24	3350	238	128	8896
urn:ure:t6:occ:function:current-client:004629b0	0x004629b0	defer	true	004629b0	FUN_004629b0	undefined FUN_004629b0()	0	0	unknown	true		29	3520	242	90	8114
urn:ure:t6:occ:function:current-client:005d0980	0x005d0980	defer	true	005d0980	FUN_005d0980	undefined FUN_005d0980()	0	0	unknown	true		70	4734	341	176	10954
urn:ure:t6:occ:function:current-client:005a1ed0	0x005a1ed0	defer	true	005a1ed0	FUN_005a1ed0	undefined FUN_005a1ed0()	0	0	unknown	true		34	5828	377	95	11348
urn:ure:t6:occ:function:current-client:00ad1260	0x00ad1260	defer	true	00ad1260	FUN_00ad1260	undefined FUN_00ad1260()	0	0	unknown	true		36	5317	377	107	11471
urn:ure:t6:occ:function:current-client:008ac990	0x008ac990	defer	true	008ac990	FUN_008ac990	undefined FUN_008ac990()	0	0	unknown	true		75	5430	422	100	13640
urn:ure:t6:occ:function:current-client:0049dfc0	0x0049dfc0	defer	true	0049dfc0	FUN_0049dfc0	undefined FUN_0049dfc0()	0	0	unknown	true		83	4792	463	164	16757
urn:ure:t6:occ:function:current-client:005cf180	0x005cf180	defer	true	005cf180	FUN_005cf180	undefined FUN_005cf180()	0	0	unknown	true		68	6860	480	124	16562
urn:ure:t6:occ:function:current-client:007a6b70	0x007a6b70	defer	true	007a6b70	FUN_007a6b70	undefined FUN_007a6b70()	0	0	unknown	true		135	8316	534	131	21156
urn:ure:t6:occ:function:current-client:00966a40	0x00966a40	defer	true	00966a40	FUN_00966a40	undefined FUN_00966a40()	0	0	unknown	true		147	17294	860	217	30084
urn:ure:t6:occ:function:current-client:0058d300	0x0058d300	defer	true	0058d300	FUN_0058d300	undefined FUN_0058d300()	0	0	unknown	true		32	2434	173	75	5677
urn:ure:t6:occ:function:current-client:004460a0	0x004460a0	defer	true	004460a0	FUN_004460a0	undefined FUN_004460a0()	0	0	unknown	true		40	3316	253	67	8414
urn:ure:t6:occ:function:current-client:00806450	0x00806450	defer	true	00806450	FUN_00806450	undefined FUN_00806450()	0	0	unknown	true		45	8113	363	120	11693
urn:ure:t6:occ:function:current-client:005d7730	0x005d7730	defer	true	005d7730	FUN_005d7730	undefined FUN_005d7730()	0	0	unknown	true		74	6870	377	156	13125
urn:ure:t6:occ:function:current-client:00b11e20	0x00b11e20	defer	true	00b11e20	FUN_00b11e20	undefined FUN_00b11e20()	0	0	unknown	true		82	9461	605	181	20064
urn:ure:t6:occ:function:current-client:008c9e20	0x008c9e20	defer	true	008c9e20	FUN_008c9e20	undefined FUN_008c9e20()	0	0	unknown	true		123	18403	878	166	32083
urn:ure:t6:occ:function:current-client:005276d0	0x005276d0	defer	true	005276d0	FUN_005276d0	undefined FUN_005276d0()	0	0	unknown	true		102	7972	930	105	29902
urn:ure:t6:occ:function:current-client:009d1ae0	0x009d1ae0	defer	true	009d1ae0	FUN_009d1ae0	undefined FUN_009d1ae0()	0	0	unknown	true		369	19104	1186	239	43863
urn:ure:t6:occ:function:current-client:006d6f00	0x006d6f00	defer	true	006d6f00	FUN_006d6f00	undefined FUN_006d6f00()	0	0	unknown	true		40	3136	267	89	7989
urn:ure:t6:occ:function:current-client:00ad2750	0x00ad2750	defer	true	00ad2750	FUN_00ad2750	undefined FUN_00ad2750()	0	0	unknown	true		37	4476	289	87	9494
urn:ure:t6:occ:function:current-client:004c81a0	0x004c81a0	defer	true	004c81a0	FUN_004c81a0	undefined FUN_004c81a0()	0	0	unknown	true		47	4294	335	129	11528
urn:ure:t6:occ:function:current-client:00439380	0x00439380	defer	true	00439380	FUN_00439380	undefined FUN_00439380()	0	0	unknown	true		51	5224	357	77	12515
urn:ure:t6:occ:function:current-client:00adb3a0	0x00adb3a0	defer	true	00adb3a0	FUN_00adb3a0	undefined FUN_00adb3a0()	0	0	unknown	true		67	5916	445	127	15291
urn:ure:t6:occ:function:current-client:00433610	0x00433610	defer	true	00433610	FUN_00433610	undefined FUN_00433610()	0	0	unknown	true		58	6762	524	128	17131
urn:ure:t6:occ:function:current-client:004832a0	0x004832a0	defer	true	004832a0	FUN_004832a0	undefined FUN_004832a0()	0	0	unknown	true		56	6877	527	89	17425
urn:ure:t6:occ:function:current-client:00746d90	0x00746d90	defer	true	00746d90	FUN_00746d90	undefined FUN_00746d90()	0	0	unknown	true		470	26276	1509	265	59855
urn:ure:t6:occ:function:current-client:0067f510	0x0067f510	defer	true	0067f510	FUN_0067f510	undefined FUN_0067f510()	0	0	unknown	true		54	3608	224	162	7530
urn:ure:t6:occ:function:current-client:00423d60	0x00423d60	defer	true	00423d60	FUN_00423d60	undefined FUN_00423d60()	0	0	unknown	true		49	4248	308	155	10670
urn:ure:t6:occ:function:current-client:008c6c30	0x008c6c30	defer	true	008c6c30	FUN_008c6c30	undefined FUN_008c6c30()	0	0	unknown	true		80	7724	472	140	16124
urn:ure:t6:occ:function:current-client:00564fa0	0x00564fa0	defer	true	00564fa0	FUN_00564fa0	undefined FUN_00564fa0()	0	0	unknown	true		167	8971	560	148	21842
urn:ure:t6:occ:function:current-client:00b29080	0x00b29080	defer	true	00b29080	FUN_00b29080	undefined FUN_00b29080()	0	0	unknown	true		146	13915	779	183	27440
urn:ure:t6:occ:function:current-client:004c52a0	0x004c52a0	defer	true	004c52a0	FUN_004c52a0	undefined FUN_004c52a0()	0	0	unknown	true		38	3334	230	84	7154
urn:ure:t6:occ:function:current-client:009156b0	0x009156b0	defer	true	009156b0	FUN_009156b0	undefined FUN_009156b0()	0	0	unknown	true		50	5723	426	100	13538
urn:ure:t6:occ:function:current-client:00aeb010	0x00aeb010	defer	true	00aeb010	FUN_00aeb010	undefined FUN_00aeb010()	0	0	unknown	true		60	7716	466	117	15118
urn:ure:t6:occ:function:current-client:004c1490	0x004c1490	defer	true	004c1490	FUN_004c1490	undefined FUN_004c1490()	0	0	unknown	true		67	10789	483	180	15163
urn:ure:t6:occ:function:current-client:008f48c0	0x008f48c0	defer	true	008f48c0	FUN_008f48c0	undefined FUN_008f48c0()	0	0	unknown	true		93	8883	516	136	18089
urn:ure:t6:occ:function:current-client:004ddb70	0x004ddb70	defer	true	004ddb70	FUN_004ddb70	undefined FUN_004ddb70()	0	0	unknown	true		253	20057	968	180	38574
urn:ure:t6:occ:function:current-client:0068c2a0	0x0068c2a0	defer	true	0068c2a0	FUN_0068c2a0	undefined FUN_0068c2a0()	0	0	unknown	true		44	3458	219	96	7168
urn:ure:t6:occ:function:current-client:0060a910	0x0060a910	defer	true	0060a910	FUN_0060a910	undefined FUN_0060a910()	0	0	unknown	true		70	4668	245	194	9458
urn:ure:t6:occ:function:current-client:0064aa90	0x0064aa90	defer	true	0064aa90	FUN_0064aa90	undefined FUN_0064aa90()	0	0	unknown	true		57	3449	258	166	8836
urn:ure:t6:occ:function:current-client:006ceea0	0x006ceea0	defer	true	006ceea0	FUN_006ceea0	undefined FUN_006ceea0()	0	0	unknown	true		58	3927	275	149	9767
urn:ure:t6:occ:function:current-client:007d23f0	0x007d23f0	defer	true	007d23f0	FUN_007d23f0	undefined FUN_007d23f0()	0	0	unknown	true		76	8764	458	123	16638
urn:ure:t6:occ:function:current-client:004143c0	0x004143c0	defer	true	004143c0	FUN_004143c0	undefined FUN_004143c0()	0	0	unknown	true		188	11619	723	160	27781
urn:ure:t6:occ:function:current-client:00433f40	0x00433f40	defer	true	00433f40	FUN_00433f40	undefined FUN_00433f40()	0	0	unknown	true		120	12294	729	204	24051
urn:ure:t6:occ:function:current-client:0097a2c0	0x0097a2c0	defer	true	0097a2c0	FUN_0097a2c0	undefined FUN_0097a2c0()	0	0	unknown	true		42	3062	309	92	9457
urn:ure:t6:occ:function:current-client:007ebea0	0x007ebea0	defer	true	007ebea0	FUN_007ebea0	undefined FUN_007ebea0()	0	0	unknown	true		52	6617	348	112	11547
urn:ure:t6:occ:function:current-client:00601a60	0x00601a60	defer	true	00601a60	FUN_00601a60	undefined FUN_00601a60()	0	0	unknown	true		76	7922	385	114	14193
urn:ure:t6:occ:function:current-client:0054b890	0x0054b890	defer	true	0054b890	FUN_0054b890	undefined FUN_0054b890()	0	0	unknown	true		101	5591	520	263	20537
urn:ure:t6:occ:function:current-client:0046c650	0x0046c650	defer	true	0046c650	FUN_0046c650	undefined FUN_0046c650()	0	0	unknown	true		159	8556	610	225	20156
urn:ure:t6:occ:function:current-client:00678870	0x00678870	defer	true	00678870	FUN_00678870	undefined FUN_00678870()	0	0	unknown	true		90	6404	680	130	20041
urn:ure:t6:occ:function:current-client:005ec700	0x005ec700	defer	true	005ec700	FUN_005ec700	undefined FUN_005ec700()	0	0	unknown	true		161	11554	763	182	29776
urn:ure:t6:occ:function:current-client:004dcf70	0x004dcf70	defer	true	004dcf70	FUN_004dcf70	undefined FUN_004dcf70()	0	0	unknown	true		138	16228	943	292	30287
urn:ure:t6:occ:function:current-client:0066aee0	0x0066aee0	defer	true	0066aee0	FUN_0066aee0	undefined FUN_0066aee0()	0	0	unknown	true		42	3674	249	112	8002
urn:ure:t6:occ:function:current-client:005b2530	0x005b2530	defer	true	005b2530	FUN_005b2530	undefined FUN_005b2530()	0	0	unknown	true		75	5492	270	204	10254
urn:ure:t6:occ:function:current-client:0079ff30	0x0079ff30	defer	true	0079ff30	FUN_0079ff30	undefined FUN_0079ff30()	0	0	unknown	true		35	4206	279	92	8985
urn:ure:t6:occ:function:current-client:00691cd0	0x00691cd0	defer	true	00691cd0	FUN_00691cd0	undefined FUN_00691cd0()	0	0	unknown	true		55	6144	392	118	14045
urn:ure:t6:occ:function:current-client:00abe7d0	0x00abe7d0	defer	true	00abe7d0	FUN_00abe7d0	undefined FUN_00abe7d0()	0	0	unknown	true		42	7237	466	155	13985
urn:ure:t6:occ:function:current-client:00a6ffb0	0x00a6ffb0	defer	true	00a6ffb0	FUN_00a6ffb0	undefined FUN_00a6ffb0()	0	0	unknown	true		43	11587	530	95	15686
urn:ure:t6:occ:function:current-client:00655000	0x00655000	defer	true	00655000	FUN_00655000	undefined FUN_00655000()	0	0	unknown	true		182	8553	632	111	25960
urn:ure:t6:occ:function:current-client:00acf900	0x00acf900	defer	true	00acf900	FUN_00acf900	undefined FUN_00acf900()	0	0	unknown	true		131	13063	673	193	22996
urn:ure:t6:occ:function:current-client:004f35f0	0x004f35f0	defer	true	004f35f0	FUN_004f35f0	undefined FUN_004f35f0()	0	0	unknown	true		64	3448	275	169	9397
urn:ure:t6:occ:function:current-client:005a2ae0	0x005a2ae0	defer	true	005a2ae0	FUN_005a2ae0	undefined FUN_005a2ae0()	0	0	unknown	true		61	4023	291	105	9637
urn:ure:t6:occ:function:current-client:005d02d0	0x005d02d0	defer	true	005d02d0	FUN_005d02d0	undefined FUN_005d02d0()	0	0	unknown	true		76	6085	376	119	12852
urn:ure:t6:occ:function:current-client:00a7cd9d	0x00a7cd9d	defer	true	00a7cd9d	__popen	FILE * __cdecl __popen(char * _Command, char * _Mode)	2	0	__cdecl	true		100	7846	413	118	14094
urn:ure:t6:occ:function:current-client:00b1ddc0	0x00b1ddc0	defer	true	00b1ddc0	FUN_00b1ddc0	undefined FUN_00b1ddc0()	0	0	unknown	true		81	9437	510	159	16399
urn:ure:t6:occ:function:current-client:00945fa0	0x00945fa0	defer	true	00945fa0	FUN_00945fa0	undefined FUN_00945fa0()	0	0	unknown	true		178	15381	920	234	33555
urn:ure:t6:occ:function:current-client:004d0f30	0x004d0f30	defer	true	004d0f30	FUN_004d0f30	undefined FUN_004d0f30()	0	0	unknown	true		36	3268	220	207	7733
urn:ure:t6:occ:function:current-client:004d53e0	0x004d53e0	defer	true	004d53e0	FUN_004d53e0	undefined FUN_004d53e0()	0	0	unknown	true		65	3908	327	118	10831
urn:ure:t6:occ:function:current-client:00451a50	0x00451a50	defer	true	00451a50	FUN_00451a50	undefined FUN_00451a50()	0	0	unknown	true		121	9059	570	132	19680
urn:ure:t6:occ:function:current-client:00538570	0x00538570	defer	true	00538570	FUN_00538570	undefined FUN_00538570()	0	0	unknown	true		164	13084	750	237	27556
urn:ure:t6:occ:function:current-client:007e43c0	0x007e43c0	defer	true	007e43c0	FUN_007e43c0	undefined FUN_007e43c0()	0	0	unknown	true		190	10577	758	142	26967
urn:ure:t6:occ:function:current-client:00a1efe0	0x00a1efe0	defer	true	00a1efe0	FUN_00a1efe0	undefined FUN_00a1efe0()	0	0	unknown	true		299	17950	1241	194	43767
urn:ure:t6:occ:function:current-client:00420210	0x00420210	defer	true	00420210	FUN_00420210	undefined FUN_00420210()	0	0	unknown	true		44	2691	221	95	6697
urn:ure:t6:occ:function:current-client:00a3e5e0	0x00a3e5e0	defer	true	00a3e5e0	FUN_00a3e5e0	undefined FUN_00a3e5e0()	0	0	unknown	true		68	8687	501	115	19034
urn:ure:t6:occ:function:current-client:006a61d0	0x006a61d0	defer	true	006a61d0	FUN_006a61d0	undefined FUN_006a61d0()	0	0	unknown	true		184	12576	668	149	25428
urn:ure:t6:occ:function:current-client:009310b0	0x009310b0	defer	true	009310b0	FUN_009310b0	undefined FUN_009310b0()	0	0	unknown	true		44	3052	328	87	10438
urn:ure:t6:occ:function:current-client:0092ec00	0x0092ec00	defer	true	0092ec00	FUN_0092ec00	undefined FUN_0092ec00()	0	0	unknown	true		157	9153	489	218	17649
urn:ure:t6:occ:function:current-client:004d26d0	0x004d26d0	defer	true	004d26d0	FUN_004d26d0	undefined FUN_004d26d0()	0	0	unknown	true		143	6342	568	284	22705
urn:ure:t6:occ:function:current-client:00694a90	0x00694a90	defer	true	00694a90	FUN_00694a90	undefined FUN_00694a90()	0	0	unknown	true		57	3323	290	83	9463
urn:ure:t6:occ:function:current-client:0044bb90	0x0044bb90	defer	true	0044bb90	FUN_0044bb90	undefined FUN_0044bb90()	0	0	unknown	true		38	4037	316	138	11526
urn:ure:t6:occ:function:current-client:0056bdb0	0x0056bdb0	defer	true	0056bdb0	FUN_0056bdb0	undefined FUN_0056bdb0()	0	0	unknown	true		111	7324	390	146	14274
urn:ure:t6:occ:function:current-client:005de4a0	0x005de4a0	defer	true	005de4a0	FUN_005de4a0	undefined FUN_005de4a0()	0	0	unknown	true		157	14443	573	303	23182
urn:ure:t6:occ:function:current-client:0052d2e0	0x0052d2e0	defer	true	0052d2e0	FUN_0052d2e0	undefined FUN_0052d2e0()	0	0	unknown	true		77	4015	240	116	8302
urn:ure:t6:occ:function:current-client:00544780	0x00544780	defer	true	00544780	FUN_00544780	undefined FUN_00544780()	0	0	unknown	true		33	3867	314	165	11389
urn:ure:t6:occ:function:current-client:009bb670	0x009bb670	defer	true	009bb670	FUN_009bb670	undefined FUN_009bb670()	0	0	unknown	true		270	32761	1464	364	56798
urn:ure:t6:occ:function:current-client:005c7660	0x005c7660	defer	true	005c7660	FUN_005c7660	undefined FUN_005c7660()	0	0	unknown	true		66	4165	289	104	9503
urn:ure:t6:occ:function:current-client:005e5df0	0x005e5df0	defer	true	005e5df0	FUN_005e5df0	undefined FUN_005e5df0()	0	0	unknown	true		117	4669	359	215	12017
urn:ure:t6:occ:function:current-client:004e7ee0	0x004e7ee0	defer	true	004e7ee0	FUN_004e7ee0	undefined FUN_004e7ee0()	0	0	unknown	true		111	6005	385	121	12637
urn:ure:t6:occ:function:current-client:005bda90	0x005bda90	defer	true	005bda90	FUN_005bda90	undefined FUN_005bda90()	0	0	unknown	true		306	23883	948	302	33521
urn:ure:t6:occ:function:current-client:00437b60	0x00437b60	defer	true	00437b60	FUN_00437b60	undefined FUN_00437b60()	0	0	unknown	true		347	22071	1114	224	44207
urn:ure:t6:occ:function:current-client:00a247c0	0x00a247c0	defer	true	00a247c0	FUN_00a247c0	undefined FUN_00a247c0()	0	0	unknown	true		354	21591	1205	206	41157
urn:ure:t6:occ:function:current-client:007958c0	0x007958c0	defer	true	007958c0	FUN_007958c0	undefined FUN_007958c0()	0	0	unknown	true		72	8649	462	150	14834
urn:ure:t6:occ:function:current-client:00401600	0x00401600	defer	true	00401600	FUN_00401600	undefined FUN_00401600()	0	0	unknown	true		85	8118	463	140	15723
urn:ure:t6:occ:function:current-client:00516860	0x00516860	defer	true	00516860	FUN_00516860	undefined FUN_00516860()	0	0	unknown	true		78	5691	488	152	15511
urn:ure:t6:occ:function:current-client:0096acf0	0x0096acf0	defer	true	0096acf0	FUN_0096acf0	undefined FUN_0096acf0()	0	0	unknown	true		89	11371	685	189	23794
urn:ure:t6:occ:function:current-client:00488300	0x00488300	defer	true	00488300	FUN_00488300	undefined FUN_00488300()	0	0	unknown	true		44	4045	284	126	8957
urn:ure:t6:occ:function:current-client:00a84a0b	0x00a84a0b	defer	true	00a84a0b	__input_l	int __cdecl __input_l(FILE * _File, uchar * param_2, _locale_t _Locale, va_list _ArgList)	4	0	__cdecl	true		324	23788	1047	303	40651
urn:ure:t6:occ:function:current-client:0059dec0	0x0059dec0	defer	true	0059dec0	FUN_0059dec0	undefined FUN_0059dec0()	0	0	unknown	true		81	3991	289	104	9638
urn:ure:t6:occ:function:current-client:008d6b80	0x008d6b80	defer	true	008d6b80	FUN_008d6b80	undefined FUN_008d6b80()	0	0	unknown	true		59	7352	426	156	13589
urn:ure:t6:occ:function:current-client:004e3700	0x004e3700	defer	true	004e3700	FUN_004e3700	undefined FUN_004e3700()	0	0	unknown	true		107	5504	472	262	15926
urn:ure:t6:occ:function:current-client:00b1ead0	0x00b1ead0	defer	true	00b1ead0	FUN_00b1ead0	undefined FUN_00b1ead0()	0	0	unknown	true		58	7758	501	140	16032
urn:ure:t6:occ:function:current-client:006df630	0x006df630	defer	true	006df630	FUN_006df630	undefined FUN_006df630()	0	0	unknown	true		147	10252	588	165	22047
urn:ure:t6:occ:function:current-client:005ac060	0x005ac060	defer	true	005ac060	FUN_005ac060	undefined FUN_005ac060()	0	0	unknown	true		365	16562	980	197	40591
urn:ure:t6:occ:function:current-client:00a23090	0x00a23090	defer	true	00a23090	FUN_00a23090	undefined FUN_00a23090()	0	0	unknown	true		319	27612	1524	263	53879
urn:ure:t6:occ:function:current-client:00453c00	0x00453c00	defer	true	00453c00	FUN_00453c00	undefined FUN_00453c00()	0	0	unknown	true		39	4302	264	248	9215
urn:ure:t6:occ:function:current-client:00a32370	0x00a32370	defer	true	00a32370	FUN_00a32370	undefined FUN_00a32370()	0	0	unknown	true		28	5426	329	100	10909
urn:ure:t6:occ:function:current-client:00b1a330	0x00b1a330	defer	true	00b1a330	FUN_00b1a330	undefined FUN_00b1a330()	0	0	unknown	true		60	7532	510	145	16261
urn:ure:t6:occ:function:current-client:00b3f360	0x00b3f360	defer	true	00b3f360	FUN_00b3f360	undefined FUN_00b3f360()	0	0	unknown	true		72	8025	635	167	19779
urn:ure:t6:occ:function:current-client:007698b0	0x007698b0	defer	true	007698b0	FUN_007698b0	undefined FUN_007698b0()	0	0	unknown	true		471	18569	1012	548	42375
urn:ure:t6:occ:function:current-client:0067a8e0	0x0067a8e0	defer	true	0067a8e0	FUN_0067a8e0	undefined FUN_0067a8e0()	0	0	unknown	true		28	2092	133	92	4589
urn:ure:t6:occ:function:current-client:00470a60	0x00470a60	defer	true	00470a60	FUN_00470a60	undefined FUN_00470a60()	0	0	unknown	true		69	6031	382	146	12707
urn:ure:t6:occ:function:current-client:007331d0	0x007331d0	defer	true	007331d0	FUN_007331d0	undefined FUN_007331d0()	0	0	unknown	true		91	5994	519	187	17726
urn:ure:t6:occ:function:current-client:00ac62d0	0x00ac62d0	defer	true	00ac62d0	FUN_00ac62d0	undefined FUN_00ac62d0()	0	0	unknown	true		163	17533	921	269	32082
urn:ure:t6:occ:function:current-client:00ac4290	0x00ac4290	defer	true	00ac4290	FUN_00ac4290	undefined FUN_00ac4290()	0	0	unknown	true		246	18257	2265	309	74674
urn:ure:t6:occ:function:current-client:0053db90	0x0053db90	defer	true	0053db90	FUN_0053db90	undefined FUN_0053db90()	0	0	unknown	true		67	4528	336	113	11309
urn:ure:t6:occ:function:current-client:00637120	0x00637120	defer	true	00637120	FUN_00637120	undefined FUN_00637120()	0	0	unknown	true		148	7340	563	294	20381
urn:ure:t6:occ:function:current-client:00729d90	0x00729d90	defer	true	00729d90	FUN_00729d90	undefined FUN_00729d90()	0	0	unknown	true		727	28684	1274	423	50074
urn:ure:t6:occ:function:current-client:00893a90	0x00893a90	defer	true	00893a90	FUN_00893a90	undefined FUN_00893a90()	0	0	unknown	true		135	5983	275	131	9778
urn:ure:t6:occ:function:current-client:007f2640	0x007f2640	defer	true	007f2640	FUN_007f2640	undefined FUN_007f2640()	0	0	unknown	true		74	5297	352	149	11874
urn:ure:t6:occ:function:current-client:0088e7c0	0x0088e7c0	defer	true	0088e7c0	FUN_0088e7c0	undefined FUN_0088e7c0()	0	0	unknown	true		72	7345	504	146	16712
urn:ure:t6:occ:function:current-client:00594f40	0x00594f40	defer	true	00594f40	FUN_00594f40	undefined FUN_00594f40()	0	0	unknown	true		127	9886	618	221	22685
urn:ure:t6:occ:function:current-client:0074b2e0	0x0074b2e0	defer	true	0074b2e0	FUN_0074b2e0	undefined FUN_0074b2e0()	0	0	unknown	true		228	13860	900	174	35358
urn:ure:t6:occ:function:current-client:00a85a0f	0x00a85a0f	defer	true	00a85a0f	__input_s_l	int __cdecl __input_s_l(FILE * _File, uchar * param_2, _locale_t _Locale, va_list _ArgList)	4	0	__cdecl	true		416	29158	1112	324	43328
urn:ure:t6:occ:function:current-client:0088cbc0	0x0088cbc0	defer	true	0088cbc0	FUN_0088cbc0	undefined FUN_0088cbc0()	0	0	unknown	true		169	6886	486	206	16913
urn:ure:t6:occ:function:current-client:00a51920	0x00a51920	defer	true	00a51920	FUN_00a51920	undefined FUN_00a51920()	0	0	unknown	true		100	9481	607	114	22158
urn:ure:t6:occ:function:current-client:00a6f280	0x00a6f280	defer	true	00a6f280	FUN_00a6f280	undefined FUN_00a6f280()	0	0	unknown	true		64	16527	707	125	21263
urn:ure:t6:occ:function:current-client:007ef5f0	0x007ef5f0	defer	true	007ef5f0	FUN_007ef5f0	undefined FUN_007ef5f0()	0	0	unknown	true		86	5594	368	141	12187
urn:ure:t6:occ:function:current-client:0091bc80	0x0091bc80	defer	true	0091bc80	FUN_0091bc80	undefined FUN_0091bc80()	0	0	unknown	true		54	4652	453	143	14115
urn:ure:t6:occ:function:current-client:00501450	0x00501450	defer	true	00501450	FUN_00501450	undefined FUN_00501450()	0	0	unknown	true		152	12726	726	219	23172
urn:ure:t6:occ:function:current-client:0040fd10	0x0040fd10	defer	true	0040fd10	FUN_0040fd10	undefined FUN_0040fd10()	0	0	unknown	true		192	9535	870	432	37071
urn:ure:t6:occ:function:current-client:00894f70	0x00894f70	defer	true	00894f70	FUN_00894f70	undefined FUN_00894f70()	0	0	unknown	true		192	12494	905	267	30437
urn:ure:t6:occ:function:current-client:0088d530	0x0088d530	defer	true	0088d530	FUN_0088d530	undefined FUN_0088d530()	0	0	unknown	true		83	4379	290	176	9617
urn:ure:t6:occ:function:current-client:0092f520	0x0092f520	defer	true	0092f520	FUN_0092f520	undefined FUN_0092f520()	0	0	unknown	true		102	5770	415	192	14437
urn:ure:t6:occ:function:current-client:00aebbb0	0x00aebbb0	defer	true	00aebbb0	FUN_00aebbb0	undefined FUN_00aebbb0()	0	0	unknown	true		121	12698	757	192	26073
urn:ure:t6:occ:function:current-client:004f56d0	0x004f56d0	defer	true	004f56d0	FUN_004f56d0	undefined FUN_004f56d0()	0	0	unknown	true		91	5269	413	167	13708
urn:ure:t6:occ:function:current-client:008a1b70	0x008a1b70	defer	true	008a1b70	FUN_008a1b70	undefined FUN_008a1b70()	0	0	unknown	true		46	4195	419	134	13012
urn:ure:t6:occ:function:current-client:0068e760	0x0068e760	defer	true	0068e760	FUN_0068e760	undefined FUN_0068e760()	0	0	unknown	true		208	19368	768	259	26232
urn:ure:t6:occ:function:current-client:00557ff0	0x00557ff0	defer	true	00557ff0	FUN_00557ff0	undefined FUN_00557ff0()	0	0	unknown	true		31	2501	146	140	5201
urn:ure:t6:occ:function:current-client:00485370	0x00485370	defer	true	00485370	FUN_00485370	undefined FUN_00485370()	0	0	unknown	true		102	8635	635	187	19387
urn:ure:t6:occ:function:current-client:009d64e0	0x009d64e0	defer	true	009d64e0	FUN_009d64e0	undefined FUN_009d64e0()	0	0	unknown	true		85	10782	725	149	24481
urn:ure:t6:occ:function:current-client:0091a370	0x0091a370	defer	true	0091a370	FUN_0091a370	undefined FUN_0091a370()	0	0	unknown	true		75	7778	453	215	13642
urn:ure:t6:occ:function:current-client:005f3e30	0x005f3e30	defer	true	005f3e30	FUN_005f3e30	undefined FUN_005f3e30()	0	0	unknown	true		115	9216	526	201	17319
urn:ure:t6:occ:function:current-client:004caf50	0x004caf50	defer	true	004caf50	FUN_004caf50	undefined FUN_004caf50()	0	0	unknown	true		120	12216	946	167	27833
urn:ure:t6:occ:function:current-client:00663bf0	0x00663bf0	defer	true	00663bf0	FUN_00663bf0	undefined FUN_00663bf0()	0	0	unknown	true		80	5452	290	216	10461
urn:ure:t6:occ:function:current-client:006b6e30	0x006b6e30	defer	true	006b6e30	FUN_006b6e30	undefined FUN_006b6e30()	0	0	unknown	true		83	5557	426	174	14062
urn:ure:t6:occ:function:current-client:006d8000	0x006d8000	defer	true	006d8000	FUN_006d8000	undefined FUN_006d8000()	0	0	unknown	true		55	6744	557	153	17147
urn:ure:t6:occ:function:current-client:00abfe60	0x00abfe60	defer	true	00abfe60	FUN_00abfe60	undefined FUN_00abfe60()	0	0	unknown	true		113	12931	729	218	26435
urn:ure:t6:occ:function:current-client:0083c480	0x0083c480	defer	true	0083c480	FUN_0083c480	undefined FUN_0083c480()	0	0	unknown	true		177	15673	868	246	30443
urn:ure:t6:occ:function:current-client:009c1ef0	0x009c1ef0	defer	true	009c1ef0	FUN_009c1ef0	undefined FUN_009c1ef0()	0	0	unknown	true		202	25877	1351	245	48907
urn:ure:t6:occ:function:current-client:004986b0	0x004986b0	defer	true	004986b0	FUN_004986b0	undefined FUN_004986b0()	0	0	unknown	true		78	5073	294	101	10378
urn:ure:t6:occ:function:current-client:0083b9b0	0x0083b9b0	defer	true	0083b9b0	FUN_0083b9b0	undefined FUN_0083b9b0()	0	0	unknown	true		111	6766	562	176	18519
urn:ure:t6:occ:function:current-client:007f5ee0	0x007f5ee0	defer	true	007f5ee0	FUN_007f5ee0	undefined FUN_007f5ee0()	0	0	unknown	true		63	4253	404	118	13084
urn:ure:t6:occ:function:current-client:0065c2a0	0x0065c2a0	defer	true	0065c2a0	FUN_0065c2a0	undefined FUN_0065c2a0()	0	0	unknown	true		182	6348	549	323	18412
urn:ure:t6:occ:function:current-client:0042e9c0	0x0042e9c0	defer	true	0042e9c0	FUN_0042e9c0	undefined FUN_0042e9c0()	0	0	unknown	true		51	4893	321	307	11203
urn:ure:t6:occ:function:current-client:00803800	0x00803800	defer	true	00803800	FUN_00803800	undefined FUN_00803800()	0	0	unknown	true		66	5645	460	229	14653
urn:ure:t6:occ:function:current-client:0075d9a0	0x0075d9a0	defer	true	0075d9a0	FUN_0075d9a0	undefined FUN_0075d9a0()	0	0	unknown	true		211	6950	598	276	20665
urn:ure:t6:occ:function:current-client:0089ad80	0x0089ad80	defer	true	0089ad80	FUN_0089ad80	undefined FUN_0089ad80()	0	0	unknown	true		215	7427	641	372	23122
urn:ure:t6:occ:function:current-client:004efb70	0x004efb70	defer	true	004efb70	FUN_004efb70	undefined FUN_004efb70()	0	0	unknown	true		148	8860	1124	195	35927
urn:ure:t6:occ:function:current-client:0063f070	0x0063f070	defer	true	0063f070	FUN_0063f070	undefined FUN_0063f070()	0	0	unknown	true		100	11452	657	224	21059
urn:ure:t6:occ:function:current-client:004d00e0	0x004d00e0	defer	true	004d00e0	FUN_004d00e0	undefined FUN_004d00e0()	0	0	unknown	true		173	15255	879	205	30239
urn:ure:t6:occ:function:current-client:0065b7e0	0x0065b7e0	defer	true	0065b7e0	FUN_0065b7e0	undefined FUN_0065b7e0()	0	0	unknown	true		128	13164	739	325	26867
urn:ure:t6:occ:function:current-client:00b6b390	0x00b6b390	defer	true	00b6b390	FUN_00b6b390	undefined FUN_00b6b390()	0	0	unknown	true		1135	43853	2401	476	86019
urn:ure:t6:occ:function:current-client:004f6350	0x004f6350	defer	true	004f6350	FUN_004f6350	undefined FUN_004f6350()	0	0	unknown	true		99	8851	750	209	21488
urn:ure:t6:occ:function:current-client:008cd7d0	0x008cd7d0	defer	true	008cd7d0	FUN_008cd7d0	undefined FUN_008cd7d0()	0	0	unknown	true		119	12134	758	283	26807
urn:ure:t6:occ:function:current-client:00670590	0x00670590	defer	true	00670590	FUN_00670590	undefined FUN_00670590()	0	0	unknown	true		164	13710	876	224	31623
urn:ure:t6:occ:function:current-client:00b6d320	0x00b6d320	defer	true	00b6d320	FUN_00b6d320	undefined FUN_00b6d320()	0	0	unknown	true		1507	51840	2663	527	95714
urn:ure:t6:occ:function:current-client:00a92695	0x00a92695	defer	true	00a92695	___free_lc_time	undefined ___free_lc_time()	0	0	unknown	true		100	3088	188	87	7788
urn:ure:t6:occ:function:current-client:00640260	0x00640260	defer	true	00640260	FUN_00640260	undefined FUN_00640260()	0	0	unknown	true		114	8739	554	238	20706
urn:ure:t6:occ:function:current-client:00618f40	0x00618f40	defer	true	00618f40	FUN_00618f40	undefined FUN_00618f40()	0	0	unknown	true		128	10637	675	165	22471
urn:ure:t6:occ:function:current-client:00a91e96	0x00a91e96	defer	true	00a91e96	__get_lc_time	undefined __get_lc_time()	0	0	unknown	true		115	10785	830	89	23371
urn:ure:t6:occ:function:current-client:0059d130	0x0059d130	defer	true	0059d130	FUN_0059d130	undefined FUN_0059d130()	0	0	unknown	true		168	9703	625	264	23838
urn:ure:t6:occ:function:current-client:008f13b0	0x008f13b0	defer	true	008f13b0	FUN_008f13b0	undefined FUN_008f13b0()	0	0	unknown	true		105	9320	638	220	21236
urn:ure:t6:occ:function:current-client:00407e00	0x00407e00	defer	true	00407e00	FUN_00407e00	undefined FUN_00407e00()	0	0	unknown	true		134	12037	827	243	24525
urn:ure:t6:occ:function:current-client:005f5cb0	0x005f5cb0	defer	true	005f5cb0	FUN_005f5cb0	undefined FUN_005f5cb0()	0	0	unknown	true		34	2738	197	190	6978
urn:ure:t6:occ:function:current-client:004a3060	0x004a3060	defer	true	004a3060	FUN_004a3060	undefined FUN_004a3060()	0	0	unknown	true		136	8395	729	271	23013
urn:ure:t6:occ:function:current-client:007ecbc0	0x007ecbc0	defer	true	007ecbc0	FUN_007ecbc0	undefined FUN_007ecbc0()	0	0	unknown	true		149	11168	835	221	28967
urn:ure:t6:occ:function:current-client:00ad1d40	0x00ad1d40	defer	true	00ad1d40	FUN_00ad1d40	undefined FUN_00ad1d40()	0	0	unknown	true		144	12039	842	214	27109
urn:ure:t6:occ:function:current-client:0088bcf0	0x0088bcf0	defer	true	0088bcf0	FUN_0088bcf0	undefined FUN_0088bcf0()	0	0	unknown	true		413	8719	756	441	25582
urn:ure:t6:occ:function:current-client:0049baa0	0x0049baa0	defer	true	0049baa0	FUN_0049baa0	undefined FUN_0049baa0()	0	0	unknown	true		127	6909	660	257	19138
urn:ure:t6:occ:function:current-client:00b69000	0x00b69000	defer	true	00b69000	FUN_00b69000	undefined FUN_00b69000()	0	0	unknown	true		1320	49141	2720	558	96542
urn:ure:t6:occ:function:current-client:004174b0	0x004174b0	defer	true	004174b0	FUN_004174b0	undefined FUN_004174b0()	0	0	unknown	true		232	21210	1020	429	34548
urn:ure:t6:occ:function:current-client:00a32720	0x00a32720	defer	true	00a32720	FUN_00a32720	undefined FUN_00a32720()	0	0	unknown	true		166	14443	1308	318	45914
urn:ure:t6:occ:function:current-client:007dd9c0	0x007dd9c0	defer	true	007dd9c0	FUN_007dd9c0	undefined FUN_007dd9c0()	0	0	unknown	true		249	18395	1703	423	59762
urn:ure:t6:occ:function:current-client:00a4be60	0x00a4be60	defer	true	00a4be60	FUN_00a4be60	undefined FUN_00a4be60()	0	0	unknown	true		191	16521	790	211	30126
urn:ure:t6:occ:function:current-client:00947ed0	0x00947ed0	defer	true	00947ed0	FUN_00947ed0	undefined FUN_00947ed0()	0	0	unknown	true		485	15713	1168	293	40980
urn:ure:t6:occ:function:current-client:0053f6b0	0x0053f6b0	defer	true	0053f6b0	FUN_0053f6b0	undefined FUN_0053f6b0()	0	0	unknown	true		283	20675	1131	447	36747
urn:ure:t6:occ:function:current-client:00835e90	0x00835e90	defer	true	00835e90	FUN_00835e90	undefined FUN_00835e90()	0	0	unknown	true		564	23714	1548	407	57306
urn:ure:t6:occ:function:current-client:00550850	0x00550850	defer	true	00550850	FUN_00550850	undefined FUN_00550850()	0	0	unknown	true		141	11962	820	296	25555
urn:ure:t6:occ:function:current-client:00ace4a0	0x00ace4a0	defer	true	00ace4a0	FUN_00ace4a0	undefined FUN_00ace4a0()	0	0	unknown	true		490	25473	1584	463	53326
urn:ure:t6:occ:function:current-client:0066c390	0x0066c390	defer	true	0066c390	FUN_0066c390	undefined FUN_0066c390()	0	0	unknown	true		119	9279	1380	349	39139
urn:ure:t6:occ:function:current-client:00508bc0	0x00508bc0	defer	true	00508bc0	FUN_00508bc0	undefined FUN_00508bc0()	0	0	unknown	true		283	10304	1179	407	37467
urn:ure:t6:occ:function:current-client:00706500	0x00706500	defer	true	00706500	FUN_00706500	undefined FUN_00706500()	0	0	unknown	true		333	31759	1703	424	62650
urn:ure:t6:occ:function:current-client:00469bc0	0x00469bc0	defer	true	00469bc0	FUN_00469bc0	undefined FUN_00469bc0()	0	0	unknown	true		252	7515	568	266	18829
urn:ure:t6:occ:function:current-client:00419c30	0x00419c30	defer	true	00419c30	FUN_00419c30	undefined FUN_00419c30()	0	0	unknown	true		701	12714	1011	569	34264
urn:ure:t6:occ:function:current-client:008d43d0	0x008d43d0	defer	true	008d43d0	FUN_008d43d0	undefined FUN_008d43d0()	0	0	unknown	true		285	42769	1536	366	53411
urn:ure:t6:occ:function:current-client:007f17e0	0x007f17e0	defer	true	007f17e0	FUN_007f17e0	undefined FUN_007f17e0()	0	0	unknown	true		255	12055	887	262	29266
urn:ure:t6:occ:function:current-client:0072e880	0x0072e880	defer	true	0072e880	FUN_0072e880	undefined FUN_0072e880()	0	0	unknown	true		1673	27078	1639	447	66906
urn:ure:t6:occ:function:current-client:0051d580	0x0051d580	defer	true	0051d580	FUN_0051d580	undefined FUN_0051d580()	0	0	unknown	true		540	12295	840	268	29901
urn:ure:t6:occ:function:current-client:0093b620	0x0093b620	defer	true	0093b620	FUN_0093b620	undefined FUN_0093b620()	0	0	unknown	true		423	30400	1298	533	42471
urn:ure:t6:occ:function:current-client:007d1240	0x007d1240	defer	true	007d1240	FUN_007d1240	undefined FUN_007d1240()	0	0	unknown	true		174	7568	802	236	22335
urn:ure:t6:occ:function:current-client:0042a510	0x0042a510	defer	true	0042a510	FUN_0042a510	undefined FUN_0042a510()	0	0	unknown	true		2567	17161	1583	828	61693
urn:ure:t6:occ:function:current-client:007b1f60	0x007b1f60	defer	true	007b1f60	FUN_007b1f60	undefined FUN_007b1f60()	0	0	unknown	true		2000	32804	2856	676	116250
urn:ure:t6:occ:function:current-client:0088d950	0x0088d950	defer	true	0088d950	FUN_0088d950	undefined FUN_0088d950()	0	0	unknown	true		272	7733	606	361	20547
urn:ure:t6:occ:function:current-client:006f4a60	0x006f4a60	defer	true	006f4a60	FUN_006f4a60	undefined FUN_006f4a60()	0	0	unknown	true		139	14647	1072	572	40033
urn:ure:t6:occ:function:current-client:00615560	0x00615560	defer	true	00615560	FUN_00615560	undefined FUN_00615560()	0	0	unknown	true		646	40557	1664	706	57836
urn:ure:t6:occ:function:current-client:008f5620	0x008f5620	defer	true	008f5620	FUN_008f5620	undefined FUN_008f5620()	0	0	unknown	false	Exception while decompiling 008f5620: process: timeout 	3011	0	4403	1428	161102
urn:ure:t6:occ:function:current-client:00529ac0	0x00529ac0	defer	true	00529ac0	FUN_00529ac0	undefined FUN_00529ac0()	0	0	unknown	false	Exception while decompiling 00529ac0: process: timeout 	3262	0	4336	1006	143071
urn:ure:t6:occ:function:current-client:00718c20	0x00718c20	defer	true	00718c20	FUN_00718c20	undefined FUN_00718c20()	0	0	unknown	false	Exception while decompiling 00718c20: process: timeout 	3269	0	3909	1905	152326
urn:ure:t6:occ:function:current-client:00494d50	0x00494d50	defer	true	00494d50	FUN_00494d50	undefined FUN_00494d50()	0	0	unknown	true		678	32395	1903	1827	65681
