# GENERATED FROM LIVE uregraph; exact one-to-one cross-build machine-body identity witnesses only.
# Graph snapshot version: 13964
# Retail/current-client SHA-256: 770318175f0161aa7a1ff0f9a5530336836a99e72900d7608a63973e56004adf
# Server symbols are analysis enrichment evidence, not automatic semantic promotion of all PDB types/globals.
client_id	client_va	current_ghidra_name	client_instruction_sha256	server_variant_id	server_symbol_name	server_object_name	server_va	server_exact_size_bytes	server_exact_bytes_sha256	state	basis
urn:ure:t6:occ:function:current-client:0041ccb0	0x0041CCB0	FUN_0041ccb0	dbb94cc1b5eaa0c4b6b2aeee80b6210f564841977250dadccb1b8676f882c352	urn:ure:t6:re_FunctionVariant:urn_ure_t6_re_FunctionFamily_urn_ure_t6_core_Project_black-ops-2_fd2705692f16c05f_re_Function_msvc-public_0XAnimClientNotifyList_QAE_XZ_8eb75cdd4d8f8def_build_urn_ure_t6_re_Build_urn_ure_t6_core_Project_black-ops-2_fd2705692f16c05f_pc-server-2013-03-11_4ee9a1fac7aa9195:68badc089b08994a	??0XAnimClientNotifyList@@QAE@XZ	xanim_clientnotify.obj	0x007b5fa0	13	dbb94cc1b5eaa0c4b6b2aeee80b6210f564841977250dadccb1b8676f882c352	accepted-evidence-awaiting-semantic-promotion	unique-one-to-one-exact-function-instruction-bytes-sha256-across-builds
urn:ure:t6:occ:function:current-client:00421740	0x00421740	FUN_00421740	4c8fcfa9a41c529197887869adc1bd1aca367e8d0c9d06c93ad343f9d0313a02	urn:ure:t6:re_FunctionVariant:urn_ure_t6_re_FunctionFamily_urn_ure_t6_core_Project_black-ops-2_fd2705692f16c05f_re_Function_msvc-public_Actor_ClearMoveHistory_YIXPAUactor_t_Z_23e59c15956c5953_build_urn_ure_t6_re_Build_urn_ure_t6_core_Project_black-ops-2_fd2705692f16c05f_pc-server-2013-03-11_4ee9a1fac7aa9195:3c04150ee8607c86	?Actor_ClearMoveHistory@@YIXPAUactor_t@@@Z			0	4c8fcfa9a41c529197887869adc1bd1aca367e8d0c9d06c93ad343f9d0313a02	accepted-evidence-awaiting-semantic-promotion	unique-one-to-one-exact-function-instruction-bytes-sha256-across-builds
urn:ure:t6:occ:function:current-client:00471440	0x00471440	FUN_00471440	b73d3a867a6a7351d51860e4dcc06cb1827d6ca2c960ebdc6626877dcd571e05	urn:ure:t6:re_FunctionVariant:urn_ure_t6_re_FunctionFamily_urn_ure_t6_core_Project_black-ops-2_fd2705692f16c05f_re_Function_msvc-public_compare_char_traits_D_std_SAHPBD0I_Z_4f3c58dd903363eb_build_urn_ure_t6_re_Build_urn_ure_t6_core_Project_black-ops-2_fd2705692f16c05f_pc-server-2013-03-11_4ee9a1fac7aa9195:87d75988f73a8e5b	?compare@?$char_traits@D@std@@SAHPBD0I@Z			0	b73d3a867a6a7351d51860e4dcc06cb1827d6ca2c960ebdc6626877dcd571e05	accepted-evidence-awaiting-semantic-promotion	unique-one-to-one-exact-function-instruction-bytes-sha256-across-builds
urn:ure:t6:occ:function:current-client:0047e340	0x0047E340	FUN_0047e340	d50696f48a849f342a49cabfc22958ca49fe7c1ab320fb5ef2e62b77e6b30ce4	urn:ure:t6:re_FunctionVariant:urn_ure_t6_re_FunctionFamily_urn_ure_t6_core_Project_black-ops-2_fd2705692f16c05f_re_Function_msvc-public__inflateEnd_a93af726611b4f27_build_urn_ure_t6_re_Build_urn_ure_t6_core_Project_black-ops-2_fd2705692f16c05f_pc-server-2013-03-11_4ee9a1fac7aa9195:d7be6a7fff876abd	_inflateEnd			0	d50696f48a849f342a49cabfc22958ca49fe7c1ab320fb5ef2e62b77e6b30ce4	accepted-evidence-awaiting-semantic-promotion	unique-one-to-one-exact-function-instruction-bytes-sha256-across-builds
urn:ure:t6:occ:function:current-client:0047ecf0	0x0047ECF0	FUN_0047ecf0	a12105dadf900d3f68fafc40df9cc020ec751c860eaaafea29a6f4874e5574ea	urn:ure:t6:re_FunctionVariant:urn_ure_t6_re_FunctionFamily_urn_ure_t6_core_Project_black-ops-2_fd2705692f16c05f_re_Function_msvc-public_0col_context_t_QAE_XZ_7d4bcd5b76075388_build_urn_ure_t6_re_Build_urn_ure_t6_core_Project_black-ops-2_fd2705692f16c05f_pc-server-2013-03-11_4ee9a1fac7aa9195:9e9bee18cfb0654a	??0col_context_t@@QAE@XZ	cm_trace.obj	0x006a4360	39	a12105dadf900d3f68fafc40df9cc020ec751c860eaaafea29a6f4874e5574ea	accepted-evidence-awaiting-semantic-promotion	unique-one-to-one-exact-function-instruction-bytes-sha256-across-builds
urn:ure:t6:occ:function:current-client:004bf150	0x004BF150	FUN_004bf150	498ae274f25c2d11d38e6fc3eb21ff621bbfe67b819527b9a4901c21ba0ab139	urn:ure:t6:re_FunctionVariant:urn_ure_t6_re_FunctionFamily_urn_ure_t6_core_Project_black-ops-2_fd2705692f16c05f_re_Function_msvc-public_c_str_basic_string_DU_char_traits_D_std_V_allocator_D_2_std_QBEPBDXZ_ec16c9b671d4473b_build_urn_ure_t6_re_Build_urn_ure_t6_core_Project_black-ops-2_fd2705692f16c05f_pc-server-2013-03-11_4ee9a1fac7aa9195:156189dfab5a38e6	?c_str@?$basic_string@DU?$char_traits@D@std@@V?$allocator@D@2@@std@@QBEPBDXZ			0	498ae274f25c2d11d38e6fc3eb21ff621bbfe67b819527b9a4901c21ba0ab139	accepted-evidence-awaiting-semantic-promotion	unique-one-to-one-exact-function-instruction-bytes-sha256-across-builds
urn:ure:t6:occ:function:current-client:004c9190	0x004C9190	FUN_004c9190	188a51c0d0aae4cac9826c034564d7f0738413e2b6eec4b162b6244e29743df8	urn:ure:t6:re_FunctionVariant:urn_ure_t6_re_FunctionFamily_urn_ure_t6_core_Project_black-ops-2_fd2705692f16c05f_re_Function_msvc-public_get_prev_origin_mover_info_t_QBEABTvec3_t_XZ_7724199d7867dc7e_build_urn_ure_t6_re_Build_urn_ure_t6_core_Project_black-ops-2_fd2705692f16c05f_pc-server-2013-03-11_4ee9a1fac7aa9195:26786cd1b99dd0c9	?get_prev_origin@mover_info_t@@QBEABTvec3_t@@XZ			0	188a51c0d0aae4cac9826c034564d7f0738413e2b6eec4b162b6244e29743df8	accepted-evidence-awaiting-semantic-promotion	unique-one-to-one-exact-function-instruction-bytes-sha256-across-builds
urn:ure:t6:occ:function:current-client:004e7280	0x004E7280	FUN_004e7280	96b243f4625e4c41bb5dadf7d273f573f33f1dd527dc7f9e046f10bd97d41995	urn:ure:t6:re_FunctionVariant:urn_ure_t6_re_FunctionFamily_urn_ure_t6_core_Project_black-ops-2_fd2705692f16c05f_re_Function_msvc-public__inflateReset_5ae7d81c6e229b7b_build_urn_ure_t6_re_Build_urn_ure_t6_core_Project_black-ops-2_fd2705692f16c05f_pc-server-2013-03-11_4ee9a1fac7aa9195:51791823e718cf0d	_inflateReset			0	96b243f4625e4c41bb5dadf7d273f573f33f1dd527dc7f9e046f10bd97d41995	accepted-evidence-awaiting-semantic-promotion	unique-one-to-one-exact-function-instruction-bytes-sha256-across-builds
urn:ure:t6:occ:function:current-client:004f5630	0x004F5630	FUN_004f5630	5b953c268efc4eada0d96769aa76257556ef4020bdfcb57d30be570eda2558ee	urn:ure:t6:re_FunctionVariant:urn_ure_t6_re_FunctionFamily_urn_ure_t6_core_Project_black-ops-2_fd2705692f16c05f_re_Function_msvc-public__unztell_a4fcd2cfb1faff3c_build_urn_ure_t6_re_Build_urn_ure_t6_core_Project_black-ops-2_fd2705692f16c05f_pc-server-2013-03-11_4ee9a1fac7aa9195:15e338bbd18a8101	_unztell			0	5b953c268efc4eada0d96769aa76257556ef4020bdfcb57d30be570eda2558ee	accepted-evidence-awaiting-semantic-promotion	unique-one-to-one-exact-function-instruction-bytes-sha256-across-builds
urn:ure:t6:occ:function:current-client:0050b1f0	0x0050B1F0	FUN_0050b1f0	ebbcdd7c6b2b5a73d11abd4d5dafcb4d21ede966b7ac1e6b5b73d5bb9691cadc	urn:ure:t6:re_FunctionVariant:urn_ure_t6_re_FunctionFamily_urn_ure_t6_core_Project_black-ops-2_fd2705692f16c05f_re_Function_msvc-public_Reinit_cCurve_QAEXXZ_04e139a879086bff_build_urn_ure_t6_re_Build_urn_ure_t6_core_Project_black-ops-2_fd2705692f16c05f_pc-server-2013-03-11_4ee9a1fac7aa9195:caf519d55498e6f3	?Reinit@cCurve@@QAEXXZ			0	ebbcdd7c6b2b5a73d11abd4d5dafcb4d21ede966b7ac1e6b5b73d5bb9691cadc	accepted-evidence-awaiting-semantic-promotion	unique-one-to-one-exact-function-instruction-bytes-sha256-across-builds
urn:ure:t6:occ:function:current-client:00565f20	0x00565F20	FUN_00565f20	77e4142ad014718efa45461bcda9384bac26cc1a90971fec9ecd5fd33b4c3676	urn:ure:t6:re_FunctionVariant:urn_ure_t6_re_FunctionFamily_urn_ure_t6_core_Project_black-ops-2_fd2705692f16c05f_re_Function_msvc-public_mt_allocate_internal_phys_transient_allocator_AAEPAXHH_Z_755e3b58f41338c1_build_urn_ure_t6_re_Build_urn_ure_t6_core_Project_black-ops-2_fd2705692f16c05f_pc-server-2013-03-11_4ee9a1fac7aa9195:40878640cb0044f0	?mt_allocate_internal@phys_transient_allocator@@AAEPAXHH@Z			0	77e4142ad014718efa45461bcda9384bac26cc1a90971fec9ecd5fd33b4c3676	accepted-evidence-awaiting-semantic-promotion	unique-one-to-one-exact-function-instruction-bytes-sha256-across-builds
urn:ure:t6:occ:function:current-client:0056f580	0x0056F580	FUN_0056f580	f32fa887157fa1a2ee4b51e85c99224cf94f7ed6cf74ed7ff5cdc56421a4d330	urn:ure:t6:re_FunctionVariant:urn_ure_t6_re_FunctionFamily_urn_ure_t6_core_Project_black-ops-2_fd2705692f16c05f_re_Function_msvc-public_Actor_ClearPileUp_YIXPAUactor_t_Z_b099c0d2081abae8_build_urn_ure_t6_re_Build_urn_ure_t6_core_Project_black-ops-2_fd2705692f16c05f_pc-server-2013-03-11_4ee9a1fac7aa9195:4d2c5fbbce3345e0	?Actor_ClearPileUp@@YIXPAUactor_t@@@Z			0	f32fa887157fa1a2ee4b51e85c99224cf94f7ed6cf74ed7ff5cdc56421a4d330	accepted-evidence-awaiting-semantic-promotion	unique-one-to-one-exact-function-instruction-bytes-sha256-across-builds
urn:ure:t6:occ:function:current-client:005731d0	0x005731D0	FUN_005731d0	441f9e6a4cc8dbc2911cb833d949abf3a8143da338d7ed3b168339a954d9b78a	urn:ure:t6:re_FunctionVariant:urn_ure_t6_re_FunctionFamily_urn_ure_t6_core_Project_black-ops-2_fd2705692f16c05f_re_Function_msvc-public_Actor_ClearScriptOrient_YIXPAUactor_t_Z_fb2b6babf78ef990_build_urn_ure_t6_re_Build_urn_ure_t6_core_Project_black-ops-2_fd2705692f16c05f_pc-server-2013-03-11_4ee9a1fac7aa9195:aeee484c38c808be	?Actor_ClearScriptOrient@@YIXPAUactor_t@@@Z			0	441f9e6a4cc8dbc2911cb833d949abf3a8143da338d7ed3b168339a954d9b78a	accepted-evidence-awaiting-semantic-promotion	unique-one-to-one-exact-function-instruction-bytes-sha256-across-builds
urn:ure:t6:occ:function:current-client:0057a2d0	0x0057A2D0	FUN_0057a2d0	720751c58364980f624f7dc373d7fa1cc605edf3aa19481778b209e6df66f9b1	urn:ure:t6:re_FunctionVariant:urn_ure_t6_re_FunctionFamily_urn_ure_t6_core_Project_black-ops-2_fd2705692f16c05f_re_Function_msvc-public_anyBitsOn_bitarray_0EA_QBE_NXZ_f3c420ec24e6c495_build_urn_ure_t6_re_Build_urn_ure_t6_core_Project_black-ops-2_fd2705692f16c05f_pc-server-2013-03-11_4ee9a1fac7aa9195:04ce336dfbc7ce43	?anyBitsOn@?$bitarray@$0EA@@@QBE_NXZ			0	720751c58364980f624f7dc373d7fa1cc605edf3aa19481778b209e6df66f9b1	accepted-evidence-awaiting-semantic-promotion	unique-one-to-one-exact-function-instruction-bytes-sha256-across-builds
urn:ure:t6:occ:function:current-client:0058dc00	0x0058DC00	FUN_0058dc00	d1d06a20c0ccc5ac6ca81962868327769fd0dc99fb22da9c7fd7160c8507782c	urn:ure:t6:re_FunctionVariant:urn_ure_t6_re_FunctionFamily_urn_ure_t6_core_Project_black-ops-2_fd2705692f16c05f_re_Function_msvc-public_Actor_TeamMoveBlockedClear_YIXPAUactor_t_Z_102d947f8dd03ebe_build_urn_ure_t6_re_Build_urn_ure_t6_core_Project_black-ops-2_fd2705692f16c05f_pc-server-2013-03-11_4ee9a1fac7aa9195:56743ba7e22dab7b	?Actor_TeamMoveBlockedClear@@YIXPAUactor_t@@@Z			0	d1d06a20c0ccc5ac6ca81962868327769fd0dc99fb22da9c7fd7160c8507782c	accepted-evidence-awaiting-semantic-promotion	unique-one-to-one-exact-function-instruction-bytes-sha256-across-builds
urn:ure:t6:occ:function:current-client:0059ee50	0x0059EE50	FUN_0059ee50	23334c82ef0133c65cc0394d318a2637276496cb9b99f6dd580d0ee4f6c9e7b5	urn:ure:t6:re_FunctionVariant:urn_ure_t6_re_FunctionFamily_urn_ure_t6_core_Project_black-ops-2_fd2705692f16c05f_re_Function_msvc-public_get_type_gjk_obb_t_UBE_BIXZ_19315da53ac1b7a4_build_urn_ure_t6_re_Build_urn_ure_t6_core_Project_black-ops-2_fd2705692f16c05f_pc-server-2013-03-11_4ee9a1fac7aa9195:7f44c3de6152f8bf	?get_type@gjk_obb_t@@UBE?BIXZ			0	23334c82ef0133c65cc0394d318a2637276496cb9b99f6dd580d0ee4f6c9e7b5	accepted-evidence-awaiting-semantic-promotion	unique-one-to-one-exact-function-instruction-bytes-sha256-across-builds
urn:ure:t6:occ:function:current-client:005ca940	0x005CA940	FUN_005ca940	c339d5a0aff80ff730aa14b3c167d9820326d8cd310ab6350b8059ca056df731	urn:ure:t6:re_FunctionVariant:urn_ure_t6_re_FunctionFamily_urn_ure_t6_core_Project_black-ops-2_fd2705692f16c05f_re_Function_msvc-public_Actor_IsMoving_YI_NPAUactor_t_Z_975e9b445490fddc_build_urn_ure_t6_re_Build_urn_ure_t6_core_Project_black-ops-2_fd2705692f16c05f_pc-server-2013-03-11_4ee9a1fac7aa9195:5476c5cbedb199e1	?Actor_IsMoving@@YI_NPAUactor_t@@@Z			0	c339d5a0aff80ff730aa14b3c167d9820326d8cd310ab6350b8059ca056df731	accepted-evidence-awaiting-semantic-promotion	unique-one-to-one-exact-function-instruction-bytes-sha256-across-builds
urn:ure:t6:occ:function:current-client:005ce1f0	0x005CE1F0	FUN_005ce1f0	c35bd96fbf191e6779160d5bb17c1c61d2e9b373ceb0ea850b0f0f7feb9c2efa	urn:ure:t6:re_FunctionVariant:urn_ure_t6_re_FunctionFamily_urn_ure_t6_core_Project_black-ops-2_fd2705692f16c05f_re_Function_msvc-public_get_prev_angles_mover_info_t_QBEABTvec3_t_XZ_6cf44e192b544c79_build_urn_ure_t6_re_Build_urn_ure_t6_core_Project_black-ops-2_fd2705692f16c05f_pc-server-2013-03-11_4ee9a1fac7aa9195:d76be60869d6f128	?get_prev_angles@mover_info_t@@QBEABTvec3_t@@XZ			0	c35bd96fbf191e6779160d5bb17c1c61d2e9b373ceb0ea850b0f0f7feb9c2efa	accepted-evidence-awaiting-semantic-promotion	unique-one-to-one-exact-function-instruction-bytes-sha256-across-builds
urn:ure:t6:occ:function:current-client:005f2550	0x005F2550	FUN_005f2550	1b54ce3f688e910b31ed9bd7beceba1f965b2868c748defecc89f24a8326bcc9	urn:ure:t6:re_FunctionVariant:urn_ure_t6_re_FunctionFamily_urn_ure_t6_core_Project_black-ops-2_fd2705692f16c05f_re_Function_msvc-public_0_StaticFixedSizeAllocator_UTempPackedOutline_0BFO_QAE_XZ_77e9f3b90becab59_build_urn_ure_t6_re_Build_urn_ure_t6_core_Project_black-ops-2_fd2705692f16c05f_pc-server-2013-03-11_4ee9a1fac7aa9195:71a7762289118525	??0?$StaticFixedSizeAllocator@UTempPackedOutline@@$0BFO@@@QAE@XZ	glass_client.obj	0x008f1eb0	86	1b54ce3f688e910b31ed9bd7beceba1f965b2868c748defecc89f24a8326bcc9	accepted-evidence-awaiting-semantic-promotion	unique-one-to-one-exact-function-instruction-bytes-sha256-across-builds
urn:ure:t6:occ:function:current-client:00622f10	0x00622F10	FUN_00622f10	5a4e9f2f29ef413b42f58cb26166a47a590683a517f2a42416ec93097b1112cf	urn:ure:t6:re_FunctionVariant:urn_ure_t6_re_FunctionFamily_urn_ure_t6_core_Project_black-ops-2_fd2705692f16c05f_re_Function_msvc-public__SHA1_Init_2ef27abb9137c513_build_urn_ure_t6_re_Build_urn_ure_t6_core_Project_black-ops-2_fd2705692f16c05f_pc-server-2013-03-11_4ee9a1fac7aa9195:c64fbff62a721a2f	_SHA1_Init			0	5a4e9f2f29ef413b42f58cb26166a47a590683a517f2a42416ec93097b1112cf	accepted-evidence-awaiting-semantic-promotion	unique-one-to-one-exact-function-instruction-bytes-sha256-across-builds
urn:ure:t6:occ:function:current-client:00694a70	0x00694A70	FUN_00694a70	f7ead4a9cd8f8c69ed13e9121ff0e88425f129df0ba4b0649bc10ef7af78e6ea	urn:ure:t6:re_FunctionVariant:urn_ure_t6_re_FunctionFamily_urn_ure_t6_core_Project_black-ops-2_fd2705692f16c05f_re_Function_msvc-public_PM_SetProneMovementOverride_YAXPAUplayerState_s_Z_0d87ebaab9e440ca_build_urn_ure_t6_re_Build_urn_ure_t6_core_Project_black-ops-2_fd2705692f16c05f_pc-server-2013-03-11_4ee9a1fac7aa9195:55d685b0a2cc2ebc	?PM_SetProneMovementOverride@@YAXPAUplayerState_s@@@Z			0	f7ead4a9cd8f8c69ed13e9121ff0e88425f129df0ba4b0649bc10ef7af78e6ea	accepted-evidence-awaiting-semantic-promotion	unique-one-to-one-exact-function-instruction-bytes-sha256-across-builds
urn:ure:t6:occ:function:current-client:006f9e20	0x006F9E20	FUN_006f9e20	75f533bd3e59de2588c8f1901e45a3eea6688bc16b7ecaf3dcaf4d49cf4f3d49	urn:ure:t6:re_FunctionVariant:urn_ure_t6_re_FunctionFamily_urn_ure_t6_core_Project_black-ops-2_fd2705692f16c05f_re_Function_msvc-public_Session_GetQosPayloadBufferSize_YAHXZ_a81c79383bea3011_build_urn_ure_t6_re_Build_urn_ure_t6_core_Project_black-ops-2_fd2705692f16c05f_pc-server-2013-03-11_4ee9a1fac7aa9195:926b3bfe668de1df	?Session_GetQosPayloadBufferSize@@YAHXZ			0	75f533bd3e59de2588c8f1901e45a3eea6688bc16b7ecaf3dcaf4d49cf4f3d49	accepted-evidence-awaiting-semantic-promotion	unique-one-to-one-exact-function-instruction-bytes-sha256-across-builds
urn:ure:t6:occ:function:current-client:00713420	0x00713420	FUN_00713420	192c0ca4d58e18b5ec5b74fd8f2a513f9315fc663124b4fe9496e93986a6d150	urn:ure:t6:re_FunctionVariant:urn_ure_t6_re_FunctionFamily_urn_ure_t6_core_Project_black-ops-2_fd2705692f16c05f_re_Function_msvc-public__lzopro_lzo1x_1_11_compress_4eebfc732444db61_build_urn_ure_t6_re_Build_urn_ure_t6_core_Project_black-ops-2_fd2705692f16c05f_pc-server-2013-03-11_4ee9a1fac7aa9195:4aeaa39891d5c050	_lzopro_lzo1x_1_11_compress			0	192c0ca4d58e18b5ec5b74fd8f2a513f9315fc663124b4fe9496e93986a6d150	accepted-evidence-awaiting-semantic-promotion	unique-one-to-one-exact-function-instruction-bytes-sha256-across-builds
urn:ure:t6:occ:function:current-client:00a07c20	0x00A07C20	FUN_00a07c20	9b2c52e71f7d9c64dc982bc772afe21cbd513fac40bb261101d6169541d2a3b7	urn:ure:t6:re_FunctionVariant:urn_ure_t6_re_FunctionFamily_urn_ure_t6_core_Project_black-ops-2_fd2705692f16c05f_re_Function_msvc-public_outer_epilog_update_rigid_body_constraint_distance_QAEXM_Z_36e70ff694a88d85_build_urn_ure_t6_re_Build_urn_ure_t6_core_Project_black-ops-2_fd2705692f16c05f_pc-server-2013-03-11_4ee9a1fac7aa9195:75808dc3249ab123	?outer_epilog_update@rigid_body_constraint_distance@@QAEXM@Z			0	9b2c52e71f7d9c64dc982bc772afe21cbd513fac40bb261101d6169541d2a3b7	accepted-evidence-awaiting-semantic-promotion	unique-one-to-one-exact-function-instruction-bytes-sha256-across-builds
urn:ure:t6:occ:function:current-client:00a07d50	0x00A07D50	FUN_00a07d50	4b16fc51ea9f841504870084fa733c008ea0d2647eaab5ad7d2d537b00c25b6e	urn:ure:t6:re_FunctionVariant:urn_ure_t6_re_FunctionFamily_urn_ure_t6_core_Project_black-ops-2_fd2705692f16c05f_re_Function_msvc-public_outer_epilog_update_rigid_body_constraint_angular_actuator_QAEXM_Z_44214cd2dd35b3fc_build_urn_ure_t6_re_Build_urn_ure_t6_core_Project_black-ops-2_fd2705692f16c05f_pc-server-2013-03-11_4ee9a1fac7aa9195:99c71deb7cbddfbd	?outer_epilog_update@rigid_body_constraint_angular_actuator@@QAEXM@Z			0	4b16fc51ea9f841504870084fa733c008ea0d2647eaab5ad7d2d537b00c25b6e	accepted-evidence-awaiting-semantic-promotion	unique-one-to-one-exact-function-instruction-bytes-sha256-across-builds
urn:ure:t6:occ:function:current-client:00a1d670	0x00A1D670	FUN_00a1d670	2c04864ad5a3da89c133b4848754ffb807f3d0502984f089f6d6e1e5a518901e	urn:ure:t6:re_FunctionVariant:urn_ure_t6_re_FunctionFamily_urn_ure_t6_core_Project_black-ops-2_fd2705692f16c05f_re_Function_msvc-public__speex_encoder_init_cd139f8774d80906_build_urn_ure_t6_re_Build_urn_ure_t6_core_Project_black-ops-2_fd2705692f16c05f_pc-server-2013-03-11_4ee9a1fac7aa9195:2d72854c7a716bc3	_speex_encoder_init			0	2c04864ad5a3da89c133b4848754ffb807f3d0502984f089f6d6e1e5a518901e	accepted-evidence-awaiting-semantic-promotion	unique-one-to-one-exact-function-instruction-bytes-sha256-across-builds
urn:ure:t6:occ:function:current-client:00a1d690	0x00A1D690	FUN_00a1d690	eba1794bb22bfcd6282170eb806eda1ea63475e2901c205e3b5bc6d08f8d05d1	urn:ure:t6:re_FunctionVariant:urn_ure_t6_re_FunctionFamily_urn_ure_t6_core_Project_black-ops-2_fd2705692f16c05f_re_Function_msvc-public__speex_decoder_init_5d514dea18a2ce3d_build_urn_ure_t6_re_Build_urn_ure_t6_core_Project_black-ops-2_fd2705692f16c05f_pc-server-2013-03-11_4ee9a1fac7aa9195:6c77d0bd9161662e	_speex_decoder_init			0	eba1794bb22bfcd6282170eb806eda1ea63475e2901c205e3b5bc6d08f8d05d1	accepted-evidence-awaiting-semantic-promotion	unique-one-to-one-exact-function-instruction-bytes-sha256-across-builds
urn:ure:t6:occ:function:current-client:00a1d6b0	0x00A1D6B0	FUN_00a1d6b0	7018cf0f92319c924baf8c82f6f9c7051c18f7da22466701dfc864bab376493e	urn:ure:t6:re_FunctionVariant:urn_ure_t6_re_FunctionFamily_urn_ure_t6_core_Project_black-ops-2_fd2705692f16c05f_re_Function_msvc-public__speex_encoder_destroy_9addf42a0c0405b0_build_urn_ure_t6_re_Build_urn_ure_t6_core_Project_black-ops-2_fd2705692f16c05f_pc-server-2013-03-11_4ee9a1fac7aa9195:fd6ec5c7e2bc9b1c	_speex_encoder_destroy			0	7018cf0f92319c924baf8c82f6f9c7051c18f7da22466701dfc864bab376493e	accepted-evidence-awaiting-semantic-promotion	unique-one-to-one-exact-function-instruction-bytes-sha256-across-builds
urn:ure:t6:occ:function:current-client:00a1d6d0	0x00A1D6D0	FUN_00a1d6d0	5def9d5bec8bc3a3d284214994194173c9e19b3631616276406fe2c131b3a808	urn:ure:t6:re_FunctionVariant:urn_ure_t6_re_FunctionFamily_urn_ure_t6_core_Project_black-ops-2_fd2705692f16c05f_re_Function_msvc-public__speex_decoder_destroy_2f3ca351f6b06e8e_build_urn_ure_t6_re_Build_urn_ure_t6_core_Project_black-ops-2_fd2705692f16c05f_pc-server-2013-03-11_4ee9a1fac7aa9195:76af8776b5efdf17	_speex_decoder_destroy			0	5def9d5bec8bc3a3d284214994194173c9e19b3631616276406fe2c131b3a808	accepted-evidence-awaiting-semantic-promotion	unique-one-to-one-exact-function-instruction-bytes-sha256-across-builds
urn:ure:t6:occ:function:current-client:00a1d770	0x00A1D770	FUN_00a1d770	939e416d11841cd255291ae1e0895bcb41efff46401d89589c2f6db7492ea316	urn:ure:t6:re_FunctionVariant:urn_ure_t6_re_FunctionFamily_urn_ure_t6_core_Project_black-ops-2_fd2705692f16c05f_re_Function_msvc-public__speex_encoder_ctl_3e1165b8a6cca388_build_urn_ure_t6_re_Build_urn_ure_t6_core_Project_black-ops-2_fd2705692f16c05f_pc-server-2013-03-11_4ee9a1fac7aa9195:1d27f04ebea96243	_speex_encoder_ctl			0	939e416d11841cd255291ae1e0895bcb41efff46401d89589c2f6db7492ea316	accepted-evidence-awaiting-semantic-promotion	unique-one-to-one-exact-function-instruction-bytes-sha256-across-builds
urn:ure:t6:occ:function:current-client:00a1d790	0x00A1D790	FUN_00a1d790	d5d942a707c908bcaa26cf3f168afeb4636d69fe7eb6e1f737059b0b51ae65fa	urn:ure:t6:re_FunctionVariant:urn_ure_t6_re_FunctionFamily_urn_ure_t6_core_Project_black-ops-2_fd2705692f16c05f_re_Function_msvc-public__speex_decoder_ctl_89851b193aa42adb_build_urn_ure_t6_re_Build_urn_ure_t6_core_Project_black-ops-2_fd2705692f16c05f_pc-server-2013-03-11_4ee9a1fac7aa9195:303c33b99d66232f	_speex_decoder_ctl			0	d5d942a707c908bcaa26cf3f168afeb4636d69fe7eb6e1f737059b0b51ae65fa	accepted-evidence-awaiting-semantic-promotion	unique-one-to-one-exact-function-instruction-bytes-sha256-across-builds
urn:ure:t6:occ:function:current-client:00a1dac0	0x00A1DAC0	FUN_00a1dac0	c393dac25769b8b610c1ae9d3a793bd1299ff101e26b33f140e3586a4b59e4b6	urn:ure:t6:re_FunctionVariant:urn_ure_t6_re_FunctionFamily_urn_ure_t6_core_Project_black-ops-2_fd2705692f16c05f_re_Function_msvc-public__speex_bits_init_buffer_0853fa7e2a139a32_build_urn_ure_t6_re_Build_urn_ure_t6_core_Project_black-ops-2_fd2705692f16c05f_pc-server-2013-03-11_4ee9a1fac7aa9195:adbe4ddbf45828c4	_speex_bits_init_buffer			0	c393dac25769b8b610c1ae9d3a793bd1299ff101e26b33f140e3586a4b59e4b6	accepted-evidence-awaiting-semantic-promotion	unique-one-to-one-exact-function-instruction-bytes-sha256-across-builds
urn:ure:t6:occ:function:current-client:00a1db10	0x00A1DB10	FUN_00a1db10	d59af502a14cc82eb6e7bdfb5edb516dc60227059cf4148b6dddd7e189a3f1e3	urn:ure:t6:re_FunctionVariant:urn_ure_t6_re_FunctionFamily_urn_ure_t6_core_Project_black-ops-2_fd2705692f16c05f_re_Function_msvc-public__speex_bits_reset_fb68d2c262f7bd86_build_urn_ure_t6_re_Build_urn_ure_t6_core_Project_black-ops-2_fd2705692f16c05f_pc-server-2013-03-11_4ee9a1fac7aa9195:bc9fd342c900a697	_speex_bits_reset			0	d59af502a14cc82eb6e7bdfb5edb516dc60227059cf4148b6dddd7e189a3f1e3	accepted-evidence-awaiting-semantic-promotion	unique-one-to-one-exact-function-instruction-bytes-sha256-across-builds
urn:ure:t6:occ:function:current-client:00a1db30	0x00A1DB30	FUN_00a1db30	a9d95e0b3de21d66bccdb224bec5903ed123644cfb040476a217063f4e483bdb	urn:ure:t6:re_FunctionVariant:urn_ure_t6_re_FunctionFamily_urn_ure_t6_core_Project_black-ops-2_fd2705692f16c05f_re_Function_msvc-public__speex_bits_rewind_2414964acda2fc39_build_urn_ure_t6_re_Build_urn_ure_t6_core_Project_black-ops-2_fd2705692f16c05f_pc-server-2013-03-11_4ee9a1fac7aa9195:316a4fe34d386899	_speex_bits_rewind			0	a9d95e0b3de21d66bccdb224bec5903ed123644cfb040476a217063f4e483bdb	accepted-evidence-awaiting-semantic-promotion	unique-one-to-one-exact-function-instruction-bytes-sha256-across-builds
urn:ure:t6:occ:function:current-client:00a1dcf0	0x00A1DCF0	FUN_00a1dcf0	5b46aaafc6f0e6e67430a1f3f4bfc6d3333b9fb53fc7da31651db867e3cd66f8	urn:ure:t6:re_FunctionVariant:urn_ure_t6_re_FunctionFamily_urn_ure_t6_core_Project_black-ops-2_fd2705692f16c05f_re_Function_msvc-public__speex_bits_write_whole_bytes_c9deae768764ecae_build_urn_ure_t6_re_Build_urn_ure_t6_core_Project_black-ops-2_fd2705692f16c05f_pc-server-2013-03-11_4ee9a1fac7aa9195:6ffa671a2dec4e61	_speex_bits_write_whole_bytes			0	5b46aaafc6f0e6e67430a1f3f4bfc6d3333b9fb53fc7da31651db867e3cd66f8	accepted-evidence-awaiting-semantic-promotion	unique-one-to-one-exact-function-instruction-bytes-sha256-across-builds
urn:ure:t6:occ:function:current-client:00a1de50	0x00A1DE50	FUN_00a1de50	d473b7d96eff751f323de262d20a47398d3653799d8491e8d7e453efa4ae61c5	urn:ure:t6:re_FunctionVariant:urn_ure_t6_re_FunctionFamily_urn_ure_t6_core_Project_black-ops-2_fd2705692f16c05f_re_Function_msvc-public__speex_bits_unpack_unsigned_6f8b9bf216d4ccdb_build_urn_ure_t6_re_Build_urn_ure_t6_core_Project_black-ops-2_fd2705692f16c05f_pc-server-2013-03-11_4ee9a1fac7aa9195:4546c760f7c3b843	_speex_bits_unpack_unsigned			0	d473b7d96eff751f323de262d20a47398d3653799d8491e8d7e453efa4ae61c5	accepted-evidence-awaiting-semantic-promotion	unique-one-to-one-exact-function-instruction-bytes-sha256-across-builds
urn:ure:t6:occ:function:current-client:00a1dec0	0x00A1DEC0	FUN_00a1dec0	784617743f6c521350d788f7d204dca8772bca8dbe90c42c9fccd01250333c47	urn:ure:t6:re_FunctionVariant:urn_ure_t6_re_FunctionFamily_urn_ure_t6_core_Project_black-ops-2_fd2705692f16c05f_re_Function_msvc-public__speex_bits_peek_unsigned_5c26ac0f2de88598_build_urn_ure_t6_re_Build_urn_ure_t6_core_Project_black-ops-2_fd2705692f16c05f_pc-server-2013-03-11_4ee9a1fac7aa9195:496ee7d3a6a4e1d2	_speex_bits_peek_unsigned			0	784617743f6c521350d788f7d204dca8772bca8dbe90c42c9fccd01250333c47	accepted-evidence-awaiting-semantic-promotion	unique-one-to-one-exact-function-instruction-bytes-sha256-across-builds
urn:ure:t6:occ:function:current-client:00a1df30	0x00A1DF30	FUN_00a1df30	6bcefb254e7f1995caff6f3b6bac7f8f5bd6895d54f8fab00c4ed818cd133147	urn:ure:t6:re_FunctionVariant:urn_ure_t6_re_FunctionFamily_urn_ure_t6_core_Project_black-ops-2_fd2705692f16c05f_re_Function_msvc-public__speex_bits_peek_3c94ab04cbc201e7_build_urn_ure_t6_re_Build_urn_ure_t6_core_Project_black-ops-2_fd2705692f16c05f_pc-server-2013-03-11_4ee9a1fac7aa9195:e9b20039d07fa2e4	_speex_bits_peek			0	6bcefb254e7f1995caff6f3b6bac7f8f5bd6895d54f8fab00c4ed818cd133147	accepted-evidence-awaiting-semantic-promotion	unique-one-to-one-exact-function-instruction-bytes-sha256-across-builds
urn:ure:t6:occ:function:current-client:00a1df70	0x00A1DF70	FUN_00a1df70	e94556468cbead752ab92f852cb974e6add84b40ca3a1188b61b94ca5902f065	urn:ure:t6:re_FunctionVariant:urn_ure_t6_re_FunctionFamily_urn_ure_t6_core_Project_black-ops-2_fd2705692f16c05f_re_Function_msvc-public__speex_bits_advance_61be1ab54c1dad40_build_urn_ure_t6_re_Build_urn_ure_t6_core_Project_black-ops-2_fd2705692f16c05f_pc-server-2013-03-11_4ee9a1fac7aa9195:2797f2e0d2550712	_speex_bits_advance			0	e94556468cbead752ab92f852cb974e6add84b40ca3a1188b61b94ca5902f065	accepted-evidence-awaiting-semantic-promotion	unique-one-to-one-exact-function-instruction-bytes-sha256-across-builds
urn:ure:t6:occ:function:current-client:00a1dfc0	0x00A1DFC0	FUN_00a1dfc0	620c159bc0a0d40b3770a95ca649ead38dd1d0c01286111c5d3c7598b824824c	urn:ure:t6:re_FunctionVariant:urn_ure_t6_re_FunctionFamily_urn_ure_t6_core_Project_black-ops-2_fd2705692f16c05f_re_Function_msvc-public__speex_bits_remaining_afd7e19a180f0534_build_urn_ure_t6_re_Build_urn_ure_t6_core_Project_black-ops-2_fd2705692f16c05f_pc-server-2013-03-11_4ee9a1fac7aa9195:28c2087fcf30e994	_speex_bits_remaining			0	620c159bc0a0d40b3770a95ca649ead38dd1d0c01286111c5d3c7598b824824c	accepted-evidence-awaiting-semantic-promotion	unique-one-to-one-exact-function-instruction-bytes-sha256-across-builds
urn:ure:t6:occ:function:current-client:00a1dff0	0x00A1DFF0	FUN_00a1dff0	3fdcdff6ee8918bdf534e64b3e1aa3f6bd09d6807283d1ebef7f854ffdba715a	urn:ure:t6:re_FunctionVariant:urn_ure_t6_re_FunctionFamily_urn_ure_t6_core_Project_black-ops-2_fd2705692f16c05f_re_Function_msvc-public__speex_bits_nbytes_640a868ed5acf075_build_urn_ure_t6_re_Build_urn_ure_t6_core_Project_black-ops-2_fd2705692f16c05f_pc-server-2013-03-11_4ee9a1fac7aa9195:834d9c94f1a5061a	_speex_bits_nbytes			0	3fdcdff6ee8918bdf534e64b3e1aa3f6bd09d6807283d1ebef7f854ffdba715a	accepted-evidence-awaiting-semantic-promotion	unique-one-to-one-exact-function-instruction-bytes-sha256-across-builds
urn:ure:t6:occ:function:current-client:00a1e010	0x00A1E010	FUN_00a1e010	8cb6037c8b13a5a86bd61ef0e4cc3711f6f7816db7ae815631d97c13be79479b	urn:ure:t6:re_FunctionVariant:urn_ure_t6_re_FunctionFamily_urn_ure_t6_core_Project_black-ops-2_fd2705692f16c05f_re_Function_msvc-public__speex_bits_insert_terminator_85b2482341662e2b_build_urn_ure_t6_re_Build_urn_ure_t6_core_Project_black-ops-2_fd2705692f16c05f_pc-server-2013-03-11_4ee9a1fac7aa9195:ea35593751ace835	_speex_bits_insert_terminator			0	8cb6037c8b13a5a86bd61ef0e4cc3711f6f7816db7ae815631d97c13be79479b	accepted-evidence-awaiting-semantic-promotion	unique-one-to-one-exact-function-instruction-bytes-sha256-across-builds
urn:ure:t6:occ:function:current-client:00a1e050	0x00A1E050	FUN_00a1e050	84450c92d2f8de616cad1548dd300ed5d8db3f92a9a562d3ff5524bb66df2c08	urn:ure:t6:re_FunctionVariant:urn_ure_t6_re_FunctionFamily_urn_ure_t6_core_Project_black-ops-2_fd2705692f16c05f_re_Function_msvc-public__speex_bits_write_7e64205221b1428e_build_urn_ure_t6_re_Build_urn_ure_t6_core_Project_black-ops-2_fd2705692f16c05f_pc-server-2013-03-11_4ee9a1fac7aa9195:11032fc22ae0a09a	_speex_bits_write			0	84450c92d2f8de616cad1548dd300ed5d8db3f92a9a562d3ff5524bb66df2c08	accepted-evidence-awaiting-semantic-promotion	unique-one-to-one-exact-function-instruction-bytes-sha256-across-builds
urn:ure:t6:occ:function:current-client:00a1e0c0	0x00A1E0C0	FUN_00a1e0c0	661cb861aceb8641a6602b1ec19e52348191aa6affd2172f61f0ed143a226982	urn:ure:t6:re_FunctionVariant:urn_ure_t6_re_FunctionFamily_urn_ure_t6_core_Project_black-ops-2_fd2705692f16c05f_re_Function_msvc-public__speex_bits_unpack_signed_2e97ce3a6ee9a078_build_urn_ure_t6_re_Build_urn_ure_t6_core_Project_black-ops-2_fd2705692f16c05f_pc-server-2013-03-11_4ee9a1fac7aa9195:54c2be18129b4291	_speex_bits_unpack_signed			0	661cb861aceb8641a6602b1ec19e52348191aa6affd2172f61f0ed143a226982	accepted-evidence-awaiting-semantic-promotion	unique-one-to-one-exact-function-instruction-bytes-sha256-across-builds
urn:ure:t6:occ:function:current-client:00a1e0f0	0x00A1E0F0	FUN_00a1e0f0	76b042fc6bddd1c8d4746a689b73c1c391e987561d46ca6786643ede7c18b55d	urn:ure:t6:re_FunctionVariant:urn_ure_t6_re_FunctionFamily_urn_ure_t6_core_Project_black-ops-2_fd2705692f16c05f_re_Function_msvc-public__speex_mode_query_439ec9238b25aff2_build_urn_ure_t6_re_Build_urn_ure_t6_core_Project_black-ops-2_fd2705692f16c05f_pc-server-2013-03-11_4ee9a1fac7aa9195:72bad10d63cdacef	_speex_mode_query			0	76b042fc6bddd1c8d4746a689b73c1c391e987561d46ca6786643ede7c18b55d	accepted-evidence-awaiting-semantic-promotion	unique-one-to-one-exact-function-instruction-bytes-sha256-across-builds
urn:ure:t6:occ:function:current-client:00a1e180	0x00A1E180	FUN_00a1e180	dc5bf2d070897929be535853e53988bdf8a303418c4a2c0975844c7b46bcf619	urn:ure:t6:re_FunctionVariant:urn_ure_t6_re_FunctionFamily_urn_ure_t6_core_Project_black-ops-2_fd2705692f16c05f_re_Function_msvc-public__be_int_b0026d13db9fa6b5_build_urn_ure_t6_re_Build_urn_ure_t6_core_Project_black-ops-2_fd2705692f16c05f_pc-server-2013-03-11_4ee9a1fac7aa9195:033136be4d542512	_be_int			0	dc5bf2d070897929be535853e53988bdf8a303418c4a2c0975844c7b46bcf619	accepted-evidence-awaiting-semantic-promotion	unique-one-to-one-exact-function-instruction-bytes-sha256-across-builds
urn:ure:t6:occ:function:current-client:00a27580	0x00A27580	FUN_00a27580	9036762c240ee6ad24a25012cd2bad4ac70f545b113892e928d1a47376aedc96	urn:ure:t6:re_FunctionVariant:urn_ure_t6_re_FunctionFamily_urn_ure_t6_core_Project_black-ops-2_fd2705692f16c05f_re_Function_msvc-public__noise_codebook_quant_ec703993bc79c967_build_urn_ure_t6_re_Build_urn_ure_t6_core_Project_black-ops-2_fd2705692f16c05f_pc-server-2013-03-11_4ee9a1fac7aa9195:6614aa7f94a12404	_noise_codebook_quant			0	9036762c240ee6ad24a25012cd2bad4ac70f545b113892e928d1a47376aedc96	accepted-evidence-awaiting-semantic-promotion	unique-one-to-one-exact-function-instruction-bytes-sha256-across-builds
urn:ure:t6:occ:function:current-client:00a27660	0x00A27660	FUN_00a27660	eb38b65c49ee6c1dd9ae6a55341ab7f634e9c3359e1bc7524b16bb4824f514ed	urn:ure:t6:re_FunctionVariant:urn_ure_t6_re_FunctionFamily_urn_ure_t6_core_Project_black-ops-2_fd2705692f16c05f_re_Function_msvc-public__noise_codebook_unquant_dcff1650e3e440fd_build_urn_ure_t6_re_Build_urn_ure_t6_core_Project_black-ops-2_fd2705692f16c05f_pc-server-2013-03-11_4ee9a1fac7aa9195:d5bb1b72bf95f815	_noise_codebook_unquant			0	eb38b65c49ee6c1dd9ae6a55341ab7f634e9c3359e1bc7524b16bb4824f514ed	accepted-evidence-awaiting-semantic-promotion	unique-one-to-one-exact-function-instruction-bytes-sha256-across-builds
urn:ure:t6:occ:function:current-client:00a29050	0x00A29050	FUN_00a29050	49e9e4ed1c28bf2e7608d3ec56a1ca7e1405f9e420ae699407d9b620ee2368d6	urn:ure:t6:re_FunctionVariant:urn_ure_t6_re_FunctionFamily_urn_ure_t6_core_Project_black-ops-2_fd2705692f16c05f_re_Function_msvc-public__bw_lpc_425ebec12c5b1292_build_urn_ure_t6_re_Build_urn_ure_t6_core_Project_black-ops-2_fd2705692f16c05f_pc-server-2013-03-11_4ee9a1fac7aa9195:755e8b62649f7d4b	_bw_lpc			0	49e9e4ed1c28bf2e7608d3ec56a1ca7e1405f9e420ae699407d9b620ee2368d6	accepted-evidence-awaiting-semantic-promotion	unique-one-to-one-exact-function-instruction-bytes-sha256-across-builds
urn:ure:t6:occ:function:current-client:00a29110	0x00A29110	FUN_00a29110	e592b0430950fee98e0604bbb652a0372c703ea3e01c248e0e98bcae3078cc39	urn:ure:t6:re_FunctionVariant:urn_ure_t6_re_FunctionFamily_urn_ure_t6_core_Project_black-ops-2_fd2705692f16c05f_re_Function_msvc-public__signal_mul_2c788f284c4089c9_build_urn_ure_t6_re_Build_urn_ure_t6_core_Project_black-ops-2_fd2705692f16c05f_pc-server-2013-03-11_4ee9a1fac7aa9195:055c3aec8eacca07	_signal_mul			0	e592b0430950fee98e0604bbb652a0372c703ea3e01c248e0e98bcae3078cc39	accepted-evidence-awaiting-semantic-promotion	unique-one-to-one-exact-function-instruction-bytes-sha256-across-builds
urn:ure:t6:occ:function:current-client:00a291a0	0x00A291A0	FUN_00a291a0	ac59cf7ba62ddc318342ec6d4d505f57d827eaadf3c8137b024f2526bc9e13eb	urn:ure:t6:re_FunctionVariant:urn_ure_t6_re_FunctionFamily_urn_ure_t6_core_Project_black-ops-2_fd2705692f16c05f_re_Function_msvc-public__signal_div_9fb03a31c28ac86e_build_urn_ure_t6_re_Build_urn_ure_t6_core_Project_black-ops-2_fd2705692f16c05f_pc-server-2013-03-11_4ee9a1fac7aa9195:b245873eafd69e41	_signal_div			0	ac59cf7ba62ddc318342ec6d4d505f57d827eaadf3c8137b024f2526bc9e13eb	accepted-evidence-awaiting-semantic-promotion	unique-one-to-one-exact-function-instruction-bytes-sha256-across-builds
urn:ure:t6:occ:function:current-client:00a29630	0x00A29630	FUN_00a29630	2f7bf74aa1b76d48fe5640fa65cfccf3a994204373ca2065e87663da706cdab5	urn:ure:t6:re_FunctionVariant:urn_ure_t6_re_FunctionFamily_urn_ure_t6_core_Project_black-ops-2_fd2705692f16c05f_re_Function_msvc-public__syn_percep_zero_e766d2f77a4252eb_build_urn_ure_t6_re_Build_urn_ure_t6_core_Project_black-ops-2_fd2705692f16c05f_pc-server-2013-03-11_4ee9a1fac7aa9195:fed9db0a75ae12cd	_syn_percep_zero			0	2f7bf74aa1b76d48fe5640fa65cfccf3a994204373ca2065e87663da706cdab5	accepted-evidence-awaiting-semantic-promotion	unique-one-to-one-exact-function-instruction-bytes-sha256-across-builds
urn:ure:t6:occ:function:current-client:00a296a0	0x00A296A0	FUN_00a296a0	97513bf1f022f236c4ce5dc958ea17874a2ddd37cd0a5cc1a4f19f48d8c356b2	urn:ure:t6:re_FunctionVariant:urn_ure_t6_re_FunctionFamily_urn_ure_t6_core_Project_black-ops-2_fd2705692f16c05f_re_Function_msvc-public__residue_percep_zero_21ccf1e9e04abbc2_build_urn_ure_t6_re_Build_urn_ure_t6_core_Project_black-ops-2_fd2705692f16c05f_pc-server-2013-03-11_4ee9a1fac7aa9195:4a732e25a01b3640	_residue_percep_zero			0	97513bf1f022f236c4ce5dc958ea17874a2ddd37cd0a5cc1a4f19f48d8c356b2	accepted-evidence-awaiting-semantic-promotion	unique-one-to-one-exact-function-instruction-bytes-sha256-across-builds
urn:ure:t6:occ:function:current-client:00a299b0	0x00A299B0	FUN_00a299b0	e38f765ea5ed8526b66425f6bf0c4ee692a05c6c67df66d7092141f70c1aac5c	urn:ure:t6:re_FunctionVariant:urn_ure_t6_re_FunctionFamily_urn_ure_t6_core_Project_black-ops-2_fd2705692f16c05f_re_Function_msvc-public__qmf_decomp_2c6c4141c17a74f4_build_urn_ure_t6_re_Build_urn_ure_t6_core_Project_black-ops-2_fd2705692f16c05f_pc-server-2013-03-11_4ee9a1fac7aa9195:2f097fa852f08239	_qmf_decomp			0	e38f765ea5ed8526b66425f6bf0c4ee692a05c6c67df66d7092141f70c1aac5c	accepted-evidence-awaiting-semantic-promotion	unique-one-to-one-exact-function-instruction-bytes-sha256-across-builds
urn:ure:t6:occ:function:current-client:00a29c40	0x00A29C40	FUN_00a29c40	d2311c1a2681338ef40f2651ecd68f86f85d2742c28ff3dc946c296868cc1c8b	urn:ure:t6:re_FunctionVariant:urn_ure_t6_re_FunctionFamily_urn_ure_t6_core_Project_black-ops-2_fd2705692f16c05f_re_Function_msvc-public__fir_mem_up_c994ff46eb9eee9c_build_urn_ure_t6_re_Build_urn_ure_t6_core_Project_black-ops-2_fd2705692f16c05f_pc-server-2013-03-11_4ee9a1fac7aa9195:1b814f7578857a34	_fir_mem_up			0	d2311c1a2681338ef40f2651ecd68f86f85d2742c28ff3dc946c296868cc1c8b	accepted-evidence-awaiting-semantic-promotion	unique-one-to-one-exact-function-instruction-bytes-sha256-across-builds
urn:ure:t6:occ:function:current-client:00a29e70	0x00A29E70	FUN_00a29e70	3e5c74daeb4a5bc17524fc8f6468fd310ea3d700de9617f61308669ee2ad007e	urn:ure:t6:re_FunctionVariant:urn_ure_t6_re_FunctionFamily_urn_ure_t6_core_Project_black-ops-2_fd2705692f16c05f_re_Function_msvc-public__comb_filter_mem_init_775057983708b38a_build_urn_ure_t6_re_Build_urn_ure_t6_core_Project_black-ops-2_fd2705692f16c05f_pc-server-2013-03-11_4ee9a1fac7aa9195:4bab93553f842ba9	_comb_filter_mem_init			0	3e5c74daeb4a5bc17524fc8f6468fd310ea3d700de9617f61308669ee2ad007e	accepted-evidence-awaiting-semantic-promotion	unique-one-to-one-exact-function-instruction-bytes-sha256-across-builds
urn:ure:t6:occ:function:current-client:00a2ad20	0x00A2AD20	FUN_00a2ad20	afb337f77e588a83d251b87f9b39e82de634b0f44876eb1398ae46aba4505cdf	urn:ure:t6:re_FunctionVariant:urn_ure_t6_re_FunctionFamily_urn_ure_t6_core_Project_black-ops-2_fd2705692f16c05f_re_Function_msvc-public__lsp_interpolate_63034fda784b0dd4_build_urn_ure_t6_re_Build_urn_ure_t6_core_Project_black-ops-2_fd2705692f16c05f_pc-server-2013-03-11_4ee9a1fac7aa9195:bc38c079cd86598e	_lsp_interpolate			0	afb337f77e588a83d251b87f9b39e82de634b0f44876eb1398ae46aba4505cdf	accepted-evidence-awaiting-semantic-promotion	unique-one-to-one-exact-function-instruction-bytes-sha256-across-builds
urn:ure:t6:occ:function:current-client:00a2b230	0x00A2B230	FUN_00a2b230	9faac0ae09728b101132515c0a8d7db618bda56679e702ba8b29da96386d9972	urn:ure:t6:re_FunctionVariant:urn_ure_t6_re_FunctionFamily_urn_ure_t6_core_Project_black-ops-2_fd2705692f16c05f_re_Function_msvc-public__vq_index_9ed30f83c3210562_build_urn_ure_t6_re_Build_urn_ure_t6_core_Project_black-ops-2_fd2705692f16c05f_pc-server-2013-03-11_4ee9a1fac7aa9195:dc4f329f57ed13f7	_vq_index			0	9faac0ae09728b101132515c0a8d7db618bda56679e702ba8b29da96386d9972	accepted-evidence-awaiting-semantic-promotion	unique-one-to-one-exact-function-instruction-bytes-sha256-across-builds
urn:ure:t6:occ:function:current-client:00a2b7a0	0x00A2B7A0	FUN_00a2b7a0	91308db8293a340afb1767c78a2b8d6d876ec141826bdaea090cbe6caf7c1474	urn:ure:t6:re_FunctionVariant:urn_ure_t6_re_FunctionFamily_urn_ure_t6_core_Project_black-ops-2_fd2705692f16c05f_re_Function_msvc-public__speex_inband_handler_a91a9606f286f58a_build_urn_ure_t6_re_Build_urn_ure_t6_core_Project_black-ops-2_fd2705692f16c05f_pc-server-2013-03-11_4ee9a1fac7aa9195:9fce4526107f86f3	_speex_inband_handler			0	91308db8293a340afb1767c78a2b8d6d876ec141826bdaea090cbe6caf7c1474	accepted-evidence-awaiting-semantic-promotion	unique-one-to-one-exact-function-instruction-bytes-sha256-across-builds
urn:ure:t6:occ:function:current-client:00a2b860	0x00A2B860	FUN_00a2b860	78d51c896fd23aac2d2b6f4e45e9f63589cb81911cc54c106936c1d3cf8a9250	urn:ure:t6:re_FunctionVariant:urn_ure_t6_re_FunctionFamily_urn_ure_t6_core_Project_black-ops-2_fd2705692f16c05f_re_Function_msvc-public__speex_std_mode_request_handler_125ca6c53336ecb7_build_urn_ure_t6_re_Build_urn_ure_t6_core_Project_black-ops-2_fd2705692f16c05f_pc-server-2013-03-11_4ee9a1fac7aa9195:4bc09e8a7decc285	_speex_std_mode_request_handler			0	78d51c896fd23aac2d2b6f4e45e9f63589cb81911cc54c106936c1d3cf8a9250	accepted-evidence-awaiting-semantic-promotion	unique-one-to-one-exact-function-instruction-bytes-sha256-across-builds
urn:ure:t6:occ:function:current-client:00a2b890	0x00A2B890	FUN_00a2b890	ea65da0d3e2807ce8a83c2f04c60d8c49f9dbe2ea8910a81443fed0c10eb88f8	urn:ure:t6:re_FunctionVariant:urn_ure_t6_re_FunctionFamily_urn_ure_t6_core_Project_black-ops-2_fd2705692f16c05f_re_Function_msvc-public__speex_std_low_mode_request_handler_ad6a16ce4e3bd7b6_build_urn_ure_t6_re_Build_urn_ure_t6_core_Project_black-ops-2_fd2705692f16c05f_pc-server-2013-03-11_4ee9a1fac7aa9195:40c30c4331c70886	_speex_std_low_mode_request_handler			0	ea65da0d3e2807ce8a83c2f04c60d8c49f9dbe2ea8910a81443fed0c10eb88f8	accepted-evidence-awaiting-semantic-promotion	unique-one-to-one-exact-function-instruction-bytes-sha256-across-builds
urn:ure:t6:occ:function:current-client:00a2b8c0	0x00A2B8C0	FUN_00a2b8c0	8353ec59ae7a9cee832093df6d59f576576cf91cd2520f2ffc41c8667b13f283	urn:ure:t6:re_FunctionVariant:urn_ure_t6_re_FunctionFamily_urn_ure_t6_core_Project_black-ops-2_fd2705692f16c05f_re_Function_msvc-public__speex_std_high_mode_request_handler_e58c90299a118e0f_build_urn_ure_t6_re_Build_urn_ure_t6_core_Project_black-ops-2_fd2705692f16c05f_pc-server-2013-03-11_4ee9a1fac7aa9195:a91f98a398c65377	_speex_std_high_mode_request_handler			0	8353ec59ae7a9cee832093df6d59f576576cf91cd2520f2ffc41c8667b13f283	accepted-evidence-awaiting-semantic-promotion	unique-one-to-one-exact-function-instruction-bytes-sha256-across-builds
urn:ure:t6:occ:function:current-client:00a2b8f0	0x00A2B8F0	FUN_00a2b8f0	2fa05c22e8376f4f62ccfd6363078b2227908e0ec838f2ec8f57999b62a8bd36	urn:ure:t6:re_FunctionVariant:urn_ure_t6_re_FunctionFamily_urn_ure_t6_core_Project_black-ops-2_fd2705692f16c05f_re_Function_msvc-public__speex_std_vbr_request_handler_471dafcc73ded2f0_build_urn_ure_t6_re_Build_urn_ure_t6_core_Project_black-ops-2_fd2705692f16c05f_pc-server-2013-03-11_4ee9a1fac7aa9195:e83961f63ab98e5d	_speex_std_vbr_request_handler			0	2fa05c22e8376f4f62ccfd6363078b2227908e0ec838f2ec8f57999b62a8bd36	accepted-evidence-awaiting-semantic-promotion	unique-one-to-one-exact-function-instruction-bytes-sha256-across-builds
urn:ure:t6:occ:function:current-client:00a2b920	0x00A2B920	FUN_00a2b920	b55a7f8a0efe507e4292325c41364179c5bdb2a537b7813b8dd3e995ab93ad6f	urn:ure:t6:re_FunctionVariant:urn_ure_t6_re_FunctionFamily_urn_ure_t6_core_Project_black-ops-2_fd2705692f16c05f_re_Function_msvc-public__speex_std_enh_request_handler_a56fef90722c9c42_build_urn_ure_t6_re_Build_urn_ure_t6_core_Project_black-ops-2_fd2705692f16c05f_pc-server-2013-03-11_4ee9a1fac7aa9195:6b70a44a06c72afb	_speex_std_enh_request_handler			0	b55a7f8a0efe507e4292325c41364179c5bdb2a537b7813b8dd3e995ab93ad6f	accepted-evidence-awaiting-semantic-promotion	unique-one-to-one-exact-function-instruction-bytes-sha256-across-builds
urn:ure:t6:occ:function:current-client:00a2b950	0x00A2B950	FUN_00a2b950	796c4a1d6fa2a5c54339537bc6f8431418182d8ddd0a18d78eddb849ec5f175d	urn:ure:t6:re_FunctionVariant:urn_ure_t6_re_FunctionFamily_urn_ure_t6_core_Project_black-ops-2_fd2705692f16c05f_re_Function_msvc-public__speex_std_vbr_quality_request_handler_d9ddc93bdcfd5ab9_build_urn_ure_t6_re_Build_urn_ure_t6_core_Project_black-ops-2_fd2705692f16c05f_pc-server-2013-03-11_4ee9a1fac7aa9195:086c5aea1eb26928	_speex_std_vbr_quality_request_handler			0	796c4a1d6fa2a5c54339537bc6f8431418182d8ddd0a18d78eddb849ec5f175d	accepted-evidence-awaiting-semantic-promotion	unique-one-to-one-exact-function-instruction-bytes-sha256-across-builds
urn:ure:t6:occ:function:current-client:00a2b980	0x00A2B980	FUN_00a2b980	01819a560dd1cffae34d255ec18e0bccd151a6f253e023e91e94c72b639b62af	urn:ure:t6:re_FunctionVariant:urn_ure_t6_re_FunctionFamily_urn_ure_t6_core_Project_black-ops-2_fd2705692f16c05f_re_Function_msvc-public__speex_std_char_handler_0bc454b874971a49_build_urn_ure_t6_re_Build_urn_ure_t6_core_Project_black-ops-2_fd2705692f16c05f_pc-server-2013-03-11_4ee9a1fac7aa9195:75a5f729f56f7ccb	_speex_std_char_handler			0	01819a560dd1cffae34d255ec18e0bccd151a6f253e023e91e94c72b639b62af	accepted-evidence-awaiting-semantic-promotion	unique-one-to-one-exact-function-instruction-bytes-sha256-across-builds
urn:ure:t6:occ:function:current-client:00a2b9b0	0x00A2B9B0	FUN_00a2b9b0	5b106c21ccec8a82dcd4e2622fa171584b3b00445d6258431e7f8bccd9577d62	urn:ure:t6:re_FunctionVariant:urn_ure_t6_re_FunctionFamily_urn_ure_t6_core_Project_black-ops-2_fd2705692f16c05f_re_Function_msvc-public__speex_default_user_handler_3b40ed5db6fcb868_build_urn_ure_t6_re_Build_urn_ure_t6_core_Project_black-ops-2_fd2705692f16c05f_pc-server-2013-03-11_4ee9a1fac7aa9195:0e7fb1e8b489c995	_speex_default_user_handler			0	5b106c21ccec8a82dcd4e2622fa171584b3b00445d6258431e7f8bccd9577d62	accepted-evidence-awaiting-semantic-promotion	unique-one-to-one-exact-function-instruction-bytes-sha256-across-builds
urn:ure:t6:occ:function:current-client:00a2cbd0	0x00A2CBD0	FUN_00a2cbd0	0acb8354e5b76fdf384b0408236a036d59e3b00dcfec6921e4c1f201bc1abfdc	urn:ure:t6:re_FunctionVariant:urn_ure_t6_re_FunctionFamily_urn_ure_t6_core_Project_black-ops-2_fd2705692f16c05f_re_Function_msvc-public_bdMemcmp_YAHQBX0I_Z_4e9b448f835c51e7_build_urn_ure_t6_re_Build_urn_ure_t6_core_Project_black-ops-2_fd2705692f16c05f_pc-server-2013-03-11_4ee9a1fac7aa9195:86f3890a532d80a0	?bdMemcmp@@YAHQBX0I@Z			0	0acb8354e5b76fdf384b0408236a036d59e3b00dcfec6921e4c1f201bc1abfdc	accepted-evidence-awaiting-semantic-promotion	unique-one-to-one-exact-function-instruction-bytes-sha256-across-builds
urn:ure:t6:occ:function:current-client:00a2cc50	0x00A2CC50	FUN_00a2cc50	9a8bb8b2d9293be800dad1371582477e3598cb9d2de315600a581ad087e280d9	urn:ure:t6:re_FunctionVariant:urn_ure_t6_re_FunctionFamily_urn_ure_t6_core_Project_black-ops-2_fd2705692f16c05f_re_Function_msvc-public_0bdSecurityKey_QAE_XZ_3a481d9280ee0c0b_build_urn_ure_t6_re_Build_urn_ure_t6_core_Project_black-ops-2_fd2705692f16c05f_pc-server-2013-03-11_4ee9a1fac7aa9195:6548be4721152cd4	??0bdSecurityKey@@QAE@XZ	bdCore:bdSecurityKey.obj	0x009baa90	19	9a8bb8b2d9293be800dad1371582477e3598cb9d2de315600a581ad087e280d9	accepted-evidence-awaiting-semantic-promotion	unique-one-to-one-exact-function-instruction-bytes-sha256-across-builds
urn:ure:t6:occ:function:current-client:00a2cc70	0x00A2CC70	FUN_00a2cc70	3dd0c55a0a3dc2d620fb45e90d6122b5038a2678bd1449032230b76fb6b7a9fe	urn:ure:t6:re_FunctionVariant:urn_ure_t6_re_FunctionFamily_urn_ure_t6_core_Project_black-ops-2_fd2705692f16c05f_re_Function_msvc-public_0bdSecurityKey_QAE_ABV0_Z_a0e679036e2ab58e_build_urn_ure_t6_re_Build_urn_ure_t6_core_Project_black-ops-2_fd2705692f16c05f_pc-server-2013-03-11_4ee9a1fac7aa9195:9191ce3102f861a8	??0bdSecurityKey@@QAE@ABV0@@Z	bdCore:bdSecurityKey.obj	0x009baab0	34	3dd0c55a0a3dc2d620fb45e90d6122b5038a2678bd1449032230b76fb6b7a9fe	accepted-evidence-awaiting-semantic-promotion	unique-one-to-one-exact-function-instruction-bytes-sha256-across-builds
urn:ure:t6:occ:function:current-client:00a2ccd0	0x00A2CCD0	FUN_00a2ccd0	545d93dc2ecfa9046b9ce21684b0af8823f39265568e1f7478dab546eb677749	urn:ure:t6:re_FunctionVariant:urn_ure_t6_re_FunctionFamily_urn_ure_t6_core_Project_black-ops-2_fd2705692f16c05f_re_Function_msvc-public_getDataSize_bdByteBuffer_QBEIXZ_42cd64d50eda64f6_build_urn_ure_t6_re_Build_urn_ure_t6_core_Project_black-ops-2_fd2705692f16c05f_pc-server-2013-03-11_4ee9a1fac7aa9195:0254816f7ec11002	?getDataSize@bdByteBuffer@@QBEIXZ			0	545d93dc2ecfa9046b9ce21684b0af8823f39265568e1f7478dab546eb677749	accepted-evidence-awaiting-semantic-promotion	unique-one-to-one-exact-function-instruction-bytes-sha256-across-builds
urn:ure:t6:occ:function:current-client:00a2cd40	0x00A2CD40	FUN_00a2cd40	0392169a7b6de193517f0a3abd116f02caa8327b38c3e125ca3d86fcd235014d	urn:ure:t6:re_FunctionVariant:urn_ure_t6_re_FunctionFamily_urn_ure_t6_core_Project_black-ops-2_fd2705692f16c05f_re_Function_msvc-public_readArrayEnd_bdByteBuffer_QAEXXZ_ebf552e172b8df42_build_urn_ure_t6_re_Build_urn_ure_t6_core_Project_black-ops-2_fd2705692f16c05f_pc-server-2013-03-11_4ee9a1fac7aa9195:ee7109a58f9c6914	?readArrayEnd@bdByteBuffer@@QAEXXZ			0	0392169a7b6de193517f0a3abd116f02caa8327b38c3e125ca3d86fcd235014d	accepted-evidence-awaiting-semantic-promotion	unique-one-to-one-exact-function-instruction-bytes-sha256-across-builds
urn:ure:t6:occ:function:current-client:00a2d790	0x00A2D790	FUN_00a2d790	2f861673bd7ffbd3cfb7174c9eaa59cef637f87adcd4493df8181760c42fa991	urn:ure:t6:re_FunctionVariant:urn_ure_t6_re_FunctionFamily_urn_ure_t6_core_Project_black-ops-2_fd2705692f16c05f_re_Function_msvc-public_0bdSecurityID_QAE_XZ_1c9007e5506b1655_build_urn_ure_t6_re_Build_urn_ure_t6_core_Project_black-ops-2_fd2705692f16c05f_pc-server-2013-03-11_4ee9a1fac7aa9195:5d350071bda94129	??0bdSecurityID@@QAE@XZ	bdCore:bdSecurityID.obj	0x009baae0	13	2f861673bd7ffbd3cfb7174c9eaa59cef637f87adcd4493df8181760c42fa991	accepted-evidence-awaiting-semantic-promotion	unique-one-to-one-exact-function-instruction-bytes-sha256-across-builds
urn:ure:t6:occ:function:current-client:00a2d7a0	0x00A2D7A0	FUN_00a2d7a0	66b42201ae2adac5438161fdb2a8dc60eb4bf84b6a9462a2564677c9a809cdd4	urn:ure:t6:re_FunctionVariant:urn_ure_t6_re_FunctionFamily_urn_ure_t6_core_Project_black-ops-2_fd2705692f16c05f_re_Function_msvc-public_0bdSecurityID_QAE_ABV0_Z_17818a393315b2ca_build_urn_ure_t6_re_Build_urn_ure_t6_core_Project_black-ops-2_fd2705692f16c05f_pc-server-2013-03-11_4ee9a1fac7aa9195:bcbbf921a0413b4a	??0bdSecurityID@@QAE@ABV0@@Z	bdCore:bdSecurityID.obj	0x009baaf0	22	66b42201ae2adac5438161fdb2a8dc60eb4bf84b6a9462a2564677c9a809cdd4	accepted-evidence-awaiting-semantic-promotion	unique-one-to-one-exact-function-instruction-bytes-sha256-across-builds
urn:ure:t6:occ:function:current-client:00a2d7c0	0x00A2D7C0	FUN_00a2d7c0	c243c5c7564197eeed0418c5ef9924f2dac04d564688a202a4f4c04f0196b4af	urn:ure:t6:re_FunctionVariant:urn_ure_t6_re_FunctionFamily_urn_ure_t6_core_Project_black-ops-2_fd2705692f16c05f_re_Function_msvc-public_8bdSecurityID_QBE_NABV0_Z_26d06f672634a380_build_urn_ure_t6_re_Build_urn_ure_t6_core_Project_black-ops-2_fd2705692f16c05f_pc-server-2013-03-11_4ee9a1fac7aa9195:b7989ff491c24699	??8bdSecurityID@@QBE_NABV0@@Z			0	c243c5c7564197eeed0418c5ef9924f2dac04d564688a202a4f4c04f0196b4af	accepted-evidence-awaiting-semantic-promotion	unique-one-to-one-exact-function-instruction-bytes-sha256-across-builds
urn:ure:t6:occ:function:current-client:00a2d880	0x00A2D880	FUN_00a2d880	ac2c1b68cfdcd347a3cd0cd1ac8b20a90dcd8ac8b223a9c6dbf948a7c383ea7c	urn:ure:t6:re_FunctionVariant:urn_ure_t6_re_FunctionFamily_urn_ure_t6_core_Project_black-ops-2_fd2705692f16c05f_re_Function_msvc-public_isLoopback_bdCommonAddr_QBE_NXZ_033235c40309bbc7_build_urn_ure_t6_re_Build_urn_ure_t6_core_Project_black-ops-2_fd2705692f16c05f_pc-server-2013-03-11_4ee9a1fac7aa9195:e8a734a6b568e8cf	?isLoopback@bdCommonAddr@@QBE_NXZ			0	ac2c1b68cfdcd347a3cd0cd1ac8b20a90dcd8ac8b223a9c6dbf948a7c383ea7c	accepted-evidence-awaiting-semantic-promotion	unique-one-to-one-exact-function-instruction-bytes-sha256-across-builds
urn:ure:t6:occ:function:current-client:00a2d8a0	0x00A2D8A0	FUN_00a2d8a0	840cd7c1c41b518c1fe191951395dcac56c16a63d65f97ad855355ba794b2ca7	urn:ure:t6:re_FunctionVariant:urn_ure_t6_re_FunctionFamily_urn_ure_t6_core_Project_black-ops-2_fd2705692f16c05f_re_Function_msvc-public_getLocalAddrs_bdCommonAddr_QBEABV_bdArray_VbdAddr_XZ_4287a920e7db1ee1_build_urn_ure_t6_re_Build_urn_ure_t6_core_Project_black-ops-2_fd2705692f16c05f_pc-server-2013-03-11_4ee9a1fac7aa9195:a491195827725d41	?getLocalAddrs@bdCommonAddr@@QBEABV?$bdArray@VbdAddr@@@@XZ			0	840cd7c1c41b518c1fe191951395dcac56c16a63d65f97ad855355ba794b2ca7	accepted-evidence-awaiting-semantic-promotion	unique-one-to-one-exact-function-instruction-bytes-sha256-across-builds
urn:ure:t6:occ:function:current-client:00a2dbc0	0x00A2DBC0	FUN_00a2dbc0	9ce0801c6f8db2ebd68fabd6e152bea7a183f21780af72945e5522f0bdae76dd	urn:ure:t6:re_FunctionVariant:urn_ure_t6_re_FunctionFamily_urn_ure_t6_core_Project_black-ops-2_fd2705692f16c05f_re_Function_msvc-public_getLocalAddrByIndex_bdCommonAddr_QBEABVbdAddr_I_Z_e2ae03079e94cdd1_build_urn_ure_t6_re_Build_urn_ure_t6_core_Project_black-ops-2_fd2705692f16c05f_pc-server-2013-03-11_4ee9a1fac7aa9195:58c1c1292aa3ff76	?getLocalAddrByIndex@bdCommonAddr@@QBEABVbdAddr@@I@Z			0	9ce0801c6f8db2ebd68fabd6e152bea7a183f21780af72945e5522f0bdae76dd	accepted-evidence-awaiting-semantic-promotion	unique-one-to-one-exact-function-instruction-bytes-sha256-across-builds
urn:ure:t6:occ:function:current-client:00a2e360	0x00A2E360	FUN_00a2e360	6835e3deafaf3994368d0615d9139532702cbea648e936b844581cfe66a32d97	urn:ure:t6:re_FunctionVariant:urn_ure_t6_re_FunctionFamily_urn_ure_t6_core_Project_black-ops-2_fd2705692f16c05f_re_Function_msvc-public_1bdInetAddr_QAE_XZ_6139a773cc45d749_build_urn_ure_t6_re_Build_urn_ure_t6_core_Project_black-ops-2_fd2705692f16c05f_pc-server-2013-03-11_4ee9a1fac7aa9195:5941c653d8d6962d	??1bdInetAddr@@QAE@XZ	bdCore:bdInetAddr.obj	0x009bbc80	7	6835e3deafaf3994368d0615d9139532702cbea648e936b844581cfe66a32d97	accepted-evidence-awaiting-semantic-promotion	unique-one-to-one-exact-function-instruction-bytes-sha256-across-builds
urn:ure:t6:occ:function:current-client:00a2e3b0	0x00A2E3B0	FUN_00a2e3b0	b29587fe7e842c797d06fed2d130573e0eb5e6703abb1086752a05ee88ad6fc6	urn:ure:t6:re_FunctionVariant:urn_ure_t6_re_FunctionFamily_urn_ure_t6_core_Project_black-ops-2_fd2705692f16c05f_re_Function_msvc-public_registerListener_bdSecurityKeyMap_QAEXPAVbdSecurityKeyMapListener_Z_7eb0926c2b2b53b8_build_urn_ure_t6_re_Build_urn_ure_t6_core_Project_black-ops-2_fd2705692f16c05f_pc-server-2013-03-11_4ee9a1fac7aa9195:68bb4c76a1069f5a	?registerListener@bdSecurityKeyMap@@QAEXPAVbdSecurityKeyMapListener@@@Z			0	b29587fe7e842c797d06fed2d130573e0eb5e6703abb1086752a05ee88ad6fc6	accepted-evidence-awaiting-semantic-promotion	unique-one-to-one-exact-function-instruction-bytes-sha256-across-builds
urn:ure:t6:occ:function:current-client:00a2e430	0x00A2E430	FUN_00a2e430	68a1223c2cfaa469a0977620c19941ebeb5e45b8cfd832a8ef4bd6eaf88d9f64	urn:ure:t6:re_FunctionVariant:urn_ure_t6_re_FunctionFamily_urn_ure_t6_core_Project_black-ops-2_fd2705692f16c05f_re_Function_msvc-public_getInAddr_bdInetAddr_QBE_AVbdInAddr_XZ_a6b9d38d24e456bb_build_urn_ure_t6_re_Build_urn_ure_t6_core_Project_black-ops-2_fd2705692f16c05f_pc-server-2013-03-11_4ee9a1fac7aa9195:f7625f916465732f	?getInAddr@bdInetAddr@@QBE?AVbdInAddr@@XZ			0	68a1223c2cfaa469a0977620c19941ebeb5e45b8cfd832a8ef4bd6eaf88d9f64	accepted-evidence-awaiting-semantic-promotion	unique-one-to-one-exact-function-instruction-bytes-sha256-across-builds
urn:ure:t6:occ:function:current-client:00a2e5d0	0x00A2E5D0	FUN_00a2e5d0	c06ac88e021b3daa2be6f8a56d93c5e272497a35e62d5007408fd812240e2e1f	urn:ure:t6:re_FunctionVariant:urn_ure_t6_re_FunctionFamily_urn_ure_t6_core_Project_black-ops-2_fd2705692f16c05f_re_Function_msvc-public_getPort_bdAddr_QBEGXZ_506552f637fe6078_build_urn_ure_t6_re_Build_urn_ure_t6_core_Project_black-ops-2_fd2705692f16c05f_pc-server-2013-03-11_4ee9a1fac7aa9195:91b37aec94734a93	?getPort@bdAddr@@QBEGXZ			0	c06ac88e021b3daa2be6f8a56d93c5e272497a35e62d5007408fd812240e2e1f	accepted-evidence-awaiting-semantic-promotion	unique-one-to-one-exact-function-instruction-bytes-sha256-across-builds
urn:ure:t6:occ:function:current-client:00a2e8e0	0x00A2E8E0	FUN_00a2e8e0	2676f80b03881d8dcc49c283011d010e6afd3ccd6b06be3446e237ff86900ac0	urn:ure:t6:re_FunctionVariant:urn_ure_t6_re_FunctionFamily_urn_ure_t6_core_Project_black-ops-2_fd2705692f16c05f_re_Function_msvc-public_getStringData_bdString_IBEPAVbdStringData_XZ_c3918ad9179fa21a_build_urn_ure_t6_re_Build_urn_ure_t6_core_Project_black-ops-2_fd2705692f16c05f_pc-server-2013-03-11_4ee9a1fac7aa9195:fb7ea3277f8635f3	?getStringData@bdString@@IBEPAVbdStringData@@XZ			0	2676f80b03881d8dcc49c283011d010e6afd3ccd6b06be3446e237ff86900ac0	accepted-evidence-awaiting-semantic-promotion	unique-one-to-one-exact-function-instruction-bytes-sha256-across-builds
urn:ure:t6:occ:function:current-client:00a2e8f0	0x00A2E8F0	FUN_00a2e8f0	8e9c8226997253ca4145d15600f537db49530a7c306f53cffa5743f768d81399	urn:ure:t6:re_FunctionVariant:urn_ure_t6_re_FunctionFamily_urn_ure_t6_core_Project_black-ops-2_fd2705692f16c05f_re_Function_msvc-public_addReference_bdString_IBEXPAVbdStringData_Z_83e443b60ee18b5a_build_urn_ure_t6_re_Build_urn_ure_t6_core_Project_black-ops-2_fd2705692f16c05f_pc-server-2013-03-11_4ee9a1fac7aa9195:6733cad1838c0341	?addReference@bdString@@IBEXPAVbdStringData@@@Z			0	8e9c8226997253ca4145d15600f537db49530a7c306f53cffa5743f768d81399	accepted-evidence-awaiting-semantic-promotion	unique-one-to-one-exact-function-instruction-bytes-sha256-across-builds
urn:ure:t6:occ:function:current-client:00a2e900	0x00A2E900	FUN_00a2e900	6259d78b747797d04bdd0f52909293a3deae880ddaf295391f080c0991a25508	urn:ure:t6:re_FunctionVariant:urn_ure_t6_re_FunctionFamily_urn_ure_t6_core_Project_black-ops-2_fd2705692f16c05f_re_Function_msvc-public_0bdString_QAE_ABV0_Z_ece974c5909a6b14_build_urn_ure_t6_re_Build_urn_ure_t6_core_Project_black-ops-2_fd2705692f16c05f_pc-server-2013-03-11_4ee9a1fac7aa9195:40ef690dfb23ff30	??0bdString@@QAE@ABV0@@Z	bdCore:bdString.obj	0x009bbf80	27	6259d78b747797d04bdd0f52909293a3deae880ddaf295391f080c0991a25508	accepted-evidence-awaiting-semantic-promotion	unique-one-to-one-exact-function-instruction-bytes-sha256-across-builds
urn:ure:t6:occ:function:current-client:00a2e920	0x00A2E920	FUN_00a2e920	d844e306f859ecd9e779bd848f09158f6ab275484c24cf375e0643bb95606ff4	urn:ure:t6:re_FunctionVariant:urn_ure_t6_re_FunctionFamily_urn_ure_t6_core_Project_black-ops-2_fd2705692f16c05f_re_Function_msvc-public_initialize_bdString_IAEXXZ_af9a6226b91eea81_build_urn_ure_t6_re_Build_urn_ure_t6_core_Project_black-ops-2_fd2705692f16c05f_pc-server-2013-03-11_4ee9a1fac7aa9195:f49d4cd7920fc1f9	?initialize@bdString@@IAEXXZ			0	d844e306f859ecd9e779bd848f09158f6ab275484c24cf375e0643bb95606ff4	accepted-evidence-awaiting-semantic-promotion	unique-one-to-one-exact-function-instruction-bytes-sha256-across-builds
urn:ure:t6:occ:function:current-client:00a2ea00	0x00A2EA00	FUN_00a2ea00	e57796f4a931972e9519481f8b36b65f043e09df0b6ca4f13428dca9cfe36767	urn:ure:t6:re_FunctionVariant:urn_ure_t6_re_FunctionFamily_urn_ure_t6_core_Project_black-ops-2_fd2705692f16c05f_re_Function_msvc-public_removeReference_bdString_IBEXPAVbdStringData_Z_581974d6f79f4b91_build_urn_ure_t6_re_Build_urn_ure_t6_core_Project_black-ops-2_fd2705692f16c05f_pc-server-2013-03-11_4ee9a1fac7aa9195:3bce26847e237f38	?removeReference@bdString@@IBEXPAVbdStringData@@@Z			0	e57796f4a931972e9519481f8b36b65f043e09df0b6ca4f13428dca9cfe36767	accepted-evidence-awaiting-semantic-promotion	unique-one-to-one-exact-function-instruction-bytes-sha256-across-builds
urn:ure:t6:occ:function:current-client:00a2ea20	0x00A2EA20	FUN_00a2ea20	14f9902216070847de9570c1d4da552bd8aaea5ae4f6f2c6eb441e15975ddf8f	urn:ure:t6:re_FunctionVariant:urn_ure_t6_re_FunctionFamily_urn_ure_t6_core_Project_black-ops-2_fd2705692f16c05f_re_Function_msvc-public_1bdString_QAE_XZ_78023d5d06521ae8_build_urn_ure_t6_re_Build_urn_ure_t6_core_Project_black-ops-2_fd2705692f16c05f_pc-server-2013-03-11_4ee9a1fac7aa9195:db2639dbf4f21927	??1bdString@@QAE@XZ			0	14f9902216070847de9570c1d4da552bd8aaea5ae4f6f2c6eb441e15975ddf8f	accepted-evidence-awaiting-semantic-promotion	unique-one-to-one-exact-function-instruction-bytes-sha256-across-builds
urn:ure:t6:occ:function:current-client:00a2ea30	0x00A2EA30	FUN_00a2ea30	a7e6298b221836b96475a8911d2db0b8088ac9265b02852ddba710b2bc23a8a2	urn:ure:t6:re_FunctionVariant:urn_ure_t6_re_FunctionFamily_urn_ure_t6_core_Project_black-ops-2_fd2705692f16c05f_re_Function_msvc-public_4bdString_QAEAAV0_ABV0_Z_06dadc34e4857027_build_urn_ure_t6_re_Build_urn_ure_t6_core_Project_black-ops-2_fd2705692f16c05f_pc-server-2013-03-11_4ee9a1fac7aa9195:dd9d4aa8592f824f	??4bdString@@QAEAAV0@ABV0@@Z			0	a7e6298b221836b96475a8911d2db0b8088ac9265b02852ddba710b2bc23a8a2	accepted-evidence-awaiting-semantic-promotion	unique-one-to-one-exact-function-instruction-bytes-sha256-across-builds
urn:ure:t6:occ:function:current-client:00a2f200	0x00A2F200	FUN_00a2f200	80f89a8106882e78d066a4af0fa5c58b61b763afd53d5a231a34805f47f1bbed	urn:ure:t6:re_FunctionVariant:urn_ure_t6_re_FunctionFamily_urn_ure_t6_core_Project_black-ops-2_fd2705692f16c05f_re_Function_msvc-public_getHash_bdEndpointHashingClass_QBEIABVbdEndpoint_Z_708c0d627dc6f434_build_urn_ure_t6_re_Build_urn_ure_t6_core_Project_black-ops-2_fd2705692f16c05f_pc-server-2013-03-11_4ee9a1fac7aa9195:89a3fdccebf68a0c	?getHash@bdEndpointHashingClass@@QBEIABVbdEndpoint@@@Z			0	80f89a8106882e78d066a4af0fa5c58b61b763afd53d5a231a34805f47f1bbed	accepted-evidence-awaiting-semantic-promotion	unique-one-to-one-exact-function-instruction-bytes-sha256-across-builds
urn:ure:t6:occ:function:current-client:00a2f5d0	0x00A2F5D0	FUN_00a2f5d0	c0a0eea546e27b5bdd0f05bb4b6aea03c95bcdb61906b379a19295f3bbf25de4	urn:ure:t6:re_FunctionVariant:urn_ure_t6_re_FunctionFamily_urn_ure_t6_core_Project_black-ops-2_fd2705692f16c05f_re_Function_msvc-public_nextUInt_bdRandom_QAEIXZ_f963b1546e54a729_build_urn_ure_t6_re_Build_urn_ure_t6_core_Project_black-ops-2_fd2705692f16c05f_pc-server-2013-03-11_4ee9a1fac7aa9195:123e5cf8c863fedb	?nextUInt@bdRandom@@QAEIXZ			0	c0a0eea546e27b5bdd0f05bb4b6aea03c95bcdb61906b379a19295f3bbf25de4	accepted-evidence-awaiting-semantic-promotion	unique-one-to-one-exact-function-instruction-bytes-sha256-across-builds
urn:ure:t6:occ:function:current-client:00a2f600	0x00A2F600	FUN_00a2f600	4cfd4247c13f0ea12eafaec35635f47d7d96e2da247a851ccad35789cf76f3dd	urn:ure:t6:re_FunctionVariant:urn_ure_t6_re_FunctionFamily_urn_ure_t6_core_Project_black-ops-2_fd2705692f16c05f_re_Function_msvc-public_nextUBytes_bdRandom_QAEXQAEH_Z_33e87678e9d76689_build_urn_ure_t6_re_Build_urn_ure_t6_core_Project_black-ops-2_fd2705692f16c05f_pc-server-2013-03-11_4ee9a1fac7aa9195:5580be2a12756c6a	?nextUBytes@bdRandom@@QAEXQAEH@Z			0	4cfd4247c13f0ea12eafaec35635f47d7d96e2da247a851ccad35789cf76f3dd	accepted-evidence-awaiting-semantic-promotion	unique-one-to-one-exact-function-instruction-bytes-sha256-across-builds
urn:ure:t6:occ:function:current-client:00a2f980	0x00A2F980	FUN_00a2f980	c979f6eaf0fee01e57ad97bb5e1859f15517e30c80300980833adce41c95f73d	urn:ure:t6:re_FunctionVariant:urn_ure_t6_re_FunctionFamily_urn_ure_t6_core_Project_black-ops-2_fd2705692f16c05f_re_Function_msvc-public_getTypeCheck_bdBitBuffer_QBE_NXZ_e8bd404c659e3741_build_urn_ure_t6_re_Build_urn_ure_t6_core_Project_black-ops-2_fd2705692f16c05f_pc-server-2013-03-11_4ee9a1fac7aa9195:7062958d9c96478f	?getTypeCheck@bdBitBuffer@@QBE_NXZ			0	c979f6eaf0fee01e57ad97bb5e1859f15517e30c80300980833adce41c95f73d	accepted-evidence-awaiting-semantic-promotion	unique-one-to-one-exact-function-instruction-bytes-sha256-across-builds
urn:ure:t6:occ:function:current-client:00a2fa90	0x00A2FA90	FUN_00a2fa90	2ffa0ad9c27ca4c3410222dfa62aab40736aeeabf732f053eac2e735086913db	urn:ure:t6:re_FunctionVariant:urn_ure_t6_re_FunctionFamily_urn_ure_t6_core_Project_black-ops-2_fd2705692f16c05f_re_Function_msvc-public_readBits_bdBitBuffer_QAE_NPAXI_Z_634bfb282dd3f6c7_build_urn_ure_t6_re_Build_urn_ure_t6_core_Project_black-ops-2_fd2705692f16c05f_pc-server-2013-03-11_4ee9a1fac7aa9195:015703f61c6b8ce7	?readBits@bdBitBuffer@@QAE_NPAXI@Z			0	2ffa0ad9c27ca4c3410222dfa62aab40736aeeabf732f053eac2e735086913db	accepted-evidence-awaiting-semantic-promotion	unique-one-to-one-exact-function-instruction-bytes-sha256-across-builds
urn:ure:t6:occ:function:current-client:00a307d0	0x00A307D0	FUN_00a307d0	c6b609d037bb8600f3f25eb0d8cb517d0b8436402a50a2f93867e4d3f9a9660d	urn:ure:t6:re_FunctionVariant:urn_ure_t6_re_FunctionFamily_urn_ure_t6_core_Project_black-ops-2_fd2705692f16c05f_re_Function_msvc-public_nextPowerOf2_bdBitOperations_SAII_Z_02065e610a3c5f7a_build_urn_ure_t6_re_Build_urn_ure_t6_core_Project_black-ops-2_fd2705692f16c05f_pc-server-2013-03-11_4ee9a1fac7aa9195:c93ee2744eb7d12a	?nextPowerOf2@bdBitOperations@@SAII@Z			0	c6b609d037bb8600f3f25eb0d8cb517d0b8436402a50a2f93867e4d3f9a9660d	accepted-evidence-awaiting-semantic-promotion	unique-one-to-one-exact-function-instruction-bytes-sha256-across-builds
urn:ure:t6:occ:function:current-client:00a30810	0x00A30810	FUN_00a30810	5bee8dd5b2200ba345e6b60674f3c3ad7162ec74f1d2e653196e5d740c4bf607	urn:ure:t6:re_FunctionVariant:urn_ure_t6_re_FunctionFamily_urn_ure_t6_core_Project_black-ops-2_fd2705692f16c05f_re_Function_msvc-public_highBitNumber_bdBitOperations_SAII_Z_08d008e95ba93f6a_build_urn_ure_t6_re_Build_urn_ure_t6_core_Project_black-ops-2_fd2705692f16c05f_pc-server-2013-03-11_4ee9a1fac7aa9195:2ee7f4ee6967a929	?highBitNumber@bdBitOperations@@SAII@Z			0	5bee8dd5b2200ba345e6b60674f3c3ad7162ec74f1d2e653196e5d740c4bf607	accepted-evidence-awaiting-semantic-promotion	unique-one-to-one-exact-function-instruction-bytes-sha256-across-builds
urn:ure:t6:occ:function:current-client:00a310e0	0x00A310E0	FUN_00a310e0	87ec379148fb56695fd367bb10cd9e2cabd8a3076026361136bcf430c16e00af	urn:ure:t6:re_FunctionVariant:urn_ure_t6_re_FunctionFamily_urn_ure_t6_core_Project_black-ops-2_fd2705692f16c05f_re_Function_msvc-public_registerEventHandler_bdLobbyService_QAEXPAVbdLobbyEventHandler_Z_2f0c2a27c4a6b6ca_build_urn_ure_t6_re_Build_urn_ure_t6_core_Project_black-ops-2_fd2705692f16c05f_pc-server-2013-03-11_4ee9a1fac7aa9195:80f2f168928a17a3	?registerEventHandler@bdLobbyService@@QAEXPAVbdLobbyEventHandler@@@Z			0	87ec379148fb56695fd367bb10cd9e2cabd8a3076026361136bcf430c16e00af	accepted-evidence-awaiting-semantic-promotion	unique-one-to-one-exact-function-instruction-bytes-sha256-across-builds
urn:ure:t6:occ:function:current-client:00a35220	0x00A35220	FUN_00a35220	b979b786a7d37523b8a485df9e1ae359f6fd13d49d0e963b123a67ebcdad3514	urn:ure:t6:re_FunctionVariant:urn_ure_t6_re_FunctionFamily_urn_ure_t6_core_Project_black-ops-2_fd2705692f16c05f_re_Function_msvc-public_cancelTask_bdRemoteTask_QAEXXZ_4fd7132cc968377a_build_urn_ure_t6_re_Build_urn_ure_t6_core_Project_black-ops-2_fd2705692f16c05f_pc-server-2013-03-11_4ee9a1fac7aa9195:8263453ea2223b38	?cancelTask@bdRemoteTask@@QAEXXZ			0	b979b786a7d37523b8a485df9e1ae359f6fd13d49d0e963b123a67ebcdad3514	accepted-evidence-awaiting-semantic-promotion	unique-one-to-one-exact-function-instruction-bytes-sha256-across-builds
urn:ure:t6:occ:function:current-client:00a35230	0x00A35230	FUN_00a35230	5b5f853500f4e654f87678389323854f1dbbf66c1c10d6f63c067ca5a97779c2	urn:ure:t6:re_FunctionVariant:urn_ure_t6_re_FunctionFamily_urn_ure_t6_core_Project_black-ops-2_fd2705692f16c05f_re_Function_msvc-public_getTransactionID_bdRemoteTask_QBE_KXZ_980c041ae7462317_build_urn_ure_t6_re_Build_urn_ure_t6_core_Project_black-ops-2_fd2705692f16c05f_pc-server-2013-03-11_4ee9a1fac7aa9195:9696b8f297a94064	?getTransactionID@bdRemoteTask@@QBE_KXZ			0	5b5f853500f4e654f87678389323854f1dbbf66c1c10d6f63c067ca5a97779c2	accepted-evidence-awaiting-semantic-promotion	unique-one-to-one-exact-function-instruction-bytes-sha256-across-builds
urn:ure:t6:occ:function:current-client:00a35240	0x00A35240	FUN_00a35240	7e6bda0a031f94dbe8477fe3ce3ba2b7e3d761a050d55625bc7d92212670e60c	urn:ure:t6:re_FunctionVariant:urn_ure_t6_re_FunctionFamily_urn_ure_t6_core_Project_black-ops-2_fd2705692f16c05f_re_Function_msvc-public_getErrorCode_bdRemoteTask_QBE_AW4bdLobbyErrorCode_XZ_84a817d758ff43e7_build_urn_ure_t6_re_Build_urn_ure_t6_core_Project_black-ops-2_fd2705692f16c05f_pc-server-2013-03-11_4ee9a1fac7aa9195:6225db0a685e271c	?getErrorCode@bdRemoteTask@@QBE?AW4bdLobbyErrorCode@@XZ			0	7e6bda0a031f94dbe8477fe3ce3ba2b7e3d761a050d55625bc7d92212670e60c	accepted-evidence-awaiting-semantic-promotion	unique-one-to-one-exact-function-instruction-bytes-sha256-across-builds
urn:ure:t6:occ:function:current-client:00a36960	0x00A36960	FUN_00a36960	c825f915f77c9407f54944717e4de61d11f44c16bccdcc91540ab1f14006dc81	urn:ure:t6:re_FunctionVariant:urn_ure_t6_re_FunctionFamily_urn_ure_t6_core_Project_black-ops-2_fd2705692f16c05f_re_Function_msvc-public__postCopy_bdContentStreamingBase_MAE_AV_bdReference_VbdRemoteTask_XZ_959d517a8b106439_build_urn_ure_t6_re_Build_urn_ure_t6_core_Project_black-ops-2_fd2705692f16c05f_pc-server-2013-03-11_4ee9a1fac7aa9195:952a979c0d4bcda6	?_postCopy@bdContentStreamingBase@@MAE?AV?$bdReference@VbdRemoteTask@@@@XZ			0	c825f915f77c9407f54944717e4de61d11f44c16bccdcc91540ab1f14006dc81	accepted-evidence-awaiting-semantic-promotion	unique-one-to-one-exact-function-instruction-bytes-sha256-across-builds
urn:ure:t6:occ:function:current-client:00a3a260	0x00A3A260	FUN_00a3a260	2a28b34be0d3219ae9b25a2556b8db2035d6da953a2d8b7063a5632d2a0b9292	urn:ure:t6:re_FunctionVariant:urn_ure_t6_re_FunctionFamily_urn_ure_t6_core_Project_black-ops-2_fd2705692f16c05f_re_Function_msvc-public_isFileIDReady_bdPooledStorage_QAE_NXZ_55b594722a4d113d_build_urn_ure_t6_re_Build_urn_ure_t6_core_Project_black-ops-2_fd2705692f16c05f_pc-server-2013-03-11_4ee9a1fac7aa9195:e263bece9994ed12	?isFileIDReady@bdPooledStorage@@QAE_NXZ			0	2a28b34be0d3219ae9b25a2556b8db2035d6da953a2d8b7063a5632d2a0b9292	accepted-evidence-awaiting-semantic-promotion	unique-one-to-one-exact-function-instruction-bytes-sha256-across-builds
urn:ure:t6:occ:function:current-client:00a3a270	0x00A3A270	FUN_00a3a270	afa45dc905440e714a4ce1a0454ec16ac4c56249a5fda43db2129492b1082f4f	urn:ure:t6:re_FunctionVariant:urn_ure_t6_re_FunctionFamily_urn_ure_t6_core_Project_black-ops-2_fd2705692f16c05f_re_Function_msvc-public_getFileID_bdPooledStorage_QAE_KXZ_4ac603f8f46c516d_build_urn_ure_t6_re_Build_urn_ure_t6_core_Project_black-ops-2_fd2705692f16c05f_pc-server-2013-03-11_4ee9a1fac7aa9195:4716492da4f4ca10	?getFileID@bdPooledStorage@@QAE_KXZ			0	afa45dc905440e714a4ce1a0454ec16ac4c56249a5fda43db2129492b1082f4f	accepted-evidence-awaiting-semantic-promotion	unique-one-to-one-exact-function-instruction-bytes-sha256-across-builds
urn:ure:t6:occ:function:current-client:00a3b390	0x00A3B390	FUN_00a3b390	d73c1a8cb9a3fdcdddebc16316a38385979d4b5df905649cf1e0bb40e01c08e9	urn:ure:t6:re_FunctionVariant:urn_ure_t6_re_FunctionFamily_urn_ure_t6_core_Project_black-ops-2_fd2705692f16c05f_re_Function_msvc-public_0bdTitleUtilities_QAE_QAVbdRemoteTaskManager_Z_7d8e25732ba3539b_build_urn_ure_t6_re_Build_urn_ure_t6_core_Project_black-ops-2_fd2705692f16c05f_pc-server-2013-03-11_4ee9a1fac7aa9195:75a30cd3666a510d	??0bdTitleUtilities@@QAE@QAVbdRemoteTaskManager@@@Z	bdLobby:bdTitleUtilities.obj	0x009c9830	21	d73c1a8cb9a3fdcdddebc16316a38385979d4b5df905649cf1e0bb40e01c08e9	accepted-evidence-awaiting-semantic-promotion	unique-one-to-one-exact-function-instruction-bytes-sha256-across-builds
urn:ure:t6:occ:function:current-client:00a3ce70	0x00A3CE70	FUN_00a3ce70	d6facd60126cd4ae7c01a5214d03a4fec2bf5e55051726d37cd02d8f0cdd310c	urn:ure:t6:re_FunctionVariant:urn_ure_t6_re_FunctionFamily_urn_ure_t6_core_Project_black-ops-2_fd2705692f16c05f_re_Function_msvc-public_getIterator_bdHashMap__KV_bdReference_VbdRemoteTask_VbdHashingClass_QBEPAXAB_K_Z_b1b55430f5d5051d_build_urn_ure_t6_re_Build_urn_ure_t6_core_Project_black-ops-2_fd2705692f16c05f_pc-server-2013-03-11_4ee9a1fac7aa9195:d2fa267368f1521f	?getIterator@?$bdHashMap@_KV?$bdReference@VbdRemoteTask@@@@VbdHashingClass@@@@QBEPAXAB_K@Z			0	d6facd60126cd4ae7c01a5214d03a4fec2bf5e55051726d37cd02d8f0cdd310c	accepted-evidence-awaiting-semantic-promotion	unique-one-to-one-exact-function-instruction-bytes-sha256-across-builds
urn:ure:t6:occ:function:current-client:00a3df30	0x00A3DF30	FUN_00a3df30	c1ade803316e3526df28c80ec1d8243a2f0e5b0ace9f10605c8ec547df32e3f7	urn:ure:t6:re_FunctionVariant:urn_ure_t6_re_FunctionFamily_urn_ure_t6_core_Project_black-ops-2_fd2705692f16c05f_re_Function_msvc-public_getErrorCode_bdAuthService_QBE_AW4bdLobbyErrorCode_XZ_2627beaaa2cd3319_build_urn_ure_t6_re_Build_urn_ure_t6_core_Project_black-ops-2_fd2705692f16c05f_pc-server-2013-03-11_4ee9a1fac7aa9195:780a8abcbe16a75d	?getErrorCode@bdAuthService@@QBE?AW4bdLobbyErrorCode@@XZ			0	c1ade803316e3526df28c80ec1d8243a2f0e5b0ace9f10605c8ec547df32e3f7	accepted-evidence-awaiting-semantic-promotion	unique-one-to-one-exact-function-instruction-bytes-sha256-across-builds
urn:ure:t6:occ:function:current-client:00a3df40	0x00A3DF40	FUN_00a3df40	4f2f5aebc83e057a70bdaddfb7545120a3e11bcdaa823c1def1422f8768ac3ed	urn:ure:t6:re_FunctionVariant:urn_ure_t6_re_FunctionFamily_urn_ure_t6_core_Project_black-ops-2_fd2705692f16c05f_re_Function_msvc-public_getAuthInfo_bdAuthService_QBEPBVbdAuthInfo_XZ_58b389dea2a0bf33_build_urn_ure_t6_re_Build_urn_ure_t6_core_Project_black-ops-2_fd2705692f16c05f_pc-server-2013-03-11_4ee9a1fac7aa9195:25059aeabeaf8ce0	?getAuthInfo@bdAuthService@@QBEPBVbdAuthInfo@@XZ			0	4f2f5aebc83e057a70bdaddfb7545120a3e11bcdaa823c1def1422f8768ac3ed	accepted-evidence-awaiting-semantic-promotion	unique-one-to-one-exact-function-instruction-bytes-sha256-across-builds
urn:ure:t6:occ:function:current-client:00a42bc0	0x00A42BC0	FUN_00a42bc0	ac61523b227f73f907d2758732a5d707aaf5942d899fc7c0fff99800bc7ddf8d	urn:ure:t6:re_FunctionVariant:urn_ure_t6_re_FunctionFamily_urn_ure_t6_core_Project_black-ops-2_fd2705692f16c05f_re_Function_msvc-public_addResponse_bdAntiCheatResponses_QAEXABVbdAntiCheatChallenge__J_Z_dbcc0069a422586e_build_urn_ure_t6_re_Build_urn_ure_t6_core_Project_black-ops-2_fd2705692f16c05f_pc-server-2013-03-11_4ee9a1fac7aa9195:c7b27e58d2e88a68	?addResponse@bdAntiCheatResponses@@QAEXABVbdAntiCheatChallenge@@_J@Z			0	ac61523b227f73f907d2758732a5d707aaf5942d899fc7c0fff99800bc7ddf8d	accepted-evidence-awaiting-semantic-promotion	unique-one-to-one-exact-function-instruction-bytes-sha256-across-builds
urn:ure:t6:occ:function:current-client:00a43020	0x00A43020	FUN_00a43020	92c5e2972d2442d6d750d027a5da0e7ee862ca52fef58c2af20331258d8191ef	urn:ure:t6:re_FunctionVariant:urn_ure_t6_re_FunctionFamily_urn_ure_t6_core_Project_black-ops-2_fd2705692f16c05f_re_Function_msvc-public_getNumChallenges_bdAntiCheatChallenges_QBEIXZ_fb9378a57b340561_build_urn_ure_t6_re_Build_urn_ure_t6_core_Project_black-ops-2_fd2705692f16c05f_pc-server-2013-03-11_4ee9a1fac7aa9195:582dcadc0d967f9e	?getNumChallenges@bdAntiCheatChallenges@@QBEIXZ			0	92c5e2972d2442d6d750d027a5da0e7ee862ca52fef58c2af20331258d8191ef	accepted-evidence-awaiting-semantic-promotion	unique-one-to-one-exact-function-instruction-bytes-sha256-across-builds
urn:ure:t6:occ:function:current-client:00a43190	0x00A43190	FUN_00a43190	b50113b14091dd1c4378e73f4c7024131b4d97da4fe1655d4af2724cf037cacf	urn:ure:t6:re_FunctionVariant:urn_ure_t6_re_FunctionFamily_urn_ure_t6_core_Project_black-ops-2_fd2705692f16c05f_re_Function_msvc-public_getChallengeByIndex_bdAntiCheatChallenges_QBEABVbdAntiCheatChallenge_I_Z_b7872ce824557a44_build_urn_ure_t6_re_Build_urn_ure_t6_core_Project_black-ops-2_fd2705692f16c05f_pc-server-2013-03-11_4ee9a1fac7aa9195:a702c38943db86ea	?getChallengeByIndex@bdAntiCheatChallenges@@QBEABVbdAntiCheatChallenge@@I@Z			0	b50113b14091dd1c4378e73f4c7024131b4d97da4fe1655d4af2724cf037cacf	accepted-evidence-awaiting-semantic-promotion	unique-one-to-one-exact-function-instruction-bytes-sha256-across-builds
urn:ure:t6:occ:function:current-client:00a457c0	0x00A457C0	FUN_00a457c0	923d1a98e397f42b18b1fe647cb0d836cdfa25ef31f2788ff06a51f12dcb3c64	urn:ure:t6:re_FunctionVariant:urn_ure_t6_re_FunctionFamily_urn_ure_t6_core_Project_black-ops-2_fd2705692f16c05f_re_Function_msvc-public_getErrorCode_bdBandwidthTestClient_QBE_AW4bdLobbyErrorCode_XZ_1ca50238b5524f5c_build_urn_ure_t6_re_Build_urn_ure_t6_core_Project_black-ops-2_fd2705692f16c05f_pc-server-2013-03-11_4ee9a1fac7aa9195:cda0e235c81cc3c1	?getErrorCode@bdBandwidthTestClient@@QBE?AW4bdLobbyErrorCode@@XZ			0	923d1a98e397f42b18b1fe647cb0d836cdfa25ef31f2788ff06a51f12dcb3c64	accepted-evidence-awaiting-semantic-promotion	unique-one-to-one-exact-function-instruction-bytes-sha256-across-builds
urn:ure:t6:occ:function:current-client:00a46620	0x00A46620	FUN_00a46620	37eb9a04f4b04775606e46583a8d7df9ed9c89f95ad03e61210b03277b218809	urn:ure:t6:re_FunctionVariant:urn_ure_t6_re_FunctionFamily_urn_ure_t6_core_Project_black-ops-2_fd2705692f16c05f_re_Function_msvc-public_0bdBandwidthTestResults_QAE_XZ_dd98b837aedfa058_build_urn_ure_t6_re_Build_urn_ure_t6_core_Project_black-ops-2_fd2705692f16c05f_pc-server-2013-03-11_4ee9a1fac7aa9195:bdf15b3479df4587	??0bdBandwidthTestResults@@QAE@XZ	bdLobby:bdBandwidthTestResults.obj	0x009d3ac0	23	37eb9a04f4b04775606e46583a8d7df9ed9c89f95ad03e61210b03277b218809	accepted-evidence-awaiting-semantic-promotion	unique-one-to-one-exact-function-instruction-bytes-sha256-across-builds
urn:ure:t6:occ:function:current-client:00a468d0	0x00A468D0	FUN_00a468d0	1d8f2fa729de547ab15c088435d21fe605e9f82e7d5567530de3effd29115e92	urn:ure:t6:re_FunctionVariant:urn_ure_t6_re_FunctionFamily_urn_ure_t6_core_Project_black-ops-2_fd2705692f16c05f_re_Function_msvc-public_getHeaderStart_bdTaskByteBuffer_QBEPAEXZ_3f5002563f0bd37a_build_urn_ure_t6_re_Build_urn_ure_t6_core_Project_black-ops-2_fd2705692f16c05f_pc-server-2013-03-11_4ee9a1fac7aa9195:8cb4670b39e5a7d6	?getHeaderStart@bdTaskByteBuffer@@QBEPAEXZ			0	1d8f2fa729de547ab15c088435d21fe605e9f82e7d5567530de3effd29115e92	accepted-evidence-awaiting-semantic-promotion	unique-one-to-one-exact-function-instruction-bytes-sha256-across-builds
urn:ure:t6:occ:function:current-client:00a46b50	0x00A46B50	FUN_00a46b50	68b70ba1e6ad2356c69cac8e846649e599945994fa7690a0bf4af28fa25c24a5	urn:ure:t6:re_FunctionVariant:urn_ure_t6_re_FunctionFamily_urn_ure_t6_core_Project_black-ops-2_fd2705692f16c05f_re_Function_msvc-public_getStatus_bdLobbyConnection_QBE_AW4Status_1_XZ_934f540484c05ba0_build_urn_ure_t6_re_Build_urn_ure_t6_core_Project_black-ops-2_fd2705692f16c05f_pc-server-2013-03-11_4ee9a1fac7aa9195:df4962b40e038816	?getStatus@bdLobbyConnection@@QBE?AW4Status@1@XZ			0	68b70ba1e6ad2356c69cac8e846649e599945994fa7690a0bf4af28fa25c24a5	accepted-evidence-awaiting-semantic-promotion	unique-one-to-one-exact-function-instruction-bytes-sha256-across-builds
urn:ure:t6:occ:function:current-client:00a46b60	0x00A46B60	FUN_00a46b60	c9464c511ea9ec02ddadd203a4d5eca98150dba7b25a75ea8cbf631d6c8e337b	urn:ure:t6:re_FunctionVariant:urn_ure_t6_re_FunctionFamily_urn_ure_t6_core_Project_black-ops-2_fd2705692f16c05f_re_Function_msvc-public_receivedFullMessage_bdLobbyConnection_IAE_NXZ_6123ec7bfdfe5a5a_build_urn_ure_t6_re_Build_urn_ure_t6_core_Project_black-ops-2_fd2705692f16c05f_pc-server-2013-03-11_4ee9a1fac7aa9195:ad3e10994413694b	?receivedFullMessage@bdLobbyConnection@@IAE_NXZ			0	c9464c511ea9ec02ddadd203a4d5eca98150dba7b25a75ea8cbf631d6c8e337b	accepted-evidence-awaiting-semantic-promotion	unique-one-to-one-exact-function-instruction-bytes-sha256-across-builds
urn:ure:t6:occ:function:current-client:00a48780	0x00A48780	FUN_00a48780	2ae904b3a6bc4ca2b742b13a6b4372b0110f2731cdf29edd795459ef1845e802	urn:ure:t6:re_FunctionVariant:urn_ure_t6_re_FunctionFamily_urn_ure_t6_core_Project_black-ops-2_fd2705692f16c05f_re_Function_msvc-public_offsetOfBufInHunkUserDefault_YAHXZ_4a23281f49c6b18f_build_urn_ure_t6_re_Build_urn_ure_t6_core_Project_black-ops-2_fd2705692f16c05f_pc-server-2013-03-11_4ee9a1fac7aa9195:9385747230ffcddb	?offsetOfBufInHunkUserDefault@@YAHXZ			0	2ae904b3a6bc4ca2b742b13a6b4372b0110f2731cdf29edd795459ef1845e802	accepted-evidence-awaiting-semantic-promotion	unique-one-to-one-exact-function-instruction-bytes-sha256-across-builds
urn:ure:t6:occ:function:current-client:00a48e60	0x00A48E60	FUN_00a48e60	a769d4f8c172d73bad4a9d266bc596566ef038f1d39872761322c6e1e0eb04ad	urn:ure:t6:re_FunctionVariant:urn_ure_t6_re_FunctionFamily_urn_ure_t6_core_Project_black-ops-2_fd2705692f16c05f_re_Function_msvc-public_abortOperation_bdHTTPWrapper_QAEXXZ_62f5987dccba28ca_build_urn_ure_t6_re_Build_urn_ure_t6_core_Project_black-ops-2_fd2705692f16c05f_pc-server-2013-03-11_4ee9a1fac7aa9195:83ca0eef230b1bd7	?abortOperation@bdHTTPWrapper@@QAEXXZ			0	a769d4f8c172d73bad4a9d266bc596566ef038f1d39872761322c6e1e0eb04ad	accepted-evidence-awaiting-semantic-promotion	unique-one-to-one-exact-function-instruction-bytes-sha256-across-builds
urn:ure:t6:occ:function:current-client:00a48e70	0x00A48E70	FUN_00a48e70	4e291090f46b0840c5c023d9e4012dbcad1f16e2de0de219861d538e932bb0d4	urn:ure:t6:re_FunctionVariant:urn_ure_t6_re_FunctionFamily_urn_ure_t6_core_Project_black-ops-2_fd2705692f16c05f_re_Function_msvc-public_abortInProgress_bdHTTPWrapper_QBE_NXZ_309bd276502bfb3f_build_urn_ure_t6_re_Build_urn_ure_t6_core_Project_black-ops-2_fd2705692f16c05f_pc-server-2013-03-11_4ee9a1fac7aa9195:a6b837f80e511b12	?abortInProgress@bdHTTPWrapper@@QBE_NXZ			0	4e291090f46b0840c5c023d9e4012dbcad1f16e2de0de219861d538e932bb0d4	accepted-evidence-awaiting-semantic-promotion	unique-one-to-one-exact-function-instruction-bytes-sha256-across-builds
urn:ure:t6:occ:function:current-client:00a49440	0x00A49440	FUN_00a49440	4a164acf03b4fae82ba78cf433fd81b93bbf77b855989218776e4c9f92c89e30	urn:ure:t6:re_FunctionVariant:urn_ure_t6_re_FunctionFamily_urn_ure_t6_core_Project_black-ops-2_fd2705692f16c05f_re_Function_msvc-public_curlUploadCallback_bdHTTPWrapper_KAHPADIIPAX_Z_33622488d331b92c_build_urn_ure_t6_re_Build_urn_ure_t6_core_Project_black-ops-2_fd2705692f16c05f_pc-server-2013-03-11_4ee9a1fac7aa9195:1d1dfface73da685	?curlUploadCallback@bdHTTPWrapper@@KAHPADIIPAX@Z			0	4a164acf03b4fae82ba78cf433fd81b93bbf77b855989218776e4c9f92c89e30	accepted-evidence-awaiting-semantic-promotion	unique-one-to-one-exact-function-instruction-bytes-sha256-across-builds
urn:ure:t6:occ:function:current-client:00a49a90	0x00A49A90	FUN_00a49a90	87ccf995abfd3a3d637a3dedf6ca6b00d185c36d7ff6fb44f68dfa56530fb12d	urn:ure:t6:re_FunctionVariant:urn_ure_t6_re_FunctionFamily_urn_ure_t6_core_Project_black-ops-2_fd2705692f16c05f_re_Function_msvc-public_isOkayToStart_bdHTTPWrapperBase_QBE_NXZ_5bb119a2acfc724f_build_urn_ure_t6_re_Build_urn_ure_t6_core_Project_black-ops-2_fd2705692f16c05f_pc-server-2013-03-11_4ee9a1fac7aa9195:4853d8275abc2a47	?isOkayToStart@bdHTTPWrapperBase@@QBE_NXZ			0	87ccf995abfd3a3d637a3dedf6ca6b00d185c36d7ff6fb44f68dfa56530fb12d	accepted-evidence-awaiting-semantic-promotion	unique-one-to-one-exact-function-instruction-bytes-sha256-across-builds
urn:ure:t6:occ:function:current-client:00a4adf0	0x00A4ADF0	FUN_00a4adf0	2ca4d4b3b4236810e391c18abad88834f6438777c0a3a88da8f6fc857395ddaf	urn:ure:t6:re_FunctionVariant:urn_ure_t6_re_FunctionFamily_urn_ure_t6_core_Project_black-ops-2_fd2705692f16c05f_re_Function_msvc-public_getStatus_bdNetImpl_QBE_AW4bdNetStatus_1_XZ_18787e0ae866c2a8_build_urn_ure_t6_re_Build_urn_ure_t6_core_Project_black-ops-2_fd2705692f16c05f_pc-server-2013-03-11_4ee9a1fac7aa9195:e2249c6ee4e20057	?getStatus@bdNetImpl@@QBE?AW4bdNetStatus@1@XZ			0	2ca4d4b3b4236810e391c18abad88834f6438777c0a3a88da8f6fc857395ddaf	accepted-evidence-awaiting-semantic-promotion	unique-one-to-one-exact-function-instruction-bytes-sha256-across-builds
urn:ure:t6:occ:function:current-client:00a4af60	0x00A4AF60	FUN_00a4af60	9107d0afff035a7f6d24fc474ee1928e2f3e4c5dfea37a5285b22d5b1b196336	urn:ure:t6:re_FunctionVariant:urn_ure_t6_re_FunctionFamily_urn_ure_t6_core_Project_black-ops-2_fd2705692f16c05f_re_Function_msvc-public_getSocketRouter_bdNetImpl_QAEPAVbdSocketRouter_XZ_267c3f38b755cf5b_build_urn_ure_t6_re_Build_urn_ure_t6_core_Project_black-ops-2_fd2705692f16c05f_pc-server-2013-03-11_4ee9a1fac7aa9195:4e5b03946927091a	?getSocketRouter@bdNetImpl@@QAEPAVbdSocketRouter@@XZ			0	9107d0afff035a7f6d24fc474ee1928e2f3e4c5dfea37a5285b22d5b1b196336	accepted-evidence-awaiting-semantic-promotion	unique-one-to-one-exact-function-instruction-bytes-sha256-across-builds
urn:ure:t6:occ:function:current-client:00a4b700	0x00A4B700	FUN_00a4b700	fb55ba3e9c837737ec311119713c5811c3f4e813cbf5a90c28b309892a358817	urn:ure:t6:re_FunctionVariant:urn_ure_t6_re_FunctionFamily_urn_ure_t6_core_Project_black-ops-2_fd2705692f16c05f_re_Function_msvc-public_4bdNetStartParams_QAEAAV0_ABV0_Z_187508a6d7e2a3f5_build_urn_ure_t6_re_Build_urn_ure_t6_core_Project_black-ops-2_fd2705692f16c05f_pc-server-2013-03-11_4ee9a1fac7aa9195:442ccec740cc56da	??4bdNetStartParams@@QAEAAV0@ABV0@@Z			0	fb55ba3e9c837737ec311119713c5811c3f4e813cbf5a90c28b309892a358817	accepted-evidence-awaiting-semantic-promotion	unique-one-to-one-exact-function-instruction-bytes-sha256-across-builds
urn:ure:t6:occ:function:current-client:00a4d0c0	0x00A4D0C0	FUN_00a4d0c0	2941d7a789e61f62a68616cda5b4e1bb5da0f63b0804989437f43e084b064758	urn:ure:t6:re_FunctionVariant:urn_ure_t6_re_FunctionFamily_urn_ure_t6_core_Project_black-ops-2_fd2705692f16c05f_re_Function_msvc-public_isRunning_bdUPnP_QAE_NXZ_6267b1654925afe0_build_urn_ure_t6_re_Build_urn_ure_t6_core_Project_black-ops-2_fd2705692f16c05f_pc-server-2013-03-11_4ee9a1fac7aa9195:6e395125386c9efb	?isRunning@bdUPnP@@QAE_NXZ			0	2941d7a789e61f62a68616cda5b4e1bb5da0f63b0804989437f43e084b064758	accepted-evidence-awaiting-semantic-promotion	unique-one-to-one-exact-function-instruction-bytes-sha256-across-builds
urn:ure:t6:occ:function:current-client:00a4ee50	0x00A4EE50	FUN_00a4ee50	3a22c4d458153c44df5ee705b2095d349de2083677f36421af01456058fcb021	urn:ure:t6:re_FunctionVariant:urn_ure_t6_re_FunctionFamily_urn_ure_t6_core_Project_black-ops-2_fd2705692f16c05f_re_Function_msvc-public_0bdInAddr_QAE_XZ_ec0ab5532e8a6af1_build_urn_ure_t6_re_Build_urn_ure_t6_core_Project_black-ops-2_fd2705692f16c05f_pc-server-2013-03-11_4ee9a1fac7aa9195:f2bdf300767573a4	??0bdInAddr@@QAE@XZ	bdPlatform:bdInAddr.obj	0x009ddd60	9	3a22c4d458153c44df5ee705b2095d349de2083677f36421af01456058fcb021	accepted-evidence-awaiting-semantic-promotion	unique-one-to-one-exact-function-instruction-bytes-sha256-across-builds
urn:ure:t6:occ:function:current-client:00a4ee80	0x00A4EE80	FUN_00a4ee80	fde0dbbdc542bd4b2ee0c9350ee651b6ce84a538bbc0118e1793f7902fcdb739	urn:ure:t6:re_FunctionVariant:urn_ure_t6_re_FunctionFamily_urn_ure_t6_core_Project_black-ops-2_fd2705692f16c05f_re_Function_msvc-public_0bdInAddr_QAE_PBD_Z_5927f113f0973e1d_build_urn_ure_t6_re_Build_urn_ure_t6_core_Project_black-ops-2_fd2705692f16c05f_pc-server-2013-03-11_4ee9a1fac7aa9195:49bfebcef91c8ba9	??0bdInAddr@@QAE@PBD@Z	bdPlatform:bdInAddr.obj	0x009ddd90	22	fde0dbbdc542bd4b2ee0c9350ee651b6ce84a538bbc0118e1793f7902fcdb739	accepted-evidence-awaiting-semantic-promotion	unique-one-to-one-exact-function-instruction-bytes-sha256-across-builds
urn:ure:t6:occ:function:current-client:00a4f8a0	0x00A4F8A0	FUN_00a4f8a0	da5df05c6a392f13721a49f6bcf8fde80d7b45d9b753c913435715278bd1b6be	urn:ure:t6:re_FunctionVariant:urn_ure_t6_re_FunctionFamily_urn_ure_t6_core_Project_black-ops-2_fd2705692f16c05f_re_Function_msvc-public_next_bdHashMap_VbdSecurityID_VbdSecurityKey_VbdHashingClass_QBEXAAPAX_Z_818cca8ec91e57a1_build_urn_ure_t6_re_Build_urn_ure_t6_core_Project_black-ops-2_fd2705692f16c05f_pc-server-2013-03-11_4ee9a1fac7aa9195:4a637029a1a69531	?next@?$bdHashMap@VbdSecurityID@@VbdSecurityKey@@VbdHashingClass@@@@QBEXAAPAX@Z			0	da5df05c6a392f13721a49f6bcf8fde80d7b45d9b753c913435715278bd1b6be	accepted-evidence-awaiting-semantic-promotion	unique-one-to-one-exact-function-instruction-bytes-sha256-across-builds
urn:ure:t6:occ:function:current-client:00a50880	0x00A50880	FUN_00a50880	f2754c077f6587c6c2d84151837d5c1eb4511bd04eec765deab0859220fe3c2d	urn:ure:t6:re_FunctionVariant:urn_ure_t6_re_FunctionFamily_urn_ure_t6_core_Project_black-ops-2_fd2705692f16c05f_re_Function_msvc-public_getQoSProber_bdSocketRouter_QAEPAVbdQoSProbe_XZ_6bbb704bd2a495c5_build_urn_ure_t6_re_Build_urn_ure_t6_core_Project_black-ops-2_fd2705692f16c05f_pc-server-2013-03-11_4ee9a1fac7aa9195:3ca72feee7df9965	?getQoSProber@bdSocketRouter@@QAEPAVbdQoSProbe@@XZ			0	f2754c077f6587c6c2d84151837d5c1eb4511bd04eec765deab0859220fe3c2d	accepted-evidence-awaiting-semantic-promotion	unique-one-to-one-exact-function-instruction-bytes-sha256-across-builds
urn:ure:t6:occ:function:current-client:00a508b0	0x00A508B0	FUN_00a508b0	0f44d97c9f42d2e1a1e7956b0bb8e4b07c70feb205b095c08c6fc79b67e90094	urn:ure:t6:re_FunctionVariant:urn_ure_t6_re_FunctionFamily_urn_ure_t6_core_Project_black-ops-2_fd2705692f16c05f_re_Function_msvc-public_getAddressMap_bdSocketRouter_QAEPAVbdAddressMap_XZ_3d67e1a48467d4fd_build_urn_ure_t6_re_Build_urn_ure_t6_core_Project_black-ops-2_fd2705692f16c05f_pc-server-2013-03-11_4ee9a1fac7aa9195:c2bd11fbca8a069c	?getAddressMap@bdSocketRouter@@QAEPAVbdAddressMap@@XZ			0	0f44d97c9f42d2e1a1e7956b0bb8e4b07c70feb205b095c08c6fc79b67e90094	accepted-evidence-awaiting-semantic-promotion	unique-one-to-one-exact-function-instruction-bytes-sha256-across-builds
urn:ure:t6:occ:function:current-client:00a54120	0x00A54120	FUN_00a54120	f268ff97784a480e98ab7ada1c41b59063c28a2b87d3c0170aed0a20c1dd7b61	urn:ure:t6:re_FunctionVariant:urn_ure_t6_re_FunctionFamily_urn_ure_t6_core_Project_black-ops-2_fd2705692f16c05f_re_Function_msvc-public_getIterator_bdHashMap_V_bdReference_VbdCommonAddr_V_bdArray_UbdQoSProbeEntryWrapper_bdQoSProbe_VbdHashingClass_QBEPAXABV_bdReference_VbdCommonAddr_Z_0634c6b8f8be65bb_build_urn_ure_t6_re_Build_urn_ure_t6_core_Project_black-ops-2_fd2705692f16c05f_pc-server-2013-03-11_4ee9a1fac7aa9195:66ccda0e48cba434	?getIterator@?$bdHashMap@V?$bdReference@VbdCommonAddr@@@@V?$bdArray@UbdQoSProbeEntryWrapper@bdQoSProbe@@@@VbdHashingClass@@@@QBEPAXABV?$bdReference@VbdCommonAddr@@@@@Z			0	f268ff97784a480e98ab7ada1c41b59063c28a2b87d3c0170aed0a20c1dd7b61	accepted-evidence-awaiting-semantic-promotion	unique-one-to-one-exact-function-instruction-bytes-sha256-across-builds
urn:ure:t6:occ:function:current-client:00a54190	0x00A54190	FUN_00a54190	07fbb51f08ef9c054d78c81286931f3431ef196396579341e1627b759a2d9c99	urn:ure:t6:re_FunctionVariant:urn_ure_t6_re_FunctionFamily_urn_ure_t6_core_Project_black-ops-2_fd2705692f16c05f_re_Function_msvc-public_next_bdHashMap_V_bdReference_VbdCommonAddr_V_bdArray_UbdQoSProbeEntryWrapper_bdQoSProbe_VbdHashingClass_QBEXAAPAX_Z_eaf6102f70953d4f_build_urn_ure_t6_re_Build_urn_ure_t6_core_Project_black-ops-2_fd2705692f16c05f_pc-server-2013-03-11_4ee9a1fac7aa9195:7ad78b0df5bbd8da	?next@?$bdHashMap@V?$bdReference@VbdCommonAddr@@@@V?$bdArray@UbdQoSProbeEntryWrapper@bdQoSProbe@@@@VbdHashingClass@@@@QBEXAAPAX@Z			0	07fbb51f08ef9c054d78c81286931f3431ef196396579341e1627b759a2d9c99	accepted-evidence-awaiting-semantic-promotion	unique-one-to-one-exact-function-instruction-bytes-sha256-across-builds
urn:ure:t6:occ:function:current-client:00a54210	0x00A54210	FUN_00a54210	5aa83dbb653d5deaaa5c32c7e78355d8894ed9528f0fc4a05b78ad131adb03f2	urn:ure:t6:re_FunctionVariant:urn_ure_t6_re_FunctionFamily_urn_ure_t6_core_Project_black-ops-2_fd2705692f16c05f_re_Function_msvc-public_next_bdHashMap_IUbdQoSProbeEntryWrapper_bdQoSProbe_VbdHashingClass_QBEXAAPAX_Z_516f6073fff7a4f9_build_urn_ure_t6_re_Build_urn_ure_t6_core_Project_black-ops-2_fd2705692f16c05f_pc-server-2013-03-11_4ee9a1fac7aa9195:1e246efe03bd7ed9	?next@?$bdHashMap@IUbdQoSProbeEntryWrapper@bdQoSProbe@@VbdHashingClass@@@@QBEXAAPAX@Z			0	5aa83dbb653d5deaaa5c32c7e78355d8894ed9528f0fc4a05b78ad131adb03f2	accepted-evidence-awaiting-semantic-promotion	unique-one-to-one-exact-function-instruction-bytes-sha256-across-builds
urn:ure:t6:occ:function:current-client:00a54290	0x00A54290	FUN_00a54290	475462d6084f455b6c898d180509e8d498ec04ba0a9ba10ca822c1af85b4296d	urn:ure:t6:re_FunctionVariant:urn_ure_t6_re_FunctionFamily_urn_ure_t6_core_Project_black-ops-2_fd2705692f16c05f_re_Function_msvc-public_getIterator_bdHashMap_IUbdQoSProbeEntryWrapper_bdQoSProbe_VbdHashingClass_QBEPAXABI_Z_bccead3df8417d73_build_urn_ure_t6_re_Build_urn_ure_t6_core_Project_black-ops-2_fd2705692f16c05f_pc-server-2013-03-11_4ee9a1fac7aa9195:bdfdac71b5b2a4f0	?getIterator@?$bdHashMap@IUbdQoSProbeEntryWrapper@bdQoSProbe@@VbdHashingClass@@@@QBEPAXABI@Z			0	475462d6084f455b6c898d180509e8d498ec04ba0a9ba10ca822c1af85b4296d	accepted-evidence-awaiting-semantic-promotion	unique-one-to-one-exact-function-instruction-bytes-sha256-across-builds
urn:ure:t6:occ:function:current-client:00a56600	0x00A56600	FUN_00a56600	01ccd781f5c7b808ddb1976b9e44b6c04cabe247dbebc80a88c68edcb453fd5e	urn:ure:t6:re_FunctionVariant:urn_ure_t6_re_FunctionFamily_urn_ure_t6_core_Project_black-ops-2_fd2705692f16c05f_re_Function_msvc-public_isRunning_bdNATTypeDiscoveryClient_QBE_NXZ_85e2a6f14e908716_build_urn_ure_t6_re_Build_urn_ure_t6_core_Project_black-ops-2_fd2705692f16c05f_pc-server-2013-03-11_4ee9a1fac7aa9195:1188b56ed271aa81	?isRunning@bdNATTypeDiscoveryClient@@QBE_NXZ			0	01ccd781f5c7b808ddb1976b9e44b6c04cabe247dbebc80a88c68edcb453fd5e	accepted-evidence-awaiting-semantic-promotion	unique-one-to-one-exact-function-instruction-bytes-sha256-across-builds
urn:ure:t6:occ:function:current-client:00a57400	0x00A57400	FUN_00a57400	20ec44831ff387f59c38375c62ca0aa33dec3b36eeaf8c3b7ea287410df7d6d5	urn:ure:t6:re_FunctionVariant:urn_ure_t6_re_FunctionFamily_urn_ure_t6_core_Project_black-ops-2_fd2705692f16c05f_re_Function_msvc-public_getIterator_bdHashMap_IVbdNATTravClientData_VbdHashingClass_QBEPAXABI_Z_feae17119969bc1d_build_urn_ure_t6_re_Build_urn_ure_t6_core_Project_black-ops-2_fd2705692f16c05f_pc-server-2013-03-11_4ee9a1fac7aa9195:12c669e56fd0f80e	?getIterator@?$bdHashMap@IVbdNATTravClientData@@VbdHashingClass@@@@QBEPAXABI@Z			0	20ec44831ff387f59c38375c62ca0aa33dec3b36eeaf8c3b7ea287410df7d6d5	accepted-evidence-awaiting-semantic-promotion	unique-one-to-one-exact-function-instruction-bytes-sha256-across-builds
urn:ure:t6:occ:function:current-client:00a57470	0x00A57470	FUN_00a57470	7f0a75f4a0b016c0e03af18fb2f7ed3f4485e60b4bf035477eda7c030cc5a607	urn:ure:t6:re_FunctionVariant:urn_ure_t6_re_FunctionFamily_urn_ure_t6_core_Project_black-ops-2_fd2705692f16c05f_re_Function_msvc-public_next_bdHashMap_IVbdNATTravClientData_VbdHashingClass_QBEXAAPAX_Z_70bc316685db07c9_build_urn_ure_t6_re_Build_urn_ure_t6_core_Project_black-ops-2_fd2705692f16c05f_pc-server-2013-03-11_4ee9a1fac7aa9195:758a8831f1527911	?next@?$bdHashMap@IVbdNATTravClientData@@VbdHashingClass@@@@QBEXAAPAX@Z			0	7f0a75f4a0b016c0e03af18fb2f7ed3f4485e60b4bf035477eda7c030cc5a607	accepted-evidence-awaiting-semantic-promotion	unique-one-to-one-exact-function-instruction-bytes-sha256-across-builds
urn:ure:t6:occ:function:current-client:00a59740	0x00A59740	FUN_00a59740	b8afd6e064e388496aa9ce4618105d23a53f50f1f40b06c8222102d07b0589b7	urn:ure:t6:re_FunctionVariant:urn_ure_t6_re_FunctionFamily_urn_ure_t6_core_Project_black-ops-2_fd2705692f16c05f_re_Function_msvc-public_getLocalSecurityId_bdDTLSAssociation_QAEPBVbdSecurityID_XZ_407d710ac27c47de_build_urn_ure_t6_re_Build_urn_ure_t6_core_Project_black-ops-2_fd2705692f16c05f_pc-server-2013-03-11_4ee9a1fac7aa9195:c7eb7bdc1fc51008	?getLocalSecurityId@bdDTLSAssociation@@QAEPBVbdSecurityID@@XZ			0	b8afd6e064e388496aa9ce4618105d23a53f50f1f40b06c8222102d07b0589b7	accepted-evidence-awaiting-semantic-promotion	unique-one-to-one-exact-function-instruction-bytes-sha256-across-builds
urn:ure:t6:occ:function:current-client:00a59da0	0x00A59DA0	FUN_00a59da0	c5d536dadc62ef142b92f9fc10a59ba63d8efcceb0788cf7b082e55e8794eefe	urn:ure:t6:re_FunctionVariant:urn_ure_t6_re_FunctionFamily_urn_ure_t6_core_Project_black-ops-2_fd2705692f16c05f_re_Function_msvc-public_4bdDTLSInitAck_QAEAAV0_ABV0_Z_28c2dd57e428b6d9_build_urn_ure_t6_re_Build_urn_ure_t6_core_Project_black-ops-2_fd2705692f16c05f_pc-server-2013-03-11_4ee9a1fac7aa9195:cc659ffa33344e22	??4bdDTLSInitAck@@QAEAAV0@ABV0@@Z			0	c5d536dadc62ef142b92f9fc10a59ba63d8efcceb0788cf7b082e55e8794eefe	accepted-evidence-awaiting-semantic-promotion	unique-one-to-one-exact-function-instruction-bytes-sha256-across-builds
urn:ure:t6:occ:function:current-client:00a5b3a0	0x00A5B3A0	FUN_00a5b3a0	bdda960286ab95ddc5f5e74b03378f622d9dd189bc8ec684d50e39e368b4a634	urn:ure:t6:re_FunctionVariant:urn_ure_t6_re_FunctionFamily_urn_ure_t6_core_Project_black-ops-2_fd2705692f16c05f_re_Function_msvc-public_clearBuffer_bdPacketBufferInternal_QAEXXZ_d616d4a2d577699b_build_urn_ure_t6_re_Build_urn_ure_t6_core_Project_black-ops-2_fd2705692f16c05f_pc-server-2013-03-11_4ee9a1fac7aa9195:2a5d4fb60aa49544	?clearBuffer@bdPacketBufferInternal@@QAEXXZ			0	bdda960286ab95ddc5f5e74b03378f622d9dd189bc8ec684d50e39e368b4a634	accepted-evidence-awaiting-semantic-promotion	unique-one-to-one-exact-function-instruction-bytes-sha256-across-builds
urn:ure:t6:occ:function:current-client:00a5b3b0	0x00A5B3B0	FUN_00a5b3b0	e2d7162e36ec61247a1cb7ce7305f472db9ffae432b1b164d1062a6441c8788b	urn:ure:t6:re_FunctionVariant:urn_ure_t6_re_FunctionFamily_urn_ure_t6_core_Project_black-ops-2_fd2705692f16c05f_re_Function_msvc-public_getKey_bdPacketBufferInternal_QAEIXZ_e0e52b6561297bb3_build_urn_ure_t6_re_Build_urn_ure_t6_core_Project_black-ops-2_fd2705692f16c05f_pc-server-2013-03-11_4ee9a1fac7aa9195:8a0733c6ef964c82	?getKey@bdPacketBufferInternal@@QAEIXZ			0	e2d7162e36ec61247a1cb7ce7305f472db9ffae432b1b164d1062a6441c8788b	accepted-evidence-awaiting-semantic-promotion	unique-one-to-one-exact-function-instruction-bytes-sha256-across-builds
urn:ure:t6:occ:function:current-client:00a5b3d0	0x00A5B3D0	FUN_00a5b3d0	5f76a5d9363f84c1ea694431d69994d96b0078310281846fb63d9640965ea11c	urn:ure:t6:re_FunctionVariant:urn_ure_t6_re_FunctionFamily_urn_ure_t6_core_Project_black-ops-2_fd2705692f16c05f_re_Function_msvc-public_clearAll_bdPacketBuffer_QAEXXZ_79011b14d846ae6c_build_urn_ure_t6_re_Build_urn_ure_t6_core_Project_black-ops-2_fd2705692f16c05f_pc-server-2013-03-11_4ee9a1fac7aa9195:0950985a6b16c526	?clearAll@bdPacketBuffer@@QAEXXZ			0	5f76a5d9363f84c1ea694431d69994d96b0078310281846fb63d9640965ea11c	accepted-evidence-awaiting-semantic-promotion	unique-one-to-one-exact-function-instruction-bytes-sha256-across-builds
urn:ure:t6:occ:function:current-client:00a5b3f0	0x00A5B3F0	FUN_00a5b3f0	9f01dcf1b5b2843e311c66cf9bde69ee4dff42b9a889414ff13e77342f7f8efe	urn:ure:t6:re_FunctionVariant:urn_ure_t6_re_FunctionFamily_urn_ure_t6_core_Project_black-ops-2_fd2705692f16c05f_re_Function_msvc-public_findBuffer_bdPacketBuffer_AAEPAVbdPacketBufferInternal_I_N_Z_f1a0f4f4f9a01593_build_urn_ure_t6_re_Build_urn_ure_t6_core_Project_black-ops-2_fd2705692f16c05f_pc-server-2013-03-11_4ee9a1fac7aa9195:6be921624f8e540a	?findBuffer@bdPacketBuffer@@AAEPAVbdPacketBufferInternal@@I_N@Z			0	9f01dcf1b5b2843e311c66cf9bde69ee4dff42b9a889414ff13e77342f7f8efe	accepted-evidence-awaiting-semantic-promotion	unique-one-to-one-exact-function-instruction-bytes-sha256-across-builds
urn:ure:t6:occ:function:current-client:00a5b8d0	0x00A5B8D0	FUN_00a5b8d0	aa133952f7d210152ca56092b7ec0a75a2f2fecbc4f94dbbbd29e909da0468fe	urn:ure:t6:re_FunctionVariant:urn_ure_t6_re_FunctionFamily_urn_ure_t6_core_Project_black-ops-2_fd2705692f16c05f_re_Function_msvc-public_getSecID_bdDTLSCookieAck_QBEXAAVbdSecurityID_Z_9e4920469b0692e4_build_urn_ure_t6_re_Build_urn_ure_t6_core_Project_black-ops-2_fd2705692f16c05f_pc-server-2013-03-11_4ee9a1fac7aa9195:a1f5dac2cc42a8e2	?getSecID@bdDTLSCookieAck@@QBEXAAVbdSecurityID@@@Z			0	aa133952f7d210152ca56092b7ec0a75a2f2fecbc4f94dbbbd29e909da0468fe	accepted-evidence-awaiting-semantic-promotion	unique-one-to-one-exact-function-instruction-bytes-sha256-across-builds
urn:ure:t6:occ:function:current-client:00a5bbf0	0x00A5BBF0	FUN_00a5bbf0	29f5a04630a884c9ec03d2af36b4a06f2c2577acd2e4613d80ffc01be0d3de19	urn:ure:t6:re_FunctionVariant:urn_ure_t6_re_FunctionFamily_urn_ure_t6_core_Project_black-ops-2_fd2705692f16c05f_re_Function_msvc-public_getPeerTag_bdDTLSInitAck_QBEGXZ_f7dd61762348af91_build_urn_ure_t6_re_Build_urn_ure_t6_core_Project_black-ops-2_fd2705692f16c05f_pc-server-2013-03-11_4ee9a1fac7aa9195:526b8c948edd8fc7	?getPeerTag@bdDTLSInitAck@@QBEGXZ			0	29f5a04630a884c9ec03d2af36b4a06f2c2577acd2e4613d80ffc01be0d3de19	accepted-evidence-awaiting-semantic-promotion	unique-one-to-one-exact-function-instruction-bytes-sha256-across-builds
urn:ure:t6:occ:function:current-client:00a5bc00	0x00A5BC00	FUN_00a5bc00	8478c453e40be6a6473cd33ac75ba5ffeede901c8390fb6a0ea2471ca6e062cf	urn:ure:t6:re_FunctionVariant:urn_ure_t6_re_FunctionFamily_urn_ure_t6_core_Project_black-ops-2_fd2705692f16c05f_re_Function_msvc-public_getLocalTieTag_bdDTLSInitAck_QBEGXZ_298e44be18925376_build_urn_ure_t6_re_Build_urn_ure_t6_core_Project_black-ops-2_fd2705692f16c05f_pc-server-2013-03-11_4ee9a1fac7aa9195:8e0ed27a788e3c5c	?getLocalTieTag@bdDTLSInitAck@@QBEGXZ			0	8478c453e40be6a6473cd33ac75ba5ffeede901c8390fb6a0ea2471ca6e062cf	accepted-evidence-awaiting-semantic-promotion	unique-one-to-one-exact-function-instruction-bytes-sha256-across-builds
urn:ure:t6:occ:function:current-client:00a5bc10	0x00A5BC10	FUN_00a5bc10	55360b3d3a4936221c11eaeead6f8debcec396e42c1b8afa741355d2880aa60b	urn:ure:t6:re_FunctionVariant:urn_ure_t6_re_FunctionFamily_urn_ure_t6_core_Project_black-ops-2_fd2705692f16c05f_re_Function_msvc-public_getPeerTieTag_bdDTLSInitAck_QBEGXZ_a6883f8e1b070330_build_urn_ure_t6_re_Build_urn_ure_t6_core_Project_black-ops-2_fd2705692f16c05f_pc-server-2013-03-11_4ee9a1fac7aa9195:833e04aeaf799d0b	?getPeerTieTag@bdDTLSInitAck@@QBEGXZ			0	55360b3d3a4936221c11eaeead6f8debcec396e42c1b8afa741355d2880aa60b	accepted-evidence-awaiting-semantic-promotion	unique-one-to-one-exact-function-instruction-bytes-sha256-across-builds
urn:ure:t6:occ:function:current-client:00a5bc20	0x00A5BC20	FUN_00a5bc20	dadecdeeff0b9454fd9dc08c558a9148187b2b1bec017fe8b92430570b86012a	urn:ure:t6:re_FunctionVariant:urn_ure_t6_re_FunctionFamily_urn_ure_t6_core_Project_black-ops-2_fd2705692f16c05f_re_Function_msvc-public_getPeerAddr_bdDTLSInitAck_QBEABVbdAddr_XZ_c101bee3d8b28319_build_urn_ure_t6_re_Build_urn_ure_t6_core_Project_black-ops-2_fd2705692f16c05f_pc-server-2013-03-11_4ee9a1fac7aa9195:049b9ce757af7b6d	?getPeerAddr@bdDTLSInitAck@@QBEABVbdAddr@@XZ			0	dadecdeeff0b9454fd9dc08c558a9148187b2b1bec017fe8b92430570b86012a	accepted-evidence-awaiting-semantic-promotion	unique-one-to-one-exact-function-instruction-bytes-sha256-across-builds
urn:ure:t6:occ:function:current-client:00a5bc30	0x00A5BC30	FUN_00a5bc30	7258fd10b27a5e7eddc8096d971039f7ff07555a900a6d73ee8cda730dfef33d	urn:ure:t6:re_FunctionVariant:urn_ure_t6_re_FunctionFamily_urn_ure_t6_core_Project_black-ops-2_fd2705692f16c05f_re_Function_msvc-public_getSecID_bdDTLSInitAck_QBEXAAVbdSecurityID_Z_254cf31ccbeb5980_build_urn_ure_t6_re_Build_urn_ure_t6_core_Project_black-ops-2_fd2705692f16c05f_pc-server-2013-03-11_4ee9a1fac7aa9195:4ff4f1b53be20f03	?getSecID@bdDTLSInitAck@@QBEXAAVbdSecurityID@@@Z			0	7258fd10b27a5e7eddc8096d971039f7ff07555a900a6d73ee8cda730dfef33d	accepted-evidence-awaiting-semantic-promotion	unique-one-to-one-exact-function-instruction-bytes-sha256-across-builds
urn:ure:t6:occ:function:current-client:00a5c0e0	0x00A5C0E0	FUN_00a5c0e0	39314cb4cfc5466f11fa13da8f9167f726051e254c4a90e35b7c11dec61c7a15	urn:ure:t6:re_FunctionVariant:urn_ure_t6_re_FunctionFamily_urn_ure_t6_core_Project_black-ops-2_fd2705692f16c05f_re_Function_msvc-public_getSecID_bdDTLSError_QBEXAAVbdSecurityID_Z_82173736ba0fdc75_build_urn_ure_t6_re_Build_urn_ure_t6_core_Project_black-ops-2_fd2705692f16c05f_pc-server-2013-03-11_4ee9a1fac7aa9195:9b3d2f39d8542252	?getSecID@bdDTLSError@@QBEXAAVbdSecurityID@@@Z			0	39314cb4cfc5466f11fa13da8f9167f726051e254c4a90e35b7c11dec61c7a15	accepted-evidence-awaiting-semantic-promotion	unique-one-to-one-exact-function-instruction-bytes-sha256-across-builds
urn:ure:t6:occ:function:current-client:00a5c490	0x00A5C490	FUN_00a5c490	f4bbab863d74e4a48e4e120d33b3ff08699137d405f16170cc12b8e653734f33	urn:ure:t6:re_FunctionVariant:urn_ure_t6_re_FunctionFamily_urn_ure_t6_core_Project_black-ops-2_fd2705692f16c05f_re_Function_msvc-public_getSecID_bdDTLSCookieEcho_QBEPBEXZ_a13fe7ede87c63ec_build_urn_ure_t6_re_Build_urn_ure_t6_core_Project_black-ops-2_fd2705692f16c05f_pc-server-2013-03-11_4ee9a1fac7aa9195:4a679a3a780bbdd6	?getSecID@bdDTLSCookieEcho@@QBEPBEXZ			0	f4bbab863d74e4a48e4e120d33b3ff08699137d405f16170cc12b8e653734f33	accepted-evidence-awaiting-semantic-promotion	unique-one-to-one-exact-function-instruction-bytes-sha256-across-builds
urn:ure:t6:occ:function:current-client:00a5c4a0	0x00A5C4A0	FUN_00a5c4a0	052d5e0c827feea3811ecb028fb1e99dbae031ee88eae06c82e0b7061e202568	urn:ure:t6:re_FunctionVariant:urn_ure_t6_re_FunctionFamily_urn_ure_t6_core_Project_black-ops-2_fd2705692f16c05f_re_Function_msvc-public_getECCKey_bdDTLSCookieEcho_QBEPBEXZ_8e410839d9140e87_build_urn_ure_t6_re_Build_urn_ure_t6_core_Project_black-ops-2_fd2705692f16c05f_pc-server-2013-03-11_4ee9a1fac7aa9195:4d8f3561e4e274bd	?getECCKey@bdDTLSCookieEcho@@QBEPBEXZ			0	052d5e0c827feea3811ecb028fb1e99dbae031ee88eae06c82e0b7061e202568	accepted-evidence-awaiting-semantic-promotion	unique-one-to-one-exact-function-instruction-bytes-sha256-across-builds
urn:ure:t6:occ:function:current-client:00a5c7c0	0x00A5C7C0	FUN_00a5c7c0	20fe6eac36279b44365f4cfd067a1df384e3a92c71e802b6d1e9e3c0f6ef7d31	urn:ure:t6:re_FunctionVariant:urn_ure_t6_re_FunctionFamily_urn_ure_t6_core_Project_black-ops-2_fd2705692f16c05f_re_Function_msvc-public_getInitTag_bdDTLSInit_QBEGXZ_3bf93ecde38c49a4_build_urn_ure_t6_re_Build_urn_ure_t6_core_Project_black-ops-2_fd2705692f16c05f_pc-server-2013-03-11_4ee9a1fac7aa9195:d0e45b12da85f705	?getInitTag@bdDTLSInit@@QBEGXZ			0	20fe6eac36279b44365f4cfd067a1df384e3a92c71e802b6d1e9e3c0f6ef7d31	accepted-evidence-awaiting-semantic-promotion	unique-one-to-one-exact-function-instruction-bytes-sha256-across-builds
urn:ure:t6:occ:function:current-client:00a5c7d0	0x00A5C7D0	FUN_00a5c7d0	43581ca1c963974d33d6e5aae085a18f6628332413283d4f1dc1594f4c53f756	urn:ure:t6:re_FunctionVariant:urn_ure_t6_re_FunctionFamily_urn_ure_t6_core_Project_black-ops-2_fd2705692f16c05f_re_Function_msvc-public_getSecID_bdDTLSInit_QBEXAAVbdSecurityID_Z_f4a354b3090df1c4_build_urn_ure_t6_re_Build_urn_ure_t6_core_Project_black-ops-2_fd2705692f16c05f_pc-server-2013-03-11_4ee9a1fac7aa9195:efde63b35af0946c	?getSecID@bdDTLSInit@@QBEXAAVbdSecurityID@@@Z			0	43581ca1c963974d33d6e5aae085a18f6628332413283d4f1dc1594f4c53f756	accepted-evidence-awaiting-semantic-promotion	unique-one-to-one-exact-function-instruction-bytes-sha256-across-builds
urn:ure:t6:occ:function:current-client:00a5c9a0	0x00A5C9A0	FUN_00a5c9a0	06a70f0f392d31260112a687080ca8232e197e8bc406048a483e77a942e85beb	urn:ure:t6:re_FunctionVariant:urn_ure_t6_re_FunctionFamily_urn_ure_t6_core_Project_black-ops-2_fd2705692f16c05f_re_Function_msvc-public_0bdServiceBandwidthArbitrator_QAE_XZ_0792478ae721b357_build_urn_ure_t6_re_Build_urn_ure_t6_core_Project_black-ops-2_fd2705692f16c05f_pc-server-2013-03-11_4ee9a1fac7aa9195:01e752e0ffe6550f	??0bdServiceBandwidthArbitrator@@QAE@XZ	bdSocket:bdServiceBandwidthArbitrator.obj	0x009eeac0	13	06a70f0f392d31260112a687080ca8232e197e8bc406048a483e77a942e85beb	accepted-evidence-awaiting-semantic-promotion	unique-one-to-one-exact-function-instruction-bytes-sha256-across-builds
urn:ure:t6:occ:function:current-client:00a5c9c0	0x00A5C9C0	FUN_00a5c9c0	009674ba4b319b45a90514eeea43e1fa69a6dc09014a1c01643a9e2db53bedef	urn:ure:t6:re_FunctionVariant:urn_ure_t6_re_FunctionFamily_urn_ure_t6_core_Project_black-ops-2_fd2705692f16c05f_re_Function_msvc-public_addSliceQuota_bdServiceBandwidthArbitrator_QAEXI_Z_dc673f52e0ebeda0_build_urn_ure_t6_re_Build_urn_ure_t6_core_Project_black-ops-2_fd2705692f16c05f_pc-server-2013-03-11_4ee9a1fac7aa9195:b74c3367f233a7a7	?addSliceQuota@bdServiceBandwidthArbitrator@@QAEXI@Z			0	009674ba4b319b45a90514eeea43e1fa69a6dc09014a1c01643a9e2db53bedef	accepted-evidence-awaiting-semantic-promotion	unique-one-to-one-exact-function-instruction-bytes-sha256-across-builds
urn:ure:t6:occ:function:current-client:00a5ca00	0x00A5CA00	FUN_00a5ca00	b4aa519d50d49ba079ce4fb51343c11bffc0be30e8f3bf7e01de73e6a2153554	urn:ure:t6:re_FunctionVariant:urn_ure_t6_re_FunctionFamily_urn_ure_t6_core_Project_black-ops-2_fd2705692f16c05f_re_Function_msvc-public_allowedSend_bdServiceBandwidthArbitrator_QBE_NI_Z_2382fc12f9fafced_build_urn_ure_t6_re_Build_urn_ure_t6_core_Project_black-ops-2_fd2705692f16c05f_pc-server-2013-03-11_4ee9a1fac7aa9195:800e18e24abc479e	?allowedSend@bdServiceBandwidthArbitrator@@QBE_NI@Z			0	b4aa519d50d49ba079ce4fb51343c11bffc0be30e8f3bf7e01de73e6a2153554	accepted-evidence-awaiting-semantic-promotion	unique-one-to-one-exact-function-instruction-bytes-sha256-across-builds
urn:ure:t6:occ:function:current-client:00a5ca20	0x00A5CA20	FUN_00a5ca20	60e907fc5785b4846d5b5d6227e0da5668fe358eaea121f5189a4d57ae5d6667	urn:ure:t6:re_FunctionVariant:urn_ure_t6_re_FunctionFamily_urn_ure_t6_core_Project_black-ops-2_fd2705692f16c05f_re_Function_msvc-public_0bdQoSReplyPacket_QAE_XZ_61bd3047f5ac3739_build_urn_ure_t6_re_Build_urn_ure_t6_core_Project_black-ops-2_fd2705692f16c05f_pc-server-2013-03-11_4ee9a1fac7aa9195:f79cc4d01e5ba0c3	??0bdQoSReplyPacket@@QAE@XZ	bdSocket:bdQoSReplyPacket.obj	0x009eeb40	30	60e907fc5785b4846d5b5d6227e0da5668fe358eaea121f5189a4d57ae5d6667	accepted-evidence-awaiting-semantic-promotion	unique-one-to-one-exact-function-instruction-bytes-sha256-across-builds
urn:ure:t6:occ:function:current-client:00a5cab0	0x00A5CAB0	FUN_00a5cab0	47af619b3e220babf4669a6ad04ded74eac128808c50b426ef20410162316d2c	urn:ure:t6:re_FunctionVariant:urn_ure_t6_re_FunctionFamily_urn_ure_t6_core_Project_black-ops-2_fd2705692f16c05f_re_Function_msvc-public_getEnabled_bdQoSReplyPacket_QBE_NXZ_2ad40d67d406cc39_build_urn_ure_t6_re_Build_urn_ure_t6_core_Project_black-ops-2_fd2705692f16c05f_pc-server-2013-03-11_4ee9a1fac7aa9195:a137001c133de6df	?getEnabled@bdQoSReplyPacket@@QBE_NXZ			0	47af619b3e220babf4669a6ad04ded74eac128808c50b426ef20410162316d2c	accepted-evidence-awaiting-semantic-promotion	unique-one-to-one-exact-function-instruction-bytes-sha256-across-builds
urn:ure:t6:occ:function:current-client:00a5ce60	0x00A5CE60	FUN_00a5ce60	f14171a5f9ba99d111f8b61293fcf31b42702a556c02c2e673eb36993a3cefd5	urn:ure:t6:re_FunctionVariant:urn_ure_t6_re_FunctionFamily_urn_ure_t6_core_Project_black-ops-2_fd2705692f16c05f_re_Function_msvc-public_0bdQoSRequestPacket_QAE_XZ_cdceb102446d5d23_build_urn_ure_t6_re_Build_urn_ure_t6_core_Project_black-ops-2_fd2705692f16c05f_pc-server-2013-03-11_4ee9a1fac7aa9195:1239a74ff5bffecb	??0bdQoSRequestPacket@@QAE@XZ	bdSocket:bdQoSRequestPacket.obj	0x009eefe0	19	f14171a5f9ba99d111f8b61293fcf31b42702a556c02c2e673eb36993a3cefd5	accepted-evidence-awaiting-semantic-promotion	unique-one-to-one-exact-function-instruction-bytes-sha256-across-builds
urn:ure:t6:occ:function:current-client:00a5ce80	0x00A5CE80	FUN_00a5ce80	f8cc610e96661a7cacc1abcc71503689f5019106569e57d1c87f4cec6c282cb8	urn:ure:t6:re_FunctionVariant:urn_ure_t6_re_FunctionFamily_urn_ure_t6_core_Project_black-ops-2_fd2705692f16c05f_re_Function_msvc-public_getTimestamp_bdQoSRequestPacket_QBE_KXZ_af01680acd6fb14f_build_urn_ure_t6_re_Build_urn_ure_t6_core_Project_black-ops-2_fd2705692f16c05f_pc-server-2013-03-11_4ee9a1fac7aa9195:1ea76db2bf703b30	?getTimestamp@bdQoSRequestPacket@@QBE_KXZ			0	f8cc610e96661a7cacc1abcc71503689f5019106569e57d1c87f4cec6c282cb8	accepted-evidence-awaiting-semantic-promotion	unique-one-to-one-exact-function-instruction-bytes-sha256-across-builds
urn:ure:t6:occ:function:current-client:00a5d060	0x00A5D060	FUN_00a5d060	4b1ce07fc661ad376f1c8373adc9c8af93904cffaf3216a705d1cc36d1877c05	urn:ure:t6:re_FunctionVariant:urn_ure_t6_re_FunctionFamily_urn_ure_t6_core_Project_black-ops-2_fd2705692f16c05f_re_Function_msvc-public_0bdIPDiscoveryPacket_QAE_XZ_1a640b89cb89371c_build_urn_ure_t6_re_Build_urn_ure_t6_core_Project_black-ops-2_fd2705692f16c05f_pc-server-2013-03-11_4ee9a1fac7aa9195:ad344b65644852dd	??0bdIPDiscoveryPacket@@QAE@XZ	bdSocket:bdIPDiscoveryPacket.obj	0x009ef1f0	15	4b1ce07fc661ad376f1c8373adc9c8af93904cffaf3216a705d1cc36d1877c05	accepted-evidence-awaiting-semantic-promotion	unique-one-to-one-exact-function-instruction-bytes-sha256-across-builds
urn:ure:t6:occ:function:current-client:00a5d260	0x00A5D260	FUN_00a5d260	e815804b3ecfb7661e10565ca05443372c310ea4c194d1d6aafe3efbeccdb9fe	urn:ure:t6:re_FunctionVariant:urn_ure_t6_re_FunctionFamily_urn_ure_t6_core_Project_black-ops-2_fd2705692f16c05f_re_Function_msvc-public_0bdNATTypeDiscoveryPacket_QAE_W4bdNATTypeDiscoveryPacketRequest_0_Z_77791258fa5d2764_build_urn_ure_t6_re_Build_urn_ure_t6_core_Project_black-ops-2_fd2705692f16c05f_pc-server-2013-03-11_4ee9a1fac7aa9195:62cd8a4767d8a52f	??0bdNATTypeDiscoveryPacket@@QAE@W4bdNATTypeDiscoveryPacketRequest@0@@Z	bdSocket:bdNATTypeDiscoveryPacket.obj	0x009ef3f0	27	e815804b3ecfb7661e10565ca05443372c310ea4c194d1d6aafe3efbeccdb9fe	accepted-evidence-awaiting-semantic-promotion	unique-one-to-one-exact-function-instruction-bytes-sha256-across-builds
urn:ure:t6:occ:function:current-client:00a5d580	0x00A5D580	FUN_00a5d580	39037bd522bd24697e9aa9c37a7994cf406a3a03a890d4ba43d9496dd6c9e8c5	urn:ure:t6:re_FunctionVariant:urn_ure_t6_re_FunctionFamily_urn_ure_t6_core_Project_black-ops-2_fd2705692f16c05f_re_Function_msvc-public_getAddrDest_bdNATTraversalPacket_QBEABVbdAddr_XZ_8e6b66a36686239d_build_urn_ure_t6_re_Build_urn_ure_t6_core_Project_black-ops-2_fd2705692f16c05f_pc-server-2013-03-11_4ee9a1fac7aa9195:eef34312c855cf1c	?getAddrDest@bdNATTraversalPacket@@QBEABVbdAddr@@XZ			0	39037bd522bd24697e9aa9c37a7994cf406a3a03a890d4ba43d9496dd6c9e8c5	accepted-evidence-awaiting-semantic-promotion	unique-one-to-one-exact-function-instruction-bytes-sha256-across-builds
urn:ure:t6:occ:function:current-client:00a5db60	0x00A5DB60	FUN_00a5db60	be4f0e28e698eda767da7b01ab3c7db78161af6542fa7c3fed694f571e5c3540	urn:ure:t6:re_FunctionVariant:urn_ure_t6_re_FunctionFamily_urn_ure_t6_core_Project_black-ops-2_fd2705692f16c05f_re_Function_msvc-public_getVtag_bdDTLSHeader_QBEGXZ_4d99857e11b55977_build_urn_ure_t6_re_Build_urn_ure_t6_core_Project_black-ops-2_fd2705692f16c05f_pc-server-2013-03-11_4ee9a1fac7aa9195:74b19b051ad6f591	?getVtag@bdDTLSHeader@@QBEGXZ			0	be4f0e28e698eda767da7b01ab3c7db78161af6542fa7c3fed694f571e5c3540	accepted-evidence-awaiting-semantic-promotion	unique-one-to-one-exact-function-instruction-bytes-sha256-across-builds
urn:ure:t6:occ:function:current-client:00a5db70	0x00A5DB70	FUN_00a5db70	480fdda7447326030780cf69b657ed848a080ed27143aea1e5ba5e845881d039	urn:ure:t6:re_FunctionVariant:urn_ure_t6_re_FunctionFamily_urn_ure_t6_core_Project_black-ops-2_fd2705692f16c05f_re_Function_msvc-public_getCounter_bdDTLSHeader_QBEGXZ_02f40a60ab748dfa_build_urn_ure_t6_re_Build_urn_ure_t6_core_Project_black-ops-2_fd2705692f16c05f_pc-server-2013-03-11_4ee9a1fac7aa9195:ca52234dd84fe756	?getCounter@bdDTLSHeader@@QBEGXZ			0	480fdda7447326030780cf69b657ed848a080ed27143aea1e5ba5e845881d039	accepted-evidence-awaiting-semantic-promotion	unique-one-to-one-exact-function-instruction-bytes-sha256-across-builds
urn:ure:t6:occ:function:current-client:00a65860	0x00A65860	FUN_00a65860	5547fc985fa4b0c8d4d71acadca7be754f2d50cfe111c4c064bb8d142cb9d5ce	urn:ure:t6:re_FunctionVariant:urn_ure_t6_re_FunctionFamily_urn_ure_t6_core_Project_black-ops-2_fd2705692f16c05f_re_Function_msvc-public__ecc_import_bfaa5dc0efe86730_build_urn_ure_t6_re_Build_urn_ure_t6_core_Project_black-ops-2_fd2705692f16c05f_pc-server-2013-03-11_4ee9a1fac7aa9195:b6cfe2a2b9e4d979	_ecc_import			0	5547fc985fa4b0c8d4d71acadca7be754f2d50cfe111c4c064bb8d142cb9d5ce	accepted-evidence-awaiting-semantic-promotion	unique-one-to-one-exact-function-instruction-bytes-sha256-across-builds
urn:ure:t6:occ:function:current-client:00a69f70	0x00A69F70	FUN_00a69f70	000306991b19291583acd3e5685fc383902f11e6796d3f50679e30dae51a339c	urn:ure:t6:re_FunctionVariant:urn_ure_t6_re_FunctionFamily_urn_ure_t6_core_Project_black-ops-2_fd2705692f16c05f_re_Function_msvc-public__der_utf8_charsize_4e39bff31caacc31_build_urn_ure_t6_re_Build_urn_ure_t6_core_Project_black-ops-2_fd2705692f16c05f_pc-server-2013-03-11_4ee9a1fac7aa9195:28877f0ceecb4ec8	_der_utf8_charsize			0	000306991b19291583acd3e5685fc383902f11e6796d3f50679e30dae51a339c	accepted-evidence-awaiting-semantic-promotion	unique-one-to-one-exact-function-instruction-bytes-sha256-across-builds
urn:ure:t6:occ:function:current-client:00a6a6a0	0x00A6A6A0	FUN_00a6a6a0	520a6999b2344f426a5ed533e52b534c958259b1e86c194ea996b1e9ed94e903	urn:ure:t6:re_FunctionVariant:urn_ure_t6_re_FunctionFamily_urn_ure_t6_core_Project_black-ops-2_fd2705692f16c05f_re_Function_msvc-public__der_object_identifier_bits_1a3e935d203ee523_build_urn_ure_t6_re_Build_urn_ure_t6_core_Project_black-ops-2_fd2705692f16c05f_pc-server-2013-03-11_4ee9a1fac7aa9195:2a539faf9f1e97f8	_der_object_identifier_bits			0	520a6999b2344f426a5ed533e52b534c958259b1e86c194ea996b1e9ed94e903	accepted-evidence-awaiting-semantic-promotion	unique-one-to-one-exact-function-instruction-bytes-sha256-across-builds
urn:ure:t6:occ:function:current-client:00a6ccc0	0x00A6CCC0	FUN_00a6ccc0	cad3ad7aa8cf613d147f06ef0903e35993626f34671e408a5cf080f0265ec0fd	urn:ure:t6:re_FunctionVariant:urn_ure_t6_re_FunctionFamily_urn_ure_t6_core_Project_black-ops-2_fd2705692f16c05f_re_Function_msvc-public__mp_neg_bc746b3d06ef1597_build_urn_ure_t6_re_Build_urn_ure_t6_core_Project_black-ops-2_fd2705692f16c05f_pc-server-2013-03-11_4ee9a1fac7aa9195:d56ae4b3d7574a59	_mp_neg			0	cad3ad7aa8cf613d147f06ef0903e35993626f34671e408a5cf080f0265ec0fd	accepted-evidence-awaiting-semantic-promotion	unique-one-to-one-exact-function-instruction-bytes-sha256-across-builds
urn:ure:t6:occ:function:current-client:00a6cd00	0x00A6CD00	FUN_00a6cd00	b4e1b2268ade0ef58650004fea37c523502e3858b3cd4d950e5f48c3c0a754ef	urn:ure:t6:re_FunctionVariant:urn_ure_t6_re_FunctionFamily_urn_ure_t6_core_Project_black-ops-2_fd2705692f16c05f_re_Function_msvc-public__mp_copy_4d75f4d762118494_build_urn_ure_t6_re_Build_urn_ure_t6_core_Project_black-ops-2_fd2705692f16c05f_pc-server-2013-03-11_4ee9a1fac7aa9195:8703fc6f21f6516b	_mp_copy			0	b4e1b2268ade0ef58650004fea37c523502e3858b3cd4d950e5f48c3c0a754ef	accepted-evidence-awaiting-semantic-promotion	unique-one-to-one-exact-function-instruction-bytes-sha256-across-builds
urn:ure:t6:occ:function:current-client:00a6cd70	0x00A6CD70	FUN_00a6cd70	b871b145eccf4d7d3b83585787fb15c06cd0c18f703cef3aec8717ee45fa5c2d	urn:ure:t6:re_FunctionVariant:urn_ure_t6_re_FunctionFamily_urn_ure_t6_core_Project_black-ops-2_fd2705692f16c05f_re_Function_msvc-public__mp_set_int_23d003ebda90f0db_build_urn_ure_t6_re_Build_urn_ure_t6_core_Project_black-ops-2_fd2705692f16c05f_pc-server-2013-03-11_4ee9a1fac7aa9195:95077d69cca17e2d	_mp_set_int			0	b871b145eccf4d7d3b83585787fb15c06cd0c18f703cef3aec8717ee45fa5c2d	accepted-evidence-awaiting-semantic-promotion	unique-one-to-one-exact-function-instruction-bytes-sha256-across-builds
urn:ure:t6:occ:function:current-client:00a6cdc0	0x00A6CDC0	FUN_00a6cdc0	b0acdd7a8d268d4367a93678ac3849a4d0409096711178f591f79bdc30a7759d	urn:ure:t6:re_FunctionVariant:urn_ure_t6_re_FunctionFamily_urn_ure_t6_core_Project_black-ops-2_fd2705692f16c05f_re_Function_msvc-public__mp_get_int_04d47de03ffc283a_build_urn_ure_t6_re_Build_urn_ure_t6_core_Project_black-ops-2_fd2705692f16c05f_pc-server-2013-03-11_4ee9a1fac7aa9195:d3c48ad17b868a3b	_mp_get_int			0	b0acdd7a8d268d4367a93678ac3849a4d0409096711178f591f79bdc30a7759d	accepted-evidence-awaiting-semantic-promotion	unique-one-to-one-exact-function-instruction-bytes-sha256-across-builds
urn:ure:t6:occ:function:current-client:00a6ce00	0x00A6CE00	FUN_00a6ce00	e6bef4a6a1b08df6605017881334f846caf6b4467242c6fae3f8bd3ea19d6263	urn:ure:t6:re_FunctionVariant:urn_ure_t6_re_FunctionFamily_urn_ure_t6_core_Project_black-ops-2_fd2705692f16c05f_re_Function_msvc-public__mp_cmp_bde7961923eceaa4_build_urn_ure_t6_re_Build_urn_ure_t6_core_Project_black-ops-2_fd2705692f16c05f_pc-server-2013-03-11_4ee9a1fac7aa9195:a7e903322f879975	_mp_cmp			0	e6bef4a6a1b08df6605017881334f846caf6b4467242c6fae3f8bd3ea19d6263	accepted-evidence-awaiting-semantic-promotion	unique-one-to-one-exact-function-instruction-bytes-sha256-across-builds
urn:ure:t6:occ:function:current-client:00a6ce40	0x00A6CE40	FUN_00a6ce40	336219ac8649f54dda70595bb6dfd96a11d0a7421429d9ecdc362adb58e8fcf6	urn:ure:t6:re_FunctionVariant:urn_ure_t6_re_FunctionFamily_urn_ure_t6_core_Project_black-ops-2_fd2705692f16c05f_re_Function_msvc-public__mp_cmp_d_27b623c722ca1111_build_urn_ure_t6_re_Build_urn_ure_t6_core_Project_black-ops-2_fd2705692f16c05f_pc-server-2013-03-11_4ee9a1fac7aa9195:faf87389349ea3aa	_mp_cmp_d			0	336219ac8649f54dda70595bb6dfd96a11d0a7421429d9ecdc362adb58e8fcf6	accepted-evidence-awaiting-semantic-promotion	unique-one-to-one-exact-function-instruction-bytes-sha256-across-builds
urn:ure:t6:occ:function:current-client:00a6cf20	0x00A6CF20	FUN_00a6cf20	ec3c1a35a9eb62e39b40c403ac30fc1135101cb084649b79bb7fd581956a1bdf	urn:ure:t6:re_FunctionVariant:urn_ure_t6_re_FunctionFamily_urn_ure_t6_core_Project_black-ops-2_fd2705692f16c05f_re_Function_msvc-public__mp_2expt_1e0d707ec2efad9f_build_urn_ure_t6_re_Build_urn_ure_t6_core_Project_black-ops-2_fd2705692f16c05f_pc-server-2013-03-11_4ee9a1fac7aa9195:6b570077c581b8c9	_mp_2expt			0	ec3c1a35a9eb62e39b40c403ac30fc1135101cb084649b79bb7fd581956a1bdf	accepted-evidence-awaiting-semantic-promotion	unique-one-to-one-exact-function-instruction-bytes-sha256-across-builds
urn:ure:t6:occ:function:current-client:00a6d150	0x00A6D150	FUN_00a6d150	b0f43dd3d47814597a808894c2a6d06546260879a12f3782623988014f0fb865	urn:ure:t6:re_FunctionVariant:urn_ure_t6_re_FunctionFamily_urn_ure_t6_core_Project_black-ops-2_fd2705692f16c05f_re_Function_msvc-public__mp_unsigned_bin_size_49704fde6fa3ab95_build_urn_ure_t6_re_Build_urn_ure_t6_core_Project_black-ops-2_fd2705692f16c05f_pc-server-2013-03-11_4ee9a1fac7aa9195:259bd2e372dfa5f8	_mp_unsigned_bin_size			0	b0f43dd3d47814597a808894c2a6d06546260879a12f3782623988014f0fb865	accepted-evidence-awaiting-semantic-promotion	unique-one-to-one-exact-function-instruction-bytes-sha256-across-builds
urn:ure:t6:occ:function:current-client:00a6d180	0x00A6D180	FUN_00a6d180	2e68debb46a18cf007294b274dd0cda18e121f2db14b0223d3520188e3e596fc	urn:ure:t6:re_FunctionVariant:urn_ure_t6_re_FunctionFamily_urn_ure_t6_core_Project_black-ops-2_fd2705692f16c05f_re_Function_msvc-public__mp_to_unsigned_bin_f53d6305701b2f80_build_urn_ure_t6_re_Build_urn_ure_t6_core_Project_black-ops-2_fd2705692f16c05f_pc-server-2013-03-11_4ee9a1fac7aa9195:92692fb8f42f4777	_mp_to_unsigned_bin			0	2e68debb46a18cf007294b274dd0cda18e121f2db14b0223d3520188e3e596fc	accepted-evidence-awaiting-semantic-promotion	unique-one-to-one-exact-function-instruction-bytes-sha256-across-builds
urn:ure:t6:occ:function:current-client:00a6d200	0x00A6D200	FUN_00a6d200	5f878e78f2c9f1983fae9a113fbff78311aec16ccef446675eefe1f9a6c98326	urn:ure:t6:re_FunctionVariant:urn_ure_t6_re_FunctionFamily_urn_ure_t6_core_Project_black-ops-2_fd2705692f16c05f_re_Function_msvc-public__mp_read_unsigned_bin_b1b7b3492cd07a0e_build_urn_ure_t6_re_Build_urn_ure_t6_core_Project_black-ops-2_fd2705692f16c05f_pc-server-2013-03-11_4ee9a1fac7aa9195:596b70d988a0dcbc	_mp_read_unsigned_bin			0	5f878e78f2c9f1983fae9a113fbff78311aec16ccef446675eefe1f9a6c98326	accepted-evidence-awaiting-semantic-promotion	unique-one-to-one-exact-function-instruction-bytes-sha256-across-builds
urn:ure:t6:occ:function:current-client:00a6d270	0x00A6D270	FUN_00a6d270	fc55a9ca974dc54b331fcc7a4412d5a1216cc67a7278732d05818c24df7a728a	urn:ure:t6:re_FunctionVariant:urn_ure_t6_re_FunctionFamily_urn_ure_t6_core_Project_black-ops-2_fd2705692f16c05f_re_Function_msvc-public__mp_add_07aaeca0decaa160_build_urn_ure_t6_re_Build_urn_ure_t6_core_Project_black-ops-2_fd2705692f16c05f_pc-server-2013-03-11_4ee9a1fac7aa9195:51a3dbe12ef74c88	_mp_add			0	fc55a9ca974dc54b331fcc7a4412d5a1216cc67a7278732d05818c24df7a728a	accepted-evidence-awaiting-semantic-promotion	unique-one-to-one-exact-function-instruction-bytes-sha256-across-builds
urn:ure:t6:occ:function:current-client:00a6d2e0	0x00A6D2E0	FUN_00a6d2e0	b3ee32b7ff44ea7711d0923c25d8491fe08fb0468bdb2802652103519f99b025	urn:ure:t6:re_FunctionVariant:urn_ure_t6_re_FunctionFamily_urn_ure_t6_core_Project_black-ops-2_fd2705692f16c05f_re_Function_msvc-public__mp_add_d_886dfad3648f5a04_build_urn_ure_t6_re_Build_urn_ure_t6_core_Project_black-ops-2_fd2705692f16c05f_pc-server-2013-03-11_4ee9a1fac7aa9195:c12cc293e36785c9	_mp_add_d			0	b3ee32b7ff44ea7711d0923c25d8491fe08fb0468bdb2802652103519f99b025	accepted-evidence-awaiting-semantic-promotion	unique-one-to-one-exact-function-instruction-bytes-sha256-across-builds
urn:ure:t6:occ:function:current-client:00a6d3f0	0x00A6D3F0	FUN_00a6d3f0	68535070f1d33fff9e493938a2e5846b88de73dc13819a161208c3d3328b5873	urn:ure:t6:re_FunctionVariant:urn_ure_t6_re_FunctionFamily_urn_ure_t6_core_Project_black-ops-2_fd2705692f16c05f_re_Function_msvc-public__mp_sub_a430d828ecef515f_build_urn_ure_t6_re_Build_urn_ure_t6_core_Project_black-ops-2_fd2705692f16c05f_pc-server-2013-03-11_4ee9a1fac7aa9195:286dee1ba0b2c599	_mp_sub			0	68535070f1d33fff9e493938a2e5846b88de73dc13819a161208c3d3328b5873	accepted-evidence-awaiting-semantic-promotion	unique-one-to-one-exact-function-instruction-bytes-sha256-across-builds
urn:ure:t6:occ:function:current-client:00a6d460	0x00A6D460	FUN_00a6d460	b5e118e6f00b8e574f20055ff3c6b1b6f9674963aace7fa626ce3f49220896e7	urn:ure:t6:re_FunctionVariant:urn_ure_t6_re_FunctionFamily_urn_ure_t6_core_Project_black-ops-2_fd2705692f16c05f_re_Function_msvc-public__mp_sub_d_85f458942ba04620_build_urn_ure_t6_re_Build_urn_ure_t6_core_Project_black-ops-2_fd2705692f16c05f_pc-server-2013-03-11_4ee9a1fac7aa9195:7d85064274a57f74	_mp_sub_d			0	b5e118e6f00b8e574f20055ff3c6b1b6f9674963aace7fa626ce3f49220896e7	accepted-evidence-awaiting-semantic-promotion	unique-one-to-one-exact-function-instruction-bytes-sha256-across-builds
urn:ure:t6:occ:function:current-client:00a6dc50	0x00A6DC50	FUN_00a6dc50	847c4e71521647a800af972cecf0ff2cc5a222aeb3d3003c51691cc905a80844	urn:ure:t6:re_FunctionVariant:urn_ure_t6_re_FunctionFamily_urn_ure_t6_core_Project_black-ops-2_fd2705692f16c05f_re_Function_msvc-public__mp_div_2_8b0d3472b017d770_build_urn_ure_t6_re_Build_urn_ure_t6_core_Project_black-ops-2_fd2705692f16c05f_pc-server-2013-03-11_4ee9a1fac7aa9195:64c12460204be137	_mp_div_2			0	847c4e71521647a800af972cecf0ff2cc5a222aeb3d3003c51691cc905a80844	accepted-evidence-awaiting-semantic-promotion	unique-one-to-one-exact-function-instruction-bytes-sha256-across-builds
urn:ure:t6:occ:function:current-client:00a6dce0	0x00A6DCE0	FUN_00a6dce0	0895f38f217a87a7ca77bcd1595b112f3a76fbb9bcada090dd44f835c7e74301	urn:ure:t6:re_FunctionVariant:urn_ure_t6_re_FunctionFamily_urn_ure_t6_core_Project_black-ops-2_fd2705692f16c05f_re_Function_msvc-public__mp_mod_d_b0f079f9239fc7a5_build_urn_ure_t6_re_Build_urn_ure_t6_core_Project_black-ops-2_fd2705692f16c05f_pc-server-2013-03-11_4ee9a1fac7aa9195:14ba22846bee2d7a	_mp_mod_d			0	0895f38f217a87a7ca77bcd1595b112f3a76fbb9bcada090dd44f835c7e74301	accepted-evidence-awaiting-semantic-promotion	unique-one-to-one-exact-function-instruction-bytes-sha256-across-builds
urn:ure:t6:occ:function:current-client:00a6dd00	0x00A6DD00	FUN_00a6dd00	19ad3ce59211e1a50390909b052f7cc571c1793e081410318ca487077b3a7405	urn:ure:t6:re_FunctionVariant:urn_ure_t6_re_FunctionFamily_urn_ure_t6_core_Project_black-ops-2_fd2705692f16c05f_re_Function_msvc-public__mp_gcd_0b47ed664df214af_build_urn_ure_t6_re_Build_urn_ure_t6_core_Project_black-ops-2_fd2705692f16c05f_pc-server-2013-03-11_4ee9a1fac7aa9195:89003011279f7e19	_mp_gcd			0	19ad3ce59211e1a50390909b052f7cc571c1793e081410318ca487077b3a7405	accepted-evidence-awaiting-semantic-promotion	unique-one-to-one-exact-function-instruction-bytes-sha256-across-builds
urn:ure:t6:occ:function:current-client:00a6ded0	0x00A6DED0	FUN_00a6ded0	b173f120d12a9aea91e55d7330cfc9e51e55ee8d326f33f2aab6c61afc08731e	urn:ure:t6:re_FunctionVariant:urn_ure_t6_re_FunctionFamily_urn_ure_t6_core_Project_black-ops-2_fd2705692f16c05f_re_Function_msvc-public__mp_lcm_bf6b1fd48ed92860_build_urn_ure_t6_re_Build_urn_ure_t6_core_Project_black-ops-2_fd2705692f16c05f_pc-server-2013-03-11_4ee9a1fac7aa9195:6d525fc421217e54	_mp_lcm			0	b173f120d12a9aea91e55d7330cfc9e51e55ee8d326f33f2aab6c61afc08731e	accepted-evidence-awaiting-semantic-promotion	unique-one-to-one-exact-function-instruction-bytes-sha256-across-builds
urn:ure:t6:occ:function:current-client:00a6df90	0x00A6DF90	FUN_00a6df90	d6daae249c4c1eb7b41ae152f956c22959fa7cc158a5cdfd85e8ab9f466c9aef	urn:ure:t6:re_FunctionVariant:urn_ure_t6_re_FunctionFamily_urn_ure_t6_core_Project_black-ops-2_fd2705692f16c05f_re_Function_msvc-public__mp_mulmod_0c096e087883b0dc_build_urn_ure_t6_re_Build_urn_ure_t6_core_Project_black-ops-2_fd2705692f16c05f_pc-server-2013-03-11_4ee9a1fac7aa9195:bbf6a05a4997eb96	_mp_mulmod			0	d6daae249c4c1eb7b41ae152f956c22959fa7cc158a5cdfd85e8ab9f466c9aef	accepted-evidence-awaiting-semantic-promotion	unique-one-to-one-exact-function-instruction-bytes-sha256-across-builds
urn:ure:t6:occ:function:current-client:00a6e000	0x00A6E000	FUN_00a6e000	9d35221d5e6318fa2d2c5a6174d09aab87496b7a60ee0c11adb8fcf6c1bcb34c	urn:ure:t6:re_FunctionVariant:urn_ure_t6_re_FunctionFamily_urn_ure_t6_core_Project_black-ops-2_fd2705692f16c05f_re_Function_msvc-public__mp_sqrmod_a8dc9ee8fe279343_build_urn_ure_t6_re_Build_urn_ure_t6_core_Project_black-ops-2_fd2705692f16c05f_pc-server-2013-03-11_4ee9a1fac7aa9195:22b860be57b044a7	_mp_sqrmod			0	9d35221d5e6318fa2d2c5a6174d09aab87496b7a60ee0c11adb8fcf6c1bcb34c	accepted-evidence-awaiting-semantic-promotion	unique-one-to-one-exact-function-instruction-bytes-sha256-across-builds
urn:ure:t6:occ:function:current-client:00a6e070	0x00A6E070	FUN_00a6e070	fe0529ed893a14b8a8051e39b93910bca1e683f5f398f7791235a7526b6b2edb	urn:ure:t6:re_FunctionVariant:urn_ure_t6_re_FunctionFamily_urn_ure_t6_core_Project_black-ops-2_fd2705692f16c05f_re_Function_msvc-public__mp_invmod_24ef15f13c705f5a_build_urn_ure_t6_re_Build_urn_ure_t6_core_Project_black-ops-2_fd2705692f16c05f_pc-server-2013-03-11_4ee9a1fac7aa9195:c1a95885ebb97038	_mp_invmod			0	fe0529ed893a14b8a8051e39b93910bca1e683f5f398f7791235a7526b6b2edb	accepted-evidence-awaiting-semantic-promotion	unique-one-to-one-exact-function-instruction-bytes-sha256-across-builds
urn:ure:t6:occ:function:current-client:00a6e0c0	0x00A6E0C0	FUN_00a6e0c0	c0567e89224a30d853480c18da6b503a86dd2e8f4e3f285c5fd6644664b75b6b	urn:ure:t6:re_FunctionVariant:urn_ure_t6_re_FunctionFamily_urn_ure_t6_core_Project_black-ops-2_fd2705692f16c05f_re_Function_msvc-public__mp_montgomery_setup_88e252059cc87a93_build_urn_ure_t6_re_Build_urn_ure_t6_core_Project_black-ops-2_fd2705692f16c05f_pc-server-2013-03-11_4ee9a1fac7aa9195:e61d45c541672f22	_mp_montgomery_setup			0	c0567e89224a30d853480c18da6b503a86dd2e8f4e3f285c5fd6644664b75b6b	accepted-evidence-awaiting-semantic-promotion	unique-one-to-one-exact-function-instruction-bytes-sha256-across-builds
urn:ure:t6:occ:function:current-client:00a6e120	0x00A6E120	FUN_00a6e120	7bcef108243013ccc80132b5b8fbf6be4100980a0b750edbcee2e250b8231f40	urn:ure:t6:re_FunctionVariant:urn_ure_t6_re_FunctionFamily_urn_ure_t6_core_Project_black-ops-2_fd2705692f16c05f_re_Function_msvc-public__mp_montgomery_calc_normalization_6360f329519d4e8a_build_urn_ure_t6_re_Build_urn_ure_t6_core_Project_black-ops-2_fd2705692f16c05f_pc-server-2013-03-11_4ee9a1fac7aa9195:ca052a31e29e5819	_mp_montgomery_calc_normalization			0	7bcef108243013ccc80132b5b8fbf6be4100980a0b750edbcee2e250b8231f40	accepted-evidence-awaiting-semantic-promotion	unique-one-to-one-exact-function-instruction-bytes-sha256-across-builds
urn:ure:t6:occ:function:current-client:00a6e300	0x00A6E300	FUN_00a6e300	8646706a997dc180a59a5d3a2e6156419ee33f3f3dc2b7cc47d43fa4a4c43fdb	urn:ure:t6:re_FunctionVariant:urn_ure_t6_re_FunctionFamily_urn_ure_t6_core_Project_black-ops-2_fd2705692f16c05f_re_Function_msvc-public__mp_exptmod_dec06871cbcc79c8_build_urn_ure_t6_re_Build_urn_ure_t6_core_Project_black-ops-2_fd2705692f16c05f_pc-server-2013-03-11_4ee9a1fac7aa9195:12a5cfaca58efa55	_mp_exptmod			0	8646706a997dc180a59a5d3a2e6156419ee33f3f3dc2b7cc47d43fa4a4c43fdb	accepted-evidence-awaiting-semantic-promotion	unique-one-to-one-exact-function-instruction-bytes-sha256-across-builds
urn:ure:t6:occ:function:current-client:00a6e5d0	0x00A6E5D0	FUN_00a6e5d0	fc478301a65c89eed3d705054dbb55ec4a8b7867a22d3cdd001e9dad263ba39d	urn:ure:t6:re_FunctionVariant:urn_ure_t6_re_FunctionFamily_urn_ure_t6_core_Project_black-ops-2_fd2705692f16c05f_re_Function_msvc-public__mp_clamp_b439c6077c52ca72_build_urn_ure_t6_re_Build_urn_ure_t6_core_Project_black-ops-2_fd2705692f16c05f_pc-server-2013-03-11_4ee9a1fac7aa9195:a237a93660b72974	_mp_clamp			0	fc478301a65c89eed3d705054dbb55ec4a8b7867a22d3cdd001e9dad263ba39d	accepted-evidence-awaiting-semantic-promotion	unique-one-to-one-exact-function-instruction-bytes-sha256-across-builds
urn:ure:t6:occ:function:current-client:00a6e700	0x00A6E700	FUN_00a6e700	5b4cdf2f9f087a46ca425c1bc1cde10369d8f23e6a1c0c813a1863f2f87da429	urn:ure:t6:re_FunctionVariant:urn_ure_t6_re_FunctionFamily_urn_ure_t6_core_Project_black-ops-2_fd2705692f16c05f_re_Function_msvc-public__mp_zero_1dd773b0afa454ad_build_urn_ure_t6_re_Build_urn_ure_t6_core_Project_black-ops-2_fd2705692f16c05f_pc-server-2013-03-11_4ee9a1fac7aa9195:1ac7f1f403a8f2cb	_mp_zero			0	5b4cdf2f9f087a46ca425c1bc1cde10369d8f23e6a1c0c813a1863f2f87da429	accepted-evidence-awaiting-semantic-promotion	unique-one-to-one-exact-function-instruction-bytes-sha256-across-builds
urn:ure:t6:occ:function:current-client:00a6e740	0x00A6E740	FUN_00a6e740	84093087ef4bb72fc19e2581b4d5bdf3ded9ee9eed54264909b8032f630b6c4f	urn:ure:t6:re_FunctionVariant:urn_ure_t6_re_FunctionFamily_urn_ure_t6_core_Project_black-ops-2_fd2705692f16c05f_re_Function_msvc-public__mp_cmp_mag_b383ed75a0acfd01_build_urn_ure_t6_re_Build_urn_ure_t6_core_Project_black-ops-2_fd2705692f16c05f_pc-server-2013-03-11_4ee9a1fac7aa9195:820aeb42e0f936ad	_mp_cmp_mag			0	84093087ef4bb72fc19e2581b4d5bdf3ded9ee9eed54264909b8032f630b6c4f	accepted-evidence-awaiting-semantic-promotion	unique-one-to-one-exact-function-instruction-bytes-sha256-across-builds
urn:ure:t6:occ:function:current-client:00a6e7b0	0x00A6E7B0	FUN_00a6e7b0	7e547f588b27d94f685b2e00ba817ec492a5941b516e92a6f2f0f20e54219110	urn:ure:t6:re_FunctionVariant:urn_ure_t6_re_FunctionFamily_urn_ure_t6_core_Project_black-ops-2_fd2705692f16c05f_re_Function_msvc-public__bn_reverse_dd7a7932ac6d7d5e_build_urn_ure_t6_re_Build_urn_ure_t6_core_Project_black-ops-2_fd2705692f16c05f_pc-server-2013-03-11_4ee9a1fac7aa9195:fe74dd642f5b7cbb	_bn_reverse			0	7e547f588b27d94f685b2e00ba817ec492a5941b516e92a6f2f0f20e54219110	accepted-evidence-awaiting-semantic-promotion	unique-one-to-one-exact-function-instruction-bytes-sha256-across-builds
urn:ure:t6:occ:function:current-client:00a6e9a0	0x00A6E9A0	FUN_00a6e9a0	7b7e80206cc9a1cbc7d0096cdb580abd4365b1051fcc4845032c48e170949aeb	urn:ure:t6:re_FunctionVariant:urn_ure_t6_re_FunctionFamily_urn_ure_t6_core_Project_black-ops-2_fd2705692f16c05f_re_Function_msvc-public__mp_init_copy_0c67723e8952452e_build_urn_ure_t6_re_Build_urn_ure_t6_core_Project_black-ops-2_fd2705692f16c05f_pc-server-2013-03-11_4ee9a1fac7aa9195:dbe8d042b61e6544	_mp_init_copy			0	7b7e80206cc9a1cbc7d0096cdb580abd4365b1051fcc4845032c48e170949aeb	accepted-evidence-awaiting-semantic-promotion	unique-one-to-one-exact-function-instruction-bytes-sha256-across-builds
urn:ure:t6:occ:function:current-client:00a6e9d0	0x00A6E9D0	FUN_00a6e9d0	652fdda96ce69132ed3e2f7c9b2b7bcbace0cbb82ad3ba59c84f3500bcc30a83	urn:ure:t6:re_FunctionVariant:urn_ure_t6_re_FunctionFamily_urn_ure_t6_core_Project_black-ops-2_fd2705692f16c05f_re_Function_msvc-public__mp_div_2d_7c2e73f1fa686a96_build_urn_ure_t6_re_Build_urn_ure_t6_core_Project_black-ops-2_fd2705692f16c05f_pc-server-2013-03-11_4ee9a1fac7aa9195:344d3e59677cb059	_mp_div_2d			0	652fdda96ce69132ed3e2f7c9b2b7bcbace0cbb82ad3ba59c84f3500bcc30a83	accepted-evidence-awaiting-semantic-promotion	unique-one-to-one-exact-function-instruction-bytes-sha256-across-builds
urn:ure:t6:occ:function:current-client:00a6eb40	0x00A6EB40	FUN_00a6eb40	09f25d93d40c04a49223f1545f5fa5cea755d1cdbd600fbbd5670f9ebddd2ec7	urn:ure:t6:re_FunctionVariant:urn_ure_t6_re_FunctionFamily_urn_ure_t6_core_Project_black-ops-2_fd2705692f16c05f_re_Function_msvc-public__s_mp_sub_2f6767e4b1ad5a27_build_urn_ure_t6_re_Build_urn_ure_t6_core_Project_black-ops-2_fd2705692f16c05f_pc-server-2013-03-11_4ee9a1fac7aa9195:8492b716610ab829	_s_mp_sub			0	09f25d93d40c04a49223f1545f5fa5cea755d1cdbd600fbbd5670f9ebddd2ec7	accepted-evidence-awaiting-semantic-promotion	unique-one-to-one-exact-function-instruction-bytes-sha256-across-builds
urn:ure:t6:occ:function:current-client:00a6ec00	0x00A6EC00	FUN_00a6ec00	fea26b989eacab7b6218b3ac34e363dd31de4b2b56717322e03b998c06b956f6	urn:ure:t6:re_FunctionVariant:urn_ure_t6_re_FunctionFamily_urn_ure_t6_core_Project_black-ops-2_fd2705692f16c05f_re_Function_msvc-public__s_mp_add_5f2187fab944eff7_build_urn_ure_t6_re_Build_urn_ure_t6_core_Project_black-ops-2_fd2705692f16c05f_pc-server-2013-03-11_4ee9a1fac7aa9195:58c8836606cae83a	_s_mp_add			0	fea26b989eacab7b6218b3ac34e363dd31de4b2b56717322e03b998c06b956f6	accepted-evidence-awaiting-semantic-promotion	unique-one-to-one-exact-function-instruction-bytes-sha256-across-builds
urn:ure:t6:occ:function:current-client:00a6efb0	0x00A6EFB0	FUN_00a6efb0	3aa95bbe6b81d4e297abd6ba50cf8303c92f2ab87fa650f566bcf1301b37468f	urn:ure:t6:re_FunctionVariant:urn_ure_t6_re_FunctionFamily_urn_ure_t6_core_Project_black-ops-2_fd2705692f16c05f_re_Function_msvc-public__mp_karatsuba_mul_aa1075ec0d81622f_build_urn_ure_t6_re_Build_urn_ure_t6_core_Project_black-ops-2_fd2705692f16c05f_pc-server-2013-03-11_4ee9a1fac7aa9195:10e4f32d9eb8ab77	_mp_karatsuba_mul			0	3aa95bbe6b81d4e297abd6ba50cf8303c92f2ab87fa650f566bcf1301b37468f	accepted-evidence-awaiting-semantic-promotion	unique-one-to-one-exact-function-instruction-bytes-sha256-across-builds
urn:ure:t6:occ:function:current-client:00a6f280	0x00A6F280	FUN_00a6f280	8047da0eb3344e43dfab3b26eb799009591763330199b171f27c2fbbe0ed3f76	urn:ure:t6:re_FunctionVariant:urn_ure_t6_re_FunctionFamily_urn_ure_t6_core_Project_black-ops-2_fd2705692f16c05f_re_Function_msvc-public__mp_toom_mul_6c3bdc3decd432a9_build_urn_ure_t6_re_Build_urn_ure_t6_core_Project_black-ops-2_fd2705692f16c05f_pc-server-2013-03-11_4ee9a1fac7aa9195:5b4a6c1f085e7955	_mp_toom_mul			0	8047da0eb3344e43dfab3b26eb799009591763330199b171f27c2fbbe0ed3f76	accepted-evidence-awaiting-semantic-promotion	unique-one-to-one-exact-function-instruction-bytes-sha256-across-builds
urn:ure:t6:occ:function:current-client:00a6fd70	0x00A6FD70	FUN_00a6fd70	fc9fdc6dfb9135876c32cc9ab548229a680756bc562333dfbb294fc329f05c0a	urn:ure:t6:re_FunctionVariant:urn_ure_t6_re_FunctionFamily_urn_ure_t6_core_Project_black-ops-2_fd2705692f16c05f_re_Function_msvc-public__mp_karatsuba_sqr_2f96f6d9b03e2485_build_urn_ure_t6_re_Build_urn_ure_t6_core_Project_black-ops-2_fd2705692f16c05f_pc-server-2013-03-11_4ee9a1fac7aa9195:030d7a7779f52a63	_mp_karatsuba_sqr			0	fc9fdc6dfb9135876c32cc9ab548229a680756bc562333dfbb294fc329f05c0a	accepted-evidence-awaiting-semantic-promotion	unique-one-to-one-exact-function-instruction-bytes-sha256-across-builds
urn:ure:t6:occ:function:current-client:00a6ffb0	0x00A6FFB0	FUN_00a6ffb0	a1c48362f0e8cdb17d29ae41270258635e51af769e2c169d1a2e0b521c87415f	urn:ure:t6:re_FunctionVariant:urn_ure_t6_re_FunctionFamily_urn_ure_t6_core_Project_black-ops-2_fd2705692f16c05f_re_Function_msvc-public__mp_toom_sqr_7ae30beebf21d919_build_urn_ure_t6_re_Build_urn_ure_t6_core_Project_black-ops-2_fd2705692f16c05f_pc-server-2013-03-11_4ee9a1fac7aa9195:50653248e51b7205	_mp_toom_sqr			0	a1c48362f0e8cdb17d29ae41270258635e51af769e2c169d1a2e0b521c87415f	accepted-evidence-awaiting-semantic-promotion	unique-one-to-one-exact-function-instruction-bytes-sha256-across-builds
urn:ure:t6:occ:function:current-client:00a70540	0x00A70540	FUN_00a70540	9857d852496699e452b02b1210158de00de2609fd6a8eaea4e4ff006ade035b4	urn:ure:t6:re_FunctionVariant:urn_ure_t6_re_FunctionFamily_urn_ure_t6_core_Project_black-ops-2_fd2705692f16c05f_re_Function_msvc-public__mp_exch_47dd3bbfd6217745_build_urn_ure_t6_re_Build_urn_ure_t6_core_Project_black-ops-2_fd2705692f16c05f_pc-server-2013-03-11_4ee9a1fac7aa9195:eca292d012895f9f	_mp_exch			0	9857d852496699e452b02b1210158de00de2609fd6a8eaea4e4ff006ade035b4	accepted-evidence-awaiting-semantic-promotion	unique-one-to-one-exact-function-instruction-bytes-sha256-across-builds
urn:ure:t6:occ:function:current-client:00a70590	0x00A70590	FUN_00a70590	3a2a1f5593a8569bf0e83ee0e347f38304d62d84537a0434b0d0fe0a2d456521	urn:ure:t6:re_FunctionVariant:urn_ure_t6_re_FunctionFamily_urn_ure_t6_core_Project_black-ops-2_fd2705692f16c05f_re_Function_msvc-public__mp_rshd_770585cced0a5767_build_urn_ure_t6_re_Build_urn_ure_t6_core_Project_black-ops-2_fd2705692f16c05f_pc-server-2013-03-11_4ee9a1fac7aa9195:175ba5fe4aefcdc4	_mp_rshd			0	3a2a1f5593a8569bf0e83ee0e347f38304d62d84537a0434b0d0fe0a2d456521	accepted-evidence-awaiting-semantic-promotion	unique-one-to-one-exact-function-instruction-bytes-sha256-across-builds
urn:ure:t6:occ:function:current-client:00a70600	0x00A70600	FUN_00a70600	89da52e2c563ba959e1bab856ab715f349160a0fa5ff72e223f0bad5d4b02357	urn:ure:t6:re_FunctionVariant:urn_ure_t6_re_FunctionFamily_urn_ure_t6_core_Project_black-ops-2_fd2705692f16c05f_re_Function_msvc-public__mp_lshd_9dc1673a29dac81b_build_urn_ure_t6_re_Build_urn_ure_t6_core_Project_black-ops-2_fd2705692f16c05f_pc-server-2013-03-11_4ee9a1fac7aa9195:d2919ec5cd3dbec4	_mp_lshd			0	89da52e2c563ba959e1bab856ab715f349160a0fa5ff72e223f0bad5d4b02357	accepted-evidence-awaiting-semantic-promotion	unique-one-to-one-exact-function-instruction-bytes-sha256-across-builds
urn:ure:t6:occ:function:current-client:00a706f0	0x00A706F0	FUN_00a706f0	864799b2b4a760bfb2c3330550f22b87a28ad9f76aa73613d3e6a131529e75a5	urn:ure:t6:re_FunctionVariant:urn_ure_t6_re_FunctionFamily_urn_ure_t6_core_Project_black-ops-2_fd2705692f16c05f_re_Function_msvc-public__mp_abs_142cfec572ef3e9d_build_urn_ure_t6_re_Build_urn_ure_t6_core_Project_black-ops-2_fd2705692f16c05f_pc-server-2013-03-11_4ee9a1fac7aa9195:7d3ae8cb64888c80	_mp_abs			0	864799b2b4a760bfb2c3330550f22b87a28ad9f76aa73613d3e6a131529e75a5	accepted-evidence-awaiting-semantic-promotion	unique-one-to-one-exact-function-instruction-bytes-sha256-across-builds
urn:ure:t6:occ:function:current-client:00a70720	0x00A70720	FUN_00a70720	98fc0ff053d7f1dc179a761f7c80f6e69e3d5c4af85b43fed91248333915a29d	urn:ure:t6:re_FunctionVariant:urn_ure_t6_re_FunctionFamily_urn_ure_t6_core_Project_black-ops-2_fd2705692f16c05f_re_Function_msvc-public__mp_clear_multi_f4ac0e63fe8f09f0_build_urn_ure_t6_re_Build_urn_ure_t6_core_Project_black-ops-2_fd2705692f16c05f_pc-server-2013-03-11_4ee9a1fac7aa9195:ed7b42fb5ebfa2ea	_mp_clear_multi			0	98fc0ff053d7f1dc179a761f7c80f6e69e3d5c4af85b43fed91248333915a29d	accepted-evidence-awaiting-semantic-promotion	unique-one-to-one-exact-function-instruction-bytes-sha256-across-builds
urn:ure:t6:occ:function:current-client:00a70750	0x00A70750	FUN_00a70750	e71a2b41d2d4ac2783fe9bb3d7abd2496d1da362302aae24dd43cdedcc6a8b03	urn:ure:t6:re_FunctionVariant:urn_ure_t6_re_FunctionFamily_urn_ure_t6_core_Project_black-ops-2_fd2705692f16c05f_re_Function_msvc-public__mp_init_multi_05a88bc7b5e7b2d0_build_urn_ure_t6_re_Build_urn_ure_t6_core_Project_black-ops-2_fd2705692f16c05f_pc-server-2013-03-11_4ee9a1fac7aa9195:1a38675b210f5ec6	_mp_init_multi			0	e71a2b41d2d4ac2783fe9bb3d7abd2496d1da362302aae24dd43cdedcc6a8b03	accepted-evidence-awaiting-semantic-promotion	unique-one-to-one-exact-function-instruction-bytes-sha256-across-builds
urn:ure:t6:occ:function:current-client:00a707c0	0x00A707C0	FUN_00a707c0	30a6618d0c3827c4ee5108dfda5cd1c81be99094b2ad8445c09fb749782baad6	urn:ure:t6:re_FunctionVariant:urn_ure_t6_re_FunctionFamily_urn_ure_t6_core_Project_black-ops-2_fd2705692f16c05f_re_Function_msvc-public__mp_mod_649557c60323c6fa_build_urn_ure_t6_re_Build_urn_ure_t6_core_Project_black-ops-2_fd2705692f16c05f_pc-server-2013-03-11_4ee9a1fac7aa9195:6bcc284f20af9c77	_mp_mod			0	30a6618d0c3827c4ee5108dfda5cd1c81be99094b2ad8445c09fb749782baad6	accepted-evidence-awaiting-semantic-promotion	unique-one-to-one-exact-function-instruction-bytes-sha256-across-builds
urn:ure:t6:occ:function:current-client:00a70850	0x00A70850	FUN_00a70850	9de4515413d8200ca8a9c652699a69297b928c71e54e1acfc528774830788ab6	urn:ure:t6:re_FunctionVariant:urn_ure_t6_re_FunctionFamily_urn_ure_t6_core_Project_black-ops-2_fd2705692f16c05f_re_Function_msvc-public__mp_invmod_slow_10066fb82fcbd832_build_urn_ure_t6_re_Build_urn_ure_t6_core_Project_black-ops-2_fd2705692f16c05f_pc-server-2013-03-11_4ee9a1fac7aa9195:d27888432753cf2d	_mp_invmod_slow			0	9de4515413d8200ca8a9c652699a69297b928c71e54e1acfc528774830788ab6	accepted-evidence-awaiting-semantic-promotion	unique-one-to-one-exact-function-instruction-bytes-sha256-across-builds
urn:ure:t6:occ:function:current-client:00a70ef0	0x00A70EF0	FUN_00a70ef0	90165fa9dc12b6ca80305f66c69ba3ac508d57ecf1d55dde2ac37531a7c764ea	urn:ure:t6:re_FunctionVariant:urn_ure_t6_re_FunctionFamily_urn_ure_t6_core_Project_black-ops-2_fd2705692f16c05f_re_Function_msvc-public__mp_mul_2_5b920ef4dd114054_build_urn_ure_t6_re_Build_urn_ure_t6_core_Project_black-ops-2_fd2705692f16c05f_pc-server-2013-03-11_4ee9a1fac7aa9195:e5318f04b4fd514d	_mp_mul_2			0	90165fa9dc12b6ca80305f66c69ba3ac508d57ecf1d55dde2ac37531a7c764ea	accepted-evidence-awaiting-semantic-promotion	unique-one-to-one-exact-function-instruction-bytes-sha256-across-builds
urn:ure:t6:occ:function:current-client:00a70f90	0x00A70F90	FUN_00a70f90	a95268e48f7732d193e640d75e165ccd0e403031825edd4c73f1bf14e228be52	urn:ure:t6:re_FunctionVariant:urn_ure_t6_re_FunctionFamily_urn_ure_t6_core_Project_black-ops-2_fd2705692f16c05f_re_Function_msvc-public__mp_set_83437e6f9b79c441_build_urn_ure_t6_re_Build_urn_ure_t6_core_Project_black-ops-2_fd2705692f16c05f_pc-server-2013-03-11_4ee9a1fac7aa9195:e90d9962b8cd32b5	_mp_set			0	a95268e48f7732d193e640d75e165ccd0e403031825edd4c73f1bf14e228be52	accepted-evidence-awaiting-semantic-promotion	unique-one-to-one-exact-function-instruction-bytes-sha256-across-builds
urn:ure:t6:occ:function:current-client:00a718c0	0x00A718C0	FUN_00a718c0	ff17184b7fb6abf6b0886190468d16da0d6ccd54485fc927328f99c863ecc737	urn:ure:t6:re_FunctionVariant:urn_ure_t6_re_FunctionFamily_urn_ure_t6_core_Project_black-ops-2_fd2705692f16c05f_re_Function_msvc-public__mp_reduce_is_2k_22ee0ad29cef7eda_build_urn_ure_t6_re_Build_urn_ure_t6_core_Project_black-ops-2_fd2705692f16c05f_pc-server-2013-03-11_4ee9a1fac7aa9195:ecb80fbc93ded9da	_mp_reduce_is_2k			0	ff17184b7fb6abf6b0886190468d16da0d6ccd54485fc927328f99c863ecc737	accepted-evidence-awaiting-semantic-promotion	unique-one-to-one-exact-function-instruction-bytes-sha256-across-builds
urn:ure:t6:occ:function:current-client:00a71930	0x00A71930	FUN_00a71930	75d8e123f54571889111b38b926c39c036f034d8a4fa88d08a2d6b8e11bd3f90	urn:ure:t6:re_FunctionVariant:urn_ure_t6_re_FunctionFamily_urn_ure_t6_core_Project_black-ops-2_fd2705692f16c05f_re_Function_msvc-public__mp_dr_is_modulus_a5db1f28c300a990_build_urn_ure_t6_re_Build_urn_ure_t6_core_Project_black-ops-2_fd2705692f16c05f_pc-server-2013-03-11_4ee9a1fac7aa9195:4235c6ff46a7cd9c	_mp_dr_is_modulus			0	75d8e123f54571889111b38b926c39c036f034d8a4fa88d08a2d6b8e11bd3f90	accepted-evidence-awaiting-semantic-promotion	unique-one-to-one-exact-function-instruction-bytes-sha256-across-builds
urn:ure:t6:occ:function:current-client:00a71fa0	0x00A71FA0	FUN_00a71fa0	f8fd814178f62735590730d3cc48429cab54ab75749bb8d5a641ff540196d887	urn:ure:t6:re_FunctionVariant:urn_ure_t6_re_FunctionFamily_urn_ure_t6_core_Project_black-ops-2_fd2705692f16c05f_re_Function_msvc-public__mp_reduce_is_2k_l_dd0cf2ddb651f76d_build_urn_ure_t6_re_Build_urn_ure_t6_core_Project_black-ops-2_fd2705692f16c05f_pc-server-2013-03-11_4ee9a1fac7aa9195:5576fb300716309b	_mp_reduce_is_2k_l			0	f8fd814178f62735590730d3cc48429cab54ab75749bb8d5a641ff540196d887	accepted-evidence-awaiting-semantic-promotion	unique-one-to-one-exact-function-instruction-bytes-sha256-across-builds
urn:ure:t6:occ:function:current-client:00a71ff0	0x00A71FF0	FUN_00a71ff0	93729693a799b670fb22760811070c0107cce1741bf95f2e440b373de76c3fe9	urn:ure:t6:re_FunctionVariant:urn_ure_t6_re_FunctionFamily_urn_ure_t6_core_Project_black-ops-2_fd2705692f16c05f_re_Function_msvc-public__mp_prime_miller_rabin_8232c296461e9a44_build_urn_ure_t6_re_Build_urn_ure_t6_core_Project_black-ops-2_fd2705692f16c05f_pc-server-2013-03-11_4ee9a1fac7aa9195:a85c461ee08bfeae	_mp_prime_miller_rabin			0	93729693a799b670fb22760811070c0107cce1741bf95f2e440b373de76c3fe9	accepted-evidence-awaiting-semantic-promotion	unique-one-to-one-exact-function-instruction-bytes-sha256-across-builds
urn:ure:t6:occ:function:current-client:00a723d0	0x00A723D0	FUN_00a723d0	5e9b5304951c9faf826c29e4a44edd3d3d5f17724a5e76566ef2aeabe5579866	urn:ure:t6:re_FunctionVariant:urn_ure_t6_re_FunctionFamily_urn_ure_t6_core_Project_black-ops-2_fd2705692f16c05f_re_Function_msvc-public__mp_reduce_2k_0965c3a37e9fdf2f_build_urn_ure_t6_re_Build_urn_ure_t6_core_Project_black-ops-2_fd2705692f16c05f_pc-server-2013-03-11_4ee9a1fac7aa9195:c292f439fdf3b7ce	_mp_reduce_2k			0	5e9b5304951c9faf826c29e4a44edd3d3d5f17724a5e76566ef2aeabe5579866	accepted-evidence-awaiting-semantic-promotion	unique-one-to-one-exact-function-instruction-bytes-sha256-across-builds
urn:ure:t6:occ:function:current-client:00a72490	0x00A72490	FUN_00a72490	f16038edd16003c1aa7eaf151f7ce7401d1d3cb300212175f9f780c32f0aa16b	urn:ure:t6:re_FunctionVariant:urn_ure_t6_re_FunctionFamily_urn_ure_t6_core_Project_black-ops-2_fd2705692f16c05f_re_Function_msvc-public__mp_reduce_2k_setup_5c515a2b089fb3a6_build_urn_ure_t6_re_Build_urn_ure_t6_core_Project_black-ops-2_fd2705692f16c05f_pc-server-2013-03-11_4ee9a1fac7aa9195:e687c61f9fc843bb	_mp_reduce_2k_setup			0	f16038edd16003c1aa7eaf151f7ce7401d1d3cb300212175f9f780c32f0aa16b	accepted-evidence-awaiting-semantic-promotion	unique-one-to-one-exact-function-instruction-bytes-sha256-across-builds
urn:ure:t6:occ:function:current-client:00a725f0	0x00A725F0	FUN_00a725f0	7208c90cfda105897b67b2cfe773cd41b483cf5530ffcdbb89ba32ef92a5981f	urn:ure:t6:re_FunctionVariant:urn_ure_t6_re_FunctionFamily_urn_ure_t6_core_Project_black-ops-2_fd2705692f16c05f_re_Function_msvc-public__mp_dr_setup_a91f6f589ab07cd3_build_urn_ure_t6_re_Build_urn_ure_t6_core_Project_black-ops-2_fd2705692f16c05f_pc-server-2013-03-11_4ee9a1fac7aa9195:87d15c6e9a9c978a	_mp_dr_setup			0	7208c90cfda105897b67b2cfe773cd41b483cf5530ffcdbb89ba32ef92a5981f	accepted-evidence-awaiting-semantic-promotion	unique-one-to-one-exact-function-instruction-bytes-sha256-across-builds
urn:ure:t6:occ:function:current-client:00a72610	0x00A72610	FUN_00a72610	be9e5416c30dbb0a943b277ed082987853ab524ceb00358016d9ce39d010d42f	urn:ure:t6:re_FunctionVariant:urn_ure_t6_re_FunctionFamily_urn_ure_t6_core_Project_black-ops-2_fd2705692f16c05f_re_Function_msvc-public__mp_reduce_2k_l_2cb28aa7b733dcc3_build_urn_ure_t6_re_Build_urn_ure_t6_core_Project_black-ops-2_fd2705692f16c05f_pc-server-2013-03-11_4ee9a1fac7aa9195:d3b7ec5fd19f4875	_mp_reduce_2k_l			0	be9e5416c30dbb0a943b277ed082987853ab524ceb00358016d9ce39d010d42f	accepted-evidence-awaiting-semantic-promotion	unique-one-to-one-exact-function-instruction-bytes-sha256-across-builds
urn:ure:t6:occ:function:current-client:00a726d0	0x00A726D0	FUN_00a726d0	87595eb17caa37988a7ac3ec8503f5739a52ad63c68f06111cb501c04d3f5081	urn:ure:t6:re_FunctionVariant:urn_ure_t6_re_FunctionFamily_urn_ure_t6_core_Project_black-ops-2_fd2705692f16c05f_re_Function_msvc-public__mp_reduce_2k_setup_l_6586dfc95d60ad12_build_urn_ure_t6_re_Build_urn_ure_t6_core_Project_black-ops-2_fd2705692f16c05f_pc-server-2013-03-11_4ee9a1fac7aa9195:e7b89db5355ca51a	_mp_reduce_2k_setup_l			0	87595eb17caa37988a7ac3ec8503f5739a52ad63c68f06111cb501c04d3f5081	accepted-evidence-awaiting-semantic-promotion	unique-one-to-one-exact-function-instruction-bytes-sha256-across-builds
urn:ure:t6:occ:function:current-client:00a72730	0x00A72730	FUN_00a72730	01fa82d7cb77433daca1e63e76f9f3a2493a0d7e57304caa583cc92fd0e249e9	urn:ure:t6:re_FunctionVariant:urn_ure_t6_re_FunctionFamily_urn_ure_t6_core_Project_black-ops-2_fd2705692f16c05f_re_Function_msvc-public__mp_reduce_cef099e8e53a475e_build_urn_ure_t6_re_Build_urn_ure_t6_core_Project_black-ops-2_fd2705692f16c05f_pc-server-2013-03-11_4ee9a1fac7aa9195:f1a9b3851271eb48	_mp_reduce			0	01fa82d7cb77433daca1e63e76f9f3a2493a0d7e57304caa583cc92fd0e249e9	accepted-evidence-awaiting-semantic-promotion	unique-one-to-one-exact-function-instruction-bytes-sha256-across-builds
urn:ure:t6:occ:function:current-client:00a72890	0x00A72890	FUN_00a72890	7d1b393699df2d8614c5fc7fa7ce735d5c10453dbfd997cdb94b467d03427756	urn:ure:t6:re_FunctionVariant:urn_ure_t6_re_FunctionFamily_urn_ure_t6_core_Project_black-ops-2_fd2705692f16c05f_re_Function_msvc-public__mp_reduce_setup_32772f41e37d4d25_build_urn_ure_t6_re_Build_urn_ure_t6_core_Project_black-ops-2_fd2705692f16c05f_pc-server-2013-03-11_4ee9a1fac7aa9195:c9c294458a428867	_mp_reduce_setup			0	7d1b393699df2d8614c5fc7fa7ce735d5c10453dbfd997cdb94b467d03427756	accepted-evidence-awaiting-semantic-promotion	unique-one-to-one-exact-function-instruction-bytes-sha256-across-builds
urn:ure:t6:occ:function:current-client:00a7301a	0x00A7301A	FUN_00a7301a	37443d59c97beecf6e9b5df0d8fc485daf298d14ce1328cc7d78a7056a269a6e	urn:ure:t6:re_FunctionVariant:urn_ure_t6_re_FunctionFamily_urn_ure_t6_core_Project_black-ops-2_fd2705692f16c05f_re_Function_msvc-public__atoi_12edb8d8d2f66e4b_build_urn_ure_t6_re_Build_urn_ure_t6_core_Project_black-ops-2_fd2705692f16c05f_pc-server-2013-03-11_4ee9a1fac7aa9195:789fc250c3f37a3a	_atoi			0	37443d59c97beecf6e9b5df0d8fc485daf298d14ce1328cc7d78a7056a269a6e	accepted-evidence-awaiting-semantic-promotion	unique-one-to-one-exact-function-instruction-bytes-sha256-across-builds
urn:ure:t6:occ:function:current-client:00a73040	0x00A73040	__alloca_probe	f8675b4976f7b8efc0bd917aebab734d11ca90222d20bcd2a166ce9914ed2b6e	urn:ure:t6:re_FunctionVariant:urn_ure_t6_re_FunctionFamily_urn_ure_t6_core_Project_black-ops-2_fd2705692f16c05f_re_Function_msvc-public___chkstk_d6e3d049b06b375d_build_urn_ure_t6_re_Build_urn_ure_t6_core_Project_black-ops-2_fd2705692f16c05f_pc-server-2013-03-11_4ee9a1fac7aa9195:62f0e63b8de82d8d	__chkstk			0	f8675b4976f7b8efc0bd917aebab734d11ca90222d20bcd2a166ce9914ed2b6e	accepted-evidence-awaiting-semantic-promotion	unique-one-to-one-exact-function-instruction-bytes-sha256-across-builds
urn:ure:t6:occ:function:current-client:00a737a9	0x00A737A9	__dosmaperr	6579e79fbb235f54a6d0ae01d3e7410a7db5b7a4ea39b76277f7b86ddf6f20a6	urn:ure:t6:re_FunctionVariant:urn_ure_t6_re_FunctionFamily_urn_ure_t6_core_Project_black-ops-2_fd2705692f16c05f_re_Function_msvc-public___dosmaperr_5a6f28b748652fce_build_urn_ure_t6_re_Build_urn_ure_t6_core_Project_black-ops-2_fd2705692f16c05f_pc-server-2013-03-11_4ee9a1fac7aa9195:30025cce9974fc89	__dosmaperr			0	6579e79fbb235f54a6d0ae01d3e7410a7db5b7a4ea39b76277f7b86ddf6f20a6	accepted-evidence-awaiting-semantic-promotion	unique-one-to-one-exact-function-instruction-bytes-sha256-across-builds
urn:ure:t6:occ:function:current-client:00a7387b	0x00A7387B	std::exception::operator=	e89e716a299ace6cf62d129c6a11e1bd8bb269df0399c51f940a57d6d196c9ae	urn:ure:t6:re_FunctionVariant:urn_ure_t6_re_FunctionFamily_urn_ure_t6_core_Project_black-ops-2_fd2705692f16c05f_re_Function_msvc-public_4exception_std_QAEAAV01_ABV01_Z_a06d95272b9407fa_build_urn_ure_t6_re_Build_urn_ure_t6_core_Project_black-ops-2_fd2705692f16c05f_pc-server-2013-03-11_4ee9a1fac7aa9195:2c63e4d52290fe08	??4exception@std@@QAEAAV01@ABV01@@Z			0	e89e716a299ace6cf62d129c6a11e1bd8bb269df0399c51f940a57d6d196c9ae	accepted-evidence-awaiting-semantic-promotion	unique-one-to-one-exact-function-instruction-bytes-sha256-across-builds
urn:ure:t6:occ:function:current-client:00a73e20	0x00A73E20	_strncmp	c50c47d6341b99b302adf666a44684850d5bb697fdf38b91174bb69af9f21ce9	urn:ure:t6:re_FunctionVariant:urn_ure_t6_re_FunctionFamily_urn_ure_t6_core_Project_black-ops-2_fd2705692f16c05f_re_Function_msvc-public__strncmp_f9fee84ffd489adc_build_urn_ure_t6_re_Build_urn_ure_t6_core_Project_black-ops-2_fd2705692f16c05f_pc-server-2013-03-11_4ee9a1fac7aa9195:d7bb031c9f5420df	_strncmp			0	c50c47d6341b99b302adf666a44684850d5bb697fdf38b91174bb69af9f21ce9	accepted-evidence-awaiting-semantic-promotion	unique-one-to-one-exact-function-instruction-bytes-sha256-across-builds
urn:ure:t6:occ:function:current-client:00a73fa0	0x00A73FA0	_strncat	601d9a5c716363b685655e0f91cf61930832079d76a574320fa2762335eb83b5	urn:ure:t6:re_FunctionVariant:urn_ure_t6_re_FunctionFamily_urn_ure_t6_core_Project_black-ops-2_fd2705692f16c05f_re_Function_msvc-public__strncat_068497b224a9aaf4_build_urn_ure_t6_re_Build_urn_ure_t6_core_Project_black-ops-2_fd2705692f16c05f_pc-server-2013-03-11_4ee9a1fac7aa9195:0a7d26958717a0ed	_strncat			0	601d9a5c716363b685655e0f91cf61930832079d76a574320fa2762335eb83b5	accepted-evidence-awaiting-semantic-promotion	unique-one-to-one-exact-function-instruction-bytes-sha256-across-builds
urn:ure:t6:occ:function:current-client:00a74110	0x00A74110	_strncpy	22006e25651e484a1c6be63bde03c539bb04291083659ef03adadd480f32d18e	urn:ure:t6:re_FunctionVariant:urn_ure_t6_re_FunctionFamily_urn_ure_t6_core_Project_black-ops-2_fd2705692f16c05f_re_Function_msvc-public__strncpy_840549469b718f63_build_urn_ure_t6_re_Build_urn_ure_t6_core_Project_black-ops-2_fd2705692f16c05f_pc-server-2013-03-11_4ee9a1fac7aa9195:ff33564e62f6f0a2	_strncpy			0	22006e25651e484a1c6be63bde03c539bb04291083659ef03adadd480f32d18e	accepted-evidence-awaiting-semantic-promotion	unique-one-to-one-exact-function-instruction-bytes-sha256-across-builds
urn:ure:t6:occ:function:current-client:00a749c5	0x00A749C5	_atof	80ea79c982ebb048e5266bf427a504aa18c1f33091fafcb352f3ee6cd1ab4ad9	urn:ure:t6:re_FunctionVariant:urn_ure_t6_re_FunctionFamily_urn_ure_t6_core_Project_black-ops-2_fd2705692f16c05f_re_Function_msvc-public__atof_a24f19d8cc3f8633_build_urn_ure_t6_re_Build_urn_ure_t6_core_Project_black-ops-2_fd2705692f16c05f_pc-server-2013-03-11_4ee9a1fac7aa9195:78ed2f3604347841	_atof			0	80ea79c982ebb048e5266bf427a504aa18c1f33091fafcb352f3ee6cd1ab4ad9	accepted-evidence-awaiting-semantic-promotion	unique-one-to-one-exact-function-instruction-bytes-sha256-across-builds
urn:ure:t6:occ:function:current-client:00a74f26	0x00A74F26	FUN_00a74f26	5333b186c02836974c6f792303aeb2c00d856316b93ccbbe65f51def6ae661b4	urn:ure:t6:re_FunctionVariant:urn_ure_t6_re_FunctionFamily_urn_ure_t6_core_Project_black-ops-2_fd2705692f16c05f_re_Function_msvc-public___ftol2_ec3c9381678e0057_build_urn_ure_t6_re_Build_urn_ure_t6_core_Project_black-ops-2_fd2705692f16c05f_pc-server-2013-03-11_4ee9a1fac7aa9195:2ee4d585383f39bf	__ftol2			0	5333b186c02836974c6f792303aeb2c00d856316b93ccbbe65f51def6ae661b4	accepted-evidence-awaiting-semantic-promotion	unique-one-to-one-exact-function-instruction-bytes-sha256-across-builds
urn:ure:t6:occ:function:current-client:00a75060	0x00A75060	__alldiv	8964dcf0d769cb61dd4354feac00491ae8c1b34eb9627a4c5ec2d4350243d395	urn:ure:t6:re_FunctionVariant:urn_ure_t6_re_FunctionFamily_urn_ure_t6_core_Project_black-ops-2_fd2705692f16c05f_re_Function_msvc-public___alldiv_d1292d6c212ed8db_build_urn_ure_t6_re_Build_urn_ure_t6_core_Project_black-ops-2_fd2705692f16c05f_pc-server-2013-03-11_4ee9a1fac7aa9195:8848737e310d3bfd	__alldiv			0	8964dcf0d769cb61dd4354feac00491ae8c1b34eb9627a4c5ec2d4350243d395	accepted-evidence-awaiting-semantic-promotion	unique-one-to-one-exact-function-instruction-bytes-sha256-across-builds
urn:ure:t6:occ:function:current-client:00a75120	0x00A75120	FUN_00a75120	1196a276dcfdd74f72de4e4d6889e8a22e5bc4b24104501e0b13ccc51d4a5f3f	urn:ure:t6:re_FunctionVariant:urn_ure_t6_re_FunctionFamily_urn_ure_t6_core_Project_black-ops-2_fd2705692f16c05f_re_Function_msvc-public__strchr_cdb2e8c3954f5a55_build_urn_ure_t6_re_Build_urn_ure_t6_core_Project_black-ops-2_fd2705692f16c05f_pc-server-2013-03-11_4ee9a1fac7aa9195:d4f84b51d2fc28b0	_strchr			0	1196a276dcfdd74f72de4e4d6889e8a22e5bc4b24104501e0b13ccc51d4a5f3f	accepted-evidence-awaiting-semantic-promotion	unique-one-to-one-exact-function-instruction-bytes-sha256-across-builds
urn:ure:t6:occ:function:current-client:00a753ad	0x00A753AD	_atexit	402145936f1b92f6ca01a0d3a60e9f163d31a62016b1f9742a22ffaf7610f9c6	urn:ure:t6:re_FunctionVariant:urn_ure_t6_re_FunctionFamily_urn_ure_t6_core_Project_black-ops-2_fd2705692f16c05f_re_Function_msvc-public__atexit_4541775ba39f037a_build_urn_ure_t6_re_Build_urn_ure_t6_core_Project_black-ops-2_fd2705692f16c05f_pc-server-2013-03-11_4ee9a1fac7aa9195:c5ef4f7e799cc925	_atexit			0	402145936f1b92f6ca01a0d3a60e9f163d31a62016b1f9742a22ffaf7610f9c6	accepted-evidence-awaiting-semantic-promotion	unique-one-to-one-exact-function-instruction-bytes-sha256-across-builds
urn:ure:t6:occ:function:current-client:00a75640	0x00A75640	__aullshr	909b1a39b7337f2fa8d8626167f578bf92643cf163ee37f401893b5b813db166	urn:ure:t6:re_FunctionVariant:urn_ure_t6_re_FunctionFamily_urn_ure_t6_core_Project_black-ops-2_fd2705692f16c05f_re_Function_msvc-public___aullshr_3fa442b7a5413419_build_urn_ure_t6_re_Build_urn_ure_t6_core_Project_black-ops-2_fd2705692f16c05f_pc-server-2013-03-11_4ee9a1fac7aa9195:ed6b500be3d1b477	__aullshr			0	909b1a39b7337f2fa8d8626167f578bf92643cf163ee37f401893b5b813db166	accepted-evidence-awaiting-semantic-promotion	unique-one-to-one-exact-function-instruction-bytes-sha256-across-builds
urn:ure:t6:occ:function:current-client:00a77800	0x00A77800	__allshl	04614067463d9a7345e7de2955a0c9fb5906c602499fb5df7f220ae231db613b	urn:ure:t6:re_FunctionVariant:urn_ure_t6_re_FunctionFamily_urn_ure_t6_core_Project_black-ops-2_fd2705692f16c05f_re_Function_msvc-public___allshl_ffe477c427341d22_build_urn_ure_t6_re_Build_urn_ure_t6_core_Project_black-ops-2_fd2705692f16c05f_pc-server-2013-03-11_4ee9a1fac7aa9195:ed37f8c3bfb35d1b	__allshl			0	04614067463d9a7345e7de2955a0c9fb5906c602499fb5df7f220ae231db613b	accepted-evidence-awaiting-semantic-promotion	unique-one-to-one-exact-function-instruction-bytes-sha256-across-builds
urn:ure:t6:occ:function:current-client:00a77ab0	0x00A77AB0	_strrchr	0b599ea33c0e50b515a59dc8e4f453f040752c0a3af01afa77f3695f7753ba12	urn:ure:t6:re_FunctionVariant:urn_ure_t6_re_FunctionFamily_urn_ure_t6_core_Project_black-ops-2_fd2705692f16c05f_re_Function_msvc-public__strrchr_a92dd0f9ffbbc316_build_urn_ure_t6_re_Build_urn_ure_t6_core_Project_black-ops-2_fd2705692f16c05f_pc-server-2013-03-11_4ee9a1fac7aa9195:374f6f0012fab6ac	_strrchr			0	0b599ea33c0e50b515a59dc8e4f453f040752c0a3af01afa77f3695f7753ba12	accepted-evidence-awaiting-semantic-promotion	unique-one-to-one-exact-function-instruction-bytes-sha256-across-builds
urn:ure:t6:occ:function:current-client:00a77b10	0x00A77B10	__setjmp3	c24e8aaed4de58907df11c265260404d68e8b92e1a6373d11e2db8e73238e755	urn:ure:t6:re_FunctionVariant:urn_ure_t6_re_FunctionFamily_urn_ure_t6_core_Project_black-ops-2_fd2705692f16c05f_re_Function_msvc-public___setjmp3_dc790eb46526e65a_build_urn_ure_t6_re_Build_urn_ure_t6_core_Project_black-ops-2_fd2705692f16c05f_pc-server-2013-03-11_4ee9a1fac7aa9195:2a2ccd2937527232	__setjmp3			0	c24e8aaed4de58907df11c265260404d68e8b92e1a6373d11e2db8e73238e755	accepted-evidence-awaiting-semantic-promotion	unique-one-to-one-exact-function-instruction-bytes-sha256-across-builds
urn:ure:t6:occ:function:current-client:00a78376	0x00A78376	__mktime64	ce668652f7ba3511cf2fb614b9c602627204f549174456833989ecff3f927ba7	urn:ure:t6:re_FunctionVariant:urn_ure_t6_re_FunctionFamily_urn_ure_t6_core_Project_black-ops-2_fd2705692f16c05f_re_Function_msvc-public___mktime64_da85f111969f9a09_build_urn_ure_t6_re_Build_urn_ure_t6_core_Project_black-ops-2_fd2705692f16c05f_pc-server-2013-03-11_4ee9a1fac7aa9195:20e880e0b5f892f1	__mktime64			0	ce668652f7ba3511cf2fb614b9c602627204f549174456833989ecff3f927ba7	accepted-evidence-awaiting-semantic-promotion	unique-one-to-one-exact-function-instruction-bytes-sha256-across-builds
urn:ure:t6:occ:function:current-client:00a78b6b	0x00A78B6B	_fread	af1cd055d6efb8f0d7bfb0b049f7dd08ea4c59aa2a346ea46ded8157f3be1866	urn:ure:t6:re_FunctionVariant:urn_ure_t6_re_FunctionFamily_urn_ure_t6_core_Project_black-ops-2_fd2705692f16c05f_re_Function_msvc-public__fread_aaa435b58dd30cd3_build_urn_ure_t6_re_Build_urn_ure_t6_core_Project_black-ops-2_fd2705692f16c05f_pc-server-2013-03-11_4ee9a1fac7aa9195:2fbf9bb9ed0dc6d1	_fread			0	af1cd055d6efb8f0d7bfb0b049f7dd08ea4c59aa2a346ea46ded8157f3be1866	accepted-evidence-awaiting-semantic-promotion	unique-one-to-one-exact-function-instruction-bytes-sha256-across-builds
urn:ure:t6:occ:function:current-client:00a796a7	0x00A796A7	_fopen	52633bbaa385d145bfea765b81dcbcb2d2ac479d63b85041d0499c313852dcf6	urn:ure:t6:re_FunctionVariant:urn_ure_t6_re_FunctionFamily_urn_ure_t6_core_Project_black-ops-2_fd2705692f16c05f_re_Function_msvc-public__fopen_f8054b9e3fcb7ada_build_urn_ure_t6_re_Build_urn_ure_t6_core_Project_black-ops-2_fd2705692f16c05f_pc-server-2013-03-11_4ee9a1fac7aa9195:1476ddd4509b6264	_fopen			0	52633bbaa385d145bfea765b81dcbcb2d2ac479d63b85041d0499c313852dcf6	accepted-evidence-awaiting-semantic-promotion	unique-one-to-one-exact-function-instruction-bytes-sha256-across-builds
urn:ure:t6:occ:function:current-client:00a79af0	0x00A79AF0	__aulldiv	84d17e172ff5e6bce23b7837cc15439649f685d00b3cdff9cc07cae79a0a88f2	urn:ure:t6:re_FunctionVariant:urn_ure_t6_re_FunctionFamily_urn_ure_t6_core_Project_black-ops-2_fd2705692f16c05f_re_Function_msvc-public___aulldiv_474a3aedfbc8adbe_build_urn_ure_t6_re_Build_urn_ure_t6_core_Project_black-ops-2_fd2705692f16c05f_pc-server-2013-03-11_4ee9a1fac7aa9195:2a7199a2620200d1	__aulldiv			0	84d17e172ff5e6bce23b7837cc15439649f685d00b3cdff9cc07cae79a0a88f2	accepted-evidence-awaiting-semantic-promotion	unique-one-to-one-exact-function-instruction-bytes-sha256-across-builds
urn:ure:t6:occ:function:current-client:00a79c67	0x00A79C67	__ui64toa	10e41000cee9a024c9df7ec383c187617203f991fd1533ba48846c6d1e3bb25e	urn:ure:t6:re_FunctionVariant:urn_ure_t6_re_FunctionFamily_urn_ure_t6_core_Project_black-ops-2_fd2705692f16c05f_re_Function_msvc-public___ui64toa_a4b0d5bca831797c_build_urn_ure_t6_re_Build_urn_ure_t6_core_Project_black-ops-2_fd2705692f16c05f_pc-server-2013-03-11_4ee9a1fac7aa9195:1f317965dd5fb921	__ui64toa			0	10e41000cee9a024c9df7ec383c187617203f991fd1533ba48846c6d1e3bb25e	accepted-evidence-awaiting-semantic-promotion	unique-one-to-one-exact-function-instruction-bytes-sha256-across-builds
urn:ure:t6:occ:function:current-client:00a7a1d0	0x00A7A1D0	__allmul	3d0898d998acc8af3ea17032ff56fd1b963c685b072f669c52d4b8267f9d0a78	urn:ure:t6:re_FunctionVariant:urn_ure_t6_re_FunctionFamily_urn_ure_t6_core_Project_black-ops-2_fd2705692f16c05f_re_Function_msvc-public___allmul_5a650c5caaaa3900_build_urn_ure_t6_re_Build_urn_ure_t6_core_Project_black-ops-2_fd2705692f16c05f_pc-server-2013-03-11_4ee9a1fac7aa9195:a919b8d65a996df5	__allmul			0	3d0898d998acc8af3ea17032ff56fd1b963c685b072f669c52d4b8267f9d0a78	accepted-evidence-awaiting-semantic-promotion	unique-one-to-one-exact-function-instruction-bytes-sha256-across-builds
urn:ure:t6:occ:function:current-client:00a7a210	0x00A7A210	_memchr	4e96ec5152dff3c4648f00572c6ed10d221e170be7101db0a0a0d6fe9e7b503f	urn:ure:t6:re_FunctionVariant:urn_ure_t6_re_FunctionFamily_urn_ure_t6_core_Project_black-ops-2_fd2705692f16c05f_re_Function_msvc-public__memchr_e58e1b883c0f408e_build_urn_ure_t6_re_Build_urn_ure_t6_core_Project_black-ops-2_fd2705692f16c05f_pc-server-2013-03-11_4ee9a1fac7aa9195:848d26959b409f5d	_memchr			0	4e96ec5152dff3c4648f00572c6ed10d221e170be7101db0a0a0d6fe9e7b503f	accepted-evidence-awaiting-semantic-promotion	unique-one-to-one-exact-function-instruction-bytes-sha256-across-builds
urn:ure:t6:occ:function:current-client:00a7a2c0	0x00A7A2C0	_strcspn	c3a436646e0acf44b28d2087806b0dcfc4869473f1b1b8cd1e0c01d07e16cc3c	urn:ure:t6:re_FunctionVariant:urn_ure_t6_re_FunctionFamily_urn_ure_t6_core_Project_black-ops-2_fd2705692f16c05f_re_Function_msvc-public__strcspn_ae53f0351cf0458f_build_urn_ure_t6_re_Build_urn_ure_t6_core_Project_black-ops-2_fd2705692f16c05f_pc-server-2013-03-11_4ee9a1fac7aa9195:ae3f67ba321d64e6	_strcspn			0	c3a436646e0acf44b28d2087806b0dcfc4869473f1b1b8cd1e0c01d07e16cc3c	accepted-evidence-awaiting-semantic-promotion	unique-one-to-one-exact-function-instruction-bytes-sha256-across-builds
urn:ure:t6:occ:function:current-client:00a7a310	0x00A7A310	_strspn	f250758db89da8bace57e1367e10641e50922f3a0700fe1b70a6f2e6999f4f70	urn:ure:t6:re_FunctionVariant:urn_ure_t6_re_FunctionFamily_urn_ure_t6_core_Project_black-ops-2_fd2705692f16c05f_re_Function_msvc-public__strspn_f54424e867d6459c_build_urn_ure_t6_re_Build_urn_ure_t6_core_Project_black-ops-2_fd2705692f16c05f_pc-server-2013-03-11_4ee9a1fac7aa9195:55a081a9541a6271	_strspn			0	f250758db89da8bace57e1367e10641e50922f3a0700fe1b70a6f2e6999f4f70	accepted-evidence-awaiting-semantic-promotion	unique-one-to-one-exact-function-instruction-bytes-sha256-across-builds
urn:ure:t6:occ:function:current-client:00a7a7ae	0x00A7A7AE	___ascii_stricmp	8cdaf97900da5fec4a09a393fa15fe6c4c997156779efea27d23dda8fcdde8cd	urn:ure:t6:re_FunctionVariant:urn_ure_t6_re_FunctionFamily_urn_ure_t6_core_Project_black-ops-2_fd2705692f16c05f_re_Function_msvc-public____ascii_stricmp_7f74cb1404b63214_build_urn_ure_t6_re_Build_urn_ure_t6_core_Project_black-ops-2_fd2705692f16c05f_pc-server-2013-03-11_4ee9a1fac7aa9195:04d348e211af0104	___ascii_stricmp			0	8cdaf97900da5fec4a09a393fa15fe6c4c997156779efea27d23dda8fcdde8cd	accepted-evidence-awaiting-semantic-promotion	unique-one-to-one-exact-function-instruction-bytes-sha256-across-builds
urn:ure:t6:occ:function:current-client:00a7b480	0x00A7B480	__allshr	f028a2bb21a2463601e9046f5105991b09f90af85bae56b363c014dafc609ea6	urn:ure:t6:re_FunctionVariant:urn_ure_t6_re_FunctionFamily_urn_ure_t6_core_Project_black-ops-2_fd2705692f16c05f_re_Function_msvc-public___allshr_26a38bf20a48551c_build_urn_ure_t6_re_Build_urn_ure_t6_core_Project_black-ops-2_fd2705692f16c05f_pc-server-2013-03-11_4ee9a1fac7aa9195:035abd9b16d5861b	__allshr			0	f028a2bb21a2463601e9046f5105991b09f90af85bae56b363c014dafc609ea6	accepted-evidence-awaiting-semantic-promotion	unique-one-to-one-exact-function-instruction-bytes-sha256-across-builds
urn:ure:t6:occ:function:current-client:00a7b569	0x00A7B569	__initterm_e	1f28b44dc2c37853fca518c9be09224b5ae94cb545a6d9b7ac4f9552ccf7d0f8	urn:ure:t6:re_FunctionVariant:urn_ure_t6_re_FunctionFamily_urn_ure_t6_core_Project_black-ops-2_fd2705692f16c05f_re_Function_msvc-public___initterm_e_e84952a90c27d94d_build_urn_ure_t6_re_Build_urn_ure_t6_core_Project_black-ops-2_fd2705692f16c05f_pc-server-2013-03-11_4ee9a1fac7aa9195:05c62bb3446e7a82	__initterm_e			0	1f28b44dc2c37853fca518c9be09224b5ae94cb545a6d9b7ac4f9552ccf7d0f8	accepted-evidence-awaiting-semantic-promotion	unique-one-to-one-exact-function-instruction-bytes-sha256-across-builds
urn:ure:t6:occ:function:current-client:00a7b764	0x00A7B764	_exit	7c58d67f3497f63bb9b829844fb5db21a673e4044a734129fef8a365a7de2f11	urn:ure:t6:re_FunctionVariant:urn_ure_t6_re_FunctionFamily_urn_ure_t6_core_Project_black-ops-2_fd2705692f16c05f_re_Function_msvc-public__exit_4d4b4a3709690b4b_build_urn_ure_t6_re_Build_urn_ure_t6_core_Project_black-ops-2_fd2705692f16c05f_pc-server-2013-03-11_4ee9a1fac7aa9195:f278d939944c3cc3	_exit			0	7c58d67f3497f63bb9b829844fb5db21a673e4044a734129fef8a365a7de2f11	accepted-evidence-awaiting-semantic-promotion	unique-one-to-one-exact-function-instruction-bytes-sha256-across-builds
urn:ure:t6:occ:function:current-client:00a7b77a	0x00A7B77A	__exit	dd4cfad79324df5c73006571d8151578f68db1ac184d93ca0dc620c6d7605ac4	urn:ure:t6:re_FunctionVariant:urn_ure_t6_re_FunctionFamily_urn_ure_t6_core_Project_black-ops-2_fd2705692f16c05f_re_Function_msvc-public___exit_b3db8167d8075812_build_urn_ure_t6_re_Build_urn_ure_t6_core_Project_black-ops-2_fd2705692f16c05f_pc-server-2013-03-11_4ee9a1fac7aa9195:0ef5d8843895ad88	__exit			0	dd4cfad79324df5c73006571d8151578f68db1ac184d93ca0dc620c6d7605ac4	accepted-evidence-awaiting-semantic-promotion	unique-one-to-one-exact-function-instruction-bytes-sha256-across-builds
urn:ure:t6:occ:function:current-client:00a7b790	0x00A7B790	__cexit	85aa9bc57312cb8e65b0107d80e725fd0b5ca98621bdf064a49f551f7bb68934	urn:ure:t6:re_FunctionVariant:urn_ure_t6_re_FunctionFamily_urn_ure_t6_core_Project_black-ops-2_fd2705692f16c05f_re_Function_msvc-public___cexit_8f3acc343aab0baa_build_urn_ure_t6_re_Build_urn_ure_t6_core_Project_black-ops-2_fd2705692f16c05f_pc-server-2013-03-11_4ee9a1fac7aa9195:13a4d5b3477729da	__cexit			0	85aa9bc57312cb8e65b0107d80e725fd0b5ca98621bdf064a49f551f7bb68934	accepted-evidence-awaiting-semantic-promotion	unique-one-to-one-exact-function-instruction-bytes-sha256-across-builds
urn:ure:t6:occ:function:current-client:00a7ba33	0x00A7BA33	_wcstombs	651f3b04c68605b87b0896555b921b672ed7383488a85f7dbb77a8860de72c28	urn:ure:t6:re_FunctionVariant:urn_ure_t6_re_FunctionFamily_urn_ure_t6_core_Project_black-ops-2_fd2705692f16c05f_re_Function_msvc-public__wcstombs_69b5c65b360d00ea_build_urn_ure_t6_re_Build_urn_ure_t6_core_Project_black-ops-2_fd2705692f16c05f_pc-server-2013-03-11_4ee9a1fac7aa9195:509b160ee12c9f4a	_wcstombs			0	651f3b04c68605b87b0896555b921b672ed7383488a85f7dbb77a8860de72c28	accepted-evidence-awaiting-semantic-promotion	unique-one-to-one-exact-function-instruction-bytes-sha256-across-builds
urn:ure:t6:occ:function:current-client:00a7bc45	0x00A7BC45	__splitpath	18e282b9605ff2f6273c91e62ddfd39fbbad5cb4a575988dd8eb70ae4a16962d	urn:ure:t6:re_FunctionVariant:urn_ure_t6_re_FunctionFamily_urn_ure_t6_core_Project_black-ops-2_fd2705692f16c05f_re_Function_msvc-public___splitpath_71987eb4893bfa19_build_urn_ure_t6_re_Build_urn_ure_t6_core_Project_black-ops-2_fd2705692f16c05f_pc-server-2013-03-11_4ee9a1fac7aa9195:66fc2047af91792e	__splitpath			0	18e282b9605ff2f6273c91e62ddfd39fbbad5cb4a575988dd8eb70ae4a16962d	accepted-evidence-awaiting-semantic-promotion	unique-one-to-one-exact-function-instruction-bytes-sha256-across-builds
urn:ure:t6:occ:function:current-client:00a7d73e	0x00A7D73E	__aligned_malloc	f7548f9275fae60b181eda07d7fe7bb093048a8fa1d74aef3f2d746a7711f372	urn:ure:t6:re_FunctionVariant:urn_ure_t6_re_FunctionFamily_urn_ure_t6_core_Project_black-ops-2_fd2705692f16c05f_re_Function_msvc-public___aligned_malloc_c5cdd821c005b643_build_urn_ure_t6_re_Build_urn_ure_t6_core_Project_black-ops-2_fd2705692f16c05f_pc-server-2013-03-11_4ee9a1fac7aa9195:12cfc830e4496483	__aligned_malloc			0	f7548f9275fae60b181eda07d7fe7bb093048a8fa1d74aef3f2d746a7711f372	accepted-evidence-awaiting-semantic-promotion	unique-one-to-one-exact-function-instruction-bytes-sha256-across-builds
urn:ure:t6:occ:function:current-client:00a7d8e1	0x00A7D8E1	__aligned_realloc	51435533025e9a356e392332fe80b9a2252b42bfadbf1f0af42f0fbf7f22a1ba	urn:ure:t6:re_FunctionVariant:urn_ure_t6_re_FunctionFamily_urn_ure_t6_core_Project_black-ops-2_fd2705692f16c05f_re_Function_msvc-public___aligned_realloc_a6b0e66b3e76915c_build_urn_ure_t6_re_Build_urn_ure_t6_core_Project_black-ops-2_fd2705692f16c05f_pc-server-2013-03-11_4ee9a1fac7aa9195:ac4ba9747c7c0f33	__aligned_realloc			0	51435533025e9a356e392332fe80b9a2252b42bfadbf1f0af42f0fbf7f22a1ba	accepted-evidence-awaiting-semantic-promotion	unique-one-to-one-exact-function-instruction-bytes-sha256-across-builds
urn:ure:t6:occ:function:current-client:00a801e4	0x00A801E4	_vsprintf	cd78917148c655df39f3db8e1b9afdb3d30361518524dfa51cba351d75f8817d	urn:ure:t6:re_FunctionVariant:urn_ure_t6_re_FunctionFamily_urn_ure_t6_core_Project_black-ops-2_fd2705692f16c05f_re_Function_msvc-public__vsprintf_4b47e6fe44e98191_build_urn_ure_t6_re_Build_urn_ure_t6_core_Project_black-ops-2_fd2705692f16c05f_pc-server-2013-03-11_4ee9a1fac7aa9195:724177cf923d0a4d	_vsprintf			0	cd78917148c655df39f3db8e1b9afdb3d30361518524dfa51cba351d75f8817d	accepted-evidence-awaiting-semantic-promotion	unique-one-to-one-exact-function-instruction-bytes-sha256-across-builds
urn:ure:t6:occ:function:current-client:00a8154f	0x00A8154F	FUN_00a8154f	255837ddb50b2c532a520bd78c4ecf716a2fbd44b1f5152eeecd3deba8f814d0	urn:ure:t6:re_FunctionVariant:urn_ure_t6_re_FunctionFamily_urn_ure_t6_core_Project_black-ops-2_fd2705692f16c05f_re_Function_msvc-public___invalid_parameter_noinfo_16fd2a4f743368b6_build_urn_ure_t6_re_Build_urn_ure_t6_core_Project_black-ops-2_fd2705692f16c05f_pc-server-2013-03-11_4ee9a1fac7aa9195:ff0ead9cbd4880dd	__invalid_parameter_noinfo			0	255837ddb50b2c532a520bd78c4ecf716a2fbd44b1f5152eeecd3deba8f814d0	accepted-evidence-awaiting-semantic-promotion	unique-one-to-one-exact-function-instruction-bytes-sha256-across-builds
urn:ure:t6:occ:function:current-client:00a81be0	0x00A81BE0	_strlen	5044fc769fb26ae1772d18e3e1ef5ffc16757c910207278cab8d90af3557a7f0	urn:ure:t6:re_FunctionVariant:urn_ure_t6_re_FunctionFamily_urn_ure_t6_core_Project_black-ops-2_fd2705692f16c05f_re_Function_msvc-public__strlen_4b564a802a6050e0_build_urn_ure_t6_re_Build_urn_ure_t6_core_Project_black-ops-2_fd2705692f16c05f_pc-server-2013-03-11_4ee9a1fac7aa9195:7806aa6b4bbe0f5d	_strlen			0	5044fc769fb26ae1772d18e3e1ef5ffc16757c910207278cab8d90af3557a7f0	accepted-evidence-awaiting-semantic-promotion	unique-one-to-one-exact-function-instruction-bytes-sha256-across-builds
urn:ure:t6:occ:function:current-client:00a82b2f	0x00A82B2F	__positive	be3c067b0e75da323ea5c05e8c1ca796ca6ecba8ea88d1ed006a75156fe5ce64	urn:ure:t6:re_FunctionVariant:urn_ure_t6_re_FunctionFamily_urn_ure_t6_core_Project_black-ops-2_fd2705692f16c05f_re_Function_msvc-public___positive_ab07ac8aa37e224a_build_urn_ure_t6_re_Build_urn_ure_t6_core_Project_black-ops-2_fd2705692f16c05f_pc-server-2013-03-11_4ee9a1fac7aa9195:c120872a40e05187	__positive			0	be3c067b0e75da323ea5c05e8c1ca796ca6ecba8ea88d1ed006a75156fe5ce64	accepted-evidence-awaiting-semantic-promotion	unique-one-to-one-exact-function-instruction-bytes-sha256-across-builds
urn:ure:t6:occ:function:current-client:00a82b8d	0x00A82B8D	__fassign	23d2d6a000016d3836341ca3e154cf8f1d34c3a6030f37dcfe5a04117f4dba94	urn:ure:t6:re_FunctionVariant:urn_ure_t6_re_FunctionFamily_urn_ure_t6_core_Project_black-ops-2_fd2705692f16c05f_re_Function_msvc-public___fassign_cad57987fe56b6c8_build_urn_ure_t6_re_Build_urn_ure_t6_core_Project_black-ops-2_fd2705692f16c05f_pc-server-2013-03-11_4ee9a1fac7aa9195:a87feb8283ac33d1	__fassign			0	23d2d6a000016d3836341ca3e154cf8f1d34c3a6030f37dcfe5a04117f4dba94	accepted-evidence-awaiting-semantic-promotion	unique-one-to-one-exact-function-instruction-bytes-sha256-across-builds
urn:ure:t6:occ:function:current-client:00a82bc6	0x00A82BC6	__forcdecpt	3c3fbfe505e3c1b680a1f59d5271a469ebdcf920e27fc1ae07c93cb53a92c2b5	urn:ure:t6:re_FunctionVariant:urn_ure_t6_re_FunctionFamily_urn_ure_t6_core_Project_black-ops-2_fd2705692f16c05f_re_Function_msvc-public___forcdecpt_a0e9660e12953772_build_urn_ure_t6_re_Build_urn_ure_t6_core_Project_black-ops-2_fd2705692f16c05f_pc-server-2013-03-11_4ee9a1fac7aa9195:84d1ec2f9d2ff3c3	__forcdecpt			0	3c3fbfe505e3c1b680a1f59d5271a469ebdcf920e27fc1ae07c93cb53a92c2b5	accepted-evidence-awaiting-semantic-promotion	unique-one-to-one-exact-function-instruction-bytes-sha256-across-builds
urn:ure:t6:occ:function:current-client:00a82bd9	0x00A82BD9	__cropzeros	e5960cb1a437ee9c1bf844ec6103d1b535d4a88c2c8bab367aa897ef3fbaa0be	urn:ure:t6:re_FunctionVariant:urn_ure_t6_re_FunctionFamily_urn_ure_t6_core_Project_black-ops-2_fd2705692f16c05f_re_Function_msvc-public___cropzeros_aa3ccaf855fd2284_build_urn_ure_t6_re_Build_urn_ure_t6_core_Project_black-ops-2_fd2705692f16c05f_pc-server-2013-03-11_4ee9a1fac7aa9195:c44d924854b024a1	__cropzeros			0	e5960cb1a437ee9c1bf844ec6103d1b535d4a88c2c8bab367aa897ef3fbaa0be	accepted-evidence-awaiting-semantic-promotion	unique-one-to-one-exact-function-instruction-bytes-sha256-across-builds
urn:ure:t6:occ:function:current-client:00a82e14	0x00A82E14	__cftoe	268cf20ca320a8a3a92f1bcc3d975544b2b47a2e771ad12db6cc02e89b03e57b	urn:ure:t6:re_FunctionVariant:urn_ure_t6_re_FunctionFamily_urn_ure_t6_core_Project_black-ops-2_fd2705692f16c05f_re_Function_msvc-public___cftoe_238aa8d5bc88a604_build_urn_ure_t6_re_Build_urn_ure_t6_core_Project_black-ops-2_fd2705692f16c05f_pc-server-2013-03-11_4ee9a1fac7aa9195:d4fbaed79f4ba6d0	__cftoe			0	268cf20ca320a8a3a92f1bcc3d975544b2b47a2e771ad12db6cc02e89b03e57b	accepted-evidence-awaiting-semantic-promotion	unique-one-to-one-exact-function-instruction-bytes-sha256-across-builds
urn:ure:t6:occ:function:current-client:00a8345b	0x00A8345B	__cfltcvt_l	5f5cc27469bdefe79be0a276f6200f2231898e85adfba275ccf0f55379bf6023	urn:ure:t6:re_FunctionVariant:urn_ure_t6_re_FunctionFamily_urn_ure_t6_core_Project_black-ops-2_fd2705692f16c05f_re_Function_msvc-public___cfltcvt_l_458feb9e439de64d_build_urn_ure_t6_re_Build_urn_ure_t6_core_Project_black-ops-2_fd2705692f16c05f_pc-server-2013-03-11_4ee9a1fac7aa9195:b228c23ac6032561	__cfltcvt_l			0	5f5cc27469bdefe79be0a276f6200f2231898e85adfba275ccf0f55379bf6023	accepted-evidence-awaiting-semantic-promotion	unique-one-to-one-exact-function-instruction-bytes-sha256-across-builds
urn:ure:t6:occ:function:current-client:00a834e3	0x00A834E3	__cfltcvt	03ca8928fb82f3d11d76b334f7ff052edeb37256bfba14846a8c9ec87af28817	urn:ure:t6:re_FunctionVariant:urn_ure_t6_re_FunctionFamily_urn_ure_t6_core_Project_black-ops-2_fd2705692f16c05f_re_Function_msvc-public___cfltcvt_486a532e55992418_build_urn_ure_t6_re_Build_urn_ure_t6_core_Project_black-ops-2_fd2705692f16c05f_pc-server-2013-03-11_4ee9a1fac7aa9195:f380a7a26e2f1975	__cfltcvt			0	03ca8928fb82f3d11d76b334f7ff052edeb37256bfba14846a8c9ec87af28817	accepted-evidence-awaiting-semantic-promotion	unique-one-to-one-exact-function-instruction-bytes-sha256-across-builds
urn:ure:t6:occ:function:current-client:00a8468d	0x00A8468D	_isleadbyte	795b5bece2a71df261701707db8e17a49b0eeb36a9bf35872060e485e3100c4d	urn:ure:t6:re_FunctionVariant:urn_ure_t6_re_FunctionFamily_urn_ure_t6_core_Project_black-ops-2_fd2705692f16c05f_re_Function_msvc-public__isleadbyte_688f819229e91aa0_build_urn_ure_t6_re_Build_urn_ure_t6_core_Project_black-ops-2_fd2705692f16c05f_pc-server-2013-03-11_4ee9a1fac7aa9195:fa54c460166cc894	_isleadbyte			0	795b5bece2a71df261701707db8e17a49b0eeb36a9bf35872060e485e3100c4d	accepted-evidence-awaiting-semantic-promotion	unique-one-to-one-exact-function-instruction-bytes-sha256-across-builds
urn:ure:t6:occ:function:current-client:00a87270	0x00A87270	FUN_00a87270	0f6bedbaacb032256ec1d8adf83f852975544b42c821b77ce77abfd6ee3580e1	urn:ure:t6:re_FunctionVariant:urn_ure_t6_re_FunctionFamily_urn_ure_t6_core_Project_black-ops-2_fd2705692f16c05f_re_Function_msvc-public___startTwoArgErrorHandling_17ee51f8b5a2431f_build_urn_ure_t6_re_Build_urn_ure_t6_core_Project_black-ops-2_fd2705692f16c05f_pc-server-2013-03-11_4ee9a1fac7aa9195:249fb910b8df09c3	__startTwoArgErrorHandling			0	0f6bedbaacb032256ec1d8adf83f852975544b42c821b77ce77abfd6ee3580e1	accepted-evidence-awaiting-semantic-promotion	unique-one-to-one-exact-function-instruction-bytes-sha256-across-builds
urn:ure:t6:occ:function:current-client:00a872d0	0x00A872D0	FUN_00a872d0	2dce0bc1ec224128643a743b9a3cab6795651b19324ae7b387a872b7d615ab3b	urn:ure:t6:re_FunctionVariant:urn_ure_t6_re_FunctionFamily_urn_ure_t6_core_Project_black-ops-2_fd2705692f16c05f_re_Function_msvc-public___twoToTOS_be7bc01a6308a096_build_urn_ure_t6_re_Build_urn_ure_t6_core_Project_black-ops-2_fd2705692f16c05f_pc-server-2013-03-11_4ee9a1fac7aa9195:25fa7aa5d0a3c4ea	__twoToTOS			0	2dce0bc1ec224128643a743b9a3cab6795651b19324ae7b387a872b7d615ab3b	accepted-evidence-awaiting-semantic-promotion	unique-one-to-one-exact-function-instruction-bytes-sha256-across-builds
urn:ure:t6:occ:function:current-client:00a872e5	0x00A872E5	FUN_00a872e5	e6ec999d45c3c78e22ed722d9cdd003ca3e8685d7954a7d030915df1e55eb902	urn:ure:t6:re_FunctionVariant:urn_ure_t6_re_FunctionFamily_urn_ure_t6_core_Project_black-ops-2_fd2705692f16c05f_re_Function_msvc-public___load_CW_914b039dc017d308_build_urn_ure_t6_re_Build_urn_ure_t6_core_Project_black-ops-2_fd2705692f16c05f_pc-server-2013-03-11_4ee9a1fac7aa9195:470d2f559b5204fa	__load_CW			0	e6ec999d45c3c78e22ed722d9cdd003ca3e8685d7954a7d030915df1e55eb902	accepted-evidence-awaiting-semantic-promotion	unique-one-to-one-exact-function-instruction-bytes-sha256-across-builds
urn:ure:t6:occ:function:current-client:00a87315	0x00A87315	__fload_withFB	49756c88592603c59a91d5ecf8589dab665fc8a2ad0f138e5d6e3c3b05c21169	urn:ure:t6:re_FunctionVariant:urn_ure_t6_re_FunctionFamily_urn_ure_t6_core_Project_black-ops-2_fd2705692f16c05f_re_Function_msvc-public___fload_withFB_46390855db49ab3f_build_urn_ure_t6_re_Build_urn_ure_t6_core_Project_black-ops-2_fd2705692f16c05f_pc-server-2013-03-11_4ee9a1fac7aa9195:7eecb1365673f945	__fload_withFB			0	49756c88592603c59a91d5ecf8589dab665fc8a2ad0f138e5d6e3c3b05c21169	accepted-evidence-awaiting-semantic-promotion	unique-one-to-one-exact-function-instruction-bytes-sha256-across-builds
urn:ure:t6:occ:function:current-client:00a87358	0x00A87358	FUN_00a87358	4adcaaeddff7fc3980a56d0f0bd062f443e97ac27181910e7fc475851b93b5d9	urn:ure:t6:re_FunctionVariant:urn_ure_t6_re_FunctionFamily_urn_ure_t6_core_Project_black-ops-2_fd2705692f16c05f_re_Function_msvc-public___checkTOS_withFB_09e89372def03f84_build_urn_ure_t6_re_Build_urn_ure_t6_core_Project_black-ops-2_fd2705692f16c05f_pc-server-2013-03-11_4ee9a1fac7aa9195:9c26d2e5cf1ce000	__checkTOS_withFB			0	4adcaaeddff7fc3980a56d0f0bd062f443e97ac27181910e7fc475851b93b5d9	accepted-evidence-awaiting-semantic-promotion	unique-one-to-one-exact-function-instruction-bytes-sha256-across-builds
urn:ure:t6:occ:function:current-client:00a8736e	0x00A8736E	FUN_00a8736e	b0971b5d2cb4945dc056293d2dac8d989fc1d1488b22edb4125e67fdf93c85bd	urn:ure:t6:re_FunctionVariant:urn_ure_t6_re_FunctionFamily_urn_ure_t6_core_Project_black-ops-2_fd2705692f16c05f_re_Function_msvc-public___fast_exit_dbf0dfbe99a6ae33_build_urn_ure_t6_re_Build_urn_ure_t6_core_Project_black-ops-2_fd2705692f16c05f_pc-server-2013-03-11_4ee9a1fac7aa9195:5febe24a0ecd5cc9	__fast_exit			0	b0971b5d2cb4945dc056293d2dac8d989fc1d1488b22edb4125e67fdf93c85bd	accepted-evidence-awaiting-semantic-promotion	unique-one-to-one-exact-function-instruction-bytes-sha256-across-builds
urn:ure:t6:occ:function:current-client:00a8737b	0x00A8737B	__math_exit	c52b11c2f87cb280a857bc4f1442e274b39ddcfb68cb9167f941f707193e58da	urn:ure:t6:re_FunctionVariant:urn_ure_t6_re_FunctionFamily_urn_ure_t6_core_Project_black-ops-2_fd2705692f16c05f_re_Function_msvc-public___math_exit_3085b7fccc4a1925_build_urn_ure_t6_re_Build_urn_ure_t6_core_Project_black-ops-2_fd2705692f16c05f_pc-server-2013-03-11_4ee9a1fac7aa9195:cabc93bae47a69ac	__math_exit			0	c52b11c2f87cb280a857bc4f1442e274b39ddcfb68cb9167f941f707193e58da	accepted-evidence-awaiting-semantic-promotion	unique-one-to-one-exact-function-instruction-bytes-sha256-across-builds
urn:ure:t6:occ:function:current-client:00a87575	0x00A87575	__SEH_epilog4	39142b8d79823b8b3c0dd534ee99caf6c8cce4347b7608cfc004a14c873f7411	urn:ure:t6:re_FunctionVariant:urn_ure_t6_re_FunctionFamily_urn_ure_t6_core_Project_black-ops-2_fd2705692f16c05f_re_Function_msvc-public___SEH_epilog4_cb6114ba9c61be8b_build_urn_ure_t6_re_Build_urn_ure_t6_core_Project_black-ops-2_fd2705692f16c05f_pc-server-2013-03-11_4ee9a1fac7aa9195:3c4f81d3a742a9a7	__SEH_epilog4			0	39142b8d79823b8b3c0dd534ee99caf6c8cce4347b7608cfc004a14c873f7411	accepted-evidence-awaiting-semantic-promotion	unique-one-to-one-exact-function-instruction-bytes-sha256-across-builds
urn:ure:t6:occ:function:current-client:00a895da	0x00A895DA	__mbsnbicoll	66991f6b81f4b862a664f72a5f7b479ddc3101af6cb96be81c4d1306c9cd2178	urn:ure:t6:re_FunctionVariant:urn_ure_t6_re_FunctionFamily_urn_ure_t6_core_Project_black-ops-2_fd2705692f16c05f_re_Function_msvc-public___mbsnbicoll_8499de4955ef4f42_build_urn_ure_t6_re_Build_urn_ure_t6_core_Project_black-ops-2_fd2705692f16c05f_pc-server-2013-03-11_4ee9a1fac7aa9195:848e5eb15c9e68a7	__mbsnbicoll			0	66991f6b81f4b862a664f72a5f7b479ddc3101af6cb96be81c4d1306c9cd2178	accepted-evidence-awaiting-semantic-promotion	unique-one-to-one-exact-function-instruction-bytes-sha256-across-builds
urn:ure:t6:occ:function:current-client:00a89838	0x00A89838	_strnlen	da4a745d28a57d05fb28b1881d6346fbe87a2a92ea5851e93697a28ff6b79ff3	urn:ure:t6:re_FunctionVariant:urn_ure_t6_re_FunctionFamily_urn_ure_t6_core_Project_black-ops-2_fd2705692f16c05f_re_Function_msvc-public__strnlen_cff1f9b59256df03_build_urn_ure_t6_re_Build_urn_ure_t6_core_Project_black-ops-2_fd2705692f16c05f_pc-server-2013-03-11_4ee9a1fac7aa9195:817b337af1b04411	_strnlen			0	da4a745d28a57d05fb28b1881d6346fbe87a2a92ea5851e93697a28ff6b79ff3	accepted-evidence-awaiting-semantic-promotion	unique-one-to-one-exact-function-instruction-bytes-sha256-across-builds
urn:ure:t6:occ:function:current-client:00a89b8a	0x00A89B8A	_wcslen	f83af3adc4046b7656a69e7e49bc7ae8ba2f3f55553dc5b414397f3b1fb114e6	urn:ure:t6:re_FunctionVariant:urn_ure_t6_re_FunctionFamily_urn_ure_t6_core_Project_black-ops-2_fd2705692f16c05f_re_Function_msvc-public__wcslen_266096fdb2a1c20e_build_urn_ure_t6_re_Build_urn_ure_t6_core_Project_black-ops-2_fd2705692f16c05f_pc-server-2013-03-11_4ee9a1fac7aa9195:e83b353d62a1d57c	_wcslen			0	f83af3adc4046b7656a69e7e49bc7ae8ba2f3f55553dc5b414397f3b1fb114e6	accepted-evidence-awaiting-semantic-promotion	unique-one-to-one-exact-function-instruction-bytes-sha256-across-builds
urn:ure:t6:occ:function:current-client:00a89f49	0x00A89F49	__mbschr	6c50e0279e834a7e1e86b51248949e78d7380f449b8c6cc4ceadac6f318c83c2	urn:ure:t6:re_FunctionVariant:urn_ure_t6_re_FunctionFamily_urn_ure_t6_core_Project_black-ops-2_fd2705692f16c05f_re_Function_msvc-public___mbschr_016451292a888312_build_urn_ure_t6_re_Build_urn_ure_t6_core_Project_black-ops-2_fd2705692f16c05f_pc-server-2013-03-11_4ee9a1fac7aa9195:0828487e09935c89	__mbschr			0	6c50e0279e834a7e1e86b51248949e78d7380f449b8c6cc4ceadac6f318c83c2	accepted-evidence-awaiting-semantic-promotion	unique-one-to-one-exact-function-instruction-bytes-sha256-across-builds
urn:ure:t6:occ:function:current-client:00a8a094	0x00A8A094	FUN_00a8a094	94abb6fadbcdb595e2ba8c9a673e591fec8944a2eb04edee55a9ecc56b893047	urn:ure:t6:re_FunctionVariant:urn_ure_t6_re_FunctionFamily_urn_ure_t6_core_Project_black-ops-2_fd2705692f16c05f_re_Function_msvc-public___NLG_Call_19adedf290c83608_build_urn_ure_t6_re_Build_urn_ure_t6_core_Project_black-ops-2_fd2705692f16c05f_pc-server-2013-03-11_4ee9a1fac7aa9195:0fbfe42d21b40039	__NLG_Call			0	94abb6fadbcdb595e2ba8c9a673e591fec8944a2eb04edee55a9ecc56b893047	accepted-evidence-awaiting-semantic-promotion	unique-one-to-one-exact-function-instruction-bytes-sha256-across-builds
urn:ure:t6:occ:function:current-client:00a8a8e0	0x00A8A8E0	__allrem	e1fcf7fc916461a2c414a1e217732d003803a01b8364a6acb293366906fcc724	urn:ure:t6:re_FunctionVariant:urn_ure_t6_re_FunctionFamily_urn_ure_t6_core_Project_black-ops-2_fd2705692f16c05f_re_Function_msvc-public___allrem_a6f0a479cb52bd82_build_urn_ure_t6_re_Build_urn_ure_t6_core_Project_black-ops-2_fd2705692f16c05f_pc-server-2013-03-11_4ee9a1fac7aa9195:5cf3c83d3817a3f3	__allrem			0	e1fcf7fc916461a2c414a1e217732d003803a01b8364a6acb293366906fcc724	accepted-evidence-awaiting-semantic-promotion	unique-one-to-one-exact-function-instruction-bytes-sha256-across-builds
urn:ure:t6:occ:function:current-client:00a8aaa7	0x00A8AAA7	__set_exp	f6dadeb2b3b8e130291a6d905c29482b8df3e618c5ce50b37e21c4647a169dbc	urn:ure:t6:re_FunctionVariant:urn_ure_t6_re_FunctionFamily_urn_ure_t6_core_Project_black-ops-2_fd2705692f16c05f_re_Function_msvc-public___set_exp_e08eb7727844241c_build_urn_ure_t6_re_Build_urn_ure_t6_core_Project_black-ops-2_fd2705692f16c05f_pc-server-2013-03-11_4ee9a1fac7aa9195:13d1501862c0a29b	__set_exp			0	f6dadeb2b3b8e130291a6d905c29482b8df3e618c5ce50b37e21c4647a169dbc	accepted-evidence-awaiting-semantic-promotion	unique-one-to-one-exact-function-instruction-bytes-sha256-across-builds
urn:ure:t6:occ:function:current-client:00a8aad4	0x00A8AAD4	__sptype	4c37f50e2128e893d446f403febfb566357b13107a4a5bf952fd0d56f99bfd99	urn:ure:t6:re_FunctionVariant:urn_ure_t6_re_FunctionFamily_urn_ure_t6_core_Project_black-ops-2_fd2705692f16c05f_re_Function_msvc-public___sptype_72b00f9bdf1c4476_build_urn_ure_t6_re_Build_urn_ure_t6_core_Project_black-ops-2_fd2705692f16c05f_pc-server-2013-03-11_4ee9a1fac7aa9195:3c83612c200ce4eb	__sptype			0	4c37f50e2128e893d446f403febfb566357b13107a4a5bf952fd0d56f99bfd99	accepted-evidence-awaiting-semantic-promotion	unique-one-to-one-exact-function-instruction-bytes-sha256-across-builds
urn:ure:t6:occ:function:current-client:00a8ab3a	0x00A8AB3A	FUN_00a8ab3a	23dcf23a40323c6a2b2ae34cc1ac2927994bb00d6ad395d86ab4a04aff3a08d0	urn:ure:t6:re_FunctionVariant:urn_ure_t6_re_FunctionFamily_urn_ure_t6_core_Project_black-ops-2_fd2705692f16c05f_re_Function_msvc-public___decomp_eee443ed65b829c2_build_urn_ure_t6_re_Build_urn_ure_t6_core_Project_black-ops-2_fd2705692f16c05f_pc-server-2013-03-11_4ee9a1fac7aa9195:6a741b4cd68ec2d9	__decomp			0	23dcf23a40323c6a2b2ae34cc1ac2927994bb00d6ad395d86ab4a04aff3a08d0	accepted-evidence-awaiting-semantic-promotion	unique-one-to-one-exact-function-instruction-bytes-sha256-across-builds
urn:ure:t6:occ:function:current-client:00a8aed9	0x00A8AED9	__raise_exc	053686e32249ad7e9be1e6da6bd6798912ca3623559068b7cf13478a5a9021c8	urn:ure:t6:re_FunctionVariant:urn_ure_t6_re_FunctionFamily_urn_ure_t6_core_Project_black-ops-2_fd2705692f16c05f_re_Function_msvc-public___raise_exc_fdfff124f49d4790_build_urn_ure_t6_re_Build_urn_ure_t6_core_Project_black-ops-2_fd2705692f16c05f_pc-server-2013-03-11_4ee9a1fac7aa9195:369d6184628bf687	__raise_exc			0	053686e32249ad7e9be1e6da6bd6798912ca3623559068b7cf13478a5a9021c8	accepted-evidence-awaiting-semantic-promotion	unique-one-to-one-exact-function-instruction-bytes-sha256-across-builds
urn:ure:t6:occ:function:current-client:00a8b10d	0x00A8B10D	__errcode	cbceaa2c21bd23620b947c762720879a18458f9a62a034a204fc5cdc8bd0ee6a	urn:ure:t6:re_FunctionVariant:urn_ure_t6_re_FunctionFamily_urn_ure_t6_core_Project_black-ops-2_fd2705692f16c05f_re_Function_msvc-public___errcode_1a3a9649cef51605_build_urn_ure_t6_re_Build_urn_ure_t6_core_Project_black-ops-2_fd2705692f16c05f_pc-server-2013-03-11_4ee9a1fac7aa9195:875fa8441c66baef	__errcode			0	cbceaa2c21bd23620b947c762720879a18458f9a62a034a204fc5cdc8bd0ee6a	accepted-evidence-awaiting-semantic-promotion	unique-one-to-one-exact-function-instruction-bytes-sha256-across-builds
urn:ure:t6:occ:function:current-client:00a8b43b	0x00A8B43B	__statfp	aaf32c6affd4473e36d77af765ea18f79d3458990e8f426a9b38c3a6288562ae	urn:ure:t6:re_FunctionVariant:urn_ure_t6_re_FunctionFamily_urn_ure_t6_core_Project_black-ops-2_fd2705692f16c05f_re_Function_msvc-public___statfp_a05b6aed1f7077e4_build_urn_ure_t6_re_Build_urn_ure_t6_core_Project_black-ops-2_fd2705692f16c05f_pc-server-2013-03-11_4ee9a1fac7aa9195:7748cf635b8d1c8d	__statfp			0	aaf32c6affd4473e36d77af765ea18f79d3458990e8f426a9b38c3a6288562ae	accepted-evidence-awaiting-semantic-promotion	unique-one-to-one-exact-function-instruction-bytes-sha256-across-builds
urn:ure:t6:occ:function:current-client:00a8b44b	0x00A8B44B	__clrfp	b67b6ab6029b316085c461fdd709becc4867e06d232cde868b4bf78f7d065c7e	urn:ure:t6:re_FunctionVariant:urn_ure_t6_re_FunctionFamily_urn_ure_t6_core_Project_black-ops-2_fd2705692f16c05f_re_Function_msvc-public___clrfp_af4f8818ebd5a875_build_urn_ure_t6_re_Build_urn_ure_t6_core_Project_black-ops-2_fd2705692f16c05f_pc-server-2013-03-11_4ee9a1fac7aa9195:7d2df3cc085b09fb	__clrfp			0	b67b6ab6029b316085c461fdd709becc4867e06d232cde868b4bf78f7d065c7e	accepted-evidence-awaiting-semantic-promotion	unique-one-to-one-exact-function-instruction-bytes-sha256-across-builds
urn:ure:t6:occ:function:current-client:00a8b45c	0x00A8B45C	__ctrlfp	3dcacf176bde33d02991811a28a0f2f89a39331a497a9892ced27c5e4a162e30	urn:ure:t6:re_FunctionVariant:urn_ure_t6_re_FunctionFamily_urn_ure_t6_core_Project_black-ops-2_fd2705692f16c05f_re_Function_msvc-public___ctrlfp_67660c099e36a20a_build_urn_ure_t6_re_Build_urn_ure_t6_core_Project_black-ops-2_fd2705692f16c05f_pc-server-2013-03-11_4ee9a1fac7aa9195:b3cb813f240a2be3	__ctrlfp			0	3dcacf176bde33d02991811a28a0f2f89a39331a497a9892ced27c5e4a162e30	accepted-evidence-awaiting-semantic-promotion	unique-one-to-one-exact-function-instruction-bytes-sha256-across-builds
urn:ure:t6:occ:function:current-client:00a8cbf8	0x00A8CBF8	___AdjustPointer	53897a49cdb8455a6629eaf7b5e5fefc794c42981083a068641763e7f66382ca	urn:ure:t6:re_FunctionVariant:urn_ure_t6_re_FunctionFamily_urn_ure_t6_core_Project_black-ops-2_fd2705692f16c05f_re_Function_msvc-public____AdjustPointer_0cd4da7682b46c8d_build_urn_ure_t6_re_Build_urn_ure_t6_core_Project_black-ops-2_fd2705692f16c05f_pc-server-2013-03-11_4ee9a1fac7aa9195:c135d99491e6a611	___AdjustPointer			0	53897a49cdb8455a6629eaf7b5e5fefc794c42981083a068641763e7f66382ca	accepted-evidence-awaiting-semantic-promotion	unique-one-to-one-exact-function-instruction-bytes-sha256-across-builds
urn:ure:t6:occ:function:current-client:00a8dc06	0x00A8DC06	FUN_00a8dc06	e4e0b46861913460fd65f84aa363c12e732e230c4437a194b143b5095937d5c9	urn:ure:t6:re_FunctionVariant:urn_ure_t6_re_FunctionFamily_urn_ure_t6_core_Project_black-ops-2_fd2705692f16c05f_re_Function_msvc-public___seh_longjmp_unwind4_4_85f6259432479106_build_urn_ure_t6_re_Build_urn_ure_t6_core_Project_black-ops-2_fd2705692f16c05f_pc-server-2013-03-11_4ee9a1fac7aa9195:dfbbe9c8b1a2b714	__seh_longjmp_unwind4@4			0	e4e0b46861913460fd65f84aa363c12e732e230c4437a194b143b5095937d5c9	accepted-evidence-awaiting-semantic-promotion	unique-one-to-one-exact-function-instruction-bytes-sha256-across-builds
urn:ure:t6:occ:function:current-client:00a8dc22	0x00A8DC22	_EH4_CallFilterFunc	6e2b3bd553f0ffdd43df815cf3341fce2e76a73e8f9b243867c06b12310701fb	urn:ure:t6:re_FunctionVariant:urn_ure_t6_re_FunctionFamily_urn_ure_t6_core_Project_black-ops-2_fd2705692f16c05f_re_Function_msvc-public__EH4_CallFilterFunc_8_b97e9dd4a27892e8_build_urn_ure_t6_re_Build_urn_ure_t6_core_Project_black-ops-2_fd2705692f16c05f_pc-server-2013-03-11_4ee9a1fac7aa9195:578ff1af7ce0fe5e	@_EH4_CallFilterFunc@8			0	6e2b3bd553f0ffdd43df815cf3341fce2e76a73e8f9b243867c06b12310701fb	accepted-evidence-awaiting-semantic-promotion	unique-one-to-one-exact-function-instruction-bytes-sha256-across-builds
urn:ure:t6:occ:function:current-client:00a8dc6b	0x00A8DC6B	_EH4_LocalUnwind	3a4eec4ea35ea7724ca91d5b2d275d704d2d9d89e7df2de78413b2ebadec32dc	urn:ure:t6:re_FunctionVariant:urn_ure_t6_re_FunctionFamily_urn_ure_t6_core_Project_black-ops-2_fd2705692f16c05f_re_Function_msvc-public__EH4_LocalUnwind_16_3fca4865a0fa0ab6_build_urn_ure_t6_re_Build_urn_ure_t6_core_Project_black-ops-2_fd2705692f16c05f_pc-server-2013-03-11_4ee9a1fac7aa9195:e756dc7115268b5c	@_EH4_LocalUnwind@16			0	3a4eec4ea35ea7724ca91d5b2d275d704d2d9d89e7df2de78413b2ebadec32dc	accepted-evidence-awaiting-semantic-promotion	unique-one-to-one-exact-function-instruction-bytes-sha256-across-builds
urn:ure:t6:occ:function:current-client:00a8df60	0x00A8DF60	__aulldvrm	106b501e819fc91bbe63e9d1399d58966a0ad64e9db30078334ccdf21f01fdf8	urn:ure:t6:re_FunctionVariant:urn_ure_t6_re_FunctionFamily_urn_ure_t6_core_Project_black-ops-2_fd2705692f16c05f_re_Function_msvc-public___aulldvrm_39f299dec5b34d64_build_urn_ure_t6_re_Build_urn_ure_t6_core_Project_black-ops-2_fd2705692f16c05f_pc-server-2013-03-11_4ee9a1fac7aa9195:11ea4ad8cf74b56e	__aulldvrm			0	106b501e819fc91bbe63e9d1399d58966a0ad64e9db30078334ccdf21f01fdf8	accepted-evidence-awaiting-semantic-promotion	unique-one-to-one-exact-function-instruction-bytes-sha256-across-builds
urn:ure:t6:occ:function:current-client:00a8f3c9	0x00A8F3C9	__copysign	ffc6fa57870e176d3e660316e2d9c0f45ab696622d00e689d9decc97132e8cf8	urn:ure:t6:re_FunctionVariant:urn_ure_t6_re_FunctionFamily_urn_ure_t6_core_Project_black-ops-2_fd2705692f16c05f_re_Function_msvc-public___copysign_ecfe5610138b735d_build_urn_ure_t6_re_Build_urn_ure_t6_core_Project_black-ops-2_fd2705692f16c05f_pc-server-2013-03-11_4ee9a1fac7aa9195:fa58ac0772a10d7d	__copysign			0	ffc6fa57870e176d3e660316e2d9c0f45ab696622d00e689d9decc97132e8cf8	accepted-evidence-awaiting-semantic-promotion	unique-one-to-one-exact-function-instruction-bytes-sha256-across-builds
urn:ure:t6:occ:function:current-client:00a8fa50	0x00A8FA50	__ValidateImageBase	d9bec8bb89bd3179148916472e693c9df772dc16bd5603621b179f02fcb8b00c	urn:ure:t6:re_FunctionVariant:urn_ure_t6_re_FunctionFamily_urn_ure_t6_core_Project_black-ops-2_fd2705692f16c05f_re_Function_msvc-public___ValidateImageBase_ff44a48598d3dc2d_build_urn_ure_t6_re_Build_urn_ure_t6_core_Project_black-ops-2_fd2705692f16c05f_pc-server-2013-03-11_4ee9a1fac7aa9195:37ff42d69df8d289	__ValidateImageBase			0	d9bec8bb89bd3179148916472e693c9df772dc16bd5603621b179f02fcb8b00c	accepted-evidence-awaiting-semantic-promotion	unique-one-to-one-exact-function-instruction-bytes-sha256-across-builds
urn:ure:t6:occ:function:current-client:00a8fa90	0x00A8FA90	__FindPESection	9b34049f29d5c22fd4c323f02621cdcda505d5f93b5f021739c153e641d79da3	urn:ure:t6:re_FunctionVariant:urn_ure_t6_re_FunctionFamily_urn_ure_t6_core_Project_black-ops-2_fd2705692f16c05f_re_Function_msvc-public___FindPESection_52094a1c66b2cddb_build_urn_ure_t6_re_Build_urn_ure_t6_core_Project_black-ops-2_fd2705692f16c05f_pc-server-2013-03-11_4ee9a1fac7aa9195:5af02b7604aafdf9	__FindPESection			0	9b34049f29d5c22fd4c323f02621cdcda505d5f93b5f021739c153e641d79da3	accepted-evidence-awaiting-semantic-promotion	unique-one-to-one-exact-function-instruction-bytes-sha256-across-builds
urn:ure:t6:occ:function:current-client:00a8fbef	0x00A8FBEF	__ismbblead_l	ef2bc90b485227c30932b8e932259998babbd795428e31458f1f43df11e9aa9c	urn:ure:t6:re_FunctionVariant:urn_ure_t6_re_FunctionFamily_urn_ure_t6_core_Project_black-ops-2_fd2705692f16c05f_re_Function_msvc-public___ismbblead_l_74981cfd4d0fce56_build_urn_ure_t6_re_Build_urn_ure_t6_core_Project_black-ops-2_fd2705692f16c05f_pc-server-2013-03-11_4ee9a1fac7aa9195:b7b0230250cd5c6e	__ismbblead_l			0	ef2bc90b485227c30932b8e932259998babbd795428e31458f1f43df11e9aa9c	accepted-evidence-awaiting-semantic-promotion	unique-one-to-one-exact-function-instruction-bytes-sha256-across-builds
urn:ure:t6:occ:function:current-client:00a8fc08	0x00A8FC08	__ismbblead	8c6a7fcb127386f1216f63101d09d90cc6562762ddd2f6e99664b841a8756d6d	urn:ure:t6:re_FunctionVariant:urn_ure_t6_re_FunctionFamily_urn_ure_t6_core_Project_black-ops-2_fd2705692f16c05f_re_Function_msvc-public___ismbblead_7856d1ae7750d090_build_urn_ure_t6_re_Build_urn_ure_t6_core_Project_black-ops-2_fd2705692f16c05f_pc-server-2013-03-11_4ee9a1fac7aa9195:f13c297a7c5a872f	__ismbblead			0	8c6a7fcb127386f1216f63101d09d90cc6562762ddd2f6e99664b841a8756d6d	accepted-evidence-awaiting-semantic-promotion	unique-one-to-one-exact-function-instruction-bytes-sha256-across-builds
urn:ure:t6:occ:function:current-client:00a8ffcd	0x00A8FFCD	__fload	b146371d2e644aa9a70ff0395feabad7b737b1b7e7e3672fd6c565d6a7bb689e	urn:ure:t6:re_FunctionVariant:urn_ure_t6_re_FunctionFamily_urn_ure_t6_core_Project_black-ops-2_fd2705692f16c05f_re_Function_msvc-public___fload_693d1dccd2d4668d_build_urn_ure_t6_re_Build_urn_ure_t6_core_Project_black-ops-2_fd2705692f16c05f_pc-server-2013-03-11_4ee9a1fac7aa9195:3a34658de8d8cc0c	__fload			0	b146371d2e644aa9a70ff0395feabad7b737b1b7e7e3672fd6c565d6a7bb689e	accepted-evidence-awaiting-semantic-promotion	unique-one-to-one-exact-function-instruction-bytes-sha256-across-builds
urn:ure:t6:occ:function:current-client:00a90d1a	0x00A90D1A	__mbsrchr	5ed4471258487d48ef9a4511e331b28b231bfa6b8f4c8b3bd280ab376d5edd0a	urn:ure:t6:re_FunctionVariant:urn_ure_t6_re_FunctionFamily_urn_ure_t6_core_Project_black-ops-2_fd2705692f16c05f_re_Function_msvc-public___mbsrchr_835dc0e99c295dcb_build_urn_ure_t6_re_Build_urn_ure_t6_core_Project_black-ops-2_fd2705692f16c05f_pc-server-2013-03-11_4ee9a1fac7aa9195:622e8948600df5e4	__mbsrchr			0	5ed4471258487d48ef9a4511e331b28b231bfa6b8f4c8b3bd280ab376d5edd0a	accepted-evidence-awaiting-semantic-promotion	unique-one-to-one-exact-function-instruction-bytes-sha256-across-builds
urn:ure:t6:occ:function:current-client:00a95310	0x00A95310	_strpbrk	a16dfe25ad12e05a7697f94c0a3001966cf8ff212eb4cfd4156cbfa82b56f9b5	urn:ure:t6:re_FunctionVariant:urn_ure_t6_re_FunctionFamily_urn_ure_t6_core_Project_black-ops-2_fd2705692f16c05f_re_Function_msvc-public__strpbrk_4e2342031a365274_build_urn_ure_t6_re_Build_urn_ure_t6_core_Project_black-ops-2_fd2705692f16c05f_pc-server-2013-03-11_4ee9a1fac7aa9195:58715f4e40d59c85	_strpbrk			0	a16dfe25ad12e05a7697f94c0a3001966cf8ff212eb4cfd4156cbfa82b56f9b5	accepted-evidence-awaiting-semantic-promotion	unique-one-to-one-exact-function-instruction-bytes-sha256-across-builds
urn:ure:t6:occ:function:current-client:00a95bfc	0x00A95BFC	__sopen_s	c15b5f963ed5f979b758784a322c3a1152f4d8aca3815236286b6f3971a0e0c8	urn:ure:t6:re_FunctionVariant:urn_ure_t6_re_FunctionFamily_urn_ure_t6_core_Project_black-ops-2_fd2705692f16c05f_re_Function_msvc-public___sopen_s_24e846d524af5b1f_build_urn_ure_t6_re_Build_urn_ure_t6_core_Project_black-ops-2_fd2705692f16c05f_pc-server-2013-03-11_4ee9a1fac7aa9195:b634ceefe6bdd508	__sopen_s			0	c15b5f963ed5f979b758784a322c3a1152f4d8aca3815236286b6f3971a0e0c8	accepted-evidence-awaiting-semantic-promotion	unique-one-to-one-exact-function-instruction-bytes-sha256-across-builds
urn:ure:t6:occ:function:current-client:00a97150	0x00A97150	___ascii_strnicmp	01469a0f156d0e6e1410b416b139e0ae9ad9153685dc825252df05f6f6536e7c	urn:ure:t6:re_FunctionVariant:urn_ure_t6_re_FunctionFamily_urn_ure_t6_core_Project_black-ops-2_fd2705692f16c05f_re_Function_msvc-public____ascii_strnicmp_416985b643046833_build_urn_ure_t6_re_Build_urn_ure_t6_core_Project_black-ops-2_fd2705692f16c05f_pc-server-2013-03-11_4ee9a1fac7aa9195:fa957ba2ccc99760	___ascii_strnicmp			0	01469a0f156d0e6e1410b416b139e0ae9ad9153685dc825252df05f6f6536e7c	accepted-evidence-awaiting-semantic-promotion	unique-one-to-one-exact-function-instruction-bytes-sha256-across-builds
urn:ure:t6:occ:function:current-client:00a97937	0x00A97937	_wctomb_s	3813340483cbf1bb7cda6da4777ece7f713f6d899029772cfdbca8b138ab4123	urn:ure:t6:re_FunctionVariant:urn_ure_t6_re_FunctionFamily_urn_ure_t6_core_Project_black-ops-2_fd2705692f16c05f_re_Function_msvc-public__wctomb_s_ffd117cd0ef6b4d3_build_urn_ure_t6_re_Build_urn_ure_t6_core_Project_black-ops-2_fd2705692f16c05f_pc-server-2013-03-11_4ee9a1fac7aa9195:0b20657322927d38	_wctomb_s			0	3813340483cbf1bb7cda6da4777ece7f713f6d899029772cfdbca8b138ab4123	accepted-evidence-awaiting-semantic-promotion	unique-one-to-one-exact-function-instruction-bytes-sha256-across-builds
urn:ure:t6:occ:function:current-client:00a97b57	0x00A97B57	___dtold	097788b83eb3dbde6bbba41d75f00ab4ab8db624571b9d8de00eb9797d6e4492	urn:ure:t6:re_FunctionVariant:urn_ure_t6_re_FunctionFamily_urn_ure_t6_core_Project_black-ops-2_fd2705692f16c05f_re_Function_msvc-public____dtold_a586ea1507f615e8_build_urn_ure_t6_re_Build_urn_ure_t6_core_Project_black-ops-2_fd2705692f16c05f_pc-server-2013-03-11_4ee9a1fac7aa9195:ac1c8edd7e5d53a3	___dtold			0	097788b83eb3dbde6bbba41d75f00ab4ab8db624571b9d8de00eb9797d6e4492	accepted-evidence-awaiting-semantic-promotion	unique-one-to-one-exact-function-instruction-bytes-sha256-across-builds
urn:ure:t6:occ:function:current-client:00a97ca0	0x00A97CA0	__alldvrm	8944a6bd345f2b75cb86bd3483531448b9a5557c60a3f3ee7d025076739099b7	urn:ure:t6:re_FunctionVariant:urn_ure_t6_re_FunctionFamily_urn_ure_t6_core_Project_black-ops-2_fd2705692f16c05f_re_Function_msvc-public___alldvrm_66eb314ed33a226a_build_urn_ure_t6_re_Build_urn_ure_t6_core_Project_black-ops-2_fd2705692f16c05f_pc-server-2013-03-11_4ee9a1fac7aa9195:cf63550b3fd60286	__alldvrm			0	8944a6bd345f2b75cb86bd3483531448b9a5557c60a3f3ee7d025076739099b7	accepted-evidence-awaiting-semantic-promotion	unique-one-to-one-exact-function-instruction-bytes-sha256-across-builds
urn:ure:t6:occ:function:current-client:00a97de7	0x00A97DE7	__frnd	72f961779c37bf40bf7b9ebf9eb6c9ae108b73a5b2679913630701ba5e7c65b2	urn:ure:t6:re_FunctionVariant:urn_ure_t6_re_FunctionFamily_urn_ure_t6_core_Project_black-ops-2_fd2705692f16c05f_re_Function_msvc-public___frnd_3a8eb005354fca2c_build_urn_ure_t6_re_Build_urn_ure_t6_core_Project_black-ops-2_fd2705692f16c05f_pc-server-2013-03-11_4ee9a1fac7aa9195:a959db5dbe4d6f9f	__frnd			0	72f961779c37bf40bf7b9ebf9eb6c9ae108b73a5b2679913630701ba5e7c65b2	accepted-evidence-awaiting-semantic-promotion	unique-one-to-one-exact-function-instruction-bytes-sha256-across-builds
urn:ure:t6:occ:function:current-client:00a97f11	0x00A97F11	_mbtowc	9fd41c621a242bb1f814099cf02d4e63367aa935c7490773eb518d0046d06048	urn:ure:t6:re_FunctionVariant:urn_ure_t6_re_FunctionFamily_urn_ure_t6_core_Project_black-ops-2_fd2705692f16c05f_re_Function_msvc-public__mbtowc_03c463c1f483546e_build_urn_ure_t6_re_Build_urn_ure_t6_core_Project_black-ops-2_fd2705692f16c05f_pc-server-2013-03-11_4ee9a1fac7aa9195:2389fd5c91ccad0f	_mbtowc			0	9fd41c621a242bb1f814099cf02d4e63367aa935c7490773eb518d0046d06048	accepted-evidence-awaiting-semantic-promotion	unique-one-to-one-exact-function-instruction-bytes-sha256-across-builds
urn:ure:t6:occ:function:current-client:00a98d72	0x00A98D72	FUN_00a98d72	5635626b8717dda5c9da07a244261b8ea0c4e7f811b9823994055d2b4418c5e3	urn:ure:t6:re_FunctionVariant:urn_ure_t6_re_FunctionFamily_urn_ure_t6_core_Project_black-ops-2_fd2705692f16c05f_re_Function_msvc-public____mtold12_225d56bbfd9ffcd9_build_urn_ure_t6_re_Build_urn_ure_t6_core_Project_black-ops-2_fd2705692f16c05f_pc-server-2013-03-11_4ee9a1fac7aa9195:a9496d794866760a	___mtold12			0	5635626b8717dda5c9da07a244261b8ea0c4e7f811b9823994055d2b4418c5e3	accepted-evidence-awaiting-semantic-promotion	unique-one-to-one-exact-function-instruction-bytes-sha256-across-builds
urn:ure:t6:occ:function:current-client:00a99498	0x00A99498	_wcschr	22947b46b8059f840914d2f515b83bdd6a898279c0a797a828b9ebbaf737ead0	urn:ure:t6:re_FunctionVariant:urn_ure_t6_re_FunctionFamily_urn_ure_t6_core_Project_black-ops-2_fd2705692f16c05f_re_Function_msvc-public__wcschr_a449b306634b2fd3_build_urn_ure_t6_re_Build_urn_ure_t6_core_Project_black-ops-2_fd2705692f16c05f_pc-server-2013-03-11_4ee9a1fac7aa9195:82f00ed4641a5c95	_wcschr			0	22947b46b8059f840914d2f515b83bdd6a898279c0a797a828b9ebbaf737ead0	accepted-evidence-awaiting-semantic-promotion	unique-one-to-one-exact-function-instruction-bytes-sha256-across-builds
urn:ure:t6:occ:function:current-client:00a9974d	0x00A9974D	__mbsnbicmp	de4403bf755bdb8acc32ed14421253bf242ec77fcc3084608bdc387a22ab1d0c	urn:ure:t6:re_FunctionVariant:urn_ure_t6_re_FunctionFamily_urn_ure_t6_core_Project_black-ops-2_fd2705692f16c05f_re_Function_msvc-public___mbsnbicmp_1685f35ef061afb3_build_urn_ure_t6_re_Build_urn_ure_t6_core_Project_black-ops-2_fd2705692f16c05f_pc-server-2013-03-11_4ee9a1fac7aa9195:ed114889516a56c3	__mbsnbicmp			0	de4403bf755bdb8acc32ed14421253bf242ec77fcc3084608bdc387a22ab1d0c	accepted-evidence-awaiting-semantic-promotion	unique-one-to-one-exact-function-instruction-bytes-sha256-across-builds
urn:ure:t6:occ:function:current-client:00a998b3	0x00A998B3	__mbsnbcmp	78597e9e37c60fc42b3f8402c07146b95958a7197b791062328191cc2f872350	urn:ure:t6:re_FunctionVariant:urn_ure_t6_re_FunctionFamily_urn_ure_t6_core_Project_black-ops-2_fd2705692f16c05f_re_Function_msvc-public___mbsnbcmp_4b634cd16c44e378_build_urn_ure_t6_re_Build_urn_ure_t6_core_Project_black-ops-2_fd2705692f16c05f_pc-server-2013-03-11_4ee9a1fac7aa9195:ed781c4c0a3be6e2	__mbsnbcmp			0	78597e9e37c60fc42b3f8402c07146b95958a7197b791062328191cc2f872350	accepted-evidence-awaiting-semantic-promotion	unique-one-to-one-exact-function-instruction-bytes-sha256-across-builds
urn:ure:t6:occ:function:current-client:00a9b4bc	0x00A9B4BC	_wcsnlen	b795a340fbb1977057e1366fea64b72d87765fb54f42df80c5dff6bc84b58137	urn:ure:t6:re_FunctionVariant:urn_ure_t6_re_FunctionFamily_urn_ure_t6_core_Project_black-ops-2_fd2705692f16c05f_re_Function_msvc-public__wcsnlen_0715f7e779b75c32_build_urn_ure_t6_re_Build_urn_ure_t6_core_Project_black-ops-2_fd2705692f16c05f_pc-server-2013-03-11_4ee9a1fac7aa9195:bc7ff752ef22d23e	_wcsnlen			0	b795a340fbb1977057e1366fea64b72d87765fb54f42df80c5dff6bc84b58137	accepted-evidence-awaiting-semantic-promotion	unique-one-to-one-exact-function-instruction-bytes-sha256-across-builds
urn:ure:t6:occ:function:current-client:00a9b5f0	0x00A9B5F0	FUN_00a9b5f0	14be3225201986e70292b875bad7c6778ffdd0e29ee8098224bd484479207ccc	urn:ure:t6:re_FunctionVariant:urn_ure_t6_re_FunctionFamily_urn_ure_t6_core_Project_black-ops-2_fd2705692f16c05f_re_Function_msvc-public__NvAPI_Initialize_8f83ebdc2c5d7ce7_build_urn_ure_t6_re_Build_urn_ure_t6_core_Project_black-ops-2_fd2705692f16c05f_pc-server-2013-03-11_4ee9a1fac7aa9195:7c9e06c67ce71d0b	_NvAPI_Initialize			0	14be3225201986e70292b875bad7c6778ffdd0e29ee8098224bd484479207ccc	accepted-evidence-awaiting-semantic-promotion	unique-one-to-one-exact-function-instruction-bytes-sha256-across-builds
urn:ure:t6:occ:function:current-client:00ad4b20	0x00AD4B20	thunk_FUN_00ad4aa0	f2caa9e32b1dce79ce64efba5806a764e131b9d00f8f88603f6b8002f83abcf3	urn:ure:t6:re_FunctionVariant:urn_ure_t6_re_FunctionFamily_urn_ure_t6_core_Project_black-ops-2_fd2705692f16c05f_re_Function_msvc-public_1phys_heap_gjk_cache_system_avl_tree_QAE_XZ_00fb66747969a2ef_build_urn_ure_t6_re_Build_urn_ure_t6_core_Project_black-ops-2_fd2705692f16c05f_pc-server-2013-03-11_4ee9a1fac7aa9195:dd48eeaf300fef3f	??1phys_heap_gjk_cache_system_avl_tree@@QAE@XZ			0	f2caa9e32b1dce79ce64efba5806a764e131b9d00f8f88603f6b8002f83abcf3	accepted-evidence-awaiting-semantic-promotion	unique-one-to-one-exact-function-instruction-bytes-sha256-across-builds
urn:ure:t6:occ:function:current-client:00ad9690	0x00AD9690	FUN_00ad9690	36dafae8425994b3b99cc795c3a7167b85e9fb1194ee99cca42130fc586de57b	urn:ure:t6:re_FunctionVariant:urn_ure_t6_re_FunctionFamily_urn_ure_t6_core_Project_black-ops-2_fd2705692f16c05f_re_Function_msvc-public_connect_bdConnection_UAE_NXZ_8941f7954bb91a15_build_urn_ure_t6_re_Build_urn_ure_t6_core_Project_black-ops-2_fd2705692f16c05f_pc-server-2013-03-11_4ee9a1fac7aa9195:9e04c8f9aa91befb	?connect@bdConnection@@UAE_NXZ			0	36dafae8425994b3b99cc795c3a7167b85e9fb1194ee99cca42130fc586de57b	accepted-evidence-awaiting-semantic-promotion	unique-one-to-one-exact-function-instruction-bytes-sha256-across-builds
urn:ure:t6:occ:function:current-client:00ada280	0x00ADA280	FUN_00ada280	0f8832bf09aec9b46ca6d5dfa0bfdf363e9a3c9c75a519a84174e87f9e3152d8	urn:ure:t6:re_FunctionVariant:urn_ure_t6_re_FunctionFamily_urn_ure_t6_core_Project_black-ops-2_fd2705692f16c05f_re_Function_msvc-public_close_bdUnicastConnection_UAEXXZ_c645262842ea58e7_build_urn_ure_t6_re_Build_urn_ure_t6_core_Project_black-ops-2_fd2705692f16c05f_pc-server-2013-03-11_4ee9a1fac7aa9195:543a7552095158d4	?close@bdUnicastConnection@@UAEXXZ			0	0f8832bf09aec9b46ca6d5dfa0bfdf363e9a3c9c75a519a84174e87f9e3152d8	accepted-evidence-awaiting-semantic-promotion	unique-one-to-one-exact-function-instruction-bytes-sha256-across-builds
urn:ure:t6:occ:function:current-client:00adcab0	0x00ADCAB0	FUN_00adcab0	758a6848526e9411f424c396a3952f792f63d1506d57c88fa5d70c92defd5808	urn:ure:t6:re_FunctionVariant:urn_ure_t6_re_FunctionFamily_urn_ure_t6_core_Project_black-ops-2_fd2705692f16c05f_re_Function_msvc-public_increaseCongestionWindow_bdReliableSendWindow_IAEXI_Z_d48161d1808c028b_build_urn_ure_t6_re_Build_urn_ure_t6_core_Project_black-ops-2_fd2705692f16c05f_pc-server-2013-03-11_4ee9a1fac7aa9195:e50bd4ca2bb1e342	?increaseCongestionWindow@bdReliableSendWindow@@IAEXI@Z			0	758a6848526e9411f424c396a3952f792f63d1506d57c88fa5d70c92defd5808	accepted-evidence-awaiting-semantic-promotion	unique-one-to-one-exact-function-instruction-bytes-sha256-across-builds
urn:ure:t6:occ:function:current-client:00adcb30	0x00ADCB30	FUN_00adcb30	fb03fb15872efd2913dd3ae8e94c414fd2239004a0c46ad19b04ac29b9a8d78e	urn:ure:t6:re_FunctionVariant:urn_ure_t6_re_FunctionFamily_urn_ure_t6_core_Project_black-ops-2_fd2705692f16c05f_re_Function_msvc-public_decreaseCongestionWindow_bdReliableSendWindow_IAEXW4bdCongestionWindowDecreaseReason_1_Z_2edcaa8b34b9b973_build_urn_ure_t6_re_Build_urn_ure_t6_core_Project_black-ops-2_fd2705692f16c05f_pc-server-2013-03-11_4ee9a1fac7aa9195:0bd025539019b431	?decreaseCongestionWindow@bdReliableSendWindow@@IAEXW4bdCongestionWindowDecreaseReason@1@@Z			0	fb03fb15872efd2913dd3ae8e94c414fd2239004a0c46ad19b04ac29b9a8d78e	accepted-evidence-awaiting-semantic-promotion	unique-one-to-one-exact-function-instruction-bytes-sha256-across-builds
urn:ure:t6:occ:function:current-client:00adda90	0x00ADDA90	FUN_00adda90	bc29e77cf9f63e4f2ee3f89f7d24872b50e9c4a50820b39016f3194edda5e499	urn:ure:t6:re_FunctionVariant:urn_ure_t6_re_FunctionFamily_urn_ure_t6_core_Project_black-ops-2_fd2705692f16c05f_re_Function_msvc-public_getFlags_bdDataChunk_QBEEXZ_8b6432b32bf488e7_build_urn_ure_t6_re_Build_urn_ure_t6_core_Project_black-ops-2_fd2705692f16c05f_pc-server-2013-03-11_4ee9a1fac7aa9195:a4ae51bce8e847ec	?getFlags@bdDataChunk@@QBEEXZ			0	bc29e77cf9f63e4f2ee3f89f7d24872b50e9c4a50820b39016f3194edda5e499	accepted-evidence-awaiting-semantic-promotion	unique-one-to-one-exact-function-instruction-bytes-sha256-across-builds
urn:ure:t6:occ:function:current-client:00adddb0	0x00ADDDB0	FUN_00adddb0	e391ea7b4f21c62cb99d1a20d4c6a922c843fb8e381355b03618b30a18544bf7	urn:ure:t6:re_FunctionVariant:urn_ure_t6_re_FunctionFamily_urn_ure_t6_core_Project_black-ops-2_fd2705692f16c05f_re_Function_msvc-public_getSerializedSize_bdDataChunk_UBEIXZ_85088d6d3cf98928_build_urn_ure_t6_re_Build_urn_ure_t6_core_Project_black-ops-2_fd2705692f16c05f_pc-server-2013-03-11_4ee9a1fac7aa9195:0a8f9b2a27cdc1a8	?getSerializedSize@bdDataChunk@@UBEIXZ			0	e391ea7b4f21c62cb99d1a20d4c6a922c843fb8e381355b03618b30a18544bf7	accepted-evidence-awaiting-semantic-promotion	unique-one-to-one-exact-function-instruction-bytes-sha256-across-builds
urn:ure:t6:occ:function:current-client:00ade2a0	0x00ADE2A0	FUN_00ade2a0	5bc4097cf0119894d428ad310d9e92809a06e9eafc9cebeb592cad5a0787fa3d	urn:ure:t6:re_FunctionVariant:urn_ure_t6_re_FunctionFamily_urn_ure_t6_core_Project_black-ops-2_fd2705692f16c05f_re_Function_msvc-public_deserialize_bdDataChunk_MAE_NQBEIAAI_Z_b90cde096f4949ad_build_urn_ure_t6_re_Build_urn_ure_t6_core_Project_black-ops-2_fd2705692f16c05f_pc-server-2013-03-11_4ee9a1fac7aa9195:bf49c8c34306e07b	?deserialize@bdDataChunk@@MAE_NQBEIAAI@Z			0	5bc4097cf0119894d428ad310d9e92809a06e9eafc9cebeb592cad5a0787fa3d	accepted-evidence-awaiting-semantic-promotion	unique-one-to-one-exact-function-instruction-bytes-sha256-across-builds
urn:ure:t6:occ:function:current-client:00ade2d0	0x00ADE2D0	FUN_00ade2d0	8a905797df24e4a1fe68a2f630971aa55b606cd6a92fed57303379d0f93a7a2d	urn:ure:t6:re_FunctionVariant:urn_ure_t6_re_FunctionFamily_urn_ure_t6_core_Project_black-ops-2_fd2705692f16c05f_re_Function_msvc-public_getType_bdMessage_QBEEXZ_1569d91c0572ef05_build_urn_ure_t6_re_Build_urn_ure_t6_core_Project_black-ops-2_fd2705692f16c05f_pc-server-2013-03-11_4ee9a1fac7aa9195:82d7c79e2935a3e5	?getType@bdMessage@@QBEEXZ			0	8a905797df24e4a1fe68a2f630971aa55b606cd6a92fed57303379d0f93a7a2d	accepted-evidence-awaiting-semantic-promotion	unique-one-to-one-exact-function-instruction-bytes-sha256-across-builds
urn:ure:t6:occ:function:current-client:00ade5d0	0x00ADE5D0	FUN_00ade5d0	024dc4c9328fdc1615d51139ae2af257f8e488cb11db854ac700d5c8b8b61962	urn:ure:t6:re_FunctionVariant:urn_ure_t6_re_FunctionFamily_urn_ure_t6_core_Project_black-ops-2_fd2705692f16c05f_re_Function_msvc-public_hasPayload_bdMessage_QBE_NXZ_1ee5cafac5b5a810_build_urn_ure_t6_re_Build_urn_ure_t6_core_Project_black-ops-2_fd2705692f16c05f_pc-server-2013-03-11_4ee9a1fac7aa9195:5ce1bee47d04d980	?hasPayload@bdMessage@@QBE_NXZ			0	024dc4c9328fdc1615d51139ae2af257f8e488cb11db854ac700d5c8b8b61962	accepted-evidence-awaiting-semantic-promotion	unique-one-to-one-exact-function-instruction-bytes-sha256-across-builds
urn:ure:t6:occ:function:current-client:00ade610	0x00ADE610	FUN_00ade610	127e0095d1227d92a770b496cd2a2f4a7d231b0f82a0002f5692fab65cfac8c6	urn:ure:t6:re_FunctionVariant:urn_ure_t6_re_FunctionFamily_urn_ure_t6_core_Project_black-ops-2_fd2705692f16c05f_re_Function_msvc-public_hasUnencryptedPayload_bdMessage_QBE_NXZ_7ac8d124f10a50ab_build_urn_ure_t6_re_Build_urn_ure_t6_core_Project_black-ops-2_fd2705692f16c05f_pc-server-2013-03-11_4ee9a1fac7aa9195:7b51b0611c03ac98	?hasUnencryptedPayload@bdMessage@@QBE_NXZ			0	127e0095d1227d92a770b496cd2a2f4a7d231b0f82a0002f5692fab65cfac8c6	accepted-evidence-awaiting-semantic-promotion	unique-one-to-one-exact-function-instruction-bytes-sha256-across-builds
urn:ure:t6:occ:function:current-client:00ade8d0	0x00ADE8D0	FUN_00ade8d0	644ee91904dc40cf63fbe703775988c11235809de9cfb30d87a86c6dc78c5fce	urn:ure:t6:re_FunctionVariant:urn_ure_t6_re_FunctionFamily_urn_ure_t6_core_Project_black-ops-2_fd2705692f16c05f_re_Function_msvc-public_addBytesSent_bdConnectionStatistics_QAEXI_Z_51b261cee7d1918e_build_urn_ure_t6_re_Build_urn_ure_t6_core_Project_black-ops-2_fd2705692f16c05f_pc-server-2013-03-11_4ee9a1fac7aa9195:fddf75651d1950ab	?addBytesSent@bdConnectionStatistics@@QAEXI@Z			0	644ee91904dc40cf63fbe703775988c11235809de9cfb30d87a86c6dc78c5fce	accepted-evidence-awaiting-semantic-promotion	unique-one-to-one-exact-function-instruction-bytes-sha256-across-builds
urn:ure:t6:occ:function:current-client:00ade8e0	0x00ADE8E0	FUN_00ade8e0	cc240a8c2fb67bdeba7825dbdeab902f4e1077588d8a1a8bc3c508fc80782e94	urn:ure:t6:re_FunctionVariant:urn_ure_t6_re_FunctionFamily_urn_ure_t6_core_Project_black-ops-2_fd2705692f16c05f_re_Function_msvc-public_addBytesRecv_bdConnectionStatistics_QAEXI_Z_a0965f8a242cbdbc_build_urn_ure_t6_re_Build_urn_ure_t6_core_Project_black-ops-2_fd2705692f16c05f_pc-server-2013-03-11_4ee9a1fac7aa9195:65f390be6a2fc711	?addBytesRecv@bdConnectionStatistics@@QAEXI@Z			0	cc240a8c2fb67bdeba7825dbdeab902f4e1077588d8a1a8bc3c508fc80782e94	accepted-evidence-awaiting-semantic-promotion	unique-one-to-one-exact-function-instruction-bytes-sha256-across-builds
urn:ure:t6:occ:function:current-client:00ade8f0	0x00ADE8F0	FUN_00ade8f0	001fb81ce5fd6bf9a1a2d8da5e7e1a08de4cd359326d31f4f30a7afaea47cb69	urn:ure:t6:re_FunctionVariant:urn_ure_t6_re_FunctionFamily_urn_ure_t6_core_Project_black-ops-2_fd2705692f16c05f_re_Function_msvc-public_addPacketSizeSent_bdConnectionStatistics_QAEXI_Z_44fec73e7d286bb2_build_urn_ure_t6_re_Build_urn_ure_t6_core_Project_black-ops-2_fd2705692f16c05f_pc-server-2013-03-11_4ee9a1fac7aa9195:aa06f0a6ea415874	?addPacketSizeSent@bdConnectionStatistics@@QAEXI@Z			0	001fb81ce5fd6bf9a1a2d8da5e7e1a08de4cd359326d31f4f30a7afaea47cb69	accepted-evidence-awaiting-semantic-promotion	unique-one-to-one-exact-function-instruction-bytes-sha256-across-builds
urn:ure:t6:occ:function:current-client:00ade930	0x00ADE930	FUN_00ade930	6a63d448f48b7e0d73f8ffae8cc76b61abad3046ca1624ff0e39707503f0b4c8	urn:ure:t6:re_FunctionVariant:urn_ure_t6_re_FunctionFamily_urn_ure_t6_core_Project_black-ops-2_fd2705692f16c05f_re_Function_msvc-public_addPacketSizeRecv_bdConnectionStatistics_QAEXI_Z_af5e591c6a77e2c6_build_urn_ure_t6_re_Build_urn_ure_t6_core_Project_black-ops-2_fd2705692f16c05f_pc-server-2013-03-11_4ee9a1fac7aa9195:1318cef7d31fa09e	?addPacketSizeRecv@bdConnectionStatistics@@QAEXI@Z			0	6a63d448f48b7e0d73f8ffae8cc76b61abad3046ca1624ff0e39707503f0b4c8	accepted-evidence-awaiting-semantic-promotion	unique-one-to-one-exact-function-instruction-bytes-sha256-across-builds
urn:ure:t6:occ:function:current-client:00ade970	0x00ADE970	FUN_00ade970	7a81d730fac843670e9e77b5045ace3d2900d84f3f4b5aab6af631d1fdf7209c	urn:ure:t6:re_FunctionVariant:urn_ure_t6_re_FunctionFamily_urn_ure_t6_core_Project_black-ops-2_fd2705692f16c05f_re_Function_msvc-public_addPacketsSent_bdConnectionStatistics_QAEXI_Z_8b990f0438ee4a71_build_urn_ure_t6_re_Build_urn_ure_t6_core_Project_black-ops-2_fd2705692f16c05f_pc-server-2013-03-11_4ee9a1fac7aa9195:659870c99f9ca789	?addPacketsSent@bdConnectionStatistics@@QAEXI@Z			0	7a81d730fac843670e9e77b5045ace3d2900d84f3f4b5aab6af631d1fdf7209c	accepted-evidence-awaiting-semantic-promotion	unique-one-to-one-exact-function-instruction-bytes-sha256-across-builds
urn:ure:t6:occ:function:current-client:00ade980	0x00ADE980	FUN_00ade980	8af28e20f129cfa11d8bec331d483b253acc8d2a865cd53baea7669ada2997cf	urn:ure:t6:re_FunctionVariant:urn_ure_t6_re_FunctionFamily_urn_ure_t6_core_Project_black-ops-2_fd2705692f16c05f_re_Function_msvc-public_addPacketsRecv_bdConnectionStatistics_QAEXI_Z_03d62ff7157bd426_build_urn_ure_t6_re_Build_urn_ure_t6_core_Project_black-ops-2_fd2705692f16c05f_pc-server-2013-03-11_4ee9a1fac7aa9195:a4180cd2d1db5771	?addPacketsRecv@bdConnectionStatistics@@QAEXI@Z			0	8af28e20f129cfa11d8bec331d483b253acc8d2a865cd53baea7669ada2997cf	accepted-evidence-awaiting-semantic-promotion	unique-one-to-one-exact-function-instruction-bytes-sha256-across-builds
urn:ure:t6:occ:function:current-client:00adea10	0x00ADEA10	FUN_00adea10	566fe7f21312dad7ed4c39ef827626a3298e689c8dc90d67d64c3fcf7214336c	urn:ure:t6:re_FunctionVariant:urn_ure_t6_re_FunctionFamily_urn_ure_t6_core_Project_black-ops-2_fd2705692f16c05f_re_Function_msvc-public_0bdConnectionStatistics_QAE_XZ_d4a8a063e65c5713_build_urn_ure_t6_re_Build_urn_ure_t6_core_Project_black-ops-2_fd2705692f16c05f_pc-server-2013-03-11_4ee9a1fac7aa9195:551d2b3344c767b9	??0bdConnectionStatistics@@QAE@XZ	bdConnection:bdConnectionStatistics.obj	0x00b13e60	8	566fe7f21312dad7ed4c39ef827626a3298e689c8dc90d67d64c3fcf7214336c	accepted-evidence-awaiting-semantic-promotion	unique-one-to-one-exact-function-instruction-bytes-sha256-across-builds
urn:ure:t6:occ:function:current-client:00adf3f0	0x00ADF3F0	FUN_00adf3f0	e8a68691a70ecd6790326bb78b6cc3c8384ee0e2388e438b4d699f950d882c13	urn:ure:t6:re_FunctionVariant:urn_ure_t6_re_FunctionFamily_urn_ure_t6_core_Project_black-ops-2_fd2705692f16c05f_re_Function_msvc-public_getSerializedSize_bdCookie_QBEIXZ_29a47388a6d81984_build_urn_ure_t6_re_Build_urn_ure_t6_core_Project_black-ops-2_fd2705692f16c05f_pc-server-2013-03-11_4ee9a1fac7aa9195:d6d3799b8477f805	?getSerializedSize@bdCookie@@QBEIXZ			0	e8a68691a70ecd6790326bb78b6cc3c8384ee0e2388e438b4d699f950d882c13	accepted-evidence-awaiting-semantic-promotion	unique-one-to-one-exact-function-instruction-bytes-sha256-across-builds
urn:ure:t6:occ:function:current-client:00ae0130	0x00AE0130	FUN_00ae0130	f5217aaa72e1fcabc42538a6f9c9d0c4bb316ccf72f02c0a30ae4ed0b9cc33cf	urn:ure:t6:re_FunctionVariant:urn_ure_t6_re_FunctionFamily_urn_ure_t6_core_Project_black-ops-2_fd2705692f16c05f_re_Function_msvc-public_isEmpty_bdPacket_QBE_NXZ_f70593afa1ce1248_build_urn_ure_t6_re_Build_urn_ure_t6_core_Project_black-ops-2_fd2705692f16c05f_pc-server-2013-03-11_4ee9a1fac7aa9195:83b70002f6163758	?isEmpty@bdPacket@@QBE_NXZ			0	f5217aaa72e1fcabc42538a6f9c9d0c4bb316ccf72f02c0a30ae4ed0b9cc33cf	accepted-evidence-awaiting-semantic-promotion	unique-one-to-one-exact-function-instruction-bytes-sha256-across-builds
urn:ure:t6:occ:function:current-client:00ae0870	0x00AE0870	FUN_00ae0870	094d33a5c1b1f5514c7af68369afd899e3410c2bb804bbd36d73bc481fb2d9f5	urn:ure:t6:re_FunctionVariant:urn_ure_t6_re_FunctionFamily_urn_ure_t6_core_Project_black-ops-2_fd2705692f16c05f_re_Function_msvc-public_isControl_bdChunk_QBE_NXZ_ae0898d86ef39bb0_build_urn_ure_t6_re_Build_urn_ure_t6_core_Project_black-ops-2_fd2705692f16c05f_pc-server-2013-03-11_4ee9a1fac7aa9195:eb6549555b3018c9	?isControl@bdChunk@@QBE_NXZ			0	094d33a5c1b1f5514c7af68369afd899e3410c2bb804bbd36d73bc481fb2d9f5	accepted-evidence-awaiting-semantic-promotion	unique-one-to-one-exact-function-instruction-bytes-sha256-across-builds
urn:ure:t6:occ:function:current-client:00ae09a0	0x00AE09A0	FUN_00ae09a0	8b91dec277a1e45d013282c013b573b4b19b5d0d9edca7cc20469f39bd16cb54	urn:ure:t6:re_FunctionVariant:urn_ure_t6_re_FunctionFamily_urn_ure_t6_core_Project_black-ops-2_fd2705692f16c05f_re_Function_msvc-public_getGapList_bdSAckChunk_QAEAAV_bdLinkedList_VbdGapAckBlock_bdSAckChunk_XZ_5204dc254fd8ad2b_build_urn_ure_t6_re_Build_urn_ure_t6_core_Project_black-ops-2_fd2705692f16c05f_pc-server-2013-03-11_4ee9a1fac7aa9195:6a51acdd32a3e82e	?getGapList@bdSAckChunk@@QAEAAV?$bdLinkedList@VbdGapAckBlock@bdSAckChunk@@@@XZ			0	8b91dec277a1e45d013282c013b573b4b19b5d0d9edca7cc20469f39bd16cb54	accepted-evidence-awaiting-semantic-promotion	unique-one-to-one-exact-function-instruction-bytes-sha256-across-builds
urn:ure:t6:occ:function:current-client:00ae0cd0	0x00AE0CD0	FUN_00ae0cd0	d85ac04b7bf88d1d4cc49e14dcd02bb86577e1e054036697a2366952de8e4939	urn:ure:t6:re_FunctionVariant:urn_ure_t6_re_FunctionFamily_urn_ure_t6_core_Project_black-ops-2_fd2705692f16c05f_re_Function_msvc-public_addGap_bdSAckChunk_QAEXABVbdGapAckBlock_1_Z_cceeff33adef6aa3_build_urn_ure_t6_re_Build_urn_ure_t6_core_Project_black-ops-2_fd2705692f16c05f_pc-server-2013-03-11_4ee9a1fac7aa9195:48f0aee7a6783e21	?addGap@bdSAckChunk@@QAEXABVbdGapAckBlock@1@@Z			0	d85ac04b7bf88d1d4cc49e14dcd02bb86577e1e054036697a2366952de8e4939	accepted-evidence-awaiting-semantic-promotion	unique-one-to-one-exact-function-instruction-bytes-sha256-across-builds
urn:ure:t6:occ:function:current-client:00ae0fc0	0x00AE0FC0	FUN_00ae0fc0	56bd56cefba8d7f184dfa683ebcf39f7b5dd1f1680ffc8482f6a624c2f27c1bc	urn:ure:t6:re_FunctionVariant:urn_ure_t6_re_FunctionFamily_urn_ure_t6_core_Project_black-ops-2_fd2705692f16c05f_re_Function_msvc-public_0bdStopwatch_QAE_XZ_44c90c5b0dcc65a8_build_urn_ure_t6_re_Build_urn_ure_t6_core_Project_black-ops-2_fd2705692f16c05f_pc-server-2013-03-11_4ee9a1fac7aa9195:419679b423e7e69f	??0bdStopwatch@@QAE@XZ	bdCore:bdStopwatch.obj	0x00b16530	8	56bd56cefba8d7f184dfa683ebcf39f7b5dd1f1680ffc8482f6a624c2f27c1bc	accepted-evidence-awaiting-semantic-promotion	unique-one-to-one-exact-function-instruction-bytes-sha256-across-builds
urn:ure:t6:occ:function:current-client:00ae17a0	0x00AE17A0	FUN_00ae17a0	8c6fc421b5d58b3a84ecea682551fa45160bb387c1adae653d7313312284172d	urn:ure:t6:re_FunctionVariant:urn_ure_t6_re_FunctionFamily_urn_ure_t6_core_Project_black-ops-2_fd2705692f16c05f_re_Function_msvc-public_0bdThread_QAE_PAVbdRunnable_HI_Z_b34fd9002e2af261_build_urn_ure_t6_re_Build_urn_ure_t6_core_Project_black-ops-2_fd2705692f16c05f_pc-server-2013-03-11_4ee9a1fac7aa9195:e087be6ca0356d9a	??0bdThread@@QAE@PAVbdRunnable@@HI@Z	bdCore:bdThread.obj	0x00b16f80	45	8c6fc421b5d58b3a84ecea682551fa45160bb387c1adae653d7313312284172d	accepted-evidence-awaiting-semantic-promotion	unique-one-to-one-exact-function-instruction-bytes-sha256-across-builds
urn:ure:t6:occ:function:current-client:00ae1cb0	0x00AE1CB0	FUN_00ae1cb0	4f5f123e33e46920371951f18e4516af0172bb8de1e4e2863fda7be9fe9861e0	urn:ure:t6:re_FunctionVariant:urn_ure_t6_re_FunctionFamily_urn_ure_t6_core_Project_black-ops-2_fd2705692f16c05f_re_Function_msvc-public_ObdSequenceNumber_QBE_NABV0_Z_24525139f5ce7b3f_build_urn_ure_t6_re_Build_urn_ure_t6_core_Project_black-ops-2_fd2705692f16c05f_pc-server-2013-03-11_4ee9a1fac7aa9195:7f62f09f4703139c	??ObdSequenceNumber@@QBE_NABV0@@Z			0	4f5f123e33e46920371951f18e4516af0172bb8de1e4e2863fda7be9fe9861e0	accepted-evidence-awaiting-semantic-promotion	unique-one-to-one-exact-function-instruction-bytes-sha256-across-builds
urn:ure:t6:occ:function:current-client:00ae1d30	0x00AE1D30	FUN_00ae1d30	188e253545c3d9e4b5bd8d5241c903275ed11dcecb01385a2dfb106ba31aae94	urn:ure:t6:re_FunctionVariant:urn_ure_t6_re_FunctionFamily_urn_ure_t6_core_Project_black-ops-2_fd2705692f16c05f_re_Function_msvc-public_9bdSequenceNumber_QBE_NABV0_Z_bac2dd8f5830f449_build_urn_ure_t6_re_Build_urn_ure_t6_core_Project_black-ops-2_fd2705692f16c05f_pc-server-2013-03-11_4ee9a1fac7aa9195:9a37bc19de90866c	??9bdSequenceNumber@@QBE_NABV0@@Z			0	188e253545c3d9e4b5bd8d5241c903275ed11dcecb01385a2dfb106ba31aae94	accepted-evidence-awaiting-semantic-promotion	unique-one-to-one-exact-function-instruction-bytes-sha256-across-builds
urn:ure:t6:occ:function:current-client:00ae1d80	0x00AE1D80	FUN_00ae1d80	37ef977b6513143be73a8f68315ff60053279f95824dd832fb06eca6e7b092ef	urn:ure:t6:re_FunctionVariant:urn_ure_t6_re_FunctionFamily_urn_ure_t6_core_Project_black-ops-2_fd2705692f16c05f_re_Function_msvc-public_0bdSequenceNumberStore_QAE_ABVbdSequenceNumber_Z_f254292d32d7afea_build_urn_ure_t6_re_Build_urn_ure_t6_core_Project_black-ops-2_fd2705692f16c05f_pc-server-2013-03-11_4ee9a1fac7aa9195:3db3d955745dd251	??0bdSequenceNumberStore@@QAE@ABVbdSequenceNumber@@@Z	bdCore:bdSequenceNumberStore.obj	0x00b177e0	23	37ef977b6513143be73a8f68315ff60053279f95824dd832fb06eca6e7b092ef	accepted-evidence-awaiting-semantic-promotion	unique-one-to-one-exact-function-instruction-bytes-sha256-across-builds
urn:ure:t6:occ:function:current-client:00ae24e0	0x00AE24E0	FUN_00ae24e0	e416bf4af2d777a3699b067090ffa356b10e207af25c5ef63fa8f3f582a24ee9	urn:ure:t6:re_FunctionVariant:urn_ure_t6_re_FunctionFamily_urn_ure_t6_core_Project_black-ops-2_fd2705692f16c05f_re_Function_msvc-public_isWritable_bdPlatformStreamSocket_SA_NH_Z_edaa2837647d97a3_build_urn_ure_t6_re_Build_urn_ure_t6_core_Project_black-ops-2_fd2705692f16c05f_pc-server-2013-03-11_4ee9a1fac7aa9195:3aa63e1ac1b00cb7	?isWritable@bdPlatformStreamSocket@@SA_NH@Z			0	e416bf4af2d777a3699b067090ffa356b10e207af25c5ef63fa8f3f582a24ee9	accepted-evidence-awaiting-semantic-promotion	unique-one-to-one-exact-function-instruction-bytes-sha256-across-builds
urn:ure:t6:occ:function:current-client:00ae55b8	0x00AE55B8	__mbctolower	1dda6aac183946498ba67e70dc597c845347a920b06495fa356e5195f08b0ab1	urn:ure:t6:re_FunctionVariant:urn_ure_t6_re_FunctionFamily_urn_ure_t6_core_Project_black-ops-2_fd2705692f16c05f_re_Function_msvc-public___mbctolower_ad968cb4d465126a_build_urn_ure_t6_re_Build_urn_ure_t6_core_Project_black-ops-2_fd2705692f16c05f_pc-server-2013-03-11_4ee9a1fac7aa9195:b56cbb5937603ad2	__mbctolower			0	1dda6aac183946498ba67e70dc597c845347a920b06495fa356e5195f08b0ab1	accepted-evidence-awaiting-semantic-promotion	unique-one-to-one-exact-function-instruction-bytes-sha256-across-builds
urn:ure:t6:occ:function:current-client:00ae5690	0x00AE5690	__mbspbrk	aca0f463775093b677623621f4d2eb09be62670d5d3961114da2ed03d538e88f	urn:ure:t6:re_FunctionVariant:urn_ure_t6_re_FunctionFamily_urn_ure_t6_core_Project_black-ops-2_fd2705692f16c05f_re_Function_msvc-public___mbspbrk_d518201aeaed1eb1_build_urn_ure_t6_re_Build_urn_ure_t6_core_Project_black-ops-2_fd2705692f16c05f_pc-server-2013-03-11_4ee9a1fac7aa9195:2de6d410aac564cc	__mbspbrk			0	aca0f463775093b677623621f4d2eb09be62670d5d3961114da2ed03d538e88f	accepted-evidence-awaiting-semantic-promotion	unique-one-to-one-exact-function-instruction-bytes-sha256-across-builds
urn:ure:t6:occ:function:current-client:00ae589e	0x00AE589E	__mbsicmp	b5140b0a787d559c7be898784c3212f62b1dee20afd28a76f86ee80d156ac2cd	urn:ure:t6:re_FunctionVariant:urn_ure_t6_re_FunctionFamily_urn_ure_t6_core_Project_black-ops-2_fd2705692f16c05f_re_Function_msvc-public___mbsicmp_ba6debe0426ab373_build_urn_ure_t6_re_Build_urn_ure_t6_core_Project_black-ops-2_fd2705692f16c05f_pc-server-2013-03-11_4ee9a1fac7aa9195:498d23d49b4ab4a3	__mbsicmp			0	b5140b0a787d559c7be898784c3212f62b1dee20afd28a76f86ee80d156ac2cd	accepted-evidence-awaiting-semantic-promotion	unique-one-to-one-exact-function-instruction-bytes-sha256-across-builds
urn:ure:t6:occ:function:current-client:00b166b0	0x00B166B0	thunk_FUN_00b165e0	21dfbb4f0ba8bb9148bfe1b1684c87a6c0f6ad938c6d76c21f1ec6247720707d	urn:ure:t6:re_FunctionVariant:urn_ure_t6_re_FunctionFamily_urn_ure_t6_core_Project_black-ops-2_fd2705692f16c05f_re_Function_msvc-public____lzopro_lzo_init_v2_a4010248fbcb0a85_build_urn_ure_t6_re_Build_urn_ure_t6_core_Project_black-ops-2_fd2705692f16c05f_pc-server-2013-03-11_4ee9a1fac7aa9195:d1b4455f4fe93e43	___lzopro_lzo_init_v2			0	21dfbb4f0ba8bb9148bfe1b1684c87a6c0f6ad938c6d76c21f1ec6247720707d	accepted-evidence-awaiting-semantic-promotion	unique-one-to-one-exact-function-instruction-bytes-sha256-across-builds
urn:ure:t6:occ:function:current-client:00b40a7b	0x00B40A7B	_wcsstr	5a55df11607d39da2689590445984f83a6edeb6f96128f2825772bed7a7e0bcd	urn:ure:t6:re_FunctionVariant:urn_ure_t6_re_FunctionFamily_urn_ure_t6_core_Project_black-ops-2_fd2705692f16c05f_re_Function_msvc-public__wcsstr_7c92e135278a80a4_build_urn_ure_t6_re_Build_urn_ure_t6_core_Project_black-ops-2_fd2705692f16c05f_pc-server-2013-03-11_4ee9a1fac7aa9195:17d09e5c91660d1c	_wcsstr			0	5a55df11607d39da2689590445984f83a6edeb6f96128f2825772bed7a7e0bcd	accepted-evidence-awaiting-semantic-promotion	unique-one-to-one-exact-function-instruction-bytes-sha256-across-builds
