function_id	requested_va	tier	found_exact	resolved_entry	ghidra_name	prototype	parameter_count	local_count	calling_convention	decompile_completed	decompiler_message	elapsed_ms	c_bytes	instruction_count	reference_count	asm_bytes
urn:ure:t6:occ:function:current-client:00730c20	0x00730c20	xbuild-enriched-full	true	00730c20	FUN_00730c20	undefined FUN_00730c20()	0	0	unknown	true		25	147	2	1	195
urn:ure:t6:occ:function:current-client:00730c30	0x00730c30	xbuild-enriched-full	true	00730c30	FUN_00730c30	undefined FUN_00730c30()	0	0	unknown	true		45	1887	101	18	3913
urn:ure:t6:occ:function:current-client:00730da0	0x00730da0	xbuild-enriched-full	true	00730da0	FUN_00730da0	undefined FUN_00730da0()	0	0	unknown	true		63	6016	245	25	11671
urn:ure:t6:occ:function:current-client:007312b0	0x007312b0	xbuild-enriched-full	true	007312b0	FUN_007312b0	undefined FUN_007312b0()	0	0	unknown	true		11	760	41	1	1972
urn:ure:t6:occ:function:current-client:00731370	0x00731370	xbuild-enriched-full	true	00731370	FUN_00731370	undefined FUN_00731370()	0	0	unknown	true		48	3405	177	61	7361
urn:ure:t6:occ:function:current-client:007316a0	0x007316a0	xbuild-enriched-full	true	007316a0	FUN_007316a0	undefined FUN_007316a0()	0	0	unknown	true		11	514	23	8	1036
urn:ure:t6:occ:function:current-client:00731700	0x00731700	xbuild-enriched-full	true	00731700	FUN_00731700	undefined FUN_00731700()	0	0	unknown	true		30	2511	138	37	5912
urn:ure:t6:occ:function:current-client:00731940	0x00731940	xbuild-enriched-full	true	00731940	FUN_00731940	undefined FUN_00731940()	0	0	unknown	true		13	687	42	21	1680
urn:ure:t6:occ:function:current-client:007319f0	0x007319f0	xbuild-enriched-full	true	007319f0	FUN_007319f0	undefined FUN_007319f0()	0	0	unknown	true		7	581	30	6	1140
urn:ure:t6:occ:function:current-client:00731a60	0x00731a60	xbuild-enriched-full	true	00731a60	FUN_00731a60	undefined FUN_00731a60()	0	0	unknown	true		15	1139	67	23	2650
urn:ure:t6:occ:function:current-client:00731b70	0x00731b70	xbuild-enriched-full	true	00731b70	FUN_00731b70	undefined FUN_00731b70()	0	0	unknown	true		21	1682	99	32	3970
urn:ure:t6:occ:function:current-client:00731d10	0x00731d10	xbuild-enriched-full	true	00731d10	FUN_00731d10	undefined FUN_00731d10()	0	0	unknown	true		4	186	21	2	793
urn:ure:t6:occ:function:current-client:00731d50	0x00731d50	xbuild-enriched-full	true	00731d50	FUN_00731d50	undefined FUN_00731d50()	0	0	unknown	true		6	545	36	4	1275
urn:ure:t6:occ:function:current-client:00731db0	0x00731db0	xbuild-enriched-full	true	00731db0	FUN_00731db0	undefined FUN_00731db0()	0	0	unknown	true		3	125	13	2	500
urn:ure:t6:occ:function:current-client:00731dd0	0x00731dd0	xbuild-enriched-full	true	00731dd0	FUN_00731dd0	undefined FUN_00731dd0()	0	0	unknown	true		4	194	24	2	791
urn:ure:t6:occ:function:current-client:00731e00	0x00731e00	xbuild-enriched-full	true	00731e00	FUN_00731e00	undefined FUN_00731e00()	0	0	unknown	true		6	590	34	4	1207
urn:ure:t6:occ:function:current-client:00731e60	0x00731e60	xbuild-enriched-full	true	00731e60	FUN_00731e60	undefined FUN_00731e60()	0	0	unknown	true		2	230	8	3	533
urn:ure:t6:occ:function:current-client:00731e90	0x00731e90	xbuild-enriched-full	true	00731e90	FUN_00731e90	undefined FUN_00731e90()	0	0	unknown	true		2	94	6	2	322
urn:ure:t6:occ:function:current-client:00731eb0	0x00731eb0	xbuild-enriched-full	true	00731eb0	FUN_00731eb0	undefined FUN_00731eb0()	0	0	unknown	true		1	62	2	1	192
urn:ure:t6:occ:function:current-client:00731ec0	0x00731ec0	xbuild-enriched-full	true	00731ec0	FUN_00731ec0	undefined FUN_00731ec0()	0	0	unknown	true		4	202	9	4	453
urn:ure:t6:occ:function:current-client:00731ef0	0x00731ef0	xbuild-enriched-full	true	00731ef0	FUN_00731ef0	undefined FUN_00731ef0()	0	0	unknown	true		5	417	29	7	964
urn:ure:t6:occ:function:current-client:00731f40	0x00731f40	xbuild-enriched-full	true	00731f40	FUN_00731f40	undefined FUN_00731f40()	0	0	unknown	true		7	365	33	13	1131
urn:ure:t6:occ:function:current-client:00731fb0	0x00731fb0	xbuild-enriched-full	true	00731fb0	FUN_00731fb0	undefined FUN_00731fb0()	0	0	unknown	true		3	154	8	6	424
urn:ure:t6:occ:function:current-client:00731fe0	0x00731fe0	xbuild-enriched-full	true	00731fe0	FUN_00731fe0	undefined FUN_00731fe0()	0	0	unknown	true		2	251	5	3	314
urn:ure:t6:occ:function:current-client:00732000	0x00732000	xbuild-enriched-full	true	00732000	FUN_00732000	undefined FUN_00732000()	0	0	unknown	true		2	251	5	3	314
urn:ure:t6:occ:function:current-client:00732020	0x00732020	xbuild-enriched-full	true	00732020	FUN_00732020	undefined FUN_00732020()	0	0	unknown	true		2	209	8	4	393
urn:ure:t6:occ:function:current-client:00732040	0x00732040	xbuild-enriched-full	true	00732040	FUN_00732040	undefined FUN_00732040()	0	0	unknown	true		7	955	41	4	1647
urn:ure:t6:occ:function:current-client:007320e0	0x007320e0	xbuild-enriched-full	true	007320e0	FUN_007320e0	undefined FUN_007320e0()	0	0	unknown	true		8	740	52	4	2114
urn:ure:t6:occ:function:current-client:007321a0	0x007321a0	xbuild-enriched-full	true	007321a0	FUN_007321a0	undefined FUN_007321a0()	0	0	unknown	true		22	1556	122	44	5069
urn:ure:t6:occ:function:current-client:007323c0	0x007323c0	xbuild-enriched-full	true	007323c0	FUN_007323c0	undefined FUN_007323c0()	0	0	unknown	true		17	1179	78	31	3121
urn:ure:t6:occ:function:current-client:00732500	0x00732500	xbuild-enriched-full	true	00732500	FUN_00732500	undefined FUN_00732500()	0	0	unknown	true		4	438	24	3	930
urn:ure:t6:occ:function:current-client:00732550	0x00732550	xbuild-enriched-full	true	00732550	FUN_00732550	undefined FUN_00732550()	0	0	unknown	true		8	687	45	9	1881
urn:ure:t6:occ:function:current-client:00732600	0x00732600	xbuild-enriched-full	true	00732600	FUN_00732600	undefined FUN_00732600()	0	0	unknown	true		9	878	46	8	1895
urn:ure:t6:occ:function:current-client:007326c0	0x007326c0	xbuild-enriched-full	true	007326c0	FUN_007326c0	undefined FUN_007326c0()	0	0	unknown	true		18	2051	122	20	4800
urn:ure:t6:occ:function:current-client:00732890	0x00732890	xbuild-enriched-full	true	00732890	FUN_00732890	undefined FUN_00732890()	0	0	unknown	true		9	1049	51	8	2099
urn:ure:t6:occ:function:current-client:00732960	0x00732960	xbuild-enriched-full	true	00732960	FUN_00732960	undefined FUN_00732960()	0	0	unknown	true		2	130	9	1	437
urn:ure:t6:occ:function:current-client:00732980	0x00732980	xbuild-enriched-full	true	00732980	FUN_00732980	undefined FUN_00732980()	0	0	unknown	true		2	130	9	1	437
urn:ure:t6:occ:function:current-client:007329a0	0x007329a0	xbuild-enriched-full	true	007329a0	FUN_007329a0	undefined FUN_007329a0()	0	0	unknown	true		7	468	39	11	1398
urn:ure:t6:occ:function:current-client:00732a20	0x00732a20	xbuild-enriched-full	true	00732a20	FUN_00732a20	undefined FUN_00732a20()	0	0	unknown	true		10	671	51	17	1777
urn:ure:t6:occ:function:current-client:00732ad0	0x00732ad0	xbuild-enriched-full	true	00732ad0	FUN_00732ad0	undefined FUN_00732ad0()	0	0	unknown	true		7	430	41	16	1607
urn:ure:t6:occ:function:current-client:00732b60	0x00732b60	xbuild-enriched-full	true	00732b60	FUN_00732b60	undefined FUN_00732b60()	0	0	unknown	true		22	1332	80	52	3450
urn:ure:t6:occ:function:current-client:00732d00	0x00732d00	xbuild-enriched-full	true	00732d00	FUN_00732d00	undefined FUN_00732d00()	0	0	unknown	true		29	2083	114	40	4213
urn:ure:t6:occ:function:current-client:00732ec0	0x00732ec0	xbuild-enriched-full	true	00732ec0	FUN_00732ec0	undefined FUN_00732ec0()	0	0	unknown	true		19	1268	85	13	3153
urn:ure:t6:occ:function:current-client:00732fe0	0x00732fe0	xbuild-enriched-full	true	00732fe0	FUN_00732fe0	undefined FUN_00732fe0()	0	0	unknown	true		12	897	68	10	2303
urn:ure:t6:occ:function:current-client:007330a0	0x007330a0	xbuild-enriched-full	true	007330a0	FUN_007330a0	undefined FUN_007330a0()	0	0	unknown	true		16	1196	73	29	2796
urn:ure:t6:occ:function:current-client:007331d0	0x007331d0	xbuild-enriched-full	true	007331d0	FUN_007331d0	undefined FUN_007331d0()	0	0	unknown	true		120	5994	519	187	17726
urn:ure:t6:occ:function:current-client:00733930	0x00733930	xbuild-enriched-full	true	00733930	FUN_00733930	undefined FUN_00733930()	0	0	unknown	true		24	1997	122	48	4780
urn:ure:t6:occ:function:current-client:00733b20	0x00733b20	xbuild-enriched-full	true	00733b20	FUN_00733b20	undefined FUN_00733b20()	0	0	unknown	true		47	2907	156	64	6499
urn:ure:t6:occ:function:current-client:00733e00	0x00733e00	xbuild-enriched-full	true	00733e00	FUN_00733e00	undefined FUN_00733e00()	0	0	unknown	true		8	404	30	15	1155
urn:ure:t6:occ:function:current-client:00733e70	0x00733e70	xbuild-enriched-full	true	00733e70	FUN_00733e70	undefined FUN_00733e70()	0	0	unknown	true		5	686	49	6	1629
urn:ure:t6:occ:function:current-client:00733ee0	0x00733ee0	xbuild-enriched-full	true	00733ee0	FUN_00733ee0	undefined FUN_00733ee0()	0	0	unknown	true		6	855	47	8	1574
urn:ure:t6:occ:function:current-client:00733f50	0x00733f50	xbuild-enriched-full	true	00733f50	FUN_00733f50	undefined FUN_00733f50()	0	0	unknown	true		2	98	8	1	359
urn:ure:t6:occ:function:current-client:00733f70	0x00733f70	xbuild-enriched-full	true	00733f70	thunk_FUN_00733f50	undefined thunk_FUN_00733f50()	0	0	unknown	true		2	104	1	1	173
urn:ure:t6:occ:function:current-client:00733f80	0x00733f80	xbuild-enriched-full	true	00733f80	FUN_00733f80	undefined FUN_00733f80()	0	0	unknown	true		2	228	5	1	340
urn:ure:t6:occ:function:current-client:00733fa0	0x00733fa0	xbuild-enriched-full	true	00733fa0	FUN_00733fa0	undefined FUN_00733fa0()	0	0	unknown	true		8	749	42	5	1601
urn:ure:t6:occ:function:current-client:00734020	0x00734020	xbuild-enriched-full	true	00734020	FUN_00734020	undefined FUN_00734020()	0	0	unknown	true		15	2034	113	30	3793
urn:ure:t6:occ:function:current-client:00734170	0x00734170	xbuild-enriched-full	true	00734170	FUN_00734170	undefined FUN_00734170()	0	0	unknown	true		25	2164	143	31	4775
urn:ure:t6:occ:function:current-client:00734300	0x00734300	xbuild-enriched-full	true	00734300	FUN_00734300	undefined FUN_00734300()	0	0	unknown	true		12	1482	89	16	2953
urn:ure:t6:occ:function:current-client:007343f0	0x007343f0	xbuild-enriched-full	true	007343f0	FUN_007343f0	undefined FUN_007343f0()	0	0	unknown	true		6	623	40	6	1397
urn:ure:t6:occ:function:current-client:00734460	0x00734460	xbuild-enriched-full	true	00734460	FUN_00734460	undefined FUN_00734460()	0	0	unknown	true		5	399	28	5	1005
urn:ure:t6:occ:function:current-client:007344b0	0x007344b0	xbuild-enriched-full	true	007344b0	FUN_007344b0	undefined FUN_007344b0()	0	0	unknown	true		6	440	34	8	1208
urn:ure:t6:occ:function:current-client:00734510	0x00734510	xbuild-enriched-full	true	00734510	FUN_00734510	undefined FUN_00734510()	0	0	unknown	true		4	277	27	2	880
urn:ure:t6:occ:function:current-client:00734560	0x00734560	xbuild-enriched-full	true	00734560	FUN_00734560	undefined FUN_00734560()	0	0	unknown	true		28	3609	142	24	5781
urn:ure:t6:occ:function:current-client:00734770	0x00734770	xbuild-enriched-full	true	00734770	FUN_00734770	undefined FUN_00734770()	0	0	unknown	true		7	770	41	5	1483
urn:ure:t6:occ:function:current-client:007347d0	0x007347d0	xbuild-enriched-full	true	007347d0	FUN_007347d0	undefined FUN_007347d0()	0	0	unknown	true		11	1605	85	16	3174
urn:ure:t6:occ:function:current-client:007348d0	0x007348d0	xbuild-enriched-full	true	007348d0	FUN_007348d0	undefined FUN_007348d0()	0	0	unknown	true		7	809	61	9	1987
urn:ure:t6:occ:function:current-client:00734960	0x00734960	xbuild-enriched-full	true	00734960	FUN_00734960	undefined FUN_00734960()	0	0	unknown	true		8	762	48	23	1747
urn:ure:t6:occ:function:current-client:00734a10	0x00734a10	xbuild-enriched-full	true	00734a10	FUN_00734a10	undefined FUN_00734a10()	0	0	unknown	true		1	61	2	1	208
urn:ure:t6:occ:function:current-client:00734a20	0x00734a20	xbuild-enriched-full	true	00734a20	FUN_00734a20	undefined FUN_00734a20()	0	0	unknown	true		18	2324	126	25	4316
urn:ure:t6:occ:function:current-client:00734b90	0x00734b90	xbuild-enriched-full	true	00734b90	FUN_00734b90	undefined FUN_00734b90()	0	0	unknown	true		4	627	24	4	911
urn:ure:t6:occ:function:current-client:00734bd0	0x00734bd0	xbuild-enriched-full	true	00734bd0	FUN_00734bd0	undefined FUN_00734bd0()	0	0	unknown	true		10	1594	67	17	2330
urn:ure:t6:occ:function:current-client:00734c90	0x00734c90	xbuild-enriched-full	true	00734c90	FUN_00734c90	undefined FUN_00734c90()	0	0	unknown	true		1	133	4	1	325
urn:ure:t6:occ:function:current-client:00734cb0	0x00734cb0	xbuild-enriched-full	true	00734cb0	thunk_FUN_00734c90	undefined thunk_FUN_00734c90()	0	0	unknown	true		1	139	1	1	173
urn:ure:t6:occ:function:current-client:00734cc0	0x00734cc0	xbuild-enriched-full	true	00734cc0	FUN_00734cc0	undefined FUN_00734cc0()	0	0	unknown	true		2	253	7	3	394
urn:ure:t6:occ:function:current-client:00734ce0	0x00734ce0	xbuild-enriched-full	true	00734ce0	FUN_00734ce0	undefined FUN_00734ce0()	0	0	unknown	true		5	501	26	8	961
urn:ure:t6:occ:function:current-client:00734d30	0x00734d30	xbuild-enriched-full	true	00734d30	FUN_00734d30	undefined FUN_00734d30()	0	0	unknown	true		5	423	25	7	900
urn:ure:t6:occ:function:current-client:00734d80	0x00734d80	xbuild-enriched-full	true	00734d80	FUN_00734d80	undefined FUN_00734d80()	0	0	unknown	true		2	207	6	4	395
urn:ure:t6:occ:function:current-client:00734db0	0x00734db0	xbuild-enriched-full	true	00734db0	FUN_00734db0	undefined FUN_00734db0()	0	0	unknown	true		15	1694	99	32	3382
urn:ure:t6:occ:function:current-client:00734ff0	0x00734ff0	xbuild-enriched-full	true	00734ff0	FUN_00734ff0	undefined FUN_00734ff0()	0	0	unknown	true		1	52	2	0	187
urn:ure:t6:occ:function:current-client:00735000	0x00735000	xbuild-enriched-full	true	00735000	FUN_00735000	undefined FUN_00735000()	0	0	unknown	true		1	52	2	0	187
urn:ure:t6:occ:function:current-client:00735010	0x00735010	xbuild-enriched-full	true	00735010	FUN_00735010	undefined FUN_00735010()	0	0	unknown	true		0	52	2	0	187
urn:ure:t6:occ:function:current-client:00735020	0x00735020	xbuild-enriched-full	true	00735020	FUN_00735020	undefined FUN_00735020()	0	0	unknown	true		0	52	2	0	187
urn:ure:t6:occ:function:current-client:00735030	0x00735030	xbuild-enriched-full	true	00735030	FUN_00735030	undefined FUN_00735030()	0	0	unknown	true		0	52	2	0	187
urn:ure:t6:occ:function:current-client:00735040	0x00735040	xbuild-enriched-full	true	00735040	FUN_00735040	undefined FUN_00735040()	0	0	unknown	true		1	52	2	0	187
urn:ure:t6:occ:function:current-client:00735050	0x00735050	xbuild-enriched-full	true	00735050	FUN_00735050	undefined FUN_00735050()	0	0	unknown	true		0	52	2	0	187
urn:ure:t6:occ:function:current-client:00735060	0x00735060	xbuild-enriched-full	true	00735060	FUN_00735060	undefined FUN_00735060()	0	0	unknown	true		3	240	20	2	695
urn:ure:t6:occ:function:current-client:00735090	0x00735090	xbuild-enriched-full	true	00735090	thunk_FUN_00698a80	undefined thunk_FUN_00698a80()	0	0	unknown	true		19	1383	1	1	173
urn:ure:t6:occ:function:current-client:007350a0	0x007350a0	xbuild-enriched-full	true	007350a0	FUN_007350a0	undefined FUN_007350a0()	0	0	unknown	true		6	625	32	8	1411
urn:ure:t6:occ:function:current-client:00735130	0x00735130	xbuild-enriched-full	true	00735130	FUN_00735130	undefined FUN_00735130()	0	0	unknown	true		15	988	60	7	2114
urn:ure:t6:occ:function:current-client:007351e0	0x007351e0	xbuild-enriched-full	true	007351e0	FUN_007351e0	undefined FUN_007351e0()	0	0	unknown	true		25	2048	126	76	5212
urn:ure:t6:occ:function:current-client:00735420	0x00735420	xbuild-enriched-full	true	00735420	FUN_00735420	undefined FUN_00735420()	0	0	unknown	true		1	147	2	1	195
urn:ure:t6:occ:function:current-client:00735430	0x00735430	xbuild-enriched-full	true	00735430	FUN_00735430	undefined FUN_00735430()	0	0	unknown	true		1	147	2	1	195
urn:ure:t6:occ:function:current-client:00735440	0x00735440	xbuild-enriched-full	true	00735440	thunk_FUN_006545c0	undefined thunk_FUN_006545c0()	0	0	unknown	true		1	55	1	1	173
urn:ure:t6:occ:function:current-client:00735450	0x00735450	xbuild-enriched-full	true	00735450	FUN_00735450	undefined FUN_00735450()	0	0	unknown	true		3	248	11	4	480
urn:ure:t6:occ:function:current-client:00735480	0x00735480	xbuild-enriched-full	true	00735480	FUN_00735480	undefined FUN_00735480()	0	0	unknown	true		3	266	16	6	741
urn:ure:t6:occ:function:current-client:007354d0	0x007354d0	xbuild-enriched-full	true	007354d0	FUN_007354d0	undefined FUN_007354d0()	0	0	unknown	true		2	95	9	3	400
urn:ure:t6:occ:function:current-client:007354f0	0x007354f0	xbuild-enriched-full	true	007354f0	FUN_007354f0	undefined FUN_007354f0()	0	0	unknown	true		4	335	30	3	1030
urn:ure:t6:occ:function:current-client:00735540	0x00735540	xbuild-enriched-full	true	00735540	FUN_00735540	undefined FUN_00735540()	0	0	unknown	true		4	364	19	11	926
urn:ure:t6:occ:function:current-client:007355a0	0x007355a0	xbuild-enriched-full	true	007355a0	FUN_007355a0	undefined FUN_007355a0()	0	0	unknown	true		7	692	28	15	1209
urn:ure:t6:occ:function:current-client:00735630	0x00735630	xbuild-enriched-full	true	00735630	FUN_00735630	undefined FUN_00735630()	0	0	unknown	true		15	1429	89	28	3057
urn:ure:t6:occ:function:current-client:00735750	0x00735750	xbuild-enriched-full	true	00735750	FUN_00735750	undefined FUN_00735750()	0	0	unknown	true		23	2447	125	54	4318
urn:ure:t6:occ:function:current-client:007358c0	0x007358c0	xbuild-enriched-full	true	007358c0	FUN_007358c0	undefined FUN_007358c0()	0	0	unknown	true		19	1754	114	14	4039
urn:ure:t6:occ:function:current-client:00735a10	0x00735a10	xbuild-enriched-full	true	00735a10	FUN_00735a10	undefined FUN_00735a10()	0	0	unknown	true		10	1219	60	17	1909
urn:ure:t6:occ:function:current-client:00735ab0	0x00735ab0	xbuild-enriched-full	true	00735ab0	FUN_00735ab0	undefined FUN_00735ab0()	0	0	unknown	true		3	156	19	2	713
urn:ure:t6:occ:function:current-client:00735af0	0x00735af0	xbuild-enriched-full	true	00735af0	FUN_00735af0	undefined FUN_00735af0()	0	0	unknown	true		19	2085	119	36	3665
urn:ure:t6:occ:function:current-client:00735c50	0x00735c50	xbuild-enriched-full	true	00735c50	FUN_00735c50	undefined FUN_00735c50()	0	0	unknown	true		226	11063	530	141	19096
urn:ure:t6:occ:function:current-client:007363a0	0x007363a0	xbuild-enriched-full	true	007363a0	FUN_007363a0	undefined FUN_007363a0()	0	0	unknown	true		63	5344	283	81	9465
urn:ure:t6:occ:function:current-client:00736720	0x00736720	xbuild-enriched-full	true	00736720	FUN_00736720	undefined FUN_00736720()	0	0	unknown	true		10	880	58	16	2037
urn:ure:t6:occ:function:current-client:007367e0	0x007367e0	xbuild-enriched-full	true	007367e0	FUN_007367e0	undefined FUN_007367e0()	0	0	unknown	true		25	1584	106	46	3917
urn:ure:t6:occ:function:current-client:00736980	0x00736980	xbuild-enriched-full	true	00736980	FUN_00736980	undefined FUN_00736980()	0	0	unknown	true		10	877	64	11	2228
urn:ure:t6:occ:function:current-client:00736a30	0x00736a30	xbuild-enriched-full	true	00736a30	FUN_00736a30	undefined FUN_00736a30()	0	0	unknown	true		29	2274	149	31	4636
urn:ure:t6:occ:function:current-client:00736bb0	0x00736bb0	xbuild-enriched-full	true	00736bb0	FUN_00736bb0	undefined FUN_00736bb0()	0	0	unknown	true		12	1009	75	21	2545
urn:ure:t6:occ:function:current-client:00736c90	0x00736c90	xbuild-enriched-full	true	00736c90	FUN_00736c90	undefined FUN_00736c90()	0	0	unknown	true		4	297	20	4	767
urn:ure:t6:occ:function:current-client:00736cd0	0x00736cd0	xbuild-enriched-full	true	00736cd0	FUN_00736cd0	undefined FUN_00736cd0()	0	0	unknown	true		22	2540	114	16	3872
urn:ure:t6:occ:function:current-client:00736e00	0x00736e00	xbuild-enriched-full	true	00736e00	FUN_00736e00	undefined FUN_00736e00()	0	0	unknown	true		5	517	26	11	969
urn:ure:t6:occ:function:current-client:00736e50	0x00736e50	xbuild-enriched-full	true	00736e50	FUN_00736e50	undefined FUN_00736e50()	0	0	unknown	true		5	506	31	17	1125
urn:ure:t6:occ:function:current-client:00736ec0	0x00736ec0	xbuild-enriched-full	true	00736ec0	FUN_00736ec0	undefined FUN_00736ec0()	0	0	unknown	true		1	168	3	1	243
urn:ure:t6:occ:function:current-client:00736ed0	0x00736ed0	xbuild-enriched-full	true	00736ed0	FUN_00736ed0	undefined FUN_00736ed0()	0	0	unknown	true		37	2715	194	81	6728
urn:ure:t6:occ:function:current-client:00737170	0x00737170	xbuild-enriched-full	true	00737170	FUN_00737170	undefined FUN_00737170()	0	0	unknown	true		10	1447	62	24	2121
urn:ure:t6:occ:function:current-client:00737230	0x00737230	xbuild-enriched-full	true	00737230	FUN_00737230	undefined FUN_00737230()	0	0	unknown	true		18	1186	105	30	3568
urn:ure:t6:occ:function:current-client:00737380	0x00737380	xbuild-enriched-full	true	00737380	FUN_00737380	undefined FUN_00737380()	0	0	unknown	true		11	953	69	33	2420
urn:ure:t6:occ:function:current-client:00737480	0x00737480	xbuild-enriched-full	true	00737480	FUN_00737480	undefined FUN_00737480()	0	0	unknown	true		1	61	2	1	208
urn:ure:t6:occ:function:current-client:00737490	0x00737490	xbuild-enriched-full	true	00737490	FUN_00737490	undefined FUN_00737490()	0	0	unknown	true		1	81	3	1	240
urn:ure:t6:occ:function:current-client:007374a0	0x007374a0	xbuild-enriched-full	true	007374a0	FUN_007374a0	undefined FUN_007374a0()	0	0	unknown	true		1	81	3	1	240
urn:ure:t6:occ:function:current-client:007374b0	0x007374b0	xbuild-enriched-full	true	007374b0	FUN_007374b0	undefined FUN_007374b0()	0	0	unknown	true		13	1014	72	39	2626
urn:ure:t6:occ:function:current-client:007375b0	0x007375b0	xbuild-enriched-full	true	007375b0	FUN_007375b0	undefined FUN_007375b0()	0	0	unknown	true		9	681	38	30	1788
urn:ure:t6:occ:function:current-client:00737690	0x00737690	xbuild-enriched-full	true	00737690	FUN_00737690	undefined FUN_00737690()	0	0	unknown	true		1	83	2	2	209
urn:ure:t6:occ:function:current-client:007376a0	0x007376a0	xbuild-enriched-full	true	007376a0	FUN_007376a0	undefined FUN_007376a0()	0	0	unknown	true		5	417	21	15	879
urn:ure:t6:occ:function:current-client:00737700	0x00737700	xbuild-enriched-full	true	00737700	FUN_00737700	undefined FUN_00737700()	0	0	unknown	true		1	191	5	4	310
urn:ure:t6:occ:function:current-client:00737720	0x00737720	xbuild-enriched-full	true	00737720	FUN_00737720	undefined FUN_00737720()	0	0	unknown	true		14	1050	62	50	2411
urn:ure:t6:occ:function:current-client:00737830	0x00737830	xbuild-enriched-full	true	00737830	FUN_00737830	undefined FUN_00737830()	0	0	unknown	true		3	304	13	7	549
urn:ure:t6:occ:function:current-client:00737880	0x00737880	xbuild-enriched-full	true	00737880	FUN_00737880	undefined FUN_00737880()	0	0	unknown	true		4	429	22	9	812
urn:ure:t6:occ:function:current-client:007378d0	0x007378d0	xbuild-enriched-full	true	007378d0	FUN_007378d0	undefined FUN_007378d0()	0	0	unknown	true		1	168	3	1	243
urn:ure:t6:occ:function:current-client:007378e0	0x007378e0	xbuild-enriched-full	true	007378e0	FUN_007378e0	undefined FUN_007378e0()	0	0	unknown	true		2	152	10	4	464
urn:ure:t6:occ:function:current-client:00737910	0x00737910	xbuild-enriched-full	true	00737910	FUN_00737910	undefined FUN_00737910()	0	0	unknown	true		1	248	8	4	547
urn:ure:t6:occ:function:current-client:00737940	0x00737940	xbuild-enriched-full	true	00737940	FUN_00737940	undefined FUN_00737940()	0	0	unknown	true		3	273	12	10	548
urn:ure:t6:occ:function:current-client:00737970	0x00737970	xbuild-enriched-full	true	00737970	FUN_00737970	undefined FUN_00737970()	0	0	unknown	true		0	60	2	1	194
urn:ure:t6:occ:function:current-client:00737980	0x00737980	xbuild-enriched-full	true	00737980	FUN_00737980	undefined FUN_00737980()	0	0	unknown	true		14	1747	60	13	2759
urn:ure:t6:occ:function:current-client:00737a90	0x00737a90	xbuild-enriched-full	true	00737a90	FUN_00737a90	undefined FUN_00737a90()	0	0	unknown	true		201	24119	680	93	26090
urn:ure:t6:occ:function:current-client:00738540	0x00738540	xbuild-enriched-full	true	00738540	thunk_FUN_00737a90	undefined thunk_FUN_00737a90()	0	0	unknown	true		196	24125	1	1	173
urn:ure:t6:occ:function:current-client:00738550	0x00738550	xbuild-enriched-full	true	00738550	FUN_00738550	undefined FUN_00738550()	0	0	unknown	true		8	148	2	1	215
urn:ure:t6:occ:function:current-client:00738560	0x00738560	xbuild-enriched-full	true	00738560	FUN_00738560	undefined FUN_00738560()	0	0	unknown	true		3	627	19	5	1022
urn:ure:t6:occ:function:current-client:007385c0	0x007385c0	xbuild-enriched-full	true	007385c0	FUN_007385c0	undefined FUN_007385c0()	0	0	unknown	true		8	1128	64	11	2296
urn:ure:t6:occ:function:current-client:00738690	0x00738690	xbuild-enriched-full	true	00738690	FUN_00738690	undefined FUN_00738690()	0	0	unknown	true		1	172	3	1	249
urn:ure:t6:occ:function:current-client:007386a0	0x007386a0	xbuild-enriched-full	true	007386a0	FUN_007386a0	undefined FUN_007386a0()	0	0	unknown	true		1	62	2	1	192
urn:ure:t6:occ:function:current-client:007386b0	0x007386b0	xbuild-enriched-full	true	007386b0	FUN_007386b0	undefined FUN_007386b0()	0	0	unknown	true		8	552	45	13	1564
urn:ure:t6:occ:function:current-client:00738740	0x00738740	xbuild-enriched-full	true	00738740	FUN_00738740	undefined FUN_00738740()	0	0	unknown	true		1	100	7	2	345
urn:ure:t6:occ:function:current-client:00738760	0x00738760	xbuild-enriched-full	true	00738760	FUN_00738760	undefined FUN_00738760()	0	0	unknown	true		4	459	33	5	1213
urn:ure:t6:occ:function:current-client:007387c0	0x007387c0	xbuild-enriched-full	true	007387c0	FUN_007387c0	undefined FUN_007387c0()	0	0	unknown	true		4	459	33	5	1213
urn:ure:t6:occ:function:current-client:00738820	0x00738820	xbuild-enriched-full	true	00738820	FUN_00738820	undefined FUN_00738820()	0	0	unknown	true		4	459	33	5	1213
urn:ure:t6:occ:function:current-client:00738880	0x00738880	xbuild-enriched-full	true	00738880	FUN_00738880	undefined FUN_00738880()	0	0	unknown	true		8	549	42	9	1471
urn:ure:t6:occ:function:current-client:00738900	0x00738900	xbuild-enriched-full	true	00738900	FUN_00738900	undefined FUN_00738900()	0	0	unknown	true		2	95	7	2	335
urn:ure:t6:occ:function:current-client:00738920	0x00738920	xbuild-enriched-full	true	00738920	FUN_00738920	undefined FUN_00738920()	0	0	unknown	true		1	95	7	2	335
urn:ure:t6:occ:function:current-client:00738940	0x00738940	xbuild-enriched-full	true	00738940	FUN_00738940	undefined FUN_00738940()	0	0	unknown	true		3	350	15	9	684
urn:ure:t6:occ:function:current-client:00738980	0x00738980	xbuild-enriched-full	true	00738980	FUN_00738980	undefined FUN_00738980()	0	0	unknown	true		7	922	43	4	1734
urn:ure:t6:occ:function:current-client:00738a20	0x00738a20	xbuild-enriched-full	true	00738a20	FUN_00738a20	undefined FUN_00738a20()	0	0	unknown	true		0	87	3	0	250
urn:ure:t6:occ:function:current-client:00738a30	0x00738a30	xbuild-enriched-full	true	00738a30	FUN_00738a30	undefined FUN_00738a30()	0	0	unknown	true		13	2120	89	8	3912
urn:ure:t6:occ:function:current-client:00738b40	0x00738b40	xbuild-enriched-full	true	00738b40	FUN_00738b40	undefined FUN_00738b40()	0	0	unknown	true		4	390	24	3	879
urn:ure:t6:occ:function:current-client:00738b80	0x00738b80	xbuild-enriched-full	true	00738b80	FUN_00738b80	undefined FUN_00738b80()	0	0	unknown	true		6	750	47	8	1468
urn:ure:t6:occ:function:current-client:00738bf0	0x00738bf0	xbuild-enriched-full	true	00738bf0	FUN_00738bf0	undefined FUN_00738bf0()	0	0	unknown	true		7	829	56	9	1700
urn:ure:t6:occ:function:current-client:00738c70	0x00738c70	xbuild-enriched-full	true	00738c70	FUN_00738c70	undefined FUN_00738c70()	0	0	unknown	true		4	443	24	2	954
urn:ure:t6:occ:function:current-client:00738cb0	0x00738cb0	xbuild-enriched-full	true	00738cb0	FUN_00738cb0	undefined FUN_00738cb0()	0	0	unknown	true		3	507	23	2	1009
urn:ure:t6:occ:function:current-client:00738d10	0x00738d10	xbuild-enriched-full	true	00738d10	FUN_00738d10	undefined FUN_00738d10()	0	0	unknown	true		2	262	15	2	640
urn:ure:t6:occ:function:current-client:00738d40	0x00738d40	xbuild-enriched-full	true	00738d40	FUN_00738d40	undefined FUN_00738d40()	0	0	unknown	true		2	266	15	2	648
urn:ure:t6:occ:function:current-client:00738d70	0x00738d70	xbuild-enriched-full	true	00738d70	FUN_00738d70	undefined FUN_00738d70()	0	0	unknown	true		2	266	15	2	648
urn:ure:t6:occ:function:current-client:00738da0	0x00738da0	xbuild-enriched-full	true	00738da0	FUN_00738da0	undefined FUN_00738da0()	0	0	unknown	true		2	268	15	2	648
urn:ure:t6:occ:function:current-client:00738dd0	0x00738dd0	xbuild-enriched-full	true	00738dd0	FUN_00738dd0	undefined FUN_00738dd0()	0	0	unknown	true		5	533	48	5	1673
urn:ure:t6:occ:function:current-client:00738e50	0x00738e50	xbuild-enriched-full	true	00738e50	FUN_00738e50	undefined FUN_00738e50()	0	0	unknown	true		5	313	27	4	955
urn:ure:t6:occ:function:current-client:00738ea0	0x00738ea0	xbuild-enriched-full	true	00738ea0	FUN_00738ea0	undefined FUN_00738ea0()	0	0	unknown	true		4	659	27	5	1045
urn:ure:t6:occ:function:current-client:00738f10	0x00738f10	xbuild-enriched-full	true	00738f10	FUN_00738f10	undefined FUN_00738f10()	0	0	unknown	true		18	2397	112	9	4526
urn:ure:t6:occ:function:current-client:00739060	0x00739060	xbuild-enriched-full	true	00739060	FUN_00739060	undefined FUN_00739060()	0	0	unknown	true		9	1467	62	16	2171
urn:ure:t6:occ:function:current-client:00739100	0x00739100	xbuild-enriched-full	true	00739100	FUN_00739100	undefined FUN_00739100()	0	0	unknown	true		10	1187	70	15	2184
urn:ure:t6:occ:function:current-client:007391a0	0x007391a0	xbuild-enriched-full	true	007391a0	FUN_007391a0	undefined FUN_007391a0()	0	0	unknown	true		10	1081	64	14	2367
urn:ure:t6:occ:function:current-client:00739260	0x00739260	xbuild-enriched-full	true	00739260	FUN_00739260	undefined FUN_00739260()	0	0	unknown	true		1	62	2	1	192
urn:ure:t6:occ:function:current-client:00739270	0x00739270	xbuild-enriched-full	true	00739270	FUN_00739270	undefined FUN_00739270()	0	0	unknown	true		1	229	8	1	445
urn:ure:t6:occ:function:current-client:00739290	0x00739290	xbuild-enriched-full	true	00739290	FUN_00739290	undefined FUN_00739290()	0	0	unknown	true		1	102	3	0	244
urn:ure:t6:occ:function:current-client:007392a0	0x007392a0	xbuild-enriched-full	true	007392a0	FUN_007392a0	undefined FUN_007392a0()	0	0	unknown	true		1	175	8	1	412
urn:ure:t6:occ:function:current-client:007392c0	0x007392c0	xbuild-enriched-full	true	007392c0	FUN_007392c0	undefined FUN_007392c0()	0	0	unknown	true		1	86	4	1	280
urn:ure:t6:occ:function:current-client:007392d0	0x007392d0	xbuild-enriched-full	true	007392d0	FUN_007392d0	undefined FUN_007392d0()	0	0	unknown	true		1	86	4	1	280
urn:ure:t6:occ:function:current-client:007392e0	0x007392e0	xbuild-enriched-full	true	007392e0	FUN_007392e0	undefined FUN_007392e0()	0	0	unknown	true		1	168	3	1	269
urn:ure:t6:occ:function:current-client:007392f0	0x007392f0	xbuild-enriched-full	true	007392f0	FUN_007392f0	undefined FUN_007392f0()	0	0	unknown	true		5	498	35	10	1391
urn:ure:t6:occ:function:current-client:00739370	0x00739370	xbuild-enriched-full	true	00739370	FUN_00739370	undefined FUN_00739370()	0	0	unknown	true		3	349	20	13	921
urn:ure:t6:occ:function:current-client:007393d0	0x007393d0	xbuild-enriched-full	true	007393d0	FUN_007393d0	undefined FUN_007393d0()	0	0	unknown	true		2	400	15	13	713
urn:ure:t6:occ:function:current-client:00739420	0x00739420	xbuild-enriched-full	true	00739420	FUN_00739420	undefined FUN_00739420()	0	0	unknown	true		17	1709	49	24	2986
urn:ure:t6:occ:function:current-client:00739590	0x00739590	xbuild-enriched-full	true	00739590	FUN_00739590	undefined FUN_00739590()	0	0	unknown	true		42	3391	114	49	6167
urn:ure:t6:occ:function:current-client:00739860	0x00739860	xbuild-enriched-full	true	00739860	FUN_00739860	undefined FUN_00739860()	0	0	unknown	true		22	3035	136	27	5792
urn:ure:t6:occ:function:current-client:00739ab0	0x00739ab0	xbuild-enriched-full	true	00739ab0	FUN_00739ab0	undefined FUN_00739ab0()	0	0	unknown	true		3	280	13	4	595
urn:ure:t6:occ:function:current-client:00739ae0	0x00739ae0	xbuild-enriched-full	true	00739ae0	FUN_00739ae0	undefined FUN_00739ae0()	0	0	unknown	true		14	3772	91	2	4881
urn:ure:t6:occ:function:current-client:00739d20	0x00739d20	xbuild-enriched-full	true	00739d20	FUN_00739d20	undefined FUN_00739d20()	0	0	unknown	true		8	1325	63	24	2590
urn:ure:t6:occ:function:current-client:00739e00	0x00739e00	xbuild-enriched-full	true	00739e00	FUN_00739e00	undefined FUN_00739e00()	0	0	unknown	true		50	4190	245	89	9641
urn:ure:t6:occ:function:current-client:0073a1e0	0x0073a1e0	xbuild-enriched-full	true	0073a1e0	FUN_0073a1e0	undefined FUN_0073a1e0()	0	0	unknown	true		7	486	55	10	1705
urn:ure:t6:occ:function:current-client:0073a270	0x0073a270	xbuild-enriched-full	true	0073a270	FUN_0073a270	undefined FUN_0073a270()	0	0	unknown	true		35	4108	234	22	10671
urn:ure:t6:occ:function:current-client:0073a6b0	0x0073a6b0	xbuild-enriched-full	true	0073a6b0	FUN_0073a6b0	undefined FUN_0073a6b0()	0	0	unknown	true		22	2313	158	45	5574
urn:ure:t6:occ:function:current-client:0073a8c0	0x0073a8c0	xbuild-enriched-full	true	0073a8c0	FUN_0073a8c0	undefined FUN_0073a8c0()	0	0	unknown	true		5	851	35	12	1263
urn:ure:t6:occ:function:current-client:0073a930	0x0073a930	xbuild-enriched-full	true	0073a930	FUN_0073a930	undefined FUN_0073a930()	0	0	unknown	true		14	1755	96	21	3917
urn:ure:t6:occ:function:current-client:0073aab0	0x0073aab0	xbuild-enriched-full	true	0073aab0	FUN_0073aab0	undefined FUN_0073aab0()	0	0	unknown	true		24	4070	150	38	5575
urn:ure:t6:occ:function:current-client:0073ac90	0x0073ac90	xbuild-enriched-full	true	0073ac90	FUN_0073ac90	undefined FUN_0073ac90()	0	0	unknown	true		6	1314	45	6	1769
urn:ure:t6:occ:function:current-client:0073ad20	0x0073ad20	xbuild-enriched-full	true	0073ad20	FUN_0073ad20	undefined FUN_0073ad20()	0	0	unknown	true		5	809	52	3	1783
urn:ure:t6:occ:function:current-client:0073adb0	0x0073adb0	xbuild-enriched-full	true	0073adb0	FUN_0073adb0	undefined FUN_0073adb0()	0	0	unknown	true		4	513	35	11	1123
urn:ure:t6:occ:function:current-client:0073ae10	0x0073ae10	xbuild-enriched-full	true	0073ae10	FUN_0073ae10	undefined FUN_0073ae10()	0	0	unknown	true		4	637	35	7	1226
urn:ure:t6:occ:function:current-client:0073ae60	0x0073ae60	xbuild-enriched-full	true	0073ae60	FUN_0073ae60	undefined FUN_0073ae60()	0	0	unknown	true		8	1252	63	15	2298
urn:ure:t6:occ:function:current-client:0073af30	0x0073af30	xbuild-enriched-full	true	0073af30	FUN_0073af30	undefined FUN_0073af30()	0	0	unknown	true		46	4796	284	40	12557
urn:ure:t6:occ:function:current-client:0073b420	0x0073b420	xbuild-enriched-full	true	0073b420	FUN_0073b420	undefined FUN_0073b420()	0	0	unknown	true		10	1039	67	28	2214
urn:ure:t6:occ:function:current-client:0073b4f0	0x0073b4f0	xbuild-enriched-full	true	0073b4f0	FUN_0073b4f0	undefined FUN_0073b4f0()	0	0	unknown	true		5	586	26	14	1089
urn:ure:t6:occ:function:current-client:0073b550	0x0073b550	xbuild-enriched-full	true	0073b550	FUN_0073b550	undefined FUN_0073b550()	0	0	unknown	true		2	402	22	3	874
urn:ure:t6:occ:function:current-client:0073b5a0	0x0073b5a0	xbuild-enriched-full	true	0073b5a0	FUN_0073b5a0	undefined FUN_0073b5a0()	0	0	unknown	true		19	1575	120	30	3752
urn:ure:t6:occ:function:current-client:0073b720	0x0073b720	xbuild-enriched-full	true	0073b720	FUN_0073b720	undefined FUN_0073b720()	0	0	unknown	true		6	814	45	8	1535
urn:ure:t6:occ:function:current-client:0073b7b0	0x0073b7b0	xbuild-enriched-full	true	0073b7b0	FUN_0073b7b0	undefined FUN_0073b7b0()	0	0	unknown	true		6	858	58	8	2013
urn:ure:t6:occ:function:current-client:0073b890	0x0073b890	xbuild-enriched-full	true	0073b890	FUN_0073b890	undefined FUN_0073b890()	0	0	unknown	true		8	747	41	19	1434
urn:ure:t6:occ:function:current-client:0073b920	0x0073b920	xbuild-enriched-full	true	0073b920	FUN_0073b920	undefined FUN_0073b920()	0	0	unknown	true		12	1259	83	42	2948
urn:ure:t6:occ:function:current-client:0073ba50	0x0073ba50	xbuild-enriched-full	true	0073ba50	FUN_0073ba50	undefined FUN_0073ba50()	0	0	unknown	true		18	2078	125	39	4120
urn:ure:t6:occ:function:current-client:0073bc00	0x0073bc00	xbuild-enriched-full	true	0073bc00	FUN_0073bc00	undefined FUN_0073bc00()	0	0	unknown	true		19	2348	138	33	4880
urn:ure:t6:occ:function:current-client:0073be00	0x0073be00	xbuild-enriched-full	true	0073be00	FUN_0073be00	undefined FUN_0073be00()	0	0	unknown	true		12	1025	63	42	2339
urn:ure:t6:occ:function:current-client:0073bf20	0x0073bf20	xbuild-enriched-full	true	0073bf20	FUN_0073bf20	undefined FUN_0073bf20()	0	0	unknown	true		1	147	2	1	195
urn:ure:t6:occ:function:current-client:0073bf30	0x0073bf30	xbuild-enriched-full	true	0073bf30	FUN_0073bf30	undefined FUN_0073bf30()	0	0	unknown	true		4	515	32	8	1175
urn:ure:t6:occ:function:current-client:0073bfa0	0x0073bfa0	xbuild-enriched-full	true	0073bfa0	FUN_0073bfa0	undefined FUN_0073bfa0()	0	0	unknown	true		4	379	22	7	856
urn:ure:t6:occ:function:current-client:0073bff0	0x0073bff0	xbuild-enriched-full	true	0073bff0	FUN_0073bff0	undefined FUN_0073bff0()	0	0	unknown	true		12	1256	69	31	2437
urn:ure:t6:occ:function:current-client:0073c0d0	0x0073c0d0	xbuild-enriched-full	true	0073c0d0	FUN_0073c0d0	undefined FUN_0073c0d0()	0	0	unknown	true		3	357	23	6	874
urn:ure:t6:occ:function:current-client:0073c120	0x0073c120	xbuild-enriched-full	true	0073c120	FUN_0073c120	undefined FUN_0073c120()	0	0	unknown	true		9	1016	60	25	2173
urn:ure:t6:occ:function:current-client:0073c1f0	0x0073c1f0	xbuild-enriched-full	true	0073c1f0	FUN_0073c1f0	undefined FUN_0073c1f0()	0	0	unknown	true		11	1624	85	48	3090
urn:ure:t6:occ:function:current-client:0073c330	0x0073c330	xbuild-enriched-full	true	0073c330	FUN_0073c330	undefined FUN_0073c330()	0	0	unknown	true		124	7435	519	256	18078
urn:ure:t6:occ:function:current-client:0073cad0	0x0073cad0	xbuild-enriched-full	true	0073cad0	FUN_0073cad0	undefined FUN_0073cad0()	0	0	unknown	true		11	620	39	11	1535
urn:ure:t6:occ:function:current-client:0073cb60	0x0073cb60	xbuild-enriched-full	true	0073cb60	FUN_0073cb60	undefined FUN_0073cb60()	0	0	unknown	true		3	275	22	7	760
urn:ure:t6:occ:function:current-client:0073cc00	0x0073cc00	xbuild-enriched-full	true	0073cc00	FUN_0073cc00	undefined FUN_0073cc00()	0	0	unknown	true		6	692	52	15	1579
urn:ure:t6:occ:function:current-client:0073cc90	0x0073cc90	xbuild-enriched-full	true	0073cc90	FUN_0073cc90	undefined FUN_0073cc90()	0	0	unknown	true		1	373	6	2	318
urn:ure:t6:occ:function:current-client:0073cca0	0x0073cca0	xbuild-enriched-full	true	0073cca0	FUN_0073cca0	undefined FUN_0073cca0()	0	0	unknown	true		6	740	45	15	1480
urn:ure:t6:occ:function:current-client:0073cd30	0x0073cd30	xbuild-enriched-full	true	0073cd30	FUN_0073cd30	undefined FUN_0073cd30()	0	0	unknown	true		13	2136	134	14	5272
urn:ure:t6:occ:function:current-client:0073cf40	0x0073cf40	xbuild-enriched-full	true	0073cf40	FUN_0073cf40	undefined FUN_0073cf40()	0	0	unknown	true		5	415	48	5	1641
urn:ure:t6:occ:function:current-client:0073cfc0	0x0073cfc0	xbuild-enriched-full	true	0073cfc0	FUN_0073cfc0	undefined FUN_0073cfc0()	0	0	unknown	true		4	41	50	6	2315
urn:ure:t6:occ:function:current-client:0073d0c0	0x0073d0c0	xbuild-enriched-full	true	0073d0c0	FUN_0073d0c0	undefined FUN_0073d0c0()	0	0	unknown	true		10	1440	69	20	2509
urn:ure:t6:occ:function:current-client:0073d1a0	0x0073d1a0	xbuild-enriched-full	true	0073d1a0	FUN_0073d1a0	undefined FUN_0073d1a0()	0	0	unknown	true		5	931	32	7	1259
urn:ure:t6:occ:function:current-client:0073d200	0x0073d200	xbuild-enriched-full	true	0073d200	FUN_0073d200	undefined FUN_0073d200()	0	0	unknown	true		1	154	7	1	416
urn:ure:t6:occ:function:current-client:0073d220	0x0073d220	xbuild-enriched-full	true	0073d220	FUN_0073d220	undefined FUN_0073d220()	0	0	unknown	true		31	4543	200	63	8110
urn:ure:t6:occ:function:current-client:0073d540	0x0073d540	xbuild-enriched-full	true	0073d540	FUN_0073d540	undefined FUN_0073d540()	0	0	unknown	true		14	2105	109	20	4174
urn:ure:t6:occ:function:current-client:0073d6c0	0x0073d6c0	xbuild-enriched-full	true	0073d6c0	FUN_0073d6c0	undefined FUN_0073d6c0()	0	0	unknown	true		21	3297	179	33	6842
urn:ure:t6:occ:function:current-client:0073d950	0x0073d950	xbuild-enriched-full	true	0073d950	FUN_0073d950	undefined FUN_0073d950()	0	0	unknown	true		14	1941	100	15	3894
urn:ure:t6:occ:function:current-client:0073dac0	0x0073dac0	xbuild-enriched-full	true	0073dac0	FUN_0073dac0	undefined FUN_0073dac0()	0	0	unknown	true		5	706	41	6	1443
urn:ure:t6:occ:function:current-client:0073db40	0x0073db40	xbuild-enriched-full	true	0073db40	FUN_0073db40	undefined FUN_0073db40()	0	0	unknown	true		4	699	33	4	1218
urn:ure:t6:occ:function:current-client:0073dbb0	0x0073dbb0	xbuild-enriched-full	true	0073dbb0	FUN_0073dbb0	undefined FUN_0073dbb0()	0	0	unknown	true		7	853	54	8	1909
urn:ure:t6:occ:function:current-client:0073dc50	0x0073dc50	xbuild-enriched-full	true	0073dc50	FUN_0073dc50	undefined FUN_0073dc50()	0	0	unknown	true		7	886	63	8	2194
urn:ure:t6:occ:function:current-client:0073dd10	0x0073dd10	xbuild-enriched-full	true	0073dd10	FUN_0073dd10	undefined FUN_0073dd10()	0	0	unknown	true		25	4204	185	20	7773
urn:ure:t6:occ:function:current-client:0073e010	0x0073e010	xbuild-enriched-full	true	0073e010	FUN_0073e010	undefined FUN_0073e010()	0	0	unknown	true		18	2079	115	17	4331
urn:ure:t6:occ:function:current-client:0073e1a0	0x0073e1a0	xbuild-enriched-full	true	0073e1a0	FUN_0073e1a0	undefined FUN_0073e1a0()	0	0	unknown	true		11	1410	92	15	3487
urn:ure:t6:occ:function:current-client:0073e2b0	0x0073e2b0	xbuild-enriched-full	true	0073e2b0	FUN_0073e2b0	undefined FUN_0073e2b0()	0	0	unknown	true		5	687	37	5	1401
urn:ure:t6:occ:function:current-client:0073e320	0x0073e320	xbuild-enriched-full	true	0073e320	FUN_0073e320	undefined FUN_0073e320()	0	0	unknown	true		4	668	29	4	1261
urn:ure:t6:occ:function:current-client:0073e380	0x0073e380	xbuild-enriched-full	true	0073e380	FUN_0073e380	undefined FUN_0073e380()	0	0	unknown	true		1	98	8	1	359
urn:ure:t6:occ:function:current-client:0073e3a0	0x0073e3a0	xbuild-enriched-full	true	0073e3a0	thunk_FUN_0073e380	undefined thunk_FUN_0073e380()	0	0	unknown	true		1	104	1	1	173
urn:ure:t6:occ:function:current-client:0073e3d0	0x0073e3d0	xbuild-enriched-full	true	0073e3d0	FUN_0073e3d0	undefined FUN_0073e3d0()	0	0	unknown	true		15	2980	141	28	5492
urn:ure:t6:occ:function:current-client:0073e5e0	0x0073e5e0	xbuild-enriched-full	true	0073e5e0	FUN_0073e5e0	undefined FUN_0073e5e0()	0	0	unknown	true		20	3298	137	28	5299
urn:ure:t6:occ:function:current-client:0073e7e0	0x0073e7e0	xbuild-enriched-full	true	0073e7e0	FUN_0073e7e0	undefined FUN_0073e7e0()	0	0	unknown	true		11	1759	114	8	5004
urn:ure:t6:occ:function:current-client:0073e9c0	0x0073e9c0	xbuild-enriched-full	true	0073e9c0	FUN_0073e9c0	undefined FUN_0073e9c0()	0	0	unknown	true		14	3704	158	5	7104
urn:ure:t6:occ:function:current-client:0073ec90	0x0073ec90	xbuild-enriched-full	true	0073ec90	FUN_0073ec90	undefined FUN_0073ec90()	0	0	unknown	true		35	4273	245	76	9311
urn:ure:t6:occ:function:current-client:0073f040	0x0073f040	xbuild-enriched-full	true	0073f040	FUN_0073f040	undefined FUN_0073f040()	0	0	unknown	true		19	2916	141	21	5747
urn:ure:t6:occ:function:current-client:0073f280	0x0073f280	xbuild-enriched-full	true	0073f280	FUN_0073f280	undefined FUN_0073f280()	0	0	unknown	true		32	4439	221	30	8800
urn:ure:t6:occ:function:current-client:0073f5e0	0x0073f5e0	xbuild-enriched-full	true	0073f5e0	FUN_0073f5e0	undefined FUN_0073f5e0()	0	0	unknown	true		11	1032	103	15	3068
urn:ure:t6:occ:function:current-client:0073f6d0	0x0073f6d0	xbuild-enriched-full	true	0073f6d0	FUN_0073f6d0	undefined FUN_0073f6d0()	0	0	unknown	true		18	2581	173	25	5663
urn:ure:t6:occ:function:current-client:0073f870	0x0073f870	xbuild-enriched-full	true	0073f870	FUN_0073f870	undefined FUN_0073f870()	0	0	unknown	true		5	627	54	3	1731
urn:ure:t6:occ:function:current-client:0073f8e0	0x0073f8e0	xbuild-enriched-full	true	0073f8e0	FUN_0073f8e0	undefined FUN_0073f8e0()	0	0	unknown	true		4	591	37	8	1256
urn:ure:t6:occ:function:current-client:0073f940	0x0073f940	xbuild-enriched-full	true	0073f940	FUN_0073f940	undefined FUN_0073f940()	0	0	unknown	true		1	234	15	0	866
urn:ure:t6:occ:function:current-client:0073f990	0x0073f990	xbuild-enriched-full	true	0073f990	FUN_0073f990	undefined FUN_0073f990()	0	0	unknown	true		1	132	9	1	422
urn:ure:t6:occ:function:current-client:0073f9b0	0x0073f9b0	xbuild-enriched-full	true	0073f9b0	FUN_0073f9b0	undefined FUN_0073f9b0()	0	0	unknown	true		3	393	24	1	1001
urn:ure:t6:occ:function:current-client:0073fa00	0x0073fa00	xbuild-enriched-full	true	0073fa00	FUN_0073fa00	undefined FUN_0073fa00()	0	0	unknown	true		11	1643	102	9	3506
urn:ure:t6:occ:function:current-client:0073fde0	0x0073fde0	xbuild-enriched-full	true	0073fde0	FUN_0073fde0	undefined FUN_0073fde0()	0	0	unknown	true		10	1492	87	16	3017
urn:ure:t6:occ:function:current-client:0073fee0	0x0073fee0	xbuild-enriched-full	true	0073fee0	FUN_0073fee0	undefined FUN_0073fee0()	0	0	unknown	true		5	789	37	11	1243
urn:ure:t6:occ:function:current-client:0073ff40	0x0073ff40	xbuild-enriched-full	true	0073ff40	FUN_0073ff40	undefined FUN_0073ff40()	0	0	unknown	true		3	472	20	7	802
urn:ure:t6:occ:function:current-client:0073ff90	0x0073ff90	xbuild-enriched-full	true	0073ff90	FUN_0073ff90	undefined FUN_0073ff90()	0	0	unknown	true		3	221	23	3	780
urn:ure:t6:occ:function:current-client:0073ffd0	0x0073ffd0	xbuild-enriched-full	true	0073ffd0	FUN_0073ffd0	undefined FUN_0073ffd0()	0	0	unknown	true		11	1018	105	15	3151
urn:ure:t6:occ:function:current-client:007400c0	0x007400c0	xbuild-enriched-full	true	007400c0	FUN_007400c0	undefined FUN_007400c0()	0	0	unknown	true		17	2958	218	16	7547
urn:ure:t6:occ:function:current-client:007402d0	0x007402d0	xbuild-enriched-full	true	007402d0	FUN_007402d0	undefined FUN_007402d0()	0	0	unknown	true		7	966	63	8	2186
urn:ure:t6:occ:function:current-client:00740370	0x00740370	xbuild-enriched-full	true	00740370	FUN_00740370	undefined FUN_00740370()	0	0	unknown	true		4	423	35	3	1164
urn:ure:t6:occ:function:current-client:007403c0	0x007403c0	xbuild-enriched-full	true	007403c0	FUN_007403c0	undefined FUN_007403c0()	0	0	unknown	true		7	741	61	7	1953
urn:ure:t6:occ:function:current-client:00740450	0x00740450	xbuild-enriched-full	true	00740450	FUN_00740450	undefined FUN_00740450()	0	0	unknown	true		7	1122	68	8	2410
urn:ure:t6:occ:function:current-client:00740500	0x00740500	xbuild-enriched-full	true	00740500	FUN_00740500	undefined FUN_00740500()	0	0	unknown	true		16	2029	118	10	4916
urn:ure:t6:occ:function:current-client:007406f0	0x007406f0	xbuild-enriched-full	true	007406f0	FUN_007406f0	undefined FUN_007406f0()	0	0	unknown	true		4	217	12	1	509
urn:ure:t6:occ:function:current-client:00740710	0x00740710	xbuild-enriched-full	true	00740710	FUN_00740710	undefined FUN_00740710()	0	0	unknown	true		4	765	40	3	1567
urn:ure:t6:occ:function:current-client:00740790	0x00740790	xbuild-enriched-full	true	00740790	FUN_00740790	undefined FUN_00740790()	0	0	unknown	true		3	462	21	11	924
urn:ure:t6:occ:function:current-client:007407f0	0x007407f0	xbuild-enriched-full	true	007407f0	FUN_007407f0	undefined FUN_007407f0()	0	0	unknown	true		8	1187	44	29	1991
urn:ure:t6:occ:function:current-client:007408e0	0x007408e0	xbuild-enriched-full	true	007408e0	FUN_007408e0	undefined FUN_007408e0()	0	0	unknown	true		20	2192	83	31	3718
urn:ure:t6:occ:function:current-client:00740a60	0x00740a60	xbuild-enriched-full	true	00740a60	FUN_00740a60	undefined FUN_00740a60()	0	0	unknown	true		3	540	17	13	1003
urn:ure:t6:occ:function:current-client:00740ad0	0x00740ad0	xbuild-enriched-full	true	00740ad0	FUN_00740ad0	undefined FUN_00740ad0()	0	0	unknown	true		20	3033	107	39	4725
urn:ure:t6:occ:function:current-client:00740ca0	0x00740ca0	xbuild-enriched-full	true	00740ca0	FUN_00740ca0	undefined FUN_00740ca0()	0	0	unknown	true		18	2507	83	24	3812
urn:ure:t6:occ:function:current-client:00740e20	0x00740e20	xbuild-enriched-full	true	00740e20	FUN_00740e20	undefined FUN_00740e20()	0	0	unknown	true		20	2466	84	23	3857
urn:ure:t6:occ:function:current-client:00740fa0	0x00740fa0	xbuild-enriched-full	true	00740fa0	FUN_00740fa0	undefined FUN_00740fa0()	0	0	unknown	true		20	2474	81	24	3770
urn:ure:t6:occ:function:current-client:00741110	0x00741110	xbuild-enriched-full	true	00741110	FUN_00741110	undefined FUN_00741110()	0	0	unknown	true		18	2645	99	48	4830
urn:ure:t6:occ:function:current-client:00741310	0x00741310	xbuild-enriched-full	true	00741310	FUN_00741310	undefined FUN_00741310()	0	0	unknown	true		9	526	52	20	2213
urn:ure:t6:occ:function:current-client:00741400	0x00741400	xbuild-enriched-full	true	00741400	FUN_00741400	undefined FUN_00741400()	0	0	unknown	true		9	634	55	19	2369
urn:ure:t6:occ:function:current-client:007414f0	0x007414f0	xbuild-enriched-full	true	007414f0	FUN_007414f0	undefined FUN_007414f0()	0	0	unknown	true		6	606	50	15	2017
urn:ure:t6:occ:function:current-client:007415c0	0x007415c0	xbuild-enriched-full	true	007415c0	FUN_007415c0	undefined FUN_007415c0()	0	0	unknown	true		5	479	38	13	1587
urn:ure:t6:occ:function:current-client:00741660	0x00741660	xbuild-enriched-full	true	00741660	FUN_00741660	undefined FUN_00741660()	0	0	unknown	true		16	1397	109	30	4443
urn:ure:t6:occ:function:current-client:00741840	0x00741840	xbuild-enriched-full	true	00741840	FUN_00741840	undefined FUN_00741840()	0	0	unknown	true		7	1054	68	4	2594
urn:ure:t6:occ:function:current-client:00741910	0x00741910	xbuild-enriched-full	true	00741910	FUN_00741910	undefined FUN_00741910()	0	0	unknown	true		21	1951	122	35	4965
urn:ure:t6:occ:function:current-client:00741ba0	0x00741ba0	xbuild-enriched-full	true	00741ba0	FUN_00741ba0	undefined FUN_00741ba0()	0	0	unknown	true		3	437	34	1	1559
urn:ure:t6:occ:function:current-client:00741c20	0x00741c20	xbuild-enriched-full	true	00741c20	FUN_00741c20	undefined FUN_00741c20()	0	0	unknown	true		24	3672	165	51	7615
urn:ure:t6:occ:function:current-client:00741f30	0x00741f30	xbuild-enriched-full	true	00741f30	FUN_00741f30	undefined FUN_00741f30()	0	0	unknown	true		25	3764	155	50	7062
urn:ure:t6:occ:function:current-client:00742200	0x00742200	xbuild-enriched-full	true	00742200	FUN_00742200	undefined FUN_00742200()	0	0	unknown	true		17	2805	89	48	4330
urn:ure:t6:occ:function:current-client:00742640	0x00742640	xbuild-enriched-full	true	00742640	FUN_00742640	undefined FUN_00742640()	0	0	unknown	true		5	806	42	10	1612
urn:ure:t6:occ:function:current-client:007426d0	0x007426d0	xbuild-enriched-full	true	007426d0	FUN_007426d0	undefined FUN_007426d0()	0	0	unknown	true		32	4806	173	81	7864
urn:ure:t6:occ:function:current-client:00742a00	0x00742a00	xbuild-enriched-full	true	00742a00	FUN_00742a00	undefined FUN_00742a00()	0	0	unknown	true		12	1079	86	21	3192
urn:ure:t6:occ:function:current-client:00742b30	0x00742b30	xbuild-enriched-full	true	00742b30	FUN_00742b30	undefined FUN_00742b30()	0	0	unknown	true		6	738	56	12	1959
urn:ure:t6:occ:function:current-client:00742bd0	0x00742bd0	xbuild-enriched-full	true	00742bd0	FUN_00742bd0	undefined FUN_00742bd0()	0	0	unknown	true		3	358	24	1	1079
urn:ure:t6:occ:function:current-client:00742c20	0x00742c20	xbuild-enriched-full	true	00742c20	FUN_00742c20	undefined FUN_00742c20()	0	0	unknown	true		3	718	28	19	1446
urn:ure:t6:occ:function:current-client:007430e0	0x007430e0	xbuild-enriched-full	true	007430e0	FUN_007430e0	undefined FUN_007430e0()	0	0	unknown	true		12	1446	134	15	4616
urn:ure:t6:occ:function:current-client:00743260	0x00743260	xbuild-enriched-full	true	00743260	FUN_00743260	undefined FUN_00743260()	0	0	unknown	true		12	1483	126	14	4534
urn:ure:t6:occ:function:current-client:007433e0	0x007433e0	xbuild-enriched-full	true	007433e0	FUN_007433e0	undefined FUN_007433e0()	0	0	unknown	true		18	2171	155	25	5865
urn:ure:t6:occ:function:current-client:007435d0	0x007435d0	xbuild-enriched-full	true	007435d0	FUN_007435d0	undefined FUN_007435d0()	0	0	unknown	true		5	777	25	4	1214
urn:ure:t6:occ:function:current-client:00743650	0x00743650	xbuild-enriched-full	true	00743650	FUN_00743650	undefined FUN_00743650()	0	0	unknown	true		6	994	47	5	1931
urn:ure:t6:occ:function:current-client:00743700	0x00743700	xbuild-enriched-full	true	00743700	FUN_00743700	undefined FUN_00743700()	0	0	unknown	true		13	1520	99	16	4174
urn:ure:t6:occ:function:current-client:007438a0	0x007438a0	xbuild-enriched-full	true	007438a0	FUN_007438a0	undefined FUN_007438a0()	0	0	unknown	true		18	1927	138	25	5267
urn:ure:t6:occ:function:current-client:00743a70	0x00743a70	xbuild-enriched-full	true	00743a70	FUN_00743a70	undefined FUN_00743a70()	0	0	unknown	true		14	1483	106	19	4091
urn:ure:t6:occ:function:current-client:00743c90	0x00743c90	xbuild-enriched-full	true	00743c90	FUN_00743c90	undefined FUN_00743c90()	0	0	unknown	true		18	2320	125	33	4808
urn:ure:t6:occ:function:current-client:00743e80	0x00743e80	xbuild-enriched-full	true	00743e80	FUN_00743e80	undefined FUN_00743e80()	0	0	unknown	true		23	3473	142	43	6221
urn:ure:t6:occ:function:current-client:007440f0	0x007440f0	xbuild-enriched-full	true	007440f0	FUN_007440f0	undefined FUN_007440f0()	0	0	unknown	true		31	4401	198	47	8772
urn:ure:t6:occ:function:current-client:00744490	0x00744490	xbuild-enriched-full	true	00744490	FUN_00744490	undefined FUN_00744490()	0	0	unknown	true		3	258	22	3	828
urn:ure:t6:occ:function:current-client:007444d0	0x007444d0	xbuild-enriched-full	true	007444d0	FUN_007444d0	undefined FUN_007444d0()	0	0	unknown	true		28	3783	168	50	7296
urn:ure:t6:occ:function:current-client:007447b0	0x007447b0	xbuild-enriched-full	true	007447b0	FUN_007447b0	undefined FUN_007447b0()	0	0	unknown	true		41	5551	295	55	13364
urn:ure:t6:occ:function:current-client:00744d40	0x00744d40	xbuild-enriched-full	true	00744d40	FUN_00744d40	undefined FUN_00744d40()	0	0	unknown	true		4	345	36	3	1246
urn:ure:t6:occ:function:current-client:00744da0	0x00744da0	xbuild-enriched-full	true	00744da0	FUN_00744da0	undefined FUN_00744da0()	0	0	unknown	true		29	2965	115	37	4877
urn:ure:t6:occ:function:current-client:00744f80	0x00744f80	xbuild-enriched-full	true	00744f80	FUN_00744f80	undefined FUN_00744f80()	0	0	unknown	true		50	7093	278	95	11627
urn:ure:t6:occ:function:current-client:007453e0	0x007453e0	xbuild-enriched-full	true	007453e0	FUN_007453e0	undefined FUN_007453e0()	0	0	unknown	true		42	6233	252	79	10625
urn:ure:t6:occ:function:current-client:007457d0	0x007457d0	xbuild-enriched-full	true	007457d0	FUN_007457d0	undefined FUN_007457d0()	0	0	unknown	true		36	4906	192	74	8237
urn:ure:t6:occ:function:current-client:00745b10	0x00745b10	xbuild-enriched-full	true	00745b10	FUN_00745b10	undefined FUN_00745b10()	0	0	unknown	true		5	500	43	1	1468
urn:ure:t6:occ:function:current-client:00745d30	0x00745d30	xbuild-enriched-full	true	00745d30	FUN_00745d30	undefined FUN_00745d30()	0	0	unknown	true		6	599	42	13	1603
urn:ure:t6:occ:function:current-client:00745dc0	0x00745dc0	xbuild-enriched-full	true	00745dc0	FUN_00745dc0	undefined FUN_00745dc0()	0	0	unknown	true		20	2141	163	15	5831
urn:ure:t6:occ:function:current-client:00745fa0	0x00745fa0	xbuild-enriched-full	true	00745fa0	FUN_00745fa0	undefined FUN_00745fa0()	0	0	unknown	true		4	523	28	7	992
urn:ure:t6:occ:function:current-client:00745ff0	0x00745ff0	xbuild-enriched-full	true	00745ff0	FUN_00745ff0	undefined FUN_00745ff0()	0	0	unknown	true		17	1744	168	28	6797
urn:ure:t6:occ:function:current-client:007462a0	0x007462a0	xbuild-enriched-full	true	007462a0	FUN_007462a0	undefined FUN_007462a0()	0	0	unknown	true		9	1147	71	7	3116
urn:ure:t6:occ:function:current-client:007463e0	0x007463e0	xbuild-enriched-full	true	007463e0	FUN_007463e0	undefined FUN_007463e0()	0	0	unknown	true		3	421	27	1	1472
urn:ure:t6:occ:function:current-client:00746470	0x00746470	xbuild-enriched-full	true	00746470	FUN_00746470	undefined FUN_00746470()	0	0	unknown	true		8	1138	78	14	3168
urn:ure:t6:occ:function:current-client:007465a0	0x007465a0	xbuild-enriched-full	true	007465a0	FUN_007465a0	undefined FUN_007465a0()	0	0	unknown	true		6	892	72	8	2544
urn:ure:t6:occ:function:current-client:00746670	0x00746670	xbuild-enriched-full	true	00746670	FUN_00746670	undefined FUN_00746670()	0	0	unknown	true		5	906	63	6	2210
urn:ure:t6:occ:function:current-client:00746720	0x00746720	xbuild-enriched-full	true	00746720	FUN_00746720	undefined FUN_00746720()	0	0	unknown	true		6	900	64	7	2216
urn:ure:t6:occ:function:current-client:007467d0	0x007467d0	xbuild-enriched-full	true	007467d0	FUN_007467d0	undefined FUN_007467d0()	0	0	unknown	true		11	1398	110	11	3781
urn:ure:t6:occ:function:current-client:00746910	0x00746910	xbuild-enriched-full	true	00746910	FUN_00746910	undefined FUN_00746910()	0	0	unknown	true		6	1023	68	3	2344
urn:ure:t6:occ:function:current-client:007469e0	0x007469e0	xbuild-enriched-full	true	007469e0	FUN_007469e0	undefined FUN_007469e0()	0	0	unknown	true		11	1534	107	15	4030
urn:ure:t6:occ:function:current-client:00746b40	0x00746b40	xbuild-enriched-full	true	00746b40	FUN_00746b40	undefined FUN_00746b40()	0	0	unknown	true		6	740	54	12	2198
urn:ure:t6:occ:function:current-client:00746c20	0x00746c20	xbuild-enriched-full	true	00746c20	FUN_00746c20	undefined FUN_00746c20()	0	0	unknown	true		6	787	59	8	2142
urn:ure:t6:occ:function:current-client:00746ce0	0x00746ce0	xbuild-enriched-full	true	00746ce0	FUN_00746ce0	undefined FUN_00746ce0()	0	0	unknown	true		4	676	36	5	1769
urn:ure:t6:occ:function:current-client:00746d90	0x00746d90	xbuild-enriched-full	true	00746d90	FUN_00746d90	undefined FUN_00746d90()	0	0	unknown	true		491	26276	1509	265	59855
urn:ure:t6:occ:function:current-client:00748530	0x00748530	xbuild-enriched-full	true	00748530	FUN_00748530	undefined FUN_00748530()	0	0	unknown	true		83	7602	551	90	22231
urn:ure:t6:occ:function:current-client:00748e30	0x00748e30	xbuild-enriched-full	true	00748e30	FUN_00748e30	undefined FUN_00748e30()	0	0	unknown	true		19	3423	107	48	5328
urn:ure:t6:occ:function:current-client:00749060	0x00749060	xbuild-enriched-full	true	00749060	FUN_00749060	undefined FUN_00749060()	0	0	unknown	true		16	1942	145	19	5834
urn:ure:t6:occ:function:current-client:007492a0	0x007492a0	xbuild-enriched-full	true	007492a0	FUN_007492a0	undefined FUN_007492a0()	0	0	unknown	true		10	2105	122	5	4740
urn:ure:t6:occ:function:current-client:00749420	0x00749420	xbuild-enriched-full	true	00749420	FUN_00749420	undefined FUN_00749420()	0	0	unknown	true		2	268	22	1	827
urn:ure:t6:occ:function:current-client:00749460	0x00749460	xbuild-enriched-full	true	00749460	FUN_00749460	undefined FUN_00749460()	0	0	unknown	true		3	494	30	12	1138
urn:ure:t6:occ:function:current-client:007494c0	0x007494c0	xbuild-enriched-full	true	007494c0	FUN_007494c0	undefined FUN_007494c0()	0	0	unknown	true		147	8002	517	271	17964
urn:ure:t6:occ:function:current-client:00749c50	0x00749c50	xbuild-enriched-full	true	00749c50	FUN_00749c50	undefined FUN_00749c50()	0	0	unknown	true		41	2313	189	73	6006
urn:ure:t6:occ:function:current-client:00749e80	0x00749e80	xbuild-enriched-full	true	00749e80	FUN_00749e80	undefined FUN_00749e80()	0	0	unknown	true		4	413	21	13	843
urn:ure:t6:occ:function:current-client:00749ed0	0x00749ed0	xbuild-enriched-full	true	00749ed0	FUN_00749ed0	undefined FUN_00749ed0()	0	0	unknown	true		8	1154	57	24	2053
urn:ure:t6:occ:function:current-client:00749f80	0x00749f80	xbuild-enriched-full	true	00749f80	FUN_00749f80	undefined FUN_00749f80()	0	0	unknown	true		11	1422	87	26	3015
urn:ure:t6:occ:function:current-client:0074a0b0	0x0074a0b0	xbuild-enriched-full	true	0074a0b0	FUN_0074a0b0	undefined FUN_0074a0b0()	0	0	unknown	true		27	2086	205	68	9562
urn:ure:t6:occ:function:current-client:0074a4d0	0x0074a4d0	xbuild-enriched-full	true	0074a4d0	FUN_0074a4d0	undefined FUN_0074a4d0()	0	0	unknown	true		26	2096	138	77	5436
urn:ure:t6:occ:function:current-client:0074a720	0x0074a720	xbuild-enriched-full	true	0074a720	FUN_0074a720	undefined FUN_0074a720()	0	0	unknown	true		6	810	45	25	1658
urn:ure:t6:occ:function:current-client:0074a7d0	0x0074a7d0	xbuild-enriched-full	true	0074a7d0	FUN_0074a7d0	undefined FUN_0074a7d0()	0	0	unknown	true		6	1064	70	14	2360
urn:ure:t6:occ:function:current-client:0074a880	0x0074a880	xbuild-enriched-full	true	0074a880	FUN_0074a880	undefined FUN_0074a880()	0	0	unknown	true		19	2295	140	66	4947
urn:ure:t6:occ:function:current-client:0074aa60	0x0074aa60	xbuild-enriched-full	true	0074aa60	FUN_0074aa60	undefined FUN_0074aa60()	0	0	unknown	true		5	1023	40	49	2310
urn:ure:t6:occ:function:current-client:0074ab80	0x0074ab80	xbuild-enriched-full	true	0074ab80	FUN_0074ab80	undefined FUN_0074ab80()	0	0	unknown	true		15	2476	89	95	4548
urn:ure:t6:occ:function:current-client:0074adc0	0x0074adc0	xbuild-enriched-full	true	0074adc0	FUN_0074adc0	undefined FUN_0074adc0()	0	0	unknown	true		19	1654	118	45	5111
urn:ure:t6:occ:function:current-client:0074afe0	0x0074afe0	xbuild-enriched-full	true	0074afe0	FUN_0074afe0	undefined FUN_0074afe0()	0	0	unknown	true		17	1494	112	38	4908
urn:ure:t6:occ:function:current-client:0074b1e0	0x0074b1e0	xbuild-enriched-full	true	0074b1e0	FUN_0074b1e0	undefined FUN_0074b1e0()	0	0	unknown	true		9	926	75	27	2780
urn:ure:t6:occ:function:current-client:0074b2e0	0x0074b2e0	xbuild-enriched-full	true	0074b2e0	FUN_0074b2e0	undefined FUN_0074b2e0()	0	0	unknown	true		200	13860	900	174	35358
urn:ure:t6:occ:function:current-client:0074c110	0x0074c110	xbuild-enriched-full	true	0074c110	FUN_0074c110	undefined FUN_0074c110()	0	0	unknown	true		10	664	33	5	1346
urn:ure:t6:occ:function:current-client:0074c190	0x0074c190	xbuild-enriched-full	true	0074c190	FUN_0074c190	undefined FUN_0074c190()	0	0	unknown	true		2	298	14	3	709
urn:ure:t6:occ:function:current-client:0074c1d0	0x0074c1d0	xbuild-enriched-full	true	0074c1d0	FUN_0074c1d0	undefined FUN_0074c1d0()	0	0	unknown	true		2	282	13	2	649
urn:ure:t6:occ:function:current-client:0074c200	0x0074c200	xbuild-enriched-full	true	0074c200	FUN_0074c200	undefined FUN_0074c200()	0	0	unknown	true		2	224	14	4	574
urn:ure:t6:occ:function:current-client:0074c240	0x0074c240	xbuild-enriched-full	true	0074c240	FUN_0074c240	undefined FUN_0074c240()	0	0	unknown	true		6	1566	40	2	2311
urn:ure:t6:occ:function:current-client:0074c330	0x0074c330	xbuild-enriched-full	true	0074c330	FUN_0074c330	undefined FUN_0074c330()	0	0	unknown	true		8	731	38	18	2221
urn:ure:t6:occ:function:current-client:0074c420	0x0074c420	xbuild-enriched-full	true	0074c420	FUN_0074c420	undefined FUN_0074c420()	0	0	unknown	true		7	1209	48	5	1745
urn:ure:t6:occ:function:current-client:0074c4c0	0x0074c4c0	xbuild-enriched-full	true	0074c4c0	FUN_0074c4c0	undefined FUN_0074c4c0()	0	0	unknown	true		4	562	31	8	1504
urn:ure:t6:occ:function:current-client:0074c560	0x0074c560	xbuild-enriched-full	true	0074c560	FUN_0074c560	undefined FUN_0074c560()	0	0	unknown	true		1	125	4	1	328
urn:ure:t6:occ:function:current-client:0074c580	0x0074c580	xbuild-enriched-full	true	0074c580	FUN_0074c580	undefined FUN_0074c580()	0	0	unknown	true		2	260	11	1	583
urn:ure:t6:occ:function:current-client:0074c5b0	0x0074c5b0	xbuild-enriched-full	true	0074c5b0	FUN_0074c5b0	undefined FUN_0074c5b0()	0	0	unknown	true		9	2900	105	4	5289
urn:ure:t6:occ:function:current-client:0074c7c0	0x0074c7c0	xbuild-enriched-full	true	0074c7c0	FUN_0074c7c0	undefined FUN_0074c7c0()	0	0	unknown	true		2	412	10	2	434
urn:ure:t6:occ:function:current-client:0074c7e0	0x0074c7e0	xbuild-enriched-full	true	0074c7e0	FUN_0074c7e0	undefined FUN_0074c7e0()	0	0	unknown	true		5	956	53	10	2102
urn:ure:t6:occ:function:current-client:0074c8b0	0x0074c8b0	xbuild-enriched-full	true	0074c8b0	FUN_0074c8b0	undefined FUN_0074c8b0()	0	0	unknown	true		10	1707	85	15	3397
urn:ure:t6:occ:function:current-client:0074c9f0	0x0074c9f0	xbuild-enriched-full	true	0074c9f0	FUN_0074c9f0	undefined FUN_0074c9f0()	0	0	unknown	true		2	197	8	2	460
urn:ure:t6:occ:function:current-client:0074ca10	0x0074ca10	xbuild-enriched-full	true	0074ca10	FUN_0074ca10	undefined FUN_0074ca10()	0	0	unknown	true		2	294	21	3	786
urn:ure:t6:occ:function:current-client:0074ca50	0x0074ca50	xbuild-enriched-full	true	0074ca50	FUN_0074ca50	undefined FUN_0074ca50()	0	0	unknown	true		4	561	34	7	1297
urn:ure:t6:occ:function:current-client:0074cad0	0x0074cad0	xbuild-enriched-full	true	0074cad0	FUN_0074cad0	undefined FUN_0074cad0()	0	0	unknown	true		3	565	31	3	1247
urn:ure:t6:occ:function:current-client:0074cb40	0x0074cb40	xbuild-enriched-full	true	0074cb40	FUN_0074cb40	undefined FUN_0074cb40()	0	0	unknown	true		3	566	30	3	1231
urn:ure:t6:occ:function:current-client:0074cbb0	0x0074cbb0	xbuild-enriched-full	true	0074cbb0	FUN_0074cbb0	undefined FUN_0074cbb0()	0	0	unknown	true		2	230	14	4	580
urn:ure:t6:occ:function:current-client:0074cbe0	0x0074cbe0	xbuild-enriched-full	true	0074cbe0	FUN_0074cbe0	undefined FUN_0074cbe0()	0	0	unknown	true		2	305	18	5	719
urn:ure:t6:occ:function:current-client:0074cc20	0x0074cc20	xbuild-enriched-full	true	0074cc20	FUN_0074cc20	undefined FUN_0074cc20()	0	0	unknown	true		4	582	36	7	1422
urn:ure:t6:occ:function:current-client:0074ccb0	0x0074ccb0	xbuild-enriched-full	true	0074ccb0	FUN_0074ccb0	undefined FUN_0074ccb0()	0	0	unknown	true		3	487	23	6	906
urn:ure:t6:occ:function:current-client:0074cd00	0x0074cd00	xbuild-enriched-full	true	0074cd00	FUN_0074cd00	undefined FUN_0074cd00()	0	0	unknown	true		4	493	26	7	976
urn:ure:t6:occ:function:current-client:0074cd50	0x0074cd50	xbuild-enriched-full	true	0074cd50	FUN_0074cd50	undefined FUN_0074cd50()	0	0	unknown	true		3	471	21	11	845
urn:ure:t6:occ:function:current-client:0074cdb0	0x0074cdb0	xbuild-enriched-full	true	0074cdb0	FUN_0074cdb0	undefined FUN_0074cdb0()	0	0	unknown	true		30	4557	219	44	8573
urn:ure:t6:occ:function:current-client:0074d120	0x0074d120	xbuild-enriched-full	true	0074d120	FUN_0074d120	undefined FUN_0074d120()	0	0	unknown	true		12	2467	123	14	4926
urn:ure:t6:occ:function:current-client:0074d2c0	0x0074d2c0	xbuild-enriched-full	true	0074d2c0	FUN_0074d2c0	undefined FUN_0074d2c0()	0	0	unknown	true		14	1852	122	15	4444
urn:ure:t6:occ:function:current-client:0074d440	0x0074d440	xbuild-enriched-full	true	0074d440	FUN_0074d440	undefined FUN_0074d440()	0	0	unknown	true		12	1418	87	12	3235
urn:ure:t6:occ:function:current-client:0074d560	0x0074d560	xbuild-enriched-full	true	0074d560	FUN_0074d560	undefined FUN_0074d560()	0	0	unknown	true		8	1305	109	10	3729
urn:ure:t6:occ:function:current-client:0074d6b0	0x0074d6b0	xbuild-enriched-full	true	0074d6b0	FUN_0074d6b0	undefined FUN_0074d6b0()	0	0	unknown	true		11	2022	112	14	4199
urn:ure:t6:occ:function:current-client:0074d830	0x0074d830	xbuild-enriched-full	true	0074d830	FUN_0074d830	undefined FUN_0074d830()	0	0	unknown	true		3	706	36	5	1340
urn:ure:t6:occ:function:current-client:0074d8b0	0x0074d8b0	xbuild-enriched-full	true	0074d8b0	FUN_0074d8b0	undefined FUN_0074d8b0()	0	0	unknown	true		9	1652	96	21	3350
urn:ure:t6:occ:function:current-client:0074d9e0	0x0074d9e0	xbuild-enriched-full	true	0074d9e0	FUN_0074d9e0	undefined FUN_0074d9e0()	0	0	unknown	true		5	774	43	8	1950
urn:ure:t6:occ:function:current-client:0074da90	0x0074da90	xbuild-enriched-full	true	0074da90	FUN_0074da90	undefined FUN_0074da90()	0	0	unknown	true		34	5038	290	45	11610
urn:ure:t6:occ:function:current-client:0074dec0	0x0074dec0	xbuild-enriched-full	true	0074dec0	FUN_0074dec0	undefined FUN_0074dec0()	0	0	unknown	true		8	822	64	21	2448
urn:ure:t6:occ:function:current-client:0074dfa0	0x0074dfa0	xbuild-enriched-full	true	0074dfa0	FUN_0074dfa0	undefined FUN_0074dfa0()	0	0	unknown	true		3	375	30	24	1284
urn:ure:t6:occ:function:current-client:0074e030	0x0074e030	xbuild-enriched-full	true	0074e030	FUN_0074e030	undefined FUN_0074e030()	0	0	unknown	true		25	3766	193	29	8013
urn:ure:t6:occ:function:current-client:0074e350	0x0074e350	xbuild-enriched-full	true	0074e350	FUN_0074e350	undefined FUN_0074e350()	0	0	unknown	true		27	3863	189	34	7604
urn:ure:t6:occ:function:current-client:0074e830	0x0074e830	xbuild-enriched-full	true	0074e830	FUN_0074e830	undefined FUN_0074e830()	0	0	unknown	true		5	1047	51	4	2281
urn:ure:t6:occ:function:current-client:0074e910	0x0074e910	xbuild-enriched-full	true	0074e910	FUN_0074e910	undefined FUN_0074e910()	0	0	unknown	true		10	1309	77	21	2900
urn:ure:t6:occ:function:current-client:0074ea30	0x0074ea30	xbuild-enriched-full	true	0074ea30	FUN_0074ea30	undefined FUN_0074ea30()	0	0	unknown	true		14	1569	153	40	6019
urn:ure:t6:occ:function:current-client:0074ee70	0x0074ee70	xbuild-enriched-full	true	0074ee70	FUN_0074ee70	undefined FUN_0074ee70()	0	0	unknown	true		3	610	27	14	1079
urn:ure:t6:occ:function:current-client:0074eed0	0x0074eed0	xbuild-enriched-full	true	0074eed0	FUN_0074eed0	undefined FUN_0074eed0()	0	0	unknown	true		4	705	36	11	1456
urn:ure:t6:occ:function:current-client:0074ef50	0x0074ef50	xbuild-enriched-full	true	0074ef50	FUN_0074ef50	undefined FUN_0074ef50()	0	0	unknown	true		3	571	28	7	978
urn:ure:t6:occ:function:current-client:0074efa0	0x0074efa0	xbuild-enriched-full	true	0074efa0	FUN_0074efa0	undefined FUN_0074efa0()	0	0	unknown	true		14	1874	128	31	4894
urn:ure:t6:occ:function:current-client:0074f170	0x0074f170	xbuild-enriched-full	true	0074f170	FUN_0074f170	undefined FUN_0074f170()	0	0	unknown	true		7	1142	67	6	2720
urn:ure:t6:occ:function:current-client:0074f260	0x0074f260	xbuild-enriched-full	true	0074f260	FUN_0074f260	undefined FUN_0074f260()	0	0	unknown	true		8	1382	70	8	2810
urn:ure:t6:occ:function:current-client:0074f370	0x0074f370	xbuild-enriched-full	true	0074f370	FUN_0074f370	undefined FUN_0074f370()	0	0	unknown	true		20	3406	213	41	6693
urn:ure:t6:occ:function:current-client:0074f5b0	0x0074f5b0	xbuild-enriched-full	true	0074f5b0	FUN_0074f5b0	undefined FUN_0074f5b0()	0	0	unknown	true		3	604	25	9	912
urn:ure:t6:occ:function:current-client:0074f5f0	0x0074f5f0	xbuild-enriched-full	true	0074f5f0	FUN_0074f5f0	undefined FUN_0074f5f0()	0	0	unknown	true		5	667	33	11	1198
urn:ure:t6:occ:function:current-client:0074f660	0x0074f660	xbuild-enriched-full	true	0074f660	FUN_0074f660	undefined FUN_0074f660()	0	0	unknown	true		18	2467	178	24	6139
urn:ure:t6:occ:function:current-client:0074f870	0x0074f870	xbuild-enriched-full	true	0074f870	FUN_0074f870	undefined FUN_0074f870()	0	0	unknown	true		1	95	8	1	358
urn:ure:t6:occ:function:current-client:0074f890	0x0074f890	xbuild-enriched-full	true	0074f890	FUN_0074f890	undefined FUN_0074f890()	0	0	unknown	true		1	80	5	1	287
urn:ure:t6:occ:function:current-client:0074f8a0	0x0074f8a0	xbuild-enriched-full	true	0074f8a0	thunk_FUN_0074f890	undefined thunk_FUN_0074f890()	0	0	unknown	true		1	86	1	1	173
urn:ure:t6:occ:function:current-client:0074f8b0	0x0074f8b0	xbuild-enriched-full	true	0074f8b0	FUN_0074f8b0	undefined FUN_0074f8b0()	0	0	unknown	true		6	554	44	25	1529
urn:ure:t6:occ:function:current-client:0074f960	0x0074f960	xbuild-enriched-full	true	0074f960	FUN_0074f960	undefined FUN_0074f960()	0	0	unknown	true		7	949	75	36	2520
urn:ure:t6:occ:function:current-client:0074fa60	0x0074fa60	xbuild-enriched-full	true	0074fa60	FUN_0074fa60	undefined FUN_0074fa60()	0	0	unknown	true		4	493	22	14	936
urn:ure:t6:occ:function:current-client:0074fac0	0x0074fac0	xbuild-enriched-full	true	0074fac0	FUN_0074fac0	undefined FUN_0074fac0()	0	0	unknown	true		13	2477	114	5	5004
urn:ure:t6:occ:function:current-client:0074fc60	0x0074fc60	xbuild-enriched-full	true	0074fc60	FUN_0074fc60	undefined FUN_0074fc60()	0	0	unknown	true		4	957	40	3	2050
urn:ure:t6:occ:function:current-client:0074fd20	0x0074fd20	xbuild-enriched-full	true	0074fd20	FUN_0074fd20	undefined FUN_0074fd20()	0	0	unknown	true		4	556	31	16	1083
urn:ure:t6:occ:function:current-client:0074fd90	0x0074fd90	xbuild-enriched-full	true	0074fd90	FUN_0074fd90	undefined FUN_0074fd90()	0	0	unknown	true		10	1747	106	6	4151
urn:ure:t6:occ:function:current-client:0074ff00	0x0074ff00	xbuild-enriched-full	true	0074ff00	FUN_0074ff00	undefined FUN_0074ff00()	0	0	unknown	true		12	2531	142	7	5811
urn:ure:t6:occ:function:current-client:00750110	0x00750110	xbuild-enriched-full	true	00750110	FUN_00750110	undefined FUN_00750110()	0	0	unknown	true		8	942	116	20	3790
urn:ure:t6:occ:function:current-client:00750240	0x00750240	xbuild-enriched-full	true	00750240	FUN_00750240	undefined FUN_00750240()	0	0	unknown	true		30	3411	247	26	8345
urn:ure:t6:occ:function:current-client:00750500	0x00750500	xbuild-enriched-full	true	00750500	FUN_00750500	undefined FUN_00750500()	0	0	unknown	true		5	655	54	13	1665
urn:ure:t6:occ:function:current-client:00750590	0x00750590	xbuild-enriched-full	true	00750590	FUN_00750590	undefined FUN_00750590()	0	0	unknown	true		5	742	47	5	1652
urn:ure:t6:occ:function:current-client:00750620	0x00750620	xbuild-enriched-full	true	00750620	FUN_00750620	undefined FUN_00750620()	0	0	unknown	true		3	309	34	5	1047
urn:ure:t6:occ:function:current-client:00750670	0x00750670	xbuild-enriched-full	true	00750670	FUN_00750670	undefined FUN_00750670()	0	0	unknown	true		4	674	36	7	1344
urn:ure:t6:occ:function:current-client:007506f0	0x007506f0	xbuild-enriched-full	true	007506f0	FUN_007506f0	undefined FUN_007506f0()	0	0	unknown	true		4	276	31	6	1012
urn:ure:t6:occ:function:current-client:00750750	0x00750750	xbuild-enriched-full	true	00750750	FUN_00750750	undefined FUN_00750750()	0	0	unknown	true		25	3488	216	79	7060
urn:ure:t6:occ:function:current-client:007509f0	0x007509f0	xbuild-enriched-full	true	007509f0	FUN_007509f0	undefined FUN_007509f0()	0	0	unknown	true		1	310	9	6	626
urn:ure:t6:occ:function:current-client:00750a40	0x00750a40	xbuild-enriched-full	true	00750a40	FUN_00750a40	undefined FUN_00750a40()	0	0	unknown	true		1	268	7	4	504
urn:ure:t6:occ:function:current-client:00750a70	0x00750a70	xbuild-enriched-full	true	00750a70	FUN_00750a70	undefined FUN_00750a70()	0	0	unknown	true		1	385	14	11	834
urn:ure:t6:occ:function:current-client:00750ad0	0x00750ad0	xbuild-enriched-full	true	00750ad0	FUN_00750ad0	undefined FUN_00750ad0()	0	0	unknown	true		4	913	46	5	1580
urn:ure:t6:occ:function:current-client:00750b50	0x00750b50	xbuild-enriched-full	true	00750b50	FUN_00750b50	undefined FUN_00750b50()	0	0	unknown	true		6	1135	74	8	2891
urn:ure:t6:occ:function:current-client:00750c50	0x00750c50	xbuild-enriched-full	true	00750c50	FUN_00750c50	undefined FUN_00750c50()	0	0	unknown	true		20	2993	167	41	6846
urn:ure:t6:occ:function:current-client:00750f30	0x00750f30	xbuild-enriched-full	true	00750f30	FUN_00750f30	undefined FUN_00750f30()	0	0	unknown	true		5	996	48	10	1861
urn:ure:t6:occ:function:current-client:00750fe0	0x00750fe0	xbuild-enriched-full	true	00750fe0	FUN_00750fe0	undefined FUN_00750fe0()	0	0	unknown	true		2	365	17	10	840
urn:ure:t6:occ:function:current-client:00751030	0x00751030	xbuild-enriched-full	true	00751030	FUN_00751030	undefined FUN_00751030()	0	0	unknown	true		5	595	40	17	1500
urn:ure:t6:occ:function:current-client:007510c0	0x007510c0	xbuild-enriched-full	true	007510c0	FUN_007510c0	undefined FUN_007510c0()	0	0	unknown	true		1	153	13	1	618
urn:ure:t6:occ:function:current-client:007510f0	0x007510f0	xbuild-enriched-full	true	007510f0	FUN_007510f0	undefined FUN_007510f0()	0	0	unknown	true		24	3856	237	36	10195
urn:ure:t6:occ:function:current-client:00751500	0x00751500	xbuild-enriched-full	true	00751500	FUN_00751500	undefined FUN_00751500()	0	0	unknown	true		13	2254	128	27	5064
urn:ure:t6:occ:function:current-client:00751710	0x00751710	xbuild-enriched-full	true	00751710	FUN_00751710	undefined FUN_00751710()	0	0	unknown	true		8	1462	81	15	3243
urn:ure:t6:occ:function:current-client:00751840	0x00751840	xbuild-enriched-full	true	00751840	FUN_00751840	undefined FUN_00751840()	0	0	unknown	true		4	698	42	6	1558
urn:ure:t6:occ:function:current-client:007518c0	0x007518c0	xbuild-enriched-full	true	007518c0	FUN_007518c0	undefined FUN_007518c0()	0	0	unknown	true		6	937	69	12	2439
urn:ure:t6:occ:function:current-client:00751970	0x00751970	xbuild-enriched-full	true	00751970	FUN_00751970	undefined FUN_00751970()	0	0	unknown	true		1	243	12	4	537
urn:ure:t6:occ:function:current-client:007519a0	0x007519a0	xbuild-enriched-full	true	007519a0	FUN_007519a0	undefined FUN_007519a0()	0	0	unknown	true		1	243	12	4	537
urn:ure:t6:occ:function:current-client:007519d0	0x007519d0	xbuild-enriched-full	true	007519d0	FUN_007519d0	undefined FUN_007519d0()	0	0	unknown	true		1	241	10	4	491
urn:ure:t6:occ:function:current-client:00751a00	0x00751a00	xbuild-enriched-full	true	00751a00	FUN_00751a00	undefined FUN_00751a00()	0	0	unknown	true		13	1598	131	19	4893
urn:ure:t6:occ:function:current-client:00751bb0	0x00751bb0	xbuild-enriched-full	true	00751bb0	FUN_00751bb0	undefined FUN_00751bb0()	0	0	unknown	true		3	524	23	14	1097
urn:ure:t6:occ:function:current-client:00751c20	0x00751c20	xbuild-enriched-full	true	00751c20	FUN_00751c20	undefined FUN_00751c20()	0	0	unknown	true		6	732	57	24	2155
urn:ure:t6:occ:function:current-client:00751d00	0x00751d00	xbuild-enriched-full	true	00751d00	FUN_00751d00	undefined FUN_00751d00()	0	0	unknown	true		4	662	40	10	1470
urn:ure:t6:occ:function:current-client:00751d80	0x00751d80	xbuild-enriched-full	true	00751d80	FUN_00751d80	undefined FUN_00751d80()	0	0	unknown	true		6	1232	69	13	2530
urn:ure:t6:occ:function:current-client:00751e60	0x00751e60	xbuild-enriched-full	true	00751e60	FUN_00751e60	undefined FUN_00751e60()	0	0	unknown	true		2	375	17	4	716
urn:ure:t6:occ:function:current-client:00751ea0	0x00751ea0	xbuild-enriched-full	true	00751ea0	FUN_00751ea0	undefined FUN_00751ea0()	0	0	unknown	true		9	1296	88	13	3200
urn:ure:t6:occ:function:current-client:00751fc0	0x00751fc0	xbuild-enriched-full	true	00751fc0	FUN_00751fc0	undefined FUN_00751fc0()	0	0	unknown	true		11	1365	96	17	3436
urn:ure:t6:occ:function:current-client:007520f0	0x007520f0	xbuild-enriched-full	true	007520f0	FUN_007520f0	undefined FUN_007520f0()	0	0	unknown	true		10	1361	91	14	3238
urn:ure:t6:occ:function:current-client:00752210	0x00752210	xbuild-enriched-full	true	00752210	FUN_00752210	undefined FUN_00752210()	0	0	unknown	true		9	1369	84	15	3157
urn:ure:t6:occ:function:current-client:00752320	0x00752320	xbuild-enriched-full	true	00752320	FUN_00752320	undefined FUN_00752320()	0	0	unknown	true		15	2091	149	20	5186
urn:ure:t6:occ:function:current-client:007524e0	0x007524e0	xbuild-enriched-full	true	007524e0	FUN_007524e0	undefined FUN_007524e0()	0	0	unknown	true		8	1197	74	11	2563
urn:ure:t6:occ:function:current-client:007525b0	0x007525b0	xbuild-enriched-full	true	007525b0	FUN_007525b0	undefined FUN_007525b0()	0	0	unknown	true		2	523	16	2	729
urn:ure:t6:occ:function:current-client:007525e0	0x007525e0	xbuild-enriched-full	true	007525e0	FUN_007525e0	undefined FUN_007525e0()	0	0	unknown	true		3	669	19	3	862
urn:ure:t6:occ:function:current-client:00752620	0x00752620	xbuild-enriched-full	true	00752620	FUN_00752620	undefined FUN_00752620()	0	0	unknown	true		4	611	26	7	956
urn:ure:t6:occ:function:current-client:00752670	0x00752670	xbuild-enriched-full	true	00752670	FUN_00752670	undefined FUN_00752670()	0	0	unknown	true		2	552	16	2	719
urn:ure:t6:occ:function:current-client:007526a0	0x007526a0	xbuild-enriched-full	true	007526a0	FUN_007526a0	undefined FUN_007526a0()	0	0	unknown	true		3	727	23	3	940
urn:ure:t6:occ:function:current-client:007526f0	0x007526f0	xbuild-enriched-full	true	007526f0	FUN_007526f0	undefined FUN_007526f0()	0	0	unknown	true		1	175	5	1	318
urn:ure:t6:occ:function:current-client:00752710	0x00752710	xbuild-enriched-full	true	00752710	FUN_00752710	undefined FUN_00752710()	0	0	unknown	true		1	327	11	2	523
urn:ure:t6:occ:function:current-client:00752740	0x00752740	xbuild-enriched-full	true	00752740	FUN_00752740	undefined FUN_00752740()	0	0	unknown	true		1	288	10	2	497
urn:ure:t6:occ:function:current-client:00752770	0x00752770	xbuild-enriched-full	true	00752770	FUN_00752770	undefined FUN_00752770()	0	0	unknown	true		15	2316	126	22	4582
urn:ure:t6:occ:function:current-client:007528d0	0x007528d0	xbuild-enriched-full	true	007528d0	FUN_007528d0	undefined FUN_007528d0()	0	0	unknown	true		5	718	46	7	1591
urn:ure:t6:occ:function:current-client:00752940	0x00752940	xbuild-enriched-full	true	00752940	FUN_00752940	undefined FUN_00752940()	0	0	unknown	true		25	3982	245	19	10656
urn:ure:t6:occ:function:current-client:00752d70	0x00752d70	xbuild-enriched-full	true	00752d70	FUN_00752d70	undefined FUN_00752d70()	0	0	unknown	true		9	127	92	15	3850
urn:ure:t6:occ:function:current-client:00752f00	0x00752f00	xbuild-enriched-full	true	00752f00	FUN_00752f00	undefined FUN_00752f00()	0	0	unknown	true		18	2159	123	33	4290
urn:ure:t6:occ:function:current-client:00753080	0x00753080	xbuild-enriched-full	true	00753080	FUN_00753080	undefined FUN_00753080()	0	0	unknown	true		4	448	19	11	742
urn:ure:t6:occ:function:current-client:007530c0	0x007530c0	xbuild-enriched-full	true	007530c0	FUN_007530c0	undefined FUN_007530c0()	0	0	unknown	true		4	383	26	8	898
urn:ure:t6:occ:function:current-client:00753110	0x00753110	xbuild-enriched-full	true	00753110	FUN_00753110	undefined FUN_00753110()	0	0	unknown	true		6	832	47	6	1614
urn:ure:t6:occ:function:current-client:007531a0	0x007531a0	xbuild-enriched-full	true	007531a0	FUN_007531a0	undefined FUN_007531a0()	0	0	unknown	true		5	662	37	9	1201
urn:ure:t6:occ:function:current-client:00753210	0x00753210	xbuild-enriched-full	true	00753210	FUN_00753210	undefined FUN_00753210()	0	0	unknown	true		2	349	14	3	601
urn:ure:t6:occ:function:current-client:00753240	0x00753240	xbuild-enriched-full	true	00753240	FUN_00753240	undefined FUN_00753240()	0	0	unknown	true		1	136	8	3	460
urn:ure:t6:occ:function:current-client:00753270	0x00753270	xbuild-enriched-full	true	00753270	FUN_00753270	undefined FUN_00753270()	0	0	unknown	true		2	324	12	4	665
urn:ure:t6:occ:function:current-client:007532b0	0x007532b0	xbuild-enriched-full	true	007532b0	FUN_007532b0	undefined FUN_007532b0()	0	0	unknown	true		1	112	4	1	293
urn:ure:t6:occ:function:current-client:007532c0	0x007532c0	xbuild-enriched-full	true	007532c0	FUN_007532c0	undefined FUN_007532c0()	0	0	unknown	true		7	1148	54	9	1962
urn:ure:t6:occ:function:current-client:007533d0	0x007533d0	xbuild-enriched-full	true	007533d0	FUN_007533d0	undefined FUN_007533d0()	0	0	unknown	true		3	213	23	4	739
urn:ure:t6:occ:function:current-client:00753410	0x00753410	xbuild-enriched-full	true	00753410	FUN_00753410	undefined FUN_00753410()	0	0	unknown	true		3	356	22	13	855
urn:ure:t6:occ:function:current-client:00753550	0x00753550	xbuild-enriched-full	true	00753550	FUN_00753550	undefined FUN_00753550()	0	0	unknown	true		4	386	43	14	1471
urn:ure:t6:occ:function:current-client:00753b60	0x00753b60	xbuild-enriched-full	true	00753b60	FUN_00753b60	undefined FUN_00753b60()	0	0	unknown	true		3	307	29	4	974
urn:ure:t6:occ:function:current-client:00753d90	0x00753d90	xbuild-enriched-full	true	00753d90	FUN_00753d90	undefined FUN_00753d90()	0	0	unknown	true		21	3234	163	19	6479
urn:ure:t6:occ:function:current-client:00754040	0x00754040	xbuild-enriched-full	true	00754040	FUN_00754040	undefined FUN_00754040()	0	0	unknown	true		24	3021	186	38	6747
urn:ure:t6:occ:function:current-client:00754290	0x00754290	xbuild-enriched-full	true	00754290	FUN_00754290	undefined FUN_00754290()	0	0	unknown	true		25	3414	214	41	7739
urn:ure:t6:occ:function:current-client:00754530	0x00754530	xbuild-enriched-full	true	00754530	FUN_00754530	undefined FUN_00754530()	0	0	unknown	true		3	411	16	3	618
urn:ure:t6:occ:function:current-client:00754560	0x00754560	xbuild-enriched-full	true	00754560	FUN_00754560	undefined FUN_00754560()	0	0	unknown	true		19	3256	195	39	7016
urn:ure:t6:occ:function:current-client:007547d0	0x007547d0	xbuild-enriched-full	true	007547d0	FUN_007547d0	undefined FUN_007547d0()	0	0	unknown	true		24	3268	213	40	7656
urn:ure:t6:occ:function:current-client:00754a70	0x00754a70	xbuild-enriched-full	true	00754a70	FUN_00754a70	undefined FUN_00754a70()	0	0	unknown	true		20	3026	207	40	7356
urn:ure:t6:occ:function:current-client:00754cf0	0x00754cf0	xbuild-enriched-full	true	00754cf0	FUN_00754cf0	undefined FUN_00754cf0()	0	0	unknown	true		4	698	34	3	1300
urn:ure:t6:occ:function:current-client:00754d50	0x00754d50	xbuild-enriched-full	true	00754d50	FUN_00754d50	undefined FUN_00754d50()	0	0	unknown	true		4	698	34	3	1300
urn:ure:t6:occ:function:current-client:00754db0	0x00754db0	xbuild-enriched-full	true	00754db0	FUN_00754db0	undefined FUN_00754db0()	0	0	unknown	true		4	671	32	3	1230
urn:ure:t6:occ:function:current-client:00754e10	0x00754e10	xbuild-enriched-full	true	00754e10	FUN_00754e10	undefined FUN_00754e10()	0	0	unknown	true		4	725	36	3	1358
urn:ure:t6:occ:function:current-client:00754e80	0x00754e80	xbuild-enriched-full	true	00754e80	FUN_00754e80	undefined FUN_00754e80()	0	0	unknown	true		4	725	36	3	1358
urn:ure:t6:occ:function:current-client:00754ef0	0x00754ef0	xbuild-enriched-full	true	00754ef0	FUN_00754ef0	undefined FUN_00754ef0()	0	0	unknown	true		9	1150	103	14	3435
urn:ure:t6:occ:function:current-client:00755000	0x00755000	xbuild-enriched-full	true	00755000	FUN_00755000	undefined FUN_00755000()	0	0	unknown	true		7	965	76	13	2586
urn:ure:t6:occ:function:current-client:007550d0	0x007550d0	xbuild-enriched-full	true	007550d0	FUN_007550d0	undefined FUN_007550d0()	0	0	unknown	true		8	1040	81	12	2747
urn:ure:t6:occ:function:current-client:007551b0	0x007551b0	xbuild-enriched-full	true	007551b0	FUN_007551b0	undefined FUN_007551b0()	0	0	unknown	true		8	1040	81	12	2747
urn:ure:t6:occ:function:current-client:00755290	0x00755290	xbuild-enriched-full	true	00755290	FUN_00755290	undefined FUN_00755290()	0	0	unknown	true		11	1175	108	18	3644
urn:ure:t6:occ:function:current-client:007553c0	0x007553c0	xbuild-enriched-full	true	007553c0	FUN_007553c0	undefined FUN_007553c0()	0	0	unknown	true		4	465	33	5	1225
urn:ure:t6:occ:function:current-client:00755430	0x00755430	xbuild-enriched-full	true	00755430	FUN_00755430	undefined FUN_00755430()	0	0	unknown	true		4	496	36	5	1311
urn:ure:t6:occ:function:current-client:007554a0	0x007554a0	xbuild-enriched-full	true	007554a0	FUN_007554a0	undefined FUN_007554a0()	0	0	unknown	true		4	496	36	5	1311
urn:ure:t6:occ:function:current-client:00755510	0x00755510	xbuild-enriched-full	true	00755510	FUN_00755510	undefined FUN_00755510()	0	0	unknown	true		10	1639	110	1	5188
urn:ure:t6:occ:function:current-client:007556f0	0x007556f0	xbuild-enriched-full	true	007556f0	FUN_007556f0	undefined FUN_007556f0()	0	0	unknown	true		61	9034	400	37	17393
urn:ure:t6:occ:function:current-client:00755e60	0x00755e60	xbuild-enriched-full	true	00755e60	FUN_00755e60	undefined FUN_00755e60()	0	0	unknown	true		7	637	78	6	2589
urn:ure:t6:occ:function:current-client:00755f30	0x00755f30	xbuild-enriched-full	true	00755f30	FUN_00755f30	undefined FUN_00755f30()	0	0	unknown	true		5	937	57	3	2570
urn:ure:t6:occ:function:current-client:00756030	0x00756030	xbuild-enriched-full	true	00756030	FUN_00756030	undefined FUN_00756030()	0	0	unknown	true		22	2282	219	18	8668
urn:ure:t6:occ:function:current-client:007563a0	0x007563a0	xbuild-enriched-full	true	007563a0	FUN_007563a0	undefined FUN_007563a0()	0	0	unknown	true		21	3935	199	18	7706
urn:ure:t6:occ:function:current-client:00756680	0x00756680	xbuild-enriched-full	true	00756680	FUN_00756680	undefined FUN_00756680()	0	0	unknown	true		13	2353	135	9	5290
urn:ure:t6:occ:function:current-client:00756880	0x00756880	xbuild-enriched-full	true	00756880	FUN_00756880	undefined FUN_00756880()	0	0	unknown	true		7	897	68	10	2203
urn:ure:t6:occ:function:current-client:00756930	0x00756930	xbuild-enriched-full	true	00756930	FUN_00756930	undefined FUN_00756930()	0	0	unknown	true		34	4888	261	18	11197
urn:ure:t6:occ:function:current-client:00756de0	0x00756de0	xbuild-enriched-full	true	00756de0	FUN_00756de0	undefined FUN_00756de0()	0	0	unknown	true		15	2279	139	18	4913
urn:ure:t6:occ:function:current-client:00756f90	0x00756f90	xbuild-enriched-full	true	00756f90	FUN_00756f90	undefined FUN_00756f90()	0	0	unknown	true		3	480	30	3	1161
urn:ure:t6:occ:function:current-client:00756ff0	0x00756ff0	xbuild-enriched-full	true	00756ff0	FUN_00756ff0	undefined FUN_00756ff0()	0	0	unknown	true		12	1642	101	12	3519
urn:ure:t6:occ:function:current-client:00757130	0x00757130	xbuild-enriched-full	true	00757130	FUN_00757130	undefined FUN_00757130()	0	0	unknown	true		12	1642	101	12	3519
urn:ure:t6:occ:function:current-client:00757270	0x00757270	xbuild-enriched-full	true	00757270	FUN_00757270	undefined FUN_00757270()	0	0	unknown	true		13	1014	107	11	4092
urn:ure:t6:occ:function:current-client:007573f0	0x007573f0	xbuild-enriched-full	true	007573f0	FUN_007573f0	undefined FUN_007573f0()	0	0	unknown	true		11	1683	122	5	4680
urn:ure:t6:occ:function:current-client:00757590	0x00757590	xbuild-enriched-full	true	00757590	FUN_00757590	undefined FUN_00757590()	0	0	unknown	true		2	423	17	1	811
urn:ure:t6:occ:function:current-client:007575d0	0x007575d0	xbuild-enriched-full	true	007575d0	FUN_007575d0	undefined FUN_007575d0()	0	0	unknown	true		2	435	17	1	776
urn:ure:t6:occ:function:current-client:00757610	0x00757610	xbuild-enriched-full	true	00757610	FUN_00757610	undefined FUN_00757610()	0	0	unknown	true		2	423	17	1	811
urn:ure:t6:occ:function:current-client:00757650	0x00757650	xbuild-enriched-full	true	00757650	FUN_00757650	undefined FUN_00757650()	0	0	unknown	true		4	939	43	11	1660
urn:ure:t6:occ:function:current-client:00757a50	0x00757a50	xbuild-enriched-full	true	00757a50	FUN_00757a50	undefined FUN_00757a50()	0	0	unknown	true		52	5822	415	25	17495
urn:ure:t6:occ:function:current-client:007580b0	0x007580b0	xbuild-enriched-full	true	007580b0	FUN_007580b0	undefined FUN_007580b0()	0	0	unknown	true		47	5194	349	20	14441
urn:ure:t6:occ:function:current-client:007585e0	0x007585e0	xbuild-enriched-full	true	007585e0	FUN_007585e0	undefined FUN_007585e0()	0	0	unknown	true		5	706	43	6	1635
urn:ure:t6:occ:function:current-client:00758680	0x00758680	xbuild-enriched-full	true	00758680	FUN_00758680	undefined FUN_00758680()	0	0	unknown	true		8	1813	41	3	1825
urn:ure:t6:occ:function:current-client:00758720	0x00758720	xbuild-enriched-full	true	00758720	FUN_00758720	undefined FUN_00758720()	0	0	unknown	true		13	2636	55	13	2176
urn:ure:t6:occ:function:current-client:007587f0	0x007587f0	xbuild-enriched-full	true	007587f0	FUN_007587f0	undefined FUN_007587f0()	0	0	unknown	true		13	3006	205	3	7908
urn:ure:t6:occ:function:current-client:00758b20	0x00758b20	xbuild-enriched-full	true	00758b20	FUN_00758b20	undefined FUN_00758b20()	0	0	unknown	true		153	24203	1727	164	60741
urn:ure:t6:occ:function:current-client:0075a3f0	0x0075a3f0	xbuild-enriched-full	true	0075a3f0	FUN_0075a3f0	undefined FUN_0075a3f0()	0	0	unknown	true		24	2684	159	17	6511
urn:ure:t6:occ:function:current-client:0075a6a0	0x0075a6a0	xbuild-enriched-full	true	0075a6a0	FUN_0075a6a0	undefined FUN_0075a6a0()	0	0	unknown	true		63	8905	360	25	18370
urn:ure:t6:occ:function:current-client:0075aee0	0x0075aee0	xbuild-enriched-full	true	0075aee0	FUN_0075aee0	undefined FUN_0075aee0()	0	0	unknown	true		11	1442	71	11	2769
urn:ure:t6:occ:function:current-client:0075b000	0x0075b000	xbuild-enriched-full	true	0075b000	FUN_0075b000	undefined FUN_0075b000()	0	0	unknown	true		10	1489	72	12	2860
urn:ure:t6:occ:function:current-client:0075b120	0x0075b120	xbuild-enriched-full	true	0075b120	FUN_0075b120	undefined FUN_0075b120()	0	0	unknown	true		6	1126	48	9	1881
urn:ure:t6:occ:function:current-client:0075b1b0	0x0075b1b0	xbuild-enriched-full	true	0075b1b0	FUN_0075b1b0	undefined FUN_0075b1b0()	0	0	unknown	true		8	844	76	12	2528
urn:ure:t6:occ:function:current-client:0075b270	0x0075b270	xbuild-enriched-full	true	0075b270	FUN_0075b270	undefined FUN_0075b270()	0	0	unknown	true		13	2392	137	18	5605
urn:ure:t6:occ:function:current-client:0075b4b0	0x0075b4b0	xbuild-enriched-full	true	0075b4b0	FUN_0075b4b0	undefined FUN_0075b4b0()	0	0	unknown	true		28	5290	338	36	11837
urn:ure:t6:occ:function:current-client:0075b860	0x0075b860	xbuild-enriched-full	true	0075b860	FUN_0075b860	undefined FUN_0075b860()	0	0	unknown	true		28	4048	234	27	8604
urn:ure:t6:occ:function:current-client:0075bb80	0x0075bb80	xbuild-enriched-full	true	0075bb80	FUN_0075bb80	undefined FUN_0075bb80()	0	0	unknown	true		15	2097	145	18	4899
urn:ure:t6:occ:function:current-client:0075bd10	0x0075bd10	xbuild-enriched-full	true	0075bd10	FUN_0075bd10	undefined FUN_0075bd10()	0	0	unknown	true		54	11169	439	52	19631
urn:ure:t6:occ:function:current-client:0075c5a0	0x0075c5a0	xbuild-enriched-full	true	0075c5a0	FUN_0075c5a0	undefined FUN_0075c5a0()	0	0	unknown	true		36	3392	196	57	7272
urn:ure:t6:occ:function:current-client:0075c890	0x0075c890	xbuild-enriched-full	true	0075c890	FUN_0075c890	undefined FUN_0075c890()	0	0	unknown	true		19	2108	140	20	4935
urn:ure:t6:occ:function:current-client:0075ca30	0x0075ca30	xbuild-enriched-full	true	0075ca30	FUN_0075ca30	undefined FUN_0075ca30()	0	0	unknown	true		14	1459	131	20	4113
urn:ure:t6:occ:function:current-client:0075cbb0	0x0075cbb0	xbuild-enriched-full	true	0075cbb0	FUN_0075cbb0	undefined FUN_0075cbb0()	0	0	unknown	true		4	476	19	10	880
urn:ure:t6:occ:function:current-client:0075cc00	0x0075cc00	xbuild-enriched-full	true	0075cc00	FUN_0075cc00	undefined FUN_0075cc00()	0	0	unknown	true		4	496	31	7	1088
urn:ure:t6:occ:function:current-client:0075cc60	0x0075cc60	xbuild-enriched-full	true	0075cc60	FUN_0075cc60	undefined FUN_0075cc60()	0	0	unknown	true		12	1982	109	14	3955
urn:ure:t6:occ:function:current-client:0075cdb0	0x0075cdb0	xbuild-enriched-full	true	0075cdb0	FUN_0075cdb0	undefined FUN_0075cdb0()	0	0	unknown	true		2	323	14	6	603
urn:ure:t6:occ:function:current-client:0075cde0	0x0075cde0	xbuild-enriched-full	true	0075cde0	FUN_0075cde0	undefined FUN_0075cde0()	0	0	unknown	true		1	102	4	1	314
urn:ure:t6:occ:function:current-client:0075ce00	0x0075ce00	xbuild-enriched-full	true	0075ce00	FUN_0075ce00	undefined FUN_0075ce00()	0	0	unknown	true		0	83	3	0	251
urn:ure:t6:occ:function:current-client:0075ce10	0x0075ce10	xbuild-enriched-full	true	0075ce10	FUN_0075ce10	undefined FUN_0075ce10()	0	0	unknown	true		6	870	55	6	1974
urn:ure:t6:occ:function:current-client:0075cea0	0x0075cea0	xbuild-enriched-full	true	0075cea0	FUN_0075cea0	undefined FUN_0075cea0()	0	0	unknown	true		3	676	30	9	1298
urn:ure:t6:occ:function:current-client:0075cf10	0x0075cf10	xbuild-enriched-full	true	0075cf10	FUN_0075cf10	undefined FUN_0075cf10()	0	0	unknown	true		3	613	36	1	1435
urn:ure:t6:occ:function:current-client:0075cf80	0x0075cf80	xbuild-enriched-full	true	0075cf80	FUN_0075cf80	undefined FUN_0075cf80()	0	0	unknown	true		9	1592	84	8	3289
urn:ure:t6:occ:function:current-client:0075d0a0	0x0075d0a0	xbuild-enriched-full	true	0075d0a0	FUN_0075d0a0	undefined FUN_0075d0a0()	0	0	unknown	true		5	429	52	8	1959
urn:ure:t6:occ:function:current-client:0075d150	0x0075d150	xbuild-enriched-full	true	0075d150	FUN_0075d150	undefined FUN_0075d150()	0	0	unknown	true		7	838	50	8	1826
urn:ure:t6:occ:function:current-client:0075d1f0	0x0075d1f0	xbuild-enriched-full	true	0075d1f0	FUN_0075d1f0	undefined FUN_0075d1f0()	0	0	unknown	true		9	1411	86	12	3181
urn:ure:t6:occ:function:current-client:0075d310	0x0075d310	xbuild-enriched-full	true	0075d310	FUN_0075d310	undefined FUN_0075d310()	0	0	unknown	true		14	2283	136	25	4921
urn:ure:t6:occ:function:current-client:0075d4c0	0x0075d4c0	xbuild-enriched-full	true	0075d4c0	FUN_0075d4c0	undefined FUN_0075d4c0()	0	0	unknown	true		3	497	23	10	974
urn:ure:t6:occ:function:current-client:0075d520	0x0075d520	xbuild-enriched-full	true	0075d520	FUN_0075d520	undefined FUN_0075d520()	0	0	unknown	true		6	883	52	9	1799
urn:ure:t6:occ:function:current-client:0075d5c0	0x0075d5c0	xbuild-enriched-full	true	0075d5c0	FUN_0075d5c0	undefined FUN_0075d5c0()	0	0	unknown	true		12	1661	105	25	3940
urn:ure:t6:occ:function:current-client:0075d730	0x0075d730	xbuild-enriched-full	true	0075d730	FUN_0075d730	undefined FUN_0075d730()	0	0	unknown	true		2	567	15	9	757
urn:ure:t6:occ:function:current-client:0075d780	0x0075d780	xbuild-enriched-full	true	0075d780	FUN_0075d780	undefined FUN_0075d780()	0	0	unknown	true		8	1258	64	19	2637
urn:ure:t6:occ:function:current-client:0075d880	0x0075d880	xbuild-enriched-full	true	0075d880	FUN_0075d880	undefined FUN_0075d880()	0	0	unknown	true		10	1800	82	16	3214
urn:ure:t6:occ:function:current-client:0075d9a0	0x0075d9a0	xbuild-enriched-full	true	0075d9a0	FUN_0075d9a0	undefined FUN_0075d9a0()	0	0	unknown	true		199	6950	598	276	20665
urn:ure:t6:occ:function:current-client:0075e2e0	0x0075e2e0	xbuild-enriched-full	true	0075e2e0	FUN_0075e2e0	undefined FUN_0075e2e0()	0	0	unknown	true		6	793	39	14	1454
urn:ure:t6:occ:function:current-client:0075e360	0x0075e360	xbuild-enriched-full	true	0075e360	FUN_0075e360	undefined FUN_0075e360()	0	0	unknown	true		4	564	60	18	1995
urn:ure:t6:occ:function:current-client:0075e420	0x0075e420	xbuild-enriched-full	true	0075e420	FUN_0075e420	undefined FUN_0075e420()	0	0	unknown	true		17	2055	149	61	5252
urn:ure:t6:occ:function:current-client:0075e600	0x0075e600	xbuild-enriched-full	true	0075e600	FUN_0075e600	undefined FUN_0075e600()	0	0	unknown	true		3	344	36	11	1167
urn:ure:t6:occ:function:current-client:0075e670	0x0075e670	xbuild-enriched-full	true	0075e670	FUN_0075e670	undefined FUN_0075e670()	0	0	unknown	true		5	824	51	21	1913
urn:ure:t6:occ:function:current-client:0075e720	0x0075e720	xbuild-enriched-full	true	0075e720	FUN_0075e720	undefined FUN_0075e720()	0	0	unknown	true		8	1181	68	31	2544
urn:ure:t6:occ:function:current-client:0075e830	0x0075e830	xbuild-enriched-full	true	0075e830	FUN_0075e830	undefined FUN_0075e830()	0	0	unknown	true		9	1018	68	30	2504
urn:ure:t6:occ:function:current-client:0075e930	0x0075e930	xbuild-enriched-full	true	0075e930	FUN_0075e930	undefined FUN_0075e930()	0	0	unknown	true		52	7370	389	47	15222
urn:ure:t6:occ:function:current-client:0075ef00	0x0075ef00	xbuild-enriched-full	true	0075ef00	FUN_0075ef00	undefined FUN_0075ef00()	0	0	unknown	true		10	1674	101	5	3870
urn:ure:t6:occ:function:current-client:0075f080	0x0075f080	xbuild-enriched-full	true	0075f080	FUN_0075f080	undefined FUN_0075f080()	0	0	unknown	true		6	1428	62	16	2703
urn:ure:t6:occ:function:current-client:0075f1c0	0x0075f1c0	xbuild-enriched-full	true	0075f1c0	FUN_0075f1c0	undefined FUN_0075f1c0()	0	0	unknown	true		74	11476	454	60	16652
urn:ure:t6:occ:function:current-client:0075f820	0x0075f820	xbuild-enriched-full	true	0075f820	FUN_0075f820	undefined FUN_0075f820()	0	0	unknown	true		9	1297	69	18	2616
urn:ure:t6:occ:function:current-client:0075f910	0x0075f910	xbuild-enriched-full	true	0075f910	FUN_0075f910	undefined FUN_0075f910()	0	0	unknown	true		24	4398	277	15	11647
urn:ure:t6:occ:function:current-client:0075fdb0	0x0075fdb0	xbuild-enriched-full	true	0075fdb0	FUN_0075fdb0	undefined FUN_0075fdb0()	0	0	unknown	true		5	931	57	10	1830
urn:ure:t6:occ:function:current-client:0075fe40	0x0075fe40	xbuild-enriched-full	true	0075fe40	FUN_0075fe40	undefined FUN_0075fe40()	0	0	unknown	true		9	1301	114	1	4019
urn:ure:t6:occ:function:current-client:0075ff80	0x0075ff80	xbuild-enriched-full	true	0075ff80	FUN_0075ff80	undefined FUN_0075ff80()	0	0	unknown	true		114	10509	332	54	12232
urn:ure:t6:occ:function:current-client:00760380	0x00760380	xbuild-enriched-full	true	00760380	FUN_00760380	undefined FUN_00760380()	0	0	unknown	true		6	546	37	5	1263
urn:ure:t6:occ:function:current-client:007603f0	0x007603f0	xbuild-enriched-full	true	007603f0	FUN_007603f0	undefined FUN_007603f0()	0	0	unknown	true		6	1271	70	14	2543
urn:ure:t6:occ:function:current-client:007604f0	0x007604f0	xbuild-enriched-full	true	007604f0	FUN_007604f0	undefined FUN_007604f0()	0	0	unknown	true		11	2817	40	15	2001
urn:ure:t6:occ:function:current-client:007605c0	0x007605c0	xbuild-enriched-full	true	007605c0	FUN_007605c0	undefined FUN_007605c0()	0	0	unknown	true		7	1139	61	10	2511
urn:ure:t6:occ:function:current-client:00760690	0x00760690	xbuild-enriched-full	true	00760690	FUN_00760690	undefined FUN_00760690()	0	0	unknown	true		7	1354	65	10	2945
urn:ure:t6:occ:function:current-client:007607b0	0x007607b0	xbuild-enriched-full	true	007607b0	FUN_007607b0	undefined FUN_007607b0()	0	0	unknown	true		7	1339	65	22	2434
urn:ure:t6:occ:function:current-client:00760890	0x00760890	xbuild-enriched-full	true	00760890	FUN_00760890	undefined FUN_00760890()	0	0	unknown	true		6	1233	55	5	1937
urn:ure:t6:occ:function:current-client:00760930	0x00760930	xbuild-enriched-full	true	00760930	FUN_00760930	undefined FUN_00760930()	0	0	unknown	true		21	2344	163	34	5734
urn:ure:t6:occ:function:current-client:00760b30	0x00760b30	xbuild-enriched-full	true	00760b30	FUN_00760b30	undefined FUN_00760b30()	0	0	unknown	true		5	852	40	23	1757
urn:ure:t6:occ:function:current-client:00760bf0	0x00760bf0	xbuild-enriched-full	true	00760bf0	FUN_00760bf0	undefined FUN_00760bf0()	0	0	unknown	true		10	1393	72	18	2589
urn:ure:t6:occ:function:current-client:00760cf0	0x00760cf0	xbuild-enriched-full	true	00760cf0	FUN_00760cf0	undefined FUN_00760cf0()	0	0	unknown	true		4	804	34	9	1265
urn:ure:t6:occ:function:current-client:00760d60	0x00760d60	xbuild-enriched-full	true	00760d60	FUN_00760d60	undefined FUN_00760d60()	0	0	unknown	true		16	1393	126	38	4352
urn:ure:t6:occ:function:current-client:00760f00	0x00760f00	xbuild-enriched-full	true	00760f00	FUN_00760f00	undefined FUN_00760f00()	0	0	unknown	true		11	1335	79	29	2789
urn:ure:t6:occ:function:current-client:00761020	0x00761020	xbuild-enriched-full	true	00761020	FUN_00761020	undefined FUN_00761020()	0	0	unknown	true		3	333	18	7	697
urn:ure:t6:occ:function:current-client:00761060	0x00761060	xbuild-enriched-full	true	00761060	FUN_00761060	undefined FUN_00761060()	0	0	unknown	true		6	1004	45	18	1800
urn:ure:t6:occ:function:current-client:00761110	0x00761110	xbuild-enriched-full	true	00761110	FUN_00761110	undefined FUN_00761110()	0	0	unknown	true		7	1053	55	18	2252
urn:ure:t6:occ:function:current-client:00761200	0x00761200	xbuild-enriched-full	true	00761200	FUN_00761200	undefined FUN_00761200()	0	0	unknown	true		35	2262	261	123	10753
urn:ure:t6:occ:function:current-client:00761700	0x00761700	xbuild-enriched-full	true	00761700	FUN_00761700	undefined FUN_00761700()	0	0	unknown	true		36	3515	203	71	7684
urn:ure:t6:occ:function:current-client:007619f0	0x007619f0	xbuild-enriched-full	true	007619f0	FUN_007619f0	undefined FUN_007619f0()	0	0	unknown	true		4	369	31	9	1039
urn:ure:t6:occ:function:current-client:00761ad0	0x00761ad0	xbuild-enriched-full	true	00761ad0	FUN_00761ad0	undefined FUN_00761ad0()	0	0	unknown	true		4	620	32	8	1105
urn:ure:t6:occ:function:current-client:00761c50	0x00761c50	xbuild-enriched-full	true	00761c50	FUN_00761c50	undefined FUN_00761c50()	0	0	unknown	true		5	588	43	24	1720
urn:ure:t6:occ:function:current-client:00761d10	0x00761d10	xbuild-enriched-full	true	00761d10	FUN_00761d10	undefined FUN_00761d10()	0	0	unknown	true		5	759	47	16	1673
urn:ure:t6:occ:function:current-client:00761da0	0x00761da0	xbuild-enriched-full	true	00761da0	FUN_00761da0	undefined FUN_00761da0()	0	0	unknown	true		4	532	38	6	1326
urn:ure:t6:occ:function:current-client:00761e10	0x00761e10	xbuild-enriched-full	true	00761e10	FUN_00761e10	undefined FUN_00761e10()	0	0	unknown	true		8	1537	77	6	3584
urn:ure:t6:occ:function:current-client:00761f50	0x00761f50	xbuild-enriched-full	true	00761f50	FUN_00761f50	undefined FUN_00761f50()	0	0	unknown	true		8	1254	82	14	2775
urn:ure:t6:occ:function:current-client:00762060	0x00762060	xbuild-enriched-full	true	00762060	FUN_00762060	undefined FUN_00762060()	0	0	unknown	true		9	1780	129	14	5599
urn:ure:t6:occ:function:current-client:00762280	0x00762280	xbuild-enriched-full	true	00762280	FUN_00762280	undefined FUN_00762280()	0	0	unknown	true		6	1347	81	2	4251
urn:ure:t6:occ:function:current-client:00762410	0x00762410	xbuild-enriched-full	true	00762410	FUN_00762410	undefined FUN_00762410()	0	0	unknown	true		9	1873	99	14	3882
urn:ure:t6:occ:function:current-client:00762580	0x00762580	xbuild-enriched-full	true	00762580	FUN_00762580	undefined FUN_00762580()	0	0	unknown	true		11	1723	119	10	5169
urn:ure:t6:occ:function:current-client:00762770	0x00762770	xbuild-enriched-full	true	00762770	FUN_00762770	undefined FUN_00762770()	0	0	unknown	true		17	2095	116	35	4344
urn:ure:t6:occ:function:current-client:00762920	0x00762920	xbuild-enriched-full	true	00762920	FUN_00762920	undefined FUN_00762920()	0	0	unknown	true		9	1633	66	58	3834
urn:ure:t6:occ:function:current-client:00762b30	0x00762b30	xbuild-enriched-full	true	00762b30	FUN_00762b30	undefined FUN_00762b30()	0	0	unknown	true		5	878	41	8	1452
urn:ure:t6:occ:function:current-client:00762bb0	0x00762bb0	xbuild-enriched-full	true	00762bb0	FUN_00762bb0	undefined FUN_00762bb0()	0	0	unknown	true		4	856	41	9	1569
urn:ure:t6:occ:function:current-client:00762c40	0x00762c40	xbuild-enriched-full	true	00762c40	FUN_00762c40	undefined FUN_00762c40()	0	0	unknown	true		29	5517	140	9	5423
urn:ure:t6:occ:function:current-client:00762e30	0x00762e30	xbuild-enriched-full	true	00762e30	FUN_00762e30	undefined FUN_00762e30()	0	0	unknown	true		62	12170	310	11	13078
urn:ure:t6:occ:function:current-client:00763310	0x00763310	xbuild-enriched-full	true	00763310	FUN_00763310	undefined FUN_00763310()	0	0	unknown	true		40	6916	343	67	12868
urn:ure:t6:occ:function:current-client:00763780	0x00763780	xbuild-enriched-full	true	00763780	FUN_00763780	undefined FUN_00763780()	0	0	unknown	true		26	3422	206	34	7902
urn:ure:t6:occ:function:current-client:00763a20	0x00763a20	xbuild-enriched-full	true	00763a20	FUN_00763a20	undefined FUN_00763a20()	0	0	unknown	true		9	1333	84	12	3211
urn:ure:t6:occ:function:current-client:00763b30	0x00763b30	xbuild-enriched-full	true	00763b30	FUN_00763b30	undefined FUN_00763b30()	0	0	unknown	true		8	1013	80	11	2590
urn:ure:t6:occ:function:current-client:00763c10	0x00763c10	xbuild-enriched-full	true	00763c10	FUN_00763c10	undefined FUN_00763c10()	0	0	unknown	true		6	810	61	8	2012
urn:ure:t6:occ:function:current-client:00763cb0	0x00763cb0	xbuild-enriched-full	true	00763cb0	FUN_00763cb0	undefined FUN_00763cb0()	0	0	unknown	true		2	397	21	1	943
urn:ure:t6:occ:function:current-client:00763cf0	0x00763cf0	xbuild-enriched-full	true	00763cf0	FUN_00763cf0	undefined FUN_00763cf0()	0	0	unknown	true		74	9188	307	40	11685
urn:ure:t6:occ:function:current-client:00764140	0x00764140	xbuild-enriched-full	true	00764140	FUN_00764140	undefined FUN_00764140()	0	0	unknown	true		112	15514	666	64	28274
urn:ure:t6:occ:function:current-client:00764bd0	0x00764bd0	xbuild-enriched-full	true	00764bd0	FUN_00764bd0	undefined FUN_00764bd0()	0	0	unknown	true		6	579	46	4	1560
urn:ure:t6:occ:function:current-client:00764c40	0x00764c40	xbuild-enriched-full	true	00764c40	FUN_00764c40	undefined FUN_00764c40()	0	0	unknown	true		22	3716	206	28	8455
urn:ure:t6:occ:function:current-client:00764f50	0x00764f50	xbuild-enriched-full	true	00764f50	FUN_00764f50	undefined FUN_00764f50()	0	0	unknown	true		12	1795	120	25	4762
urn:ure:t6:occ:function:current-client:00765130	0x00765130	xbuild-enriched-full	true	00765130	FUN_00765130	undefined FUN_00765130()	0	0	unknown	true		9	1340	94	7	4318
urn:ure:t6:occ:function:current-client:007652d0	0x007652d0	xbuild-enriched-full	true	007652d0	FUN_007652d0	undefined FUN_007652d0()	0	0	unknown	true		6	1269	59	5	2515
urn:ure:t6:occ:function:current-client:007653d0	0x007653d0	xbuild-enriched-full	true	007653d0	FUN_007653d0	undefined FUN_007653d0()	0	0	unknown	true		11	1380	79	10	3158
urn:ure:t6:occ:function:current-client:00765500	0x00765500	xbuild-enriched-full	true	00765500	FUN_00765500	undefined FUN_00765500()	0	0	unknown	true		5	907	43	5	1706
urn:ure:t6:occ:function:current-client:00765590	0x00765590	xbuild-enriched-full	true	00765590	FUN_00765590	undefined FUN_00765590()	0	0	unknown	true		14	2551	119	30	5313
urn:ure:t6:occ:function:current-client:007657b0	0x007657b0	xbuild-enriched-full	true	007657b0	FUN_007657b0	undefined FUN_007657b0()	0	0	unknown	true		7	949	57	8	2116
urn:ure:t6:occ:function:current-client:00765860	0x00765860	xbuild-enriched-full	true	00765860	FUN_00765860	undefined FUN_00765860()	0	0	unknown	true		16	2405	168	26	6679
urn:ure:t6:occ:function:current-client:00765b20	0x00765b20	xbuild-enriched-full	true	00765b20	FUN_00765b20	undefined FUN_00765b20()	0	0	unknown	true		154	14972	869	131	36674
urn:ure:t6:occ:function:current-client:00766ac0	0x00766ac0	xbuild-enriched-full	true	00766ac0	FUN_00766ac0	undefined FUN_00766ac0()	0	0	unknown	true		10	1233	60	2	2954
urn:ure:t6:occ:function:current-client:00766c00	0x00766c00	xbuild-enriched-full	true	00766c00	FUN_00766c00	undefined FUN_00766c00()	0	0	unknown	true		16	1999	137	17	5232
urn:ure:t6:occ:function:current-client:00766e00	0x00766e00	xbuild-enriched-full	true	00766e00	FUN_00766e00	undefined FUN_00766e00()	0	0	unknown	true		43	6976	356	89	13183
urn:ure:t6:occ:function:current-client:007672f0	0x007672f0	xbuild-enriched-full	true	007672f0	FUN_007672f0	undefined FUN_007672f0()	0	0	unknown	true		7	1478	68	9	2769
urn:ure:t6:occ:function:current-client:007673e0	0x007673e0	xbuild-enriched-full	true	007673e0	FUN_007673e0	undefined FUN_007673e0()	0	0	unknown	true		7	1056	69	11	2697
urn:ure:t6:occ:function:current-client:007674e0	0x007674e0	xbuild-enriched-full	true	007674e0	FUN_007674e0	undefined FUN_007674e0()	0	0	unknown	true		19	2930	163	30	5751
urn:ure:t6:occ:function:current-client:00767700	0x00767700	xbuild-enriched-full	true	00767700	FUN_00767700	undefined FUN_00767700()	0	0	unknown	true		4	503	23	9	928
urn:ure:t6:occ:function:current-client:00767760	0x00767760	xbuild-enriched-full	true	00767760	FUN_00767760	undefined FUN_00767760()	0	0	unknown	true		3	461	19	4	863
urn:ure:t6:occ:function:current-client:007677b0	0x007677b0	xbuild-enriched-full	true	007677b0	FUN_007677b0	undefined FUN_007677b0()	0	0	unknown	true		3	496	27	4	945
urn:ure:t6:occ:function:current-client:00767800	0x00767800	xbuild-enriched-full	true	00767800	FUN_00767800	undefined FUN_00767800()	0	0	unknown	true		12	2187	108	44	3875
urn:ure:t6:occ:function:current-client:007679a0	0x007679a0	xbuild-enriched-full	true	007679a0	FUN_007679a0	undefined FUN_007679a0()	0	0	unknown	true		54	3907	381	94	15532
urn:ure:t6:occ:function:current-client:00768060	0x00768060	xbuild-enriched-full	true	00768060	FUN_00768060	undefined FUN_00768060()	0	0	unknown	true		28	2932	198	67	7710
urn:ure:t6:occ:function:current-client:007685b0	0x007685b0	xbuild-enriched-full	true	007685b0	FUN_007685b0	undefined FUN_007685b0()	0	0	unknown	true		15	3308	167	64	8210
urn:ure:t6:occ:function:current-client:00768980	0x00768980	xbuild-enriched-full	true	00768980	FUN_00768980	undefined FUN_00768980()	0	0	unknown	true		110	8324	530	253	22247
urn:ure:t6:occ:function:current-client:00769310	0x00769310	xbuild-enriched-full	true	00769310	FUN_00769310	undefined FUN_00769310()	0	0	unknown	true		381	11351	491	78	16714
urn:ure:t6:occ:function:current-client:007698b0	0x007698b0	xbuild-enriched-full	true	007698b0	FUN_007698b0	undefined FUN_007698b0()	0	0	unknown	true		466	18569	1012	548	42375
urn:ure:t6:occ:function:current-client:0076a970	0x0076a970	xbuild-enriched-full	true	0076a970	FUN_0076a970	undefined FUN_0076a970()	0	0	unknown	true		41	3514	253	90	10764
urn:ure:t6:occ:function:current-client:0076ae10	0x0076ae10	xbuild-enriched-full	true	0076ae10	FUN_0076ae10	undefined FUN_0076ae10()	0	0	unknown	true		4	551	36	16	1341
urn:ure:t6:occ:function:current-client:0076ae90	0x0076ae90	xbuild-enriched-full	true	0076ae90	FUN_0076ae90	undefined FUN_0076ae90()	0	0	unknown	true		58	4978	266	131	12557
urn:ure:t6:occ:function:current-client:0076b430	0x0076b430	xbuild-enriched-full	true	0076b430	FUN_0076b430	undefined FUN_0076b430()	0	0	unknown	true		25	2843	220	70	8467
urn:ure:t6:occ:function:current-client:0076b7a0	0x0076b7a0	xbuild-enriched-full	true	0076b7a0	FUN_0076b7a0	undefined FUN_0076b7a0()	0	0	unknown	true		22	2597	198	64	7727
urn:ure:t6:occ:function:current-client:0076bad0	0x0076bad0	xbuild-enriched-full	true	0076bad0	FUN_0076bad0	undefined FUN_0076bad0()	0	0	unknown	true		21	2597	198	64	7727
urn:ure:t6:occ:function:current-client:0076be00	0x0076be00	xbuild-enriched-full	true	0076be00	FUN_0076be00	undefined FUN_0076be00()	0	0	unknown	true		17	2263	141	46	5771
urn:ure:t6:occ:function:current-client:0076c070	0x0076c070	xbuild-enriched-full	true	0076c070	FUN_0076c070	undefined FUN_0076c070()	0	0	unknown	true		56	4568	363	129	14356
urn:ure:t6:occ:function:current-client:0076c650	0x0076c650	xbuild-enriched-full	true	0076c650	FUN_0076c650	undefined FUN_0076c650()	0	0	unknown	true		69	6000	379	151	15949
urn:ure:t6:occ:function:current-client:0076cd10	0x0076cd10	xbuild-enriched-full	true	0076cd10	FUN_0076cd10	undefined FUN_0076cd10()	0	0	unknown	true		22	2825	156	47	7149
urn:ure:t6:occ:function:current-client:0076d050	0x0076d050	xbuild-enriched-full	true	0076d050	FUN_0076d050	undefined FUN_0076d050()	0	0	unknown	true		10	1194	89	34	3766
urn:ure:t6:occ:function:current-client:0076d1e0	0x0076d1e0	xbuild-enriched-full	true	0076d1e0	FUN_0076d1e0	undefined FUN_0076d1e0()	0	0	unknown	true		16	2459	136	19	5667
urn:ure:t6:occ:function:current-client:0076d430	0x0076d430	xbuild-enriched-full	true	0076d430	FUN_0076d430	undefined FUN_0076d430()	0	0	unknown	true		9	1803	108	6	4597
urn:ure:t6:occ:function:current-client:0076d620	0x0076d620	xbuild-enriched-full	true	0076d620	FUN_0076d620	undefined FUN_0076d620()	0	0	unknown	true		27	4427	224	48	8932
urn:ure:t6:occ:function:current-client:0076d990	0x0076d990	xbuild-enriched-full	true	0076d990	FUN_0076d990	undefined FUN_0076d990()	0	0	unknown	true		9	1620	81	19	3385
urn:ure:t6:occ:function:current-client:0076daf0	0x0076daf0	xbuild-enriched-full	true	0076daf0	FUN_0076daf0	undefined FUN_0076daf0()	0	0	unknown	true		9	1355	79	16	3281
urn:ure:t6:occ:function:current-client:0076dc30	0x0076dc30	xbuild-enriched-full	true	0076dc30	FUN_0076dc30	undefined FUN_0076dc30()	0	0	unknown	true		4	662	40	9	1365
urn:ure:t6:occ:function:current-client:0076dca0	0x0076dca0	xbuild-enriched-full	true	0076dca0	FUN_0076dca0	undefined FUN_0076dca0()	0	0	unknown	true		9	1796	99	20	3454
urn:ure:t6:occ:function:current-client:0076dde0	0x0076dde0	xbuild-enriched-full	true	0076dde0	FUN_0076dde0	undefined FUN_0076dde0()	0	0	unknown	true		5	1174	48	4	1913
urn:ure:t6:occ:function:current-client:0076de80	0x0076de80	xbuild-enriched-full	true	0076de80	FUN_0076de80	undefined FUN_0076de80()	0	0	unknown	true		27	4427	234	40	9135
urn:ure:t6:occ:function:current-client:0076e1e0	0x0076e1e0	xbuild-enriched-full	true	0076e1e0	FUN_0076e1e0	undefined FUN_0076e1e0()	0	0	unknown	true		16	2085	148	24	5765
urn:ure:t6:occ:function:current-client:0076e3f0	0x0076e3f0	xbuild-enriched-full	true	0076e3f0	FUN_0076e3f0	undefined FUN_0076e3f0()	0	0	unknown	true		7	1023	91	17	3071
urn:ure:t6:occ:function:current-client:0076e5a0	0x0076e5a0	xbuild-enriched-full	true	0076e5a0	FUN_0076e5a0	undefined FUN_0076e5a0()	0	0	unknown	true		20	2756	188	35	6941
urn:ure:t6:occ:function:current-client:0076e800	0x0076e800	xbuild-enriched-full	true	0076e800	FUN_0076e800	undefined FUN_0076e800()	0	0	unknown	true		9	796	101	18	4160
urn:ure:t6:occ:function:current-client:0076e980	0x0076e980	xbuild-enriched-full	true	0076e980	FUN_0076e980	undefined FUN_0076e980()	0	0	unknown	true		25	3180	218	35	8309
urn:ure:t6:occ:function:current-client:0076ec70	0x0076ec70	xbuild-enriched-full	true	0076ec70	FUN_0076ec70	undefined FUN_0076ec70()	0	0	unknown	true		17	3349	140	23	6722
urn:ure:t6:occ:function:current-client:0076ef60	0x0076ef60	xbuild-enriched-full	true	0076ef60	FUN_0076ef60	undefined FUN_0076ef60()	0	0	unknown	true		16	3586	101	13	4680
urn:ure:t6:occ:function:current-client:0076f170	0x0076f170	xbuild-enriched-full	true	0076f170	FUN_0076f170	undefined FUN_0076f170()	0	0	unknown	true		15	2849	84	17	3657
urn:ure:t6:occ:function:current-client:0076f2f0	0x0076f2f0	xbuild-enriched-full	true	0076f2f0	FUN_0076f2f0	undefined FUN_0076f2f0()	0	0	unknown	true		10	2191	98	4	3913
urn:ure:t6:occ:function:current-client:0076f480	0x0076f480	xbuild-enriched-full	true	0076f480	FUN_0076f480	undefined FUN_0076f480()	0	0	unknown	true		5	880	53	6	1884
urn:ure:t6:occ:function:current-client:0076f510	0x0076f510	xbuild-enriched-full	true	0076f510	FUN_0076f510	undefined FUN_0076f510()	0	0	unknown	true		11	2279	76	8	3011
urn:ure:t6:occ:function:current-client:0076f650	0x0076f650	xbuild-enriched-full	true	0076f650	FUN_0076f650	undefined FUN_0076f650()	0	0	unknown	true		4	492	29	4	1170
urn:ure:t6:occ:function:current-client:0076f6c0	0x0076f6c0	xbuild-enriched-full	true	0076f6c0	FUN_0076f6c0	undefined FUN_0076f6c0()	0	0	unknown	true		8	1786	55	5	2608
urn:ure:t6:occ:function:current-client:0076f7e0	0x0076f7e0	xbuild-enriched-full	true	0076f7e0	FUN_0076f7e0	undefined FUN_0076f7e0()	0	0	unknown	true		4	729	21	2	1196
urn:ure:t6:occ:function:current-client:0076f860	0x0076f860	xbuild-enriched-full	true	0076f860	FUN_0076f860	undefined FUN_0076f860()	0	0	unknown	true		2	210	23	2	862
urn:ure:t6:occ:function:current-client:0076f8a0	0x0076f8a0	xbuild-enriched-full	true	0076f8a0	FUN_0076f8a0	undefined FUN_0076f8a0()	0	0	unknown	true		9	1338	65	26	2570
urn:ure:t6:occ:function:current-client:0076f9d0	0x0076f9d0	xbuild-enriched-full	true	0076f9d0	FUN_0076f9d0	undefined FUN_0076f9d0()	0	0	unknown	true		9	1228	60	23	2405
urn:ure:t6:occ:function:current-client:0076fae0	0x0076fae0	xbuild-enriched-full	true	0076fae0	FUN_0076fae0	undefined FUN_0076fae0()	0	0	unknown	true		9	1229	61	23	2425
urn:ure:t6:occ:function:current-client:0076fbf0	0x0076fbf0	xbuild-enriched-full	true	0076fbf0	FUN_0076fbf0	undefined FUN_0076fbf0()	0	0	unknown	true		5	847	43	7	1712
urn:ure:t6:occ:function:current-client:0076fca0	0x0076fca0	xbuild-enriched-full	true	0076fca0	FUN_0076fca0	undefined FUN_0076fca0()	0	0	unknown	true		5	514	43	9	1505
urn:ure:t6:occ:function:current-client:0076fd20	0x0076fd20	xbuild-enriched-full	true	0076fd20	FUN_0076fd20	undefined FUN_0076fd20()	0	0	unknown	true		4	878	46	8	1895
urn:ure:t6:occ:function:current-client:0076fde0	0x0076fde0	xbuild-enriched-full	true	0076fde0	FUN_0076fde0	undefined FUN_0076fde0()	0	0	unknown	true		5	543	49	9	1701
urn:ure:t6:occ:function:current-client:0076fe70	0x0076fe70	xbuild-enriched-full	true	0076fe70	FUN_0076fe70	undefined FUN_0076fe70()	0	0	unknown	true		5	904	47	8	1909
urn:ure:t6:occ:function:current-client:0076ff30	0x0076ff30	xbuild-enriched-full	true	0076ff30	FUN_0076ff30	undefined FUN_0076ff30()	0	0	unknown	true		1	101	7	1	358
urn:ure:t6:occ:function:current-client:0076ff50	0x0076ff50	xbuild-enriched-full	true	0076ff50	FUN_0076ff50	undefined FUN_0076ff50()	0	0	unknown	true		1	101	7	1	358
urn:ure:t6:occ:function:current-client:0076ff70	0x0076ff70	xbuild-enriched-full	true	0076ff70	FUN_0076ff70	undefined FUN_0076ff70()	0	0	unknown	true		5	665	49	12	1818
urn:ure:t6:occ:function:current-client:00770010	0x00770010	xbuild-enriched-full	true	00770010	FUN_00770010	undefined FUN_00770010()	0	0	unknown	true		5	886	47	8	1939
urn:ure:t6:occ:function:current-client:007700e0	0x007700e0	xbuild-enriched-full	true	007700e0	FUN_007700e0	undefined FUN_007700e0()	0	0	unknown	true		3	366	31	5	1257
urn:ure:t6:occ:function:current-client:00770150	0x00770150	xbuild-enriched-full	true	00770150	FUN_00770150	undefined FUN_00770150()	0	0	unknown	true		4	650	41	16	1686
urn:ure:t6:occ:function:current-client:00770200	0x00770200	xbuild-enriched-full	true	00770200	FUN_00770200	undefined FUN_00770200()	0	0	unknown	true		22	2471	167	49	5568
urn:ure:t6:occ:function:current-client:00770430	0x00770430	xbuild-enriched-full	true	00770430	FUN_00770430	undefined FUN_00770430()	0	0	unknown	true		18	1943	116	20	4223
urn:ure:t6:occ:function:current-client:007705b0	0x007705b0	xbuild-enriched-full	true	007705b0	FUN_007705b0	undefined FUN_007705b0()	0	0	unknown	true		18	1943	117	20	4243
urn:ure:t6:occ:function:current-client:00770730	0x00770730	xbuild-enriched-full	true	00770730	FUN_00770730	undefined FUN_00770730()	0	0	unknown	true		3	237	27	2	971
urn:ure:t6:occ:function:current-client:00770780	0x00770780	xbuild-enriched-full	true	00770780	FUN_00770780	undefined FUN_00770780()	0	0	unknown	true		4	513	43	9	1504
urn:ure:t6:occ:function:current-client:00770800	0x00770800	xbuild-enriched-full	true	00770800	FUN_00770800	undefined FUN_00770800()	0	0	unknown	true		2	238	27	2	978
urn:ure:t6:occ:function:current-client:00770850	0x00770850	xbuild-enriched-full	true	00770850	FUN_00770850	undefined FUN_00770850()	0	0	unknown	true		4	514	43	9	1505
urn:ure:t6:occ:function:current-client:007708d0	0x007708d0	xbuild-enriched-full	true	007708d0	FUN_007708d0	undefined FUN_007708d0()	0	0	unknown	true		8	514	43	9	1505
urn:ure:t6:occ:function:current-client:00770950	0x00770950	xbuild-enriched-full	true	00770950	FUN_00770950	undefined FUN_00770950()	0	0	unknown	true		2	237	26	2	942
urn:ure:t6:occ:function:current-client:00770990	0x00770990	xbuild-enriched-full	true	00770990	FUN_00770990	undefined FUN_00770990()	0	0	unknown	true		4	512	43	9	1504
urn:ure:t6:occ:function:current-client:00770a10	0x00770a10	xbuild-enriched-full	true	00770a10	FUN_00770a10	undefined FUN_00770a10()	0	0	unknown	true		3	238	27	2	978
urn:ure:t6:occ:function:current-client:00770a60	0x00770a60	xbuild-enriched-full	true	00770a60	FUN_00770a60	undefined FUN_00770a60()	0	0	unknown	true		5	514	43	9	1505
urn:ure:t6:occ:function:current-client:00770ae0	0x00770ae0	xbuild-enriched-full	true	00770ae0	FUN_00770ae0	undefined FUN_00770ae0()	0	0	unknown	true		3	237	27	2	971
urn:ure:t6:occ:function:current-client:00770b30	0x00770b30	xbuild-enriched-full	true	00770b30	FUN_00770b30	undefined FUN_00770b30()	0	0	unknown	true		5	512	43	9	1504
urn:ure:t6:occ:function:current-client:00770bb0	0x00770bb0	xbuild-enriched-full	true	00770bb0	FUN_00770bb0	undefined FUN_00770bb0()	0	0	unknown	true		2	238	27	2	978
urn:ure:t6:occ:function:current-client:00770c00	0x00770c00	xbuild-enriched-full	true	00770c00	FUN_00770c00	undefined FUN_00770c00()	0	0	unknown	true		5	514	43	9	1505
urn:ure:t6:occ:function:current-client:00770c80	0x00770c80	xbuild-enriched-full	true	00770c80	FUN_00770c80	undefined FUN_00770c80()	0	0	unknown	true		5	1141	30	5	1449
urn:ure:t6:occ:function:current-client:00770d00	0x00770d00	xbuild-enriched-full	true	00770d00	FUN_00770d00	undefined FUN_00770d00()	0	0	unknown	true		10	1947	100	4	4766
urn:ure:t6:occ:function:current-client:00770f00	0x00770f00	xbuild-enriched-full	true	00770f00	FUN_00770f00	undefined FUN_00770f00()	0	0	unknown	true		8	773	56	8	2477
urn:ure:t6:occ:function:current-client:00771000	0x00771000	xbuild-enriched-full	true	00771000	FUN_00771000	undefined FUN_00771000()	0	0	unknown	true		11	1736	86	19	3335
urn:ure:t6:occ:function:current-client:00771150	0x00771150	xbuild-enriched-full	true	00771150	FUN_00771150	undefined FUN_00771150()	0	0	unknown	true		13	2724	132	32	5135
urn:ure:t6:occ:function:current-client:00771350	0x00771350	xbuild-enriched-full	true	00771350	FUN_00771350	undefined FUN_00771350()	0	0	unknown	true		6	633	45	11	1824
urn:ure:t6:occ:function:current-client:00771400	0x00771400	xbuild-enriched-full	true	00771400	FUN_00771400	undefined FUN_00771400()	0	0	unknown	true		6	1157	39	14	1853
urn:ure:t6:occ:function:current-client:007714d0	0x007714d0	xbuild-enriched-full	true	007714d0	FUN_007714d0	undefined FUN_007714d0()	0	0	unknown	true		8	1155	51	13	1720
urn:ure:t6:occ:function:current-client:00771570	0x00771570	xbuild-enriched-full	true	00771570	FUN_00771570	undefined FUN_00771570()	0	0	unknown	true		3	375	25	8	917
urn:ure:t6:occ:function:current-client:007715d0	0x007715d0	xbuild-enriched-full	true	007715d0	FUN_007715d0	undefined FUN_007715d0()	0	0	unknown	true		20	2749	159	30	6219
urn:ure:t6:occ:function:current-client:00771840	0x00771840	xbuild-enriched-full	true	00771840	FUN_00771840	undefined FUN_00771840()	0	0	unknown	true		9	1937	84	3	4238
urn:ure:t6:occ:function:current-client:007719d0	0x007719d0	xbuild-enriched-full	true	007719d0	FUN_007719d0	undefined FUN_007719d0()	0	0	unknown	true		12	1858	93	5	4244
urn:ure:t6:occ:function:current-client:00771b70	0x00771b70	xbuild-enriched-full	true	00771b70	FUN_00771b70	undefined FUN_00771b70()	0	0	unknown	true		15	1724	152	28	5315
urn:ure:t6:occ:function:current-client:00771d70	0x00771d70	xbuild-enriched-full	true	00771d70	FUN_00771d70	undefined FUN_00771d70()	0	0	unknown	true		9	2039	74	40	4294
urn:ure:t6:occ:function:current-client:00771f60	0x00771f60	xbuild-enriched-full	true	00771f60	FUN_00771f60	undefined FUN_00771f60()	0	0	unknown	true		9	1190	67	22	2642
urn:ure:t6:occ:function:current-client:00772050	0x00772050	xbuild-enriched-full	true	00772050	FUN_00772050	undefined FUN_00772050()	0	0	unknown	true		11	891	77	22	3196
urn:ure:t6:occ:function:current-client:00772190	0x00772190	xbuild-enriched-full	true	00772190	FUN_00772190	undefined FUN_00772190()	0	0	unknown	true		7	779	46	15	1945
urn:ure:t6:occ:function:current-client:00772260	0x00772260	xbuild-enriched-full	true	00772260	FUN_00772260	undefined FUN_00772260()	0	0	unknown	true		41	4619	269	85	11177
urn:ure:t6:occ:function:current-client:007726e0	0x007726e0	xbuild-enriched-full	true	007726e0	FUN_007726e0	undefined FUN_007726e0()	0	0	unknown	true		8	783	52	6	1771
urn:ure:t6:occ:function:current-client:00772770	0x00772770	xbuild-enriched-full	true	00772770	FUN_00772770	undefined FUN_00772770()	0	0	unknown	true		7	859	64	12	2275
urn:ure:t6:occ:function:current-client:00772810	0x00772810	xbuild-enriched-full	true	00772810	FUN_00772810	undefined FUN_00772810()	0	0	unknown	true		9	1309	67	11	2964
urn:ure:t6:occ:function:current-client:00772940	0x00772940	xbuild-enriched-full	true	00772940	FUN_00772940	undefined FUN_00772940()	0	0	unknown	true		4	458	32	2	1508
urn:ure:t6:occ:function:current-client:00772ac0	0x00772ac0	xbuild-enriched-full	true	00772ac0	FUN_00772ac0	undefined FUN_00772ac0()	0	0	unknown	true		10	2129	88	5	4039
urn:ure:t6:occ:function:current-client:00772ca0	0x00772ca0	xbuild-enriched-full	true	00772ca0	FUN_00772ca0	undefined FUN_00772ca0()	0	0	unknown	true		6	747	40	6	1420
urn:ure:t6:occ:function:current-client:00772e30	0x00772e30	xbuild-enriched-full	true	00772e30	FUN_00772e30	undefined FUN_00772e30()	0	0	unknown	true		11	1657	82	10	3421
urn:ure:t6:occ:function:current-client:00772f90	0x00772f90	xbuild-enriched-full	true	00772f90	FUN_00772f90	undefined FUN_00772f90()	0	0	unknown	true		17	2742	83	20	3098
urn:ure:t6:occ:function:current-client:00773030	0x00773030	xbuild-enriched-full	true	00773030	FUN_00773030	undefined FUN_00773030()	0	0	unknown	true		11	1154	121	10	3909
urn:ure:t6:occ:function:current-client:00773170	0x00773170	xbuild-enriched-full	true	00773170	FUN_00773170	undefined FUN_00773170()	0	0	unknown	true		5	979	53	7	2072
urn:ure:t6:occ:function:current-client:00773230	0x00773230	xbuild-enriched-full	true	00773230	FUN_00773230	undefined FUN_00773230()	0	0	unknown	true		4	850	37	5	1687
urn:ure:t6:occ:function:current-client:007732e0	0x007732e0	xbuild-enriched-full	true	007732e0	FUN_007732e0	undefined FUN_007732e0()	0	0	unknown	true		7	1138	67	11	2461
urn:ure:t6:occ:function:current-client:007733d0	0x007733d0	xbuild-enriched-full	true	007733d0	FUN_007733d0	undefined FUN_007733d0()	0	0	unknown	true		10	1666	94	17	3523
urn:ure:t6:occ:function:current-client:00773520	0x00773520	xbuild-enriched-full	true	00773520	FUN_00773520	undefined FUN_00773520()	0	0	unknown	true		10	1146	66	14	2547
urn:ure:t6:occ:function:current-client:00773610	0x00773610	xbuild-enriched-full	true	00773610	FUN_00773610	undefined FUN_00773610()	0	0	unknown	true		4	553	37	7	1301
urn:ure:t6:occ:function:current-client:00773670	0x00773670	xbuild-enriched-full	true	00773670	FUN_00773670	undefined FUN_00773670()	0	0	unknown	true		6	688	47	7	1672
urn:ure:t6:occ:function:current-client:00773700	0x00773700	xbuild-enriched-full	true	00773700	FUN_00773700	undefined FUN_00773700()	0	0	unknown	true		2	320	15	4	620
urn:ure:t6:occ:function:current-client:00773730	0x00773730	xbuild-enriched-full	true	00773730	FUN_00773730	undefined FUN_00773730()	0	0	unknown	true		8	2151	78	27	2940
urn:ure:t6:occ:function:current-client:00773810	0x00773810	xbuild-enriched-full	true	00773810	FUN_00773810	undefined FUN_00773810()	0	0	unknown	true		3	646	35	4	1404
urn:ure:t6:occ:function:current-client:00773870	0x00773870	xbuild-enriched-full	true	00773870	FUN_00773870	undefined FUN_00773870()	0	0	unknown	true		7	1090	68	11	2511
urn:ure:t6:occ:function:current-client:00773940	0x00773940	xbuild-enriched-full	true	00773940	FUN_00773940	undefined FUN_00773940()	0	0	unknown	true		7	1281	57	11	2384
urn:ure:t6:occ:function:current-client:00773a30	0x00773a30	xbuild-enriched-full	true	00773a30	FUN_00773a30	undefined FUN_00773a30()	0	0	unknown	true		4	885	45	4	2047
urn:ure:t6:occ:function:current-client:00773af0	0x00773af0	xbuild-enriched-full	true	00773af0	FUN_00773af0	undefined FUN_00773af0()	0	0	unknown	true		9	2195	98	25	3738
urn:ure:t6:occ:function:current-client:00773c30	0x00773c30	xbuild-enriched-full	true	00773c30	FUN_00773c30	undefined FUN_00773c30()	0	0	unknown	true		4	704	40	8	1650
urn:ure:t6:occ:function:current-client:00773cc0	0x00773cc0	xbuild-enriched-full	true	00773cc0	FUN_00773cc0	undefined FUN_00773cc0()	0	0	unknown	true		6	1379	52	5	2587
urn:ure:t6:occ:function:current-client:00773df0	0x00773df0	xbuild-enriched-full	true	00773df0	FUN_00773df0	undefined FUN_00773df0()	0	0	unknown	true		3	618	35	4	1186
urn:ure:t6:occ:function:current-client:00773e50	0x00773e50	xbuild-enriched-full	true	00773e50	FUN_00773e50	undefined FUN_00773e50()	0	0	unknown	true		1	341	10	2	593
urn:ure:t6:occ:function:current-client:00773e80	0x00773e80	xbuild-enriched-full	true	00773e80	FUN_00773e80	undefined FUN_00773e80()	0	0	unknown	true		3	444	29	5	1189
urn:ure:t6:occ:function:current-client:00773ef0	0x00773ef0	xbuild-enriched-full	true	00773ef0	FUN_00773ef0	undefined FUN_00773ef0()	0	0	unknown	true		3	628	29	6	1233
urn:ure:t6:occ:function:current-client:00773f60	0x00773f60	xbuild-enriched-full	true	00773f60	FUN_00773f60	undefined FUN_00773f60()	0	0	unknown	true		4	730	45	7	1656
urn:ure:t6:occ:function:current-client:00773ff0	0x00773ff0	xbuild-enriched-full	true	00773ff0	FUN_00773ff0	undefined FUN_00773ff0()	0	0	unknown	true		4	822	38	9	1440
urn:ure:t6:occ:function:current-client:00774060	0x00774060	xbuild-enriched-full	true	00774060	FUN_00774060	undefined FUN_00774060()	0	0	unknown	true		3	612	28	10	1106
urn:ure:t6:occ:function:current-client:007740c0	0x007740c0	xbuild-enriched-full	true	007740c0	FUN_007740c0	undefined FUN_007740c0()	0	0	unknown	true		3	753	42	8	1509
urn:ure:t6:occ:function:current-client:00774130	0x00774130	xbuild-enriched-full	true	00774130	FUN_00774130	undefined FUN_00774130()	0	0	unknown	true		5	1005	59	13	2074
urn:ure:t6:occ:function:current-client:007741d0	0x007741d0	xbuild-enriched-full	true	007741d0	FUN_007741d0	undefined FUN_007741d0()	0	0	unknown	true		3	612	28	10	1106
urn:ure:t6:occ:function:current-client:00774230	0x00774230	xbuild-enriched-full	true	00774230	FUN_00774230	undefined FUN_00774230()	0	0	unknown	true		4	909	53	11	1924
urn:ure:t6:occ:function:current-client:007742b0	0x007742b0	xbuild-enriched-full	true	007742b0	FUN_007742b0	undefined FUN_007742b0()	0	0	unknown	true		2	305	23	4	817
urn:ure:t6:occ:function:current-client:007742f0	0x007742f0	xbuild-enriched-full	true	007742f0	FUN_007742f0	undefined FUN_007742f0()	0	0	unknown	true		2	305	23	4	817
urn:ure:t6:occ:function:current-client:00774330	0x00774330	xbuild-enriched-full	true	00774330	FUN_00774330	undefined FUN_00774330()	0	0	unknown	true		1	195	11	3	481
urn:ure:t6:occ:function:current-client:00774350	0x00774350	xbuild-enriched-full	true	00774350	FUN_00774350	undefined FUN_00774350()	0	0	unknown	true		3	784	28	7	1173
urn:ure:t6:occ:function:current-client:007743a0	0x007743a0	xbuild-enriched-full	true	007743a0	FUN_007743a0	undefined FUN_007743a0()	0	0	unknown	true		3	784	28	7	1173
urn:ure:t6:occ:function:current-client:007743f0	0x007743f0	xbuild-enriched-full	true	007743f0	FUN_007743f0	undefined FUN_007743f0()	0	0	unknown	true		6	1273	58	17	2163
urn:ure:t6:occ:function:current-client:007744a0	0x007744a0	xbuild-enriched-full	true	007744a0	FUN_007744a0	undefined FUN_007744a0()	0	0	unknown	true		6	1273	58	17	2163
urn:ure:t6:occ:function:current-client:00774550	0x00774550	xbuild-enriched-full	true	00774550	FUN_00774550	undefined FUN_00774550()	0	0	unknown	true		21	4827	200	65	7728
urn:ure:t6:occ:function:current-client:007747a0	0x007747a0	xbuild-enriched-full	true	007747a0	FUN_007747a0	undefined FUN_007747a0()	0	0	unknown	true		21	4827	200	65	7728
urn:ure:t6:occ:function:current-client:007749f0	0x007749f0	xbuild-enriched-full	true	007749f0	FUN_007749f0	undefined FUN_007749f0()	0	0	unknown	true		3	785	27	4	1192
urn:ure:t6:occ:function:current-client:00774a40	0x00774a40	xbuild-enriched-full	true	00774a40	FUN_00774a40	undefined FUN_00774a40()	0	0	unknown	true		2	783	27	4	1224
urn:ure:t6:occ:function:current-client:00774a90	0x00774a90	xbuild-enriched-full	true	00774a90	FUN_00774a90	undefined FUN_00774a90()	0	0	unknown	true		1	252	9	2	463
urn:ure:t6:occ:function:current-client:00774ab0	0x00774ab0	xbuild-enriched-full	true	00774ab0	FUN_00774ab0	undefined FUN_00774ab0()	0	0	unknown	true		2	785	27	4	1192
urn:ure:t6:occ:function:current-client:00774b00	0x00774b00	xbuild-enriched-full	true	00774b00	FUN_00774b00	undefined FUN_00774b00()	0	0	unknown	true		3	783	27	4	1224
urn:ure:t6:occ:function:current-client:00774b50	0x00774b50	xbuild-enriched-full	true	00774b50	FUN_00774b50	undefined FUN_00774b50()	0	0	unknown	true		1	252	9	2	463
urn:ure:t6:occ:function:current-client:00774b70	0x00774b70	xbuild-enriched-full	true	00774b70	FUN_00774b70	undefined FUN_00774b70()	0	0	unknown	true		10	1366	116	25	3654
urn:ure:t6:occ:function:current-client:00774ca0	0x00774ca0	xbuild-enriched-full	true	00774ca0	FUN_00774ca0	undefined FUN_00774ca0()	0	0	unknown	true		13	1815	158	35	5033
urn:ure:t6:occ:function:current-client:00774e40	0x00774e40	xbuild-enriched-full	true	00774e40	FUN_00774e40	undefined FUN_00774e40()	0	0	unknown	true		7	1143	79	12	2706
urn:ure:t6:occ:function:current-client:00774f10	0x00774f10	xbuild-enriched-full	true	00774f10	FUN_00774f10	undefined FUN_00774f10()	0	0	unknown	true		20	4543	183	51	7468
urn:ure:t6:occ:function:current-client:00775140	0x00775140	xbuild-enriched-full	true	00775140	FUN_00775140	undefined FUN_00775140()	0	0	unknown	true		8	1544	87	16	2949
urn:ure:t6:occ:function:current-client:00775220	0x00775220	xbuild-enriched-full	true	00775220	FUN_00775220	undefined FUN_00775220()	0	0	unknown	true		20	4542	183	51	7467
urn:ure:t6:occ:function:current-client:00775450	0x00775450	xbuild-enriched-full	true	00775450	FUN_00775450	undefined FUN_00775450()	0	0	unknown	true		4	858	34	8	1365
urn:ure:t6:occ:function:current-client:007754b0	0x007754b0	xbuild-enriched-full	true	007754b0	FUN_007754b0	undefined FUN_007754b0()	0	0	unknown	true		4	858	34	8	1365
urn:ure:t6:occ:function:current-client:00775510	0x00775510	xbuild-enriched-full	true	00775510	FUN_00775510	undefined FUN_00775510()	0	0	unknown	true		30	1118	54	11	2030
urn:ure:t6:occ:function:current-client:007755d0	0x007755d0	xbuild-enriched-full	true	007755d0	FUN_007755d0	undefined FUN_007755d0()	0	0	unknown	true		6	1148	56	11	2123
urn:ure:t6:occ:function:current-client:00775690	0x00775690	xbuild-enriched-full	true	00775690	FUN_00775690	undefined FUN_00775690()	0	0	unknown	true		6	754	57	7	2093
urn:ure:t6:occ:function:current-client:00775740	0x00775740	xbuild-enriched-full	true	00775740	FUN_00775740	undefined FUN_00775740()	0	0	unknown	true		13	2058	106	16	4351
urn:ure:t6:occ:function:current-client:00775910	0x00775910	xbuild-enriched-full	true	00775910	FUN_00775910	undefined FUN_00775910()	0	0	unknown	true		8	1295	75	12	2721
urn:ure:t6:occ:function:current-client:00775a00	0x00775a00	xbuild-enriched-full	true	00775a00	FUN_00775a00	undefined FUN_00775a00()	0	0	unknown	true		8	999	70	11	2432
urn:ure:t6:occ:function:current-client:00775ad0	0x00775ad0	xbuild-enriched-full	true	00775ad0	FUN_00775ad0	undefined FUN_00775ad0()	0	0	unknown	true		7	1327	67	11	2621
urn:ure:t6:occ:function:current-client:00775bc0	0x00775bc0	xbuild-enriched-full	true	00775bc0	FUN_00775bc0	undefined FUN_00775bc0()	0	0	unknown	true		4	835	41	7	1746
urn:ure:t6:occ:function:current-client:00775c80	0x00775c80	xbuild-enriched-full	true	00775c80	FUN_00775c80	undefined FUN_00775c80()	0	0	unknown	true		7	1004	76	20	2715
urn:ure:t6:occ:function:current-client:00775d90	0x00775d90	xbuild-enriched-full	true	00775d90	FUN_00775d90	undefined FUN_00775d90()	0	0	unknown	true		8	1018	72	14	2418
urn:ure:t6:occ:function:current-client:00775ed0	0x00775ed0	xbuild-enriched-full	true	00775ed0	FUN_00775ed0	undefined FUN_00775ed0()	0	0	unknown	true		5	462	31	28	1184
urn:ure:t6:occ:function:current-client:007761e0	0x007761e0	xbuild-enriched-full	true	007761e0	FUN_007761e0	undefined FUN_007761e0()	0	0	unknown	true		5	950	55	13	1849
urn:ure:t6:occ:function:current-client:00776270	0x00776270	xbuild-enriched-full	true	00776270	FUN_00776270	undefined FUN_00776270()	0	0	unknown	true		9	595	101	9	3515
urn:ure:t6:occ:function:current-client:007763a0	0x007763a0	xbuild-enriched-full	true	007763a0	FUN_007763a0	undefined FUN_007763a0()	0	0	unknown	true		34	4326	266	84	10832
urn:ure:t6:occ:function:current-client:007767c0	0x007767c0	xbuild-enriched-full	true	007767c0	FUN_007767c0	undefined FUN_007767c0()	0	0	unknown	true		9	1052	90	26	3149
urn:ure:t6:occ:function:current-client:007768e0	0x007768e0	xbuild-enriched-full	true	007768e0	FUN_007768e0	undefined FUN_007768e0()	0	0	unknown	true		13	1573	111	27	3780
urn:ure:t6:occ:function:current-client:00776af0	0x00776af0	xbuild-enriched-full	true	00776af0	FUN_00776af0	undefined FUN_00776af0()	0	0	unknown	true		6	863	56	13	2021
urn:ure:t6:occ:function:current-client:00776bd0	0x00776bd0	xbuild-enriched-full	true	00776bd0	FUN_00776bd0	undefined FUN_00776bd0()	0	0	unknown	true		10	1324	82	27	2985
urn:ure:t6:occ:function:current-client:00776cf0	0x00776cf0	xbuild-enriched-full	true	00776cf0	FUN_00776cf0	undefined FUN_00776cf0()	0	0	unknown	true		7	793	43	28	1855
urn:ure:t6:occ:function:current-client:00776dc0	0x00776dc0	xbuild-enriched-full	true	00776dc0	FUN_00776dc0	undefined FUN_00776dc0()	0	0	unknown	true		4	593	26	16	1133
urn:ure:t6:occ:function:current-client:00776e30	0x00776e30	xbuild-enriched-full	true	00776e30	FUN_00776e30	undefined FUN_00776e30()	0	0	unknown	true		12	1993	109	18	3722
urn:ure:t6:occ:function:current-client:00777280	0x00777280	xbuild-enriched-full	true	00777280	FUN_00777280	undefined FUN_00777280()	0	0	unknown	true		5	794	36	18	1437
urn:ure:t6:occ:function:current-client:00777310	0x00777310	xbuild-enriched-full	true	00777310	FUN_00777310	undefined FUN_00777310()	0	0	unknown	true		5	805	37	15	1468
urn:ure:t6:occ:function:current-client:007777b0	0x007777b0	xbuild-enriched-full	true	007777b0	FUN_007777b0	undefined FUN_007777b0()	0	0	unknown	true		10	1409	79	42	3004
urn:ure:t6:occ:function:current-client:00777f40	0x00777f40	xbuild-enriched-full	true	00777f40	FUN_00777f40	undefined FUN_00777f40()	0	0	unknown	true		3	363	19	4	687
urn:ure:t6:occ:function:current-client:00777fe0	0x00777fe0	xbuild-enriched-full	true	00777fe0	FUN_00777fe0	undefined FUN_00777fe0()	0	0	unknown	true		2	469	21	6	758
urn:ure:t6:occ:function:current-client:00778020	0x00778020	xbuild-enriched-full	true	00778020	FUN_00778020	undefined FUN_00778020()	0	0	unknown	true		5	679	34	15	1273
urn:ure:t6:occ:function:current-client:007780a0	0x007780a0	xbuild-enriched-full	true	007780a0	FUN_007780a0	undefined FUN_007780a0()	0	0	unknown	true		16	2324	132	20	4713
urn:ure:t6:occ:function:current-client:00778250	0x00778250	xbuild-enriched-full	true	00778250	FUN_00778250	undefined FUN_00778250()	0	0	unknown	true		14	2415	137	20	4852
urn:ure:t6:occ:function:current-client:00778400	0x00778400	xbuild-enriched-full	true	00778400	FUN_00778400	undefined FUN_00778400()	0	0	unknown	true		9	946	89	19	2561
urn:ure:t6:occ:function:current-client:00778500	0x00778500	xbuild-enriched-full	true	00778500	FUN_00778500	undefined FUN_00778500()	0	0	unknown	true		9	1278	78	14	2694
urn:ure:t6:occ:function:current-client:007785e0	0x007785e0	xbuild-enriched-full	true	007785e0	FUN_007785e0	undefined FUN_007785e0()	0	0	unknown	true		23	2841	202	44	6431
urn:ure:t6:occ:function:current-client:00778830	0x00778830	xbuild-enriched-full	true	00778830	FUN_00778830	undefined FUN_00778830()	0	0	unknown	true		6	672	67	8	2043
urn:ure:t6:occ:function:current-client:007788d0	0x007788d0	xbuild-enriched-full	true	007788d0	FUN_007788d0	undefined FUN_007788d0()	0	0	unknown	true		1	123	11	1	489
urn:ure:t6:occ:function:current-client:00778900	0x00778900	xbuild-enriched-full	true	00778900	FUN_00778900	undefined FUN_00778900()	0	0	unknown	true		1	123	11	1	489
urn:ure:t6:occ:function:current-client:00778930	0x00778930	xbuild-enriched-full	true	00778930	FUN_00778930	undefined FUN_00778930()	0	0	unknown	true		1	114	11	1	482
urn:ure:t6:occ:function:current-client:00778960	0x00778960	xbuild-enriched-full	true	00778960	FUN_00778960	undefined FUN_00778960()	0	0	unknown	true		1	123	11	1	489
urn:ure:t6:occ:function:current-client:00778990	0x00778990	xbuild-enriched-full	true	00778990	FUN_00778990	undefined FUN_00778990()	0	0	unknown	true		1	123	11	1	489
urn:ure:t6:occ:function:current-client:007789c0	0x007789c0	xbuild-enriched-full	true	007789c0	FUN_007789c0	undefined FUN_007789c0()	0	0	unknown	true		1	123	11	1	489
urn:ure:t6:occ:function:current-client:007789f0	0x007789f0	xbuild-enriched-full	true	007789f0	FUN_007789f0	undefined FUN_007789f0()	0	0	unknown	true		1	121	11	1	487
urn:ure:t6:occ:function:current-client:00778a20	0x00778a20	xbuild-enriched-full	true	00778a20	FUN_00778a20	undefined FUN_00778a20()	0	0	unknown	true		2	243	15	1	668
urn:ure:t6:occ:function:current-client:00778a60	0x00778a60	xbuild-enriched-full	true	00778a60	FUN_00778a60	undefined FUN_00778a60()	0	0	unknown	true		1	243	15	1	668
urn:ure:t6:occ:function:current-client:00778aa0	0x00778aa0	xbuild-enriched-full	true	00778aa0	FUN_00778aa0	undefined FUN_00778aa0()	0	0	unknown	true		2	243	15	1	668
urn:ure:t6:occ:function:current-client:00778ae0	0x00778ae0	xbuild-enriched-full	true	00778ae0	FUN_00778ae0	undefined FUN_00778ae0()	0	0	unknown	true		1	243	15	1	668
urn:ure:t6:occ:function:current-client:00778b20	0x00778b20	xbuild-enriched-full	true	00778b20	FUN_00778b20	undefined FUN_00778b20()	0	0	unknown	true		2	243	15	1	668
urn:ure:t6:occ:function:current-client:00778b60	0x00778b60	xbuild-enriched-full	true	00778b60	FUN_00778b60	undefined FUN_00778b60()	0	0	unknown	true		2	243	15	1	668
urn:ure:t6:occ:function:current-client:00778ba0	0x00778ba0	xbuild-enriched-full	true	00778ba0	FUN_00778ba0	undefined FUN_00778ba0()	0	0	unknown	true		2	243	15	1	668
urn:ure:t6:occ:function:current-client:00778be0	0x00778be0	xbuild-enriched-full	true	00778be0	FUN_00778be0	undefined FUN_00778be0()	0	0	unknown	true		1	243	15	1	668
urn:ure:t6:occ:function:current-client:00778c20	0x00778c20	xbuild-enriched-full	true	00778c20	FUN_00778c20	undefined FUN_00778c20()	0	0	unknown	true		2	243	15	1	668
urn:ure:t6:occ:function:current-client:00778c60	0x00778c60	xbuild-enriched-full	true	00778c60	FUN_00778c60	undefined FUN_00778c60()	0	0	unknown	true		2	243	15	1	668
urn:ure:t6:occ:function:current-client:00778ca0	0x00778ca0	xbuild-enriched-full	true	00778ca0	FUN_00778ca0	undefined FUN_00778ca0()	0	0	unknown	true		2	243	15	1	668
urn:ure:t6:occ:function:current-client:00778ce0	0x00778ce0	xbuild-enriched-full	true	00778ce0	FUN_00778ce0	undefined FUN_00778ce0()	0	0	unknown	true		2	243	15	1	668
urn:ure:t6:occ:function:current-client:00778d20	0x00778d20	xbuild-enriched-full	true	00778d20	FUN_00778d20	undefined FUN_00778d20()	0	0	unknown	true		2	243	15	1	668
urn:ure:t6:occ:function:current-client:00778d60	0x00778d60	xbuild-enriched-full	true	00778d60	FUN_00778d60	undefined FUN_00778d60()	0	0	unknown	true		1	243	15	1	668
urn:ure:t6:occ:function:current-client:00778da0	0x00778da0	xbuild-enriched-full	true	00778da0	FUN_00778da0	undefined FUN_00778da0()	0	0	unknown	true		2	243	15	1	668
urn:ure:t6:occ:function:current-client:00778de0	0x00778de0	xbuild-enriched-full	true	00778de0	FUN_00778de0	undefined FUN_00778de0()	0	0	unknown	true		1	242	15	1	667
urn:ure:t6:occ:function:current-client:00778e20	0x00778e20	xbuild-enriched-full	true	00778e20	FUN_00778e20	undefined FUN_00778e20()	0	0	unknown	true		1	242	15	1	667
urn:ure:t6:occ:function:current-client:00778e60	0x00778e60	xbuild-enriched-full	true	00778e60	FUN_00778e60	undefined FUN_00778e60()	0	0	unknown	true		1	242	15	1	667
urn:ure:t6:occ:function:current-client:00778ea0	0x00778ea0	xbuild-enriched-full	true	00778ea0	FUN_00778ea0	undefined FUN_00778ea0()	0	0	unknown	true		2	242	15	1	667
urn:ure:t6:occ:function:current-client:00778ee0	0x00778ee0	xbuild-enriched-full	true	00778ee0	FUN_00778ee0	undefined FUN_00778ee0()	0	0	unknown	true		2	242	15	1	667
urn:ure:t6:occ:function:current-client:00778f20	0x00778f20	xbuild-enriched-full	true	00778f20	FUN_00778f20	undefined FUN_00778f20()	0	0	unknown	true		2	242	15	1	667
urn:ure:t6:occ:function:current-client:00778f60	0x00778f60	xbuild-enriched-full	true	00778f60	FUN_00778f60	undefined FUN_00778f60()	0	0	unknown	true		2	242	15	1	667
urn:ure:t6:occ:function:current-client:00778fa0	0x00778fa0	xbuild-enriched-full	true	00778fa0	FUN_00778fa0	undefined FUN_00778fa0()	0	0	unknown	true		2	242	15	1	667
urn:ure:t6:occ:function:current-client:00778fe0	0x00778fe0	xbuild-enriched-full	true	00778fe0	FUN_00778fe0	undefined FUN_00778fe0()	0	0	unknown	true		6	963	51	10	2222
urn:ure:t6:occ:function:current-client:007790d0	0x007790d0	xbuild-enriched-full	true	007790d0	FUN_007790d0	undefined FUN_007790d0()	0	0	unknown	true		7	878	59	17	2320
urn:ure:t6:occ:function:current-client:00779210	0x00779210	xbuild-enriched-full	true	00779210	FUN_00779210	undefined FUN_00779210()	0	0	unknown	true		4	705	30	3	1172
urn:ure:t6:occ:function:current-client:00779260	0x00779260	xbuild-enriched-full	true	00779260	FUN_00779260	undefined FUN_00779260()	0	0	unknown	true		11	2020	95	17	3474
urn:ure:t6:occ:function:current-client:00779380	0x00779380	xbuild-enriched-full	true	00779380	FUN_00779380	undefined FUN_00779380()	0	0	unknown	true		15	3039	127	21	4497
urn:ure:t6:occ:function:current-client:00779510	0x00779510	xbuild-enriched-full	true	00779510	FUN_00779510	undefined FUN_00779510()	0	0	unknown	true		7	1009	76	13	2739
urn:ure:t6:occ:function:current-client:007795d0	0x007795d0	xbuild-enriched-full	true	007795d0	FUN_007795d0	undefined FUN_007795d0()	0	0	unknown	true		3	547	32	7	1184
urn:ure:t6:occ:function:current-client:00779630	0x00779630	xbuild-enriched-full	true	00779630	FUN_00779630	undefined FUN_00779630()	0	0	unknown	true		25	4167	241	31	9377
urn:ure:t6:occ:function:current-client:00779940	0x00779940	xbuild-enriched-full	true	00779940	FUN_00779940	undefined FUN_00779940()	0	0	unknown	true		14	2431	146	21	5524
urn:ure:t6:occ:function:current-client:00779b10	0x00779b10	xbuild-enriched-full	true	00779b10	FUN_00779b10	undefined FUN_00779b10()	0	0	unknown	true		3	745	29	2	1427
urn:ure:t6:occ:function:current-client:00779b90	0x00779b90	xbuild-enriched-full	true	00779b90	FUN_00779b90	undefined FUN_00779b90()	0	0	unknown	true		1	195	11	3	474
urn:ure:t6:occ:function:current-client:00779bb0	0x00779bb0	xbuild-enriched-full	true	00779bb0	FUN_00779bb0	undefined FUN_00779bb0()	0	0	unknown	true		41	5870	305	36	12372
urn:ure:t6:occ:function:current-client:0077a020	0x0077a020	xbuild-enriched-full	true	0077a020	FUN_0077a020	undefined FUN_0077a020()	0	0	unknown	true		35	4476	270	30	10559
urn:ure:t6:occ:function:current-client:0077a3c0	0x0077a3c0	xbuild-enriched-full	true	0077a3c0	FUN_0077a3c0	undefined FUN_0077a3c0()	0	0	unknown	true		32	4391	259	30	10006
urn:ure:t6:occ:function:current-client:0077a740	0x0077a740	xbuild-enriched-full	true	0077a740	FUN_0077a740	undefined FUN_0077a740()	0	0	unknown	true		75	7130	492	71	19272
urn:ure:t6:occ:function:current-client:0077ae40	0x0077ae40	xbuild-enriched-full	true	0077ae40	FUN_0077ae40	undefined FUN_0077ae40()	0	0	unknown	true		18	3842	196	23	8232
urn:ure:t6:occ:function:current-client:0077b1b0	0x0077b1b0	xbuild-enriched-full	true	0077b1b0	FUN_0077b1b0	undefined FUN_0077b1b0()	0	0	unknown	true		20	2360	165	20	6305
urn:ure:t6:occ:function:current-client:0077b3e0	0x0077b3e0	xbuild-enriched-full	true	0077b3e0	FUN_0077b3e0	undefined FUN_0077b3e0()	0	0	unknown	true		5	667	52	4	1989
urn:ure:t6:occ:function:current-client:0077b490	0x0077b490	xbuild-enriched-full	true	0077b490	FUN_0077b490	undefined FUN_0077b490()	0	0	unknown	true		8	948	81	9	2750
urn:ure:t6:occ:function:current-client:0077b570	0x0077b570	xbuild-enriched-full	true	0077b570	FUN_0077b570	undefined FUN_0077b570()	0	0	unknown	true		72	6556	434	59	17606
urn:ure:t6:occ:function:current-client:0077bc30	0x0077bc30	xbuild-enriched-full	true	0077bc30	FUN_0077bc30	undefined FUN_0077bc30()	0	0	unknown	true		42	4800	319	41	12330
urn:ure:t6:occ:function:current-client:0077c0b0	0x0077c0b0	xbuild-enriched-full	true	0077c0b0	FUN_0077c0b0	undefined FUN_0077c0b0()	0	0	unknown	true		82	9005	442	56	18592
urn:ure:t6:occ:function:current-client:0077c820	0x0077c820	xbuild-enriched-full	true	0077c820	FUN_0077c820	undefined FUN_0077c820()	0	0	unknown	true		18	1910	149	19	5581
urn:ure:t6:occ:function:current-client:0077ca10	0x0077ca10	xbuild-enriched-full	true	0077ca10	FUN_0077ca10	undefined FUN_0077ca10()	0	0	unknown	true		9	1318	88	10	3348
urn:ure:t6:occ:function:current-client:0077cb40	0x0077cb40	xbuild-enriched-full	true	0077cb40	FUN_0077cb40	undefined FUN_0077cb40()	0	0	unknown	true		21	2977	195	28	7360
urn:ure:t6:occ:function:current-client:0077cde0	0x0077cde0	xbuild-enriched-full	true	0077cde0	FUN_0077cde0	undefined FUN_0077cde0()	0	0	unknown	true		5	898	40	2	1860
urn:ure:t6:occ:function:current-client:0077cea0	0x0077cea0	xbuild-enriched-full	true	0077cea0	FUN_0077cea0	undefined FUN_0077cea0()	0	0	unknown	true		59	6860	427	58	16794
urn:ure:t6:occ:function:current-client:0077d490	0x0077d490	xbuild-enriched-full	true	0077d490	FUN_0077d490	undefined FUN_0077d490()	0	0	unknown	true		10	1802	98	9	3652
urn:ure:t6:occ:function:current-client:0077d5c0	0x0077d5c0	xbuild-enriched-full	true	0077d5c0	FUN_0077d5c0	undefined FUN_0077d5c0()	0	0	unknown	true		11	2283	96	13	3793
urn:ure:t6:occ:function:current-client:0077d710	0x0077d710	xbuild-enriched-full	true	0077d710	FUN_0077d710	undefined FUN_0077d710()	0	0	unknown	true		10	2041	92	17	3488
urn:ure:t6:occ:function:current-client:0077d830	0x0077d830	xbuild-enriched-full	true	0077d830	FUN_0077d830	undefined FUN_0077d830()	0	0	unknown	true		2	238	18	2	744
urn:ure:t6:occ:function:current-client:0077d870	0x0077d870	xbuild-enriched-full	true	0077d870	FUN_0077d870	undefined FUN_0077d870()	0	0	unknown	true		17	3136	129	21	5134
urn:ure:t6:occ:function:current-client:0077da30	0x0077da30	xbuild-enriched-full	true	0077da30	FUN_0077da30	undefined FUN_0077da30()	0	0	unknown	true		14	2675	105	16	4088
urn:ure:t6:occ:function:current-client:0077dba0	0x0077dba0	xbuild-enriched-full	true	0077dba0	FUN_0077dba0	undefined FUN_0077dba0()	0	0	unknown	true		2	200	20	2	819
urn:ure:t6:occ:function:current-client:0077dbe0	0x0077dbe0	xbuild-enriched-full	true	0077dbe0	FUN_0077dbe0	undefined FUN_0077dbe0()	0	0	unknown	true		2	191	23	2	881
urn:ure:t6:occ:function:current-client:0077dc20	0x0077dc20	xbuild-enriched-full	true	0077dc20	FUN_0077dc20	undefined FUN_0077dc20()	0	0	unknown	true		7	1220	67	10	2568
urn:ure:t6:occ:function:current-client:0077dce0	0x0077dce0	xbuild-enriched-full	true	0077dce0	FUN_0077dce0	undefined FUN_0077dce0()	0	0	unknown	true		23	4105	181	34	6985
urn:ure:t6:occ:function:current-client:0077df40	0x0077df40	xbuild-enriched-full	true	0077df40	FUN_0077df40	undefined FUN_0077df40()	0	0	unknown	true		10	1218	88	11	3102
urn:ure:t6:occ:function:current-client:0077e040	0x0077e040	xbuild-enriched-full	true	0077e040	FUN_0077e040	undefined FUN_0077e040()	0	0	unknown	true		6	1094	55	9	2015
urn:ure:t6:occ:function:current-client:0077e0e0	0x0077e0e0	xbuild-enriched-full	true	0077e0e0	FUN_0077e0e0	undefined FUN_0077e0e0()	0	0	unknown	true		6	894	59	6	2260
urn:ure:t6:occ:function:current-client:0077e190	0x0077e190	xbuild-enriched-full	true	0077e190	FUN_0077e190	undefined FUN_0077e190()	0	0	unknown	true		7	843	65	8	2231
urn:ure:t6:occ:function:current-client:0077e240	0x0077e240	xbuild-enriched-full	true	0077e240	FUN_0077e240	undefined FUN_0077e240()	0	0	unknown	true		17	2470	57	4	2503
urn:ure:t6:occ:function:current-client:0077e320	0x0077e320	xbuild-enriched-full	true	0077e320	FUN_0077e320	undefined FUN_0077e320()	0	0	unknown	true		24	3632	187	18	7955
urn:ure:t6:occ:function:current-client:0077e600	0x0077e600	xbuild-enriched-full	true	0077e600	FUN_0077e600	undefined FUN_0077e600()	0	0	unknown	true		23	3854	185	23	7398
urn:ure:t6:occ:function:current-client:0077e8a0	0x0077e8a0	xbuild-enriched-full	true	0077e8a0	FUN_0077e8a0	undefined FUN_0077e8a0()	0	0	unknown	true		15	2702	129	15	5237
urn:ure:t6:occ:function:current-client:0077ea70	0x0077ea70	xbuild-enriched-full	true	0077ea70	FUN_0077ea70	undefined FUN_0077ea70()	0	0	unknown	true		2	239	14	1	561
urn:ure:t6:occ:function:current-client:0077ea90	0x0077ea90	xbuild-enriched-full	true	0077ea90	FUN_0077ea90	undefined FUN_0077ea90()	0	0	unknown	true		2	239	14	1	561
urn:ure:t6:occ:function:current-client:0077eab0	0x0077eab0	xbuild-enriched-full	true	0077eab0	FUN_0077eab0	undefined FUN_0077eab0()	0	0	unknown	true		7	950	72	7	2634
urn:ure:t6:occ:function:current-client:0077eb90	0x0077eb90	xbuild-enriched-full	true	0077eb90	FUN_0077eb90	undefined FUN_0077eb90()	0	0	unknown	true		6	830	67	6	2447
urn:ure:t6:occ:function:current-client:0077ec60	0x0077ec60	xbuild-enriched-full	true	0077ec60	FUN_0077ec60	undefined FUN_0077ec60()	0	0	unknown	true		6	867	53	9	1984
urn:ure:t6:occ:function:current-client:0077ed10	0x0077ed10	xbuild-enriched-full	true	0077ed10	FUN_0077ed10	undefined FUN_0077ed10()	0	0	unknown	true		3	573	26	4	1111
urn:ure:t6:occ:function:current-client:0077ed70	0x0077ed70	xbuild-enriched-full	true	0077ed70	FUN_0077ed70	undefined FUN_0077ed70()	0	0	unknown	true		10	879	67	16	2351
urn:ure:t6:occ:function:current-client:0077ee70	0x0077ee70	xbuild-enriched-full	true	0077ee70	FUN_0077ee70	undefined FUN_0077ee70()	0	0	unknown	true		6	610	67	10	2254
urn:ure:t6:occ:function:current-client:0077ef30	0x0077ef30	xbuild-enriched-full	true	0077ef30	FUN_0077ef30	undefined FUN_0077ef30()	0	0	unknown	true		5	589	44	5	1720
urn:ure:t6:occ:function:current-client:0077efc0	0x0077efc0	xbuild-enriched-full	true	0077efc0	FUN_0077efc0	undefined FUN_0077efc0()	0	0	unknown	true		6	977	51	4	2107
urn:ure:t6:occ:function:current-client:0077f090	0x0077f090	xbuild-enriched-full	true	0077f090	FUN_0077f090	undefined FUN_0077f090()	0	0	unknown	true		20	3615	108	12	4244
urn:ure:t6:occ:function:current-client:0077f200	0x0077f200	xbuild-enriched-full	true	0077f200	FUN_0077f200	undefined FUN_0077f200()	0	0	unknown	true		32	4898	183	20	7354
urn:ure:t6:occ:function:current-client:0077f490	0x0077f490	xbuild-enriched-full	true	0077f490	FUN_0077f490	undefined FUN_0077f490()	0	0	unknown	true		50	6145	235	20	9359
urn:ure:t6:occ:function:current-client:0077f7d0	0x0077f7d0	xbuild-enriched-full	true	0077f7d0	FUN_0077f7d0	undefined FUN_0077f7d0()	0	0	unknown	true		8	971	75	15	2723
urn:ure:t6:occ:function:current-client:0077f8c0	0x0077f8c0	xbuild-enriched-full	true	0077f8c0	FUN_0077f8c0	undefined FUN_0077f8c0()	0	0	unknown	true		5	714	49	8	1873
urn:ure:t6:occ:function:current-client:0077f960	0x0077f960	xbuild-enriched-full	true	0077f960	FUN_0077f960	undefined FUN_0077f960()	0	0	unknown	true		5	789	58	1	2745
urn:ure:t6:occ:function:current-client:0077fa50	0x0077fa50	xbuild-enriched-full	true	0077fa50	FUN_0077fa50	undefined FUN_0077fa50()	0	0	unknown	true		4	571	51	1	2384
urn:ure:t6:occ:function:current-client:0077fb20	0x0077fb20	xbuild-enriched-full	true	0077fb20	FUN_0077fb20	undefined FUN_0077fb20()	0	0	unknown	true		8	493	57	2	2643
urn:ure:t6:occ:function:current-client:0077fc30	0x0077fc30	xbuild-enriched-full	true	0077fc30	FUN_0077fc30	undefined FUN_0077fc30()	0	0	unknown	true		7	820	74	6	2838
urn:ure:t6:occ:function:current-client:0077fd30	0x0077fd30	xbuild-enriched-full	true	0077fd30	FUN_0077fd30	undefined FUN_0077fd30()	0	0	unknown	true		9	1216	79	10	2952
urn:ure:t6:occ:function:current-client:0077fe30	0x0077fe30	xbuild-enriched-full	true	0077fe30	FUN_0077fe30	undefined FUN_0077fe30()	0	0	unknown	true		23	2926	160	14	6618
urn:ure:t6:occ:function:current-client:00780090	0x00780090	xbuild-enriched-full	true	00780090	FUN_00780090	undefined FUN_00780090()	0	0	unknown	true		7	1296	70	5	2949
urn:ure:t6:occ:function:current-client:00780190	0x00780190	xbuild-enriched-full	true	00780190	FUN_00780190	undefined FUN_00780190()	0	0	unknown	true		7	1249	68	5	2847
urn:ure:t6:occ:function:current-client:00780280	0x00780280	xbuild-enriched-full	true	00780280	FUN_00780280	undefined FUN_00780280()	0	0	unknown	true		9	730	64	30	2394
urn:ure:t6:occ:function:current-client:00780380	0x00780380	xbuild-enriched-full	true	00780380	FUN_00780380	undefined FUN_00780380()	0	0	unknown	true		4	527	43	6	1407
urn:ure:t6:occ:function:current-client:00780400	0x00780400	xbuild-enriched-full	true	00780400	FUN_00780400	undefined FUN_00780400()	0	0	unknown	true		6	573	58	9	1946
urn:ure:t6:occ:function:current-client:007804a0	0x007804a0	xbuild-enriched-full	true	007804a0	FUN_007804a0	undefined FUN_007804a0()	0	0	unknown	true		11	695	53	10	1572
urn:ure:t6:occ:function:current-client:00780590	0x00780590	xbuild-enriched-full	true	00780590	FUN_00780590	undefined FUN_00780590()	0	0	unknown	true		6	677	57	9	1723
urn:ure:t6:occ:function:current-client:00780620	0x00780620	xbuild-enriched-full	true	00780620	FUN_00780620	undefined FUN_00780620()	0	0	unknown	true		8	471	33	9	1067
urn:ure:t6:occ:function:current-client:007806d0	0x007806d0	xbuild-enriched-full	true	007806d0	FUN_007806d0	undefined FUN_007806d0()	0	0	unknown	true		12	1864	64	16	2028
urn:ure:t6:occ:function:current-client:007807e0	0x007807e0	xbuild-enriched-full	true	007807e0	FUN_007807e0	undefined FUN_007807e0()	0	0	unknown	true		15	2647	78	17	2645
urn:ure:t6:occ:function:current-client:00780920	0x00780920	xbuild-enriched-full	true	00780920	FUN_00780920	undefined FUN_00780920()	0	0	unknown	true		11	1516	101	12	3556
urn:ure:t6:occ:function:current-client:00780a40	0x00780a40	xbuild-enriched-full	true	00780a40	FUN_00780a40	undefined FUN_00780a40()	0	0	unknown	true		6	914	26	15	1022
urn:ure:t6:occ:function:current-client:00780ad0	0x00780ad0	xbuild-enriched-full	true	00780ad0	FUN_00780ad0	undefined FUN_00780ad0()	0	0	unknown	true		7	932	76	11	2531
urn:ure:t6:occ:function:current-client:00780b90	0x00780b90	xbuild-enriched-full	true	00780b90	FUN_00780b90	undefined FUN_00780b90()	0	0	unknown	true		4	502	24	15	983
urn:ure:t6:occ:function:current-client:00780bf0	0x00780bf0	xbuild-enriched-full	true	00780bf0	FUN_00780bf0	undefined FUN_00780bf0()	0	0	unknown	true		2	287	10	7	491
urn:ure:t6:occ:function:current-client:00780c20	0x00780c20	xbuild-enriched-full	true	00780c20	FUN_00780c20	undefined FUN_00780c20()	0	0	unknown	true		11	996	55	10	1913
urn:ure:t6:occ:function:current-client:00780d00	0x00780d00	xbuild-enriched-full	true	00780d00	FUN_00780d00	undefined FUN_00780d00()	0	0	unknown	true		12	1338	93	18	3041
urn:ure:t6:occ:function:current-client:00780e20	0x00780e20	xbuild-enriched-full	true	00780e20	FUN_00780e20	undefined FUN_00780e20()	0	0	unknown	true		7	1041	67	21	2192
urn:ure:t6:occ:function:current-client:00780ee0	0x00780ee0	xbuild-enriched-full	true	00780ee0	FUN_00780ee0	undefined FUN_00780ee0()	0	0	unknown	true		16	2557	121	19	4745
urn:ure:t6:occ:function:current-client:007810a0	0x007810a0	xbuild-enriched-full	true	007810a0	FUN_007810a0	undefined FUN_007810a0()	0	0	unknown	true		21	4325	116	11	4430
urn:ure:t6:occ:function:current-client:00781240	0x00781240	xbuild-enriched-full	true	00781240	FUN_00781240	undefined FUN_00781240()	0	0	unknown	true		18	2118	201	30	6752
urn:ure:t6:occ:function:current-client:00781440	0x00781440	xbuild-enriched-full	true	00781440	FUN_00781440	undefined FUN_00781440()	0	0	unknown	true		29	4879	141	17	5793
urn:ure:t6:occ:function:current-client:00781660	0x00781660	xbuild-enriched-full	true	00781660	FUN_00781660	undefined FUN_00781660()	0	0	unknown	true		10	945	65	40	2373
urn:ure:t6:occ:function:current-client:00781760	0x00781760	xbuild-enriched-full	true	00781760	FUN_00781760	undefined FUN_00781760()	0	0	unknown	true		59	7202	443	133	15854
urn:ure:t6:occ:function:current-client:00781d40	0x00781d40	xbuild-enriched-full	true	00781d40	FUN_00781d40	undefined FUN_00781d40()	0	0	unknown	true		43	6001	329	29	13829
urn:ure:t6:occ:function:current-client:007822e0	0x007822e0	xbuild-enriched-full	true	007822e0	FUN_007822e0	undefined FUN_007822e0()	0	0	unknown	true		28	4370	131	15	5349
urn:ure:t6:occ:function:current-client:007824d0	0x007824d0	xbuild-enriched-full	true	007824d0	FUN_007824d0	undefined FUN_007824d0()	0	0	unknown	true		26	4579	122	16	4949
urn:ure:t6:occ:function:current-client:007826a0	0x007826a0	xbuild-enriched-full	true	007826a0	FUN_007826a0	undefined FUN_007826a0()	0	0	unknown	true		35	6176	172	17	7030
urn:ure:t6:occ:function:current-client:00782930	0x00782930	xbuild-enriched-full	true	00782930	FUN_00782930	undefined FUN_00782930()	0	0	unknown	true		33	6210	162	18	6665
urn:ure:t6:occ:function:current-client:00782ba0	0x00782ba0	xbuild-enriched-full	true	00782ba0	FUN_00782ba0	undefined FUN_00782ba0()	0	0	unknown	true		38	6947	206	18	8514
urn:ure:t6:occ:function:current-client:00782eb0	0x00782eb0	xbuild-enriched-full	true	00782eb0	FUN_00782eb0	undefined FUN_00782eb0()	0	0	unknown	true		39	7085	195	20	8165
urn:ure:t6:occ:function:current-client:007831b0	0x007831b0	xbuild-enriched-full	true	007831b0	FUN_007831b0	undefined FUN_007831b0()	0	0	unknown	true		45	8214	241	19	10220
urn:ure:t6:occ:function:current-client:00783560	0x00783560	xbuild-enriched-full	true	00783560	FUN_00783560	undefined FUN_00783560()	0	0	unknown	true		43	8149	230	20	9787
urn:ure:t6:occ:function:current-client:007838f0	0x007838f0	xbuild-enriched-full	true	007838f0	FUN_007838f0	undefined FUN_007838f0()	0	0	unknown	true		34	6344	281	59	10628
urn:ure:t6:occ:function:current-client:00783cd0	0x00783cd0	xbuild-enriched-full	true	00783cd0	FUN_00783cd0	undefined FUN_00783cd0()	0	0	unknown	true		42	8243	338	68	12742
urn:ure:t6:occ:function:current-client:00784170	0x00784170	xbuild-enriched-full	true	00784170	FUN_00784170	undefined FUN_00784170()	0	0	unknown	true		6	941	46	5	1965
urn:ure:t6:occ:function:current-client:00784200	0x00784200	xbuild-enriched-full	true	00784200	FUN_00784200	undefined FUN_00784200()	0	0	unknown	true		3	764	34	7	1281
urn:ure:t6:occ:function:current-client:00784270	0x00784270	xbuild-enriched-full	true	00784270	FUN_00784270	undefined FUN_00784270()	0	0	unknown	true		10	1588	109	13	3960
urn:ure:t6:occ:function:current-client:007843c0	0x007843c0	xbuild-enriched-full	true	007843c0	FUN_007843c0	undefined FUN_007843c0()	0	0	unknown	true		4	512	47	6	1610
urn:ure:t6:occ:function:current-client:00784440	0x00784440	xbuild-enriched-full	true	00784440	FUN_00784440	undefined FUN_00784440()	0	0	unknown	true		13	1757	134	22	4744
urn:ure:t6:occ:function:current-client:007845f0	0x007845f0	xbuild-enriched-full	true	007845f0	FUN_007845f0	undefined FUN_007845f0()	0	0	unknown	true		7	1114	73	5	2552
urn:ure:t6:occ:function:current-client:007846c0	0x007846c0	xbuild-enriched-full	true	007846c0	FUN_007846c0	undefined FUN_007846c0()	0	0	unknown	true		2	113	26	12	927
urn:ure:t6:occ:function:current-client:00784720	0x00784720	xbuild-enriched-full	true	00784720	FUN_00784720	undefined FUN_00784720()	0	0	unknown	true		37	6245	339	35	13253
urn:ure:t6:occ:function:current-client:00784d80	0x00784d80	xbuild-enriched-full	true	00784d80	FUN_00784d80	undefined FUN_00784d80()	0	0	unknown	true		4	446	36	3	1399
urn:ure:t6:occ:function:current-client:00784df0	0x00784df0	xbuild-enriched-full	true	00784df0	FUN_00784df0	undefined FUN_00784df0()	0	0	unknown	true		6	699	66	4	2503
urn:ure:t6:occ:function:current-client:00784eb0	0x00784eb0	xbuild-enriched-full	true	00784eb0	FUN_00784eb0	undefined FUN_00784eb0()	0	0	unknown	true		11	2081	116	21	4190
urn:ure:t6:occ:function:current-client:00785000	0x00785000	xbuild-enriched-full	true	00785000	FUN_00785000	undefined FUN_00785000()	0	0	unknown	true		7	1362	79	10	2828
urn:ure:t6:occ:function:current-client:007850e0	0x007850e0	xbuild-enriched-full	true	007850e0	FUN_007850e0	undefined FUN_007850e0()	0	0	unknown	true		6	888	68	9	2216
urn:ure:t6:occ:function:current-client:00785190	0x00785190	xbuild-enriched-full	true	00785190	FUN_00785190	undefined FUN_00785190()	0	0	unknown	true		6	916	70	8	2280
urn:ure:t6:occ:function:current-client:00785240	0x00785240	xbuild-enriched-full	true	00785240	FUN_00785240	undefined FUN_00785240()	0	0	unknown	true		3	679	39	2	1543
urn:ure:t6:occ:function:current-client:007852b0	0x007852b0	xbuild-enriched-full	true	007852b0	FUN_007852b0	undefined FUN_007852b0()	0	0	unknown	true		3	679	39	2	1543
urn:ure:t6:occ:function:current-client:00785320	0x00785320	xbuild-enriched-full	true	00785320	FUN_00785320	undefined FUN_00785320()	0	0	unknown	true		13	1884	142	20	5029
urn:ure:t6:occ:function:current-client:007854a0	0x007854a0	xbuild-enriched-full	true	007854a0	FUN_007854a0	undefined FUN_007854a0()	0	0	unknown	true		6	1096	66	7	2222
urn:ure:t6:occ:function:current-client:00785540	0x00785540	xbuild-enriched-full	true	00785540	FUN_00785540	undefined FUN_00785540()	0	0	unknown	true		6	1110	67	7	2250
urn:ure:t6:occ:function:current-client:00785870	0x00785870	xbuild-enriched-full	true	00785870	FUN_00785870	undefined FUN_00785870()	0	0	unknown	true		11	2096	111	21	3968
urn:ure:t6:occ:function:current-client:007859a0	0x007859a0	xbuild-enriched-full	true	007859a0	FUN_007859a0	undefined FUN_007859a0()	0	0	unknown	true		3	529	28	7	953
urn:ure:t6:occ:function:current-client:007859f0	0x007859f0	xbuild-enriched-full	true	007859f0	FUN_007859f0	undefined FUN_007859f0()	0	0	unknown	true		6	1029	51	15	2185
urn:ure:t6:occ:function:current-client:00785ab0	0x00785ab0	xbuild-enriched-full	true	00785ab0	FUN_00785ab0	undefined FUN_00785ab0()	0	0	unknown	true		3	399	20	1	825
urn:ure:t6:occ:function:current-client:00785c40	0x00785c40	xbuild-enriched-full	true	00785c40	FUN_00785c40	undefined FUN_00785c40()	0	0	unknown	true		9	1394	98	8	3845
urn:ure:t6:occ:function:current-client:00785d90	0x00785d90	xbuild-enriched-full	true	00785d90	FUN_00785d90	undefined FUN_00785d90()	0	0	unknown	true		13	1904	106	16	4289
urn:ure:t6:occ:function:current-client:00785f50	0x00785f50	xbuild-enriched-full	true	00785f50	FUN_00785f50	undefined FUN_00785f50()	0	0	unknown	true		4	685	45	4	1541
urn:ure:t6:occ:function:current-client:00785fd0	0x00785fd0	xbuild-enriched-full	true	00785fd0	FUN_00785fd0	undefined FUN_00785fd0()	0	0	unknown	true		19	3135	172	29	6285
urn:ure:t6:occ:function:current-client:00786210	0x00786210	xbuild-enriched-full	true	00786210	FUN_00786210	undefined FUN_00786210()	0	0	unknown	true		41	8975	342	26	16222
urn:ure:t6:occ:function:current-client:00786960	0x00786960	xbuild-enriched-full	true	00786960	FUN_00786960	undefined FUN_00786960()	0	0	unknown	true		8	1721	72	7	2892
urn:ure:t6:occ:function:current-client:00786a90	0x00786a90	xbuild-enriched-full	true	00786a90	FUN_00786a90	undefined FUN_00786a90()	0	0	unknown	true		5	927	39	4	1482
urn:ure:t6:occ:function:current-client:00786b00	0x00786b00	xbuild-enriched-full	true	00786b00	FUN_00786b00	undefined FUN_00786b00()	0	0	unknown	true		5	943	43	4	1575
urn:ure:t6:occ:function:current-client:00786b70	0x00786b70	xbuild-enriched-full	true	00786b70	FUN_00786b70	undefined FUN_00786b70()	0	0	unknown	true		19	3353	209	26	7276
urn:ure:t6:occ:function:current-client:00786da0	0x00786da0	xbuild-enriched-full	true	00786da0	FUN_00786da0	undefined FUN_00786da0()	0	0	unknown	true		15	3119	171	19	5881
urn:ure:t6:occ:function:current-client:00786f60	0x00786f60	xbuild-enriched-full	true	00786f60	FUN_00786f60	undefined FUN_00786f60()	0	0	unknown	true		15	2309	150	19	5188
urn:ure:t6:occ:function:current-client:007872a0	0x007872a0	xbuild-enriched-full	true	007872a0	FUN_007872a0	undefined FUN_007872a0()	0	0	unknown	true		18	3371	215	24	7310
urn:ure:t6:occ:function:current-client:007874a0	0x007874a0	xbuild-enriched-full	true	007874a0	FUN_007874a0	undefined FUN_007874a0()	0	0	unknown	true		12	2230	147	21	4946
urn:ure:t6:occ:function:current-client:00787600	0x00787600	xbuild-enriched-full	true	00787600	FUN_00787600	undefined FUN_00787600()	0	0	unknown	true		2	245	23	3	859
urn:ure:t6:occ:function:current-client:00787680	0x00787680	xbuild-enriched-full	true	00787680	FUN_00787680	undefined FUN_00787680()	0	0	unknown	true		2	306	20	5	794
urn:ure:t6:occ:function:current-client:007877c0	0x007877c0	xbuild-enriched-full	true	007877c0	FUN_007877c0	undefined FUN_007877c0()	0	0	unknown	true		29	4451	276	41	9469
urn:ure:t6:occ:function:current-client:00787900	0x00787900	xbuild-enriched-full	true	00787900	FUN_00787900	undefined FUN_00787900()	0	0	unknown	true		1	63	7	1	337
urn:ure:t6:occ:function:current-client:00787a00	0x00787a00	xbuild-enriched-full	true	00787a00	FUN_00787a00	undefined FUN_00787a00()	0	0	unknown	true		8	1167	85	24	3213
urn:ure:t6:occ:function:current-client:00787b20	0x00787b20	xbuild-enriched-full	true	00787b20	FUN_00787b20	undefined FUN_00787b20()	0	0	unknown	true		5	1000	53	2	2131
urn:ure:t6:occ:function:current-client:00787c00	0x00787c00	xbuild-enriched-full	true	00787c00	FUN_00787c00	undefined FUN_00787c00()	0	0	unknown	true		7	1910	75	5	3248
urn:ure:t6:occ:function:current-client:00787d10	0x00787d10	xbuild-enriched-full	true	00787d10	FUN_00787d10	undefined FUN_00787d10()	0	0	unknown	true		5	1045	52	4	2100
urn:ure:t6:occ:function:current-client:00787dc0	0x00787dc0	xbuild-enriched-full	true	00787dc0	FUN_00787dc0	undefined FUN_00787dc0()	0	0	unknown	true		9	2062	91	5	3917
urn:ure:t6:occ:function:current-client:00787ff0	0x00787ff0	xbuild-enriched-full	true	00787ff0	FUN_00787ff0	undefined FUN_00787ff0()	0	0	unknown	true		15	2564	182	44	6222
urn:ure:t6:occ:function:current-client:00788300	0x00788300	xbuild-enriched-full	true	00788300	FUN_00788300	undefined FUN_00788300()	0	0	unknown	true		4	580	46	4	1553
urn:ure:t6:occ:function:current-client:00788370	0x00788370	xbuild-enriched-full	true	00788370	FUN_00788370	undefined FUN_00788370()	0	0	unknown	true		14	2373	162	18	5954
urn:ure:t6:occ:function:current-client:00788540	0x00788540	xbuild-enriched-full	true	00788540	FUN_00788540	undefined FUN_00788540()	0	0	unknown	true		33	5314	325	56	11961
urn:ure:t6:occ:function:current-client:00788900	0x00788900	xbuild-enriched-full	true	00788900	FUN_00788900	undefined FUN_00788900()	0	0	unknown	true		6	1303	73	6	2855
urn:ure:t6:occ:function:current-client:007889f0	0x007889f0	xbuild-enriched-full	true	007889f0	FUN_007889f0	undefined FUN_007889f0()	0	0	unknown	true		11	2580	134	11	5159
urn:ure:t6:occ:function:current-client:00788bc0	0x00788bc0	xbuild-enriched-full	true	00788bc0	FUN_00788bc0	undefined FUN_00788bc0()	0	0	unknown	true		12	1919	134	19	4774
urn:ure:t6:occ:function:current-client:00788d60	0x00788d60	xbuild-enriched-full	true	00788d60	FUN_00788d60	undefined FUN_00788d60()	0	0	unknown	true		2	218	15	0	660
urn:ure:t6:occ:function:current-client:00788e00	0x00788e00	xbuild-enriched-full	true	00788e00	FUN_00788e00	undefined FUN_00788e00()	0	0	unknown	true		5	778	46	9	1774
urn:ure:t6:occ:function:current-client:00788f90	0x00788f90	xbuild-enriched-full	true	00788f90	FUN_00788f90	undefined FUN_00788f90()	0	0	unknown	true		23	4311	205	26	7772
urn:ure:t6:occ:function:current-client:00789220	0x00789220	xbuild-enriched-full	true	00789220	FUN_00789220	undefined FUN_00789220()	0	0	unknown	true		37	7315	338	39	12379
urn:ure:t6:occ:function:current-client:00789620	0x00789620	xbuild-enriched-full	true	00789620	FUN_00789620	undefined FUN_00789620()	0	0	unknown	true		8	1392	101	4	3638
urn:ure:t6:occ:function:current-client:00789790	0x00789790	xbuild-enriched-full	true	00789790	FUN_00789790	undefined FUN_00789790()	0	0	unknown	true		16	2783	171	21	6440
urn:ure:t6:occ:function:current-client:007899a0	0x007899a0	xbuild-enriched-full	true	007899a0	FUN_007899a0	undefined FUN_007899a0()	0	0	unknown	true		16	3161	162	21	6256
urn:ure:t6:occ:function:current-client:00789b90	0x00789b90	xbuild-enriched-full	true	00789b90	FUN_00789b90	undefined FUN_00789b90()	0	0	unknown	true		9	1258	98	6	3509
urn:ure:t6:occ:function:current-client:00789cb0	0x00789cb0	xbuild-enriched-full	true	00789cb0	FUN_00789cb0	undefined FUN_00789cb0()	0	0	unknown	true		5	690	56	8	1926
urn:ure:t6:occ:function:current-client:00789d50	0x00789d50	xbuild-enriched-full	true	00789d50	FUN_00789d50	undefined FUN_00789d50()	0	0	unknown	true		23	4151	230	43	9258
urn:ure:t6:occ:function:current-client:0078aa60	0x0078aa60	xbuild-enriched-full	true	0078aa60	FUN_0078aa60	undefined FUN_0078aa60()	0	0	unknown	true		4	777	46	12	1799
urn:ure:t6:occ:function:current-client:0078aaf0	0x0078aaf0	xbuild-enriched-full	true	0078aaf0	FUN_0078aaf0	undefined FUN_0078aaf0()	0	0	unknown	true		3	490	33	4	1121
urn:ure:t6:occ:function:current-client:0078ab40	0x0078ab40	xbuild-enriched-full	true	0078ab40	FUN_0078ab40	undefined FUN_0078ab40()	0	0	unknown	true		5	757	48	3	1813
urn:ure:t6:occ:function:current-client:0078abd0	0x0078abd0	xbuild-enriched-full	true	0078abd0	FUN_0078abd0	undefined FUN_0078abd0()	0	0	unknown	true		10	2002	120	10	4412
urn:ure:t6:occ:function:current-client:0078adb0	0x0078adb0	xbuild-enriched-full	true	0078adb0	FUN_0078adb0	undefined FUN_0078adb0()	0	0	unknown	true		5	845	60	5	2134
urn:ure:t6:occ:function:current-client:0078ae50	0x0078ae50	xbuild-enriched-full	true	0078ae50	FUN_0078ae50	undefined FUN_0078ae50()	0	0	unknown	true		6	965	70	6	2596
urn:ure:t6:occ:function:current-client:0078af20	0x0078af20	xbuild-enriched-full	true	0078af20	FUN_0078af20	undefined FUN_0078af20()	0	0	unknown	true		16	2753	194	6	7672
urn:ure:t6:occ:function:current-client:0078b1a0	0x0078b1a0	xbuild-enriched-full	true	0078b1a0	FUN_0078b1a0	undefined FUN_0078b1a0()	0	0	unknown	true		11	1767	122	5	4620
urn:ure:t6:occ:function:current-client:0078b320	0x0078b320	xbuild-enriched-full	true	0078b320	FUN_0078b320	undefined FUN_0078b320()	0	0	unknown	true		10	1958	114	29	4266
urn:ure:t6:occ:function:current-client:0078b4a0	0x0078b4a0	xbuild-enriched-full	true	0078b4a0	FUN_0078b4a0	undefined FUN_0078b4a0()	0	0	unknown	true		12	2246	120	28	4543
urn:ure:t6:occ:function:current-client:0078b620	0x0078b620	xbuild-enriched-full	true	0078b620	FUN_0078b620	undefined FUN_0078b620()	0	0	unknown	true		10	2391	107	9	3938
urn:ure:t6:occ:function:current-client:0078b750	0x0078b750	xbuild-enriched-full	true	0078b750	FUN_0078b750	undefined FUN_0078b750()	0	0	unknown	true		11	2493	103	12	3842
urn:ure:t6:occ:function:current-client:0078b890	0x0078b890	xbuild-enriched-full	true	0078b890	FUN_0078b890	undefined FUN_0078b890()	0	0	unknown	true		5	1136	57	10	2072
urn:ure:t6:occ:function:current-client:0078b930	0x0078b930	xbuild-enriched-full	true	0078b930	FUN_0078b930	undefined FUN_0078b930()	0	0	unknown	true		8	1972	92	10	3373
urn:ure:t6:occ:function:current-client:0078ba30	0x0078ba30	xbuild-enriched-full	true	0078ba30	FUN_0078ba30	undefined FUN_0078ba30()	0	0	unknown	true		11	2281	114	17	4425
urn:ure:t6:occ:function:current-client:0078bba0	0x0078bba0	xbuild-enriched-full	true	0078bba0	FUN_0078bba0	undefined FUN_0078bba0()	0	0	unknown	true		17	3312	159	31	5869
urn:ure:t6:occ:function:current-client:0078c0d0	0x0078c0d0	xbuild-enriched-full	true	0078c0d0	FUN_0078c0d0	undefined FUN_0078c0d0()	0	0	unknown	true		7	1335	68	10	2619
urn:ure:t6:occ:function:current-client:0078c1b0	0x0078c1b0	xbuild-enriched-full	true	0078c1b0	FUN_0078c1b0	undefined FUN_0078c1b0()	0	0	unknown	true		11	1949	120	20	4499
urn:ure:t6:occ:function:current-client:0078c340	0x0078c340	xbuild-enriched-full	true	0078c340	FUN_0078c340	undefined FUN_0078c340()	0	0	unknown	true		16	2565	167	25	5907
urn:ure:t6:occ:function:current-client:0078c540	0x0078c540	xbuild-enriched-full	true	0078c540	FUN_0078c540	undefined FUN_0078c540()	0	0	unknown	true		9	1568	88	8	3025
urn:ure:t6:occ:function:current-client:0078c620	0x0078c620	xbuild-enriched-full	true	0078c620	FUN_0078c620	undefined FUN_0078c620()	0	0	unknown	true		14	2189	139	29	4533
urn:ure:t6:occ:function:current-client:0078c7a0	0x0078c7a0	xbuild-enriched-full	true	0078c7a0	FUN_0078c7a0	undefined FUN_0078c7a0()	0	0	unknown	true		7	1291	77	9	2591
urn:ure:t6:occ:function:current-client:0078c860	0x0078c860	xbuild-enriched-full	true	0078c860	FUN_0078c860	undefined FUN_0078c860()	0	0	unknown	true		9	2024	104	10	4067
urn:ure:t6:occ:function:current-client:0078c9b0	0x0078c9b0	xbuild-enriched-full	true	0078c9b0	FUN_0078c9b0	undefined FUN_0078c9b0()	0	0	unknown	true		4	790	53	3	2235
urn:ure:t6:occ:function:current-client:0078ca70	0x0078ca70	xbuild-enriched-full	true	0078ca70	FUN_0078ca70	undefined FUN_0078ca70()	0	0	unknown	true		14	2763	137	21	5112
urn:ure:t6:occ:function:current-client:0078cc20	0x0078cc20	xbuild-enriched-full	true	0078cc20	FUN_0078cc20	undefined FUN_0078cc20()	0	0	unknown	true		21	3751	157	30	6148
urn:ure:t6:occ:function:current-client:0078cf60	0x0078cf60	xbuild-enriched-full	true	0078cf60	FUN_0078cf60	undefined FUN_0078cf60()	0	0	unknown	true		3	544	27	1	1240
urn:ure:t6:occ:function:current-client:0078cfb0	0x0078cfb0	xbuild-enriched-full	true	0078cfb0	FUN_0078cfb0	undefined FUN_0078cfb0()	0	0	unknown	true		73	15593	1199	4	55860
urn:ure:t6:occ:function:current-client:0078e7c0	0x0078e7c0	xbuild-enriched-full	true	0078e7c0	FUN_0078e7c0	undefined FUN_0078e7c0()	0	0	unknown	true		18	2731	211	2	8689
urn:ure:t6:occ:function:current-client:0078eae0	0x0078eae0	xbuild-enriched-full	true	0078eae0	FUN_0078eae0	undefined FUN_0078eae0()	0	0	unknown	true		49	8299	560	3	21183
urn:ure:t6:occ:function:current-client:0078f1b0	0x0078f1b0	xbuild-enriched-full	true	0078f1b0	FUN_0078f1b0	undefined FUN_0078f1b0()	0	0	unknown	true		32	6734	519	6	23918
urn:ure:t6:occ:function:current-client:0078fc90	0x0078fc90	xbuild-enriched-full	true	0078fc90	FUN_0078fc90	undefined FUN_0078fc90()	0	0	unknown	true		25	5151	378	13	18364
urn:ure:t6:occ:function:current-client:007904d0	0x007904d0	xbuild-enriched-full	true	007904d0	FUN_007904d0	undefined FUN_007904d0()	0	0	unknown	true		5	820	56	6	1881
urn:ure:t6:occ:function:current-client:00790550	0x00790550	xbuild-enriched-full	true	00790550	FUN_00790550	undefined FUN_00790550()	0	0	unknown	true		142	15720	1044	24	48155
urn:ure:t6:occ:function:current-client:00791b20	0x00791b20	xbuild-enriched-full	true	00791b20	FUN_00791b20	undefined FUN_00791b20()	0	0	unknown	true		16	2032	148	25	4500
urn:ure:t6:occ:function:current-client:00791ca0	0x00791ca0	xbuild-enriched-full	true	00791ca0	FUN_00791ca0	undefined FUN_00791ca0()	0	0	unknown	true		87	7109	451	45	16508
urn:ure:t6:occ:function:current-client:00792280	0x00792280	xbuild-enriched-full	true	00792280	FUN_00792280	undefined FUN_00792280()	0	0	unknown	true		51	8488	635	1	21495
urn:ure:t6:occ:function:current-client:007929b0	0x007929b0	xbuild-enriched-full	true	007929b0	FUN_007929b0	undefined FUN_007929b0()	0	0	unknown	true		5	519	47	6	1655
urn:ure:t6:occ:function:current-client:00792a50	0x00792a50	xbuild-enriched-full	true	00792a50	FUN_00792a50	undefined FUN_00792a50()	0	0	unknown	true		20	3021	192	32	8088
urn:ure:t6:occ:function:current-client:00792dc0	0x00792dc0	xbuild-enriched-full	true	00792dc0	FUN_00792dc0	undefined FUN_00792dc0()	0	0	unknown	true		3	451	18	3	770
urn:ure:t6:occ:function:current-client:00792e00	0x00792e00	xbuild-enriched-full	true	00792e00	FUN_00792e00	undefined FUN_00792e00()	0	0	unknown	true		6	564	40	11	1354
urn:ure:t6:occ:function:current-client:00792e80	0x00792e80	xbuild-enriched-full	true	00792e80	FUN_00792e80	undefined FUN_00792e80()	0	0	unknown	true		10	1423	72	11	2544
urn:ure:t6:occ:function:current-client:00792f60	0x00792f60	xbuild-enriched-full	true	00792f60	FUN_00792f60	undefined FUN_00792f60()	0	0	unknown	true		9	1222	93	23	2908
urn:ure:t6:occ:function:current-client:00793060	0x00793060	xbuild-enriched-full	true	00793060	FUN_00793060	undefined FUN_00793060()	0	0	unknown	true		2	441	16	4	622
urn:ure:t6:occ:function:current-client:00793090	0x00793090	xbuild-enriched-full	true	00793090	FUN_00793090	undefined FUN_00793090()	0	0	unknown	true		10	1646	91	22	3293
urn:ure:t6:occ:function:current-client:007931d0	0x007931d0	xbuild-enriched-full	true	007931d0	FUN_007931d0	undefined FUN_007931d0()	0	0	unknown	true		6	1309	51	16	1839
urn:ure:t6:occ:function:current-client:00793270	0x00793270	xbuild-enriched-full	true	00793270	FUN_00793270	undefined FUN_00793270()	0	0	unknown	true		10	1433	84	22	3063
urn:ure:t6:occ:function:current-client:00793390	0x00793390	xbuild-enriched-full	true	00793390	FUN_00793390	undefined FUN_00793390()	0	0	unknown	true		5	997	49	18	1723
urn:ure:t6:occ:function:current-client:00793430	0x00793430	xbuild-enriched-full	true	00793430	FUN_00793430	undefined FUN_00793430()	0	0	unknown	true		12	1901	104	25	3918
urn:ure:t6:occ:function:current-client:007935b0	0x007935b0	xbuild-enriched-full	true	007935b0	FUN_007935b0	undefined FUN_007935b0()	0	0	unknown	true		29	3658	220	59	9133
urn:ure:t6:occ:function:current-client:00793960	0x00793960	xbuild-enriched-full	true	00793960	FUN_00793960	undefined FUN_00793960()	0	0	unknown	true		2	342	10	0	636
urn:ure:t6:occ:function:current-client:007939a0	0x007939a0	xbuild-enriched-full	true	007939a0	FUN_007939a0	undefined FUN_007939a0()	0	0	unknown	true		1	302	8	0	562
urn:ure:t6:occ:function:current-client:007939e0	0x007939e0	xbuild-enriched-full	true	007939e0	FUN_007939e0	undefined FUN_007939e0()	0	0	unknown	true		10	1456	95	16	3602
urn:ure:t6:occ:function:current-client:00793b40	0x00793b40	xbuild-enriched-full	true	00793b40	FUN_00793b40	undefined FUN_00793b40()	0	0	unknown	true		27	3920	185	81	7395
urn:ure:t6:occ:function:current-client:00793e20	0x00793e20	xbuild-enriched-full	true	00793e20	FUN_00793e20	undefined FUN_00793e20()	0	0	unknown	true		12	2309	97	19	4037
urn:ure:t6:occ:function:current-client:00793fd0	0x00793fd0	xbuild-enriched-full	true	00793fd0	FUN_00793fd0	undefined FUN_00793fd0()	0	0	unknown	true		7	1608	70	13	3117
urn:ure:t6:occ:function:current-client:00794130	0x00794130	xbuild-enriched-full	true	00794130	FUN_00794130	undefined FUN_00794130()	0	0	unknown	true		5	831	43	17	1504
urn:ure:t6:occ:function:current-client:007941b0	0x007941b0	xbuild-enriched-full	true	007941b0	FUN_007941b0	undefined FUN_007941b0()	0	0	unknown	true		28	4009	205	52	8032
urn:ure:t6:occ:function:current-client:00794500	0x00794500	xbuild-enriched-full	true	00794500	FUN_00794500	undefined FUN_00794500()	0	0	unknown	true		31	4058	213	55	8698
urn:ure:t6:occ:function:current-client:00794890	0x00794890	xbuild-enriched-full	true	00794890	FUN_00794890	undefined FUN_00794890()	0	0	unknown	true		9	1598	77	16	2875
urn:ure:t6:occ:function:current-client:007949b0	0x007949b0	xbuild-enriched-full	true	007949b0	FUN_007949b0	undefined FUN_007949b0()	0	0	unknown	true		6	614	44	11	1518
urn:ure:t6:occ:function:current-client:00794c40	0x00794c40	xbuild-enriched-full	true	00794c40	FUN_00794c40	undefined FUN_00794c40()	0	0	unknown	true		3	659	29	3	1267
urn:ure:t6:occ:function:current-client:00794cb0	0x00794cb0	xbuild-enriched-full	true	00794cb0	FUN_00794cb0	undefined FUN_00794cb0()	0	0	unknown	true		8	1155	69	16	2475
urn:ure:t6:occ:function:current-client:00794da0	0x00794da0	xbuild-enriched-full	true	00794da0	FUN_00794da0	undefined FUN_00794da0()	0	0	unknown	true		13	1843	120	26	4014
urn:ure:t6:occ:function:current-client:00794f10	0x00794f10	xbuild-enriched-full	true	00794f10	FUN_00794f10	undefined FUN_00794f10()	0	0	unknown	true		38	4509	267	60	10363
urn:ure:t6:occ:function:current-client:007952f0	0x007952f0	xbuild-enriched-full	true	007952f0	FUN_007952f0	undefined FUN_007952f0()	0	0	unknown	true		17	2955	140	29	5585
urn:ure:t6:occ:function:current-client:00795530	0x00795530	xbuild-enriched-full	true	00795530	FUN_00795530	undefined FUN_00795530()	0	0	unknown	true		13	2334	135	21	5503
urn:ure:t6:occ:function:current-client:00795740	0x00795740	xbuild-enriched-full	true	00795740	FUN_00795740	undefined FUN_00795740()	0	0	unknown	true		3	260	21	4	795
urn:ure:t6:occ:function:current-client:007958c0	0x007958c0	xbuild-enriched-full	true	007958c0	FUN_007958c0	undefined FUN_007958c0()	0	0	unknown	true		62	8649	462	150	14834
urn:ure:t6:occ:function:current-client:00795e60	0x00795e60	xbuild-enriched-full	true	00795e60	FUN_00795e60	undefined FUN_00795e60()	0	0	unknown	true		13	2443	109	11	4110
urn:ure:t6:occ:function:current-client:00795fe0	0x00795fe0	xbuild-enriched-full	true	00795fe0	FUN_00795fe0	undefined FUN_00795fe0()	0	0	unknown	true		15	2026	119	19	4446
urn:ure:t6:occ:function:current-client:007961e0	0x007961e0	xbuild-enriched-full	true	007961e0	FUN_007961e0	undefined FUN_007961e0()	0	0	unknown	true		3	403	29	6	1013
urn:ure:t6:occ:function:current-client:00796230	0x00796230	xbuild-enriched-full	true	00796230	FUN_00796230	undefined FUN_00796230()	0	0	unknown	true		4	465	36	9	1216
urn:ure:t6:occ:function:current-client:007962a0	0x007962a0	xbuild-enriched-full	true	007962a0	FUN_007962a0	undefined FUN_007962a0()	0	0	unknown	true		2	434	16	1	756
urn:ure:t6:occ:function:current-client:007962e0	0x007962e0	xbuild-enriched-full	true	007962e0	FUN_007962e0	undefined FUN_007962e0()	0	0	unknown	true		2	358	27	4	995
urn:ure:t6:occ:function:current-client:00796330	0x00796330	xbuild-enriched-full	true	00796330	FUN_00796330	undefined FUN_00796330()	0	0	unknown	true		9	1477	92	22	2903
urn:ure:t6:occ:function:current-client:00796430	0x00796430	xbuild-enriched-full	true	00796430	FUN_00796430	undefined FUN_00796430()	0	0	unknown	true		21	3410	193	46	6279
urn:ure:t6:occ:function:current-client:00796750	0x00796750	xbuild-enriched-full	true	00796750	FUN_00796750	undefined FUN_00796750()	0	0	unknown	true		3	611	35	7	1184
urn:ure:t6:occ:function:current-client:007967b0	0x007967b0	xbuild-enriched-full	true	007967b0	FUN_007967b0	undefined FUN_007967b0()	0	0	unknown	true		3	351	27	2	950
urn:ure:t6:occ:function:current-client:007967f0	0x007967f0	xbuild-enriched-full	true	007967f0	FUN_007967f0	undefined FUN_007967f0()	0	0	unknown	true		2	372	16	4	695
urn:ure:t6:occ:function:current-client:00796830	0x00796830	xbuild-enriched-full	true	00796830	FUN_00796830	undefined FUN_00796830()	0	0	unknown	true		4	435	41	8	1301
urn:ure:t6:occ:function:current-client:007968a0	0x007968a0	xbuild-enriched-full	true	007968a0	FUN_007968a0	undefined FUN_007968a0()	0	0	unknown	true		3	372	27	7	946
urn:ure:t6:occ:function:current-client:007968f0	0x007968f0	xbuild-enriched-full	true	007968f0	FUN_007968f0	undefined FUN_007968f0()	0	0	unknown	true		5	668	33	9	1568
urn:ure:t6:occ:function:current-client:00796990	0x00796990	xbuild-enriched-full	true	00796990	FUN_00796990	undefined FUN_00796990()	0	0	unknown	true		4	442	29	3	1147
urn:ure:t6:occ:function:current-client:00796a00	0x00796a00	xbuild-enriched-full	true	00796a00	FUN_00796a00	undefined FUN_00796a00()	0	0	unknown	true		12	1490	99	27	4377
urn:ure:t6:occ:function:current-client:00796bd0	0x00796bd0	xbuild-enriched-full	true	00796bd0	FUN_00796bd0	undefined FUN_00796bd0()	0	0	unknown	true		13	1490	99	27	4377
urn:ure:t6:occ:function:current-client:00796da0	0x00796da0	xbuild-enriched-full	true	00796da0	FUN_00796da0	undefined FUN_00796da0()	0	0	unknown	true		13	1613	101	29	4468
urn:ure:t6:occ:function:current-client:00796f80	0x00796f80	xbuild-enriched-full	true	00796f80	FUN_00796f80	undefined FUN_00796f80()	0	0	unknown	true		13	1613	101	29	4468
urn:ure:t6:occ:function:current-client:00797160	0x00797160	xbuild-enriched-full	true	00797160	FUN_00797160	undefined FUN_00797160()	0	0	unknown	true		30	3217	230	62	9968
urn:ure:t6:occ:function:current-client:00797590	0x00797590	xbuild-enriched-full	true	00797590	FUN_00797590	undefined FUN_00797590()	0	0	unknown	true		8	752	89	19	2970
urn:ure:t6:occ:function:current-client:007976a0	0x007976a0	xbuild-enriched-full	true	007976a0	FUN_007976a0	undefined FUN_007976a0()	0	0	unknown	true		7	1111	76	15	2999
urn:ure:t6:occ:function:current-client:007977a0	0x007977a0	xbuild-enriched-full	true	007977a0	FUN_007977a0	undefined FUN_007977a0()	0	0	unknown	true		7	902	54	14	2331
urn:ure:t6:occ:function:current-client:00797880	0x00797880	xbuild-enriched-full	true	00797880	FUN_00797880	undefined FUN_00797880()	0	0	unknown	true		10	1378	96	25	2888
urn:ure:t6:occ:function:current-client:00797970	0x00797970	xbuild-enriched-full	true	00797970	FUN_00797970	undefined FUN_00797970()	0	0	unknown	true		6	592	56	8	1958
urn:ure:t6:occ:function:current-client:00797a20	0x00797a20	xbuild-enriched-full	true	00797a20	FUN_00797a20	undefined FUN_00797a20()	0	0	unknown	true		7	995	69	11	3083
urn:ure:t6:occ:function:current-client:00797b50	0x00797b50	xbuild-enriched-full	true	00797b50	FUN_00797b50	undefined FUN_00797b50()	0	0	unknown	true		9	1350	89	31	3970
urn:ure:t6:occ:function:current-client:00797cf0	0x00797cf0	xbuild-enriched-full	true	00797cf0	FUN_00797cf0	undefined FUN_00797cf0()	0	0	unknown	true		5	700	42	15	1466
urn:ure:t6:occ:function:current-client:00797d80	0x00797d80	xbuild-enriched-full	true	00797d80	FUN_00797d80	undefined FUN_00797d80()	0	0	unknown	true		11	1358	141	27	3722
urn:ure:t6:occ:function:current-client:00797eb0	0x00797eb0	xbuild-enriched-full	true	00797eb0	FUN_00797eb0	undefined FUN_00797eb0()	0	0	unknown	true		49	3272	304	83	11377
urn:ure:t6:occ:function:current-client:00798320	0x00798320	xbuild-enriched-full	true	00798320	FUN_00798320	undefined FUN_00798320()	0	0	unknown	true		8	1342	60	15	2522
urn:ure:t6:occ:function:current-client:00798410	0x00798410	xbuild-enriched-full	true	00798410	FUN_00798410	undefined FUN_00798410()	0	0	unknown	true		13	1919	98	29	4088
urn:ure:t6:occ:function:current-client:007985c0	0x007985c0	xbuild-enriched-full	true	007985c0	FUN_007985c0	undefined FUN_007985c0()	0	0	unknown	true		8	1097	73	17	2365
urn:ure:t6:occ:function:current-client:007986a0	0x007986a0	xbuild-enriched-full	true	007986a0	FUN_007986a0	undefined FUN_007986a0()	0	0	unknown	true		4	588	25	7	1038
urn:ure:t6:occ:function:current-client:00798700	0x00798700	xbuild-enriched-full	true	00798700	FUN_00798700	undefined FUN_00798700()	0	0	unknown	true		11	1935	98	26	3893
urn:ure:t6:occ:function:current-client:00798890	0x00798890	xbuild-enriched-full	true	00798890	FUN_00798890	undefined FUN_00798890()	0	0	unknown	true		16	1971	133	28	4274
urn:ure:t6:occ:function:current-client:00798a20	0x00798a20	xbuild-enriched-full	true	00798a20	FUN_00798a20	undefined FUN_00798a20()	0	0	unknown	true		7	1055	66	11	2511
urn:ure:t6:occ:function:current-client:00798b20	0x00798b20	xbuild-enriched-full	true	00798b20	FUN_00798b20	undefined FUN_00798b20()	0	0	unknown	true		4	572	38	6	1394
urn:ure:t6:occ:function:current-client:00798ba0	0x00798ba0	xbuild-enriched-full	true	00798ba0	FUN_00798ba0	undefined FUN_00798ba0()	0	0	unknown	true		5	848	57	7	2111
urn:ure:t6:occ:function:current-client:00798c50	0x00798c50	xbuild-enriched-full	true	00798c50	FUN_00798c50	undefined FUN_00798c50()	0	0	unknown	true		11	1928	93	18	3481
urn:ure:t6:occ:function:current-client:00798d90	0x00798d90	xbuild-enriched-full	true	00798d90	FUN_00798d90	undefined FUN_00798d90()	0	0	unknown	true		8	935	48	19	1870
urn:ure:t6:occ:function:current-client:00798e40	0x00798e40	xbuild-enriched-full	true	00798e40	FUN_00798e40	undefined FUN_00798e40()	0	0	unknown	true		11	636	96	19	3715
urn:ure:t6:occ:function:current-client:00798fb0	0x00798fb0	xbuild-enriched-full	true	00798fb0	FUN_00798fb0	undefined FUN_00798fb0()	0	0	unknown	true		5	220	31	10	1421
urn:ure:t6:occ:function:current-client:00799040	0x00799040	xbuild-enriched-full	true	00799040	FUN_00799040	undefined FUN_00799040()	0	0	unknown	true		6	772	50	6	1960
urn:ure:t6:occ:function:current-client:00799110	0x00799110	xbuild-enriched-full	true	00799110	FUN_00799110	undefined FUN_00799110()	0	0	unknown	true		16	1920	147	22	5343
urn:ure:t6:occ:function:current-client:00799310	0x00799310	xbuild-enriched-full	true	00799310	FUN_00799310	undefined FUN_00799310()	0	0	unknown	true		24	2776	181	37	6713
urn:ure:t6:occ:function:current-client:00799580	0x00799580	xbuild-enriched-full	true	00799580	FUN_00799580	undefined FUN_00799580()	0	0	unknown	true		11	2045	100	27	3612
urn:ure:t6:occ:function:current-client:007996c0	0x007996c0	xbuild-enriched-full	true	007996c0	FUN_007996c0	undefined FUN_007996c0()	0	0	unknown	true		10	1746	101	31	3932
urn:ure:t6:occ:function:current-client:00799850	0x00799850	xbuild-enriched-full	true	00799850	FUN_00799850	undefined FUN_00799850()	0	0	unknown	true		9	1618	84	23	2860
urn:ure:t6:occ:function:current-client:00799940	0x00799940	xbuild-enriched-full	true	00799940	FUN_00799940	undefined FUN_00799940()	0	0	unknown	true		13	1925	101	36	3720
urn:ure:t6:occ:function:current-client:00799ab0	0x00799ab0	xbuild-enriched-full	true	00799ab0	FUN_00799ab0	undefined FUN_00799ab0()	0	0	unknown	true		10	1746	92	23	3152
urn:ure:t6:occ:function:current-client:00799bc0	0x00799bc0	xbuild-enriched-full	true	00799bc0	FUN_00799bc0	undefined FUN_00799bc0()	0	0	unknown	true		20	2898	148	32	6166
urn:ure:t6:occ:function:current-client:00799e50	0x00799e50	xbuild-enriched-full	true	00799e50	FUN_00799e50	undefined FUN_00799e50()	0	0	unknown	true		11	1446	79	15	2924
urn:ure:t6:occ:function:current-client:00799f50	0x00799f50	xbuild-enriched-full	true	00799f50	FUN_00799f50	undefined FUN_00799f50()	0	0	unknown	true		4	590	32	5	1110
urn:ure:t6:occ:function:current-client:0079a540	0x0079a540	xbuild-enriched-full	true	0079a540	FUN_0079a540	undefined FUN_0079a540()	0	0	unknown	true		6	1006	40	5	1764
urn:ure:t6:occ:function:current-client:0079a5e0	0x0079a5e0	xbuild-enriched-full	true	0079a5e0	FUN_0079a5e0	undefined FUN_0079a5e0()	0	0	unknown	true		20	2716	142	28	6068
urn:ure:t6:occ:function:current-client:0079a830	0x0079a830	xbuild-enriched-full	true	0079a830	FUN_0079a830	undefined FUN_0079a830()	0	0	unknown	true		18	2906	145	30	6538
urn:ure:t6:occ:function:current-client:0079aad0	0x0079aad0	xbuild-enriched-full	true	0079aad0	FUN_0079aad0	undefined FUN_0079aad0()	0	0	unknown	true		24	2435	223	53	7516
urn:ure:t6:occ:function:current-client:0079adf0	0x0079adf0	xbuild-enriched-full	true	0079adf0	FUN_0079adf0	undefined FUN_0079adf0()	0	0	unknown	true		24	2699	184	41	7268
urn:ure:t6:occ:function:current-client:0079b0f0	0x0079b0f0	xbuild-enriched-full	true	0079b0f0	FUN_0079b0f0	undefined FUN_0079b0f0()	0	0	unknown	true		3	415	18	5	733
urn:ure:t6:occ:function:current-client:0079b130	0x0079b130	xbuild-enriched-full	true	0079b130	FUN_0079b130	undefined FUN_0079b130()	0	0	unknown	true		12	801	52	16	1771
urn:ure:t6:occ:function:current-client:0079b1d0	0x0079b1d0	xbuild-enriched-full	true	0079b1d0	FUN_0079b1d0	undefined FUN_0079b1d0()	0	0	unknown	true		8	895	58	19	1995
urn:ure:t6:occ:function:current-client:0079b290	0x0079b290	xbuild-enriched-full	true	0079b290	FUN_0079b290	undefined FUN_0079b290()	0	0	unknown	true		10	1124	69	21	2399
urn:ure:t6:occ:function:current-client:0079b370	0x0079b370	xbuild-enriched-full	true	0079b370	FUN_0079b370	undefined FUN_0079b370()	0	0	unknown	true		5	977	36	7	1523
urn:ure:t6:occ:function:current-client:0079b400	0x0079b400	xbuild-enriched-full	true	0079b400	FUN_0079b400	undefined FUN_0079b400()	0	0	unknown	true		3	543	18	9	844
urn:ure:t6:occ:function:current-client:0079b450	0x0079b450	xbuild-enriched-full	true	0079b450	FUN_0079b450	undefined FUN_0079b450()	0	0	unknown	true		3	543	18	9	844
urn:ure:t6:occ:function:current-client:0079b4a0	0x0079b4a0	xbuild-enriched-full	true	0079b4a0	FUN_0079b4a0	undefined FUN_0079b4a0()	0	0	unknown	true		85	7728	503	102	20909
urn:ure:t6:occ:function:current-client:0079bd70	0x0079bd70	xbuild-enriched-full	true	0079bd70	FUN_0079bd70	undefined FUN_0079bd70()	0	0	unknown	true		3	268	13	4	560
urn:ure:t6:occ:function:current-client:0079bda0	0x0079bda0	xbuild-enriched-full	true	0079bda0	FUN_0079bda0	undefined FUN_0079bda0()	0	0	unknown	true		6	628	47	13	1582
urn:ure:t6:occ:function:current-client:0079be30	0x0079be30	xbuild-enriched-full	true	0079be30	FUN_0079be30	undefined FUN_0079be30()	0	0	unknown	true		2	329	21	10	722
urn:ure:t6:occ:function:current-client:0079be70	0x0079be70	xbuild-enriched-full	true	0079be70	FUN_0079be70	undefined FUN_0079be70()	0	0	unknown	true		2	452	20	7	760
urn:ure:t6:occ:function:current-client:0079beb0	0x0079beb0	xbuild-enriched-full	true	0079beb0	FUN_0079beb0	undefined FUN_0079beb0()	0	0	unknown	true		2	350	15	4	622
urn:ure:t6:occ:function:current-client:0079bee0	0x0079bee0	xbuild-enriched-full	true	0079bee0	FUN_0079bee0	undefined FUN_0079bee0()	0	0	unknown	true		23	3818	209	43	8669
urn:ure:t6:occ:function:current-client:0079c2a0	0x0079c2a0	xbuild-enriched-full	true	0079c2a0	FUN_0079c2a0	undefined FUN_0079c2a0()	0	0	unknown	true		4	442	37	8	1183
urn:ure:t6:occ:function:current-client:0079c300	0x0079c300	xbuild-enriched-full	true	0079c300	FUN_0079c300	undefined FUN_0079c300()	0	0	unknown	true		3	520	28	8	1058
urn:ure:t6:occ:function:current-client:0079c360	0x0079c360	xbuild-enriched-full	true	0079c360	FUN_0079c360	undefined FUN_0079c360()	0	0	unknown	true		3	365	31	3	1075
urn:ure:t6:occ:function:current-client:0079c3b0	0x0079c3b0	xbuild-enriched-full	true	0079c3b0	FUN_0079c3b0	undefined FUN_0079c3b0()	0	0	unknown	true		12	1964	92	16	3086
urn:ure:t6:occ:function:current-client:0079c4d0	0x0079c4d0	xbuild-enriched-full	true	0079c4d0	FUN_0079c4d0	undefined FUN_0079c4d0()	0	0	unknown	true		8	878	61	23	2092
urn:ure:t6:occ:function:current-client:0079c5a0	0x0079c5a0	xbuild-enriched-full	true	0079c5a0	FUN_0079c5a0	undefined FUN_0079c5a0()	0	0	unknown	true		21	2011	171	62	5300
urn:ure:t6:occ:function:current-client:0079c7b0	0x0079c7b0	xbuild-enriched-full	true	0079c7b0	FUN_0079c7b0	undefined FUN_0079c7b0()	0	0	unknown	true		7	1405	66	6	2941
urn:ure:t6:occ:function:current-client:0079c8f0	0x0079c8f0	xbuild-enriched-full	true	0079c8f0	FUN_0079c8f0	undefined FUN_0079c8f0()	0	0	unknown	true		5	869	50	3	2167
urn:ure:t6:occ:function:current-client:0079c9d0	0x0079c9d0	xbuild-enriched-full	true	0079c9d0	FUN_0079c9d0	undefined FUN_0079c9d0()	0	0	unknown	true		2	599	22	6	825
urn:ure:t6:occ:function:current-client:0079ca10	0x0079ca10	xbuild-enriched-full	true	0079ca10	FUN_0079ca10	undefined FUN_0079ca10()	0	0	unknown	true		11	1352	94	14	3634
urn:ure:t6:occ:function:current-client:0079cb70	0x0079cb70	xbuild-enriched-full	true	0079cb70	FUN_0079cb70	undefined FUN_0079cb70()	0	0	unknown	true		5	624	35	9	1343
urn:ure:t6:occ:function:current-client:0079cbe0	0x0079cbe0	xbuild-enriched-full	true	0079cbe0	FUN_0079cbe0	undefined FUN_0079cbe0()	0	0	unknown	true		5	1007	51	20	1803
urn:ure:t6:occ:function:current-client:0079cc90	0x0079cc90	xbuild-enriched-full	true	0079cc90	FUN_0079cc90	undefined FUN_0079cc90()	0	0	unknown	true		80	7142	399	82	16180
urn:ure:t6:occ:function:current-client:0079d350	0x0079d350	xbuild-enriched-full	true	0079d350	FUN_0079d350	undefined FUN_0079d350()	0	0	unknown	true		8	1127	46	15	2058
urn:ure:t6:occ:function:current-client:0079d420	0x0079d420	xbuild-enriched-full	true	0079d420	FUN_0079d420	undefined FUN_0079d420()	0	0	unknown	true		6	932	51	15	1759
urn:ure:t6:occ:function:current-client:0079d4c0	0x0079d4c0	xbuild-enriched-full	true	0079d4c0	FUN_0079d4c0	undefined FUN_0079d4c0()	0	0	unknown	true		8	976	55	20	2084
urn:ure:t6:occ:function:current-client:0079d590	0x0079d590	xbuild-enriched-full	true	0079d590	FUN_0079d590	undefined FUN_0079d590()	0	0	unknown	true		13	1646	106	20	3848
urn:ure:t6:occ:function:current-client:0079d6f0	0x0079d6f0	xbuild-enriched-full	true	0079d6f0	FUN_0079d6f0	undefined FUN_0079d6f0()	0	0	unknown	true		15	1273	122	37	4164
urn:ure:t6:occ:function:current-client:0079d8a0	0x0079d8a0	xbuild-enriched-full	true	0079d8a0	FUN_0079d8a0	undefined FUN_0079d8a0()	0	0	unknown	true		12	1499	125	21	5396
urn:ure:t6:occ:function:current-client:0079dac0	0x0079dac0	xbuild-enriched-full	true	0079dac0	FUN_0079dac0	undefined FUN_0079dac0()	0	0	unknown	true		7	1378	87	8	3343
urn:ure:t6:occ:function:current-client:0079dbd0	0x0079dbd0	xbuild-enriched-full	true	0079dbd0	FUN_0079dbd0	undefined FUN_0079dbd0()	0	0	unknown	true		31	3497	312	47	13334
urn:ure:t6:occ:function:current-client:0079e140	0x0079e140	xbuild-enriched-full	true	0079e140	FUN_0079e140	undefined FUN_0079e140()	0	0	unknown	true		7	903	54	11	2017
urn:ure:t6:occ:function:current-client:0079e200	0x0079e200	xbuild-enriched-full	true	0079e200	FUN_0079e200	undefined FUN_0079e200()	0	0	unknown	true		24	2578	167	57	6352
urn:ure:t6:occ:function:current-client:0079e480	0x0079e480	xbuild-enriched-full	true	0079e480	FUN_0079e480	undefined FUN_0079e480()	0	0	unknown	true		14	1942	95	32	3567
urn:ure:t6:occ:function:current-client:0079e600	0x0079e600	xbuild-enriched-full	true	0079e600	FUN_0079e600	undefined FUN_0079e600()	0	0	unknown	true		13	2033	116	34	4272
urn:ure:t6:occ:function:current-client:0079e7b0	0x0079e7b0	xbuild-enriched-full	true	0079e7b0	FUN_0079e7b0	undefined FUN_0079e7b0()	0	0	unknown	true		8	1380	77	15	2661
urn:ure:t6:occ:function:current-client:0079e8b0	0x0079e8b0	xbuild-enriched-full	true	0079e8b0	FUN_0079e8b0	undefined FUN_0079e8b0()	0	0	unknown	true		9	1323	82	34	2709
urn:ure:t6:occ:function:current-client:0079e9b0	0x0079e9b0	xbuild-enriched-full	true	0079e9b0	FUN_0079e9b0	undefined FUN_0079e9b0()	0	0	unknown	true		6	976	52	12	2211
urn:ure:t6:occ:function:current-client:0079eaa0	0x0079eaa0	xbuild-enriched-full	true	0079eaa0	FUN_0079eaa0	undefined FUN_0079eaa0()	0	0	unknown	true		4	690	31	8	1449
urn:ure:t6:occ:function:current-client:0079eb40	0x0079eb40	xbuild-enriched-full	true	0079eb40	FUN_0079eb40	undefined FUN_0079eb40()	0	0	unknown	true		8	1129	76	14	2985
urn:ure:t6:occ:function:current-client:0079ec70	0x0079ec70	xbuild-enriched-full	true	0079ec70	FUN_0079ec70	undefined FUN_0079ec70()	0	0	unknown	true		5	906	49	7	2095
urn:ure:t6:occ:function:current-client:0079ed40	0x0079ed40	xbuild-enriched-full	true	0079ed40	FUN_0079ed40	undefined FUN_0079ed40()	0	0	unknown	true		4	611	29	6	1165
urn:ure:t6:occ:function:current-client:0079eda0	0x0079eda0	xbuild-enriched-full	true	0079eda0	FUN_0079eda0	undefined FUN_0079eda0()	0	0	unknown	true		29	3296	303	41	12851
urn:ure:t6:occ:function:current-client:0079f320	0x0079f320	xbuild-enriched-full	true	0079f320	FUN_0079f320	undefined FUN_0079f320()	0	0	unknown	true		3	646	23	2	1142
urn:ure:t6:occ:function:current-client:0079f380	0x0079f380	xbuild-enriched-full	true	0079f380	FUN_0079f380	undefined FUN_0079f380()	0	0	unknown	true		3	413	35	8	1153
urn:ure:t6:occ:function:current-client:0079f3e0	0x0079f3e0	xbuild-enriched-full	true	0079f3e0	FUN_0079f3e0	undefined FUN_0079f3e0()	0	0	unknown	true		1	344	12	4	593
urn:ure:t6:occ:function:current-client:0079f420	0x0079f420	xbuild-enriched-full	true	0079f420	FUN_0079f420	undefined FUN_0079f420()	0	0	unknown	true		8	1279	69	17	2681
urn:ure:t6:occ:function:current-client:0079f530	0x0079f530	xbuild-enriched-full	true	0079f530	FUN_0079f530	undefined FUN_0079f530()	0	0	unknown	true		18	3369	200	39	7823
urn:ure:t6:occ:function:current-client:0079f800	0x0079f800	xbuild-enriched-full	true	0079f800	FUN_0079f800	undefined FUN_0079f800()	0	0	unknown	true		7	1209	65	18	2226
urn:ure:t6:occ:function:current-client:0079f8d0	0x0079f8d0	xbuild-enriched-full	true	0079f8d0	FUN_0079f8d0	undefined FUN_0079f8d0()	0	0	unknown	true		3	619	22	6	788
urn:ure:t6:occ:function:current-client:0079f910	0x0079f910	xbuild-enriched-full	true	0079f910	FUN_0079f910	undefined FUN_0079f910()	0	0	unknown	true		11	1649	88	13	3374
urn:ure:t6:occ:function:current-client:0079fa40	0x0079fa40	xbuild-enriched-full	true	0079fa40	FUN_0079fa40	undefined FUN_0079fa40()	0	0	unknown	true		18	2676	132	22	5230
urn:ure:t6:occ:function:current-client:0079fc10	0x0079fc10	xbuild-enriched-full	true	0079fc10	FUN_0079fc10	undefined FUN_0079fc10()	0	0	unknown	true		8	1628	66	6	2838
urn:ure:t6:occ:function:current-client:0079fd20	0x0079fd20	xbuild-enriched-full	true	0079fd20	FUN_0079fd20	undefined FUN_0079fd20()	0	0	unknown	true		14	1605	103	23	3966
urn:ure:t6:occ:function:current-client:0079fea0	0x0079fea0	xbuild-enriched-full	true	0079fea0	FUN_0079fea0	undefined FUN_0079fea0()	0	0	unknown	true		7	805	54	15	1781
urn:ure:t6:occ:function:current-client:0079ff30	0x0079ff30	xbuild-enriched-full	true	0079ff30	FUN_0079ff30	undefined FUN_0079ff30()	0	0	unknown	true		39	4206	279	92	8985
urn:ure:t6:occ:function:current-client:007a02c0	0x007a02c0	xbuild-enriched-full	true	007a02c0	FUN_007a02c0	undefined FUN_007a02c0()	0	0	unknown	true		12	1310	88	11	3852
urn:ure:t6:occ:function:current-client:007a0440	0x007a0440	xbuild-enriched-full	true	007a0440	FUN_007a0440	undefined FUN_007a0440()	0	0	unknown	true		8	1028	50	10	1923
urn:ure:t6:occ:function:current-client:007a04f0	0x007a04f0	xbuild-enriched-full	true	007a04f0	FUN_007a04f0	undefined FUN_007a04f0()	0	0	unknown	true		2	266	15	5	727
urn:ure:t6:occ:function:current-client:007a0540	0x007a0540	xbuild-enriched-full	true	007a0540	FUN_007a0540	undefined FUN_007a0540()	0	0	unknown	true		14	2055	143	23	4911
urn:ure:t6:occ:function:current-client:007a0710	0x007a0710	xbuild-enriched-full	true	007a0710	FUN_007a0710	undefined FUN_007a0710()	0	0	unknown	true		29	5314	276	34	11090
urn:ure:t6:occ:function:current-client:007a0b80	0x007a0b80	xbuild-enriched-full	true	007a0b80	FUN_007a0b80	undefined FUN_007a0b80()	0	0	unknown	true		3	768	24	9	1080
urn:ure:t6:occ:function:current-client:007a0bf0	0x007a0bf0	xbuild-enriched-full	true	007a0bf0	FUN_007a0bf0	undefined FUN_007a0bf0()	0	0	unknown	true		5	658	51	9	1805
urn:ure:t6:occ:function:current-client:007a0c90	0x007a0c90	xbuild-enriched-full	true	007a0c90	FUN_007a0c90	undefined FUN_007a0c90()	0	0	unknown	true		47	8124	439	76	17204
urn:ure:t6:occ:function:current-client:007a1380	0x007a1380	xbuild-enriched-full	true	007a1380	FUN_007a1380	undefined FUN_007a1380()	0	0	unknown	true		16	3688	179	16	7358
urn:ure:t6:occ:function:current-client:007a1660	0x007a1660	xbuild-enriched-full	true	007a1660	FUN_007a1660	undefined FUN_007a1660()	0	0	unknown	true		6	1235	64	7	2876
urn:ure:t6:occ:function:current-client:007a1780	0x007a1780	xbuild-enriched-full	true	007a1780	FUN_007a1780	undefined FUN_007a1780()	0	0	unknown	true		11	1537	127	20	4756
urn:ure:t6:occ:function:current-client:007a1960	0x007a1960	xbuild-enriched-full	true	007a1960	FUN_007a1960	undefined FUN_007a1960()	0	0	unknown	true		4	748	51	15	1686
urn:ure:t6:occ:function:current-client:007a19f0	0x007a19f0	xbuild-enriched-full	true	007a19f0	FUN_007a19f0	undefined FUN_007a19f0()	0	0	unknown	true		4	615	46	13	1550
urn:ure:t6:occ:function:current-client:007a1a80	0x007a1a80	xbuild-enriched-full	true	007a1a80	FUN_007a1a80	undefined FUN_007a1a80()	0	0	unknown	true		3	526	25	11	947
urn:ure:t6:occ:function:current-client:007a1ae0	0x007a1ae0	xbuild-enriched-full	true	007a1ae0	FUN_007a1ae0	undefined FUN_007a1ae0()	0	0	unknown	true		3	849	32	4	1324
urn:ure:t6:occ:function:current-client:007a1b50	0x007a1b50	xbuild-enriched-full	true	007a1b50	FUN_007a1b50	undefined FUN_007a1b50()	0	0	unknown	true		10	2141	105	16	3528
urn:ure:t6:occ:function:current-client:007a1c80	0x007a1c80	xbuild-enriched-full	true	007a1c80	FUN_007a1c80	undefined FUN_007a1c80()	0	0	unknown	true		5	901	48	7	1751
urn:ure:t6:occ:function:current-client:007a1d20	0x007a1d20	xbuild-enriched-full	true	007a1d20	FUN_007a1d20	undefined FUN_007a1d20()	0	0	unknown	true		6	902	62	12	1932
urn:ure:t6:occ:function:current-client:007a1dd0	0x007a1dd0	xbuild-enriched-full	true	007a1dd0	FUN_007a1dd0	undefined FUN_007a1dd0()	0	0	unknown	true		6	668	71	12	2965
urn:ure:t6:occ:function:current-client:007a1f00	0x007a1f00	xbuild-enriched-full	true	007a1f00	FUN_007a1f00	undefined FUN_007a1f00()	0	0	unknown	true		15	2033	139	30	4999
urn:ure:t6:occ:function:current-client:007a20e0	0x007a20e0	xbuild-enriched-full	true	007a20e0	FUN_007a20e0	undefined FUN_007a20e0()	0	0	unknown	true		38	4233	285	67	10350
urn:ure:t6:occ:function:current-client:007a24f0	0x007a24f0	xbuild-enriched-full	true	007a24f0	FUN_007a24f0	undefined FUN_007a24f0()	0	0	unknown	true		10	2060	91	12	3878
urn:ure:t6:occ:function:current-client:007a2640	0x007a2640	xbuild-enriched-full	true	007a2640	FUN_007a2640	undefined FUN_007a2640()	0	0	unknown	true		16	2682	142	32	5065
urn:ure:t6:occ:function:current-client:007a2800	0x007a2800	xbuild-enriched-full	true	007a2800	FUN_007a2800	undefined FUN_007a2800()	0	0	unknown	true		9	1388	83	13	3192
urn:ure:t6:occ:function:current-client:007a2920	0x007a2920	xbuild-enriched-full	true	007a2920	FUN_007a2920	undefined FUN_007a2920()	0	0	unknown	true		24	2216	188	47	6191
urn:ure:t6:occ:function:current-client:007a2b90	0x007a2b90	xbuild-enriched-full	true	007a2b90	FUN_007a2b90	undefined FUN_007a2b90()	0	0	unknown	true		10	1540	72	14	2686
urn:ure:t6:occ:function:current-client:007a2c80	0x007a2c80	xbuild-enriched-full	true	007a2c80	FUN_007a2c80	undefined FUN_007a2c80()	0	0	unknown	true		29	1848	230	58	8195
urn:ure:t6:occ:function:current-client:007a2fc0	0x007a2fc0	xbuild-enriched-full	true	007a2fc0	FUN_007a2fc0	undefined FUN_007a2fc0()	0	0	unknown	true		29	4003	240	42	8672
urn:ure:t6:occ:function:current-client:007a3330	0x007a3330	xbuild-enriched-full	true	007a3330	FUN_007a3330	undefined FUN_007a3330()	0	0	unknown	true		17	2299	123	23	4599
urn:ure:t6:occ:function:current-client:007a3500	0x007a3500	xbuild-enriched-full	true	007a3500	FUN_007a3500	undefined FUN_007a3500()	0	0	unknown	true		6	847	51	11	1660
urn:ure:t6:occ:function:current-client:007a35a0	0x007a35a0	xbuild-enriched-full	true	007a35a0	FUN_007a35a0	undefined FUN_007a35a0()	0	0	unknown	true		5	592	34	11	1228
urn:ure:t6:occ:function:current-client:007a3620	0x007a3620	xbuild-enriched-full	true	007a3620	FUN_007a3620	undefined FUN_007a3620()	0	0	unknown	true		4	814	30	7	1263
urn:ure:t6:occ:function:current-client:007a36a0	0x007a36a0	xbuild-enriched-full	true	007a36a0	FUN_007a36a0	undefined FUN_007a36a0()	0	0	unknown	true		47	4574	273	82	9517
urn:ure:t6:occ:function:current-client:007a3a80	0x007a3a80	xbuild-enriched-full	true	007a3a80	FUN_007a3a80	undefined FUN_007a3a80()	0	0	unknown	true		36	2783	227	52	8168
urn:ure:t6:occ:function:current-client:007a3d80	0x007a3d80	xbuild-enriched-full	true	007a3d80	FUN_007a3d80	undefined FUN_007a3d80()	0	0	unknown	true		6	979	47	15	1656
urn:ure:t6:occ:function:current-client:007a3e20	0x007a3e20	xbuild-enriched-full	true	007a3e20	FUN_007a3e20	undefined FUN_007a3e20()	0	0	unknown	true		10	1447	80	18	3010
urn:ure:t6:occ:function:current-client:007a3f30	0x007a3f30	xbuild-enriched-full	true	007a3f30	FUN_007a3f30	undefined FUN_007a3f30()	0	0	unknown	true		43	3937	271	68	9544
urn:ure:t6:occ:function:current-client:007a42e0	0x007a42e0	xbuild-enriched-full	true	007a42e0	FUN_007a42e0	undefined FUN_007a42e0()	0	0	unknown	true		3	213	19	5	737
urn:ure:t6:occ:function:current-client:007a4320	0x007a4320	xbuild-enriched-full	true	007a4320	FUN_007a4320	undefined FUN_007a4320()	0	0	unknown	true		7	820	57	15	1895
urn:ure:t6:occ:function:current-client:007a43d0	0x007a43d0	xbuild-enriched-full	true	007a43d0	FUN_007a43d0	undefined FUN_007a43d0()	0	0	unknown	true		11	1581	83	16	3080
urn:ure:t6:occ:function:current-client:007a44f0	0x007a44f0	xbuild-enriched-full	true	007a44f0	FUN_007a44f0	undefined FUN_007a44f0()	0	0	unknown	true		4	498	35	14	1230
urn:ure:t6:occ:function:current-client:007a4560	0x007a4560	xbuild-enriched-full	true	007a4560	FUN_007a4560	undefined FUN_007a4560()	0	0	unknown	true		3	648	33	11	1234
urn:ure:t6:occ:function:current-client:007a45d0	0x007a45d0	xbuild-enriched-full	true	007a45d0	FUN_007a45d0	undefined FUN_007a45d0()	0	0	unknown	true		25	2103	195	42	7573
urn:ure:t6:occ:function:current-client:007a48f0	0x007a48f0	xbuild-enriched-full	true	007a48f0	FUN_007a48f0	undefined FUN_007a48f0()	0	0	unknown	true		17	1599	187	30	6545
urn:ure:t6:occ:function:current-client:007a4b60	0x007a4b60	xbuild-enriched-full	true	007a4b60	FUN_007a4b60	undefined FUN_007a4b60()	0	0	unknown	true		3	497	31	5	1142
urn:ure:t6:occ:function:current-client:007a4bc0	0x007a4bc0	xbuild-enriched-full	true	007a4bc0	FUN_007a4bc0	undefined FUN_007a4bc0()	0	0	unknown	true		1	244	6	1	406
urn:ure:t6:occ:function:current-client:007a4be0	0x007a4be0	xbuild-enriched-full	true	007a4be0	FUN_007a4be0	undefined FUN_007a4be0()	0	0	unknown	true		2	601	22	6	970
urn:ure:t6:occ:function:current-client:007a4c40	0x007a4c40	xbuild-enriched-full	true	007a4c40	FUN_007a4c40	undefined FUN_007a4c40()	0	0	unknown	true		8	1308	104	28	3072
urn:ure:t6:occ:function:current-client:007a4d70	0x007a4d70	xbuild-enriched-full	true	007a4d70	FUN_007a4d70	undefined FUN_007a4d70()	0	0	unknown	true		4	432	33	7	1183
urn:ure:t6:occ:function:current-client:007a4de0	0x007a4de0	xbuild-enriched-full	true	007a4de0	FUN_007a4de0	undefined FUN_007a4de0()	0	0	unknown	true		4	407	43	6	1326
urn:ure:t6:occ:function:current-client:007a4e50	0x007a4e50	xbuild-enriched-full	true	007a4e50	FUN_007a4e50	undefined FUN_007a4e50()	0	0	unknown	true		8	770	103	23	3077
urn:ure:t6:occ:function:current-client:007a4f80	0x007a4f80	xbuild-enriched-full	true	007a4f80	FUN_007a4f80	undefined FUN_007a4f80()	0	0	unknown	true		2	247	14	4	539
urn:ure:t6:occ:function:current-client:007a4fb0	0x007a4fb0	xbuild-enriched-full	true	007a4fb0	FUN_007a4fb0	undefined FUN_007a4fb0()	0	0	unknown	true		4	420	36	5	1341
urn:ure:t6:occ:function:current-client:007a5020	0x007a5020	xbuild-enriched-full	true	007a5020	FUN_007a5020	undefined FUN_007a5020()	0	0	unknown	true		9	783	69	16	2162
urn:ure:t6:occ:function:current-client:007a50f0	0x007a50f0	xbuild-enriched-full	true	007a50f0	FUN_007a50f0	undefined FUN_007a50f0()	0	0	unknown	true		9	780	82	16	2454
urn:ure:t6:occ:function:current-client:007a51e0	0x007a51e0	xbuild-enriched-full	true	007a51e0	FUN_007a51e0	undefined FUN_007a51e0()	0	0	unknown	true		9	875	95	17	3411
urn:ure:t6:occ:function:current-client:007a5310	0x007a5310	xbuild-enriched-full	true	007a5310	FUN_007a5310	undefined FUN_007a5310()	0	0	unknown	true		9	867	95	17	3419
urn:ure:t6:occ:function:current-client:007a5440	0x007a5440	xbuild-enriched-full	true	007a5440	FUN_007a5440	undefined FUN_007a5440()	0	0	unknown	true		5	746	43	6	1568
urn:ure:t6:occ:function:current-client:007a54d0	0x007a54d0	xbuild-enriched-full	true	007a54d0	FUN_007a54d0	undefined FUN_007a54d0()	0	0	unknown	true		12	1377	125	11	5246
urn:ure:t6:occ:function:current-client:007a56c0	0x007a56c0	xbuild-enriched-full	true	007a56c0	FUN_007a56c0	undefined FUN_007a56c0()	0	0	unknown	true		4	436	44	8	1845
urn:ure:t6:occ:function:current-client:007a5770	0x007a5770	xbuild-enriched-full	true	007a5770	FUN_007a5770	undefined FUN_007a5770()	0	0	unknown	true		10	2069	99	19	3580
urn:ure:t6:occ:function:current-client:007a58b0	0x007a58b0	xbuild-enriched-full	true	007a58b0	FUN_007a58b0	undefined FUN_007a58b0()	0	0	unknown	true		2	394	23	4	780
urn:ure:t6:occ:function:current-client:007a58f0	0x007a58f0	xbuild-enriched-full	true	007a58f0	FUN_007a58f0	undefined FUN_007a58f0()	0	0	unknown	true		44	4416	276	104	9871
urn:ure:t6:occ:function:current-client:007a5d50	0x007a5d50	xbuild-enriched-full	true	007a5d50	FUN_007a5d50	undefined FUN_007a5d50()	0	0	unknown	true		5	698	40	6	1619
urn:ure:t6:occ:function:current-client:007a5de0	0x007a5de0	xbuild-enriched-full	true	007a5de0	FUN_007a5de0	undefined FUN_007a5de0()	0	0	unknown	true		27	3864	275	52	10344
urn:ure:t6:occ:function:current-client:007a61d0	0x007a61d0	xbuild-enriched-full	true	007a61d0	FUN_007a61d0	undefined FUN_007a61d0()	0	0	unknown	true		20	1824	142	31	5312
urn:ure:t6:occ:function:current-client:007a63f0	0x007a63f0	xbuild-enriched-full	true	007a63f0	FUN_007a63f0	undefined FUN_007a63f0()	0	0	unknown	true		35	3146	252	64	10454
urn:ure:t6:occ:function:current-client:007a6860	0x007a6860	xbuild-enriched-full	true	007a6860	FUN_007a6860	undefined FUN_007a6860()	0	0	unknown	true		3	440	30	4	1148
urn:ure:t6:occ:function:current-client:007a68c0	0x007a68c0	xbuild-enriched-full	true	007a68c0	FUN_007a68c0	undefined FUN_007a68c0()	0	0	unknown	true		5	692	55	12	2257
urn:ure:t6:occ:function:current-client:007a69b0	0x007a69b0	xbuild-enriched-full	true	007a69b0	FUN_007a69b0	undefined FUN_007a69b0()	0	0	unknown	true		4	427	36	7	1288
urn:ure:t6:occ:function:current-client:007a6a20	0x007a6a20	xbuild-enriched-full	true	007a6a20	FUN_007a6a20	undefined FUN_007a6a20()	0	0	unknown	true		11	1391	89	21	3376
urn:ure:t6:occ:function:current-client:007a6b70	0x007a6b70	xbuild-enriched-full	true	007a6b70	FUN_007a6b70	undefined FUN_007a6b70()	0	0	unknown	true		129	8316	534	131	21156
urn:ure:t6:occ:function:current-client:007a7430	0x007a7430	xbuild-enriched-full	true	007a7430	FUN_007a7430	undefined FUN_007a7430()	0	0	unknown	true		13	1345	108	20	4417
urn:ure:t6:occ:function:current-client:007a75f0	0x007a75f0	xbuild-enriched-full	true	007a75f0	FUN_007a75f0	undefined FUN_007a75f0()	0	0	unknown	true		17	2388	151	37	6053
urn:ure:t6:occ:function:current-client:007a7850	0x007a7850	xbuild-enriched-full	true	007a7850	FUN_007a7850	undefined FUN_007a7850()	0	0	unknown	true		18	2004	133	30	4486
urn:ure:t6:occ:function:current-client:007a79e0	0x007a79e0	xbuild-enriched-full	true	007a79e0	FUN_007a79e0	undefined FUN_007a79e0()	0	0	unknown	true		31	2588	198	54	6583
urn:ure:t6:occ:function:current-client:007a7cc0	0x007a7cc0	xbuild-enriched-full	true	007a7cc0	FUN_007a7cc0	undefined FUN_007a7cc0()	0	0	unknown	true		5	953	42	9	1364
urn:ure:t6:occ:function:current-client:007a7d30	0x007a7d30	xbuild-enriched-full	true	007a7d30	FUN_007a7d30	undefined FUN_007a7d30()	0	0	unknown	true		9	1563	78	27	2853
urn:ure:t6:occ:function:current-client:007a7e30	0x007a7e30	xbuild-enriched-full	true	007a7e30	FUN_007a7e30	undefined FUN_007a7e30()	0	0	unknown	true		9	1385	91	14	3165
urn:ure:t6:occ:function:current-client:007a7f60	0x007a7f60	xbuild-enriched-full	true	007a7f60	FUN_007a7f60	undefined FUN_007a7f60()	0	0	unknown	true		19	3172	143	24	5295
urn:ure:t6:occ:function:current-client:007a8150	0x007a8150	xbuild-enriched-full	true	007a8150	FUN_007a8150	undefined FUN_007a8150()	0	0	unknown	true		2	150	10	2	383
urn:ure:t6:occ:function:current-client:007a8170	0x007a8170	xbuild-enriched-full	true	007a8170	FUN_007a8170	undefined FUN_007a8170()	0	0	unknown	true		56	6160	363	83	14152
urn:ure:t6:occ:function:current-client:007a8720	0x007a8720	xbuild-enriched-full	true	007a8720	FUN_007a8720	undefined FUN_007a8720()	0	0	unknown	true		14	2479	135	20	5419
urn:ure:t6:occ:function:current-client:007a8940	0x007a8940	xbuild-enriched-full	true	007a8940	FUN_007a8940	undefined FUN_007a8940()	0	0	unknown	true		8	1378	98	7	4266
urn:ure:t6:occ:function:current-client:007a8ae0	0x007a8ae0	xbuild-enriched-full	true	007a8ae0	FUN_007a8ae0	undefined FUN_007a8ae0()	0	0	unknown	true		22	4295	299	46	12132
urn:ure:t6:occ:function:current-client:007a8fe0	0x007a8fe0	xbuild-enriched-full	true	007a8fe0	FUN_007a8fe0	undefined FUN_007a8fe0()	0	0	unknown	true		5	887	32	12	1371
urn:ure:t6:occ:function:current-client:007a9060	0x007a9060	xbuild-enriched-full	true	007a9060	FUN_007a9060	undefined FUN_007a9060()	0	0	unknown	true		7	1351	65	10	2594
urn:ure:t6:occ:function:current-client:007a9140	0x007a9140	xbuild-enriched-full	true	007a9140	FUN_007a9140	undefined FUN_007a9140()	0	0	unknown	true		4	653	33	15	1336
urn:ure:t6:occ:function:current-client:007a91c0	0x007a91c0	xbuild-enriched-full	true	007a91c0	FUN_007a91c0	undefined FUN_007a91c0()	0	0	unknown	true		4	653	33	15	1336
urn:ure:t6:occ:function:current-client:007a9240	0x007a9240	xbuild-enriched-full	true	007a9240	FUN_007a9240	undefined FUN_007a9240()	0	0	unknown	true		5	653	33	15	1336
urn:ure:t6:occ:function:current-client:007a92c0	0x007a92c0	xbuild-enriched-full	true	007a92c0	FUN_007a92c0	undefined FUN_007a92c0()	0	0	unknown	true		5	908	33	12	1418
urn:ure:t6:occ:function:current-client:007a9340	0x007a9340	xbuild-enriched-full	true	007a9340	FUN_007a9340	undefined FUN_007a9340()	0	0	unknown	true		25	4198	251	33	10417
urn:ure:t6:occ:function:current-client:007a9780	0x007a9780	xbuild-enriched-full	true	007a9780	FUN_007a9780	undefined FUN_007a9780()	0	0	unknown	true		5	887	32	12	1371
urn:ure:t6:occ:function:current-client:007a9800	0x007a9800	xbuild-enriched-full	true	007a9800	FUN_007a9800	undefined FUN_007a9800()	0	0	unknown	true		5	887	32	12	1371
urn:ure:t6:occ:function:current-client:007a9880	0x007a9880	xbuild-enriched-full	true	007a9880	FUN_007a9880	undefined FUN_007a9880()	0	0	unknown	true		6	1057	39	11	1613
urn:ure:t6:occ:function:current-client:007a9920	0x007a9920	xbuild-enriched-full	true	007a9920	FUN_007a9920	undefined FUN_007a9920()	0	0	unknown	true		9	1365	67	19	2683
urn:ure:t6:occ:function:current-client:007a9a30	0x007a9a30	xbuild-enriched-full	true	007a9a30	FUN_007a9a30	undefined FUN_007a9a30()	0	0	unknown	true		4	731	35	11	1301
urn:ure:t6:occ:function:current-client:007a9ab0	0x007a9ab0	xbuild-enriched-full	true	007a9ab0	FUN_007a9ab0	undefined FUN_007a9ab0()	0	0	unknown	true		21	3333	220	33	8860
urn:ure:t6:occ:function:current-client:007a9e40	0x007a9e40	xbuild-enriched-full	true	007a9e40	FUN_007a9e40	undefined FUN_007a9e40()	0	0	unknown	true		52	6867	407	59	17445
urn:ure:t6:occ:function:current-client:007aa5b0	0x007aa5b0	xbuild-enriched-full	true	007aa5b0	FUN_007aa5b0	undefined FUN_007aa5b0()	0	0	unknown	true		6	1182	65	6	2576
urn:ure:t6:occ:function:current-client:007aa670	0x007aa670	xbuild-enriched-full	true	007aa670	FUN_007aa670	undefined FUN_007aa670()	0	0	unknown	true		4	622	41	6	1527
urn:ure:t6:occ:function:current-client:007ab4e0	0x007ab4e0	xbuild-enriched-full	true	007ab4e0	FUN_007ab4e0	undefined FUN_007ab4e0()	0	0	unknown	true		8	1418	85	25	2747
urn:ure:t6:occ:function:current-client:007ab5e0	0x007ab5e0	xbuild-enriched-full	true	007ab5e0	FUN_007ab5e0	undefined FUN_007ab5e0()	0	0	unknown	true		4	546	29	16	1049
urn:ure:t6:occ:function:current-client:007ab660	0x007ab660	xbuild-enriched-full	true	007ab660	FUN_007ab660	undefined FUN_007ab660()	0	0	unknown	true		8	1025	96	36	3034
urn:ure:t6:occ:function:current-client:007ab830	0x007ab830	xbuild-enriched-full	true	007ab830	FUN_007ab830	undefined FUN_007ab830()	0	0	unknown	true		5	840	46	7	1812
urn:ure:t6:occ:function:current-client:007ab8d0	0x007ab8d0	xbuild-enriched-full	true	007ab8d0	FUN_007ab8d0	undefined FUN_007ab8d0()	0	0	unknown	true		3	615	31	5	1124
urn:ure:t6:occ:function:current-client:007abad0	0x007abad0	xbuild-enriched-full	true	007abad0	FUN_007abad0	undefined FUN_007abad0()	0	0	unknown	true		9	1141	79	13	3134
urn:ure:t6:occ:function:current-client:007abc00	0x007abc00	xbuild-enriched-full	true	007abc00	FUN_007abc00	undefined FUN_007abc00()	0	0	unknown	true		53	4868	422	67	15778
urn:ure:t6:occ:function:current-client:007ac240	0x007ac240	xbuild-enriched-full	true	007ac240	FUN_007ac240	undefined FUN_007ac240()	0	0	unknown	true		28	3668	222	52	9097
urn:ure:t6:occ:function:current-client:007ac5e0	0x007ac5e0	xbuild-enriched-full	true	007ac5e0	FUN_007ac5e0	undefined FUN_007ac5e0()	0	0	unknown	true		12	1777	119	23	4848
urn:ure:t6:occ:function:current-client:007ac7c0	0x007ac7c0	xbuild-enriched-full	true	007ac7c0	FUN_007ac7c0	undefined FUN_007ac7c0()	0	0	unknown	true		13	1812	108	28	4307
urn:ure:t6:occ:function:current-client:007ac990	0x007ac990	xbuild-enriched-full	true	007ac990	FUN_007ac990	undefined FUN_007ac990()	0	0	unknown	true		14	1938	113	30	4502
urn:ure:t6:occ:function:current-client:007acb80	0x007acb80	xbuild-enriched-full	true	007acb80	FUN_007acb80	undefined FUN_007acb80()	0	0	unknown	true		12	1641	107	19	4002
urn:ure:t6:occ:function:current-client:007acd00	0x007acd00	xbuild-enriched-full	true	007acd00	FUN_007acd00	undefined FUN_007acd00()	0	0	unknown	true		16	1687	113	22	4154
urn:ure:t6:occ:function:current-client:007ace90	0x007ace90	xbuild-enriched-full	true	007ace90	FUN_007ace90	undefined FUN_007ace90()	0	0	unknown	true		8	1027	65	23	2710
urn:ure:t6:occ:function:current-client:007acfb0	0x007acfb0	xbuild-enriched-full	true	007acfb0	FUN_007acfb0	undefined FUN_007acfb0()	0	0	unknown	true		18	2044	125	30	4837
urn:ure:t6:occ:function:current-client:007ad1a0	0x007ad1a0	xbuild-enriched-full	true	007ad1a0	FUN_007ad1a0	undefined FUN_007ad1a0()	0	0	unknown	true		9	1055	75	11	3187
urn:ure:t6:occ:function:current-client:007ad2e0	0x007ad2e0	xbuild-enriched-full	true	007ad2e0	FUN_007ad2e0	undefined FUN_007ad2e0()	0	0	unknown	true		14	1567	119	18	4959
urn:ure:t6:occ:function:current-client:007ad4d0	0x007ad4d0	xbuild-enriched-full	true	007ad4d0	FUN_007ad4d0	undefined FUN_007ad4d0()	0	0	unknown	true		35	3668	213	48	8764
urn:ure:t6:occ:function:current-client:007ad840	0x007ad840	xbuild-enriched-full	true	007ad840	FUN_007ad840	undefined FUN_007ad840()	0	0	unknown	true		28	2862	193	42	7771
urn:ure:t6:occ:function:current-client:007adb50	0x007adb50	xbuild-enriched-full	true	007adb50	FUN_007adb50	undefined FUN_007adb50()	0	0	unknown	true		3	282	22	3	965
urn:ure:t6:occ:function:current-client:007adbb0	0x007adbb0	xbuild-enriched-full	true	007adbb0	FUN_007adbb0	undefined FUN_007adbb0()	0	0	unknown	true		31	4223	185	63	7390
urn:ure:t6:occ:function:current-client:007adec0	0x007adec0	xbuild-enriched-full	true	007adec0	FUN_007adec0	undefined FUN_007adec0()	0	0	unknown	true		18	2404	136	32	5216
urn:ure:t6:occ:function:current-client:007ae0d0	0x007ae0d0	xbuild-enriched-full	true	007ae0d0	FUN_007ae0d0	undefined FUN_007ae0d0()	0	0	unknown	true		21	3269	164	29	6907
urn:ure:t6:occ:function:current-client:007ae3b0	0x007ae3b0	xbuild-enriched-full	true	007ae3b0	FUN_007ae3b0	undefined FUN_007ae3b0()	0	0	unknown	true		3	573	18	4	994
urn:ure:t6:occ:function:current-client:007ae410	0x007ae410	xbuild-enriched-full	true	007ae410	FUN_007ae410	undefined FUN_007ae410()	0	0	unknown	true		18	2342	169	47	5646
urn:ure:t6:occ:function:current-client:007ae620	0x007ae620	xbuild-enriched-full	true	007ae620	FUN_007ae620	undefined FUN_007ae620()	0	0	unknown	true		5	588	52	12	1698
urn:ure:t6:occ:function:current-client:007ae6d0	0x007ae6d0	xbuild-enriched-full	true	007ae6d0	FUN_007ae6d0	undefined FUN_007ae6d0()	0	0	unknown	true		99	9206	717	136	28431
urn:ure:t6:occ:function:current-client:007af240	0x007af240	xbuild-enriched-full	true	007af240	FUN_007af240	undefined FUN_007af240()	0	0	unknown	true		19	1600	144	33	4856
urn:ure:t6:occ:function:current-client:007af430	0x007af430	xbuild-enriched-full	true	007af430	FUN_007af430	undefined FUN_007af430()	0	0	unknown	true		16	1714	133	27	4722
urn:ure:t6:occ:function:current-client:007af620	0x007af620	xbuild-enriched-full	true	007af620	FUN_007af620	undefined FUN_007af620()	0	0	unknown	true		14	1465	131	26	4411
urn:ure:t6:occ:function:current-client:007af7e0	0x007af7e0	xbuild-enriched-full	true	007af7e0	FUN_007af7e0	undefined FUN_007af7e0()	0	0	unknown	true		27	2544	175	54	6036
urn:ure:t6:occ:function:current-client:007afa70	0x007afa70	xbuild-enriched-full	true	007afa70	FUN_007afa70	undefined FUN_007afa70()	0	0	unknown	true		7	1158	65	16	2290
urn:ure:t6:occ:function:current-client:007afb60	0x007afb60	xbuild-enriched-full	true	007afb60	FUN_007afb60	undefined FUN_007afb60()	0	0	unknown	true		6	1077	59	13	2103
urn:ure:t6:occ:function:current-client:007afc40	0x007afc40	xbuild-enriched-full	true	007afc40	FUN_007afc40	undefined FUN_007afc40()	0	0	unknown	true		5	904	49	11	1745
urn:ure:t6:occ:function:current-client:007afcf0	0x007afcf0	xbuild-enriched-full	true	007afcf0	FUN_007afcf0	undefined FUN_007afcf0()	0	0	unknown	true		5	819	53	10	1836
urn:ure:t6:occ:function:current-client:007afdb0	0x007afdb0	xbuild-enriched-full	true	007afdb0	FUN_007afdb0	undefined FUN_007afdb0()	0	0	unknown	true		9	1391	79	21	3219
urn:ure:t6:occ:function:current-client:007aff00	0x007aff00	xbuild-enriched-full	true	007aff00	FUN_007aff00	undefined FUN_007aff00()	0	0	unknown	true		2	190	23	4	1049
urn:ure:t6:occ:function:current-client:007aff70	0x007aff70	xbuild-enriched-full	true	007aff70	FUN_007aff70	undefined FUN_007aff70()	0	0	unknown	true		15	1587	138	31	5113
urn:ure:t6:occ:function:current-client:007b0180	0x007b0180	xbuild-enriched-full	true	007b0180	FUN_007b0180	undefined FUN_007b0180()	0	0	unknown	true		9	1108	97	20	3423
urn:ure:t6:occ:function:current-client:007b02e0	0x007b02e0	xbuild-enriched-full	true	007b02e0	FUN_007b02e0	undefined FUN_007b02e0()	0	0	unknown	true		38	2473	316	60	11254
urn:ure:t6:occ:function:current-client:007b0760	0x007b0760	xbuild-enriched-full	true	007b0760	FUN_007b0760	undefined FUN_007b0760()	0	0	unknown	true		17	2194	123	55	4447
urn:ure:t6:occ:function:current-client:007b0950	0x007b0950	xbuild-enriched-full	true	007b0950	FUN_007b0950	undefined FUN_007b0950()	0	0	unknown	true		23	2913	202	45	7225
urn:ure:t6:occ:function:current-client:007b0c20	0x007b0c20	xbuild-enriched-full	true	007b0c20	FUN_007b0c20	undefined FUN_007b0c20()	0	0	unknown	true		20	2629	152	31	6157
urn:ure:t6:occ:function:current-client:007b0ea0	0x007b0ea0	xbuild-enriched-full	true	007b0ea0	FUN_007b0ea0	undefined FUN_007b0ea0()	0	0	unknown	true		29	3708	218	50	9315
urn:ure:t6:occ:function:current-client:007b12f0	0x007b12f0	xbuild-enriched-full	true	007b12f0	FUN_007b12f0	undefined FUN_007b12f0()	0	0	unknown	true		11	2027	105	19	4500
urn:ure:t6:occ:function:current-client:007b14b0	0x007b14b0	xbuild-enriched-full	true	007b14b0	FUN_007b14b0	undefined FUN_007b14b0()	0	0	unknown	true		6	869	47	10	2145
urn:ure:t6:occ:function:current-client:007b1580	0x007b1580	xbuild-enriched-full	true	007b1580	FUN_007b1580	undefined FUN_007b1580()	0	0	unknown	true		10	1523	86	17	3654
urn:ure:t6:occ:function:current-client:007b16f0	0x007b16f0	xbuild-enriched-full	true	007b16f0	FUN_007b16f0	undefined FUN_007b16f0()	0	0	unknown	true		20	2617	155	53	5464
urn:ure:t6:occ:function:current-client:007b1930	0x007b1930	xbuild-enriched-full	true	007b1930	FUN_007b1930	undefined FUN_007b1930()	0	0	unknown	true		16	2403	167	25	6490
urn:ure:t6:occ:function:current-client:007b1bb0	0x007b1bb0	xbuild-enriched-full	true	007b1bb0	FUN_007b1bb0	undefined FUN_007b1bb0()	0	0	unknown	true		8	1111	78	17	3121
urn:ure:t6:occ:function:current-client:007b1ce0	0x007b1ce0	xbuild-enriched-full	true	007b1ce0	FUN_007b1ce0	undefined FUN_007b1ce0()	0	0	unknown	true		2	204	23	5	1046
urn:ure:t6:occ:function:current-client:007b1d40	0x007b1d40	xbuild-enriched-full	true	007b1d40	FUN_007b1d40	undefined FUN_007b1d40()	0	0	unknown	true		7	1003	60	12	2560
urn:ure:t6:occ:function:current-client:007b1e30	0x007b1e30	xbuild-enriched-full	true	007b1e30	FUN_007b1e30	undefined FUN_007b1e30()	0	0	unknown	true		8	1039	68	14	2984
urn:ure:t6:occ:function:current-client:007b1f60	0x007b1f60	xbuild-enriched-full	true	007b1f60	FUN_007b1f60	undefined FUN_007b1f60()	0	0	unknown	true		1690	32804	2856	676	116250
urn:ure:t6:occ:function:current-client:007b5020	0x007b5020	xbuild-enriched-full	true	007b5020	FUN_007b5020	undefined FUN_007b5020()	0	0	unknown	true		5	861	39	15	1471
urn:ure:t6:occ:function:current-client:007b50b0	0x007b50b0	xbuild-enriched-full	true	007b50b0	FUN_007b50b0	undefined FUN_007b50b0()	0	0	unknown	true		7	1259	58	20	2092
urn:ure:t6:occ:function:current-client:007b5180	0x007b5180	xbuild-enriched-full	true	007b5180	FUN_007b5180	undefined FUN_007b5180()	0	0	unknown	true		5	1010	45	17	1649
urn:ure:t6:occ:function:current-client:007b5220	0x007b5220	xbuild-enriched-full	true	007b5220	FUN_007b5220	undefined FUN_007b5220()	0	0	unknown	true		7	1278	62	12	2719
urn:ure:t6:occ:function:current-client:007b5330	0x007b5330	xbuild-enriched-full	true	007b5330	FUN_007b5330	undefined FUN_007b5330()	0	0	unknown	true		22	2853	149	42	5690
urn:ure:t6:occ:function:current-client:007b5580	0x007b5580	xbuild-enriched-full	true	007b5580	FUN_007b5580	undefined FUN_007b5580()	0	0	unknown	true		27	3465	177	46	6986
urn:ure:t6:occ:function:current-client:007b5860	0x007b5860	xbuild-enriched-full	true	007b5860	FUN_007b5860	undefined FUN_007b5860()	0	0	unknown	true		13	1896	101	31	3830
urn:ure:t6:occ:function:current-client:007b59f0	0x007b59f0	xbuild-enriched-full	true	007b59f0	FUN_007b59f0	undefined FUN_007b59f0()	0	0	unknown	true		8	950	58	9	2497
urn:ure:t6:occ:function:current-client:007b5af0	0x007b5af0	xbuild-enriched-full	true	007b5af0	FUN_007b5af0	undefined FUN_007b5af0()	0	0	unknown	true		14	1560	89	24	3225
urn:ure:t6:occ:function:current-client:007b5c30	0x007b5c30	xbuild-enriched-full	true	007b5c30	FUN_007b5c30	undefined FUN_007b5c30()	0	0	unknown	true		10	1252	76	21	2709
urn:ure:t6:occ:function:current-client:007b5d40	0x007b5d40	xbuild-enriched-full	true	007b5d40	FUN_007b5d40	undefined FUN_007b5d40()	0	0	unknown	true		10	1313	85	22	3029
urn:ure:t6:occ:function:current-client:007b5e60	0x007b5e60	xbuild-enriched-full	true	007b5e60	FUN_007b5e60	undefined FUN_007b5e60()	0	0	unknown	true		4	332	46	8	1854
urn:ure:t6:occ:function:current-client:007b5f10	0x007b5f10	xbuild-enriched-full	true	007b5f10	FUN_007b5f10	undefined FUN_007b5f10()	0	0	unknown	true		3	672	33	5	1524
urn:ure:t6:occ:function:current-client:007b5fa0	0x007b5fa0	xbuild-enriched-full	true	007b5fa0	FUN_007b5fa0	undefined FUN_007b5fa0()	0	0	unknown	true		15	2307	143	29	5903
urn:ure:t6:occ:function:current-client:007b61f0	0x007b61f0	xbuild-enriched-full	true	007b61f0	FUN_007b61f0	undefined FUN_007b61f0()	0	0	unknown	true		8	2089	81	13	3201
urn:ure:t6:occ:function:current-client:007b6330	0x007b6330	xbuild-enriched-full	true	007b6330	FUN_007b6330	undefined FUN_007b6330()	0	0	unknown	true		11	1604	99	22	3966
urn:ure:t6:occ:function:current-client:007b64b0	0x007b64b0	xbuild-enriched-full	true	007b64b0	FUN_007b64b0	undefined FUN_007b64b0()	0	0	unknown	true		12	1610	132	30	4456
urn:ure:t6:occ:function:current-client:007b6650	0x007b6650	xbuild-enriched-full	true	007b6650	FUN_007b6650	undefined FUN_007b6650()	0	0	unknown	true		16	2353	137	32	5049
urn:ure:t6:occ:function:current-client:007b6830	0x007b6830	xbuild-enriched-full	true	007b6830	FUN_007b6830	undefined FUN_007b6830()	0	0	unknown	true		4	473	33	10	1253
urn:ure:t6:occ:function:current-client:007b68b0	0x007b68b0	xbuild-enriched-full	true	007b68b0	FUN_007b68b0	undefined FUN_007b68b0()	0	0	unknown	true		15	2346	145	28	5875
urn:ure:t6:occ:function:current-client:007b6ae0	0x007b6ae0	xbuild-enriched-full	true	007b6ae0	FUN_007b6ae0	undefined FUN_007b6ae0()	0	0	unknown	true		18	2302	156	31	6019
urn:ure:t6:occ:function:current-client:007b6d60	0x007b6d60	xbuild-enriched-full	true	007b6d60	FUN_007b6d60	undefined FUN_007b6d60()	0	0	unknown	true		12	1804	113	15	4338
urn:ure:t6:occ:function:current-client:007b6f20	0x007b6f20	xbuild-enriched-full	true	007b6f20	FUN_007b6f20	undefined FUN_007b6f20()	0	0	unknown	true		20	3380	174	44	6306
urn:ure:t6:occ:function:current-client:007b7180	0x007b7180	xbuild-enriched-full	true	007b7180	FUN_007b7180	undefined FUN_007b7180()	0	0	unknown	true		93	7053	540	87	20728
urn:ure:t6:occ:function:current-client:007b7a00	0x007b7a00	xbuild-enriched-full	true	007b7a00	FUN_007b7a00	undefined FUN_007b7a00()	0	0	unknown	true		58	6207	339	94	12598
urn:ure:t6:occ:function:current-client:007b7ef0	0x007b7ef0	xbuild-enriched-full	true	007b7ef0	FUN_007b7ef0	undefined FUN_007b7ef0()	0	0	unknown	true		31	3255	177	40	7412
urn:ure:t6:occ:function:current-client:007b81f0	0x007b81f0	xbuild-enriched-full	true	007b81f0	FUN_007b81f0	undefined FUN_007b81f0()	0	0	unknown	true		10	1802	85	18	3075
urn:ure:t6:occ:function:current-client:007b8310	0x007b8310	xbuild-enriched-full	true	007b8310	FUN_007b8310	undefined FUN_007b8310()	0	0	unknown	true		5	656	42	10	1445
urn:ure:t6:occ:function:current-client:007b8390	0x007b8390	xbuild-enriched-full	true	007b8390	FUN_007b8390	undefined FUN_007b8390()	0	0	unknown	true		9	1148	79	14	2899
urn:ure:t6:occ:function:current-client:007b84a0	0x007b84a0	xbuild-enriched-full	true	007b84a0	FUN_007b84a0	undefined FUN_007b84a0()	0	0	unknown	true		29	3729	263	37	10343
urn:ure:t6:occ:function:current-client:007b88c0	0x007b88c0	xbuild-enriched-full	true	007b88c0	FUN_007b88c0	undefined FUN_007b88c0()	0	0	unknown	true		30	4851	271	25	11309
urn:ure:t6:occ:function:current-client:007b8d60	0x007b8d60	xbuild-enriched-full	true	007b8d60	FUN_007b8d60	undefined FUN_007b8d60()	0	0	unknown	true		155	5488	539	102	19771
urn:ure:t6:occ:function:current-client:007b94f0	0x007b94f0	xbuild-enriched-full	true	007b94f0	FUN_007b94f0	undefined FUN_007b94f0()	0	0	unknown	true		52	4937	339	50	13243
urn:ure:t6:occ:function:current-client:007b9a40	0x007b9a40	xbuild-enriched-full	true	007b9a40	FUN_007b9a40	undefined FUN_007b9a40()	0	0	unknown	true		9	1208	76	20	2651
urn:ure:t6:occ:function:current-client:007b9b30	0x007b9b30	xbuild-enriched-full	true	007b9b30	FUN_007b9b30	undefined FUN_007b9b30()	0	0	unknown	true		3	521	28	9	1088
urn:ure:t6:occ:function:current-client:007b9b90	0x007b9b90	xbuild-enriched-full	true	007b9b90	FUN_007b9b90	undefined FUN_007b9b90()	0	0	unknown	true		10	1949	90	15	3808
urn:ure:t6:occ:function:current-client:007b9d40	0x007b9d40	xbuild-enriched-full	true	007b9d40	FUN_007b9d40	undefined FUN_007b9d40()	0	0	unknown	true		3	600	24	7	1002
urn:ure:t6:occ:function:current-client:007b9da0	0x007b9da0	xbuild-enriched-full	true	007b9da0	FUN_007b9da0	undefined FUN_007b9da0()	0	0	unknown	true		66	13316	620	64	27253
urn:ure:t6:occ:function:current-client:007ba9a0	0x007ba9a0	xbuild-enriched-full	true	007ba9a0	FUN_007ba9a0	undefined FUN_007ba9a0()	0	0	unknown	true		94	8439	503	124	19866
urn:ure:t6:occ:function:current-client:007bb1f0	0x007bb1f0	xbuild-enriched-full	true	007bb1f0	FUN_007bb1f0	undefined FUN_007bb1f0()	0	0	unknown	true		12	1040	65	17	2075
urn:ure:t6:occ:function:current-client:007bb2a0	0x007bb2a0	xbuild-enriched-full	true	007bb2a0	FUN_007bb2a0	undefined FUN_007bb2a0()	0	0	unknown	true		5	548	35	11	1178
urn:ure:t6:occ:function:current-client:007bb320	0x007bb320	xbuild-enriched-full	true	007bb320	FUN_007bb320	undefined FUN_007bb320()	0	0	unknown	true		11	1858	104	33	3648
urn:ure:t6:occ:function:current-client:007bb470	0x007bb470	xbuild-enriched-full	true	007bb470	FUN_007bb470	undefined FUN_007bb470()	0	0	unknown	true		11	1177	81	24	2653
urn:ure:t6:occ:function:current-client:007bb580	0x007bb580	xbuild-enriched-full	true	007bb580	FUN_007bb580	undefined FUN_007bb580()	0	0	unknown	true		9	1549	69	20	2609
urn:ure:t6:occ:function:current-client:007bb670	0x007bb670	xbuild-enriched-full	true	007bb670	FUN_007bb670	undefined FUN_007bb670()	0	0	unknown	true		25	3660	195	42	7689
urn:ure:t6:occ:function:current-client:007bb960	0x007bb960	xbuild-enriched-full	true	007bb960	FUN_007bb960	undefined FUN_007bb960()	0	0	unknown	true		7	2117	49	11	1724
urn:ure:t6:occ:function:current-client:007bb9e0	0x007bb9e0	xbuild-enriched-full	true	007bb9e0	FUN_007bb9e0	undefined FUN_007bb9e0()	0	0	unknown	true		13	2281	123	28	4676
urn:ure:t6:occ:function:current-client:007bbb60	0x007bbb60	xbuild-enriched-full	true	007bbb60	FUN_007bbb60	undefined FUN_007bbb60()	0	0	unknown	true		14	1801	113	26	4122
urn:ure:t6:occ:function:current-client:007bbd00	0x007bbd00	xbuild-enriched-full	true	007bbd00	FUN_007bbd00	undefined FUN_007bbd00()	0	0	unknown	true		6	1139	52	11	1821
urn:ure:t6:occ:function:current-client:007bbdb0	0x007bbdb0	xbuild-enriched-full	true	007bbdb0	FUN_007bbdb0	undefined FUN_007bbdb0()	0	0	unknown	true		6	881	41	11	1486
urn:ure:t6:occ:function:current-client:007bbe30	0x007bbe30	xbuild-enriched-full	true	007bbe30	FUN_007bbe30	undefined FUN_007bbe30()	0	0	unknown	true		5	666	35	13	1291
urn:ure:t6:occ:function:current-client:007bbea0	0x007bbea0	xbuild-enriched-full	true	007bbea0	FUN_007bbea0	undefined FUN_007bbea0()	0	0	unknown	true		5	677	35	13	1291
urn:ure:t6:occ:function:current-client:007bbf10	0x007bbf10	xbuild-enriched-full	true	007bbf10	FUN_007bbf10	undefined FUN_007bbf10()	0	0	unknown	true		4	762	40	12	1313
urn:ure:t6:occ:function:current-client:007bbf80	0x007bbf80	xbuild-enriched-full	true	007bbf80	FUN_007bbf80	undefined FUN_007bbf80()	0	0	unknown	true		5	933	42	14	1380
urn:ure:t6:occ:function:current-client:007bbff0	0x007bbff0	xbuild-enriched-full	true	007bbff0	FUN_007bbff0	undefined FUN_007bbff0()	0	0	unknown	true		13	1731	116	35	4362
urn:ure:t6:occ:function:current-client:007bc1c0	0x007bc1c0	xbuild-enriched-full	true	007bc1c0	FUN_007bc1c0	undefined FUN_007bc1c0()	0	0	unknown	true		7	1680	57	13	2606
urn:ure:t6:occ:function:current-client:007bc2c0	0x007bc2c0	xbuild-enriched-full	true	007bc2c0	FUN_007bc2c0	undefined FUN_007bc2c0()	0	0	unknown	true		18	3840	161	61	6259
urn:ure:t6:occ:function:current-client:007bc510	0x007bc510	xbuild-enriched-full	true	007bc510	FUN_007bc510	undefined FUN_007bc510()	0	0	unknown	true		8	1086	73	19	2287
urn:ure:t6:occ:function:current-client:007bc5e0	0x007bc5e0	xbuild-enriched-full	true	007bc5e0	FUN_007bc5e0	undefined FUN_007bc5e0()	0	0	unknown	true		28	3617	263	82	8149
urn:ure:t6:occ:function:current-client:007bc920	0x007bc920	xbuild-enriched-full	true	007bc920	FUN_007bc920	undefined FUN_007bc920()	0	0	unknown	true		8	1536	81	26	2723
urn:ure:t6:occ:function:current-client:007bca20	0x007bca20	xbuild-enriched-full	true	007bca20	FUN_007bca20	undefined FUN_007bca20()	0	0	unknown	true		9	1209	84	24	2878
urn:ure:t6:occ:function:current-client:007bcb30	0x007bcb30	xbuild-enriched-full	true	007bcb30	FUN_007bcb30	undefined FUN_007bcb30()	0	0	unknown	true		5	694	40	17	1304
urn:ure:t6:occ:function:current-client:007bcbb0	0x007bcbb0	xbuild-enriched-full	true	007bcbb0	FUN_007bcbb0	undefined FUN_007bcbb0()	0	0	unknown	true		10	496	105	20	3907
urn:ure:t6:occ:function:current-client:007bcd30	0x007bcd30	xbuild-enriched-full	true	007bcd30	FUN_007bcd30	undefined FUN_007bcd30()	0	0	unknown	true		22	2472	204	55	7576
urn:ure:t6:occ:function:current-client:007bd020	0x007bd020	xbuild-enriched-full	true	007bd020	FUN_007bd020	undefined FUN_007bd020()	0	0	unknown	true		16	2154	128	29	4823
urn:ure:t6:occ:function:current-client:007bd400	0x007bd400	xbuild-enriched-full	true	007bd400	FUN_007bd400	undefined FUN_007bd400()	0	0	unknown	true		2	153	13	2	509
urn:ure:t6:occ:function:current-client:007bdc90	0x007bdc90	xbuild-enriched-full	true	007bdc90	FUN_007bdc90	undefined FUN_007bdc90()	0	0	unknown	true		9	1056	69	16	2484
urn:ure:t6:occ:function:current-client:007bde70	0x007bde70	xbuild-enriched-full	true	007bde70	FUN_007bde70	undefined FUN_007bde70()	0	0	unknown	true		4	367	31	7	1172
urn:ure:t6:occ:function:current-client:007bdee0	0x007bdee0	xbuild-enriched-full	true	007bdee0	FUN_007bdee0	undefined FUN_007bdee0()	0	0	unknown	true		8	1231	79	9	3165
urn:ure:t6:occ:function:current-client:007be030	0x007be030	xbuild-enriched-full	true	007be030	FUN_007be030	undefined FUN_007be030()	0	0	unknown	true		14	1267	97	13	3719
urn:ure:t6:occ:function:current-client:007be1b0	0x007be1b0	xbuild-enriched-full	true	007be1b0	FUN_007be1b0	undefined FUN_007be1b0()	0	0	unknown	true		4	435	29	3	1170
urn:ure:t6:occ:function:current-client:007be220	0x007be220	xbuild-enriched-full	true	007be220	FUN_007be220	undefined FUN_007be220()	0	0	unknown	true		3	326	25	3	990
urn:ure:t6:occ:function:current-client:007be280	0x007be280	xbuild-enriched-full	true	007be280	FUN_007be280	undefined FUN_007be280()	0	0	unknown	true		4	419	28	3	1135
urn:ure:t6:occ:function:current-client:007be2f0	0x007be2f0	xbuild-enriched-full	true	007be2f0	FUN_007be2f0	undefined FUN_007be2f0()	0	0	unknown	true		2	218	23	2	970
urn:ure:t6:occ:function:current-client:007be350	0x007be350	xbuild-enriched-full	true	007be350	FUN_007be350	undefined FUN_007be350()	0	0	unknown	true		2	212	22	2	935
urn:ure:t6:occ:function:current-client:007be3b0	0x007be3b0	xbuild-enriched-full	true	007be3b0	FUN_007be3b0	undefined FUN_007be3b0()	0	0	unknown	true		6	710	53	6	1924
urn:ure:t6:occ:function:current-client:007be470	0x007be470	xbuild-enriched-full	true	007be470	FUN_007be470	undefined FUN_007be470()	0	0	unknown	true		3	304	25	3	1033
urn:ure:t6:occ:function:current-client:007be4d0	0x007be4d0	xbuild-enriched-full	true	007be4d0	FUN_007be4d0	undefined FUN_007be4d0()	0	0	unknown	true		4	485	35	3	1509
urn:ure:t6:occ:function:current-client:007be600	0x007be600	xbuild-enriched-full	true	007be600	FUN_007be600	undefined FUN_007be600()	0	0	unknown	true		5	642	41	4	1371
urn:ure:t6:occ:function:current-client:007be680	0x007be680	xbuild-enriched-full	true	007be680	FUN_007be680	undefined FUN_007be680()	0	0	unknown	true		5	572	41	11	1543
urn:ure:t6:occ:function:current-client:007be710	0x007be710	xbuild-enriched-full	true	007be710	FUN_007be710	undefined FUN_007be710()	0	0	unknown	true		6	856	52	10	2075
urn:ure:t6:occ:function:current-client:007bedb0	0x007bedb0	xbuild-enriched-full	true	007bedb0	FUN_007bedb0	undefined FUN_007bedb0()	0	0	unknown	true		16	1584	129	34	4190
urn:ure:t6:occ:function:current-client:007bfb10	0x007bfb10	xbuild-enriched-full	true	007bfb10	FUN_007bfb10	undefined FUN_007bfb10()	0	0	unknown	true		6	1269	63	13	2172
urn:ure:t6:occ:function:current-client:007bfbb0	0x007bfbb0	xbuild-enriched-full	true	007bfbb0	FUN_007bfbb0	undefined FUN_007bfbb0()	0	0	unknown	true		6	839	62	9	2408
urn:ure:t6:occ:function:current-client:007bfcb0	0x007bfcb0	xbuild-enriched-full	true	007bfcb0	FUN_007bfcb0	undefined FUN_007bfcb0()	0	0	unknown	true		2	223	19	4	647
urn:ure:t6:occ:function:current-client:007bfcf0	0x007bfcf0	xbuild-enriched-full	true	007bfcf0	FUN_007bfcf0	undefined FUN_007bfcf0()	0	0	unknown	true		2	223	19	4	647
urn:ure:t6:occ:function:current-client:007bfd30	0x007bfd30	xbuild-enriched-full	true	007bfd30	FUN_007bfd30	undefined FUN_007bfd30()	0	0	unknown	true		2	296	26	5	858
urn:ure:t6:occ:function:current-client:007bfd80	0x007bfd80	xbuild-enriched-full	true	007bfd80	FUN_007bfd80	undefined FUN_007bfd80()	0	0	unknown	true		2	296	26	5	858
urn:ure:t6:occ:function:current-client:007bfee0	0x007bfee0	xbuild-enriched-full	true	007bfee0	FUN_007bfee0	undefined FUN_007bfee0()	0	0	unknown	true		4	312	30	6	1062
urn:ure:t6:occ:function:current-client:007c0290	0x007c0290	xbuild-enriched-full	true	007c0290	FUN_007c0290	undefined FUN_007c0290()	0	0	unknown	true		8	967	64	17	2144
urn:ure:t6:occ:function:current-client:007c0360	0x007c0360	xbuild-enriched-full	true	007c0360	FUN_007c0360	undefined FUN_007c0360()	0	0	unknown	true		13	1309	89	26	3123
urn:ure:t6:occ:function:current-client:007c0860	0x007c0860	xbuild-enriched-full	true	007c0860	FUN_007c0860	undefined FUN_007c0860()	0	0	unknown	true		5	704	39	7	1455
urn:ure:t6:occ:function:current-client:007c09d0	0x007c09d0	xbuild-enriched-full	true	007c09d0	FUN_007c09d0	undefined FUN_007c09d0()	0	0	unknown	true		3	289	30	5	1059
urn:ure:t6:occ:function:current-client:007c0a30	0x007c0a30	xbuild-enriched-full	true	007c0a30	FUN_007c0a30	undefined FUN_007c0a30()	0	0	unknown	true		3	289	30	5	1060
urn:ure:t6:occ:function:current-client:007c0d10	0x007c0d10	xbuild-enriched-full	true	007c0d10	FUN_007c0d10	undefined FUN_007c0d10()	0	0	unknown	true		5	816	51	11	2001
urn:ure:t6:occ:function:current-client:007c0e30	0x007c0e30	xbuild-enriched-full	true	007c0e30	FUN_007c0e30	undefined FUN_007c0e30()	0	0	unknown	true		8	975	75	20	2359
urn:ure:t6:occ:function:current-client:007c19d0	0x007c19d0	xbuild-enriched-full	true	007c19d0	FUN_007c19d0	undefined FUN_007c19d0()	0	0	unknown	true		9	1431	89	23	2993
urn:ure:t6:occ:function:current-client:007c1c10	0x007c1c10	xbuild-enriched-full	true	007c1c10	FUN_007c1c10	undefined FUN_007c1c10()	0	0	unknown	true		17	1722	137	36	4907
urn:ure:t6:occ:function:current-client:007c1e10	0x007c1e10	xbuild-enriched-full	true	007c1e10	FUN_007c1e10	undefined FUN_007c1e10()	0	0	unknown	true		4	388	37	6	1425
urn:ure:t6:occ:function:current-client:007c1ea0	0x007c1ea0	xbuild-enriched-full	true	007c1ea0	FUN_007c1ea0	undefined FUN_007c1ea0()	0	0	unknown	true		8	1016	86	24	2575
urn:ure:t6:occ:function:current-client:007c22c0	0x007c22c0	xbuild-enriched-full	true	007c22c0	FUN_007c22c0	undefined FUN_007c22c0()	0	0	unknown	true		5	515	50	11	1556
urn:ure:t6:occ:function:current-client:007c24f0	0x007c24f0	xbuild-enriched-full	true	007c24f0	FUN_007c24f0	undefined FUN_007c24f0()	0	0	unknown	true		7	930	57	16	2045
urn:ure:t6:occ:function:current-client:007c25c0	0x007c25c0	xbuild-enriched-full	true	007c25c0	FUN_007c25c0	undefined FUN_007c25c0()	0	0	unknown	true		7	740	55	14	1785
urn:ure:t6:occ:function:current-client:007c2870	0x007c2870	xbuild-enriched-full	true	007c2870	FUN_007c2870	undefined FUN_007c2870()	0	0	unknown	true		11	1362	77	14	2887
urn:ure:t6:occ:function:current-client:007c2990	0x007c2990	xbuild-enriched-full	true	007c2990	FUN_007c2990	undefined FUN_007c2990()	0	0	unknown	true		4	393	34	5	1187
urn:ure:t6:occ:function:current-client:007c2c40	0x007c2c40	xbuild-enriched-full	true	007c2c40	FUN_007c2c40	undefined FUN_007c2c40()	0	0	unknown	true		5	595	46	12	1352
urn:ure:t6:occ:function:current-client:007c2da0	0x007c2da0	xbuild-enriched-full	true	007c2da0	FUN_007c2da0	undefined FUN_007c2da0()	0	0	unknown	true		5	416	48	9	1522
urn:ure:t6:occ:function:current-client:007c2e30	0x007c2e30	xbuild-enriched-full	true	007c2e30	FUN_007c2e30	undefined FUN_007c2e30()	0	0	unknown	true		5	416	48	9	1522
urn:ure:t6:occ:function:current-client:007c35e0	0x007c35e0	xbuild-enriched-full	true	007c35e0	FUN_007c35e0	undefined FUN_007c35e0()	0	0	unknown	true		22	3026	169	43	6539
urn:ure:t6:occ:function:current-client:007c4b80	0x007c4b80	xbuild-enriched-full	true	007c4b80	FUN_007c4b80	undefined FUN_007c4b80()	0	0	unknown	true		27	4353	266	27	10777
urn:ure:t6:occ:function:current-client:007c52e0	0x007c52e0	xbuild-enriched-full	true	007c52e0	FUN_007c52e0	undefined FUN_007c52e0()	0	0	unknown	true		5	501	48	3	1888
urn:ure:t6:occ:function:current-client:007c55c0	0x007c55c0	xbuild-enriched-full	true	007c55c0	FUN_007c55c0	undefined FUN_007c55c0()	0	0	unknown	true		4	501	48	3	1888
urn:ure:t6:occ:function:current-client:007c5d30	0x007c5d30	xbuild-enriched-full	true	007c5d30	FUN_007c5d30	undefined FUN_007c5d30()	0	0	unknown	true		42	4016	294	86	9402
urn:ure:t6:occ:function:current-client:007c6140	0x007c6140	xbuild-enriched-full	true	007c6140	FUN_007c6140	undefined FUN_007c6140()	0	0	unknown	true		46	4384	329	96	10515
urn:ure:t6:occ:function:current-client:007c65d0	0x007c65d0	xbuild-enriched-full	true	007c65d0	FUN_007c65d0	undefined FUN_007c65d0()	0	0	unknown	true		41	4129	290	81	9515
urn:ure:t6:occ:function:current-client:007c75d0	0x007c75d0	xbuild-enriched-full	true	007c75d0	FUN_007c75d0	undefined FUN_007c75d0()	0	0	unknown	true		11	1145	82	20	2730
urn:ure:t6:occ:function:current-client:007c81c0	0x007c81c0	xbuild-enriched-full	true	007c81c0	FUN_007c81c0	undefined FUN_007c81c0()	0	0	unknown	true		7	847	50	12	2228
urn:ure:t6:occ:function:current-client:007c82b0	0x007c82b0	xbuild-enriched-full	true	007c82b0	FUN_007c82b0	undefined FUN_007c82b0()	0	0	unknown	true		2	458	19	2	938
urn:ure:t6:occ:function:current-client:007c8370	0x007c8370	xbuild-enriched-full	true	007c8370	FUN_007c8370	undefined FUN_007c8370()	0	0	unknown	true		21	2325	164	46	5113
urn:ure:t6:occ:function:current-client:007ca640	0x007ca640	xbuild-enriched-full	true	007ca640	FUN_007ca640	undefined FUN_007ca640()	0	0	unknown	true		18	1680	104	40	3392
urn:ure:t6:occ:function:current-client:007ca7b0	0x007ca7b0	xbuild-enriched-full	true	007ca7b0	FUN_007ca7b0	undefined FUN_007ca7b0()	0	0	unknown	true		12	1744	121	35	3884
urn:ure:t6:occ:function:current-client:007ca9a0	0x007ca9a0	xbuild-enriched-full	true	007ca9a0	FUN_007ca9a0	undefined FUN_007ca9a0()	0	0	unknown	true		7	818	59	13	2039
urn:ure:t6:occ:function:current-client:007caa60	0x007caa60	xbuild-enriched-full	true	007caa60	FUN_007caa60	undefined FUN_007caa60()	0	0	unknown	true		39	3324	239	57	8526
urn:ure:t6:occ:function:current-client:007caf70	0x007caf70	xbuild-enriched-full	true	007caf70	FUN_007caf70	undefined FUN_007caf70()	0	0	unknown	true		37	3213	240	62	8174
urn:ure:t6:occ:function:current-client:007cb2b0	0x007cb2b0	xbuild-enriched-full	true	007cb2b0	FUN_007cb2b0	undefined FUN_007cb2b0()	0	0	unknown	true		22	3088	208	43	7542
urn:ure:t6:occ:function:current-client:007cb8d0	0x007cb8d0	xbuild-enriched-full	true	007cb8d0	FUN_007cb8d0	undefined FUN_007cb8d0()	0	0	unknown	true		4	600	29	3	1215
urn:ure:t6:occ:function:current-client:007cbbf0	0x007cbbf0	xbuild-enriched-full	true	007cbbf0	FUN_007cbbf0	undefined FUN_007cbbf0()	0	0	unknown	true		27	2541	238	48	7584
urn:ure:t6:occ:function:current-client:007cbee0	0x007cbee0	xbuild-enriched-full	true	007cbee0	FUN_007cbee0	undefined FUN_007cbee0()	0	0	unknown	true		8	1166	82	24	2410
urn:ure:t6:occ:function:current-client:007cbfc0	0x007cbfc0	xbuild-enriched-full	true	007cbfc0	FUN_007cbfc0	undefined FUN_007cbfc0()	0	0	unknown	true		6	769	57	15	1691
urn:ure:t6:occ:function:current-client:007cc060	0x007cc060	xbuild-enriched-full	true	007cc060	FUN_007cc060	undefined FUN_007cc060()	0	0	unknown	true		6	612	52	14	1609
urn:ure:t6:occ:function:current-client:007cc850	0x007cc850	xbuild-enriched-full	true	007cc850	FUN_007cc850	undefined FUN_007cc850()	0	0	unknown	true		5	550	47	12	1365
urn:ure:t6:occ:function:current-client:007cc8d0	0x007cc8d0	xbuild-enriched-full	true	007cc8d0	FUN_007cc8d0	undefined FUN_007cc8d0()	0	0	unknown	true		11	1440	105	31	3038
urn:ure:t6:occ:function:current-client:007ccba0	0x007ccba0	xbuild-enriched-full	true	007ccba0	FUN_007ccba0	undefined FUN_007ccba0()	0	0	unknown	true		4	601	33	8	1182
urn:ure:t6:occ:function:current-client:007ccc10	0x007ccc10	xbuild-enriched-full	true	007ccc10	FUN_007ccc10	undefined FUN_007ccc10()	0	0	unknown	true		4	644	40	10	1314
urn:ure:t6:occ:function:current-client:007ccdb0	0x007ccdb0	xbuild-enriched-full	true	007ccdb0	FUN_007ccdb0	undefined FUN_007ccdb0()	0	0	unknown	true		4	671	35	8	1301
urn:ure:t6:occ:function:current-client:007cce30	0x007cce30	xbuild-enriched-full	true	007cce30	FUN_007cce30	undefined FUN_007cce30()	0	0	unknown	true		4	671	35	8	1301
urn:ure:t6:occ:function:current-client:007ccfd0	0x007ccfd0	xbuild-enriched-full	true	007ccfd0	FUN_007ccfd0	undefined FUN_007ccfd0()	0	0	unknown	true		14	1928	120	30	3856
urn:ure:t6:occ:function:current-client:007cd3a0	0x007cd3a0	xbuild-enriched-full	true	007cd3a0	FUN_007cd3a0	undefined FUN_007cd3a0()	0	0	unknown	true		14	1636	126	24	3967
urn:ure:t6:occ:function:current-client:007cd600	0x007cd600	xbuild-enriched-full	true	007cd600	FUN_007cd600	undefined FUN_007cd600()	0	0	unknown	true		7	1271	70	15	2429
urn:ure:t6:occ:function:current-client:007cd7c0	0x007cd7c0	xbuild-enriched-full	true	007cd7c0	FUN_007cd7c0	undefined FUN_007cd7c0()	0	0	unknown	true		20	2293	149	59	5531
urn:ure:t6:occ:function:current-client:007cdfe0	0x007cdfe0	xbuild-enriched-full	true	007cdfe0	FUN_007cdfe0	undefined FUN_007cdfe0()	0	0	unknown	true		8	1217	83	17	2610
urn:ure:t6:occ:function:current-client:007ce0d0	0x007ce0d0	xbuild-enriched-full	true	007ce0d0	FUN_007ce0d0	undefined FUN_007ce0d0()	0	0	unknown	true		3	375	41	7	1278
urn:ure:t6:occ:function:current-client:007ce140	0x007ce140	xbuild-enriched-full	true	007ce140	FUN_007ce140	undefined FUN_007ce140()	0	0	unknown	true		3	285	28	5	964
urn:ure:t6:occ:function:current-client:007ce5a0	0x007ce5a0	xbuild-enriched-full	true	007ce5a0	FUN_007ce5a0	undefined FUN_007ce5a0()	0	0	unknown	true		16	1707	152	32	4651
urn:ure:t6:occ:function:current-client:007ce760	0x007ce760	xbuild-enriched-full	true	007ce760	FUN_007ce760	undefined FUN_007ce760()	0	0	unknown	true		5	818	53	13	1854
urn:ure:t6:occ:function:current-client:007ce850	0x007ce850	xbuild-enriched-full	true	007ce850	FUN_007ce850	undefined FUN_007ce850()	0	0	unknown	true		11	1146	100	27	3101
urn:ure:t6:occ:function:current-client:007ce980	0x007ce980	xbuild-enriched-full	true	007ce980	FUN_007ce980	undefined FUN_007ce980()	0	0	unknown	true		6	515	49	10	1453
urn:ure:t6:occ:function:current-client:007cea70	0x007cea70	xbuild-enriched-full	true	007cea70	FUN_007cea70	undefined FUN_007cea70()	0	0	unknown	true		5	644	57	16	1644
urn:ure:t6:occ:function:current-client:007ceb20	0x007ceb20	xbuild-enriched-full	true	007ceb20	FUN_007ceb20	undefined FUN_007ceb20()	0	0	unknown	true		4	478	46	11	1322
urn:ure:t6:occ:function:current-client:007ceeb0	0x007ceeb0	xbuild-enriched-full	true	007ceeb0	FUN_007ceeb0	undefined FUN_007ceeb0()	0	0	unknown	true		5	468	38	9	1290
urn:ure:t6:occ:function:current-client:007cef50	0x007cef50	xbuild-enriched-full	true	007cef50	FUN_007cef50	undefined FUN_007cef50()	0	0	unknown	true		8	754	62	14	1827
urn:ure:t6:occ:function:current-client:007cf040	0x007cf040	xbuild-enriched-full	true	007cf040	FUN_007cf040	undefined FUN_007cf040()	0	0	unknown	true		9	911	91	20	3051
urn:ure:t6:occ:function:current-client:007cf3c0	0x007cf3c0	xbuild-enriched-full	true	007cf3c0	FUN_007cf3c0	undefined FUN_007cf3c0()	0	0	unknown	true		5	543	40	7	1550
urn:ure:t6:occ:function:current-client:007cf610	0x007cf610	xbuild-enriched-full	true	007cf610	FUN_007cf610	undefined FUN_007cf610()	0	0	unknown	true		3	293	24	4	946
urn:ure:t6:occ:function:current-client:007cf6d0	0x007cf6d0	xbuild-enriched-full	true	007cf6d0	FUN_007cf6d0	undefined FUN_007cf6d0()	0	0	unknown	true		9	917	78	20	2469
urn:ure:t6:occ:function:current-client:007cfa70	0x007cfa70	xbuild-enriched-full	true	007cfa70	FUN_007cfa70	undefined FUN_007cfa70()	0	0	unknown	true		15	1723	113	23	3757
urn:ure:t6:occ:function:current-client:007d01c0	0x007d01c0	xbuild-enriched-full	true	007d01c0	FUN_007d01c0	undefined FUN_007d01c0()	0	0	unknown	true		25	2874	192	45	6262
urn:ure:t6:occ:function:current-client:007d0420	0x007d0420	xbuild-enriched-full	true	007d0420	FUN_007d0420	undefined FUN_007d0420()	0	0	unknown	true		5	704	38	13	1243
urn:ure:t6:occ:function:current-client:007d0550	0x007d0550	xbuild-enriched-full	true	007d0550	FUN_007d0550	undefined FUN_007d0550()	0	0	unknown	true		12	2400	117	19	4172
urn:ure:t6:occ:function:current-client:007d06d0	0x007d06d0	xbuild-enriched-full	true	007d06d0	FUN_007d06d0	undefined FUN_007d06d0()	0	0	unknown	true		2	376	16	3	631
urn:ure:t6:occ:function:current-client:007d0700	0x007d0700	xbuild-enriched-full	true	007d0700	FUN_007d0700	undefined FUN_007d0700()	0	0	unknown	true		5	972	45	12	1639
urn:ure:t6:occ:function:current-client:007d0790	0x007d0790	xbuild-enriched-full	true	007d0790	FUN_007d0790	undefined FUN_007d0790()	0	0	unknown	true		11	1489	114	34	3687
urn:ure:t6:occ:function:current-client:007d08e0	0x007d08e0	xbuild-enriched-full	true	007d08e0	FUN_007d08e0	undefined FUN_007d08e0()	0	0	unknown	true		4	641	40	10	1490
urn:ure:t6:occ:function:current-client:007d0960	0x007d0960	xbuild-enriched-full	true	007d0960	FUN_007d0960	undefined FUN_007d0960()	0	0	unknown	true		3	619	30	9	1201
urn:ure:t6:occ:function:current-client:007d09d0	0x007d09d0	xbuild-enriched-full	true	007d09d0	FUN_007d09d0	undefined FUN_007d09d0()	0	0	unknown	true		10	961	102	43	3019
urn:ure:t6:occ:function:current-client:007d0b30	0x007d0b30	xbuild-enriched-full	true	007d0b30	FUN_007d0b30	undefined FUN_007d0b30()	0	0	unknown	true		3	373	24	8	900
urn:ure:t6:occ:function:current-client:007d0b80	0x007d0b80	xbuild-enriched-full	true	007d0b80	FUN_007d0b80	undefined FUN_007d0b80()	0	0	unknown	true		2	373	24	8	900
urn:ure:t6:occ:function:current-client:007d0bd0	0x007d0bd0	xbuild-enriched-full	true	007d0bd0	FUN_007d0bd0	undefined FUN_007d0bd0()	0	0	unknown	true		4	767	24	7	1113
urn:ure:t6:occ:function:current-client:007d0c40	0x007d0c40	xbuild-enriched-full	true	007d0c40	FUN_007d0c40	undefined FUN_007d0c40()	0	0	unknown	true		13	2077	91	33	3248
urn:ure:t6:occ:function:current-client:007d0dd0	0x007d0dd0	xbuild-enriched-full	true	007d0dd0	FUN_007d0dd0	undefined FUN_007d0dd0()	0	0	unknown	true		9	1157	88	26	3028
urn:ure:t6:occ:function:current-client:007d0ee0	0x007d0ee0	xbuild-enriched-full	true	007d0ee0	FUN_007d0ee0	undefined FUN_007d0ee0()	0	0	unknown	true		5	621	38	11	1474
urn:ure:t6:occ:function:current-client:007d0f60	0x007d0f60	xbuild-enriched-full	true	007d0f60	FUN_007d0f60	undefined FUN_007d0f60()	0	0	unknown	true		39	5580	347	85	9843
urn:ure:t6:occ:function:current-client:007d1240	0x007d1240	xbuild-enriched-full	true	007d1240	FUN_007d1240	undefined FUN_007d1240()	0	0	unknown	true		106	7568	802	236	22335
urn:ure:t6:occ:function:current-client:007d1c30	0x007d1c30	xbuild-enriched-full	true	007d1c30	FUN_007d1c30	undefined FUN_007d1c30()	0	0	unknown	true		4	256	22	5	942
urn:ure:t6:occ:function:current-client:007d1c90	0x007d1c90	xbuild-enriched-full	true	007d1c90	FUN_007d1c90	undefined FUN_007d1c90()	0	0	unknown	true		3	313	23	4	1036
urn:ure:t6:occ:function:current-client:007d1cf0	0x007d1cf0	xbuild-enriched-full	true	007d1cf0	FUN_007d1cf0	undefined FUN_007d1cf0()	0	0	unknown	true		3	464	28	8	1172
urn:ure:t6:occ:function:current-client:007d1d70	0x007d1d70	xbuild-enriched-full	true	007d1d70	FUN_007d1d70	undefined FUN_007d1d70()	0	0	unknown	true		14	1768	172	35	5760
urn:ure:t6:occ:function:current-client:007d1fa0	0x007d1fa0	xbuild-enriched-full	true	007d1fa0	FUN_007d1fa0	undefined FUN_007d1fa0()	0	0	unknown	true		6	857	60	12	2486
urn:ure:t6:occ:function:current-client:007d20b0	0x007d20b0	xbuild-enriched-full	true	007d20b0	FUN_007d20b0	undefined FUN_007d20b0()	0	0	unknown	true		8	1666	91	13	3697
urn:ure:t6:occ:function:current-client:007d2230	0x007d2230	xbuild-enriched-full	true	007d2230	FUN_007d2230	undefined FUN_007d2230()	0	0	unknown	true		4	1026	46	9	1761
urn:ure:t6:occ:function:current-client:007d22e0	0x007d22e0	xbuild-enriched-full	true	007d22e0	FUN_007d22e0	undefined FUN_007d22e0()	0	0	unknown	true		2	769	21	0	1330
urn:ure:t6:occ:function:current-client:007d2380	0x007d2380	xbuild-enriched-full	true	007d2380	FUN_007d2380	undefined FUN_007d2380()	0	0	unknown	true		4	826	34	7	1213
urn:ure:t6:occ:function:current-client:007d23f0	0x007d23f0	xbuild-enriched-full	true	007d23f0	FUN_007d23f0	undefined FUN_007d23f0()	0	0	unknown	true		76	8764	458	123	16638
urn:ure:t6:occ:function:current-client:007d2af0	0x007d2af0	xbuild-enriched-full	true	007d2af0	FUN_007d2af0	undefined FUN_007d2af0()	0	0	unknown	true		6	990	63	16	1931
urn:ure:t6:occ:function:current-client:007d2b90	0x007d2b90	xbuild-enriched-full	true	007d2b90	FUN_007d2b90	undefined FUN_007d2b90()	0	0	unknown	true		41	5568	283	71	10710
urn:ure:t6:occ:function:current-client:007d2fd0	0x007d2fd0	xbuild-enriched-full	true	007d2fd0	FUN_007d2fd0	undefined FUN_007d2fd0()	0	0	unknown	true		6	1948	64	2	3029
urn:ure:t6:occ:function:current-client:007d30d0	0x007d30d0	xbuild-enriched-full	true	007d30d0	FUN_007d30d0	undefined FUN_007d30d0()	0	0	unknown	true		9	2071	78	14	3383
urn:ure:t6:occ:function:current-client:007d3230	0x007d3230	xbuild-enriched-full	true	007d3230	FUN_007d3230	undefined FUN_007d3230()	0	0	unknown	true		9	2358	68	10	3242
urn:ure:t6:occ:function:current-client:007d3390	0x007d3390	xbuild-enriched-full	true	007d3390	FUN_007d3390	undefined FUN_007d3390()	0	0	unknown	true		4	782	47	8	1573
urn:ure:t6:occ:function:current-client:007d3410	0x007d3410	xbuild-enriched-full	true	007d3410	FUN_007d3410	undefined FUN_007d3410()	0	0	unknown	true		20	2678	134	42	4937
urn:ure:t6:occ:function:current-client:007d3610	0x007d3610	xbuild-enriched-full	true	007d3610	FUN_007d3610	undefined FUN_007d3610()	0	0	unknown	true		39	5270	290	63	11255
urn:ure:t6:occ:function:current-client:007d3a80	0x007d3a80	xbuild-enriched-full	true	007d3a80	FUN_007d3a80	undefined FUN_007d3a80()	0	0	unknown	true		4	565	21	8	880
urn:ure:t6:occ:function:current-client:007d3ad0	0x007d3ad0	xbuild-enriched-full	true	007d3ad0	FUN_007d3ad0	undefined FUN_007d3ad0()	0	0	unknown	true		8	1231	75	10	2872
urn:ure:t6:occ:function:current-client:007d3be0	0x007d3be0	xbuild-enriched-full	true	007d3be0	FUN_007d3be0	undefined FUN_007d3be0()	0	0	unknown	true		10	510	102	28	3501
urn:ure:t6:occ:function:current-client:007d3d30	0x007d3d30	xbuild-enriched-full	true	007d3d30	FUN_007d3d30	undefined FUN_007d3d30()	0	0	unknown	true		4	530	38	14	1227
urn:ure:t6:occ:function:current-client:007d3d90	0x007d3d90	xbuild-enriched-full	true	007d3d90	FUN_007d3d90	undefined FUN_007d3d90()	0	0	unknown	true		6	1120	70	6	2772
urn:ure:t6:occ:function:current-client:007d3ea0	0x007d3ea0	xbuild-enriched-full	true	007d3ea0	FUN_007d3ea0	undefined FUN_007d3ea0()	0	0	unknown	true		48	7296	387	60	15657
urn:ure:t6:occ:function:current-client:007d4540	0x007d4540	xbuild-enriched-full	true	007d4540	FUN_007d4540	undefined FUN_007d4540()	0	0	unknown	true		12	1705	90	19	3262
urn:ure:t6:occ:function:current-client:007d4690	0x007d4690	xbuild-enriched-full	true	007d4690	FUN_007d4690	undefined FUN_007d4690()	0	0	unknown	true		4	656	31	4	1250
urn:ure:t6:occ:function:current-client:007d4710	0x007d4710	xbuild-enriched-full	true	007d4710	FUN_007d4710	undefined FUN_007d4710()	0	0	unknown	true		43	6728	394	91	15598
urn:ure:t6:occ:function:current-client:007d4d70	0x007d4d70	xbuild-enriched-full	true	007d4d70	FUN_007d4d70	undefined FUN_007d4d70()	0	0	unknown	true		14	1969	144	24	4857
urn:ure:t6:occ:function:current-client:007d4f40	0x007d4f40	xbuild-enriched-full	true	007d4f40	FUN_007d4f40	undefined FUN_007d4f40()	0	0	unknown	true		34	5124	284	57	11622
urn:ure:t6:occ:function:current-client:007d5400	0x007d5400	xbuild-enriched-full	true	007d5400	FUN_007d5400	undefined FUN_007d5400()	0	0	unknown	true		12	3422	109	14	5380
urn:ure:t6:occ:function:current-client:007d5600	0x007d5600	xbuild-enriched-full	true	007d5600	FUN_007d5600	undefined FUN_007d5600()	0	0	unknown	true		4	607	29	8	1174
urn:ure:t6:occ:function:current-client:007d5670	0x007d5670	xbuild-enriched-full	true	007d5670	FUN_007d5670	undefined FUN_007d5670()	0	0	unknown	true		6	883	57	12	1957
urn:ure:t6:occ:function:current-client:007d5720	0x007d5720	xbuild-enriched-full	true	007d5720	FUN_007d5720	undefined FUN_007d5720()	0	0	unknown	true		4	832	38	5	1539
urn:ure:t6:occ:function:current-client:007d57b0	0x007d57b0	xbuild-enriched-full	true	007d57b0	FUN_007d57b0	undefined FUN_007d57b0()	0	0	unknown	true		31	3481	214	47	8320
urn:ure:t6:occ:function:current-client:007d5b20	0x007d5b20	xbuild-enriched-full	true	007d5b20	FUN_007d5b20	undefined FUN_007d5b20()	0	0	unknown	true		5	963	49	9	2110
urn:ure:t6:occ:function:current-client:007d5bf0	0x007d5bf0	xbuild-enriched-full	true	007d5bf0	FUN_007d5bf0	undefined FUN_007d5bf0()	0	0	unknown	true		3	524	23	6	1025
urn:ure:t6:occ:function:current-client:007d5c50	0x007d5c50	xbuild-enriched-full	true	007d5c50	FUN_007d5c50	undefined FUN_007d5c50()	0	0	unknown	true		37	3690	243	51	9496
urn:ure:t6:occ:function:current-client:007d6030	0x007d6030	xbuild-enriched-full	true	007d6030	FUN_007d6030	undefined FUN_007d6030()	0	0	unknown	true		3	653	20	2	1089
urn:ure:t6:occ:function:current-client:007d6090	0x007d6090	xbuild-enriched-full	true	007d6090	FUN_007d6090	undefined FUN_007d6090()	0	0	unknown	true		5	900	38	9	1597
urn:ure:t6:occ:function:current-client:007d6130	0x007d6130	xbuild-enriched-full	true	007d6130	FUN_007d6130	undefined FUN_007d6130()	0	0	unknown	true		5	726	36	12	1465
urn:ure:t6:occ:function:current-client:007d61c0	0x007d61c0	xbuild-enriched-full	true	007d61c0	FUN_007d61c0	undefined FUN_007d61c0()	0	0	unknown	true		26	4004	198	60	7386
urn:ure:t6:occ:function:current-client:007d64b0	0x007d64b0	xbuild-enriched-full	true	007d64b0	FUN_007d64b0	undefined FUN_007d64b0()	0	0	unknown	true		21	3868	166	37	7053
urn:ure:t6:occ:function:current-client:007d67d0	0x007d67d0	xbuild-enriched-full	true	007d67d0	FUN_007d67d0	undefined FUN_007d67d0()	0	0	unknown	true		18	3462	142	27	6461
urn:ure:t6:occ:function:current-client:007d6a80	0x007d6a80	xbuild-enriched-full	true	007d6a80	FUN_007d6a80	undefined FUN_007d6a80()	0	0	unknown	true		12	3098	91	22	4967
urn:ure:t6:occ:function:current-client:007d6ce0	0x007d6ce0	xbuild-enriched-full	true	007d6ce0	FUN_007d6ce0	undefined FUN_007d6ce0()	0	0	unknown	true		23	3638	168	37	7058
urn:ure:t6:occ:function:current-client:007d6fc0	0x007d6fc0	xbuild-enriched-full	true	007d6fc0	FUN_007d6fc0	undefined FUN_007d6fc0()	0	0	unknown	true		2	414	17	6	736
urn:ure:t6:occ:function:current-client:007d7000	0x007d7000	xbuild-enriched-full	true	007d7000	FUN_007d7000	undefined FUN_007d7000()	0	0	unknown	true		6	1220	55	5	2603
urn:ure:t6:occ:function:current-client:007d7120	0x007d7120	xbuild-enriched-full	true	007d7120	FUN_007d7120	undefined FUN_007d7120()	0	0	unknown	true		59	5829	355	105	13102
urn:ure:t6:occ:function:current-client:007d7660	0x007d7660	xbuild-enriched-full	true	007d7660	FUN_007d7660	undefined FUN_007d7660()	0	0	unknown	true		16	2156	120	27	4297
urn:ure:t6:occ:function:current-client:007d7800	0x007d7800	xbuild-enriched-full	true	007d7800	FUN_007d7800	undefined FUN_007d7800()	0	0	unknown	true		15	2165	109	38	4071
urn:ure:t6:occ:function:current-client:007d7990	0x007d7990	xbuild-enriched-full	true	007d7990	FUN_007d7990	undefined FUN_007d7990()	0	0	unknown	true		5	531	42	14	1328
urn:ure:t6:occ:function:current-client:007d7a00	0x007d7a00	xbuild-enriched-full	true	007d7a00	FUN_007d7a00	undefined FUN_007d7a00()	0	0	unknown	true		4	566	39	11	1333
urn:ure:t6:occ:function:current-client:007d7a70	0x007d7a70	xbuild-enriched-full	true	007d7a70	FUN_007d7a70	undefined FUN_007d7a70()	0	0	unknown	true		5	647	26	11	1095
urn:ure:t6:occ:function:current-client:007d7ae0	0x007d7ae0	xbuild-enriched-full	true	007d7ae0	FUN_007d7ae0	undefined FUN_007d7ae0()	0	0	unknown	true		65	10060	517	133	19548
urn:ure:t6:occ:function:current-client:007d8280	0x007d8280	xbuild-enriched-full	true	007d8280	FUN_007d8280	undefined FUN_007d8280()	0	0	unknown	true		12	1516	80	16	3067
urn:ure:t6:occ:function:current-client:007d83c0	0x007d83c0	xbuild-enriched-full	true	007d83c0	FUN_007d83c0	undefined FUN_007d83c0()	0	0	unknown	true		13	1603	60	22	2550
urn:ure:t6:occ:function:current-client:007d84d0	0x007d84d0	xbuild-enriched-full	true	007d84d0	FUN_007d84d0	undefined FUN_007d84d0()	0	0	unknown	true		12	2124	132	5	5237
urn:ure:t6:occ:function:current-client:007d86a0	0x007d86a0	xbuild-enriched-full	true	007d86a0	FUN_007d86a0	undefined FUN_007d86a0()	0	0	unknown	true		2	437	16	5	795
urn:ure:t6:occ:function:current-client:007d86e0	0x007d86e0	xbuild-enriched-full	true	007d86e0	FUN_007d86e0	undefined FUN_007d86e0()	0	0	unknown	true		3	553	18	7	808
urn:ure:t6:occ:function:current-client:007d8730	0x007d8730	xbuild-enriched-full	true	007d8730	FUN_007d8730	undefined FUN_007d8730()	0	0	unknown	true		3	553	18	7	808
urn:ure:t6:occ:function:current-client:007d8780	0x007d8780	xbuild-enriched-full	true	007d8780	FUN_007d8780	undefined FUN_007d8780()	0	0	unknown	true		7	1150	67	14	2117
urn:ure:t6:occ:function:current-client:007d8830	0x007d8830	xbuild-enriched-full	true	007d8830	FUN_007d8830	undefined FUN_007d8830()	0	0	unknown	true		3	367	18	6	730
urn:ure:t6:occ:function:current-client:007d8870	0x007d8870	xbuild-enriched-full	true	007d8870	FUN_007d8870	undefined FUN_007d8870()	0	0	unknown	true		3	433	21	4	848
urn:ure:t6:occ:function:current-client:007d88c0	0x007d88c0	xbuild-enriched-full	true	007d88c0	FUN_007d88c0	undefined FUN_007d88c0()	0	0	unknown	true		35	3947	218	40	8922
urn:ure:t6:occ:function:current-client:007d8c80	0x007d8c80	xbuild-enriched-full	true	007d8c80	FUN_007d8c80	undefined FUN_007d8c80()	0	0	unknown	true		5	533	25	9	904
urn:ure:t6:occ:function:current-client:007d8cd0	0x007d8cd0	xbuild-enriched-full	true	007d8cd0	FUN_007d8cd0	undefined FUN_007d8cd0()	0	0	unknown	true		8	1209	63	22	2314
urn:ure:t6:occ:function:current-client:007d8dc0	0x007d8dc0	xbuild-enriched-full	true	007d8dc0	FUN_007d8dc0	undefined FUN_007d8dc0()	0	0	unknown	true		14	1878	116	30	4130
urn:ure:t6:occ:function:current-client:007d8f50	0x007d8f50	xbuild-enriched-full	true	007d8f50	FUN_007d8f50	undefined FUN_007d8f50()	0	0	unknown	true		24	2492	151	49	5260
urn:ure:t6:occ:function:current-client:007d9180	0x007d9180	xbuild-enriched-full	true	007d9180	FUN_007d9180	undefined FUN_007d9180()	0	0	unknown	true		6	632	57	15	1770
urn:ure:t6:occ:function:current-client:007d9230	0x007d9230	xbuild-enriched-full	true	007d9230	FUN_007d9230	undefined FUN_007d9230()	0	0	unknown	true		8	1312	79	12	2437
urn:ure:t6:occ:function:current-client:007d9300	0x007d9300	xbuild-enriched-full	true	007d9300	FUN_007d9300	undefined FUN_007d9300()	0	0	unknown	true		5	505	45	19	2137
urn:ure:t6:occ:function:current-client:007d9400	0x007d9400	xbuild-enriched-full	true	007d9400	FUN_007d9400	undefined FUN_007d9400()	0	0	unknown	true		4	489	45	4	2101
urn:ure:t6:occ:function:current-client:007d94d0	0x007d94d0	xbuild-enriched-full	true	007d94d0	FUN_007d94d0	undefined FUN_007d94d0()	0	0	unknown	true		29	4707	258	89	11496
urn:ure:t6:occ:function:current-client:007d99e0	0x007d99e0	xbuild-enriched-full	true	007d99e0	FUN_007d99e0	undefined FUN_007d99e0()	0	0	unknown	true		19	2370	150	38	5849
urn:ure:t6:occ:function:current-client:007d9c30	0x007d9c30	xbuild-enriched-full	true	007d9c30	FUN_007d9c30	undefined FUN_007d9c30()	0	0	unknown	true		179	9885	645	167	27593
urn:ure:t6:occ:function:current-client:007da860	0x007da860	xbuild-enriched-full	true	007da860	FUN_007da860	undefined FUN_007da860()	0	0	unknown	true		340	21979	984	227	45393
urn:ure:t6:occ:function:current-client:007dbd40	0x007dbd40	xbuild-enriched-full	true	007dbd40	FUN_007dbd40	undefined FUN_007dbd40()	0	0	unknown	true		41	3838	274	80	10461
urn:ure:t6:occ:function:current-client:007dc1a0	0x007dc1a0	xbuild-enriched-full	true	007dc1a0	FUN_007dc1a0	undefined FUN_007dc1a0()	0	0	unknown	true		40	3732	266	89	10946
urn:ure:t6:occ:function:current-client:007dc670	0x007dc670	xbuild-enriched-full	true	007dc670	FUN_007dc670	undefined FUN_007dc670()	0	0	unknown	true		37	4536	291	87	11195
urn:ure:t6:occ:function:current-client:007dcad0	0x007dcad0	xbuild-enriched-full	true	007dcad0	FUN_007dcad0	undefined FUN_007dcad0()	0	0	unknown	true		25	2888	225	68	8845
urn:ure:t6:occ:function:current-client:007dce80	0x007dce80	xbuild-enriched-full	true	007dce80	FUN_007dce80	undefined FUN_007dce80()	0	0	unknown	true		11	1092	101	22	3450
urn:ure:t6:occ:function:current-client:007dcfb0	0x007dcfb0	xbuild-enriched-full	true	007dcfb0	FUN_007dcfb0	undefined FUN_007dcfb0()	0	0	unknown	true		15	1569	111	29	4028
urn:ure:t6:occ:function:current-client:007dd170	0x007dd170	xbuild-enriched-full	true	007dd170	FUN_007dd170	undefined FUN_007dd170()	0	0	unknown	true		36	3415	288	83	9872
urn:ure:t6:occ:function:current-client:007dd520	0x007dd520	xbuild-enriched-full	true	007dd520	FUN_007dd520	undefined FUN_007dd520()	0	0	unknown	true		5	722	51	7	1771
urn:ure:t6:occ:function:current-client:007dd5c0	0x007dd5c0	xbuild-enriched-full	true	007dd5c0	FUN_007dd5c0	undefined FUN_007dd5c0()	0	0	unknown	true		2	235	22	4	812
urn:ure:t6:occ:function:current-client:007dd610	0x007dd610	xbuild-enriched-full	true	007dd610	FUN_007dd610	undefined FUN_007dd610()	0	0	unknown	true		3	357	37	4	1265
urn:ure:t6:occ:function:current-client:007dd680	0x007dd680	xbuild-enriched-full	true	007dd680	FUN_007dd680	undefined FUN_007dd680()	0	0	unknown	true		3	403	40	5	1377
urn:ure:t6:occ:function:current-client:007dd6f0	0x007dd6f0	xbuild-enriched-full	true	007dd6f0	FUN_007dd6f0	undefined FUN_007dd6f0()	0	0	unknown	true		10	777	137	27	4733
urn:ure:t6:occ:function:current-client:007dd8d0	0x007dd8d0	xbuild-enriched-full	true	007dd8d0	FUN_007dd8d0	undefined FUN_007dd8d0()	0	0	unknown	true		3	199	9	5	424
urn:ure:t6:occ:function:current-client:007dd910	0x007dd910	xbuild-enriched-full	true	007dd910	FUN_007dd910	undefined FUN_007dd910()	0	0	unknown	true		8	674	52	10	1723
urn:ure:t6:occ:function:current-client:007dd9c0	0x007dd9c0	xbuild-enriched-full	true	007dd9c0	FUN_007dd9c0	undefined FUN_007dd9c0()	0	0	unknown	true		230	18395	1703	423	59762
urn:ure:t6:occ:function:current-client:007df180	0x007df180	xbuild-enriched-full	true	007df180	FUN_007df180	undefined FUN_007df180()	0	0	unknown	true		7	188	54	10	1772
urn:ure:t6:occ:function:current-client:007df210	0x007df210	xbuild-enriched-full	true	007df210	FUN_007df210	undefined FUN_007df210()	0	0	unknown	true		5	955	69	12	2268
urn:ure:t6:occ:function:current-client:007df2e0	0x007df2e0	xbuild-enriched-full	true	007df2e0	FUN_007df2e0	undefined FUN_007df2e0()	0	0	unknown	true		26	3269	225	48	7683
urn:ure:t6:occ:function:current-client:007df5a0	0x007df5a0	xbuild-enriched-full	true	007df5a0	FUN_007df5a0	undefined FUN_007df5a0()	0	0	unknown	true		4	403	37	7	1412
urn:ure:t6:occ:function:current-client:007df620	0x007df620	xbuild-enriched-full	true	007df620	FUN_007df620	undefined FUN_007df620()	0	0	unknown	true		8	897	89	17	2958
urn:ure:t6:occ:function:current-client:007df730	0x007df730	xbuild-enriched-full	true	007df730	FUN_007df730	undefined FUN_007df730()	0	0	unknown	true		6	789	58	15	1857
urn:ure:t6:occ:function:current-client:007df7d0	0x007df7d0	xbuild-enriched-full	true	007df7d0	FUN_007df7d0	undefined FUN_007df7d0()	0	0	unknown	true		7	998	69	17	2215
urn:ure:t6:occ:function:current-client:007df890	0x007df890	xbuild-enriched-full	true	007df890	FUN_007df890	undefined FUN_007df890()	0	0	unknown	true		11	1430	111	36	3670
urn:ure:t6:occ:function:current-client:007dfa00	0x007dfa00	xbuild-enriched-full	true	007dfa00	FUN_007dfa00	undefined FUN_007dfa00()	0	0	unknown	true		4	676	24	7	1030
urn:ure:t6:occ:function:current-client:007dfa70	0x007dfa70	xbuild-enriched-full	true	007dfa70	FUN_007dfa70	undefined FUN_007dfa70()	0	0	unknown	true		19	2283	141	46	5570
urn:ure:t6:occ:function:current-client:007dfcd0	0x007dfcd0	xbuild-enriched-full	true	007dfcd0	FUN_007dfcd0	undefined FUN_007dfcd0()	0	0	unknown	true		7	846	67	26	2119
urn:ure:t6:occ:function:current-client:007dfd90	0x007dfd90	xbuild-enriched-full	true	007dfd90	FUN_007dfd90	undefined FUN_007dfd90()	0	0	unknown	true		37	4037	250	68	9367
urn:ure:t6:occ:function:current-client:007e0140	0x007e0140	xbuild-enriched-full	true	007e0140	FUN_007e0140	undefined FUN_007e0140()	0	0	unknown	true		53	5459	338	91	12668
urn:ure:t6:occ:function:current-client:007e0630	0x007e0630	xbuild-enriched-full	true	007e0630	FUN_007e0630	undefined FUN_007e0630()	0	0	unknown	true		4	380	35	4	1389
urn:ure:t6:occ:function:current-client:007e06b0	0x007e06b0	xbuild-enriched-full	true	007e06b0	FUN_007e06b0	undefined FUN_007e06b0()	0	0	unknown	true		7	822	71	13	2703
urn:ure:t6:occ:function:current-client:007e07b0	0x007e07b0	xbuild-enriched-full	true	007e07b0	FUN_007e07b0	undefined FUN_007e07b0()	0	0	unknown	true		15	371	155	31	5742
urn:ure:t6:occ:function:current-client:007e0a00	0x007e0a00	xbuild-enriched-full	true	007e0a00	FUN_007e0a00	undefined FUN_007e0a00()	0	0	unknown	true		18	1972	117	27	4230
urn:ure:t6:occ:function:current-client:007e0ba0	0x007e0ba0	xbuild-enriched-full	true	007e0ba0	FUN_007e0ba0	undefined FUN_007e0ba0()	0	0	unknown	true		3	525	27	9	971
urn:ure:t6:occ:function:current-client:007e0c00	0x007e0c00	xbuild-enriched-full	true	007e0c00	FUN_007e0c00	undefined FUN_007e0c00()	0	0	unknown	true		27	3332	233	32	9265
urn:ure:t6:occ:function:current-client:007e0fd0	0x007e0fd0	xbuild-enriched-full	true	007e0fd0	FUN_007e0fd0	undefined FUN_007e0fd0()	0	0	unknown	true		5	537	39	5	1520
urn:ure:t6:occ:function:current-client:007e1050	0x007e1050	xbuild-enriched-full	true	007e1050	FUN_007e1050	undefined FUN_007e1050()	0	0	unknown	true		4	362	37	10	1260
urn:ure:t6:occ:function:current-client:007e10c0	0x007e10c0	xbuild-enriched-full	true	007e10c0	FUN_007e10c0	undefined FUN_007e10c0()	0	0	unknown	true		3	477	34	5	1117
urn:ure:t6:occ:function:current-client:007e1110	0x007e1110	xbuild-enriched-full	true	007e1110	FUN_007e1110	undefined FUN_007e1110()	0	0	unknown	true		8	1271	76	22	3206
urn:ure:t6:occ:function:current-client:007e1270	0x007e1270	xbuild-enriched-full	true	007e1270	FUN_007e1270	undefined FUN_007e1270()	0	0	unknown	true		4	878	36	4	1674
urn:ure:t6:occ:function:current-client:007e1320	0x007e1320	xbuild-enriched-full	true	007e1320	FUN_007e1320	undefined FUN_007e1320()	0	0	unknown	true		15	1825	79	18	3201
urn:ure:t6:occ:function:current-client:007e1450	0x007e1450	xbuild-enriched-full	true	007e1450	FUN_007e1450	undefined FUN_007e1450()	0	0	unknown	true		10	1428	83	15	3004
urn:ure:t6:occ:function:current-client:007e1570	0x007e1570	xbuild-enriched-full	true	007e1570	FUN_007e1570	undefined FUN_007e1570()	0	0	unknown	true		4	587	41	6	1524
urn:ure:t6:occ:function:current-client:007e15f0	0x007e15f0	xbuild-enriched-full	true	007e15f0	FUN_007e15f0	undefined FUN_007e15f0()	0	0	unknown	true		14	2644	117	10	5379
urn:ure:t6:occ:function:current-client:007e1800	0x007e1800	xbuild-enriched-full	true	007e1800	FUN_007e1800	undefined FUN_007e1800()	0	0	unknown	true		6	1849	51	0	2571
urn:ure:t6:occ:function:current-client:007e18f0	0x007e18f0	xbuild-enriched-full	true	007e18f0	FUN_007e18f0	undefined FUN_007e18f0()	0	0	unknown	true		9	1249	99	24	3068
urn:ure:t6:occ:function:current-client:007e19f0	0x007e19f0	xbuild-enriched-full	true	007e19f0	FUN_007e19f0	undefined FUN_007e19f0()	0	0	unknown	true		4	726	49	19	1576
urn:ure:t6:occ:function:current-client:007e1a80	0x007e1a80	xbuild-enriched-full	true	007e1a80	FUN_007e1a80	undefined FUN_007e1a80()	0	0	unknown	true		3	406	36	7	1267
urn:ure:t6:occ:function:current-client:007e1af0	0x007e1af0	xbuild-enriched-full	true	007e1af0	FUN_007e1af0	undefined FUN_007e1af0()	0	0	unknown	true		2	657	20	4	910
urn:ure:t6:occ:function:current-client:007e1b40	0x007e1b40	xbuild-enriched-full	true	007e1b40	FUN_007e1b40	undefined FUN_007e1b40()	0	0	unknown	true		4	719	32	12	1255
urn:ure:t6:occ:function:current-client:007e1bb0	0x007e1bb0	xbuild-enriched-full	true	007e1bb0	FUN_007e1bb0	undefined FUN_007e1bb0()	0	0	unknown	true		2	527	16	4	840
urn:ure:t6:occ:function:current-client:007e1c10	0x007e1c10	xbuild-enriched-full	true	007e1c10	FUN_007e1c10	undefined FUN_007e1c10()	0	0	unknown	true		22	2800	184	39	7330
urn:ure:t6:occ:function:current-client:007e1f00	0x007e1f00	xbuild-enriched-full	true	007e1f00	FUN_007e1f00	undefined FUN_007e1f00()	0	0	unknown	true		28	3925	259	75	8832
urn:ure:t6:occ:function:current-client:007e2240	0x007e2240	xbuild-enriched-full	true	007e2240	FUN_007e2240	undefined FUN_007e2240()	0	0	unknown	true		11	2354	105	21	3665
urn:ure:t6:occ:function:current-client:007e2380	0x007e2380	xbuild-enriched-full	true	007e2380	FUN_007e2380	undefined FUN_007e2380()	0	0	unknown	true		10	1510	92	22	3245
urn:ure:t6:occ:function:current-client:007e24a0	0x007e24a0	xbuild-enriched-full	true	007e24a0	FUN_007e24a0	undefined FUN_007e24a0()	0	0	unknown	true		14	2034	135	17	4718
urn:ure:t6:occ:function:current-client:007e2660	0x007e2660	xbuild-enriched-full	true	007e2660	FUN_007e2660	undefined FUN_007e2660()	0	0	unknown	true		17	2769	164	20	6842
urn:ure:t6:occ:function:current-client:007e2940	0x007e2940	xbuild-enriched-full	true	007e2940	FUN_007e2940	undefined FUN_007e2940()	0	0	unknown	true		3	557	23	5	830
urn:ure:t6:occ:function:current-client:007e2980	0x007e2980	xbuild-enriched-full	true	007e2980	FUN_007e2980	undefined FUN_007e2980()	0	0	unknown	true		4	720	49	9	1581
urn:ure:t6:occ:function:current-client:007e2a00	0x007e2a00	xbuild-enriched-full	true	007e2a00	FUN_007e2a00	undefined FUN_007e2a00()	0	0	unknown	true		6	736	82	19	2502
urn:ure:t6:occ:function:current-client:007e2ad0	0x007e2ad0	xbuild-enriched-full	true	007e2ad0	FUN_007e2ad0	undefined FUN_007e2ad0()	0	0	unknown	true		5	1022	58	14	1998
urn:ure:t6:occ:function:current-client:007e2b90	0x007e2b90	xbuild-enriched-full	true	007e2b90	FUN_007e2b90	undefined FUN_007e2b90()	0	0	unknown	true		3	733	28	10	1022
urn:ure:t6:occ:function:current-client:007e2bf0	0x007e2bf0	xbuild-enriched-full	true	007e2bf0	FUN_007e2bf0	undefined FUN_007e2bf0()	0	0	unknown	true		4	712	29	11	1169
urn:ure:t6:occ:function:current-client:007e2c60	0x007e2c60	xbuild-enriched-full	true	007e2c60	FUN_007e2c60	undefined FUN_007e2c60()	0	0	unknown	true		4	590	33	10	1302
urn:ure:t6:occ:function:current-client:007e2ce0	0x007e2ce0	xbuild-enriched-full	true	007e2ce0	FUN_007e2ce0	undefined FUN_007e2ce0()	0	0	unknown	true		35	6808	312	50	11671
urn:ure:t6:occ:function:current-client:007e30b0	0x007e30b0	xbuild-enriched-full	true	007e30b0	FUN_007e30b0	undefined FUN_007e30b0()	0	0	unknown	true		71	4672	368	75	13444
urn:ure:t6:occ:function:current-client:007e35c0	0x007e35c0	xbuild-enriched-full	true	007e35c0	FUN_007e35c0	undefined FUN_007e35c0()	0	0	unknown	true		7	674	54	10	1806
urn:ure:t6:occ:function:current-client:007e3650	0x007e3650	xbuild-enriched-full	true	007e3650	FUN_007e3650	undefined FUN_007e3650()	0	0	unknown	true		8	1137	74	19	2399
urn:ure:t6:occ:function:current-client:007e3720	0x007e3720	xbuild-enriched-full	true	007e3720	FUN_007e3720	undefined FUN_007e3720()	0	0	unknown	true		2	386	16	4	679
urn:ure:t6:occ:function:current-client:007e3760	0x007e3760	xbuild-enriched-full	true	007e3760	FUN_007e3760	undefined FUN_007e3760()	0	0	unknown	true		7	950	67	17	2325
urn:ure:t6:occ:function:current-client:007e3840	0x007e3840	xbuild-enriched-full	true	007e3840	FUN_007e3840	undefined FUN_007e3840()	0	0	unknown	true		3	420	27	6	923
urn:ure:t6:occ:function:current-client:007e3890	0x007e3890	xbuild-enriched-full	true	007e3890	FUN_007e3890	undefined FUN_007e3890()	0	0	unknown	true		12	1647	112	27	3432
urn:ure:t6:occ:function:current-client:007e39c0	0x007e39c0	xbuild-enriched-full	true	007e39c0	FUN_007e39c0	undefined FUN_007e39c0()	0	0	unknown	true		47	4191	301	84	10410
urn:ure:t6:occ:function:current-client:007e3d90	0x007e3d90	xbuild-enriched-full	true	007e3d90	FUN_007e3d90	undefined FUN_007e3d90()	0	0	unknown	true		5	285	39	6	1375
urn:ure:t6:occ:function:current-client:007e3e00	0x007e3e00	xbuild-enriched-full	true	007e3e00	FUN_007e3e00	undefined FUN_007e3e00()	0	0	unknown	true		64	6213	355	66	14078
urn:ure:t6:occ:function:current-client:007e43c0	0x007e43c0	xbuild-enriched-full	true	007e43c0	FUN_007e43c0	undefined FUN_007e43c0()	0	0	unknown	true		176	10577	758	142	26967
urn:ure:t6:occ:function:current-client:007e4d80	0x007e4d80	xbuild-enriched-full	true	007e4d80	FUN_007e4d80	undefined FUN_007e4d80()	0	0	unknown	true		29	3585	201	24	7971
urn:ure:t6:occ:function:current-client:007e50c0	0x007e50c0	xbuild-enriched-full	true	007e50c0	FUN_007e50c0	undefined FUN_007e50c0()	0	0	unknown	true		4	831	47	15	1723
urn:ure:t6:occ:function:current-client:007e5160	0x007e5160	xbuild-enriched-full	true	007e5160	FUN_007e5160	undefined FUN_007e5160()	0	0	unknown	true		3	415	26	9	899
urn:ure:t6:occ:function:current-client:007e51b0	0x007e51b0	xbuild-enriched-full	true	007e51b0	FUN_007e51b0	undefined FUN_007e51b0()	0	0	unknown	true		8	1270	78	24	2802
urn:ure:t6:occ:function:current-client:007e52d0	0x007e52d0	xbuild-enriched-full	true	007e52d0	FUN_007e52d0	undefined FUN_007e52d0()	0	0	unknown	true		28	4161	273	38	10843
urn:ure:t6:occ:function:current-client:007e56f0	0x007e56f0	xbuild-enriched-full	true	007e56f0	FUN_007e56f0	undefined FUN_007e56f0()	0	0	unknown	true		24	3907	210	35	8643
urn:ure:t6:occ:function:current-client:007e5a40	0x007e5a40	xbuild-enriched-full	true	007e5a40	FUN_007e5a40	undefined FUN_007e5a40()	0	0	unknown	true		22	3152	189	28	7346
urn:ure:t6:occ:function:current-client:007e5d10	0x007e5d10	xbuild-enriched-full	true	007e5d10	FUN_007e5d10	undefined FUN_007e5d10()	0	0	unknown	true		14	2737	142	20	5875
urn:ure:t6:occ:function:current-client:007e5f40	0x007e5f40	xbuild-enriched-full	true	007e5f40	FUN_007e5f40	undefined FUN_007e5f40()	0	0	unknown	true		3	584	35	8	1257
urn:ure:t6:occ:function:current-client:007e5fb0	0x007e5fb0	xbuild-enriched-full	true	007e5fb0	FUN_007e5fb0	undefined FUN_007e5fb0()	0	0	unknown	true		3	521	34	6	1106
urn:ure:t6:occ:function:current-client:007e6000	0x007e6000	xbuild-enriched-full	true	007e6000	FUN_007e6000	undefined FUN_007e6000()	0	0	unknown	true		4	633	24	7	1196
urn:ure:t6:occ:function:current-client:007e6070	0x007e6070	xbuild-enriched-full	true	007e6070	FUN_007e6070	undefined FUN_007e6070()	0	0	unknown	true		2	344	21	5	786
urn:ure:t6:occ:function:current-client:007e60b0	0x007e60b0	xbuild-enriched-full	true	007e60b0	FUN_007e60b0	undefined FUN_007e60b0()	0	0	unknown	true		2	455	22	6	891
urn:ure:t6:occ:function:current-client:007e60f0	0x007e60f0	xbuild-enriched-full	true	007e60f0	FUN_007e60f0	undefined FUN_007e60f0()	0	0	unknown	true		3	699	34	7	1320
urn:ure:t6:occ:function:current-client:007e6150	0x007e6150	xbuild-enriched-full	true	007e6150	FUN_007e6150	undefined FUN_007e6150()	0	0	unknown	true		4	780	41	9	1375
urn:ure:t6:occ:function:current-client:007e61c0	0x007e61c0	xbuild-enriched-full	true	007e61c0	FUN_007e61c0	undefined FUN_007e61c0()	0	0	unknown	true		5	677	40	12	1466
urn:ure:t6:occ:function:current-client:007e6250	0x007e6250	xbuild-enriched-full	true	007e6250	FUN_007e6250	undefined FUN_007e6250()	0	0	unknown	true		3	727	29	8	1109
urn:ure:t6:occ:function:current-client:007e62a0	0x007e62a0	xbuild-enriched-full	true	007e62a0	FUN_007e62a0	undefined FUN_007e62a0()	0	0	unknown	true		7	1400	55	15	2100
urn:ure:t6:occ:function:current-client:007e6350	0x007e6350	xbuild-enriched-full	true	007e6350	FUN_007e6350	undefined FUN_007e6350()	0	0	unknown	true		3	727	29	8	1109
urn:ure:t6:occ:function:current-client:007e63a0	0x007e63a0	xbuild-enriched-full	true	007e63a0	FUN_007e63a0	undefined FUN_007e63a0()	0	0	unknown	true		7	1400	55	15	2100
urn:ure:t6:occ:function:current-client:007e6450	0x007e6450	xbuild-enriched-full	true	007e6450	FUN_007e6450	undefined FUN_007e6450()	0	0	unknown	true		3	727	29	8	1109
urn:ure:t6:occ:function:current-client:007e64a0	0x007e64a0	xbuild-enriched-full	true	007e64a0	FUN_007e64a0	undefined FUN_007e64a0()	0	0	unknown	true		6	1400	55	15	2100
urn:ure:t6:occ:function:current-client:007e6550	0x007e6550	xbuild-enriched-full	true	007e6550	FUN_007e6550	undefined FUN_007e6550()	0	0	unknown	true		13	1771	114	32	4042
urn:ure:t6:occ:function:current-client:007e66d0	0x007e66d0	xbuild-enriched-full	true	007e66d0	FUN_007e66d0	undefined FUN_007e66d0()	0	0	unknown	true		7	1794	63	38	2589
urn:ure:t6:occ:function:current-client:007e67c0	0x007e67c0	xbuild-enriched-full	true	007e67c0	FUN_007e67c0	undefined FUN_007e67c0()	0	0	unknown	true		3	726	24	7	970
urn:ure:t6:occ:function:current-client:007e6810	0x007e6810	xbuild-enriched-full	true	007e6810	FUN_007e6810	undefined FUN_007e6810()	0	0	unknown	true		5	1046	36	8	1399
urn:ure:t6:occ:function:current-client:007e6880	0x007e6880	xbuild-enriched-full	true	007e6880	FUN_007e6880	undefined FUN_007e6880()	0	0	unknown	true		3	726	24	7	970
urn:ure:t6:occ:function:current-client:007e68d0	0x007e68d0	xbuild-enriched-full	true	007e68d0	FUN_007e68d0	undefined FUN_007e68d0()	0	0	unknown	true		5	1046	36	8	1399
urn:ure:t6:occ:function:current-client:007e6940	0x007e6940	xbuild-enriched-full	true	007e6940	FUN_007e6940	undefined FUN_007e6940()	0	0	unknown	true		3	726	24	7	970
urn:ure:t6:occ:function:current-client:007e6990	0x007e6990	xbuild-enriched-full	true	007e6990	FUN_007e6990	undefined FUN_007e6990()	0	0	unknown	true		5	1046	36	8	1399
urn:ure:t6:occ:function:current-client:007e6a00	0x007e6a00	xbuild-enriched-full	true	007e6a00	FUN_007e6a00	undefined FUN_007e6a00()	0	0	unknown	true		13	2125	86	42	3391
urn:ure:t6:occ:function:current-client:007e6b50	0x007e6b50	xbuild-enriched-full	true	007e6b50	FUN_007e6b50	undefined FUN_007e6b50()	0	0	unknown	true		10	1523	69	33	2704
urn:ure:t6:occ:function:current-client:007e6c50	0x007e6c50	xbuild-enriched-full	true	007e6c50	FUN_007e6c50	undefined FUN_007e6c50()	0	0	unknown	true		2	347	11	5	578
urn:ure:t6:occ:function:current-client:007e6c80	0x007e6c80	xbuild-enriched-full	true	007e6c80	FUN_007e6c80	undefined FUN_007e6c80()	0	0	unknown	true		2	351	17	6	720
urn:ure:t6:occ:function:current-client:007e6cc0	0x007e6cc0	xbuild-enriched-full	true	007e6cc0	FUN_007e6cc0	undefined FUN_007e6cc0()	0	0	unknown	true		4	513	23	12	1052
urn:ure:t6:occ:function:current-client:007e6d20	0x007e6d20	xbuild-enriched-full	true	007e6d20	FUN_007e6d20	undefined FUN_007e6d20()	0	0	unknown	true		2	327	11	5	597
urn:ure:t6:occ:function:current-client:007e6d60	0x007e6d60	xbuild-enriched-full	true	007e6d60	FUN_007e6d60	undefined FUN_007e6d60()	0	0	unknown	true		9	1511	64	18	2678
urn:ure:t6:occ:function:current-client:007e6e80	0x007e6e80	xbuild-enriched-full	true	007e6e80	FUN_007e6e80	undefined FUN_007e6e80()	0	0	unknown	true		6	889	51	12	1885
urn:ure:t6:occ:function:current-client:007e6f40	0x007e6f40	xbuild-enriched-full	true	007e6f40	FUN_007e6f40	undefined FUN_007e6f40()	0	0	unknown	true		6	986	59	18	2237
urn:ure:t6:occ:function:current-client:007e7020	0x007e7020	xbuild-enriched-full	true	007e7020	FUN_007e7020	undefined FUN_007e7020()	0	0	unknown	true		9	595	123	44	3815
urn:ure:t6:occ:function:current-client:007e71b0	0x007e71b0	xbuild-enriched-full	true	007e71b0	FUN_007e71b0	undefined FUN_007e71b0()	0	0	unknown	true		4	521	32	3	1342
urn:ure:t6:occ:function:current-client:007e7230	0x007e7230	xbuild-enriched-full	true	007e7230	FUN_007e7230	undefined FUN_007e7230()	0	0	unknown	true		3	767	27	6	1140
urn:ure:t6:occ:function:current-client:007e72a0	0x007e72a0	xbuild-enriched-full	true	007e72a0	FUN_007e72a0	undefined FUN_007e72a0()	0	0	unknown	true		21	3679	172	64	6592
urn:ure:t6:occ:function:current-client:007e7540	0x007e7540	xbuild-enriched-full	true	007e7540	FUN_007e7540	undefined FUN_007e7540()	0	0	unknown	true		29	5189	199	69	8263
urn:ure:t6:occ:function:current-client:007e7890	0x007e7890	xbuild-enriched-full	true	007e7890	FUN_007e7890	undefined FUN_007e7890()	0	0	unknown	true		46	5139	321	63	12810
urn:ure:t6:occ:function:current-client:007e7dd0	0x007e7dd0	xbuild-enriched-full	true	007e7dd0	FUN_007e7dd0	undefined FUN_007e7dd0()	0	0	unknown	true		27	3571	207	64	7619
urn:ure:t6:occ:function:current-client:007e80d0	0x007e80d0	xbuild-enriched-full	true	007e80d0	FUN_007e80d0	undefined FUN_007e80d0()	0	0	unknown	true		37	4599	246	47	9874
urn:ure:t6:occ:function:current-client:007e84b0	0x007e84b0	xbuild-enriched-full	true	007e84b0	FUN_007e84b0	undefined FUN_007e84b0()	0	0	unknown	true		30	2374	209	64	7260
urn:ure:t6:occ:function:current-client:007e8790	0x007e8790	xbuild-enriched-full	true	007e8790	FUN_007e8790	undefined FUN_007e8790()	0	0	unknown	true		7	1076	54	9	1803
urn:ure:t6:occ:function:current-client:007e8850	0x007e8850	xbuild-enriched-full	true	007e8850	FUN_007e8850	undefined FUN_007e8850()	0	0	unknown	true		10	1142	83	36	2592
urn:ure:t6:occ:function:current-client:007e8aa0	0x007e8aa0	xbuild-enriched-full	true	007e8aa0	FUN_007e8aa0	undefined FUN_007e8aa0()	0	0	unknown	true		13	1718	93	28	3437
urn:ure:t6:occ:function:current-client:007e8e00	0x007e8e00	xbuild-enriched-full	true	007e8e00	FUN_007e8e00	undefined FUN_007e8e00()	0	0	unknown	true		23	2857	176	62	6358
urn:ure:t6:occ:function:current-client:007e9070	0x007e9070	xbuild-enriched-full	true	007e9070	FUN_007e9070	undefined FUN_007e9070()	0	0	unknown	true		3	419	23	8	832
urn:ure:t6:occ:function:current-client:007e90c0	0x007e90c0	xbuild-enriched-full	true	007e90c0	FUN_007e90c0	undefined FUN_007e90c0()	0	0	unknown	true		5	854	38	11	1559
urn:ure:t6:occ:function:current-client:007e91f0	0x007e91f0	xbuild-enriched-full	true	007e91f0	FUN_007e91f0	undefined FUN_007e91f0()	0	0	unknown	true		3	488	26	3	1020
urn:ure:t6:occ:function:current-client:007e9230	0x007e9230	xbuild-enriched-full	true	007e9230	FUN_007e9230	undefined FUN_007e9230()	0	0	unknown	true		5	1080	57	7	2061
urn:ure:t6:occ:function:current-client:007e92f0	0x007e92f0	xbuild-enriched-full	true	007e92f0	FUN_007e92f0	undefined FUN_007e92f0()	0	0	unknown	true		2	689	22	12	940
urn:ure:t6:occ:function:current-client:007e9340	0x007e9340	xbuild-enriched-full	true	007e9340	FUN_007e9340	undefined FUN_007e9340()	0	0	unknown	true		10	1752	104	31	3737
urn:ure:t6:occ:function:current-client:007e9470	0x007e9470	xbuild-enriched-full	true	007e9470	FUN_007e9470	undefined FUN_007e9470()	0	0	unknown	true		3	424	31	4	1020
urn:ure:t6:occ:function:current-client:007e94b0	0x007e94b0	xbuild-enriched-full	true	007e94b0	FUN_007e94b0	undefined FUN_007e94b0()	0	0	unknown	true		7	1509	76	10	2605
urn:ure:t6:occ:function:current-client:007e9580	0x007e9580	xbuild-enriched-full	true	007e9580	FUN_007e9580	undefined FUN_007e9580()	0	0	unknown	true		5	806	41	10	1467
urn:ure:t6:occ:function:current-client:007e9600	0x007e9600	xbuild-enriched-full	true	007e9600	FUN_007e9600	undefined FUN_007e9600()	0	0	unknown	true		9	1440	95	17	3485
urn:ure:t6:occ:function:current-client:007e9710	0x007e9710	xbuild-enriched-full	true	007e9710	FUN_007e9710	undefined FUN_007e9710()	0	0	unknown	true		16	2540	146	40	5357
urn:ure:t6:occ:function:current-client:007e98f0	0x007e98f0	xbuild-enriched-full	true	007e98f0	FUN_007e98f0	undefined FUN_007e98f0()	0	0	unknown	true		4	399	53	10	1623
urn:ure:t6:occ:function:current-client:007e9980	0x007e9980	xbuild-enriched-full	true	007e9980	FUN_007e9980	undefined FUN_007e9980()	0	0	unknown	true		5	613	60	12	1850
urn:ure:t6:occ:function:current-client:007e9a20	0x007e9a20	xbuild-enriched-full	true	007e9a20	FUN_007e9a20	undefined FUN_007e9a20()	0	0	unknown	true		2	288	13	6	596
urn:ure:t6:occ:function:current-client:007e9a50	0x007e9a50	xbuild-enriched-full	true	007e9a50	FUN_007e9a50	undefined FUN_007e9a50()	0	0	unknown	true		32	4017	271	96	9402
urn:ure:t6:occ:function:current-client:007e9dd0	0x007e9dd0	xbuild-enriched-full	true	007e9dd0	FUN_007e9dd0	undefined FUN_007e9dd0()	0	0	unknown	true		7	1429	66	11	2480
urn:ure:t6:occ:function:current-client:007e9eb0	0x007e9eb0	xbuild-enriched-full	true	007e9eb0	FUN_007e9eb0	undefined FUN_007e9eb0()	0	0	unknown	true		36	4753	324	55	12378
urn:ure:t6:occ:function:current-client:007ea340	0x007ea340	xbuild-enriched-full	true	007ea340	FUN_007ea340	undefined FUN_007ea340()	0	0	unknown	true		25	3344	223	37	8335
urn:ure:t6:occ:function:current-client:007ea620	0x007ea620	xbuild-enriched-full	true	007ea620	FUN_007ea620	undefined FUN_007ea620()	0	0	unknown	true		20	2881	184	30	7027
urn:ure:t6:occ:function:current-client:007ea8a0	0x007ea8a0	xbuild-enriched-full	true	007ea8a0	FUN_007ea8a0	undefined FUN_007ea8a0()	0	0	unknown	true		8	964	86	12	2902
urn:ure:t6:occ:function:current-client:007ea9a0	0x007ea9a0	xbuild-enriched-full	true	007ea9a0	FUN_007ea9a0	undefined FUN_007ea9a0()	0	0	unknown	true		2	352	20	11	885
urn:ure:t6:occ:function:current-client:007eabf0	0x007eabf0	xbuild-enriched-full	true	007eabf0	FUN_007eabf0	undefined FUN_007eabf0()	0	0	unknown	true		4	881	51	13	1565
urn:ure:t6:occ:function:current-client:007eac70	0x007eac70	xbuild-enriched-full	true	007eac70	FUN_007eac70	undefined FUN_007eac70()	0	0	unknown	true		2	564	25	7	952
urn:ure:t6:occ:function:current-client:007eacc0	0x007eacc0	xbuild-enriched-full	true	007eacc0	FUN_007eacc0	undefined FUN_007eacc0()	0	0	unknown	true		3	430	29	13	1054
urn:ure:t6:occ:function:current-client:007ead20	0x007ead20	xbuild-enriched-full	true	007ead20	FUN_007ead20	undefined FUN_007ead20()	0	0	unknown	true		35	3587	273	90	8999
urn:ure:t6:occ:function:current-client:007eb070	0x007eb070	xbuild-enriched-full	true	007eb070	FUN_007eb070	undefined FUN_007eb070()	0	0	unknown	true		6	551	67	13	2141
urn:ure:t6:occ:function:current-client:007eb130	0x007eb130	xbuild-enriched-full	true	007eb130	FUN_007eb130	undefined FUN_007eb130()	0	0	unknown	true		4	586	45	7	1367
urn:ure:t6:occ:function:current-client:007eb190	0x007eb190	xbuild-enriched-full	true	007eb190	FUN_007eb190	undefined FUN_007eb190()	0	0	unknown	true		7	1194	73	24	2366
urn:ure:t6:occ:function:current-client:007eb260	0x007eb260	xbuild-enriched-full	true	007eb260	FUN_007eb260	undefined FUN_007eb260()	0	0	unknown	true		4	740	37	11	1287
urn:ure:t6:occ:function:current-client:007eb2d0	0x007eb2d0	xbuild-enriched-full	true	007eb2d0	FUN_007eb2d0	undefined FUN_007eb2d0()	0	0	unknown	true		16	2375	152	49	5246
urn:ure:t6:occ:function:current-client:007eb4a0	0x007eb4a0	xbuild-enriched-full	true	007eb4a0	FUN_007eb4a0	undefined FUN_007eb4a0()	0	0	unknown	true		36	4512	283	64	9834
urn:ure:t6:occ:function:current-client:007eb800	0x007eb800	xbuild-enriched-full	true	007eb800	FUN_007eb800	undefined FUN_007eb800()	0	0	unknown	true		6	801	53	18	1784
urn:ure:t6:occ:function:current-client:007eb8b0	0x007eb8b0	xbuild-enriched-full	true	007eb8b0	FUN_007eb8b0	undefined FUN_007eb8b0()	0	0	unknown	true		21	3040	152	46	5245
urn:ure:t6:occ:function:current-client:007eba90	0x007eba90	xbuild-enriched-full	true	007eba90	FUN_007eba90	undefined FUN_007eba90()	0	0	unknown	true		2	192	12	5	463
urn:ure:t6:occ:function:current-client:007ebac0	0x007ebac0	xbuild-enriched-full	true	007ebac0	FUN_007ebac0	undefined FUN_007ebac0()	0	0	unknown	true		7	706	68	11	2198
urn:ure:t6:occ:function:current-client:007ebd10	0x007ebd10	xbuild-enriched-full	true	007ebd10	FUN_007ebd10	undefined FUN_007ebd10()	0	0	unknown	true		4	462	41	12	1259
urn:ure:t6:occ:function:current-client:007ebd80	0x007ebd80	xbuild-enriched-full	true	007ebd80	FUN_007ebd80	undefined FUN_007ebd80()	0	0	unknown	true		6	792	57	23	1758
urn:ure:t6:occ:function:current-client:007ebe20	0x007ebe20	xbuild-enriched-full	true	007ebe20	FUN_007ebe20	undefined FUN_007ebe20()	0	0	unknown	true		5	875	47	7	1597
urn:ure:t6:occ:function:current-client:007ebea0	0x007ebea0	xbuild-enriched-full	true	007ebea0	FUN_007ebea0	undefined FUN_007ebea0()	0	0	unknown	true		48	6617	348	112	11547
urn:ure:t6:occ:function:current-client:007ec350	0x007ec350	xbuild-enriched-full	true	007ec350	FUN_007ec350	undefined FUN_007ec350()	0	0	unknown	true		8	989	74	15	2816
urn:ure:t6:occ:function:current-client:007ec450	0x007ec450	xbuild-enriched-full	true	007ec450	FUN_007ec450	undefined FUN_007ec450()	0	0	unknown	true		7	981	62	19	2108
urn:ure:t6:occ:function:current-client:007ec520	0x007ec520	xbuild-enriched-full	true	007ec520	FUN_007ec520	undefined FUN_007ec520()	0	0	unknown	true		8	1167	71	14	2484
urn:ure:t6:occ:function:current-client:007ec610	0x007ec610	xbuild-enriched-full	true	007ec610	FUN_007ec610	undefined FUN_007ec610()	0	0	unknown	true		3	432	24	10	943
urn:ure:t6:occ:function:current-client:007ec670	0x007ec670	xbuild-enriched-full	true	007ec670	FUN_007ec670	undefined FUN_007ec670()	0	0	unknown	true		21	2530	157	52	5446
urn:ure:t6:occ:function:current-client:007ec880	0x007ec880	xbuild-enriched-full	true	007ec880	FUN_007ec880	undefined FUN_007ec880()	0	0	unknown	true		19	1984	140	57	5353
urn:ure:t6:occ:function:current-client:007ecbc0	0x007ecbc0	xbuild-enriched-full	true	007ecbc0	FUN_007ecbc0	undefined FUN_007ecbc0()	0	0	unknown	true		133	11168	835	221	28967
urn:ure:t6:occ:function:current-client:007ed840	0x007ed840	xbuild-enriched-full	true	007ed840	FUN_007ed840	undefined FUN_007ed840()	0	0	unknown	true		26	2103	218	60	6890
urn:ure:t6:occ:function:current-client:007edab0	0x007edab0	xbuild-enriched-full	true	007edab0	FUN_007edab0	undefined FUN_007edab0()	0	0	unknown	true		4	488	37	7	1391
urn:ure:t6:occ:function:current-client:007edb30	0x007edb30	xbuild-enriched-full	true	007edb30	FUN_007edb30	undefined FUN_007edb30()	0	0	unknown	true		9	685	56	12	1953
urn:ure:t6:occ:function:current-client:007edbf0	0x007edbf0	xbuild-enriched-full	true	007edbf0	FUN_007edbf0	undefined FUN_007edbf0()	0	0	unknown	true		6	677	54	10	1960
urn:ure:t6:occ:function:current-client:007edca0	0x007edca0	xbuild-enriched-full	true	007edca0	FUN_007edca0	undefined FUN_007edca0()	0	0	unknown	true		10	1337	97	22	2971
urn:ure:t6:occ:function:current-client:007edda0	0x007edda0	xbuild-enriched-full	true	007edda0	FUN_007edda0	undefined FUN_007edda0()	0	0	unknown	true		3	550	21	9	1040
urn:ure:t6:occ:function:current-client:007ede10	0x007ede10	xbuild-enriched-full	true	007ede10	FUN_007ede10	undefined FUN_007ede10()	0	0	unknown	true		8	933	68	18	2166
urn:ure:t6:occ:function:current-client:007edfe0	0x007edfe0	xbuild-enriched-full	true	007edfe0	FUN_007edfe0	undefined FUN_007edfe0()	0	0	unknown	true		7	768	55	20	1876
urn:ure:t6:occ:function:current-client:007ee0a0	0x007ee0a0	xbuild-enriched-full	true	007ee0a0	FUN_007ee0a0	undefined FUN_007ee0a0()	0	0	unknown	true		4	528	51	7	1543
urn:ure:t6:occ:function:current-client:007ee1b0	0x007ee1b0	xbuild-enriched-full	true	007ee1b0	FUN_007ee1b0	undefined FUN_007ee1b0()	0	0	unknown	true		4	791	38	15	1389
urn:ure:t6:occ:function:current-client:007ee230	0x007ee230	xbuild-enriched-full	true	007ee230	FUN_007ee230	undefined FUN_007ee230()	0	0	unknown	true		7	1086	64	18	2191
urn:ure:t6:occ:function:current-client:007ee2f0	0x007ee2f0	xbuild-enriched-full	true	007ee2f0	FUN_007ee2f0	undefined FUN_007ee2f0()	0	0	unknown	true		5	920	57	18	1938
urn:ure:t6:occ:function:current-client:007ee380	0x007ee380	xbuild-enriched-full	true	007ee380	FUN_007ee380	undefined FUN_007ee380()	0	0	unknown	true		6	1021	50	13	1841
urn:ure:t6:occ:function:current-client:007ee410	0x007ee410	xbuild-enriched-full	true	007ee410	FUN_007ee410	undefined FUN_007ee410()	0	0	unknown	true		21	2780	231	39	6647
urn:ure:t6:occ:function:current-client:007ee670	0x007ee670	xbuild-enriched-full	true	007ee670	FUN_007ee670	undefined FUN_007ee670()	0	0	unknown	true		5	861	61	10	1851
urn:ure:t6:occ:function:current-client:007ee6f0	0x007ee6f0	xbuild-enriched-full	true	007ee6f0	FUN_007ee6f0	undefined FUN_007ee6f0()	0	0	unknown	true		19	2367	129	40	4269
urn:ure:t6:occ:function:current-client:007ee880	0x007ee880	xbuild-enriched-full	true	007ee880	FUN_007ee880	undefined FUN_007ee880()	0	0	unknown	true		4	717	41	7	1313
urn:ure:t6:occ:function:current-client:007ee8e0	0x007ee8e0	xbuild-enriched-full	true	007ee8e0	FUN_007ee8e0	undefined FUN_007ee8e0()	0	0	unknown	true		13	2286	124	30	4309
urn:ure:t6:occ:function:current-client:007eea60	0x007eea60	xbuild-enriched-full	true	007eea60	FUN_007eea60	undefined FUN_007eea60()	0	0	unknown	true		5	746	41	14	1547
urn:ure:t6:occ:function:current-client:007eeaf0	0x007eeaf0	xbuild-enriched-full	true	007eeaf0	FUN_007eeaf0	undefined FUN_007eeaf0()	0	0	unknown	true		4	1026	47	8	1731
urn:ure:t6:occ:function:current-client:007eeb90	0x007eeb90	xbuild-enriched-full	true	007eeb90	FUN_007eeb90	undefined FUN_007eeb90()	0	0	unknown	true		20	3135	185	43	6959
urn:ure:t6:occ:function:current-client:007eee40	0x007eee40	xbuild-enriched-full	true	007eee40	FUN_007eee40	undefined FUN_007eee40()	0	0	unknown	true		14	1797	120	39	3757
urn:ure:t6:occ:function:current-client:007eefc0	0x007eefc0	xbuild-enriched-full	true	007eefc0	FUN_007eefc0	undefined FUN_007eefc0()	0	0	unknown	true		17	1191	138	41	4466
urn:ure:t6:occ:function:current-client:007ef180	0x007ef180	xbuild-enriched-full	true	007ef180	FUN_007ef180	undefined FUN_007ef180()	0	0	unknown	true		2	315	13	4	600
urn:ure:t6:occ:function:current-client:007ef1c0	0x007ef1c0	xbuild-enriched-full	true	007ef1c0	FUN_007ef1c0	undefined FUN_007ef1c0()	0	0	unknown	true		18	2368	141	33	5929
urn:ure:t6:occ:function:current-client:007ef420	0x007ef420	xbuild-enriched-full	true	007ef420	FUN_007ef420	undefined FUN_007ef420()	0	0	unknown	true		21	2063	112	72	3837
urn:ure:t6:occ:function:current-client:007ef5f0	0x007ef5f0	xbuild-enriched-full	true	007ef5f0	FUN_007ef5f0	undefined FUN_007ef5f0()	0	0	unknown	true		85	5594	368	141	12187
urn:ure:t6:occ:function:current-client:007efac0	0x007efac0	xbuild-enriched-full	true	007efac0	FUN_007efac0	undefined FUN_007efac0()	0	0	unknown	true		6	568	45	7	1350
urn:ure:t6:occ:function:current-client:007efb30	0x007efb30	xbuild-enriched-full	true	007efb30	FUN_007efb30	undefined FUN_007efb30()	0	0	unknown	true		4	623	42	4	1520
urn:ure:t6:occ:function:current-client:007efbb0	0x007efbb0	xbuild-enriched-full	true	007efbb0	FUN_007efbb0	undefined FUN_007efbb0()	0	0	unknown	true		5	832	52	15	1885
urn:ure:t6:occ:function:current-client:007efc70	0x007efc70	xbuild-enriched-full	true	007efc70	FUN_007efc70	undefined FUN_007efc70()	0	0	unknown	true		9	1059	90	19	2676
urn:ure:t6:occ:function:current-client:007efd50	0x007efd50	xbuild-enriched-full	true	007efd50	FUN_007efd50	undefined FUN_007efd50()	0	0	unknown	true		10	1438	112	22	3549
urn:ure:t6:occ:function:current-client:007efe80	0x007efe80	xbuild-enriched-full	true	007efe80	FUN_007efe80	undefined FUN_007efe80()	0	0	unknown	true		29	4387	255	44	9075
urn:ure:t6:occ:function:current-client:007f01c0	0x007f01c0	xbuild-enriched-full	true	007f01c0	FUN_007f01c0	undefined FUN_007f01c0()	0	0	unknown	true		5	588	39	5	1283
urn:ure:t6:occ:function:current-client:007f0230	0x007f0230	xbuild-enriched-full	true	007f0230	FUN_007f0230	undefined FUN_007f0230()	0	0	unknown	true		9	1058	81	21	2541
urn:ure:t6:occ:function:current-client:007f0320	0x007f0320	xbuild-enriched-full	true	007f0320	FUN_007f0320	undefined FUN_007f0320()	0	0	unknown	true		5	1019	46	14	1606
urn:ure:t6:occ:function:current-client:007f03b0	0x007f03b0	xbuild-enriched-full	true	007f03b0	FUN_007f03b0	undefined FUN_007f03b0()	0	0	unknown	true		4	716	37	10	1315
urn:ure:t6:occ:function:current-client:007f0440	0x007f0440	xbuild-enriched-full	true	007f0440	FUN_007f0440	undefined FUN_007f0440()	0	0	unknown	true		6	874	58	26	1808
urn:ure:t6:occ:function:current-client:007f04f0	0x007f04f0	xbuild-enriched-full	true	007f04f0	FUN_007f04f0	undefined FUN_007f04f0()	0	0	unknown	true		4	437	28	14	974
urn:ure:t6:occ:function:current-client:007f0550	0x007f0550	xbuild-enriched-full	true	007f0550	FUN_007f0550	undefined FUN_007f0550()	0	0	unknown	true		5	992	55	10	1815
urn:ure:t6:occ:function:current-client:007f05e0	0x007f05e0	xbuild-enriched-full	true	007f05e0	FUN_007f05e0	undefined FUN_007f05e0()	0	0	unknown	true		8	636	89	27	2700
urn:ure:t6:occ:function:current-client:007f06f0	0x007f06f0	xbuild-enriched-full	true	007f06f0	FUN_007f06f0	undefined FUN_007f06f0()	0	0	unknown	true		8	857	75	26	2329
urn:ure:t6:occ:function:current-client:007f07d0	0x007f07d0	xbuild-enriched-full	true	007f07d0	FUN_007f07d0	undefined FUN_007f07d0()	0	0	unknown	true		3	496	31	11	1015
urn:ure:t6:occ:function:current-client:007f0830	0x007f0830	xbuild-enriched-full	true	007f0830	FUN_007f0830	undefined FUN_007f0830()	0	0	unknown	true		6	952	54	23	1665
urn:ure:t6:occ:function:current-client:007f08d0	0x007f08d0	xbuild-enriched-full	true	007f08d0	FUN_007f08d0	undefined FUN_007f08d0()	0	0	unknown	true		3	374	26	4	1069
urn:ure:t6:occ:function:current-client:007f0990	0x007f0990	xbuild-enriched-full	true	007f0990	FUN_007f0990	undefined FUN_007f0990()	0	0	unknown	true		11	1529	99	21	3428
urn:ure:t6:occ:function:current-client:007f0ae0	0x007f0ae0	xbuild-enriched-full	true	007f0ae0	FUN_007f0ae0	undefined FUN_007f0ae0()	0	0	unknown	true		14	2062	123	28	4248
urn:ure:t6:occ:function:current-client:007f0c80	0x007f0c80	xbuild-enriched-full	true	007f0c80	FUN_007f0c80	undefined FUN_007f0c80()	0	0	unknown	true		4	625	38	7	1508
urn:ure:t6:occ:function:current-client:007f0d10	0x007f0d10	xbuild-enriched-full	true	007f0d10	FUN_007f0d10	undefined FUN_007f0d10()	0	0	unknown	true		9	1461	68	12	2591
urn:ure:t6:occ:function:current-client:007f0ec0	0x007f0ec0	xbuild-enriched-full	true	007f0ec0	FUN_007f0ec0	undefined FUN_007f0ec0()	0	0	unknown	true		8	1253	69	19	2566
urn:ure:t6:occ:function:current-client:007f0fc0	0x007f0fc0	xbuild-enriched-full	true	007f0fc0	FUN_007f0fc0	undefined FUN_007f0fc0()	0	0	unknown	true		8	1181	67	16	2445
urn:ure:t6:occ:function:current-client:007f1440	0x007f1440	xbuild-enriched-full	true	007f1440	FUN_007f1440	undefined FUN_007f1440()	0	0	unknown	true		5	595	41	18	1366
urn:ure:t6:occ:function:current-client:007f14c0	0x007f14c0	xbuild-enriched-full	true	007f14c0	FUN_007f14c0	undefined FUN_007f14c0()	0	0	unknown	true		3	248	31	11	1080
urn:ure:t6:occ:function:current-client:007f1520	0x007f1520	xbuild-enriched-full	true	007f1520	FUN_007f1520	undefined FUN_007f1520()	0	0	unknown	true		3	534	34	5	1132
urn:ure:t6:occ:function:current-client:007f1580	0x007f1580	xbuild-enriched-full	true	007f1580	FUN_007f1580	undefined FUN_007f1580()	0	0	unknown	true		2	261	17	3	658
urn:ure:t6:occ:function:current-client:007f15c0	0x007f15c0	xbuild-enriched-full	true	007f15c0	FUN_007f15c0	undefined FUN_007f15c0()	0	0	unknown	true		3	477	23	7	855
urn:ure:t6:occ:function:current-client:007f1780	0x007f1780	xbuild-enriched-full	true	007f1780	FUN_007f1780	undefined FUN_007f1780()	0	0	unknown	true		4	527	34	10	1073
urn:ure:t6:occ:function:current-client:007f17e0	0x007f17e0	xbuild-enriched-full	true	007f17e0	FUN_007f17e0	undefined FUN_007f17e0()	0	0	unknown	true		245	12145	887	262	29266
urn:ure:t6:occ:function:current-client:007f2360	0x007f2360	xbuild-enriched-full	true	007f2360	FUN_007f2360	undefined FUN_007f2360()	0	0	unknown	true		6	238	15	1	714
urn:ure:t6:occ:function:current-client:007f23a0	0x007f23a0	xbuild-enriched-full	true	007f23a0	FUN_007f23a0	undefined FUN_007f23a0()	0	0	unknown	true		9	1417	94	18	3401
urn:ure:t6:occ:function:current-client:007f25c0	0x007f25c0	xbuild-enriched-full	true	007f25c0	FUN_007f25c0	undefined FUN_007f25c0()	0	0	unknown	true		5	720	39	13	1431
urn:ure:t6:occ:function:current-client:007f2640	0x007f2640	xbuild-enriched-full	true	007f2640	FUN_007f2640	undefined FUN_007f2640()	0	0	unknown	true		70	5297	352	149	11874
urn:ure:t6:occ:function:current-client:007f2b00	0x007f2b00	xbuild-enriched-full	true	007f2b00	FUN_007f2b00	undefined FUN_007f2b00()	0	0	unknown	true		6	899	55	12	2085
urn:ure:t6:occ:function:current-client:007f2bd0	0x007f2bd0	xbuild-enriched-full	true	007f2bd0	FUN_007f2bd0	undefined FUN_007f2bd0()	0	0	unknown	true		43	5993	379	70	13382
urn:ure:t6:occ:function:current-client:007f3310	0x007f3310	xbuild-enriched-full	true	007f3310	FUN_007f3310	undefined FUN_007f3310()	0	0	unknown	true		8	1077	99	23	2970
urn:ure:t6:occ:function:current-client:007f3410	0x007f3410	xbuild-enriched-full	true	007f3410	FUN_007f3410	undefined FUN_007f3410()	0	0	unknown	true		28	3719	248	55	9053
urn:ure:t6:occ:function:current-client:007f3790	0x007f3790	xbuild-enriched-full	true	007f3790	FUN_007f3790	undefined FUN_007f3790()	0	0	unknown	true		10	1517	101	20	3469
urn:ure:t6:occ:function:current-client:007f38d0	0x007f38d0	xbuild-enriched-full	true	007f38d0	FUN_007f38d0	undefined FUN_007f38d0()	0	0	unknown	true		29	3421	203	71	7302
urn:ure:t6:occ:function:current-client:007f3d70	0x007f3d70	xbuild-enriched-full	true	007f3d70	FUN_007f3d70	undefined FUN_007f3d70()	0	0	unknown	true		27	3974	238	42	8930
urn:ure:t6:occ:function:current-client:007f4840	0x007f4840	xbuild-enriched-full	true	007f4840	FUN_007f4840	undefined FUN_007f4840()	0	0	unknown	true		11	1729	97	29	3343
urn:ure:t6:occ:function:current-client:007f4990	0x007f4990	xbuild-enriched-full	true	007f4990	FUN_007f4990	undefined FUN_007f4990()	0	0	unknown	true		9	1175	92	21	2971
urn:ure:t6:occ:function:current-client:007f4a90	0x007f4a90	xbuild-enriched-full	true	007f4a90	FUN_007f4a90	undefined FUN_007f4a90()	0	0	unknown	true		2	351	17	3	691
urn:ure:t6:occ:function:current-client:007f4ad0	0x007f4ad0	xbuild-enriched-full	true	007f4ad0	FUN_007f4ad0	undefined FUN_007f4ad0()	0	0	unknown	true		5	1075	62	14	2212
urn:ure:t6:occ:function:current-client:007f4b90	0x007f4b90	xbuild-enriched-full	true	007f4b90	FUN_007f4b90	undefined FUN_007f4b90()	0	0	unknown	true		3	711	32	8	1132
urn:ure:t6:occ:function:current-client:007f4bf0	0x007f4bf0	xbuild-enriched-full	true	007f4bf0	FUN_007f4bf0	undefined FUN_007f4bf0()	0	0	unknown	true		17	3025	160	26	5722
urn:ure:t6:occ:function:current-client:007f4e00	0x007f4e00	xbuild-enriched-full	true	007f4e00	FUN_007f4e00	undefined FUN_007f4e00()	0	0	unknown	true		16	3328	137	13	6086
urn:ure:t6:occ:function:current-client:007f5070	0x007f5070	xbuild-enriched-full	true	007f5070	FUN_007f5070	undefined FUN_007f5070()	0	0	unknown	true		19	2532	189	27	6562
urn:ure:t6:occ:function:current-client:007f5390	0x007f5390	xbuild-enriched-full	true	007f5390	FUN_007f5390	undefined FUN_007f5390()	0	0	unknown	true		28	5750	264	50	9969
urn:ure:t6:occ:function:current-client:007f5750	0x007f5750	xbuild-enriched-full	true	007f5750	FUN_007f5750	undefined FUN_007f5750()	0	0	unknown	true		3	590	25	4	958
urn:ure:t6:occ:function:current-client:007f57c0	0x007f57c0	xbuild-enriched-full	true	007f57c0	FUN_007f57c0	undefined FUN_007f57c0()	0	0	unknown	true		13	2077	138	32	4595
urn:ure:t6:occ:function:current-client:007f5970	0x007f5970	xbuild-enriched-full	true	007f5970	FUN_007f5970	undefined FUN_007f5970()	0	0	unknown	true		6	1142	60	15	2042
urn:ure:t6:occ:function:current-client:007f5a40	0x007f5a40	xbuild-enriched-full	true	007f5a40	FUN_007f5a40	undefined FUN_007f5a40()	0	0	unknown	true		3	358	31	4	1356
urn:ure:t6:occ:function:current-client:007f5ac0	0x007f5ac0	xbuild-enriched-full	true	007f5ac0	FUN_007f5ac0	undefined FUN_007f5ac0()	0	0	unknown	true		6	1188	52	19	1804
urn:ure:t6:occ:function:current-client:007f5b70	0x007f5b70	xbuild-enriched-full	true	007f5b70	FUN_007f5b70	undefined FUN_007f5b70()	0	0	unknown	true		6	840	60	17	1854
urn:ure:t6:occ:function:current-client:007f5c20	0x007f5c20	xbuild-enriched-full	true	007f5c20	FUN_007f5c20	undefined FUN_007f5c20()	0	0	unknown	true		11	1923	113	21	3991
urn:ure:t6:occ:function:current-client:007f5da0	0x007f5da0	xbuild-enriched-full	true	007f5da0	FUN_007f5da0	undefined FUN_007f5da0()	0	0	unknown	true		1	105	9	2	385
urn:ure:t6:occ:function:current-client:007f5dc0	0x007f5dc0	xbuild-enriched-full	true	007f5dc0	FUN_007f5dc0	undefined FUN_007f5dc0()	0	0	unknown	true		6	559	45	24	1463
urn:ure:t6:occ:function:current-client:007f5e60	0x007f5e60	xbuild-enriched-full	true	007f5e60	FUN_007f5e60	undefined FUN_007f5e60()	0	0	unknown	true		4	617	41	10	1403
urn:ure:t6:occ:function:current-client:007f5ee0	0x007f5ee0	xbuild-enriched-full	true	007f5ee0	FUN_007f5ee0	undefined FUN_007f5ee0()	0	0	unknown	true		59	4253	404	118	13084
urn:ure:t6:occ:function:current-client:007f63d0	0x007f63d0	xbuild-enriched-full	true	007f63d0	FUN_007f63d0	undefined FUN_007f63d0()	0	0	unknown	true		9	1162	79	18	2732
urn:ure:t6:occ:function:current-client:007f64e0	0x007f64e0	xbuild-enriched-full	true	007f64e0	FUN_007f64e0	undefined FUN_007f64e0()	0	0	unknown	true		3	558	31	6	1236
urn:ure:t6:occ:function:current-client:007f6550	0x007f6550	xbuild-enriched-full	true	007f6550	FUN_007f6550	undefined FUN_007f6550()	0	0	unknown	true		5	669	50	14	1442
urn:ure:t6:occ:function:current-client:007f65d0	0x007f65d0	xbuild-enriched-full	true	007f65d0	FUN_007f65d0	undefined FUN_007f65d0()	0	0	unknown	true		9	1154	86	17	2812
urn:ure:t6:occ:function:current-client:007f66f0	0x007f66f0	xbuild-enriched-full	true	007f66f0	FUN_007f66f0	undefined FUN_007f66f0()	0	0	unknown	true		5	654	43	16	1358
urn:ure:t6:occ:function:current-client:007f67f0	0x007f67f0	xbuild-enriched-full	true	007f67f0	FUN_007f67f0	undefined FUN_007f67f0()	0	0	unknown	true		4	959	37	7	1252
urn:ure:t6:occ:function:current-client:007f6860	0x007f6860	xbuild-enriched-full	true	007f6860	FUN_007f6860	undefined FUN_007f6860()	0	0	unknown	true		2	350	17	5	645
urn:ure:t6:occ:function:current-client:007f6bd0	0x007f6bd0	xbuild-enriched-full	true	007f6bd0	FUN_007f6bd0	undefined FUN_007f6bd0()	0	0	unknown	true		11	2431	113	27	4346
urn:ure:t6:occ:function:current-client:007f6dc0	0x007f6dc0	xbuild-enriched-full	true	007f6dc0	FUN_007f6dc0	undefined FUN_007f6dc0()	0	0	unknown	true		8	1277	77	18	2811
urn:ure:t6:occ:function:current-client:007f7060	0x007f7060	xbuild-enriched-full	true	007f7060	FUN_007f7060	undefined FUN_007f7060()	0	0	unknown	true		2	330	26	3	1098
urn:ure:t6:occ:function:current-client:007f70d0	0x007f70d0	xbuild-enriched-full	true	007f70d0	FUN_007f70d0	undefined FUN_007f70d0()	0	0	unknown	true		6	860	62	8	2247
urn:ure:t6:occ:function:current-client:007f71b0	0x007f71b0	xbuild-enriched-full	true	007f71b0	FUN_007f71b0	undefined FUN_007f71b0()	0	0	unknown	true		20	3672	137	23	5295
urn:ure:t6:occ:function:current-client:007f73b0	0x007f73b0	xbuild-enriched-full	true	007f73b0	FUN_007f73b0	undefined FUN_007f73b0()	0	0	unknown	true		2	168	12	2	491
urn:ure:t6:occ:function:current-client:007f73e0	0x007f73e0	xbuild-enriched-full	true	007f73e0	FUN_007f73e0	undefined FUN_007f73e0()	0	0	unknown	true		2	228	21	8	708
urn:ure:t6:occ:function:current-client:007f7420	0x007f7420	xbuild-enriched-full	true	007f7420	FUN_007f7420	undefined FUN_007f7420()	0	0	unknown	true		6	797	51	12	1562
urn:ure:t6:occ:function:current-client:007f74b0	0x007f74b0	xbuild-enriched-full	true	007f74b0	FUN_007f74b0	undefined FUN_007f74b0()	0	0	unknown	true		13	1452	94	30	3043
urn:ure:t6:occ:function:current-client:007f75e0	0x007f75e0	xbuild-enriched-full	true	007f75e0	FUN_007f75e0	undefined FUN_007f75e0()	0	0	unknown	true		16	2991	146	11	5350
urn:ure:t6:occ:function:current-client:007f77e0	0x007f77e0	xbuild-enriched-full	true	007f77e0	FUN_007f77e0	undefined FUN_007f77e0()	0	0	unknown	true		12	1518	91	23	3338
urn:ure:t6:occ:function:current-client:007f7920	0x007f7920	xbuild-enriched-full	true	007f7920	FUN_007f7920	undefined FUN_007f7920()	0	0	unknown	true		21	1844	188	38	6590
urn:ure:t6:occ:function:current-client:007f7bb0	0x007f7bb0	xbuild-enriched-full	true	007f7bb0	FUN_007f7bb0	undefined FUN_007f7bb0()	0	0	unknown	true		4	512	36	8	1193
urn:ure:t6:occ:function:current-client:007f7c10	0x007f7c10	xbuild-enriched-full	true	007f7c10	FUN_007f7c10	undefined FUN_007f7c10()	0	0	unknown	true		15	2102	133	31	4750
urn:ure:t6:occ:function:current-client:007f7de0	0x007f7de0	xbuild-enriched-full	true	007f7de0	FUN_007f7de0	undefined FUN_007f7de0()	0	0	unknown	true		7	598	60	13	2250
urn:ure:t6:occ:function:current-client:007f7ed0	0x007f7ed0	xbuild-enriched-full	true	007f7ed0	FUN_007f7ed0	undefined FUN_007f7ed0()	0	0	unknown	true		26	3285	184	48	6407
urn:ure:t6:occ:function:current-client:007f8140	0x007f8140	xbuild-enriched-full	true	007f8140	FUN_007f8140	undefined FUN_007f8140()	0	0	unknown	true		8	1115	58	17	1870
urn:ure:t6:occ:function:current-client:007f81f0	0x007f81f0	xbuild-enriched-full	true	007f81f0	FUN_007f81f0	undefined FUN_007f81f0()	0	0	unknown	true		4	552	41	6	1530
urn:ure:t6:occ:function:current-client:007f8280	0x007f8280	xbuild-enriched-full	true	007f8280	FUN_007f8280	undefined FUN_007f8280()	0	0	unknown	true		10	1428	94	27	2916
urn:ure:t6:occ:function:current-client:007f8380	0x007f8380	xbuild-enriched-full	true	007f8380	FUN_007f8380	undefined FUN_007f8380()	0	0	unknown	true		73	8978	431	76	14498
urn:ure:t6:occ:function:current-client:007f8920	0x007f8920	xbuild-enriched-full	true	007f8920	FUN_007f8920	undefined FUN_007f8920()	0	0	unknown	true		16	1939	123	22	4336
urn:ure:t6:occ:function:current-client:007f8bf0	0x007f8bf0	xbuild-enriched-full	true	007f8bf0	FUN_007f8bf0	undefined FUN_007f8bf0()	0	0	unknown	true		5	589	49	9	1724
urn:ure:t6:occ:function:current-client:007f8d30	0x007f8d30	xbuild-enriched-full	true	007f8d30	FUN_007f8d30	undefined FUN_007f8d30()	0	0	unknown	true		8	1314	75	14	2525
urn:ure:t6:occ:function:current-client:007f8e20	0x007f8e20	xbuild-enriched-full	true	007f8e20	FUN_007f8e20	undefined FUN_007f8e20()	0	0	unknown	true		9	977	68	26	2091
urn:ure:t6:occ:function:current-client:007f8ee0	0x007f8ee0	xbuild-enriched-full	true	007f8ee0	FUN_007f8ee0	undefined FUN_007f8ee0()	0	0	unknown	true		16	2102	158	47	5020
urn:ure:t6:occ:function:current-client:007f9230	0x007f9230	xbuild-enriched-full	true	007f9230	FUN_007f9230	undefined FUN_007f9230()	0	0	unknown	true		21	2925	194	61	5923
urn:ure:t6:occ:function:current-client:007f9450	0x007f9450	xbuild-enriched-full	true	007f9450	FUN_007f9450	undefined FUN_007f9450()	0	0	unknown	true		27	3250	225	41	7983
urn:ure:t6:occ:function:current-client:007f9df0	0x007f9df0	xbuild-enriched-full	true	007f9df0	FUN_007f9df0	undefined FUN_007f9df0()	0	0	unknown	true		3	466	23	3	769
urn:ure:t6:occ:function:current-client:007f9e30	0x007f9e30	xbuild-enriched-full	true	007f9e30	FUN_007f9e30	undefined FUN_007f9e30()	0	0	unknown	true		5	664	56	10	1664
urn:ure:t6:occ:function:current-client:007f9eb0	0x007f9eb0	xbuild-enriched-full	true	007f9eb0	FUN_007f9eb0	undefined FUN_007f9eb0()	0	0	unknown	true		2	310	18	5	642
urn:ure:t6:occ:function:current-client:007f9ef0	0x007f9ef0	xbuild-enriched-full	true	007f9ef0	FUN_007f9ef0	undefined FUN_007f9ef0()	0	0	unknown	true		4	682	44	7	1625
urn:ure:t6:occ:function:current-client:007f9f90	0x007f9f90	xbuild-enriched-full	true	007f9f90	FUN_007f9f90	undefined FUN_007f9f90()	0	0	unknown	true		12	1696	120	27	4017
urn:ure:t6:occ:function:current-client:007fa110	0x007fa110	xbuild-enriched-full	true	007fa110	FUN_007fa110	undefined FUN_007fa110()	0	0	unknown	true		12	1936	135	22	4634
urn:ure:t6:occ:function:current-client:007fa2b0	0x007fa2b0	xbuild-enriched-full	true	007fa2b0	FUN_007fa2b0	undefined FUN_007fa2b0()	0	0	unknown	true		7	986	63	22	2103
urn:ure:t6:occ:function:current-client:007fa380	0x007fa380	xbuild-enriched-full	true	007fa380	FUN_007fa380	undefined FUN_007fa380()	0	0	unknown	true		5	678	50	10	1681
urn:ure:t6:occ:function:current-client:007fa410	0x007fa410	xbuild-enriched-full	true	007fa410	FUN_007fa410	undefined FUN_007fa410()	0	0	unknown	true		5	831	54	8	2096
urn:ure:t6:occ:function:current-client:007fa4e0	0x007fa4e0	xbuild-enriched-full	true	007fa4e0	FUN_007fa4e0	undefined FUN_007fa4e0()	0	0	unknown	true		5	822	46	3	1803
urn:ure:t6:occ:function:current-client:007fa590	0x007fa590	xbuild-enriched-full	true	007fa590	FUN_007fa590	undefined FUN_007fa590()	0	0	unknown	true		4	703	40	3	1326
urn:ure:t6:occ:function:current-client:007fa610	0x007fa610	xbuild-enriched-full	true	007fa610	FUN_007fa610	undefined FUN_007fa610()	0	0	unknown	true		7	1066	58	16	1976
urn:ure:t6:occ:function:current-client:007fa6d0	0x007fa6d0	xbuild-enriched-full	true	007fa6d0	FUN_007fa6d0	undefined FUN_007fa6d0()	0	0	unknown	true		11	1473	131	21	4670
urn:ure:t6:occ:function:current-client:007fa870	0x007fa870	xbuild-enriched-full	true	007fa870	FUN_007fa870	undefined FUN_007fa870()	0	0	unknown	true		5	746	48	12	1720
urn:ure:t6:occ:function:current-client:007fa910	0x007fa910	xbuild-enriched-full	true	007fa910	FUN_007fa910	undefined FUN_007fa910()	0	0	unknown	true		16	3483	132	48	5633
urn:ure:t6:occ:function:current-client:007fab60	0x007fab60	xbuild-enriched-full	true	007fab60	FUN_007fab60	undefined FUN_007fab60()	0	0	unknown	true		3	603	30	5	1101
urn:ure:t6:occ:function:current-client:007fabc0	0x007fabc0	xbuild-enriched-full	true	007fabc0	FUN_007fabc0	undefined FUN_007fabc0()	0	0	unknown	true		5	736	44	20	1409
urn:ure:t6:occ:function:current-client:007fada0	0x007fada0	xbuild-enriched-full	true	007fada0	FUN_007fada0	undefined FUN_007fada0()	0	0	unknown	true		18	3129	162	26	6326
urn:ure:t6:occ:function:current-client:007fb000	0x007fb000	xbuild-enriched-full	true	007fb000	FUN_007fb000	undefined FUN_007fb000()	0	0	unknown	true		18	2748	166	38	6070
urn:ure:t6:occ:function:current-client:007fb250	0x007fb250	xbuild-enriched-full	true	007fb250	FUN_007fb250	undefined FUN_007fb250()	0	0	unknown	true		11	1666	93	30	3357
urn:ure:t6:occ:function:current-client:007fb390	0x007fb390	xbuild-enriched-full	true	007fb390	FUN_007fb390	undefined FUN_007fb390()	0	0	unknown	true		4	419	29	11	930
urn:ure:t6:occ:function:current-client:007fb3e0	0x007fb3e0	xbuild-enriched-full	true	007fb3e0	FUN_007fb3e0	undefined FUN_007fb3e0()	0	0	unknown	true		10	1412	88	20	2970
urn:ure:t6:occ:function:current-client:007fb4f0	0x007fb4f0	xbuild-enriched-full	true	007fb4f0	FUN_007fb4f0	undefined FUN_007fb4f0()	0	0	unknown	true		1	211	12	2	545
urn:ure:t6:occ:function:current-client:007fb520	0x007fb520	xbuild-enriched-full	true	007fb520	FUN_007fb520	undefined FUN_007fb520()	0	0	unknown	true		2	485	22	3	929
urn:ure:t6:occ:function:current-client:007fb580	0x007fb580	xbuild-enriched-full	true	007fb580	FUN_007fb580	undefined FUN_007fb580()	0	0	unknown	true		2	379	18	4	677
urn:ure:t6:occ:function:current-client:007fb5c0	0x007fb5c0	xbuild-enriched-full	true	007fb5c0	FUN_007fb5c0	undefined FUN_007fb5c0()	0	0	unknown	true		3	686	34	5	1114
urn:ure:t6:occ:function:current-client:007fb610	0x007fb610	xbuild-enriched-full	true	007fb610	FUN_007fb610	undefined FUN_007fb610()	0	0	unknown	true		4	557	37	7	1245
urn:ure:t6:occ:function:current-client:007fb680	0x007fb680	xbuild-enriched-full	true	007fb680	FUN_007fb680	undefined FUN_007fb680()	0	0	unknown	true		8	1308	79	21	3013
urn:ure:t6:occ:function:current-client:007fb7b0	0x007fb7b0	xbuild-enriched-full	true	007fb7b0	FUN_007fb7b0	undefined FUN_007fb7b0()	0	0	unknown	true		8	1169	89	19	3239
urn:ure:t6:occ:function:current-client:007fb8f0	0x007fb8f0	xbuild-enriched-full	true	007fb8f0	FUN_007fb8f0	undefined FUN_007fb8f0()	0	0	unknown	true		5	792	46	10	1921
urn:ure:t6:occ:function:current-client:007fb9a0	0x007fb9a0	xbuild-enriched-full	true	007fb9a0	FUN_007fb9a0	undefined FUN_007fb9a0()	0	0	unknown	true		35	3840	236	45	8723
urn:ure:t6:occ:function:current-client:007fbd30	0x007fbd30	xbuild-enriched-full	true	007fbd30	FUN_007fbd30	undefined FUN_007fbd30()	0	0	unknown	true		14	2763	147	44	5030
urn:ure:t6:occ:function:current-client:007fbf80	0x007fbf80	xbuild-enriched-full	true	007fbf80	FUN_007fbf80	undefined FUN_007fbf80()	0	0	unknown	true		8	1383	86	9	2783
urn:ure:t6:occ:function:current-client:007fc280	0x007fc280	xbuild-enriched-full	true	007fc280	FUN_007fc280	undefined FUN_007fc280()	0	0	unknown	true		8	1227	80	16	2459
urn:ure:t6:occ:function:current-client:007fc350	0x007fc350	xbuild-enriched-full	true	007fc350	FUN_007fc350	undefined FUN_007fc350()	0	0	unknown	true		9	1540	78	18	2851
urn:ure:t6:occ:function:current-client:007fc450	0x007fc450	xbuild-enriched-full	true	007fc450	FUN_007fc450	undefined FUN_007fc450()	0	0	unknown	true		19	3087	201	34	8195
urn:ure:t6:occ:function:current-client:007fc7d0	0x007fc7d0	xbuild-enriched-full	true	007fc7d0	FUN_007fc7d0	undefined FUN_007fc7d0()	0	0	unknown	true		0	86	4	0	278
urn:ure:t6:occ:function:current-client:007fca40	0x007fca40	xbuild-enriched-full	true	007fca40	FUN_007fca40	undefined FUN_007fca40()	0	0	unknown	true		19	2181	132	47	4160
urn:ure:t6:occ:function:current-client:007fcbd0	0x007fcbd0	xbuild-enriched-full	true	007fcbd0	FUN_007fcbd0	undefined FUN_007fcbd0()	0	0	unknown	true		25	4229	175	69	6039
urn:ure:t6:occ:function:current-client:007fce40	0x007fce40	xbuild-enriched-full	true	007fce40	FUN_007fce40	undefined FUN_007fce40()	0	0	unknown	true		7	903	46	26	1616
urn:ure:t6:occ:function:current-client:007fcef0	0x007fcef0	xbuild-enriched-full	true	007fcef0	FUN_007fcef0	undefined FUN_007fcef0()	0	0	unknown	true		8	1278	71	17	2595
urn:ure:t6:occ:function:current-client:007fcfe0	0x007fcfe0	xbuild-enriched-full	true	007fcfe0	FUN_007fcfe0	undefined FUN_007fcfe0()	0	0	unknown	true		9	1796	83	28	2981
urn:ure:t6:occ:function:current-client:007fd0e0	0x007fd0e0	xbuild-enriched-full	true	007fd0e0	FUN_007fd0e0	undefined FUN_007fd0e0()	0	0	unknown	true		6	1272	59	14	2302
urn:ure:t6:occ:function:current-client:007fd190	0x007fd190	xbuild-enriched-full	true	007fd190	FUN_007fd190	undefined FUN_007fd190()	0	0	unknown	true		3	335	23	5	784
urn:ure:t6:occ:function:current-client:007fd270	0x007fd270	xbuild-enriched-full	true	007fd270	FUN_007fd270	undefined FUN_007fd270()	0	0	unknown	true		8	1849	80	15	2959
urn:ure:t6:occ:function:current-client:007fd360	0x007fd360	xbuild-enriched-full	true	007fd360	FUN_007fd360	undefined FUN_007fd360()	0	0	unknown	true		4	471	34	9	1265
urn:ure:t6:occ:function:current-client:007fd3d0	0x007fd3d0	xbuild-enriched-full	true	007fd3d0	FUN_007fd3d0	undefined FUN_007fd3d0()	0	0	unknown	true		7	1052	54	27	1933
urn:ure:t6:occ:function:current-client:007fd4b0	0x007fd4b0	xbuild-enriched-full	true	007fd4b0	FUN_007fd4b0	undefined FUN_007fd4b0()	0	0	unknown	true		4	754	31	12	1192
urn:ure:t6:occ:function:current-client:007fd520	0x007fd520	xbuild-enriched-full	true	007fd520	FUN_007fd520	undefined FUN_007fd520()	0	0	unknown	true		8	2138	54	10	1791
urn:ure:t6:occ:function:current-client:007fd5b0	0x007fd5b0	xbuild-enriched-full	true	007fd5b0	FUN_007fd5b0	undefined FUN_007fd5b0()	0	0	unknown	true		5	616	41	9	1311
urn:ure:t6:occ:function:current-client:007fd620	0x007fd620	xbuild-enriched-full	true	007fd620	FUN_007fd620	undefined FUN_007fd620()	0	0	unknown	true		8	1314	79	23	2483
urn:ure:t6:occ:function:current-client:007fd770	0x007fd770	xbuild-enriched-full	true	007fd770	FUN_007fd770	undefined FUN_007fd770()	0	0	unknown	true		6	747	47	13	1583
urn:ure:t6:occ:function:current-client:007fd860	0x007fd860	xbuild-enriched-full	true	007fd860	FUN_007fd860	undefined FUN_007fd860()	0	0	unknown	true		1	165	11	1	495
urn:ure:t6:occ:function:current-client:007fd890	0x007fd890	xbuild-enriched-full	true	007fd890	FUN_007fd890	undefined FUN_007fd890()	0	0	unknown	true		1	165	11	1	495
urn:ure:t6:occ:function:current-client:007fd8c0	0x007fd8c0	xbuild-enriched-full	true	007fd8c0	FUN_007fd8c0	undefined FUN_007fd8c0()	0	0	unknown	true		55	5204	302	90	10351
urn:ure:t6:occ:function:current-client:007fdcb0	0x007fdcb0	xbuild-enriched-full	true	007fdcb0	FUN_007fdcb0	undefined FUN_007fdcb0()	0	0	unknown	true		3	288	27	9	1048
urn:ure:t6:occ:function:current-client:007fdd10	0x007fdd10	xbuild-enriched-full	true	007fdd10	FUN_007fdd10	undefined FUN_007fdd10()	0	0	unknown	true		6	957	54	15	1988
urn:ure:t6:occ:function:current-client:007fddd0	0x007fddd0	xbuild-enriched-full	true	007fddd0	FUN_007fddd0	undefined FUN_007fddd0()	0	0	unknown	true		5	772	47	15	1536
urn:ure:t6:occ:function:current-client:007fde50	0x007fde50	xbuild-enriched-full	true	007fde50	FUN_007fde50	undefined FUN_007fde50()	0	0	unknown	true		3	686	29	13	1095
urn:ure:t6:occ:function:current-client:007fdf40	0x007fdf40	xbuild-enriched-full	true	007fdf40	FUN_007fdf40	undefined FUN_007fdf40()	0	0	unknown	true		46	4421	319	135	10476
urn:ure:t6:occ:function:current-client:007fe390	0x007fe390	xbuild-enriched-full	true	007fe390	FUN_007fe390	undefined FUN_007fe390()	0	0	unknown	true		13	1987	106	43	3390
urn:ure:t6:occ:function:current-client:007fe4d0	0x007fe4d0	xbuild-enriched-full	true	007fe4d0	FUN_007fe4d0	undefined FUN_007fe4d0()	0	0	unknown	true		40	4615	199	69	7388
urn:ure:t6:occ:function:current-client:007fe790	0x007fe790	xbuild-enriched-full	true	007fe790	FUN_007fe790	undefined FUN_007fe790()	0	0	unknown	true		5	793	40	13	1481
urn:ure:t6:occ:function:current-client:007fe810	0x007fe810	xbuild-enriched-full	true	007fe810	FUN_007fe810	undefined FUN_007fe810()	0	0	unknown	true		7	1110	58	16	2029
urn:ure:t6:occ:function:current-client:007fe8c0	0x007fe8c0	xbuild-enriched-full	true	007fe8c0	FUN_007fe8c0	undefined FUN_007fe8c0()	0	0	unknown	true		9	389	21	12	791
urn:ure:t6:occ:function:current-client:007fe910	0x007fe910	xbuild-enriched-full	true	007fe910	FUN_007fe910	undefined FUN_007fe910()	0	0	unknown	true		30	2420	101	39	3655
urn:ure:t6:occ:function:current-client:007fea80	0x007fea80	xbuild-enriched-full	true	007fea80	FUN_007fea80	undefined FUN_007fea80()	0	0	unknown	true		2	357	20	2	777
urn:ure:t6:occ:function:current-client:007feab0	0x007feab0	xbuild-enriched-full	true	007feab0	FUN_007feab0	undefined FUN_007feab0()	0	0	unknown	true		2	361	21	3	831
urn:ure:t6:occ:function:current-client:007feb00	0x007feb00	xbuild-enriched-full	true	007feb00	FUN_007feb00	undefined FUN_007feb00()	0	0	unknown	true		2	345	20	2	784
urn:ure:t6:occ:function:current-client:007feb30	0x007feb30	xbuild-enriched-full	true	007feb30	FUN_007feb30	undefined FUN_007feb30()	0	0	unknown	true		2	357	20	2	777
urn:ure:t6:occ:function:current-client:007feb60	0x007feb60	xbuild-enriched-full	true	007feb60	FUN_007feb60	undefined FUN_007feb60()	0	0	unknown	true		2	357	21	3	829
urn:ure:t6:occ:function:current-client:007febb0	0x007febb0	xbuild-enriched-full	true	007febb0	FUN_007febb0	undefined FUN_007febb0()	0	0	unknown	true		2	357	20	2	777
urn:ure:t6:occ:function:current-client:007febe0	0x007febe0	xbuild-enriched-full	true	007febe0	FUN_007febe0	undefined FUN_007febe0()	0	0	unknown	true		2	357	21	3	829
urn:ure:t6:occ:function:current-client:007fec30	0x007fec30	xbuild-enriched-full	true	007fec30	FUN_007fec30	undefined FUN_007fec30()	0	0	unknown	true		2	357	21	2	810
urn:ure:t6:occ:function:current-client:007fec70	0x007fec70	xbuild-enriched-full	true	007fec70	FUN_007fec70	undefined FUN_007fec70()	0	0	unknown	true		2	361	21	3	833
urn:ure:t6:occ:function:current-client:007fecc0	0x007fecc0	xbuild-enriched-full	true	007fecc0	FUN_007fecc0	undefined FUN_007fecc0()	0	0	unknown	true		2	345	20	2	768
urn:ure:t6:occ:function:current-client:007fecf0	0x007fecf0	xbuild-enriched-full	true	007fecf0	FUN_007fecf0	undefined FUN_007fecf0()	0	0	unknown	true		2	345	20	2	784
urn:ure:t6:occ:function:current-client:007fed20	0x007fed20	xbuild-enriched-full	true	007fed20	FUN_007fed20	undefined FUN_007fed20()	0	0	unknown	true		2	345	20	2	784
urn:ure:t6:occ:function:current-client:007fed50	0x007fed50	xbuild-enriched-full	true	007fed50	FUN_007fed50	undefined FUN_007fed50()	0	0	unknown	true		2	354	21	3	831
urn:ure:t6:occ:function:current-client:007feda0	0x007feda0	xbuild-enriched-full	true	007feda0	FUN_007feda0	undefined FUN_007feda0()	0	0	unknown	true		2	345	19	2	742
urn:ure:t6:occ:function:current-client:007fedd0	0x007fedd0	xbuild-enriched-full	true	007fedd0	FUN_007fedd0	undefined FUN_007fedd0()	0	0	unknown	true		2	357	21	3	831
urn:ure:t6:occ:function:current-client:007fee20	0x007fee20	xbuild-enriched-full	true	007fee20	FUN_007fee20	undefined FUN_007fee20()	0	0	unknown	true		2	357	21	3	831
urn:ure:t6:occ:function:current-client:007fee70	0x007fee70	xbuild-enriched-full	true	007fee70	FUN_007fee70	undefined FUN_007fee70()	0	0	unknown	true		2	357	21	3	831
urn:ure:t6:occ:function:current-client:007feec0	0x007feec0	xbuild-enriched-full	true	007feec0	FUN_007feec0	undefined FUN_007feec0()	0	0	unknown	true		2	345	21	2	818
urn:ure:t6:occ:function:current-client:007fef00	0x007fef00	xbuild-enriched-full	true	007fef00	FUN_007fef00	undefined FUN_007fef00()	0	0	unknown	true		2	357	22	2	824
urn:ure:t6:occ:function:current-client:007fef40	0x007fef40	xbuild-enriched-full	true	007fef40	FUN_007fef40	undefined FUN_007fef40()	0	0	unknown	true		2	357	20	2	777
urn:ure:t6:occ:function:current-client:007fef70	0x007fef70	xbuild-enriched-full	true	007fef70	FUN_007fef70	undefined FUN_007fef70()	0	0	unknown	true		2	357	21	3	831
urn:ure:t6:occ:function:current-client:007fefc0	0x007fefc0	xbuild-enriched-full	true	007fefc0	FUN_007fefc0	undefined FUN_007fefc0()	0	0	unknown	true		2	353	21	2	818
urn:ure:t6:occ:function:current-client:007ff000	0x007ff000	xbuild-enriched-full	true	007ff000	FUN_007ff000	undefined FUN_007ff000()	0	0	unknown	true		2	353	22	2	824
urn:ure:t6:occ:function:current-client:007ff040	0x007ff040	xbuild-enriched-full	true	007ff040	FUN_007ff040	undefined FUN_007ff040()	0	0	unknown	true		2	345	20	2	782
urn:ure:t6:occ:function:current-client:007ff070	0x007ff070	xbuild-enriched-full	true	007ff070	FUN_007ff070	undefined FUN_007ff070()	0	0	unknown	true		2	361	21	3	831
urn:ure:t6:occ:function:current-client:007ff0c0	0x007ff0c0	xbuild-enriched-full	true	007ff0c0	FUN_007ff0c0	undefined FUN_007ff0c0()	0	0	unknown	true		2	353	20	2	777
urn:ure:t6:occ:function:current-client:007ff0f0	0x007ff0f0	xbuild-enriched-full	true	007ff0f0	FUN_007ff0f0	undefined FUN_007ff0f0()	0	0	unknown	true		2	357	21	3	806
urn:ure:t6:occ:function:current-client:007ff130	0x007ff130	xbuild-enriched-full	true	007ff130	FUN_007ff130	undefined FUN_007ff130()	0	0	unknown	true		2	357	21	3	831
urn:ure:t6:occ:function:current-client:007ff180	0x007ff180	xbuild-enriched-full	true	007ff180	FUN_007ff180	undefined FUN_007ff180()	0	0	unknown	true		2	357	21	3	818
urn:ure:t6:occ:function:current-client:007ff1c0	0x007ff1c0	xbuild-enriched-full	true	007ff1c0	FUN_007ff1c0	undefined FUN_007ff1c0()	0	0	unknown	true		2	357	21	3	831
urn:ure:t6:occ:function:current-client:007ff2c0	0x007ff2c0	xbuild-enriched-full	true	007ff2c0	FUN_007ff2c0	undefined FUN_007ff2c0()	0	0	unknown	true		10	1489	78	51	2707
urn:ure:t6:occ:function:current-client:007ff3f0	0x007ff3f0	xbuild-enriched-full	true	007ff3f0	FUN_007ff3f0	undefined FUN_007ff3f0()	0	0	unknown	true		5	473	48	8	1548
urn:ure:t6:occ:function:current-client:007ff470	0x007ff470	xbuild-enriched-full	true	007ff470	FUN_007ff470	undefined FUN_007ff470()	0	0	unknown	true		22	6023	252	3	10223
urn:ure:t6:occ:function:current-client:007ff890	0x007ff890	xbuild-enriched-full	true	007ff890	FUN_007ff890	undefined FUN_007ff890()	0	0	unknown	true		9	1590	101	21	3318
urn:ure:t6:occ:function:current-client:007ff9c0	0x007ff9c0	xbuild-enriched-full	true	007ff9c0	FUN_007ff9c0	undefined FUN_007ff9c0()	0	0	unknown	true		5	961	57	12	2037
urn:ure:t6:occ:function:current-client:007ffa70	0x007ffa70	xbuild-enriched-full	true	007ffa70	FUN_007ffa70	undefined FUN_007ffa70()	0	0	unknown	true		9	1220	91	27	2705
urn:ure:t6:occ:function:current-client:007ffb80	0x007ffb80	xbuild-enriched-full	true	007ffb80	FUN_007ffb80	undefined FUN_007ffb80()	0	0	unknown	true		7	1222	64	20	2263
urn:ure:t6:occ:function:current-client:007ffc70	0x007ffc70	xbuild-enriched-full	true	007ffc70	FUN_007ffc70	undefined FUN_007ffc70()	0	0	unknown	true		19	2979	183	55	6301
urn:ure:t6:occ:function:current-client:007ffec0	0x007ffec0	xbuild-enriched-full	true	007ffec0	FUN_007ffec0	undefined FUN_007ffec0()	0	0	unknown	true		6	872	52	15	2072
urn:ure:t6:occ:function:current-client:007fff90	0x007fff90	xbuild-enriched-full	true	007fff90	FUN_007fff90	undefined FUN_007fff90()	0	0	unknown	true		2	521	22	4	795
urn:ure:t6:occ:function:current-client:007fffd0	0x007fffd0	xbuild-enriched-full	true	007fffd0	FUN_007fffd0	undefined FUN_007fffd0()	0	0	unknown	true		4	866	51	8	1598
urn:ure:t6:occ:function:current-client:00800050	0x00800050	xbuild-enriched-full	true	00800050	FUN_00800050	undefined FUN_00800050()	0	0	unknown	true		4	720	32	9	1012
urn:ure:t6:occ:function:current-client:00800120	0x00800120	xbuild-enriched-full	true	00800120	FUN_00800120	undefined FUN_00800120()	0	0	unknown	true		5	1291	50	7	1863
urn:ure:t6:occ:function:current-client:008001d0	0x008001d0	xbuild-enriched-full	true	008001d0	FUN_008001d0	undefined FUN_008001d0()	0	0	unknown	true		22	4271	192	37	7192
urn:ure:t6:occ:function:current-client:00800450	0x00800450	xbuild-enriched-full	true	00800450	FUN_00800450	undefined FUN_00800450()	0	0	unknown	true		16	2940	132	19	5043
urn:ure:t6:occ:function:current-client:00800610	0x00800610	xbuild-enriched-full	true	00800610	FUN_00800610	undefined FUN_00800610()	0	0	unknown	true		4	941	35	6	1363
urn:ure:t6:occ:function:current-client:008006a0	0x008006a0	xbuild-enriched-full	true	008006a0	FUN_008006a0	undefined FUN_008006a0()	0	0	unknown	true		17	2535	140	51	4579
urn:ure:t6:occ:function:current-client:00800870	0x00800870	xbuild-enriched-full	true	00800870	FUN_00800870	undefined FUN_00800870()	0	0	unknown	true		6	953	59	27	1750
urn:ure:t6:occ:function:current-client:00800920	0x00800920	xbuild-enriched-full	true	00800920	FUN_00800920	undefined FUN_00800920()	0	0	unknown	true		10	2088	93	18	3720
urn:ure:t6:occ:function:current-client:00800a90	0x00800a90	xbuild-enriched-full	true	00800a90	FUN_00800a90	undefined FUN_00800a90()	0	0	unknown	true		2	509	19	3	868
urn:ure:t6:occ:function:current-client:00800ae0	0x00800ae0	xbuild-enriched-full	true	00800ae0	FUN_00800ae0	undefined FUN_00800ae0()	0	0	unknown	true		2	297	11	4	514
urn:ure:t6:occ:function:current-client:00800b10	0x00800b10	xbuild-enriched-full	true	00800b10	FUN_00800b10	undefined FUN_00800b10()	0	0	unknown	true		11	1535	100	28	3508
urn:ure:t6:occ:function:current-client:00800c50	0x00800c50	xbuild-enriched-full	true	00800c50	FUN_00800c50	undefined FUN_00800c50()	0	0	unknown	true		35	3696	152	41	5633
urn:ure:t6:occ:function:current-client:00800e70	0x00800e70	xbuild-enriched-full	true	00800e70	FUN_00800e70	undefined FUN_00800e70()	0	0	unknown	true		11	849	81	19	2529
urn:ure:t6:occ:function:current-client:00800f80	0x00800f80	xbuild-enriched-full	true	00800f80	FUN_00800f80	undefined FUN_00800f80()	0	0	unknown	true		3	439	30	7	939
urn:ure:t6:occ:function:current-client:00800fd0	0x00800fd0	xbuild-enriched-full	true	00800fd0	FUN_00800fd0	undefined FUN_00800fd0()	0	0	unknown	true		4	462	39	7	1343
urn:ure:t6:occ:function:current-client:00801050	0x00801050	xbuild-enriched-full	true	00801050	FUN_00801050	undefined FUN_00801050()	0	0	unknown	true		6	660	44	6	1451
urn:ure:t6:occ:function:current-client:008010d0	0x008010d0	xbuild-enriched-full	true	008010d0	FUN_008010d0	undefined FUN_008010d0()	0	0	unknown	true		12	1665	98	25	3056
urn:ure:t6:occ:function:current-client:008011f0	0x008011f0	xbuild-enriched-full	true	008011f0	FUN_008011f0	undefined FUN_008011f0()	0	0	unknown	true		6	832	51	12	1757
urn:ure:t6:occ:function:current-client:00801280	0x00801280	xbuild-enriched-full	true	00801280	FUN_00801280	undefined FUN_00801280()	0	0	unknown	true		22	3148	208	52	6759
urn:ure:t6:occ:function:current-client:008014c0	0x008014c0	xbuild-enriched-full	true	008014c0	FUN_008014c0	undefined FUN_008014c0()	0	0	unknown	true		17	2490	153	39	4878
urn:ure:t6:occ:function:current-client:00801660	0x00801660	xbuild-enriched-full	true	00801660	FUN_00801660	undefined FUN_00801660()	0	0	unknown	true		7	911	62	22	2005
urn:ure:t6:occ:function:current-client:00801710	0x00801710	xbuild-enriched-full	true	00801710	FUN_00801710	undefined FUN_00801710()	0	0	unknown	true		7	1010	60	13	2180
urn:ure:t6:occ:function:current-client:008017d0	0x008017d0	xbuild-enriched-full	true	008017d0	FUN_008017d0	undefined FUN_008017d0()	0	0	unknown	true		8	875	84	16	2614
urn:ure:t6:occ:function:current-client:008018b0	0x008018b0	xbuild-enriched-full	true	008018b0	FUN_008018b0	undefined FUN_008018b0()	0	0	unknown	true		11	1442	108	19	3381
urn:ure:t6:occ:function:current-client:008019c0	0x008019c0	xbuild-enriched-full	true	008019c0	FUN_008019c0	undefined FUN_008019c0()	0	0	unknown	true		11	1442	108	19	3381
urn:ure:t6:occ:function:current-client:00801ad0	0x00801ad0	xbuild-enriched-full	true	00801ad0	FUN_00801ad0	undefined FUN_00801ad0()	0	0	unknown	true		11	1560	114	22	3528
urn:ure:t6:occ:function:current-client:00801bf0	0x00801bf0	xbuild-enriched-full	true	00801bf0	FUN_00801bf0	undefined FUN_00801bf0()	0	0	unknown	true		12	1874	131	23	4032
urn:ure:t6:occ:function:current-client:00801d30	0x00801d30	xbuild-enriched-full	true	00801d30	FUN_00801d30	undefined FUN_00801d30()	0	0	unknown	true		10	1471	105	18	3189
urn:ure:t6:occ:function:current-client:00801e20	0x00801e20	xbuild-enriched-full	true	00801e20	FUN_00801e20	undefined FUN_00801e20()	0	0	unknown	true		8	1030	91	15	2718
urn:ure:t6:occ:function:current-client:00801ef0	0x00801ef0	xbuild-enriched-full	true	00801ef0	FUN_00801ef0	undefined FUN_00801ef0()	0	0	unknown	true		8	1030	91	15	2718
urn:ure:t6:occ:function:current-client:00801fc0	0x00801fc0	xbuild-enriched-full	true	00801fc0	FUN_00801fc0	undefined FUN_00801fc0()	0	0	unknown	true		9	1277	96	16	2902
urn:ure:t6:occ:function:current-client:008020a0	0x008020a0	xbuild-enriched-full	true	008020a0	FUN_008020a0	undefined FUN_008020a0()	0	0	unknown	true		12	2132	132	20	4169
urn:ure:t6:occ:function:current-client:008021e0	0x008021e0	xbuild-enriched-full	true	008021e0	FUN_008021e0	undefined FUN_008021e0()	0	0	unknown	true		2	250	20	5	707
urn:ure:t6:occ:function:current-client:00802220	0x00802220	xbuild-enriched-full	true	00802220	FUN_00802220	undefined FUN_00802220()	0	0	unknown	true		2	284	21	5	700
urn:ure:t6:occ:function:current-client:00802260	0x00802260	xbuild-enriched-full	true	00802260	FUN_00802260	undefined FUN_00802260()	0	0	unknown	true		2	277	22	5	778
urn:ure:t6:occ:function:current-client:008022a0	0x008022a0	xbuild-enriched-full	true	008022a0	FUN_008022a0	undefined FUN_008022a0()	0	0	unknown	true		2	250	20	5	707
urn:ure:t6:occ:function:current-client:008022e0	0x008022e0	xbuild-enriched-full	true	008022e0	FUN_008022e0	undefined FUN_008022e0()	0	0	unknown	true		14	1753	175	51	5322
urn:ure:t6:occ:function:current-client:008024e0	0x008024e0	xbuild-enriched-full	true	008024e0	FUN_008024e0	undefined FUN_008024e0()	0	0	unknown	true		3	462	30	8	988
urn:ure:t6:occ:function:current-client:00802530	0x00802530	xbuild-enriched-full	true	00802530	FUN_00802530	undefined FUN_00802530()	0	0	unknown	true		5	806	57	11	1802
urn:ure:t6:occ:function:current-client:008025c0	0x008025c0	xbuild-enriched-full	true	008025c0	FUN_008025c0	undefined FUN_008025c0()	0	0	unknown	true		1	170	12	5	498
urn:ure:t6:occ:function:current-client:008025f0	0x008025f0	xbuild-enriched-full	true	008025f0	FUN_008025f0	undefined FUN_008025f0()	0	0	unknown	true		2	236	17	6	642
urn:ure:t6:occ:function:current-client:00802630	0x00802630	xbuild-enriched-full	true	00802630	FUN_00802630	undefined FUN_00802630()	0	0	unknown	true		7	918	77	23	2452
urn:ure:t6:occ:function:current-client:00802720	0x00802720	xbuild-enriched-full	true	00802720	FUN_00802720	undefined FUN_00802720()	0	0	unknown	true		2	223	16	5	558
urn:ure:t6:occ:function:current-client:00802750	0x00802750	xbuild-enriched-full	true	00802750	FUN_00802750	undefined FUN_00802750()	0	0	unknown	true		1	160	14	4	502
urn:ure:t6:occ:function:current-client:00802780	0x00802780	xbuild-enriched-full	true	00802780	FUN_00802780	undefined FUN_00802780()	0	0	unknown	true		9	1599	80	22	2706
urn:ure:t6:occ:function:current-client:00802890	0x00802890	xbuild-enriched-full	true	00802890	FUN_00802890	undefined FUN_00802890()	0	0	unknown	true		27	2894	241	73	7582
urn:ure:t6:occ:function:current-client:00802b80	0x00802b80	xbuild-enriched-full	true	00802b80	FUN_00802b80	undefined FUN_00802b80()	0	0	unknown	true		21	2504	186	61	5876
urn:ure:t6:occ:function:current-client:00802dd0	0x00802dd0	xbuild-enriched-full	true	00802dd0	FUN_00802dd0	undefined FUN_00802dd0()	0	0	unknown	true		32	3839	263	79	8561
urn:ure:t6:occ:function:current-client:00803120	0x00803120	xbuild-enriched-full	true	00803120	FUN_00803120	undefined FUN_00803120()	0	0	unknown	true		5	851	41	6	1421
urn:ure:t6:occ:function:current-client:00803190	0x00803190	xbuild-enriched-full	true	00803190	FUN_00803190	undefined FUN_00803190()	0	0	unknown	true		20	3470	227	60	7630
urn:ure:t6:occ:function:current-client:00803420	0x00803420	xbuild-enriched-full	true	00803420	FUN_00803420	undefined FUN_00803420()	0	0	unknown	true		5	1157	49	15	2113
urn:ure:t6:occ:function:current-client:00803500	0x00803500	xbuild-enriched-full	true	00803500	FUN_00803500	undefined FUN_00803500()	0	0	unknown	true		9	1173	91	22	2759
urn:ure:t6:occ:function:current-client:00803600	0x00803600	xbuild-enriched-full	true	00803600	FUN_00803600	undefined FUN_00803600()	0	0	unknown	true		7	828	83	20	2528
urn:ure:t6:occ:function:current-client:008036e0	0x008036e0	xbuild-enriched-full	true	008036e0	FUN_008036e0	undefined FUN_008036e0()	0	0	unknown	true		9	1277	103	29	3193
urn:ure:t6:occ:function:current-client:00803800	0x00803800	xbuild-enriched-full	true	00803800	FUN_00803800	undefined FUN_00803800()	0	0	unknown	true		62	5645	460	229	14653
urn:ure:t6:occ:function:current-client:00803e70	0x00803e70	xbuild-enriched-full	true	00803e70	FUN_00803e70	undefined FUN_00803e70()	0	0	unknown	true		24	2637	238	91	7378
urn:ure:t6:occ:function:current-client:00804160	0x00804160	xbuild-enriched-full	true	00804160	FUN_00804160	undefined FUN_00804160()	0	0	unknown	true		21	3475	119	7	5037
urn:ure:t6:occ:function:current-client:00804330	0x00804330	xbuild-enriched-full	true	00804330	FUN_00804330	undefined FUN_00804330()	0	0	unknown	true		14	2210	119	15	4910
urn:ure:t6:occ:function:current-client:00804530	0x00804530	xbuild-enriched-full	true	00804530	FUN_00804530	undefined FUN_00804530()	0	0	unknown	true		15	2373	128	38	4557
urn:ure:t6:occ:function:current-client:008046f0	0x008046f0	xbuild-enriched-full	true	008046f0	FUN_008046f0	undefined FUN_008046f0()	0	0	unknown	true		26	3369	209	36	8117
urn:ure:t6:occ:function:current-client:008049f0	0x008049f0	xbuild-enriched-full	true	008049f0	FUN_008049f0	undefined FUN_008049f0()	0	0	unknown	true		25	3562	210	33	8325
urn:ure:t6:occ:function:current-client:00804d20	0x00804d20	xbuild-enriched-full	true	00804d20	FUN_00804d20	undefined FUN_00804d20()	0	0	unknown	true		3	336	18	4	707
urn:ure:t6:occ:function:current-client:00804d60	0x00804d60	xbuild-enriched-full	true	00804d60	FUN_00804d60	undefined FUN_00804d60()	0	0	unknown	true		16	2000	117	39	4445
urn:ure:t6:occ:function:current-client:00804f20	0x00804f20	xbuild-enriched-full	true	00804f20	FUN_00804f20	undefined FUN_00804f20()	0	0	unknown	true		3	738	25	7	946
urn:ure:t6:occ:function:current-client:00804f90	0x00804f90	xbuild-enriched-full	true	00804f90	FUN_00804f90	undefined FUN_00804f90()	0	0	unknown	true		13	1909	114	32	3953
urn:ure:t6:occ:function:current-client:00805100	0x00805100	xbuild-enriched-full	true	00805100	FUN_00805100	undefined FUN_00805100()	0	0	unknown	true		5	1153	45	4	1942
urn:ure:t6:occ:function:current-client:008051b0	0x008051b0	xbuild-enriched-full	true	008051b0	FUN_008051b0	undefined FUN_008051b0()	0	0	unknown	true		24	2686	194	34	7183
urn:ure:t6:occ:function:current-client:00805420	0x00805420	xbuild-enriched-full	true	00805420	FUN_00805420	undefined FUN_00805420()	0	0	unknown	true		7	752	57	16	1946
urn:ure:t6:occ:function:current-client:008054d0	0x008054d0	xbuild-enriched-full	true	008054d0	FUN_008054d0	undefined FUN_008054d0()	0	0	unknown	true		17	2963	161	23	6103
urn:ure:t6:occ:function:current-client:00805740	0x00805740	xbuild-enriched-full	true	00805740	FUN_00805740	undefined FUN_00805740()	0	0	unknown	true		5	705	40	20	1467
urn:ure:t6:occ:function:current-client:008057d0	0x008057d0	xbuild-enriched-full	true	008057d0	FUN_008057d0	undefined FUN_008057d0()	0	0	unknown	true		12	1594	95	28	3376
urn:ure:t6:occ:function:current-client:00805920	0x00805920	xbuild-enriched-full	true	00805920	FUN_00805920	undefined FUN_00805920()	0	0	unknown	true		12	1750	84	17	2980
urn:ure:t6:occ:function:current-client:00805a40	0x00805a40	xbuild-enriched-full	true	00805a40	FUN_00805a40	undefined FUN_00805a40()	0	0	unknown	true		6	891	56	7	2101
urn:ure:t6:occ:function:current-client:00805af0	0x00805af0	xbuild-enriched-full	true	00805af0	FUN_00805af0	undefined FUN_00805af0()	0	0	unknown	true		4	652	34	4	1262
urn:ure:t6:occ:function:current-client:00805b50	0x00805b50	xbuild-enriched-full	true	00805b50	FUN_00805b50	undefined FUN_00805b50()	0	0	unknown	true		16	2714	126	26	4981
urn:ure:t6:occ:function:current-client:00805d10	0x00805d10	xbuild-enriched-full	true	00805d10	FUN_00805d10	undefined FUN_00805d10()	0	0	unknown	true		10	1537	91	28	3090
urn:ure:t6:occ:function:current-client:00805e50	0x00805e50	xbuild-enriched-full	true	00805e50	FUN_00805e50	undefined FUN_00805e50()	0	0	unknown	true		34	5690	259	90	8883
urn:ure:t6:occ:function:current-client:00806200	0x00806200	xbuild-enriched-full	true	00806200	FUN_00806200	undefined FUN_00806200()	0	0	unknown	true		22	4146	160	34	6164
urn:ure:t6:occ:function:current-client:00806450	0x00806450	xbuild-enriched-full	true	00806450	FUN_00806450	undefined FUN_00806450()	0	0	unknown	true		44	8113	363	120	11693
urn:ure:t6:occ:function:current-client:00806910	0x00806910	xbuild-enriched-full	true	00806910	FUN_00806910	undefined FUN_00806910()	0	0	unknown	true		24	2930	181	31	6427
urn:ure:t6:occ:function:current-client:00806b50	0x00806b50	xbuild-enriched-full	true	00806b50	FUN_00806b50	undefined FUN_00806b50()	0	0	unknown	true		14	2036	126	30	4092
urn:ure:t6:occ:function:current-client:00806d20	0x00806d20	xbuild-enriched-full	true	00806d20	FUN_00806d20	undefined FUN_00806d20()	0	0	unknown	true		18	2777	170	41	6253
urn:ure:t6:occ:function:current-client:00806f80	0x00806f80	xbuild-enriched-full	true	00806f80	FUN_00806f80	undefined FUN_00806f80()	0	0	unknown	true		30	5030	289	74	9886
urn:ure:t6:occ:function:current-client:00807330	0x00807330	xbuild-enriched-full	true	00807330	FUN_00807330	undefined FUN_00807330()	0	0	unknown	true		4	708	38	12	1877
urn:ure:t6:occ:function:current-client:00807400	0x00807400	xbuild-enriched-full	true	00807400	FUN_00807400	undefined FUN_00807400()	0	0	unknown	true		6	757	50	8	1726
urn:ure:t6:occ:function:current-client:00807490	0x00807490	xbuild-enriched-full	true	00807490	FUN_00807490	undefined FUN_00807490()	0	0	unknown	true		31	5190	133	10	5596
urn:ure:t6:occ:function:current-client:008076c0	0x008076c0	xbuild-enriched-full	true	008076c0	FUN_008076c0	undefined FUN_008076c0()	0	0	unknown	true		25	5129	122	8	5238
urn:ure:t6:occ:function:current-client:008078d0	0x008078d0	xbuild-enriched-full	true	008078d0	FUN_008078d0	undefined FUN_008078d0()	0	0	unknown	true		26	2929	193	32	7364
urn:ure:t6:occ:function:current-client:00807b80	0x00807b80	xbuild-enriched-full	true	00807b80	FUN_00807b80	undefined FUN_00807b80()	0	0	unknown	true		23	3217	183	29	7290
urn:ure:t6:occ:function:current-client:00807e50	0x00807e50	xbuild-enriched-full	true	00807e50	FUN_00807e50	undefined FUN_00807e50()	0	0	unknown	true		12	1602	92	18	3308
urn:ure:t6:occ:function:current-client:00807f60	0x00807f60	xbuild-enriched-full	true	00807f60	FUN_00807f60	undefined FUN_00807f60()	0	0	unknown	true		11	1593	78	14	2762
urn:ure:t6:occ:function:current-client:00808070	0x00808070	xbuild-enriched-full	true	00808070	FUN_00808070	undefined FUN_00808070()	0	0	unknown	true		7	1066	54	7	1943
urn:ure:t6:occ:function:current-client:00808120	0x00808120	xbuild-enriched-full	true	00808120	FUN_00808120	undefined FUN_00808120()	0	0	unknown	true		1	107	8	2	369
urn:ure:t6:occ:function:current-client:00808140	0x00808140	xbuild-enriched-full	true	00808140	FUN_00808140	undefined FUN_00808140()	0	0	unknown	true		4	510	35	6	1230
urn:ure:t6:occ:function:current-client:008081a0	0x008081a0	xbuild-enriched-full	true	008081a0	FUN_008081a0	undefined FUN_008081a0()	0	0	unknown	true		5	892	47	6	1786
urn:ure:t6:occ:function:current-client:00808230	0x00808230	xbuild-enriched-full	true	00808230	FUN_00808230	undefined FUN_00808230()	0	0	unknown	true		6	1032	55	8	2143
urn:ure:t6:occ:function:current-client:00808300	0x00808300	xbuild-enriched-full	true	00808300	FUN_00808300	undefined FUN_00808300()	0	0	unknown	true		12	1922	102	14	3984
urn:ure:t6:occ:function:current-client:00808480	0x00808480	xbuild-enriched-full	true	00808480	FUN_00808480	undefined FUN_00808480()	0	0	unknown	true		56	7245	298	7	12442
urn:ure:t6:occ:function:current-client:008088b0	0x008088b0	xbuild-enriched-full	true	008088b0	FUN_008088b0	undefined FUN_008088b0()	0	0	unknown	true		19	2980	101	7	4227
urn:ure:t6:occ:function:current-client:00808a40	0x00808a40	xbuild-enriched-full	true	00808a40	FUN_00808a40	undefined FUN_00808a40()	0	0	unknown	true		12	2794	60	1	2266
urn:ure:t6:occ:function:current-client:00808b10	0x00808b10	xbuild-enriched-full	true	00808b10	FUN_00808b10	undefined FUN_00808b10()	0	0	unknown	true		29	5277	127	12	5117
urn:ure:t6:occ:function:current-client:00808cf0	0x00808cf0	xbuild-enriched-full	true	00808cf0	FUN_00808cf0	undefined FUN_00808cf0()	0	0	unknown	true		6	1283	73	4	2888
urn:ure:t6:occ:function:current-client:00808df0	0x00808df0	xbuild-enriched-full	true	00808df0	FUN_00808df0	undefined FUN_00808df0()	0	0	unknown	true		3	269	19	3	785
urn:ure:t6:occ:function:current-client:00808e30	0x00808e30	xbuild-enriched-full	true	00808e30	FUN_00808e30	undefined FUN_00808e30()	0	0	unknown	true		7	1417	64	6	2794
urn:ure:t6:occ:function:current-client:00808f30	0x00808f30	xbuild-enriched-full	true	00808f30	FUN_00808f30	undefined FUN_00808f30()	0	0	unknown	true		21	3150	176	29	6519
urn:ure:t6:occ:function:current-client:008091a0	0x008091a0	xbuild-enriched-full	true	008091a0	FUN_008091a0	undefined FUN_008091a0()	0	0	unknown	true		3	958	33	1	1624
urn:ure:t6:occ:function:current-client:00809230	0x00809230	xbuild-enriched-full	true	00809230	FUN_00809230	undefined FUN_00809230()	0	0	unknown	true		4	1116	53	11	2324
urn:ure:t6:occ:function:current-client:00809350	0x00809350	xbuild-enriched-full	true	00809350	FUN_00809350	undefined FUN_00809350()	0	0	unknown	true		8	1971	73	20	2849
urn:ure:t6:occ:function:current-client:00809460	0x00809460	xbuild-enriched-full	true	00809460	FUN_00809460	undefined FUN_00809460()	0	0	unknown	true		145	17491	916	90	40660
urn:ure:t6:occ:function:current-client:0080a4f0	0x0080a4f0	xbuild-enriched-full	true	0080a4f0	FUN_0080a4f0	undefined FUN_0080a4f0()	0	0	unknown	true		11	1594	119	18	4672
urn:ure:t6:occ:function:current-client:0080a6c0	0x0080a6c0	xbuild-enriched-full	true	0080a6c0	FUN_0080a6c0	undefined FUN_0080a6c0()	0	0	unknown	true		48	6664	378	53	16439
urn:ure:t6:occ:function:current-client:0080ad50	0x0080ad50	xbuild-enriched-full	true	0080ad50	FUN_0080ad50	undefined FUN_0080ad50()	0	0	unknown	true		7	1255	73	15	2431
urn:ure:t6:occ:function:current-client:0080ae20	0x0080ae20	xbuild-enriched-full	true	0080ae20	FUN_0080ae20	undefined FUN_0080ae20()	0	0	unknown	true		8	1590	78	11	2917
urn:ure:t6:occ:function:current-client:0080af50	0x0080af50	xbuild-enriched-full	true	0080af50	FUN_0080af50	undefined FUN_0080af50()	0	0	unknown	true		4	697	42	4	1625
urn:ure:t6:occ:function:current-client:0080afe0	0x0080afe0	xbuild-enriched-full	true	0080afe0	FUN_0080afe0	undefined FUN_0080afe0()	0	0	unknown	true		28	5370	267	40	10509
urn:ure:t6:occ:function:current-client:0080b3e0	0x0080b3e0	xbuild-enriched-full	true	0080b3e0	FUN_0080b3e0	undefined FUN_0080b3e0()	0	0	unknown	true		6	1012	58	13	2265
urn:ure:t6:occ:function:current-client:0080b4b0	0x0080b4b0	xbuild-enriched-full	true	0080b4b0	FUN_0080b4b0	undefined FUN_0080b4b0()	0	0	unknown	true		21	4228	192	27	6969
urn:ure:t6:occ:function:current-client:0080b740	0x0080b740	xbuild-enriched-full	true	0080b740	FUN_0080b740	undefined FUN_0080b740()	0	0	unknown	true		6	1386	59	10	1993
urn:ure:t6:occ:function:current-client:0080b7e0	0x0080b7e0	xbuild-enriched-full	true	0080b7e0	FUN_0080b7e0	undefined FUN_0080b7e0()	0	0	unknown	true		5	912	9	3	422
urn:ure:t6:occ:function:current-client:0080b7fa	0x0080b7fa	xbuild-enriched-full	true	0080b7fa	FUN_0080b7fa	undefined FUN_0080b7fa()	0	0	unknown	true		4	774	42	9	1388
urn:ure:t6:occ:function:current-client:0080b870	0x0080b870	xbuild-enriched-full	true	0080b870	FUN_0080b870	undefined FUN_0080b870()	0	0	unknown	true		102	13410	644	129	28044
urn:ure:t6:occ:function:current-client:0080c450	0x0080c450	xbuild-enriched-full	true	0080c450	FUN_0080c450	undefined FUN_0080c450()	0	0	unknown	true		5	576	48	5	1731
urn:ure:t6:occ:function:current-client:0080c4e0	0x0080c4e0	xbuild-enriched-full	true	0080c4e0	FUN_0080c4e0	undefined FUN_0080c4e0()	0	0	unknown	true		26	5199	157	20	6636
urn:ure:t6:occ:function:current-client:0080c750	0x0080c750	xbuild-enriched-full	true	0080c750	FUN_0080c750	undefined FUN_0080c750()	0	0	unknown	true		12	1970	115	22	4199
urn:ure:t6:occ:function:current-client:0080c8c0	0x0080c8c0	xbuild-enriched-full	true	0080c8c0	FUN_0080c8c0	undefined FUN_0080c8c0()	0	0	unknown	true		105	13066	782	74	32166
urn:ure:t6:occ:function:current-client:0080d570	0x0080d570	xbuild-enriched-full	true	0080d570	FUN_0080d570	undefined FUN_0080d570()	0	0	unknown	true		6	945	56	3	2217
urn:ure:t6:occ:function:current-client:0080d620	0x0080d620	xbuild-enriched-full	true	0080d620	FUN_0080d620	undefined FUN_0080d620()	0	0	unknown	true		26	3967	192	16	8001
urn:ure:t6:occ:function:current-client:0080d940	0x0080d940	xbuild-enriched-full	true	0080d940	FUN_0080d940	undefined FUN_0080d940()	0	0	unknown	true		8	1214	68	12	2647
urn:ure:t6:occ:function:current-client:0080da40	0x0080da40	xbuild-enriched-full	true	0080da40	FUN_0080da40	undefined FUN_0080da40()	0	0	unknown	true		19	3730	217	27	9022
urn:ure:t6:occ:function:current-client:0080de00	0x0080de00	xbuild-enriched-full	true	0080de00	FUN_0080de00	undefined FUN_0080de00()	0	0	unknown	true		2	194	17	3	598
urn:ure:t6:occ:function:current-client:0080de60	0x0080de60	xbuild-enriched-full	true	0080de60	FUN_0080de60	undefined FUN_0080de60()	0	0	unknown	true		3	306	27	3	911
urn:ure:t6:occ:function:current-client:0080dea0	0x0080dea0	xbuild-enriched-full	true	0080dea0	FUN_0080dea0	undefined FUN_0080dea0()	0	0	unknown	true		6	795	48	5	1949
urn:ure:t6:occ:function:current-client:0080df60	0x0080df60	xbuild-enriched-full	true	0080df60	FUN_0080df60	undefined FUN_0080df60()	0	0	unknown	true		8	1134	80	9	3252
urn:ure:t6:occ:function:current-client:0080e0a0	0x0080e0a0	xbuild-enriched-full	true	0080e0a0	FUN_0080e0a0	undefined FUN_0080e0a0()	0	0	unknown	true		7	491	91	6	3751
urn:ure:t6:occ:function:current-client:0080e210	0x0080e210	xbuild-enriched-full	true	0080e210	FUN_0080e210	undefined FUN_0080e210()	0	0	unknown	true		6	760	56	6	2218
urn:ure:t6:occ:function:current-client:0080e2e0	0x0080e2e0	xbuild-enriched-full	true	0080e2e0	FUN_0080e2e0	undefined FUN_0080e2e0()	0	0	unknown	true		9	1167	86	11	3424
urn:ure:t6:occ:function:current-client:0080e560	0x0080e560	xbuild-enriched-full	true	0080e560	FUN_0080e560	undefined FUN_0080e560()	0	0	unknown	true		7	467	91	5	3725
urn:ure:t6:occ:function:current-client:0080e6d0	0x0080e6d0	xbuild-enriched-full	true	0080e6d0	FUN_0080e6d0	undefined FUN_0080e6d0()	0	0	unknown	true		5	760	56	6	2218
urn:ure:t6:occ:function:current-client:0080e7a0	0x0080e7a0	xbuild-enriched-full	true	0080e7a0	FUN_0080e7a0	undefined FUN_0080e7a0()	0	0	unknown	true		8	1167	86	11	3424
urn:ure:t6:occ:function:current-client:0080e8e0	0x0080e8e0	xbuild-enriched-full	true	0080e8e0	FUN_0080e8e0	undefined FUN_0080e8e0()	0	0	unknown	true		4	876	45	5	1834
urn:ure:t6:occ:function:current-client:0080e980	0x0080e980	xbuild-enriched-full	true	0080e980	FUN_0080e980	undefined FUN_0080e980()	0	0	unknown	true		2	194	17	3	598
urn:ure:t6:occ:function:current-client:0080e9b0	0x0080e9b0	xbuild-enriched-full	true	0080e9b0	FUN_0080e9b0	undefined FUN_0080e9b0()	0	0	unknown	true		7	1243	79	14	2889
urn:ure:t6:occ:function:current-client:0080eab0	0x0080eab0	xbuild-enriched-full	true	0080eab0	FUN_0080eab0	undefined FUN_0080eab0()	0	0	unknown	true		11	1559	99	14	3855
urn:ure:t6:occ:function:current-client:0080ec00	0x0080ec00	xbuild-enriched-full	true	0080ec00	FUN_0080ec00	undefined FUN_0080ec00()	0	0	unknown	true		6	1173	72	7	2920
urn:ure:t6:occ:function:current-client:0080edc0	0x0080edc0	xbuild-enriched-full	true	0080edc0	FUN_0080edc0	undefined FUN_0080edc0()	0	0	unknown	true		9	1726	105	13	4114
urn:ure:t6:occ:function:current-client:0080ef50	0x0080ef50	xbuild-enriched-full	true	0080ef50	FUN_0080ef50	undefined FUN_0080ef50()	0	0	unknown	true		13	2333	125	23	4828
urn:ure:t6:occ:function:current-client:0080f300	0x0080f300	xbuild-enriched-full	true	0080f300	FUN_0080f300	undefined FUN_0080f300()	0	0	unknown	true		4	965	36	8	1759
urn:ure:t6:occ:function:current-client:0080f3b0	0x0080f3b0	xbuild-enriched-full	true	0080f3b0	FUN_0080f3b0	undefined FUN_0080f3b0()	0	0	unknown	true		5	41	50	4	2016
urn:ure:t6:occ:function:current-client:0080f470	0x0080f470	xbuild-enriched-full	true	0080f470	FUN_0080f470	undefined FUN_0080f470()	0	0	unknown	true		3	473	27	4	1037
urn:ure:t6:occ:function:current-client:0080f4c0	0x0080f4c0	xbuild-enriched-full	true	0080f4c0	FUN_0080f4c0	undefined FUN_0080f4c0()	0	0	unknown	true		5	748	50	7	1587
urn:ure:t6:occ:function:current-client:0080f540	0x0080f540	xbuild-enriched-full	true	0080f540	FUN_0080f540	undefined FUN_0080f540()	0	0	unknown	true		6	794	63	8	2438
urn:ure:t6:occ:function:current-client:0080f610	0x0080f610	xbuild-enriched-full	true	0080f610	FUN_0080f610	undefined FUN_0080f610()	0	0	unknown	true		8	1074	83	8	3230
urn:ure:t6:occ:function:current-client:0080f730	0x0080f730	xbuild-enriched-full	true	0080f730	FUN_0080f730	undefined FUN_0080f730()	0	0	unknown	true		14	2159	111	18	3969
urn:ure:t6:occ:function:current-client:0080f890	0x0080f890	xbuild-enriched-full	true	0080f890	FUN_0080f890	undefined FUN_0080f890()	0	0	unknown	true		19	3409	172	18	6898
urn:ure:t6:occ:function:current-client:0080fb00	0x0080fb00	xbuild-enriched-full	true	0080fb00	FUN_0080fb00	undefined FUN_0080fb00()	0	0	unknown	true		16	1992	134	19	5292
urn:ure:t6:occ:function:current-client:0080fd10	0x0080fd10	xbuild-enriched-full	true	0080fd10	FUN_0080fd10	undefined FUN_0080fd10()	0	0	unknown	true		67	9018	404	50	17930
urn:ure:t6:occ:function:current-client:008104d0	0x008104d0	xbuild-enriched-full	true	008104d0	FUN_008104d0	undefined FUN_008104d0()	0	0	unknown	true		13	2084	128	14	4945
urn:ure:t6:occ:function:current-client:00810690	0x00810690	xbuild-enriched-full	true	00810690	FUN_00810690	undefined FUN_00810690()	0	0	unknown	true		4	342	42	2	1767
urn:ure:t6:occ:function:current-client:00810730	0x00810730	xbuild-enriched-full	true	00810730	FUN_00810730	undefined FUN_00810730()	0	0	unknown	true		9	1581	93	12	3465
urn:ure:t6:occ:function:current-client:00810890	0x00810890	xbuild-enriched-full	true	00810890	FUN_00810890	undefined FUN_00810890()	0	0	unknown	true		20	2485	165	26	6200
urn:ure:t6:occ:function:current-client:00810af0	0x00810af0	xbuild-enriched-full	true	00810af0	FUN_00810af0	undefined FUN_00810af0()	0	0	unknown	true		17	2821	162	21	5867
urn:ure:t6:occ:function:current-client:00810d20	0x00810d20	xbuild-enriched-full	true	00810d20	FUN_00810d20	undefined FUN_00810d20()	0	0	unknown	true		10	1902	106	12	3831
urn:ure:t6:occ:function:current-client:00810e80	0x00810e80	xbuild-enriched-full	true	00810e80	FUN_00810e80	undefined FUN_00810e80()	0	0	unknown	true		18	3216	155	18	6357
urn:ure:t6:occ:function:current-client:00811100	0x00811100	xbuild-enriched-full	true	00811100	FUN_00811100	undefined FUN_00811100()	0	0	unknown	true		15	2685	127	14	4880
urn:ure:t6:occ:function:current-client:008112e0	0x008112e0	xbuild-enriched-full	true	008112e0	FUN_008112e0	undefined FUN_008112e0()	0	0	unknown	true		12	1772	98	11	3819
urn:ure:t6:occ:function:current-client:00811460	0x00811460	xbuild-enriched-full	true	00811460	FUN_00811460	undefined FUN_00811460()	0	0	unknown	true		10	1458	77	8	2804
urn:ure:t6:occ:function:current-client:00811570	0x00811570	xbuild-enriched-full	true	00811570	FUN_00811570	undefined FUN_00811570()	0	0	unknown	true		9	1442	89	7	3343
urn:ure:t6:occ:function:current-client:00811680	0x00811680	xbuild-enriched-full	true	00811680	FUN_00811680	undefined FUN_00811680()	0	0	unknown	true		5	579	51	6	1787
urn:ure:t6:occ:function:current-client:00811720	0x00811720	xbuild-enriched-full	true	00811720	FUN_00811720	undefined FUN_00811720()	0	0	unknown	true		3	425	31	4	1016
urn:ure:t6:occ:function:current-client:00811770	0x00811770	xbuild-enriched-full	true	00811770	FUN_00811770	undefined FUN_00811770()	0	0	unknown	true		7	959	55	6	2048
urn:ure:t6:occ:function:current-client:00811830	0x00811830	xbuild-enriched-full	true	00811830	FUN_00811830	undefined FUN_00811830()	0	0	unknown	true		6	854	52	13	1768
urn:ure:t6:occ:function:current-client:00811980	0x00811980	xbuild-enriched-full	true	00811980	FUN_00811980	undefined FUN_00811980()	0	0	unknown	true		6	652	51	13	1622
urn:ure:t6:occ:function:current-client:00811a20	0x00811a20	xbuild-enriched-full	true	00811a20	FUN_00811a20	undefined FUN_00811a20()	0	0	unknown	true		20	2021	161	33	5200
urn:ure:t6:occ:function:current-client:00811c20	0x00811c20	xbuild-enriched-full	true	00811c20	FUN_00811c20	undefined FUN_00811c20()	0	0	unknown	true		6	527	54	10	1808
urn:ure:t6:occ:function:current-client:00811d20	0x00811d20	xbuild-enriched-full	true	00811d20	FUN_00811d20	undefined FUN_00811d20()	0	0	unknown	true		2	271	15	2	601
urn:ure:t6:occ:function:current-client:00811d50	0x00811d50	xbuild-enriched-full	true	00811d50	FUN_00811d50	undefined FUN_00811d50()	0	0	unknown	true		2	271	15	2	601
urn:ure:t6:occ:function:current-client:00811d80	0x00811d80	xbuild-enriched-full	true	00811d80	FUN_00811d80	undefined FUN_00811d80()	0	0	unknown	true		2	271	15	2	601
urn:ure:t6:occ:function:current-client:00811dd0	0x00811dd0	xbuild-enriched-full	true	00811dd0	FUN_00811dd0	undefined FUN_00811dd0()	0	0	unknown	true		2	252	15	2	608
urn:ure:t6:occ:function:current-client:00811e00	0x00811e00	xbuild-enriched-full	true	00811e00	FUN_00811e00	undefined FUN_00811e00()	0	0	unknown	true		2	250	15	2	607
urn:ure:t6:occ:function:current-client:00811e30	0x00811e30	xbuild-enriched-full	true	00811e30	FUN_00811e30	undefined FUN_00811e30()	0	0	unknown	true		2	252	15	2	607
urn:ure:t6:occ:function:current-client:00811e60	0x00811e60	xbuild-enriched-full	true	00811e60	FUN_00811e60	undefined FUN_00811e60()	0	0	unknown	true		2	252	15	2	607
urn:ure:t6:occ:function:current-client:00811e90	0x00811e90	xbuild-enriched-full	true	00811e90	FUN_00811e90	undefined FUN_00811e90()	0	0	unknown	true		2	271	15	2	601
urn:ure:t6:occ:function:current-client:00811ec0	0x00811ec0	xbuild-enriched-full	true	00811ec0	FUN_00811ec0	undefined FUN_00811ec0()	0	0	unknown	true		2	271	15	2	601
urn:ure:t6:occ:function:current-client:00811ef0	0x00811ef0	xbuild-enriched-full	true	00811ef0	FUN_00811ef0	undefined FUN_00811ef0()	0	0	unknown	true		2	271	15	2	601
urn:ure:t6:occ:function:current-client:00811f20	0x00811f20	xbuild-enriched-full	true	00811f20	FUN_00811f20	undefined FUN_00811f20()	0	0	unknown	true		2	271	15	2	601
urn:ure:t6:occ:function:current-client:00811f50	0x00811f50	xbuild-enriched-full	true	00811f50	FUN_00811f50	undefined FUN_00811f50()	0	0	unknown	true		2	271	15	2	601
urn:ure:t6:occ:function:current-client:00811f80	0x00811f80	xbuild-enriched-full	true	00811f80	FUN_00811f80	undefined FUN_00811f80()	0	0	unknown	true		2	271	15	2	601
urn:ure:t6:occ:function:current-client:00811fb0	0x00811fb0	xbuild-enriched-full	true	00811fb0	FUN_00811fb0	undefined FUN_00811fb0()	0	0	unknown	true		2	271	15	2	601
urn:ure:t6:occ:function:current-client:00811fe0	0x00811fe0	xbuild-enriched-full	true	00811fe0	FUN_00811fe0	undefined FUN_00811fe0()	0	0	unknown	true		2	271	15	2	601
urn:ure:t6:occ:function:current-client:00812010	0x00812010	xbuild-enriched-full	true	00812010	FUN_00812010	undefined FUN_00812010()	0	0	unknown	true		2	271	15	2	601
urn:ure:t6:occ:function:current-client:00812040	0x00812040	xbuild-enriched-full	true	00812040	FUN_00812040	undefined FUN_00812040()	0	0	unknown	true		2	269	15	2	601
urn:ure:t6:occ:function:current-client:00812070	0x00812070	xbuild-enriched-full	true	00812070	FUN_00812070	undefined FUN_00812070()	0	0	unknown	true		2	271	15	2	601
urn:ure:t6:occ:function:current-client:008120a0	0x008120a0	xbuild-enriched-full	true	008120a0	FUN_008120a0	undefined FUN_008120a0()	0	0	unknown	true		2	271	15	2	601
urn:ure:t6:occ:function:current-client:008120d0	0x008120d0	xbuild-enriched-full	true	008120d0	FUN_008120d0	undefined FUN_008120d0()	0	0	unknown	true		2	271	15	2	601
urn:ure:t6:occ:function:current-client:00812100	0x00812100	xbuild-enriched-full	true	00812100	FUN_00812100	undefined FUN_00812100()	0	0	unknown	true		2	271	15	2	601
urn:ure:t6:occ:function:current-client:00812150	0x00812150	xbuild-enriched-full	true	00812150	FUN_00812150	undefined FUN_00812150()	0	0	unknown	true		1	232	14	1	622
urn:ure:t6:occ:function:current-client:00812560	0x00812560	xbuild-enriched-full	true	00812560	FUN_00812560	undefined FUN_00812560()	0	0	unknown	true		2	359	18	3	709
urn:ure:t6:occ:function:current-client:008126a0	0x008126a0	xbuild-enriched-full	true	008126a0	FUN_008126a0	undefined FUN_008126a0()	0	0	unknown	true		2	271	15	2	601
urn:ure:t6:occ:function:current-client:008126d0	0x008126d0	xbuild-enriched-full	true	008126d0	FUN_008126d0	undefined FUN_008126d0()	0	0	unknown	true		2	271	15	2	601
urn:ure:t6:occ:function:current-client:00812930	0x00812930	xbuild-enriched-full	true	00812930	FUN_00812930	undefined FUN_00812930()	0	0	unknown	true		2	447	21	4	818
urn:ure:t6:occ:function:current-client:00812980	0x00812980	xbuild-enriched-full	true	00812980	FUN_00812980	undefined FUN_00812980()	0	0	unknown	true		1	252	15	2	607
urn:ure:t6:occ:function:current-client:008129b0	0x008129b0	xbuild-enriched-full	true	008129b0	FUN_008129b0	undefined FUN_008129b0()	0	0	unknown	true		2	356	18	3	688
urn:ure:t6:occ:function:current-client:008129e0	0x008129e0	xbuild-enriched-full	true	008129e0	FUN_008129e0	undefined FUN_008129e0()	0	0	unknown	true		2	356	18	3	688
urn:ure:t6:occ:function:current-client:00812a10	0x00812a10	xbuild-enriched-full	true	00812a10	FUN_00812a10	undefined FUN_00812a10()	0	0	unknown	true		2	138	15	3	536
urn:ure:t6:occ:function:current-client:00812a40	0x00812a40	xbuild-enriched-full	true	00812a40	FUN_00812a40	undefined FUN_00812a40()	0	0	unknown	true		2	390	18	1	818
urn:ure:t6:occ:function:current-client:00812aa0	0x00812aa0	xbuild-enriched-full	true	00812aa0	FUN_00812aa0	undefined FUN_00812aa0()	0	0	unknown	true		2	271	15	2	601
urn:ure:t6:occ:function:current-client:00812ad0	0x00812ad0	xbuild-enriched-full	true	00812ad0	FUN_00812ad0	undefined FUN_00812ad0()	0	0	unknown	true		6	1093	55	15	1740
urn:ure:t6:occ:function:current-client:00812b60	0x00812b60	xbuild-enriched-full	true	00812b60	FUN_00812b60	undefined FUN_00812b60()	0	0	unknown	true		6	1105	55	15	1739
urn:ure:t6:occ:function:current-client:00812bf0	0x00812bf0	xbuild-enriched-full	true	00812bf0	FUN_00812bf0	undefined FUN_00812bf0()	0	0	unknown	true		12	2018	105	24	3543
urn:ure:t6:occ:function:current-client:00812d30	0x00812d30	xbuild-enriched-full	true	00812d30	FUN_00812d30	undefined FUN_00812d30()	0	0	unknown	true		1	98	8	1	359
urn:ure:t6:occ:function:current-client:00812d50	0x00812d50	xbuild-enriched-full	true	00812d50	FUN_00812d50	undefined FUN_00812d50()	0	0	unknown	true		11	1675	86	25	2906
urn:ure:t6:occ:function:current-client:00812e80	0x00812e80	xbuild-enriched-full	true	00812e80	FUN_00812e80	undefined FUN_00812e80()	0	0	unknown	true		11	1675	86	25	2906
urn:ure:t6:occ:function:current-client:00813070	0x00813070	xbuild-enriched-full	true	00813070	FUN_00813070	undefined FUN_00813070()	0	0	unknown	true		2	269	15	2	599
urn:ure:t6:occ:function:current-client:008130b0	0x008130b0	xbuild-enriched-full	true	008130b0	FUN_008130b0	undefined FUN_008130b0()	0	0	unknown	true		1	116	13	2	518
urn:ure:t6:occ:function:current-client:008130e0	0x008130e0	xbuild-enriched-full	true	008130e0	FUN_008130e0	undefined FUN_008130e0()	0	0	unknown	true		1	116	13	2	518
urn:ure:t6:occ:function:current-client:00813110	0x00813110	xbuild-enriched-full	true	00813110	FUN_00813110	undefined FUN_00813110()	0	0	unknown	true		1	116	13	2	518
urn:ure:t6:occ:function:current-client:00813140	0x00813140	xbuild-enriched-full	true	00813140	FUN_00813140	undefined FUN_00813140()	0	0	unknown	true		1	116	13	2	518
urn:ure:t6:occ:function:current-client:00813170	0x00813170	xbuild-enriched-full	true	00813170	FUN_00813170	undefined FUN_00813170()	0	0	unknown	true		1	116	13	2	518
urn:ure:t6:occ:function:current-client:008131a0	0x008131a0	xbuild-enriched-full	true	008131a0	FUN_008131a0	undefined FUN_008131a0()	0	0	unknown	true		1	116	13	2	518
urn:ure:t6:occ:function:current-client:008131d0	0x008131d0	xbuild-enriched-full	true	008131d0	FUN_008131d0	undefined FUN_008131d0()	0	0	unknown	true		1	116	13	2	518
urn:ure:t6:occ:function:current-client:00813200	0x00813200	xbuild-enriched-full	true	00813200	FUN_00813200	undefined FUN_00813200()	0	0	unknown	true		1	118	13	2	518
urn:ure:t6:occ:function:current-client:00813230	0x00813230	xbuild-enriched-full	true	00813230	FUN_00813230	undefined FUN_00813230()	0	0	unknown	true		1	116	13	2	518
urn:ure:t6:occ:function:current-client:00813260	0x00813260	xbuild-enriched-full	true	00813260	FUN_00813260	undefined FUN_00813260()	0	0	unknown	true		1	116	13	2	518
urn:ure:t6:occ:function:current-client:00813290	0x00813290	xbuild-enriched-full	true	00813290	FUN_00813290	undefined FUN_00813290()	0	0	unknown	true		1	117	13	2	518
urn:ure:t6:occ:function:current-client:008132c0	0x008132c0	xbuild-enriched-full	true	008132c0	FUN_008132c0	undefined FUN_008132c0()	0	0	unknown	true		9	1672	89	20	3040
urn:ure:t6:occ:function:current-client:008134e0	0x008134e0	xbuild-enriched-full	true	008134e0	FUN_008134e0	undefined FUN_008134e0()	0	0	unknown	true		1	118	13	2	518
urn:ure:t6:occ:function:current-client:00813510	0x00813510	xbuild-enriched-full	true	00813510	FUN_00813510	undefined FUN_00813510()	0	0	unknown	true		6	1308	62	10	2497
urn:ure:t6:occ:function:current-client:00813610	0x00813610	xbuild-enriched-full	true	00813610	FUN_00813610	undefined FUN_00813610()	0	0	unknown	true		4	656	44	13	1513
urn:ure:t6:occ:function:current-client:00813690	0x00813690	xbuild-enriched-full	true	00813690	FUN_00813690	undefined FUN_00813690()	0	0	unknown	true		4	777	47	5	1834
urn:ure:t6:occ:function:current-client:00813730	0x00813730	xbuild-enriched-full	true	00813730	FUN_00813730	undefined FUN_00813730()	0	0	unknown	true		12	1848	95	28	3307
urn:ure:t6:occ:function:current-client:00813940	0x00813940	xbuild-enriched-full	true	00813940	FUN_00813940	undefined FUN_00813940()	0	0	unknown	true		8	1569	93	8	3528
urn:ure:t6:occ:function:current-client:00813a80	0x00813a80	xbuild-enriched-full	true	00813a80	FUN_00813a80	undefined FUN_00813a80()	0	0	unknown	true		5	1225	61	4	2378
urn:ure:t6:occ:function:current-client:00813b40	0x00813b40	xbuild-enriched-full	true	00813b40	FUN_00813b40	undefined FUN_00813b40()	0	0	unknown	true		4	833	42	3	1546
urn:ure:t6:occ:function:current-client:00813bc0	0x00813bc0	xbuild-enriched-full	true	00813bc0	FUN_00813bc0	undefined FUN_00813bc0()	0	0	unknown	true		4	505	32	6	1134
urn:ure:t6:occ:function:current-client:00813c20	0x00813c20	xbuild-enriched-full	true	00813c20	FUN_00813c20	undefined FUN_00813c20()	0	0	unknown	true		4	860	45	5	1457
urn:ure:t6:occ:function:current-client:00813c90	0x00813c90	xbuild-enriched-full	true	00813c90	FUN_00813c90	undefined FUN_00813c90()	0	0	unknown	true		2	176	25	2	814
urn:ure:t6:occ:function:current-client:00813cd0	0x00813cd0	xbuild-enriched-full	true	00813cd0	FUN_00813cd0	undefined FUN_00813cd0()	0	0	unknown	true		30	6008	169	19	6902
urn:ure:t6:occ:function:current-client:00813f90	0x00813f90	xbuild-enriched-full	true	00813f90	FUN_00813f90	undefined FUN_00813f90()	0	0	unknown	true		7	1006	56	12	2064
urn:ure:t6:occ:function:current-client:00814050	0x00814050	xbuild-enriched-full	true	00814050	FUN_00814050	undefined FUN_00814050()	0	0	unknown	true		5	1033	40	8	1642
urn:ure:t6:occ:function:current-client:008140f0	0x008140f0	xbuild-enriched-full	true	008140f0	FUN_008140f0	undefined FUN_008140f0()	0	0	unknown	true		5	634	42	9	1496
urn:ure:t6:occ:function:current-client:00814180	0x00814180	xbuild-enriched-full	true	00814180	FUN_00814180	undefined FUN_00814180()	0	0	unknown	true		25	2589	143	34	5119
urn:ure:t6:occ:function:current-client:00814430	0x00814430	xbuild-enriched-full	true	00814430	FUN_00814430	undefined FUN_00814430()	0	0	unknown	true		5	661	51	5	1807
urn:ure:t6:occ:function:current-client:008144e0	0x008144e0	xbuild-enriched-full	true	008144e0	FUN_008144e0	undefined FUN_008144e0()	0	0	unknown	true		10	2182	112	8	4538
urn:ure:t6:occ:function:current-client:00814660	0x00814660	xbuild-enriched-full	true	00814660	FUN_00814660	undefined FUN_00814660()	0	0	unknown	true		6	707	65	6	2145
urn:ure:t6:occ:function:current-client:00814700	0x00814700	xbuild-enriched-full	true	00814700	FUN_00814700	undefined FUN_00814700()	0	0	unknown	true		5	1175	48	3	2163
urn:ure:t6:occ:function:current-client:008147c0	0x008147c0	xbuild-enriched-full	true	008147c0	FUN_008147c0	undefined FUN_008147c0()	0	0	unknown	true		19	2964	162	13	6546
urn:ure:t6:occ:function:current-client:00814a50	0x00814a50	xbuild-enriched-full	true	00814a50	FUN_00814a50	undefined FUN_00814a50()	0	0	unknown	true		28	4158	174	24	7864
urn:ure:t6:occ:function:current-client:00814d60	0x00814d60	xbuild-enriched-full	true	00814d60	FUN_00814d60	undefined FUN_00814d60()	0	0	unknown	true		24	2698	175	25	7864
urn:ure:t6:occ:function:current-client:00815070	0x00815070	xbuild-enriched-full	true	00815070	FUN_00815070	undefined FUN_00815070()	0	0	unknown	true		28	4841	242	24	10764
urn:ure:t6:occ:function:current-client:008154d0	0x008154d0	xbuild-enriched-full	true	008154d0	FUN_008154d0	undefined FUN_008154d0()	0	0	unknown	true		27	3942	242	25	10803
urn:ure:t6:occ:function:current-client:00815940	0x00815940	xbuild-enriched-full	true	00815940	FUN_00815940	undefined FUN_00815940()	0	0	unknown	true		17	2750	186	16	6989
urn:ure:t6:occ:function:current-client:00815c00	0x00815c00	xbuild-enriched-full	true	00815c00	FUN_00815c00	undefined FUN_00815c00()	0	0	unknown	true		16	2780	201	16	7390
urn:ure:t6:occ:function:current-client:00815ed0	0x00815ed0	xbuild-enriched-full	true	00815ed0	FUN_00815ed0	undefined FUN_00815ed0()	0	0	unknown	true		7	924	78	9	2632
urn:ure:t6:occ:function:current-client:00815fb0	0x00815fb0	xbuild-enriched-full	true	00815fb0	FUN_00815fb0	undefined FUN_00815fb0()	0	0	unknown	true		7	797	74	10	2538
urn:ure:t6:occ:function:current-client:00816090	0x00816090	xbuild-enriched-full	true	00816090	FUN_00816090	undefined FUN_00816090()	0	0	unknown	true		6	797	72	10	2440
urn:ure:t6:occ:function:current-client:00816170	0x00816170	xbuild-enriched-full	true	00816170	FUN_00816170	undefined FUN_00816170()	0	0	unknown	true		6	897	72	9	2409
urn:ure:t6:occ:function:current-client:00816240	0x00816240	xbuild-enriched-full	true	00816240	FUN_00816240	undefined FUN_00816240()	0	0	unknown	true		20	2923	178	26	6587
urn:ure:t6:occ:function:current-client:008164d0	0x008164d0	xbuild-enriched-full	true	008164d0	FUN_008164d0	undefined FUN_008164d0()	0	0	unknown	true		9	1485	94	16	3309
urn:ure:t6:occ:function:current-client:00816620	0x00816620	xbuild-enriched-full	true	00816620	FUN_00816620	undefined FUN_00816620()	0	0	unknown	true		8	883	93	9	3554
urn:ure:t6:occ:function:current-client:00816770	0x00816770	xbuild-enriched-full	true	00816770	FUN_00816770	undefined FUN_00816770()	0	0	unknown	true		12	1677	101	12	3792
urn:ure:t6:occ:function:current-client:008169b0	0x008169b0	xbuild-enriched-full	true	008169b0	FUN_008169b0	undefined FUN_008169b0()	0	0	unknown	true		6	1410	70	11	2580
urn:ure:t6:occ:function:current-client:00816a90	0x00816a90	xbuild-enriched-full	true	00816a90	FUN_00816a90	undefined FUN_00816a90()	0	0	unknown	true		3	729	39	6	1292
urn:ure:t6:occ:function:current-client:00816b00	0x00816b00	xbuild-enriched-full	true	00816b00	FUN_00816b00	undefined FUN_00816b00()	0	0	unknown	true		5	984	61	2	2339
urn:ure:t6:occ:function:current-client:00816bd0	0x00816bd0	xbuild-enriched-full	true	00816bd0	FUN_00816bd0	undefined FUN_00816bd0()	0	0	unknown	true		7	1160	86	7	2901
urn:ure:t6:occ:function:current-client:00816cd0	0x00816cd0	xbuild-enriched-full	true	00816cd0	FUN_00816cd0	undefined FUN_00816cd0()	0	0	unknown	true		47	6228	358	41	14263
urn:ure:t6:occ:function:current-client:00817270	0x00817270	xbuild-enriched-full	true	00817270	FUN_00817270	undefined FUN_00817270()	0	0	unknown	true		6	805	60	9	2744
urn:ure:t6:occ:function:current-client:00817390	0x00817390	xbuild-enriched-full	true	00817390	FUN_00817390	undefined FUN_00817390()	0	0	unknown	true		7	846	49	9	1815
urn:ure:t6:occ:function:current-client:00817430	0x00817430	xbuild-enriched-full	true	00817430	FUN_00817430	undefined FUN_00817430()	0	0	unknown	true		1	182	9	2	442
urn:ure:t6:occ:function:current-client:00817450	0x00817450	xbuild-enriched-full	true	00817450	FUN_00817450	undefined FUN_00817450()	0	0	unknown	true		3	421	21	3	831
urn:ure:t6:occ:function:current-client:008174b0	0x008174b0	xbuild-enriched-full	true	008174b0	FUN_008174b0	undefined FUN_008174b0()	0	0	unknown	true		8	1440	79	17	2955
urn:ure:t6:occ:function:current-client:008175e0	0x008175e0	xbuild-enriched-full	true	008175e0	FUN_008175e0	undefined FUN_008175e0()	0	0	unknown	true		17	2634	164	22	6361
urn:ure:t6:occ:function:current-client:00817880	0x00817880	xbuild-enriched-full	true	00817880	FUN_00817880	undefined FUN_00817880()	0	0	unknown	true		8	1153	86	8	3215
urn:ure:t6:occ:function:current-client:008179c0	0x008179c0	xbuild-enriched-full	true	008179c0	FUN_008179c0	undefined FUN_008179c0()	0	0	unknown	true		4	600	39	7	1351
urn:ure:t6:occ:function:current-client:00817a30	0x00817a30	xbuild-enriched-full	true	00817a30	FUN_00817a30	undefined FUN_00817a30()	0	0	unknown	true		8	1647	80	13	2790
urn:ure:t6:occ:function:current-client:00817b30	0x00817b30	xbuild-enriched-full	true	00817b30	FUN_00817b30	undefined FUN_00817b30()	0	0	unknown	true		3	602	35	2	1185
urn:ure:t6:occ:function:current-client:00817b90	0x00817b90	xbuild-enriched-full	true	00817b90	FUN_00817b90	undefined FUN_00817b90()	0	0	unknown	true		3	627	34	2	1147
urn:ure:t6:occ:function:current-client:00817be0	0x00817be0	xbuild-enriched-full	true	00817be0	FUN_00817be0	undefined FUN_00817be0()	0	0	unknown	true		3	624	33	2	1119
urn:ure:t6:occ:function:current-client:00817c30	0x00817c30	xbuild-enriched-full	true	00817c30	FUN_00817c30	undefined FUN_00817c30()	0	0	unknown	true		3	611	25	1	932
urn:ure:t6:occ:function:current-client:00817c80	0x00817c80	xbuild-enriched-full	true	00817c80	FUN_00817c80	undefined FUN_00817c80()	0	0	unknown	true		2	479	21	1	788
urn:ure:t6:occ:function:current-client:00817cc0	0x00817cc0	xbuild-enriched-full	true	00817cc0	FUN_00817cc0	undefined FUN_00817cc0()	0	0	unknown	true		8	2278	99	5	4126
urn:ure:t6:occ:function:current-client:00817e40	0x00817e40	xbuild-enriched-full	true	00817e40	FUN_00817e40	undefined FUN_00817e40()	0	0	unknown	true		6	1163	53	3	2013
urn:ure:t6:occ:function:current-client:00817f00	0x00817f00	xbuild-enriched-full	true	00817f00	FUN_00817f00	undefined FUN_00817f00()	0	0	unknown	true		6	973	59	6	2343
urn:ure:t6:occ:function:current-client:00817fe0	0x00817fe0	xbuild-enriched-full	true	00817fe0	FUN_00817fe0	undefined FUN_00817fe0()	0	0	unknown	true		2	434	21	3	775
urn:ure:t6:occ:function:current-client:00818020	0x00818020	xbuild-enriched-full	true	00818020	FUN_00818020	undefined FUN_00818020()	0	0	unknown	true		32	4141	272	31	10641
urn:ure:t6:occ:function:current-client:00818480	0x00818480	xbuild-enriched-full	true	00818480	FUN_00818480	undefined FUN_00818480()	0	0	unknown	true		15	2403	143	18	5146
urn:ure:t6:occ:function:current-client:00818660	0x00818660	xbuild-enriched-full	true	00818660	FUN_00818660	undefined FUN_00818660()	0	0	unknown	true		4	665	27	6	942
urn:ure:t6:occ:function:current-client:008186b0	0x008186b0	xbuild-enriched-full	true	008186b0	FUN_008186b0	undefined FUN_008186b0()	0	0	unknown	true		17	2384	157	10	6524
urn:ure:t6:occ:function:current-client:00818940	0x00818940	xbuild-enriched-full	true	00818940	FUN_00818940	undefined FUN_00818940()	0	0	unknown	true		4	587	34	4	1125
urn:ure:t6:occ:function:current-client:00818990	0x00818990	xbuild-enriched-full	true	00818990	FUN_00818990	undefined FUN_00818990()	0	0	unknown	true		11	1915	112	25	3680
urn:ure:t6:occ:function:current-client:00818ac0	0x00818ac0	xbuild-enriched-full	true	00818ac0	FUN_00818ac0	undefined FUN_00818ac0()	0	0	unknown	true		21	2748	189	21	7425
urn:ure:t6:occ:function:current-client:00818d90	0x00818d90	xbuild-enriched-full	true	00818d90	FUN_00818d90	undefined FUN_00818d90()	0	0	unknown	true		22	3906	260	9	12453
urn:ure:t6:occ:function:current-client:00819260	0x00819260	xbuild-enriched-full	true	00819260	FUN_00819260	undefined FUN_00819260()	0	0	unknown	true		17	1624	106	6	4884
urn:ure:t6:occ:function:current-client:00819450	0x00819450	xbuild-enriched-full	true	00819450	FUN_00819450	undefined FUN_00819450()	0	0	unknown	true		13	1448	136	13	4916
urn:ure:t6:occ:function:current-client:00819620	0x00819620	xbuild-enriched-full	true	00819620	FUN_00819620	undefined FUN_00819620()	0	0	unknown	true		2	323	12	3	626
urn:ure:t6:occ:function:current-client:00819660	0x00819660	xbuild-enriched-full	true	00819660	FUN_00819660	undefined FUN_00819660()	0	0	unknown	true		5	823	40	5	1613
urn:ure:t6:occ:function:current-client:008196e0	0x008196e0	xbuild-enriched-full	true	008196e0	FUN_008196e0	undefined FUN_008196e0()	0	0	unknown	true		6	1023	72	3	2687
urn:ure:t6:occ:function:current-client:008197b0	0x008197b0	xbuild-enriched-full	true	008197b0	FUN_008197b0	undefined FUN_008197b0()	0	0	unknown	true		4	500	39	3	1442
urn:ure:t6:occ:function:current-client:00819820	0x00819820	xbuild-enriched-full	true	00819820	FUN_00819820	undefined FUN_00819820()	0	0	unknown	true		4	611	30	10	1075
urn:ure:t6:occ:function:current-client:00819880	0x00819880	xbuild-enriched-full	true	00819880	FUN_00819880	undefined FUN_00819880()	0	0	unknown	true		2	566	20	4	761
urn:ure:t6:occ:function:current-client:008198c0	0x008198c0	xbuild-enriched-full	true	008198c0	FUN_008198c0	undefined FUN_008198c0()	0	0	unknown	true		6	925	48	9	1781
urn:ure:t6:occ:function:current-client:00819970	0x00819970	xbuild-enriched-full	true	00819970	FUN_00819970	undefined FUN_00819970()	0	0	unknown	true		16	2252	175	20	5760
urn:ure:t6:occ:function:current-client:00819b70	0x00819b70	xbuild-enriched-full	true	00819b70	FUN_00819b70	undefined FUN_00819b70()	0	0	unknown	true		3	827	33	7	1226
urn:ure:t6:occ:function:current-client:00819be0	0x00819be0	xbuild-enriched-full	true	00819be0	FUN_00819be0	undefined FUN_00819be0()	0	0	unknown	true		13	2159	144	6	6171
urn:ure:t6:occ:function:current-client:00819e40	0x00819e40	xbuild-enriched-full	true	00819e40	FUN_00819e40	undefined FUN_00819e40()	0	0	unknown	true		9	1215	90	11	3264
urn:ure:t6:occ:function:current-client:00819f60	0x00819f60	xbuild-enriched-full	true	00819f60	FUN_00819f60	undefined FUN_00819f60()	0	0	unknown	true		4	922	37	2	1760
urn:ure:t6:occ:function:current-client:0081a010	0x0081a010	xbuild-enriched-full	true	0081a010	FUN_0081a010	undefined FUN_0081a010()	0	0	unknown	true		26	4461	225	26	9927
urn:ure:t6:occ:function:current-client:0081a450	0x0081a450	xbuild-enriched-full	true	0081a450	FUN_0081a450	undefined FUN_0081a450()	0	0	unknown	true		7	1411	74	6	3160
urn:ure:t6:occ:function:current-client:0081a580	0x0081a580	xbuild-enriched-full	true	0081a580	FUN_0081a580	undefined FUN_0081a580()	0	0	unknown	true		3	464	31	2	1245
urn:ure:t6:occ:function:current-client:0081a5f0	0x0081a5f0	xbuild-enriched-full	true	0081a5f0	FUN_0081a5f0	undefined FUN_0081a5f0()	0	0	unknown	true		27	3353	258	28	10074
urn:ure:t6:occ:function:current-client:0081a9c0	0x0081a9c0	xbuild-enriched-full	true	0081a9c0	FUN_0081a9c0	undefined FUN_0081a9c0()	0	0	unknown	true		18	2579	158	19	6151
urn:ure:t6:occ:function:current-client:0081abf0	0x0081abf0	xbuild-enriched-full	true	0081abf0	FUN_0081abf0	undefined FUN_0081abf0()	0	0	unknown	true		24	3693	206	25	7869
urn:ure:t6:occ:function:current-client:0081aed0	0x0081aed0	xbuild-enriched-full	true	0081aed0	FUN_0081aed0	undefined FUN_0081aed0()	0	0	unknown	true		5	935	61	9	2174
urn:ure:t6:occ:function:current-client:0081af90	0x0081af90	xbuild-enriched-full	true	0081af90	FUN_0081af90	undefined FUN_0081af90()	0	0	unknown	true		3	355	39	3	1367
urn:ure:t6:occ:function:current-client:0081b000	0x0081b000	xbuild-enriched-full	true	0081b000	FUN_0081b000	undefined FUN_0081b000()	0	0	unknown	true		7	845	68	7	2467
urn:ure:t6:occ:function:current-client:0081b0e0	0x0081b0e0	xbuild-enriched-full	true	0081b0e0	FUN_0081b0e0	undefined FUN_0081b0e0()	0	0	unknown	true		9	1203	82	9	3246
urn:ure:t6:occ:function:current-client:0081b210	0x0081b210	xbuild-enriched-full	true	0081b210	FUN_0081b210	undefined FUN_0081b210()	0	0	unknown	true		7	1498	89	12	3369
urn:ure:t6:occ:function:current-client:0081b370	0x0081b370	xbuild-enriched-full	true	0081b370	FUN_0081b370	undefined FUN_0081b370()	0	0	unknown	true		12	1726	126	16	4441
urn:ure:t6:occ:function:current-client:0081b500	0x0081b500	xbuild-enriched-full	true	0081b500	FUN_0081b500	undefined FUN_0081b500()	0	0	unknown	true		20	2505	172	28	6659
urn:ure:t6:occ:function:current-client:0081b7a0	0x0081b7a0	xbuild-enriched-full	true	0081b7a0	FUN_0081b7a0	undefined FUN_0081b7a0()	0	0	unknown	true		13	1959	115	20	4411
urn:ure:t6:occ:function:current-client:0081b950	0x0081b950	xbuild-enriched-full	true	0081b950	FUN_0081b950	undefined FUN_0081b950()	0	0	unknown	true		8	1153	87	13	3169
urn:ure:t6:occ:function:current-client:0081ba60	0x0081ba60	xbuild-enriched-full	true	0081ba60	FUN_0081ba60	undefined FUN_0081ba60()	0	0	unknown	true		6	792	61	6	2220
urn:ure:t6:occ:function:current-client:0081bb20	0x0081bb20	xbuild-enriched-full	true	0081bb20	FUN_0081bb20	undefined FUN_0081bb20()	0	0	unknown	true		17	2678	186	25	6539
urn:ure:t6:occ:function:current-client:0081bf40	0x0081bf40	xbuild-enriched-full	true	0081bf40	FUN_0081bf40	undefined FUN_0081bf40()	0	0	unknown	true		9	1487	88	16	3153
urn:ure:t6:occ:function:current-client:0081c060	0x0081c060	xbuild-enriched-full	true	0081c060	FUN_0081c060	undefined FUN_0081c060()	0	0	unknown	true		12	1607	111	16	4337
urn:ure:t6:occ:function:current-client:0081c210	0x0081c210	xbuild-enriched-full	true	0081c210	FUN_0081c210	undefined FUN_0081c210()	0	0	unknown	true		8	1253	83	8	3283
urn:ure:t6:occ:function:current-client:0081c360	0x0081c360	xbuild-enriched-full	true	0081c360	FUN_0081c360	undefined FUN_0081c360()	0	0	unknown	true		12	2269	127	31	4513
urn:ure:t6:occ:function:current-client:0081c4f0	0x0081c4f0	xbuild-enriched-full	true	0081c4f0	FUN_0081c4f0	undefined FUN_0081c4f0()	0	0	unknown	true		4	810	41	6	1593
urn:ure:t6:occ:function:current-client:0081c590	0x0081c590	xbuild-enriched-full	true	0081c590	FUN_0081c590	undefined FUN_0081c590()	0	0	unknown	true		5	839	45	7	1766
urn:ure:t6:occ:function:current-client:0081c640	0x0081c640	xbuild-enriched-full	true	0081c640	FUN_0081c640	undefined FUN_0081c640()	0	0	unknown	true		13	2351	141	21	5212
urn:ure:t6:occ:function:current-client:0081c830	0x0081c830	xbuild-enriched-full	true	0081c830	FUN_0081c830	undefined FUN_0081c830()	0	0	unknown	true		12	1840	104	16	4155
urn:ure:t6:occ:function:current-client:0081c9d0	0x0081c9d0	xbuild-enriched-full	true	0081c9d0	FUN_0081c9d0	undefined FUN_0081c9d0()	0	0	unknown	true		4	592	39	5	1367
urn:ure:t6:occ:function:current-client:0081ca40	0x0081ca40	xbuild-enriched-full	true	0081ca40	FUN_0081ca40	undefined FUN_0081ca40()	0	0	unknown	true		50	4877	369	76	12911
urn:ure:t6:occ:function:current-client:0081cee0	0x0081cee0	xbuild-enriched-full	true	0081cee0	FUN_0081cee0	undefined FUN_0081cee0()	0	0	unknown	true		4	330	35	3	1124
urn:ure:t6:occ:function:current-client:0081cf30	0x0081cf30	xbuild-enriched-full	true	0081cf30	FUN_0081cf30	undefined FUN_0081cf30()	0	0	unknown	true		89	7948	446	90	16943
urn:ure:t6:occ:function:current-client:0081d600	0x0081d600	xbuild-enriched-full	true	0081d600	FUN_0081d600	undefined FUN_0081d600()	0	0	unknown	true		19	2101	168	34	5618
urn:ure:t6:occ:function:current-client:0081d800	0x0081d800	xbuild-enriched-full	true	0081d800	FUN_0081d800	undefined FUN_0081d800()	0	0	unknown	true		2	555	17	8	835
urn:ure:t6:occ:function:current-client:0081d850	0x0081d850	xbuild-enriched-full	true	0081d850	FUN_0081d850	undefined FUN_0081d850()	0	0	unknown	true		3	739	24	11	1097
urn:ure:t6:occ:function:current-client:0081d8c0	0x0081d8c0	xbuild-enriched-full	true	0081d8c0	FUN_0081d8c0	undefined FUN_0081d8c0()	0	0	unknown	true		3	1004	31	15	1384
urn:ure:t6:occ:function:current-client:0081d950	0x0081d950	xbuild-enriched-full	true	0081d950	FUN_0081d950	undefined FUN_0081d950()	0	0	unknown	true		11	1994	105	27	3841
urn:ure:t6:occ:function:current-client:0081dac0	0x0081dac0	xbuild-enriched-full	true	0081dac0	FUN_0081dac0	undefined FUN_0081dac0()	0	0	unknown	true		2	333	18	4	714
urn:ure:t6:occ:function:current-client:0081db00	0x0081db00	xbuild-enriched-full	true	0081db00	FUN_0081db00	undefined FUN_0081db00()	0	0	unknown	true		3	464	33	5	1148
urn:ure:t6:occ:function:current-client:0081dcf0	0x0081dcf0	xbuild-enriched-full	true	0081dcf0	FUN_0081dcf0	undefined FUN_0081dcf0()	0	0	unknown	true		11	1883	102	13	4370
urn:ure:t6:occ:function:current-client:0081de90	0x0081de90	xbuild-enriched-full	true	0081de90	FUN_0081de90	undefined FUN_0081de90()	0	0	unknown	true		6	1123	59	6	2415
urn:ure:t6:occ:function:current-client:0081df80	0x0081df80	xbuild-enriched-full	true	0081df80	FUN_0081df80	undefined FUN_0081df80()	0	0	unknown	true		28	3263	219	29	8775
urn:ure:t6:occ:function:current-client:0081e300	0x0081e300	xbuild-enriched-full	true	0081e300	FUN_0081e300	undefined FUN_0081e300()	0	0	unknown	true		5	1199	51	17	1882
urn:ure:t6:occ:function:current-client:0081e380	0x0081e380	xbuild-enriched-full	true	0081e380	FUN_0081e380	undefined FUN_0081e380()	0	0	unknown	true		4	652	44	9	1371
urn:ure:t6:occ:function:current-client:0081e3f0	0x0081e3f0	xbuild-enriched-full	true	0081e3f0	FUN_0081e3f0	undefined FUN_0081e3f0()	0	0	unknown	true		15	1739	123	28	4126
urn:ure:t6:occ:function:current-client:0081e580	0x0081e580	xbuild-enriched-full	true	0081e580	FUN_0081e580	undefined FUN_0081e580()	0	0	unknown	true		11	1332	76	12	3148
urn:ure:t6:occ:function:current-client:0081e6c0	0x0081e6c0	xbuild-enriched-full	true	0081e6c0	FUN_0081e6c0	undefined FUN_0081e6c0()	0	0	unknown	true		2	394	18	5	730
urn:ure:t6:occ:function:current-client:0081e770	0x0081e770	xbuild-enriched-full	true	0081e770	FUN_0081e770	undefined FUN_0081e770()	0	0	unknown	true		13	2120	133	15	5055
urn:ure:t6:occ:function:current-client:0081e950	0x0081e950	xbuild-enriched-full	true	0081e950	FUN_0081e950	undefined FUN_0081e950()	0	0	unknown	true		12	1670	108	11	4192
urn:ure:t6:occ:function:current-client:0081eb00	0x0081eb00	xbuild-enriched-full	true	0081eb00	FUN_0081eb00	undefined FUN_0081eb00()	0	0	unknown	true		13	1809	150	20	6045
urn:ure:t6:occ:function:current-client:0081ed60	0x0081ed60	xbuild-enriched-full	true	0081ed60	FUN_0081ed60	undefined FUN_0081ed60()	0	0	unknown	true		17	2230	156	17	6038
urn:ure:t6:occ:function:current-client:0081efc0	0x0081efc0	xbuild-enriched-full	true	0081efc0	FUN_0081efc0	undefined FUN_0081efc0()	0	0	unknown	true		5	754	47	6	1618
urn:ure:t6:occ:function:current-client:0081f050	0x0081f050	xbuild-enriched-full	true	0081f050	FUN_0081f050	undefined FUN_0081f050()	0	0	unknown	true		6	792	50	7	1721
urn:ure:t6:occ:function:current-client:0081f0e0	0x0081f0e0	xbuild-enriched-full	true	0081f0e0	FUN_0081f0e0	undefined FUN_0081f0e0()	0	0	unknown	true		8	1035	68	22	2394
urn:ure:t6:occ:function:current-client:0081f1d0	0x0081f1d0	xbuild-enriched-full	true	0081f1d0	FUN_0081f1d0	undefined FUN_0081f1d0()	0	0	unknown	true		7	1083	62	17	2293
urn:ure:t6:occ:function:current-client:0081f2b0	0x0081f2b0	xbuild-enriched-full	true	0081f2b0	FUN_0081f2b0	undefined FUN_0081f2b0()	0	0	unknown	true		4	664	39	7	1407
urn:ure:t6:occ:function:current-client:0081f330	0x0081f330	xbuild-enriched-full	true	0081f330	FUN_0081f330	undefined FUN_0081f330()	0	0	unknown	true		13	1866	117	20	4082
urn:ure:t6:occ:function:current-client:0081f4a0	0x0081f4a0	xbuild-enriched-full	true	0081f4a0	FUN_0081f4a0	undefined FUN_0081f4a0()	0	0	unknown	true		22	3196	188	52	7646
urn:ure:t6:occ:function:current-client:0081f7a0	0x0081f7a0	xbuild-enriched-full	true	0081f7a0	FUN_0081f7a0	undefined FUN_0081f7a0()	0	0	unknown	true		19	2602	178	47	6799
urn:ure:t6:occ:function:current-client:0081fa50	0x0081fa50	xbuild-enriched-full	true	0081fa50	FUN_0081fa50	undefined FUN_0081fa50()	0	0	unknown	true		11	1476	118	20	3804
urn:ure:t6:occ:function:current-client:0081fba0	0x0081fba0	xbuild-enriched-full	true	0081fba0	FUN_0081fba0	undefined FUN_0081fba0()	0	0	unknown	true		8	1216	76	8	3031
urn:ure:t6:occ:function:current-client:0081fcd0	0x0081fcd0	xbuild-enriched-full	true	0081fcd0	FUN_0081fcd0	undefined FUN_0081fcd0()	0	0	unknown	true		9	1412	76	19	3058
urn:ure:t6:occ:function:current-client:0081fe20	0x0081fe20	xbuild-enriched-full	true	0081fe20	FUN_0081fe20	undefined FUN_0081fe20()	0	0	unknown	true		7	1610	54	7	2447
urn:ure:t6:occ:function:current-client:0081ff40	0x0081ff40	xbuild-enriched-full	true	0081ff40	FUN_0081ff40	undefined FUN_0081ff40()	0	0	unknown	true		9	1600	87	15	3614
urn:ure:t6:occ:function:current-client:008200b0	0x008200b0	xbuild-enriched-full	true	008200b0	FUN_008200b0	undefined FUN_008200b0()	0	0	unknown	true		11	1734	109	11	4481
urn:ure:t6:occ:function:current-client:00820270	0x00820270	xbuild-enriched-full	true	00820270	FUN_00820270	undefined FUN_00820270()	0	0	unknown	true		7	1149	57	11	2273
urn:ure:t6:occ:function:current-client:00820360	0x00820360	xbuild-enriched-full	true	00820360	FUN_00820360	undefined FUN_00820360()	0	0	unknown	true		2	459	17	1	764
urn:ure:t6:occ:function:current-client:008203a0	0x008203a0	xbuild-enriched-full	true	008203a0	FUN_008203a0	undefined FUN_008203a0()	0	0	unknown	true		6	1132	50	9	2123
urn:ure:t6:occ:function:current-client:00820480	0x00820480	xbuild-enriched-full	true	00820480	FUN_00820480	undefined FUN_00820480()	0	0	unknown	true		9	1977	82	2	3984
urn:ure:t6:occ:function:current-client:00820600	0x00820600	xbuild-enriched-full	true	00820600	FUN_00820600	undefined FUN_00820600()	0	0	unknown	true		5	1614	45	0	2243
urn:ure:t6:occ:function:current-client:008206d0	0x008206d0	xbuild-enriched-full	true	008206d0	FUN_008206d0	undefined FUN_008206d0()	0	0	unknown	true		4	656	45	8	1516
urn:ure:t6:occ:function:current-client:00820760	0x00820760	xbuild-enriched-full	true	00820760	FUN_00820760	undefined FUN_00820760()	0	0	unknown	true		3	721	32	5	1365
urn:ure:t6:occ:function:current-client:008207e0	0x008207e0	xbuild-enriched-full	true	008207e0	FUN_008207e0	undefined FUN_008207e0()	0	0	unknown	true		2	425	18	4	809
urn:ure:t6:occ:function:current-client:00820830	0x00820830	xbuild-enriched-full	true	00820830	FUN_00820830	undefined FUN_00820830()	0	0	unknown	true		5	900	55	14	1660
urn:ure:t6:occ:function:current-client:008208a0	0x008208a0	xbuild-enriched-full	true	008208a0	FUN_008208a0	undefined FUN_008208a0()	0	0	unknown	true		11	1978	99	27	4005
urn:ure:t6:occ:function:current-client:00820a40	0x00820a40	xbuild-enriched-full	true	00820a40	FUN_00820a40	undefined FUN_00820a40()	0	0	unknown	true		11	1449	86	16	3555
urn:ure:t6:occ:function:current-client:00820bb0	0x00820bb0	xbuild-enriched-full	true	00820bb0	FUN_00820bb0	undefined FUN_00820bb0()	0	0	unknown	true		9	1589	88	10	3861
urn:ure:t6:occ:function:current-client:00821170	0x00821170	xbuild-enriched-full	true	00821170	FUN_00821170	undefined FUN_00821170()	0	0	unknown	true		7	694	60	10	1975
urn:ure:t6:occ:function:current-client:00821d90	0x00821d90	xbuild-enriched-full	true	00821d90	FUN_00821d90	undefined FUN_00821d90()	0	0	unknown	true		10	1342	96	19	3388
urn:ure:t6:occ:function:current-client:00821ec0	0x00821ec0	xbuild-enriched-full	true	00821ec0	FUN_00821ec0	undefined FUN_00821ec0()	0	0	unknown	true		15	1835	161	42	5293
urn:ure:t6:occ:function:current-client:00823760	0x00823760	xbuild-enriched-full	true	00823760	FUN_00823760	undefined FUN_00823760()	0	0	unknown	true		12	1322	112	24	3810
urn:ure:t6:occ:function:current-client:00824790	0x00824790	xbuild-enriched-full	true	00824790	FUN_00824790	undefined FUN_00824790()	0	0	unknown	true		10	1343	81	22	2657
urn:ure:t6:occ:function:current-client:00825300	0x00825300	xbuild-enriched-full	true	00825300	FUN_00825300	undefined FUN_00825300()	0	0	unknown	true		21	2760	221	60	6512
urn:ure:t6:occ:function:current-client:00825da0	0x00825da0	xbuild-enriched-full	true	00825da0	FUN_00825da0	undefined FUN_00825da0()	0	0	unknown	true		11	1285	107	27	3342
urn:ure:t6:occ:function:current-client:00828100	0x00828100	xbuild-enriched-full	true	00828100	FUN_00828100	undefined FUN_00828100()	0	0	unknown	true		4	531	36	6	1092
urn:ure:t6:occ:function:current-client:0082b910	0x0082b910	xbuild-enriched-full	true	0082b910	FUN_0082b910	undefined FUN_0082b910()	0	0	unknown	true		10	1690	105	21	3994
urn:ure:t6:occ:function:current-client:0082bb10	0x0082bb10	xbuild-enriched-full	true	0082bb10	FUN_0082bb10	undefined FUN_0082bb10()	0	0	unknown	true		2	392	17	8	690
urn:ure:t6:occ:function:current-client:0082bb50	0x0082bb50	xbuild-enriched-full	true	0082bb50	FUN_0082bb50	undefined FUN_0082bb50()	0	0	unknown	true		9	1482	100	28	3329
urn:ure:t6:occ:function:current-client:0082bc90	0x0082bc90	xbuild-enriched-full	true	0082bc90	FUN_0082bc90	undefined FUN_0082bc90()	0	0	unknown	true		9	924	82	20	3086
urn:ure:t6:occ:function:current-client:0082bdc0	0x0082bdc0	xbuild-enriched-full	true	0082bdc0	FUN_0082bdc0	undefined FUN_0082bdc0()	0	0	unknown	true		4	770	35	13	1428
urn:ure:t6:occ:function:current-client:0082be40	0x0082be40	xbuild-enriched-full	true	0082be40	FUN_0082be40	undefined FUN_0082be40()	0	0	unknown	true		4	116	63	13	2527
urn:ure:t6:occ:function:current-client:0082bf40	0x0082bf40	xbuild-enriched-full	true	0082bf40	FUN_0082bf40	undefined FUN_0082bf40()	0	0	unknown	true		4	436	32	17	1128
urn:ure:t6:occ:function:current-client:0082bfd0	0x0082bfd0	xbuild-enriched-full	true	0082bfd0	FUN_0082bfd0	undefined FUN_0082bfd0()	0	0	unknown	true		3	555	22	1	1106
urn:ure:t6:occ:function:current-client:0082c030	0x0082c030	xbuild-enriched-full	true	0082c030	FUN_0082c030	undefined FUN_0082c030()	0	0	unknown	true		3	386	34	7	1100
urn:ure:t6:occ:function:current-client:0082c090	0x0082c090	xbuild-enriched-full	true	0082c090	FUN_0082c090	undefined FUN_0082c090()	0	0	unknown	true		16	2008	143	32	5465
urn:ure:t6:occ:function:current-client:0082c2d0	0x0082c2d0	xbuild-enriched-full	true	0082c2d0	FUN_0082c2d0	undefined FUN_0082c2d0()	0	0	unknown	true		5	121	73	17	2956
urn:ure:t6:occ:function:current-client:0082c400	0x0082c400	xbuild-enriched-full	true	0082c400	FUN_0082c400	undefined FUN_0082c400()	0	0	unknown	true		11	1726	108	19	4001
urn:ure:t6:occ:function:current-client:0082c580	0x0082c580	xbuild-enriched-full	true	0082c580	FUN_0082c580	undefined FUN_0082c580()	0	0	unknown	true		13	1655	102	18	4206
urn:ure:t6:occ:function:current-client:0082c710	0x0082c710	xbuild-enriched-full	true	0082c710	FUN_0082c710	undefined FUN_0082c710()	0	0	unknown	true		79	11415	635	103	28177
urn:ure:t6:occ:function:current-client:0082d340	0x0082d340	xbuild-enriched-full	true	0082d340	FUN_0082d340	undefined FUN_0082d340()	0	0	unknown	true		6	1005	44	2	2237
urn:ure:t6:occ:function:current-client:0082d430	0x0082d430	xbuild-enriched-full	true	0082d430	FUN_0082d430	undefined FUN_0082d430()	0	0	unknown	true		13	2584	139	16	6209
urn:ure:t6:occ:function:current-client:0082e560	0x0082e560	xbuild-enriched-full	true	0082e560	FUN_0082e560	undefined FUN_0082e560()	0	0	unknown	true		7	1295	72	11	2934
urn:ure:t6:occ:function:current-client:0082e6d0	0x0082e6d0	xbuild-enriched-full	true	0082e6d0	FUN_0082e6d0	undefined FUN_0082e6d0()	0	0	unknown	true		4	545	33	9	1379
urn:ure:t6:occ:function:current-client:0082e780	0x0082e780	xbuild-enriched-full	true	0082e780	FUN_0082e780	undefined FUN_0082e780()	0	0	unknown	true		7	1295	72	11	2934
urn:ure:t6:occ:function:current-client:0082e8f0	0x0082e8f0	xbuild-enriched-full	true	0082e8f0	FUN_0082e8f0	undefined FUN_0082e8f0()	0	0	unknown	true		4	545	33	9	1379
urn:ure:t6:occ:function:current-client:0082ffb0	0x0082ffb0	xbuild-enriched-full	true	0082ffb0	FUN_0082ffb0	undefined FUN_0082ffb0()	0	0	unknown	true		3	504	42	8	1306
urn:ure:t6:occ:function:current-client:00830190	0x00830190	xbuild-enriched-full	true	00830190	FUN_00830190	undefined FUN_00830190()	0	0	unknown	true		11	2041	94	29	3408
urn:ure:t6:occ:function:current-client:008302f0	0x008302f0	xbuild-enriched-full	true	008302f0	FUN_008302f0	undefined FUN_008302f0()	0	0	unknown	true		5	964	54	11	1852
urn:ure:t6:occ:function:current-client:00830390	0x00830390	xbuild-enriched-full	true	00830390	FUN_00830390	undefined FUN_00830390()	0	0	unknown	true		14	2749	154	36	5010
urn:ure:t6:occ:function:current-client:00830550	0x00830550	xbuild-enriched-full	true	00830550	FUN_00830550	undefined FUN_00830550()	0	0	unknown	true		8	1492	86	19	2858
urn:ure:t6:occ:function:current-client:00830650	0x00830650	xbuild-enriched-full	true	00830650	FUN_00830650	undefined FUN_00830650()	0	0	unknown	true		7	1047	70	6	2907
urn:ure:t6:occ:function:current-client:00830a40	0x00830a40	xbuild-enriched-full	true	00830a40	FUN_00830a40	undefined FUN_00830a40()	0	0	unknown	true		25	2969	198	44	7495
urn:ure:t6:occ:function:current-client:00830d50	0x00830d50	xbuild-enriched-full	true	00830d50	FUN_00830d50	undefined FUN_00830d50()	0	0	unknown	true		30	3992	267	48	9413
urn:ure:t6:occ:function:current-client:00831310	0x00831310	xbuild-enriched-full	true	00831310	FUN_00831310	undefined FUN_00831310()	0	0	unknown	true		2	350	17	6	660
urn:ure:t6:occ:function:current-client:00831590	0x00831590	xbuild-enriched-full	true	00831590	FUN_00831590	undefined FUN_00831590()	0	0	unknown	true		6	940	57	22	1875
urn:ure:t6:occ:function:current-client:00831650	0x00831650	xbuild-enriched-full	true	00831650	FUN_00831650	undefined FUN_00831650()	0	0	unknown	true		23	2864	196	57	6513
urn:ure:t6:occ:function:current-client:008318c0	0x008318c0	xbuild-enriched-full	true	008318c0	FUN_008318c0	undefined FUN_008318c0()	0	0	unknown	true		4	778	30	8	1300
urn:ure:t6:occ:function:current-client:00831940	0x00831940	xbuild-enriched-full	true	00831940	FUN_00831940	undefined FUN_00831940()	0	0	unknown	true		21	3214	182	63	5975
urn:ure:t6:occ:function:current-client:00831ba0	0x00831ba0	xbuild-enriched-full	true	00831ba0	FUN_00831ba0	undefined FUN_00831ba0()	0	0	unknown	true		4	654	38	11	1427
urn:ure:t6:occ:function:current-client:00831c20	0x00831c20	xbuild-enriched-full	true	00831c20	FUN_00831c20	undefined FUN_00831c20()	0	0	unknown	true		3	621	33	27	1555
urn:ure:t6:occ:function:current-client:00831cd0	0x00831cd0	xbuild-enriched-full	true	00831cd0	FUN_00831cd0	undefined FUN_00831cd0()	0	0	unknown	true		11	1597	89	17	3681
urn:ure:t6:occ:function:current-client:00831e40	0x00831e40	xbuild-enriched-full	true	00831e40	FUN_00831e40	undefined FUN_00831e40()	0	0	unknown	true		3	464	29	6	1030
urn:ure:t6:occ:function:current-client:00831ea0	0x00831ea0	xbuild-enriched-full	true	00831ea0	FUN_00831ea0	undefined FUN_00831ea0()	0	0	unknown	true		37	3989	235	71	8980
urn:ure:t6:occ:function:current-client:00832210	0x00832210	xbuild-enriched-full	true	00832210	FUN_00832210	undefined FUN_00832210()	0	0	unknown	true		8	911	68	13	2599
urn:ure:t6:occ:function:current-client:00832300	0x00832300	xbuild-enriched-full	true	00832300	FUN_00832300	undefined FUN_00832300()	0	0	unknown	true		8	988	72	13	2797
urn:ure:t6:occ:function:current-client:00832400	0x00832400	xbuild-enriched-full	true	00832400	FUN_00832400	undefined FUN_00832400()	0	0	unknown	true		7	996	68	13	2593
urn:ure:t6:occ:function:current-client:00832510	0x00832510	xbuild-enriched-full	true	00832510	FUN_00832510	undefined FUN_00832510()	0	0	unknown	true		8	1057	70	20	2436
urn:ure:t6:occ:function:current-client:00832620	0x00832620	xbuild-enriched-full	true	00832620	FUN_00832620	undefined FUN_00832620()	0	0	unknown	true		1	169	7	1	358
urn:ure:t6:occ:function:current-client:00832640	0x00832640	xbuild-enriched-full	true	00832640	FUN_00832640	undefined FUN_00832640()	0	0	unknown	true		2	307	15	4	674
urn:ure:t6:occ:function:current-client:00832680	0x00832680	xbuild-enriched-full	true	00832680	FUN_00832680	undefined FUN_00832680()	0	0	unknown	true		4	894	33	11	1351
urn:ure:t6:occ:function:current-client:00832700	0x00832700	xbuild-enriched-full	true	00832700	FUN_00832700	undefined FUN_00832700()	0	0	unknown	true		2	435	13	3	702
urn:ure:t6:occ:function:current-client:00832740	0x00832740	xbuild-enriched-full	true	00832740	FUN_00832740	undefined FUN_00832740()	0	0	unknown	true		15	2009	94	24	3852
urn:ure:t6:occ:function:current-client:008328f0	0x008328f0	xbuild-enriched-full	true	008328f0	FUN_008328f0	undefined FUN_008328f0()	0	0	unknown	true		34	3566	254	62	9215
urn:ure:t6:occ:function:current-client:00832c90	0x00832c90	xbuild-enriched-full	true	00832c90	FUN_00832c90	undefined FUN_00832c90()	0	0	unknown	true		2	289	15	5	614
urn:ure:t6:occ:function:current-client:00832cc0	0x00832cc0	xbuild-enriched-full	true	00832cc0	FUN_00832cc0	undefined FUN_00832cc0()	0	0	unknown	true		13	1772	111	38	3737
urn:ure:t6:occ:function:current-client:00832e30	0x00832e30	xbuild-enriched-full	true	00832e30	FUN_00832e30	undefined FUN_00832e30()	0	0	unknown	true		4	601	31	11	1118
urn:ure:t6:occ:function:current-client:00832e90	0x00832e90	xbuild-enriched-full	true	00832e90	FUN_00832e90	undefined FUN_00832e90()	0	0	unknown	true		10	1197	104	19	3686
urn:ure:t6:occ:function:current-client:00833070	0x00833070	xbuild-enriched-full	true	00833070	FUN_00833070	undefined FUN_00833070()	0	0	unknown	true		28	5330	274	51	11540
urn:ure:t6:occ:function:current-client:00833530	0x00833530	xbuild-enriched-full	true	00833530	FUN_00833530	undefined FUN_00833530()	0	0	unknown	true		18	2638	119	23	5214
urn:ure:t6:occ:function:current-client:00833760	0x00833760	xbuild-enriched-full	true	00833760	FUN_00833760	undefined FUN_00833760()	0	0	unknown	true		4	618	40	9	1508
urn:ure:t6:occ:function:current-client:008337f0	0x008337f0	xbuild-enriched-full	true	008337f0	FUN_008337f0	undefined FUN_008337f0()	0	0	unknown	true		6	1191	62	2	2749
urn:ure:t6:occ:function:current-client:00833910	0x00833910	xbuild-enriched-full	true	00833910	FUN_00833910	undefined FUN_00833910()	0	0	unknown	true		4	880	34	7	1488
urn:ure:t6:occ:function:current-client:008339a0	0x008339a0	xbuild-enriched-full	true	008339a0	FUN_008339a0	undefined FUN_008339a0()	0	0	unknown	true		15	1636	130	27	4946
urn:ure:t6:occ:function:current-client:00833ba0	0x00833ba0	xbuild-enriched-full	true	00833ba0	FUN_00833ba0	undefined FUN_00833ba0()	0	0	unknown	true		2	363	18	4	782
urn:ure:t6:occ:function:current-client:00833bf0	0x00833bf0	xbuild-enriched-full	true	00833bf0	FUN_00833bf0	undefined FUN_00833bf0()	0	0	unknown	true		6	1102	50	13	2080
urn:ure:t6:occ:function:current-client:00833cc0	0x00833cc0	xbuild-enriched-full	true	00833cc0	FUN_00833cc0	undefined FUN_00833cc0()	0	0	unknown	true		8	1244	67	18	2819
urn:ure:t6:occ:function:current-client:00833de0	0x00833de0	xbuild-enriched-full	true	00833de0	FUN_00833de0	undefined FUN_00833de0()	0	0	unknown	true		33	4068	261	58	10201
urn:ure:t6:occ:function:current-client:008341e0	0x008341e0	xbuild-enriched-full	true	008341e0	FUN_008341e0	undefined FUN_008341e0()	0	0	unknown	true		28	2957	201	42	7906
urn:ure:t6:occ:function:current-client:008344e0	0x008344e0	xbuild-enriched-full	true	008344e0	FUN_008344e0	undefined FUN_008344e0()	0	0	unknown	true		6	852	50	11	1896
urn:ure:t6:occ:function:current-client:00834590	0x00834590	xbuild-enriched-full	true	00834590	FUN_00834590	undefined FUN_00834590()	0	0	unknown	true		10	1512	83	14	3264
urn:ure:t6:occ:function:current-client:008346e0	0x008346e0	xbuild-enriched-full	true	008346e0	FUN_008346e0	undefined FUN_008346e0()	0	0	unknown	true		6	1102	50	13	2080
urn:ure:t6:occ:function:current-client:008347b0	0x008347b0	xbuild-enriched-full	true	008347b0	FUN_008347b0	undefined FUN_008347b0()	0	0	unknown	true		7	1244	67	18	2819
urn:ure:t6:occ:function:current-client:008348d0	0x008348d0	xbuild-enriched-full	true	008348d0	FUN_008348d0	undefined FUN_008348d0()	0	0	unknown	true		13	1630	125	23	4781
urn:ure:t6:occ:function:current-client:00834ab0	0x00834ab0	xbuild-enriched-full	true	00834ab0	FUN_00834ab0	undefined FUN_00834ab0()	0	0	unknown	true		14	1526	96	24	3810
urn:ure:t6:occ:function:current-client:00834c20	0x00834c20	xbuild-enriched-full	true	00834c20	FUN_00834c20	undefined FUN_00834c20()	0	0	unknown	true		6	781	46	10	1751
urn:ure:t6:occ:function:current-client:00834cc0	0x00834cc0	xbuild-enriched-full	true	00834cc0	FUN_00834cc0	undefined FUN_00834cc0()	0	0	unknown	true		9	828	72	14	2900
urn:ure:t6:occ:function:current-client:00834de0	0x00834de0	xbuild-enriched-full	true	00834de0	FUN_00834de0	undefined FUN_00834de0()	0	0	unknown	true		9	1445	76	13	3485
urn:ure:t6:occ:function:current-client:00834f50	0x00834f50	xbuild-enriched-full	true	00834f50	FUN_00834f50	undefined FUN_00834f50()	0	0	unknown	true		18	2458	146	20	5804
urn:ure:t6:occ:function:current-client:00835170	0x00835170	xbuild-enriched-full	true	00835170	FUN_00835170	undefined FUN_00835170()	0	0	unknown	true		4	1093	39	15	1791
urn:ure:t6:occ:function:current-client:00835220	0x00835220	xbuild-enriched-full	true	00835220	FUN_00835220	undefined FUN_00835220()	0	0	unknown	true		201	11774	688	147	26785
urn:ure:t6:occ:function:current-client:00835cb0	0x00835cb0	xbuild-enriched-full	true	00835cb0	FUN_00835cb0	undefined FUN_00835cb0()	0	0	unknown	true		8	799	28	4	1328
urn:ure:t6:occ:function:current-client:00835d40	0x00835d40	xbuild-enriched-full	true	00835d40	FUN_00835d40	undefined FUN_00835d40()	0	0	unknown	true		13	1448	107	28	3582
urn:ure:t6:occ:function:current-client:00835e90	0x00835e90	xbuild-enriched-full	true	00835e90	FUN_00835e90	undefined FUN_00835e90()	0	0	unknown	true		533	23714	1548	407	57306
urn:ure:t6:occ:function:current-client:00837700	0x00837700	xbuild-enriched-full	true	00837700	FUN_00837700	undefined FUN_00837700()	0	0	unknown	true		5	433	34	2	1387
urn:ure:t6:occ:function:current-client:00837780	0x00837780	xbuild-enriched-full	true	00837780	FUN_00837780	undefined FUN_00837780()	0	0	unknown	true		15	2158	133	27	5132
urn:ure:t6:occ:function:current-client:00837990	0x00837990	xbuild-enriched-full	true	00837990	FUN_00837990	undefined FUN_00837990()	0	0	unknown	true		15	2478	119	26	4873
urn:ure:t6:occ:function:current-client:00837b70	0x00837b70	xbuild-enriched-full	true	00837b70	FUN_00837b70	undefined FUN_00837b70()	0	0	unknown	true		14	2122	117	21	4696
urn:ure:t6:occ:function:current-client:00837d50	0x00837d50	xbuild-enriched-full	true	00837d50	FUN_00837d50	undefined FUN_00837d50()	0	0	unknown	true		50	5886	395	70	15886
urn:ure:t6:occ:function:current-client:008383d0	0x008383d0	xbuild-enriched-full	true	008383d0	FUN_008383d0	undefined FUN_008383d0()	0	0	unknown	true		32	4801	288	59	10891
urn:ure:t6:occ:function:current-client:00838800	0x00838800	xbuild-enriched-full	true	00838800	FUN_00838800	undefined FUN_00838800()	0	0	unknown	true		4	628	31	7	1229
urn:ure:t6:occ:function:current-client:00838870	0x00838870	xbuild-enriched-full	true	00838870	FUN_00838870	undefined FUN_00838870()	0	0	unknown	true		7	1189	71	17	2609
urn:ure:t6:occ:function:current-client:00838970	0x00838970	xbuild-enriched-full	true	00838970	FUN_00838970	undefined FUN_00838970()	0	0	unknown	true		4	723	36	11	1483
urn:ure:t6:occ:function:current-client:00838a00	0x00838a00	xbuild-enriched-full	true	00838a00	FUN_00838a00	undefined FUN_00838a00()	0	0	unknown	true		3	464	31	4	1129
urn:ure:t6:occ:function:current-client:00838a60	0x00838a60	xbuild-enriched-full	true	00838a60	FUN_00838a60	undefined FUN_00838a60()	0	0	unknown	true		17	2874	146	38	5081
urn:ure:t6:occ:function:current-client:00838c60	0x00838c60	xbuild-enriched-full	true	00838c60	FUN_00838c60	undefined FUN_00838c60()	0	0	unknown	true		48	6154	337	52	13939
urn:ure:t6:occ:function:current-client:00839230	0x00839230	xbuild-enriched-full	true	00839230	FUN_00839230	undefined FUN_00839230()	0	0	unknown	true		21	2593	168	30	6212
urn:ure:t6:occ:function:current-client:008394a0	0x008394a0	xbuild-enriched-full	true	008394a0	FUN_008394a0	undefined FUN_008394a0()	0	0	unknown	true		5	649	49	10	1722
urn:ure:t6:occ:function:current-client:00839540	0x00839540	xbuild-enriched-full	true	00839540	FUN_00839540	undefined FUN_00839540()	0	0	unknown	true		16	2607	138	16	5606
urn:ure:t6:occ:function:current-client:00839770	0x00839770	xbuild-enriched-full	true	00839770	FUN_00839770	undefined FUN_00839770()	0	0	unknown	true		35	4251	307	84	9244
urn:ure:t6:occ:function:current-client:00839b00	0x00839b00	xbuild-enriched-full	true	00839b00	FUN_00839b00	undefined FUN_00839b00()	0	0	unknown	true		9	1285	85	18	2528
urn:ure:t6:occ:function:current-client:00839c00	0x00839c00	xbuild-enriched-full	true	00839c00	FUN_00839c00	undefined FUN_00839c00()	0	0	unknown	true		5	750	53	10	1805
urn:ure:t6:occ:function:current-client:00839c90	0x00839c90	xbuild-enriched-full	true	00839c90	FUN_00839c90	undefined FUN_00839c90()	0	0	unknown	true		6	1132	64	12	2120
urn:ure:t6:occ:function:current-client:00839d40	0x00839d40	xbuild-enriched-full	true	00839d40	FUN_00839d40	undefined FUN_00839d40()	0	0	unknown	true		5	814	57	12	1930
urn:ure:t6:occ:function:current-client:00839df0	0x00839df0	xbuild-enriched-full	true	00839df0	FUN_00839df0	undefined FUN_00839df0()	0	0	unknown	true		8	1358	86	15	2943
urn:ure:t6:occ:function:current-client:00839fb0	0x00839fb0	xbuild-enriched-full	true	00839fb0	FUN_00839fb0	undefined FUN_00839fb0()	0	0	unknown	true		53	9842	415	50	16154
urn:ure:t6:occ:function:current-client:0083a4f0	0x0083a4f0	xbuild-enriched-full	true	0083a4f0	FUN_0083a4f0	undefined FUN_0083a4f0()	0	0	unknown	true		11	1067	102	28	3304
urn:ure:t6:occ:function:current-client:0083a630	0x0083a630	xbuild-enriched-full	true	0083a630	FUN_0083a630	undefined FUN_0083a630()	0	0	unknown	true		22	4043	225	50	7937
urn:ure:t6:occ:function:current-client:0083a8f0	0x0083a8f0	xbuild-enriched-full	true	0083a8f0	FUN_0083a8f0	undefined FUN_0083a8f0()	0	0	unknown	true		22	2572	192	39	6567
urn:ure:t6:occ:function:current-client:0083ab60	0x0083ab60	xbuild-enriched-full	true	0083ab60	FUN_0083ab60	undefined FUN_0083ab60()	0	0	unknown	true		10	1652	112	18	3668
urn:ure:t6:occ:function:current-client:0083acb0	0x0083acb0	xbuild-enriched-full	true	0083acb0	FUN_0083acb0	undefined FUN_0083acb0()	0	0	unknown	true		5	774	53	8	1678
urn:ure:t6:occ:function:current-client:0083ad30	0x0083ad30	xbuild-enriched-full	true	0083ad30	FUN_0083ad30	undefined FUN_0083ad30()	0	0	unknown	true		3	273	28	6	993
urn:ure:t6:occ:function:current-client:0083ad90	0x0083ad90	xbuild-enriched-full	true	0083ad90	FUN_0083ad90	undefined FUN_0083ad90()	0	0	unknown	true		6	1270	73	17	2606
urn:ure:t6:occ:function:current-client:0083ae80	0x0083ae80	xbuild-enriched-full	true	0083ae80	FUN_0083ae80	undefined FUN_0083ae80()	0	0	unknown	true		3	316	32	8	1092
urn:ure:t6:occ:function:current-client:0083aee0	0x0083aee0	xbuild-enriched-full	true	0083aee0	FUN_0083aee0	undefined FUN_0083aee0()	0	0	unknown	true		6	768	50	5	1654
urn:ure:t6:occ:function:current-client:0083af70	0x0083af70	xbuild-enriched-full	true	0083af70	FUN_0083af70	undefined FUN_0083af70()	0	0	unknown	true		7	1200	68	14	2430
urn:ure:t6:occ:function:current-client:0083b050	0x0083b050	xbuild-enriched-full	true	0083b050	FUN_0083b050	undefined FUN_0083b050()	0	0	unknown	true		8	856	73	12	2518
urn:ure:t6:occ:function:current-client:0083b140	0x0083b140	xbuild-enriched-full	true	0083b140	FUN_0083b140	undefined FUN_0083b140()	0	0	unknown	true		15	2119	115	24	4234
urn:ure:t6:occ:function:current-client:0083b2b0	0x0083b2b0	xbuild-enriched-full	true	0083b2b0	FUN_0083b2b0	undefined FUN_0083b2b0()	0	0	unknown	true		4	511	30	8	1114
urn:ure:t6:occ:function:current-client:0083b320	0x0083b320	xbuild-enriched-full	true	0083b320	FUN_0083b320	undefined FUN_0083b320()	0	0	unknown	true		4	627	34	6	1233
urn:ure:t6:occ:function:current-client:0083b380	0x0083b380	xbuild-enriched-full	true	0083b380	FUN_0083b380	undefined FUN_0083b380()	0	0	unknown	true		3	504	30	4	1043
urn:ure:t6:occ:function:current-client:0083b3d0	0x0083b3d0	xbuild-enriched-full	true	0083b3d0	FUN_0083b3d0	undefined FUN_0083b3d0()	0	0	unknown	true		6	737	51	13	1769
urn:ure:t6:occ:function:current-client:0083b470	0x0083b470	xbuild-enriched-full	true	0083b470	FUN_0083b470	undefined FUN_0083b470()	0	0	unknown	true		5	472	49	10	1584
urn:ure:t6:occ:function:current-client:0083b500	0x0083b500	xbuild-enriched-full	true	0083b500	FUN_0083b500	undefined FUN_0083b500()	0	0	unknown	true		7	991	73	18	2298
urn:ure:t6:occ:function:current-client:0083b5e0	0x0083b5e0	xbuild-enriched-full	true	0083b5e0	FUN_0083b5e0	undefined FUN_0083b5e0()	0	0	unknown	true		17	440	106	38	4661
urn:ure:t6:occ:function:current-client:0083b7f0	0x0083b7f0	xbuild-enriched-full	true	0083b7f0	FUN_0083b7f0	undefined FUN_0083b7f0()	0	0	unknown	true		21	2404	100	41	4039
urn:ure:t6:occ:function:current-client:0083b9b0	0x0083b9b0	xbuild-enriched-full	true	0083b9b0	FUN_0083b9b0	undefined FUN_0083b9b0()	0	0	unknown	true		107	6766	562	176	18519
urn:ure:t6:occ:function:current-client:0083c390	0x0083c390	xbuild-enriched-full	true	0083c390	FUN_0083c390	undefined FUN_0083c390()	0	0	unknown	true		2	309	17	4	671
urn:ure:t6:occ:function:current-client:0083c3d0	0x0083c3d0	xbuild-enriched-full	true	0083c3d0	FUN_0083c3d0	undefined FUN_0083c3d0()	0	0	unknown	true		6	865	55	13	1910
urn:ure:t6:occ:function:current-client:0083c480	0x0083c480	xbuild-enriched-full	true	0083c480	FUN_0083c480	undefined FUN_0083c480()	0	0	unknown	true		161	15673	868	246	30443
urn:ure:t6:occ:function:current-client:0083d000	0x0083d000	xbuild-enriched-full	true	0083d000	FUN_0083d000	undefined FUN_0083d000()	0	0	unknown	true		51	6651	349	87	12593
urn:ure:t6:occ:function:current-client:0083d680	0x0083d680	xbuild-enriched-full	true	0083d680	FUN_0083d680	undefined FUN_0083d680()	0	0	unknown	true		4	448	38	7	1390
urn:ure:t6:occ:function:current-client:0083d700	0x0083d700	xbuild-enriched-full	true	0083d700	FUN_0083d700	undefined FUN_0083d700()	0	0	unknown	true		6	1291	62	7	2288
urn:ure:t6:occ:function:current-client:0083db40	0x0083db40	xbuild-enriched-full	true	0083db40	FUN_0083db40	undefined FUN_0083db40()	0	0	unknown	true		9	1024	69	16	2400
urn:ure:t6:occ:function:current-client:0083dc40	0x0083dc40	xbuild-enriched-full	true	0083dc40	FUN_0083dc40	undefined FUN_0083dc40()	0	0	unknown	true		9	974	63	22	2159
urn:ure:t6:occ:function:current-client:0083dd40	0x0083dd40	xbuild-enriched-full	true	0083dd40	FUN_0083dd40	undefined FUN_0083dd40()	0	0	unknown	true		5	848	50	9	1817
urn:ure:t6:occ:function:current-client:0083ddf0	0x0083ddf0	xbuild-enriched-full	true	0083ddf0	FUN_0083ddf0	undefined FUN_0083ddf0()	0	0	unknown	true		5	416	39	15	1227
urn:ure:t6:occ:function:current-client:0083de80	0x0083de80	xbuild-enriched-full	true	0083de80	FUN_0083de80	undefined FUN_0083de80()	0	0	unknown	true		5	449	44	17	1360
urn:ure:t6:occ:function:current-client:0083e030	0x0083e030	xbuild-enriched-full	true	0083e030	FUN_0083e030	undefined FUN_0083e030()	0	0	unknown	true		4	536	45	13	1413
urn:ure:t6:occ:function:current-client:0083e0b0	0x0083e0b0	xbuild-enriched-full	true	0083e0b0	FUN_0083e0b0	undefined FUN_0083e0b0()	0	0	unknown	true		5	621	54	16	1660
urn:ure:t6:occ:function:current-client:0083e8d0	0x0083e8d0	xbuild-enriched-full	true	0083e8d0	FUN_0083e8d0	undefined FUN_0083e8d0()	0	0	unknown	true		4	390	31	7	1171
urn:ure:t6:occ:function:current-client:0083e9c0	0x0083e9c0	xbuild-enriched-full	true	0083e9c0	FUN_0083e9c0	undefined FUN_0083e9c0()	0	0	unknown	true		5	704	39	7	1455
urn:ure:t6:occ:function:current-client:0083ed20	0x0083ed20	xbuild-enriched-full	true	0083ed20	FUN_0083ed20	undefined FUN_0083ed20()	0	0	unknown	true		3	289	30	5	1059
urn:ure:t6:occ:function:current-client:0083ed80	0x0083ed80	xbuild-enriched-full	true	0083ed80	FUN_0083ed80	undefined FUN_0083ed80()	0	0	unknown	true		3	289	30	5	1060
urn:ure:t6:occ:function:current-client:0083eef0	0x0083eef0	xbuild-enriched-full	true	0083eef0	FUN_0083eef0	undefined FUN_0083eef0()	0	0	unknown	true		5	572	41	11	1543
urn:ure:t6:occ:function:current-client:0083ef80	0x0083ef80	xbuild-enriched-full	true	0083ef80	FUN_0083ef80	undefined FUN_0083ef80()	0	0	unknown	true		6	856	52	10	2075
urn:ure:t6:occ:function:current-client:0083f050	0x0083f050	xbuild-enriched-full	true	0083f050	FUN_0083f050	undefined FUN_0083f050()	0	0	unknown	true		3	382	35	6	1461
urn:ure:t6:occ:function:current-client:0083f0e0	0x0083f0e0	xbuild-enriched-full	true	0083f0e0	FUN_0083f0e0	undefined FUN_0083f0e0()	0	0	unknown	true		3	382	35	6	1461
urn:ure:t6:occ:function:current-client:0083f1b0	0x0083f1b0	xbuild-enriched-full	true	0083f1b0	FUN_0083f1b0	undefined FUN_0083f1b0()	0	0	unknown	true		9	1231	79	9	3165
urn:ure:t6:occ:function:current-client:0083f300	0x0083f300	xbuild-enriched-full	true	0083f300	FUN_0083f300	undefined FUN_0083f300()	0	0	unknown	true		12	1267	97	13	3719
urn:ure:t6:occ:function:current-client:0083f660	0x0083f660	xbuild-enriched-full	true	0083f660	FUN_0083f660	undefined FUN_0083f660()	0	0	unknown	true		17	2094	157	32	4875
urn:ure:t6:occ:function:current-client:0083f820	0x0083f820	xbuild-enriched-full	true	0083f820	FUN_0083f820	undefined FUN_0083f820()	0	0	unknown	true		5	488	46	9	1505
urn:ure:t6:occ:function:current-client:0083f8f0	0x0083f8f0	xbuild-enriched-full	true	0083f8f0	FUN_0083f8f0	undefined FUN_0083f8f0()	0	0	unknown	true		11	1382	93	29	2820
urn:ure:t6:occ:function:current-client:0083fa00	0x0083fa00	xbuild-enriched-full	true	0083fa00	FUN_0083fa00	undefined FUN_0083fa00()	0	0	unknown	true		3	340	29	4	940
urn:ure:t6:occ:function:current-client:0083fa40	0x0083fa40	xbuild-enriched-full	true	0083fa40	FUN_0083fa40	undefined FUN_0083fa40()	0	0	unknown	true		3	336	23	3	804
urn:ure:t6:occ:function:current-client:0083fa80	0x0083fa80	xbuild-enriched-full	true	0083fa80	FUN_0083fa80	undefined FUN_0083fa80()	0	0	unknown	true		4	699	38	6	1258
urn:ure:t6:occ:function:current-client:0083faf0	0x0083faf0	xbuild-enriched-full	true	0083faf0	FUN_0083faf0	undefined FUN_0083faf0()	0	0	unknown	true		2	363	12	6	538
urn:ure:t6:occ:function:current-client:0083fb80	0x0083fb80	xbuild-enriched-full	true	0083fb80	FUN_0083fb80	undefined FUN_0083fb80()	0	0	unknown	true		7	821	51	16	1556
urn:ure:t6:occ:function:current-client:0083fc20	0x0083fc20	xbuild-enriched-full	true	0083fc20	FUN_0083fc20	undefined FUN_0083fc20()	0	0	unknown	true		3	286	22	6	765
urn:ure:t6:occ:function:current-client:0083fcb0	0x0083fcb0	xbuild-enriched-full	true	0083fcb0	FUN_0083fcb0	undefined FUN_0083fcb0()	0	0	unknown	true		6	602	59	13	2021
urn:ure:t6:occ:function:current-client:0083fdd0	0x0083fdd0	xbuild-enriched-full	true	0083fdd0	FUN_0083fdd0	undefined FUN_0083fdd0()	0	0	unknown	true		3	272	26	6	930
urn:ure:t6:occ:function:current-client:0083fe20	0x0083fe20	xbuild-enriched-full	true	0083fe20	FUN_0083fe20	undefined FUN_0083fe20()	0	0	unknown	true		4	535	41	11	1266
urn:ure:t6:occ:function:current-client:0083fe90	0x0083fe90	xbuild-enriched-full	true	0083fe90	FUN_0083fe90	undefined FUN_0083fe90()	0	0	unknown	true		7	897	61	8	2126
urn:ure:t6:occ:function:current-client:0083ff50	0x0083ff50	xbuild-enriched-full	true	0083ff50	FUN_0083ff50	undefined FUN_0083ff50()	0	0	unknown	true		17	1469	153	31	4631
urn:ure:t6:occ:function:current-client:00840170	0x00840170	xbuild-enriched-full	true	00840170	FUN_00840170	undefined FUN_00840170()	0	0	unknown	true		27	2029	196	40	6518
urn:ure:t6:occ:function:current-client:008403e0	0x008403e0	xbuild-enriched-full	true	008403e0	FUN_008403e0	undefined FUN_008403e0()	0	0	unknown	true		8	857	95	18	2836
urn:ure:t6:occ:function:current-client:008404d0	0x008404d0	xbuild-enriched-full	true	008404d0	FUN_008404d0	undefined FUN_008404d0()	0	0	unknown	true		22	2051	183	38	6332
urn:ure:t6:occ:function:current-client:00840730	0x00840730	xbuild-enriched-full	true	00840730	FUN_00840730	undefined FUN_00840730()	0	0	unknown	true		35	2800	255	53	8831
urn:ure:t6:occ:function:current-client:00840ab0	0x00840ab0	xbuild-enriched-full	true	00840ab0	FUN_00840ab0	undefined FUN_00840ab0()	0	0	unknown	true		30	2243	220	43	7544
urn:ure:t6:occ:function:current-client:00840d70	0x00840d70	xbuild-enriched-full	true	00840d70	FUN_00840d70	undefined FUN_00840d70()	0	0	unknown	true		8	945	87	11	2686
urn:ure:t6:occ:function:current-client:00840e60	0x00840e60	xbuild-enriched-full	true	00840e60	FUN_00840e60	undefined FUN_00840e60()	0	0	unknown	true		4	592	35	10	1266
urn:ure:t6:occ:function:current-client:00840ed0	0x00840ed0	xbuild-enriched-full	true	00840ed0	FUN_00840ed0	undefined FUN_00840ed0()	0	0	unknown	true		33	3267	259	61	8356
urn:ure:t6:occ:function:current-client:00841210	0x00841210	xbuild-enriched-full	true	00841210	FUN_00841210	undefined FUN_00841210()	0	0	unknown	true		4	435	29	3	1170
urn:ure:t6:occ:function:current-client:00841280	0x00841280	xbuild-enriched-full	true	00841280	FUN_00841280	undefined FUN_00841280()	0	0	unknown	true		3	326	25	3	990
urn:ure:t6:occ:function:current-client:008412e0	0x008412e0	xbuild-enriched-full	true	008412e0	FUN_008412e0	undefined FUN_008412e0()	0	0	unknown	true		3	315	24	3	955
urn:ure:t6:occ:function:current-client:00841340	0x00841340	xbuild-enriched-full	true	00841340	FUN_00841340	undefined FUN_00841340()	0	0	unknown	true		3	419	28	3	1135
urn:ure:t6:occ:function:current-client:008413b0	0x008413b0	xbuild-enriched-full	true	008413b0	FUN_008413b0	undefined FUN_008413b0()	0	0	unknown	true		2	218	23	2	970
urn:ure:t6:occ:function:current-client:00841410	0x00841410	xbuild-enriched-full	true	00841410	FUN_00841410	undefined FUN_00841410()	0	0	unknown	true		2	212	22	2	935
urn:ure:t6:occ:function:current-client:00841470	0x00841470	xbuild-enriched-full	true	00841470	FUN_00841470	undefined FUN_00841470()	0	0	unknown	true		6	710	53	6	1924
urn:ure:t6:occ:function:current-client:00841530	0x00841530	xbuild-enriched-full	true	00841530	FUN_00841530	undefined FUN_00841530()	0	0	unknown	true		3	304	25	3	1033
urn:ure:t6:occ:function:current-client:00841590	0x00841590	xbuild-enriched-full	true	00841590	FUN_00841590	undefined FUN_00841590()	0	0	unknown	true		4	485	35	3	1509
urn:ure:t6:occ:function:current-client:008416c0	0x008416c0	xbuild-enriched-full	true	008416c0	FUN_008416c0	undefined FUN_008416c0()	0	0	unknown	true		5	642	41	4	1371
urn:ure:t6:occ:function:current-client:00841970	0x00841970	xbuild-enriched-full	true	00841970	FUN_00841970	undefined FUN_00841970()	0	0	unknown	true		8	1379	90	8	3719
urn:ure:t6:occ:function:current-client:00841f20	0x00841f20	xbuild-enriched-full	true	00841f20	FUN_00841f20	undefined FUN_00841f20()	0	0	unknown	true		3	350	29	9	962
urn:ure:t6:occ:function:current-client:00842050	0x00842050	xbuild-enriched-full	true	00842050	FUN_00842050	undefined FUN_00842050()	0	0	unknown	true		5	645	57	14	1598
urn:ure:t6:occ:function:current-client:00842480	0x00842480	xbuild-enriched-full	true	00842480	FUN_00842480	undefined FUN_00842480()	0	0	unknown	true		5	515	50	11	1556
urn:ure:t6:occ:function:current-client:008425c0	0x008425c0	xbuild-enriched-full	true	008425c0	FUN_008425c0	undefined FUN_008425c0()	0	0	unknown	true		26	3081	180	47	5721
urn:ure:t6:occ:function:current-client:00842910	0x00842910	xbuild-enriched-full	true	00842910	FUN_00842910	undefined FUN_00842910()	0	0	unknown	true		3	549	25	10	887
urn:ure:t6:occ:function:current-client:00842a00	0x00842a00	xbuild-enriched-full	true	00842a00	FUN_00842a00	undefined FUN_00842a00()	0	0	unknown	true		7	753	75	24	2327
urn:ure:t6:occ:function:current-client:00843470	0x00843470	xbuild-enriched-full	true	00843470	FUN_00843470	undefined FUN_00843470()	0	0	unknown	true		4	553	32	10	1114
urn:ure:t6:occ:function:current-client:008434e0	0x008434e0	xbuild-enriched-full	true	008434e0	FUN_008434e0	undefined FUN_008434e0()	0	0	unknown	true		3	565	33	3	1396
urn:ure:t6:occ:function:current-client:00843560	0x00843560	xbuild-enriched-full	true	00843560	FUN_00843560	undefined FUN_00843560()	0	0	unknown	true		3	375	28	3	999
urn:ure:t6:occ:function:current-client:008437c0	0x008437c0	xbuild-enriched-full	true	008437c0	FUN_008437c0	undefined FUN_008437c0()	0	0	unknown	true		15	1867	123	39	4707
urn:ure:t6:occ:function:current-client:00843eb0	0x00843eb0	xbuild-enriched-full	true	00843eb0	FUN_00843eb0	undefined FUN_00843eb0()	0	0	unknown	true		23	2553	189	55	5769
urn:ure:t6:occ:function:current-client:00845420	0x00845420	xbuild-enriched-full	true	00845420	FUN_00845420	undefined FUN_00845420()	0	0	unknown	true		10	1076	72	22	2439
urn:ure:t6:occ:function:current-client:00845e70	0x00845e70	xbuild-enriched-full	true	00845e70	FUN_00845e70	undefined FUN_00845e70()	0	0	unknown	true		2	155	10	3	430
urn:ure:t6:occ:function:current-client:008460f0	0x008460f0	xbuild-enriched-full	true	008460f0	FUN_008460f0	undefined FUN_008460f0()	0	0	unknown	true		7	784	60	20	1843
urn:ure:t6:occ:function:current-client:008461b0	0x008461b0	xbuild-enriched-full	true	008461b0	FUN_008461b0	undefined FUN_008461b0()	0	0	unknown	true		20	2109	145	53	4735
urn:ure:t6:occ:function:current-client:00846890	0x00846890	xbuild-enriched-full	true	00846890	FUN_00846890	undefined FUN_00846890()	0	0	unknown	true		10	899	106	16	3223
urn:ure:t6:occ:function:current-client:008469a0	0x008469a0	xbuild-enriched-full	true	008469a0	FUN_008469a0	undefined FUN_008469a0()	0	0	unknown	true		9	951	78	15	2469
urn:ure:t6:occ:function:current-client:00846e00	0x00846e00	xbuild-enriched-full	true	00846e00	FUN_00846e00	undefined FUN_00846e00()	0	0	unknown	true		9	1200	89	20	2747
urn:ure:t6:occ:function:current-client:00847000	0x00847000	xbuild-enriched-full	true	00847000	FUN_00847000	undefined FUN_00847000()	0	0	unknown	true		38	3548	281	60	9443
urn:ure:t6:occ:function:current-client:00847830	0x00847830	xbuild-enriched-full	true	00847830	FUN_00847830	undefined FUN_00847830()	0	0	unknown	true		21	2250	188	43	6090
urn:ure:t6:occ:function:current-client:00847b80	0x00847b80	xbuild-enriched-full	true	00847b80	FUN_00847b80	undefined FUN_00847b80()	0	0	unknown	true		23	2370	191	55	6154
urn:ure:t6:occ:function:current-client:008483e0	0x008483e0	xbuild-enriched-full	true	008483e0	FUN_008483e0	undefined FUN_008483e0()	0	0	unknown	true		5	492	53	13	1542
urn:ure:t6:occ:function:current-client:00848460	0x00848460	xbuild-enriched-full	true	00848460	FUN_00848460	undefined FUN_00848460()	0	0	unknown	true		7	667	63	16	1953
urn:ure:t6:occ:function:current-client:008485b0	0x008485b0	xbuild-enriched-full	true	008485b0	FUN_008485b0	undefined FUN_008485b0()	0	0	unknown	true		7	758	57	17	1864
urn:ure:t6:occ:function:current-client:00848720	0x00848720	xbuild-enriched-full	true	00848720	FUN_00848720	undefined FUN_00848720()	0	0	unknown	true		15	1698	137	53	4239
urn:ure:t6:occ:function:current-client:008488d0	0x008488d0	xbuild-enriched-full	true	008488d0	FUN_008488d0	undefined FUN_008488d0()	0	0	unknown	true		4	615	33	9	1081
urn:ure:t6:occ:function:current-client:00848b30	0x00848b30	xbuild-enriched-full	true	00848b30	FUN_00848b30	undefined FUN_00848b30()	0	0	unknown	true		7	841	66	19	2012
urn:ure:t6:occ:function:current-client:00848d40	0x00848d40	xbuild-enriched-full	true	00848d40	FUN_00848d40	undefined FUN_00848d40()	0	0	unknown	true		3	509	24	3	1193
urn:ure:t6:occ:function:current-client:00848dc0	0x00848dc0	xbuild-enriched-full	true	00848dc0	FUN_00848dc0	undefined FUN_00848dc0()	0	0	unknown	true		9	817	68	15	2170
urn:ure:t6:occ:function:current-client:00848e90	0x00848e90	xbuild-enriched-full	true	00848e90	FUN_00848e90	undefined FUN_00848e90()	0	0	unknown	true		10	1255	77	15	2866
urn:ure:t6:occ:function:current-client:00849120	0x00849120	xbuild-enriched-full	true	00849120	FUN_00849120	undefined FUN_00849120()	0	0	unknown	true		19	2360	166	41	5788
urn:ure:t6:occ:function:current-client:00849370	0x00849370	xbuild-enriched-full	true	00849370	FUN_00849370	undefined FUN_00849370()	0	0	unknown	true		5	607	46	8	1605
urn:ure:t6:occ:function:current-client:00849410	0x00849410	xbuild-enriched-full	true	00849410	FUN_00849410	undefined FUN_00849410()	0	0	unknown	true		6	902	61	10	2160
urn:ure:t6:occ:function:current-client:00849700	0x00849700	xbuild-enriched-full	true	00849700	FUN_00849700	undefined FUN_00849700()	0	0	unknown	true		15	3359	155	36	4812
urn:ure:t6:occ:function:current-client:00849c50	0x00849c50	xbuild-enriched-full	true	00849c50	FUN_00849c50	undefined FUN_00849c50()	0	0	unknown	true		5	971	51	11	1849
urn:ure:t6:occ:function:current-client:0084a1c0	0x0084a1c0	xbuild-enriched-full	true	0084a1c0	FUN_0084a1c0	undefined FUN_0084a1c0()	0	0	unknown	true		2	364	18	2	855
urn:ure:t6:occ:function:current-client:0084a3b0	0x0084a3b0	xbuild-enriched-full	true	0084a3b0	FUN_0084a3b0	undefined FUN_0084a3b0()	0	0	unknown	true		2	456	19	3	914
urn:ure:t6:occ:function:current-client:0084a910	0x0084a910	xbuild-enriched-full	true	0084a910	FUN_0084a910	undefined FUN_0084a910()	0	0	unknown	true		9	1181	76	13	2874
urn:ure:t6:occ:function:current-client:0084b360	0x0084b360	xbuild-enriched-full	true	0084b360	FUN_0084b360	undefined FUN_0084b360()	0	0	unknown	true		8	899	69	15	2447
urn:ure:t6:occ:function:current-client:0084b4a0	0x0084b4a0	xbuild-enriched-full	true	0084b4a0	FUN_0084b4a0	undefined FUN_0084b4a0()	0	0	unknown	true		38	2966	210	42	7626
urn:ure:t6:occ:function:current-client:0084d610	0x0084d610	xbuild-enriched-full	true	0084d610	FUN_0084d610	undefined FUN_0084d610()	0	0	unknown	true		9	1003	89	19	2754
urn:ure:t6:occ:function:current-client:0084d710	0x0084d710	xbuild-enriched-full	true	0084d710	FUN_0084d710	undefined FUN_0084d710()	0	0	unknown	true		6	752	42	11	1428
urn:ure:t6:occ:function:current-client:0084d7a0	0x0084d7a0	xbuild-enriched-full	true	0084d7a0	FUN_0084d7a0	undefined FUN_0084d7a0()	0	0	unknown	true		3	591	29	8	1489
urn:ure:t6:occ:function:current-client:0084d840	0x0084d840	xbuild-enriched-full	true	0084d840	FUN_0084d840	undefined FUN_0084d840()	0	0	unknown	true		1	184	16	3	608
urn:ure:t6:occ:function:current-client:0084e080	0x0084e080	xbuild-enriched-full	true	0084e080	FUN_0084e080	undefined FUN_0084e080()	0	0	unknown	true		6	926	67	22	1995
urn:ure:t6:occ:function:current-client:0084e130	0x0084e130	xbuild-enriched-full	true	0084e130	FUN_0084e130	undefined FUN_0084e130()	0	0	unknown	true		8	1182	88	26	2462
urn:ure:t6:occ:function:current-client:0084e330	0x0084e330	xbuild-enriched-full	true	0084e330	FUN_0084e330	undefined FUN_0084e330()	0	0	unknown	true		6	821	70	20	2001
urn:ure:t6:occ:function:current-client:0084e3f0	0x0084e3f0	xbuild-enriched-full	true	0084e3f0	FUN_0084e3f0	undefined FUN_0084e3f0()	0	0	unknown	true		8	1122	90	25	2664
urn:ure:t6:occ:function:current-client:0084eb00	0x0084eb00	xbuild-enriched-full	true	0084eb00	FUN_0084eb00	undefined FUN_0084eb00()	0	0	unknown	true		6	847	67	20	2010
urn:ure:t6:occ:function:current-client:0084eda0	0x0084eda0	xbuild-enriched-full	true	0084eda0	FUN_0084eda0	undefined FUN_0084eda0()	0	0	unknown	true		32	2786	218	55	7397
urn:ure:t6:occ:function:current-client:0084f090	0x0084f090	xbuild-enriched-full	true	0084f090	FUN_0084f090	undefined FUN_0084f090()	0	0	unknown	true		12	1357	117	28	3455
urn:ure:t6:occ:function:current-client:0084f1e0	0x0084f1e0	xbuild-enriched-full	true	0084f1e0	FUN_0084f1e0	undefined FUN_0084f1e0()	0	0	unknown	true		26	2340	183	45	6432
urn:ure:t6:occ:function:current-client:0084f480	0x0084f480	xbuild-enriched-full	true	0084f480	FUN_0084f480	undefined FUN_0084f480()	0	0	unknown	true		54	3402	254	63	8692
urn:ure:t6:occ:function:current-client:0084f820	0x0084f820	xbuild-enriched-full	true	0084f820	FUN_0084f820	undefined FUN_0084f820()	0	0	unknown	true		7	872	56	7	2187
urn:ure:t6:occ:function:current-client:0084fab0	0x0084fab0	xbuild-enriched-full	true	0084fab0	FUN_0084fab0	undefined FUN_0084fab0()	0	0	unknown	true		10	1084	87	17	2778
urn:ure:t6:occ:function:current-client:00850220	0x00850220	xbuild-enriched-full	true	00850220	FUN_00850220	undefined FUN_00850220()	0	0	unknown	true		7	1236	65	10	2644
urn:ure:t6:occ:function:current-client:00850330	0x00850330	xbuild-enriched-full	true	00850330	FUN_00850330	undefined FUN_00850330()	0	0	unknown	true		11	1172	102	26	3290
urn:ure:t6:occ:function:current-client:008504a0	0x008504a0	xbuild-enriched-full	true	008504a0	FUN_008504a0	undefined FUN_008504a0()	0	0	unknown	true		6	645	54	11	1890
urn:ure:t6:occ:function:current-client:008507b0	0x008507b0	xbuild-enriched-full	true	008507b0	FUN_008507b0	undefined FUN_008507b0()	0	0	unknown	true		15	2174	160	28	6163
urn:ure:t6:occ:function:current-client:00850a30	0x00850a30	xbuild-enriched-full	true	00850a30	FUN_00850a30	undefined FUN_00850a30()	0	0	unknown	true		6	796	53	7	2032
urn:ure:t6:occ:function:current-client:00850af0	0x00850af0	xbuild-enriched-full	true	00850af0	FUN_00850af0	undefined FUN_00850af0()	0	0	unknown	true		5	807	49	8	1854
urn:ure:t6:occ:function:current-client:00850cf0	0x00850cf0	xbuild-enriched-full	true	00850cf0	FUN_00850cf0	undefined FUN_00850cf0()	0	0	unknown	true		4	706	45	6	1633
urn:ure:t6:occ:function:current-client:00851060	0x00851060	xbuild-enriched-full	true	00851060	FUN_00851060	undefined FUN_00851060()	0	0	unknown	true		9	983	74	20	2497
urn:ure:t6:occ:function:current-client:00851250	0x00851250	xbuild-enriched-full	true	00851250	FUN_00851250	undefined FUN_00851250()	0	0	unknown	true		3	184	15	3	589
urn:ure:t6:occ:function:current-client:00851280	0x00851280	xbuild-enriched-full	true	00851280	FUN_00851280	undefined FUN_00851280()	0	0	unknown	true		10	1594	99	13	4115
urn:ure:t6:occ:function:current-client:00851480	0x00851480	xbuild-enriched-full	true	00851480	FUN_00851480	undefined FUN_00851480()	0	0	unknown	true		4	584	30	9	1206
urn:ure:t6:occ:function:current-client:00851500	0x00851500	xbuild-enriched-full	true	00851500	FUN_00851500	undefined FUN_00851500()	0	0	unknown	true		23	2765	227	35	8260
urn:ure:t6:occ:function:current-client:00851850	0x00851850	xbuild-enriched-full	true	00851850	FUN_00851850	undefined FUN_00851850()	0	0	unknown	true		11	1230	101	32	2978
urn:ure:t6:occ:function:current-client:00851980	0x00851980	xbuild-enriched-full	true	00851980	FUN_00851980	undefined FUN_00851980()	0	0	unknown	true		23	2180	170	35	6090
urn:ure:t6:occ:function:current-client:00851bf0	0x00851bf0	xbuild-enriched-full	true	00851bf0	FUN_00851bf0	undefined FUN_00851bf0()	0	0	unknown	true		18	2107	166	29	6128
urn:ure:t6:occ:function:current-client:00851e70	0x00851e70	xbuild-enriched-full	true	00851e70	FUN_00851e70	undefined FUN_00851e70()	0	0	unknown	true		5	572	39	10	1466
urn:ure:t6:occ:function:current-client:008520e0	0x008520e0	xbuild-enriched-full	true	008520e0	FUN_008520e0	undefined FUN_008520e0()	0	0	unknown	true		9	1170	75	19	2441
urn:ure:t6:occ:function:current-client:008521d0	0x008521d0	xbuild-enriched-full	true	008521d0	FUN_008521d0	undefined FUN_008521d0()	0	0	unknown	true		5	552	40	9	1331
urn:ure:t6:occ:function:current-client:00852250	0x00852250	xbuild-enriched-full	true	00852250	FUN_00852250	undefined FUN_00852250()	0	0	unknown	true		9	998	71	20	2397
urn:ure:t6:occ:function:current-client:008523d0	0x008523d0	xbuild-enriched-full	true	008523d0	FUN_008523d0	undefined FUN_008523d0()	0	0	unknown	true		5	669	43	6	1406
urn:ure:t6:occ:function:current-client:00852450	0x00852450	xbuild-enriched-full	true	00852450	FUN_00852450	undefined FUN_00852450()	0	0	unknown	true		8	1146	88	12	3944
urn:ure:t6:occ:function:current-client:00852610	0x00852610	xbuild-enriched-full	true	00852610	FUN_00852610	undefined FUN_00852610()	0	0	unknown	true		12	1083	104	23	4218
urn:ure:t6:occ:function:current-client:008527d0	0x008527d0	xbuild-enriched-full	true	008527d0	FUN_008527d0	undefined FUN_008527d0()	0	0	unknown	true		27	3570	222	48	8459
urn:ure:t6:occ:function:current-client:00852b80	0x00852b80	xbuild-enriched-full	true	00852b80	FUN_00852b80	undefined FUN_00852b80()	0	0	unknown	true		5	537	36	10	1284
urn:ure:t6:occ:function:current-client:00852c00	0x00852c00	xbuild-enriched-full	true	00852c00	FUN_00852c00	undefined FUN_00852c00()	0	0	unknown	true		5	537	36	10	1284
urn:ure:t6:occ:function:current-client:00852c80	0x00852c80	xbuild-enriched-full	true	00852c80	FUN_00852c80	undefined FUN_00852c80()	0	0	unknown	true		5	537	36	10	1284
urn:ure:t6:occ:function:current-client:00853040	0x00853040	xbuild-enriched-full	true	00853040	FUN_00853040	undefined FUN_00853040()	0	0	unknown	true		7	1367	62	19	2051
urn:ure:t6:occ:function:current-client:008531b0	0x008531b0	xbuild-enriched-full	true	008531b0	FUN_008531b0	undefined FUN_008531b0()	0	0	unknown	true		11	1288	94	22	3259
urn:ure:t6:occ:function:current-client:00853630	0x00853630	xbuild-enriched-full	true	00853630	FUN_00853630	undefined FUN_00853630()	0	0	unknown	true		21	1933	149	40	5630
urn:ure:t6:occ:function:current-client:00853a00	0x00853a00	xbuild-enriched-full	true	00853a00	FUN_00853a00	undefined FUN_00853a00()	0	0	unknown	true		6	895	65	4	2709
urn:ure:t6:occ:function:current-client:00853c80	0x00853c80	xbuild-enriched-full	true	00853c80	FUN_00853c80	undefined FUN_00853c80()	0	0	unknown	true		11	1911	124	20	5187
urn:ure:t6:occ:function:current-client:00854010	0x00854010	xbuild-enriched-full	true	00854010	FUN_00854010	undefined FUN_00854010()	0	0	unknown	true		4	609	45	9	1487
urn:ure:t6:occ:function:current-client:00854910	0x00854910	xbuild-enriched-full	true	00854910	FUN_00854910	undefined FUN_00854910()	0	0	unknown	true		3	416	37	8	1175
urn:ure:t6:occ:function:current-client:008549a0	0x008549a0	xbuild-enriched-full	true	008549a0	FUN_008549a0	undefined FUN_008549a0()	0	0	unknown	true		1	251	12	1	581
urn:ure:t6:occ:function:current-client:00855920	0x00855920	xbuild-enriched-full	true	00855920	FUN_00855920	undefined FUN_00855920()	0	0	unknown	true		3	264	24	5	847
urn:ure:t6:occ:function:current-client:00855a50	0x00855a50	xbuild-enriched-full	true	00855a50	FUN_00855a50	undefined FUN_00855a50()	0	0	unknown	true		4	965	32	16	1521
urn:ure:t6:occ:function:current-client:00855f10	0x00855f10	xbuild-enriched-full	true	00855f10	FUN_00855f10	undefined FUN_00855f10()	0	0	unknown	true		1	131	11	2	439
urn:ure:t6:occ:function:current-client:00855f30	0x00855f30	xbuild-enriched-full	true	00855f30	FUN_00855f30	undefined FUN_00855f30()	0	0	unknown	true		2	342	25	7	857
urn:ure:t6:occ:function:current-client:00855ff0	0x00855ff0	xbuild-enriched-full	true	00855ff0	FUN_00855ff0	undefined FUN_00855ff0()	0	0	unknown	true		12	1313	96	32	3325
urn:ure:t6:occ:function:current-client:00856140	0x00856140	xbuild-enriched-full	true	00856140	FUN_00856140	undefined FUN_00856140()	0	0	unknown	true		15	1279	101	20	3824
urn:ure:t6:occ:function:current-client:008567f0	0x008567f0	xbuild-enriched-full	true	008567f0	FUN_008567f0	undefined FUN_008567f0()	0	0	unknown	true		9	883	71	19	2356
urn:ure:t6:occ:function:current-client:00856fa0	0x00856fa0	xbuild-enriched-full	true	00856fa0	FUN_00856fa0	undefined FUN_00856fa0()	0	0	unknown	true		9	1271	81	30	2517
urn:ure:t6:occ:function:current-client:00858f90	0x00858f90	xbuild-enriched-full	true	00858f90	FUN_00858f90	undefined FUN_00858f90()	0	0	unknown	true		6	645	56	12	1801
urn:ure:t6:occ:function:current-client:008590c0	0x008590c0	xbuild-enriched-full	true	008590c0	FUN_008590c0	undefined FUN_008590c0()	0	0	unknown	true		13	1319	125	23	3700
urn:ure:t6:occ:function:current-client:00859210	0x00859210	xbuild-enriched-full	true	00859210	FUN_00859210	undefined FUN_00859210()	0	0	unknown	true		6	942	55	15	1909
urn:ure:t6:occ:function:current-client:00859300	0x00859300	xbuild-enriched-full	true	00859300	FUN_00859300	undefined FUN_00859300()	0	0	unknown	true		12	764	93	21	2771
urn:ure:t6:occ:function:current-client:00859530	0x00859530	xbuild-enriched-full	true	00859530	FUN_00859530	undefined FUN_00859530()	0	0	unknown	true		7	587	77	16	2351
urn:ure:t6:occ:function:current-client:00859d20	0x00859d20	xbuild-enriched-full	true	00859d20	FUN_00859d20	undefined FUN_00859d20()	0	0	unknown	true		46	2894	231	63	7576
urn:ure:t6:occ:function:current-client:0085b370	0x0085b370	xbuild-enriched-full	true	0085b370	FUN_0085b370	undefined FUN_0085b370()	0	0	unknown	true		6	1253	60	13	2067
urn:ure:t6:occ:function:current-client:0085b410	0x0085b410	xbuild-enriched-full	true	0085b410	FUN_0085b410	undefined FUN_0085b410()	0	0	unknown	true		16	1840	106	30	3337
urn:ure:t6:occ:function:current-client:0085b550	0x0085b550	xbuild-enriched-full	true	0085b550	FUN_0085b550	undefined FUN_0085b550()	0	0	unknown	true		25	1295	98	20	3143
urn:ure:t6:occ:function:current-client:0085b9c0	0x0085b9c0	xbuild-enriched-full	true	0085b9c0	FUN_0085b9c0	undefined FUN_0085b9c0()	0	0	unknown	true		32	2791	218	54	7397
urn:ure:t6:occ:function:current-client:0085bcb0	0x0085bcb0	xbuild-enriched-full	true	0085bcb0	FUN_0085bcb0	undefined FUN_0085bcb0()	0	0	unknown	true		14	1481	119	27	3785
urn:ure:t6:occ:function:current-client:0085c140	0x0085c140	xbuild-enriched-full	true	0085c140	FUN_0085c140	undefined FUN_0085c140()	0	0	unknown	true		13	2663	135	21	5350
urn:ure:t6:occ:function:current-client:0085c320	0x0085c320	xbuild-enriched-full	true	0085c320	FUN_0085c320	undefined FUN_0085c320()	0	0	unknown	true		32	4843	278	43	11191
urn:ure:t6:occ:function:current-client:0085caa0	0x0085caa0	xbuild-enriched-full	true	0085caa0	FUN_0085caa0	undefined FUN_0085caa0()	0	0	unknown	true		4	870	29	5	1269
urn:ure:t6:occ:function:current-client:0085cb30	0x0085cb30	xbuild-enriched-full	true	0085cb30	FUN_0085cb30	undefined FUN_0085cb30()	0	0	unknown	true		3	377	26	7	833
urn:ure:t6:occ:function:current-client:0085cb70	0x0085cb70	xbuild-enriched-full	true	0085cb70	FUN_0085cb70	undefined FUN_0085cb70()	0	0	unknown	true		4	917	41	8	1312
urn:ure:t6:occ:function:current-client:0085cbd0	0x0085cbd0	xbuild-enriched-full	true	0085cbd0	FUN_0085cbd0	undefined FUN_0085cbd0()	0	0	unknown	true		3	264	24	5	814
urn:ure:t6:occ:function:current-client:0085cc10	0x0085cc10	xbuild-enriched-full	true	0085cc10	FUN_0085cc10	undefined FUN_0085cc10()	0	0	unknown	true		7	1244	77	16	2460
urn:ure:t6:occ:function:current-client:0085cd00	0x0085cd00	xbuild-enriched-full	true	0085cd00	FUN_0085cd00	undefined FUN_0085cd00()	0	0	unknown	true		14	2359	109	38	4451
urn:ure:t6:occ:function:current-client:0085cec0	0x0085cec0	xbuild-enriched-full	true	0085cec0	FUN_0085cec0	undefined FUN_0085cec0()	0	0	unknown	true		4	724	29	11	1120
urn:ure:t6:occ:function:current-client:0085cf20	0x0085cf20	xbuild-enriched-full	true	0085cf20	FUN_0085cf20	undefined FUN_0085cf20()	0	0	unknown	true		4	708	30	14	1156
urn:ure:t6:occ:function:current-client:0085cf90	0x0085cf90	xbuild-enriched-full	true	0085cf90	FUN_0085cf90	undefined FUN_0085cf90()	0	0	unknown	true		25	4511	249	36	10562
urn:ure:t6:occ:function:current-client:0085d400	0x0085d400	xbuild-enriched-full	true	0085d400	FUN_0085d400	undefined FUN_0085d400()	0	0	unknown	true		7	1269	66	13	2460
urn:ure:t6:occ:function:current-client:0085d4e0	0x0085d4e0	xbuild-enriched-full	true	0085d4e0	FUN_0085d4e0	undefined FUN_0085d4e0()	0	0	unknown	true		113	11413	432	130	17461
urn:ure:t6:occ:function:current-client:0085dbe0	0x0085dbe0	xbuild-enriched-full	true	0085dbe0	FUN_0085dbe0	undefined FUN_0085dbe0()	0	0	unknown	true		19	2631	121	34	4985
urn:ure:t6:occ:function:current-client:0085ddd0	0x0085ddd0	xbuild-enriched-full	true	0085ddd0	FUN_0085ddd0	undefined FUN_0085ddd0()	0	0	unknown	true		7	1258	46	15	2189
urn:ure:t6:occ:function:current-client:0085dea0	0x0085dea0	xbuild-enriched-full	true	0085dea0	FUN_0085dea0	undefined FUN_0085dea0()	0	0	unknown	true		9	1582	55	19	2557
urn:ure:t6:occ:function:current-client:0085dfa0	0x0085dfa0	xbuild-enriched-full	true	0085dfa0	FUN_0085dfa0	undefined FUN_0085dfa0()	0	0	unknown	true		7	916	61	8	1995
urn:ure:t6:occ:function:current-client:0085e040	0x0085e040	xbuild-enriched-full	true	0085e040	FUN_0085e040	undefined FUN_0085e040()	0	0	unknown	true		7	872	52	12	1708
urn:ure:t6:occ:function:current-client:0085e0e0	0x0085e0e0	xbuild-enriched-full	true	0085e0e0	FUN_0085e0e0	undefined FUN_0085e0e0()	0	0	unknown	true		3	614	29	13	1074
urn:ure:t6:occ:function:current-client:0085e140	0x0085e140	xbuild-enriched-full	true	0085e140	FUN_0085e140	undefined FUN_0085e140()	0	0	unknown	true		22	2777	176	42	6981
urn:ure:t6:occ:function:current-client:0085e420	0x0085e420	xbuild-enriched-full	true	0085e420	FUN_0085e420	undefined FUN_0085e420()	0	0	unknown	true		3	908	22	2	1229
urn:ure:t6:occ:function:current-client:0085e4b0	0x0085e4b0	xbuild-enriched-full	true	0085e4b0	FUN_0085e4b0	undefined FUN_0085e4b0()	0	0	unknown	true		3	902	28	2	1443
urn:ure:t6:occ:function:current-client:0085e550	0x0085e550	xbuild-enriched-full	true	0085e550	FUN_0085e550	undefined FUN_0085e550()	0	0	unknown	true		6	1087	61	15	2212
urn:ure:t6:occ:function:current-client:0085e780	0x0085e780	xbuild-enriched-full	true	0085e780	FUN_0085e780	undefined FUN_0085e780()	0	0	unknown	true		3	211	28	7	976
urn:ure:t6:occ:function:current-client:0085e7e0	0x0085e7e0	xbuild-enriched-full	true	0085e7e0	FUN_0085e7e0	undefined FUN_0085e7e0()	0	0	unknown	true		3	211	29	7	970
urn:ure:t6:occ:function:current-client:0085e840	0x0085e840	xbuild-enriched-full	true	0085e840	FUN_0085e840	undefined FUN_0085e840()	0	0	unknown	true		2	358	16	4	678
urn:ure:t6:occ:function:current-client:0085e880	0x0085e880	xbuild-enriched-full	true	0085e880	FUN_0085e880	undefined FUN_0085e880()	0	0	unknown	true		7	1295	64	9	2776
urn:ure:t6:occ:function:current-client:0085e990	0x0085e990	xbuild-enriched-full	true	0085e990	FUN_0085e990	undefined FUN_0085e990()	0	0	unknown	true		8	1212	88	24	2762
urn:ure:t6:occ:function:current-client:0085eb80	0x0085eb80	xbuild-enriched-full	true	0085eb80	FUN_0085eb80	undefined FUN_0085eb80()	0	0	unknown	true		13	2264	96	24	4123
urn:ure:t6:occ:function:current-client:0085ed40	0x0085ed40	xbuild-enriched-full	true	0085ed40	FUN_0085ed40	undefined FUN_0085ed40()	0	0	unknown	true		11	1838	98	16	3759
urn:ure:t6:occ:function:current-client:0085eec0	0x0085eec0	xbuild-enriched-full	true	0085eec0	FUN_0085eec0	undefined FUN_0085eec0()	0	0	unknown	true		6	1320	63	8	2528
urn:ure:t6:occ:function:current-client:0085efb0	0x0085efb0	xbuild-enriched-full	true	0085efb0	FUN_0085efb0	undefined FUN_0085efb0()	0	0	unknown	true		12	1959	118	23	5086
urn:ure:t6:occ:function:current-client:0085f1e0	0x0085f1e0	xbuild-enriched-full	true	0085f1e0	FUN_0085f1e0	undefined FUN_0085f1e0()	0	0	unknown	true		12	2538	130	25	5985
urn:ure:t6:occ:function:current-client:0085f4b0	0x0085f4b0	xbuild-enriched-full	true	0085f4b0	FUN_0085f4b0	undefined FUN_0085f4b0()	0	0	unknown	true		10	1817	99	7	4166
urn:ure:t6:occ:function:current-client:0085f680	0x0085f680	xbuild-enriched-full	true	0085f680	FUN_0085f680	undefined FUN_0085f680()	0	0	unknown	true		11	2288	94	16	3708
urn:ure:t6:occ:function:current-client:0085f7d0	0x0085f7d0	xbuild-enriched-full	true	0085f7d0	FUN_0085f7d0	undefined FUN_0085f7d0()	0	0	unknown	true		2	389	22	7	881
urn:ure:t6:occ:function:current-client:0085f820	0x0085f820	xbuild-enriched-full	true	0085f820	FUN_0085f820	undefined FUN_0085f820()	0	0	unknown	true		42	5115	263	47	10792
urn:ure:t6:occ:function:current-client:0085fca0	0x0085fca0	xbuild-enriched-full	true	0085fca0	FUN_0085fca0	undefined FUN_0085fca0()	0	0	unknown	true		3	754	25	2	1245
urn:ure:t6:occ:function:current-client:0085fd20	0x0085fd20	xbuild-enriched-full	true	0085fd20	FUN_0085fd20	undefined FUN_0085fd20()	0	0	unknown	true		139	10053	629	142	24506
urn:ure:t6:occ:function:current-client:00860770	0x00860770	xbuild-enriched-full	true	00860770	FUN_00860770	undefined FUN_00860770()	0	0	unknown	true		126	8784	497	107	20423
urn:ure:t6:occ:function:current-client:00861040	0x00861040	xbuild-enriched-full	true	00861040	FUN_00861040	undefined FUN_00861040()	0	0	unknown	true		3	388	30	8	1019
urn:ure:t6:occ:function:current-client:00861090	0x00861090	xbuild-enriched-full	true	00861090	FUN_00861090	undefined FUN_00861090()	0	0	unknown	true		7	1366	63	13	2836
urn:ure:t6:occ:function:current-client:008611d0	0x008611d0	xbuild-enriched-full	true	008611d0	FUN_008611d0	undefined FUN_008611d0()	0	0	unknown	true		11	1787	98	21	3864
urn:ure:t6:occ:function:current-client:00861370	0x00861370	xbuild-enriched-full	true	00861370	FUN_00861370	undefined FUN_00861370()	0	0	unknown	true		3	377	26	6	1041
urn:ure:t6:occ:function:current-client:008613d0	0x008613d0	xbuild-enriched-full	true	008613d0	FUN_008613d0	undefined FUN_008613d0()	0	0	unknown	true		5	781	36	9	1400
urn:ure:t6:occ:function:current-client:00861450	0x00861450	xbuild-enriched-full	true	00861450	FUN_00861450	undefined FUN_00861450()	0	0	unknown	true		19	3311	187	23	8062
urn:ure:t6:occ:function:current-client:00861790	0x00861790	xbuild-enriched-full	true	00861790	FUN_00861790	undefined FUN_00861790()	0	0	unknown	true		13	2706	130	28	5453
urn:ure:t6:occ:function:current-client:00861aa0	0x00861aa0	xbuild-enriched-full	true	00861aa0	FUN_00861aa0	undefined FUN_00861aa0()	0	0	unknown	true		12	2035	95	25	4258
urn:ure:t6:occ:function:current-client:00861c80	0x00861c80	xbuild-enriched-full	true	00861c80	FUN_00861c80	undefined FUN_00861c80()	0	0	unknown	true		13	1969	116	32	4815
urn:ure:t6:occ:function:current-client:00861e80	0x00861e80	xbuild-enriched-full	true	00861e80	FUN_00861e80	undefined FUN_00861e80()	0	0	unknown	true		16	2509	194	28	8003
urn:ure:t6:occ:function:current-client:008621d0	0x008621d0	xbuild-enriched-full	true	008621d0	FUN_008621d0	undefined FUN_008621d0()	0	0	unknown	true		13	2792	147	21	6025
urn:ure:t6:occ:function:current-client:00862470	0x00862470	xbuild-enriched-full	true	00862470	FUN_00862470	undefined FUN_00862470()	0	0	unknown	true		7	1041	59	15	2487
urn:ure:t6:occ:function:current-client:00862580	0x00862580	xbuild-enriched-full	true	00862580	FUN_00862580	undefined FUN_00862580()	0	0	unknown	true		5	971	53	11	2113
urn:ure:t6:occ:function:current-client:00862660	0x00862660	xbuild-enriched-full	true	00862660	FUN_00862660	undefined FUN_00862660()	0	0	unknown	true		5	903	55	10	2466
urn:ure:t6:occ:function:current-client:00862760	0x00862760	xbuild-enriched-full	true	00862760	FUN_00862760	undefined FUN_00862760()	0	0	unknown	true		11	2382	108	24	4728
urn:ure:t6:occ:function:current-client:00862950	0x00862950	xbuild-enriched-full	true	00862950	FUN_00862950	undefined FUN_00862950()	0	0	unknown	true		6	993	44	15	1906
urn:ure:t6:occ:function:current-client:00862a20	0x00862a20	xbuild-enriched-full	true	00862a20	FUN_00862a20	undefined FUN_00862a20()	0	0	unknown	true		28	4628	245	49	10891
urn:ure:t6:occ:function:current-client:00862ee0	0x00862ee0	xbuild-enriched-full	true	00862ee0	FUN_00862ee0	undefined FUN_00862ee0()	0	0	unknown	true		4	865	39	5	1828
urn:ure:t6:occ:function:current-client:00862fb0	0x00862fb0	xbuild-enriched-full	true	00862fb0	FUN_00862fb0	undefined FUN_00862fb0()	0	0	unknown	true		6	1152	55	9	2524
urn:ure:t6:occ:function:current-client:008630c0	0x008630c0	xbuild-enriched-full	true	008630c0	FUN_008630c0	undefined FUN_008630c0()	0	0	unknown	true		23	3280	231	26	9512
urn:ure:t6:occ:function:current-client:008634a0	0x008634a0	xbuild-enriched-full	true	008634a0	FUN_008634a0	undefined FUN_008634a0()	0	0	unknown	true		8	1446	86	12	3407
urn:ure:t6:occ:function:current-client:008635f0	0x008635f0	xbuild-enriched-full	true	008635f0	FUN_008635f0	undefined FUN_008635f0()	0	0	unknown	true		6	1591	59	2	3112
urn:ure:t6:occ:function:current-client:00863770	0x00863770	xbuild-enriched-full	true	00863770	FUN_00863770	undefined FUN_00863770()	0	0	unknown	true		4	775	7	2	361
urn:ure:t6:occ:function:current-client:00863783	0x00863783	xbuild-enriched-full	true	00863783	FUN_00863783	undefined FUN_00863783()	0	0	unknown	true		4	699	38	11	1388
urn:ure:t6:occ:function:current-client:00863810	0x00863810	xbuild-enriched-full	true	00863810	FUN_00863810	undefined FUN_00863810()	0	0	unknown	true		4	1146	35	3	1802
urn:ure:t6:occ:function:current-client:008638e0	0x008638e0	xbuild-enriched-full	true	008638e0	FUN_008638e0	undefined FUN_008638e0()	0	0	unknown	true		55	8708	373	67	15715
urn:ure:t6:occ:function:current-client:00863f80	0x00863f80	xbuild-enriched-full	true	00863f80	FUN_00863f80	undefined FUN_00863f80()	0	0	unknown	true		4	635	31	6	1209
urn:ure:t6:occ:function:current-client:00863ff0	0x00863ff0	xbuild-enriched-full	true	00863ff0	FUN_00863ff0	undefined FUN_00863ff0()	0	0	unknown	true		3	693	29	6	1132
urn:ure:t6:occ:function:current-client:00864050	0x00864050	xbuild-enriched-full	true	00864050	FUN_00864050	undefined FUN_00864050()	0	0	unknown	true		45	4857	268	69	10544
urn:ure:t6:occ:function:current-client:00864490	0x00864490	xbuild-enriched-full	true	00864490	FUN_00864490	undefined FUN_00864490()	0	0	unknown	true		111	9285	493	114	19760
urn:ure:t6:occ:function:current-client:00864cd0	0x00864cd0	xbuild-enriched-full	true	00864cd0	FUN_00864cd0	undefined FUN_00864cd0()	0	0	unknown	true		39	3482	239	49	9225
urn:ure:t6:occ:function:current-client:00865090	0x00865090	xbuild-enriched-full	true	00865090	FUN_00865090	undefined FUN_00865090()	0	0	unknown	true		74	8378	456	86	17952
urn:ure:t6:occ:function:current-client:00865790	0x00865790	xbuild-enriched-full	true	00865790	FUN_00865790	undefined FUN_00865790()	0	0	unknown	true		17	2488	128	28	4838
urn:ure:t6:occ:function:current-client:00865980	0x00865980	xbuild-enriched-full	true	00865980	FUN_00865980	undefined FUN_00865980()	0	0	unknown	true		18	2567	167	39	6306
urn:ure:t6:occ:function:current-client:00865c10	0x00865c10	xbuild-enriched-full	true	00865c10	FUN_00865c10	undefined FUN_00865c10()	0	0	unknown	true		75	8215	504	73	20765
urn:ure:t6:occ:function:current-client:008664b0	0x008664b0	xbuild-enriched-full	true	008664b0	FUN_008664b0	undefined FUN_008664b0()	0	0	unknown	true		97	7832	561	85	22647
urn:ure:t6:occ:function:current-client:00866df0	0x00866df0	xbuild-enriched-full	true	00866df0	FUN_00866df0	undefined FUN_00866df0()	0	0	unknown	true		69	6358	444	58	18214
urn:ure:t6:occ:function:current-client:00867570	0x00867570	xbuild-enriched-full	true	00867570	FUN_00867570	undefined FUN_00867570()	0	0	unknown	true		12	2095	105	14	4371
urn:ure:t6:occ:function:current-client:00867670	0x00867670	xbuild-enriched-full	true	00867670	FUN_00867670	undefined FUN_00867670()	0	0	unknown	true		6	633	68	17	1997
urn:ure:t6:occ:function:current-client:00867730	0x00867730	xbuild-enriched-full	true	00867730	FUN_00867730	undefined FUN_00867730()	0	0	unknown	true		25	3283	243	45	8431
urn:ure:t6:occ:function:current-client:00867a80	0x00867a80	xbuild-enriched-full	true	00867a80	FUN_00867a80	undefined FUN_00867a80()	0	0	unknown	true		26	4056	227	43	8824
urn:ure:t6:occ:function:current-client:00867e20	0x00867e20	xbuild-enriched-full	true	00867e20	FUN_00867e20	undefined FUN_00867e20()	0	0	unknown	true		12	1765	115	17	4193
urn:ure:t6:occ:function:current-client:00867fa0	0x00867fa0	xbuild-enriched-full	true	00867fa0	FUN_00867fa0	undefined FUN_00867fa0()	0	0	unknown	true		6	1046	59	13	2210
urn:ure:t6:occ:function:current-client:00868070	0x00868070	xbuild-enriched-full	true	00868070	FUN_00868070	undefined FUN_00868070()	0	0	unknown	true		11	1347	108	25	3642
urn:ure:t6:occ:function:current-client:008681d0	0x008681d0	xbuild-enriched-full	true	008681d0	FUN_008681d0	undefined FUN_008681d0()	0	0	unknown	true		6	498	57	17	1715
urn:ure:t6:occ:function:current-client:00868270	0x00868270	xbuild-enriched-full	true	00868270	FUN_00868270	undefined FUN_00868270()	0	0	unknown	true		6	830	66	7	2394
urn:ure:t6:occ:function:current-client:00868340	0x00868340	xbuild-enriched-full	true	00868340	FUN_00868340	undefined FUN_00868340()	0	0	unknown	true		26	2939	167	52	6013
urn:ure:t6:occ:function:current-client:00868650	0x00868650	xbuild-enriched-full	true	00868650	FUN_00868650	undefined FUN_00868650()	0	0	unknown	true		6	1506	58	5	2376
urn:ure:t6:occ:function:current-client:00868700	0x00868700	xbuild-enriched-full	true	00868700	FUN_00868700	undefined FUN_00868700()	0	0	unknown	true		10	1302	98	25	3207
urn:ure:t6:occ:function:current-client:00868820	0x00868820	xbuild-enriched-full	true	00868820	FUN_00868820	undefined FUN_00868820()	0	0	unknown	true		10	1256	98	25	3208
urn:ure:t6:occ:function:current-client:00868940	0x00868940	xbuild-enriched-full	true	00868940	FUN_00868940	undefined FUN_00868940()	0	0	unknown	true		10	1300	98	25	3205
urn:ure:t6:occ:function:current-client:00868a60	0x00868a60	xbuild-enriched-full	true	00868a60	FUN_00868a60	undefined FUN_00868a60()	0	0	unknown	true		10	1300	98	25	3205
urn:ure:t6:occ:function:current-client:00868b80	0x00868b80	xbuild-enriched-full	true	00868b80	FUN_00868b80	undefined FUN_00868b80()	0	0	unknown	true		31	4739	311	69	11435
urn:ure:t6:occ:function:current-client:00868ff0	0x00868ff0	xbuild-enriched-full	true	00868ff0	FUN_00868ff0	undefined FUN_00868ff0()	0	0	unknown	true		5	961	47	15	1886
urn:ure:t6:occ:function:current-client:008690a0	0x008690a0	xbuild-enriched-full	true	008690a0	FUN_008690a0	undefined FUN_008690a0()	0	0	unknown	true		16	3322	151	29	6082
urn:ure:t6:occ:function:current-client:008692f0	0x008692f0	xbuild-enriched-full	true	008692f0	FUN_008692f0	undefined FUN_008692f0()	0	0	unknown	true		9	1692	84	10	3501
urn:ure:t6:occ:function:current-client:00869440	0x00869440	xbuild-enriched-full	true	00869440	FUN_00869440	undefined FUN_00869440()	0	0	unknown	true		6	1081	59	9	2284
urn:ure:t6:occ:function:current-client:00869510	0x00869510	xbuild-enriched-full	true	00869510	FUN_00869510	undefined FUN_00869510()	0	0	unknown	true		29	5521	303	54	11943
urn:ure:t6:occ:function:current-client:008699b0	0x008699b0	xbuild-enriched-full	true	008699b0	FUN_008699b0	undefined FUN_008699b0()	0	0	unknown	true		28	4898	243	46	9516
urn:ure:t6:occ:function:current-client:00869d60	0x00869d60	xbuild-enriched-full	true	00869d60	FUN_00869d60	undefined FUN_00869d60()	0	0	unknown	true		4	601	30	10	1048
urn:ure:t6:occ:function:current-client:00869dd0	0x00869dd0	xbuild-enriched-full	true	00869dd0	FUN_00869dd0	undefined FUN_00869dd0()	0	0	unknown	true		6	1063	61	10	2363
urn:ure:t6:occ:function:current-client:00869ea0	0x00869ea0	xbuild-enriched-full	true	00869ea0	FUN_00869ea0	undefined FUN_00869ea0()	0	0	unknown	true		3	494	31	3	1053
urn:ure:t6:occ:function:current-client:0086a490	0x0086a490	xbuild-enriched-full	true	0086a490	FUN_0086a490	undefined FUN_0086a490()	0	0	unknown	true		6	822	57	11	1878
urn:ure:t6:occ:function:current-client:0086a530	0x0086a530	xbuild-enriched-full	true	0086a530	FUN_0086a530	undefined FUN_0086a530()	0	0	unknown	true		5	962	45	10	1731
urn:ure:t6:occ:function:current-client:0086a5c0	0x0086a5c0	xbuild-enriched-full	true	0086a5c0	FUN_0086a5c0	undefined FUN_0086a5c0()	0	0	unknown	true		22	3871	242	22	9782
urn:ure:t6:occ:function:current-client:0086a930	0x0086a930	xbuild-enriched-full	true	0086a930	FUN_0086a930	undefined FUN_0086a930()	0	0	unknown	true		6	822	57	11	1878
urn:ure:t6:occ:function:current-client:0086a9d0	0x0086a9d0	xbuild-enriched-full	true	0086a9d0	FUN_0086a9d0	undefined FUN_0086a9d0()	0	0	unknown	true		3	833	28	7	1185
urn:ure:t6:occ:function:current-client:0086aa40	0x0086aa40	xbuild-enriched-full	true	0086aa40	FUN_0086aa40	undefined FUN_0086aa40()	0	0	unknown	true		21	3577	234	21	9421
urn:ure:t6:occ:function:current-client:0086ad60	0x0086ad60	xbuild-enriched-full	true	0086ad60	FUN_0086ad60	undefined FUN_0086ad60()	0	0	unknown	true		4	519	34	4	1382
urn:ure:t6:occ:function:current-client:0086add0	0x0086add0	xbuild-enriched-full	true	0086add0	FUN_0086add0	undefined FUN_0086add0()	0	0	unknown	true		4	584	43	11	1401
urn:ure:t6:occ:function:current-client:0086ae40	0x0086ae40	xbuild-enriched-full	true	0086ae40	FUN_0086ae40	undefined FUN_0086ae40()	0	0	unknown	true		33	4338	264	48	10554
urn:ure:t6:occ:function:current-client:0086b260	0x0086b260	xbuild-enriched-full	true	0086b260	FUN_0086b260	undefined FUN_0086b260()	0	0	unknown	true		45	3044	319	64	11142
urn:ure:t6:occ:function:current-client:0086b670	0x0086b670	xbuild-enriched-full	true	0086b670	FUN_0086b670	undefined FUN_0086b670()	0	0	unknown	true		10	1498	64	19	2076
urn:ure:t6:occ:function:current-client:0086b720	0x0086b720	xbuild-enriched-full	true	0086b720	FUN_0086b720	undefined FUN_0086b720()	0	0	unknown	true		9	1388	99	21	3272
urn:ure:t6:occ:function:current-client:0086b860	0x0086b860	xbuild-enriched-full	true	0086b860	FUN_0086b860	undefined FUN_0086b860()	0	0	unknown	true		3	533	32	10	1089
urn:ure:t6:occ:function:current-client:0086b8c0	0x0086b8c0	xbuild-enriched-full	true	0086b8c0	FUN_0086b8c0	undefined FUN_0086b8c0()	0	0	unknown	true		2	216	21	6	744
urn:ure:t6:occ:function:current-client:0086b900	0x0086b900	xbuild-enriched-full	true	0086b900	FUN_0086b900	undefined FUN_0086b900()	0	0	unknown	true		3	219	21	6	744
urn:ure:t6:occ:function:current-client:0086b940	0x0086b940	xbuild-enriched-full	true	0086b940	FUN_0086b940	undefined FUN_0086b940()	0	0	unknown	true		15	1410	113	43	3924
urn:ure:t6:occ:function:current-client:0086bb20	0x0086bb20	xbuild-enriched-full	true	0086bb20	FUN_0086bb20	undefined FUN_0086bb20()	0	0	unknown	true		5	588	66	10	1999
urn:ure:t6:occ:function:current-client:0086bbc0	0x0086bbc0	xbuild-enriched-full	true	0086bbc0	FUN_0086bbc0	undefined FUN_0086bbc0()	0	0	unknown	true		2	240	24	4	751
urn:ure:t6:occ:function:current-client:0086bc00	0x0086bc00	xbuild-enriched-full	true	0086bc00	FUN_0086bc00	undefined FUN_0086bc00()	0	0	unknown	true		5	687	55	18	1775
urn:ure:t6:occ:function:current-client:0086bcb0	0x0086bcb0	xbuild-enriched-full	true	0086bcb0	FUN_0086bcb0	undefined FUN_0086bcb0()	0	0	unknown	true		5	553	46	14	1534
urn:ure:t6:occ:function:current-client:0086bd40	0x0086bd40	xbuild-enriched-full	true	0086bd40	FUN_0086bd40	undefined FUN_0086bd40()	0	0	unknown	true		14	1503	125	53	4044
urn:ure:t6:occ:function:current-client:0086bf20	0x0086bf20	xbuild-enriched-full	true	0086bf20	FUN_0086bf20	undefined FUN_0086bf20()	0	0	unknown	true		5	588	62	10	1793
urn:ure:t6:occ:function:current-client:0086bfa0	0x0086bfa0	xbuild-enriched-full	true	0086bfa0	FUN_0086bfa0	undefined FUN_0086bfa0()	0	0	unknown	true		9	1121	98	18	2991
urn:ure:t6:occ:function:current-client:0086c0b0	0x0086c0b0	xbuild-enriched-full	true	0086c0b0	FUN_0086c0b0	undefined FUN_0086c0b0()	0	0	unknown	true		9	1470	88	35	2981
urn:ure:t6:occ:function:current-client:0086c1e0	0x0086c1e0	xbuild-enriched-full	true	0086c1e0	FUN_0086c1e0	undefined FUN_0086c1e0()	0	0	unknown	true		4	485	33	11	1100
urn:ure:t6:occ:function:current-client:0086c390	0x0086c390	xbuild-enriched-full	true	0086c390	FUN_0086c390	undefined FUN_0086c390()	0	0	unknown	true		7	202	82	22	2994
urn:ure:t6:occ:function:current-client:0086c4c0	0x0086c4c0	xbuild-enriched-full	true	0086c4c0	FUN_0086c4c0	undefined FUN_0086c4c0()	0	0	unknown	true		48	6992	417	49	17470
urn:ure:t6:occ:function:current-client:0086cc70	0x0086cc70	xbuild-enriched-full	true	0086cc70	FUN_0086cc70	undefined FUN_0086cc70()	0	0	unknown	true		15	1973	151	12	7136
urn:ure:t6:occ:function:current-client:0086cf80	0x0086cf80	xbuild-enriched-full	true	0086cf80	FUN_0086cf80	undefined FUN_0086cf80()	0	0	unknown	true		22	3127	195	32	7442
urn:ure:t6:occ:function:current-client:0086d280	0x0086d280	xbuild-enriched-full	true	0086d280	FUN_0086d280	undefined FUN_0086d280()	0	0	unknown	true		13	1944	134	32	4435
urn:ure:t6:occ:function:current-client:0086d410	0x0086d410	xbuild-enriched-full	true	0086d410	FUN_0086d410	undefined FUN_0086d410()	0	0	unknown	true		6	725	54	16	1864
urn:ure:t6:occ:function:current-client:0086d4c0	0x0086d4c0	xbuild-enriched-full	true	0086d4c0	FUN_0086d4c0	undefined FUN_0086d4c0()	0	0	unknown	true		7	1289	64	20	2466
urn:ure:t6:occ:function:current-client:0086d5d0	0x0086d5d0	xbuild-enriched-full	true	0086d5d0	FUN_0086d5d0	undefined FUN_0086d5d0()	0	0	unknown	true		3	559	29	11	1065
urn:ure:t6:occ:function:current-client:0086d630	0x0086d630	xbuild-enriched-full	true	0086d630	FUN_0086d630	undefined FUN_0086d630()	0	0	unknown	true		8	752	44	16	1642
urn:ure:t6:occ:function:current-client:0086d6d0	0x0086d6d0	xbuild-enriched-full	true	0086d6d0	FUN_0086d6d0	undefined FUN_0086d6d0()	0	0	unknown	true		2	514	17	4	643
urn:ure:t6:occ:function:current-client:0086d700	0x0086d700	xbuild-enriched-full	true	0086d700	FUN_0086d700	undefined FUN_0086d700()	0	0	unknown	true		2	473	22	6	779
urn:ure:t6:occ:function:current-client:0086d740	0x0086d740	xbuild-enriched-full	true	0086d740	FUN_0086d740	undefined FUN_0086d740()	0	0	unknown	true		4	559	46	10	1414
urn:ure:t6:occ:function:current-client:0086d7b0	0x0086d7b0	xbuild-enriched-full	true	0086d7b0	FUN_0086d7b0	undefined FUN_0086d7b0()	0	0	unknown	true		2	593	24	4	1072
urn:ure:t6:occ:function:current-client:0086d820	0x0086d820	xbuild-enriched-full	true	0086d820	FUN_0086d820	undefined FUN_0086d820()	0	0	unknown	true		7	1112	67	20	2362
urn:ure:t6:occ:function:current-client:0086d910	0x0086d910	xbuild-enriched-full	true	0086d910	FUN_0086d910	undefined FUN_0086d910()	0	0	unknown	true		195	15383	734	202	31109
urn:ure:t6:occ:function:current-client:0086e6d0	0x0086e6d0	xbuild-enriched-full	true	0086e6d0	FUN_0086e6d0	undefined FUN_0086e6d0()	0	0	unknown	true		12	1745	100	10	4265
urn:ure:t6:occ:function:current-client:0086e870	0x0086e870	xbuild-enriched-full	true	0086e870	FUN_0086e870	undefined FUN_0086e870()	0	0	unknown	true		16	2905	166	36	5635
urn:ure:t6:occ:function:current-client:0086ea70	0x0086ea70	xbuild-enriched-full	true	0086ea70	FUN_0086ea70	undefined FUN_0086ea70()	0	0	unknown	true		8	1736	80	19	3318
urn:ure:t6:occ:function:current-client:0086ebd0	0x0086ebd0	xbuild-enriched-full	true	0086ebd0	FUN_0086ebd0	undefined FUN_0086ebd0()	0	0	unknown	true		10	1493	101	27	3686
urn:ure:t6:occ:function:current-client:0086ed20	0x0086ed20	xbuild-enriched-full	true	0086ed20	FUN_0086ed20	undefined FUN_0086ed20()	0	0	unknown	true		10	1931	99	21	4005
urn:ure:t6:occ:function:current-client:0086eec0	0x0086eec0	xbuild-enriched-full	true	0086eec0	FUN_0086eec0	undefined FUN_0086eec0()	0	0	unknown	true		2	446	20	3	906
urn:ure:t6:occ:function:current-client:0086ef20	0x0086ef20	xbuild-enriched-full	true	0086ef20	FUN_0086ef20	undefined FUN_0086ef20()	0	0	unknown	true		22	3511	181	40	7303
urn:ure:t6:occ:function:current-client:0086f220	0x0086f220	xbuild-enriched-full	true	0086f220	FUN_0086f220	undefined FUN_0086f220()	0	0	unknown	true		33	4539	256	59	10002
urn:ure:t6:occ:function:current-client:0086f620	0x0086f620	xbuild-enriched-full	true	0086f620	FUN_0086f620	undefined FUN_0086f620()	0	0	unknown	true		6	1115	58	12	2449
urn:ure:t6:occ:function:current-client:0086f710	0x0086f710	xbuild-enriched-full	true	0086f710	FUN_0086f710	undefined FUN_0086f710()	0	0	unknown	true		18	2588	131	36	5131
urn:ure:t6:occ:function:current-client:0086f910	0x0086f910	xbuild-enriched-full	true	0086f910	FUN_0086f910	undefined FUN_0086f910()	0	0	unknown	true		4	660	48	5	1619
urn:ure:t6:occ:function:current-client:0086f9a0	0x0086f9a0	xbuild-enriched-full	true	0086f9a0	FUN_0086f9a0	undefined FUN_0086f9a0()	0	0	unknown	true		4	793	37	12	1364
urn:ure:t6:occ:function:current-client:0086fa10	0x0086fa10	xbuild-enriched-full	true	0086fa10	FUN_0086fa10	undefined FUN_0086fa10()	0	0	unknown	true		24	3222	228	34	8251
urn:ure:t6:occ:function:current-client:0086fd30	0x0086fd30	xbuild-enriched-full	true	0086fd30	FUN_0086fd30	undefined FUN_0086fd30()	0	0	unknown	true		2	282	23	3	760
urn:ure:t6:occ:function:current-client:0086fd70	0x0086fd70	xbuild-enriched-full	true	0086fd70	FUN_0086fd70	undefined FUN_0086fd70()	0	0	unknown	true		9	1343	100	15	3540
urn:ure:t6:occ:function:current-client:0086fec0	0x0086fec0	xbuild-enriched-full	true	0086fec0	FUN_0086fec0	undefined FUN_0086fec0()	0	0	unknown	true		11	1752	109	27	3622
urn:ure:t6:occ:function:current-client:00870000	0x00870000	xbuild-enriched-full	true	00870000	FUN_00870000	undefined FUN_00870000()	0	0	unknown	true		15	2447	158	41	5337
urn:ure:t6:occ:function:current-client:008701f0	0x008701f0	xbuild-enriched-full	true	008701f0	FUN_008701f0	undefined FUN_008701f0()	0	0	unknown	true		20	2872	168	45	6036
urn:ure:t6:occ:function:current-client:00870440	0x00870440	xbuild-enriched-full	true	00870440	FUN_00870440	undefined FUN_00870440()	0	0	unknown	true		13	1850	126	31	4174
urn:ure:t6:occ:function:current-client:008706a0	0x008706a0	xbuild-enriched-full	true	008706a0	FUN_008706a0	undefined FUN_008706a0()	0	0	unknown	true		11	1820	112	31	3891
urn:ure:t6:occ:function:current-client:00870820	0x00870820	xbuild-enriched-full	true	00870820	FUN_00870820	undefined FUN_00870820()	0	0	unknown	true		11	1814	114	18	4557
urn:ure:t6:occ:function:current-client:00870a10	0x00870a10	xbuild-enriched-full	true	00870a10	FUN_00870a10	undefined FUN_00870a10()	0	0	unknown	true		110	7810	602	83	24140
urn:ure:t6:occ:function:current-client:00871410	0x00871410	xbuild-enriched-full	true	00871410	FUN_00871410	undefined FUN_00871410()	0	0	unknown	true		22	3684	174	33	6871
urn:ure:t6:occ:function:current-client:008716d0	0x008716d0	xbuild-enriched-full	true	008716d0	FUN_008716d0	undefined FUN_008716d0()	0	0	unknown	true		5	762	47	12	1743
urn:ure:t6:occ:function:current-client:00871770	0x00871770	xbuild-enriched-full	true	00871770	FUN_00871770	undefined FUN_00871770()	0	0	unknown	true		7	977	66	12	2316
urn:ure:t6:occ:function:current-client:00871850	0x00871850	xbuild-enriched-full	true	00871850	FUN_00871850	undefined FUN_00871850()	0	0	unknown	true		3	514	23	5	868
urn:ure:t6:occ:function:current-client:008718b0	0x008718b0	xbuild-enriched-full	true	008718b0	FUN_008718b0	undefined FUN_008718b0()	0	0	unknown	true		6	752	46	7	1715
urn:ure:t6:occ:function:current-client:00871940	0x00871940	xbuild-enriched-full	true	00871940	FUN_00871940	undefined FUN_00871940()	0	0	unknown	true		17	2680	183	24	7561
urn:ure:t6:occ:function:current-client:00871c60	0x00871c60	xbuild-enriched-full	true	00871c60	FUN_00871c60	undefined FUN_00871c60()	0	0	unknown	true		8	1253	82	11	3517
urn:ure:t6:occ:function:current-client:00871dd0	0x00871dd0	xbuild-enriched-full	true	00871dd0	FUN_00871dd0	undefined FUN_00871dd0()	0	0	unknown	true		13	1772	121	19	4609
urn:ure:t6:occ:function:current-client:00871f90	0x00871f90	xbuild-enriched-full	true	00871f90	FUN_00871f90	undefined FUN_00871f90()	0	0	unknown	true		16	2000	159	34	5532
urn:ure:t6:occ:function:current-client:00872190	0x00872190	xbuild-enriched-full	true	00872190	FUN_00872190	undefined FUN_00872190()	0	0	unknown	true		4	918	43	1	1808
urn:ure:t6:occ:function:current-client:00872240	0x00872240	xbuild-enriched-full	true	00872240	FUN_00872240	undefined FUN_00872240()	0	0	unknown	true		15	1343	80	14	2634
urn:ure:t6:occ:function:current-client:00872380	0x00872380	xbuild-enriched-full	true	00872380	FUN_00872380	undefined FUN_00872380()	0	0	unknown	true		15	1706	97	14	3242
urn:ure:t6:occ:function:current-client:008724d0	0x008724d0	xbuild-enriched-full	true	008724d0	FUN_008724d0	undefined FUN_008724d0()	0	0	unknown	true		2	302	17	6	609
urn:ure:t6:occ:function:current-client:00872500	0x00872500	xbuild-enriched-full	true	00872500	FUN_00872500	undefined FUN_00872500()	0	0	unknown	true		6	1652	69	23	2079
urn:ure:t6:occ:function:current-client:008725a0	0x008725a0	xbuild-enriched-full	true	008725a0	FUN_008725a0	undefined FUN_008725a0()	0	0	unknown	true		13	2601	155	45	4493
urn:ure:t6:occ:function:current-client:00872700	0x00872700	xbuild-enriched-full	true	00872700	FUN_00872700	undefined FUN_00872700()	0	0	unknown	true		15	3172	175	53	5134
urn:ure:t6:occ:function:current-client:008728a0	0x008728a0	xbuild-enriched-full	true	008728a0	FUN_008728a0	undefined FUN_008728a0()	0	0	unknown	true		6	1254	70	21	2121
urn:ure:t6:occ:function:current-client:00872a50	0x00872a50	xbuild-enriched-full	true	00872a50	FUN_00872a50	undefined FUN_00872a50()	0	0	unknown	true		21	3607	220	45	6965
urn:ure:t6:occ:function:current-client:00872cb0	0x00872cb0	xbuild-enriched-full	true	00872cb0	FUN_00872cb0	undefined FUN_00872cb0()	0	0	unknown	true		2	237	20	2	670
urn:ure:t6:occ:function:current-client:00872ce0	0x00872ce0	xbuild-enriched-full	true	00872ce0	FUN_00872ce0	undefined FUN_00872ce0()	0	0	unknown	true		1	129	7	1	310
urn:ure:t6:occ:function:current-client:00872d20	0x00872d20	xbuild-enriched-full	true	00872d20	FUN_00872d20	undefined FUN_00872d20()	0	0	unknown	true		5	607	56	18	1706
urn:ure:t6:occ:function:current-client:00872e40	0x00872e40	xbuild-enriched-full	true	00872e40	FUN_00872e40	undefined FUN_00872e40()	0	0	unknown	true		5	744	44	21	1615
urn:ure:t6:occ:function:current-client:00872ee0	0x00872ee0	xbuild-enriched-full	true	00872ee0	FUN_00872ee0	undefined FUN_00872ee0()	0	0	unknown	true		9	2297	98	19	3906
urn:ure:t6:occ:function:current-client:00873050	0x00873050	xbuild-enriched-full	true	00873050	FUN_00873050	undefined FUN_00873050()	0	0	unknown	true		4	1396	45	6	2095
urn:ure:t6:occ:function:current-client:00873120	0x00873120	xbuild-enriched-full	true	00873120	FUN_00873120	undefined FUN_00873120()	0	0	unknown	true		20	3098	173	44	6053
urn:ure:t6:occ:function:current-client:00873360	0x00873360	xbuild-enriched-full	true	00873360	FUN_00873360	undefined FUN_00873360()	0	0	unknown	true		3	763	32	8	1181
urn:ure:t6:occ:function:current-client:008733d0	0x008733d0	xbuild-enriched-full	true	008733d0	FUN_008733d0	undefined FUN_008733d0()	0	0	unknown	true		10	1472	109	20	3726
urn:ure:t6:occ:function:current-client:00873510	0x00873510	xbuild-enriched-full	true	00873510	FUN_00873510	undefined FUN_00873510()	0	0	unknown	true		26	3877	197	52	7668
urn:ure:t6:occ:function:current-client:008738c0	0x008738c0	xbuild-enriched-full	true	008738c0	FUN_008738c0	undefined FUN_008738c0()	0	0	unknown	true		2	282	26	4	870
urn:ure:t6:occ:function:current-client:00873900	0x00873900	xbuild-enriched-full	true	00873900	FUN_00873900	undefined FUN_00873900()	0	0	unknown	true		4	757	39	13	1412
urn:ure:t6:occ:function:current-client:00873a00	0x00873a00	xbuild-enriched-full	true	00873a00	FUN_00873a00	undefined FUN_00873a00()	0	0	unknown	true		5	958	52	8	1828
urn:ure:t6:occ:function:current-client:00873aa0	0x00873aa0	xbuild-enriched-full	true	00873aa0	FUN_00873aa0	undefined FUN_00873aa0()	0	0	unknown	true		10	2063	107	33	3503
urn:ure:t6:occ:function:current-client:00873c20	0x00873c20	xbuild-enriched-full	true	00873c20	FUN_00873c20	undefined FUN_00873c20()	0	0	unknown	true		3	469	35	7	1111
urn:ure:t6:occ:function:current-client:00873d40	0x00873d40	xbuild-enriched-full	true	00873d40	FUN_00873d40	undefined FUN_00873d40()	0	0	unknown	true		5	881	57	9	1760
urn:ure:t6:occ:function:current-client:00873dc0	0x00873dc0	xbuild-enriched-full	true	00873dc0	FUN_00873dc0	undefined FUN_00873dc0()	0	0	unknown	true		6	919	54	10	1752
urn:ure:t6:occ:function:current-client:00873e50	0x00873e50	xbuild-enriched-full	true	00873e50	FUN_00873e50	undefined FUN_00873e50()	0	0	unknown	true		18	3202	178	58	6156
urn:ure:t6:occ:function:current-client:00874080	0x00874080	xbuild-enriched-full	true	00874080	FUN_00874080	undefined FUN_00874080()	0	0	unknown	true		9	1229	83	26	2714
urn:ure:t6:occ:function:current-client:008741f0	0x008741f0	xbuild-enriched-full	true	008741f0	FUN_008741f0	undefined FUN_008741f0()	0	0	unknown	true		13	2011	135	36	4562
urn:ure:t6:occ:function:current-client:00874370	0x00874370	xbuild-enriched-full	true	00874370	FUN_00874370	undefined FUN_00874370()	0	0	unknown	true		10	1292	88	27	2897
urn:ure:t6:occ:function:current-client:00874a10	0x00874a10	xbuild-enriched-full	true	00874a10	FUN_00874a10	undefined FUN_00874a10()	0	0	unknown	true		8	1214	69	26	2504
urn:ure:t6:occ:function:current-client:00874b40	0x00874b40	xbuild-enriched-full	true	00874b40	FUN_00874b40	undefined FUN_00874b40()	0	0	unknown	true		30	2318	206	56	6875
urn:ure:t6:occ:function:current-client:00874e00	0x00874e00	xbuild-enriched-full	true	00874e00	FUN_00874e00	undefined FUN_00874e00()	0	0	unknown	true		31	2305	228	57	7354
urn:ure:t6:occ:function:current-client:00875200	0x00875200	xbuild-enriched-full	true	00875200	FUN_00875200	undefined FUN_00875200()	0	0	unknown	true		19	2649	136	30	4817
urn:ure:t6:occ:function:current-client:008754b0	0x008754b0	xbuild-enriched-full	true	008754b0	FUN_008754b0	undefined FUN_008754b0()	0	0	unknown	true		8	925	68	25	2260
urn:ure:t6:occ:function:current-client:00875590	0x00875590	xbuild-enriched-full	true	00875590	FUN_00875590	undefined FUN_00875590()	0	0	unknown	true		8	931	69	25	2282
urn:ure:t6:occ:function:current-client:00875670	0x00875670	xbuild-enriched-full	true	00875670	FUN_00875670	undefined FUN_00875670()	0	0	unknown	true		6	737	48	9	1642
urn:ure:t6:occ:function:current-client:00875710	0x00875710	xbuild-enriched-full	true	00875710	FUN_00875710	undefined FUN_00875710()	0	0	unknown	true		4	561	42	6	1349
urn:ure:t6:occ:function:current-client:00875770	0x00875770	xbuild-enriched-full	true	00875770	FUN_00875770	undefined FUN_00875770()	0	0	unknown	true		3	299	31	6	1104
urn:ure:t6:occ:function:current-client:008757e0	0x008757e0	xbuild-enriched-full	true	008757e0	FUN_008757e0	undefined FUN_008757e0()	0	0	unknown	true		3	407	25	14	1059
urn:ure:t6:occ:function:current-client:00875850	0x00875850	xbuild-enriched-full	true	00875850	FUN_00875850	undefined FUN_00875850()	0	0	unknown	true		19	2777	195	72	6126
urn:ure:t6:occ:function:current-client:00875ae0	0x00875ae0	xbuild-enriched-full	true	00875ae0	FUN_00875ae0	undefined FUN_00875ae0()	0	0	unknown	true		3	966	25	1	1407
urn:ure:t6:occ:function:current-client:00875b70	0x00875b70	xbuild-enriched-full	true	00875b70	FUN_00875b70	undefined FUN_00875b70()	0	0	unknown	true		4	1278	40	1	1950
urn:ure:t6:occ:function:current-client:00875d70	0x00875d70	xbuild-enriched-full	true	00875d70	FUN_00875d70	undefined FUN_00875d70()	0	0	unknown	true		4	693	43	10	1418
urn:ure:t6:occ:function:current-client:00876000	0x00876000	xbuild-enriched-full	true	00876000	FUN_00876000	undefined FUN_00876000()	0	0	unknown	true		5	645	59	8	1802
urn:ure:t6:occ:function:current-client:008760f0	0x008760f0	xbuild-enriched-full	true	008760f0	FUN_008760f0	undefined FUN_008760f0()	0	0	unknown	true		4	707	53	9	1767
urn:ure:t6:occ:function:current-client:008762a0	0x008762a0	xbuild-enriched-full	true	008762a0	FUN_008762a0	undefined FUN_008762a0()	0	0	unknown	true		3	409	37	16	1182
urn:ure:t6:occ:function:current-client:00876310	0x00876310	xbuild-enriched-full	true	00876310	FUN_00876310	undefined FUN_00876310()	0	0	unknown	true		2	421	16	3	680
urn:ure:t6:occ:function:current-client:00876340	0x00876340	xbuild-enriched-full	true	00876340	FUN_00876340	undefined FUN_00876340()	0	0	unknown	true		8	1269	88	35	3018
urn:ure:t6:occ:function:current-client:00876540	0x00876540	xbuild-enriched-full	true	00876540	FUN_00876540	undefined FUN_00876540()	0	0	unknown	true		10	1088	100	28	3137
urn:ure:t6:occ:function:current-client:00876660	0x00876660	xbuild-enriched-full	true	00876660	FUN_00876660	undefined FUN_00876660()	0	0	unknown	true		8	1519	78	22	2623
urn:ure:t6:occ:function:current-client:00876750	0x00876750	xbuild-enriched-full	true	00876750	FUN_00876750	undefined FUN_00876750()	0	0	unknown	true		7	1293	58	17	2257
urn:ure:t6:occ:function:current-client:00876830	0x00876830	xbuild-enriched-full	true	00876830	FUN_00876830	undefined FUN_00876830()	0	0	unknown	true		8	1262	97	22	2922
urn:ure:t6:occ:function:current-client:00876960	0x00876960	xbuild-enriched-full	true	00876960	FUN_00876960	undefined FUN_00876960()	0	0	unknown	true		12	1054	85	16	2620
urn:ure:t6:occ:function:current-client:00876b00	0x00876b00	xbuild-enriched-full	true	00876b00	FUN_00876b00	undefined FUN_00876b00()	0	0	unknown	true		12	1772	101	21	3312
urn:ure:t6:occ:function:current-client:00876c20	0x00876c20	xbuild-enriched-full	true	00876c20	FUN_00876c20	undefined FUN_00876c20()	0	0	unknown	true		5	841	39	7	1411
urn:ure:t6:occ:function:current-client:00876f30	0x00876f30	xbuild-enriched-full	true	00876f30	FUN_00876f30	undefined FUN_00876f30()	0	0	unknown	true		6	888	68	8	2223
urn:ure:t6:occ:function:current-client:00876fe0	0x00876fe0	xbuild-enriched-full	true	00876fe0	FUN_00876fe0	undefined FUN_00876fe0()	0	0	unknown	true		10	1251	99	27	3480
urn:ure:t6:occ:function:current-client:00877170	0x00877170	xbuild-enriched-full	true	00877170	FUN_00877170	undefined FUN_00877170()	0	0	unknown	true		7	906	65	14	2041
urn:ure:t6:occ:function:current-client:00877340	0x00877340	xbuild-enriched-full	true	00877340	FUN_00877340	undefined FUN_00877340()	0	0	unknown	true		3	409	24	4	969
urn:ure:t6:occ:function:current-client:00877490	0x00877490	xbuild-enriched-full	true	00877490	FUN_00877490	undefined FUN_00877490()	0	0	unknown	true		3	407	25	3	935
urn:ure:t6:occ:function:current-client:008774e0	0x008774e0	xbuild-enriched-full	true	008774e0	FUN_008774e0	undefined FUN_008774e0()	0	0	unknown	true		7	840	60	15	1964
urn:ure:t6:occ:function:current-client:00877820	0x00877820	xbuild-enriched-full	true	00877820	FUN_00877820	undefined FUN_00877820()	0	0	unknown	true		6	1017	54	5	1909
urn:ure:t6:occ:function:current-client:008778c0	0x008778c0	xbuild-enriched-full	true	008778c0	FUN_008778c0	undefined FUN_008778c0()	0	0	unknown	true		3	447	28	4	1130
urn:ure:t6:occ:function:current-client:00877930	0x00877930	xbuild-enriched-full	true	00877930	FUN_00877930	undefined FUN_00877930()	0	0	unknown	true		3	338	15	2	586
urn:ure:t6:occ:function:current-client:00877960	0x00877960	xbuild-enriched-full	true	00877960	FUN_00877960	undefined FUN_00877960()	0	0	unknown	true		12	1794	114	16	3799
urn:ure:t6:occ:function:current-client:00877ae0	0x00877ae0	xbuild-enriched-full	true	00877ae0	FUN_00877ae0	undefined FUN_00877ae0()	0	0	unknown	true		9	1965	78	15	2483
urn:ure:t6:occ:function:current-client:00877c00	0x00877c00	xbuild-enriched-full	true	00877c00	FUN_00877c00	undefined FUN_00877c00()	0	0	unknown	true		3	524	22	9	890
urn:ure:t6:occ:function:current-client:00877c50	0x00877c50	xbuild-enriched-full	true	00877c50	FUN_00877c50	undefined FUN_00877c50()	0	0	unknown	true		6	1149	58	20	1903
urn:ure:t6:occ:function:current-client:008780c0	0x008780c0	xbuild-enriched-full	true	008780c0	FUN_008780c0	undefined FUN_008780c0()	0	0	unknown	true		3	456	26	13	932
urn:ure:t6:occ:function:current-client:008781e0	0x008781e0	xbuild-enriched-full	true	008781e0	FUN_008781e0	undefined FUN_008781e0()	0	0	unknown	true		5	519	44	17	1531
urn:ure:t6:occ:function:current-client:008782a0	0x008782a0	xbuild-enriched-full	true	008782a0	FUN_008782a0	undefined FUN_008782a0()	0	0	unknown	true		2	227	26	7	941
urn:ure:t6:occ:function:current-client:00878300	0x00878300	xbuild-enriched-full	true	00878300	FUN_00878300	undefined FUN_00878300()	0	0	unknown	true		5	740	57	16	1945
urn:ure:t6:occ:function:current-client:00878520	0x00878520	xbuild-enriched-full	true	00878520	FUN_00878520	undefined FUN_00878520()	0	0	unknown	true		1	354	10	1	537
urn:ure:t6:occ:function:current-client:008787c0	0x008787c0	xbuild-enriched-full	true	008787c0	FUN_008787c0	undefined FUN_008787c0()	0	0	unknown	true		7	985	45	31	1573
urn:ure:t6:occ:function:current-client:008788a0	0x008788a0	xbuild-enriched-full	true	008788a0	FUN_008788a0	undefined FUN_008788a0()	0	0	unknown	true		2	367	20	11	759
urn:ure:t6:occ:function:current-client:008789d0	0x008789d0	xbuild-enriched-full	true	008789d0	FUN_008789d0	undefined FUN_008789d0()	0	0	unknown	true		3	632	35	6	1131
urn:ure:t6:occ:function:current-client:00878a20	0x00878a20	xbuild-enriched-full	true	00878a20	FUN_00878a20	undefined FUN_00878a20()	0	0	unknown	true		36	3849	272	64	9015
urn:ure:t6:occ:function:current-client:00879050	0x00879050	xbuild-enriched-full	true	00879050	FUN_00879050	undefined FUN_00879050()	0	0	unknown	true		5	576	41	17	1364
urn:ure:t6:occ:function:current-client:00879410	0x00879410	xbuild-enriched-full	true	00879410	FUN_00879410	undefined FUN_00879410()	0	0	unknown	true		1	175	11	2	455
urn:ure:t6:occ:function:current-client:00879430	0x00879430	xbuild-enriched-full	true	00879430	FUN_00879430	undefined FUN_00879430()	0	0	unknown	true		2	323	21	6	753
urn:ure:t6:occ:function:current-client:00879470	0x00879470	xbuild-enriched-full	true	00879470	FUN_00879470	undefined FUN_00879470()	0	0	unknown	true		11	2189	118	20	4823
urn:ure:t6:occ:function:current-client:00879660	0x00879660	xbuild-enriched-full	true	00879660	FUN_00879660	undefined FUN_00879660()	0	0	unknown	true		8	1284	62	16	2296
urn:ure:t6:occ:function:current-client:00879730	0x00879730	xbuild-enriched-full	true	00879730	FUN_00879730	undefined FUN_00879730()	0	0	unknown	true		4	220	31	10	1421
urn:ure:t6:occ:function:current-client:008797c0	0x008797c0	xbuild-enriched-full	true	008797c0	FUN_008797c0	undefined FUN_008797c0()	0	0	unknown	true		5	1015	53	11	2572
urn:ure:t6:occ:function:current-client:008798d0	0x008798d0	xbuild-enriched-full	true	008798d0	FUN_008798d0	undefined FUN_008798d0()	0	0	unknown	true		2	299	13	4	534
urn:ure:t6:occ:function:current-client:00879900	0x00879900	xbuild-enriched-full	true	00879900	FUN_00879900	undefined FUN_00879900()	0	0	unknown	true		32	3724	256	51	10656
urn:ure:t6:occ:function:current-client:00879d50	0x00879d50	xbuild-enriched-full	true	00879d50	FUN_00879d50	undefined FUN_00879d50()	0	0	unknown	true		48	5071	294	58	12409
urn:ure:t6:occ:function:current-client:0087a270	0x0087a270	xbuild-enriched-full	true	0087a270	FUN_0087a270	undefined FUN_0087a270()	0	0	unknown	true		20	1244	190	34	8086
urn:ure:t6:occ:function:current-client:0087a5c0	0x0087a5c0	xbuild-enriched-full	true	0087a5c0	FUN_0087a5c0	undefined FUN_0087a5c0()	0	0	unknown	true		51	5326	304	75	12470
urn:ure:t6:occ:function:current-client:0087aac0	0x0087aac0	xbuild-enriched-full	true	0087aac0	FUN_0087aac0	undefined FUN_0087aac0()	0	0	unknown	true		73	6773	381	89	15783
urn:ure:t6:occ:function:current-client:0087b130	0x0087b130	xbuild-enriched-full	true	0087b130	FUN_0087b130	undefined FUN_0087b130()	0	0	unknown	true		56	5932	342	80	14251
urn:ure:t6:occ:function:current-client:0087b700	0x0087b700	xbuild-enriched-full	true	0087b700	FUN_0087b700	undefined FUN_0087b700()	0	0	unknown	true		17	1534	140	26	4867
urn:ure:t6:occ:function:current-client:0087b8c0	0x0087b8c0	xbuild-enriched-full	true	0087b8c0	FUN_0087b8c0	undefined FUN_0087b8c0()	0	0	unknown	true		5	622	34	9	1224
urn:ure:t6:occ:function:current-client:0087b920	0x0087b920	xbuild-enriched-full	true	0087b920	FUN_0087b920	undefined FUN_0087b920()	0	0	unknown	true		8	433	82	14	3292
urn:ure:t6:occ:function:current-client:0087ba60	0x0087ba60	xbuild-enriched-full	true	0087ba60	FUN_0087ba60	undefined FUN_0087ba60()	0	0	unknown	true		117	11094	668	150	27896
urn:ure:t6:occ:function:current-client:0087c5f0	0x0087c5f0	xbuild-enriched-full	true	0087c5f0	FUN_0087c5f0	undefined FUN_0087c5f0()	0	0	unknown	true		150	13382	811	174	33397
urn:ure:t6:occ:function:current-client:0087d3c0	0x0087d3c0	xbuild-enriched-full	true	0087d3c0	FUN_0087d3c0	undefined FUN_0087d3c0()	0	0	unknown	true		35	4191	263	56	10884
urn:ure:t6:occ:function:current-client:0087d830	0x0087d830	xbuild-enriched-full	true	0087d830	FUN_0087d830	undefined FUN_0087d830()	0	0	unknown	true		59	6144	358	84	14729
urn:ure:t6:occ:function:current-client:0087de30	0x0087de30	xbuild-enriched-full	true	0087de30	FUN_0087de30	undefined FUN_0087de30()	0	0	unknown	true		164	13321	667	186	27690
urn:ure:t6:occ:function:current-client:0087e9a0	0x0087e9a0	xbuild-enriched-full	true	0087e9a0	FUN_0087e9a0	undefined FUN_0087e9a0()	0	0	unknown	true		96	7877	585	123	23893
urn:ure:t6:occ:function:current-client:0087f370	0x0087f370	xbuild-enriched-full	true	0087f370	FUN_0087f370	undefined FUN_0087f370()	0	0	unknown	true		15	1954	122	19	5110
urn:ure:t6:occ:function:current-client:0087f570	0x0087f570	xbuild-enriched-full	true	0087f570	FUN_0087f570	undefined FUN_0087f570()	0	0	unknown	true		33	3647	284	50	11914
urn:ure:t6:occ:function:current-client:0087fa50	0x0087fa50	xbuild-enriched-full	true	0087fa50	FUN_0087fa50	undefined FUN_0087fa50()	0	0	unknown	true		7	522	67	10	2676
urn:ure:t6:occ:function:current-client:0087fb50	0x0087fb50	xbuild-enriched-full	true	0087fb50	FUN_0087fb50	undefined FUN_0087fb50()	0	0	unknown	true		3	281	39	6	1773
urn:ure:t6:occ:function:current-client:0087fc00	0x0087fc00	xbuild-enriched-full	true	0087fc00	FUN_0087fc00	undefined FUN_0087fc00()	0	0	unknown	true		44	4852	351	47	14772
urn:ure:t6:occ:function:current-client:00880230	0x00880230	xbuild-enriched-full	true	00880230	FUN_00880230	undefined FUN_00880230()	0	0	unknown	true		23	1164	228	40	9782
urn:ure:t6:occ:function:current-client:00880ae0	0x00880ae0	xbuild-enriched-full	true	00880ae0	FUN_00880ae0	undefined FUN_00880ae0()	0	0	unknown	true		26	3062	209	28	8120
urn:ure:t6:occ:function:current-client:00880e20	0x00880e20	xbuild-enriched-full	true	00880e20	FUN_00880e20	undefined FUN_00880e20()	0	0	unknown	true		3	304	27	8	979
urn:ure:t6:occ:function:current-client:00880e80	0x00880e80	xbuild-enriched-full	true	00880e80	FUN_00880e80	undefined FUN_00880e80()	0	0	unknown	true		3	714	35	9	1518
urn:ure:t6:occ:function:current-client:00880f30	0x00880f30	xbuild-enriched-full	true	00880f30	FUN_00880f30	undefined FUN_00880f30()	0	0	unknown	true		13	1332	116	18	4276
urn:ure:t6:occ:function:current-client:008810c0	0x008810c0	xbuild-enriched-full	true	008810c0	FUN_008810c0	undefined FUN_008810c0()	0	0	unknown	true		14	1814	133	19	4703
urn:ure:t6:occ:function:current-client:00881270	0x00881270	xbuild-enriched-full	true	00881270	FUN_00881270	undefined FUN_00881270()	0	0	unknown	true		7	969	74	14	2613
urn:ure:t6:occ:function:current-client:00881360	0x00881360	xbuild-enriched-full	true	00881360	FUN_00881360	undefined FUN_00881360()	0	0	unknown	true		7	1596	74	12	2562
urn:ure:t6:occ:function:current-client:00881430	0x00881430	xbuild-enriched-full	true	00881430	FUN_00881430	undefined FUN_00881430()	0	0	unknown	true		3	460	21	9	765
urn:ure:t6:occ:function:current-client:00881480	0x00881480	xbuild-enriched-full	true	00881480	FUN_00881480	undefined FUN_00881480()	0	0	unknown	true		6	1570	71	15	2605
urn:ure:t6:occ:function:current-client:00881570	0x00881570	xbuild-enriched-full	true	00881570	FUN_00881570	undefined FUN_00881570()	0	0	unknown	true		8	1256	51	12	2016
urn:ure:t6:occ:function:current-client:00881640	0x00881640	xbuild-enriched-full	true	00881640	FUN_00881640	undefined FUN_00881640()	0	0	unknown	true		9	1412	106	24	3389
urn:ure:t6:occ:function:current-client:00881840	0x00881840	xbuild-enriched-full	true	00881840	FUN_00881840	undefined FUN_00881840()	0	0	unknown	true		5	986	68	4	2329
urn:ure:t6:occ:function:current-client:00881900	0x00881900	xbuild-enriched-full	true	00881900	FUN_00881900	undefined FUN_00881900()	0	0	unknown	true		7	1361	84	7	2913
urn:ure:t6:occ:function:current-client:008819e0	0x008819e0	xbuild-enriched-full	true	008819e0	FUN_008819e0	undefined FUN_008819e0()	0	0	unknown	true		2	433	29	6	1084
urn:ure:t6:occ:function:current-client:00881a40	0x00881a40	xbuild-enriched-full	true	00881a40	FUN_00881a40	undefined FUN_00881a40()	0	0	unknown	true		4	306	44	4	1598
urn:ure:t6:occ:function:current-client:00881ad0	0x00881ad0	xbuild-enriched-full	true	00881ad0	FUN_00881ad0	undefined FUN_00881ad0()	0	0	unknown	true		10	2108	120	35	3854
urn:ure:t6:occ:function:current-client:00881c40	0x00881c40	xbuild-enriched-full	true	00881c40	FUN_00881c40	undefined FUN_00881c40()	0	0	unknown	true		6	884	60	22	1978
urn:ure:t6:occ:function:current-client:00881d10	0x00881d10	xbuild-enriched-full	true	00881d10	FUN_00881d10	undefined FUN_00881d10()	0	0	unknown	true		7	1388	65	18	2307
urn:ure:t6:occ:function:current-client:00881e40	0x00881e40	xbuild-enriched-full	true	00881e40	FUN_00881e40	undefined FUN_00881e40()	0	0	unknown	true		3	473	27	18	1142
urn:ure:t6:occ:function:current-client:00881eb0	0x00881eb0	xbuild-enriched-full	true	00881eb0	FUN_00881eb0	undefined FUN_00881eb0()	0	0	unknown	true		8	951	64	26	1965
urn:ure:t6:occ:function:current-client:00881f70	0x00881f70	xbuild-enriched-full	true	00881f70	FUN_00881f70	undefined FUN_00881f70()	0	0	unknown	true		6	1210	42	10	1628
urn:ure:t6:occ:function:current-client:00882000	0x00882000	xbuild-enriched-full	true	00882000	FUN_00882000	undefined FUN_00882000()	0	0	unknown	true		14	2306	95	37	3601
urn:ure:t6:occ:function:current-client:00882170	0x00882170	xbuild-enriched-full	true	00882170	FUN_00882170	undefined FUN_00882170()	0	0	unknown	true		2	97	8	1	358
urn:ure:t6:occ:function:current-client:00882190	0x00882190	xbuild-enriched-full	true	00882190	FUN_00882190	undefined FUN_00882190()	0	0	unknown	true		3	476	27	10	1087
urn:ure:t6:occ:function:current-client:008821f0	0x008821f0	xbuild-enriched-full	true	008821f0	FUN_008821f0	undefined FUN_008821f0()	0	0	unknown	true		2	287	13	1	542
urn:ure:t6:occ:function:current-client:00882220	0x00882220	xbuild-enriched-full	true	00882220	FUN_00882220	undefined FUN_00882220()	0	0	unknown	true		19	3125	232	16	9698
urn:ure:t6:occ:function:current-client:00882620	0x00882620	xbuild-enriched-full	true	00882620	FUN_00882620	undefined FUN_00882620()	0	0	unknown	true		11	1942	112	14	4756
urn:ure:t6:occ:function:current-client:00882820	0x00882820	xbuild-enriched-full	true	00882820	FUN_00882820	undefined FUN_00882820()	0	0	unknown	true		39	5953	367	42	14797
urn:ure:t6:occ:function:current-client:00882df0	0x00882df0	xbuild-enriched-full	true	00882df0	FUN_00882df0	undefined FUN_00882df0()	0	0	unknown	true		13	2678	165	34	6438
urn:ure:t6:occ:function:current-client:00883080	0x00883080	xbuild-enriched-full	true	00883080	FUN_00883080	undefined FUN_00883080()	0	0	unknown	true		6	1142	76	2	3318
urn:ure:t6:occ:function:current-client:008831c0	0x008831c0	xbuild-enriched-full	true	008831c0	FUN_008831c0	undefined FUN_008831c0()	0	0	unknown	true		14	1803	232	23	8550
urn:ure:t6:occ:function:current-client:00883560	0x00883560	xbuild-enriched-full	true	00883560	FUN_00883560	undefined FUN_00883560()	0	0	unknown	true		38	5950	445	31	18762
urn:ure:t6:occ:function:current-client:00883d20	0x00883d20	xbuild-enriched-full	true	00883d20	FUN_00883d20	undefined FUN_00883d20()	0	0	unknown	true		6	1063	46	7	2017
urn:ure:t6:occ:function:current-client:00883df0	0x00883df0	xbuild-enriched-full	true	00883df0	FUN_00883df0	undefined FUN_00883df0()	0	0	unknown	true		8	1190	72	15	2632
urn:ure:t6:occ:function:current-client:00883ed0	0x00883ed0	xbuild-enriched-full	true	00883ed0	FUN_00883ed0	undefined FUN_00883ed0()	0	0	unknown	true		24	4423	224	34	9845
urn:ure:t6:occ:function:current-client:008842e0	0x008842e0	xbuild-enriched-full	true	008842e0	FUN_008842e0	undefined FUN_008842e0()	0	0	unknown	true		18	2651	160	26	6402
urn:ure:t6:occ:function:current-client:00884540	0x00884540	xbuild-enriched-full	true	00884540	FUN_00884540	undefined FUN_00884540()	0	0	unknown	true		10	2118	99	16	3550
urn:ure:t6:occ:function:current-client:00884670	0x00884670	xbuild-enriched-full	true	00884670	FUN_00884670	undefined FUN_00884670()	0	0	unknown	true		7	1301	58	11	2640
urn:ure:t6:occ:function:current-client:00884770	0x00884770	xbuild-enriched-full	true	00884770	FUN_00884770	undefined FUN_00884770()	0	0	unknown	true		10	1645	81	17	2977
urn:ure:t6:occ:function:current-client:00884860	0x00884860	xbuild-enriched-full	true	00884860	FUN_00884860	undefined FUN_00884860()	0	0	unknown	true		12	2107	109	21	3870
urn:ure:t6:occ:function:current-client:00884990	0x00884990	xbuild-enriched-full	true	00884990	FUN_00884990	undefined FUN_00884990()	0	0	unknown	true		10	2001	124	9	5376
urn:ure:t6:occ:function:current-client:00884bd0	0x00884bd0	xbuild-enriched-full	true	00884bd0	FUN_00884bd0	undefined FUN_00884bd0()	0	0	unknown	true		15	2333	121	22	4535
urn:ure:t6:occ:function:current-client:00884d80	0x00884d80	xbuild-enriched-full	true	00884d80	FUN_00884d80	undefined FUN_00884d80()	0	0	unknown	true		25	4241	246	41	9785
urn:ure:t6:occ:function:current-client:00885130	0x00885130	xbuild-enriched-full	true	00885130	FUN_00885130	undefined FUN_00885130()	0	0	unknown	true		25	4068	222	39	9172
urn:ure:t6:occ:function:current-client:008854b0	0x008854b0	xbuild-enriched-full	true	008854b0	FUN_008854b0	undefined FUN_008854b0()	0	0	unknown	true		8	1876	83	6	3462
urn:ure:t6:occ:function:current-client:008855f0	0x008855f0	xbuild-enriched-full	true	008855f0	FUN_008855f0	undefined FUN_008855f0()	0	0	unknown	true		6	696	53	12	1817
urn:ure:t6:occ:function:current-client:00885680	0x00885680	xbuild-enriched-full	true	00885680	FUN_00885680	undefined FUN_00885680()	0	0	unknown	true		10	1984	88	15	3741
urn:ure:t6:occ:function:current-client:008857e0	0x008857e0	xbuild-enriched-full	true	008857e0	FUN_008857e0	undefined FUN_008857e0()	0	0	unknown	true		5	744	46	9	1647
urn:ure:t6:occ:function:current-client:00885860	0x00885860	xbuild-enriched-full	true	00885860	FUN_00885860	undefined FUN_00885860()	0	0	unknown	true		11	2152	131	16	5280
urn:ure:t6:occ:function:current-client:00885a70	0x00885a70	xbuild-enriched-full	true	00885a70	FUN_00885a70	undefined FUN_00885a70()	0	0	unknown	true		15	2944	156	19	6683
urn:ure:t6:occ:function:current-client:00885d20	0x00885d20	xbuild-enriched-full	true	00885d20	FUN_00885d20	undefined FUN_00885d20()	0	0	unknown	true		19	3122	183	26	7425
urn:ure:t6:occ:function:current-client:00886010	0x00886010	xbuild-enriched-full	true	00886010	FUN_00886010	undefined FUN_00886010()	0	0	unknown	true		20	3515	196	36	8086
urn:ure:t6:occ:function:current-client:00886340	0x00886340	xbuild-enriched-full	true	00886340	FUN_00886340	undefined FUN_00886340()	0	0	unknown	true		24	3270	162	29	6944
urn:ure:t6:occ:function:current-client:008865f0	0x008865f0	xbuild-enriched-full	true	008865f0	FUN_008865f0	undefined FUN_008865f0()	0	0	unknown	true		30	3968	206	40	8105
urn:ure:t6:occ:function:current-client:00886900	0x00886900	xbuild-enriched-full	true	00886900	FUN_00886900	undefined FUN_00886900()	0	0	unknown	true		5	844	56	5	2249
urn:ure:t6:occ:function:current-client:008869d0	0x008869d0	xbuild-enriched-full	true	008869d0	FUN_008869d0	undefined FUN_008869d0()	0	0	unknown	true		6	673	53	11	1796
urn:ure:t6:occ:function:current-client:00886a60	0x00886a60	xbuild-enriched-full	true	00886a60	FUN_00886a60	undefined FUN_00886a60()	0	0	unknown	true		5	912	57	6	2325
urn:ure:t6:occ:function:current-client:00886b50	0x00886b50	xbuild-enriched-full	true	00886b50	FUN_00886b50	undefined FUN_00886b50()	0	0	unknown	true		9	1789	82	10	3468
urn:ure:t6:occ:function:current-client:00886cc0	0x00886cc0	xbuild-enriched-full	true	00886cc0	FUN_00886cc0	undefined FUN_00886cc0()	0	0	unknown	true		16	2347	161	28	6579
urn:ure:t6:occ:function:current-client:00886f60	0x00886f60	xbuild-enriched-full	true	00886f60	FUN_00886f60	undefined FUN_00886f60()	0	0	unknown	true		17	3600	190	32	7632
urn:ure:t6:occ:function:current-client:00887260	0x00887260	xbuild-enriched-full	true	00887260	FUN_00887260	undefined FUN_00887260()	0	0	unknown	true		6	787	50	10	1921
urn:ure:t6:occ:function:current-client:00887310	0x00887310	xbuild-enriched-full	true	00887310	FUN_00887310	undefined FUN_00887310()	0	0	unknown	true		6	708	40	21	1659
urn:ure:t6:occ:function:current-client:008873d0	0x008873d0	xbuild-enriched-full	true	008873d0	FUN_008873d0	undefined FUN_008873d0()	0	0	unknown	true		4	510	29	6	1059
urn:ure:t6:occ:function:current-client:00887430	0x00887430	xbuild-enriched-full	true	00887430	FUN_00887430	undefined FUN_00887430()	0	0	unknown	true		4	628	31	6	1183
urn:ure:t6:occ:function:current-client:00887490	0x00887490	xbuild-enriched-full	true	00887490	FUN_00887490	undefined FUN_00887490()	0	0	unknown	true		35	5442	228	62	9303
urn:ure:t6:occ:function:current-client:00887820	0x00887820	xbuild-enriched-full	true	00887820	FUN_00887820	undefined FUN_00887820()	0	0	unknown	true		9	1660	65	24	2616
urn:ure:t6:occ:function:current-client:00887920	0x00887920	xbuild-enriched-full	true	00887920	FUN_00887920	undefined FUN_00887920()	0	0	unknown	true		14	2287	109	25	4587
urn:ure:t6:occ:function:current-client:00887ad0	0x00887ad0	xbuild-enriched-full	true	00887ad0	FUN_00887ad0	undefined FUN_00887ad0()	0	0	unknown	true		19	2825	160	23	6257
urn:ure:t6:occ:function:current-client:00887d30	0x00887d30	xbuild-enriched-full	true	00887d30	FUN_00887d30	undefined FUN_00887d30()	0	0	unknown	true		17	2528	155	23	5801
urn:ure:t6:occ:function:current-client:00887f50	0x00887f50	xbuild-enriched-full	true	00887f50	FUN_00887f50	undefined FUN_00887f50()	0	0	unknown	true		23	3663	190	34	7908
urn:ure:t6:occ:function:current-client:00888260	0x00888260	xbuild-enriched-full	true	00888260	FUN_00888260	undefined FUN_00888260()	0	0	unknown	true		20	3260	166	33	6644
urn:ure:t6:occ:function:current-client:008884f0	0x008884f0	xbuild-enriched-full	true	008884f0	FUN_008884f0	undefined FUN_008884f0()	0	0	unknown	true		21	2547	156	23	6176
urn:ure:t6:occ:function:current-client:00888740	0x00888740	xbuild-enriched-full	true	00888740	FUN_00888740	undefined FUN_00888740()	0	0	unknown	true		14	1816	124	20	4263
urn:ure:t6:occ:function:current-client:008888b0	0x008888b0	xbuild-enriched-full	true	008888b0	FUN_008888b0	undefined FUN_008888b0()	0	0	unknown	true		2	221	16	5	544
urn:ure:t6:occ:function:current-client:008888e0	0x008888e0	xbuild-enriched-full	true	008888e0	FUN_008888e0	undefined FUN_008888e0()	0	0	unknown	true		1	296	9	1	500
urn:ure:t6:occ:function:current-client:00888910	0x00888910	xbuild-enriched-full	true	00888910	FUN_00888910	undefined FUN_00888910()	0	0	unknown	true		3	512	19	4	838
urn:ure:t6:occ:function:current-client:00888960	0x00888960	xbuild-enriched-full	true	00888960	FUN_00888960	undefined FUN_00888960()	0	0	unknown	true		5	799	40	7	1583
urn:ure:t6:occ:function:current-client:00888a00	0x00888a00	xbuild-enriched-full	true	00888a00	FUN_00888a00	undefined FUN_00888a00()	0	0	unknown	true		22	3103	201	51	6594
urn:ure:t6:occ:function:current-client:00888c40	0x00888c40	xbuild-enriched-full	true	00888c40	FUN_00888c40	undefined FUN_00888c40()	0	0	unknown	true		4	763	39	1	1910
urn:ure:t6:occ:function:current-client:00888d10	0x00888d10	xbuild-enriched-full	true	00888d10	FUN_00888d10	undefined FUN_00888d10()	0	0	unknown	true		27	3599	221	72	7173
urn:ure:t6:occ:function:current-client:00888fa0	0x00888fa0	xbuild-enriched-full	true	00888fa0	FUN_00888fa0	undefined FUN_00888fa0()	0	0	unknown	true		7	801	57	14	2025
urn:ure:t6:occ:function:current-client:00889060	0x00889060	xbuild-enriched-full	true	00889060	FUN_00889060	undefined FUN_00889060()	0	0	unknown	true		18	2418	135	37	4648
urn:ure:t6:occ:function:current-client:008892c0	0x008892c0	xbuild-enriched-full	true	008892c0	FUN_008892c0	undefined FUN_008892c0()	0	0	unknown	true		33	4667	248	82	8305
urn:ure:t6:occ:function:current-client:008895e0	0x008895e0	xbuild-enriched-full	true	008895e0	FUN_008895e0	undefined FUN_008895e0()	0	0	unknown	true		11	1766	86	26	2862
urn:ure:t6:occ:function:current-client:008896f0	0x008896f0	xbuild-enriched-full	true	008896f0	FUN_008896f0	undefined FUN_008896f0()	0	0	unknown	true		3	446	33	7	1043
urn:ure:t6:occ:function:current-client:008897c0	0x008897c0	xbuild-enriched-full	true	008897c0	FUN_008897c0	undefined FUN_008897c0()	0	0	unknown	true		4	545	41	9	1337
urn:ure:t6:occ:function:current-client:00889830	0x00889830	xbuild-enriched-full	true	00889830	FUN_00889830	undefined FUN_00889830()	0	0	unknown	true		4	482	48	8	1442
urn:ure:t6:occ:function:current-client:008898a0	0x008898a0	xbuild-enriched-full	true	008898a0	FUN_008898a0	undefined FUN_008898a0()	0	0	unknown	true		9	1199	119	20	3619
urn:ure:t6:occ:function:current-client:008899d0	0x008899d0	xbuild-enriched-full	true	008899d0	FUN_008899d0	undefined FUN_008899d0()	0	0	unknown	true		2	386	18	7	795
urn:ure:t6:occ:function:current-client:00889a10	0x00889a10	xbuild-enriched-full	true	00889a10	FUN_00889a10	undefined FUN_00889a10()	0	0	unknown	true		1	97	8	1	358
urn:ure:t6:occ:function:current-client:00889a30	0x00889a30	xbuild-enriched-full	true	00889a30	FUN_00889a30	undefined FUN_00889a30()	0	0	unknown	true		11	2364	105	34	4069
urn:ure:t6:occ:function:current-client:00889bd0	0x00889bd0	xbuild-enriched-full	true	00889bd0	FUN_00889bd0	undefined FUN_00889bd0()	0	0	unknown	true		8	900	76	18	2243
urn:ure:t6:occ:function:current-client:00889c90	0x00889c90	xbuild-enriched-full	true	00889c90	FUN_00889c90	undefined FUN_00889c90()	0	0	unknown	true		7	1004	65	29	2052
urn:ure:t6:occ:function:current-client:00889d60	0x00889d60	xbuild-enriched-full	true	00889d60	FUN_00889d60	undefined FUN_00889d60()	0	0	unknown	true		9	1082	74	21	2436
urn:ure:t6:occ:function:current-client:00889e40	0x00889e40	xbuild-enriched-full	true	00889e40	FUN_00889e40	undefined FUN_00889e40()	0	0	unknown	true		6	760	59	13	1808
urn:ure:t6:occ:function:current-client:00889f50	0x00889f50	xbuild-enriched-full	true	00889f50	FUN_00889f50	undefined FUN_00889f50()	0	0	unknown	true		15	2216	152	59	4633
urn:ure:t6:occ:function:current-client:0088a140	0x0088a140	xbuild-enriched-full	true	0088a140	FUN_0088a140	undefined FUN_0088a140()	0	0	unknown	true		11	880	98	32	3322
urn:ure:t6:occ:function:current-client:0088a3c0	0x0088a3c0	xbuild-enriched-full	true	0088a3c0	FUN_0088a3c0	undefined FUN_0088a3c0()	0	0	unknown	true		5	663	42	15	1504
urn:ure:t6:occ:function:current-client:0088a450	0x0088a450	xbuild-enriched-full	true	0088a450	FUN_0088a450	undefined FUN_0088a450()	0	0	unknown	true		5	665	42	15	1504
urn:ure:t6:occ:function:current-client:0088a530	0x0088a530	xbuild-enriched-full	true	0088a530	FUN_0088a530	undefined FUN_0088a530()	0	0	unknown	true		4	780	29	7	1303
urn:ure:t6:occ:function:current-client:0088a640	0x0088a640	xbuild-enriched-full	true	0088a640	FUN_0088a640	undefined FUN_0088a640()	0	0	unknown	true		6	596	52	9	1598
urn:ure:t6:occ:function:current-client:0088a6c0	0x0088a6c0	xbuild-enriched-full	true	0088a6c0	FUN_0088a6c0	undefined FUN_0088a6c0()	0	0	unknown	true		5	850	51	11	1988
urn:ure:t6:occ:function:current-client:0088a760	0x0088a760	xbuild-enriched-full	true	0088a760	FUN_0088a760	undefined FUN_0088a760()	0	0	unknown	true		36	6177	312	64	11038
urn:ure:t6:occ:function:current-client:0088aae0	0x0088aae0	xbuild-enriched-full	true	0088aae0	FUN_0088aae0	undefined FUN_0088aae0()	0	0	unknown	true		32	7005	296	62	10139
urn:ure:t6:occ:function:current-client:0088aea0	0x0088aea0	xbuild-enriched-full	true	0088aea0	FUN_0088aea0	undefined FUN_0088aea0()	0	0	unknown	true		9	1701	102	18	3459
urn:ure:t6:occ:function:current-client:0088b010	0x0088b010	xbuild-enriched-full	true	0088b010	FUN_0088b010	undefined FUN_0088b010()	0	0	unknown	true		3	575	24	8	854
urn:ure:t6:occ:function:current-client:0088b050	0x0088b050	xbuild-enriched-full	true	0088b050	FUN_0088b050	undefined FUN_0088b050()	0	0	unknown	true		5	480	48	10	1600
urn:ure:t6:occ:function:current-client:0088b0e0	0x0088b0e0	xbuild-enriched-full	true	0088b0e0	FUN_0088b0e0	undefined FUN_0088b0e0()	0	0	unknown	true		17	2231	141	33	4853
urn:ure:t6:occ:function:current-client:0088b470	0x0088b470	xbuild-enriched-full	true	0088b470	FUN_0088b470	undefined FUN_0088b470()	0	0	unknown	true		4	498	36	9	1174
