function_id	requested_va	tier	reserved
urn:ure:t6:occ:function:current-client:00a80ffc	0x00a80ffc	xbuild-enriched-full	
urn:ure:t6:occ:function:current-client:00a81022	0x00a81022	xbuild-enriched-full	
urn:ure:t6:occ:function:current-client:00a811d1	0x00a811d1	xbuild-enriched-full	
urn:ure:t6:occ:function:current-client:00a8120a	0x00a8120a	xbuild-enriched-full	
urn:ure:t6:occ:function:current-client:00a813b6	0x00a813b6	xbuild-enriched-full	
urn:ure:t6:occ:function:current-client:00a813c5	0x00a813c5	xbuild-enriched-full	
urn:ure:t6:occ:function:current-client:00a813d4	0x00a813d4	xbuild-enriched-full	
urn:ure:t6:occ:function:current-client:00a814fd	0x00a814fd	xbuild-enriched-full	
urn:ure:t6:occ:function:current-client:00a81522	0x00a81522	xbuild-enriched-full	
urn:ure:t6:occ:function:current-client:00a8154f	0x00a8154f	xbuild-enriched-full	
urn:ure:t6:occ:function:current-client:00a8155f	0x00a8155f	xbuild-enriched-full	
urn:ure:t6:occ:function:current-client:00a815c6	0x00a815c6	xbuild-enriched-full	
urn:ure:t6:occ:function:current-client:00a815d0	0x00a815d0	xbuild-enriched-full	
urn:ure:t6:occ:function:current-client:00a81658	0x00a81658	xbuild-enriched-full	
urn:ure:t6:occ:function:current-client:00a8166a	0x00a8166a	xbuild-enriched-full	
urn:ure:t6:occ:function:current-client:00a81684	0x00a81684	xbuild-enriched-full	
urn:ure:t6:occ:function:current-client:00a8168a	0x00a8168a	xbuild-enriched-full	
urn:ure:t6:occ:function:current-client:00a816be	0x00a816be	xbuild-enriched-full	
urn:ure:t6:occ:function:current-client:00a816db	0x00a816db	xbuild-enriched-full	
urn:ure:t6:occ:function:current-client:00a81718	0x00a81718	xbuild-enriched-full	
urn:ure:t6:occ:function:current-client:00a817ba	0x00a817ba	xbuild-enriched-full	
urn:ure:t6:occ:function:current-client:00a817c3	0x00a817c3	xbuild-enriched-full	
urn:ure:t6:occ:function:current-client:00a817cc	0x00a817cc	xbuild-enriched-full	
urn:ure:t6:occ:function:current-client:00a81845	0x00a81845	xbuild-enriched-full	
urn:ure:t6:occ:function:current-client:00a8185f	0x00a8185f	xbuild-enriched-full	
urn:ure:t6:occ:function:current-client:00a81979	0x00a81979	xbuild-enriched-full	
urn:ure:t6:occ:function:current-client:00a81985	0x00a81985	xbuild-enriched-full	
urn:ure:t6:occ:function:current-client:00a8198e	0x00a8198e	xbuild-enriched-full	
urn:ure:t6:occ:function:current-client:00a819fc	0x00a819fc	xbuild-enriched-full	
urn:ure:t6:occ:function:current-client:00a81b77	0x00a81b77	xbuild-enriched-full	
urn:ure:t6:occ:function:current-client:00a81be0	0x00a81be0	xbuild-enriched-full	
urn:ure:t6:occ:function:current-client:00a81c6b	0x00a81c6b	xbuild-enriched-full	
urn:ure:t6:occ:function:current-client:00a81dcf	0x00a81dcf	xbuild-enriched-full	
urn:ure:t6:occ:function:current-client:00a81e31	0x00a81e31	xbuild-enriched-full	
urn:ure:t6:occ:function:current-client:00a82a39	0x00a82a39	xbuild-enriched-full	
urn:ure:t6:occ:function:current-client:00a82aad	0x00a82aad	xbuild-enriched-full	
urn:ure:t6:occ:function:current-client:00a82b2f	0x00a82b2f	xbuild-enriched-full	
urn:ure:t6:occ:function:current-client:00a82b4b	0x00a82b4b	xbuild-enriched-full	
urn:ure:t6:occ:function:current-client:00a82b8d	0x00a82b8d	xbuild-enriched-full	
urn:ure:t6:occ:function:current-client:00a82ba7	0x00a82ba7	xbuild-enriched-full	
urn:ure:t6:occ:function:current-client:00a82bc6	0x00a82bc6	xbuild-enriched-full	
urn:ure:t6:occ:function:current-client:00a82bd9	0x00a82bd9	xbuild-enriched-full	
urn:ure:t6:occ:function:current-client:00a82bec	0x00a82bec	xbuild-enriched-full	
urn:ure:t6:occ:function:current-client:00a82d4d	0x00a82d4d	xbuild-enriched-full	
urn:ure:t6:occ:function:current-client:00a82e14	0x00a82e14	xbuild-enriched-full	
urn:ure:t6:occ:function:current-client:00a82e34	0x00a82e34	xbuild-enriched-full	
urn:ure:t6:occ:function:current-client:00a831aa	0x00a831aa	xbuild-enriched-full	
urn:ure:t6:occ:function:current-client:00a832ad	0x00a832ad	xbuild-enriched-full	
urn:ure:t6:occ:function:current-client:00a8336e	0x00a8336e	xbuild-enriched-full	
urn:ure:t6:occ:function:current-client:00a8345b	0x00a8345b	xbuild-enriched-full	
urn:ure:t6:occ:function:current-client:00a834e3	0x00a834e3	xbuild-enriched-full	
urn:ure:t6:occ:function:current-client:00a83506	0x00a83506	xbuild-enriched-full	
urn:ure:t6:occ:function:current-client:00a83529	0x00a83529	xbuild-enriched-full	
urn:ure:t6:occ:function:current-client:00a83551	0x00a83551	xbuild-enriched-full	
urn:ure:t6:occ:function:current-client:00a83657	0x00a83657	xbuild-enriched-full	
urn:ure:t6:occ:function:current-client:00a83a0b	0x00a83a0b	xbuild-enriched-full	
urn:ure:t6:occ:function:current-client:00a83a3a	0x00a83a3a	xbuild-enriched-full	
urn:ure:t6:occ:function:current-client:00a83a9e	0x00a83a9e	xbuild-enriched-full	
urn:ure:t6:occ:function:current-client:00a83c2e	0x00a83c2e	xbuild-enriched-full	
urn:ure:t6:occ:function:current-client:00a83cc9	0x00a83cc9	xbuild-enriched-full	
urn:ure:t6:occ:function:current-client:00a83cd2	0x00a83cd2	xbuild-enriched-full	
urn:ure:t6:occ:function:current-client:00a83d4e	0x00a83d4e	xbuild-enriched-full	
urn:ure:t6:occ:function:current-client:00a83f37	0x00a83f37	xbuild-enriched-full	
urn:ure:t6:occ:function:current-client:00a84098	0x00a84098	xbuild-enriched-full	
urn:ure:t6:occ:function:current-client:00a840d1	0x00a840d1	xbuild-enriched-full	
urn:ure:t6:occ:function:current-client:00a840ef	0x00a840ef	xbuild-enriched-full	
urn:ure:t6:occ:function:current-client:00a8417e	0x00a8417e	xbuild-enriched-full	
urn:ure:t6:occ:function:current-client:00a84217	0x00a84217	xbuild-enriched-full	
urn:ure:t6:occ:function:current-client:00a84362	0x00a84362	xbuild-enriched-full	
urn:ure:t6:occ:function:current-client:00a843af	0x00a843af	xbuild-enriched-full	
urn:ure:t6:occ:function:current-client:00a8441c	0x00a8441c	xbuild-enriched-full	
urn:ure:t6:occ:function:current-client:00a84428	0x00a84428	xbuild-enriched-full	
urn:ure:t6:occ:function:current-client:00a8460f	0x00a8460f	xbuild-enriched-full	
urn:ure:t6:occ:function:current-client:00a84655	0x00a84655	xbuild-enriched-full	
urn:ure:t6:occ:function:current-client:00a8468d	0x00a8468d	xbuild-enriched-full	
urn:ure:t6:occ:function:current-client:00a846a0	0x00a846a0	xbuild-enriched-full	
urn:ure:t6:occ:function:current-client:00a84758	0x00a84758	xbuild-enriched-full	
urn:ure:t6:occ:function:current-client:00a84936	0x00a84936	xbuild-enriched-full	
urn:ure:t6:occ:function:current-client:00a84954	0x00a84954	xbuild-enriched-full	
urn:ure:t6:occ:function:current-client:00a849ab	0x00a849ab	xbuild-enriched-full	
urn:ure:t6:occ:function:current-client:00a849cb	0x00a849cb	xbuild-enriched-full	
urn:ure:t6:occ:function:current-client:00a849e1	0x00a849e1	xbuild-enriched-full	
urn:ure:t6:occ:function:current-client:00a84a0b	0x00a84a0b	xbuild-enriched-full	
urn:ure:t6:occ:function:current-client:00a85a0f	0x00a85a0f	xbuild-enriched-full	
urn:ure:t6:occ:function:current-client:00a86b40	0x00a86b40	xbuild-enriched-full	
urn:ure:t6:occ:function:current-client:00a86b5e	0x00a86b5e	xbuild-enriched-full	
urn:ure:t6:occ:function:current-client:00a870a0	0x00a870a0	xbuild-enriched-full	
urn:ure:t6:occ:function:current-client:00a87107	0x00a87107	xbuild-enriched-full	
urn:ure:t6:occ:function:current-client:00a87263	0x00a87263	xbuild-enriched-full	
urn:ure:t6:occ:function:current-client:00a87270	0x00a87270	xbuild-enriched-full	
urn:ure:t6:occ:function:current-client:00a87287	0x00a87287	xbuild-enriched-full	
urn:ure:t6:occ:function:current-client:00a872d0	0x00a872d0	xbuild-enriched-full	
urn:ure:t6:occ:function:current-client:00a872e5	0x00a872e5	xbuild-enriched-full	
urn:ure:t6:occ:function:current-client:00a872fc	0x00a872fc	xbuild-enriched-full	
urn:ure:t6:occ:function:current-client:00a87315	0x00a87315	xbuild-enriched-full	
urn:ure:t6:occ:function:current-client:00a87358	0x00a87358	xbuild-enriched-full	
urn:ure:t6:occ:function:current-client:00a8736e	0x00a8736e	xbuild-enriched-full	
urn:ure:t6:occ:function:current-client:00a8737b	0x00a8737b	xbuild-enriched-full	
urn:ure:t6:occ:function:current-client:00a873b9	0x00a873b9	xbuild-enriched-full	
urn:ure:t6:occ:function:current-client:00a8745c	0x00a8745c	xbuild-enriched-full	
urn:ure:t6:occ:function:current-client:00a874f8	0x00a874f8	xbuild-enriched-full	
urn:ure:t6:occ:function:current-client:00a87530	0x00a87530	xbuild-enriched-full	
urn:ure:t6:occ:function:current-client:00a87575	0x00a87575	xbuild-enriched-full	
urn:ure:t6:occ:function:current-client:00a87590	0x00a87590	xbuild-enriched-full	
urn:ure:t6:occ:function:current-client:00a8761f	0x00a8761f	xbuild-enriched-full	
urn:ure:t6:occ:function:current-client:00a876bd	0x00a876bd	xbuild-enriched-full	
urn:ure:t6:occ:function:current-client:00a87764	0x00a87764	xbuild-enriched-full	
urn:ure:t6:occ:function:current-client:00a87e40	0x00a87e40	xbuild-enriched-full	
urn:ure:t6:occ:function:current-client:00a87e85	0x00a87e85	xbuild-enriched-full	
urn:ure:t6:occ:function:current-client:00a87ed1	0x00a87ed1	xbuild-enriched-full	
urn:ure:t6:occ:function:current-client:00a87f1f	0x00a87f1f	xbuild-enriched-full	
urn:ure:t6:occ:function:current-client:00a87f71	0x00a87f71	xbuild-enriched-full	
urn:ure:t6:occ:function:current-client:00a87fb0	0x00a87fb0	xbuild-enriched-full	
urn:ure:t6:occ:function:current-client:00a87fce	0x00a87fce	xbuild-enriched-full	
urn:ure:t6:occ:function:current-client:00a88610	0x00a88610	xbuild-enriched-full	
urn:ure:t6:occ:function:current-client:00a88629	0x00a88629	xbuild-enriched-full	
urn:ure:t6:occ:function:current-client:00a89367	0x00a89367	xbuild-enriched-full	
urn:ure:t6:occ:function:current-client:00a893d1	0x00a893d1	xbuild-enriched-full	
urn:ure:t6:occ:function:current-client:00a894fc	0x00a894fc	xbuild-enriched-full	
urn:ure:t6:occ:function:current-client:00a895da	0x00a895da	xbuild-enriched-full	
urn:ure:t6:occ:function:current-client:00a895f4	0x00a895f4	xbuild-enriched-full	
urn:ure:t6:occ:function:current-client:00a8968b	0x00a8968b	xbuild-enriched-full	
urn:ure:t6:occ:function:current-client:00a896d5	0x00a896d5	xbuild-enriched-full	
urn:ure:t6:occ:function:current-client:00a8972c	0x00a8972c	xbuild-enriched-full	
urn:ure:t6:occ:function:current-client:00a89743	0x00a89743	xbuild-enriched-full	
urn:ure:t6:occ:function:current-client:00a897fc	0x00a897fc	xbuild-enriched-full	
urn:ure:t6:occ:function:current-client:00a89805	0x00a89805	xbuild-enriched-full	
urn:ure:t6:occ:function:current-client:00a89838	0x00a89838	xbuild-enriched-full	
urn:ure:t6:occ:function:current-client:00a89855	0x00a89855	xbuild-enriched-full	
urn:ure:t6:occ:function:current-client:00a898aa	0x00a898aa	xbuild-enriched-full	
urn:ure:t6:occ:function:current-client:00a8990a	0x00a8990a	xbuild-enriched-full	
urn:ure:t6:occ:function:current-client:00a89b8a	0x00a89b8a	xbuild-enriched-full	
urn:ure:t6:occ:function:current-client:00a89ba5	0x00a89ba5	xbuild-enriched-full	
urn:ure:t6:occ:function:current-client:00a89bf7	0x00a89bf7	xbuild-enriched-full	
urn:ure:t6:occ:function:current-client:00a89c57	0x00a89c57	xbuild-enriched-full	
urn:ure:t6:occ:function:current-client:00a89e99	0x00a89e99	xbuild-enriched-full	
urn:ure:t6:occ:function:current-client:00a89f49	0x00a89f49	xbuild-enriched-full	
urn:ure:t6:occ:function:current-client:00a89f60	0x00a89f60	xbuild-enriched-full	
urn:ure:t6:occ:function:current-client:00a89fc5	0x00a89fc5	xbuild-enriched-full	
urn:ure:t6:occ:function:current-client:00a8a06c	0x00a8a06c	xbuild-enriched-full	
urn:ure:t6:occ:function:current-client:00a8a075	0x00a8a075	xbuild-enriched-full	
urn:ure:t6:occ:function:current-client:00a8a094	0x00a8a094	xbuild-enriched-full	
urn:ure:t6:occ:function:current-client:00a8a097	0x00a8a097	xbuild-enriched-full	
urn:ure:t6:occ:function:current-client:00a8a0a6	0x00a8a0a6	xbuild-enriched-full	
urn:ure:t6:occ:function:current-client:00a8a0ce	0x00a8a0ce	xbuild-enriched-full	
urn:ure:t6:occ:function:current-client:00a8a0fb	0x00a8a0fb	xbuild-enriched-full	
urn:ure:t6:occ:function:current-client:00a8a128	0x00a8a128	xbuild-enriched-full	
urn:ure:t6:occ:function:current-client:00a8a155	0x00a8a155	xbuild-enriched-full	
urn:ure:t6:occ:function:current-client:00a8a15b	0x00a8a15b	xbuild-enriched-full	
urn:ure:t6:occ:function:current-client:00a8a161	0x00a8a161	xbuild-enriched-full	
urn:ure:t6:occ:function:current-client:00a8a167	0x00a8a167	xbuild-enriched-full	
urn:ure:t6:occ:function:current-client:00a8a16d	0x00a8a16d	xbuild-enriched-full	
urn:ure:t6:occ:function:current-client:00a8a3f0	0x00a8a3f0	xbuild-enriched-full	
urn:ure:t6:occ:function:current-client:00a8a480	0x00a8a480	xbuild-enriched-full	
urn:ure:t6:occ:function:current-client:00a8a677	0x00a8a677	xbuild-enriched-full	
urn:ure:t6:occ:function:current-client:00a8a84e	0x00a8a84e	xbuild-enriched-full	
urn:ure:t6:occ:function:current-client:00a8a894	0x00a8a894	xbuild-enriched-full	
urn:ure:t6:occ:function:current-client:00a8a89d	0x00a8a89d	xbuild-enriched-full	
urn:ure:t6:occ:function:current-client:00a8a8d5	0x00a8a8d5	xbuild-enriched-full	
urn:ure:t6:occ:function:current-client:00a8a8e0	0x00a8a8e0	xbuild-enriched-full	
urn:ure:t6:occ:function:current-client:00a8a992	0x00a8a992	xbuild-enriched-full	
urn:ure:t6:occ:function:current-client:00a8aaa7	0x00a8aaa7	xbuild-enriched-full	
urn:ure:t6:occ:function:current-client:00a8aad4	0x00a8aad4	xbuild-enriched-full	
urn:ure:t6:occ:function:current-client:00a8ab3a	0x00a8ab3a	xbuild-enriched-full	
urn:ure:t6:occ:function:current-client:00a8abfd	0x00a8abfd	xbuild-enriched-full	
urn:ure:t6:occ:function:current-client:00a8aed9	0x00a8aed9	xbuild-enriched-full	
urn:ure:t6:occ:function:current-client:00a8aefc	0x00a8aefc	xbuild-enriched-full	
urn:ure:t6:occ:function:current-client:00a8b0e0	0x00a8b0e0	xbuild-enriched-full	
urn:ure:t6:occ:function:current-client:00a8b10d	0x00a8b10d	xbuild-enriched-full	
urn:ure:t6:occ:function:current-client:00a8b141	0x00a8b141	xbuild-enriched-full	
urn:ure:t6:occ:function:current-client:00a8b1e1	0x00a8b1e1	xbuild-enriched-full	
urn:ure:t6:occ:function:current-client:00a8b236	0x00a8b236	xbuild-enriched-full	
urn:ure:t6:occ:function:current-client:00a8b297	0x00a8b297	xbuild-enriched-full	
urn:ure:t6:occ:function:current-client:00a8b361	0x00a8b361	xbuild-enriched-full	
urn:ure:t6:occ:function:current-client:00a8b43b	0x00a8b43b	xbuild-enriched-full	
urn:ure:t6:occ:function:current-client:00a8b44b	0x00a8b44b	xbuild-enriched-full	
urn:ure:t6:occ:function:current-client:00a8b45c	0x00a8b45c	xbuild-enriched-full	
urn:ure:t6:occ:function:current-client:00a8b487	0x00a8b487	xbuild-enriched-full	
urn:ure:t6:occ:function:current-client:00a8b4df	0x00a8b4df	xbuild-enriched-full	
urn:ure:t6:occ:function:current-client:00a8b551	0x00a8b551	xbuild-enriched-full	
urn:ure:t6:occ:function:current-client:00a8b832	0x00a8b832	xbuild-enriched-full	
urn:ure:t6:occ:function:current-client:00a8b87d	0x00a8b87d	xbuild-enriched-full	
urn:ure:t6:occ:function:current-client:00a8b99f	0x00a8b99f	xbuild-enriched-full	
urn:ure:t6:occ:function:current-client:00a8bf56	0x00a8bf56	xbuild-enriched-full	
urn:ure:t6:occ:function:current-client:00a8c044	0x00a8c044	xbuild-enriched-full	
urn:ure:t6:occ:function:current-client:00a8c04c	0x00a8c04c	xbuild-enriched-full	
urn:ure:t6:occ:function:current-client:00a8c0c1	0x00a8c0c1	xbuild-enriched-full	
urn:ure:t6:occ:function:current-client:00a8c7be	0x00a8c7be	xbuild-enriched-full	
urn:ure:t6:occ:function:current-client:00a8c88a	0x00a8c88a	xbuild-enriched-full	
urn:ure:t6:occ:function:current-client:00a8c892	0x00a8c892	xbuild-enriched-full	
urn:ure:t6:occ:function:current-client:00a8c963	0x00a8c963	xbuild-enriched-full	
urn:ure:t6:occ:function:current-client:00a8c96b	0x00a8c96b	xbuild-enriched-full	
urn:ure:t6:occ:function:current-client:00a8c9ad	0x00a8c9ad	xbuild-enriched-full	
urn:ure:t6:occ:function:current-client:00a8c9d4	0x00a8c9d4	xbuild-enriched-full	
urn:ure:t6:occ:function:current-client:00a8ca33	0x00a8ca33	xbuild-enriched-full	
urn:ure:t6:occ:function:current-client:00a8ca82	0x00a8ca82	xbuild-enriched-full	
urn:ure:t6:occ:function:current-client:00a8cb44	0x00a8cb44	xbuild-enriched-full	
urn:ure:t6:occ:function:current-client:00a8cba3	0x00a8cba3	xbuild-enriched-full	
urn:ure:t6:occ:function:current-client:00a8cbf8	0x00a8cbf8	xbuild-enriched-full	
urn:ure:t6:occ:function:current-client:00a8cc21	0x00a8cc21	xbuild-enriched-full	
urn:ure:t6:occ:function:current-client:00a8cc97	0x00a8cc97	xbuild-enriched-full	
urn:ure:t6:occ:function:current-client:00a8cce0	0x00a8cce0	xbuild-enriched-full	
urn:ure:t6:occ:function:current-client:00a8ce06	0x00a8ce06	xbuild-enriched-full	
urn:ure:t6:occ:function:current-client:00a8ce7c	0x00a8ce7c	xbuild-enriched-full	
urn:ure:t6:occ:function:current-client:00a8cffb	0x00a8cffb	xbuild-enriched-full	
urn:ure:t6:occ:function:current-client:00a8d08d	0x00a8d08d	xbuild-enriched-full	
urn:ure:t6:occ:function:current-client:00a8d0fb	0x00a8d0fb	xbuild-enriched-full	
urn:ure:t6:occ:function:current-client:00a8d202	0x00a8d202	xbuild-enriched-full	
urn:ure:t6:occ:function:current-client:00a8d577	0x00a8d577	xbuild-enriched-full	
urn:ure:t6:occ:function:current-client:00a8d594	0x00a8d594	xbuild-enriched-full	
urn:ure:t6:occ:function:current-client:00a8d67a	0x00a8d67a	xbuild-enriched-full	
urn:ure:t6:occ:function:current-client:00a8d6b3	0x00a8d6b3	xbuild-enriched-full	
urn:ure:t6:occ:function:current-client:00a8d6c6	0x00a8d6c6	xbuild-enriched-full	
urn:ure:t6:occ:function:current-client:00a8d6fe	0x00a8d6fe	xbuild-enriched-full	
urn:ure:t6:occ:function:current-client:00a8d710	0x00a8d710	xbuild-enriched-full	
urn:ure:t6:occ:function:current-client:00a8d75c	0x00a8d75c	xbuild-enriched-full	
urn:ure:t6:occ:function:current-client:00a8d9f3	0x00a8d9f3	xbuild-enriched-full	
urn:ure:t6:occ:function:current-client:00a8db1d	0x00a8db1d	xbuild-enriched-full	
urn:ure:t6:occ:function:current-client:00a8db30	0x00a8db30	xbuild-enriched-full	
urn:ure:t6:occ:function:current-client:00a8dc06	0x00a8dc06	xbuild-enriched-full	
urn:ure:t6:occ:function:current-client:00a8dc22	0x00a8dc22	xbuild-enriched-full	
urn:ure:t6:occ:function:current-client:00a8dc39	0x00a8dc39	xbuild-enriched-full	
urn:ure:t6:occ:function:current-client:00a8dc52	0x00a8dc52	xbuild-enriched-full	
urn:ure:t6:occ:function:current-client:00a8dc6b	0x00a8dc6b	xbuild-enriched-full	
urn:ure:t6:occ:function:current-client:00a8dc82	0x00a8dc82	xbuild-enriched-full	
urn:ure:t6:occ:function:current-client:00a8dd1e	0x00a8dd1e	xbuild-enriched-full	
urn:ure:t6:occ:function:current-client:00a8ddda	0x00a8ddda	xbuild-enriched-full	
urn:ure:t6:occ:function:current-client:00a8dde2	0x00a8dde2	xbuild-enriched-full	
urn:ure:t6:occ:function:current-client:00a8de13	0x00a8de13	xbuild-enriched-full	
urn:ure:t6:occ:function:current-client:00a8de88	0x00a8de88	xbuild-enriched-full	
urn:ure:t6:occ:function:current-client:00a8df54	0x00a8df54	xbuild-enriched-full	
urn:ure:t6:occ:function:current-client:00a8df60	0x00a8df60	xbuild-enriched-full	
urn:ure:t6:occ:function:current-client:00a8dff5	0x00a8dff5	xbuild-enriched-full	
urn:ure:t6:occ:function:current-client:00a8e030	0x00a8e030	xbuild-enriched-full	
urn:ure:t6:occ:function:current-client:00a8e0f0	0x00a8e0f0	xbuild-enriched-full	
urn:ure:t6:occ:function:current-client:00a8e436	0x00a8e436	xbuild-enriched-full	
urn:ure:t6:occ:function:current-client:00a8e465	0x00a8e465	xbuild-enriched-full	
urn:ure:t6:occ:function:current-client:00a8e4cc	0x00a8e4cc	xbuild-enriched-full	
urn:ure:t6:occ:function:current-client:00a8f094	0x00a8f094	xbuild-enriched-full	
urn:ure:t6:occ:function:current-client:00a8f2fb	0x00a8f2fb	xbuild-enriched-full	
urn:ure:t6:occ:function:current-client:00a8f3c9	0x00a8f3c9	xbuild-enriched-full	
urn:ure:t6:occ:function:current-client:00a8f3f1	0x00a8f3f1	xbuild-enriched-full	
urn:ure:t6:occ:function:current-client:00a8f48e	0x00a8f48e	xbuild-enriched-full	
urn:ure:t6:occ:function:current-client:00a8f510	0x00a8f510	xbuild-enriched-full	
urn:ure:t6:occ:function:current-client:00a8f5aa	0x00a8f5aa	xbuild-enriched-full	
urn:ure:t6:occ:function:current-client:00a8f5ca	0x00a8f5ca	xbuild-enriched-full	
urn:ure:t6:occ:function:current-client:00a8f601	0x00a8f601	xbuild-enriched-full	
urn:ure:t6:occ:function:current-client:00a8f60e	0x00a8f60e	xbuild-enriched-full	
urn:ure:t6:occ:function:current-client:00a8f813	0x00a8f813	xbuild-enriched-full	
urn:ure:t6:occ:function:current-client:00a8f84e	0x00a8f84e	xbuild-enriched-full	
urn:ure:t6:occ:function:current-client:00a8f9b5	0x00a8f9b5	xbuild-enriched-full	
urn:ure:t6:occ:function:current-client:00a8f9f1	0x00a8f9f1	xbuild-enriched-full	
urn:ure:t6:occ:function:current-client:00a8fa00	0x00a8fa00	xbuild-enriched-full	
urn:ure:t6:occ:function:current-client:00a8fa50	0x00a8fa50	xbuild-enriched-full	
urn:ure:t6:occ:function:current-client:00a8fa90	0x00a8fa90	xbuild-enriched-full	
urn:ure:t6:occ:function:current-client:00a8fae0	0x00a8fae0	xbuild-enriched-full	
urn:ure:t6:occ:function:current-client:00a8fb9c	0x00a8fb9c	xbuild-enriched-full	
urn:ure:t6:occ:function:current-client:00a8fbef	0x00a8fbef	xbuild-enriched-full	
urn:ure:t6:occ:function:current-client:00a8fc08	0x00a8fc08	xbuild-enriched-full	
urn:ure:t6:occ:function:current-client:00a8fc20	0x00a8fc20	xbuild-enriched-full	
urn:ure:t6:occ:function:current-client:00a8fc3d	0x00a8fc3d	xbuild-enriched-full	
urn:ure:t6:occ:function:current-client:00a8fd90	0x00a8fd90	xbuild-enriched-full	
urn:ure:t6:occ:function:current-client:00a8fdce	0x00a8fdce	xbuild-enriched-full	
urn:ure:t6:occ:function:current-client:00a8fe0b	0x00a8fe0b	xbuild-enriched-full	
urn:ure:t6:occ:function:current-client:00a8fe4c	0x00a8fe4c	xbuild-enriched-full	
urn:ure:t6:occ:function:current-client:00a8fe53	0x00a8fe53	xbuild-enriched-full	
urn:ure:t6:occ:function:current-client:00a8ff9a	0x00a8ff9a	xbuild-enriched-full	
urn:ure:t6:occ:function:current-client:00a8ffcd	0x00a8ffcd	xbuild-enriched-full	
urn:ure:t6:occ:function:current-client:00a90009	0x00a90009	xbuild-enriched-full	
urn:ure:t6:occ:function:current-client:00a9003c	0x00a9003c	xbuild-enriched-full	
urn:ure:t6:occ:function:current-client:00a90c70	0x00a90c70	xbuild-enriched-full	
urn:ure:t6:occ:function:current-client:00a90d1a	0x00a90d1a	xbuild-enriched-full	
urn:ure:t6:occ:function:current-client:00a90d31	0x00a90d31	xbuild-enriched-full	
urn:ure:t6:occ:function:current-client:00a90dc6	0x00a90dc6	xbuild-enriched-full	
urn:ure:t6:occ:function:current-client:00a90e45	0x00a90e45	xbuild-enriched-full	
urn:ure:t6:occ:function:current-client:00a90eb2	0x00a90eb2	xbuild-enriched-full	
urn:ure:t6:occ:function:current-client:00a91020	0x00a91020	xbuild-enriched-full	
urn:ure:t6:occ:function:current-client:00a91028	0x00a91028	xbuild-enriched-full	
urn:ure:t6:occ:function:current-client:00a91247	0x00a91247	xbuild-enriched-full	
urn:ure:t6:occ:function:current-client:00a91257	0x00a91257	xbuild-enriched-full	
urn:ure:t6:occ:function:current-client:00a912ce	0x00a912ce	xbuild-enriched-full	
urn:ure:t6:occ:function:current-client:00a9135f	0x00a9135f	xbuild-enriched-full	
urn:ure:t6:occ:function:current-client:00a913a8	0x00a913a8	xbuild-enriched-full	
urn:ure:t6:occ:function:current-client:00a9156c	0x00a9156c	xbuild-enriched-full	
urn:ure:t6:occ:function:current-client:00a917da	0x00a917da	xbuild-enriched-full	
urn:ure:t6:occ:function:current-client:00a9181c	0x00a9181c	xbuild-enriched-full	
urn:ure:t6:occ:function:current-client:00a918d6	0x00a918d6	xbuild-enriched-full	
urn:ure:t6:occ:function:current-client:00a91900	0x00a91900	xbuild-enriched-full	
urn:ure:t6:occ:function:current-client:00a919c3	0x00a919c3	xbuild-enriched-full	
urn:ure:t6:occ:function:current-client:00a919c9	0x00a919c9	xbuild-enriched-full	
urn:ure:t6:occ:function:current-client:00a919cf	0x00a919cf	xbuild-enriched-full	
urn:ure:t6:occ:function:current-client:00a91c3b	0x00a91c3b	xbuild-enriched-full	
urn:ure:t6:occ:function:current-client:00a91cad	0x00a91cad	xbuild-enriched-full	
urn:ure:t6:occ:function:current-client:00a91e96	0x00a91e96	xbuild-enriched-full	
urn:ure:t6:occ:function:current-client:00a92695	0x00a92695	xbuild-enriched-full	
urn:ure:t6:occ:function:current-client:00a92a0c	0x00a92a0c	xbuild-enriched-full	
urn:ure:t6:occ:function:current-client:00a92a89	0x00a92a89	xbuild-enriched-full	
urn:ure:t6:occ:function:current-client:00a92af2	0x00a92af2	xbuild-enriched-full	
urn:ure:t6:occ:function:current-client:00a92ce2	0x00a92ce2	xbuild-enriched-full	
urn:ure:t6:occ:function:current-client:00a92de0	0x00a92de0	xbuild-enriched-full	
urn:ure:t6:occ:function:current-client:00a93140	0x00a93140	xbuild-enriched-full	
urn:ure:t6:occ:function:current-client:00a934e7	0x00a934e7	xbuild-enriched-full	
urn:ure:t6:occ:function:current-client:00a9350d	0x00a9350d	xbuild-enriched-full	
urn:ure:t6:occ:function:current-client:00a93510	0x00a93510	xbuild-enriched-full	
urn:ure:t6:occ:function:current-client:00a93572	0x00a93572	xbuild-enriched-full	
urn:ure:t6:occ:function:current-client:00a935f6	0x00a935f6	xbuild-enriched-full	
urn:ure:t6:occ:function:current-client:00a9361b	0x00a9361b	xbuild-enriched-full	
urn:ure:t6:occ:function:current-client:00a9364c	0x00a9364c	xbuild-enriched-full	
urn:ure:t6:occ:function:current-client:00a93667	0x00a93667	xbuild-enriched-full	
urn:ure:t6:occ:function:current-client:00a9370e	0x00a9370e	xbuild-enriched-full	
urn:ure:t6:occ:function:current-client:00a93769	0x00a93769	xbuild-enriched-full	
urn:ure:t6:occ:function:current-client:00a9393a	0x00a9393a	xbuild-enriched-full	
urn:ure:t6:occ:function:current-client:00a939fa	0x00a939fa	xbuild-enriched-full	
urn:ure:t6:occ:function:current-client:00a93a61	0x00a93a61	xbuild-enriched-full	
urn:ure:t6:occ:function:current-client:00a93a9d	0x00a93a9d	xbuild-enriched-full	
urn:ure:t6:occ:function:current-client:00a93c8e	0x00a93c8e	xbuild-enriched-full	
urn:ure:t6:occ:function:current-client:00a951e2	0x00a951e2	xbuild-enriched-full	
urn:ure:t6:occ:function:current-client:00a952c9	0x00a952c9	xbuild-enriched-full	
urn:ure:t6:occ:function:current-client:00a95310	0x00a95310	xbuild-enriched-full	
urn:ure:t6:occ:function:current-client:00a95350	0x00a95350	xbuild-enriched-full	
urn:ure:t6:occ:function:current-client:00a95356	0x00a95356	xbuild-enriched-full	
urn:ure:t6:occ:function:current-client:00a95a8a	0x00a95a8a	xbuild-enriched-full	
urn:ure:t6:occ:function:current-client:00a95afe	0x00a95afe	xbuild-enriched-full	
urn:ure:t6:occ:function:current-client:00a95b38	0x00a95b38	xbuild-enriched-full	
urn:ure:t6:occ:function:current-client:00a95bce	0x00a95bce	xbuild-enriched-full	
urn:ure:t6:occ:function:current-client:00a95bfc	0x00a95bfc	xbuild-enriched-full	
urn:ure:t6:occ:function:current-client:00a95c1c	0x00a95c1c	xbuild-enriched-full	
urn:ure:t6:occ:function:current-client:00a95c6c	0x00a95c6c	xbuild-enriched-full	
urn:ure:t6:occ:function:current-client:00a95ccb	0x00a95ccb	xbuild-enriched-full	
urn:ure:t6:occ:function:current-client:00a95da7	0x00a95da7	xbuild-enriched-full	
urn:ure:t6:occ:function:current-client:00a95f41	0x00a95f41	xbuild-enriched-full	
urn:ure:t6:occ:function:current-client:00a95ffc	0x00a95ffc	xbuild-enriched-full	
urn:ure:t6:occ:function:current-client:00a96093	0x00a96093	xbuild-enriched-full	
urn:ure:t6:occ:function:current-client:00a96130	0x00a96130	xbuild-enriched-full	
urn:ure:t6:occ:function:current-client:00a9614e	0x00a9614e	xbuild-enriched-full	
urn:ure:t6:occ:function:current-client:00a963a0	0x00a963a0	xbuild-enriched-full	
urn:ure:t6:occ:function:current-client:00a963be	0x00a963be	xbuild-enriched-full	
urn:ure:t6:occ:function:current-client:00a96660	0x00a96660	xbuild-enriched-full	
urn:ure:t6:occ:function:current-client:00a9667e	0x00a9667e	xbuild-enriched-full	
urn:ure:t6:occ:function:current-client:00a9695c	0x00a9695c	xbuild-enriched-full	
urn:ure:t6:occ:function:current-client:00a969a0	0x00a969a0	xbuild-enriched-full	
urn:ure:t6:occ:function:current-client:00a969b8	0x00a969b8	xbuild-enriched-full	
urn:ure:t6:occ:function:current-client:00a969be	0x00a969be	xbuild-enriched-full	
urn:ure:t6:occ:function:current-client:00a96b50	0x00a96b50	xbuild-enriched-full	
urn:ure:t6:occ:function:current-client:00a96b68	0x00a96b68	xbuild-enriched-full	
urn:ure:t6:occ:function:current-client:00a96b6e	0x00a96b6e	xbuild-enriched-full	
urn:ure:t6:occ:function:current-client:00a96d18	0x00a96d18	xbuild-enriched-full	
urn:ure:t6:occ:function:current-client:00a96d99	0x00a96d99	xbuild-enriched-full	
urn:ure:t6:occ:function:current-client:00a96e1f	0x00a96e1f	xbuild-enriched-full	
urn:ure:t6:occ:function:current-client:00a96e88	0x00a96e88	xbuild-enriched-full	
urn:ure:t6:occ:function:current-client:00a96f1e	0x00a96f1e	xbuild-enriched-full	
urn:ure:t6:occ:function:current-client:00a96f27	0x00a96f27	xbuild-enriched-full	
urn:ure:t6:occ:function:current-client:00a96f4e	0x00a96f4e	xbuild-enriched-full	
urn:ure:t6:occ:function:current-client:00a97020	0x00a97020	xbuild-enriched-full	
urn:ure:t6:occ:function:current-client:00a970de	0x00a970de	xbuild-enriched-full	
urn:ure:t6:occ:function:current-client:00a970f0	0x00a970f0	xbuild-enriched-full	
urn:ure:t6:occ:function:current-client:00a97138	0x00a97138	xbuild-enriched-full	
urn:ure:t6:occ:function:current-client:00a97150	0x00a97150	xbuild-enriched-full	
urn:ure:t6:occ:function:current-client:00a971b1	0x00a971b1	xbuild-enriched-full	
urn:ure:t6:occ:function:current-client:00a9731d	0x00a9731d	xbuild-enriched-full	
urn:ure:t6:occ:function:current-client:00a97392	0x00a97392	xbuild-enriched-full	
urn:ure:t6:occ:function:current-client:00a9745f	0x00a9745f	xbuild-enriched-full	
urn:ure:t6:occ:function:current-client:00a974c2	0x00a974c2	xbuild-enriched-full	
urn:ure:t6:occ:function:current-client:00a97501	0x00a97501	xbuild-enriched-full	
urn:ure:t6:occ:function:current-client:00a975db	0x00a975db	xbuild-enriched-full	
urn:ure:t6:occ:function:current-client:00a97615	0x00a97615	xbuild-enriched-full	
urn:ure:t6:occ:function:current-client:00a9761d	0x00a9761d	xbuild-enriched-full	
urn:ure:t6:occ:function:current-client:00a976a2	0x00a976a2	xbuild-enriched-full	
urn:ure:t6:occ:function:current-client:00a97782	0x00a97782	xbuild-enriched-full	
urn:ure:t6:occ:function:current-client:00a9778c	0x00a9778c	xbuild-enriched-full	
urn:ure:t6:occ:function:current-client:00a977e2	0x00a977e2	xbuild-enriched-full	
urn:ure:t6:occ:function:current-client:00a97937	0x00a97937	xbuild-enriched-full	
urn:ure:t6:occ:function:current-client:00a97954	0x00a97954	xbuild-enriched-full	
urn:ure:t6:occ:function:current-client:00a979fc	0x00a979fc	xbuild-enriched-full	
urn:ure:t6:occ:function:current-client:00a97aa4	0x00a97aa4	xbuild-enriched-full	
urn:ure:t6:occ:function:current-client:00a97b57	0x00a97b57	xbuild-enriched-full	
urn:ure:t6:occ:function:current-client:00a97c0a	0x00a97c0a	xbuild-enriched-full	
urn:ure:t6:occ:function:current-client:00a97ca0	0x00a97ca0	xbuild-enriched-full	
urn:ure:t6:occ:function:current-client:00a97d88	0x00a97d88	xbuild-enriched-full	
urn:ure:t6:occ:function:current-client:00a97de7	0x00a97de7	xbuild-enriched-full	
urn:ure:t6:occ:function:current-client:00a97dfb	0x00a97dfb	xbuild-enriched-full	
urn:ure:t6:occ:function:current-client:00a97f11	0x00a97f11	xbuild-enriched-full	
urn:ure:t6:occ:function:current-client:00a97f2b	0x00a97f2b	xbuild-enriched-full	
urn:ure:t6:occ:function:current-client:00a98070	0x00a98070	xbuild-enriched-full	
urn:ure:t6:occ:function:current-client:00a98088	0x00a98088	xbuild-enriched-full	
urn:ure:t6:occ:function:current-client:00a9808e	0x00a9808e	xbuild-enriched-full	
urn:ure:t6:occ:function:current-client:00a982d0	0x00a982d0	xbuild-enriched-full	
urn:ure:t6:occ:function:current-client:00a98821	0x00a98821	xbuild-enriched-full	
urn:ure:t6:occ:function:current-client:00a98d72	0x00a98d72	xbuild-enriched-full	
urn:ure:t6:occ:function:current-client:00a98f56	0x00a98f56	xbuild-enriched-full	
urn:ure:t6:occ:function:current-client:00a98fc4	0x00a98fc4	xbuild-enriched-full	
urn:ure:t6:occ:function:current-client:00a990ae	0x00a990ae	xbuild-enriched-full	
urn:ure:t6:occ:function:current-client:00a991ce	0x00a991ce	xbuild-enriched-full	
urn:ure:t6:occ:function:current-client:00a99288	0x00a99288	xbuild-enriched-full	
urn:ure:t6:occ:function:current-client:00a992dd	0x00a992dd	xbuild-enriched-full	
urn:ure:t6:occ:function:current-client:00a99364	0x00a99364	xbuild-enriched-full	
urn:ure:t6:occ:function:current-client:00a99440	0x00a99440	xbuild-enriched-full	
urn:ure:t6:occ:function:current-client:00a9948b	0x00a9948b	xbuild-enriched-full	
urn:ure:t6:occ:function:current-client:00a99498	0x00a99498	xbuild-enriched-full	
urn:ure:t6:occ:function:current-client:00a994bf	0x00a994bf	xbuild-enriched-full	
urn:ure:t6:occ:function:current-client:00a99501	0x00a99501	xbuild-enriched-full	
urn:ure:t6:occ:function:current-client:00a99537	0x00a99537	xbuild-enriched-full	
urn:ure:t6:occ:function:current-client:00a99549	0x00a99549	xbuild-enriched-full	
urn:ure:t6:occ:function:current-client:00a9974d	0x00a9974d	xbuild-enriched-full	
urn:ure:t6:occ:function:current-client:00a99767	0x00a99767	xbuild-enriched-full	
urn:ure:t6:occ:function:current-client:00a998b3	0x00a998b3	xbuild-enriched-full	
urn:ure:t6:occ:function:current-client:00a998cd	0x00a998cd	xbuild-enriched-full	
urn:ure:t6:occ:function:current-client:00a99a54	0x00a99a54	xbuild-enriched-full	
urn:ure:t6:occ:function:current-client:00a99c3c	0x00a99c3c	xbuild-enriched-full	
urn:ure:t6:occ:function:current-client:00a99e40	0x00a99e40	xbuild-enriched-full	
urn:ure:t6:occ:function:current-client:00a9a1dc	0x00a9a1dc	xbuild-enriched-full	
urn:ure:t6:occ:function:current-client:00a9a392	0x00a9a392	xbuild-enriched-full	
urn:ure:t6:occ:function:current-client:00a9ac8a	0x00a9ac8a	xbuild-enriched-full	
urn:ure:t6:occ:function:current-client:00a9ad18	0x00a9ad18	xbuild-enriched-full	
urn:ure:t6:occ:function:current-client:00a9adb8	0x00a9adb8	xbuild-enriched-full	
urn:ure:t6:occ:function:current-client:00a9b0ca	0x00a9b0ca	xbuild-enriched-full	
urn:ure:t6:occ:function:current-client:00a9b12d	0x00a9b12d	xbuild-enriched-full	
urn:ure:t6:occ:function:current-client:00a9b163	0x00a9b163	xbuild-enriched-full	
urn:ure:t6:occ:function:current-client:00a9b2d7	0x00a9b2d7	xbuild-enriched-full	
urn:ure:t6:occ:function:current-client:00a9b4a2	0x00a9b4a2	xbuild-enriched-full	
urn:ure:t6:occ:function:current-client:00a9b4bc	0x00a9b4bc	xbuild-enriched-full	
urn:ure:t6:occ:function:current-client:00a9b4e1	0x00a9b4e1	xbuild-enriched-full	
urn:ure:t6:occ:function:current-client:00a9b4fe	0x00a9b4fe	xbuild-enriched-full	
urn:ure:t6:occ:function:current-client:00a9b52e	0x00a9b52e	xbuild-enriched-full	
urn:ure:t6:occ:function:current-client:00a9b54b	0x00a9b54b	xbuild-enriched-full	
urn:ure:t6:occ:function:current-client:00a9b57b	0x00a9b57b	xbuild-enriched-full	
urn:ure:t6:occ:function:current-client:00a9b598	0x00a9b598	xbuild-enriched-full	
urn:ure:t6:occ:function:current-client:00a9b5c0	0x00a9b5c0	xbuild-enriched-full	
urn:ure:t6:occ:function:current-client:00a9b5c6	0x00a9b5c6	xbuild-enriched-full	
urn:ure:t6:occ:function:current-client:00a9b5cc	0x00a9b5cc	xbuild-enriched-full	
urn:ure:t6:occ:function:current-client:00a9b5d2	0x00a9b5d2	xbuild-enriched-full	
urn:ure:t6:occ:function:current-client:00a9b5d8	0x00a9b5d8	xbuild-enriched-full	
urn:ure:t6:occ:function:current-client:00a9b5de	0x00a9b5de	xbuild-enriched-full	
urn:ure:t6:occ:function:current-client:00a9b5f0	0x00a9b5f0	xbuild-enriched-full	
urn:ure:t6:occ:function:current-client:00a9b620	0x00a9b620	xbuild-enriched-full	
urn:ure:t6:occ:function:current-client:00a9b670	0x00a9b670	xbuild-enriched-full	
urn:ure:t6:occ:function:current-client:00a9b720	0x00a9b720	xbuild-enriched-full	
urn:ure:t6:occ:function:current-client:00a9b840	0x00a9b840	xbuild-enriched-full	
urn:ure:t6:occ:function:current-client:00a9b9c0	0x00a9b9c0	xbuild-enriched-full	
urn:ure:t6:occ:function:current-client:00a9baf0	0x00a9baf0	xbuild-enriched-full	
urn:ure:t6:occ:function:current-client:00a9bbc0	0x00a9bbc0	xbuild-enriched-full	
urn:ure:t6:occ:function:current-client:00a9bc40	0x00a9bc40	xbuild-enriched-full	
urn:ure:t6:occ:function:current-client:00a9bd50	0x00a9bd50	xbuild-enriched-full	
urn:ure:t6:occ:function:current-client:00a9be60	0x00a9be60	xbuild-enriched-full	
urn:ure:t6:occ:function:current-client:00a9bf70	0x00a9bf70	xbuild-enriched-full	
urn:ure:t6:occ:function:current-client:00a9c080	0x00a9c080	xbuild-enriched-full	
urn:ure:t6:occ:function:current-client:00a9c190	0x00a9c190	xbuild-enriched-full	
urn:ure:t6:occ:function:current-client:00a9c2a0	0x00a9c2a0	xbuild-enriched-full	
urn:ure:t6:occ:function:current-client:00a9c3b0	0x00a9c3b0	xbuild-enriched-full	
urn:ure:t6:occ:function:current-client:00a9c4c0	0x00a9c4c0	xbuild-enriched-full	
urn:ure:t6:occ:function:current-client:00a9c5d0	0x00a9c5d0	xbuild-enriched-full	
urn:ure:t6:occ:function:current-client:00a9c6e0	0x00a9c6e0	xbuild-enriched-full	
urn:ure:t6:occ:function:current-client:00a9c7f0	0x00a9c7f0	xbuild-enriched-full	
urn:ure:t6:occ:function:current-client:00a9c900	0x00a9c900	xbuild-enriched-full	
urn:ure:t6:occ:function:current-client:00a9ca10	0x00a9ca10	xbuild-enriched-full	
urn:ure:t6:occ:function:current-client:00a9cb20	0x00a9cb20	xbuild-enriched-full	
urn:ure:t6:occ:function:current-client:00a9cc30	0x00a9cc30	xbuild-enriched-full	
urn:ure:t6:occ:function:current-client:00a9cd40	0x00a9cd40	xbuild-enriched-full	
urn:ure:t6:occ:function:current-client:00a9ce60	0x00a9ce60	xbuild-enriched-full	
urn:ure:t6:occ:function:current-client:00a9cf80	0x00a9cf80	xbuild-enriched-full	
urn:ure:t6:occ:function:current-client:00a9d090	0x00a9d090	xbuild-enriched-full	
urn:ure:t6:occ:function:current-client:00a9d1a0	0x00a9d1a0	xbuild-enriched-full	
urn:ure:t6:occ:function:current-client:00a9d2b0	0x00a9d2b0	xbuild-enriched-full	
urn:ure:t6:occ:function:current-client:00a9d3c0	0x00a9d3c0	xbuild-enriched-full	
urn:ure:t6:occ:function:current-client:00a9d4d0	0x00a9d4d0	xbuild-enriched-full	
urn:ure:t6:occ:function:current-client:00a9d5e0	0x00a9d5e0	xbuild-enriched-full	
urn:ure:t6:occ:function:current-client:00a9d6f0	0x00a9d6f0	xbuild-enriched-full	
urn:ure:t6:occ:function:current-client:00a9d800	0x00a9d800	xbuild-enriched-full	
urn:ure:t6:occ:function:current-client:00a9d910	0x00a9d910	xbuild-enriched-full	
urn:ure:t6:occ:function:current-client:00a9da20	0x00a9da20	xbuild-enriched-full	
urn:ure:t6:occ:function:current-client:00a9db30	0x00a9db30	xbuild-enriched-full	
urn:ure:t6:occ:function:current-client:00a9dc40	0x00a9dc40	xbuild-enriched-full	
urn:ure:t6:occ:function:current-client:00a9dd50	0x00a9dd50	xbuild-enriched-full	
urn:ure:t6:occ:function:current-client:00a9de60	0x00a9de60	xbuild-enriched-full	
urn:ure:t6:occ:function:current-client:00a9df70	0x00a9df70	xbuild-enriched-full	
urn:ure:t6:occ:function:current-client:00a9e080	0x00a9e080	xbuild-enriched-full	
urn:ure:t6:occ:function:current-client:00a9e190	0x00a9e190	xbuild-enriched-full	
urn:ure:t6:occ:function:current-client:00a9e2a0	0x00a9e2a0	xbuild-enriched-full	
urn:ure:t6:occ:function:current-client:00a9e3b0	0x00a9e3b0	xbuild-enriched-full	
urn:ure:t6:occ:function:current-client:00a9e4c0	0x00a9e4c0	xbuild-enriched-full	
urn:ure:t6:occ:function:current-client:00a9e5d0	0x00a9e5d0	xbuild-enriched-full	
urn:ure:t6:occ:function:current-client:00a9e6e0	0x00a9e6e0	xbuild-enriched-full	
urn:ure:t6:occ:function:current-client:00a9e7f0	0x00a9e7f0	xbuild-enriched-full	
urn:ure:t6:occ:function:current-client:00a9e900	0x00a9e900	xbuild-enriched-full	
urn:ure:t6:occ:function:current-client:00a9ea10	0x00a9ea10	xbuild-enriched-full	
urn:ure:t6:occ:function:current-client:00a9eb30	0x00a9eb30	xbuild-enriched-full	
urn:ure:t6:occ:function:current-client:00a9ec40	0x00a9ec40	xbuild-enriched-full	
urn:ure:t6:occ:function:current-client:00a9ed50	0x00a9ed50	xbuild-enriched-full	
urn:ure:t6:occ:function:current-client:00a9ee60	0x00a9ee60	xbuild-enriched-full	
urn:ure:t6:occ:function:current-client:00a9ef70	0x00a9ef70	xbuild-enriched-full	
urn:ure:t6:occ:function:current-client:00a9f080	0x00a9f080	xbuild-enriched-full	
urn:ure:t6:occ:function:current-client:00a9f190	0x00a9f190	xbuild-enriched-full	
urn:ure:t6:occ:function:current-client:00a9f2a0	0x00a9f2a0	xbuild-enriched-full	
urn:ure:t6:occ:function:current-client:00a9f3b0	0x00a9f3b0	xbuild-enriched-full	
urn:ure:t6:occ:function:current-client:00a9f4c0	0x00a9f4c0	xbuild-enriched-full	
urn:ure:t6:occ:function:current-client:00a9f5d0	0x00a9f5d0	xbuild-enriched-full	
urn:ure:t6:occ:function:current-client:00a9f6e0	0x00a9f6e0	xbuild-enriched-full	
urn:ure:t6:occ:function:current-client:00a9f800	0x00a9f800	xbuild-enriched-full	
urn:ure:t6:occ:function:current-client:00a9f910	0x00a9f910	xbuild-enriched-full	
urn:ure:t6:occ:function:current-client:00a9fa20	0x00a9fa20	xbuild-enriched-full	
urn:ure:t6:occ:function:current-client:00a9fb30	0x00a9fb30	xbuild-enriched-full	
urn:ure:t6:occ:function:current-client:00a9fc40	0x00a9fc40	xbuild-enriched-full	
urn:ure:t6:occ:function:current-client:00a9fd50	0x00a9fd50	xbuild-enriched-full	
urn:ure:t6:occ:function:current-client:00a9fe60	0x00a9fe60	xbuild-enriched-full	
urn:ure:t6:occ:function:current-client:00a9ff70	0x00a9ff70	xbuild-enriched-full	
urn:ure:t6:occ:function:current-client:00aa0080	0x00aa0080	xbuild-enriched-full	
urn:ure:t6:occ:function:current-client:00aa0190	0x00aa0190	xbuild-enriched-full	
urn:ure:t6:occ:function:current-client:00aa02a0	0x00aa02a0	xbuild-enriched-full	
urn:ure:t6:occ:function:current-client:00aa03b0	0x00aa03b0	xbuild-enriched-full	
urn:ure:t6:occ:function:current-client:00aa04c0	0x00aa04c0	xbuild-enriched-full	
urn:ure:t6:occ:function:current-client:00aa05d0	0x00aa05d0	xbuild-enriched-full	
urn:ure:t6:occ:function:current-client:00aa06e0	0x00aa06e0	xbuild-enriched-full	
urn:ure:t6:occ:function:current-client:00aa07f0	0x00aa07f0	xbuild-enriched-full	
urn:ure:t6:occ:function:current-client:00aa0900	0x00aa0900	xbuild-enriched-full	
urn:ure:t6:occ:function:current-client:00aa0a10	0x00aa0a10	xbuild-enriched-full	
urn:ure:t6:occ:function:current-client:00aa0b20	0x00aa0b20	xbuild-enriched-full	
urn:ure:t6:occ:function:current-client:00aa0c30	0x00aa0c30	xbuild-enriched-full	
urn:ure:t6:occ:function:current-client:00aa0d40	0x00aa0d40	xbuild-enriched-full	
urn:ure:t6:occ:function:current-client:00aa0e50	0x00aa0e50	xbuild-enriched-full	
urn:ure:t6:occ:function:current-client:00aa0f60	0x00aa0f60	xbuild-enriched-full	
urn:ure:t6:occ:function:current-client:00aa1070	0x00aa1070	xbuild-enriched-full	
urn:ure:t6:occ:function:current-client:00aa1190	0x00aa1190	xbuild-enriched-full	
urn:ure:t6:occ:function:current-client:00aa12b0	0x00aa12b0	xbuild-enriched-full	
urn:ure:t6:occ:function:current-client:00aa13d0	0x00aa13d0	xbuild-enriched-full	
urn:ure:t6:occ:function:current-client:00aa14e0	0x00aa14e0	xbuild-enriched-full	
urn:ure:t6:occ:function:current-client:00aa15f0	0x00aa15f0	xbuild-enriched-full	
urn:ure:t6:occ:function:current-client:00aa1700	0x00aa1700	xbuild-enriched-full	
urn:ure:t6:occ:function:current-client:00aa1810	0x00aa1810	xbuild-enriched-full	
urn:ure:t6:occ:function:current-client:00aa1920	0x00aa1920	xbuild-enriched-full	
urn:ure:t6:occ:function:current-client:00aa1a30	0x00aa1a30	xbuild-enriched-full	
urn:ure:t6:occ:function:current-client:00aa1b40	0x00aa1b40	xbuild-enriched-full	
urn:ure:t6:occ:function:current-client:00aa1c50	0x00aa1c50	xbuild-enriched-full	
urn:ure:t6:occ:function:current-client:00aa1d60	0x00aa1d60	xbuild-enriched-full	
urn:ure:t6:occ:function:current-client:00aa1e70	0x00aa1e70	xbuild-enriched-full	
urn:ure:t6:occ:function:current-client:00aa1f80	0x00aa1f80	xbuild-enriched-full	
urn:ure:t6:occ:function:current-client:00aa2090	0x00aa2090	xbuild-enriched-full	
urn:ure:t6:occ:function:current-client:00aa21a0	0x00aa21a0	xbuild-enriched-full	
urn:ure:t6:occ:function:current-client:00aa22c0	0x00aa22c0	xbuild-enriched-full	
urn:ure:t6:occ:function:current-client:00aa23d0	0x00aa23d0	xbuild-enriched-full	
urn:ure:t6:occ:function:current-client:00aa24e0	0x00aa24e0	xbuild-enriched-full	
urn:ure:t6:occ:function:current-client:00aa25f0	0x00aa25f0	xbuild-enriched-full	
urn:ure:t6:occ:function:current-client:00aa2700	0x00aa2700	xbuild-enriched-full	
urn:ure:t6:occ:function:current-client:00aa2810	0x00aa2810	xbuild-enriched-full	
urn:ure:t6:occ:function:current-client:00aa2920	0x00aa2920	xbuild-enriched-full	
urn:ure:t6:occ:function:current-client:00aa2a30	0x00aa2a30	xbuild-enriched-full	
urn:ure:t6:occ:function:current-client:00aa2b40	0x00aa2b40	xbuild-enriched-full	
urn:ure:t6:occ:function:current-client:00aa2c50	0x00aa2c50	xbuild-enriched-full	
urn:ure:t6:occ:function:current-client:00aa2d60	0x00aa2d60	xbuild-enriched-full	
urn:ure:t6:occ:function:current-client:00aa2e70	0x00aa2e70	xbuild-enriched-full	
urn:ure:t6:occ:function:current-client:00aa2f80	0x00aa2f80	xbuild-enriched-full	
urn:ure:t6:occ:function:current-client:00aa3090	0x00aa3090	xbuild-enriched-full	
urn:ure:t6:occ:function:current-client:00aa31a0	0x00aa31a0	xbuild-enriched-full	
urn:ure:t6:occ:function:current-client:00aa32b0	0x00aa32b0	xbuild-enriched-full	
urn:ure:t6:occ:function:current-client:00aa33c0	0x00aa33c0	xbuild-enriched-full	
urn:ure:t6:occ:function:current-client:00aa34d0	0x00aa34d0	xbuild-enriched-full	
urn:ure:t6:occ:function:current-client:00aa35e0	0x00aa35e0	xbuild-enriched-full	
urn:ure:t6:occ:function:current-client:00aa36f0	0x00aa36f0	xbuild-enriched-full	
urn:ure:t6:occ:function:current-client:00aa3800	0x00aa3800	xbuild-enriched-full	
urn:ure:t6:occ:function:current-client:00aa3910	0x00aa3910	xbuild-enriched-full	
urn:ure:t6:occ:function:current-client:00aa3a20	0x00aa3a20	xbuild-enriched-full	
urn:ure:t6:occ:function:current-client:00aa3b30	0x00aa3b30	xbuild-enriched-full	
urn:ure:t6:occ:function:current-client:00aa3c40	0x00aa3c40	xbuild-enriched-full	
urn:ure:t6:occ:function:current-client:00aa3d50	0x00aa3d50	xbuild-enriched-full	
urn:ure:t6:occ:function:current-client:00aa3e60	0x00aa3e60	xbuild-enriched-full	
urn:ure:t6:occ:function:current-client:00aa3f80	0x00aa3f80	xbuild-enriched-full	
urn:ure:t6:occ:function:current-client:00aa4090	0x00aa4090	xbuild-enriched-full	
urn:ure:t6:occ:function:current-client:00aa41a0	0x00aa41a0	xbuild-enriched-full	
urn:ure:t6:occ:function:current-client:00aa42b0	0x00aa42b0	xbuild-enriched-full	
urn:ure:t6:occ:function:current-client:00aa43c0	0x00aa43c0	xbuild-enriched-full	
urn:ure:t6:occ:function:current-client:00aa44d0	0x00aa44d0	xbuild-enriched-full	
urn:ure:t6:occ:function:current-client:00aa45e0	0x00aa45e0	xbuild-enriched-full	
urn:ure:t6:occ:function:current-client:00aa46f0	0x00aa46f0	xbuild-enriched-full	
urn:ure:t6:occ:function:current-client:00aa4800	0x00aa4800	xbuild-enriched-full	
urn:ure:t6:occ:function:current-client:00aa4910	0x00aa4910	xbuild-enriched-full	
urn:ure:t6:occ:function:current-client:00aa4a20	0x00aa4a20	xbuild-enriched-full	
urn:ure:t6:occ:function:current-client:00aa4b30	0x00aa4b30	xbuild-enriched-full	
urn:ure:t6:occ:function:current-client:00aa4c40	0x00aa4c40	xbuild-enriched-full	
urn:ure:t6:occ:function:current-client:00aa4d50	0x00aa4d50	xbuild-enriched-full	
urn:ure:t6:occ:function:current-client:00aa4e60	0x00aa4e60	xbuild-enriched-full	
urn:ure:t6:occ:function:current-client:00aa4f70	0x00aa4f70	xbuild-enriched-full	
urn:ure:t6:occ:function:current-client:00aa5080	0x00aa5080	xbuild-enriched-full	
urn:ure:t6:occ:function:current-client:00aa5190	0x00aa5190	xbuild-enriched-full	
urn:ure:t6:occ:function:current-client:00aa52a0	0x00aa52a0	xbuild-enriched-full	
urn:ure:t6:occ:function:current-client:00aa53b0	0x00aa53b0	xbuild-enriched-full	
urn:ure:t6:occ:function:current-client:00aa54c0	0x00aa54c0	xbuild-enriched-full	
urn:ure:t6:occ:function:current-client:00aa55e0	0x00aa55e0	xbuild-enriched-full	
urn:ure:t6:occ:function:current-client:00aa56f0	0x00aa56f0	xbuild-enriched-full	
urn:ure:t6:occ:function:current-client:00aa5800	0x00aa5800	xbuild-enriched-full	
urn:ure:t6:occ:function:current-client:00aa5910	0x00aa5910	xbuild-enriched-full	
urn:ure:t6:occ:function:current-client:00aa5a20	0x00aa5a20	xbuild-enriched-full	
urn:ure:t6:occ:function:current-client:00aa5b30	0x00aa5b30	xbuild-enriched-full	
urn:ure:t6:occ:function:current-client:00aa5c50	0x00aa5c50	xbuild-enriched-full	
urn:ure:t6:occ:function:current-client:00aa5d70	0x00aa5d70	xbuild-enriched-full	
urn:ure:t6:occ:function:current-client:00aa5e80	0x00aa5e80	xbuild-enriched-full	
urn:ure:t6:occ:function:current-client:00aa5f90	0x00aa5f90	xbuild-enriched-full	
urn:ure:t6:occ:function:current-client:00aa60a0	0x00aa60a0	xbuild-enriched-full	
urn:ure:t6:occ:function:current-client:00aa61b0	0x00aa61b0	xbuild-enriched-full	
urn:ure:t6:occ:function:current-client:00aa62c0	0x00aa62c0	xbuild-enriched-full	
urn:ure:t6:occ:function:current-client:00aa63d0	0x00aa63d0	xbuild-enriched-full	
urn:ure:t6:occ:function:current-client:00aa64e0	0x00aa64e0	xbuild-enriched-full	
urn:ure:t6:occ:function:current-client:00aa65f0	0x00aa65f0	xbuild-enriched-full	
urn:ure:t6:occ:function:current-client:00aa6700	0x00aa6700	xbuild-enriched-full	
urn:ure:t6:occ:function:current-client:00aa6810	0x00aa6810	xbuild-enriched-full	
urn:ure:t6:occ:function:current-client:00aa6930	0x00aa6930	xbuild-enriched-full	
urn:ure:t6:occ:function:current-client:00aa6a40	0x00aa6a40	xbuild-enriched-full	
urn:ure:t6:occ:function:current-client:00aa6b50	0x00aa6b50	xbuild-enriched-full	
urn:ure:t6:occ:function:current-client:00aa6c60	0x00aa6c60	xbuild-enriched-full	
urn:ure:t6:occ:function:current-client:00aa6d70	0x00aa6d70	xbuild-enriched-full	
urn:ure:t6:occ:function:current-client:00aa6e80	0x00aa6e80	xbuild-enriched-full	
urn:ure:t6:occ:function:current-client:00aa6fa0	0x00aa6fa0	xbuild-enriched-full	
urn:ure:t6:occ:function:current-client:00aa70c0	0x00aa70c0	xbuild-enriched-full	
urn:ure:t6:occ:function:current-client:00aa71e0	0x00aa71e0	xbuild-enriched-full	
urn:ure:t6:occ:function:current-client:00aa7300	0x00aa7300	xbuild-enriched-full	
urn:ure:t6:occ:function:current-client:00aa7410	0x00aa7410	xbuild-enriched-full	
urn:ure:t6:occ:function:current-client:00aa7520	0x00aa7520	xbuild-enriched-full	
urn:ure:t6:occ:function:current-client:00aa7630	0x00aa7630	xbuild-enriched-full	
urn:ure:t6:occ:function:current-client:00aa7750	0x00aa7750	xbuild-enriched-full	
urn:ure:t6:occ:function:current-client:00aa7860	0x00aa7860	xbuild-enriched-full	
urn:ure:t6:occ:function:current-client:00aa7970	0x00aa7970	xbuild-enriched-full	
urn:ure:t6:occ:function:current-client:00aa7a80	0x00aa7a80	xbuild-enriched-full	
urn:ure:t6:occ:function:current-client:00aa7b90	0x00aa7b90	xbuild-enriched-full	
urn:ure:t6:occ:function:current-client:00aa7ca0	0x00aa7ca0	xbuild-enriched-full	
urn:ure:t6:occ:function:current-client:00aa7db0	0x00aa7db0	xbuild-enriched-full	
urn:ure:t6:occ:function:current-client:00aa7ec0	0x00aa7ec0	xbuild-enriched-full	
urn:ure:t6:occ:function:current-client:00aa7fd0	0x00aa7fd0	xbuild-enriched-full	
urn:ure:t6:occ:function:current-client:00aa80e0	0x00aa80e0	xbuild-enriched-full	
urn:ure:t6:occ:function:current-client:00aa81f0	0x00aa81f0	xbuild-enriched-full	
urn:ure:t6:occ:function:current-client:00aa8300	0x00aa8300	xbuild-enriched-full	
urn:ure:t6:occ:function:current-client:00aa8410	0x00aa8410	xbuild-enriched-full	
urn:ure:t6:occ:function:current-client:00aa8530	0x00aa8530	xbuild-enriched-full	
urn:ure:t6:occ:function:current-client:00aa8650	0x00aa8650	xbuild-enriched-full	
urn:ure:t6:occ:function:current-client:00aa8760	0x00aa8760	xbuild-enriched-full	
urn:ure:t6:occ:function:current-client:00aa88a0	0x00aa88a0	xbuild-enriched-full	
urn:ure:t6:occ:function:current-client:00aa89b0	0x00aa89b0	xbuild-enriched-full	
urn:ure:t6:occ:function:current-client:00aa8ad0	0x00aa8ad0	xbuild-enriched-full	
urn:ure:t6:occ:function:current-client:00aa8bf0	0x00aa8bf0	xbuild-enriched-full	
urn:ure:t6:occ:function:current-client:00aa8d00	0x00aa8d00	xbuild-enriched-full	
urn:ure:t6:occ:function:current-client:00aa8e10	0x00aa8e10	xbuild-enriched-full	
urn:ure:t6:occ:function:current-client:00aa8f20	0x00aa8f20	xbuild-enriched-full	
urn:ure:t6:occ:function:current-client:00aa9030	0x00aa9030	xbuild-enriched-full	
urn:ure:t6:occ:function:current-client:00aa9150	0x00aa9150	xbuild-enriched-full	
urn:ure:t6:occ:function:current-client:00aa9260	0x00aa9260	xbuild-enriched-full	
urn:ure:t6:occ:function:current-client:00aa9380	0x00aa9380	xbuild-enriched-full	
urn:ure:t6:occ:function:current-client:00aa9490	0x00aa9490	xbuild-enriched-full	
urn:ure:t6:occ:function:current-client:00aa95a0	0x00aa95a0	xbuild-enriched-full	
urn:ure:t6:occ:function:current-client:00aa96b0	0x00aa96b0	xbuild-enriched-full	
urn:ure:t6:occ:function:current-client:00aa97d0	0x00aa97d0	xbuild-enriched-full	
urn:ure:t6:occ:function:current-client:00aa98f0	0x00aa98f0	xbuild-enriched-full	
urn:ure:t6:occ:function:current-client:00aa9a00	0x00aa9a00	xbuild-enriched-full	
urn:ure:t6:occ:function:current-client:00aa9b10	0x00aa9b10	xbuild-enriched-full	
urn:ure:t6:occ:function:current-client:00aa9c20	0x00aa9c20	xbuild-enriched-full	
urn:ure:t6:occ:function:current-client:00aa9d30	0x00aa9d30	xbuild-enriched-full	
urn:ure:t6:occ:function:current-client:00aa9e40	0x00aa9e40	xbuild-enriched-full	
urn:ure:t6:occ:function:current-client:00aa9f50	0x00aa9f50	xbuild-enriched-full	
urn:ure:t6:occ:function:current-client:00aaa060	0x00aaa060	xbuild-enriched-full	
urn:ure:t6:occ:function:current-client:00aaa180	0x00aaa180	xbuild-enriched-full	
urn:ure:t6:occ:function:current-client:00aaa290	0x00aaa290	xbuild-enriched-full	
urn:ure:t6:occ:function:current-client:00aaa3a0	0x00aaa3a0	xbuild-enriched-full	
urn:ure:t6:occ:function:current-client:00aaa4b0	0x00aaa4b0	xbuild-enriched-full	
urn:ure:t6:occ:function:current-client:00aaa5e0	0x00aaa5e0	xbuild-enriched-full	
urn:ure:t6:occ:function:current-client:00aaa710	0x00aaa710	xbuild-enriched-full	
urn:ure:t6:occ:function:current-client:00aaa820	0x00aaa820	xbuild-enriched-full	
urn:ure:t6:occ:function:current-client:00aaa930	0x00aaa930	xbuild-enriched-full	
urn:ure:t6:occ:function:current-client:00aaaa40	0x00aaaa40	xbuild-enriched-full	
urn:ure:t6:occ:function:current-client:00aaab50	0x00aaab50	xbuild-enriched-full	
urn:ure:t6:occ:function:current-client:00aaac60	0x00aaac60	xbuild-enriched-full	
urn:ure:t6:occ:function:current-client:00aaad70	0x00aaad70	xbuild-enriched-full	
urn:ure:t6:occ:function:current-client:00aaae80	0x00aaae80	xbuild-enriched-full	
urn:ure:t6:occ:function:current-client:00aaaf90	0x00aaaf90	xbuild-enriched-full	
urn:ure:t6:occ:function:current-client:00aab0a0	0x00aab0a0	xbuild-enriched-full	
urn:ure:t6:occ:function:current-client:00aab1b0	0x00aab1b0	xbuild-enriched-full	
urn:ure:t6:occ:function:current-client:00aab2c0	0x00aab2c0	xbuild-enriched-full	
urn:ure:t6:occ:function:current-client:00aab3d0	0x00aab3d0	xbuild-enriched-full	
urn:ure:t6:occ:function:current-client:00aab4f0	0x00aab4f0	xbuild-enriched-full	
urn:ure:t6:occ:function:current-client:00aab610	0x00aab610	xbuild-enriched-full	
urn:ure:t6:occ:function:current-client:00aab730	0x00aab730	xbuild-enriched-full	
urn:ure:t6:occ:function:current-client:00aab840	0x00aab840	xbuild-enriched-full	
urn:ure:t6:occ:function:current-client:00aab950	0x00aab950	xbuild-enriched-full	
urn:ure:t6:occ:function:current-client:00aaba60	0x00aaba60	xbuild-enriched-full	
urn:ure:t6:occ:function:current-client:00aabb70	0x00aabb70	xbuild-enriched-full	
urn:ure:t6:occ:function:current-client:00aabc90	0x00aabc90	xbuild-enriched-full	
urn:ure:t6:occ:function:current-client:00aabdb0	0x00aabdb0	xbuild-enriched-full	
urn:ure:t6:occ:function:current-client:00aabed0	0x00aabed0	xbuild-enriched-full	
urn:ure:t6:occ:function:current-client:00aabfe0	0x00aabfe0	xbuild-enriched-full	
urn:ure:t6:occ:function:current-client:00aac100	0x00aac100	xbuild-enriched-full	
urn:ure:t6:occ:function:current-client:00aac220	0x00aac220	xbuild-enriched-full	
urn:ure:t6:occ:function:current-client:00aac330	0x00aac330	xbuild-enriched-full	
urn:ure:t6:occ:function:current-client:00aac450	0x00aac450	xbuild-enriched-full	
urn:ure:t6:occ:function:current-client:00aac560	0x00aac560	xbuild-enriched-full	
urn:ure:t6:occ:function:current-client:00aac670	0x00aac670	xbuild-enriched-full	
urn:ure:t6:occ:function:current-client:00aac780	0x00aac780	xbuild-enriched-full	
urn:ure:t6:occ:function:current-client:00aac890	0x00aac890	xbuild-enriched-full	
urn:ure:t6:occ:function:current-client:00aac9a0	0x00aac9a0	xbuild-enriched-full	
urn:ure:t6:occ:function:current-client:00aacab0	0x00aacab0	xbuild-enriched-full	
urn:ure:t6:occ:function:current-client:00aacbc0	0x00aacbc0	xbuild-enriched-full	
urn:ure:t6:occ:function:current-client:00aaccd0	0x00aaccd0	xbuild-enriched-full	
urn:ure:t6:occ:function:current-client:00aacdf0	0x00aacdf0	xbuild-enriched-full	
urn:ure:t6:occ:function:current-client:00aacf10	0x00aacf10	xbuild-enriched-full	
urn:ure:t6:occ:function:current-client:00aad030	0x00aad030	xbuild-enriched-full	
urn:ure:t6:occ:function:current-client:00aad140	0x00aad140	xbuild-enriched-full	
urn:ure:t6:occ:function:current-client:00aad260	0x00aad260	xbuild-enriched-full	
urn:ure:t6:occ:function:current-client:00aad370	0x00aad370	xbuild-enriched-full	
urn:ure:t6:occ:function:current-client:00aad480	0x00aad480	xbuild-enriched-full	
urn:ure:t6:occ:function:current-client:00aad590	0x00aad590	xbuild-enriched-full	
urn:ure:t6:occ:function:current-client:00aad6a0	0x00aad6a0	xbuild-enriched-full	
urn:ure:t6:occ:function:current-client:00aad7b0	0x00aad7b0	xbuild-enriched-full	
urn:ure:t6:occ:function:current-client:00aad8c0	0x00aad8c0	xbuild-enriched-full	
urn:ure:t6:occ:function:current-client:00aad9e0	0x00aad9e0	xbuild-enriched-full	
urn:ure:t6:occ:function:current-client:00aadaf0	0x00aadaf0	xbuild-enriched-full	
urn:ure:t6:occ:function:current-client:00aadc00	0x00aadc00	xbuild-enriched-full	
urn:ure:t6:occ:function:current-client:00aadd10	0x00aadd10	xbuild-enriched-full	
urn:ure:t6:occ:function:current-client:00aade20	0x00aade20	xbuild-enriched-full	
urn:ure:t6:occ:function:current-client:00aadf30	0x00aadf30	xbuild-enriched-full	
urn:ure:t6:occ:function:current-client:00aae050	0x00aae050	xbuild-enriched-full	
urn:ure:t6:occ:function:current-client:00aae160	0x00aae160	xbuild-enriched-full	
urn:ure:t6:occ:function:current-client:00aae270	0x00aae270	xbuild-enriched-full	
urn:ure:t6:occ:function:current-client:00aae380	0x00aae380	xbuild-enriched-full	
urn:ure:t6:occ:function:current-client:00aae490	0x00aae490	xbuild-enriched-full	
urn:ure:t6:occ:function:current-client:00aae5a0	0x00aae5a0	xbuild-enriched-full	
urn:ure:t6:occ:function:current-client:00aae6b0	0x00aae6b0	xbuild-enriched-full	
urn:ure:t6:occ:function:current-client:00aae7c0	0x00aae7c0	xbuild-enriched-full	
urn:ure:t6:occ:function:current-client:00aae8d0	0x00aae8d0	xbuild-enriched-full	
urn:ure:t6:occ:function:current-client:00aae9e0	0x00aae9e0	xbuild-enriched-full	
urn:ure:t6:occ:function:current-client:00aaeaf0	0x00aaeaf0	xbuild-enriched-full	
urn:ure:t6:occ:function:current-client:00aaec00	0x00aaec00	xbuild-enriched-full	
urn:ure:t6:occ:function:current-client:00aaed10	0x00aaed10	xbuild-enriched-full	
urn:ure:t6:occ:function:current-client:00aaee20	0x00aaee20	xbuild-enriched-full	
urn:ure:t6:occ:function:current-client:00aaef30	0x00aaef30	xbuild-enriched-full	
urn:ure:t6:occ:function:current-client:00aaf040	0x00aaf040	xbuild-enriched-full	
urn:ure:t6:occ:function:current-client:00aaf150	0x00aaf150	xbuild-enriched-full	
urn:ure:t6:occ:function:current-client:00aaf260	0x00aaf260	xbuild-enriched-full	
urn:ure:t6:occ:function:current-client:00aaf370	0x00aaf370	xbuild-enriched-full	
urn:ure:t6:occ:function:current-client:00aaf480	0x00aaf480	xbuild-enriched-full	
urn:ure:t6:occ:function:current-client:00aaf590	0x00aaf590	xbuild-enriched-full	
urn:ure:t6:occ:function:current-client:00aaf6a0	0x00aaf6a0	xbuild-enriched-full	
urn:ure:t6:occ:function:current-client:00aaf7b0	0x00aaf7b0	xbuild-enriched-full	
urn:ure:t6:occ:function:current-client:00aaf8c0	0x00aaf8c0	xbuild-enriched-full	
urn:ure:t6:occ:function:current-client:00aaf9d0	0x00aaf9d0	xbuild-enriched-full	
urn:ure:t6:occ:function:current-client:00aafae0	0x00aafae0	xbuild-enriched-full	
urn:ure:t6:occ:function:current-client:00aafbf0	0x00aafbf0	xbuild-enriched-full	
urn:ure:t6:occ:function:current-client:00aafd00	0x00aafd00	xbuild-enriched-full	
urn:ure:t6:occ:function:current-client:00aafe30	0x00aafe30	xbuild-enriched-full	
urn:ure:t6:occ:function:current-client:00aaff50	0x00aaff50	xbuild-enriched-full	
urn:ure:t6:occ:function:current-client:00ab0070	0x00ab0070	xbuild-enriched-full	
urn:ure:t6:occ:function:current-client:00ab0180	0x00ab0180	xbuild-enriched-full	
urn:ure:t6:occ:function:current-client:00ab0290	0x00ab0290	xbuild-enriched-full	
urn:ure:t6:occ:function:current-client:00ab03a0	0x00ab03a0	xbuild-enriched-full	
urn:ure:t6:occ:function:current-client:00ab04b0	0x00ab04b0	xbuild-enriched-full	
urn:ure:t6:occ:function:current-client:00ab05c0	0x00ab05c0	xbuild-enriched-full	
urn:ure:t6:occ:function:current-client:00ab06d0	0x00ab06d0	xbuild-enriched-full	
urn:ure:t6:occ:function:current-client:00ab07f0	0x00ab07f0	xbuild-enriched-full	
urn:ure:t6:occ:function:current-client:00ab0900	0x00ab0900	xbuild-enriched-full	
urn:ure:t6:occ:function:current-client:00ab0a10	0x00ab0a10	xbuild-enriched-full	
urn:ure:t6:occ:function:current-client:00ab0b20	0x00ab0b20	xbuild-enriched-full	
urn:ure:t6:occ:function:current-client:00ab0c40	0x00ab0c40	xbuild-enriched-full	
urn:ure:t6:occ:function:current-client:00ab0d60	0x00ab0d60	xbuild-enriched-full	
urn:ure:t6:occ:function:current-client:00ab0e80	0x00ab0e80	xbuild-enriched-full	
urn:ure:t6:occ:function:current-client:00ab0f90	0x00ab0f90	xbuild-enriched-full	
urn:ure:t6:occ:function:current-client:00ab10a0	0x00ab10a0	xbuild-enriched-full	
urn:ure:t6:occ:function:current-client:00ab11b0	0x00ab11b0	xbuild-enriched-full	
urn:ure:t6:occ:function:current-client:00ab12c0	0x00ab12c0	xbuild-enriched-full	
urn:ure:t6:occ:function:current-client:00ab13d0	0x00ab13d0	xbuild-enriched-full	
urn:ure:t6:occ:function:current-client:00ab14e0	0x00ab14e0	xbuild-enriched-full	
urn:ure:t6:occ:function:current-client:00ab1600	0x00ab1600	xbuild-enriched-full	
urn:ure:t6:occ:function:current-client:00ab1710	0x00ab1710	xbuild-enriched-full	
urn:ure:t6:occ:function:current-client:00ab1820	0x00ab1820	xbuild-enriched-full	
urn:ure:t6:occ:function:current-client:00ab1930	0x00ab1930	xbuild-enriched-full	
urn:ure:t6:occ:function:current-client:00ab1a50	0x00ab1a50	xbuild-enriched-full	
urn:ure:t6:occ:function:current-client:00ab1b80	0x00ab1b80	xbuild-enriched-full	
urn:ure:t6:occ:function:current-client:00ab1c90	0x00ab1c90	xbuild-enriched-full	
urn:ure:t6:occ:function:current-client:00ab1db0	0x00ab1db0	xbuild-enriched-full	
urn:ure:t6:occ:function:current-client:00ab1ec0	0x00ab1ec0	xbuild-enriched-full	
urn:ure:t6:occ:function:current-client:00ab1fe0	0x00ab1fe0	xbuild-enriched-full	
urn:ure:t6:occ:function:current-client:00ab2100	0x00ab2100	xbuild-enriched-full	
urn:ure:t6:occ:function:current-client:00ab2220	0x00ab2220	xbuild-enriched-full	
urn:ure:t6:occ:function:current-client:00ab2330	0x00ab2330	xbuild-enriched-full	
urn:ure:t6:occ:function:current-client:00ab2440	0x00ab2440	xbuild-enriched-full	
urn:ure:t6:occ:function:current-client:00ab2550	0x00ab2550	xbuild-enriched-full	
urn:ure:t6:occ:function:current-client:00ab2660	0x00ab2660	xbuild-enriched-full	
urn:ure:t6:occ:function:current-client:00ab2770	0x00ab2770	xbuild-enriched-full	
urn:ure:t6:occ:function:current-client:00ab2880	0x00ab2880	xbuild-enriched-full	
urn:ure:t6:occ:function:current-client:00ab2990	0x00ab2990	xbuild-enriched-full	
urn:ure:t6:occ:function:current-client:00ab2ab0	0x00ab2ab0	xbuild-enriched-full	
urn:ure:t6:occ:function:current-client:00ab2be0	0x00ab2be0	xbuild-enriched-full	
urn:ure:t6:occ:function:current-client:00ab2d10	0x00ab2d10	xbuild-enriched-full	
urn:ure:t6:occ:function:current-client:00ab2e40	0x00ab2e40	xbuild-enriched-full	
urn:ure:t6:occ:function:current-client:00ab2f80	0x00ab2f80	xbuild-enriched-full	
urn:ure:t6:occ:function:current-client:00ab3090	0x00ab3090	xbuild-enriched-full	
urn:ure:t6:occ:function:current-client:00ab31a0	0x00ab31a0	xbuild-enriched-full	
urn:ure:t6:occ:function:current-client:00ab32c0	0x00ab32c0	xbuild-enriched-full	
urn:ure:t6:occ:function:current-client:00ab33d0	0x00ab33d0	xbuild-enriched-full	
urn:ure:t6:occ:function:current-client:00ab34f0	0x00ab34f0	xbuild-enriched-full	
urn:ure:t6:occ:function:current-client:00ab3600	0x00ab3600	xbuild-enriched-full	
urn:ure:t6:occ:function:current-client:00ab3710	0x00ab3710	xbuild-enriched-full	
urn:ure:t6:occ:function:current-client:00ab3820	0x00ab3820	xbuild-enriched-full	
urn:ure:t6:occ:function:current-client:00ab3940	0x00ab3940	xbuild-enriched-full	
urn:ure:t6:occ:function:current-client:00ab3a60	0x00ab3a60	xbuild-enriched-full	
urn:ure:t6:occ:function:current-client:00ab3b70	0x00ab3b70	xbuild-enriched-full	
urn:ure:t6:occ:function:current-client:00ab3c80	0x00ab3c80	xbuild-enriched-full	
urn:ure:t6:occ:function:current-client:00ab3da0	0x00ab3da0	xbuild-enriched-full	
urn:ure:t6:occ:function:current-client:00ab3eb0	0x00ab3eb0	xbuild-enriched-full	
urn:ure:t6:occ:function:current-client:00ab3fc0	0x00ab3fc0	xbuild-enriched-full	
urn:ure:t6:occ:function:current-client:00ab40d0	0x00ab40d0	xbuild-enriched-full	
urn:ure:t6:occ:function:current-client:00ab41f0	0x00ab41f0	xbuild-enriched-full	
urn:ure:t6:occ:function:current-client:00ab4310	0x00ab4310	xbuild-enriched-full	
urn:ure:t6:occ:function:current-client:00ab4420	0x00ab4420	xbuild-enriched-full	
urn:ure:t6:occ:function:current-client:00ab4540	0x00ab4540	xbuild-enriched-full	
urn:ure:t6:occ:function:current-client:00ab4660	0x00ab4660	xbuild-enriched-full	
urn:ure:t6:occ:function:current-client:00ab4780	0x00ab4780	xbuild-enriched-full	
urn:ure:t6:occ:function:current-client:00ab48a0	0x00ab48a0	xbuild-enriched-full	
urn:ure:t6:occ:function:current-client:00ab49b0	0x00ab49b0	xbuild-enriched-full	
urn:ure:t6:occ:function:current-client:00ab4ac0	0x00ab4ac0	xbuild-enriched-full	
urn:ure:t6:occ:function:current-client:00ab4bd0	0x00ab4bd0	xbuild-enriched-full	
urn:ure:t6:occ:function:current-client:00ab4ce0	0x00ab4ce0	xbuild-enriched-full	
urn:ure:t6:occ:function:current-client:00ab4df0	0x00ab4df0	xbuild-enriched-full	
urn:ure:t6:occ:function:current-client:00ab4f00	0x00ab4f00	xbuild-enriched-full	
urn:ure:t6:occ:function:current-client:00ab5010	0x00ab5010	xbuild-enriched-full	
urn:ure:t6:occ:function:current-client:00ab5120	0x00ab5120	xbuild-enriched-full	
urn:ure:t6:occ:function:current-client:00ab5230	0x00ab5230	xbuild-enriched-full	
urn:ure:t6:occ:function:current-client:00ab5340	0x00ab5340	xbuild-enriched-full	
urn:ure:t6:occ:function:current-client:00ab5450	0x00ab5450	xbuild-enriched-full	
urn:ure:t6:occ:function:current-client:00ab5560	0x00ab5560	xbuild-enriched-full	
urn:ure:t6:occ:function:current-client:00ab5670	0x00ab5670	xbuild-enriched-full	
urn:ure:t6:occ:function:current-client:00ab5780	0x00ab5780	xbuild-enriched-full	
urn:ure:t6:occ:function:current-client:00ab5890	0x00ab5890	xbuild-enriched-full	
urn:ure:t6:occ:function:current-client:00ab59a0	0x00ab59a0	xbuild-enriched-full	
urn:ure:t6:occ:function:current-client:00ab5ab0	0x00ab5ab0	xbuild-enriched-full	
urn:ure:t6:occ:function:current-client:00ab5bd0	0x00ab5bd0	xbuild-enriched-full	
urn:ure:t6:occ:function:current-client:00ab5ce0	0x00ab5ce0	xbuild-enriched-full	
urn:ure:t6:occ:function:current-client:00ab5df0	0x00ab5df0	xbuild-enriched-full	
urn:ure:t6:occ:function:current-client:00ab5f00	0x00ab5f00	xbuild-enriched-full	
urn:ure:t6:occ:function:current-client:00ab6010	0x00ab6010	xbuild-enriched-full	
urn:ure:t6:occ:function:current-client:00ab6120	0x00ab6120	xbuild-enriched-full	
urn:ure:t6:occ:function:current-client:00ab6230	0x00ab6230	xbuild-enriched-full	
urn:ure:t6:occ:function:current-client:00ab6340	0x00ab6340	xbuild-enriched-full	
urn:ure:t6:occ:function:current-client:00ab6450	0x00ab6450	xbuild-enriched-full	
urn:ure:t6:occ:function:current-client:00ab6550	0x00ab6550	xbuild-enriched-full	
urn:ure:t6:occ:function:current-client:00ab6650	0x00ab6650	xbuild-enriched-full	
urn:ure:t6:occ:function:current-client:00ab6760	0x00ab6760	xbuild-enriched-full	
urn:ure:t6:occ:function:current-client:00ab6870	0x00ab6870	xbuild-enriched-full	
urn:ure:t6:occ:function:current-client:00ab6980	0x00ab6980	xbuild-enriched-full	
urn:ure:t6:occ:function:current-client:00ab6a90	0x00ab6a90	xbuild-enriched-full	
urn:ure:t6:occ:function:current-client:00ab6ba0	0x00ab6ba0	xbuild-enriched-full	
urn:ure:t6:occ:function:current-client:00ab6cb0	0x00ab6cb0	xbuild-enriched-full	
urn:ure:t6:occ:function:current-client:00ab6dc0	0x00ab6dc0	xbuild-enriched-full	
urn:ure:t6:occ:function:current-client:00ab6ed0	0x00ab6ed0	xbuild-enriched-full	
urn:ure:t6:occ:function:current-client:00ab6fe0	0x00ab6fe0	xbuild-enriched-full	
urn:ure:t6:occ:function:current-client:00ab70f0	0x00ab70f0	xbuild-enriched-full	
urn:ure:t6:occ:function:current-client:00ab7200	0x00ab7200	xbuild-enriched-full	
urn:ure:t6:occ:function:current-client:00ab7310	0x00ab7310	xbuild-enriched-full	
urn:ure:t6:occ:function:current-client:00ab7420	0x00ab7420	xbuild-enriched-full	
urn:ure:t6:occ:function:current-client:00ab7530	0x00ab7530	xbuild-enriched-full	
urn:ure:t6:occ:function:current-client:00ab7640	0x00ab7640	xbuild-enriched-full	
urn:ure:t6:occ:function:current-client:00ab7750	0x00ab7750	xbuild-enriched-full	
urn:ure:t6:occ:function:current-client:00ab7860	0x00ab7860	xbuild-enriched-full	
urn:ure:t6:occ:function:current-client:00ab7970	0x00ab7970	xbuild-enriched-full	
urn:ure:t6:occ:function:current-client:00ab7a80	0x00ab7a80	xbuild-enriched-full	
urn:ure:t6:occ:function:current-client:00ab7b90	0x00ab7b90	xbuild-enriched-full	
urn:ure:t6:occ:function:current-client:00ab7ca0	0x00ab7ca0	xbuild-enriched-full	
urn:ure:t6:occ:function:current-client:00ab7db0	0x00ab7db0	xbuild-enriched-full	
urn:ure:t6:occ:function:current-client:00ab7ec0	0x00ab7ec0	xbuild-enriched-full	
urn:ure:t6:occ:function:current-client:00ab7fe0	0x00ab7fe0	xbuild-enriched-full	
urn:ure:t6:occ:function:current-client:00ab80f0	0x00ab80f0	xbuild-enriched-full	
urn:ure:t6:occ:function:current-client:00ab8200	0x00ab8200	xbuild-enriched-full	
urn:ure:t6:occ:function:current-client:00ab8310	0x00ab8310	xbuild-enriched-full	
urn:ure:t6:occ:function:current-client:00ab8420	0x00ab8420	xbuild-enriched-full	
urn:ure:t6:occ:function:current-client:00ab8530	0x00ab8530	xbuild-enriched-full	
urn:ure:t6:occ:function:current-client:00ab8640	0x00ab8640	xbuild-enriched-full	
urn:ure:t6:occ:function:current-client:00ab8750	0x00ab8750	xbuild-enriched-full	
urn:ure:t6:occ:function:current-client:00ab8860	0x00ab8860	xbuild-enriched-full	
urn:ure:t6:occ:function:current-client:00ab8970	0x00ab8970	xbuild-enriched-full	
urn:ure:t6:occ:function:current-client:00ab8a80	0x00ab8a80	xbuild-enriched-full	
urn:ure:t6:occ:function:current-client:00ab8b90	0x00ab8b90	xbuild-enriched-full	
urn:ure:t6:occ:function:current-client:00ab8cb0	0x00ab8cb0	xbuild-enriched-full	
urn:ure:t6:occ:function:current-client:00ab8dd0	0x00ab8dd0	xbuild-enriched-full	
urn:ure:t6:occ:function:current-client:00ab8ef0	0x00ab8ef0	xbuild-enriched-full	
urn:ure:t6:occ:function:current-client:00ab9010	0x00ab9010	xbuild-enriched-full	
urn:ure:t6:occ:function:current-client:00ab9130	0x00ab9130	xbuild-enriched-full	
urn:ure:t6:occ:function:current-client:00ab9250	0x00ab9250	xbuild-enriched-full	
urn:ure:t6:occ:function:current-client:00ab9370	0x00ab9370	xbuild-enriched-full	
urn:ure:t6:occ:function:current-client:00ab9490	0x00ab9490	xbuild-enriched-full	
urn:ure:t6:occ:function:current-client:00ab95b0	0x00ab95b0	xbuild-enriched-full	
urn:ure:t6:occ:function:current-client:00ab96d0	0x00ab96d0	xbuild-enriched-full	
urn:ure:t6:occ:function:current-client:00ab97f0	0x00ab97f0	xbuild-enriched-full	
urn:ure:t6:occ:function:current-client:00ab9910	0x00ab9910	xbuild-enriched-full	
urn:ure:t6:occ:function:current-client:00ab9a20	0x00ab9a20	xbuild-enriched-full	
urn:ure:t6:occ:function:current-client:00ab9b30	0x00ab9b30	xbuild-enriched-full	
urn:ure:t6:occ:function:current-client:00ab9c40	0x00ab9c40	xbuild-enriched-full	
urn:ure:t6:occ:function:current-client:00ab9d50	0x00ab9d50	xbuild-enriched-full	
urn:ure:t6:occ:function:current-client:00ab9e60	0x00ab9e60	xbuild-enriched-full	
urn:ure:t6:occ:function:current-client:00ab9f80	0x00ab9f80	xbuild-enriched-full	
urn:ure:t6:occ:function:current-client:00aba0a0	0x00aba0a0	xbuild-enriched-full	
urn:ure:t6:occ:function:current-client:00aba1b0	0x00aba1b0	xbuild-enriched-full	
urn:ure:t6:occ:function:current-client:00aba2c0	0x00aba2c0	xbuild-enriched-full	
urn:ure:t6:occ:function:current-client:00aba3d0	0x00aba3d0	xbuild-enriched-full	
urn:ure:t6:occ:function:current-client:00aba4e0	0x00aba4e0	xbuild-enriched-full	
urn:ure:t6:occ:function:current-client:00aba5f0	0x00aba5f0	xbuild-enriched-full	
urn:ure:t6:occ:function:current-client:00aba700	0x00aba700	xbuild-enriched-full	
urn:ure:t6:occ:function:current-client:00aba810	0x00aba810	xbuild-enriched-full	
urn:ure:t6:occ:function:current-client:00aba920	0x00aba920	xbuild-enriched-full	
urn:ure:t6:occ:function:current-client:00abaa30	0x00abaa30	xbuild-enriched-full	
urn:ure:t6:occ:function:current-client:00abab40	0x00abab40	xbuild-enriched-full	
urn:ure:t6:occ:function:current-client:00abac50	0x00abac50	xbuild-enriched-full	
urn:ure:t6:occ:function:current-client:00abad60	0x00abad60	xbuild-enriched-full	
urn:ure:t6:occ:function:current-client:00abae70	0x00abae70	xbuild-enriched-full	
urn:ure:t6:occ:function:current-client:00abaf80	0x00abaf80	xbuild-enriched-full	
urn:ure:t6:occ:function:current-client:00abb090	0x00abb090	xbuild-enriched-full	
urn:ure:t6:occ:function:current-client:00abb1a0	0x00abb1a0	xbuild-enriched-full	
urn:ure:t6:occ:function:current-client:00abb2b0	0x00abb2b0	xbuild-enriched-full	
urn:ure:t6:occ:function:current-client:00abb3c0	0x00abb3c0	xbuild-enriched-full	
urn:ure:t6:occ:function:current-client:00abb4d0	0x00abb4d0	xbuild-enriched-full	
urn:ure:t6:occ:function:current-client:00abb5e0	0x00abb5e0	xbuild-enriched-full	
urn:ure:t6:occ:function:current-client:00abb6f0	0x00abb6f0	xbuild-enriched-full	
urn:ure:t6:occ:function:current-client:00abb800	0x00abb800	xbuild-enriched-full	
urn:ure:t6:occ:function:current-client:00abb910	0x00abb910	xbuild-enriched-full	
urn:ure:t6:occ:function:current-client:00abba20	0x00abba20	xbuild-enriched-full	
urn:ure:t6:occ:function:current-client:00abbb30	0x00abbb30	xbuild-enriched-full	
urn:ure:t6:occ:function:current-client:00abbc40	0x00abbc40	xbuild-enriched-full	
urn:ure:t6:occ:function:current-client:00abbd50	0x00abbd50	xbuild-enriched-full	
urn:ure:t6:occ:function:current-client:00abbe60	0x00abbe60	xbuild-enriched-full	
urn:ure:t6:occ:function:current-client:00abbf70	0x00abbf70	xbuild-enriched-full	
urn:ure:t6:occ:function:current-client:00abc080	0x00abc080	xbuild-enriched-full	
urn:ure:t6:occ:function:current-client:00abc1a0	0x00abc1a0	xbuild-enriched-full	
urn:ure:t6:occ:function:current-client:00abc2c0	0x00abc2c0	xbuild-enriched-full	
urn:ure:t6:occ:function:current-client:00abc3e0	0x00abc3e0	xbuild-enriched-full	
urn:ure:t6:occ:function:current-client:00abc4f0	0x00abc4f0	xbuild-enriched-full	
urn:ure:t6:occ:function:current-client:00abc610	0x00abc610	xbuild-enriched-full	
urn:ure:t6:occ:function:current-client:00abc730	0x00abc730	xbuild-enriched-full	
urn:ure:t6:occ:function:current-client:00abc840	0x00abc840	xbuild-enriched-full	
urn:ure:t6:occ:function:current-client:00abc950	0x00abc950	xbuild-enriched-full	
urn:ure:t6:occ:function:current-client:00abca60	0x00abca60	xbuild-enriched-full	
urn:ure:t6:occ:function:current-client:00abcb70	0x00abcb70	xbuild-enriched-full	
urn:ure:t6:occ:function:current-client:00abcc80	0x00abcc80	xbuild-enriched-full	
urn:ure:t6:occ:function:current-client:00abcd90	0x00abcd90	xbuild-enriched-full	
urn:ure:t6:occ:function:current-client:00abcea0	0x00abcea0	xbuild-enriched-full	
urn:ure:t6:occ:function:current-client:00abcfb0	0x00abcfb0	xbuild-enriched-full	
urn:ure:t6:occ:function:current-client:00abd0c0	0x00abd0c0	xbuild-enriched-full	
urn:ure:t6:occ:function:current-client:00abd1d0	0x00abd1d0	xbuild-enriched-full	
urn:ure:t6:occ:function:current-client:00abd2e0	0x00abd2e0	xbuild-enriched-full	
urn:ure:t6:occ:function:current-client:00abd3f0	0x00abd3f0	xbuild-enriched-full	
urn:ure:t6:occ:function:current-client:00abd500	0x00abd500	xbuild-enriched-full	
urn:ure:t6:occ:function:current-client:00abd610	0x00abd610	xbuild-enriched-full	
urn:ure:t6:occ:function:current-client:00abd720	0x00abd720	xbuild-enriched-full	
urn:ure:t6:occ:function:current-client:00abd830	0x00abd830	xbuild-enriched-full	
urn:ure:t6:occ:function:current-client:00abd940	0x00abd940	xbuild-enriched-full	
urn:ure:t6:occ:function:current-client:00abda50	0x00abda50	xbuild-enriched-full	
urn:ure:t6:occ:function:current-client:00abda60	0x00abda60	xbuild-enriched-full	
urn:ure:t6:occ:function:current-client:00abdad0	0x00abdad0	xbuild-enriched-full	
urn:ure:t6:occ:function:current-client:00abdb50	0x00abdb50	xbuild-enriched-full	
urn:ure:t6:occ:function:current-client:00abdbd0	0x00abdbd0	xbuild-enriched-full	
urn:ure:t6:occ:function:current-client:00abdc10	0x00abdc10	xbuild-enriched-full	
urn:ure:t6:occ:function:current-client:00abdc50	0x00abdc50	xbuild-enriched-full	
urn:ure:t6:occ:function:current-client:00abdc80	0x00abdc80	xbuild-enriched-full	
urn:ure:t6:occ:function:current-client:00abdca0	0x00abdca0	xbuild-enriched-full	
urn:ure:t6:occ:function:current-client:00abdcc0	0x00abdcc0	xbuild-enriched-full	
urn:ure:t6:occ:function:current-client:00abdcf0	0x00abdcf0	xbuild-enriched-full	
urn:ure:t6:occ:function:current-client:00abdd10	0x00abdd10	xbuild-enriched-full	
urn:ure:t6:occ:function:current-client:00abdd30	0x00abdd30	xbuild-enriched-full	
urn:ure:t6:occ:function:current-client:00abdd90	0x00abdd90	xbuild-enriched-full	
urn:ure:t6:occ:function:current-client:00abddd0	0x00abddd0	xbuild-enriched-full	
urn:ure:t6:occ:function:current-client:00abde20	0x00abde20	xbuild-enriched-full	
urn:ure:t6:occ:function:current-client:00abde60	0x00abde60	xbuild-enriched-full	
urn:ure:t6:occ:function:current-client:00abdfd0	0x00abdfd0	xbuild-enriched-full	
urn:ure:t6:occ:function:current-client:00abe030	0x00abe030	xbuild-enriched-full	
urn:ure:t6:occ:function:current-client:00abe120	0x00abe120	xbuild-enriched-full	
urn:ure:t6:occ:function:current-client:00abe1b0	0x00abe1b0	xbuild-enriched-full	
urn:ure:t6:occ:function:current-client:00abe250	0x00abe250	xbuild-enriched-full	
urn:ure:t6:occ:function:current-client:00abe2a0	0x00abe2a0	xbuild-enriched-full	
urn:ure:t6:occ:function:current-client:00abe310	0x00abe310	xbuild-enriched-full	
urn:ure:t6:occ:function:current-client:00abe350	0x00abe350	xbuild-enriched-full	
urn:ure:t6:occ:function:current-client:00abe4b0	0x00abe4b0	xbuild-enriched-full	
urn:ure:t6:occ:function:current-client:00abe7d0	0x00abe7d0	xbuild-enriched-full	
urn:ure:t6:occ:function:current-client:00abedf0	0x00abedf0	xbuild-enriched-full	
urn:ure:t6:occ:function:current-client:00abeed0	0x00abeed0	xbuild-enriched-full	
urn:ure:t6:occ:function:current-client:00abeef0	0x00abeef0	xbuild-enriched-full	
urn:ure:t6:occ:function:current-client:00abef50	0x00abef50	xbuild-enriched-full	
urn:ure:t6:occ:function:current-client:00abefb0	0x00abefb0	xbuild-enriched-full	
urn:ure:t6:occ:function:current-client:00abefd0	0x00abefd0	xbuild-enriched-full	
urn:ure:t6:occ:function:current-client:00abf070	0x00abf070	xbuild-enriched-full	
urn:ure:t6:occ:function:current-client:00abf080	0x00abf080	xbuild-enriched-full	
urn:ure:t6:occ:function:current-client:00abf0a0	0x00abf0a0	xbuild-enriched-full	
urn:ure:t6:occ:function:current-client:00abf0d0	0x00abf0d0	xbuild-enriched-full	
urn:ure:t6:occ:function:current-client:00abf0f0	0x00abf0f0	xbuild-enriched-full	
urn:ure:t6:occ:function:current-client:00abf1d0	0x00abf1d0	xbuild-enriched-full	
urn:ure:t6:occ:function:current-client:00abf320	0x00abf320	xbuild-enriched-full	
urn:ure:t6:occ:function:current-client:00abf380	0x00abf380	xbuild-enriched-full	
urn:ure:t6:occ:function:current-client:00abf550	0x00abf550	xbuild-enriched-full	
urn:ure:t6:occ:function:current-client:00abf5e0	0x00abf5e0	xbuild-enriched-full	
urn:ure:t6:occ:function:current-client:00abf660	0x00abf660	xbuild-enriched-full	
urn:ure:t6:occ:function:current-client:00abf6c0	0x00abf6c0	xbuild-enriched-full	
urn:ure:t6:occ:function:current-client:00abf6e0	0x00abf6e0	xbuild-enriched-full	
urn:ure:t6:occ:function:current-client:00abf840	0x00abf840	xbuild-enriched-full	
urn:ure:t6:occ:function:current-client:00abf880	0x00abf880	xbuild-enriched-full	
urn:ure:t6:occ:function:current-client:00abf950	0x00abf950	xbuild-enriched-full	
urn:ure:t6:occ:function:current-client:00abfb10	0x00abfb10	xbuild-enriched-full	
urn:ure:t6:occ:function:current-client:00abfb20	0x00abfb20	xbuild-enriched-full	
urn:ure:t6:occ:function:current-client:00abfc20	0x00abfc20	xbuild-enriched-full	
urn:ure:t6:occ:function:current-client:00abfc90	0x00abfc90	xbuild-enriched-full	
urn:ure:t6:occ:function:current-client:00abfe60	0x00abfe60	xbuild-enriched-full	
urn:ure:t6:occ:function:current-client:00ac08a0	0x00ac08a0	xbuild-enriched-full	
urn:ure:t6:occ:function:current-client:00ac0950	0x00ac0950	xbuild-enriched-full	
urn:ure:t6:occ:function:current-client:00ac0970	0x00ac0970	xbuild-enriched-full	
urn:ure:t6:occ:function:current-client:00ac09a0	0x00ac09a0	xbuild-enriched-full	
urn:ure:t6:occ:function:current-client:00ac0a20	0x00ac0a20	xbuild-enriched-full	
urn:ure:t6:occ:function:current-client:00ac0ad0	0x00ac0ad0	xbuild-enriched-full	
urn:ure:t6:occ:function:current-client:00ac0b10	0x00ac0b10	xbuild-enriched-full	
urn:ure:t6:occ:function:current-client:00ac0b30	0x00ac0b30	xbuild-enriched-full	
urn:ure:t6:occ:function:current-client:00ac0b50	0x00ac0b50	xbuild-enriched-full	
urn:ure:t6:occ:function:current-client:00ac0ba0	0x00ac0ba0	xbuild-enriched-full	
urn:ure:t6:occ:function:current-client:00ac0bc0	0x00ac0bc0	xbuild-enriched-full	
urn:ure:t6:occ:function:current-client:00ac0c90	0x00ac0c90	xbuild-enriched-full	
urn:ure:t6:occ:function:current-client:00ac0cd0	0x00ac0cd0	xbuild-enriched-full	
urn:ure:t6:occ:function:current-client:00ac0dc0	0x00ac0dc0	xbuild-enriched-full	
urn:ure:t6:occ:function:current-client:00ac0e30	0x00ac0e30	xbuild-enriched-full	
urn:ure:t6:occ:function:current-client:00ac0e40	0x00ac0e40	xbuild-enriched-full	
urn:ure:t6:occ:function:current-client:00ac0e50	0x00ac0e50	xbuild-enriched-full	
urn:ure:t6:occ:function:current-client:00ac0e60	0x00ac0e60	xbuild-enriched-full	
urn:ure:t6:occ:function:current-client:00ac0e70	0x00ac0e70	xbuild-enriched-full	
urn:ure:t6:occ:function:current-client:00ac0eb0	0x00ac0eb0	xbuild-enriched-full	
urn:ure:t6:occ:function:current-client:00ac0f00	0x00ac0f00	xbuild-enriched-full	
urn:ure:t6:occ:function:current-client:00ac0f10	0x00ac0f10	xbuild-enriched-full	
urn:ure:t6:occ:function:current-client:00ac0f20	0x00ac0f20	xbuild-enriched-full	
urn:ure:t6:occ:function:current-client:00ac0f30	0x00ac0f30	xbuild-enriched-full	
urn:ure:t6:occ:function:current-client:00ac0f80	0x00ac0f80	xbuild-enriched-full	
urn:ure:t6:occ:function:current-client:00ac0fb0	0x00ac0fb0	xbuild-enriched-full	
urn:ure:t6:occ:function:current-client:00ac0fd0	0x00ac0fd0	xbuild-enriched-full	
urn:ure:t6:occ:function:current-client:00ac1000	0x00ac1000	xbuild-enriched-full	
urn:ure:t6:occ:function:current-client:00ac1010	0x00ac1010	xbuild-enriched-full	
urn:ure:t6:occ:function:current-client:00ac1050	0x00ac1050	xbuild-enriched-full	
urn:ure:t6:occ:function:current-client:00ac1080	0x00ac1080	xbuild-enriched-full	
urn:ure:t6:occ:function:current-client:00ac10f0	0x00ac10f0	xbuild-enriched-full	
urn:ure:t6:occ:function:current-client:00ac1150	0x00ac1150	xbuild-enriched-full	
urn:ure:t6:occ:function:current-client:00ac1220	0x00ac1220	xbuild-enriched-full	
urn:ure:t6:occ:function:current-client:00ac13e0	0x00ac13e0	xbuild-enriched-full	
urn:ure:t6:occ:function:current-client:00ac1410	0x00ac1410	xbuild-enriched-full	
urn:ure:t6:occ:function:current-client:00ac1450	0x00ac1450	xbuild-enriched-full	
urn:ure:t6:occ:function:current-client:00ac1470	0x00ac1470	xbuild-enriched-full	
urn:ure:t6:occ:function:current-client:00ac1490	0x00ac1490	xbuild-enriched-full	
urn:ure:t6:occ:function:current-client:00ac14a0	0x00ac14a0	xbuild-enriched-full	
urn:ure:t6:occ:function:current-client:00ac14c0	0x00ac14c0	xbuild-enriched-full	
urn:ure:t6:occ:function:current-client:00ac14f0	0x00ac14f0	xbuild-enriched-full	
urn:ure:t6:occ:function:current-client:00ac1530	0x00ac1530	xbuild-enriched-full	
urn:ure:t6:occ:function:current-client:00ac1539	0x00ac1539	xbuild-enriched-full	
urn:ure:t6:occ:function:current-client:00ac15b0	0x00ac15b0	xbuild-enriched-full	
urn:ure:t6:occ:function:current-client:00ac1660	0x00ac1660	xbuild-enriched-full	
urn:ure:t6:occ:function:current-client:00ac16d0	0x00ac16d0	xbuild-enriched-full	
urn:ure:t6:occ:function:current-client:00ac1870	0x00ac1870	xbuild-enriched-full	
urn:ure:t6:occ:function:current-client:00ac19c0	0x00ac19c0	xbuild-enriched-full	
urn:ure:t6:occ:function:current-client:00ac19e0	0x00ac19e0	xbuild-enriched-full	
urn:ure:t6:occ:function:current-client:00ac1a20	0x00ac1a20	xbuild-enriched-full	
urn:ure:t6:occ:function:current-client:00ac1a40	0x00ac1a40	xbuild-enriched-full	
urn:ure:t6:occ:function:current-client:00ac1a70	0x00ac1a70	xbuild-enriched-full	
urn:ure:t6:occ:function:current-client:00ac1aa0	0x00ac1aa0	xbuild-enriched-full	
urn:ure:t6:occ:function:current-client:00ac1ab0	0x00ac1ab0	xbuild-enriched-full	
urn:ure:t6:occ:function:current-client:00ac1af0	0x00ac1af0	xbuild-enriched-full	
urn:ure:t6:occ:function:current-client:00ac1b00	0x00ac1b00	xbuild-enriched-full	
urn:ure:t6:occ:function:current-client:00ac1c10	0x00ac1c10	xbuild-enriched-full	
urn:ure:t6:occ:function:current-client:00ac1c50	0x00ac1c50	xbuild-enriched-full	
urn:ure:t6:occ:function:current-client:00ac1c70	0x00ac1c70	xbuild-enriched-full	
urn:ure:t6:occ:function:current-client:00ac1c90	0x00ac1c90	xbuild-enriched-full	
urn:ure:t6:occ:function:current-client:00ac1cd0	0x00ac1cd0	xbuild-enriched-full	
urn:ure:t6:occ:function:current-client:00ac1d10	0x00ac1d10	xbuild-enriched-full	
urn:ure:t6:occ:function:current-client:00ac1dd0	0x00ac1dd0	xbuild-enriched-full	
urn:ure:t6:occ:function:current-client:00ac1de0	0x00ac1de0	xbuild-enriched-full	
urn:ure:t6:occ:function:current-client:00ac1e40	0x00ac1e40	xbuild-enriched-full	
urn:ure:t6:occ:function:current-client:00ac2150	0x00ac2150	xbuild-enriched-full	
urn:ure:t6:occ:function:current-client:00ac21f0	0x00ac21f0	xbuild-enriched-full	
urn:ure:t6:occ:function:current-client:00ac2290	0x00ac2290	xbuild-enriched-full	
urn:ure:t6:occ:function:current-client:00ac24f0	0x00ac24f0	xbuild-enriched-full	
urn:ure:t6:occ:function:current-client:00ac2700	0x00ac2700	xbuild-enriched-full	
urn:ure:t6:occ:function:current-client:00ac2810	0x00ac2810	xbuild-enriched-full	
urn:ure:t6:occ:function:current-client:00ac2940	0x00ac2940	xbuild-enriched-full	
urn:ure:t6:occ:function:current-client:00ac2b00	0x00ac2b00	xbuild-enriched-full	
urn:ure:t6:occ:function:current-client:00ac2ba0	0x00ac2ba0	xbuild-enriched-full	
urn:ure:t6:occ:function:current-client:00ac2c00	0x00ac2c00	xbuild-enriched-full	
urn:ure:t6:occ:function:current-client:00ac2d70	0x00ac2d70	xbuild-enriched-full	
urn:ure:t6:occ:function:current-client:00ac2f00	0x00ac2f00	xbuild-enriched-full	
urn:ure:t6:occ:function:current-client:00ac3040	0x00ac3040	xbuild-enriched-full	
urn:ure:t6:occ:function:current-client:00ac30d0	0x00ac30d0	xbuild-enriched-full	
urn:ure:t6:occ:function:current-client:00ac3100	0x00ac3100	xbuild-enriched-full	
urn:ure:t6:occ:function:current-client:00ac3130	0x00ac3130	xbuild-enriched-full	
urn:ure:t6:occ:function:current-client:00ac3170	0x00ac3170	xbuild-enriched-full	
urn:ure:t6:occ:function:current-client:00ac31b0	0x00ac31b0	xbuild-enriched-full	
urn:ure:t6:occ:function:current-client:00ac32e0	0x00ac32e0	xbuild-enriched-full	
urn:ure:t6:occ:function:current-client:00ac3610	0x00ac3610	xbuild-enriched-full	
urn:ure:t6:occ:function:current-client:00ac36c0	0x00ac36c0	xbuild-enriched-full	
urn:ure:t6:occ:function:current-client:00ac3740	0x00ac3740	xbuild-enriched-full	
urn:ure:t6:occ:function:current-client:00ac3cd0	0x00ac3cd0	xbuild-enriched-full	
urn:ure:t6:occ:function:current-client:00ac3d60	0x00ac3d60	xbuild-enriched-full	
urn:ure:t6:occ:function:current-client:00ac3d90	0x00ac3d90	xbuild-enriched-full	
urn:ure:t6:occ:function:current-client:00ac3f50	0x00ac3f50	xbuild-enriched-full	
urn:ure:t6:occ:function:current-client:00ac4050	0x00ac4050	xbuild-enriched-full	
urn:ure:t6:occ:function:current-client:00ac4060	0x00ac4060	xbuild-enriched-full	
urn:ure:t6:occ:function:current-client:00ac41e0	0x00ac41e0	xbuild-enriched-full	
urn:ure:t6:occ:function:current-client:00ac4290	0x00ac4290	xbuild-enriched-full	
urn:ure:t6:occ:function:current-client:00ac5fc0	0x00ac5fc0	xbuild-enriched-full	
urn:ure:t6:occ:function:current-client:00ac6130	0x00ac6130	xbuild-enriched-full	
urn:ure:t6:occ:function:current-client:00ac61a0	0x00ac61a0	xbuild-enriched-full	
urn:ure:t6:occ:function:current-client:00ac6290	0x00ac6290	xbuild-enriched-full	
urn:ure:t6:occ:function:current-client:00ac62c0	0x00ac62c0	xbuild-enriched-full	
urn:ure:t6:occ:function:current-client:00ac62d0	0x00ac62d0	xbuild-enriched-full	
urn:ure:t6:occ:function:current-client:00ac6ef0	0x00ac6ef0	xbuild-enriched-full	
urn:ure:t6:occ:function:current-client:00ac7150	0x00ac7150	xbuild-enriched-full	
urn:ure:t6:occ:function:current-client:00ac71d0	0x00ac71d0	xbuild-enriched-full	
urn:ure:t6:occ:function:current-client:00ac7280	0x00ac7280	xbuild-enriched-full	
urn:ure:t6:occ:function:current-client:00ac72b0	0x00ac72b0	xbuild-enriched-full	
urn:ure:t6:occ:function:current-client:00ac72f0	0x00ac72f0	xbuild-enriched-full	
urn:ure:t6:occ:function:current-client:00ac7340	0x00ac7340	xbuild-enriched-full	
urn:ure:t6:occ:function:current-client:00ac7380	0x00ac7380	xbuild-enriched-full	
urn:ure:t6:occ:function:current-client:00ac7530	0x00ac7530	xbuild-enriched-full	
urn:ure:t6:occ:function:current-client:00ac7750	0x00ac7750	xbuild-enriched-full	
urn:ure:t6:occ:function:current-client:00ac77d0	0x00ac77d0	xbuild-enriched-full	
urn:ure:t6:occ:function:current-client:00ac78d0	0x00ac78d0	xbuild-enriched-full	
urn:ure:t6:occ:function:current-client:00ac7e40	0x00ac7e40	xbuild-enriched-full	
urn:ure:t6:occ:function:current-client:00ac8120	0x00ac8120	xbuild-enriched-full	
urn:ure:t6:occ:function:current-client:00ac8160	0x00ac8160	xbuild-enriched-full	
urn:ure:t6:occ:function:current-client:00ac8240	0x00ac8240	xbuild-enriched-full	
urn:ure:t6:occ:function:current-client:00ac82b0	0x00ac82b0	xbuild-enriched-full	
urn:ure:t6:occ:function:current-client:00ac8310	0x00ac8310	xbuild-enriched-full	
urn:ure:t6:occ:function:current-client:00ac83d0	0x00ac83d0	xbuild-enriched-full	
urn:ure:t6:occ:function:current-client:00ac8440	0x00ac8440	xbuild-enriched-full	
urn:ure:t6:occ:function:current-client:00ac84b0	0x00ac84b0	xbuild-enriched-full	
urn:ure:t6:occ:function:current-client:00ac84f0	0x00ac84f0	xbuild-enriched-full	
urn:ure:t6:occ:function:current-client:00ac8560	0x00ac8560	xbuild-enriched-full	
urn:ure:t6:occ:function:current-client:00ac8680	0x00ac8680	xbuild-enriched-full	
urn:ure:t6:occ:function:current-client:00ac8700	0x00ac8700	xbuild-enriched-full	
urn:ure:t6:occ:function:current-client:00ac8b10	0x00ac8b10	xbuild-enriched-full	
urn:ure:t6:occ:function:current-client:00ac8b90	0x00ac8b90	xbuild-enriched-full	
urn:ure:t6:occ:function:current-client:00ac8bd0	0x00ac8bd0	xbuild-enriched-full	
urn:ure:t6:occ:function:current-client:00ac9480	0x00ac9480	xbuild-enriched-full	
urn:ure:t6:occ:function:current-client:00ac95d0	0x00ac95d0	xbuild-enriched-full	
urn:ure:t6:occ:function:current-client:00ac9710	0x00ac9710	xbuild-enriched-full	
urn:ure:t6:occ:function:current-client:00ac9750	0x00ac9750	xbuild-enriched-full	
urn:ure:t6:occ:function:current-client:00ac97b0	0x00ac97b0	xbuild-enriched-full	
urn:ure:t6:occ:function:current-client:00ac97f0	0x00ac97f0	xbuild-enriched-full	
urn:ure:t6:occ:function:current-client:00ac98a0	0x00ac98a0	xbuild-enriched-full	
urn:ure:t6:occ:function:current-client:00ac9970	0x00ac9970	xbuild-enriched-full	
urn:ure:t6:occ:function:current-client:00ac99e0	0x00ac99e0	xbuild-enriched-full	
urn:ure:t6:occ:function:current-client:00ac9a50	0x00ac9a50	xbuild-enriched-full	
urn:ure:t6:occ:function:current-client:00ac9a80	0x00ac9a80	xbuild-enriched-full	
urn:ure:t6:occ:function:current-client:00ac9b30	0x00ac9b30	xbuild-enriched-full	
urn:ure:t6:occ:function:current-client:00ac9b50	0x00ac9b50	xbuild-enriched-full	
urn:ure:t6:occ:function:current-client:00ac9b80	0x00ac9b80	xbuild-enriched-full	
urn:ure:t6:occ:function:current-client:00ac9ea0	0x00ac9ea0	xbuild-enriched-full	
urn:ure:t6:occ:function:current-client:00ac9f10	0x00ac9f10	xbuild-enriched-full	
urn:ure:t6:occ:function:current-client:00ac9f70	0x00ac9f70	xbuild-enriched-full	
urn:ure:t6:occ:function:current-client:00aca200	0x00aca200	xbuild-enriched-full	
urn:ure:t6:occ:function:current-client:00aca360	0x00aca360	xbuild-enriched-full	
urn:ure:t6:occ:function:current-client:00aca3e0	0x00aca3e0	xbuild-enriched-full	
urn:ure:t6:occ:function:current-client:00aca440	0x00aca440	xbuild-enriched-full	
urn:ure:t6:occ:function:current-client:00aca5c0	0x00aca5c0	xbuild-enriched-full	
urn:ure:t6:occ:function:current-client:00aca610	0x00aca610	xbuild-enriched-full	
urn:ure:t6:occ:function:current-client:00aca6a0	0x00aca6a0	xbuild-enriched-full	
urn:ure:t6:occ:function:current-client:00acacb0	0x00acacb0	xbuild-enriched-full	
urn:ure:t6:occ:function:current-client:00acad10	0x00acad10	xbuild-enriched-full	
urn:ure:t6:occ:function:current-client:00acad30	0x00acad30	xbuild-enriched-full	
urn:ure:t6:occ:function:current-client:00acadc0	0x00acadc0	xbuild-enriched-full	
urn:ure:t6:occ:function:current-client:00acb7c0	0x00acb7c0	xbuild-enriched-full	
urn:ure:t6:occ:function:current-client:00acb850	0x00acb850	xbuild-enriched-full	
urn:ure:t6:occ:function:current-client:00acb8e0	0x00acb8e0	xbuild-enriched-full	
urn:ure:t6:occ:function:current-client:00acb900	0x00acb900	xbuild-enriched-full	
urn:ure:t6:occ:function:current-client:00acb950	0x00acb950	xbuild-enriched-full	
urn:ure:t6:occ:function:current-client:00acb9e0	0x00acb9e0	xbuild-enriched-full	
urn:ure:t6:occ:function:current-client:00acba20	0x00acba20	xbuild-enriched-full	
urn:ure:t6:occ:function:current-client:00acba30	0x00acba30	xbuild-enriched-full	
urn:ure:t6:occ:function:current-client:00acbb00	0x00acbb00	xbuild-enriched-full	
urn:ure:t6:occ:function:current-client:00acbbe0	0x00acbbe0	xbuild-enriched-full	
urn:ure:t6:occ:function:current-client:00acbd80	0x00acbd80	xbuild-enriched-full	
urn:ure:t6:occ:function:current-client:00acbf40	0x00acbf40	xbuild-enriched-full	
urn:ure:t6:occ:function:current-client:00acbfb0	0x00acbfb0	xbuild-enriched-full	
urn:ure:t6:occ:function:current-client:00acbfe0	0x00acbfe0	xbuild-enriched-full	
urn:ure:t6:occ:function:current-client:00acc0b0	0x00acc0b0	xbuild-enriched-full	
urn:ure:t6:occ:function:current-client:00acc0e0	0x00acc0e0	xbuild-enriched-full	
urn:ure:t6:occ:function:current-client:00acc110	0x00acc110	xbuild-enriched-full	
urn:ure:t6:occ:function:current-client:00acc140	0x00acc140	xbuild-enriched-full	
urn:ure:t6:occ:function:current-client:00acc250	0x00acc250	xbuild-enriched-full	
urn:ure:t6:occ:function:current-client:00acc350	0x00acc350	xbuild-enriched-full	
urn:ure:t6:occ:function:current-client:00acc450	0x00acc450	xbuild-enriched-full	
urn:ure:t6:occ:function:current-client:00acc550	0x00acc550	xbuild-enriched-full	
urn:ure:t6:occ:function:current-client:00acc690	0x00acc690	xbuild-enriched-full	
urn:ure:t6:occ:function:current-client:00acc860	0x00acc860	xbuild-enriched-full	
urn:ure:t6:occ:function:current-client:00acc880	0x00acc880	xbuild-enriched-full	
urn:ure:t6:occ:function:current-client:00acc9d0	0x00acc9d0	xbuild-enriched-full	
urn:ure:t6:occ:function:current-client:00acca00	0x00acca00	xbuild-enriched-full	
urn:ure:t6:occ:function:current-client:00acca20	0x00acca20	xbuild-enriched-full	
urn:ure:t6:occ:function:current-client:00acca40	0x00acca40	xbuild-enriched-full	
urn:ure:t6:occ:function:current-client:00acca80	0x00acca80	xbuild-enriched-full	
urn:ure:t6:occ:function:current-client:00accac0	0x00accac0	xbuild-enriched-full	
urn:ure:t6:occ:function:current-client:00acd110	0x00acd110	xbuild-enriched-full	
urn:ure:t6:occ:function:current-client:00acd140	0x00acd140	xbuild-enriched-full	
urn:ure:t6:occ:function:current-client:00acd160	0x00acd160	xbuild-enriched-full	
urn:ure:t6:occ:function:current-client:00acd190	0x00acd190	xbuild-enriched-full	
urn:ure:t6:occ:function:current-client:00acd210	0x00acd210	xbuild-enriched-full	
urn:ure:t6:occ:function:current-client:00acd280	0x00acd280	xbuild-enriched-full	
urn:ure:t6:occ:function:current-client:00acd2c0	0x00acd2c0	xbuild-enriched-full	
urn:ure:t6:occ:function:current-client:00acd380	0x00acd380	xbuild-enriched-full	
urn:ure:t6:occ:function:current-client:00acd3d0	0x00acd3d0	xbuild-enriched-full	
urn:ure:t6:occ:function:current-client:00acd4a0	0x00acd4a0	xbuild-enriched-full	
urn:ure:t6:occ:function:current-client:00acd570	0x00acd570	xbuild-enriched-full	
urn:ure:t6:occ:function:current-client:00acd5e0	0x00acd5e0	xbuild-enriched-full	
urn:ure:t6:occ:function:current-client:00acd740	0x00acd740	xbuild-enriched-full	
urn:ure:t6:occ:function:current-client:00acd870	0x00acd870	xbuild-enriched-full	
urn:ure:t6:occ:function:current-client:00acd970	0x00acd970	xbuild-enriched-full	
urn:ure:t6:occ:function:current-client:00acdad0	0x00acdad0	xbuild-enriched-full	
urn:ure:t6:occ:function:current-client:00acdc20	0x00acdc20	xbuild-enriched-full	
urn:ure:t6:occ:function:current-client:00acdc40	0x00acdc40	xbuild-enriched-full	
urn:ure:t6:occ:function:current-client:00acdde0	0x00acdde0	xbuild-enriched-full	
urn:ure:t6:occ:function:current-client:00acdea0	0x00acdea0	xbuild-enriched-full	
urn:ure:t6:occ:function:current-client:00acdf90	0x00acdf90	xbuild-enriched-full	
urn:ure:t6:occ:function:current-client:00ace130	0x00ace130	xbuild-enriched-full	
urn:ure:t6:occ:function:current-client:00ace170	0x00ace170	xbuild-enriched-full	
urn:ure:t6:occ:function:current-client:00ace310	0x00ace310	xbuild-enriched-full	
urn:ure:t6:occ:function:current-client:00ace380	0x00ace380	xbuild-enriched-full	
urn:ure:t6:occ:function:current-client:00ace3d0	0x00ace3d0	xbuild-enriched-full	
urn:ure:t6:occ:function:current-client:00ace4a0	0x00ace4a0	xbuild-enriched-full	
urn:ure:t6:occ:function:current-client:00acf900	0x00acf900	xbuild-enriched-full	
urn:ure:t6:occ:function:current-client:00ad0210	0x00ad0210	xbuild-enriched-full	
urn:ure:t6:occ:function:current-client:00ad02f0	0x00ad02f0	xbuild-enriched-full	
urn:ure:t6:occ:function:current-client:00ad03c0	0x00ad03c0	xbuild-enriched-full	
urn:ure:t6:occ:function:current-client:00ad0420	0x00ad0420	xbuild-enriched-full	
urn:ure:t6:occ:function:current-client:00ad0500	0x00ad0500	xbuild-enriched-full	
urn:ure:t6:occ:function:current-client:00ad0510	0x00ad0510	xbuild-enriched-full	
urn:ure:t6:occ:function:current-client:00ad05a0	0x00ad05a0	xbuild-enriched-full	
urn:ure:t6:occ:function:current-client:00ad05d0	0x00ad05d0	xbuild-enriched-full	
urn:ure:t6:occ:function:current-client:00ad0640	0x00ad0640	xbuild-enriched-full	
urn:ure:t6:occ:function:current-client:00ad08c0	0x00ad08c0	xbuild-enriched-full	
urn:ure:t6:occ:function:current-client:00ad09a0	0x00ad09a0	xbuild-enriched-full	
urn:ure:t6:occ:function:current-client:00ad09b0	0x00ad09b0	xbuild-enriched-full	
urn:ure:t6:occ:function:current-client:00ad09d0	0x00ad09d0	xbuild-enriched-full	
urn:ure:t6:occ:function:current-client:00ad09e0	0x00ad09e0	xbuild-enriched-full	
urn:ure:t6:occ:function:current-client:00ad0a10	0x00ad0a10	xbuild-enriched-full	
urn:ure:t6:occ:function:current-client:00ad0a30	0x00ad0a30	xbuild-enriched-full	
urn:ure:t6:occ:function:current-client:00ad0a90	0x00ad0a90	xbuild-enriched-full	
urn:ure:t6:occ:function:current-client:00ad0aa0	0x00ad0aa0	xbuild-enriched-full	
urn:ure:t6:occ:function:current-client:00ad0ab0	0x00ad0ab0	xbuild-enriched-full	
urn:ure:t6:occ:function:current-client:00ad0bf0	0x00ad0bf0	xbuild-enriched-full	
urn:ure:t6:occ:function:current-client:00ad0c70	0x00ad0c70	xbuild-enriched-full	
urn:ure:t6:occ:function:current-client:00ad0cb0	0x00ad0cb0	xbuild-enriched-full	
urn:ure:t6:occ:function:current-client:00ad1020	0x00ad1020	xbuild-enriched-full	
urn:ure:t6:occ:function:current-client:00ad1110	0x00ad1110	xbuild-enriched-full	
urn:ure:t6:occ:function:current-client:00ad1260	0x00ad1260	xbuild-enriched-full	
urn:ure:t6:occ:function:current-client:00ad1690	0x00ad1690	xbuild-enriched-full	
urn:ure:t6:occ:function:current-client:00ad1800	0x00ad1800	xbuild-enriched-full	
urn:ure:t6:occ:function:current-client:00ad1830	0x00ad1830	xbuild-enriched-full	
urn:ure:t6:occ:function:current-client:00ad1900	0x00ad1900	xbuild-enriched-full	
urn:ure:t6:occ:function:current-client:00ad1930	0x00ad1930	xbuild-enriched-full	
urn:ure:t6:occ:function:current-client:00ad1a10	0x00ad1a10	xbuild-enriched-full	
urn:ure:t6:occ:function:current-client:00ad1bf0	0x00ad1bf0	xbuild-enriched-full	
urn:ure:t6:occ:function:current-client:00ad1c90	0x00ad1c90	xbuild-enriched-full	
urn:ure:t6:occ:function:current-client:00ad1d00	0x00ad1d00	xbuild-enriched-full	
urn:ure:t6:occ:function:current-client:00ad1d40	0x00ad1d40	xbuild-enriched-full	
urn:ure:t6:occ:function:current-client:00ad2750	0x00ad2750	xbuild-enriched-full	
urn:ure:t6:occ:function:current-client:00ad2b10	0x00ad2b10	xbuild-enriched-full	
urn:ure:t6:occ:function:current-client:00ad2ba0	0x00ad2ba0	xbuild-enriched-full	
urn:ure:t6:occ:function:current-client:00ad2d60	0x00ad2d60	xbuild-enriched-full	
urn:ure:t6:occ:function:current-client:00ad2d80	0x00ad2d80	xbuild-enriched-full	
urn:ure:t6:occ:function:current-client:00ad2da0	0x00ad2da0	xbuild-enriched-full	
urn:ure:t6:occ:function:current-client:00ad2dd0	0x00ad2dd0	xbuild-enriched-full	
urn:ure:t6:occ:function:current-client:00ad2ed0	0x00ad2ed0	xbuild-enriched-full	
urn:ure:t6:occ:function:current-client:00ad2fd0	0x00ad2fd0	xbuild-enriched-full	
urn:ure:t6:occ:function:current-client:00ad3040	0x00ad3040	xbuild-enriched-full	
urn:ure:t6:occ:function:current-client:00ad30e0	0x00ad30e0	xbuild-enriched-full	
urn:ure:t6:occ:function:current-client:00ad3110	0x00ad3110	xbuild-enriched-full	
urn:ure:t6:occ:function:current-client:00ad3150	0x00ad3150	xbuild-enriched-full	
urn:ure:t6:occ:function:current-client:00ad3190	0x00ad3190	xbuild-enriched-full	
urn:ure:t6:occ:function:current-client:00ad31e0	0x00ad31e0	xbuild-enriched-full	
urn:ure:t6:occ:function:current-client:00ad3310	0x00ad3310	xbuild-enriched-full	
urn:ure:t6:occ:function:current-client:00ad33c0	0x00ad33c0	xbuild-enriched-full	
urn:ure:t6:occ:function:current-client:00ad33d0	0x00ad33d0	xbuild-enriched-full	
urn:ure:t6:occ:function:current-client:00ad34c0	0x00ad34c0	xbuild-enriched-full	
urn:ure:t6:occ:function:current-client:00ad34f0	0x00ad34f0	xbuild-enriched-full	
urn:ure:t6:occ:function:current-client:00ad37c0	0x00ad37c0	xbuild-enriched-full	
urn:ure:t6:occ:function:current-client:00ad3b40	0x00ad3b40	xbuild-enriched-full	
urn:ure:t6:occ:function:current-client:00ad3c70	0x00ad3c70	xbuild-enriched-full	
urn:ure:t6:occ:function:current-client:00ad3c90	0x00ad3c90	xbuild-enriched-full	
urn:ure:t6:occ:function:current-client:00ad3ec0	0x00ad3ec0	xbuild-enriched-full	
urn:ure:t6:occ:function:current-client:00ad3f70	0x00ad3f70	xbuild-enriched-full	
urn:ure:t6:occ:function:current-client:00ad43e0	0x00ad43e0	xbuild-enriched-full	
urn:ure:t6:occ:function:current-client:00ad4a20	0x00ad4a20	xbuild-enriched-full	
urn:ure:t6:occ:function:current-client:00ad4aa0	0x00ad4aa0	xbuild-enriched-full	
urn:ure:t6:occ:function:current-client:00ad4b20	0x00ad4b20	xbuild-enriched-full	
urn:ure:t6:occ:function:current-client:00ad4b30	0x00ad4b30	xbuild-enriched-full	
urn:ure:t6:occ:function:current-client:00ad4c00	0x00ad4c00	xbuild-enriched-full	
urn:ure:t6:occ:function:current-client:00ad4f00	0x00ad4f00	xbuild-enriched-full	
urn:ure:t6:occ:function:current-client:00ad4f20	0x00ad4f20	xbuild-enriched-full	
urn:ure:t6:occ:function:current-client:00ad5020	0x00ad5020	xbuild-enriched-full	
urn:ure:t6:occ:function:current-client:00ad5040	0x00ad5040	xbuild-enriched-full	
urn:ure:t6:occ:function:current-client:00ad5260	0x00ad5260	xbuild-enriched-full	
urn:ure:t6:occ:function:current-client:00ad5310	0x00ad5310	xbuild-enriched-full	
urn:ure:t6:occ:function:current-client:00ad53a0	0x00ad53a0	xbuild-enriched-full	
urn:ure:t6:occ:function:current-client:00ad54a0	0x00ad54a0	xbuild-enriched-full	
urn:ure:t6:occ:function:current-client:00ad54d0	0x00ad54d0	xbuild-enriched-full	
urn:ure:t6:occ:function:current-client:00ad5560	0x00ad5560	xbuild-enriched-full	
urn:ure:t6:occ:function:current-client:00ad5c50	0x00ad5c50	xbuild-enriched-full	
urn:ure:t6:occ:function:current-client:00ad5c70	0x00ad5c70	xbuild-enriched-full	
urn:ure:t6:occ:function:current-client:00ad5cf0	0x00ad5cf0	xbuild-enriched-full	
urn:ure:t6:occ:function:current-client:00ad5d20	0x00ad5d20	xbuild-enriched-full	
urn:ure:t6:occ:function:current-client:00ad6140	0x00ad6140	xbuild-enriched-full	
urn:ure:t6:occ:function:current-client:00ad61d0	0x00ad61d0	xbuild-enriched-full	
urn:ure:t6:occ:function:current-client:00ad6200	0x00ad6200	xbuild-enriched-full	
urn:ure:t6:occ:function:current-client:00ad6660	0x00ad6660	xbuild-enriched-full	
urn:ure:t6:occ:function:current-client:00ad66a0	0x00ad66a0	xbuild-enriched-full	
urn:ure:t6:occ:function:current-client:00ad66e0	0x00ad66e0	xbuild-enriched-full	
urn:ure:t6:occ:function:current-client:00ad6720	0x00ad6720	xbuild-enriched-full	
urn:ure:t6:occ:function:current-client:00ad6750	0x00ad6750	xbuild-enriched-full	
urn:ure:t6:occ:function:current-client:00ad68a0	0x00ad68a0	xbuild-enriched-full	
urn:ure:t6:occ:function:current-client:00ad6c80	0x00ad6c80	xbuild-enriched-full	
urn:ure:t6:occ:function:current-client:00ad6c90	0x00ad6c90	xbuild-enriched-full	
urn:ure:t6:occ:function:current-client:00ad6cb0	0x00ad6cb0	xbuild-enriched-full	
urn:ure:t6:occ:function:current-client:00ad6cd0	0x00ad6cd0	xbuild-enriched-full	
urn:ure:t6:occ:function:current-client:00ad7090	0x00ad7090	xbuild-enriched-full	
urn:ure:t6:occ:function:current-client:00ad7130	0x00ad7130	xbuild-enriched-full	
urn:ure:t6:occ:function:current-client:00ad7150	0x00ad7150	xbuild-enriched-full	
urn:ure:t6:occ:function:current-client:00ad7200	0x00ad7200	xbuild-enriched-full	
urn:ure:t6:occ:function:current-client:00ad7230	0x00ad7230	xbuild-enriched-full	
urn:ure:t6:occ:function:current-client:00ad7290	0x00ad7290	xbuild-enriched-full	
urn:ure:t6:occ:function:current-client:00ad7370	0x00ad7370	xbuild-enriched-full	
urn:ure:t6:occ:function:current-client:00ad7520	0x00ad7520	xbuild-enriched-full	
urn:ure:t6:occ:function:current-client:00ad7620	0x00ad7620	xbuild-enriched-full	
urn:ure:t6:occ:function:current-client:00ad7690	0x00ad7690	xbuild-enriched-full	
urn:ure:t6:occ:function:current-client:00ad76d0	0x00ad76d0	xbuild-enriched-full	
urn:ure:t6:occ:function:current-client:00ad7710	0x00ad7710	xbuild-enriched-full	
urn:ure:t6:occ:function:current-client:00ad7750	0x00ad7750	xbuild-enriched-full	
urn:ure:t6:occ:function:current-client:00ad7770	0x00ad7770	xbuild-enriched-full	
urn:ure:t6:occ:function:current-client:00ad7800	0x00ad7800	xbuild-enriched-full	
urn:ure:t6:occ:function:current-client:00ad78c0	0x00ad78c0	xbuild-enriched-full	
urn:ure:t6:occ:function:current-client:00ad78f0	0x00ad78f0	xbuild-enriched-full	
urn:ure:t6:occ:function:current-client:00ad7990	0x00ad7990	xbuild-enriched-full	
urn:ure:t6:occ:function:current-client:00ad7ef0	0x00ad7ef0	xbuild-enriched-full	
urn:ure:t6:occ:function:current-client:00ad7f3e	0x00ad7f3e	xbuild-enriched-full	
urn:ure:t6:occ:function:current-client:00ad7f50	0x00ad7f50	xbuild-enriched-full	
urn:ure:t6:occ:function:current-client:00ad7fa0	0x00ad7fa0	xbuild-enriched-full	
urn:ure:t6:occ:function:current-client:00ad7fb0	0x00ad7fb0	xbuild-enriched-full	
urn:ure:t6:occ:function:current-client:00ad7fe0	0x00ad7fe0	xbuild-enriched-full	
urn:ure:t6:occ:function:current-client:00ad8010	0x00ad8010	xbuild-enriched-full	
urn:ure:t6:occ:function:current-client:00ad8110	0x00ad8110	xbuild-enriched-full	
urn:ure:t6:occ:function:current-client:00ad8180	0x00ad8180	xbuild-enriched-full	
urn:ure:t6:occ:function:current-client:00ad81e0	0x00ad81e0	xbuild-enriched-full	
urn:ure:t6:occ:function:current-client:00ad8240	0x00ad8240	xbuild-enriched-full	
urn:ure:t6:occ:function:current-client:00ad8320	0x00ad8320	xbuild-enriched-full	
urn:ure:t6:occ:function:current-client:00ad84a0	0x00ad84a0	xbuild-enriched-full	
urn:ure:t6:occ:function:current-client:00ad8900	0x00ad8900	xbuild-enriched-full	
urn:ure:t6:occ:function:current-client:00ad89f0	0x00ad89f0	xbuild-enriched-full	
urn:ure:t6:occ:function:current-client:00ad8a80	0x00ad8a80	xbuild-enriched-full	
urn:ure:t6:occ:function:current-client:00ad8c00	0x00ad8c00	xbuild-enriched-full	
urn:ure:t6:occ:function:current-client:00ad8c90	0x00ad8c90	xbuild-enriched-full	
urn:ure:t6:occ:function:current-client:00ad8d30	0x00ad8d30	xbuild-enriched-full	
urn:ure:t6:occ:function:current-client:00ad8df0	0x00ad8df0	xbuild-enriched-full	
urn:ure:t6:occ:function:current-client:00ad9320	0x00ad9320	xbuild-enriched-full	
urn:ure:t6:occ:function:current-client:00ad9510	0x00ad9510	xbuild-enriched-full	
urn:ure:t6:occ:function:current-client:00ad9530	0x00ad9530	xbuild-enriched-full	
urn:ure:t6:occ:function:current-client:00ad9550	0x00ad9550	xbuild-enriched-full	
urn:ure:t6:occ:function:current-client:00ad9690	0x00ad9690	xbuild-enriched-full	
urn:ure:t6:occ:function:current-client:00ad96c0	0x00ad96c0	xbuild-enriched-full	
urn:ure:t6:occ:function:current-client:00ad96f0	0x00ad96f0	xbuild-enriched-full	
urn:ure:t6:occ:function:current-client:00ad9740	0x00ad9740	xbuild-enriched-full	
urn:ure:t6:occ:function:current-client:00ad9810	0x00ad9810	xbuild-enriched-full	
urn:ure:t6:occ:function:current-client:00ad9840	0x00ad9840	xbuild-enriched-full	
urn:ure:t6:occ:function:current-client:00ad98e0	0x00ad98e0	xbuild-enriched-full	
urn:ure:t6:occ:function:current-client:00ad9930	0x00ad9930	xbuild-enriched-full	
urn:ure:t6:occ:function:current-client:00ad9940	0x00ad9940	xbuild-enriched-full	
urn:ure:t6:occ:function:current-client:00ad9970	0x00ad9970	xbuild-enriched-full	
urn:ure:t6:occ:function:current-client:00ad9990	0x00ad9990	xbuild-enriched-full	
urn:ure:t6:occ:function:current-client:00ad9bb0	0x00ad9bb0	xbuild-enriched-full	
urn:ure:t6:occ:function:current-client:00ad9dc0	0x00ad9dc0	xbuild-enriched-full	
urn:ure:t6:occ:function:current-client:00ad9ee0	0x00ad9ee0	xbuild-enriched-full	
urn:ure:t6:occ:function:current-client:00ada110	0x00ada110	xbuild-enriched-full	
urn:ure:t6:occ:function:current-client:00ada180	0x00ada180	xbuild-enriched-full	
urn:ure:t6:occ:function:current-client:00ada1c0	0x00ada1c0	xbuild-enriched-full	
urn:ure:t6:occ:function:current-client:00ada200	0x00ada200	xbuild-enriched-full	
urn:ure:t6:occ:function:current-client:00ada280	0x00ada280	xbuild-enriched-full	
urn:ure:t6:occ:function:current-client:00ada2c0	0x00ada2c0	xbuild-enriched-full	
urn:ure:t6:occ:function:current-client:00ada310	0x00ada310	xbuild-enriched-full	
urn:ure:t6:occ:function:current-client:00ada370	0x00ada370	xbuild-enriched-full	
urn:ure:t6:occ:function:current-client:00ada420	0x00ada420	xbuild-enriched-full	
urn:ure:t6:occ:function:current-client:00ada510	0x00ada510	xbuild-enriched-full	
urn:ure:t6:occ:function:current-client:00ada630	0x00ada630	xbuild-enriched-full	
urn:ure:t6:occ:function:current-client:00ada660	0x00ada660	xbuild-enriched-full	
urn:ure:t6:occ:function:current-client:00ada750	0x00ada750	xbuild-enriched-full	
urn:ure:t6:occ:function:current-client:00ada8c0	0x00ada8c0	xbuild-enriched-full	
urn:ure:t6:occ:function:current-client:00adab20	0x00adab20	xbuild-enriched-full	
urn:ure:t6:occ:function:current-client:00adad50	0x00adad50	xbuild-enriched-full	
urn:ure:t6:occ:function:current-client:00adae60	0x00adae60	xbuild-enriched-full	
urn:ure:t6:occ:function:current-client:00adafb0	0x00adafb0	xbuild-enriched-full	
urn:ure:t6:occ:function:current-client:00adb100	0x00adb100	xbuild-enriched-full	
urn:ure:t6:occ:function:current-client:00adb250	0x00adb250	xbuild-enriched-full	
urn:ure:t6:occ:function:current-client:00adb360	0x00adb360	xbuild-enriched-full	
urn:ure:t6:occ:function:current-client:00adb3a0	0x00adb3a0	xbuild-enriched-full	
urn:ure:t6:occ:function:current-client:00adb910	0x00adb910	xbuild-enriched-full	
urn:ure:t6:occ:function:current-client:00adba20	0x00adba20	xbuild-enriched-full	
urn:ure:t6:occ:function:current-client:00adbb30	0x00adbb30	xbuild-enriched-full	
urn:ure:t6:occ:function:current-client:00adbdc0	0x00adbdc0	xbuild-enriched-full	
urn:ure:t6:occ:function:current-client:00adbe00	0x00adbe00	xbuild-enriched-full	
urn:ure:t6:occ:function:current-client:00adbe60	0x00adbe60	xbuild-enriched-full	
urn:ure:t6:occ:function:current-client:00adbea0	0x00adbea0	xbuild-enriched-full	
urn:ure:t6:occ:function:current-client:00adc1b0	0x00adc1b0	xbuild-enriched-full	
urn:ure:t6:occ:function:current-client:00adc250	0x00adc250	xbuild-enriched-full	
urn:ure:t6:occ:function:current-client:00adc320	0x00adc320	xbuild-enriched-full	
urn:ure:t6:occ:function:current-client:00adc3c0	0x00adc3c0	xbuild-enriched-full	
urn:ure:t6:occ:function:current-client:00adc410	0x00adc410	xbuild-enriched-full	
urn:ure:t6:occ:function:current-client:00adc470	0x00adc470	xbuild-enriched-full	
urn:ure:t6:occ:function:current-client:00adc500	0x00adc500	xbuild-enriched-full	
urn:ure:t6:occ:function:current-client:00adc570	0x00adc570	xbuild-enriched-full	
urn:ure:t6:occ:function:current-client:00adc6c0	0x00adc6c0	xbuild-enriched-full	
urn:ure:t6:occ:function:current-client:00adc940	0x00adc940	xbuild-enriched-full	
urn:ure:t6:occ:function:current-client:00adcaa0	0x00adcaa0	xbuild-enriched-full	
urn:ure:t6:occ:function:current-client:00adcab0	0x00adcab0	xbuild-enriched-full	
urn:ure:t6:occ:function:current-client:00adcb30	0x00adcb30	xbuild-enriched-full	
urn:ure:t6:occ:function:current-client:00adcbe0	0x00adcbe0	xbuild-enriched-full	
urn:ure:t6:occ:function:current-client:00adcc40	0x00adcc40	xbuild-enriched-full	
urn:ure:t6:occ:function:current-client:00adcce0	0x00adcce0	xbuild-enriched-full	
urn:ure:t6:occ:function:current-client:00adcda0	0x00adcda0	xbuild-enriched-full	
urn:ure:t6:occ:function:current-client:00adcdc0	0x00adcdc0	xbuild-enriched-full	
urn:ure:t6:occ:function:current-client:00adce30	0x00adce30	xbuild-enriched-full	
urn:ure:t6:occ:function:current-client:00add210	0x00add210	xbuild-enriched-full	
urn:ure:t6:occ:function:current-client:00add280	0x00add280	xbuild-enriched-full	
urn:ure:t6:occ:function:current-client:00add390	0x00add390	xbuild-enriched-full	
urn:ure:t6:occ:function:current-client:00add760	0x00add760	xbuild-enriched-full	
urn:ure:t6:occ:function:current-client:00add7c0	0x00add7c0	xbuild-enriched-full	
urn:ure:t6:occ:function:current-client:00add7d0	0x00add7d0	xbuild-enriched-full	
urn:ure:t6:occ:function:current-client:00add930	0x00add930	xbuild-enriched-full	
urn:ure:t6:occ:function:current-client:00add9b0	0x00add9b0	xbuild-enriched-full	
urn:ure:t6:occ:function:current-client:00add9d0	0x00add9d0	xbuild-enriched-full	
urn:ure:t6:occ:function:current-client:00adda00	0x00adda00	xbuild-enriched-full	
urn:ure:t6:occ:function:current-client:00adda80	0x00adda80	xbuild-enriched-full	
urn:ure:t6:occ:function:current-client:00adda90	0x00adda90	xbuild-enriched-full	
urn:ure:t6:occ:function:current-client:00addaa0	0x00addaa0	xbuild-enriched-full	
urn:ure:t6:occ:function:current-client:00addac0	0x00addac0	xbuild-enriched-full	
urn:ure:t6:occ:function:current-client:00addc40	0x00addc40	xbuild-enriched-full	
urn:ure:t6:occ:function:current-client:00addcc0	0x00addcc0	xbuild-enriched-full	
urn:ure:t6:occ:function:current-client:00addcf0	0x00addcf0	xbuild-enriched-full	
urn:ure:t6:occ:function:current-client:00adddb0	0x00adddb0	xbuild-enriched-full	
urn:ure:t6:occ:function:current-client:00addde0	0x00addde0	xbuild-enriched-full	
urn:ure:t6:occ:function:current-client:00adde10	0x00adde10	xbuild-enriched-full	
urn:ure:t6:occ:function:current-client:00ade090	0x00ade090	xbuild-enriched-full	
urn:ure:t6:occ:function:current-client:00ade2a0	0x00ade2a0	xbuild-enriched-full	
urn:ure:t6:occ:function:current-client:00ade2d0	0x00ade2d0	xbuild-enriched-full	
urn:ure:t6:occ:function:current-client:00ade2e0	0x00ade2e0	xbuild-enriched-full	
urn:ure:t6:occ:function:current-client:00ade450	0x00ade450	xbuild-enriched-full	
urn:ure:t6:occ:function:current-client:00ade500	0x00ade500	xbuild-enriched-full	
urn:ure:t6:occ:function:current-client:00ade5d0	0x00ade5d0	xbuild-enriched-full	
urn:ure:t6:occ:function:current-client:00ade5e0	0x00ade5e0	xbuild-enriched-full	
urn:ure:t6:occ:function:current-client:00ade610	0x00ade610	xbuild-enriched-full	
urn:ure:t6:occ:function:current-client:00ade620	0x00ade620	xbuild-enriched-full	
urn:ure:t6:occ:function:current-client:00ade650	0x00ade650	xbuild-enriched-full	
urn:ure:t6:occ:function:current-client:00ade660	0x00ade660	xbuild-enriched-full	
urn:ure:t6:occ:function:current-client:00ade6f0	0x00ade6f0	xbuild-enriched-full	
urn:ure:t6:occ:function:current-client:00ade780	0x00ade780	xbuild-enriched-full	
urn:ure:t6:occ:function:current-client:00ade7b0	0x00ade7b0	xbuild-enriched-full	
urn:ure:t6:occ:function:current-client:00ade7e0	0x00ade7e0	xbuild-enriched-full	
urn:ure:t6:occ:function:current-client:00ade890	0x00ade890	xbuild-enriched-full	
urn:ure:t6:occ:function:current-client:00ade8d0	0x00ade8d0	xbuild-enriched-full	
urn:ure:t6:occ:function:current-client:00ade8e0	0x00ade8e0	xbuild-enriched-full	
urn:ure:t6:occ:function:current-client:00ade8f0	0x00ade8f0	xbuild-enriched-full	
urn:ure:t6:occ:function:current-client:00ade930	0x00ade930	xbuild-enriched-full	
urn:ure:t6:occ:function:current-client:00ade970	0x00ade970	xbuild-enriched-full	
urn:ure:t6:occ:function:current-client:00ade980	0x00ade980	xbuild-enriched-full	
urn:ure:t6:occ:function:current-client:00ade990	0x00ade990	xbuild-enriched-full	
urn:ure:t6:occ:function:current-client:00adea10	0x00adea10	xbuild-enriched-full	
urn:ure:t6:occ:function:current-client:00adea20	0x00adea20	xbuild-enriched-full	
urn:ure:t6:occ:function:current-client:00adea30	0x00adea30	xbuild-enriched-full	
urn:ure:t6:occ:function:current-client:00adeaa0	0x00adeaa0	xbuild-enriched-full	
urn:ure:t6:occ:function:current-client:00adeb20	0x00adeb20	xbuild-enriched-full	
urn:ure:t6:occ:function:current-client:00adeba0	0x00adeba0	xbuild-enriched-full	
urn:ure:t6:occ:function:current-client:00adebd0	0x00adebd0	xbuild-enriched-full	
urn:ure:t6:occ:function:current-client:00adec60	0x00adec60	xbuild-enriched-full	
urn:ure:t6:occ:function:current-client:00aded30	0x00aded30	xbuild-enriched-full	
urn:ure:t6:occ:function:current-client:00aded60	0x00aded60	xbuild-enriched-full	
urn:ure:t6:occ:function:current-client:00adee10	0x00adee10	xbuild-enriched-full	
urn:ure:t6:occ:function:current-client:00adee70	0x00adee70	xbuild-enriched-full	
urn:ure:t6:occ:function:current-client:00adeea0	0x00adeea0	xbuild-enriched-full	
urn:ure:t6:occ:function:current-client:00adef50	0x00adef50	xbuild-enriched-full	
urn:ure:t6:occ:function:current-client:00adf030	0x00adf030	xbuild-enriched-full	
urn:ure:t6:occ:function:current-client:00adf1e0	0x00adf1e0	xbuild-enriched-full	
urn:ure:t6:occ:function:current-client:00adf200	0x00adf200	xbuild-enriched-full	
urn:ure:t6:occ:function:current-client:00adf210	0x00adf210	xbuild-enriched-full	
urn:ure:t6:occ:function:current-client:00adf240	0x00adf240	xbuild-enriched-full	
urn:ure:t6:occ:function:current-client:00adf3f0	0x00adf3f0	xbuild-enriched-full	
urn:ure:t6:occ:function:current-client:00adf400	0x00adf400	xbuild-enriched-full	
urn:ure:t6:occ:function:current-client:00adf630	0x00adf630	xbuild-enriched-full	
urn:ure:t6:occ:function:current-client:00adf6c0	0x00adf6c0	xbuild-enriched-full	
urn:ure:t6:occ:function:current-client:00adf6e0	0x00adf6e0	xbuild-enriched-full	
urn:ure:t6:occ:function:current-client:00adf790	0x00adf790	xbuild-enriched-full	
urn:ure:t6:occ:function:current-client:00adf7f0	0x00adf7f0	xbuild-enriched-full	
urn:ure:t6:occ:function:current-client:00adf820	0x00adf820	xbuild-enriched-full	
urn:ure:t6:occ:function:current-client:00adf8c0	0x00adf8c0	xbuild-enriched-full	
urn:ure:t6:occ:function:current-client:00adf9c0	0x00adf9c0	xbuild-enriched-full	
urn:ure:t6:occ:function:current-client:00adfb30	0x00adfb30	xbuild-enriched-full	
urn:ure:t6:occ:function:current-client:00adfb50	0x00adfb50	xbuild-enriched-full	
urn:ure:t6:occ:function:current-client:00adfb60	0x00adfb60	xbuild-enriched-full	
urn:ure:t6:occ:function:current-client:00adfb90	0x00adfb90	xbuild-enriched-full	
urn:ure:t6:occ:function:current-client:00adfc30	0x00adfc30	xbuild-enriched-full	
urn:ure:t6:occ:function:current-client:00adfc50	0x00adfc50	xbuild-enriched-full	
urn:ure:t6:occ:function:current-client:00adfc60	0x00adfc60	xbuild-enriched-full	
urn:ure:t6:occ:function:current-client:00adfc90	0x00adfc90	xbuild-enriched-full	
urn:ure:t6:occ:function:current-client:00adfcb0	0x00adfcb0	xbuild-enriched-full	
urn:ure:t6:occ:function:current-client:00adfcc0	0x00adfcc0	xbuild-enriched-full	
urn:ure:t6:occ:function:current-client:00adfcf0	0x00adfcf0	xbuild-enriched-full	
urn:ure:t6:occ:function:current-client:00adfd90	0x00adfd90	xbuild-enriched-full	
urn:ure:t6:occ:function:current-client:00adfdb0	0x00adfdb0	xbuild-enriched-full	
urn:ure:t6:occ:function:current-client:00adfdc0	0x00adfdc0	xbuild-enriched-full	
urn:ure:t6:occ:function:current-client:00adfdf0	0x00adfdf0	xbuild-enriched-full	
urn:ure:t6:occ:function:current-client:00adfe10	0x00adfe10	xbuild-enriched-full	
urn:ure:t6:occ:function:current-client:00adfe20	0x00adfe20	xbuild-enriched-full	
urn:ure:t6:occ:function:current-client:00adfe50	0x00adfe50	xbuild-enriched-full	
urn:ure:t6:occ:function:current-client:00adfe70	0x00adfe70	xbuild-enriched-full	
urn:ure:t6:occ:function:current-client:00adfe80	0x00adfe80	xbuild-enriched-full	
urn:ure:t6:occ:function:current-client:00adfeb0	0x00adfeb0	xbuild-enriched-full	
urn:ure:t6:occ:function:current-client:00adff20	0x00adff20	xbuild-enriched-full	
urn:ure:t6:occ:function:current-client:00ae0130	0x00ae0130	xbuild-enriched-full	
urn:ure:t6:occ:function:current-client:00ae0140	0x00ae0140	xbuild-enriched-full	
urn:ure:t6:occ:function:current-client:00ae01e0	0x00ae01e0	xbuild-enriched-full	
urn:ure:t6:occ:function:current-client:00ae05f0	0x00ae05f0	xbuild-enriched-full	
urn:ure:t6:occ:function:current-client:00ae06a0	0x00ae06a0	xbuild-enriched-full	
urn:ure:t6:occ:function:current-client:00ae06c0	0x00ae06c0	xbuild-enriched-full	
urn:ure:t6:occ:function:current-client:00ae0700	0x00ae0700	xbuild-enriched-full	
urn:ure:t6:occ:function:current-client:00ae0780	0x00ae0780	xbuild-enriched-full	
urn:ure:t6:occ:function:current-client:00ae07f0	0x00ae07f0	xbuild-enriched-full	
urn:ure:t6:occ:function:current-client:00ae0820	0x00ae0820	xbuild-enriched-full	
urn:ure:t6:occ:function:current-client:00ae0850	0x00ae0850	xbuild-enriched-full	
urn:ure:t6:occ:function:current-client:00ae0870	0x00ae0870	xbuild-enriched-full	
urn:ure:t6:occ:function:current-client:00ae0880	0x00ae0880	xbuild-enriched-full	
urn:ure:t6:occ:function:current-client:00ae08b0	0x00ae08b0	xbuild-enriched-full	
urn:ure:t6:occ:function:current-client:00ae08f0	0x00ae08f0	xbuild-enriched-full	
urn:ure:t6:occ:function:current-client:00ae0930	0x00ae0930	xbuild-enriched-full	
urn:ure:t6:occ:function:current-client:00ae0980	0x00ae0980	xbuild-enriched-full	
urn:ure:t6:occ:function:current-client:00ae0990	0x00ae0990	xbuild-enriched-full	
urn:ure:t6:occ:function:current-client:00ae09a0	0x00ae09a0	xbuild-enriched-full	
urn:ure:t6:occ:function:current-client:00ae09b0	0x00ae09b0	xbuild-enriched-full	
urn:ure:t6:occ:function:current-client:00ae09c0	0x00ae09c0	xbuild-enriched-full	
urn:ure:t6:occ:function:current-client:00ae09d0	0x00ae09d0	xbuild-enriched-full	
urn:ure:t6:occ:function:current-client:00ae0a60	0x00ae0a60	xbuild-enriched-full	
urn:ure:t6:occ:function:current-client:00ae0bd0	0x00ae0bd0	xbuild-enriched-full	
urn:ure:t6:occ:function:current-client:00ae0c00	0x00ae0c00	xbuild-enriched-full	
urn:ure:t6:occ:function:current-client:00ae0c40	0x00ae0c40	xbuild-enriched-full	
urn:ure:t6:occ:function:current-client:00ae0cd0	0x00ae0cd0	xbuild-enriched-full	
urn:ure:t6:occ:function:current-client:00ae0cf0	0x00ae0cf0	xbuild-enriched-full	
urn:ure:t6:occ:function:current-client:00ae0f40	0x00ae0f40	xbuild-enriched-full	
urn:ure:t6:occ:function:current-client:00ae0f70	0x00ae0f70	xbuild-enriched-full	
urn:ure:t6:occ:function:current-client:00ae0f80	0x00ae0f80	xbuild-enriched-full	
urn:ure:t6:occ:function:current-client:00ae0f90	0x00ae0f90	xbuild-enriched-full	
urn:ure:t6:occ:function:current-client:00ae0fc0	0x00ae0fc0	xbuild-enriched-full	
urn:ure:t6:occ:function:current-client:00ae0fd0	0x00ae0fd0	xbuild-enriched-full	
urn:ure:t6:occ:function:current-client:00ae0fe0	0x00ae0fe0	xbuild-enriched-full	
urn:ure:t6:occ:function:current-client:00ae1030	0x00ae1030	xbuild-enriched-full	
urn:ure:t6:occ:function:current-client:00ae1050	0x00ae1050	xbuild-enriched-full	
urn:ure:t6:occ:function:current-client:00ae1080	0x00ae1080	xbuild-enriched-full	
urn:ure:t6:occ:function:current-client:00ae10a0	0x00ae10a0	xbuild-enriched-full	
urn:ure:t6:occ:function:current-client:00ae10b0	0x00ae10b0	xbuild-enriched-full	
urn:ure:t6:occ:function:current-client:00ae1130	0x00ae1130	xbuild-enriched-full	
urn:ure:t6:occ:function:current-client:00ae11f0	0x00ae11f0	xbuild-enriched-full	
urn:ure:t6:occ:function:current-client:00ae1200	0x00ae1200	xbuild-enriched-full	
urn:ure:t6:occ:function:current-client:00ae1240	0x00ae1240	xbuild-enriched-full	
urn:ure:t6:occ:function:current-client:00ae1280	0x00ae1280	xbuild-enriched-full	
urn:ure:t6:occ:function:current-client:00ae12d0	0x00ae12d0	xbuild-enriched-full	
urn:ure:t6:occ:function:current-client:00ae1370	0x00ae1370	xbuild-enriched-full	
urn:ure:t6:occ:function:current-client:00ae1380	0x00ae1380	xbuild-enriched-full	
urn:ure:t6:occ:function:current-client:00ae1390	0x00ae1390	xbuild-enriched-full	
urn:ure:t6:occ:function:current-client:00ae1420	0x00ae1420	xbuild-enriched-full	
urn:ure:t6:occ:function:current-client:00ae1450	0x00ae1450	xbuild-enriched-full	
urn:ure:t6:occ:function:current-client:00ae1460	0x00ae1460	xbuild-enriched-full	
urn:ure:t6:occ:function:current-client:00ae1480	0x00ae1480	xbuild-enriched-full	
urn:ure:t6:occ:function:current-client:00ae1510	0x00ae1510	xbuild-enriched-full	
urn:ure:t6:occ:function:current-client:00ae1520	0x00ae1520	xbuild-enriched-full	
urn:ure:t6:occ:function:current-client:00ae1540	0x00ae1540	xbuild-enriched-full	
urn:ure:t6:occ:function:current-client:00ae1560	0x00ae1560	xbuild-enriched-full	
urn:ure:t6:occ:function:current-client:00ae1580	0x00ae1580	xbuild-enriched-full	
urn:ure:t6:occ:function:current-client:00ae15a0	0x00ae15a0	xbuild-enriched-full	
urn:ure:t6:occ:function:current-client:00ae15c0	0x00ae15c0	xbuild-enriched-full	
urn:ure:t6:occ:function:current-client:00ae15f0	0x00ae15f0	xbuild-enriched-full	
urn:ure:t6:occ:function:current-client:00ae1600	0x00ae1600	xbuild-enriched-full	
urn:ure:t6:occ:function:current-client:00ae1620	0x00ae1620	xbuild-enriched-full	
urn:ure:t6:occ:function:current-client:00ae1660	0x00ae1660	xbuild-enriched-full	
urn:ure:t6:occ:function:current-client:00ae16a0	0x00ae16a0	xbuild-enriched-full	
urn:ure:t6:occ:function:current-client:00ae16d0	0x00ae16d0	xbuild-enriched-full	
urn:ure:t6:occ:function:current-client:00ae16e0	0x00ae16e0	xbuild-enriched-full	
urn:ure:t6:occ:function:current-client:00ae1700	0x00ae1700	xbuild-enriched-full	
urn:ure:t6:occ:function:current-client:00ae1710	0x00ae1710	xbuild-enriched-full	
urn:ure:t6:occ:function:current-client:00ae1740	0x00ae1740	xbuild-enriched-full	
urn:ure:t6:occ:function:current-client:00ae1760	0x00ae1760	xbuild-enriched-full	
urn:ure:t6:occ:function:current-client:00ae1770	0x00ae1770	xbuild-enriched-full	
urn:ure:t6:occ:function:current-client:00ae1780	0x00ae1780	xbuild-enriched-full	
urn:ure:t6:occ:function:current-client:00ae17a0	0x00ae17a0	xbuild-enriched-full	
urn:ure:t6:occ:function:current-client:00ae17d0	0x00ae17d0	xbuild-enriched-full	
urn:ure:t6:occ:function:current-client:00ae1800	0x00ae1800	xbuild-enriched-full	
urn:ure:t6:occ:function:current-client:00ae1830	0x00ae1830	xbuild-enriched-full	
urn:ure:t6:occ:function:current-client:00ae1840	0x00ae1840	xbuild-enriched-full	
urn:ure:t6:occ:function:current-client:00ae1860	0x00ae1860	xbuild-enriched-full	
urn:ure:t6:occ:function:current-client:00ae18f0	0x00ae18f0	xbuild-enriched-full	
urn:ure:t6:occ:function:current-client:00ae1920	0x00ae1920	xbuild-enriched-full	
urn:ure:t6:occ:function:current-client:00ae1940	0x00ae1940	xbuild-enriched-full	
urn:ure:t6:occ:function:current-client:00ae19b0	0x00ae19b0	xbuild-enriched-full	
urn:ure:t6:occ:function:current-client:00ae1a60	0x00ae1a60	xbuild-enriched-full	
urn:ure:t6:occ:function:current-client:00ae1b60	0x00ae1b60	xbuild-enriched-full	
urn:ure:t6:occ:function:current-client:00ae1c50	0x00ae1c50	xbuild-enriched-full	
urn:ure:t6:occ:function:current-client:00ae1c70	0x00ae1c70	xbuild-enriched-full	
urn:ure:t6:occ:function:current-client:00ae1c90	0x00ae1c90	xbuild-enriched-full	
urn:ure:t6:occ:function:current-client:00ae1cb0	0x00ae1cb0	xbuild-enriched-full	
urn:ure:t6:occ:function:current-client:00ae1cd0	0x00ae1cd0	xbuild-enriched-full	
urn:ure:t6:occ:function:current-client:00ae1cf0	0x00ae1cf0	xbuild-enriched-full	
urn:ure:t6:occ:function:current-client:00ae1d10	0x00ae1d10	xbuild-enriched-full	
urn:ure:t6:occ:function:current-client:00ae1d30	0x00ae1d30	xbuild-enriched-full	
urn:ure:t6:occ:function:current-client:00ae1d50	0x00ae1d50	xbuild-enriched-full	
urn:ure:t6:occ:function:current-client:00ae1d80	0x00ae1d80	xbuild-enriched-full	
urn:ure:t6:occ:function:current-client:00ae1da0	0x00ae1da0	xbuild-enriched-full	
urn:ure:t6:occ:function:current-client:00ae1e50	0x00ae1e50	xbuild-enriched-full	
urn:ure:t6:occ:function:current-client:00ae1e60	0x00ae1e60	xbuild-enriched-full	
urn:ure:t6:occ:function:current-client:00ae1eb0	0x00ae1eb0	xbuild-enriched-full	
urn:ure:t6:occ:function:current-client:00ae2000	0x00ae2000	xbuild-enriched-full	
urn:ure:t6:occ:function:current-client:00ae2030	0x00ae2030	xbuild-enriched-full	
urn:ure:t6:occ:function:current-client:00ae20c0	0x00ae20c0	xbuild-enriched-full	
urn:ure:t6:occ:function:current-client:00ae2270	0x00ae2270	xbuild-enriched-full	
urn:ure:t6:occ:function:current-client:00ae22e0	0x00ae22e0	xbuild-enriched-full	
urn:ure:t6:occ:function:current-client:00ae23e0	0x00ae23e0	xbuild-enriched-full	
urn:ure:t6:occ:function:current-client:00ae24e0	0x00ae24e0	xbuild-enriched-full	
urn:ure:t6:occ:function:current-client:00ae2500	0x00ae2500	xbuild-enriched-full	
urn:ure:t6:occ:function:current-client:00ae2520	0x00ae2520	xbuild-enriched-full	
urn:ure:t6:occ:function:current-client:00ae2540	0x00ae2540	xbuild-enriched-full	
urn:ure:t6:occ:function:current-client:00ae2560	0x00ae2560	xbuild-enriched-full	
urn:ure:t6:occ:function:current-client:00ae2580	0x00ae2580	xbuild-enriched-full	
urn:ure:t6:occ:function:current-client:00ae25b0	0x00ae25b0	xbuild-enriched-full	
urn:ure:t6:occ:function:current-client:00ae25d0	0x00ae25d0	xbuild-enriched-full	
urn:ure:t6:occ:function:current-client:00ae25f0	0x00ae25f0	xbuild-enriched-full	
urn:ure:t6:occ:function:current-client:00ae2600	0x00ae2600	xbuild-enriched-full	
urn:ure:t6:occ:function:current-client:00ae2620	0x00ae2620	xbuild-enriched-full	
urn:ure:t6:occ:function:current-client:00ae2640	0x00ae2640	xbuild-enriched-full	
urn:ure:t6:occ:function:current-client:00ae2690	0x00ae2690	xbuild-enriched-full	
urn:ure:t6:occ:function:current-client:00ae2d10	0x00ae2d10	xbuild-enriched-full	
urn:ure:t6:occ:function:current-client:00ae2d70	0x00ae2d70	xbuild-enriched-full	
urn:ure:t6:occ:function:current-client:00ae2e50	0x00ae2e50	xbuild-enriched-full	
urn:ure:t6:occ:function:current-client:00ae2f80	0x00ae2f80	xbuild-enriched-full	
urn:ure:t6:occ:function:current-client:00ae3060	0x00ae3060	xbuild-enriched-full	
urn:ure:t6:occ:function:current-client:00ae3080	0x00ae3080	xbuild-enriched-full	
urn:ure:t6:occ:function:current-client:00ae3200	0x00ae3200	xbuild-enriched-full	
urn:ure:t6:occ:function:current-client:00ae3830	0x00ae3830	xbuild-enriched-full	
urn:ure:t6:occ:function:current-client:00ae3890	0x00ae3890	xbuild-enriched-full	
urn:ure:t6:occ:function:current-client:00ae3970	0x00ae3970	xbuild-enriched-full	
urn:ure:t6:occ:function:current-client:00ae3b10	0x00ae3b10	xbuild-enriched-full	
urn:ure:t6:occ:function:current-client:00ae3bd0	0x00ae3bd0	xbuild-enriched-full	
urn:ure:t6:occ:function:current-client:00ae3c40	0x00ae3c40	xbuild-enriched-full	
urn:ure:t6:occ:function:current-client:00ae3d30	0x00ae3d30	xbuild-enriched-full	
urn:ure:t6:occ:function:current-client:00ae3dc0	0x00ae3dc0	xbuild-enriched-full	
urn:ure:t6:occ:function:current-client:00ae3e30	0x00ae3e30	xbuild-enriched-full	
urn:ure:t6:occ:function:current-client:00ae3e70	0x00ae3e70	xbuild-enriched-full	
urn:ure:t6:occ:function:current-client:00ae3f10	0x00ae3f10	xbuild-enriched-full	
urn:ure:t6:occ:function:current-client:00ae3f80	0x00ae3f80	xbuild-enriched-full	
urn:ure:t6:occ:function:current-client:00ae3ff0	0x00ae3ff0	xbuild-enriched-full	
urn:ure:t6:occ:function:current-client:00ae4110	0x00ae4110	xbuild-enriched-full	
urn:ure:t6:occ:function:current-client:00ae42e0	0x00ae42e0	xbuild-enriched-full	
urn:ure:t6:occ:function:current-client:00ae4600	0x00ae4600	xbuild-enriched-full	
urn:ure:t6:occ:function:current-client:00ae4780	0x00ae4780	xbuild-enriched-full	
urn:ure:t6:occ:function:current-client:00ae4960	0x00ae4960	xbuild-enriched-full	
urn:ure:t6:occ:function:current-client:00ae49ad	0x00ae49ad	xbuild-enriched-full	
urn:ure:t6:occ:function:current-client:00ae4aab	0x00ae4aab	xbuild-enriched-full	
urn:ure:t6:occ:function:current-client:00ae4ba7	0x00ae4ba7	xbuild-enriched-full	
urn:ure:t6:occ:function:current-client:00ae4baf	0x00ae4baf	xbuild-enriched-full	
urn:ure:t6:occ:function:current-client:00ae4f0a	0x00ae4f0a	xbuild-enriched-full	
urn:ure:t6:occ:function:current-client:00ae4f14	0x00ae4f14	xbuild-enriched-full	
urn:ure:t6:occ:function:current-client:00ae535e	0x00ae535e	xbuild-enriched-full	
urn:ure:t6:occ:function:current-client:00ae5455	0x00ae5455	xbuild-enriched-full	
urn:ure:t6:occ:function:current-client:00ae5512	0x00ae5512	xbuild-enriched-full	
urn:ure:t6:occ:function:current-client:00ae55b8	0x00ae55b8	xbuild-enriched-full	
urn:ure:t6:occ:function:current-client:00ae55cb	0x00ae55cb	xbuild-enriched-full	
urn:ure:t6:occ:function:current-client:00ae5690	0x00ae5690	xbuild-enriched-full	
urn:ure:t6:occ:function:current-client:00ae56a7	0x00ae56a7	xbuild-enriched-full	
urn:ure:t6:occ:function:current-client:00ae589e	0x00ae589e	xbuild-enriched-full	
urn:ure:t6:occ:function:current-client:00ae58c0	0x00ae58c0	xbuild-enriched-full	
urn:ure:t6:occ:function:current-client:00ae59b0	0x00ae59b0	xbuild-enriched-full	
urn:ure:t6:occ:function:current-client:00ae5a20	0x00ae5a20	xbuild-enriched-full	
urn:ure:t6:occ:function:current-client:00ae5a80	0x00ae5a80	xbuild-enriched-full	
urn:ure:t6:occ:function:current-client:00ae5a90	0x00ae5a90	xbuild-enriched-full	
urn:ure:t6:occ:function:current-client:00ae5ad0	0x00ae5ad0	xbuild-enriched-full	
urn:ure:t6:occ:function:current-client:00ae5b00	0x00ae5b00	xbuild-enriched-full	
urn:ure:t6:occ:function:current-client:00ae5b80	0x00ae5b80	xbuild-enriched-full	
urn:ure:t6:occ:function:current-client:00ae5b90	0x00ae5b90	xbuild-enriched-full	
urn:ure:t6:occ:function:current-client:00ae5be0	0x00ae5be0	xbuild-enriched-full	
urn:ure:t6:occ:function:current-client:00ae5c30	0x00ae5c30	xbuild-enriched-full	
urn:ure:t6:occ:function:current-client:00ae5ca0	0x00ae5ca0	xbuild-enriched-full	
urn:ure:t6:occ:function:current-client:00ae5ec0	0x00ae5ec0	xbuild-enriched-full	
urn:ure:t6:occ:function:current-client:00ae5f50	0x00ae5f50	xbuild-enriched-full	
urn:ure:t6:occ:function:current-client:00ae5f80	0x00ae5f80	xbuild-enriched-full	
urn:ure:t6:occ:function:current-client:00ae5fb0	0x00ae5fb0	xbuild-enriched-full	
urn:ure:t6:occ:function:current-client:00ae6010	0x00ae6010	xbuild-enriched-full	
urn:ure:t6:occ:function:current-client:00ae60c0	0x00ae60c0	xbuild-enriched-full	
urn:ure:t6:occ:function:current-client:00ae6310	0x00ae6310	xbuild-enriched-full	
urn:ure:t6:occ:function:current-client:00ae6420	0x00ae6420	xbuild-enriched-full	
urn:ure:t6:occ:function:current-client:00ae6430	0x00ae6430	xbuild-enriched-full	
urn:ure:t6:occ:function:current-client:00ae6440	0x00ae6440	xbuild-enriched-full	
urn:ure:t6:occ:function:current-client:00ae6460	0x00ae6460	xbuild-enriched-full	
urn:ure:t6:occ:function:current-client:00ae6530	0x00ae6530	xbuild-enriched-full	
urn:ure:t6:occ:function:current-client:00ae6620	0x00ae6620	xbuild-enriched-full	
urn:ure:t6:occ:function:current-client:00ae6690	0x00ae6690	xbuild-enriched-full	
urn:ure:t6:occ:function:current-client:00ae6710	0x00ae6710	xbuild-enriched-full	
urn:ure:t6:occ:function:current-client:00ae6790	0x00ae6790	xbuild-enriched-full	
urn:ure:t6:occ:function:current-client:00ae67b0	0x00ae67b0	xbuild-enriched-full	
urn:ure:t6:occ:function:current-client:00ae67d0	0x00ae67d0	xbuild-enriched-full	
urn:ure:t6:occ:function:current-client:00ae67f0	0x00ae67f0	xbuild-enriched-full	
urn:ure:t6:occ:function:current-client:00ae68b0	0x00ae68b0	xbuild-enriched-full	
urn:ure:t6:occ:function:current-client:00ae68f0	0x00ae68f0	xbuild-enriched-full	
urn:ure:t6:occ:function:current-client:00ae6900	0x00ae6900	xbuild-enriched-full	
urn:ure:t6:occ:function:current-client:00ae6910	0x00ae6910	xbuild-enriched-full	
urn:ure:t6:occ:function:current-client:00ae6920	0x00ae6920	xbuild-enriched-full	
urn:ure:t6:occ:function:current-client:00ae6930	0x00ae6930	xbuild-enriched-full	
urn:ure:t6:occ:function:current-client:00ae6a60	0x00ae6a60	xbuild-enriched-full	
urn:ure:t6:occ:function:current-client:00ae6ab3	0x00ae6ab3	xbuild-enriched-full	
urn:ure:t6:occ:function:current-client:00ae6cf0	0x00ae6cf0	xbuild-enriched-full	
urn:ure:t6:occ:function:current-client:00ae6eb0	0x00ae6eb0	xbuild-enriched-full	
urn:ure:t6:occ:function:current-client:00ae6f00	0x00ae6f00	xbuild-enriched-full	
urn:ure:t6:occ:function:current-client:00ae7090	0x00ae7090	xbuild-enriched-full	
urn:ure:t6:occ:function:current-client:00ae73b0	0x00ae73b0	xbuild-enriched-full	
urn:ure:t6:occ:function:current-client:00ae74d0	0x00ae74d0	xbuild-enriched-full	
urn:ure:t6:occ:function:current-client:00ae7500	0x00ae7500	xbuild-enriched-full	
urn:ure:t6:occ:function:current-client:00ae7540	0x00ae7540	xbuild-enriched-full	
urn:ure:t6:occ:function:current-client:00ae7630	0x00ae7630	xbuild-enriched-full	
urn:ure:t6:occ:function:current-client:00ae76a0	0x00ae76a0	xbuild-enriched-full	
urn:ure:t6:occ:function:current-client:00ae77c0	0x00ae77c0	xbuild-enriched-full	
urn:ure:t6:occ:function:current-client:00ae7830	0x00ae7830	xbuild-enriched-full	
urn:ure:t6:occ:function:current-client:00ae7960	0x00ae7960	xbuild-enriched-full	
urn:ure:t6:occ:function:current-client:00ae79d0	0x00ae79d0	xbuild-enriched-full	
urn:ure:t6:occ:function:current-client:00ae7a40	0x00ae7a40	xbuild-enriched-full	
urn:ure:t6:occ:function:current-client:00ae7b90	0x00ae7b90	xbuild-enriched-full	
urn:ure:t6:occ:function:current-client:00ae7d40	0x00ae7d40	xbuild-enriched-full	
urn:ure:t6:occ:function:current-client:00ae7ea0	0x00ae7ea0	xbuild-enriched-full	
urn:ure:t6:occ:function:current-client:00ae7eb0	0x00ae7eb0	xbuild-enriched-full	
urn:ure:t6:occ:function:current-client:00ae7ef0	0x00ae7ef0	xbuild-enriched-full	
urn:ure:t6:occ:function:current-client:00ae7f90	0x00ae7f90	xbuild-enriched-full	
urn:ure:t6:occ:function:current-client:00ae7ff0	0x00ae7ff0	xbuild-enriched-full	
urn:ure:t6:occ:function:current-client:00ae80d0	0x00ae80d0	xbuild-enriched-full	
urn:ure:t6:occ:function:current-client:00ae81f0	0x00ae81f0	xbuild-enriched-full	
urn:ure:t6:occ:function:current-client:00ae8280	0x00ae8280	xbuild-enriched-full	
urn:ure:t6:occ:function:current-client:00ae82e0	0x00ae82e0	xbuild-enriched-full	
urn:ure:t6:occ:function:current-client:00ae8520	0x00ae8520	xbuild-enriched-full	
urn:ure:t6:occ:function:current-client:00ae85d0	0x00ae85d0	xbuild-enriched-full	
urn:ure:t6:occ:function:current-client:00ae8640	0x00ae8640	xbuild-enriched-full	
urn:ure:t6:occ:function:current-client:00ae86c0	0x00ae86c0	xbuild-enriched-full	
urn:ure:t6:occ:function:current-client:00ae8810	0x00ae8810	xbuild-enriched-full	
urn:ure:t6:occ:function:current-client:00ae8830	0x00ae8830	xbuild-enriched-full	
urn:ure:t6:occ:function:current-client:00ae88b0	0x00ae88b0	xbuild-enriched-full	
urn:ure:t6:occ:function:current-client:00ae88e0	0x00ae88e0	xbuild-enriched-full	
urn:ure:t6:occ:function:current-client:00ae8a40	0x00ae8a40	xbuild-enriched-full	
urn:ure:t6:occ:function:current-client:00ae8ac0	0x00ae8ac0	xbuild-enriched-full	
urn:ure:t6:occ:function:current-client:00ae8e20	0x00ae8e20	xbuild-enriched-full	
urn:ure:t6:occ:function:current-client:00ae9000	0x00ae9000	xbuild-enriched-full	
urn:ure:t6:occ:function:current-client:00ae9230	0x00ae9230	xbuild-enriched-full	
urn:ure:t6:occ:function:current-client:00ae93c0	0x00ae93c0	xbuild-enriched-full	
urn:ure:t6:occ:function:current-client:00ae9470	0x00ae9470	xbuild-enriched-full	
urn:ure:t6:occ:function:current-client:00ae9970	0x00ae9970	xbuild-enriched-full	
urn:ure:t6:occ:function:current-client:00ae9c10	0x00ae9c10	xbuild-enriched-full	
urn:ure:t6:occ:function:current-client:00aea020	0x00aea020	xbuild-enriched-full	
urn:ure:t6:occ:function:current-client:00aea050	0x00aea050	xbuild-enriched-full	
urn:ure:t6:occ:function:current-client:00aea2a0	0x00aea2a0	xbuild-enriched-full	
urn:ure:t6:occ:function:current-client:00aea820	0x00aea820	xbuild-enriched-full	
urn:ure:t6:occ:function:current-client:00aeac70	0x00aeac70	xbuild-enriched-full	
urn:ure:t6:occ:function:current-client:00aeae50	0x00aeae50	xbuild-enriched-full	
urn:ure:t6:occ:function:current-client:00aeafa0	0x00aeafa0	xbuild-enriched-full	
urn:ure:t6:occ:function:current-client:00aeb010	0x00aeb010	xbuild-enriched-full	
urn:ure:t6:occ:function:current-client:00aeb5f0	0x00aeb5f0	xbuild-enriched-full	
urn:ure:t6:occ:function:current-client:00aeb7e0	0x00aeb7e0	xbuild-enriched-full	
urn:ure:t6:occ:function:current-client:00aebac0	0x00aebac0	xbuild-enriched-full	
urn:ure:t6:occ:function:current-client:00aebb40	0x00aebb40	xbuild-enriched-full	
urn:ure:t6:occ:function:current-client:00aebbb0	0x00aebbb0	xbuild-enriched-full	
urn:ure:t6:occ:function:current-client:00aec640	0x00aec640	xbuild-enriched-full	
urn:ure:t6:occ:function:current-client:00aec960	0x00aec960	xbuild-enriched-full	
urn:ure:t6:occ:function:current-client:00aecb00	0x00aecb00	xbuild-enriched-full	
urn:ure:t6:occ:function:current-client:00aed310	0x00aed310	xbuild-enriched-full	
urn:ure:t6:occ:function:current-client:00aed350	0x00aed350	xbuild-enriched-full	
urn:ure:t6:occ:function:current-client:00aed7c0	0x00aed7c0	xbuild-enriched-full	
urn:ure:t6:occ:function:current-client:00aedaf0	0x00aedaf0	xbuild-enriched-full	
urn:ure:t6:occ:function:current-client:00aedd40	0x00aedd40	xbuild-enriched-full	
urn:ure:t6:occ:function:current-client:00aedd50	0x00aedd50	xbuild-enriched-full	
urn:ure:t6:occ:function:current-client:00aede10	0x00aede10	xbuild-enriched-full	
urn:ure:t6:occ:function:current-client:00aedf10	0x00aedf10	xbuild-enriched-full	
urn:ure:t6:occ:function:current-client:00aee140	0x00aee140	xbuild-enriched-full	
urn:ure:t6:occ:function:current-client:00aee270	0x00aee270	xbuild-enriched-full	
urn:ure:t6:occ:function:current-client:00aee330	0x00aee330	xbuild-enriched-full	
urn:ure:t6:occ:function:current-client:00aee370	0x00aee370	xbuild-enriched-full	
urn:ure:t6:occ:function:current-client:00aee550	0x00aee550	xbuild-enriched-full	
urn:ure:t6:occ:function:current-client:00aee630	0x00aee630	xbuild-enriched-full	
urn:ure:t6:occ:function:current-client:00aee9a0	0x00aee9a0	xbuild-enriched-full	
urn:ure:t6:occ:function:current-client:00aeec10	0x00aeec10	xbuild-enriched-full	
urn:ure:t6:occ:function:current-client:00aeec30	0x00aeec30	xbuild-enriched-full	
urn:ure:t6:occ:function:current-client:00aeec80	0x00aeec80	xbuild-enriched-full	
urn:ure:t6:occ:function:current-client:00aeec90	0x00aeec90	xbuild-enriched-full	
urn:ure:t6:occ:function:current-client:00aeed40	0x00aeed40	xbuild-enriched-full	
urn:ure:t6:occ:function:current-client:00aeeda0	0x00aeeda0	xbuild-enriched-full	
urn:ure:t6:occ:function:current-client:00aef010	0x00aef010	xbuild-enriched-full	
urn:ure:t6:occ:function:current-client:00aef0b0	0x00aef0b0	xbuild-enriched-full	
urn:ure:t6:occ:function:current-client:00aef110	0x00aef110	xbuild-enriched-full	
urn:ure:t6:occ:function:current-client:00aef170	0x00aef170	xbuild-enriched-full	
urn:ure:t6:occ:function:current-client:00aef220	0x00aef220	xbuild-enriched-full	
urn:ure:t6:occ:function:current-client:00aef240	0x00aef240	xbuild-enriched-full	
urn:ure:t6:occ:function:current-client:00aef380	0x00aef380	xbuild-enriched-full	
urn:ure:t6:occ:function:current-client:00aef3d0	0x00aef3d0	xbuild-enriched-full	
urn:ure:t6:occ:function:current-client:00aef580	0x00aef580	xbuild-enriched-full	
urn:ure:t6:occ:function:current-client:00aef5d0	0x00aef5d0	xbuild-enriched-full	
urn:ure:t6:occ:function:current-client:00aef620	0x00aef620	xbuild-enriched-full	
urn:ure:t6:occ:function:current-client:00aef740	0x00aef740	xbuild-enriched-full	
urn:ure:t6:occ:function:current-client:00aef830	0x00aef830	xbuild-enriched-full	
urn:ure:t6:occ:function:current-client:00aef8d0	0x00aef8d0	xbuild-enriched-full	
urn:ure:t6:occ:function:current-client:00aefd40	0x00aefd40	xbuild-enriched-full	
urn:ure:t6:occ:function:current-client:00aeffd0	0x00aeffd0	xbuild-enriched-full	
urn:ure:t6:occ:function:current-client:00af0810	0x00af0810	xbuild-enriched-full	
urn:ure:t6:occ:function:current-client:00af0ab0	0x00af0ab0	xbuild-enriched-full	
urn:ure:t6:occ:function:current-client:00af0e30	0x00af0e30	xbuild-enriched-full	
urn:ure:t6:occ:function:current-client:00af0ec0	0x00af0ec0	xbuild-enriched-full	
urn:ure:t6:occ:function:current-client:00af0ff0	0x00af0ff0	xbuild-enriched-full	
urn:ure:t6:occ:function:current-client:00af11d0	0x00af11d0	xbuild-enriched-full	
urn:ure:t6:occ:function:current-client:00af1210	0x00af1210	xbuild-enriched-full	
urn:ure:t6:occ:function:current-client:00af12b0	0x00af12b0	xbuild-enriched-full	
urn:ure:t6:occ:function:current-client:00af14f0	0x00af14f0	xbuild-enriched-full	
urn:ure:t6:occ:function:current-client:00af17a0	0x00af17a0	xbuild-enriched-full	
urn:ure:t6:occ:function:current-client:00af1800	0x00af1800	xbuild-enriched-full	
urn:ure:t6:occ:function:current-client:00af18b0	0x00af18b0	xbuild-enriched-full	
urn:ure:t6:occ:function:current-client:00af19a0	0x00af19a0	xbuild-enriched-full	
urn:ure:t6:occ:function:current-client:00af19e0	0x00af19e0	xbuild-enriched-full	
urn:ure:t6:occ:function:current-client:00af1a20	0x00af1a20	xbuild-enriched-full	
urn:ure:t6:occ:function:current-client:00af1a40	0x00af1a40	xbuild-enriched-full	
urn:ure:t6:occ:function:current-client:00af1e60	0x00af1e60	xbuild-enriched-full	
urn:ure:t6:occ:function:current-client:00af2110	0x00af2110	xbuild-enriched-full	
urn:ure:t6:occ:function:current-client:00af2240	0x00af2240	xbuild-enriched-full	
urn:ure:t6:occ:function:current-client:00af2250	0x00af2250	xbuild-enriched-full	
urn:ure:t6:occ:function:current-client:00af22a0	0x00af22a0	xbuild-enriched-full	
urn:ure:t6:occ:function:current-client:00af2300	0x00af2300	xbuild-enriched-full	
urn:ure:t6:occ:function:current-client:00af23e0	0x00af23e0	xbuild-enriched-full	
urn:ure:t6:occ:function:current-client:00af2520	0x00af2520	xbuild-enriched-full	
urn:ure:t6:occ:function:current-client:00af2a00	0x00af2a00	xbuild-enriched-full	
urn:ure:t6:occ:function:current-client:00af2fa0	0x00af2fa0	xbuild-enriched-full	
urn:ure:t6:occ:function:current-client:00af3030	0x00af3030	xbuild-enriched-full	
urn:ure:t6:occ:function:current-client:00af30e0	0x00af30e0	xbuild-enriched-full	
urn:ure:t6:occ:function:current-client:00af3110	0x00af3110	xbuild-enriched-full	
urn:ure:t6:occ:function:current-client:00af3240	0x00af3240	xbuild-enriched-full	
urn:ure:t6:occ:function:current-client:00af3320	0x00af3320	xbuild-enriched-full	
urn:ure:t6:occ:function:current-client:00af3330	0x00af3330	xbuild-enriched-full	
urn:ure:t6:occ:function:current-client:00af3350	0x00af3350	xbuild-enriched-full	
urn:ure:t6:occ:function:current-client:00af3380	0x00af3380	xbuild-enriched-full	
urn:ure:t6:occ:function:current-client:00af33d0	0x00af33d0	xbuild-enriched-full	
urn:ure:t6:occ:function:current-client:00af3440	0x00af3440	xbuild-enriched-full	
urn:ure:t6:occ:function:current-client:00af34e0	0x00af34e0	xbuild-enriched-full	
urn:ure:t6:occ:function:current-client:00af3690	0x00af3690	xbuild-enriched-full	
urn:ure:t6:occ:function:current-client:00af3760	0x00af3760	xbuild-enriched-full	
urn:ure:t6:occ:function:current-client:00af3810	0x00af3810	xbuild-enriched-full	
urn:ure:t6:occ:function:current-client:00af3840	0x00af3840	xbuild-enriched-full	
urn:ure:t6:occ:function:current-client:00af39c0	0x00af39c0	xbuild-enriched-full	
urn:ure:t6:occ:function:current-client:00af3a90	0x00af3a90	xbuild-enriched-full	
urn:ure:t6:occ:function:current-client:00af3cd0	0x00af3cd0	xbuild-enriched-full	
urn:ure:t6:occ:function:current-client:00af3d20	0x00af3d20	xbuild-enriched-full	
urn:ure:t6:occ:function:current-client:00af4100	0x00af4100	xbuild-enriched-full	
urn:ure:t6:occ:function:current-client:00af4140	0x00af4140	xbuild-enriched-full	
urn:ure:t6:occ:function:current-client:00af4230	0x00af4230	xbuild-enriched-full	
urn:ure:t6:occ:function:current-client:00af42a0	0x00af42a0	xbuild-enriched-full	
urn:ure:t6:occ:function:current-client:00af4310	0x00af4310	xbuild-enriched-full	
urn:ure:t6:occ:function:current-client:00af44f0	0x00af44f0	xbuild-enriched-full	
urn:ure:t6:occ:function:current-client:00af4550	0x00af4550	xbuild-enriched-full	
urn:ure:t6:occ:function:current-client:00af4630	0x00af4630	xbuild-enriched-full	
urn:ure:t6:occ:function:current-client:00af4830	0x00af4830	xbuild-enriched-full	
urn:ure:t6:occ:function:current-client:00af4cb0	0x00af4cb0	xbuild-enriched-full	
urn:ure:t6:occ:function:current-client:00af4e50	0x00af4e50	xbuild-enriched-full	
urn:ure:t6:occ:function:current-client:00af4eb0	0x00af4eb0	xbuild-enriched-full	
urn:ure:t6:occ:function:current-client:00af4ef0	0x00af4ef0	xbuild-enriched-full	
urn:ure:t6:occ:function:current-client:00af5040	0x00af5040	xbuild-enriched-full	
urn:ure:t6:occ:function:current-client:00af52b0	0x00af52b0	xbuild-enriched-full	
urn:ure:t6:occ:function:current-client:00af54b0	0x00af54b0	xbuild-enriched-full	
urn:ure:t6:occ:function:current-client:00af5690	0x00af5690	xbuild-enriched-full	
urn:ure:t6:occ:function:current-client:00af5860	0x00af5860	xbuild-enriched-full	
urn:ure:t6:occ:function:current-client:00af58d0	0x00af58d0	xbuild-enriched-full	
urn:ure:t6:occ:function:current-client:00af5940	0x00af5940	xbuild-enriched-full	
urn:ure:t6:occ:function:current-client:00af5ba0	0x00af5ba0	xbuild-enriched-full	
urn:ure:t6:occ:function:current-client:00af5c30	0x00af5c30	xbuild-enriched-full	
urn:ure:t6:occ:function:current-client:00af5cf0	0x00af5cf0	xbuild-enriched-full	
urn:ure:t6:occ:function:current-client:00af6230	0x00af6230	xbuild-enriched-full	
urn:ure:t6:occ:function:current-client:00af63f0	0x00af63f0	xbuild-enriched-full	
urn:ure:t6:occ:function:current-client:00af6690	0x00af6690	xbuild-enriched-full	
urn:ure:t6:occ:function:current-client:00af66e0	0x00af66e0	xbuild-enriched-full	
urn:ure:t6:occ:function:current-client:00af67e0	0x00af67e0	xbuild-enriched-full	
urn:ure:t6:occ:function:current-client:00af6a10	0x00af6a10	xbuild-enriched-full	
urn:ure:t6:occ:function:current-client:00af6c60	0x00af6c60	xbuild-enriched-full	
urn:ure:t6:occ:function:current-client:00af6ce0	0x00af6ce0	xbuild-enriched-full	
urn:ure:t6:occ:function:current-client:00af6f90	0x00af6f90	xbuild-enriched-full	
urn:ure:t6:occ:function:current-client:00af6fe0	0x00af6fe0	xbuild-enriched-full	
urn:ure:t6:occ:function:current-client:00af7050	0x00af7050	xbuild-enriched-full	
urn:ure:t6:occ:function:current-client:00af70b0	0x00af70b0	xbuild-enriched-full	
urn:ure:t6:occ:function:current-client:00af7110	0x00af7110	xbuild-enriched-full	
urn:ure:t6:occ:function:current-client:00af7170	0x00af7170	xbuild-enriched-full	
urn:ure:t6:occ:function:current-client:00af72b0	0x00af72b0	xbuild-enriched-full	
urn:ure:t6:occ:function:current-client:00af7390	0x00af7390	xbuild-enriched-full	
urn:ure:t6:occ:function:current-client:00af7410	0x00af7410	xbuild-enriched-full	
urn:ure:t6:occ:function:current-client:00af75b0	0x00af75b0	xbuild-enriched-full	
urn:ure:t6:occ:function:current-client:00af7da0	0x00af7da0	xbuild-enriched-full	
urn:ure:t6:occ:function:current-client:00af7db0	0x00af7db0	xbuild-enriched-full	
urn:ure:t6:occ:function:current-client:00af7e40	0x00af7e40	xbuild-enriched-full	
urn:ure:t6:occ:function:current-client:00af7e90	0x00af7e90	xbuild-enriched-full	
urn:ure:t6:occ:function:current-client:00af7ee0	0x00af7ee0	xbuild-enriched-full	
urn:ure:t6:occ:function:current-client:00af7f90	0x00af7f90	xbuild-enriched-full	
urn:ure:t6:occ:function:current-client:00af8070	0x00af8070	xbuild-enriched-full	
urn:ure:t6:occ:function:current-client:00af80c0	0x00af80c0	xbuild-enriched-full	
urn:ure:t6:occ:function:current-client:00af8160	0x00af8160	xbuild-enriched-full	
urn:ure:t6:occ:function:current-client:00af8220	0x00af8220	xbuild-enriched-full	
urn:ure:t6:occ:function:current-client:00af8380	0x00af8380	xbuild-enriched-full	
urn:ure:t6:occ:function:current-client:00af83c0	0x00af83c0	xbuild-enriched-full	
urn:ure:t6:occ:function:current-client:00af8410	0x00af8410	xbuild-enriched-full	
urn:ure:t6:occ:function:current-client:00af8420	0x00af8420	xbuild-enriched-full	
urn:ure:t6:occ:function:current-client:00af8430	0x00af8430	xbuild-enriched-full	
urn:ure:t6:occ:function:current-client:00af84e0	0x00af84e0	xbuild-enriched-full	
urn:ure:t6:occ:function:current-client:00af8540	0x00af8540	xbuild-enriched-full	
urn:ure:t6:occ:function:current-client:00af86a0	0x00af86a0	xbuild-enriched-full	
urn:ure:t6:occ:function:current-client:00af8740	0x00af8740	xbuild-enriched-full	
urn:ure:t6:occ:function:current-client:00af88d0	0x00af88d0	xbuild-enriched-full	
urn:ure:t6:occ:function:current-client:00af8990	0x00af8990	xbuild-enriched-full	
urn:ure:t6:occ:function:current-client:00af89b0	0x00af89b0	xbuild-enriched-full	
urn:ure:t6:occ:function:current-client:00af8a90	0x00af8a90	xbuild-enriched-full	
urn:ure:t6:occ:function:current-client:00af8ab0	0x00af8ab0	xbuild-enriched-full	
urn:ure:t6:occ:function:current-client:00af8ad0	0x00af8ad0	xbuild-enriched-full	
urn:ure:t6:occ:function:current-client:00af8b50	0x00af8b50	xbuild-enriched-full	
urn:ure:t6:occ:function:current-client:00af8bd0	0x00af8bd0	xbuild-enriched-full	
urn:ure:t6:occ:function:current-client:00af8be0	0x00af8be0	xbuild-enriched-full	
urn:ure:t6:occ:function:current-client:00af8bf0	0x00af8bf0	xbuild-enriched-full	
urn:ure:t6:occ:function:current-client:00af8c00	0x00af8c00	xbuild-enriched-full	
urn:ure:t6:occ:function:current-client:00af8cc0	0x00af8cc0	xbuild-enriched-full	
urn:ure:t6:occ:function:current-client:00af8d80	0x00af8d80	xbuild-enriched-full	
urn:ure:t6:occ:function:current-client:00af8e30	0x00af8e30	xbuild-enriched-full	
urn:ure:t6:occ:function:current-client:00af8ee0	0x00af8ee0	xbuild-enriched-full	
urn:ure:t6:occ:function:current-client:00af8f30	0x00af8f30	xbuild-enriched-full	
urn:ure:t6:occ:function:current-client:00af9050	0x00af9050	xbuild-enriched-full	
urn:ure:t6:occ:function:current-client:00af90a0	0x00af90a0	xbuild-enriched-full	
urn:ure:t6:occ:function:current-client:00af90f0	0x00af90f0	xbuild-enriched-full	
urn:ure:t6:occ:function:current-client:00af9120	0x00af9120	xbuild-enriched-full	
urn:ure:t6:occ:function:current-client:00af9140	0x00af9140	xbuild-enriched-full	
urn:ure:t6:occ:function:current-client:00af91a0	0x00af91a0	xbuild-enriched-full	
urn:ure:t6:occ:function:current-client:00af9200	0x00af9200	xbuild-enriched-full	
urn:ure:t6:occ:function:current-client:00af9390	0x00af9390	xbuild-enriched-full	
urn:ure:t6:occ:function:current-client:00af9590	0x00af9590	xbuild-enriched-full	
urn:ure:t6:occ:function:current-client:00af9600	0x00af9600	xbuild-enriched-full	
urn:ure:t6:occ:function:current-client:00af96d0	0x00af96d0	xbuild-enriched-full	
urn:ure:t6:occ:function:current-client:00af9860	0x00af9860	xbuild-enriched-full	
urn:ure:t6:occ:function:current-client:00af98a0	0x00af98a0	xbuild-enriched-full	
urn:ure:t6:occ:function:current-client:00af9c80	0x00af9c80	xbuild-enriched-full	
urn:ure:t6:occ:function:current-client:00af9cc0	0x00af9cc0	xbuild-enriched-full	
urn:ure:t6:occ:function:current-client:00af9d40	0x00af9d40	xbuild-enriched-full	
urn:ure:t6:occ:function:current-client:00af9d80	0x00af9d80	xbuild-enriched-full	
urn:ure:t6:occ:function:current-client:00af9dd0	0x00af9dd0	xbuild-enriched-full	
urn:ure:t6:occ:function:current-client:00af9e70	0x00af9e70	xbuild-enriched-full	
urn:ure:t6:occ:function:current-client:00afa160	0x00afa160	xbuild-enriched-full	
urn:ure:t6:occ:function:current-client:00afa1b0	0x00afa1b0	xbuild-enriched-full	
urn:ure:t6:occ:function:current-client:00afa200	0x00afa200	xbuild-enriched-full	
urn:ure:t6:occ:function:current-client:00afa420	0x00afa420	xbuild-enriched-full	
urn:ure:t6:occ:function:current-client:00afa480	0x00afa480	xbuild-enriched-full	
urn:ure:t6:occ:function:current-client:00afa510	0x00afa510	xbuild-enriched-full	
urn:ure:t6:occ:function:current-client:00afa620	0x00afa620	xbuild-enriched-full	
urn:ure:t6:occ:function:current-client:00afa710	0x00afa710	xbuild-enriched-full	
urn:ure:t6:occ:function:current-client:00afa7a0	0x00afa7a0	xbuild-enriched-full	
urn:ure:t6:occ:function:current-client:00afa8a0	0x00afa8a0	xbuild-enriched-full	
urn:ure:t6:occ:function:current-client:00afa8d0	0x00afa8d0	xbuild-enriched-full	
urn:ure:t6:occ:function:current-client:00afa8e0	0x00afa8e0	xbuild-enriched-full	
urn:ure:t6:occ:function:current-client:00afa8f0	0x00afa8f0	xbuild-enriched-full	
urn:ure:t6:occ:function:current-client:00afa970	0x00afa970	xbuild-enriched-full	
urn:ure:t6:occ:function:current-client:00afa9a0	0x00afa9a0	xbuild-enriched-full	
urn:ure:t6:occ:function:current-client:00afa9b0	0x00afa9b0	xbuild-enriched-full	
urn:ure:t6:occ:function:current-client:00afaa10	0x00afaa10	xbuild-enriched-full	
urn:ure:t6:occ:function:current-client:00afac20	0x00afac20	xbuild-enriched-full	
urn:ure:t6:occ:function:current-client:00afad40	0x00afad40	xbuild-enriched-full	
urn:ure:t6:occ:function:current-client:00afadf0	0x00afadf0	xbuild-enriched-full	
urn:ure:t6:occ:function:current-client:00afafd0	0x00afafd0	xbuild-enriched-full	
urn:ure:t6:occ:function:current-client:00afb090	0x00afb090	xbuild-enriched-full	
urn:ure:t6:occ:function:current-client:00afb210	0x00afb210	xbuild-enriched-full	
urn:ure:t6:occ:function:current-client:00afb3d0	0x00afb3d0	xbuild-enriched-full	
urn:ure:t6:occ:function:current-client:00afb810	0x00afb810	xbuild-enriched-full	
urn:ure:t6:occ:function:current-client:00afb980	0x00afb980	xbuild-enriched-full	
urn:ure:t6:occ:function:current-client:00afb9b0	0x00afb9b0	xbuild-enriched-full	
urn:ure:t6:occ:function:current-client:00afbac0	0x00afbac0	xbuild-enriched-full	
urn:ure:t6:occ:function:current-client:00afbb20	0x00afbb20	xbuild-enriched-full	
urn:ure:t6:occ:function:current-client:00afbb30	0x00afbb30	xbuild-enriched-full	
urn:ure:t6:occ:function:current-client:00afbb50	0x00afbb50	xbuild-enriched-full	
urn:ure:t6:occ:function:current-client:00afbc30	0x00afbc30	xbuild-enriched-full	
urn:ure:t6:occ:function:current-client:00afbdc0	0x00afbdc0	xbuild-enriched-full	
urn:ure:t6:occ:function:current-client:00afbe00	0x00afbe00	xbuild-enriched-full	
urn:ure:t6:occ:function:current-client:00afbe60	0x00afbe60	xbuild-enriched-full	
urn:ure:t6:occ:function:current-client:00afbec0	0x00afbec0	xbuild-enriched-full	
urn:ure:t6:occ:function:current-client:00afbf20	0x00afbf20	xbuild-enriched-full	
urn:ure:t6:occ:function:current-client:00afbf80	0x00afbf80	xbuild-enriched-full	
urn:ure:t6:occ:function:current-client:00afc020	0x00afc020	xbuild-enriched-full	
urn:ure:t6:occ:function:current-client:00afc160	0x00afc160	xbuild-enriched-full	
urn:ure:t6:occ:function:current-client:00afc2e0	0x00afc2e0	xbuild-enriched-full	
urn:ure:t6:occ:function:current-client:00afc420	0x00afc420	xbuild-enriched-full	
urn:ure:t6:occ:function:current-client:00afc460	0x00afc460	xbuild-enriched-full	
urn:ure:t6:occ:function:current-client:00afc4f0	0x00afc4f0	xbuild-enriched-full	
urn:ure:t6:occ:function:current-client:00afc500	0x00afc500	xbuild-enriched-full	
urn:ure:t6:occ:function:current-client:00afc510	0x00afc510	xbuild-enriched-full	
urn:ure:t6:occ:function:current-client:00afc760	0x00afc760	xbuild-enriched-full	
urn:ure:t6:occ:function:current-client:00afc7a0	0x00afc7a0	xbuild-enriched-full	
urn:ure:t6:occ:function:current-client:00afc860	0x00afc860	xbuild-enriched-full	
urn:ure:t6:occ:function:current-client:00afc960	0x00afc960	xbuild-enriched-full	
urn:ure:t6:occ:function:current-client:00afc9b0	0x00afc9b0	xbuild-enriched-full	
urn:ure:t6:occ:function:current-client:00afca30	0x00afca30	xbuild-enriched-full	
urn:ure:t6:occ:function:current-client:00afca90	0x00afca90	xbuild-enriched-full	
urn:ure:t6:occ:function:current-client:00afcb10	0x00afcb10	xbuild-enriched-full	
urn:ure:t6:occ:function:current-client:00afcba0	0x00afcba0	xbuild-enriched-full	
urn:ure:t6:occ:function:current-client:00afcca0	0x00afcca0	xbuild-enriched-full	
urn:ure:t6:occ:function:current-client:00afcd20	0x00afcd20	xbuild-enriched-full	
urn:ure:t6:occ:function:current-client:00afcf50	0x00afcf50	xbuild-enriched-full	
urn:ure:t6:occ:function:current-client:00afd060	0x00afd060	xbuild-enriched-full	
urn:ure:t6:occ:function:current-client:00afd160	0x00afd160	xbuild-enriched-full	
urn:ure:t6:occ:function:current-client:00afd1e0	0x00afd1e0	xbuild-enriched-full	
urn:ure:t6:occ:function:current-client:00afd270	0x00afd270	xbuild-enriched-full	
urn:ure:t6:occ:function:current-client:00afd340	0x00afd340	xbuild-enriched-full	
urn:ure:t6:occ:function:current-client:00afd370	0x00afd370	xbuild-enriched-full	
urn:ure:t6:occ:function:current-client:00afd460	0x00afd460	xbuild-enriched-full	
urn:ure:t6:occ:function:current-client:00afd4e0	0x00afd4e0	xbuild-enriched-full	
urn:ure:t6:occ:function:current-client:00afd5d0	0x00afd5d0	xbuild-enriched-full	
urn:ure:t6:occ:function:current-client:00afd600	0x00afd600	xbuild-enriched-full	
urn:ure:t6:occ:function:current-client:00afd660	0x00afd660	xbuild-enriched-full	
urn:ure:t6:occ:function:current-client:00afd6a0	0x00afd6a0	xbuild-enriched-full	
urn:ure:t6:occ:function:current-client:00afd720	0x00afd720	xbuild-enriched-full	
urn:ure:t6:occ:function:current-client:00afd7a0	0x00afd7a0	xbuild-enriched-full	
urn:ure:t6:occ:function:current-client:00afd850	0x00afd850	xbuild-enriched-full	
urn:ure:t6:occ:function:current-client:00afd890	0x00afd890	xbuild-enriched-full	
urn:ure:t6:occ:function:current-client:00afd8b0	0x00afd8b0	xbuild-enriched-full	
urn:ure:t6:occ:function:current-client:00afd8d0	0x00afd8d0	xbuild-enriched-full	
urn:ure:t6:occ:function:current-client:00afd900	0x00afd900	xbuild-enriched-full	
urn:ure:t6:occ:function:current-client:00afd9a0	0x00afd9a0	xbuild-enriched-full	
urn:ure:t6:occ:function:current-client:00afd9c0	0x00afd9c0	xbuild-enriched-full	
urn:ure:t6:occ:function:current-client:00afda00	0x00afda00	xbuild-enriched-full	
urn:ure:t6:occ:function:current-client:00afdad0	0x00afdad0	xbuild-enriched-full	
urn:ure:t6:occ:function:current-client:00afdb20	0x00afdb20	xbuild-enriched-full	
urn:ure:t6:occ:function:current-client:00afdb50	0x00afdb50	xbuild-enriched-full	
urn:ure:t6:occ:function:current-client:00afdc00	0x00afdc00	xbuild-enriched-full	
urn:ure:t6:occ:function:current-client:00afdc70	0x00afdc70	xbuild-enriched-full	
urn:ure:t6:occ:function:current-client:00afdc80	0x00afdc80	xbuild-enriched-full	
urn:ure:t6:occ:function:current-client:00afdda0	0x00afdda0	xbuild-enriched-full	
urn:ure:t6:occ:function:current-client:00afde90	0x00afde90	xbuild-enriched-full	
urn:ure:t6:occ:function:current-client:00afdf20	0x00afdf20	xbuild-enriched-full	
urn:ure:t6:occ:function:current-client:00afdf80	0x00afdf80	xbuild-enriched-full	
urn:ure:t6:occ:function:current-client:00afdfe0	0x00afdfe0	xbuild-enriched-full	
urn:ure:t6:occ:function:current-client:00afe000	0x00afe000	xbuild-enriched-full	
urn:ure:t6:occ:function:current-client:00afe060	0x00afe060	xbuild-enriched-full	
urn:ure:t6:occ:function:current-client:00afe0a0	0x00afe0a0	xbuild-enriched-full	
urn:ure:t6:occ:function:current-client:00afe150	0x00afe150	xbuild-enriched-full	
urn:ure:t6:occ:function:current-client:00afe280	0x00afe280	xbuild-enriched-full	
urn:ure:t6:occ:function:current-client:00afe2d0	0x00afe2d0	xbuild-enriched-full	
urn:ure:t6:occ:function:current-client:00afe390	0x00afe390	xbuild-enriched-full	
urn:ure:t6:occ:function:current-client:00afe3a0	0x00afe3a0	xbuild-enriched-full	
urn:ure:t6:occ:function:current-client:00afe3c0	0x00afe3c0	xbuild-enriched-full	
urn:ure:t6:occ:function:current-client:00afe430	0x00afe430	xbuild-enriched-full	
urn:ure:t6:occ:function:current-client:00afe4a0	0x00afe4a0	xbuild-enriched-full	
urn:ure:t6:occ:function:current-client:00afe500	0x00afe500	xbuild-enriched-full	
urn:ure:t6:occ:function:current-client:00afe530	0x00afe530	xbuild-enriched-full	
urn:ure:t6:occ:function:current-client:00afe540	0x00afe540	xbuild-enriched-full	
urn:ure:t6:occ:function:current-client:00afe570	0x00afe570	xbuild-enriched-full	
urn:ure:t6:occ:function:current-client:00afe580	0x00afe580	xbuild-enriched-full	
urn:ure:t6:occ:function:current-client:00afe5a0	0x00afe5a0	xbuild-enriched-full	
urn:ure:t6:occ:function:current-client:00afe5c0	0x00afe5c0	xbuild-enriched-full	
urn:ure:t6:occ:function:current-client:00afe630	0x00afe630	xbuild-enriched-full	
urn:ure:t6:occ:function:current-client:00afe6e0	0x00afe6e0	xbuild-enriched-full	
urn:ure:t6:occ:function:current-client:00afe730	0x00afe730	xbuild-enriched-full	
urn:ure:t6:occ:function:current-client:00afe750	0x00afe750	xbuild-enriched-full	
urn:ure:t6:occ:function:current-client:00afe770	0x00afe770	xbuild-enriched-full	
urn:ure:t6:occ:function:current-client:00afe7a0	0x00afe7a0	xbuild-enriched-full	
urn:ure:t6:occ:function:current-client:00afe7d0	0x00afe7d0	xbuild-enriched-full	
urn:ure:t6:occ:function:current-client:00afe7e0	0x00afe7e0	xbuild-enriched-full	
urn:ure:t6:occ:function:current-client:00afe800	0x00afe800	xbuild-enriched-full	
urn:ure:t6:occ:function:current-client:00afe830	0x00afe830	xbuild-enriched-full	
urn:ure:t6:occ:function:current-client:00afe860	0x00afe860	xbuild-enriched-full	
urn:ure:t6:occ:function:current-client:00afe880	0x00afe880	xbuild-enriched-full	
urn:ure:t6:occ:function:current-client:00afe910	0x00afe910	xbuild-enriched-full	
urn:ure:t6:occ:function:current-client:00afe920	0x00afe920	xbuild-enriched-full	
urn:ure:t6:occ:function:current-client:00afe980	0x00afe980	xbuild-enriched-full	
urn:ure:t6:occ:function:current-client:00afea00	0x00afea00	xbuild-enriched-full	
urn:ure:t6:occ:function:current-client:00afea20	0x00afea20	xbuild-enriched-full	
urn:ure:t6:occ:function:current-client:00afea70	0x00afea70	xbuild-enriched-full	
urn:ure:t6:occ:function:current-client:00afea90	0x00afea90	xbuild-enriched-full	
urn:ure:t6:occ:function:current-client:00afeab0	0x00afeab0	xbuild-enriched-full	
urn:ure:t6:occ:function:current-client:00afead0	0x00afead0	xbuild-enriched-full	
urn:ure:t6:occ:function:current-client:00afeaf0	0x00afeaf0	xbuild-enriched-full	
urn:ure:t6:occ:function:current-client:00afeb70	0x00afeb70	xbuild-enriched-full	
urn:ure:t6:occ:function:current-client:00afec10	0x00afec10	xbuild-enriched-full	
urn:ure:t6:occ:function:current-client:00afec50	0x00afec50	xbuild-enriched-full	
urn:ure:t6:occ:function:current-client:00afed00	0x00afed00	xbuild-enriched-full	
urn:ure:t6:occ:function:current-client:00afedc0	0x00afedc0	xbuild-enriched-full	
urn:ure:t6:occ:function:current-client:00afee10	0x00afee10	xbuild-enriched-full	
urn:ure:t6:occ:function:current-client:00afee40	0x00afee40	xbuild-enriched-full	
urn:ure:t6:occ:function:current-client:00afeef0	0x00afeef0	xbuild-enriched-full	
urn:ure:t6:occ:function:current-client:00afefc0	0x00afefc0	xbuild-enriched-full	
urn:ure:t6:occ:function:current-client:00afefd0	0x00afefd0	xbuild-enriched-full	
urn:ure:t6:occ:function:current-client:00aff130	0x00aff130	xbuild-enriched-full	
urn:ure:t6:occ:function:current-client:00aff200	0x00aff200	xbuild-enriched-full	
urn:ure:t6:occ:function:current-client:00aff2e0	0x00aff2e0	xbuild-enriched-full	
urn:ure:t6:occ:function:current-client:00aff4e0	0x00aff4e0	xbuild-enriched-full	
urn:ure:t6:occ:function:current-client:00aff4f0	0x00aff4f0	xbuild-enriched-full	
urn:ure:t6:occ:function:current-client:00aff690	0x00aff690	xbuild-enriched-full	
urn:ure:t6:occ:function:current-client:00aff9f0	0x00aff9f0	xbuild-enriched-full	
urn:ure:t6:occ:function:current-client:00affde0	0x00affde0	xbuild-enriched-full	
urn:ure:t6:occ:function:current-client:00affe00	0x00affe00	xbuild-enriched-full	
urn:ure:t6:occ:function:current-client:00afff10	0x00afff10	xbuild-enriched-full	
urn:ure:t6:occ:function:current-client:00afff60	0x00afff60	xbuild-enriched-full	
urn:ure:t6:occ:function:current-client:00afffd0	0x00afffd0	xbuild-enriched-full	
urn:ure:t6:occ:function:current-client:00b00150	0x00b00150	xbuild-enriched-full	
urn:ure:t6:occ:function:current-client:00b001f0	0x00b001f0	xbuild-enriched-full	
urn:ure:t6:occ:function:current-client:00b002c0	0x00b002c0	xbuild-enriched-full	
urn:ure:t6:occ:function:current-client:00b004a0	0x00b004a0	xbuild-enriched-full	
urn:ure:t6:occ:function:current-client:00b00590	0x00b00590	xbuild-enriched-full	
urn:ure:t6:occ:function:current-client:00b006a0	0x00b006a0	xbuild-enriched-full	
urn:ure:t6:occ:function:current-client:00b00730	0x00b00730	xbuild-enriched-full	
urn:ure:t6:occ:function:current-client:00b008c0	0x00b008c0	xbuild-enriched-full	
urn:ure:t6:occ:function:current-client:00b008e0	0x00b008e0	xbuild-enriched-full	
urn:ure:t6:occ:function:current-client:00b00940	0x00b00940	xbuild-enriched-full	
urn:ure:t6:occ:function:current-client:00b00970	0x00b00970	xbuild-enriched-full	
urn:ure:t6:occ:function:current-client:00b00990	0x00b00990	xbuild-enriched-full	
urn:ure:t6:occ:function:current-client:00b009b0	0x00b009b0	xbuild-enriched-full	
urn:ure:t6:occ:function:current-client:00b009e0	0x00b009e0	xbuild-enriched-full	
urn:ure:t6:occ:function:current-client:00b00a10	0x00b00a10	xbuild-enriched-full	
urn:ure:t6:occ:function:current-client:00b00a40	0x00b00a40	xbuild-enriched-full	
urn:ure:t6:occ:function:current-client:00b00a50	0x00b00a50	xbuild-enriched-full	
urn:ure:t6:occ:function:current-client:00b00aa0	0x00b00aa0	xbuild-enriched-full	
urn:ure:t6:occ:function:current-client:00b00ad0	0x00b00ad0	xbuild-enriched-full	
urn:ure:t6:occ:function:current-client:00b00b30	0x00b00b30	xbuild-enriched-full	
urn:ure:t6:occ:function:current-client:00b00b70	0x00b00b70	xbuild-enriched-full	
urn:ure:t6:occ:function:current-client:00b00b90	0x00b00b90	xbuild-enriched-full	
urn:ure:t6:occ:function:current-client:00b00be0	0x00b00be0	xbuild-enriched-full	
urn:ure:t6:occ:function:current-client:00b00ce0	0x00b00ce0	xbuild-enriched-full	
urn:ure:t6:occ:function:current-client:00b00d20	0x00b00d20	xbuild-enriched-full	
urn:ure:t6:occ:function:current-client:00b00dd0	0x00b00dd0	xbuild-enriched-full	
urn:ure:t6:occ:function:current-client:00b00e00	0x00b00e00	xbuild-enriched-full	
urn:ure:t6:occ:function:current-client:00b00e60	0x00b00e60	xbuild-enriched-full	
urn:ure:t6:occ:function:current-client:00b00f60	0x00b00f60	xbuild-enriched-full	
urn:ure:t6:occ:function:current-client:00b00fe0	0x00b00fe0	xbuild-enriched-full	
urn:ure:t6:occ:function:current-client:00b01030	0x00b01030	xbuild-enriched-full	
urn:ure:t6:occ:function:current-client:00b010d0	0x00b010d0	xbuild-enriched-full	
urn:ure:t6:occ:function:current-client:00b01160	0x00b01160	xbuild-enriched-full	
urn:ure:t6:occ:function:current-client:00b011a0	0x00b011a0	xbuild-enriched-full	
urn:ure:t6:occ:function:current-client:00b011d0	0x00b011d0	xbuild-enriched-full	
urn:ure:t6:occ:function:current-client:00b01220	0x00b01220	xbuild-enriched-full	
urn:ure:t6:occ:function:current-client:00b012c0	0x00b012c0	xbuild-enriched-full	
urn:ure:t6:occ:function:current-client:00b01300	0x00b01300	xbuild-enriched-full	
urn:ure:t6:occ:function:current-client:00b01340	0x00b01340	xbuild-enriched-full	
urn:ure:t6:occ:function:current-client:00b01470	0x00b01470	xbuild-enriched-full	
urn:ure:t6:occ:function:current-client:00b01610	0x00b01610	xbuild-enriched-full	
urn:ure:t6:occ:function:current-client:00b01700	0x00b01700	xbuild-enriched-full	
urn:ure:t6:occ:function:current-client:00b01760	0x00b01760	xbuild-enriched-full	
urn:ure:t6:occ:function:current-client:00b01840	0x00b01840	xbuild-enriched-full	
urn:ure:t6:occ:function:current-client:00b018a0	0x00b018a0	xbuild-enriched-full	
urn:ure:t6:occ:function:current-client:00b01ab0	0x00b01ab0	xbuild-enriched-full	
urn:ure:t6:occ:function:current-client:00b01b00	0x00b01b00	xbuild-enriched-full	
urn:ure:t6:occ:function:current-client:00b01f10	0x00b01f10	xbuild-enriched-full	
urn:ure:t6:occ:function:current-client:00b01fa0	0x00b01fa0	xbuild-enriched-full	
urn:ure:t6:occ:function:current-client:00b02000	0x00b02000	xbuild-enriched-full	
urn:ure:t6:occ:function:current-client:00b021f0	0x00b021f0	xbuild-enriched-full	
urn:ure:t6:occ:function:current-client:00b02320	0x00b02320	xbuild-enriched-full	
urn:ure:t6:occ:function:current-client:00b023e0	0x00b023e0	xbuild-enriched-full	
urn:ure:t6:occ:function:current-client:00b024c0	0x00b024c0	xbuild-enriched-full	
urn:ure:t6:occ:function:current-client:00b024d0	0x00b024d0	xbuild-enriched-full	
urn:ure:t6:occ:function:current-client:00b024f0	0x00b024f0	xbuild-enriched-full	
urn:ure:t6:occ:function:current-client:00b02520	0x00b02520	xbuild-enriched-full	
urn:ure:t6:occ:function:current-client:00b025a0	0x00b025a0	xbuild-enriched-full	
urn:ure:t6:occ:function:current-client:00b025b0	0x00b025b0	xbuild-enriched-full	
urn:ure:t6:occ:function:current-client:00b02630	0x00b02630	xbuild-enriched-full	
urn:ure:t6:occ:function:current-client:00b02670	0x00b02670	xbuild-enriched-full	
urn:ure:t6:occ:function:current-client:00b02730	0x00b02730	xbuild-enriched-full	
urn:ure:t6:occ:function:current-client:00b02d10	0x00b02d10	xbuild-enriched-full	
urn:ure:t6:occ:function:current-client:00b02d70	0x00b02d70	xbuild-enriched-full	
urn:ure:t6:occ:function:current-client:00b02e30	0x00b02e30	xbuild-enriched-full	
urn:ure:t6:occ:function:current-client:00b02e60	0x00b02e60	xbuild-enriched-full	
urn:ure:t6:occ:function:current-client:00b035a0	0x00b035a0	xbuild-enriched-full	
urn:ure:t6:occ:function:current-client:00b03680	0x00b03680	xbuild-enriched-full	
urn:ure:t6:occ:function:current-client:00b037e0	0x00b037e0	xbuild-enriched-full	
urn:ure:t6:occ:function:current-client:00b038c0	0x00b038c0	xbuild-enriched-full	
urn:ure:t6:occ:function:current-client:00b03a20	0x00b03a20	xbuild-enriched-full	
urn:ure:t6:occ:function:current-client:00b03a40	0x00b03a40	xbuild-enriched-full	
urn:ure:t6:occ:function:current-client:00b03a70	0x00b03a70	xbuild-enriched-full	
urn:ure:t6:occ:function:current-client:00b03b30	0x00b03b30	xbuild-enriched-full	
urn:ure:t6:occ:function:current-client:00b03c10	0x00b03c10	xbuild-enriched-full	
urn:ure:t6:occ:function:current-client:00b03d30	0x00b03d30	xbuild-enriched-full	
urn:ure:t6:occ:function:current-client:00b03d60	0x00b03d60	xbuild-enriched-full	
urn:ure:t6:occ:function:current-client:00b03db0	0x00b03db0	xbuild-enriched-full	
urn:ure:t6:occ:function:current-client:00b03e10	0x00b03e10	xbuild-enriched-full	
urn:ure:t6:occ:function:current-client:00b03e50	0x00b03e50	xbuild-enriched-full	
urn:ure:t6:occ:function:current-client:00b03e80	0x00b03e80	xbuild-enriched-full	
urn:ure:t6:occ:function:current-client:00b03f70	0x00b03f70	xbuild-enriched-full	
urn:ure:t6:occ:function:current-client:00b04010	0x00b04010	xbuild-enriched-full	
urn:ure:t6:occ:function:current-client:00b04090	0x00b04090	xbuild-enriched-full	
urn:ure:t6:occ:function:current-client:00b040e0	0x00b040e0	xbuild-enriched-full	
urn:ure:t6:occ:function:current-client:00b040f0	0x00b040f0	xbuild-enriched-full	
urn:ure:t6:occ:function:current-client:00b041c0	0x00b041c0	xbuild-enriched-full	
urn:ure:t6:occ:function:current-client:00b04250	0x00b04250	xbuild-enriched-full	
urn:ure:t6:occ:function:current-client:00b042c0	0x00b042c0	xbuild-enriched-full	
urn:ure:t6:occ:function:current-client:00b04300	0x00b04300	xbuild-enriched-full	
urn:ure:t6:occ:function:current-client:00b04370	0x00b04370	xbuild-enriched-full	
urn:ure:t6:occ:function:current-client:00b043c0	0x00b043c0	xbuild-enriched-full	
urn:ure:t6:occ:function:current-client:00b043f0	0x00b043f0	xbuild-enriched-full	
urn:ure:t6:occ:function:current-client:00b044f0	0x00b044f0	xbuild-enriched-full	
urn:ure:t6:occ:function:current-client:00b04550	0x00b04550	xbuild-enriched-full	
urn:ure:t6:occ:function:current-client:00b04640	0x00b04640	xbuild-enriched-full	
urn:ure:t6:occ:function:current-client:00b04670	0x00b04670	xbuild-enriched-full	
urn:ure:t6:occ:function:current-client:00b046a0	0x00b046a0	xbuild-enriched-full	
urn:ure:t6:occ:function:current-client:00b048f0	0x00b048f0	xbuild-enriched-full	
urn:ure:t6:occ:function:current-client:00b04920	0x00b04920	xbuild-enriched-full	
urn:ure:t6:occ:function:current-client:00b049b0	0x00b049b0	xbuild-enriched-full	
urn:ure:t6:occ:function:current-client:00b04a30	0x00b04a30	xbuild-enriched-full	
urn:ure:t6:occ:function:current-client:00b04b30	0x00b04b30	xbuild-enriched-full	
urn:ure:t6:occ:function:current-client:00b04b40	0x00b04b40	xbuild-enriched-full	
urn:ure:t6:occ:function:current-client:00b04b60	0x00b04b60	xbuild-enriched-full	
urn:ure:t6:occ:function:current-client:00b04ba0	0x00b04ba0	xbuild-enriched-full	
urn:ure:t6:occ:function:current-client:00b04bc0	0x00b04bc0	xbuild-enriched-full	
urn:ure:t6:occ:function:current-client:00b04be0	0x00b04be0	xbuild-enriched-full	
urn:ure:t6:occ:function:current-client:00b04bf0	0x00b04bf0	xbuild-enriched-full	
urn:ure:t6:occ:function:current-client:00b04c10	0x00b04c10	xbuild-enriched-full	
urn:ure:t6:occ:function:current-client:00b04c30	0x00b04c30	xbuild-enriched-full	
urn:ure:t6:occ:function:current-client:00b04d00	0x00b04d00	xbuild-enriched-full	
urn:ure:t6:occ:function:current-client:00b04eb0	0x00b04eb0	xbuild-enriched-full	
urn:ure:t6:occ:function:current-client:00b05030	0x00b05030	xbuild-enriched-full	
urn:ure:t6:occ:function:current-client:00b050c0	0x00b050c0	xbuild-enriched-full	
urn:ure:t6:occ:function:current-client:00b05160	0x00b05160	xbuild-enriched-full	
urn:ure:t6:occ:function:current-client:00b05200	0x00b05200	xbuild-enriched-full	
urn:ure:t6:occ:function:current-client:00b052b0	0x00b052b0	xbuild-enriched-full	
urn:ure:t6:occ:function:current-client:00b05360	0x00b05360	xbuild-enriched-full	
urn:ure:t6:occ:function:current-client:00b05390	0x00b05390	xbuild-enriched-full	
urn:ure:t6:occ:function:current-client:00b053e5	0x00b053e5	xbuild-enriched-full	
urn:ure:t6:occ:function:current-client:00b05440	0x00b05440	xbuild-enriched-full	
urn:ure:t6:occ:function:current-client:00b05790	0x00b05790	xbuild-enriched-full	
urn:ure:t6:occ:function:current-client:00b057d6	0x00b057d6	xbuild-enriched-full	
urn:ure:t6:occ:function:current-client:00b05860	0x00b05860	xbuild-enriched-full	
urn:ure:t6:occ:function:current-client:00b058a6	0x00b058a6	xbuild-enriched-full	
urn:ure:t6:occ:function:current-client:00b05930	0x00b05930	xbuild-enriched-full	
urn:ure:t6:occ:function:current-client:00b05a00	0x00b05a00	xbuild-enriched-full	
urn:ure:t6:occ:function:current-client:00b05b60	0x00b05b60	xbuild-enriched-full	
urn:ure:t6:occ:function:current-client:00b05c50	0x00b05c50	xbuild-enriched-full	
urn:ure:t6:occ:function:current-client:00b05c70	0x00b05c70	xbuild-enriched-full	
urn:ure:t6:occ:function:current-client:00b05c80	0x00b05c80	xbuild-enriched-full	
urn:ure:t6:occ:function:current-client:00b05c90	0x00b05c90	xbuild-enriched-full	
urn:ure:t6:occ:function:current-client:00b05ca0	0x00b05ca0	xbuild-enriched-full	
urn:ure:t6:occ:function:current-client:00b05cb0	0x00b05cb0	xbuild-enriched-full	
urn:ure:t6:occ:function:current-client:00b05cd0	0x00b05cd0	xbuild-enriched-full	
urn:ure:t6:occ:function:current-client:00b05db0	0x00b05db0	xbuild-enriched-full	
urn:ure:t6:occ:function:current-client:00b05f50	0x00b05f50	xbuild-enriched-full	
urn:ure:t6:occ:function:current-client:00b05fb0	0x00b05fb0	xbuild-enriched-full	
urn:ure:t6:occ:function:current-client:00b05fe0	0x00b05fe0	xbuild-enriched-full	
urn:ure:t6:occ:function:current-client:00b06020	0x00b06020	xbuild-enriched-full	
urn:ure:t6:occ:function:current-client:00b06060	0x00b06060	xbuild-enriched-full	
urn:ure:t6:occ:function:current-client:00b06080	0x00b06080	xbuild-enriched-full	
urn:ure:t6:occ:function:current-client:00b06100	0x00b06100	xbuild-enriched-full	
urn:ure:t6:occ:function:current-client:00b06170	0x00b06170	xbuild-enriched-full	
urn:ure:t6:occ:function:current-client:00b06180	0x00b06180	xbuild-enriched-full	
urn:ure:t6:occ:function:current-client:00b06210	0x00b06210	xbuild-enriched-full	
urn:ure:t6:occ:function:current-client:00b06220	0x00b06220	xbuild-enriched-full	
urn:ure:t6:occ:function:current-client:00b06230	0x00b06230	xbuild-enriched-full	
urn:ure:t6:occ:function:current-client:00b06450	0x00b06450	xbuild-enriched-full	
urn:ure:t6:occ:function:current-client:00b06510	0x00b06510	xbuild-enriched-full	
urn:ure:t6:occ:function:current-client:00b06570	0x00b06570	xbuild-enriched-full	
urn:ure:t6:occ:function:current-client:00b066a0	0x00b066a0	xbuild-enriched-full	
urn:ure:t6:occ:function:current-client:00b06c60	0x00b06c60	xbuild-enriched-full	
urn:ure:t6:occ:function:current-client:00b06d70	0x00b06d70	xbuild-enriched-full	
urn:ure:t6:occ:function:current-client:00b06df0	0x00b06df0	xbuild-enriched-full	
urn:ure:t6:occ:function:current-client:00b06e30	0x00b06e30	xbuild-enriched-full	
urn:ure:t6:occ:function:current-client:00b06e70	0x00b06e70	xbuild-enriched-full	
urn:ure:t6:occ:function:current-client:00b06f30	0x00b06f30	xbuild-enriched-full	
urn:ure:t6:occ:function:current-client:00b07070	0x00b07070	xbuild-enriched-full	
urn:ure:t6:occ:function:current-client:00b07140	0x00b07140	xbuild-enriched-full	
urn:ure:t6:occ:function:current-client:00b07160	0x00b07160	xbuild-enriched-full	
urn:ure:t6:occ:function:current-client:00b07300	0x00b07300	xbuild-enriched-full	
urn:ure:t6:occ:function:current-client:00b07420	0x00b07420	xbuild-enriched-full	
urn:ure:t6:occ:function:current-client:00b07450	0x00b07450	xbuild-enriched-full	
urn:ure:t6:occ:function:current-client:00b07460	0x00b07460	xbuild-enriched-full	
urn:ure:t6:occ:function:current-client:00b07470	0x00b07470	xbuild-enriched-full	
urn:ure:t6:occ:function:current-client:00b074a0	0x00b074a0	xbuild-enriched-full	
urn:ure:t6:occ:function:current-client:00b074d0	0x00b074d0	xbuild-enriched-full	
urn:ure:t6:occ:function:current-client:00b074f0	0x00b074f0	xbuild-enriched-full	
urn:ure:t6:occ:function:current-client:00b07510	0x00b07510	xbuild-enriched-full	
urn:ure:t6:occ:function:current-client:00b07540	0x00b07540	xbuild-enriched-full	
urn:ure:t6:occ:function:current-client:00b07560	0x00b07560	xbuild-enriched-full	
urn:ure:t6:occ:function:current-client:00b077e0	0x00b077e0	xbuild-enriched-full	
urn:ure:t6:occ:function:current-client:00b077f0	0x00b077f0	xbuild-enriched-full	
urn:ure:t6:occ:function:current-client:00b07840	0x00b07840	xbuild-enriched-full	
urn:ure:t6:occ:function:current-client:00b07c90	0x00b07c90	xbuild-enriched-full	
urn:ure:t6:occ:function:current-client:00b07d70	0x00b07d70	xbuild-enriched-full	
urn:ure:t6:occ:function:current-client:00b07e70	0x00b07e70	xbuild-enriched-full	
urn:ure:t6:occ:function:current-client:00b07ef0	0x00b07ef0	xbuild-enriched-full	
urn:ure:t6:occ:function:current-client:00b07f70	0x00b07f70	xbuild-enriched-full	
urn:ure:t6:occ:function:current-client:00b07fb0	0x00b07fb0	xbuild-enriched-full	
urn:ure:t6:occ:function:current-client:00b07fd0	0x00b07fd0	xbuild-enriched-full	
urn:ure:t6:occ:function:current-client:00b07ff0	0x00b07ff0	xbuild-enriched-full	
urn:ure:t6:occ:function:current-client:00b08040	0x00b08040	xbuild-enriched-full	
urn:ure:t6:occ:function:current-client:00b08060	0x00b08060	xbuild-enriched-full	
urn:ure:t6:occ:function:current-client:00b08080	0x00b08080	xbuild-enriched-full	
urn:ure:t6:occ:function:current-client:00b080e0	0x00b080e0	xbuild-enriched-full	
urn:ure:t6:occ:function:current-client:00b080f0	0x00b080f0	xbuild-enriched-full	
urn:ure:t6:occ:function:current-client:00b08150	0x00b08150	xbuild-enriched-full	
urn:ure:t6:occ:function:current-client:00b08160	0x00b08160	xbuild-enriched-full	
urn:ure:t6:occ:function:current-client:00b08170	0x00b08170	xbuild-enriched-full	
urn:ure:t6:occ:function:current-client:00b08250	0x00b08250	xbuild-enriched-full	
urn:ure:t6:occ:function:current-client:00b08320	0x00b08320	xbuild-enriched-full	
urn:ure:t6:occ:function:current-client:00b083a0	0x00b083a0	xbuild-enriched-full	
urn:ure:t6:occ:function:current-client:00b083e0	0x00b083e0	xbuild-enriched-full	
urn:ure:t6:occ:function:current-client:00b08490	0x00b08490	xbuild-enriched-full	
urn:ure:t6:occ:function:current-client:00b085c0	0x00b085c0	xbuild-enriched-full	
urn:ure:t6:occ:function:current-client:00b08640	0x00b08640	xbuild-enriched-full	
urn:ure:t6:occ:function:current-client:00b086b0	0x00b086b0	xbuild-enriched-full	
urn:ure:t6:occ:function:current-client:00b086f0	0x00b086f0	xbuild-enriched-full	
urn:ure:t6:occ:function:current-client:00b08900	0x00b08900	xbuild-enriched-full	
urn:ure:t6:occ:function:current-client:00b08990	0x00b08990	xbuild-enriched-full	
urn:ure:t6:occ:function:current-client:00b089e0	0x00b089e0	xbuild-enriched-full	
urn:ure:t6:occ:function:current-client:00b08b80	0x00b08b80	xbuild-enriched-full	
urn:ure:t6:occ:function:current-client:00b08ce0	0x00b08ce0	xbuild-enriched-full	
urn:ure:t6:occ:function:current-client:00b08cf0	0x00b08cf0	xbuild-enriched-full	
urn:ure:t6:occ:function:current-client:00b08fc0	0x00b08fc0	xbuild-enriched-full	
urn:ure:t6:occ:function:current-client:00b091d0	0x00b091d0	xbuild-enriched-full	
urn:ure:t6:occ:function:current-client:00b092b0	0x00b092b0	xbuild-enriched-full	
urn:ure:t6:occ:function:current-client:00b09320	0x00b09320	xbuild-enriched-full	
urn:ure:t6:occ:function:current-client:00b093b0	0x00b093b0	xbuild-enriched-full	
urn:ure:t6:occ:function:current-client:00b09410	0x00b09410	xbuild-enriched-full	
urn:ure:t6:occ:function:current-client:00b094f0	0x00b094f0	xbuild-enriched-full	
urn:ure:t6:occ:function:current-client:00b09540	0x00b09540	xbuild-enriched-full	
urn:ure:t6:occ:function:current-client:00b09590	0x00b09590	xbuild-enriched-full	
urn:ure:t6:occ:function:current-client:00b09600	0x00b09600	xbuild-enriched-full	
urn:ure:t6:occ:function:current-client:00b09660	0x00b09660	xbuild-enriched-full	
urn:ure:t6:occ:function:current-client:00b09690	0x00b09690	xbuild-enriched-full	
urn:ure:t6:occ:function:current-client:00b096b0	0x00b096b0	xbuild-enriched-full	
urn:ure:t6:occ:function:current-client:00b09790	0x00b09790	xbuild-enriched-full	
urn:ure:t6:occ:function:current-client:00b09840	0x00b09840	xbuild-enriched-full	
urn:ure:t6:occ:function:current-client:00b09850	0x00b09850	xbuild-enriched-full	
urn:ure:t6:occ:function:current-client:00b098d0	0x00b098d0	xbuild-enriched-full	
urn:ure:t6:occ:function:current-client:00b09940	0x00b09940	xbuild-enriched-full	
urn:ure:t6:occ:function:current-client:00b09a60	0x00b09a60	xbuild-enriched-full	
urn:ure:t6:occ:function:current-client:00b09b10	0x00b09b10	xbuild-enriched-full	
urn:ure:t6:occ:function:current-client:00b09c60	0x00b09c60	xbuild-enriched-full	
urn:ure:t6:occ:function:current-client:00b09d20	0x00b09d20	xbuild-enriched-full	
urn:ure:t6:occ:function:current-client:00b09d30	0x00b09d30	xbuild-enriched-full	
urn:ure:t6:occ:function:current-client:00b09d40	0x00b09d40	xbuild-enriched-full	
urn:ure:t6:occ:function:current-client:00b09da0	0x00b09da0	xbuild-enriched-full	
urn:ure:t6:occ:function:current-client:00b09e10	0x00b09e10	xbuild-enriched-full	
urn:ure:t6:occ:function:current-client:00b09f70	0x00b09f70	xbuild-enriched-full	
urn:ure:t6:occ:function:current-client:00b09fa0	0x00b09fa0	xbuild-enriched-full	
urn:ure:t6:occ:function:current-client:00b09fd0	0x00b09fd0	xbuild-enriched-full	
urn:ure:t6:occ:function:current-client:00b0a110	0x00b0a110	xbuild-enriched-full	
urn:ure:t6:occ:function:current-client:00b0a140	0x00b0a140	xbuild-enriched-full	
urn:ure:t6:occ:function:current-client:00b0a180	0x00b0a180	xbuild-enriched-full	
urn:ure:t6:occ:function:current-client:00b0a190	0x00b0a190	xbuild-enriched-full	
urn:ure:t6:occ:function:current-client:00b0a200	0x00b0a200	xbuild-enriched-full	
urn:ure:t6:occ:function:current-client:00b0a290	0x00b0a290	xbuild-enriched-full	
urn:ure:t6:occ:function:current-client:00b0a2e0	0x00b0a2e0	xbuild-enriched-full	
urn:ure:t6:occ:function:current-client:00b0a390	0x00b0a390	xbuild-enriched-full	
urn:ure:t6:occ:function:current-client:00b0a3d0	0x00b0a3d0	xbuild-enriched-full	
urn:ure:t6:occ:function:current-client:00b0a430	0x00b0a430	xbuild-enriched-full	
urn:ure:t6:occ:function:current-client:00b0a460	0x00b0a460	xbuild-enriched-full	
urn:ure:t6:occ:function:current-client:00b0a4b0	0x00b0a4b0	xbuild-enriched-full	
urn:ure:t6:occ:function:current-client:00b0a4f0	0x00b0a4f0	xbuild-enriched-full	
urn:ure:t6:occ:function:current-client:00b0a550	0x00b0a550	xbuild-enriched-full	
urn:ure:t6:occ:function:current-client:00b0a620	0x00b0a620	xbuild-enriched-full	
urn:ure:t6:occ:function:current-client:00b0a650	0x00b0a650	xbuild-enriched-full	
urn:ure:t6:occ:function:current-client:00b0a680	0x00b0a680	xbuild-enriched-full	
urn:ure:t6:occ:function:current-client:00b0a690	0x00b0a690	xbuild-enriched-full	
urn:ure:t6:occ:function:current-client:00b0a6a0	0x00b0a6a0	xbuild-enriched-full	
urn:ure:t6:occ:function:current-client:00b0a6b0	0x00b0a6b0	xbuild-enriched-full	
urn:ure:t6:occ:function:current-client:00b0a720	0x00b0a720	xbuild-enriched-full	
urn:ure:t6:occ:function:current-client:00b0a750	0x00b0a750	xbuild-enriched-full	
urn:ure:t6:occ:function:current-client:00b0a790	0x00b0a790	xbuild-enriched-full	
urn:ure:t6:occ:function:current-client:00b0a7d0	0x00b0a7d0	xbuild-enriched-full	
urn:ure:t6:occ:function:current-client:00b0a870	0x00b0a870	xbuild-enriched-full	
urn:ure:t6:occ:function:current-client:00b0a8b0	0x00b0a8b0	xbuild-enriched-full	
urn:ure:t6:occ:function:current-client:00b0a910	0x00b0a910	xbuild-enriched-full	
urn:ure:t6:occ:function:current-client:00b0a950	0x00b0a950	xbuild-enriched-full	
urn:ure:t6:occ:function:current-client:00b0a990	0x00b0a990	xbuild-enriched-full	
urn:ure:t6:occ:function:current-client:00b0aa40	0x00b0aa40	xbuild-enriched-full	
urn:ure:t6:occ:function:current-client:00b0aa70	0x00b0aa70	xbuild-enriched-full	
urn:ure:t6:occ:function:current-client:00b0aab0	0x00b0aab0	xbuild-enriched-full	
urn:ure:t6:occ:function:current-client:00b0ab20	0x00b0ab20	xbuild-enriched-full	
urn:ure:t6:occ:function:current-client:00b0ab80	0x00b0ab80	xbuild-enriched-full	
urn:ure:t6:occ:function:current-client:00b0abe0	0x00b0abe0	xbuild-enriched-full	
urn:ure:t6:occ:function:current-client:00b0ac50	0x00b0ac50	xbuild-enriched-full	
urn:ure:t6:occ:function:current-client:00b0acc0	0x00b0acc0	xbuild-enriched-full	
urn:ure:t6:occ:function:current-client:00b0ad30	0x00b0ad30	xbuild-enriched-full	
urn:ure:t6:occ:function:current-client:00b0ada0	0x00b0ada0	xbuild-enriched-full	
urn:ure:t6:occ:function:current-client:00b0ae10	0x00b0ae10	xbuild-enriched-full	
urn:ure:t6:occ:function:current-client:00b0ae80	0x00b0ae80	xbuild-enriched-full	
urn:ure:t6:occ:function:current-client:00b0aef0	0x00b0aef0	xbuild-enriched-full	
urn:ure:t6:occ:function:current-client:00b0af60	0x00b0af60	xbuild-enriched-full	
urn:ure:t6:occ:function:current-client:00b0afd0	0x00b0afd0	xbuild-enriched-full	
urn:ure:t6:occ:function:current-client:00b0b050	0x00b0b050	xbuild-enriched-full	
urn:ure:t6:occ:function:current-client:00b0b0c0	0x00b0b0c0	xbuild-enriched-full	
urn:ure:t6:occ:function:current-client:00b0b130	0x00b0b130	xbuild-enriched-full	
urn:ure:t6:occ:function:current-client:00b0b190	0x00b0b190	xbuild-enriched-full	
urn:ure:t6:occ:function:current-client:00b0b1f0	0x00b0b1f0	xbuild-enriched-full	
urn:ure:t6:occ:function:current-client:00b0b260	0x00b0b260	xbuild-enriched-full	
urn:ure:t6:occ:function:current-client:00b0b2c0	0x00b0b2c0	xbuild-enriched-full	
urn:ure:t6:occ:function:current-client:00b0b350	0x00b0b350	xbuild-enriched-full	
urn:ure:t6:occ:function:current-client:00b0b3d0	0x00b0b3d0	xbuild-enriched-full	
urn:ure:t6:occ:function:current-client:00b0b400	0x00b0b400	xbuild-enriched-full	
urn:ure:t6:occ:function:current-client:00b0b480	0x00b0b480	xbuild-enriched-full	
urn:ure:t6:occ:function:current-client:00b0b510	0x00b0b510	xbuild-enriched-full	
urn:ure:t6:occ:function:current-client:00b0b6d0	0x00b0b6d0	xbuild-enriched-full	
urn:ure:t6:occ:function:current-client:00b0b710	0x00b0b710	xbuild-enriched-full	
urn:ure:t6:occ:function:current-client:00b0b7c0	0x00b0b7c0	xbuild-enriched-full	
urn:ure:t6:occ:function:current-client:00b0b9e0	0x00b0b9e0	xbuild-enriched-full	
urn:ure:t6:occ:function:current-client:00b0ba20	0x00b0ba20	xbuild-enriched-full	
urn:ure:t6:occ:function:current-client:00b0ba30	0x00b0ba30	xbuild-enriched-full	
urn:ure:t6:occ:function:current-client:00b0ba40	0x00b0ba40	xbuild-enriched-full	
urn:ure:t6:occ:function:current-client:00b0ba50	0x00b0ba50	xbuild-enriched-full	
urn:ure:t6:occ:function:current-client:00b0bbe0	0x00b0bbe0	xbuild-enriched-full	
urn:ure:t6:occ:function:current-client:00b0bdc0	0x00b0bdc0	xbuild-enriched-full	
urn:ure:t6:occ:function:current-client:00b0be50	0x00b0be50	xbuild-enriched-full	
urn:ure:t6:occ:function:current-client:00b0bf60	0x00b0bf60	xbuild-enriched-full	
urn:ure:t6:occ:function:current-client:00b0bfe0	0x00b0bfe0	xbuild-enriched-full	
urn:ure:t6:occ:function:current-client:00b0c020	0x00b0c020	xbuild-enriched-full	
urn:ure:t6:occ:function:current-client:00b0c0e0	0x00b0c0e0	xbuild-enriched-full	
urn:ure:t6:occ:function:current-client:00b0c100	0x00b0c100	xbuild-enriched-full	
urn:ure:t6:occ:function:current-client:00b0c130	0x00b0c130	xbuild-enriched-full	
urn:ure:t6:occ:function:current-client:00b0c150	0x00b0c150	xbuild-enriched-full	
urn:ure:t6:occ:function:current-client:00b0c1b0	0x00b0c1b0	xbuild-enriched-full	
urn:ure:t6:occ:function:current-client:00b0c210	0x00b0c210	xbuild-enriched-full	
urn:ure:t6:occ:function:current-client:00b0c280	0x00b0c280	xbuild-enriched-full	
urn:ure:t6:occ:function:current-client:00b0c490	0x00b0c490	xbuild-enriched-full	
urn:ure:t6:occ:function:current-client:00b0c7e0	0x00b0c7e0	xbuild-enriched-full	
urn:ure:t6:occ:function:current-client:00b0c8b0	0x00b0c8b0	xbuild-enriched-full	
urn:ure:t6:occ:function:current-client:00b0ca00	0x00b0ca00	xbuild-enriched-full	
urn:ure:t6:occ:function:current-client:00b0cd30	0x00b0cd30	xbuild-enriched-full	
urn:ure:t6:occ:function:current-client:00b0cda0	0x00b0cda0	xbuild-enriched-full	
urn:ure:t6:occ:function:current-client:00b0cdb0	0x00b0cdb0	xbuild-enriched-full	
urn:ure:t6:occ:function:current-client:00b0cef0	0x00b0cef0	xbuild-enriched-full	
urn:ure:t6:occ:function:current-client:00b0cf30	0x00b0cf30	xbuild-enriched-full	
urn:ure:t6:occ:function:current-client:00b0cfd0	0x00b0cfd0	xbuild-enriched-full	
urn:ure:t6:occ:function:current-client:00b0d0b0	0x00b0d0b0	xbuild-enriched-full	
urn:ure:t6:occ:function:current-client:00b0d370	0x00b0d370	xbuild-enriched-full	
urn:ure:t6:occ:function:current-client:00b0d6d0	0x00b0d6d0	xbuild-enriched-full	
urn:ure:t6:occ:function:current-client:00b0ddd0	0x00b0ddd0	xbuild-enriched-full	
urn:ure:t6:occ:function:current-client:00b0deb0	0x00b0deb0	xbuild-enriched-full	
urn:ure:t6:occ:function:current-client:00b0ded0	0x00b0ded0	xbuild-enriched-full	
urn:ure:t6:occ:function:current-client:00b0df30	0x00b0df30	xbuild-enriched-full	
urn:ure:t6:occ:function:current-client:00b0df60	0x00b0df60	xbuild-enriched-full	
urn:ure:t6:occ:function:current-client:00b0df90	0x00b0df90	xbuild-enriched-full	
urn:ure:t6:occ:function:current-client:00b0e0f0	0x00b0e0f0	xbuild-enriched-full	
urn:ure:t6:occ:function:current-client:00b0e1b0	0x00b0e1b0	xbuild-enriched-full	
urn:ure:t6:occ:function:current-client:00b0e2b0	0x00b0e2b0	xbuild-enriched-full	
urn:ure:t6:occ:function:current-client:00b0e3e0	0x00b0e3e0	xbuild-enriched-full	
urn:ure:t6:occ:function:current-client:00b0e440	0x00b0e440	xbuild-enriched-full	
urn:ure:t6:occ:function:current-client:00b0e460	0x00b0e460	xbuild-enriched-full	
urn:ure:t6:occ:function:current-client:00b0e480	0x00b0e480	xbuild-enriched-full	
urn:ure:t6:occ:function:current-client:00b0e640	0x00b0e640	xbuild-enriched-full	
urn:ure:t6:occ:function:current-client:00b0e650	0x00b0e650	xbuild-enriched-full	
urn:ure:t6:occ:function:current-client:00b0e6d0	0x00b0e6d0	xbuild-enriched-full	
urn:ure:t6:occ:function:current-client:00b0e700	0x00b0e700	xbuild-enriched-full	
urn:ure:t6:occ:function:current-client:00b0e740	0x00b0e740	xbuild-enriched-full	
urn:ure:t6:occ:function:current-client:00b0e780	0x00b0e780	xbuild-enriched-full	
urn:ure:t6:occ:function:current-client:00b0e7a0	0x00b0e7a0	xbuild-enriched-full	
urn:ure:t6:occ:function:current-client:00b0e7c0	0x00b0e7c0	xbuild-enriched-full	
urn:ure:t6:occ:function:current-client:00b0e7f0	0x00b0e7f0	xbuild-enriched-full	
urn:ure:t6:occ:function:current-client:00b0e820	0x00b0e820	xbuild-enriched-full	
urn:ure:t6:occ:function:current-client:00b0e840	0x00b0e840	xbuild-enriched-full	
urn:ure:t6:occ:function:current-client:00b0e870	0x00b0e870	xbuild-enriched-full	
urn:ure:t6:occ:function:current-client:00b0e890	0x00b0e890	xbuild-enriched-full	
urn:ure:t6:occ:function:current-client:00b0e8a0	0x00b0e8a0	xbuild-enriched-full	
urn:ure:t6:occ:function:current-client:00b0e940	0x00b0e940	xbuild-enriched-full	
urn:ure:t6:occ:function:current-client:00b0e960	0x00b0e960	xbuild-enriched-full	
urn:ure:t6:occ:function:current-client:00b0e980	0x00b0e980	xbuild-enriched-full	
urn:ure:t6:occ:function:current-client:00b0e990	0x00b0e990	xbuild-enriched-full	
urn:ure:t6:occ:function:current-client:00b0ea10	0x00b0ea10	xbuild-enriched-full	
urn:ure:t6:occ:function:current-client:00b0ea70	0x00b0ea70	xbuild-enriched-full	
urn:ure:t6:occ:function:current-client:00b0ee00	0x00b0ee00	xbuild-enriched-full	
urn:ure:t6:occ:function:current-client:00b0f3a0	0x00b0f3a0	xbuild-enriched-full	
urn:ure:t6:occ:function:current-client:00b0f3b0	0x00b0f3b0	xbuild-enriched-full	
urn:ure:t6:occ:function:current-client:00b0f490	0x00b0f490	xbuild-enriched-full	
urn:ure:t6:occ:function:current-client:00b0f4d0	0x00b0f4d0	xbuild-enriched-full	
urn:ure:t6:occ:function:current-client:00b0f530	0x00b0f530	xbuild-enriched-full	
urn:ure:t6:occ:function:current-client:00b0f5e0	0x00b0f5e0	xbuild-enriched-full	
urn:ure:t6:occ:function:current-client:00b0f740	0x00b0f740	xbuild-enriched-full	
urn:ure:t6:occ:function:current-client:00b0f820	0x00b0f820	xbuild-enriched-full	
urn:ure:t6:occ:function:current-client:00b0f870	0x00b0f870	xbuild-enriched-full	
urn:ure:t6:occ:function:current-client:00b0fbe0	0x00b0fbe0	xbuild-enriched-full	
urn:ure:t6:occ:function:current-client:00b0fd40	0x00b0fd40	xbuild-enriched-full	
urn:ure:t6:occ:function:current-client:00b0fde0	0x00b0fde0	xbuild-enriched-full	
urn:ure:t6:occ:function:current-client:00b0fe00	0x00b0fe00	xbuild-enriched-full	
urn:ure:t6:occ:function:current-client:00b100e0	0x00b100e0	xbuild-enriched-full	
urn:ure:t6:occ:function:current-client:00b10110	0x00b10110	xbuild-enriched-full	
urn:ure:t6:occ:function:current-client:00b102d0	0x00b102d0	xbuild-enriched-full	
urn:ure:t6:occ:function:current-client:00b10440	0x00b10440	xbuild-enriched-full	
urn:ure:t6:occ:function:current-client:00b10560	0x00b10560	xbuild-enriched-full	
urn:ure:t6:occ:function:current-client:00b107e0	0x00b107e0	xbuild-enriched-full	
urn:ure:t6:occ:function:current-client:00b10b00	0x00b10b00	xbuild-enriched-full	
urn:ure:t6:occ:function:current-client:00b11230	0x00b11230	xbuild-enriched-full	
urn:ure:t6:occ:function:current-client:00b11540	0x00b11540	xbuild-enriched-full	
urn:ure:t6:occ:function:current-client:00b115d0	0x00b115d0	xbuild-enriched-full	
urn:ure:t6:occ:function:current-client:00b11860	0x00b11860	xbuild-enriched-full	
urn:ure:t6:occ:function:current-client:00b11b20	0x00b11b20	xbuild-enriched-full	
urn:ure:t6:occ:function:current-client:00b11cd0	0x00b11cd0	xbuild-enriched-full	
urn:ure:t6:occ:function:current-client:00b11d00	0x00b11d00	xbuild-enriched-full	
urn:ure:t6:occ:function:current-client:00b11e20	0x00b11e20	xbuild-enriched-full	
urn:ure:t6:occ:function:current-client:00b125d0	0x00b125d0	xbuild-enriched-full	
urn:ure:t6:occ:function:current-client:00b12600	0x00b12600	xbuild-enriched-full	
urn:ure:t6:occ:function:current-client:00b127d0	0x00b127d0	xbuild-enriched-full	
urn:ure:t6:occ:function:current-client:00b12890	0x00b12890	xbuild-enriched-full	
urn:ure:t6:occ:function:current-client:00b12cb0	0x00b12cb0	xbuild-enriched-full	
urn:ure:t6:occ:function:current-client:00b12ce0	0x00b12ce0	xbuild-enriched-full	
urn:ure:t6:occ:function:current-client:00b12e20	0x00b12e20	xbuild-enriched-full	
urn:ure:t6:occ:function:current-client:00b12f30	0x00b12f30	xbuild-enriched-full	
urn:ure:t6:occ:function:current-client:00b12f40	0x00b12f40	xbuild-enriched-full	
urn:ure:t6:occ:function:current-client:00b12f70	0x00b12f70	xbuild-enriched-full	
urn:ure:t6:occ:function:current-client:00b12fe0	0x00b12fe0	xbuild-enriched-full	
urn:ure:t6:occ:function:current-client:00b13070	0x00b13070	xbuild-enriched-full	
urn:ure:t6:occ:function:current-client:00b13130	0x00b13130	xbuild-enriched-full	
urn:ure:t6:occ:function:current-client:00b13210	0x00b13210	xbuild-enriched-full	
urn:ure:t6:occ:function:current-client:00b13370	0x00b13370	xbuild-enriched-full	
urn:ure:t6:occ:function:current-client:00b134c0	0x00b134c0	xbuild-enriched-full	
urn:ure:t6:occ:function:current-client:00b13550	0x00b13550	xbuild-enriched-full	
urn:ure:t6:occ:function:current-client:00b135f0	0x00b135f0	xbuild-enriched-full	
urn:ure:t6:occ:function:current-client:00b138d0	0x00b138d0	xbuild-enriched-full	
urn:ure:t6:occ:function:current-client:00b13a30	0x00b13a30	xbuild-enriched-full	
urn:ure:t6:occ:function:current-client:00b13ac0	0x00b13ac0	xbuild-enriched-full	
urn:ure:t6:occ:function:current-client:00b13c70	0x00b13c70	xbuild-enriched-full	
urn:ure:t6:occ:function:current-client:00b13d70	0x00b13d70	xbuild-enriched-full	
urn:ure:t6:occ:function:current-client:00b13eb0	0x00b13eb0	xbuild-enriched-full	
urn:ure:t6:occ:function:current-client:00b13fb0	0x00b13fb0	xbuild-enriched-full	
urn:ure:t6:occ:function:current-client:00b14100	0x00b14100	xbuild-enriched-full	
urn:ure:t6:occ:function:current-client:00b14120	0x00b14120	xbuild-enriched-full	
urn:ure:t6:occ:function:current-client:00b141f0	0x00b141f0	xbuild-enriched-full	
urn:ure:t6:occ:function:current-client:00b14260	0x00b14260	xbuild-enriched-full	
urn:ure:t6:occ:function:current-client:00b14300	0x00b14300	xbuild-enriched-full	
urn:ure:t6:occ:function:current-client:00b14680	0x00b14680	xbuild-enriched-full	
urn:ure:t6:occ:function:current-client:00b14800	0x00b14800	xbuild-enriched-full	
urn:ure:t6:occ:function:current-client:00b148f0	0x00b148f0	xbuild-enriched-full	
urn:ure:t6:occ:function:current-client:00b14c30	0x00b14c30	xbuild-enriched-full	
urn:ure:t6:occ:function:current-client:00b14e30	0x00b14e30	xbuild-enriched-full	
urn:ure:t6:occ:function:current-client:00b14ed0	0x00b14ed0	xbuild-enriched-full	
urn:ure:t6:occ:function:current-client:00b14ef0	0x00b14ef0	xbuild-enriched-full	
urn:ure:t6:occ:function:current-client:00b14ff0	0x00b14ff0	xbuild-enriched-full	
urn:ure:t6:occ:function:current-client:00b15030	0x00b15030	xbuild-enriched-full	
urn:ure:t6:occ:function:current-client:00b15250	0x00b15250	xbuild-enriched-full	
urn:ure:t6:occ:function:current-client:00b152d0	0x00b152d0	xbuild-enriched-full	
urn:ure:t6:occ:function:current-client:00b152f0	0x00b152f0	xbuild-enriched-full	
urn:ure:t6:occ:function:current-client:00b153a0	0x00b153a0	xbuild-enriched-full	
urn:ure:t6:occ:function:current-client:00b153e0	0x00b153e0	xbuild-enriched-full	
urn:ure:t6:occ:function:current-client:00b154c0	0x00b154c0	xbuild-enriched-full	
urn:ure:t6:occ:function:current-client:00b156b0	0x00b156b0	xbuild-enriched-full	
urn:ure:t6:occ:function:current-client:00b15750	0x00b15750	xbuild-enriched-full	
urn:ure:t6:occ:function:current-client:00b15770	0x00b15770	xbuild-enriched-full	
urn:ure:t6:occ:function:current-client:00b157b0	0x00b157b0	xbuild-enriched-full	
urn:ure:t6:occ:function:current-client:00b15830	0x00b15830	xbuild-enriched-full	
urn:ure:t6:occ:function:current-client:00b15850	0x00b15850	xbuild-enriched-full	
urn:ure:t6:occ:function:current-client:00b158d0	0x00b158d0	xbuild-enriched-full	
urn:ure:t6:occ:function:current-client:00b159c0	0x00b159c0	xbuild-enriched-full	
urn:ure:t6:occ:function:current-client:00b15a10	0x00b15a10	xbuild-enriched-full	
urn:ure:t6:occ:function:current-client:00b15a80	0x00b15a80	xbuild-enriched-full	
urn:ure:t6:occ:function:current-client:00b15fa0	0x00b15fa0	xbuild-enriched-full	
urn:ure:t6:occ:function:current-client:00b16070	0x00b16070	xbuild-enriched-full	
urn:ure:t6:occ:function:current-client:00b16130	0x00b16130	xbuild-enriched-full	
urn:ure:t6:occ:function:current-client:00b16200	0x00b16200	xbuild-enriched-full	
urn:ure:t6:occ:function:current-client:00b16270	0x00b16270	xbuild-enriched-full	
urn:ure:t6:occ:function:current-client:00b165b0	0x00b165b0	xbuild-enriched-full	
urn:ure:t6:occ:function:current-client:00b165e0	0x00b165e0	xbuild-enriched-full	
urn:ure:t6:occ:function:current-client:00b166b0	0x00b166b0	xbuild-enriched-full	
urn:ure:t6:occ:function:current-client:00b166c0	0x00b166c0	xbuild-enriched-full	
urn:ure:t6:occ:function:current-client:00b16800	0x00b16800	xbuild-enriched-full	
urn:ure:t6:occ:function:current-client:00b16960	0x00b16960	xbuild-enriched-full	
urn:ure:t6:occ:function:current-client:00b16ad0	0x00b16ad0	xbuild-enriched-full	
urn:ure:t6:occ:function:current-client:00b16b20	0x00b16b20	xbuild-enriched-full	
urn:ure:t6:occ:function:current-client:00b16c60	0x00b16c60	xbuild-enriched-full	
urn:ure:t6:occ:function:current-client:00b16e10	0x00b16e10	xbuild-enriched-full	
urn:ure:t6:occ:function:current-client:00b16e60	0x00b16e60	xbuild-enriched-full	
urn:ure:t6:occ:function:current-client:00b16ef0	0x00b16ef0	xbuild-enriched-full	
urn:ure:t6:occ:function:current-client:00b16f70	0x00b16f70	xbuild-enriched-full	
urn:ure:t6:occ:function:current-client:00b17030	0x00b17030	xbuild-enriched-full	
urn:ure:t6:occ:function:current-client:00b171c0	0x00b171c0	xbuild-enriched-full	
urn:ure:t6:occ:function:current-client:00b17250	0x00b17250	xbuild-enriched-full	
urn:ure:t6:occ:function:current-client:00b173d0	0x00b173d0	xbuild-enriched-full	
urn:ure:t6:occ:function:current-client:00b17410	0x00b17410	xbuild-enriched-full	
urn:ure:t6:occ:function:current-client:00b174c0	0x00b174c0	xbuild-enriched-full	
urn:ure:t6:occ:function:current-client:00b175b0	0x00b175b0	xbuild-enriched-full	
urn:ure:t6:occ:function:current-client:00b17650	0x00b17650	xbuild-enriched-full	
urn:ure:t6:occ:function:current-client:00b17720	0x00b17720	xbuild-enriched-full	
urn:ure:t6:occ:function:current-client:00b177d0	0x00b177d0	xbuild-enriched-full	
urn:ure:t6:occ:function:current-client:00b17840	0x00b17840	xbuild-enriched-full	
urn:ure:t6:occ:function:current-client:00b17a40	0x00b17a40	xbuild-enriched-full	
urn:ure:t6:occ:function:current-client:00b17c00	0x00b17c00	xbuild-enriched-full	
urn:ure:t6:occ:function:current-client:00b17cc0	0x00b17cc0	xbuild-enriched-full	
urn:ure:t6:occ:function:current-client:00b17f30	0x00b17f30	xbuild-enriched-full	
urn:ure:t6:occ:function:current-client:00b18530	0x00b18530	xbuild-enriched-full	
urn:ure:t6:occ:function:current-client:00b18940	0x00b18940	xbuild-enriched-full	
urn:ure:t6:occ:function:current-client:00b18ad0	0x00b18ad0	xbuild-enriched-full	
urn:ure:t6:occ:function:current-client:00b18c80	0x00b18c80	xbuild-enriched-full	
urn:ure:t6:occ:function:current-client:00b18c90	0x00b18c90	xbuild-enriched-full	
urn:ure:t6:occ:function:current-client:00b18cc0	0x00b18cc0	xbuild-enriched-full	
urn:ure:t6:occ:function:current-client:00b18d20	0x00b18d20	xbuild-enriched-full	
urn:ure:t6:occ:function:current-client:00b18e40	0x00b18e40	xbuild-enriched-full	
urn:ure:t6:occ:function:current-client:00b18e50	0x00b18e50	xbuild-enriched-full	
urn:ure:t6:occ:function:current-client:00b18e80	0x00b18e80	xbuild-enriched-full	
urn:ure:t6:occ:function:current-client:00b18e90	0x00b18e90	xbuild-enriched-full	
urn:ure:t6:occ:function:current-client:00b18ef0	0x00b18ef0	xbuild-enriched-full	
urn:ure:t6:occ:function:current-client:00b18f60	0x00b18f60	xbuild-enriched-full	
urn:ure:t6:occ:function:current-client:00b18f90	0x00b18f90	xbuild-enriched-full	
urn:ure:t6:occ:function:current-client:00b190b0	0x00b190b0	xbuild-enriched-full	
urn:ure:t6:occ:function:current-client:00b19270	0x00b19270	xbuild-enriched-full	
urn:ure:t6:occ:function:current-client:00b192c0	0x00b192c0	xbuild-enriched-full	
urn:ure:t6:occ:function:current-client:00b192f0	0x00b192f0	xbuild-enriched-full	
urn:ure:t6:occ:function:current-client:00b19330	0x00b19330	xbuild-enriched-full	
urn:ure:t6:occ:function:current-client:00b193b0	0x00b193b0	xbuild-enriched-full	
urn:ure:t6:occ:function:current-client:00b19580	0x00b19580	xbuild-enriched-full	
urn:ure:t6:occ:function:current-client:00b19720	0x00b19720	xbuild-enriched-full	
urn:ure:t6:occ:function:current-client:00b19880	0x00b19880	xbuild-enriched-full	
urn:ure:t6:occ:function:current-client:00b19930	0x00b19930	xbuild-enriched-full	
urn:ure:t6:occ:function:current-client:00b199e0	0x00b199e0	xbuild-enriched-full	
urn:ure:t6:occ:function:current-client:00b19b20	0x00b19b20	xbuild-enriched-full	
urn:ure:t6:occ:function:current-client:00b19c60	0x00b19c60	xbuild-enriched-full	
urn:ure:t6:occ:function:current-client:00b19c70	0x00b19c70	xbuild-enriched-full	
urn:ure:t6:occ:function:current-client:00b19cd0	0x00b19cd0	xbuild-enriched-full	
urn:ure:t6:occ:function:current-client:00b19d50	0x00b19d50	xbuild-enriched-full	
urn:ure:t6:occ:function:current-client:00b19d60	0x00b19d60	xbuild-enriched-full	
urn:ure:t6:occ:function:current-client:00b19f50	0x00b19f50	xbuild-enriched-full	
urn:ure:t6:occ:function:current-client:00b19ff0	0x00b19ff0	xbuild-enriched-full	
urn:ure:t6:occ:function:current-client:00b1a070	0x00b1a070	xbuild-enriched-full	
urn:ure:t6:occ:function:current-client:00b1a330	0x00b1a330	xbuild-enriched-full	
urn:ure:t6:occ:function:current-client:00b1a900	0x00b1a900	xbuild-enriched-full	
urn:ure:t6:occ:function:current-client:00b1aa20	0x00b1aa20	xbuild-enriched-full	
urn:ure:t6:occ:function:current-client:00b1ae70	0x00b1ae70	xbuild-enriched-full	
urn:ure:t6:occ:function:current-client:00b1b2d0	0x00b1b2d0	xbuild-enriched-full	
urn:ure:t6:occ:function:current-client:00b1b5b0	0x00b1b5b0	xbuild-enriched-full	
urn:ure:t6:occ:function:current-client:00b1b690	0x00b1b690	xbuild-enriched-full	
urn:ure:t6:occ:function:current-client:00b1b7f0	0x00b1b7f0	xbuild-enriched-full	
urn:ure:t6:occ:function:current-client:00b1b8c0	0x00b1b8c0	xbuild-enriched-full	
urn:ure:t6:occ:function:current-client:00b1b950	0x00b1b950	xbuild-enriched-full	
urn:ure:t6:occ:function:current-client:00b1b970	0x00b1b970	xbuild-enriched-full	
urn:ure:t6:occ:function:current-client:00b1b9c0	0x00b1b9c0	xbuild-enriched-full	
urn:ure:t6:occ:function:current-client:00b1baa0	0x00b1baa0	xbuild-enriched-full	
urn:ure:t6:occ:function:current-client:00b1bcb0	0x00b1bcb0	xbuild-enriched-full	
urn:ure:t6:occ:function:current-client:00b1c000	0x00b1c000	xbuild-enriched-full	
urn:ure:t6:occ:function:current-client:00b1c180	0x00b1c180	xbuild-enriched-full	
urn:ure:t6:occ:function:current-client:00b1c360	0x00b1c360	xbuild-enriched-full	
urn:ure:t6:occ:function:current-client:00b1c370	0x00b1c370	xbuild-enriched-full	
urn:ure:t6:occ:function:current-client:00b1c630	0x00b1c630	xbuild-enriched-full	
urn:ure:t6:occ:function:current-client:00b1c760	0x00b1c760	xbuild-enriched-full	
urn:ure:t6:occ:function:current-client:00b1c7c0	0x00b1c7c0	xbuild-enriched-full	
urn:ure:t6:occ:function:current-client:00b1c820	0x00b1c820	xbuild-enriched-full	
urn:ure:t6:occ:function:current-client:00b1cbd0	0x00b1cbd0	xbuild-enriched-full	
urn:ure:t6:occ:function:current-client:00b1cf60	0x00b1cf60	xbuild-enriched-full	
urn:ure:t6:occ:function:current-client:00b1d220	0x00b1d220	xbuild-enriched-full	
urn:ure:t6:occ:function:current-client:00b1d760	0x00b1d760	xbuild-enriched-full	
urn:ure:t6:occ:function:current-client:00b1d7a0	0x00b1d7a0	xbuild-enriched-full	
urn:ure:t6:occ:function:current-client:00b1d7b0	0x00b1d7b0	xbuild-enriched-full	
urn:ure:t6:occ:function:current-client:00b1d9a0	0x00b1d9a0	xbuild-enriched-full	
urn:ure:t6:occ:function:current-client:00b1db80	0x00b1db80	xbuild-enriched-full	
urn:ure:t6:occ:function:current-client:00b1dbe0	0x00b1dbe0	xbuild-enriched-full	
urn:ure:t6:occ:function:current-client:00b1ddc0	0x00b1ddc0	xbuild-enriched-full	
urn:ure:t6:occ:function:current-client:00b1e460	0x00b1e460	xbuild-enriched-full	
urn:ure:t6:occ:function:current-client:00b1e540	0x00b1e540	xbuild-enriched-full	
urn:ure:t6:occ:function:current-client:00b1e5f0	0x00b1e5f0	xbuild-enriched-full	
urn:ure:t6:occ:function:current-client:00b1e810	0x00b1e810	xbuild-enriched-full	
urn:ure:t6:occ:function:current-client:00b1e8b0	0x00b1e8b0	xbuild-enriched-full	
urn:ure:t6:occ:function:current-client:00b1e980	0x00b1e980	xbuild-enriched-full	
urn:ure:t6:occ:function:current-client:00b1e9f0	0x00b1e9f0	xbuild-enriched-full	
urn:ure:t6:occ:function:current-client:00b1ea10	0x00b1ea10	xbuild-enriched-full	
urn:ure:t6:occ:function:current-client:00b1ea30	0x00b1ea30	xbuild-enriched-full	
urn:ure:t6:occ:function:current-client:00b1ea80	0x00b1ea80	xbuild-enriched-full	
urn:ure:t6:occ:function:current-client:00b1ea90	0x00b1ea90	xbuild-enriched-full	
urn:ure:t6:occ:function:current-client:00b1eab0	0x00b1eab0	xbuild-enriched-full	
urn:ure:t6:occ:function:current-client:00b1ead0	0x00b1ead0	xbuild-enriched-full	
urn:ure:t6:occ:function:current-client:00b1f0d0	0x00b1f0d0	xbuild-enriched-full	
urn:ure:t6:occ:function:current-client:00b1f100	0x00b1f100	xbuild-enriched-full	
urn:ure:t6:occ:function:current-client:00b1f350	0x00b1f350	xbuild-enriched-full	
urn:ure:t6:occ:function:current-client:00b1f7d0	0x00b1f7d0	xbuild-enriched-full	
urn:ure:t6:occ:function:current-client:00b1f870	0x00b1f870	xbuild-enriched-full	
urn:ure:t6:occ:function:current-client:00b1f9d0	0x00b1f9d0	xbuild-enriched-full	
urn:ure:t6:occ:function:current-client:00b21060	0x00b21060	xbuild-enriched-full	
urn:ure:t6:occ:function:current-client:00b21070	0x00b21070	xbuild-enriched-full	
urn:ure:t6:occ:function:current-client:00b24000	0x00b24000	xbuild-enriched-full	
urn:ure:t6:occ:function:current-client:00b241e0	0x00b241e0	xbuild-enriched-full	
urn:ure:t6:occ:function:current-client:00b24370	0x00b24370	xbuild-enriched-full	
urn:ure:t6:occ:function:current-client:00b244b0	0x00b244b0	xbuild-enriched-full	
urn:ure:t6:occ:function:current-client:00b24610	0x00b24610	xbuild-enriched-full	
urn:ure:t6:occ:function:current-client:00b24b90	0x00b24b90	xbuild-enriched-full	
urn:ure:t6:occ:function:current-client:00b24db0	0x00b24db0	xbuild-enriched-full	
urn:ure:t6:occ:function:current-client:00b24e90	0x00b24e90	xbuild-enriched-full	
urn:ure:t6:occ:function:current-client:00b251e0	0x00b251e0	xbuild-enriched-full	
urn:ure:t6:occ:function:current-client:00b25240	0x00b25240	xbuild-enriched-full	
urn:ure:t6:occ:function:current-client:00b25360	0x00b25360	xbuild-enriched-full	
urn:ure:t6:occ:function:current-client:00b254e0	0x00b254e0	xbuild-enriched-full	
urn:ure:t6:occ:function:current-client:00b25640	0x00b25640	xbuild-enriched-full	
urn:ure:t6:occ:function:current-client:00b25700	0x00b25700	xbuild-enriched-full	
urn:ure:t6:occ:function:current-client:00b25f60	0x00b25f60	xbuild-enriched-full	
urn:ure:t6:occ:function:current-client:00b264d0	0x00b264d0	xbuild-enriched-full	
urn:ure:t6:occ:function:current-client:00b266d0	0x00b266d0	xbuild-enriched-full	
urn:ure:t6:occ:function:current-client:00b26900	0x00b26900	xbuild-enriched-full	
urn:ure:t6:occ:function:current-client:00b26aa0	0x00b26aa0	xbuild-enriched-full	
urn:ure:t6:occ:function:current-client:00b26aa7	0x00b26aa7	xbuild-enriched-full	
urn:ure:t6:occ:function:current-client:00b26af0	0x00b26af0	xbuild-enriched-full	
urn:ure:t6:occ:function:current-client:00b26b90	0x00b26b90	xbuild-enriched-full	
urn:ure:t6:occ:function:current-client:00b26c80	0x00b26c80	xbuild-enriched-full	
urn:ure:t6:occ:function:current-client:00b26eb0	0x00b26eb0	xbuild-enriched-full	
urn:ure:t6:occ:function:current-client:00b27890	0x00b27890	xbuild-enriched-full	
urn:ure:t6:occ:function:current-client:00b27a90	0x00b27a90	xbuild-enriched-full	
urn:ure:t6:occ:function:current-client:00b27cb0	0x00b27cb0	xbuild-enriched-full	
urn:ure:t6:occ:function:current-client:00b28330	0x00b28330	xbuild-enriched-full	
urn:ure:t6:occ:function:current-client:00b28360	0x00b28360	xbuild-enriched-full	
urn:ure:t6:occ:function:current-client:00b28390	0x00b28390	xbuild-enriched-full	
urn:ure:t6:occ:function:current-client:00b283c0	0x00b283c0	xbuild-enriched-full	
urn:ure:t6:occ:function:current-client:00b283f0	0x00b283f0	xbuild-enriched-full	
urn:ure:t6:occ:function:current-client:00b28420	0x00b28420	xbuild-enriched-full	
urn:ure:t6:occ:function:current-client:00b28450	0x00b28450	xbuild-enriched-full	
urn:ure:t6:occ:function:current-client:00b28480	0x00b28480	xbuild-enriched-full	
urn:ure:t6:occ:function:current-client:00b284b0	0x00b284b0	xbuild-enriched-full	
urn:ure:t6:occ:function:current-client:00b284e0	0x00b284e0	xbuild-enriched-full	
urn:ure:t6:occ:function:current-client:00b28510	0x00b28510	xbuild-enriched-full	
urn:ure:t6:occ:function:current-client:00b28540	0x00b28540	xbuild-enriched-full	
urn:ure:t6:occ:function:current-client:00b28570	0x00b28570	xbuild-enriched-full	
urn:ure:t6:occ:function:current-client:00b285a0	0x00b285a0	xbuild-enriched-full	
urn:ure:t6:occ:function:current-client:00b285d0	0x00b285d0	xbuild-enriched-full	
urn:ure:t6:occ:function:current-client:00b28600	0x00b28600	xbuild-enriched-full	
urn:ure:t6:occ:function:current-client:00b28630	0x00b28630	xbuild-enriched-full	
urn:ure:t6:occ:function:current-client:00b28660	0x00b28660	xbuild-enriched-full	
urn:ure:t6:occ:function:current-client:00b28690	0x00b28690	xbuild-enriched-full	
urn:ure:t6:occ:function:current-client:00b286c0	0x00b286c0	xbuild-enriched-full	
urn:ure:t6:occ:function:current-client:00b286f0	0x00b286f0	xbuild-enriched-full	
urn:ure:t6:occ:function:current-client:00b28720	0x00b28720	xbuild-enriched-full	
urn:ure:t6:occ:function:current-client:00b28750	0x00b28750	xbuild-enriched-full	
urn:ure:t6:occ:function:current-client:00b28780	0x00b28780	xbuild-enriched-full	
urn:ure:t6:occ:function:current-client:00b287b0	0x00b287b0	xbuild-enriched-full	
urn:ure:t6:occ:function:current-client:00b287e0	0x00b287e0	xbuild-enriched-full	
urn:ure:t6:occ:function:current-client:00b288e0	0x00b288e0	xbuild-enriched-full	
urn:ure:t6:occ:function:current-client:00b28930	0x00b28930	xbuild-enriched-full	
urn:ure:t6:occ:function:current-client:00b28950	0x00b28950	xbuild-enriched-full	
urn:ure:t6:occ:function:current-client:00b289a0	0x00b289a0	xbuild-enriched-full	
urn:ure:t6:occ:function:current-client:00b28b60	0x00b28b60	xbuild-enriched-full	
urn:ure:t6:occ:function:current-client:00b28b80	0x00b28b80	xbuild-enriched-full	
urn:ure:t6:occ:function:current-client:00b28bb0	0x00b28bb0	xbuild-enriched-full	
urn:ure:t6:occ:function:current-client:00b28d10	0x00b28d10	xbuild-enriched-full	
urn:ure:t6:occ:function:current-client:00b28d30	0x00b28d30	xbuild-enriched-full	
urn:ure:t6:occ:function:current-client:00b28da0	0x00b28da0	xbuild-enriched-full	
urn:ure:t6:occ:function:current-client:00b28dc0	0x00b28dc0	xbuild-enriched-full	
urn:ure:t6:occ:function:current-client:00b28e20	0x00b28e20	xbuild-enriched-full	
urn:ure:t6:occ:function:current-client:00b28e90	0x00b28e90	xbuild-enriched-full	
urn:ure:t6:occ:function:current-client:00b29080	0x00b29080	xbuild-enriched-full	
urn:ure:t6:occ:function:current-client:00b29a90	0x00b29a90	xbuild-enriched-full	
urn:ure:t6:occ:function:current-client:00b29ed0	0x00b29ed0	xbuild-enriched-full	
urn:ure:t6:occ:function:current-client:00b29f00	0x00b29f00	xbuild-enriched-full	
urn:ure:t6:occ:function:current-client:00b29fe0	0x00b29fe0	xbuild-enriched-full	
urn:ure:t6:occ:function:current-client:00b2a020	0x00b2a020	xbuild-enriched-full	
urn:ure:t6:occ:function:current-client:00b2a080	0x00b2a080	xbuild-enriched-full	
urn:ure:t6:occ:function:current-client:00b2a390	0x00b2a390	xbuild-enriched-full	
urn:ure:t6:occ:function:current-client:00b2a3f0	0x00b2a3f0	xbuild-enriched-full	
urn:ure:t6:occ:function:current-client:00b2a430	0x00b2a430	xbuild-enriched-full	
urn:ure:t6:occ:function:current-client:00b2a5d0	0x00b2a5d0	xbuild-enriched-full	
urn:ure:t6:occ:function:current-client:00b2a630	0x00b2a630	xbuild-enriched-full	
urn:ure:t6:occ:function:current-client:00b2a760	0x00b2a760	xbuild-enriched-full	
urn:ure:t6:occ:function:current-client:00b2a7c0	0x00b2a7c0	xbuild-enriched-full	
urn:ure:t6:occ:function:current-client:00b2a890	0x00b2a890	xbuild-enriched-full	
urn:ure:t6:occ:function:current-client:00b2a910	0x00b2a910	xbuild-enriched-full	
urn:ure:t6:occ:function:current-client:00b2ac90	0x00b2ac90	xbuild-enriched-full	
urn:ure:t6:occ:function:current-client:00b2ad20	0x00b2ad20	xbuild-enriched-full	
urn:ure:t6:occ:function:current-client:00b2ada0	0x00b2ada0	xbuild-enriched-full	
urn:ure:t6:occ:function:current-client:00b2b1d0	0x00b2b1d0	xbuild-enriched-full	
urn:ure:t6:occ:function:current-client:00b2b560	0x00b2b560	xbuild-enriched-full	
urn:ure:t6:occ:function:current-client:00b2b980	0x00b2b980	xbuild-enriched-full	
urn:ure:t6:occ:function:current-client:00b2b9f0	0x00b2b9f0	xbuild-enriched-full	
urn:ure:t6:occ:function:current-client:00b2ba10	0x00b2ba10	xbuild-enriched-full	
urn:ure:t6:occ:function:current-client:00b2ba30	0x00b2ba30	xbuild-enriched-full	
urn:ure:t6:occ:function:current-client:00b2ba40	0x00b2ba40	xbuild-enriched-full	
urn:ure:t6:occ:function:current-client:00b2ba60	0x00b2ba60	xbuild-enriched-full	
urn:ure:t6:occ:function:current-client:00b2ba90	0x00b2ba90	xbuild-enriched-full	
urn:ure:t6:occ:function:current-client:00b2bad0	0x00b2bad0	xbuild-enriched-full	
urn:ure:t6:occ:function:current-client:00b2bae0	0x00b2bae0	xbuild-enriched-full	
urn:ure:t6:occ:function:current-client:00b2baf0	0x00b2baf0	xbuild-enriched-full	
urn:ure:t6:occ:function:current-client:00b2bb00	0x00b2bb00	xbuild-enriched-full	
urn:ure:t6:occ:function:current-client:00b2bb20	0x00b2bb20	xbuild-enriched-full	
urn:ure:t6:occ:function:current-client:00b2bb70	0x00b2bb70	xbuild-enriched-full	
urn:ure:t6:occ:function:current-client:00b2bc20	0x00b2bc20	xbuild-enriched-full	
urn:ure:t6:occ:function:current-client:00b2bc70	0x00b2bc70	xbuild-enriched-full	
urn:ure:t6:occ:function:current-client:00b2bda0	0x00b2bda0	xbuild-enriched-full	
urn:ure:t6:occ:function:current-client:00b2bdb0	0x00b2bdb0	xbuild-enriched-full	
urn:ure:t6:occ:function:current-client:00b2c090	0x00b2c090	xbuild-enriched-full	
urn:ure:t6:occ:function:current-client:00b2c3a0	0x00b2c3a0	xbuild-enriched-full	
urn:ure:t6:occ:function:current-client:00b2c760	0x00b2c760	xbuild-enriched-full	
urn:ure:t6:occ:function:current-client:00b2c770	0x00b2c770	xbuild-enriched-full	
urn:ure:t6:occ:function:current-client:00b2c780	0x00b2c780	xbuild-enriched-full	
urn:ure:t6:occ:function:current-client:00b2c790	0x00b2c790	xbuild-enriched-full	
urn:ure:t6:occ:function:current-client:00b2c9a0	0x00b2c9a0	xbuild-enriched-full	
urn:ure:t6:occ:function:current-client:00b2cc20	0x00b2cc20	xbuild-enriched-full	
urn:ure:t6:occ:function:current-client:00b2cf10	0x00b2cf10	xbuild-enriched-full	
urn:ure:t6:occ:function:current-client:00b2cf20	0x00b2cf20	xbuild-enriched-full	
urn:ure:t6:occ:function:current-client:00b2cf30	0x00b2cf30	xbuild-enriched-full	
urn:ure:t6:occ:function:current-client:00b2d010	0x00b2d010	xbuild-enriched-full	
urn:ure:t6:occ:function:current-client:00b2d120	0x00b2d120	xbuild-enriched-full	
urn:ure:t6:occ:function:current-client:00b2d290	0x00b2d290	xbuild-enriched-full	
urn:ure:t6:occ:function:current-client:00b2d2b0	0x00b2d2b0	xbuild-enriched-full	
urn:ure:t6:occ:function:current-client:00b2d2d0	0x00b2d2d0	xbuild-enriched-full	
urn:ure:t6:occ:function:current-client:00b2d320	0x00b2d320	xbuild-enriched-full	
urn:ure:t6:occ:function:current-client:00b2d360	0x00b2d360	xbuild-enriched-full	
urn:ure:t6:occ:function:current-client:00b2d3b0	0x00b2d3b0	xbuild-enriched-full	
urn:ure:t6:occ:function:current-client:00b2d430	0x00b2d430	xbuild-enriched-full	
urn:ure:t6:occ:function:current-client:00b2d4a0	0x00b2d4a0	xbuild-enriched-full	
urn:ure:t6:occ:function:current-client:00b2d4c0	0x00b2d4c0	xbuild-enriched-full	
urn:ure:t6:occ:function:current-client:00b2d560	0x00b2d560	xbuild-enriched-full	
urn:ure:t6:occ:function:current-client:00b2d660	0x00b2d660	xbuild-enriched-full	
urn:ure:t6:occ:function:current-client:00b2d730	0x00b2d730	xbuild-enriched-full	
urn:ure:t6:occ:function:current-client:00b2d740	0x00b2d740	xbuild-enriched-full	
urn:ure:t6:occ:function:current-client:00b2d790	0x00b2d790	xbuild-enriched-full	
urn:ure:t6:occ:function:current-client:00b2d7e0	0x00b2d7e0	xbuild-enriched-full	
urn:ure:t6:occ:function:current-client:00b2d8b0	0x00b2d8b0	xbuild-enriched-full	
urn:ure:t6:occ:function:current-client:00b2d8f0	0x00b2d8f0	xbuild-enriched-full	
urn:ure:t6:occ:function:current-client:00b2d9a0	0x00b2d9a0	xbuild-enriched-full	
urn:ure:t6:occ:function:current-client:00b2d9c0	0x00b2d9c0	xbuild-enriched-full	
urn:ure:t6:occ:function:current-client:00b2da50	0x00b2da50	xbuild-enriched-full	
urn:ure:t6:occ:function:current-client:00b2db00	0x00b2db00	xbuild-enriched-full	
urn:ure:t6:occ:function:current-client:00b2dcc0	0x00b2dcc0	xbuild-enriched-full	
urn:ure:t6:occ:function:current-client:00b2de60	0x00b2de60	xbuild-enriched-full	
urn:ure:t6:occ:function:current-client:00b2df20	0x00b2df20	xbuild-enriched-full	
urn:ure:t6:occ:function:current-client:00b2e0d0	0x00b2e0d0	xbuild-enriched-full	
urn:ure:t6:occ:function:current-client:00b2e5e0	0x00b2e5e0	xbuild-enriched-full	
urn:ure:t6:occ:function:current-client:00b2ec60	0x00b2ec60	xbuild-enriched-full	
urn:ure:t6:occ:function:current-client:00b2ecc0	0x00b2ecc0	xbuild-enriched-full	
urn:ure:t6:occ:function:current-client:00b2ee20	0x00b2ee20	xbuild-enriched-full	
urn:ure:t6:occ:function:current-client:00b2f040	0x00b2f040	xbuild-enriched-full	
urn:ure:t6:occ:function:current-client:00b2f0a0	0x00b2f0a0	xbuild-enriched-full	
urn:ure:t6:occ:function:current-client:00b2f230	0x00b2f230	xbuild-enriched-full	
urn:ure:t6:occ:function:current-client:00b2f430	0x00b2f430	xbuild-enriched-full	
urn:ure:t6:occ:function:current-client:00b2f600	0x00b2f600	xbuild-enriched-full	
urn:ure:t6:occ:function:current-client:00b2f8c0	0x00b2f8c0	xbuild-enriched-full	
urn:ure:t6:occ:function:current-client:00b2f940	0x00b2f940	xbuild-enriched-full	
urn:ure:t6:occ:function:current-client:00b2fad0	0x00b2fad0	xbuild-enriched-full	
urn:ure:t6:occ:function:current-client:00b2fe30	0x00b2fe30	xbuild-enriched-full	
urn:ure:t6:occ:function:current-client:00b30140	0x00b30140	xbuild-enriched-full	
urn:ure:t6:occ:function:current-client:00b30380	0x00b30380	xbuild-enriched-full	
urn:ure:t6:occ:function:current-client:00b30600	0x00b30600	xbuild-enriched-full	
urn:ure:t6:occ:function:current-client:00b307f0	0x00b307f0	xbuild-enriched-full	
urn:ure:t6:occ:function:current-client:00b308e0	0x00b308e0	xbuild-enriched-full	
urn:ure:t6:occ:function:current-client:00b30a30	0x00b30a30	xbuild-enriched-full	
urn:ure:t6:occ:function:current-client:00b30ad0	0x00b30ad0	xbuild-enriched-full	
urn:ure:t6:occ:function:current-client:00b30bd0	0x00b30bd0	xbuild-enriched-full	
urn:ure:t6:occ:function:current-client:00b30e60	0x00b30e60	xbuild-enriched-full	
urn:ure:t6:occ:function:current-client:00b30e80	0x00b30e80	xbuild-enriched-full	
urn:ure:t6:occ:function:current-client:00b30eba	0x00b30eba	xbuild-enriched-full	
urn:ure:t6:occ:function:current-client:00b30f90	0x00b30f90	xbuild-enriched-full	
urn:ure:t6:occ:function:current-client:00b311c0	0x00b311c0	xbuild-enriched-full	
urn:ure:t6:occ:function:current-client:00b311fb	0x00b311fb	xbuild-enriched-full	
urn:ure:t6:occ:function:current-client:00b31390	0x00b31390	xbuild-enriched-full	
urn:ure:t6:occ:function:current-client:00b31400	0x00b31400	xbuild-enriched-full	
urn:ure:t6:occ:function:current-client:00b31650	0x00b31650	xbuild-enriched-full	
urn:ure:t6:occ:function:current-client:00b31690	0x00b31690	xbuild-enriched-full	
urn:ure:t6:occ:function:current-client:00b31700	0x00b31700	xbuild-enriched-full	
urn:ure:t6:occ:function:current-client:00b31780	0x00b31780	xbuild-enriched-full	
urn:ure:t6:occ:function:current-client:00b318c0	0x00b318c0	xbuild-enriched-full	
urn:ure:t6:occ:function:current-client:00b31990	0x00b31990	xbuild-enriched-full	
urn:ure:t6:occ:function:current-client:00b319a0	0x00b319a0	xbuild-enriched-full	
urn:ure:t6:occ:function:current-client:00b31a80	0x00b31a80	xbuild-enriched-full	
urn:ure:t6:occ:function:current-client:00b31ce0	0x00b31ce0	xbuild-enriched-full	
urn:ure:t6:occ:function:current-client:00b31d00	0x00b31d00	xbuild-enriched-full	
urn:ure:t6:occ:function:current-client:00b31e00	0x00b31e00	xbuild-enriched-full	
urn:ure:t6:occ:function:current-client:00b31e20	0x00b31e20	xbuild-enriched-full	
urn:ure:t6:occ:function:current-client:00b31f60	0x00b31f60	xbuild-enriched-full	
urn:ure:t6:occ:function:current-client:00b31fb0	0x00b31fb0	xbuild-enriched-full	
urn:ure:t6:occ:function:current-client:00b320d0	0x00b320d0	xbuild-enriched-full	
urn:ure:t6:occ:function:current-client:00b32120	0x00b32120	xbuild-enriched-full	
urn:ure:t6:occ:function:current-client:00b32360	0x00b32360	xbuild-enriched-full	
urn:ure:t6:occ:function:current-client:00b32380	0x00b32380	xbuild-enriched-full	
urn:ure:t6:occ:function:current-client:00b32590	0x00b32590	xbuild-enriched-full	
urn:ure:t6:occ:function:current-client:00b325e0	0x00b325e0	xbuild-enriched-full	
urn:ure:t6:occ:function:current-client:00b32620	0x00b32620	xbuild-enriched-full	
urn:ure:t6:occ:function:current-client:00b32670	0x00b32670	xbuild-enriched-full	
urn:ure:t6:occ:function:current-client:00b326b0	0x00b326b0	xbuild-enriched-full	
urn:ure:t6:occ:function:current-client:00b32730	0x00b32730	xbuild-enriched-full	
urn:ure:t6:occ:function:current-client:00b32770	0x00b32770	xbuild-enriched-full	
urn:ure:t6:occ:function:current-client:00b327c0	0x00b327c0	xbuild-enriched-full	
urn:ure:t6:occ:function:current-client:00b32890	0x00b32890	xbuild-enriched-full	
urn:ure:t6:occ:function:current-client:00b32cb0	0x00b32cb0	xbuild-enriched-full	
urn:ure:t6:occ:function:current-client:00b33120	0x00b33120	xbuild-enriched-full	
urn:ure:t6:occ:function:current-client:00b33180	0x00b33180	xbuild-enriched-full	
urn:ure:t6:occ:function:current-client:00b331e0	0x00b331e0	xbuild-enriched-full	
urn:ure:t6:occ:function:current-client:00b332a0	0x00b332a0	xbuild-enriched-full	
urn:ure:t6:occ:function:current-client:00b333c0	0x00b333c0	xbuild-enriched-full	
urn:ure:t6:occ:function:current-client:00b33500	0x00b33500	xbuild-enriched-full	
urn:ure:t6:occ:function:current-client:00b33710	0x00b33710	xbuild-enriched-full	
urn:ure:t6:occ:function:current-client:00b339f0	0x00b339f0	xbuild-enriched-full	
urn:ure:t6:occ:function:current-client:00b33a60	0x00b33a60	xbuild-enriched-full	
urn:ure:t6:occ:function:current-client:00b33b60	0x00b33b60	xbuild-enriched-full	
urn:ure:t6:occ:function:current-client:00b33c10	0x00b33c10	xbuild-enriched-full	
urn:ure:t6:occ:function:current-client:00b33cf0	0x00b33cf0	xbuild-enriched-full	
urn:ure:t6:occ:function:current-client:00b33d70	0x00b33d70	xbuild-enriched-full	
urn:ure:t6:occ:function:current-client:00b33e60	0x00b33e60	xbuild-enriched-full	
urn:ure:t6:occ:function:current-client:00b33e90	0x00b33e90	xbuild-enriched-full	
urn:ure:t6:occ:function:current-client:00b33ec0	0x00b33ec0	xbuild-enriched-full	
urn:ure:t6:occ:function:current-client:00b33f00	0x00b33f00	xbuild-enriched-full	
urn:ure:t6:occ:function:current-client:00b34270	0x00b34270	xbuild-enriched-full	
urn:ure:t6:occ:function:current-client:00b342a0	0x00b342a0	xbuild-enriched-full	
urn:ure:t6:occ:function:current-client:00b342d0	0x00b342d0	xbuild-enriched-full	
urn:ure:t6:occ:function:current-client:00b344c0	0x00b344c0	xbuild-enriched-full	
urn:ure:t6:occ:function:current-client:00b34a30	0x00b34a30	xbuild-enriched-full	
urn:ure:t6:occ:function:current-client:00b34e00	0x00b34e00	xbuild-enriched-full	
urn:ure:t6:occ:function:current-client:00b34fc0	0x00b34fc0	xbuild-enriched-full	
urn:ure:t6:occ:function:current-client:00b35140	0x00b35140	xbuild-enriched-full	
urn:ure:t6:occ:function:current-client:00b35240	0x00b35240	xbuild-enriched-full	
urn:ure:t6:occ:function:current-client:00b35310	0x00b35310	xbuild-enriched-full	
urn:ure:t6:occ:function:current-client:00b35320	0x00b35320	xbuild-enriched-full	
urn:ure:t6:occ:function:current-client:00b35370	0x00b35370	xbuild-enriched-full	
urn:ure:t6:occ:function:current-client:00b354e0	0x00b354e0	xbuild-enriched-full	
urn:ure:t6:occ:function:current-client:00b355a0	0x00b355a0	xbuild-enriched-full	
urn:ure:t6:occ:function:current-client:00b35650	0x00b35650	xbuild-enriched-full	
urn:ure:t6:occ:function:current-client:00b35660	0x00b35660	xbuild-enriched-full	
urn:ure:t6:occ:function:current-client:00b35920	0x00b35920	xbuild-enriched-full	
urn:ure:t6:occ:function:current-client:00b35930	0x00b35930	xbuild-enriched-full	
urn:ure:t6:occ:function:current-client:00b359f0	0x00b359f0	xbuild-enriched-full	
urn:ure:t6:occ:function:current-client:00b35b90	0x00b35b90	xbuild-enriched-full	
urn:ure:t6:occ:function:current-client:00b35d50	0x00b35d50	xbuild-enriched-full	
urn:ure:t6:occ:function:current-client:00b35d80	0x00b35d80	xbuild-enriched-full	
urn:ure:t6:occ:function:current-client:00b35db0	0x00b35db0	xbuild-enriched-full	
urn:ure:t6:occ:function:current-client:00b35e00	0x00b35e00	xbuild-enriched-full	
urn:ure:t6:occ:function:current-client:00b35e60	0x00b35e60	xbuild-enriched-full	
urn:ure:t6:occ:function:current-client:00b360b0	0x00b360b0	xbuild-enriched-full	
urn:ure:t6:occ:function:current-client:00b36130	0x00b36130	xbuild-enriched-full	
urn:ure:t6:occ:function:current-client:00b36150	0x00b36150	xbuild-enriched-full	
urn:ure:t6:occ:function:current-client:00b361a0	0x00b361a0	xbuild-enriched-full	
urn:ure:t6:occ:function:current-client:00b361f0	0x00b361f0	xbuild-enriched-full	
urn:ure:t6:occ:function:current-client:00b362c0	0x00b362c0	xbuild-enriched-full	
urn:ure:t6:occ:function:current-client:00b365b0	0x00b365b0	xbuild-enriched-full	
urn:ure:t6:occ:function:current-client:00b36730	0x00b36730	xbuild-enriched-full	
urn:ure:t6:occ:function:current-client:00b36800	0x00b36800	xbuild-enriched-full	
urn:ure:t6:occ:function:current-client:00b368c0	0x00b368c0	xbuild-enriched-full	
urn:ure:t6:occ:function:current-client:00b368d0	0x00b368d0	xbuild-enriched-full	
urn:ure:t6:occ:function:current-client:00b37100	0x00b37100	xbuild-enriched-full	
urn:ure:t6:occ:function:current-client:00b37250	0x00b37250	xbuild-enriched-full	
urn:ure:t6:occ:function:current-client:00b37320	0x00b37320	xbuild-enriched-full	
urn:ure:t6:occ:function:current-client:00b37390	0x00b37390	xbuild-enriched-full	
urn:ure:t6:occ:function:current-client:00b37420	0x00b37420	xbuild-enriched-full	
urn:ure:t6:occ:function:current-client:00b376f0	0x00b376f0	xbuild-enriched-full	
urn:ure:t6:occ:function:current-client:00b37b90	0x00b37b90	xbuild-enriched-full	
urn:ure:t6:occ:function:current-client:00b37e40	0x00b37e40	xbuild-enriched-full	
urn:ure:t6:occ:function:current-client:00b37fd0	0x00b37fd0	xbuild-enriched-full	
urn:ure:t6:occ:function:current-client:00b38030	0x00b38030	xbuild-enriched-full	
urn:ure:t6:occ:function:current-client:00b380b0	0x00b380b0	xbuild-enriched-full	
urn:ure:t6:occ:function:current-client:00b38110	0x00b38110	xbuild-enriched-full	
urn:ure:t6:occ:function:current-client:00b381a0	0x00b381a0	xbuild-enriched-full	
urn:ure:t6:occ:function:current-client:00b381e0	0x00b381e0	xbuild-enriched-full	
urn:ure:t6:occ:function:current-client:00b382c0	0x00b382c0	xbuild-enriched-full	
urn:ure:t6:occ:function:current-client:00b38310	0x00b38310	xbuild-enriched-full	
urn:ure:t6:occ:function:current-client:00b38340	0x00b38340	xbuild-enriched-full	
urn:ure:t6:occ:function:current-client:00b383d0	0x00b383d0	xbuild-enriched-full	
urn:ure:t6:occ:function:current-client:00b38450	0x00b38450	xbuild-enriched-full	
urn:ure:t6:occ:function:current-client:00b38490	0x00b38490	xbuild-enriched-full	
urn:ure:t6:occ:function:current-client:00b384d0	0x00b384d0	xbuild-enriched-full	
urn:ure:t6:occ:function:current-client:00b38540	0x00b38540	xbuild-enriched-full	
urn:ure:t6:occ:function:current-client:00b38670	0x00b38670	xbuild-enriched-full	
urn:ure:t6:occ:function:current-client:00b386e0	0x00b386e0	xbuild-enriched-full	
urn:ure:t6:occ:function:current-client:00b388e0	0x00b388e0	xbuild-enriched-full	
urn:ure:t6:occ:function:current-client:00b38950	0x00b38950	xbuild-enriched-full	
urn:ure:t6:occ:function:current-client:00b38a40	0x00b38a40	xbuild-enriched-full	
urn:ure:t6:occ:function:current-client:00b38b60	0x00b38b60	xbuild-enriched-full	
urn:ure:t6:occ:function:current-client:00b38e30	0x00b38e30	xbuild-enriched-full	
urn:ure:t6:occ:function:current-client:00b39150	0x00b39150	xbuild-enriched-full	
urn:ure:t6:occ:function:current-client:00b39370	0x00b39370	xbuild-enriched-full	
urn:ure:t6:occ:function:current-client:00b39500	0x00b39500	xbuild-enriched-full	
urn:ure:t6:occ:function:current-client:00b395a0	0x00b395a0	xbuild-enriched-full	
urn:ure:t6:occ:function:current-client:00b397d0	0x00b397d0	xbuild-enriched-full	
urn:ure:t6:occ:function:current-client:00b39930	0x00b39930	xbuild-enriched-full	
urn:ure:t6:occ:function:current-client:00b39a40	0x00b39a40	xbuild-enriched-full	
urn:ure:t6:occ:function:current-client:00b39ae0	0x00b39ae0	xbuild-enriched-full	
urn:ure:t6:occ:function:current-client:00b39d40	0x00b39d40	xbuild-enriched-full	
urn:ure:t6:occ:function:current-client:00b39df0	0x00b39df0	xbuild-enriched-full	
urn:ure:t6:occ:function:current-client:00b39fa0	0x00b39fa0	xbuild-enriched-full	
urn:ure:t6:occ:function:current-client:00b3a010	0x00b3a010	xbuild-enriched-full	
urn:ure:t6:occ:function:current-client:00b3a050	0x00b3a050	xbuild-enriched-full	
urn:ure:t6:occ:function:current-client:00b3a080	0x00b3a080	xbuild-enriched-full	
urn:ure:t6:occ:function:current-client:00b3a0f0	0x00b3a0f0	xbuild-enriched-full	
urn:ure:t6:occ:function:current-client:00b3a290	0x00b3a290	xbuild-enriched-full	
urn:ure:t6:occ:function:current-client:00b3a590	0x00b3a590	xbuild-enriched-full	
urn:ure:t6:occ:function:current-client:00b3a5d0	0x00b3a5d0	xbuild-enriched-full	
urn:ure:t6:occ:function:current-client:00b3a8f0	0x00b3a8f0	xbuild-enriched-full	
urn:ure:t6:occ:function:current-client:00b3af20	0x00b3af20	xbuild-enriched-full	
urn:ure:t6:occ:function:current-client:00b3b1f0	0x00b3b1f0	xbuild-enriched-full	
urn:ure:t6:occ:function:current-client:00b3b490	0x00b3b490	xbuild-enriched-full	
urn:ure:t6:occ:function:current-client:00b3b9e0	0x00b3b9e0	xbuild-enriched-full	
urn:ure:t6:occ:function:current-client:00b3be00	0x00b3be00	xbuild-enriched-full	
urn:ure:t6:occ:function:current-client:00b3be50	0x00b3be50	xbuild-enriched-full	
urn:ure:t6:occ:function:current-client:00b3bec2	0x00b3bec2	xbuild-enriched-full	
urn:ure:t6:occ:function:current-client:00b3c0c0	0x00b3c0c0	xbuild-enriched-full	
urn:ure:t6:occ:function:current-client:00b3c360	0x00b3c360	xbuild-enriched-full	
urn:ure:t6:occ:function:current-client:00b3c460	0x00b3c460	xbuild-enriched-full	
urn:ure:t6:occ:function:current-client:00b3c8e0	0x00b3c8e0	xbuild-enriched-full	
urn:ure:t6:occ:function:current-client:00b3c8f0	0x00b3c8f0	xbuild-enriched-full	
urn:ure:t6:occ:function:current-client:00b3c900	0x00b3c900	xbuild-enriched-full	
urn:ure:t6:occ:function:current-client:00b3c910	0x00b3c910	xbuild-enriched-full	
urn:ure:t6:occ:function:current-client:00b3c920	0x00b3c920	xbuild-enriched-full	
urn:ure:t6:occ:function:current-client:00b3c930	0x00b3c930	xbuild-enriched-full	
urn:ure:t6:occ:function:current-client:00b3ce70	0x00b3ce70	xbuild-enriched-full	
urn:ure:t6:occ:function:current-client:00b3d2b0	0x00b3d2b0	xbuild-enriched-full	
urn:ure:t6:occ:function:current-client:00b3d7f0	0x00b3d7f0	xbuild-enriched-full	
urn:ure:t6:occ:function:current-client:00b3d9b0	0x00b3d9b0	xbuild-enriched-full	
urn:ure:t6:occ:function:current-client:00b3da80	0x00b3da80	xbuild-enriched-full	
urn:ure:t6:occ:function:current-client:00b3de20	0x00b3de20	xbuild-enriched-full	
urn:ure:t6:occ:function:current-client:00b3de50	0x00b3de50	xbuild-enriched-full	
urn:ure:t6:occ:function:current-client:00b3de90	0x00b3de90	xbuild-enriched-full	
urn:ure:t6:occ:function:current-client:00b3def0	0x00b3def0	xbuild-enriched-full	
urn:ure:t6:occ:function:current-client:00b3dfd0	0x00b3dfd0	xbuild-enriched-full	
urn:ure:t6:occ:function:current-client:00b3e000	0x00b3e000	xbuild-enriched-full	
urn:ure:t6:occ:function:current-client:00b3e0a0	0x00b3e0a0	xbuild-enriched-full	
urn:ure:t6:occ:function:current-client:00b3e720	0x00b3e720	xbuild-enriched-full	
urn:ure:t6:occ:function:current-client:00b3e760	0x00b3e760	xbuild-enriched-full	
urn:ure:t6:occ:function:current-client:00b3e7b0	0x00b3e7b0	xbuild-enriched-full	
urn:ure:t6:occ:function:current-client:00b3e820	0x00b3e820	xbuild-enriched-full	
urn:ure:t6:occ:function:current-client:00b3e8d0	0x00b3e8d0	xbuild-enriched-full	
urn:ure:t6:occ:function:current-client:00b3e940	0x00b3e940	xbuild-enriched-full	
urn:ure:t6:occ:function:current-client:00b3e970	0x00b3e970	xbuild-enriched-full	
urn:ure:t6:occ:function:current-client:00b3ea00	0x00b3ea00	xbuild-enriched-full	
urn:ure:t6:occ:function:current-client:00b3eae0	0x00b3eae0	xbuild-enriched-full	
urn:ure:t6:occ:function:current-client:00b3eb20	0x00b3eb20	xbuild-enriched-full	
urn:ure:t6:occ:function:current-client:00b3eb70	0x00b3eb70	xbuild-enriched-full	
urn:ure:t6:occ:function:current-client:00b3ebd0	0x00b3ebd0	xbuild-enriched-full	
urn:ure:t6:occ:function:current-client:00b3ecf0	0x00b3ecf0	xbuild-enriched-full	
urn:ure:t6:occ:function:current-client:00b3ed60	0x00b3ed60	xbuild-enriched-full	
urn:ure:t6:occ:function:current-client:00b3edc0	0x00b3edc0	xbuild-enriched-full	
urn:ure:t6:occ:function:current-client:00b3ee30	0x00b3ee30	xbuild-enriched-full	
urn:ure:t6:occ:function:current-client:00b3f0f0	0x00b3f0f0	xbuild-enriched-full	
urn:ure:t6:occ:function:current-client:00b3f360	0x00b3f360	xbuild-enriched-full	
urn:ure:t6:occ:function:current-client:00b3fb90	0x00b3fb90	xbuild-enriched-full	
urn:ure:t6:occ:function:current-client:00b3fc50	0x00b3fc50	xbuild-enriched-full	
urn:ure:t6:occ:function:current-client:00b3fd30	0x00b3fd30	xbuild-enriched-full	
urn:ure:t6:occ:function:current-client:00b40040	0x00b40040	xbuild-enriched-full	
urn:ure:t6:occ:function:current-client:00b40110	0x00b40110	xbuild-enriched-full	
urn:ure:t6:occ:function:current-client:00b4054a	0x00b4054a	xbuild-enriched-full	
urn:ure:t6:occ:function:current-client:00b405c4	0x00b405c4	xbuild-enriched-full	
urn:ure:t6:occ:function:current-client:00b40624	0x00b40624	xbuild-enriched-full	
urn:ure:t6:occ:function:current-client:00b40a7b	0x00b40a7b	xbuild-enriched-full	
urn:ure:t6:occ:function:current-client:00b40b55	0x00b40b55	xbuild-enriched-full	
urn:ure:t6:occ:function:current-client:00b40c08	0x00b40c08	xbuild-enriched-full	
urn:ure:t6:occ:function:current-client:00b40ce1	0x00b40ce1	xbuild-enriched-full	
urn:ure:t6:occ:function:current-client:00b40d16	0x00b40d16	xbuild-enriched-full	
urn:ure:t6:occ:function:current-client:00b40d1f	0x00b40d1f	xbuild-enriched-full	
urn:ure:t6:occ:function:current-client:00b40d55	0x00b40d55	xbuild-enriched-full	
urn:ure:t6:occ:function:current-client:00b41200	0x00b41200	xbuild-enriched-full	
urn:ure:t6:occ:function:current-client:00b42121	0x00b42121	xbuild-enriched-full	
urn:ure:t6:occ:function:current-client:00b42fa4	0x00b42fa4	xbuild-enriched-full	
urn:ure:t6:occ:function:current-client:00b430c8	0x00b430c8	xbuild-enriched-full	
urn:ure:t6:occ:function:current-client:00b43600	0x00b43600	xbuild-enriched-full	
urn:ure:t6:occ:function:current-client:00b43d00	0x00b43d00	xbuild-enriched-full	
urn:ure:t6:occ:function:current-client:00b43e6a	0x00b43e6a	xbuild-enriched-full	
urn:ure:t6:occ:function:current-client:00b43f00	0x00b43f00	xbuild-enriched-full	
urn:ure:t6:occ:function:current-client:00b44980	0x00b44980	xbuild-enriched-full	
urn:ure:t6:occ:function:current-client:00b46300	0x00b46300	xbuild-enriched-full	
urn:ure:t6:occ:function:current-client:00b465a8	0x00b465a8	xbuild-enriched-full	
urn:ure:t6:occ:function:current-client:00b466d8	0x00b466d8	xbuild-enriched-full	
urn:ure:t6:occ:function:current-client:00b467b9	0x00b467b9	xbuild-enriched-full	
urn:ure:t6:occ:function:current-client:00b467d0	0x00b467d0	xbuild-enriched-full	
urn:ure:t6:occ:function:current-client:00b4697c	0x00b4697c	xbuild-enriched-full	
urn:ure:t6:occ:function:current-client:00b46b28	0x00b46b28	xbuild-enriched-full	
urn:ure:t6:occ:function:current-client:00b47100	0x00b47100	xbuild-enriched-full	
urn:ure:t6:occ:function:current-client:00b4754e	0x00b4754e	xbuild-enriched-full	
urn:ure:t6:occ:function:current-client:00b4768c	0x00b4768c	xbuild-enriched-full	
urn:ure:t6:occ:function:current-client:00b479ae	0x00b479ae	xbuild-enriched-full	
urn:ure:t6:occ:function:current-client:00b47b00	0x00b47b00	xbuild-enriched-full	
urn:ure:t6:occ:function:current-client:00b48300	0x00b48300	xbuild-enriched-full	
urn:ure:t6:occ:function:current-client:00b4dc80	0x00b4dc80	xbuild-enriched-full	
urn:ure:t6:occ:function:current-client:00b4ddc0	0x00b4ddc0	xbuild-enriched-full	
urn:ure:t6:occ:function:current-client:00b4de40	0x00b4de40	xbuild-enriched-full	
urn:ure:t6:occ:function:current-client:00b50d50	0x00b50d50	xbuild-enriched-full	
urn:ure:t6:occ:function:current-client:00b50db0	0x00b50db0	xbuild-enriched-full	
urn:ure:t6:occ:function:current-client:00b51360	0x00b51360	xbuild-enriched-full	
urn:ure:t6:occ:function:current-client:00b51690	0x00b51690	xbuild-enriched-full	
urn:ure:t6:occ:function:current-client:00b51ab0	0x00b51ab0	xbuild-enriched-full	
urn:ure:t6:occ:function:current-client:00b53840	0x00b53840	xbuild-enriched-full	
urn:ure:t6:occ:function:current-client:00b53960	0x00b53960	xbuild-enriched-full	
urn:ure:t6:occ:function:current-client:00b53a00	0x00b53a00	xbuild-enriched-full	
urn:ure:t6:occ:function:current-client:00b53aa0	0x00b53aa0	xbuild-enriched-full	
urn:ure:t6:occ:function:current-client:00b53bb0	0x00b53bb0	xbuild-enriched-full	
urn:ure:t6:occ:function:current-client:00b53bf0	0x00b53bf0	xbuild-enriched-full	
urn:ure:t6:occ:function:current-client:00b53c40	0x00b53c40	xbuild-enriched-full	
urn:ure:t6:occ:function:current-client:00b53c80	0x00b53c80	xbuild-enriched-full	
urn:ure:t6:occ:function:current-client:00b53cc0	0x00b53cc0	xbuild-enriched-full	
urn:ure:t6:occ:function:current-client:00b53d00	0x00b53d00	xbuild-enriched-full	
urn:ure:t6:occ:function:current-client:00b53d50	0x00b53d50	xbuild-enriched-full	
urn:ure:t6:occ:function:current-client:00b53db0	0x00b53db0	xbuild-enriched-full	
urn:ure:t6:occ:function:current-client:00b53e20	0x00b53e20	xbuild-enriched-full	
urn:ure:t6:occ:function:current-client:00b53e80	0x00b53e80	xbuild-enriched-full	
urn:ure:t6:occ:function:current-client:00b53ef0	0x00b53ef0	xbuild-enriched-full	
urn:ure:t6:occ:function:current-client:00b53f50	0x00b53f50	xbuild-enriched-full	
urn:ure:t6:occ:function:current-client:00b53fc0	0x00b53fc0	xbuild-enriched-full	
urn:ure:t6:occ:function:current-client:00b541b0	0x00b541b0	xbuild-enriched-full	
urn:ure:t6:occ:function:current-client:00b541e0	0x00b541e0	xbuild-enriched-full	
urn:ure:t6:occ:function:current-client:00b54210	0x00b54210	xbuild-enriched-full	
urn:ure:t6:occ:function:current-client:00b69000	0x00b69000	xbuild-enriched-full	
urn:ure:t6:occ:function:current-client:00b6b390	0x00b6b390	xbuild-enriched-full	
urn:ure:t6:occ:function:current-client:00b6d320	0x00b6d320	xbuild-enriched-full	
