id	address	size	name	subsystem	expected_sha256
urn:ure:smg:re_FunctionVariant:rmge01-usasm:801616f4	0x801616F4	124	func_801616F4		a45a9c5d86f39449eb4fe7fdc2035119cd3c1815628fcc1a816dac40d8d8a287
urn:ure:smg:re_FunctionVariant:rmge01-usasm:80161770	0x80161770	128	func_80161770		4395cc07e2cbe28242c821c90e169ebda56979fd7bbdfc3e0d8ad5aca483eeb4
urn:ure:smg:re_FunctionVariant:rmge01-usasm:801617f0	0x801617F0	100	func_801617F0		eb849c3804b2887a4ce659c85e32509fb9a01088efc800d12e81e3bac0a8d195
urn:ure:smg:re_FunctionVariant:rmge01-usasm:80161854	0x80161854	484	func_80161854		f9b2a3af6f576c89d55cc4f57be909f8f79cf2705f4cf00d592fe06b4e138f7c
urn:ure:smg:re_FunctionVariant:rmge01-usasm:80161a38	0x80161A38	92	func_80161A38		1b74b68dccd7a7aea28980e3166b1b03ce0b2c39e69275f427094a227275c142
urn:ure:smg:re_FunctionVariant:rmge01-usasm:80161a94	0x80161A94	296	func_80161A94		2a45d842573c63435c9be0ec061aa6db980d6347a19e36e5acbc900d1fabc9e8
urn:ure:smg:re_FunctionVariant:rmge01-usasm:80161bbc	0x80161BBC	404	func_80161BBC		640d8dc8d09fed690878dc2a780eee10dacc5ef9c8a10c2b045921ad3f2115b2
urn:ure:smg:re_FunctionVariant:rmge01-usasm:80161d50	0x80161D50	124	func_80161D50		bdf644234f523540321cd89028d40e9982b0fd19da02701b0315322daf4fdf99
urn:ure:smg:re_FunctionVariant:rmge01-usasm:80161dcc	0x80161DCC	172	func_80161DCC		a58a48d15248639b07688c3a01d20390903df48f20810d91115018874ff300bd
urn:ure:smg:re_FunctionVariant:rmge01-usasm:80161e78	0x80161E78	20	func_80161E78		20f3f3f3e3355521e79ab3d7d46ea1e4b34337915e97c608e2070a5e7ca645ad
urn:ure:smg:re_FunctionVariant:rmge01-usasm:80161e8c	0x80161E8C	392	func_80161E8C		060ec710b7df4cfec29314a224739a4186a0814d990e5b12a6700b70f86963e5
urn:ure:smg:re_FunctionVariant:rmge01-usasm:80162014	0x80162014	20	func_80162014		f35afb242c7e854a5b4212012482943eb0de12be65e2b9ccd03c324daf67fe72
urn:ure:smg:re_FunctionVariant:rmge01-usasm:80162028	0x80162028	76	func_80162028		d97b6314b8cb2d64d66c9f1580a01b0eebf71bc31f2443eb0adcec49199076d9
urn:ure:smg:re_FunctionVariant:rmge01-usasm:80162074	0x80162074	160	func_80162074		c4b0decd651401ed158e3a5fb2337c920db29c127314be7b00347eb6a6fd1f9c
urn:ure:smg:re_FunctionVariant:rmge01-usasm:80162114	0x80162114	144	func_80162114		7ba5a951d19c092ed53f6291ac142aa1d8db6930069229618bf6cd76454067a2
urn:ure:smg:re_FunctionVariant:rmge01-usasm:801621a4	0x801621A4	152	func_801621A4		db9d18ecf0c99a3a8afe79153359c8a04ec8b2ab3aad1ff42fadb97aa15bc28e
urn:ure:smg:re_FunctionVariant:rmge01-usasm:8016223c	0x8016223C	104	func_8016223C		dc85b6a524a1e628326073a50ce614330717e945f172fa5bf7ee4fc94701bfc6
urn:ure:smg:re_FunctionVariant:rmge01-usasm:801622a4	0x801622A4	184	func_801622A4		9b327af660caa4b6205688c8d76d4d6075dd28ec583692b9daced0d76e452916
urn:ure:smg:re_FunctionVariant:rmge01-usasm:8016235c	0x8016235C	52	func_8016235C		c77c825f03b5060056925961d8b5d36177ede80dbcda2572ee045e117d1ee4be
urn:ure:smg:re_FunctionVariant:rmge01-usasm:80162390	0x80162390	36	func_80162390		6d48bfb7d7cf7d9a4790136f64526f5d23566ff6a5d9633753d7e4597a27ce2d
urn:ure:smg:re_FunctionVariant:rmge01-usasm:8016243c	0x8016243C	100	func_8016243C		4e3f9bcd5ce2b4b2e5283d84f0e2dd97c12dc04edd14f941ed0d06cf8b52008c
urn:ure:smg:re_FunctionVariant:rmge01-usasm:801624a0	0x801624A0	348	func_801624A0		79720bcd367a2fbcb0f21907bae7d31599a81f7d56dd436548423eef05f05931
urn:ure:smg:re_FunctionVariant:rmge01-usasm:801625fc	0x801625FC	16	func_801625FC		102c4edc43dd737afa06d9366c71ffa2dcb5ebf3d8bded62568a9e59460048a3
urn:ure:smg:re_FunctionVariant:rmge01-usasm:8016260c	0x8016260C	96	func_8016260C		96ec70bf19c1df20f58f97f50e4964ffcfc24839b3fd02a2cce72ee5d0f78ef2
urn:ure:smg:re_FunctionVariant:rmge01-usasm:8016266c	0x8016266C	52	func_8016266C		28a5659d01a8e4e2e2e70318e2cc2f7000613f65f039201389c7b15f4b521196
urn:ure:smg:re_FunctionVariant:rmge01-usasm:801626a0	0x801626A0	124	func_801626A0		b45ba148f0827f1adf4ed77b8dfd952df9132c9164fa6b73a1c4cf31d8ba27f7
urn:ure:smg:re_FunctionVariant:rmge01-usasm:8016271c	0x8016271C	248	func_8016271C		ad2ac780d71bb20d464b364c5905054945dff6d498366e7af046305f38fc3cd0
urn:ure:smg:re_FunctionVariant:rmge01-usasm:80162814	0x80162814	232	func_80162814		de005932e8301615628b3753896bff22cb49a48ff251f05c4b226054a9221950
urn:ure:smg:re_FunctionVariant:rmge01-usasm:801628fc	0x801628FC	100	func_801628FC		1b12c6f2f6e68654b9a99a9af1b525ee651012dbb1ec4a2bc035242d6b9789da
urn:ure:smg:re_FunctionVariant:rmge01-usasm:80162960	0x80162960	100	func_80162960		00d9e34ffba86e1129ed6bdf71177efedab4b47ebe627c0316928651fd03a429
urn:ure:smg:re_FunctionVariant:rmge01-usasm:801629c4	0x801629C4	100	func_801629C4		0346230b8f0cb1b5386347e458722835724a8a58cdc1f5ce1d6ebf8070777e84
urn:ure:smg:re_FunctionVariant:rmge01-usasm:80162b1c	0x80162B1C	68	func_80162B1C		9118271225eebebcbec27276aa96cefa6435006b47e23442b21481bf30d0470a
urn:ure:smg:re_FunctionVariant:rmge01-usasm:80162b60	0x80162B60	8	func_80162B60		fb21bddafc90c67b820ac4038c8a7672dd8e8d51c5403d735711a2e14c3d14d6
urn:ure:smg:re_FunctionVariant:rmge01-usasm:80162b68	0x80162B68	128	func_80162B68		449138ba550fd1f95ee49bac31ac174b5e20192df31e69620741c63599b5f757
urn:ure:smg:re_FunctionVariant:rmge01-usasm:80162be8	0x80162BE8	124	func_80162BE8		ee6ec99048462e0b62e70ae6cfbf2e2428b4c655400f66ce8e55b3cc2f464604
urn:ure:smg:re_FunctionVariant:rmge01-usasm:80162c64	0x80162C64	160	func_80162C64		b4c007c18527f582a7774d6bdfa9af3846dfd74d0e17133e003cc32af4d8dbf1
urn:ure:smg:re_FunctionVariant:rmge01-usasm:80162d04	0x80162D04	156	func_80162D04		0b19ead37c6e30d2e5e1b26819848eeb84a9bba5ce0ca4acef0b13ea0b5e845c
urn:ure:smg:re_FunctionVariant:rmge01-usasm:80162da0	0x80162DA0	84	func_80162DA0		bb7912b27f6bf8712848d47d59164175775f4874355bb6298acaeb6f8851e279
urn:ure:smg:re_FunctionVariant:rmge01-usasm:80162df4	0x80162DF4	164	func_80162DF4		1787bb542fdb0610aa85d36349ea9562dac5697b6c87cae4801c19341db2733e
urn:ure:smg:re_FunctionVariant:rmge01-usasm:80162e98	0x80162E98	128	func_80162E98		f5ceba23a7ad0356838668a89a5f41b196262904568a9bccfd724526b2a7e291
urn:ure:smg:re_FunctionVariant:rmge01-usasm:80162f18	0x80162F18	120	func_80162F18		c1da1dc1ee1171d9163ea406bcad3f64e784126b14aeb9f7c450c3bd318ecf99
urn:ure:smg:re_FunctionVariant:rmge01-usasm:80162f90	0x80162F90	496	func_80162F90		b3e06b4d5645288260d9c51b311d44dc6f4026c96357846bccee558c605fd9ec
urn:ure:smg:re_FunctionVariant:rmge01-usasm:80163180	0x80163180	24	func_80163180		c1dffeaf214addb79af287c40735b7c647eaaf67b216f0221f2e3f9a4fd5a15a
urn:ure:smg:re_FunctionVariant:rmge01-usasm:80163198	0x80163198	512	func_80163198		3dbe0fa60f0b077431de0302b56c67e5cee136b3d57bad38f3a9ddc5f29f3ad9
urn:ure:smg:re_FunctionVariant:rmge01-usasm:80163398	0x80163398	328	func_80163398		94a481e61671200e9caea4780cf4697c7ed101f7155cd8993667f56eee6fdc76
urn:ure:smg:re_FunctionVariant:rmge01-usasm:801634e0	0x801634E0	28	func_801634E0		3108415a3490a036ec439cffc08cb7ac9f22707bf023f86741fcd6c013427ce4
urn:ure:smg:re_FunctionVariant:rmge01-usasm:801634fc	0x801634FC	124	func_801634FC		a5feae7acd5180d528502fb7c8dcb1389aa6e799519a4f528c3c1b878b6e5dae
urn:ure:smg:re_FunctionVariant:rmge01-usasm:80163578	0x80163578	44	func_80163578		cc42855ff5963e21ee44c704a7b516aac3ebc4a82f787108c9f5271beb41d444
urn:ure:smg:re_FunctionVariant:rmge01-usasm:801635a4	0x801635A4	28	func_801635A4		ff7705e86efbe9f883b4590f369765cc3d6e05f61493c08c42f5a3a48de62131
urn:ure:smg:re_FunctionVariant:rmge01-usasm:801635c0	0x801635C0	64	func_801635C0		df38772c0c93c271034ba53d68507f323f93e4ba7e0fced11791342ef178afce
urn:ure:smg:re_FunctionVariant:rmge01-usasm:80163600	0x80163600	172	func_80163600		b11f690ab14a8a935a821ac009acd37139490e800c6fc8883c9bb8f35330a851
urn:ure:smg:re_FunctionVariant:rmge01-usasm:801636ac	0x801636AC	180	func_801636AC		df850571e0e12e829cde856e831a422d807c2c173f30a8ac2cea765eacd5570b
urn:ure:smg:re_FunctionVariant:rmge01-usasm:80163760	0x80163760	24	func_80163760		24cb78c51f2b8decae28e47af66961969399c1e1d939bc76c481e42c850183f5
urn:ure:smg:re_FunctionVariant:rmge01-usasm:80163778	0x80163778	144	func_80163778		eac348e0cafd7329845e0983f563a7576ad2eb96014dec15fcf493a11dfda528
urn:ure:smg:re_FunctionVariant:rmge01-usasm:80163808	0x80163808	20	func_80163808		c36ef4dfc813750cce33fd9b673bd646f0d3db26783f557d7895f53bd9cc5690
urn:ure:smg:re_FunctionVariant:rmge01-usasm:8016381c	0x8016381C	60	func_8016381C		8d83d81b53d3e39eda4609531129e0b668e15af4ee3aa9faade979b97add016c
urn:ure:smg:re_FunctionVariant:rmge01-usasm:80163858	0x80163858	104	func_80163858		f77e177bf6049081c989f96b945f18989f7b241a89a69e0979f3a52e85852960
urn:ure:smg:re_FunctionVariant:rmge01-usasm:801638c0	0x801638C0	96	func_801638C0		1aecd8d221d8d5ce0234035615696f164a4defd71d231b1bceaca9b86f3d259f
urn:ure:smg:re_FunctionVariant:rmge01-usasm:80163920	0x80163920	100	func_80163920		f45384143f51a01e7bf531f8f5caad586562b80f2a27a07d29bde422d584727b
urn:ure:smg:re_FunctionVariant:rmge01-usasm:80163984	0x80163984	44	func_80163984		52e7f45197d52c0e0cd0693609fa1165a2652fbc9a35e312a2940e897ac85ab4
urn:ure:smg:re_FunctionVariant:rmge01-usasm:801639b0	0x801639B0	120	func_801639B0		c24a8ee63de6e6acae5031e599c439d2e002a767c31bfec18144bdf0d90fdfcf
urn:ure:smg:re_FunctionVariant:rmge01-usasm:80163a28	0x80163A28	604	func_80163A28		57814878340bfc8e8b8fd20b13070eef1aa5889e21cf66e44e6bc6f386d05c28
urn:ure:smg:re_FunctionVariant:rmge01-usasm:80163c84	0x80163C84	140	func_80163C84		7623294aefcc5bb04b03d486a229dbc45ae3edc41b17815f91e87fdce5a8207a
urn:ure:smg:re_FunctionVariant:rmge01-usasm:80163d10	0x80163D10	128	func_80163D10		f30c364a2a3fb850769080dda18d99c74034c47a8c7dd1f24e4bae18df0339a9
urn:ure:smg:re_FunctionVariant:rmge01-usasm:80163d90	0x80163D90	192	func_80163D90		3f0015863aec5a0fff046f7dd06855bb213559951d86e875f6ffd8ca7281ff23
urn:ure:smg:re_FunctionVariant:rmge01-usasm:80163f14	0x80163F14	196	func_80163F14		a3b91589155ad1744e022664696596c218f3b3899557eda3e80f776af8bd5923
urn:ure:smg:re_FunctionVariant:rmge01-usasm:801640b0	0x801640B0	184	func_801640B0		b69b8b0152acd3ecac50bb3780c961be73dbe54fdf59426849bb7655323374f4
urn:ure:smg:re_FunctionVariant:rmge01-usasm:80164168	0x80164168	92	func_80164168		6a1094f0f961d9781610371862d51db45dd2a931df374a854ee3c1a7d952de7b
urn:ure:smg:re_FunctionVariant:rmge01-usasm:801641c4	0x801641C4	92	func_801641C4		4118e8ada5e0c1c9e233f3e229509579e705295e4b60b612ef4c636951ad54d3
urn:ure:smg:re_FunctionVariant:rmge01-usasm:80164318	0x80164318	96	func_80164318		4da80aae5755d45ce6d8581a67508bc14f9cef7c2af99f6f900e88e39a0e58ee
urn:ure:smg:re_FunctionVariant:rmge01-usasm:80164378	0x80164378	96	func_80164378		29ac3c641cdd4b22bc824bad1c3f7af93fec815ff0f41e65324180db01cbf394
urn:ure:smg:re_FunctionVariant:rmge01-usasm:801643d8	0x801643D8	16	func_801643D8		0ed2da8f3ae65ebebc47bd43f164bbcdc274e1f383d79be8a1fc5d15405108fb
urn:ure:smg:re_FunctionVariant:rmge01-usasm:801643e8	0x801643E8	176	func_801643E8		fed06464f2fed6dda0ed2334b84f6a61844afa142c173b6cae768c25443146f1
urn:ure:smg:re_FunctionVariant:rmge01-usasm:80164498	0x80164498	36	func_80164498		37be66436523e33f782b879f65985e956ca98ed2ba7c8c1abbb4221476166206
urn:ure:smg:re_FunctionVariant:rmge01-usasm:801644bc	0x801644BC	180	func_801644BC		dfbe3e5733cb1e9500f0a9593b274a5f297a26dc50c00c3d889d263be34fa4b0
urn:ure:smg:re_FunctionVariant:rmge01-usasm:80164570	0x80164570	460	func_80164570		00ca7a5542504f722cb0371f67d554bddb01b5ed06c11578a0417358eb8ef2a3
urn:ure:smg:re_FunctionVariant:rmge01-usasm:8016473c	0x8016473C	172	func_8016473C		4cb22ec77841bf5ec480b0b7b65551a42b0262baaae3d042346643af1c8ad3bb
urn:ure:smg:re_FunctionVariant:rmge01-usasm:801647e8	0x801647E8	548	func_801647E8		a69f7ab7ba743c428b33d3a2c8c0542b58cdbd72c156f5ffd4a8df7bb13e8082
urn:ure:smg:re_FunctionVariant:rmge01-usasm:80164a0c	0x80164A0C	100	func_80164A0C		ea0dcd67a1191a40fcb5e0ed75c178276b24f6883d1c46a1b24e6b909851444a
urn:ure:smg:re_FunctionVariant:rmge01-usasm:80164a70	0x80164A70	136	func_80164A70		c3380549942704466bdccd052f59ff33449bfdc366ae5eb361ee65f2a953f7da
urn:ure:smg:re_FunctionVariant:rmge01-usasm:80164af8	0x80164AF8	244	func_80164AF8		554a5b1b5618ce06d5040f8a8b83e434816873c51d980878bc375ef7a10c7ae2
urn:ure:smg:re_FunctionVariant:rmge01-usasm:80164bec	0x80164BEC	216	func_80164BEC		4c14456929a8ad25718281d88628492a25941b4a492f2f8b185f5882dbefca0a
urn:ure:smg:re_FunctionVariant:rmge01-usasm:80164cc4	0x80164CC4	112	func_80164CC4		8d6ca4d539aeb94bef65dd25848d5ab692256a08f6bebc28fac9e801c6443490
urn:ure:smg:re_FunctionVariant:rmge01-usasm:80164d34	0x80164D34	128	func_80164D34		6141eb92013012cf2997eb9f52a9e05e556e7a806f448398c0aaaa1894910f52
urn:ure:smg:re_FunctionVariant:rmge01-usasm:80164db4	0x80164DB4	472	func_80164DB4		dc22d84ee2ba1c2d0218e8781da7a9273ac735ecb04c27a40b74d5c14c82dcf1
urn:ure:smg:re_FunctionVariant:rmge01-usasm:80164f8c	0x80164F8C	516	func_80164F8C		9c63f1882830cc805c1bb17d1c824a9f101795ea89f229a481fd8f67ce072560
urn:ure:smg:re_FunctionVariant:rmge01-usasm:80165190	0x80165190	116	func_80165190		b3952a2d2fc29cee2dcf4f0c8c388e8d15a33483044ea869590358df707c4b3d
urn:ure:smg:re_FunctionVariant:rmge01-usasm:80165204	0x80165204	232	func_80165204		d43a5fe62c08a48030b8c80f42597ed9031b39f19760770317595a7229cb830b
urn:ure:smg:re_FunctionVariant:rmge01-usasm:801652ec	0x801652EC	4	func_801652EC		f332ea5b5437103cbb6f1508679da89eec9288ad775c96c439a17fccabe3de8e
urn:ure:smg:re_FunctionVariant:rmge01-usasm:801652f0	0x801652F0	16	func_801652F0		1e0c2548accc9137c8b099e89dc587133504c4d4282fde14deba2334e2e871c6
urn:ure:smg:re_FunctionVariant:rmge01-usasm:80165300	0x80165300	196	func_80165300		fa1af6adef5666b9b22535c243857a8368dc6545b34ed5beb6ae90fd979643b4
urn:ure:smg:re_FunctionVariant:rmge01-usasm:801653c4	0x801653C4	16	func_801653C4		b6d2982b5b63d8eb966521b11e6e2348bec13ad69b65094c52a566b80319a0f9
urn:ure:smg:re_FunctionVariant:rmge01-usasm:801653d4	0x801653D4	164	func_801653D4		ed486bfaa176157a533ea0323365687783e07dcd567eec2cda7f71e3e33354d6
urn:ure:smg:re_FunctionVariant:rmge01-usasm:80165478	0x80165478	284	func_80165478		aab976d3188cdaf77ebad83f496014583bc85a697314db133abd2c6d28a86764
urn:ure:smg:re_FunctionVariant:rmge01-usasm:80165594	0x80165594	76	func_80165594		5c58a32535895aa37d1a530dec60766dbe71a1cc5436e06987013c775411a089
urn:ure:smg:re_FunctionVariant:rmge01-usasm:801655e0	0x801655E0	92	func_801655E0		134157a1dbda79fb8ed196327f8cecc2eacf36f48b5bc86822b9b2faf5819a0a
urn:ure:smg:re_FunctionVariant:rmge01-usasm:8016563c	0x8016563C	308	func_8016563C		d28d630c27061df02b51702c122bf6a7e8cb516d17f8265272d30c3b7adb9553
urn:ure:smg:re_FunctionVariant:rmge01-usasm:80165770	0x80165770	180	func_80165770		b6077f992a7762725473bc3a12f6a8889c7bb852efd60db115a5559aa5ec3947
urn:ure:smg:re_FunctionVariant:rmge01-usasm:80165824	0x80165824	8	func_80165824		0e6dab201f5e9c8a702b94980eebb4c38c54211bbe2d6587745adf28ff6a409f
urn:ure:smg:re_FunctionVariant:rmge01-usasm:8016582c	0x8016582C	60	func_8016582C		eff1149dc88a77fac8c879b48c22cb4e9defba5ec38b2a0d1e27edaba3d8362d
urn:ure:smg:re_FunctionVariant:rmge01-usasm:80165868	0x80165868	12	func_80165868		a2b00cc7f6ee72b72b20ae968d547fdf973cc67d2933d5a85c20a72aa9035e32
urn:ure:smg:re_FunctionVariant:rmge01-usasm:80165874	0x80165874	24	func_80165874		a0274428c685ac3608a67bae1852e13a692746484157b43fddf4440b95b6bfa7
urn:ure:smg:re_FunctionVariant:rmge01-usasm:801658d4	0x801658D4	116	func_801658D4		d78960a86b90f9479a38848b6d00574951d44624d592a08f0a2974c2407807e2
urn:ure:smg:re_FunctionVariant:rmge01-usasm:80165948	0x80165948	124	func_80165948		a82e151c016ab821d011f456bcbaf4258f3f466297ecdeb2a1249d1778b6f931
urn:ure:smg:re_FunctionVariant:rmge01-usasm:801659c4	0x801659C4	160	func_801659C4		563b105be2f21a8ce914ceae2cafdead77ec63d08d6a479bb6c3e500a01aaa2a
urn:ure:smg:re_FunctionVariant:rmge01-usasm:80165a64	0x80165A64	84	func_80165A64		9605f99cc157408d65d84a4c8518bfaae47aaf05771530b74a46273054fd3e2c
urn:ure:smg:re_FunctionVariant:rmge01-usasm:80165ab8	0x80165AB8	80	func_80165AB8		8abec8f962a72f4330ae39b49606631e4a1f0b35bdc02b83912ae9166d65246a
urn:ure:smg:re_FunctionVariant:rmge01-usasm:80165b08	0x80165B08	184	func_80165B08		0a3a25fb7f7072074b2ddf68e39d22d3eab83575f2669b2be0c3f6aad9468a85
urn:ure:smg:re_FunctionVariant:rmge01-usasm:80165bc0	0x80165BC0	80	func_80165BC0		b8970979bdb47fc911d8585bcb82ef3a939102b150000939d1c8f3d39e12481d
urn:ure:smg:re_FunctionVariant:rmge01-usasm:80165c10	0x80165C10	172	func_80165C10		a09a61d7dbe02bf0ad3d7070b80746122c31a2d8758951948f87000b15272c4c
urn:ure:smg:re_FunctionVariant:rmge01-usasm:80165cbc	0x80165CBC	168	func_80165CBC		6562beffb0b74fd603dd810468d47e08a17fda093992987e73a701caf294fa1c
urn:ure:smg:re_FunctionVariant:rmge01-usasm:80165d64	0x80165D64	84	func_80165D64		e51f5c8ec307ec75dcbefce6450285e3a3ca7361d40cf55f5915519f038c94d9
urn:ure:smg:re_FunctionVariant:rmge01-usasm:80165ecc	0x80165ECC	48	func_80165ECC		87833cc0c3e7c964fb5e994eacce8dd89adc64e68ced4cc06b5dd622234f230d
urn:ure:smg:re_FunctionVariant:rmge01-usasm:80165efc	0x80165EFC	136	func_80165EFC		810e819d23fe62d0347af2283179686b704e5f7007ed4fde01906e222865e598
urn:ure:smg:re_FunctionVariant:rmge01-usasm:80165f84	0x80165F84	116	func_80165F84		bcd18aca76e91423bf81aa22d19d1fc79f740b1b140f95f3239b7c6d831ef756
urn:ure:smg:re_FunctionVariant:rmge01-usasm:80165ff8	0x80165FF8	8	func_80165FF8		d257b80299d110e06861570300bdb57730e2fec3372c8342aed73b306e3f92ce
urn:ure:smg:re_FunctionVariant:rmge01-usasm:80166000	0x80166000	132	func_80166000		e021742cbc2f65c4d73cfd90ec5858cb2f26f6e985c9fe86ff7a99cf7d1da0a8
urn:ure:smg:re_FunctionVariant:rmge01-usasm:80166084	0x80166084	28	func_80166084		943e207a0da29e74e048d979c4a1e90d886880698f9e3cdb8c7d40fa74b76314
urn:ure:smg:re_FunctionVariant:rmge01-usasm:801660a0	0x801660A0	48	func_801660A0		8b307854ca175c91d54ffcc4f3b3bb1d473a123590e383819901157f7cfde9f2
urn:ure:smg:re_FunctionVariant:rmge01-usasm:801660d0	0x801660D0	60	func_801660D0		7839b400ee86af747292604cd41660cfbf299dcaeb9fa9223288b0b631450035
urn:ure:smg:re_FunctionVariant:rmge01-usasm:8016610c	0x8016610C	4	func_8016610C		ebc4db5b894da61fca8590779068b8a1dd2ed3125f92b6e56a8f9102f25c6791
urn:ure:smg:re_FunctionVariant:rmge01-usasm:80166110	0x80166110	16	func_80166110		dbe56d7d0c39d4a9582d9dc1e3c4f20d303e7c4a59cb13dcdfd02a0e158811f0
urn:ure:smg:re_FunctionVariant:rmge01-usasm:80166120	0x80166120	116	func_80166120		526e8e1b038d9d2dfb98b4050b1686429a7e2c411bae444581db1ea7ed96f586
urn:ure:smg:re_FunctionVariant:rmge01-usasm:80166194	0x80166194	112	func_80166194		1d6d70528abc8e6f4950065ab4057248e5312a08cb3c69333305e8f1e7e6883e
urn:ure:smg:re_FunctionVariant:rmge01-usasm:80166280	0x80166280	104	func_80166280		3e4417f0c9909828797ebbc088c99b702fd69413d8d58ea8c58b154280bf1efe
urn:ure:smg:re_FunctionVariant:rmge01-usasm:801662e8	0x801662E8	320	func_801662E8		a8640bf22946417a725d3fe99ce7b81bbdc4c17ef2235a57616eb404fb68303d
urn:ure:smg:re_FunctionVariant:rmge01-usasm:80166428	0x80166428	16	func_80166428		5682ff664c9be170ac63201a814502143686fc8386108cb75a2f7b8bf75b9212
urn:ure:smg:re_FunctionVariant:rmge01-usasm:80166438	0x80166438	72	func_80166438		03049bfc9fd19f9be2e11e88b0e4ec711913303ef8f9f15ab4101bdd16ac8604
urn:ure:smg:re_FunctionVariant:rmge01-usasm:80166480	0x80166480	4	func_80166480		4bf2c1a449dab5b8ed3094e5ebb914246c996e978bd0ac3ebb5894c988121ac8
urn:ure:smg:re_FunctionVariant:rmge01-usasm:80166484	0x80166484	136	func_80166484		98320e2060beb317fbc5271e9500fbb3a81f179356e5be942d872f6c15e7141d
urn:ure:smg:re_FunctionVariant:rmge01-usasm:8016650c	0x8016650C	388	func_8016650C		f7e3a1acb8d532ebf23a4fef7161dc0a4034d1d52220a4bb92c582d84f1f9397
urn:ure:smg:re_FunctionVariant:rmge01-usasm:80166690	0x80166690	368	func_80166690		f4c95db71033505aa304b3af110b123ab1174c46e53ff9ee68b9dbe3743aa7e8
urn:ure:smg:re_FunctionVariant:rmge01-usasm:80166800	0x80166800	172	func_80166800		ad29806ed5272b11e9051eec353bbc359178a811bfead7171c0e21ce4e078730
urn:ure:smg:re_FunctionVariant:rmge01-usasm:801668ac	0x801668AC	56	func_801668AC		2f6add3242915a81dd213f614bd1d1e4b489101e21e265af0b3325f1b86bfef8
urn:ure:smg:re_FunctionVariant:rmge01-usasm:801668e4	0x801668E4	168	func_801668E4		027e1a77e776e363f93584ca24d0c76ae2ac6391b04efeac042044e0dae69e53
urn:ure:smg:re_FunctionVariant:rmge01-usasm:8016698c	0x8016698C	164	func_8016698C		c13e1db80d0d153ef4c9dcd88fd8908dfab4bedd79976f9ab1b0171381e26de6
urn:ure:smg:re_FunctionVariant:rmge01-usasm:80166a30	0x80166A30	52	func_80166A30		c9bc5d59012c4b32e39035396aeaad23040ba28d62632f25bed49356b42ecc10
urn:ure:smg:re_FunctionVariant:rmge01-usasm:80166a64	0x80166A64	52	func_80166A64		ec28da3fb7142fb77790de24e812e2e7aabc25f9ce6a700b26234a1c8effc55b
urn:ure:smg:re_FunctionVariant:rmge01-usasm:80166a98	0x80166A98	420	func_80166A98		ee0f6359acb0480fd4412067989e8cc3736803b41d38bf04a239cd926d66217f
urn:ure:smg:re_FunctionVariant:rmge01-usasm:80166c3c	0x80166C3C	40	func_80166C3C		0f1c7a65ea09cdfa10a7e61a01bfd3da4f35b951591c0dec2aad03013e269d48
urn:ure:smg:re_FunctionVariant:rmge01-usasm:80166c64	0x80166C64	8	func_80166C64		135082edb9c9c66cbb18d407c12d4bd74749f098b749cfdd599169ded450ec9a
urn:ure:smg:re_FunctionVariant:rmge01-usasm:80166c6c	0x80166C6C	32	func_80166C6C		514e899e987b17496aee4c3d9b7fbbcf2d0982de5947fcd4ce48083e740d819a
urn:ure:smg:re_FunctionVariant:rmge01-usasm:80166c8c	0x80166C8C	8	func_80166C8C		e6f2255947cfdc93b8c16598c22183340b184e858cc42557b8aa4fc3f3963633
urn:ure:smg:re_FunctionVariant:rmge01-usasm:80166c94	0x80166C94	12	func_80166C94		549a6d581b66553bfd3125babb749766ee313ecf943ca00e81c95927d5f6e38c
urn:ure:smg:re_FunctionVariant:rmge01-usasm:80166ca0	0x80166CA0	148	func_80166CA0		e1f8f33477bb99379a1f8a9f1366340e6dab90b6f3456566039fc5d662248920
urn:ure:smg:re_FunctionVariant:rmge01-usasm:80166d34	0x80166D34	12	func_80166D34		d98519db077ba776dd0a55c8ec0318cd6f84179d5b33e7912edd3519ec046bd1
urn:ure:smg:re_FunctionVariant:rmge01-usasm:80166d40	0x80166D40	128	func_80166D40		b69460b4ef4efbea9abb01bca957e69b52f039e10c377a18a329b4dd409ed8b1
urn:ure:smg:re_FunctionVariant:rmge01-usasm:80166dc0	0x80166DC0	196	func_80166DC0		b84a179bac62e0187b98af907e853c17f32ee7aea65d5fb6f8adce892c176d38
urn:ure:smg:re_FunctionVariant:rmge01-usasm:80166e84	0x80166E84	196	func_80166E84		eb2a326101893bd84476141a778806ba2c16d78b352b1fd4608806b9fe2bb931
urn:ure:smg:re_FunctionVariant:rmge01-usasm:80166f48	0x80166F48	196	func_80166F48		1547976c18a00c4a971a11b606912bddaa6a929ad02fc0aaa8909ed9256fb188
urn:ure:smg:re_FunctionVariant:rmge01-usasm:8016700c	0x8016700C	160	func_8016700C		224b61ad7a1fb0de848cd1158afdb25bc542cc7fa2dc6776ca6b5ba19343f8c8
urn:ure:smg:re_FunctionVariant:rmge01-usasm:801670ac	0x801670AC	20	func_801670AC		52b9d1a5228ade62b4b193d2ec6a0de847f0682450f5f2b1397414797c319a4a
urn:ure:smg:re_FunctionVariant:rmge01-usasm:801670c0	0x801670C0	156	func_801670C0		7c571ac74db81442a42ae3ca0e5c90c13e7dd418f17722617b51e7d46794cb8d
urn:ure:smg:re_FunctionVariant:rmge01-usasm:8016715c	0x8016715C	84	func_8016715C		7757816685702b9a39e9bb209b915b677cc93f7b1769d361b9fdb5619a309b7c
urn:ure:smg:re_FunctionVariant:rmge01-usasm:801671b0	0x801671B0	84	func_801671B0		a20084d241c20e3ed59cd31a8c76c49ad613e30ce32b799787540180179d2099
urn:ure:smg:re_FunctionVariant:rmge01-usasm:80167204	0x80167204	76	func_80167204		6d293c754361a575e61f5301976715c6ecc1e6c79219530e20da7e6f08539e93
urn:ure:smg:re_FunctionVariant:rmge01-usasm:80167250	0x80167250	356	func_80167250		06d426837aa20f46f59848dfcf0d94f1a79764aadf6320244018e5228598d5b8
urn:ure:smg:re_FunctionVariant:rmge01-usasm:801673b4	0x801673B4	68	func_801673B4		db5d8d088ba90a1c3b678be61ba1322f587e40991efcd7ec6a9a3b32ccb5d53c
urn:ure:smg:re_FunctionVariant:rmge01-usasm:801673f8	0x801673F8	236	func_801673F8		d7cf7effc1edb2a268f3a8b554010904ab407af4c67f27c8098360d1b0b72ce8
urn:ure:smg:re_FunctionVariant:rmge01-usasm:801674e4	0x801674E4	528	func_801674E4		1c0059c5ef736934d2513c49110d1d332f2c1667572381efd9851aa331052492
urn:ure:smg:re_FunctionVariant:rmge01-usasm:801676f4	0x801676F4	116	func_801676F4		4af7031ea511a665d7c5ed9088a39a254d115c2b3e0f8b264fdee7b7182ff93a
urn:ure:smg:re_FunctionVariant:rmge01-usasm:80167768	0x80167768	460	func_80167768		a5c303223f518c0cb002dcf83a46adca1834f907400c2a1bc494f43d90db317f
urn:ure:smg:re_FunctionVariant:rmge01-usasm:80167934	0x80167934	596	func_80167934		8dd98665f300a8b72024e2b6a121a20f622cc6d85aeb41a25ed1640f19bb4018
urn:ure:smg:re_FunctionVariant:rmge01-usasm:80167b88	0x80167B88	28	func_80167B88		dc61a181109c2b236153d7333e81d485cd74716e4cdab8800d0ecbd4677a0502
urn:ure:smg:re_FunctionVariant:rmge01-usasm:80167ba4	0x80167BA4	68	func_80167BA4		495f46ff2b91fad294e919a9b78121a44d8412a3a626e72e0b5f4b10ba08a779
urn:ure:smg:re_FunctionVariant:rmge01-usasm:80167be8	0x80167BE8	160	func_80167BE8		7013c238156db23866ee56904668e29ac54c649588fdcf47f4853fb87bfbae81
urn:ure:smg:re_FunctionVariant:rmge01-usasm:80167c88	0x80167C88	132	func_80167C88		5721e714b01d9480c77a5b6d737809f0924ce0718c3ed6d177dee4c674cbe602
urn:ure:smg:re_FunctionVariant:rmge01-usasm:80167d0c	0x80167D0C	128	func_80167D0C		bca397f8c65d79411e20e286d2d1e3df78f2e6a07fc22f882b59eb1bd13aaaa0
urn:ure:smg:re_FunctionVariant:rmge01-usasm:80167d8c	0x80167D8C	152	func_80167D8C		10bdb04d6efc9dbdfac663190f1ec224f0494671c36ade25bc72d1fa4015f94c
urn:ure:smg:re_FunctionVariant:rmge01-usasm:80167e24	0x80167E24	132	func_80167E24		983b3a583ef6d049b01086af9f5e6bebde44b97b3f45f15c1bfc0e8a13e2a46b
urn:ure:smg:re_FunctionVariant:rmge01-usasm:80167ea8	0x80167EA8	496	func_80167EA8		a40d3e29bbfe2e00fe6e7fe4bd91e9e2527867063554659806b0cf58fe6c8e43
urn:ure:smg:re_FunctionVariant:rmge01-usasm:80168098	0x80168098	92	func_80168098		eb4acae70ece9ee2f5e25603c576a8df4d7b57ce22cc0a1ba9cd60cf98cc46d1
urn:ure:smg:re_FunctionVariant:rmge01-usasm:801680f4	0x801680F4	172	func_801680F4		020980e8a88bb315b07360141f8481fab7708355e2d649b3600a7ae989055738
urn:ure:smg:re_FunctionVariant:rmge01-usasm:801681a0	0x801681A0	132	func_801681A0		3de129979852c623951393a0f69355e43b84b28bb448ab045ca060b3e835c0c9
urn:ure:smg:re_FunctionVariant:rmge01-usasm:80168224	0x80168224	332	func_80168224		e9644f7982527df5b571138f6d06109c6ebeecb6f879137b578347df6a90ec3e
urn:ure:smg:re_FunctionVariant:rmge01-usasm:80168370	0x80168370	600	func_80168370		d344eb9784cba4b30037fe54ea88dd7e21b41b43eb435366dd8663ca480aa9f9
urn:ure:smg:re_FunctionVariant:rmge01-usasm:801685c8	0x801685C8	96	func_801685C8		ad24a037afd0ebcc8a1dcd6de490ee80e2bc6943d1e8a1427252ab63f9c2e664
urn:ure:smg:re_FunctionVariant:rmge01-usasm:80168628	0x80168628	92	func_80168628		886456908261f2d2f6ae737f329e0ac853bd6774830bcd3b75550e6ed7bff654
urn:ure:smg:re_FunctionVariant:rmge01-usasm:80168684	0x80168684	132	func_80168684		18f427b8e78f98b5c230afb7e92da13a354decf1bf0944ada65c083773de4a90
urn:ure:smg:re_FunctionVariant:rmge01-usasm:80168708	0x80168708	40	func_80168708		b6c51f8706668a2a456a0091c93ac0b4b4f6d4929e630dc94c34e4e135e3824c
urn:ure:smg:re_FunctionVariant:rmge01-usasm:80168730	0x80168730	92	func_80168730		e54d6f49522e17739258386c4481dd6cb0de2a80baf6204095ab96478e9866a9
urn:ure:smg:re_FunctionVariant:rmge01-usasm:8016878c	0x8016878C	260	func_8016878C		8ba79e692a730865933418f48aaf2cd9f1c2557d99053273db6c35a2e39051b2
urn:ure:smg:re_FunctionVariant:rmge01-usasm:80168890	0x80168890	416	func_80168890		74e8003ce7f8e64922b02ce03f3a60fd6851f1ecf7f15822d417cce799c40579
urn:ure:smg:re_FunctionVariant:rmge01-usasm:80168a30	0x80168A30	172	func_80168A30		69233a3e83137ab13d8b29026890dde7200f7f0b9f2d06ba5bf07de5efea20bd
urn:ure:smg:re_FunctionVariant:rmge01-usasm:80168adc	0x80168ADC	100	func_80168ADC		529bbab4846767a5dc48aeba7917545ea7a8590fba930562c368c695174efcc6
urn:ure:smg:re_FunctionVariant:rmge01-usasm:80168b40	0x80168B40	40	func_80168B40		57513f8fb58285c93388fac93cd6d63593c465e4f2b0d210a98cf3de9a26499f
urn:ure:smg:re_FunctionVariant:rmge01-usasm:80168b68	0x80168B68	224	func_80168B68		465ea004734d81fea93438bf8e4186310b1aff6ee465fc16b157afc6e7d26428
urn:ure:smg:re_FunctionVariant:rmge01-usasm:80168c48	0x80168C48	788	func_80168C48		8dab3d736744b57cead4cf1ea8a1f2ea3234e165b6160f5f650da60aef3e0225
urn:ure:smg:re_FunctionVariant:rmge01-usasm:80168f5c	0x80168F5C	48	func_80168F5C		82e390879700fe354f5da5ed5f8356341e1bd099f12469bcbe863fbf97659f53
urn:ure:smg:re_FunctionVariant:rmge01-usasm:80168f8c	0x80168F8C	156	func_80168F8C		9d95c76275faf58e826d90383111451019fea3ce4cabadfc5a0a45a9b763d739
urn:ure:smg:re_FunctionVariant:rmge01-usasm:80169028	0x80169028	56	func_80169028		e2c8d27bf3ee310fc25100387ec2b4604bcbffeab473440a7c77638ae15a5206
urn:ure:smg:re_FunctionVariant:rmge01-usasm:80169060	0x80169060	48	func_80169060		6b400c48e883f3ed8c7038d51ff110376e724a0345ebafe9fc84ff481ccfbed6
urn:ure:smg:re_FunctionVariant:rmge01-usasm:80169090	0x80169090	48	func_80169090		8777fd586b0d68988e97984d4f5b4716a64dea8c27afa02110fe9e52b16a81df
urn:ure:smg:re_FunctionVariant:rmge01-usasm:801690c0	0x801690C0	8	func_801690C0		294a6cec25c54a8543ca4b2faddda112587fb4aac4ff68f665a0b3a97b4600ea
urn:ure:smg:re_FunctionVariant:rmge01-usasm:801690c8	0x801690C8	300	func_801690C8		59a8ceae7809c971439e057ece4653cf42d3040e3e03a51953b71f10bc6474f3
urn:ure:smg:re_FunctionVariant:rmge01-usasm:801691f4	0x801691F4	96	func_801691F4		690f2c0960a2a2451197de21acf7a11a3264a1e1f7a8d3cc145e8aeeb26a3b45
urn:ure:smg:re_FunctionVariant:rmge01-usasm:80169254	0x80169254	84	func_80169254		5abb1d4c2ed852647df6cae84973434fdb4cf00098a2ad9e67fdaa5796c7e4b1
urn:ure:smg:re_FunctionVariant:rmge01-usasm:801692a8	0x801692A8	84	func_801692A8		5040380b1984262bc425213f2b454c7acdfd7bac7355403b8fa1c432ff597f13
urn:ure:smg:re_FunctionVariant:rmge01-usasm:801692fc	0x801692FC	84	func_801692FC		d318c58787f9c84861f312c13edec76122036efd901dc75b05c14f02076789a6
urn:ure:smg:re_FunctionVariant:rmge01-usasm:80169350	0x80169350	84	func_80169350		dec2a0e3a972bae80cd29b9ac82e1e69cab2c0462acc53fa754645558a801ced
urn:ure:smg:re_FunctionVariant:rmge01-usasm:801693a4	0x801693A4	84	func_801693A4		e037905f105c55a0650ec534fb51aeefc2fe1fe5a00a8d63011a4e5f11dbd1df
urn:ure:smg:re_FunctionVariant:rmge01-usasm:801693f8	0x801693F8	68	func_801693F8		2198f0faa2d140c8a79f7b2a7a3d398812004694b668d65aff86ab2d2c971e93
urn:ure:smg:re_FunctionVariant:rmge01-usasm:8016943c	0x8016943C	72	func_8016943C		f15b6fa3319566fe8460adfb45bffa453e6fac876948c9b338f26428f85c65a2
urn:ure:smg:re_FunctionVariant:rmge01-usasm:80169484	0x80169484	72	func_80169484		d451ddd87adbdf047bb079aad5d30379c35cf401164f9f400be8eb0692b659eb
urn:ure:smg:re_FunctionVariant:rmge01-usasm:801694cc	0x801694CC	72	func_801694CC		9ce637e6bbc50b4842ff7ff439f84008828c3337b94c63332dcae316f7282665
urn:ure:smg:re_FunctionVariant:rmge01-usasm:80169514	0x80169514	72	func_80169514		c3abb42781c9e18bc80330abd7850f2180e331de6ebaabd27fa43414b3d2e1ca
urn:ure:smg:re_FunctionVariant:rmge01-usasm:8016955c	0x8016955C	24	func_8016955C		d79abf12a93cc70497a11ca2f009a5c3682b2975cb9f931aac36695d4a16d6e5
urn:ure:smg:re_FunctionVariant:rmge01-usasm:80169574	0x80169574	12	func_80169574		2e1b83ae42429759d7bd555772c8b5135f8414973876425131c7bce4685ab9ca
urn:ure:smg:re_FunctionVariant:rmge01-usasm:80169580	0x80169580	12	func_80169580		dbaa47ee1b6790de9c830efe68c5502ab056b561a9055f56f6ed733238f9e372
urn:ure:smg:re_FunctionVariant:rmge01-usasm:8016958c	0x8016958C	12	func_8016958C		8351e21878e03089214c7de0568b8b9453672ee3134d36d2d93a280fef43a1e8
urn:ure:smg:re_FunctionVariant:rmge01-usasm:80169598	0x80169598	12	func_80169598		adef727e12317c2108ec4b00a17afd2cefc5005fea2fffc7eb85ed61516b0152
urn:ure:smg:re_FunctionVariant:rmge01-usasm:801695a4	0x801695A4	12	func_801695A4		17f910809806b4197ff0af1d5f23ee13ac14b05a66a14ae9d550934ae6725bfc
urn:ure:smg:re_FunctionVariant:rmge01-usasm:801695b0	0x801695B0	12	func_801695B0		1ab8fb82c8864f58fd8a6cff731c6dd04408af9e2235881c2f06b6f89557d4d9
urn:ure:smg:re_FunctionVariant:rmge01-usasm:801695bc	0x801695BC	28	func_801695BC		5a45fcd923f605114fe0bc0209a9f3ce8a7b71c9c447e57c6e837ffc78115a61
urn:ure:smg:re_FunctionVariant:rmge01-usasm:801695d8	0x801695D8	24	func_801695D8		bf7d1fd41f1da1676319c34bc763c90e4cd5e29ce517487f77198d3e94fb8926
urn:ure:smg:re_FunctionVariant:rmge01-usasm:801695f0	0x801695F0	24	func_801695F0		e8819a378c8adbdc451f15189e1eec8c9458a02683cd2abba409745e0e65fdb9
urn:ure:smg:re_FunctionVariant:rmge01-usasm:80169608	0x80169608	24	func_80169608		e65e3c9211dfd4672534018429b444bb61f159896b4ab697ebbf21cbaf285254
urn:ure:smg:re_FunctionVariant:rmge01-usasm:80169620	0x80169620	24	func_80169620		09e48c596b4b5ad1dfebe4843f222b2e1609bac973cc9062d0d9e50f34ee1fb2
urn:ure:smg:re_FunctionVariant:rmge01-usasm:80169638	0x80169638	24	func_80169638		8bb44a8e512cd4a3c56f81f03e3240ddea147aff40865316f16f622e75b4fcd6
urn:ure:smg:re_FunctionVariant:rmge01-usasm:801696b4	0x801696B4	108	func_801696B4		4b3aaeabe057b5de6fa2d25d8ad4c21ed3cf487b2a05e8f6022beb29f4ddfda4
urn:ure:smg:re_FunctionVariant:rmge01-usasm:80169720	0x80169720	28	func_80169720		86aebe3299bbe643c41082e34f03cfe2b456b740f7b248dd8654bfd9c546fea0
urn:ure:smg:re_FunctionVariant:rmge01-usasm:8016973c	0x8016973C	8	func_8016973C		40489ac68b4c754b63be06e8ee91098f2c5364e1a17d9a22de2c3c79626d4541
urn:ure:smg:re_FunctionVariant:rmge01-usasm:80169744	0x80169744	28	func_80169744		399185228c3e52d27f9d59e077102b0c6bcab294df894c765568fafbee5e2e3a
urn:ure:smg:re_FunctionVariant:rmge01-usasm:80169784	0x80169784	24	func_80169784		bbdd71e417d5f420e67dee586013d82c1307fab38538b76d3463bfabd588b5a0
urn:ure:smg:re_FunctionVariant:rmge01-usasm:8016979c	0x8016979C	148	func_8016979C		06949ea188cd982efb61486aa4ff1d7d21d640bffea299054401383a202146a7
urn:ure:smg:re_FunctionVariant:rmge01-usasm:80169830	0x80169830	284	func_80169830		27f8579f78a20953aba661c203b5eb080f301fac93c42e6bb6fc8f1ca5d58833
urn:ure:smg:re_FunctionVariant:rmge01-usasm:8016994c	0x8016994C	128	func_8016994C		318942a5651384720d9bee60febd9a03f422772bde120522e1c9561d109aaefe
urn:ure:smg:re_FunctionVariant:rmge01-usasm:801699cc	0x801699CC	152	func_801699CC		f8463bfb88c158abdbd5e6c50e87490528aaeb60da2f171ec10e8894e103a288
urn:ure:smg:re_FunctionVariant:rmge01-usasm:80169a64	0x80169A64	108	func_80169A64		105bc70d2bb2d32787f5c73be1c5fb48fc52235d58800e3b377b203e442f2b7d
urn:ure:smg:re_FunctionVariant:rmge01-usasm:80169ad0	0x80169AD0	424	func_80169AD0		b8f52e92774e5722441f7ccd655517696775374a8769fd86de3f7839ee5a7b6a
urn:ure:smg:re_FunctionVariant:rmge01-usasm:80169c78	0x80169C78	244	func_80169C78		cba07193b05cc1bf3fd5d9ac8b77721caf0061aa3a10caf7d5557054aab5ee9d
urn:ure:smg:re_FunctionVariant:rmge01-usasm:80169d6c	0x80169D6C	452	func_80169D6C		49b20325ddcdf48a6911d7650785b064f6c8c9f1fe7c0209c7bab419d5fd7f14
urn:ure:smg:re_FunctionVariant:rmge01-usasm:80169f30	0x80169F30	204	func_80169F30		d9d684555b03ccfea794ed6162234d73f01b2ec69c2cacdd7dd39512ac3fd81b
urn:ure:smg:re_FunctionVariant:rmge01-usasm:80169ffc	0x80169FFC	296	func_80169FFC		6c26c0b3baa04c5fe1a91659b7cfbced0e9439d1ca717fbe0829b36b2d4dc4f2
urn:ure:smg:re_FunctionVariant:rmge01-usasm:8016a124	0x8016A124	52	func_8016A124		0ab72899a174b5a7f3b9d33e36575683d776ed414e64e6074dab7bdc312d30b3
urn:ure:smg:re_FunctionVariant:rmge01-usasm:8016a158	0x8016A158	52	func_8016A158		7022dee9888f4053eebd612e1be19616fd4a576309104e18cdd53293d766b932
urn:ure:smg:re_FunctionVariant:rmge01-usasm:8016a18c	0x8016A18C	108	func_8016A18C		fe3422832b49987c0e49727af9d94ef99001bfde9d2d261d37df7f5b6c00f174
urn:ure:smg:re_FunctionVariant:rmge01-usasm:8016a1f8	0x8016A1F8	228	func_8016A1F8		0fca64e1f2ccd13fb6dc299317178cece75f646e88cf9829e7b1a0b988281176
urn:ure:smg:re_FunctionVariant:rmge01-usasm:8016a2dc	0x8016A2DC	148	func_8016A2DC		50a1c04d1d85b0f5ef85b93dded9a7bbf81e41b7f46abb06551e997f80dfc76d
urn:ure:smg:re_FunctionVariant:rmge01-usasm:8016a370	0x8016A370	160	func_8016A370		34b4e9a7f6de0cecd3fb8d9568317fe3f6f8b8e4dc94d79f8b2d4614ffc139ae
urn:ure:smg:re_FunctionVariant:rmge01-usasm:8016a410	0x8016A410	116	func_8016A410		151fba449a7987d2ff007532b751ee23dd3e0a18090d16cfb6f0158249553f3d
urn:ure:smg:re_FunctionVariant:rmge01-usasm:8016a484	0x8016A484	104	func_8016A484		04851e3ef37bfc80fe55b9591a907427fa810f8fb6d50671457dba1649afa104
urn:ure:smg:re_FunctionVariant:rmge01-usasm:8016a4ec	0x8016A4EC	96	func_8016A4EC		09b329971e82d1f16bdcab23742d5b3cfc8ed4c0c3cd3d1c67cdeea285ae8019
urn:ure:smg:re_FunctionVariant:rmge01-usasm:8016a54c	0x8016A54C	16	func_8016A54C		c975f23f4560a05fd2d82a6eaf12b207b0aed580dcf7a1b9f8779f51b01e7510
urn:ure:smg:re_FunctionVariant:rmge01-usasm:8016a55c	0x8016A55C	108	func_8016A55C		611e3df8e859bd5ea4a8507975c494920711e8daa4be7f8d034094e2e43a824b
urn:ure:smg:re_FunctionVariant:rmge01-usasm:8016a5c8	0x8016A5C8	172	func_8016A5C8		2ad8480ffde957441ca60a2d015600a067fe04baf0b1a328c493c9f3b609eaec
urn:ure:smg:re_FunctionVariant:rmge01-usasm:8016a674	0x8016A674	176	func_8016A674		d86798f8903fce3b404121eed841a285029b3e506e2a103ec82638a6e3dab6dc
urn:ure:smg:re_FunctionVariant:rmge01-usasm:8016a724	0x8016A724	116	func_8016A724		ed26d63bae4b5980a140646af81c88ac50547591d4842766f20060c02ec9d390
urn:ure:smg:re_FunctionVariant:rmge01-usasm:8016a798	0x8016A798	60	func_8016A798		ddf1c8cab06d200c064d9d8155ceee628a096ada4afecb62bd94a647052ba233
urn:ure:smg:re_FunctionVariant:rmge01-usasm:8016a7d4	0x8016A7D4	192	func_8016A7D4		ce44b7f6fcbf4634acc450795b27652256e4b332e6a4f24fb7ed0d1e87326e9b
urn:ure:smg:re_FunctionVariant:rmge01-usasm:8016a894	0x8016A894	68	func_8016A894		c64040af83d57f892fb8b38c6d6d0a6b5e3939893b19cd121f86af18a3b88882
urn:ure:smg:re_FunctionVariant:rmge01-usasm:8016a8d8	0x8016A8D8	36	func_8016A8D8		0119fcc7f7cb2111003770e14bca9a456d5b41d62c1f3b3a9d7b66aa94b7188d
urn:ure:smg:re_FunctionVariant:rmge01-usasm:8016a8fc	0x8016A8FC	8	func_8016A8FC		5f6e11fe584f112dd5fd9688ae5af0a7796268556dff28a8c4efcdd7147b3b01
urn:ure:smg:re_FunctionVariant:rmge01-usasm:8016a904	0x8016A904	8	func_8016A904		f1b42350f6a18129feb6634589e921fa5299efb062045589ad14af763848607f
urn:ure:smg:re_FunctionVariant:rmge01-usasm:8016a90c	0x8016A90C	8	func_8016A90C		e310d97f364c403a7893aef80af46bf4dc9f180ab45966c78bf6608d847102ac
urn:ure:smg:re_FunctionVariant:rmge01-usasm:8016a914	0x8016A914	8	func_8016A914		1d5d0906347360b4885608fb540037319f748f01b25e9ce6b2090533a309b613
urn:ure:smg:re_FunctionVariant:rmge01-usasm:8016a924	0x8016A924	12	func_8016A924		94068ade73f0584227b01f9672378b95f650716fee3ccc388a0308e5bf87b0bb
urn:ure:smg:re_FunctionVariant:rmge01-usasm:8016a930	0x8016A930	192	func_8016A930		cec098eb14de066bed1639dc89886048c4fee38d4c581dedef7f47b9fdd9f011
urn:ure:smg:re_FunctionVariant:rmge01-usasm:8016aa78	0x8016AA78	72	func_8016AA78		6fdafed545b7d5c6d234d07ec7e5ccb84a950266d25d605aeab4b5b493133be5
urn:ure:smg:re_FunctionVariant:rmge01-usasm:8016aac0	0x8016AAC0	8	func_8016AAC0		4198d266d80e161fafab60fca465137440d28d1d877270889778d9441a73f12c
urn:ure:smg:re_FunctionVariant:rmge01-usasm:8016ab80	0x8016AB80	56	func_8016AB80		f9956c90cd8a842a63992f0c6e6242780f23d2ba6b59726c101bfcf9dd448616
urn:ure:smg:re_FunctionVariant:rmge01-usasm:8016abb8	0x8016ABB8	16	func_8016ABB8		0cf44e7ab31a7a2341b85207cf6dc52355b3b917ead43cf1083cb13160f904c9
urn:ure:smg:re_FunctionVariant:rmge01-usasm:8016abc8	0x8016ABC8	12	func_8016ABC8		e27aef736716c6099ad51780bffe2fd952068a13ffd12990ec2e21978ab35504
urn:ure:smg:re_FunctionVariant:rmge01-usasm:8016abd4	0x8016ABD4	80	func_8016ABD4		c5c0e32efee8f7d9179130b4fc8a8642f6df7fa68b4864843a7e4c67690958f4
urn:ure:smg:re_FunctionVariant:rmge01-usasm:8016ac24	0x8016AC24	8	func_8016AC24		14b462945a2857a8642197b2e72d3c902c72f8fd7119043ec383f79a0e453447
urn:ure:smg:re_FunctionVariant:rmge01-usasm:8016ac2c	0x8016AC2C	148	func_8016AC2C		4f889eec8a58680119b759708e2ea6afb6625f5ea4a7d3d0d26bc9af9b5c933a
urn:ure:smg:re_FunctionVariant:rmge01-usasm:8016acc0	0x8016ACC0	132	func_8016ACC0		9f0adf7ea03bdde333a6414bc9ce01f903e6c32151851a5a6cbbf35c2e44d673
urn:ure:smg:re_FunctionVariant:rmge01-usasm:8016ad44	0x8016AD44	104	func_8016AD44		d5963eef98d273eed570cb5a748f4a2eb6c9ac7d6b23afe122d73833503f7180
urn:ure:smg:re_FunctionVariant:rmge01-usasm:8016adac	0x8016ADAC	136	func_8016ADAC		d418525769b7b674a84c7511a30f3f9b6429cd3746b52c25f4189e18f7403deb
urn:ure:smg:re_FunctionVariant:rmge01-usasm:8016ae34	0x8016AE34	108	func_8016AE34		50ce5d6d303e76dc20a2810390a91a002fb6617432cc7638f3582eb8ab0e60dc
urn:ure:smg:re_FunctionVariant:rmge01-usasm:8016aea0	0x8016AEA0	140	func_8016AEA0		636595de16afa50d51a32138ea2488f71f63809b36b122d1ca04220d6cd53165
urn:ure:smg:re_FunctionVariant:rmge01-usasm:8016af2c	0x8016AF2C	112	func_8016AF2C		5e4b1c5a2daa9fa1b03680a3fbe0020c29fd3a57a002ac09263e687972f05c73
urn:ure:smg:re_FunctionVariant:rmge01-usasm:8016af9c	0x8016AF9C	116	func_8016AF9C		189497e8fbf06c97cab0cf3d3f092dc67694eed7a6588f2d67ee2d301ba0c3ff
urn:ure:smg:re_FunctionVariant:rmge01-usasm:8016b010	0x8016B010	292	func_8016B010		17a6fe7d9251f01330ff62de217d7809ee8c4c525f47029ce99a315c8f663fb7
urn:ure:smg:re_FunctionVariant:rmge01-usasm:8016b134	0x8016B134	120	func_8016B134		289298227a8a72c1029ec4abb65ebb8763dac414c8b5a73a23e2b54ec585cc5c
urn:ure:smg:re_FunctionVariant:rmge01-usasm:8016b1ac	0x8016B1AC	36	func_8016B1AC		eb08e83029a707f656c4eacd48549874f717f7f6679ef22a0ed4c5e4c7f3a74b
urn:ure:smg:re_FunctionVariant:rmge01-usasm:8016b1d0	0x8016B1D0	80	func_8016B1D0		500495a743664ea5daf77b50c5d9c24a4673d806ee941f0fe7f4957c67ddba46
urn:ure:smg:re_FunctionVariant:rmge01-usasm:8016b220	0x8016B220	72	func_8016B220		7ccde88f2a5c6115da6866387351220a710bf53192305689e1d85c4691abd0a1
urn:ure:smg:re_FunctionVariant:rmge01-usasm:8016b268	0x8016B268	628	func_8016B268		0573cc5379fa6bd3b2a0f018b228df5c4737253c633a5c96bd98b6ab36816c85
urn:ure:smg:re_FunctionVariant:rmge01-usasm:8016b4dc	0x8016B4DC	264	func_8016B4DC		de55d78414ff70c5b7376df12509ace926eb8d644b4464f8454a6c51ba2bbdf7
urn:ure:smg:re_FunctionVariant:rmge01-usasm:8016b5e4	0x8016B5E4	256	func_8016B5E4		7e30b742231818ad808cd7131764e1c7a7fb6fa1f844671ab908108d3343032d
urn:ure:smg:re_FunctionVariant:rmge01-usasm:8016b6e4	0x8016B6E4	216	func_8016B6E4		24667c4e6863e9416f79006dac9a9e191be414527231b1568c6cfed8a805b1ba
urn:ure:smg:re_FunctionVariant:rmge01-usasm:8016b7bc	0x8016B7BC	148	func_8016B7BC		1540b315e00c9657f23be800c6e57e44c6d52f66cc10cc6312408e96390ad39d
urn:ure:smg:re_FunctionVariant:rmge01-usasm:8016b850	0x8016B850	296	func_8016B850		ddfe50db35fd5931c02b1d3553de854c02cc89a0114663ba95f51d5f6f02a1dd
urn:ure:smg:re_FunctionVariant:rmge01-usasm:8016b978	0x8016B978	232	func_8016B978		20e3e413b9783485506c15b889d4c6fe3c31fb3bb9b6ce2778cf12d65778c539
urn:ure:smg:re_FunctionVariant:rmge01-usasm:8016ba60	0x8016BA60	236	func_8016BA60		1483a1b10e84bce69c6a062764b4eb47feec8f31c809249e362f68b007a99498
urn:ure:smg:re_FunctionVariant:rmge01-usasm:8016bb4c	0x8016BB4C	20	func_8016BB4C		1f57a9e7fd6ea30160ea07cfe7ac4e4a42647e04ba9018c22c46348019cde391
urn:ure:smg:re_FunctionVariant:rmge01-usasm:8016bb60	0x8016BB60	88	func_8016BB60		5852cb12ff8854948d7af88e246aa44b9193ca4addf323bb2101697a49ae1b14
urn:ure:smg:re_FunctionVariant:rmge01-usasm:8016bbb8	0x8016BBB8	268	func_8016BBB8		af2962abdee0b5c37b4d9913c695b6752e44323d935fde9a9f13d4a24cf51842
urn:ure:smg:re_FunctionVariant:rmge01-usasm:8016bcc4	0x8016BCC4	84	func_8016BCC4		77bad509ca75fc11bb02fc9b8fe3ca87f5f320d59f833b3f33835d58b3f41a51
urn:ure:smg:re_FunctionVariant:rmge01-usasm:8016bd18	0x8016BD18	40	func_8016BD18		adfde88c5415959c3feb093ecaf3001f8d5fb4306bb66962877a5cb039d8fb0c
urn:ure:smg:re_FunctionVariant:rmge01-usasm:8016bd58	0x8016BD58	152	func_8016BD58		0db68ce36b9f98f482b03ead36844487d2e5cb525ba65d0c8fe31feb681ac4ca
urn:ure:smg:re_FunctionVariant:rmge01-usasm:8016bdf0	0x8016BDF0	56	func_8016BDF0		e198d99ac35919291bbf005bab0e2f285ae0ea64f6cc60332dbe8b95957f916f
urn:ure:smg:re_FunctionVariant:rmge01-usasm:8016be28	0x8016BE28	92	func_8016BE28		f236783a46aa0582d02b1730e4bc67c94f789f0e770afe5afc7c8281c5e03726
urn:ure:smg:re_FunctionVariant:rmge01-usasm:8016be84	0x8016BE84	76	func_8016BE84		355b5f96308817d6d8e0f564e531e5b96eeb2b973e07798d324b63dbe93e352e
urn:ure:smg:re_FunctionVariant:rmge01-usasm:8016bed0	0x8016BED0	76	func_8016BED0		961daf34d855ac8830940040e034ee082a64aedbee4fcec57acb2b93dded93f6
urn:ure:smg:re_FunctionVariant:rmge01-usasm:8016bf1c	0x8016BF1C	88	func_8016BF1C		bdedbfffad533c4c4104f5e84b183ee6ae595871286aa1bc1c3da0cecf16ef55
urn:ure:smg:re_FunctionVariant:rmge01-usasm:8016bf74	0x8016BF74	204	func_8016BF74		137173c599f6af7486a8eb8fb4f414a1036d151f0e6ac2b09af4a70570e54b33
urn:ure:smg:re_FunctionVariant:rmge01-usasm:8016c040	0x8016C040	336	func_8016C040		ec9f461e4b21a9415cfdba5c431242b40e0919c1d7d4c6b1edf1ea26057d454d
urn:ure:smg:re_FunctionVariant:rmge01-usasm:8016c190	0x8016C190	8	func_8016C190		5d9a1b452d6935a19a897fdbed86c41fbed9fe502cda3ec46eb9648aa3405b9a
urn:ure:smg:re_FunctionVariant:rmge01-usasm:8016c198	0x8016C198	8	func_8016C198		04834c66884d176e4f76752cc58565fdd1e537c7cca20926b3f9ac9320460541
urn:ure:smg:re_FunctionVariant:rmge01-usasm:8016c1a0	0x8016C1A0	20	func_8016C1A0		ec9bfc1c47ea94f2768a7ddf0f5f3440ce4fab3f404ac96d56064093a659d428
urn:ure:smg:re_FunctionVariant:rmge01-usasm:8016c1b4	0x8016C1B4	64	func_8016C1B4		3bb7b22b52c866b672834d5a5413b3815e2dbdd4c01f9c9eb9fe35d732b4a964
urn:ure:smg:re_FunctionVariant:rmge01-usasm:8016c1f4	0x8016C1F4	40	func_8016C1F4		20b9a354767ad80738f949daee024dec754ead490bcc11d1af7e2b84205a9f14
urn:ure:smg:re_FunctionVariant:rmge01-usasm:8016c21c	0x8016C21C	8	func_8016C21C		142100043cd9cb945b9184fcc450dbab3fd91e23954891816b598fc7ebf7edee
urn:ure:smg:re_FunctionVariant:rmge01-usasm:8016c224	0x8016C224	40	func_8016C224		f3688cc65411896623e0fbd2a5ada49b447968e11d1b279aea0c6670d2bddbb7
urn:ure:smg:re_FunctionVariant:rmge01-usasm:8016c24c	0x8016C24C	40	func_8016C24C		753decc796fe9d00c998155d6f62c211516813b67e0761fa1ab5d64616e46a5c
urn:ure:smg:re_FunctionVariant:rmge01-usasm:8016c274	0x8016C274	148	func_8016C274		6a8259f115071144d8fd7a5957a4d6cad3feaf4b2487c8517fa37e3a9957e179
urn:ure:smg:re_FunctionVariant:rmge01-usasm:8016c308	0x8016C308	16	func_8016C308		78b73add4ab3cf9c513e909c533572a078642b51abbd5818c15f40f86ec6c428
urn:ure:smg:re_FunctionVariant:rmge01-usasm:8016c318	0x8016C318	68	func_8016C318		7c1d2d2dae49e35296ce7d0e269ea7fb0944a5f4023b5edaf84e0845cf67cfc2
urn:ure:smg:re_FunctionVariant:rmge01-usasm:8016c35c	0x8016C35C	52	func_8016C35C		605e77a84a2f0a472f6efc1e98abd8f9222fd93fbf7e59eadc06373cc1b8cdba
urn:ure:smg:re_FunctionVariant:rmge01-usasm:8016c390	0x8016C390	60	func_8016C390		06b54a8c4f3abf29e1e9dab37e7bc973b636672a7954a24fe7bc29b462588c20
urn:ure:smg:re_FunctionVariant:rmge01-usasm:8016c3cc	0x8016C3CC	32	func_8016C3CC		c46123a6d8a164ac5ae8478d3c84a830e010a16559d5e9d3c7f514b51ac5307a
urn:ure:smg:re_FunctionVariant:rmge01-usasm:8016c3ec	0x8016C3EC	8	func_8016C3EC		d0b1b5454c51cd67f5347e9809d118896427a543f6db6b3bbb9892241110c038
urn:ure:smg:re_FunctionVariant:rmge01-usasm:8016c3f4	0x8016C3F4	16	func_8016C3F4		d306c142ee1e37c497625158e2ebdbe6ecc57ae91389e0d1b3aaa18a914a0686
urn:ure:smg:re_FunctionVariant:rmge01-usasm:8016c404	0x8016C404	32	func_8016C404		d85e6b51d245c3092eb892989fe1555418bb8e40178676cd57977a32a3989392
urn:ure:smg:re_FunctionVariant:rmge01-usasm:8016c424	0x8016C424	60	func_8016C424		81a1a7766e44ad9184cb381cd20e0d678fa664ffa744652812c8588d0c0f4174
urn:ure:smg:re_FunctionVariant:rmge01-usasm:8016c460	0x8016C460	16	func_8016C460		1b7d6c52eea29806687f73981e8e27f255bb9aa0c586e55c1e6a707e68f69ab2
urn:ure:smg:re_FunctionVariant:rmge01-usasm:8016c470	0x8016C470	32	func_8016C470		2b0d197a74006a10dad0d3ec46fc657dedfd51e13a99a6b744faa9b157b36544
urn:ure:smg:re_FunctionVariant:rmge01-usasm:8016c490	0x8016C490	60	func_8016C490		c420c7e1d9a2314a9c82f339fbb9b5b0df4011ed766f1b1a052e959e55ef1d5d
urn:ure:smg:re_FunctionVariant:rmge01-usasm:8016c4cc	0x8016C4CC	8	func_8016C4CC		6e8cbf457e5d7fe1d1f668b23913b272d2730c09274ae68b672221e8e54b0fa0
urn:ure:smg:re_FunctionVariant:rmge01-usasm:8016c4d4	0x8016C4D4	8	func_8016C4D4		949568a34776ea1fa389c90eb9bd3afa8cdd01fb19d285d8ba5ddfb499a46adb
urn:ure:smg:re_FunctionVariant:rmge01-usasm:8016c4dc	0x8016C4DC	12	func_8016C4DC		8d4aae65c1fb4fe48e7c56c4604b889a4e01aaf882c0da72f0a3475c91dbf1f8
urn:ure:smg:re_FunctionVariant:rmge01-usasm:8016c4e8	0x8016C4E8	12	func_8016C4E8		38621533b360c50dc16bd30787d6b7effbfc09d76277c33e36c9fb1e87318aed
urn:ure:smg:re_FunctionVariant:rmge01-usasm:8016c4f4	0x8016C4F4	88	func_8016C4F4		323ebca35f7ef91dfb826f3d86ccf009454d01bb8fa9d8a3e90c033cdf9dac20
urn:ure:smg:re_FunctionVariant:rmge01-usasm:8016c54c	0x8016C54C	12	func_8016C54C		6eb1e22d72236fd519586af6a2ef4fc663a09923e6b405e7b3ef180e24e142c2
urn:ure:smg:re_FunctionVariant:rmge01-usasm:8016c558	0x8016C558	12	func_8016C558		55b4e8485f6ce49888b8c0c1a1323b71a1cc73220788a7f9666ca64e85cb5f36
urn:ure:smg:re_FunctionVariant:rmge01-usasm:8016c564	0x8016C564	20	func_8016C564		6160a74e67a85f864b95f94c1890d3353aef17f06b40542b10e06b07dfcf8978
urn:ure:smg:re_FunctionVariant:rmge01-usasm:8016c578	0x8016C578	88	func_8016C578		1092dd8d433c9ecaf08221acf9db2dedbc4a983c0d1de9e47234fc48d404a893
urn:ure:smg:re_FunctionVariant:rmge01-usasm:8016c5d0	0x8016C5D0	92	func_8016C5D0		063b8b3f08a676f997b8b898bccacddb5057dc1fa09dbe78bceac67284d2c983
urn:ure:smg:re_FunctionVariant:rmge01-usasm:8016c62c	0x8016C62C	12	func_8016C62C		398fe70096d658a6d8ff79e3b047c4ad0ad528aa4b329c16fbc92d67c4e1901c
urn:ure:smg:re_FunctionVariant:rmge01-usasm:8016c638	0x8016C638	88	func_8016C638		b19742ae42ee5320641f9a938ae876da3d6213168e7287c8e9d9e2c64a38b5c5
urn:ure:smg:re_FunctionVariant:rmge01-usasm:8016c690	0x8016C690	92	func_8016C690		aecd7ae961729bf31eb391e9d6a118147a1f5799fab2eb58f7b48efa3978e58f
urn:ure:smg:re_FunctionVariant:rmge01-usasm:8016c6ec	0x8016C6EC	12	func_8016C6EC		e9f15458b4bb6f19dd7c0fb8e10bb0241a16cc2b0fe911cf6d2dfc1d3f281017
urn:ure:smg:re_FunctionVariant:rmge01-usasm:8016c6f8	0x8016C6F8	8	func_8016C6F8		346c225f5d95166202fc2c3fb41933b5906cee11d8f263c7545fe0947c543898
urn:ure:smg:re_FunctionVariant:rmge01-usasm:8016c700	0x8016C700	12	func_8016C700		8a9e80ed8828493c55533ee863ad3ae53fe22647a2fa85587d48aef59dc8fd8c
urn:ure:smg:re_FunctionVariant:rmge01-usasm:8016c70c	0x8016C70C	12	func_8016C70C		72d4bc9dd0ff7427b0c823bfc8aec82bf9988a6c9a21620d912112dc6070280f
urn:ure:smg:re_FunctionVariant:rmge01-usasm:8016c718	0x8016C718	16	func_8016C718		13a8e5134e0117cb6b12829913954b9e3af3eaed5d699b7f5779f29c9c0671c0
urn:ure:smg:re_FunctionVariant:rmge01-usasm:8016c728	0x8016C728	12	func_8016C728		b028e541eaad5f7ea54a8b623c9628484b478e2ae46aeb96965f4d8d6a91718f
urn:ure:smg:re_FunctionVariant:rmge01-usasm:8016c734	0x8016C734	12	func_8016C734		cda20e3404cb9f9a438d7fcdb078fa8138856f7130381d2a7d5bc6fc7142279f
urn:ure:smg:re_FunctionVariant:rmge01-usasm:8016c740	0x8016C740	12	func_8016C740		a166df7fd09cf2251ddeef74093d04716922306601ae2c97eab6d58403b8cfc5
urn:ure:smg:re_FunctionVariant:rmge01-usasm:8016c74c	0x8016C74C	12	func_8016C74C		5c150e80990edeb3960857ce0085cf7e507ff159a5e78e6a126fdebc7cba45f1
urn:ure:smg:re_FunctionVariant:rmge01-usasm:8016c758	0x8016C758	56	func_8016C758		cebb33afd5ea18659a4a1edd8f06170f7db31db16a6d6b720a33e3c906fcc774
urn:ure:smg:re_FunctionVariant:rmge01-usasm:8016c790	0x8016C790	84	func_8016C790		726c7fdee690867b35379e256eff2c4a216ecf428bdd6319b48312832888d72c
urn:ure:smg:re_FunctionVariant:rmge01-usasm:8016c7e4	0x8016C7E4	20	func_8016C7E4		9fb49bd94b800caff729c81ccd5e9043a01a2ba9a061847a7ac019579d6ca4d0
urn:ure:smg:re_FunctionVariant:rmge01-usasm:8016c7f8	0x8016C7F8	212	func_8016C7F8		822476b6272b7eb538172fcbdb367db07d0d3b285e4d1e89bda7087bb7c8b19f
urn:ure:smg:re_FunctionVariant:rmge01-usasm:8016c8cc	0x8016C8CC	68	func_8016C8CC		fc673498cfe3b31a0c3099f95e3dbf4da45fa947f977910b90f573d865f1fb29
urn:ure:smg:re_FunctionVariant:rmge01-usasm:8016c910	0x8016C910	104	func_8016C910		1536173a46de0cdde3bd3462b4ef85655e42a3d58665cf0faea01c5571aabe99
urn:ure:smg:re_FunctionVariant:rmge01-usasm:8016c978	0x8016C978	180	func_8016C978		0d0499ed948485e173e447f565f8c0e9d60bbe67ff1560aa796f0dbc493efe76
urn:ure:smg:re_FunctionVariant:rmge01-usasm:8016ca2c	0x8016CA2C	84	func_8016CA2C		ce8d52f3c78c97f148da21555dc57475818398dac2b70cbc967bb1b28775ff50
urn:ure:smg:re_FunctionVariant:rmge01-usasm:8016ca80	0x8016CA80	1184	func_8016CA80		f13e5b65d790a3c96a2345c2a4b61f7330b008f323fc3ea4596eaf2455d78335
urn:ure:smg:re_FunctionVariant:rmge01-usasm:8016cf20	0x8016CF20	76	func_8016CF20		9c2d81121250e7a31fbe32d5566f9edb619b166413d6ab5b634c3fdb3747c613
urn:ure:smg:re_FunctionVariant:rmge01-usasm:8016cf6c	0x8016CF6C	320	func_8016CF6C		8822b0cb71cd32c4d7475f436806e2631a67257afae828038b56337a4dc431ca
urn:ure:smg:re_FunctionVariant:rmge01-usasm:8016d0ac	0x8016D0AC	308	func_8016D0AC		b8148cea2663452617d52a8a2a2c810f414b66e58f107ebe48b654caeac9641c
urn:ure:smg:re_FunctionVariant:rmge01-usasm:8016d1e0	0x8016D1E0	180	func_8016D1E0		11db56f8bfc8f118168c90866d54043890d5467cffdf9aa672f5ddb738925b44
urn:ure:smg:re_FunctionVariant:rmge01-usasm:8016d294	0x8016D294	132	func_8016D294		de2f499e789e63c4533122c46e32d666754df9482acd16428aae79d0d5bb8bba
urn:ure:smg:re_FunctionVariant:rmge01-usasm:8016d318	0x8016D318	60	func_8016D318		22032f16ba26781171ad5fa49b7f8dfb8585a5b52923a649c88474526ca78e17
urn:ure:smg:re_FunctionVariant:rmge01-usasm:8016d354	0x8016D354	8	func_8016D354		a4f482dbbddfaefa1e5b35fed883b6f7ecde4ecc628c9043bb2a9d6ce92e4132
urn:ure:smg:re_FunctionVariant:rmge01-usasm:8016d35c	0x8016D35C	604	func_8016D35C		465bfb6780c876aeefe452b4b6cfa94e919692140d111ba87072ce6af6cb1aa9
urn:ure:smg:re_FunctionVariant:rmge01-usasm:8016d5b8	0x8016D5B8	124	func_8016D5B8		1d7057a2397e7b2fe07e167c91f8ca5637bcc7a9a797198db69b819adc7ab39c
urn:ure:smg:re_FunctionVariant:rmge01-usasm:8016d634	0x8016D634	116	func_8016D634		dd97a078b7d3665d06559ea379631de3f011940f3b25f2faeca34928f69b5029
urn:ure:smg:re_FunctionVariant:rmge01-usasm:8016d6a8	0x8016D6A8	2432	func_8016D6A8		1f9d057976f317eb8911e366ad1b3fe5072ea60702e3db0eae33e0f43d986ede
urn:ure:smg:re_FunctionVariant:rmge01-usasm:8016e028	0x8016E028	92	func_8016E028		8b13c5058cca67712d1308eeb4da1b5e85cbf1654c5e5144031f3f4984b33094
urn:ure:smg:re_FunctionVariant:rmge01-usasm:8016e084	0x8016E084	96	func_8016E084		04fc8fb34b7205e6983016f8554f6b3d20315bac90ad1be29863311583f964ac
urn:ure:smg:re_FunctionVariant:rmge01-usasm:8016e0e4	0x8016E0E4	256	func_8016E0E4		6d3a1b3e44d678232958cf6b81b070d2fad9084849ed61356d6f00038a22860a
urn:ure:smg:re_FunctionVariant:rmge01-usasm:8016e1e4	0x8016E1E4	104	func_8016E1E4		890bb1a4136cf69b3fa7cf94d88d1eb167259d82a1ec23c9b9ef1c3cb2645a1d
urn:ure:smg:re_FunctionVariant:rmge01-usasm:8016e24c	0x8016E24C	112	func_8016E24C		9a70722f22c0765f31c4af6aef5d30905569fd57c088cc570bae21915c5691cc
urn:ure:smg:re_FunctionVariant:rmge01-usasm:8016e2bc	0x8016E2BC	8	func_8016E2BC		1e5c07c4824bc4af988f00b6e8f90d60655e926adf4d8bd48582d0c3b201f423
urn:ure:smg:re_FunctionVariant:rmge01-usasm:8016e2c4	0x8016E2C4	8	func_8016E2C4		7076706c53d8fc9b7604717452f55c0079c4e96442847fe2854a5d9e6c6f3372
urn:ure:smg:re_FunctionVariant:rmge01-usasm:8016e2cc	0x8016E2CC	12	func_8016E2CC		f310c5da599a2c159fd9cfd0c3d3ecf724ed8bf344a115156f238fbe1511eb50
urn:ure:smg:re_FunctionVariant:rmge01-usasm:8016e2d8	0x8016E2D8	12	func_8016E2D8		0f0289d05bad4aaf006940d4658d2a9dddb4d864fdd3b3ed2e4e958bac027f7f
urn:ure:smg:re_FunctionVariant:rmge01-usasm:8016e2e4	0x8016E2E4	72	func_8016E2E4		e279f082b51b756a7ef18711fdbf3885356b1521501c4be748623b02e4b71e92
urn:ure:smg:re_FunctionVariant:rmge01-usasm:8016e32c	0x8016E32C	216	func_8016E32C		b311dcfecb2364eea8d251628bbba072bf3ec8bff010dca0a22a2ef5147a3d00
urn:ure:smg:re_FunctionVariant:rmge01-usasm:8016e404	0x8016E404	56	func_8016E404		6a7de03e21753ca3319d10fb447b034aa6a8778ecaf3ea9f4ff47249de8becc6
urn:ure:smg:re_FunctionVariant:rmge01-usasm:8016e43c	0x8016E43C	188	func_8016E43C		d90205e97e8048c90108675927231003988c21c7253872f088777aa7985759d6
urn:ure:smg:re_FunctionVariant:rmge01-usasm:8016e4f8	0x8016E4F8	436	func_8016E4F8		94f0196b7dfba2fb21a0d02f4a38088104fb60a47d201f4c07ce1aa02c3c75a7
urn:ure:smg:re_FunctionVariant:rmge01-usasm:8016e6ac	0x8016E6AC	120	func_8016E6AC		ea187b93e135336c831506290ee40d371f1c13fd2beebe9f7bdaf78a8374c33e
urn:ure:smg:re_FunctionVariant:rmge01-usasm:8016e724	0x8016E724	88	func_8016E724		00326fe7dd7ede563f9b1ecab1ed0e1d26a52d0ad36ab8f59035145883fc749c
urn:ure:smg:re_FunctionVariant:rmge01-usasm:8016e77c	0x8016E77C	8	func_8016E77C		ff8de0e5140b0c8f8d2791c36c9c91fb13b79064fe23d12f1ae280f6271a18c3
urn:ure:smg:re_FunctionVariant:rmge01-usasm:8016e784	0x8016E784	52	func_8016E784		deeca08f8849eed8d3826c2d568c62bc296a36fceb298369adf835a75c9196f5
urn:ure:smg:re_FunctionVariant:rmge01-usasm:8016e7b8	0x8016E7B8	436	func_8016E7B8		b304dd6e6269dc33566af8da3c2b56df3537dd75e41e722965338049c54f0199
urn:ure:smg:re_FunctionVariant:rmge01-usasm:8016e96c	0x8016E96C	132	func_8016E96C		e2bf3b061fd2be2d83c4187f304d57a365d6d22ea03ffdefebac12fdd9f610b5
urn:ure:smg:re_FunctionVariant:rmge01-usasm:8016e9f0	0x8016E9F0	216	func_8016E9F0		cdfa2ed7a8231572579cffa40edabb8150b1de51ba7f96c3dd2bd2369e9768fe
urn:ure:smg:re_FunctionVariant:rmge01-usasm:8016eac8	0x8016EAC8	892	func_8016EAC8		593742f26bf648032809adbda7e96a00f57717cc614d3cf44168773a5211a838
urn:ure:smg:re_FunctionVariant:rmge01-usasm:8016ee44	0x8016EE44	8	func_8016EE44		771290d6f964b96de81a8c769b1f6ca7774351176fc4f83166a5c8b4cda0ec61
urn:ure:smg:re_FunctionVariant:rmge01-usasm:8016ee4c	0x8016EE4C	8	func_8016EE4C		ff8de0e5140b0c8f8d2791c36c9c91fb13b79064fe23d12f1ae280f6271a18c3
urn:ure:smg:re_FunctionVariant:rmge01-usasm:8016ee54	0x8016EE54	8	func_8016EE54		676943775ae128e5ac57e5d97cfa427e06104e337d975b650add130b5a6022a7
urn:ure:smg:re_FunctionVariant:rmge01-usasm:8016ee5c	0x8016EE5C	96	func_8016EE5C		c178aa0c5a178ed7e0f97d221bf925d69408ee0c4930e8a6c24ec41e9594c5f5
urn:ure:smg:re_FunctionVariant:rmge01-usasm:8016eebc	0x8016EEBC	68	func_8016EEBC		a15c3bc83e50d356f2f9e313a74be6d7a72a0f395143d99dea3bb50974112cbe
urn:ure:smg:re_FunctionVariant:rmge01-usasm:8016ef00	0x8016EF00	148	func_8016EF00		37bada0d2311ec148d759426bedebb4aa4347897d94181fb32db3e03bc9de120
urn:ure:smg:re_FunctionVariant:rmge01-usasm:8016ef94	0x8016EF94	840	func_8016EF94		eb5dac735985315bc173a50b154933b347436a032d357bcfa4d2a711008096f5
urn:ure:smg:re_FunctionVariant:rmge01-usasm:8016f2dc	0x8016F2DC	108	func_8016F2DC		a4c29034a11b3aa194c8ce375e395190fa698c40ba393be8ff7423947ee90b50
urn:ure:smg:re_FunctionVariant:rmge01-usasm:8016f348	0x8016F348	808	func_8016F348		8873c10f06093608d8a6928763aeb0405b382ec5d0565fbb39c57954981ba34b
urn:ure:smg:re_FunctionVariant:rmge01-usasm:8016f670	0x8016F670	108	func_8016F670		53fd5911fb2384a47a4ba107f4c3d8fea99cb995327fbea846be52dc69d11679
urn:ure:smg:re_FunctionVariant:rmge01-usasm:8016f6dc	0x8016F6DC	92	func_8016F6DC		1d916af1f711da720b0e341277725ce32a0e8d161d46f61400f4c85b1a35ab60
urn:ure:smg:re_FunctionVariant:rmge01-usasm:8016f738	0x8016F738	316	func_8016F738		55003da7770fd518ca27462c30802f3e22702ff3c5a8d0df877d8571ddc83df0
urn:ure:smg:re_FunctionVariant:rmge01-usasm:8016f874	0x8016F874	236	func_8016F874		be032c3a840ad53fa1f0254673b70c04ef594d6a18c7b85a90970b0f64a23360
urn:ure:smg:re_FunctionVariant:rmge01-usasm:8016f960	0x8016F960	364	func_8016F960		e4bba7edec12d0d2372529dfdbbd96485cc6f335d419201ae56f608eadd7dfa4
urn:ure:smg:re_FunctionVariant:rmge01-usasm:8016facc	0x8016FACC	28	func_8016FACC		37b4efda86c3c4b5710a3f63300411f108e402a7f02c60cc82833c3728abfeb9
urn:ure:smg:re_FunctionVariant:rmge01-usasm:8016fae8	0x8016FAE8	88	func_8016FAE8		17fe8c13cbef04dc2fb062d57ab1873695c43953158db4a2e6b208fefff90f7a
urn:ure:smg:re_FunctionVariant:rmge01-usasm:8016fb40	0x8016FB40	100	func_8016FB40		195d306b15ea99842846b61ce94357cc9fcc1c39de73da37abd258e45e97b6f8
urn:ure:smg:re_FunctionVariant:rmge01-usasm:8016fba4	0x8016FBA4	28	func_8016FBA4		cc10f0c4939abb2b70abfe0e33bdb04557486e7f5ba387699b08e28d4dc90bb9
urn:ure:smg:re_FunctionVariant:rmge01-usasm:8016fbc0	0x8016FBC0	104	func_8016FBC0		b0acc09d79a11dd5479946b2857e3f1b3a97d1d01184eb506d715b0665011984
urn:ure:smg:re_FunctionVariant:rmge01-usasm:8016fc78	0x8016FC78	552	func_8016FC78		650d2e516f682a61217f31ae517cb8f23fac12bdcbda49203412265afb7caaf8
urn:ure:smg:re_FunctionVariant:rmge01-usasm:8016fea0	0x8016FEA0	116	func_8016FEA0		9d7874f46ae2d9d1a6e095dd14b33373fd177dde7234e8a2c0913f1516b634c8
urn:ure:smg:re_FunctionVariant:rmge01-usasm:8016ff14	0x8016FF14	28	func_8016FF14		e3028aee0586b5f4a61999a57de91331a3e1851bbd2e1e1fd5ce9adef2ddf993
urn:ure:smg:re_FunctionVariant:rmge01-usasm:8016ff30	0x8016FF30	76	func_8016FF30		c1899e3df17e8fde9c390c04c546a2b236b890da49b970400fb92b87649f8bbf
urn:ure:smg:re_FunctionVariant:rmge01-usasm:8016ff7c	0x8016FF7C	120	func_8016FF7C		ac1972035f6019ac77fc46fd9fa6146be25729ab32e91237ae056f65bdacde68
urn:ure:smg:re_FunctionVariant:rmge01-usasm:8016fff4	0x8016FFF4	296	func_8016FFF4		f81d49d7159f94671a522c22391a757de861243c95e565449ce8c302e38f9bd2
urn:ure:smg:re_FunctionVariant:rmge01-usasm:8017011c	0x8017011C	316	func_8017011C		f177cc29a70e0cc91ee785a318c926788ddf51afe2fa42ab28828f1c22df8b40
urn:ure:smg:re_FunctionVariant:rmge01-usasm:80170258	0x80170258	104	func_80170258		a7bfa21642dd2e48cdc35a8543792ac82ca6bde5600de4378ad6fe51a6eafae9
urn:ure:smg:re_FunctionVariant:rmge01-usasm:801702c0	0x801702C0	576	func_801702C0		b63aeda6361fe9b3d71cba2909291725e228256c866b06b076b4c5129d3c1471
urn:ure:smg:re_FunctionVariant:rmge01-usasm:80170500	0x80170500	244	func_80170500		3e919ad2966c854daac955dda9a3c1619c5b3bd0d4c985a15c8bbd6d236a9315
urn:ure:smg:re_FunctionVariant:rmge01-usasm:801705f4	0x801705F4	244	func_801705F4		7e909af22a6a4c1ca87e1fc5f51a09d996d3cffa25f9d6f269ffa21ac9debfa1
urn:ure:smg:re_FunctionVariant:rmge01-usasm:801706e8	0x801706E8	744	func_801706E8		4230969971ec76a948766ebb0c6d88db6d2d45504891a2ac0ce9ead906600c9f
urn:ure:smg:re_FunctionVariant:rmge01-usasm:801709d0	0x801709D0	88	func_801709D0		e05143f87c60ad35978cf92aee2bd57c3580f38939cd707ff5949910343748b3
urn:ure:smg:re_FunctionVariant:rmge01-usasm:80170a28	0x80170A28	700	func_80170A28		3d5374a73865f922c4a6433b3ba53fc4ca05a8053357c58da5f050202aa210f5
urn:ure:smg:re_FunctionVariant:rmge01-usasm:80170ce4	0x80170CE4	60	func_80170CE4		45156651b57e64f79b4043bef831c435ac6793e6eabcf56e903e5864938f117a
urn:ure:smg:re_FunctionVariant:rmge01-usasm:80170d20	0x80170D20	184	func_80170D20		ca28af367c95fe90894ab71df4b2fe2a4bf3cb23cc4272096d23dc9e656318a4
urn:ure:smg:re_FunctionVariant:rmge01-usasm:80170dd8	0x80170DD8	64	func_80170DD8		92b73f04fb417e32f986f445baed05ea53de579a8ebd3b2ede81b3ff72b9dec9
urn:ure:smg:re_FunctionVariant:rmge01-usasm:80170e18	0x80170E18	88	func_80170E18		ea9f0b4577ffdb27ad70555f15868560b1721f57306979da9d1a08c0fb768845
urn:ure:smg:re_FunctionVariant:rmge01-usasm:80170e70	0x80170E70	76	func_80170E70		c8e050103d3386f7bb06cf70d833bacfc7a709c0bde0c3da507c7518580be54b
urn:ure:smg:re_FunctionVariant:rmge01-usasm:80170ebc	0x80170EBC	28	func_80170EBC		9784b16d31dcea6d5f5d69855070e2fb639668956e01ce3727d9e67eccf346a7
urn:ure:smg:re_FunctionVariant:rmge01-usasm:80170ed8	0x80170ED8	112	func_80170ED8		1849cc85b080b2e195044c68d86f40c30499e35a15bd7463284293c90ec7e288
urn:ure:smg:re_FunctionVariant:rmge01-usasm:80170f48	0x80170F48	112	func_80170F48		a7c4b008ff9989ec39f86d02fa011b2ccd0f6a2f10200edb885a43a9c775a328
urn:ure:smg:re_FunctionVariant:rmge01-usasm:80170fb8	0x80170FB8	16	func_80170FB8		daf7eb4de6b676692ca99cea32930189812515d6aced4c85052cf9f51a3f8065
urn:ure:smg:re_FunctionVariant:rmge01-usasm:80170fc8	0x80170FC8	32	func_80170FC8		2a96b0ab0e985c7c9905dcab8a7ac5b8ba6ef680a94803221e017bbb9e443ee1
urn:ure:smg:re_FunctionVariant:rmge01-usasm:80170fe8	0x80170FE8	568	func_80170FE8		3384c7527755a6d33bae7646c3705d679d43471a1f3a23c1d6146070924f3785
urn:ure:smg:re_FunctionVariant:rmge01-usasm:80171220	0x80171220	32	func_80171220		d8af032f1402de31a24d880959a2a55b0ebba670130dc9e13a2caa4404ff0049
urn:ure:smg:re_FunctionVariant:rmge01-usasm:80171240	0x80171240	208	func_80171240		0343c28fce496c5b15af424c4cb4c77fc04ef9ce86f16b824f5daa86c1020cfd
urn:ure:smg:re_FunctionVariant:rmge01-usasm:80171310	0x80171310	352	func_80171310		62dfd81629050d2ed95c094a741f0e02350a2834844d83b32743fb6d251e3d04
urn:ure:smg:re_FunctionVariant:rmge01-usasm:80171470	0x80171470	240	func_80171470		76a532fac0fde63a746608baf78f61a467b6b09a53e9e1abf4bcdc9b68c1a436
urn:ure:smg:re_FunctionVariant:rmge01-usasm:80171560	0x80171560	192	func_80171560		1f1688c33449ea12e81b047ce65aaa7d863823bd44377619f14106eae2a4123c
urn:ure:smg:re_FunctionVariant:rmge01-usasm:80171620	0x80171620	1116	func_80171620		927342e80a4757ab9cb3e3102cbaeaf766afa2f590d99786be52b279f40a6edb
urn:ure:smg:re_FunctionVariant:rmge01-usasm:80171a7c	0x80171A7C	192	func_80171A7C		5ad9aa7dd97928b67d18982412afa3150d68473f9b6360aba50cd5cfafa93cb8
urn:ure:smg:re_FunctionVariant:rmge01-usasm:80171b3c	0x80171B3C	24	func_80171B3C		3c7c1f357cb36be95fa260dfde6df980829e9f68d585392ee31fe7be5813e682
urn:ure:smg:re_FunctionVariant:rmge01-usasm:80171b64	0x80171B64	80	func_80171B64		937cc77220b1ab2f5cbfa60e0dedcd36445fb50fd10c125684b4129dfc8f7ad4
urn:ure:smg:re_FunctionVariant:rmge01-usasm:80171bb4	0x80171BB4	80	func_80171BB4		746da24ae3d56170a607207d9da2078e6549437b3036f2fd448dc55096c3b41d
urn:ure:smg:re_FunctionVariant:rmge01-usasm:80171c04	0x80171C04	128	func_80171C04		b3bd85cd3d6c5397a5ab962d0ba16adff69bf32f1cb69b20f3fdabfe8f10f659
urn:ure:smg:re_FunctionVariant:rmge01-usasm:80171c84	0x80171C84	380	func_80171C84		ec9565f8337ca35fcf63a1f67a70536eb615987606542410106ebaa3d345fc1e
urn:ure:smg:re_FunctionVariant:rmge01-usasm:80171e00	0x80171E00	72	func_80171E00		92ce21378409b6b870f2c099fbb2fd12819386af7c266ed7fb49b87afb30f0ab
urn:ure:smg:re_FunctionVariant:rmge01-usasm:80171e48	0x80171E48	76	func_80171E48		37bb954c473d54c4bb59824b549e2934b2e907d66ffcffae69ef5f24206d0706
urn:ure:smg:re_FunctionVariant:rmge01-usasm:80171e94	0x80171E94	16	func_80171E94		8ac061c8b3e1520474475da9eb718f43cd1336e84ad712779ef02f9d0f3be784
urn:ure:smg:re_FunctionVariant:rmge01-usasm:80171ea4	0x80171EA4	380	func_80171EA4		fb52330d378de9a4063b711e5535fded6515fb3609a1b705f2650b492531d9df
urn:ure:smg:re_FunctionVariant:rmge01-usasm:80172020	0x80172020	368	func_80172020		2648cbe8946a25c870fa4262bc7b2655787bbbeaba59518b49e43f8687b8dd8f
urn:ure:smg:re_FunctionVariant:rmge01-usasm:80172190	0x80172190	544	func_80172190		d4804cce520e525514ce855f95fc71e5f33f4fd6cbcb65fa16ae01662f79c2f4
urn:ure:smg:re_FunctionVariant:rmge01-usasm:801723b0	0x801723B0	1216	func_801723B0		ca30c27e932f2c985d62217888cd585c3896b81ee879d6e84358d761c538031c
urn:ure:smg:re_FunctionVariant:rmge01-usasm:80172870	0x80172870	512	func_80172870		0d0d7c51e39005e7d7159be2c0a2dbe0dfb7f6936f9db7986632853e547cde91
urn:ure:smg:re_FunctionVariant:rmge01-usasm:80172a70	0x80172A70	348	func_80172A70		1d6db02f691aa3e1ff3ff02059e87016bab0b5a3e6ed88e19879c545af767887
urn:ure:smg:re_FunctionVariant:rmge01-usasm:80172bcc	0x80172BCC	336	func_80172BCC		9954666801a5ac75f0d77e40e90436973309975008e8fc87ca308a5aeaf95c00
urn:ure:smg:re_FunctionVariant:rmge01-usasm:80172d1c	0x80172D1C	240	func_80172D1C		4c4216c94922262e41a8abd21df2f4b4a65006be29cfbfdb14cae350892cb877
urn:ure:smg:re_FunctionVariant:rmge01-usasm:80172e0c	0x80172E0C	100	func_80172E0C		d1d230432436142ddf13aca65f6b86acfeb70d33b2721635ca9e65c4511be1d1
urn:ure:smg:re_FunctionVariant:rmge01-usasm:80172e70	0x80172E70	1920	func_80172E70		9ad070c09a5d354a88ba49b89f3cbc06e3ef8c885453fbe6cca98a73200e3c40
urn:ure:smg:re_FunctionVariant:rmge01-usasm:801735f0	0x801735F0	16	func_801735F0		f00805b77e4bc5f6ce3d6fce0d6d9a8d505529a7a039860d88019a1ec821e5e3
urn:ure:smg:re_FunctionVariant:rmge01-usasm:80173600	0x80173600	16	func_80173600		99444f33fc7ccd97f9c3933031697940ba2ae37ffc7b7a6389887699ce006f7c
urn:ure:smg:re_FunctionVariant:rmge01-usasm:80173610	0x80173610	16	func_80173610		1780c95ea5b6df9f11ff334278d86208e66bead5e7143709f3ffed872a88639f
urn:ure:smg:re_FunctionVariant:rmge01-usasm:80173620	0x80173620	16	func_80173620		488e99fe1f6986d771058b33c90e40f9962313238b70327db5751bab64cfe3a5
urn:ure:smg:re_FunctionVariant:rmge01-usasm:80173630	0x80173630	16	func_80173630		fe9a58286960de8d79cac6f94ab09feea187da4ca3a4029a4e6ae49e11de1975
urn:ure:smg:re_FunctionVariant:rmge01-usasm:80173640	0x80173640	16	func_80173640		bcff798af3f8f5184c0492995ed9631331ca422a2d541f8febf45c101135c0bc
urn:ure:smg:re_FunctionVariant:rmge01-usasm:80173650	0x80173650	72	func_80173650		21655d028ebe4c2ef83343df09b69dd81c965aea76608ee80229477cf6727759
urn:ure:smg:re_FunctionVariant:rmge01-usasm:80173698	0x80173698	52	func_80173698		9ee9a969302cbfb91f52f5a3c32a5deeb46a29c56361b2c2c2911c5a93e669d6
urn:ure:smg:re_FunctionVariant:rmge01-usasm:801736cc	0x801736CC	48	func_801736CC		d4be352e64d95ece2a7ff415d4b4cbbafbecfbc48423c892bf4040b2e01251ee
urn:ure:smg:re_FunctionVariant:rmge01-usasm:801736fc	0x801736FC	376	func_801736FC		73832d20a0061ac45fab11bf3a2ea76eecd20f502bde315a16c7a5e0df1f8c11
urn:ure:smg:re_FunctionVariant:rmge01-usasm:80173874	0x80173874	68	func_80173874		75c5360019b3f7c55cb29cf91dbb508426b1be29d614a0811416c4e2e6b96f89
urn:ure:smg:re_FunctionVariant:rmge01-usasm:801738b8	0x801738B8	68	func_801738B8		912bc9f961690d154fefb024234f4ae1f75e92aabd6f5b78144709a4f3c6fab5
urn:ure:smg:re_FunctionVariant:rmge01-usasm:801738fc	0x801738FC	60	func_801738FC		27247926adcb5aa41fe701de327d5714f1ecd1c4c498e436b632eab84e160eb1
urn:ure:smg:re_FunctionVariant:rmge01-usasm:80173938	0x80173938	60	func_80173938		2d976478592fab288a5c1d4005da4a3e55c5fa56cee230ee9aabc9c8f3a7a2a4
urn:ure:smg:re_FunctionVariant:rmge01-usasm:80173974	0x80173974	480	func_80173974		57c8070ff442aeef2fc285698b9cb7d4246bad0ea8065588b3a8f5db9c5bbe34
urn:ure:smg:re_FunctionVariant:rmge01-usasm:80173b54	0x80173B54	588	func_80173B54		3df93b2c3ad726ac5e42067d2498b2982b34629b332a8bbecb49031ef6eb2e74
urn:ure:smg:re_FunctionVariant:rmge01-usasm:80173da0	0x80173DA0	604	func_80173DA0		b89e05bef609baada4f9d87bc1ce58e7795e40b77c80913faa3e2f11edcd3ab9
urn:ure:smg:re_FunctionVariant:rmge01-usasm:80173ffc	0x80173FFC	700	func_80173FFC		f9497e5b897f8cc121b69ba02a5a33d0db0014ff74345a2211349f3c527f0b77
urn:ure:smg:re_FunctionVariant:rmge01-usasm:801742b8	0x801742B8	440	func_801742B8		2f0ee209e0c03bf513428e822bc42162aac08ebbdfa7b528fa5f4616f822de66
urn:ure:smg:re_FunctionVariant:rmge01-usasm:80174470	0x80174470	352	func_80174470		8271a31c35f9bd90fa75726a7a12e69d4c26eb832905a200eaa0e13eb4b6e7a4
urn:ure:smg:re_FunctionVariant:rmge01-usasm:801745d0	0x801745D0	140	func_801745D0		2938e66fba29bd34915cc7039f2df358cf4d3e60ca7ac90128600f61b495d9c5
urn:ure:smg:re_FunctionVariant:rmge01-usasm:8017465c	0x8017465C	120	func_8017465C		1c759431c124155cc1e8ff47568a2af5d75b7e1842e6d2221cccaccb196abbb4
urn:ure:smg:re_FunctionVariant:rmge01-usasm:801746d4	0x801746D4	16	func_801746D4		77b70d7865d0049dfbfb18300857fad1cab42d2b48c92b3b7c26a9c526127f1f
urn:ure:smg:re_FunctionVariant:rmge01-usasm:801746e4	0x801746E4	160	func_801746E4		08c1202d83563e92c78f4fb75d114bd4c3f07fd7586332c368c2f2c10ddefb91
urn:ure:smg:re_FunctionVariant:rmge01-usasm:80174784	0x80174784	124	func_80174784		4b1044b5e929a4e59a68dedba3cc7857f9d82a75811da9e50ae7c04833e7f9e9
urn:ure:smg:re_FunctionVariant:rmge01-usasm:80174800	0x80174800	44	func_80174800		2d9baace5519426d6d6aae0897960f4371d176bfbab65bbbf02e35d5ba16b311
urn:ure:smg:re_FunctionVariant:rmge01-usasm:8017482c	0x8017482C	440	func_8017482C		3ad5efde48156e0256501bd7a2a26b80e9958454910e1d51904f95e9b5f85e01
urn:ure:smg:re_FunctionVariant:rmge01-usasm:801749e4	0x801749E4	236	func_801749E4		9b91c91ee2dc4762e8b51a2b99d9a116c3c001f6c1641887de39b7fcd06f476b
urn:ure:smg:re_FunctionVariant:rmge01-usasm:80174ad0	0x80174AD0	220	func_80174AD0		a743c1bf52eef679c03227f25da92a2bf6e35820c6aa9421c7905ba7e5bc6390
urn:ure:smg:re_FunctionVariant:rmge01-usasm:80174bac	0x80174BAC	204	func_80174BAC		73d7221685f531d77f471f22512c1716e90f3a3c2977cf23855346e4a8664f2b
urn:ure:smg:re_FunctionVariant:rmge01-usasm:80174c78	0x80174C78	16	func_80174C78		16b2b2d88d53e266fbfa70b2a439b37e1f62d81752470808022db6d4a4902f89
urn:ure:smg:re_FunctionVariant:rmge01-usasm:80174c88	0x80174C88	100	func_80174C88		a81ead87480211c34e3f1398a99f9b2dbb58be5e4a0d28a1405e18de497dfcca
urn:ure:smg:re_FunctionVariant:rmge01-usasm:80174cec	0x80174CEC	92	func_80174CEC		f620c3965b893064ff6fbcd2e26a0e73a5e9354fd85c665f00560d259da5e74a
urn:ure:smg:re_FunctionVariant:rmge01-usasm:80174d48	0x80174D48	104	func_80174D48		b0147d7ba2d66c06853ef991b5e29c48ec2ef999acd71d3ab9d9b50aa8d57776
urn:ure:smg:re_FunctionVariant:rmge01-usasm:80174db0	0x80174DB0	124	func_80174DB0		e9a30c2b26b5bcddf96f63a9dc97a11792c5ef01621caa44c6dbdf6870167baa
urn:ure:smg:re_FunctionVariant:rmge01-usasm:80174e2c	0x80174E2C	92	func_80174E2C		db26a4320fc19f7d1e79560f9b773f275751b66f3b41f1d0064d2bb657db4054
urn:ure:smg:re_FunctionVariant:rmge01-usasm:80174e88	0x80174E88	68	func_80174E88		befe682e0dee37917ecd1999c2397c41c809287087a5d4744949f19f94a194e4
urn:ure:smg:re_FunctionVariant:rmge01-usasm:80174ecc	0x80174ECC	92	func_80174ECC		cdb6957c46e40de7d7b69cf5752392dbe1485de00ecd43491d7233836e6f99f4
urn:ure:smg:re_FunctionVariant:rmge01-usasm:80174f28	0x80174F28	68	func_80174F28		0cf7e2adc81672295ec1bc65ebcf54abc00082cbff25abe8c6229fa70172d846
urn:ure:smg:re_FunctionVariant:rmge01-usasm:80174f6c	0x80174F6C	200	func_80174F6C		a7fe0eb5b31c93810bc932973b0e60902ded36218ec88e09ed385900b5b41490
urn:ure:smg:re_FunctionVariant:rmge01-usasm:80175034	0x80175034	68	func_80175034		2bef769b461fefb2a9e59d7e7a819d0597d67193fb5f19c25259e3b3e81ddb34
urn:ure:smg:re_FunctionVariant:rmge01-usasm:80175078	0x80175078	248	func_80175078		52d46838fc9d7e329db1be0c386f5841a4d7543c54887d51becbc4e50d708565
urn:ure:smg:re_FunctionVariant:rmge01-usasm:80175170	0x80175170	640	func_80175170		11f5ad9e65947488a46a319fa8e4f7ea66534ebfe0919d067f79b8b63cbc049d
urn:ure:smg:re_FunctionVariant:rmge01-usasm:801753f0	0x801753F0	224	func_801753F0		cd7121f4c62be5903ef48bd2e01eb74e1a31e106b88b1c0c3165a3caa710844c
urn:ure:smg:re_FunctionVariant:rmge01-usasm:801754d0	0x801754D0	336	func_801754D0		2b9080b9936c30cbbfee2e279b8985f5991535c41005adfb335708141ca0cfea
urn:ure:smg:re_FunctionVariant:rmge01-usasm:80175620	0x80175620	104	func_80175620		14147d22e096a226837db05dd01aa2462848b01a153494f9070a96c8a38e178e
urn:ure:smg:re_FunctionVariant:rmge01-usasm:80175688	0x80175688	16	func_80175688		78db6f7f120f21097036ef8ad283b2cfe8e1992fae672beb1b1682d8ae79e7ec
urn:ure:smg:re_FunctionVariant:rmge01-usasm:80175698	0x80175698	16	func_80175698		14a8df94c6fc176eab6ca906e0765f4ef64189f133be0040e06551c92d38f7d6
urn:ure:smg:re_FunctionVariant:rmge01-usasm:801756a8	0x801756A8	16	func_801756A8		809633581891d1c5f3854055fcf9a92e68db0d3921dc3c6691d52607265c93b9
urn:ure:smg:re_FunctionVariant:rmge01-usasm:801756b8	0x801756B8	16	func_801756B8		b6587ad6ac82e9591a0b19cbb72cd68d1adb4d65d0b923bd604d4fd27c3d4495
urn:ure:smg:re_FunctionVariant:rmge01-usasm:801756c8	0x801756C8	96	func_801756C8		4b613f121e0ceb8670df31ac73ee486bd72e5d7029f2bc21968da1cae70e124a
urn:ure:smg:re_FunctionVariant:rmge01-usasm:80175728	0x80175728	308	func_80175728		221a66026ffec03d0138baf1957bd90225abec1d120c1cfeaaf577938aeb78db
urn:ure:smg:re_FunctionVariant:rmge01-usasm:8017585c	0x8017585C	128	func_8017585C		5a5f8c00101f1577e0b3e749e30fb6f814328e2cee4a625a01b6a36ee6ce2e3f
urn:ure:smg:re_FunctionVariant:rmge01-usasm:801758dc	0x801758DC	172	func_801758DC		52f6f0dfa059b01cf4ad524f2bc5e6b38c5b0cd93fea91feb356392818b51abe
urn:ure:smg:re_FunctionVariant:rmge01-usasm:80175988	0x80175988	172	func_80175988		a7bc657085801dc73f29dc475e2613e15d7d09d8a4e4c35fd5dc0e13162f7fe3
urn:ure:smg:re_FunctionVariant:rmge01-usasm:80175a34	0x80175A34	196	func_80175A34		4b0cd30e07217fa77c66790edfe6d63a269d7a2d2643f0c93070c8f6fac6edab
urn:ure:smg:re_FunctionVariant:rmge01-usasm:80175af8	0x80175AF8	88	func_80175AF8		e057021b4ea9248c0c20afa1bc891b5ad549e271793a9897bf1f6ade0d152cfd
urn:ure:smg:re_FunctionVariant:rmge01-usasm:80175b50	0x80175B50	88	func_80175B50		4ad2cf5194175cb8b57fd2dc964ea53185fe64a22ac074a783c38607f1a2722e
urn:ure:smg:re_FunctionVariant:rmge01-usasm:80175ba8	0x80175BA8	20	func_80175BA8		6aaaa34708d0fdb3674c354a4c758b96b887d5d72822ec1551c7edfe41a94e41
urn:ure:smg:re_FunctionVariant:rmge01-usasm:80175bbc	0x80175BBC	20	func_80175BBC		99b014d151602ac8b07c87ad72ddcdef3f4c31c93536a0f65d8c28803a5b2b27
urn:ure:smg:re_FunctionVariant:rmge01-usasm:80175bd0	0x80175BD0	48	func_80175BD0		e0916c91060aee0d00710af368ed9c7452955758fea59d46a8fcd4aa5a05d847
urn:ure:smg:re_FunctionVariant:rmge01-usasm:80175c00	0x80175C00	116	func_80175C00		7da29def718419e3b4296ddfab304c298b1b1de2168f7df7053b4a9266f55649
urn:ure:smg:re_FunctionVariant:rmge01-usasm:80175c74	0x80175C74	84	func_80175C74		41f8fa1fd4e61dc5ed90829f5239401212e99fccfa929b63e4f81cb731dc3485
urn:ure:smg:re_FunctionVariant:rmge01-usasm:80175cc8	0x80175CC8	96	func_80175CC8		3e5c8dc39ab182faaa4db2339989dcdb41a404dfd382ead93c1e0e606a9354ca
urn:ure:smg:re_FunctionVariant:rmge01-usasm:80175d28	0x80175D28	8	func_80175D28		2edcfb12ecc53feb5e2c89bd65a33cca8806ee392e318912a46ca302ac3c17d1
urn:ure:smg:re_FunctionVariant:rmge01-usasm:80175d30	0x80175D30	12	func_80175D30		ab318f2f74f98176754b7207e0e15a3bb17c929d05c673b87c53f312d5bfc719
urn:ure:smg:re_FunctionVariant:rmge01-usasm:80175d3c	0x80175D3C	324	func_80175D3C		8875588347f93f91869aa72944e742ed6864ad6d00e2fd8ed84f5a2f29776fd3
urn:ure:smg:re_FunctionVariant:rmge01-usasm:80175e80	0x80175E80	444	func_80175E80		e5bae142e7f6f2efa737434eb51b241e031a61c47d381403891a3a97e42d5720
urn:ure:smg:re_FunctionVariant:rmge01-usasm:8017603c	0x8017603C	72	func_8017603C		9cf79f8b4735fb76bd22c893a64c8ae29c10677455556e01e9a5af4022648921
urn:ure:smg:re_FunctionVariant:rmge01-usasm:80176084	0x80176084	32	func_80176084		491bd9e17dec15adc9f531f21cf22d0a4ac9c2e4c4e16a221ce3abfe096e7d84
urn:ure:smg:re_FunctionVariant:rmge01-usasm:801760a4	0x801760A4	84	func_801760A4		ab2f70830b550c8c44f6469eb0b0f3c04826f6939d8dc952c0943ced5bb1c766
urn:ure:smg:re_FunctionVariant:rmge01-usasm:801760f8	0x801760F8	532	func_801760F8		98aa69373b5194bc155550b7b178525dea459f41d7afe057cddde044b9ded08a
urn:ure:smg:re_FunctionVariant:rmge01-usasm:8017630c	0x8017630C	716	func_8017630C		57d9364fb1677b6d5a9d7ff8b3f440fe27a4d8e4ffe29ebd84259c432ee95f45
urn:ure:smg:re_FunctionVariant:rmge01-usasm:801765d8	0x801765D8	424	func_801765D8		2dbfc9426791726d7d666a93c1d3781986440545f8476aa6bfb18bc676d69eea
urn:ure:smg:re_FunctionVariant:rmge01-usasm:80176780	0x80176780	440	func_80176780		ca83b94b2a47c6d03381da2493c1ba8170f452bf9c457343615adcc61968d7b8
urn:ure:smg:re_FunctionVariant:rmge01-usasm:80176938	0x80176938	840	func_80176938		9bb0d852c746c07f9ee387ff51c93bcc4f5a0f66b6efe66a62ac7909e93b4c0b
urn:ure:smg:re_FunctionVariant:rmge01-usasm:80176c80	0x80176C80	180	func_80176C80		9079a966240e9f534a4b229592dc7f922d6e3f3d83500259591b10a0546b7ef3
urn:ure:smg:re_FunctionVariant:rmge01-usasm:80176d34	0x80176D34	492	func_80176D34		f71927ce745d65b5a730ade3a22ab3f2bf2d75f36e7e2a1c5621bbde89009d94
urn:ure:smg:re_FunctionVariant:rmge01-usasm:80176f20	0x80176F20	236	func_80176F20		bffb3c5cb8d378fe3d630a81dc6a7a95c4b85f96062e3ad6a26593d9785d54c5
urn:ure:smg:re_FunctionVariant:rmge01-usasm:8017700c	0x8017700C	408	func_8017700C		6cd40020f906f12c3da53d9a4a03ede38c03ec9aa30922aa9b12a7d5e0ff33f6
urn:ure:smg:re_FunctionVariant:rmge01-usasm:801771a4	0x801771A4	336	func_801771A4		9f1b5586b2ba4699255248f09005158072639e531451553837feebf95ce348a2
urn:ure:smg:re_FunctionVariant:rmge01-usasm:801772f4	0x801772F4	8	func_801772F4		606013e4b41c0c425d0d05c99d39cc9534e0417d5a50a6c06a6e6bd1679251b1
urn:ure:smg:re_FunctionVariant:rmge01-usasm:801772fc	0x801772FC	116	func_801772FC		cc2d97341978a63f019a054cc81cc52259dc682a354a0aaa3bd737d961579a37
urn:ure:smg:re_FunctionVariant:rmge01-usasm:80177370	0x80177370	8	func_80177370		1ab3f234643494aec96012c0825c7d1d569d854acfb9ef5aba6c3b8184bf64b6
urn:ure:smg:re_FunctionVariant:rmge01-usasm:80177378	0x80177378	8	func_80177378		1a9f113fd10a2c951ed9469d7e926d56c648de210ed21755f4444b8df4bc9aec
urn:ure:smg:re_FunctionVariant:rmge01-usasm:80177380	0x80177380	96	func_80177380		7284955be1665992410f5615a8c741fecc979d4e9a099995db88efda0f894907
urn:ure:smg:re_FunctionVariant:rmge01-usasm:801773e0	0x801773E0	1276	func_801773E0		298ebfacf73834f69c2903ea48c19b9a521e872eeba769b3d45a5f5f2bfa23b2
urn:ure:smg:re_FunctionVariant:rmge01-usasm:801778dc	0x801778DC	16	func_801778DC		f0e27cfb7bd744f63172c811d46ab44502b4134493c038abca723b249191c3ed
urn:ure:smg:re_FunctionVariant:rmge01-usasm:801778ec	0x801778EC	16	func_801778EC		a6bc9ca3776063c54c30964dcedd435f8c4a551bfe342a675c54ea925f6ca341
urn:ure:smg:re_FunctionVariant:rmge01-usasm:801778fc	0x801778FC	16	func_801778FC		9854e21e35ad715d737ed10fe209650211ab2f87b0e16470918671895daf57cc
urn:ure:smg:re_FunctionVariant:rmge01-usasm:8017790c	0x8017790C	16	func_8017790C		8a0833e90d475cd2cdf395debcc5bbcd997c1e8baa18148dbb86dd8bb13441d3
urn:ure:smg:re_FunctionVariant:rmge01-usasm:8017791c	0x8017791C	288	func_8017791C		075e15d642a8e337d0fd44bb18817602c510dae1c312b8dbd464874f879168f0
urn:ure:smg:re_FunctionVariant:rmge01-usasm:80177a3c	0x80177A3C	872	func_80177A3C		3b5fbe9c6bb49b6551bc8673867ecc9eb4ba84ab7b17ae86a6f15d078fd333cf
urn:ure:smg:re_FunctionVariant:rmge01-usasm:80177da4	0x80177DA4	16	func_80177DA4		f1284db2c20192a0e9ad7687252416ecf36aaf68370ea78eff8ba7c7decfdab2
urn:ure:smg:re_FunctionVariant:rmge01-usasm:80177db4	0x80177DB4	16	func_80177DB4		946a69a7b7b0ee3086d8cf471a125106e0edb0540750a90fcb727fde4f5f132f
urn:ure:smg:re_FunctionVariant:rmge01-usasm:80177dc4	0x80177DC4	128	func_80177DC4		8f095e0570f43ea4d212ee0993bf693780c223d125ae46cb80b310cfcc18a957
urn:ure:smg:re_FunctionVariant:rmge01-usasm:80177e44	0x80177E44	8	func_80177E44		9b15c270c3a60716a9af043a0a6011feb05d00d49436fda42a7bafac68327a79
urn:ure:smg:re_FunctionVariant:rmge01-usasm:80177e4c	0x80177E4C	188	func_80177E4C		41ff2876d15996ee419abe75efeb89ab4fca132bb2b5f0dc34cb4505c62324bc
urn:ure:smg:re_FunctionVariant:rmge01-usasm:80177f08	0x80177F08	16	func_80177F08		d2fe8c68144310b538e76b0d6c9451557fc379fbab65b896b2163efae0bb0614
urn:ure:smg:re_FunctionVariant:rmge01-usasm:80177f18	0x80177F18	20	func_80177F18		af604d80752c402fca56cfb3c376940fab832de8add13466d5ae6bf97aa71e5e
urn:ure:smg:re_FunctionVariant:rmge01-usasm:80177f2c	0x80177F2C	20	func_80177F2C		af604d80752c402fca56cfb3c376940fab832de8add13466d5ae6bf97aa71e5e
urn:ure:smg:re_FunctionVariant:rmge01-usasm:80177f40	0x80177F40	16	func_80177F40		05f3b13902631107363ca07c4fd6843cc3c1f55d380e0094bfd4c83a4978af46
urn:ure:smg:re_FunctionVariant:rmge01-usasm:80177f50	0x80177F50	8	func_80177F50		2d0c54962d03825c6890dbc4e63f0ac2931fcf3b34ec96cc2e3e7801b38b5c56
urn:ure:smg:re_FunctionVariant:rmge01-usasm:80177f58	0x80177F58	8	func_80177F58		ff66174a7865a67c905af2e5630e2ece568ed26423dd97ff40a4f5c8aeff97af
urn:ure:smg:re_FunctionVariant:rmge01-usasm:80177f60	0x80177F60	16	func_80177F60		dc7fa0e4c3a5cf0893e26590a5d5e77cbdbc611813661b509920422b1bc7fa1b
urn:ure:smg:re_FunctionVariant:rmge01-usasm:80177f70	0x80177F70	16	func_80177F70		444a2be129231375caaf955e2a791169db4159f22403541cbf26f9cc7683c45c
urn:ure:smg:re_FunctionVariant:rmge01-usasm:80177f80	0x80177F80	8	func_80177F80		ff66174a7865a67c905af2e5630e2ece568ed26423dd97ff40a4f5c8aeff97af
urn:ure:smg:re_FunctionVariant:rmge01-usasm:80177f88	0x80177F88	220	func_80177F88		1f0942ef5abd42feef75b62ea8fd5544be0004f046c1975c4e9741b49abb2b8e
urn:ure:smg:re_FunctionVariant:rmge01-usasm:80178064	0x80178064	872	func_80178064		a5ed53447336616d333b1f5233d72d68e44add80097cbcef05692ba5d66c2270
urn:ure:smg:re_FunctionVariant:rmge01-usasm:801783cc	0x801783CC	8	func_801783CC		cae0b74cf3a05ab03bbf8333515ab253dae31b09ff5906f6b96db4768bacb1f2
urn:ure:smg:re_FunctionVariant:rmge01-usasm:801783d4	0x801783D4	8	func_801783D4		ca62d2db8c3f2d471c5a6a678b7a72d9fde4d52a5da53c085e47003198d368a9
urn:ure:smg:re_FunctionVariant:rmge01-usasm:801783dc	0x801783DC	64	func_801783DC		fa098094defc665f6f8764e4912d18675b5f6bd47802b167b074934cd4ba07e3
urn:ure:smg:re_FunctionVariant:rmge01-usasm:8017841c	0x8017841C	132	func_8017841C		439b47e11bff4af2900cc823ed3e036b0909cffc0376102e9c6ab9b47079a04f
urn:ure:smg:re_FunctionVariant:rmge01-usasm:801784a0	0x801784A0	204	func_801784A0		c5af6386094095c365e3eb54ef0ac55d54f0c30c006761898162b79f80f03e02
urn:ure:smg:re_FunctionVariant:rmge01-usasm:8017856c	0x8017856C	64	func_8017856C		b9873b71dd6547ca645e4478befce86b895cbe883231c4fa236c7b6dbf69c012
urn:ure:smg:re_FunctionVariant:rmge01-usasm:801785ac	0x801785AC	12	func_801785AC		36f87be5ea630877d71e068f93d3ae8c102b29e76f5db8fd36c2b7d7b21056d0
urn:ure:smg:re_FunctionVariant:rmge01-usasm:801785b8	0x801785B8	20	func_801785B8		6fa08401df4684109d6a9d95d77ed753a2b50afdd3a9de85291a6183c0d07b71
urn:ure:smg:re_FunctionVariant:rmge01-usasm:801785cc	0x801785CC	8	func_801785CC		365633d9842b18d6880c81d30e6ebbff2ad74a3aa40132463f6ee20ce7e4f2e5
urn:ure:smg:re_FunctionVariant:rmge01-usasm:801785d4	0x801785D4	16	func_801785D4		38878590f5d0ad1449f8fff808dee6970e2a170122cf5e8ecd64df1535200713
urn:ure:smg:re_FunctionVariant:rmge01-usasm:801785e4	0x801785E4	8	func_801785E4		f3476e116f2d4e884a95d5447043d1c38b3f84b6c8f6d8eae53eb5b441917dd9
urn:ure:smg:re_FunctionVariant:rmge01-usasm:801785ec	0x801785EC	128	func_801785EC		179341d35151f872494b3827418dfb8fc5618b52ddac704ec60bb70b6aa1a915
urn:ure:smg:re_FunctionVariant:rmge01-usasm:8017866c	0x8017866C	80	func_8017866C		c69035994e06dec7a715d1a8cde65d0a323a2860c065f5d1282c1d084504db4b
urn:ure:smg:re_FunctionVariant:rmge01-usasm:801786bc	0x801786BC	12	func_801786BC		54b6466702d82798f63df3702198c23d12ce650c5fc35bc75b5e16265be26f45
urn:ure:smg:re_FunctionVariant:rmge01-usasm:801786c8	0x801786C8	1344	func_801786C8		0b0a276b5c34f24d2ee28911aea2aafcb322623d057ce4c79542a926878ef2dc
urn:ure:smg:re_FunctionVariant:rmge01-usasm:80178c08	0x80178C08	104	func_80178C08		c3a0cdd4e9685bd7deb09315ec2e9c8d762790e18592f5a48da19cd3f468399c
urn:ure:smg:re_FunctionVariant:rmge01-usasm:80178c70	0x80178C70	124	func_80178C70		efbd3b9f7f23d9023f5d44214bb5a81a7e92a1e3843e33786487031a95ee4410
urn:ure:smg:re_FunctionVariant:rmge01-usasm:80178cec	0x80178CEC	288	func_80178CEC		2a637a2aa62732b32a26e2d49dd1df6738950162d53f0ff10e2d45f3102fc7c5
urn:ure:smg:re_FunctionVariant:rmge01-usasm:80178e0c	0x80178E0C	88	func_80178E0C		409b9387b0701bff3d4c5750b4a21aa73602d9b8ecd22989bd4beef46e5a90e1
urn:ure:smg:re_FunctionVariant:rmge01-usasm:80178e64	0x80178E64	248	func_80178E64		280e6d16d4b99f0f44308effec41e25ba70719475f6da7546efd695ba3d3016b
urn:ure:smg:re_FunctionVariant:rmge01-usasm:80178f5c	0x80178F5C	1656	func_80178F5C		62c6810b077839d62d8e1e7f691d57e134b3a43fc1ab95aad528799f1ab2ccc7
urn:ure:smg:re_FunctionVariant:rmge01-usasm:801795d4	0x801795D4	156	func_801795D4		6073eb39066e03cff770628a7192dbdb7640aa0a7a45672670fefc52baf593a1
urn:ure:smg:re_FunctionVariant:rmge01-usasm:80179670	0x80179670	156	func_80179670		62c56c8bab52d795763752552954a5b2015ccd4dea6c8075ae803d863a335230
urn:ure:smg:re_FunctionVariant:rmge01-usasm:8017970c	0x8017970C	80	func_8017970C		8201bc0d5c438be68e4d6eefb0c0b5913b778477d21fb5f147f33988525279a0
urn:ure:smg:re_FunctionVariant:rmge01-usasm:8017975c	0x8017975C	136	func_8017975C		6c1e6eb2158e239c47c076fea670e75da84c95a70b4940a760f4461de0fb3cb7
urn:ure:smg:re_FunctionVariant:rmge01-usasm:801797e4	0x801797E4	168	func_801797E4		2f337e907e09af27ea19addb53e0098ffb298f5bf25c680efde5c4069cb41cdb
urn:ure:smg:re_FunctionVariant:rmge01-usasm:8017988c	0x8017988C	168	func_8017988C		8c67af7f8983d610dfb8c56869f6e48aa40c0d73e8fc8c885706ad3537966ab0
urn:ure:smg:re_FunctionVariant:rmge01-usasm:80179934	0x80179934	168	func_80179934		e782a25b5956065c311c3c100c27364ef095b466c9663c14e061bf002775cce2
urn:ure:smg:re_FunctionVariant:rmge01-usasm:801799dc	0x801799DC	148	func_801799DC		deeb49f2bf427de38ec6c3e6c7edf41e180818bb7bc5809e76298f659ea4b5b2
urn:ure:smg:re_FunctionVariant:rmge01-usasm:80179a70	0x80179A70	100	func_80179A70		8c3257777a2184ccdd8c9be45ed3383dbb4ff8a83e243292644323f53f0159bc
urn:ure:smg:re_FunctionVariant:rmge01-usasm:80179ad4	0x80179AD4	376	func_80179AD4		7d0771e0cc42497ce7f6733143a28cb44ea551318b6469b2853ef52181ed04da
urn:ure:smg:re_FunctionVariant:rmge01-usasm:80179c4c	0x80179C4C	860	func_80179C4C		d04cbfc71664bc20b3a3a6b1182ff273b3a1866fe8beb7b95e926249dd6ea9ee
urn:ure:smg:re_FunctionVariant:rmge01-usasm:80179fa8	0x80179FA8	120	func_80179FA8		bf64f7d8493753fe060b730925afe1cec9e055cff8579850ff39a841c488c57d
urn:ure:smg:re_FunctionVariant:rmge01-usasm:8017a020	0x8017A020	120	func_8017A020		ad79c1d70aa133c7f360779d2ee6aed3e234f8eeecac5aea8b42199f9270f7e9
urn:ure:smg:re_FunctionVariant:rmge01-usasm:8017a098	0x8017A098	520	func_8017A098		d22d307a821b2f3479f61aa3366c92b01ffdd1bc41f5be6a9d431266523d6435
urn:ure:smg:re_FunctionVariant:rmge01-usasm:8017a2a0	0x8017A2A0	16	func_8017A2A0		f1c6528f2efec9870d7ea505779f0c2ba6635867630be784923398c6730055eb
urn:ure:smg:re_FunctionVariant:rmge01-usasm:8017a2b0	0x8017A2B0	16	func_8017A2B0		989b5983ddd7762fce156afb327c3cc244cfed9aed64f2bdd3cbdcae16d8c272
urn:ure:smg:re_FunctionVariant:rmge01-usasm:8017a2c0	0x8017A2C0	16	func_8017A2C0		a6fb6703d060e410eef2e52f22bd8480944351f7c8f0f73073ff1932ae168f02
urn:ure:smg:re_FunctionVariant:rmge01-usasm:8017a2d0	0x8017A2D0	16	func_8017A2D0		79d5827309f8ed17307f389d172bc583297840ba967d7d2a515c7d5865222906
urn:ure:smg:re_FunctionVariant:rmge01-usasm:8017a2e0	0x8017A2E0	16	func_8017A2E0		af9dd7e5f67f75f21755ea84a1dfbb8b78eb74c9e5eabd493a5a28c75829f4b1
urn:ure:smg:re_FunctionVariant:rmge01-usasm:8017a2f0	0x8017A2F0	16	func_8017A2F0		dbd10297f4173bbcc88564c675c55ef796ff8a5711ac7f27ddd1e1fbf13d591a
urn:ure:smg:re_FunctionVariant:rmge01-usasm:8017a300	0x8017A300	16	func_8017A300		4533838a4761780793b193e0d9dccd4098ccc7f70c59cb30fa585d6725cad961
urn:ure:smg:re_FunctionVariant:rmge01-usasm:8017a310	0x8017A310	16	func_8017A310		04f5da14140cd3e4b3e3ced745d5e087e6e53fbc6e526bb963bf529a6e3908fa
urn:ure:smg:re_FunctionVariant:rmge01-usasm:8017a320	0x8017A320	16	func_8017A320		9da252aeac519cdb61bdd0cf348823479f6b7ace19899896a04adcc3eb83fa04
urn:ure:smg:re_FunctionVariant:rmge01-usasm:8017a330	0x8017A330	16	func_8017A330		a0fb172d0a9f4813835057dbd6a814720a8ea7831d851823ee739eb1891f9d64
urn:ure:smg:re_FunctionVariant:rmge01-usasm:8017a340	0x8017A340	16	func_8017A340		de3300089685379e15b4b69b72bf1908b097ef7688077cffcfa5131ff8b2424a
urn:ure:smg:re_FunctionVariant:rmge01-usasm:8017a350	0x8017A350	16	func_8017A350		445c3878d82aec585bc0edb2b41bebe2669f6516aa5f0595587be8ad4fde5656
urn:ure:smg:re_FunctionVariant:rmge01-usasm:8017a360	0x8017A360	128	func_8017A360		865defd065f45f03e08ac4d1e82f1c20497d0d040a6c21c22f1ca0ad90a10f45
urn:ure:smg:re_FunctionVariant:rmge01-usasm:8017a3e0	0x8017A3E0	200	func_8017A3E0		d6c6ef818bc0aa456076d521664862be86b4f2869b2a801b84bfe77237d2d926
urn:ure:smg:re_FunctionVariant:rmge01-usasm:8017a4a8	0x8017A4A8	68	func_8017A4A8		5d21436fd49ae69092087be182365595dcf549a44e12aa316b1fb9f1d0742ce3
urn:ure:smg:re_FunctionVariant:rmge01-usasm:8017a4ec	0x8017A4EC	8	func_8017A4EC		d9948e6a6b02fbd4146841fe13e718d4ac204032aaa9a04c959b96e127c21ff8
urn:ure:smg:re_FunctionVariant:rmge01-usasm:8017a4f4	0x8017A4F4	8	func_8017A4F4		4ba3ce201fe2eda7145d5e1945fdb7a89b4946a62ce68c7f593c946b52d19fe3
urn:ure:smg:re_FunctionVariant:rmge01-usasm:8017a4fc	0x8017A4FC	8	func_8017A4FC		49525ab8af9ebbbd548e4f5903c398d4b1c70ac886020380e9e671249d704b48
urn:ure:smg:re_FunctionVariant:rmge01-usasm:8017a504	0x8017A504	8	func_8017A504		40b069a06f77ea87db52e75fcbefd8f4a29a312bbee291c8b05f7bf4d8bc0dc1
urn:ure:smg:re_FunctionVariant:rmge01-usasm:8017a50c	0x8017A50C	12	func_8017A50C		6286da0287afe7b165fae865173654b165cd505e62a6abd06719da4e13985147
urn:ure:smg:re_FunctionVariant:rmge01-usasm:8017a518	0x8017A518	12	func_8017A518		28f89a0e479e8aa9033fbeaada0812d4f468d7930edfa4114ef49554f05571b6
urn:ure:smg:re_FunctionVariant:rmge01-usasm:8017a524	0x8017A524	12	func_8017A524		21d875498fa3db0654b9e46bcf3a9bb4fb45f9dfca338690f5f21de133e4daeb
urn:ure:smg:re_FunctionVariant:rmge01-usasm:8017a530	0x8017A530	12	func_8017A530		d9349a9b2d0e41d580dae8a5a0beeb28666dad8e4ffffc5e87e9d417452d46a3
urn:ure:smg:re_FunctionVariant:rmge01-usasm:8017a53c	0x8017A53C	432	func_8017A53C		256e123a939815716811bef89b525479b8ef28622f73613a2a4c6f6d82ef6603
urn:ure:smg:re_FunctionVariant:rmge01-usasm:8017a6ec	0x8017A6EC	16	func_8017A6EC		5371490210011ca88599d52bdec2f1b5ae444224ac59d95a9fef8a8936b54041
urn:ure:smg:re_FunctionVariant:rmge01-usasm:8017a6fc	0x8017A6FC	16	func_8017A6FC		9b6bc2993022af49680816c1f5b23ff40830a1177b3a680cc942ed690291d6f3
urn:ure:smg:re_FunctionVariant:rmge01-usasm:8017a70c	0x8017A70C	16	func_8017A70C		6e2d05b1db3e04a011d1eb83512736dd92d660fab5e317f62c5d6aa919dfe3eb
urn:ure:smg:re_FunctionVariant:rmge01-usasm:8017a71c	0x8017A71C	176	func_8017A71C		6691580cd303a75c237da7765d02e679f0bb76e2427ba451ef19e1fb79aed348
urn:ure:smg:re_FunctionVariant:rmge01-usasm:8017a7cc	0x8017A7CC	64	func_8017A7CC		ec122e913418df0ef74e965a1725b7e2913f791bbeae5039607ea088c9fbc164
urn:ure:smg:re_FunctionVariant:rmge01-usasm:8017a80c	0x8017A80C	1344	func_8017A80C		8100103557c7f179d797062fc01e438e71f0fb2d7f5d849062c389b2394a9c15
urn:ure:smg:re_FunctionVariant:rmge01-usasm:8017ad4c	0x8017AD4C	96	func_8017AD4C		a5e5239384ccfa0f19b12ad36571d1cc1023d37179773a41ed317cd4e374334f
urn:ure:smg:re_FunctionVariant:rmge01-usasm:8017adac	0x8017ADAC	76	func_8017ADAC		df7f84ac94801e5e7b6ad4c29e377b8663464716635f7be7bb36f8a735b0f983
urn:ure:smg:re_FunctionVariant:rmge01-usasm:8017adf8	0x8017ADF8	96	func_8017ADF8		c68f8e346a63cb75a88dd0db1c34782d7e4db7716fb1875999e5dbf5dc16724b
urn:ure:smg:re_FunctionVariant:rmge01-usasm:8017ae58	0x8017AE58	380	func_8017AE58		666d71d95dc7b4e38e62c4f95bf66210d5f498b8398738f8c6a6722f5901f582
urn:ure:smg:re_FunctionVariant:rmge01-usasm:8017afd4	0x8017AFD4	336	func_8017AFD4		0827d39a8a485194c797ab122316d3fd6fba6f71621014795321d243cf1d284c
urn:ure:smg:re_FunctionVariant:rmge01-usasm:8017b124	0x8017B124	104	func_8017B124		13aa6ccf3e77d83d33c2d2585e28fc48c1809e1ae39b24af61e16eec0372b0b5
urn:ure:smg:re_FunctionVariant:rmge01-usasm:8017b18c	0x8017B18C	76	func_8017B18C		e98507c84ca2702ae822686fed498fda85cea331668d912f258c1c541d26a30b
urn:ure:smg:re_FunctionVariant:rmge01-usasm:8017b1d8	0x8017B1D8	68	func_8017B1D8		285d9597dd7153c18afa09153fc2085d5e19c340bfe51d88885ccca14f9cd1c7
urn:ure:smg:re_FunctionVariant:rmge01-usasm:8017b21c	0x8017B21C	64	func_8017B21C		d5ac04766b1bc913030c697f1e064d3add2836f3ea0873d0e8ad1fdfa130e0de
urn:ure:smg:re_FunctionVariant:rmge01-usasm:8017b25c	0x8017B25C	80	func_8017B25C		2be80e4f488e0810405d23dbad279336994fee7c616f0799c95f0e45b0816eb3
urn:ure:smg:re_FunctionVariant:rmge01-usasm:8017b2ac	0x8017B2AC	68	func_8017B2AC		3edd25fcdd7577e3b79cc4b2367402cacd740ecb3a7cb2eea6386553f6e0e8ab
urn:ure:smg:re_FunctionVariant:rmge01-usasm:8017b2f0	0x8017B2F0	76	func_8017B2F0		fc645b0ace294d5012e2c2d21d1b977812b40eb7c77113dc1ef5b1f816842548
urn:ure:smg:re_FunctionVariant:rmge01-usasm:8017b33c	0x8017B33C	100	func_8017B33C		bb241bb7c58d1cb662c5df4d4f0ff516578956e917a35ffe5d1ec7cf5f362900
urn:ure:smg:re_FunctionVariant:rmge01-usasm:8017b3a0	0x8017B3A0	76	func_8017B3A0		523a306625229129a666fa51132cb6bd28ba94941585fde38a18c34dca4dc424
urn:ure:smg:re_FunctionVariant:rmge01-usasm:8017b3ec	0x8017B3EC	208	func_8017B3EC		794022ba9385499f3c2b9a58d3960b0774a25d3cca1e69532cfcf12c7729cad6
urn:ure:smg:re_FunctionVariant:rmge01-usasm:8017b4bc	0x8017B4BC	100	func_8017B4BC		d70698b03fe6d40da34992ad4c6aadda54c8a073343dc61adc45c1c50ad94d23
urn:ure:smg:re_FunctionVariant:rmge01-usasm:8017b520	0x8017B520	172	func_8017B520		2fec44dd1c8b57edf534237210821b4a49ec2b8a657380ef19aa29d290622d06
urn:ure:smg:re_FunctionVariant:rmge01-usasm:8017b5cc	0x8017B5CC	124	func_8017B5CC		b0425a552f97f27c9a1ddd26664530904ccdc527fb0b1bf4ff0bfa923ebc990e
urn:ure:smg:re_FunctionVariant:rmge01-usasm:8017b648	0x8017B648	184	func_8017B648		d3712f422e749eeda08ed5a02ed2747ba88665940bf00f2d3fc2d7baf8d5aee7
urn:ure:smg:re_FunctionVariant:rmge01-usasm:8017b700	0x8017B700	88	func_8017B700		feb8d3f8590dd74e73a41b1e4e98f0bd53f1235bf0985b8a23f6348b1384fadc
urn:ure:smg:re_FunctionVariant:rmge01-usasm:8017b758	0x8017B758	88	func_8017B758		bf58319ffdfdfcf8e80e470137c3a245dc894098c63d11cd0c60431e831b5201
urn:ure:smg:re_FunctionVariant:rmge01-usasm:8017b7b0	0x8017B7B0	88	func_8017B7B0		8749364f12c15bbe55cc8e53a6a8f166b534c64a02199d83b2536eb4957b3116
urn:ure:smg:re_FunctionVariant:rmge01-usasm:8017b808	0x8017B808	88	func_8017B808		f1f4f5e48a71828bd052e7cd8592d641cabaadf5847c315f28b9142998f2d31f
urn:ure:smg:re_FunctionVariant:rmge01-usasm:8017b860	0x8017B860	96	func_8017B860		a9a7e89cfc35c8f04b478816139cc67aa857c0975b8bcd242dc87a5990e328c2
urn:ure:smg:re_FunctionVariant:rmge01-usasm:8017b8c0	0x8017B8C0	100	func_8017B8C0		e320495b9e9e81b9ae83652f3bc83c12e6e6f8a35a9c972963e05c24521d0695
urn:ure:smg:re_FunctionVariant:rmge01-usasm:8017b924	0x8017B924	228	func_8017B924		ef49d72c8e80801e95d90d94c9db3ce2dc462e21b8c58114a855acf656319a74
urn:ure:smg:re_FunctionVariant:rmge01-usasm:8017ba08	0x8017BA08	124	func_8017BA08		c0db7733c14657df965251b1b19ed5ea8103a5f8ae36488fbd4c67c354d4f4fa
urn:ure:smg:re_FunctionVariant:rmge01-usasm:8017ba84	0x8017BA84	188	func_8017BA84		b8881e41dcd68451e5eeb0cca1a1b115d17364780b4e01447875680ebbeb333a
urn:ure:smg:re_FunctionVariant:rmge01-usasm:8017bb40	0x8017BB40	68	func_8017BB40		20dd2b906ac64edfa67f874d0b7f90f380c134e8e675a58f4eb09fa1a0cd0740
urn:ure:smg:re_FunctionVariant:rmge01-usasm:8017bb84	0x8017BB84	372	func_8017BB84		60513afc2f3876e139cefdf1e5e96f4dc2a3f19cba87e09028c877a661f3060c
urn:ure:smg:re_FunctionVariant:rmge01-usasm:8017bcf8	0x8017BCF8	140	func_8017BCF8		58e62d51f6048a6bde1ee28e45fd5b664b290424a60e14ad9a3a9ee04c54e817
urn:ure:smg:re_FunctionVariant:rmge01-usasm:8017bd84	0x8017BD84	80	func_8017BD84		ce9349602b42dedd1b678973269dffc5bd968d07b411ed7e211f3e17ae8cb56c
urn:ure:smg:re_FunctionVariant:rmge01-usasm:8017bdd4	0x8017BDD4	820	func_8017BDD4		9884d166e411d326bf6f8fe39cb6bc0aa04e3171bbb6a95b7c91928feba4860b
urn:ure:smg:re_FunctionVariant:rmge01-usasm:8017c108	0x8017C108	308	func_8017C108		feeeb86206696b7f2abafb53defe45dde4147881dcc031d7eaf8e79251e510a7
urn:ure:smg:re_FunctionVariant:rmge01-usasm:8017c23c	0x8017C23C	88	func_8017C23C		8bf419b4982d17c6382879feeb7ecc791fae55df3fe74d726f522e314d3c4093
urn:ure:smg:re_FunctionVariant:rmge01-usasm:8017c294	0x8017C294	88	func_8017C294		51fbe46168e3fa5bd1ee3f078b4eed22cca89e23e84995a933454444c3399db2
urn:ure:smg:re_FunctionVariant:rmge01-usasm:8017c2ec	0x8017C2EC	108	func_8017C2EC		f88776f325e9b222cef0af4602bd418bec84fa04454e3433e7479b527106de9f
urn:ure:smg:re_FunctionVariant:rmge01-usasm:8017c358	0x8017C358	92	func_8017C358		febf0566e9ade9da640513e87891d09a5ffbb28145d573abce51bdef4093c7fe
urn:ure:smg:re_FunctionVariant:rmge01-usasm:8017c3b4	0x8017C3B4	52	func_8017C3B4		4657d328dc70ffb7ab2179952b0097fe259432bdb01e3f2107ebf15e6b9216cc
urn:ure:smg:re_FunctionVariant:rmge01-usasm:8017c3e8	0x8017C3E8	88	func_8017C3E8		e8ea8ba7a191256cf656b6c1bf7ab385e18a3d7e4a034913cf393c8f52cbe2a3
urn:ure:smg:re_FunctionVariant:rmge01-usasm:8017c440	0x8017C440	32	func_8017C440		30d7e036dbf1864665892a31a7d73000a86bd3f2687dae20d33a3a56b0f582db
urn:ure:smg:re_FunctionVariant:rmge01-usasm:8017c460	0x8017C460	24	func_8017C460		64b07f6e97bf3c49c4d11c0830da078b766b2a46f4b8e1e1b088fb0447aac412
urn:ure:smg:re_FunctionVariant:rmge01-usasm:8017c478	0x8017C478	144	func_8017C478		ea16b864c58b40e20299b7aad8cd286e9cb22ec4339ac28ca099c42ed4fcd499
urn:ure:smg:re_FunctionVariant:rmge01-usasm:8017c508	0x8017C508	144	func_8017C508		b4e39ca849b0c47186c8936f25c4837811fbca2582449763f679ac81d129b53d
urn:ure:smg:re_FunctionVariant:rmge01-usasm:8017c598	0x8017C598	204	func_8017C598		12bc00a6f9f1851a72473e744cda90bc50b3c55c171db188342bb803160081c0
urn:ure:smg:re_FunctionVariant:rmge01-usasm:8017c664	0x8017C664	48	func_8017C664		3ea82aacd6f815bc433a15a6359ed9b386bdae8e7bd333febbdbe57d6fed5e67
urn:ure:smg:re_FunctionVariant:rmge01-usasm:8017c694	0x8017C694	140	func_8017C694		7ad074c58113bee07f0d2a0b8be5a0e4ae88a06c0282319fb9071081697b2f19
urn:ure:smg:re_FunctionVariant:rmge01-usasm:8017c720	0x8017C720	7532	func_8017C720		8f0bd64c01b22f7b450d6063fd1c89fbd2b589fce51fccad99be42dc4f337032
urn:ure:smg:re_FunctionVariant:rmge01-usasm:8017e48c	0x8017E48C	16	func_8017E48C		a4c5ada166f1ba7500964a3e192197399d8d4149303c0a3ba0b7127ec4c2f6e7
urn:ure:smg:re_FunctionVariant:rmge01-usasm:8017e49c	0x8017E49C	16	func_8017E49C		a8626acc46058d4610098e35b7e4ddcbffb5a8cfec0c8234ff83dfd5e6d708f0
urn:ure:smg:re_FunctionVariant:rmge01-usasm:8017e4ac	0x8017E4AC	16	func_8017E4AC		1e5f69063bff857976f6581d7d139324bb46bb166ef095bd4dc4add7d738b5bb
urn:ure:smg:re_FunctionVariant:rmge01-usasm:8017e4bc	0x8017E4BC	16	func_8017E4BC		6194c1d0f55f6478c1d15b408d08be6d010a6384ba226f93e443143a405bf4cd
urn:ure:smg:re_FunctionVariant:rmge01-usasm:8017e4cc	0x8017E4CC	16	func_8017E4CC		3cab8e08d44b78d8a1f3e72feca65101f6cb01def8151745ef10ab8b7ed03c5b
urn:ure:smg:re_FunctionVariant:rmge01-usasm:8017e4dc	0x8017E4DC	16	func_8017E4DC		416c026c095d33262894626b275fb1522d6fd72fce74cb131bf1fd0ee11e1abf
urn:ure:smg:re_FunctionVariant:rmge01-usasm:8017e4ec	0x8017E4EC	16	func_8017E4EC		d187f01397aa1ea6203d872374af7750ecb334afa89f81ebd5f6c7b99992de57
urn:ure:smg:re_FunctionVariant:rmge01-usasm:8017e4fc	0x8017E4FC	16	func_8017E4FC		d236ca11027a507c25a8db84f1d7735a3f62d63f74a781316eef7fde5bd86314
urn:ure:smg:re_FunctionVariant:rmge01-usasm:8017e50c	0x8017E50C	16	func_8017E50C		d25853cbcc6c08cbaee948bb9a98945cde3981c8dc35aa674ba6f8296e6c9add
urn:ure:smg:re_FunctionVariant:rmge01-usasm:8017e51c	0x8017E51C	16	func_8017E51C		aa53a74b2f5bfce07d1a9d187cbf1052e360c5c34d9aa5616481a8b79aa081b8
urn:ure:smg:re_FunctionVariant:rmge01-usasm:8017e52c	0x8017E52C	16	func_8017E52C		14f7d5c7d1cfb8d6ed5177462c50386b2d2ffb2f495a46e9dcfcb5853b402f5d
urn:ure:smg:re_FunctionVariant:rmge01-usasm:8017e53c	0x8017E53C	16	func_8017E53C		dd2a906b05293c08d9721b066b1e8429c851db971527768152c41d8edca43003
urn:ure:smg:re_FunctionVariant:rmge01-usasm:8017e54c	0x8017E54C	16	func_8017E54C		79334280f21939bf039b8829a61e4bb78c39810c62505938b4f64bdd1746c1d6
urn:ure:smg:re_FunctionVariant:rmge01-usasm:8017e55c	0x8017E55C	16	func_8017E55C		a49f3ecfd415d80d6af28d751482cecdfe13b561dc0ca1b302de0720922104d3
urn:ure:smg:re_FunctionVariant:rmge01-usasm:8017e56c	0x8017E56C	16	func_8017E56C		30a8782ed22f59d095bc0f71a2d073820c3dfdb307e74f0097bd4a1dd6038d04
urn:ure:smg:re_FunctionVariant:rmge01-usasm:8017e57c	0x8017E57C	16	func_8017E57C		1fe4e1d68e855eabedc67b7ca42a223100401f42252196edf5ecbe415a73bd64
urn:ure:smg:re_FunctionVariant:rmge01-usasm:8017e58c	0x8017E58C	16	func_8017E58C		8c535e345722f1e69284f3e4c4cf6913ec71b59d06c712a03b42971536b48a31
urn:ure:smg:re_FunctionVariant:rmge01-usasm:8017e59c	0x8017E59C	16	func_8017E59C		e9c54fb211fdbb216c5e0507d5b4e811c4330536ad81a0bf6072bc617da6f676
urn:ure:smg:re_FunctionVariant:rmge01-usasm:8017e5ac	0x8017E5AC	16	func_8017E5AC		bd09d230d9f0490b20923b76cecac46fc83583cec5e9bda58e3ff23449f5a5f7
urn:ure:smg:re_FunctionVariant:rmge01-usasm:8017e5bc	0x8017E5BC	16	func_8017E5BC		85cb1c8f2fcc1361042b45e7eb164bb1b41b6e8293bb4d2f88e2e6ee2094d016
urn:ure:smg:re_FunctionVariant:rmge01-usasm:8017e5cc	0x8017E5CC	16	func_8017E5CC		fbc98156e998c75cef8547e7dd797c39b38fa8309311f4ab0a09b4f0aaee6c38
urn:ure:smg:re_FunctionVariant:rmge01-usasm:8017e5dc	0x8017E5DC	16	func_8017E5DC		6ce4d11ea33dc8776215900e8694f453b79d3b65b740430e1a7253bf9f20164d
urn:ure:smg:re_FunctionVariant:rmge01-usasm:8017e5ec	0x8017E5EC	16	func_8017E5EC		137c3fd30a56edcc7b503708a809ea7da48cefb75ccde975db32b2cda25e5b90
urn:ure:smg:re_FunctionVariant:rmge01-usasm:8017e5fc	0x8017E5FC	16	func_8017E5FC		ac409b4de74b276f6bdc1886150c34dce114afb31f5199992b46cbb28b3b9efc
urn:ure:smg:re_FunctionVariant:rmge01-usasm:8017e60c	0x8017E60C	16	func_8017E60C		279f8d703da691044b712ed349712103440c4fa210b588cd85d01ab0a6e63570
urn:ure:smg:re_FunctionVariant:rmge01-usasm:8017e61c	0x8017E61C	16	func_8017E61C		11a30e2f28819019ec0e1251a8a83ad1a803781496fe7cef4089f022516a8fba
urn:ure:smg:re_FunctionVariant:rmge01-usasm:8017e62c	0x8017E62C	16	func_8017E62C		f0b9c091ab049b63a767c4193022bd6a587554bd9736ddc50557529d93c5b552
urn:ure:smg:re_FunctionVariant:rmge01-usasm:8017e63c	0x8017E63C	16	func_8017E63C		a9a70472bfb6ef8c159df3438b77977c3728454333a3c374fdc71770bbd3313e
urn:ure:smg:re_FunctionVariant:rmge01-usasm:8017e64c	0x8017E64C	16	func_8017E64C		2becfead0183874713e0a316ef9a7a99ca9cd15ca3c1705ef3f320d50a4377bd
urn:ure:smg:re_FunctionVariant:rmge01-usasm:8017e65c	0x8017E65C	16	func_8017E65C		6b515cd19c3c0571e04c12fad76123145fdb6172d0b32492b3cdf137c37ac877
urn:ure:smg:re_FunctionVariant:rmge01-usasm:8017e66c	0x8017E66C	16	func_8017E66C		198b8879cda64e0b194b70fd09fcdcfc9f7c492f9c0de445f9a31e82424a4205
urn:ure:smg:re_FunctionVariant:rmge01-usasm:8017e67c	0x8017E67C	16	func_8017E67C		ef27ada53ffcb32eb73e492a6bb47ff247d2a2d89a0c2b0198769c43554d9251
urn:ure:smg:re_FunctionVariant:rmge01-usasm:8017e68c	0x8017E68C	16	func_8017E68C		09b4d0ddb43cb78813e27c0022d00f90a2b825379e0908d17478e0454b8cabeb
urn:ure:smg:re_FunctionVariant:rmge01-usasm:8017e69c	0x8017E69C	16	func_8017E69C		8ac95c282cc5334fe91cf317636b43740ed9977f8a92811a16e6b5e84be846e4
urn:ure:smg:re_FunctionVariant:rmge01-usasm:8017e6ac	0x8017E6AC	16	func_8017E6AC		fc1f864bec5148fdd0ab02bbb09d8027b9ddd7d7a7c7c9e38d804482cef9d1b9
urn:ure:smg:re_FunctionVariant:rmge01-usasm:8017e6bc	0x8017E6BC	16	func_8017E6BC		b644526dea6c2663e336604ac022cea9f6636da43bc3a7c11c44e8570aa61a50
urn:ure:smg:re_FunctionVariant:rmge01-usasm:8017e6cc	0x8017E6CC	16	func_8017E6CC		593477b090f1060795bb1695dc3fce625b2be8e82c35c4be0c3ed132520b2269
urn:ure:smg:re_FunctionVariant:rmge01-usasm:8017e6dc	0x8017E6DC	16	func_8017E6DC		715c9a9f7d0bed90bbde764b1f84ba4f322d8e742112569afaf9cbd2dd9e2179
urn:ure:smg:re_FunctionVariant:rmge01-usasm:8017e6ec	0x8017E6EC	16	func_8017E6EC		9a994ff4f831319ba1deda6c8b40b81d6d5cfe0943d85ce3f9be0062ae7084ab
urn:ure:smg:re_FunctionVariant:rmge01-usasm:8017e6fc	0x8017E6FC	16	func_8017E6FC		a9a61ed1634f0c4a6d0703a692b1b19364583ab473c5955a9f0f04d21ce27b73
urn:ure:smg:re_FunctionVariant:rmge01-usasm:8017e70c	0x8017E70C	16	func_8017E70C		bfa49119ce731fa6e971dce9db929c6a67081edaa5a3f17347f3a042a1c22ad0
urn:ure:smg:re_FunctionVariant:rmge01-usasm:8017e71c	0x8017E71C	16	func_8017E71C		e1902ba3a542423f3f8b6a46e1bbe1500c85af9e7d4290533c6c6e520e16d360
urn:ure:smg:re_FunctionVariant:rmge01-usasm:8017e72c	0x8017E72C	16	func_8017E72C		4d0ad2e2be5009cc60e41f81a6f575b3b558b6396949a2d63c85b72f942d88f7
urn:ure:smg:re_FunctionVariant:rmge01-usasm:8017e73c	0x8017E73C	16	func_8017E73C		3c26565050037f9d902259c65ab47df37bf4ae19ad5f0422eb0ab211d95549da
urn:ure:smg:re_FunctionVariant:rmge01-usasm:8017e74c	0x8017E74C	16	func_8017E74C		f351e97ff4b785b0cc6b1550ee2b9b8bc5757bb2dc62aa5a0748839b63475c20
urn:ure:smg:re_FunctionVariant:rmge01-usasm:8017e75c	0x8017E75C	16	func_8017E75C		f0d9e192a202636666eff9a807dff8420108f9e7ca0d7b3af3c0ddf967883343
urn:ure:smg:re_FunctionVariant:rmge01-usasm:8017e76c	0x8017E76C	440	func_8017E76C		92c25c9e1031ce6ea676bd9d04115b4f55bcccfd45a60d1385f73a641ccd2a05
urn:ure:smg:re_FunctionVariant:rmge01-usasm:8017e924	0x8017E924	540	func_8017E924		002e4ba3b7c5fc9e9313bc51d179067e459ee977b22afdf5b8a29506b9692a70
urn:ure:smg:re_FunctionVariant:rmge01-usasm:8017eb40	0x8017EB40	912	func_8017EB40		2221929a99e90174973af35cc47fe4c9298010e616867b7224c9ec693658b965
urn:ure:smg:re_FunctionVariant:rmge01-usasm:8017eed0	0x8017EED0	1912	func_8017EED0		f1e21d357a2e36c89a64954910a483532fe4c3a14a30fa4b307786a74bb14944
urn:ure:smg:re_FunctionVariant:rmge01-usasm:8017f648	0x8017F648	140	func_8017F648		318edf12165096fdd5501ebbac552d4839b1bd6617a6ed2213edfdc9c8892ca9
urn:ure:smg:re_FunctionVariant:rmge01-usasm:8017f6d4	0x8017F6D4	92	func_8017F6D4		458b6c5ecfa3a770a99a0b2a317eeb98eb1dc7e02e66a3e70902505721821a9a
urn:ure:smg:re_FunctionVariant:rmge01-usasm:8017f730	0x8017F730	980	func_8017F730		a3389be835d7e3d932166896aaa294988e89e8a6602877ab6b83037d6111dc15
urn:ure:smg:re_FunctionVariant:rmge01-usasm:8017fb04	0x8017FB04	16	func_8017FB04		e455a071c48d1e0220504656c5a9ef87998dbf62c9f717219a041a96a072e06b
urn:ure:smg:re_FunctionVariant:rmge01-usasm:8017fb14	0x8017FB14	16	func_8017FB14		6bedb53c50e34892cd670cc562163b3e074060705227e4d36ed80e2a95dc8e70
urn:ure:smg:re_FunctionVariant:rmge01-usasm:8017fb24	0x8017FB24	132	func_8017FB24		de9b2105fa08a1595ca3bcd8f7bb3bccef002b7ae36465cc6f5fab0002d32b3a
urn:ure:smg:re_FunctionVariant:rmge01-usasm:8017fba8	0x8017FBA8	2580	func_8017FBA8		e70046faf593f18ed41fbb15d10927977974ac6818f0be56aac9f29078869258
urn:ure:smg:re_FunctionVariant:rmge01-usasm:801805bc	0x801805BC	428	func_801805BC		e0af4ec47c661b19eba9f8cf42f97d44596c574edb7e16431cda2bc056e0ceac
urn:ure:smg:re_FunctionVariant:rmge01-usasm:80180768	0x80180768	2748	func_80180768		2a28e5e3ea8cfb67372810f27d035b7bdcb40cea6da421edded1b7a5d51820b9
urn:ure:smg:re_FunctionVariant:rmge01-usasm:80181224	0x80181224	768	func_80181224		94d301e59838f6c72347fb1bb7d241bb64e10362041307332b1c3c897cd53548
urn:ure:smg:re_FunctionVariant:rmge01-usasm:80181524	0x80181524	72	func_80181524		473e3514988a2fb46fcc5f91905a0006ad06009a5cf142e8b156441834ae2dd5
urn:ure:smg:re_FunctionVariant:rmge01-usasm:8018156c	0x8018156C	20	func_8018156C		0908b4e3dcb5f5f23baa66fe4855ea78eac8f30f73f0a46ccda121640ed20595
urn:ure:smg:re_FunctionVariant:rmge01-usasm:80181580	0x80181580	584	func_80181580		24120cad21410ded54c537b8c989e2069f89a8fa8385d7c6721740bbfbfaf778
urn:ure:smg:re_FunctionVariant:rmge01-usasm:801817c8	0x801817C8	164	func_801817C8		ccc13e44711a2177396e91fa9bac1a81fcfb02fd5a8feaf338d70e518b0340b1
urn:ure:smg:re_FunctionVariant:rmge01-usasm:8018186c	0x8018186C	124	func_8018186C		49e258c69d09e19e067aa2a307ffbec9e996998b0f13bd434e877e276af9a217
urn:ure:smg:re_FunctionVariant:rmge01-usasm:801818e8	0x801818E8	576	func_801818E8		7115df8f9ee39a05e77c1970cbbc7a944c8c1ba8b2248c3ad4a4b68550969514
urn:ure:smg:re_FunctionVariant:rmge01-usasm:80181b28	0x80181B28	68	func_80181B28		dbbd47ef43bb5224069d38794e8f2366bf46231a9adad201e8818c0817cc8093
urn:ure:smg:re_FunctionVariant:rmge01-usasm:80181b6c	0x80181B6C	92	func_80181B6C		cfe26c1f1138a434e2d6573986a96910cf8539e84ea1c511ffe5af78f17c0820
urn:ure:smg:re_FunctionVariant:rmge01-usasm:80181bc8	0x80181BC8	244	func_80181BC8		e5cdbd19f52281be834967b53fe77d165ed9a6f928e899a76918f5c4316f2c90
urn:ure:smg:re_FunctionVariant:rmge01-usasm:80181cbc	0x80181CBC	416	func_80181CBC		2e823fa90c662c013b92579bcb5cf7df32214fff53c01b44e5df5b88a7478f97
urn:ure:smg:re_FunctionVariant:rmge01-usasm:80181e5c	0x80181E5C	136	func_80181E5C		55d4f8dd278fb9b3f9f5baa1295f75fafcdb12c6b88d1b17f7908f616653101a
urn:ure:smg:re_FunctionVariant:rmge01-usasm:80181ee4	0x80181EE4	452	func_80181EE4		0ddd2ff56d0311be3de40a9741e15f522ef6d821ced3b59e7454caad60be0f5d
urn:ure:smg:re_FunctionVariant:rmge01-usasm:801820a8	0x801820A8	628	func_801820A8		87b0aba2d99e6546507a59d889a3e305cd3a3dd5e828563eaddf7f420687d406
urn:ure:smg:re_FunctionVariant:rmge01-usasm:8018231c	0x8018231C	16	func_8018231C		056b80d40a603a598d135aac4c06e677bcf847e8f74143b74d30b6e638dd8698
urn:ure:smg:re_FunctionVariant:rmge01-usasm:8018232c	0x8018232C	16	func_8018232C		6c13ecdf9ba58612ed0d2b221457a84e55c78f607c4d4a103f53ef1a10c30ba4
urn:ure:smg:re_FunctionVariant:rmge01-usasm:8018233c	0x8018233C	120	func_8018233C		b8b80c99ba90066028a44b9403f88a3f15c5b5bbe8c28110643adcc22a0144ab
urn:ure:smg:re_FunctionVariant:rmge01-usasm:801823b4	0x801823B4	120	func_801823B4		8e2604e2c481a7c32b2a8e53bbe73d1011edd36d34dbefc6360a41526dabb416
urn:ure:smg:re_FunctionVariant:rmge01-usasm:8018242c	0x8018242C	424	func_8018242C		9d1b36ef3510a3403b65b22d9d99a65eae3db590795a9ac2f78ef8676e7dfd8b
urn:ure:smg:re_FunctionVariant:rmge01-usasm:801825d4	0x801825D4	8	func_801825D4		def99e1b592fa14413ff9e0653f8d0011ef4157a550eee646990e445c48ad8b8
urn:ure:smg:re_FunctionVariant:rmge01-usasm:801825dc	0x801825DC	8	func_801825DC		5d0eb691628d45ff8f6063a571709789b1b85970241bebf418197b7c15c29346
urn:ure:smg:re_FunctionVariant:rmge01-usasm:801825e4	0x801825E4	20	func_801825E4		40dc9e7dd978065d752ada0a5ac1478bbca8a6305cb7457353f680ed5b3d42de
urn:ure:smg:re_FunctionVariant:rmge01-usasm:801825f8	0x801825F8	20	func_801825F8		83beab196c10c03c9e959b8da6a5e102948d45ea0a1dde9db032eee4363781e8
urn:ure:smg:re_FunctionVariant:rmge01-usasm:8018260c	0x8018260C	16	func_8018260C		db0648dcc6b591f977e83dd36318182c48112e6b0692e439096b8e4f0bc55349
urn:ure:smg:re_FunctionVariant:rmge01-usasm:8018261c	0x8018261C	8	func_8018261C		628252647637b09398402afe55ab55ea98bc50a5b0146e4b8636c17f941a2a32
urn:ure:smg:re_FunctionVariant:rmge01-usasm:80182638	0x80182638	16	func_80182638		c1bfdef2e67eb12ae743c28bf648d83b94b32ccaf1a0361771c23f282544333c
urn:ure:smg:re_FunctionVariant:rmge01-usasm:80182648	0x80182648	344	func_80182648		c71c2ef6806114ce896d80b5c07b939216e60482ac0ae42f0d6630db10c543a9
urn:ure:smg:re_FunctionVariant:rmge01-usasm:801827a0	0x801827A0	292	func_801827A0		afe1e12ef743225af7bb5e1b6fd79839ca1b023e9d5e4ae9e552742759ab9b2c
urn:ure:smg:re_FunctionVariant:rmge01-usasm:801828c4	0x801828C4	140	func_801828C4		3d892c251f0bb720d1d8c1b23e75af651026b6632c3cb038679737519bd411f9
urn:ure:smg:re_FunctionVariant:rmge01-usasm:80182950	0x80182950	8	func_80182950		519fd9268b66185397bd1e661a30e1a9f5dbf63e5bf31feee2dac5d1ecf21faa
urn:ure:smg:re_FunctionVariant:rmge01-usasm:80182958	0x80182958	84	func_80182958		6938ee6fe95027d10e1f934e4ec79d9fce01aadb9d6df1e724d693cb712fcbd9
urn:ure:smg:re_FunctionVariant:rmge01-usasm:801829ac	0x801829AC	12	func_801829AC		8596bbb45cef18046b2187d0e6b5a302f764db239dae7029700445f52add96da
urn:ure:smg:re_FunctionVariant:rmge01-usasm:801829b8	0x801829B8	12	func_801829B8		8dd12d20eff7dd66039f465512e4516705f0d7ff6f641f50412f38687a05b099
urn:ure:smg:re_FunctionVariant:rmge01-usasm:801829c4	0x801829C4	12	func_801829C4		acea47c0ff54dbe2c6256ae21c8ba2809a000b04d13f5ce4712588633165ff76
urn:ure:smg:re_FunctionVariant:rmge01-usasm:801829d0	0x801829D0	124	func_801829D0		60d54abfd76bd49bcfd56cc39ed0032ceef96231b7f3adf7711eed097f1d6e2c
urn:ure:smg:re_FunctionVariant:rmge01-usasm:80182a4c	0x80182A4C	20	func_80182A4C		75ffaa6dcf554d3877e860cf67d699042edab415b293031a1353c62f4321e793
urn:ure:smg:re_FunctionVariant:rmge01-usasm:80182a60	0x80182A60	32	func_80182A60		92fdcac27388a877a352b0c97663a4a220f3393e1fb32efe1f2c454b25656ea3
urn:ure:smg:re_FunctionVariant:rmge01-usasm:80182a80	0x80182A80	32	func_80182A80		86c1ddbaf7d0cad3c2c920ea83cb6bf3d3a5dd4145dc4bbe88b070f130f618a2
urn:ure:smg:re_FunctionVariant:rmge01-usasm:80182aa0	0x80182AA0	136	func_80182AA0		eaa5b1ee538ecaa56a13f936c22325ee9bf5c7f6458746ceda588806395a5f8f
urn:ure:smg:re_FunctionVariant:rmge01-usasm:80182b28	0x80182B28	80	func_80182B28		7d04c22c63ffc4c7bf594a8771d72d250c3f8bdd50c20e4ff02c500e2f66a808
urn:ure:smg:re_FunctionVariant:rmge01-usasm:80182b78	0x80182B78	92	func_80182B78		fb6f726c344d7e179ab755ed127b48d65a4e9ee352f2388484b25a51bc5c2123
urn:ure:smg:re_FunctionVariant:rmge01-usasm:80182bd4	0x80182BD4	76	func_80182BD4		8038479f7251d561cf3f3a7ab74e83be2e61477514d5c20546899ae1258e1230
urn:ure:smg:re_FunctionVariant:rmge01-usasm:80182c20	0x80182C20	124	func_80182C20		2392890bfd26399b944ab96482ed5ece6586eb1f15b15a0046495ed1a04131e2
urn:ure:smg:re_FunctionVariant:rmge01-usasm:80182c9c	0x80182C9C	392	func_80182C9C		fc87115c179f8f7b2de34be5057e3e9e89aa056cb091ae7bba5656a08f99e802
urn:ure:smg:re_FunctionVariant:rmge01-usasm:80182e24	0x80182E24	12	func_80182E24		0d2852c3b1f6420860d0df5905d3d0b48e4b0e251ff1299ebe6d556c007f225b
urn:ure:smg:re_FunctionVariant:rmge01-usasm:80182e30	0x80182E30	616	func_80182E30		7d703fbb4330abe630af6a724c1504ddceffc2a65214462998702b96b2451144
urn:ure:smg:re_FunctionVariant:rmge01-usasm:80183098	0x80183098	884	func_80183098		934743cf427bfca63948a699a921aa42869eb2eeef4c65e4ca0db7797178c4f3
urn:ure:smg:re_FunctionVariant:rmge01-usasm:8018340c	0x8018340C	724	func_8018340C		8829b307fa6c7f5b71ef892000dda675429f13c57b8e64fe6b6bd860b1dd6f9a
urn:ure:smg:re_FunctionVariant:rmge01-usasm:801836e0	0x801836E0	748	func_801836E0		367c57194757be225386976b53e3b055276e167891265ad00b800233403f2290
urn:ure:smg:re_FunctionVariant:rmge01-usasm:801839cc	0x801839CC	1800	func_801839CC		26fb09633fcdf8752604e080950d477addf61a95939b5a8a0c76b420fbc09ee4
urn:ure:smg:re_FunctionVariant:rmge01-usasm:801840d4	0x801840D4	1712	func_801840D4		70e7d4bb973abe30367421c594676e3e6cecdd4da34a349d2848dc28f484420c
urn:ure:smg:re_FunctionVariant:rmge01-usasm:80184784	0x80184784	1660	func_80184784		8a0e6233af267fbbec6835096d8bd666ba9849e5e171890d6fe8c9a3a5bca7e5
urn:ure:smg:re_FunctionVariant:rmge01-usasm:80184e00	0x80184E00	220	func_80184E00		0b9f86522c3964e51daecf58d45051e07706af0808e2c6e1b732ae9352646c04
urn:ure:smg:re_FunctionVariant:rmge01-usasm:80184edc	0x80184EDC	704	func_80184EDC		f859ec918d8c1b2effdc102815f2f0254cbc9b6710aa3c01b63e1d5b390fc1f6
urn:ure:smg:re_FunctionVariant:rmge01-usasm:8018519c	0x8018519C	28	func_8018519C		28ec5b38554ba5f838f64ca2bf50ddc9208b7ef85b8abef76465db687299ec59
urn:ure:smg:re_FunctionVariant:rmge01-usasm:801851b8	0x801851B8	24	func_801851B8		27c5b216907631a227b1ce16c929e365d576dc969e2c1d3c63a0fb641135483c
urn:ure:smg:re_FunctionVariant:rmge01-usasm:801851d0	0x801851D0	24	func_801851D0		77b3c15a53f49cd97c9bcf5de79f9904aa99f77809d7f37c5f3561aee7c1863e
urn:ure:smg:re_FunctionVariant:rmge01-usasm:801851e8	0x801851E8	24	func_801851E8		b7341f7fdced791ac191a6e532ae1ad1c7e0503cb51859f79621ccf66d182d7f
urn:ure:smg:re_FunctionVariant:rmge01-usasm:80185200	0x80185200	24	func_80185200		f172d950005478cf2f7d88602c210792cbfc447d771478b06621bb999122f97a
urn:ure:smg:re_FunctionVariant:rmge01-usasm:80185218	0x80185218	20	func_80185218		eb8e99e10d267adf2edffd17edd756a70751c09f441bb8aa0929c1f115d95cd6
urn:ure:smg:re_FunctionVariant:rmge01-usasm:8018522c	0x8018522C	76	func_8018522C		e0a0af9a95da4db66ca3b8c31ba2316df668dae33a2975725b192e6a538c6a20
urn:ure:smg:re_FunctionVariant:rmge01-usasm:80185278	0x80185278	512	func_80185278		70704ac36e77ce5b56c9c4201d56982e6c465e8bb916e542e7c76389439993af
urn:ure:smg:re_FunctionVariant:rmge01-usasm:80185478	0x80185478	24	func_80185478		2c8d6b964ffe15e478454a707fa7019fc9e19074c246e126207c7c92c0fc665f
urn:ure:smg:re_FunctionVariant:rmge01-usasm:80185490	0x80185490	28	func_80185490		52a9e7cae9d7aaf5cda40d7b03e6b23a399985d381d9c0db70485d2200c44aa8
urn:ure:smg:re_FunctionVariant:rmge01-usasm:801854ac	0x801854AC	48	func_801854AC		f668bb4c6c1789d258bcbc10a8ac53f4a5c9e2ffd99b40191430ebfcb420bd1b
urn:ure:smg:re_FunctionVariant:rmge01-usasm:801854dc	0x801854DC	172	func_801854DC		91b488ebf851510cb9ccda6439d4f44a6bc25b32a866823fa1f3807cdbc848e9
urn:ure:smg:re_FunctionVariant:rmge01-usasm:80185588	0x80185588	72	func_80185588		29cc03c85a25408f9263d2eaf49bc9e3c2c05be6bf6089dd9c985b8b68fec08c
urn:ure:smg:re_FunctionVariant:rmge01-usasm:801855d0	0x801855D0	36	func_801855D0		c153963e0d85ff09c5e11b8ccc18a3afeea3756a7e1dce5863e8c00d0ae1200f
urn:ure:smg:re_FunctionVariant:rmge01-usasm:801855f4	0x801855F4	28	func_801855F4		30ea36db28f69e0048981dadc4b2d302b5f3e0a8b73c86743d5315d0da4234f4
urn:ure:smg:re_FunctionVariant:rmge01-usasm:80185610	0x80185610	80	func_80185610		5b86078b6bf8626d99a89edead8e2be4bc992729d27d80c8eaf669fe3d495b06
urn:ure:smg:re_FunctionVariant:rmge01-usasm:80185660	0x80185660	296	func_80185660		0e7ed9ee3637daaf0af8a7df718abbb726f2c1df439f840575eddf8672abb891
urn:ure:smg:re_FunctionVariant:rmge01-usasm:80185788	0x80185788	192	func_80185788		80f5e632e1ce713334673cffd4c9c374469dab7fe3b965059cdea14949392a43
urn:ure:smg:re_FunctionVariant:rmge01-usasm:80185848	0x80185848	684	func_80185848		d73991abe76fc0c67ab0bc1b9c3036c7e140c17c3f5ab929a19c3852f19a97cd
urn:ure:smg:re_FunctionVariant:rmge01-usasm:80185af4	0x80185AF4	1196	func_80185AF4		b738ee6f66bd7be39bcc22cc0a07ce6babdbec866c3a18fb6799c2750cbfec44
urn:ure:smg:re_FunctionVariant:rmge01-usasm:80185fa0	0x80185FA0	16	func_80185FA0		b7f8b4d95ce2b65098b4b7418d1d1fb25d1edc62beb98d46bec133f1e0dc43f8
urn:ure:smg:re_FunctionVariant:rmge01-usasm:80185fb0	0x80185FB0	16	func_80185FB0		449b58db91e89a42a60e0bb2d9e121edfb96f94faaf53f28ae464a4ce1bd52fc
urn:ure:smg:re_FunctionVariant:rmge01-usasm:80185fc0	0x80185FC0	128	func_80185FC0		0bc3bc5f7d62385c08d9a9d16afcf0efc26323e8a42d6bff10618aad3723d785
urn:ure:smg:re_FunctionVariant:rmge01-usasm:80186040	0x80186040	448	func_80186040		d6e8881f830530174a84e667626b7635c681add1cc60bfccb38d9105171cc5da
urn:ure:smg:re_FunctionVariant:rmge01-usasm:80186200	0x80186200	140	func_80186200		3d8762ac5df17a68c750518e08d5b4bb984379937e98c63a50bd9c90de002add
urn:ure:smg:re_FunctionVariant:rmge01-usasm:8018628c	0x8018628C	1108	func_8018628C		94d13c30f6242baa4d548b868eb8d06f7a8f951ab6540667c14428ff370be9a3
urn:ure:smg:re_FunctionVariant:rmge01-usasm:801866e0	0x801866E0	16	func_801866E0		f11508f9d28739b095b5cf2f23d10a8a20361bf7d4e3ab4210443c4b0ec3b834
urn:ure:smg:re_FunctionVariant:rmge01-usasm:801866f0	0x801866F0	104	func_801866F0		94388b7f9f21d855bcafb63c86fd9bd3827986dbaac6dfce1d3627cd7266f871
urn:ure:smg:re_FunctionVariant:rmge01-usasm:80186758	0x80186758	704	func_80186758		8c74da557ca903272e887c5ab8bc2629cb989f15ef0e5ec81b053be2fd2b4db0
urn:ure:smg:re_FunctionVariant:rmge01-usasm:80186a18	0x80186A18	636	func_80186A18		14868ac4c4778adc4b0fd735b4af3d34a2998a36d03cfcce40f6b70818270d84
urn:ure:smg:re_FunctionVariant:rmge01-usasm:80186c94	0x80186C94	104	func_80186C94		e42602551272b95a5aef3e168f23413d4bdbf441b76e1574d2e143a59accee98
urn:ure:smg:re_FunctionVariant:rmge01-usasm:80186cfc	0x80186CFC	52	func_80186CFC		6fcf4e89f6c9a14dce07ad58678e290426e2dcabaf9ebb802bfd1cf16a4134eb
urn:ure:smg:re_FunctionVariant:rmge01-usasm:80186d30	0x80186D30	128	func_80186D30		ce11dda03f9a6d28e03891333610d53ead714e7131fd5daa54c00fc1660d18de
urn:ure:smg:re_FunctionVariant:rmge01-usasm:80186db0	0x80186DB0	144	func_80186DB0		2b057e532816b90029234283f8750eb4a2e33656b0d7953f0614884650591b84
urn:ure:smg:re_FunctionVariant:rmge01-usasm:80186e40	0x80186E40	632	func_80186E40		1ab51ad23d6bc19a04f124300e9acd03c8859a7ae4cc1325017c9f59065c9edc
urn:ure:smg:re_FunctionVariant:rmge01-usasm:801870b8	0x801870B8	124	func_801870B8		b21d0ff9953a81f0cfb67ea8a07a0fa47a8954198ea7d520f4771a5ae7935e93
urn:ure:smg:re_FunctionVariant:rmge01-usasm:80187134	0x80187134	8	func_80187134		c5980457b2c4eaf6f748901c65b61fd7cb5de59263307e9fd6f785f1aedf9e44
urn:ure:smg:re_FunctionVariant:rmge01-usasm:8018713c	0x8018713C	16	func_8018713C		a94508f9e086e585e8f25cdea3e9e15cdcb8a2487e4113ced08b2069bf64ba08
urn:ure:smg:re_FunctionVariant:rmge01-usasm:8018714c	0x8018714C	20	func_8018714C		b7f4336dcd297984f76dc5668e3696c32cda8b8db255d591b4f7c45d42725ea5
urn:ure:smg:re_FunctionVariant:rmge01-usasm:80187160	0x80187160	20	func_80187160		499b228017b3aef1a1aa900ee5b2a514df795cd923fe74d0093f8d93b831b319
urn:ure:smg:re_FunctionVariant:rmge01-usasm:80187174	0x80187174	784	func_80187174		c9daae5749b06871186c20c9ec9237adda65fdfb9dabeb6249ddc0b006805a2e
urn:ure:smg:re_FunctionVariant:rmge01-usasm:80187484	0x80187484	16	func_80187484		54c315b806b98447e15cd7ff7307537b05f49ebb1bcc2f6bff718c5670ae3170
urn:ure:smg:re_FunctionVariant:rmge01-usasm:80187494	0x80187494	16	func_80187494		288fd0f2d9a619a3bad50375332644111a608bfb0c4e535ee0376cfc84d3efbe
urn:ure:smg:re_FunctionVariant:rmge01-usasm:801874a4	0x801874A4	16	func_801874A4		9783104d5e6f9fd5ccf9bb78bfba81b035355a33cf5dff35994e231d7e4189d4
urn:ure:smg:re_FunctionVariant:rmge01-usasm:801874b4	0x801874B4	16	func_801874B4		82dd6f3d506655b80f099ce578d394d483ee335de35eee3247ff377edff5547a
urn:ure:smg:re_FunctionVariant:rmge01-usasm:801874c4	0x801874C4	120	func_801874C4		6f51e33661f5a7767284f68986602ff1c540ff95eb7d45464a66e645967a7ed4
urn:ure:smg:re_FunctionVariant:rmge01-usasm:8018753c	0x8018753C	548	func_8018753C		5585bab16d67cb92e87a5780095e745bc54ebb7b91f8f192c4cfa65343987b56
urn:ure:smg:re_FunctionVariant:rmge01-usasm:80187760	0x80187760	16	func_80187760		a5b7d7704649636b0b814a3945eafac9b87fc07274c65871106d1aafac87f24f
urn:ure:smg:re_FunctionVariant:rmge01-usasm:80187770	0x80187770	16	func_80187770		20aaeaf8073fb4ee3809215db79c06574a8c103b679d69bb03472b82fa4ae4e1
urn:ure:smg:re_FunctionVariant:rmge01-usasm:80187780	0x80187780	36	func_80187780		a5c15aa0478005868ee5004ef20f22a0f96e07ff19535e6e0310746195f93c9f
urn:ure:smg:re_FunctionVariant:rmge01-usasm:801877a4	0x801877A4	840	func_801877A4		a296a64d5caca8f5662a6384a2e27d5906345d85cff8897e4638392b73292709
urn:ure:smg:re_FunctionVariant:rmge01-usasm:80187aec	0x80187AEC	16	func_80187AEC		765d467aef28897a16c69e550974242c7e115dedbd156d3e0451e5ebd9b2e0b8
urn:ure:smg:re_FunctionVariant:rmge01-usasm:80187afc	0x80187AFC	204	func_80187AFC		e2346415249f20a4cfd7f22d0fe89d8aaf8561bba13a7d34b8eae650417e4d8f
urn:ure:smg:re_FunctionVariant:rmge01-usasm:80187bc8	0x80187BC8	124	func_80187BC8		2df209d4b56cadf2c6b0b7278e52c9fe1eaa2bc5d900fc5d9598f5fd6a3bbf4f
urn:ure:smg:re_FunctionVariant:rmge01-usasm:80187c44	0x80187C44	8	func_80187C44		0e9e9e2f130618909fb17a4245cd1dc0e4e9c3cead8882832ce9ed1710209df4
urn:ure:smg:re_FunctionVariant:rmge01-usasm:80187c4c	0x80187C4C	8	func_80187C4C		e22833416766df6e6fcd90810ef50461abddf683b4de1ee5338ba34b64559ce3
urn:ure:smg:re_FunctionVariant:rmge01-usasm:80187c54	0x80187C54	220	func_80187C54		e9949f9e49ac87be29181d5ff558d296e3ed56fb635af4fb7d7b4976e902a364
urn:ure:smg:re_FunctionVariant:rmge01-usasm:80187d30	0x80187D30	88	func_80187D30		5ab89ba665ce69936ebab90ee2c97cd3ed2f165f65031a8db497176a44eb64dd
urn:ure:smg:re_FunctionVariant:rmge01-usasm:80187d88	0x80187D88	56	func_80187D88		f507f9e180be1d2ef91bcb9e22253bd557329d6450551a08081498fde5234625
urn:ure:smg:re_FunctionVariant:rmge01-usasm:80187dc0	0x80187DC0	108	func_80187DC0		706a121953c94114bf9bf42f3778c5a7180453a8084a57351dcf26115f2257d5
urn:ure:smg:re_FunctionVariant:rmge01-usasm:80187e2c	0x80187E2C	336	func_80187E2C		ddb2d7b5a4d777b405fe53dc4c03747676c1514f85b6745ccdf1e5e8d34fbec6
urn:ure:smg:re_FunctionVariant:rmge01-usasm:80187f7c	0x80187F7C	44	func_80187F7C		327a55df0d3f3c0ba0ded00f50e4831f8e98acaa23e73c0a2df943d9e5c0df6c
urn:ure:smg:re_FunctionVariant:rmge01-usasm:80187fa8	0x80187FA8	60	func_80187FA8		6426e4464ec8e54dcd1dde1d97880e413353b382c205be858eb327564220d459
urn:ure:smg:re_FunctionVariant:rmge01-usasm:80187fe4	0x80187FE4	100	func_80187FE4		20ac177cf04ac65be90cf61dbe64c246c6f6b2e25d657b175d1915933caf8ce2
urn:ure:smg:re_FunctionVariant:rmge01-usasm:80188048	0x80188048	132	func_80188048		a43179ec1dad6ebb187cc8b3b9b5f6182a55cbcf824f9f35ac10b0035a104f37
urn:ure:smg:re_FunctionVariant:rmge01-usasm:801880cc	0x801880CC	196	func_801880CC		538a1a9956929dfe869d146f8cd4a7ef37a3d69403358b63ee3c93a23874a14b
urn:ure:smg:re_FunctionVariant:rmge01-usasm:80188190	0x80188190	248	func_80188190		9150c825239d79fb1e4e1fcda3b65cade2c60871fbbf3b13ee9f2b06f5b1e252
urn:ure:smg:re_FunctionVariant:rmge01-usasm:80188288	0x80188288	252	func_80188288		982a93d6a00db0930d1fed55d348c7c3a283dc9ced05ddf1d7cc55a6cf0b40cc
urn:ure:smg:re_FunctionVariant:rmge01-usasm:80188384	0x80188384	48	func_80188384		03d3f4862aafb1d1b2f9df5cb3d042e20134d4b6ed07e681e6231734485e363b
urn:ure:smg:re_FunctionVariant:rmge01-usasm:801883b4	0x801883B4	56	func_801883B4		0fc7cc5685f0cde892e05d754174d0ee55a02584761eb16499c87b3b80041d6d
urn:ure:smg:re_FunctionVariant:rmge01-usasm:801883ec	0x801883EC	56	func_801883EC		f982a92defc26391cb238fa930c4b6acf923d1539936f45656666bc340f6027e
urn:ure:smg:re_FunctionVariant:rmge01-usasm:80188424	0x80188424	80	func_80188424		39820b9d758256eacd02056f447d3ee1d6d9c38884db5a004191b8bc25169657
urn:ure:smg:re_FunctionVariant:rmge01-usasm:80188474	0x80188474	92	func_80188474		7e8559b2b117a38f1bcc57cea169efe0d005ffae44166814ab070426a29eecd8
urn:ure:smg:re_FunctionVariant:rmge01-usasm:801884d0	0x801884D0	244	func_801884D0		39ac68a22f92fac16c1ddce37f3097de2dd384af5da083b35a7a66d199590f7d
urn:ure:smg:re_FunctionVariant:rmge01-usasm:801885c4	0x801885C4	236	func_801885C4		36d3049bfd2e314f06ec277b019d58c68136411c78bc7e40908c368db6abe1b1
urn:ure:smg:re_FunctionVariant:rmge01-usasm:801886b0	0x801886B0	160	func_801886B0		7a79d010dc667120a4b41a97be9b7086184b3a72d341a795f7d1fc713ed959d7
urn:ure:smg:re_FunctionVariant:rmge01-usasm:80188750	0x80188750	204	func_80188750		c2df6dd3499eb7644727e95205846607f3afb5ba0d1ba2022220446c59fe9d60
urn:ure:smg:re_FunctionVariant:rmge01-usasm:8018881c	0x8018881C	560	func_8018881C		93f171453c5a1ac421200a0ef559d7e7f1aafe9488a411ef49e8654f57200870
urn:ure:smg:re_FunctionVariant:rmge01-usasm:80188a4c	0x80188A4C	192	func_80188A4C		bf27afc33c40e5508cf6b401295fbd1d5f0e606dd800663442e5f47f2d60fe1d
urn:ure:smg:re_FunctionVariant:rmge01-usasm:80188b0c	0x80188B0C	168	func_80188B0C		f1bd740e8ab405aed9b7a806f1c3e88462ec4b15fb15b660a3a09a7ce65281a2
urn:ure:smg:re_FunctionVariant:rmge01-usasm:80188bb4	0x80188BB4	160	func_80188BB4		8f2527810cb6557cda64ed41f86683606a11e8666ce1ee25ebd8dcfc498aff8b
urn:ure:smg:re_FunctionVariant:rmge01-usasm:80188c54	0x80188C54	120	func_80188C54		a3a61189793a16aaa66c594befd98206749cab9af51f8d0ca3b0fc1cfcb63e1d
urn:ure:smg:re_FunctionVariant:rmge01-usasm:80188ccc	0x80188CCC	84	func_80188CCC		2c503efdfdefb4db29b84726cb7c45d72d637b4f11c50f0da5f2ef4f6548b9d0
urn:ure:smg:re_FunctionVariant:rmge01-usasm:80188d20	0x80188D20	228	func_80188D20		34aa125fd6aa78dfa8af460b0ef55a9afc16a986eab8abcc1a8e8b611635e118
urn:ure:smg:re_FunctionVariant:rmge01-usasm:80188e04	0x80188E04	28	func_80188E04		30ea36db28f69e0048981dadc4b2d302b5f3e0a8b73c86743d5315d0da4234f4
urn:ure:smg:re_FunctionVariant:rmge01-usasm:80188e20	0x80188E20	276	func_80188E20		bf09f8b761712022af3f73124a2ca30080fa3c91270b4fcda94b5d6a9ea403fa
urn:ure:smg:re_FunctionVariant:rmge01-usasm:80188f34	0x80188F34	148	func_80188F34		524d1f526d8ddca91596054ad3f2c1af2116774eaff3e7ca9e1bb15fd34ddfff
urn:ure:smg:re_FunctionVariant:rmge01-usasm:80188fc8	0x80188FC8	260	func_80188FC8		3cbf8fcd52a6b795e189846d0f5ac98e47713bffc7ac4ef16fd15c26463c0d59
urn:ure:smg:re_FunctionVariant:rmge01-usasm:801890cc	0x801890CC	40	func_801890CC		147cc20afd346e352ca0c301e893ed610428adc92fb1c8291ac33b1dcafaeba4
urn:ure:smg:re_FunctionVariant:rmge01-usasm:801890f4	0x801890F4	96	func_801890F4		195c2cdda96bec8a25968059906862d27136ad11f38d109b7ca3363a47106536
urn:ure:smg:re_FunctionVariant:rmge01-usasm:80189154	0x80189154	16	func_80189154		ce90933ccc03854268fa054b0fac8eedf9d6adad26e2ba8b3222b4c9a73f6ae6
urn:ure:smg:re_FunctionVariant:rmge01-usasm:80189164	0x80189164	16	func_80189164		ce90933ccc03854268fa054b0fac8eedf9d6adad26e2ba8b3222b4c9a73f6ae6
urn:ure:smg:re_FunctionVariant:rmge01-usasm:80189174	0x80189174	48	func_80189174		5efdfc4740429a9161700787da95693f5da5d420b49c2f7b3d022c592793e8ac
urn:ure:smg:re_FunctionVariant:rmge01-usasm:801891a4	0x801891A4	92	func_801891A4		a258ebcd0eedfdf3b70532b29e4b9a25ecf9beacd957530a5d1ffddcd8ca2da6
urn:ure:smg:re_FunctionVariant:rmge01-usasm:80189200	0x80189200	16	func_80189200		765d467aef28897a16c69e550974242c7e115dedbd156d3e0451e5ebd9b2e0b8
urn:ure:smg:re_FunctionVariant:rmge01-usasm:80189210	0x80189210	148	func_80189210		9dd2bdb1fbf0ca09e56c07d812c9a72ed8fe02af459b26a8a9a34d2c9340a6b0
urn:ure:smg:re_FunctionVariant:rmge01-usasm:801892a4	0x801892A4	36	func_801892A4		ae6689fc65c1d39fa665f5366eb2df794f75443dd2b5c95512599a421c54d7ea
urn:ure:smg:re_FunctionVariant:rmge01-usasm:801892c8	0x801892C8	12	func_801892C8		78d0bf46d93317ec32f3d2d486df19d380dfb306605b0bd7feaedc59438cddd9
urn:ure:smg:re_FunctionVariant:rmge01-usasm:801892d4	0x801892D4	172	func_801892D4		06ca948c334b52f6b66bb99f22b1fe8bafdde3163ea5bbee6fa4cfbdcaadca4b
urn:ure:smg:re_FunctionVariant:rmge01-usasm:80189380	0x80189380	212	func_80189380		f7051dd565cde37e1c69a9c55e1a9c8e50a92e4b5f9b52be271a5272e4a8bef5
urn:ure:smg:re_FunctionVariant:rmge01-usasm:80189454	0x80189454	232	func_80189454		cd73f83293808a968a61ed587bc6f6dec4395c756e538a8c68d63ee226bd819b
urn:ure:smg:re_FunctionVariant:rmge01-usasm:8018953c	0x8018953C	204	func_8018953C		04ce8280d84c06d550e62e3b3ae6efd567e830e1bbb497558b15636d38b5722f
urn:ure:smg:re_FunctionVariant:rmge01-usasm:80189608	0x80189608	128	func_80189608		bf329fd472b0af41567f7e4d82b75ff42167d7038c2b171cae4d11c35892f0a5
urn:ure:smg:re_FunctionVariant:rmge01-usasm:80189688	0x80189688	616	func_80189688		120874287bb57e928a32d8599dadad4a538079963b2023d45773f65a2eb271db
urn:ure:smg:re_FunctionVariant:rmge01-usasm:801898f0	0x801898F0	144	func_801898F0		869617a54a739c314570c25bfbd5f665f57aef599c7fcc0f47a4b8529572be9f
urn:ure:smg:re_FunctionVariant:rmge01-usasm:80189980	0x80189980	1260	func_80189980		32818ed2bfafde3041b5e4c99d51312eb2294ac4e214302d6044a6cbe6fce75a
urn:ure:smg:re_FunctionVariant:rmge01-usasm:80189e6c	0x80189E6C	760	func_80189E6C		db613e3f810db1b0dfb8c114d90ce5ad67d4aa54ade0e5f11692cfa4ddcc63b5
urn:ure:smg:re_FunctionVariant:rmge01-usasm:8018a164	0x8018A164	120	func_8018A164		c8c25da4b9ab03f5345ed1363e75b4240e63c3ac34e708bc7e2815481d96f1a8
urn:ure:smg:re_FunctionVariant:rmge01-usasm:8018a1dc	0x8018A1DC	272	func_8018A1DC		6e5e00bd86dde0cade6b7115b0ceb1d85dce6139aa9c6dbea1b76b807b3c64f9
urn:ure:smg:re_FunctionVariant:rmge01-usasm:8018a2ec	0x8018A2EC	272	func_8018A2EC		f29435579888d7b28504d8455583690a0792fb2bb519d4f52b78dbb390a4301b
urn:ure:smg:re_FunctionVariant:rmge01-usasm:8018a3fc	0x8018A3FC	272	func_8018A3FC		ec49f9e83111cc9253451bb39cc8cb5164b8d837b79cbba7a40376b08542f3c0
urn:ure:smg:re_FunctionVariant:rmge01-usasm:8018a50c	0x8018A50C	576	func_8018A50C		c0536e1d3ebf6cef437ff08b1bf61030eecdc2e15d017752abbb129bc6a28acb
urn:ure:smg:re_FunctionVariant:rmge01-usasm:8018a74c	0x8018A74C	1736	func_8018A74C		fc562f2520da73ae4a731018397500f1e8b7bf2d6a1f5cf1434ca6af3cccb0ae
urn:ure:smg:re_FunctionVariant:rmge01-usasm:8018ae14	0x8018AE14	1004	func_8018AE14		6c7cf224d28155d8d5ad2ee91e2c1afdc8b6385757cedfd7b0c4811a2cd94bf8
urn:ure:smg:re_FunctionVariant:rmge01-usasm:8018b200	0x8018B200	20	func_8018B200		0908b4e3dcb5f5f23baa66fe4855ea78eac8f30f73f0a46ccda121640ed20595
urn:ure:smg:re_FunctionVariant:rmge01-usasm:8018b214	0x8018B214	532	func_8018B214		9527553e5b88a2f2c8a2074a345a6c25a680d3e86541d85e43d5af69df663fbb
urn:ure:smg:re_FunctionVariant:rmge01-usasm:8018b428	0x8018B428	20	func_8018B428		0908b4e3dcb5f5f23baa66fe4855ea78eac8f30f73f0a46ccda121640ed20595
urn:ure:smg:re_FunctionVariant:rmge01-usasm:8018b43c	0x8018B43C	88	func_8018B43C		308705eb0350566a10f12076b7f8cf41f6f72bc237e1bf702ab3c9785b450bc0
urn:ure:smg:re_FunctionVariant:rmge01-usasm:8018b494	0x8018B494	192	func_8018B494		7a95c669757c4e8af57c73e98200217e29a11a0f9a6db6543d0e53e3e2dc6425
urn:ure:smg:re_FunctionVariant:rmge01-usasm:8018b554	0x8018B554	148	func_8018B554		d88f0c9e1bd19ce7e8cd501c8dd50cc8777dc630905c0e7ff79aaaf14184a0cd
urn:ure:smg:re_FunctionVariant:rmge01-usasm:8018b5e8	0x8018B5E8	112	func_8018B5E8		772ecab272aa2a551af791a19422dadad8e09633900c3c6e0792e4fa02e15e99
urn:ure:smg:re_FunctionVariant:rmge01-usasm:8018b658	0x8018B658	96	func_8018B658		e4a00668d888586b6bb5e2fb8a781b31c0238e09282ded72dd3811dd3d91447b
urn:ure:smg:re_FunctionVariant:rmge01-usasm:8018b6b8	0x8018B6B8	132	func_8018B6B8		8fe11034052f4bc61aba9c370a8cf522ef71a417794c3b02b593f783146f4d94
urn:ure:smg:re_FunctionVariant:rmge01-usasm:8018b73c	0x8018B73C	496	func_8018B73C		4cbf6188c511cffbf9d730f254a8058befebaf6e3f9a28644fc0fa69bf537903
urn:ure:smg:re_FunctionVariant:rmge01-usasm:8018b92c	0x8018B92C	820	func_8018B92C		e40dddb49b7742d171776d028fab12233944f91fb04c559bf6df63d092562a0f
urn:ure:smg:re_FunctionVariant:rmge01-usasm:8018bc60	0x8018BC60	244	func_8018BC60		dc0046dca9dbedfa485d9884c8787203d73eac8afd27d8ffef5196d51586afdb
urn:ure:smg:re_FunctionVariant:rmge01-usasm:8018bd54	0x8018BD54	628	func_8018BD54		53618e55a2afb8bc141bef29310a11a938737a46d55aa50c6be4f27ea45648b5
urn:ure:smg:re_FunctionVariant:rmge01-usasm:8018bfc8	0x8018BFC8	712	func_8018BFC8		be8795ac50765fa11c50e0ba0fc86011c0f6965070906c108c81d0b7435b6ab5
urn:ure:smg:re_FunctionVariant:rmge01-usasm:8018c290	0x8018C290	852	func_8018C290		79e85f85721b878c310bad2c864aaa6dd3c3e586b7b4dc7e96d235fb0ba2f878
urn:ure:smg:re_FunctionVariant:rmge01-usasm:8018c5e4	0x8018C5E4	572	func_8018C5E4		7133c05daa96bd63d065ae8cd32d30b5854bdb168a0066f9e7959a20005d4734
urn:ure:smg:re_FunctionVariant:rmge01-usasm:8018c820	0x8018C820	720	func_8018C820		b5dd9aac3b6f7365009c9854c92c85a2e507b754a052bca014c136208fc70fec
urn:ure:smg:re_FunctionVariant:rmge01-usasm:8018caf0	0x8018CAF0	608	func_8018CAF0		e62f88e02167214493e50f5d68c55f5bb047b00ea8de08f006bec4710df60d04
urn:ure:smg:re_FunctionVariant:rmge01-usasm:8018cd50	0x8018CD50	312	func_8018CD50		f14e2908cb8c8001011c65aa2258e6af0c88698e2550656a65e73ab9fb9f44b3
urn:ure:smg:re_FunctionVariant:rmge01-usasm:8018ce88	0x8018CE88	192	func_8018CE88		09fdf05ed54c6bc9a2747e7a9093794520fb17a1cbbd3b63d1c34bfb315c318e
urn:ure:smg:re_FunctionVariant:rmge01-usasm:8018cf48	0x8018CF48	192	func_8018CF48		fe6191e4c0155014d45d8c33370b5d795df0d49fc169695330a22ab5dbaef156
urn:ure:smg:re_FunctionVariant:rmge01-usasm:8018d008	0x8018D008	548	func_8018D008		84d522f0083d08162acf4ae845e2ea65d0b41274a689f89b00933549163825be
urn:ure:smg:re_FunctionVariant:rmge01-usasm:8018d22c	0x8018D22C	112	func_8018D22C		fbe1c259caa1acf403ab78fc8a1ff227eca4528e3d2204edd2b0fec6b4025b81
urn:ure:smg:re_FunctionVariant:rmge01-usasm:8018d29c	0x8018D29C	28	func_8018D29C		0c72f5c816dff3718c7f02b558cb2a026c5b41627bdffb4684df0acee8e6c5e0
urn:ure:smg:re_FunctionVariant:rmge01-usasm:8018d2b8	0x8018D2B8	276	func_8018D2B8		f9cecadee28efda844411b5f524ab25b936924a56aea9d5f14cc645da5337e8c
urn:ure:smg:re_FunctionVariant:rmge01-usasm:8018d3cc	0x8018D3CC	296	func_8018D3CC		c6db9889695c9415f60d7d95799dbfb7271ad3c86036da26d3689c921cb84196
urn:ure:smg:re_FunctionVariant:rmge01-usasm:8018d4f4	0x8018D4F4	220	func_8018D4F4		a9e0aba80806eb21c87181e4481d121a6b82a84acfc7dff31ee8263efbdd3ecb
urn:ure:smg:re_FunctionVariant:rmge01-usasm:8018d5d0	0x8018D5D0	92	func_8018D5D0		9be9fb6bcb5ef0a1a6da5846220784fb9f2f0cb1b6fd7ff4a38ed84e7d5148e2
urn:ure:smg:re_FunctionVariant:rmge01-usasm:8018d62c	0x8018D62C	864	func_8018D62C		11cab5a0ea0c5a785aae1f1ccaf933a6ee8c4385b367e30dfc5630ea116354b8
urn:ure:smg:re_FunctionVariant:rmge01-usasm:8018d98c	0x8018D98C	704	func_8018D98C		949a53dcbedb17dcd4f773e5e82f7f50ef97f78caee7cf20b97fdab4897badc4
urn:ure:smg:re_FunctionVariant:rmge01-usasm:8018dc4c	0x8018DC4C	524	func_8018DC4C		bf91c6aa89f35bf6e2ad3804d91c8d13ad021cb645a9a7dd08d9416a1b432830
urn:ure:smg:re_FunctionVariant:rmge01-usasm:8018de58	0x8018DE58	248	func_8018DE58		aa7d09c6ecccdae6972c47b3af0a21775ac2852b17132197381402a403e9b75e
urn:ure:smg:re_FunctionVariant:rmge01-usasm:8018df50	0x8018DF50	336	func_8018DF50		92ae598c47cc2191e5f019a10f9ca567093122b580f5ac1e9c46123bc60d261d
urn:ure:smg:re_FunctionVariant:rmge01-usasm:8018e0a0	0x8018E0A0	128	func_8018E0A0		9a47e0e1328240022a8554825fe938df250ad83b8211652efc4da30f7b7dfc6f
urn:ure:smg:re_FunctionVariant:rmge01-usasm:8018e120	0x8018E120	196	func_8018E120		9fc4af994646cf2cd52363082cac2ea61fd7d93b88ffe3a6e805f24e4d64c803
urn:ure:smg:re_FunctionVariant:rmge01-usasm:8018e1e4	0x8018E1E4	304	func_8018E1E4		20e5e2988d6320bbf83f9cf32d90abab9d259a733a788d26f7af1ec90c3b16cd
urn:ure:smg:re_FunctionVariant:rmge01-usasm:8018e314	0x8018E314	216	func_8018E314		3d0e67647eec22c284f723a0a85f382b3d7ddbe399f90a1753bb4f6bab010bf0
urn:ure:smg:re_FunctionVariant:rmge01-usasm:8018e3ec	0x8018E3EC	688	func_8018E3EC		ab0eaed457d1fdf5c823ae9ccf8eb6bb3954648cd0b4c2eb8645bc68a1627f44
urn:ure:smg:re_FunctionVariant:rmge01-usasm:8018e69c	0x8018E69C	1424	func_8018E69C		94f650ae3ddba1963aaeae8653383a9e6bcb61f5612bafd7d56d0a350e1c3fdd
urn:ure:smg:re_FunctionVariant:rmge01-usasm:8018ec2c	0x8018EC2C	944	func_8018EC2C		f4f96f317e5539e89564de78bd7c6b06a9a9ea3948ab4ba77516f2492a8c43d6
urn:ure:smg:re_FunctionVariant:rmge01-usasm:8018efdc	0x8018EFDC	140	func_8018EFDC		0aadb66dfbeb69d8465545eebf10f8d350ad33d053f28ca69f615654d2655812
urn:ure:smg:re_FunctionVariant:rmge01-usasm:8018f068	0x8018F068	32	func_8018F068		47295b875829567819bfa49683065fe28381cb3932bb9b2b64fb8b32c0c9a40e
urn:ure:smg:re_FunctionVariant:rmge01-usasm:8018f088	0x8018F088	136	func_8018F088		ce332099894fb4f50c5b96240b6377e230047b89dddc23d58541a0d060817533
urn:ure:smg:re_FunctionVariant:rmge01-usasm:8018f110	0x8018F110	72	func_8018F110		2f9a3940d8c2d46ef1cdea635db17c3cb09a3cb92babb4eb1c4e69ef164f6728
urn:ure:smg:re_FunctionVariant:rmge01-usasm:8018f158	0x8018F158	172	func_8018F158		9a740a33d36e581bdf73bc64499355679f6911a9e21ed778e10cd43734c30445
urn:ure:smg:re_FunctionVariant:rmge01-usasm:8018f204	0x8018F204	116	func_8018F204		f7d2807803620d952fc0c30b6daaaf3636fabc3c57cb8076e3f6b9e44c5afe7e
urn:ure:smg:re_FunctionVariant:rmge01-usasm:8018f278	0x8018F278	832	func_8018F278		c785b55ccea6243d4011a9510e590f7013276ba0b519ff100d61c2715af56849
urn:ure:smg:re_FunctionVariant:rmge01-usasm:8018f5b8	0x8018F5B8	1444	func_8018F5B8		d91baed2db19973444ea9677950d6b2ed9d8ed9cc91516ade9a63496a0301fed
urn:ure:smg:re_FunctionVariant:rmge01-usasm:8018fb5c	0x8018FB5C	536	func_8018FB5C		7f1a3871ad3ae90bf2b27d84a7eb4e11dcd61f81e4fd3d2a8f08272e92bf5e16
urn:ure:smg:re_FunctionVariant:rmge01-usasm:8018fd74	0x8018FD74	296	func_8018FD74		7aff018fc4c5abe8f51b813c5a845bf8adc518db79e526fbcbeba7d48ecc5e8d
urn:ure:smg:re_FunctionVariant:rmge01-usasm:8018fe9c	0x8018FE9C	848	func_8018FE9C		916a50dbc51601daf9becbd009a0db44b7b64ab55dfd535942ec65bc43aa27de
urn:ure:smg:re_FunctionVariant:rmge01-usasm:801901ec	0x801901EC	548	func_801901EC		1e1dd9839af855e8c75d56973f824320b553f185470b5f93a6e2ec295e333bf7
urn:ure:smg:re_FunctionVariant:rmge01-usasm:80190410	0x80190410	32	func_80190410		0c0ce38f5a23ef41e7a946f70dc8e8c9b5d530439a95a40011cd93b564f7a07f
urn:ure:smg:re_FunctionVariant:rmge01-usasm:80190430	0x80190430	92	func_80190430		0de8841b33fc16f02f99d652705a424e8c84352404192d03937f4484628735d0
urn:ure:smg:re_FunctionVariant:rmge01-usasm:8019048c	0x8019048C	136	func_8019048C		fbc825271a382f06ec2f7c1daf7a4f26d02b722e1d08a34e005042719b13b0ed
urn:ure:smg:re_FunctionVariant:rmge01-usasm:80190514	0x80190514	432	func_80190514		1e7f1d5bd8c547432e598ea2ead1ba3fd71be816c7d4782c553b10e3ce46ed4d
urn:ure:smg:re_FunctionVariant:rmge01-usasm:801906c4	0x801906C4	284	func_801906C4		25c164435d879c9c694108e50601729cc8fb675ad343ebc0e96a99db4dfbf70b
urn:ure:smg:re_FunctionVariant:rmge01-usasm:801907e0	0x801907E0	1316	func_801907E0		55f250b6f33f2ba3d93cf3bf37a0d9c1059789703553931267442d6aaa07e1de
urn:ure:smg:re_FunctionVariant:rmge01-usasm:80190d04	0x80190D04	444	func_80190D04		f7718bcc56ebde463d0b85b2b7e727ad5993cee0c6b176681ff7fcff4d9e9d4d
urn:ure:smg:re_FunctionVariant:rmge01-usasm:80190ec0	0x80190EC0	32	func_80190EC0		5f9c0736495ac13e156b7047f50cf98a8f5328dce208840f8da669c6eb975099
urn:ure:smg:re_FunctionVariant:rmge01-usasm:80190ee0	0x80190EE0	92	func_80190EE0		0de8841b33fc16f02f99d652705a424e8c84352404192d03937f4484628735d0
urn:ure:smg:re_FunctionVariant:rmge01-usasm:80190f3c	0x80190F3C	136	func_80190F3C		fbc825271a382f06ec2f7c1daf7a4f26d02b722e1d08a34e005042719b13b0ed
urn:ure:smg:re_FunctionVariant:rmge01-usasm:80190fc4	0x80190FC4	276	func_80190FC4		f3811c023ac8d1c56c54dc744b1b1f64a01bb68a59c98f087982138351eab87f
urn:ure:smg:re_FunctionVariant:rmge01-usasm:801910d8	0x801910D8	1108	func_801910D8		fe65e3b23b70dac3db0fb90a197bce6a12f252ee50c813d2c7641b8d7e799f58
urn:ure:smg:re_FunctionVariant:rmge01-usasm:8019152c	0x8019152C	164	func_8019152C		12ab7465a74a27e3d5396acb01899bbbd1bca4a7dcdaac3e134992a1dc8f39ed
urn:ure:smg:re_FunctionVariant:rmge01-usasm:801915d0	0x801915D0	504	func_801915D0		d2abecea5795a515260c2d8f1edff5567d9cd91943494cf67d56ffc5ae703f4e
urn:ure:smg:re_FunctionVariant:rmge01-usasm:801917c8	0x801917C8	132	func_801917C8		f9561c9abcfebb14df7fdef8888304d87ec60cf1a21473782c15d85e1483b146
urn:ure:smg:re_FunctionVariant:rmge01-usasm:8019184c	0x8019184C	924	func_8019184C		03b87d243dca37bb299166948db97d6008b42bf6f9fc767be262506b54041414
urn:ure:smg:re_FunctionVariant:rmge01-usasm:80191be8	0x80191BE8	104	func_80191BE8		6caae0e470e3dfac9e02c235fc0d2c9885b184eddd7534cdf1e1f0a7b3de60b9
urn:ure:smg:re_FunctionVariant:rmge01-usasm:80191c50	0x80191C50	504	func_80191C50		8575c3e69f410d196359b03b93cf97bbc1eeb6355d031809bd3f7f58d1c59f95
urn:ure:smg:re_FunctionVariant:rmge01-usasm:80191e48	0x80191E48	1728	func_80191E48		c939d294f1ef3b1934af79d24964990b7fda9b2ba2402967e959f509cacae3c5
urn:ure:smg:re_FunctionVariant:rmge01-usasm:80192508	0x80192508	52	func_80192508		2e4f997a253a7c93c44fceae6d6b277339edca5b2f891b6a995975e292e92b1f
urn:ure:smg:re_FunctionVariant:rmge01-usasm:8019253c	0x8019253C	692	func_8019253C		31c6084c72f4975ecd3e0b67a1980e1612e404fba0ce3def22f6dff501506e4b
urn:ure:smg:re_FunctionVariant:rmge01-usasm:801927f0	0x801927F0	400	func_801927F0		2881ef5b9ae8a4107543d141f3f7082d64dd963934f9ff31f56dfef975360df4
urn:ure:smg:re_FunctionVariant:rmge01-usasm:80192980	0x80192980	264	func_80192980		96ef9119fd0471bf469d9ca11c7a5f393002f3f6f448a7d4ff72581b01e444ec
urn:ure:smg:re_FunctionVariant:rmge01-usasm:80192a88	0x80192A88	264	func_80192A88		1240752aebb383b7713ffc75ce952aabb454545f02da884633f72fc0ebdb2869
urn:ure:smg:re_FunctionVariant:rmge01-usasm:80192b90	0x80192B90	264	func_80192B90		96ec3c9fe7fc5e76fdd194f666afa845ab6e0034e67e119d27d812a7356169d8
urn:ure:smg:re_FunctionVariant:rmge01-usasm:80192c98	0x80192C98	716	func_80192C98		d4455415ce949b035d4e4e79e4ec7a2e849b1e9fed7c9f6ac6ac32f554f3028e
urn:ure:smg:re_FunctionVariant:rmge01-usasm:80192f64	0x80192F64	1164	func_80192F64		92c7cd45558507a70cf8d907f2e9b54bd9870c60572cf0101e7e242c06a0fbc6
urn:ure:smg:re_FunctionVariant:rmge01-usasm:801933f0	0x801933F0	832	func_801933F0		7fdb3e5dbf2403dc63a2b25dd4e74525fc53e0802acf34d6423a67692879fbb6
urn:ure:smg:re_FunctionVariant:rmge01-usasm:80193730	0x80193730	196	func_80193730		57eba7537c422830dccc53b86dcd84cfed7804b31b50caab959830beb46a06ff
urn:ure:smg:re_FunctionVariant:rmge01-usasm:801937f4	0x801937F4	1360	func_801937F4		5916d1eb23a53bc892a394995ec566cc0f9c8fb5a663364c2a9070e66c4bab06
urn:ure:smg:re_FunctionVariant:rmge01-usasm:80193d44	0x80193D44	572	func_80193D44		28f37a6811d4e8230cd4da11e38904aef92e8393379150096bb4611db979525c
urn:ure:smg:re_FunctionVariant:rmge01-usasm:80193f80	0x80193F80	16	func_80193F80		5a5d6e12a222670f05865a92ffec20af27060e144354fc433bbf4bd9607bd266
urn:ure:smg:re_FunctionVariant:rmge01-usasm:80193f90	0x80193F90	56	func_80193F90		622fcb11f6a89961d5aa62bd7e330417e8fc3c9a118e394aac06eb174f69a381
urn:ure:smg:re_FunctionVariant:rmge01-usasm:80193fc8	0x80193FC8	32	func_80193FC8		ff18a85593ac40c7f796f4e7d69c84a94c0a988d665a76dd52d7e1592f592bba
urn:ure:smg:re_FunctionVariant:rmge01-usasm:80193fe8	0x80193FE8	136	func_80193FE8		ce332099894fb4f50c5b96240b6377e230047b89dddc23d58541a0d060817533
urn:ure:smg:re_FunctionVariant:rmge01-usasm:80194070	0x80194070	16	func_80194070		7073031937099f6e05afb70be61ec18627e5f9e65e40121ab2265811f0166e35
urn:ure:smg:re_FunctionVariant:rmge01-usasm:80194080	0x80194080	148	func_80194080		9e30284212eddd1a55a5321e0e816c7544fda67b7fa55e805d0df9ce7ae5f1e1
urn:ure:smg:re_FunctionVariant:rmge01-usasm:80194114	0x80194114	160	func_80194114		77f6a6a48982a0ce868f0820c17c53823d75ebbd48447b70e418f93205160270
urn:ure:smg:re_FunctionVariant:rmge01-usasm:801941b4	0x801941B4	112	func_801941B4		5df0958ff60a40ff6947c58ca6c062bc8f8da2e5a76879754a6d4a588a5ad69d
urn:ure:smg:re_FunctionVariant:rmge01-usasm:80194224	0x80194224	112	func_80194224		442a52a04a036ebf4dae8384148774a4d6086640270bceb7cb129a0d2eba6078
urn:ure:smg:re_FunctionVariant:rmge01-usasm:80194294	0x80194294	728	func_80194294		8a2c4fad28bcbe0c961f74ccb432dc43e0cb17dc9514ba4df701000a1dfd3f31
urn:ure:smg:re_FunctionVariant:rmge01-usasm:8019456c	0x8019456C	324	func_8019456C		6ee7e1f57df066f5034f7f5ff1e813b2db4bb9e59dc803cfe231ca3565cffa1a
urn:ure:smg:re_FunctionVariant:rmge01-usasm:801946b0	0x801946B0	176	func_801946B0		0f97e454ccdf3c3f70396ca4c7dd7dfd9eb6414e160d6c736f40735f40fa739a
urn:ure:smg:re_FunctionVariant:rmge01-usasm:80194760	0x80194760	320	func_80194760		432f6a37ce3d2bde6bde260c151ee1817a36f7a75a9a0b3f83e9f87aec276356
urn:ure:smg:re_FunctionVariant:rmge01-usasm:801948a0	0x801948A0	80	func_801948A0		c5a3b2c76533797ba77bd13ed6dc5e5394ad5667f88e01e3b885570632639e5d
urn:ure:smg:re_FunctionVariant:rmge01-usasm:801948f0	0x801948F0	80	func_801948F0		4e192b7c428c6834ef687cdf3364307932d228d4038cb1ed4b7dab9570712922
urn:ure:smg:re_FunctionVariant:rmge01-usasm:80194940	0x80194940	64	func_80194940		e69724822631b624175782a36a9c0e9a08efbc75e7a16d811ad2841d24032910
urn:ure:smg:re_FunctionVariant:rmge01-usasm:80194980	0x80194980	144	func_80194980		f171aa03041d308c32a44a7fa7fd21c335b7a96913963d577fa2979e2ae68094
urn:ure:smg:re_FunctionVariant:rmge01-usasm:80194a10	0x80194A10	412	func_80194A10		66f88dd6c7c473872899b69795974402f6b576f06e9aaa6fb3b80bebe0a4afa7
urn:ure:smg:re_FunctionVariant:rmge01-usasm:80194bac	0x80194BAC	1660	func_80194BAC		d6280dd98e80cf118ef6ec6b5ae8690ab7432b3f9b8d58c0b9e8654cfb303c12
urn:ure:smg:re_FunctionVariant:rmge01-usasm:80195228	0x80195228	108	func_80195228		ec877706a6c02acfed9cf6667dced406f6b0e691ee74883ecd54c772287e19a8
urn:ure:smg:re_FunctionVariant:rmge01-usasm:80195294	0x80195294	128	func_80195294		a6ca51179070f8b9070d6757f26ec53a344d459fe62aa6334ba2c0aec0346172
urn:ure:smg:re_FunctionVariant:rmge01-usasm:80195314	0x80195314	308	func_80195314		4a175b8c713a0008eedb1055e3a98ff960cbae8f4ec53349ef82522de286b89e
urn:ure:smg:re_FunctionVariant:rmge01-usasm:80195448	0x80195448	284	func_80195448		4258187edff6c18f18b91aed3c5448f9b704b3e97b99bc5486caff805e891925
urn:ure:smg:re_FunctionVariant:rmge01-usasm:80195564	0x80195564	116	func_80195564		28d2614871e729849384d279bfce3daa9df8f17b46ce4f49063a016fed15ba9a
urn:ure:smg:re_FunctionVariant:rmge01-usasm:801955d8	0x801955D8	340	func_801955D8		b7c31529f55113b550b33c9885145d883bcee9c0af7cf833cc5f920b5b302ec6
urn:ure:smg:re_FunctionVariant:rmge01-usasm:8019572c	0x8019572C	128	func_8019572C		f05382536547a09a607e6791145cbca869833cbf842784dc79d271f8c06240cf
urn:ure:smg:re_FunctionVariant:rmge01-usasm:801957ac	0x801957AC	204	func_801957AC		d84977811bc6ee5a0f9bcfeed0a24e25059658430e456c33bd4b7d7810848673
urn:ure:smg:re_FunctionVariant:rmge01-usasm:80195878	0x80195878	84	func_80195878		522c40341c8a475d199aa27d8d2034b0ac72d7fb25176174336fe7300aa04f2d
urn:ure:smg:re_FunctionVariant:rmge01-usasm:801958cc	0x801958CC	60	func_801958CC		f87601401ff72ebeba7dbaa9c33538507da4c700a81da0784b09034d360b9177
urn:ure:smg:re_FunctionVariant:rmge01-usasm:80195908	0x80195908	104	func_80195908		7a1b72434d062b6f726d646342782e34547525a2e1462988950921cb16d2e104
urn:ure:smg:re_FunctionVariant:rmge01-usasm:80195970	0x80195970	252	func_80195970		501db37b3ad4d8b350abe978937046aa1ed9b122630b7bcc988af9037e1be528
urn:ure:smg:re_FunctionVariant:rmge01-usasm:80195a6c	0x80195A6C	328	func_80195A6C		f74dbf3317164df1f530dc22b31d9e4abe030442659fc955becd596dd89d3b1e
urn:ure:smg:re_FunctionVariant:rmge01-usasm:80195bb4	0x80195BB4	592	func_80195BB4		740f273537e819d39b51789fa9402edb0eb7ea0a622f857469ec134e45047e3c
urn:ure:smg:re_FunctionVariant:rmge01-usasm:80195e04	0x80195E04	16	func_80195E04		7b257c9e5b2abeb4f8576129f87c85e59bba9dbc9f22d22b4e30b08a9fc30368
urn:ure:smg:re_FunctionVariant:rmge01-usasm:80195e14	0x80195E14	16	func_80195E14		01187f9306308963066c8ecd2957633cebd319e8dbd4c69e040034e340e54369
urn:ure:smg:re_FunctionVariant:rmge01-usasm:80195e24	0x80195E24	104	func_80195E24		729b29528b698c4b251790ae45878085c9f99feca65a4836c4c850d399faf526
urn:ure:smg:re_FunctionVariant:rmge01-usasm:80195e8c	0x80195E8C	352	func_80195E8C		110bd47677bfd104588a664114186ea9f5b3dd7d6fd6c2494cfa6361fb3529bf
urn:ure:smg:re_FunctionVariant:rmge01-usasm:80195fec	0x80195FEC	88	func_80195FEC		cea818434761974d69b8e0159d518f4a42564136629eece36e41bdb4d6cdc4b1
urn:ure:smg:re_FunctionVariant:rmge01-usasm:80196044	0x80196044	108	func_80196044		9a2801db02c14da0474a773c6d67fd90aafbf27a80ab9de427769d5c83d9d9fa
urn:ure:smg:re_FunctionVariant:rmge01-usasm:801960b0	0x801960B0	116	func_801960B0		2b8a75c03a804f3d6d215c7f0a09260a46f0119e4d3dac11701cfb446e045433
urn:ure:smg:re_FunctionVariant:rmge01-usasm:80196124	0x80196124	104	func_80196124		5e20f940b27862fb7daa8c69349952ee1cd96bd49a597f15874d5d964a499b4e
urn:ure:smg:re_FunctionVariant:rmge01-usasm:8019618c	0x8019618C	104	func_8019618C		d76eef9326943edcd7100d8d7e33110b343692c2a71d56f58f9810748268c2ba
urn:ure:smg:re_FunctionVariant:rmge01-usasm:801961f4	0x801961F4	128	func_801961F4		1c84492a656fddcfee8734383ea88132a5c985f26b197594b80989a5030384d7
urn:ure:smg:re_FunctionVariant:rmge01-usasm:80196274	0x80196274	208	func_80196274		23584c733e0af6acc8413ca56c246f276182af6c7447622a03f0ba669cc537e8
urn:ure:smg:re_FunctionVariant:rmge01-usasm:80196344	0x80196344	12	func_80196344		f2a43941a74cad13c86a5c88dd25138c5751f8abd340175770c0cf95949a6d89
urn:ure:smg:re_FunctionVariant:rmge01-usasm:80196350	0x80196350	12	func_80196350		4d6b5397ba3824bd9da536cb357700a67510a410b37f8e991f551c69bc448669
urn:ure:smg:re_FunctionVariant:rmge01-usasm:8019635c	0x8019635C	136	func_8019635C		6f181747deb1f793b31ce6e6dabae8f26a8334218d2290591689019bda5f860f
urn:ure:smg:re_FunctionVariant:rmge01-usasm:801963e4	0x801963E4	56	func_801963E4		bbc18e1d1d83577a9d4790cc4ae515dee99730e684238a4a9a2d2367acdf7fc7
urn:ure:smg:re_FunctionVariant:rmge01-usasm:8019641c	0x8019641C	48	func_8019641C		8b46f6632a18ab9f7ad34986227796ce93557a2d4ab588903cb12f7f2ee0af7f
urn:ure:smg:re_FunctionVariant:rmge01-usasm:8019644c	0x8019644C	16	func_8019644C		2c132a7748a9b5e9989343b2da3f936e31d0f5e3defbb97ca3a885a775cdaefe
urn:ure:smg:re_FunctionVariant:rmge01-usasm:8019645c	0x8019645C	2728	func_8019645C		1a64247974ce1e2ed540bbe86270955f7f25910aff5af7992a5671c356279ee4
urn:ure:smg:re_FunctionVariant:rmge01-usasm:80196f04	0x80196F04	84	func_80196F04		bf13630079e63818d1a2306f32ef25129660892b4188f4014eb2648126396ca1
urn:ure:smg:re_FunctionVariant:rmge01-usasm:80196f58	0x80196F58	112	func_80196F58		4482b295a754df9b1b52ca942db98a0c60864be6b36503f5502eba3b61cef5f3
urn:ure:smg:re_FunctionVariant:rmge01-usasm:80196fc8	0x80196FC8	228	func_80196FC8		589a0905cc8c525407520c6010dc449631d1511e2c9b3f29c879672bf268d972
urn:ure:smg:re_FunctionVariant:rmge01-usasm:801970ac	0x801970AC	172	func_801970AC		bdae21bb168c855d3d5d45da7b30c83422d752bfb93cb9801cc912abadcde9fa
urn:ure:smg:re_FunctionVariant:rmge01-usasm:80197158	0x80197158	152	func_80197158		e76956d84467240c6b9c828508d21ad9606b63aa844b57442ecc90fecc0d9d0c
urn:ure:smg:re_FunctionVariant:rmge01-usasm:801971f0	0x801971F0	276	func_801971F0		fcd15da1f342bf1f57f7a2328d2aa338ef841396aca5e880e44260283b91c939
urn:ure:smg:re_FunctionVariant:rmge01-usasm:80197304	0x80197304	64	func_80197304		fb9e9a4b5f31abd6f18a52e85c4b3e2ca08704f5d110d9081a526d0f3410e4c3
urn:ure:smg:re_FunctionVariant:rmge01-usasm:80197344	0x80197344	28	func_80197344		1aca97e7ad6ab6b371df46990ac25057f807b4f2296d42603fa87aabef7e7da6
urn:ure:smg:re_FunctionVariant:rmge01-usasm:80197360	0x80197360	188	func_80197360		453193d0e2db172962e7cece6f98e946e10e1d07b4c6cc3daa4ea715c2f910d1
urn:ure:smg:re_FunctionVariant:rmge01-usasm:8019741c	0x8019741C	28	func_8019741C		3ab2f7451748ac25efcf9185913733bdfc6c2695406c092497ab643c9256780f
urn:ure:smg:re_FunctionVariant:rmge01-usasm:80197438	0x80197438	120	func_80197438		265c76f1a498fa487c108eb245c001faa5b589a272b6336aa65c7b3d2f4eb5bf
urn:ure:smg:re_FunctionVariant:rmge01-usasm:801974b0	0x801974B0	64	func_801974B0		76e5c40f0beadec4a70030beb60e210e86774dc2c4e4cb5f2faf43793b5ae3f2
urn:ure:smg:re_FunctionVariant:rmge01-usasm:801974f0	0x801974F0	72	func_801974F0		949f016e09ca31d66807a116df9b6ca1ba39fe10a0fb64dca718c7ec9e102de9
urn:ure:smg:re_FunctionVariant:rmge01-usasm:80197538	0x80197538	68	func_80197538		f3214ee0e35152451ac4eb2f29088186f220233d9b16d9ff51bfc65ee11090e8
urn:ure:smg:re_FunctionVariant:rmge01-usasm:8019757c	0x8019757C	68	func_8019757C		57309205a3894bf6c99ccee9df57e446129f18dafa71a255b5cdee24f4517029
urn:ure:smg:re_FunctionVariant:rmge01-usasm:801975c0	0x801975C0	68	func_801975C0		67f10cc36802654ba59c0080a64d82bd55edfb178ddd9758c9d597d272356f6d
urn:ure:smg:re_FunctionVariant:rmge01-usasm:80197604	0x80197604	88	func_80197604		c0f6e8131a7a2374ea7e869841cfb69951504c39c60b538a063c60ba8342d8f5
urn:ure:smg:re_FunctionVariant:rmge01-usasm:8019765c	0x8019765C	44	func_8019765C		ee16c04c3b958b8c0e1736f951ddc29064ce9cc51b30d63536fbd4989aaa7f17
urn:ure:smg:re_FunctionVariant:rmge01-usasm:801976b4	0x801976B4	20	func_801976B4		a21dbe12cd8841ce91277e06d3f7d7ca85c67ca7afd6b78a40451133a83d0bec
urn:ure:smg:re_FunctionVariant:rmge01-usasm:801976c8	0x801976C8	24	func_801976C8		f932fa191c28b295f6ee1227ee005e58db9a866d1bed49a37b86b627033d5750
urn:ure:smg:re_FunctionVariant:rmge01-usasm:801976e0	0x801976E0	132	func_801976E0		9e4ab7ec579578164dceaec7f0e64c502bf110ac8fe07756aa85aaff285d6c67
urn:ure:smg:re_FunctionVariant:rmge01-usasm:80197764	0x80197764	360	func_80197764		35c350c58a0ef6fc59f309b82660e46bb3fd2ae4573718acd1271e28cdf626eb
urn:ure:smg:re_FunctionVariant:rmge01-usasm:801978cc	0x801978CC	16	func_801978CC		898190ec744ddb7d2d28628d0fcc91f34c52e6252715018c6e6bd8afab656683
urn:ure:smg:re_FunctionVariant:rmge01-usasm:801978dc	0x801978DC	16	func_801978DC		e2d43d32900755a2cb18f3a6d1834df7f85f6f421c3a3f5d4e3fa244e7b389fc
urn:ure:smg:re_FunctionVariant:rmge01-usasm:801978ec	0x801978EC	16	func_801978EC		769f0556598b5e3e7feeb198f685dc86151aa25f42a7a8f88bf0f5171f34785e
urn:ure:smg:re_FunctionVariant:rmge01-usasm:801978fc	0x801978FC	16	func_801978FC		97c04888816dad7a2753d9b115c2f0d4b226e0369742a952e48fec48d07751f1
urn:ure:smg:re_FunctionVariant:rmge01-usasm:8019790c	0x8019790C	16	func_8019790C		2fe710d22dc762272961b8de0cdd5a97a5883d07e41720a25fb2dfc4ec912a5e
urn:ure:smg:re_FunctionVariant:rmge01-usasm:8019791c	0x8019791C	16	func_8019791C		87b68166165229599c49cecb3c3b0723d3d97b23fb27484287c8a76186de568f
urn:ure:smg:re_FunctionVariant:rmge01-usasm:8019792c	0x8019792C	16	func_8019792C		5756f937bed39aecbf5b98c4b96162a10acdad698a571b7cda37059bad61ab19
urn:ure:smg:re_FunctionVariant:rmge01-usasm:8019793c	0x8019793C	16	func_8019793C		b4c6276c54c86e198db40238be4672e9d7dee7e3f6cb15ab78a4a825546aa9d6
urn:ure:smg:re_FunctionVariant:rmge01-usasm:8019794c	0x8019794C	16	func_8019794C		6fccbc074b36757cdfe618ffa5c96d8f022ed71bc727cd724280e3802dc257a4
urn:ure:smg:re_FunctionVariant:rmge01-usasm:8019795c	0x8019795C	16	func_8019795C		9033d2d8add5f906d7fb605703eb648de061159cf0a1ba03780fe584537cce32
urn:ure:smg:re_FunctionVariant:rmge01-usasm:8019796c	0x8019796C	16	func_8019796C		e2612a56515f651f8df82a570027823db5c3e3272b6304295061565f5261e868
urn:ure:smg:re_FunctionVariant:rmge01-usasm:8019797c	0x8019797C	16	func_8019797C		6bc254dfb10923b952d0f6ea38ecccd494b5c4d478429b254e7b5c828e5bfe16
urn:ure:smg:re_FunctionVariant:rmge01-usasm:8019798c	0x8019798C	16	func_8019798C		2efdd060c536b4b986de3ea4949abed9b8bdf4ce4bf9e4428e675694d8d0e1be
urn:ure:smg:re_FunctionVariant:rmge01-usasm:8019799c	0x8019799C	16	func_8019799C		7a19c6b4e3a3235f752f65958eb7bb57aa9ddcfece36418f0d35aa5f4e581b45
urn:ure:smg:re_FunctionVariant:rmge01-usasm:801979ac	0x801979AC	132	func_801979AC		70d59be6e791a050f555e9feeb75b519dc78af115d7601dd81ecce2d96476f07
urn:ure:smg:re_FunctionVariant:rmge01-usasm:80197a30	0x80197A30	92	func_80197A30		d77183de9e5220f64444b55674b69ab7fcbc96d92ce8947c1281599b90b65aed
urn:ure:smg:re_FunctionVariant:rmge01-usasm:80197a8c	0x80197A8C	116	func_80197A8C		7d949176cbcdc9cc68a79a1f635d75f20671de4a3c30661276cb49e8df8dbe95
urn:ure:smg:re_FunctionVariant:rmge01-usasm:80197b00	0x80197B00	744	func_80197B00		273a20c71114aa1b038393afe4b22ff5a7c8bca504d995ca146af63ad42aede2
urn:ure:smg:re_FunctionVariant:rmge01-usasm:80197de8	0x80197DE8	20	func_80197DE8		8f40617fcb4aa8a2033a807bec6b0c31e6f68135759f5a3169c02176969ad0bf
urn:ure:smg:re_FunctionVariant:rmge01-usasm:80197dfc	0x80197DFC	240	func_80197DFC		56b5c9901b404eb6a32c488973911dee3476c58ef31975ceb2e864dcc9c9dedb
urn:ure:smg:re_FunctionVariant:rmge01-usasm:80197eec	0x80197EEC	356	func_80197EEC		4a7985d091c1772ab149edcd9d2c18a6e0b8b0d1bc65934c7513e804af2c4ea6
urn:ure:smg:re_FunctionVariant:rmge01-usasm:80198050	0x80198050	120	func_80198050		855a5c117c0f9c31d44ee1f9de9700c6ba423a1ec09dd13dabf60dd6b0094375
urn:ure:smg:re_FunctionVariant:rmge01-usasm:801980c8	0x801980C8	60	func_801980C8		aa12462a419274d6af9e22cffbad9ec267653664e45a9c9d42e07cd5661ae675
urn:ure:smg:re_FunctionVariant:rmge01-usasm:80198104	0x80198104	1824	func_80198104		619c5b27cc3e037809eb3ca65fa7e912f062039734f51fd19dac84d69a7657be
urn:ure:smg:re_FunctionVariant:rmge01-usasm:80198824	0x80198824	160	func_80198824		72bceaf430b98b0c7664a9c9b706acba6bd473f81833009e290c5a6c4212418a
urn:ure:smg:re_FunctionVariant:rmge01-usasm:801988c4	0x801988C4	148	func_801988C4		a2f0c70962e226c62a2c0bd2304bfe6bd5eea0af002bee7526224920b014b2e2
urn:ure:smg:re_FunctionVariant:rmge01-usasm:80198958	0x80198958	204	func_80198958		d743454dad87c70876d8efb525ec55787c376c2d3ddefaad9c01f1c129608617
urn:ure:smg:re_FunctionVariant:rmge01-usasm:80198a24	0x80198A24	148	func_80198A24		2d711bdc7301277c01f6e6502b4989f70bf81cc46511d35aeed668ce8de57f4f
urn:ure:smg:re_FunctionVariant:rmge01-usasm:80198ab8	0x80198AB8	16	func_80198AB8		ae72471a676499984b70d554212399b3f19fa96bbc337a05952240cb3eddc280
urn:ure:smg:re_FunctionVariant:rmge01-usasm:80198ac8	0x80198AC8	52	func_80198AC8		968a806b1db4d4349fc7d51f81f129a29172300e8a7d0de07e51c29aa20020fa
urn:ure:smg:re_FunctionVariant:rmge01-usasm:80198afc	0x80198AFC	184	func_80198AFC		58ad215ee243a8591b57adfe82b4bd5774cf43d878d13dbc2f7d91dee68ea50a
urn:ure:smg:re_FunctionVariant:rmge01-usasm:80198bb4	0x80198BB4	4	func_80198BB4		69c8051f264ede7ee545a3bd9c35b12406848bce45bd57e0543d4a8558fa1a72
urn:ure:smg:re_FunctionVariant:rmge01-usasm:80198bb8	0x80198BB8	64	func_80198BB8		66ad7c9f830cdf191ae28806f1fa016b45a6c7e3fc6cc8963f835f8502eee7c2
urn:ure:smg:re_FunctionVariant:rmge01-usasm:80198bf8	0x80198BF8	32	func_80198BF8		97a67c0e627254f967ba8c9d152d1cf707693f588388eeb15e74c266da947286
urn:ure:smg:re_FunctionVariant:rmge01-usasm:80198c18	0x80198C18	44	func_80198C18		5017baf646f4e0035677113fb41b2a65205ac6c73dbfcf9371f1337dd649ee81
urn:ure:smg:re_FunctionVariant:rmge01-usasm:80198c44	0x80198C44	48	func_80198C44		62f0a0e8cbc62037615a8a2ce31b5c084c54d4256cc6f4592f87be3fe6c78647
urn:ure:smg:re_FunctionVariant:rmge01-usasm:80198c74	0x80198C74	40	func_80198C74		7236a32a9fa40c285b9234f0a9ee290108c19188fea33e90a875a2cae87e440a
urn:ure:smg:re_FunctionVariant:rmge01-usasm:80198c9c	0x80198C9C	252	func_80198C9C		6077bba4fb2037e5b468d0471a542d01b07cecf5d2608387c607dc3eab2c20de
urn:ure:smg:re_FunctionVariant:rmge01-usasm:80198d98	0x80198D98	72	func_80198D98		414666d92699084f9e228a75e0c99e296058151842d818d5490e402daa8c6357
urn:ure:smg:re_FunctionVariant:rmge01-usasm:80198de0	0x80198DE0	24	func_80198DE0		08e9875f95d67962b00fc0e842ffccfdb69616bf923b66d0e7f9610c81d81278
urn:ure:smg:re_FunctionVariant:rmge01-usasm:80198df8	0x80198DF8	60	func_80198DF8		e58980860a4c2a09b4a2ef26e0c3df7edd8aac45d555e689b7116fb9c8628ab3
urn:ure:smg:re_FunctionVariant:rmge01-usasm:80198e34	0x80198E34	64	func_80198E34		de2de34668beab599da5407644e20b39f43c310661d93420125c8acbb8d79286
urn:ure:smg:re_FunctionVariant:rmge01-usasm:80198e74	0x80198E74	20	func_80198E74		c75f0d0bb1b806ce5457edac7b715061bf8bb123a712838610a5fa5c269e4772
urn:ure:smg:re_FunctionVariant:rmge01-usasm:80198e88	0x80198E88	12	func_80198E88		84f5b8c752ca152a626503f42aaeea3bad457d641ce31a78ce14878b0ec4374d
urn:ure:smg:re_FunctionVariant:rmge01-usasm:80198e94	0x80198E94	8	func_80198E94		d0b1b5454c51cd67f5347e9809d118896427a543f6db6b3bbb9892241110c038
urn:ure:smg:re_FunctionVariant:rmge01-usasm:80198ef8	0x80198EF8	16	func_80198EF8		ee53d1b3e918ede0bd51b4583c88cab3273ca3afcc91c8cc0130ad419ca85502
urn:ure:smg:re_FunctionVariant:rmge01-usasm:80198f50	0x80198F50	72	func_80198F50		21d0e7b90628fdb7c593b1a381650b6dc24ce0bc578c4920ef24f3829e29834b
urn:ure:smg:re_FunctionVariant:rmge01-usasm:80198f98	0x80198F98	16	func_80198F98		90ed4f7e78c43d8986bbffda24b5775aad34c8a63d7b0bda99f20cd59a7f53d3
urn:ure:smg:re_FunctionVariant:rmge01-usasm:80198fa8	0x80198FA8	16	func_80198FA8		21f668f4d146929e109737c20621345903b443e9d81d0d4aa5330d58f586f62e
urn:ure:smg:re_FunctionVariant:rmge01-usasm:80198fb8	0x80198FB8	36	func_80198FB8		fb940fac48e0ab3c85bcfd33fb7dfffa9e5461c6b0d06b6d7dbd9069fb95aa6b
urn:ure:smg:re_FunctionVariant:rmge01-usasm:80198fdc	0x80198FDC	172	func_80198FDC		728ee9226b1f7a93fe942b416ce656be72077f8de7dff169eb951cb9fdc1f86b
urn:ure:smg:re_FunctionVariant:rmge01-usasm:80199088	0x80199088	164	func_80199088		15a4c2d29c6808aee9e35d8e0773aae2db0289cb70c0e9f010820e07959901ad
urn:ure:smg:re_FunctionVariant:rmge01-usasm:8019912c	0x8019912C	96	func_8019912C		9d51822ba5f347207b185382e87c870e786f352368330ba0d223b68936d3ca51
urn:ure:smg:re_FunctionVariant:rmge01-usasm:8019918c	0x8019918C	36	func_8019918C		91dd227eba51a3840c5b11e667ed4981475a1d61415b7b4d37429da4f564cf8c
urn:ure:smg:re_FunctionVariant:rmge01-usasm:801991b0	0x801991B0	32	func_801991B0		c0634d6a7b5e193eb2639163f08b96b17bdb344a5f463e8f8d634d15032a03ae
urn:ure:smg:re_FunctionVariant:rmge01-usasm:801991d0	0x801991D0	40	func_801991D0		f7d542f965570ba582c60af6e5936d2ff38fea2f5dbeafc93a8e3f3b606f29af
urn:ure:smg:re_FunctionVariant:rmge01-usasm:801991f8	0x801991F8	32	func_801991F8		d39c594b4ae36c69c51d6d24886f595a629babe67a1e004b34ac6957fbeedb37
urn:ure:smg:re_FunctionVariant:rmge01-usasm:80199218	0x80199218	36	func_80199218		af7dd5c1dd22880a5ea64703a3cc1588fce12e3f54dc0321d8f0129f4a150bb3
urn:ure:smg:re_FunctionVariant:rmge01-usasm:8019923c	0x8019923C	28	func_8019923C		2742476e193dadb5f6d6ed94620cfe64bd7cfc4da1335d8479a02066a405369c
urn:ure:smg:re_FunctionVariant:rmge01-usasm:80199258	0x80199258	352	func_80199258		35fa6a17f7e3b6ce1068a4d4a8d7e2c8832c070b0bf57cf6bc971fa0b9dc065b
urn:ure:smg:re_FunctionVariant:rmge01-usasm:801993b8	0x801993B8	548	func_801993B8		3f3396b97624e8406d00415b9d08ebcb5a4a0eddd81ea292cb2139f0d695653b
urn:ure:smg:re_FunctionVariant:rmge01-usasm:801995dc	0x801995DC	96	func_801995DC		59b840d8a14f9fe38a4f6966087c9bf661d2ead3534e026a3c45b99063905cad
urn:ure:smg:re_FunctionVariant:rmge01-usasm:8019963c	0x8019963C	8	func_8019963C		99097e340a39957ef5cd10e2de7b52750c49edb88f27d15c4713e887771c4f71
urn:ure:smg:re_FunctionVariant:rmge01-usasm:80199644	0x80199644	8	func_80199644		635755259db43e393a002a6cfa5dfaeac17ae6fc2dbe747fe2a7f4db48b0ecfa
urn:ure:smg:re_FunctionVariant:rmge01-usasm:8019964c	0x8019964C	76	func_8019964C		5c821ea4cf5d1f0afcaececab850b27ede89e214b7528d1f3ff579be44621678
urn:ure:smg:re_FunctionVariant:rmge01-usasm:80199698	0x80199698	376	func_80199698		1b0c13b3d05f62472ce7fd69f6e64eda1b2ecabc64e81bcb9c16bf9b1f9bdda2
urn:ure:smg:re_FunctionVariant:rmge01-usasm:80199810	0x80199810	60	func_80199810		1f863a8908062ddb0199cd9cc23226b59a3420bde6d5a0dbc6af41d0f47e62c0
urn:ure:smg:re_FunctionVariant:rmge01-usasm:8019984c	0x8019984C	1664	func_8019984C		4bcaa817679534e4d9eef02e6493d536df88f367b0b097a180cd3a23fe665e05
urn:ure:smg:re_FunctionVariant:rmge01-usasm:80199ecc	0x80199ECC	16	func_80199ECC		39fec2a676c86e84344ee9198f010a440bebc27d11a881b9ffbdd93310029589
urn:ure:smg:re_FunctionVariant:rmge01-usasm:80199edc	0x80199EDC	16	func_80199EDC		ffcc46d25166da3323a5879971b9f6f492a6cd8424997fddb820bcf8f670cd76
urn:ure:smg:re_FunctionVariant:rmge01-usasm:80199eec	0x80199EEC	16	func_80199EEC		531c5f0bd468a95c2927b852ac35a728d3cbc0bc9e229d7d75d57027bb79380c
urn:ure:smg:re_FunctionVariant:rmge01-usasm:80199efc	0x80199EFC	16	func_80199EFC		e133d0a7dd47de27355ee79845533be281d6055fe5549527a0d17eea4bc587dc
urn:ure:smg:re_FunctionVariant:rmge01-usasm:80199f0c	0x80199F0C	16	func_80199F0C		89103496469869b64032efd64dc9eeaeaad677ce9b715a385413863db848e73c
urn:ure:smg:re_FunctionVariant:rmge01-usasm:80199f1c	0x80199F1C	16	func_80199F1C		bdb5f56b93367232be46e17d196cad40e03a18f37d59db744cdbd4d62551cc86
urn:ure:smg:re_FunctionVariant:rmge01-usasm:80199f2c	0x80199F2C	72	func_80199F2C		a3cbddcdefbe299dffd314001365e68d0ee4f340596349bcb7995533e523fbb6
urn:ure:smg:re_FunctionVariant:rmge01-usasm:80199f74	0x80199F74	1448	func_80199F74		8e53ab5465b3b85ce1aa7f85a47bf1206fb5048bae8d21741fceadce5d7a8a6f
urn:ure:smg:re_FunctionVariant:rmge01-usasm:8019a51c	0x8019A51C	660	func_8019A51C		94e94fb23acaf848791aa00290435fbc3dda187ca268778f6199d077e5cf81d9
urn:ure:smg:re_FunctionVariant:rmge01-usasm:8019a7b0	0x8019A7B0	500	func_8019A7B0		1c1ecc438893fdcb9902e666d36916739b3fc39175ea868ad7d57f2d69196bdd
urn:ure:smg:re_FunctionVariant:rmge01-usasm:8019a9a4	0x8019A9A4	328	func_8019A9A4		92d0e48bc2e245f457426a8007b412982e9f24df8ef4da00bf5f9f166f95d248
urn:ure:smg:re_FunctionVariant:rmge01-usasm:8019aaec	0x8019AAEC	16	func_8019AAEC		9b17040dc17e49038574286a2f90476a5a532f45e32949f1f30a86ebd747d8cb
urn:ure:smg:re_FunctionVariant:rmge01-usasm:8019aafc	0x8019AAFC	16	func_8019AAFC		4ea917216b2618ef01fb2ea48f3a95fd738e42cd6078899b7b2ace54e7d85b76
urn:ure:smg:re_FunctionVariant:rmge01-usasm:8019ab0c	0x8019AB0C	40	func_8019AB0C		a8a2cfd0ee53d29132b51ed2b46965a0123a15ac0789cf2fb873a83decfa3d4c
urn:ure:smg:re_FunctionVariant:rmge01-usasm:8019ab34	0x8019AB34	1012	func_8019AB34		d852ca3d5e2a43c7dea0d99c0438ca2ed1bf4fffd40fe69c2ba3426c0327fac6
urn:ure:smg:re_FunctionVariant:rmge01-usasm:8019af28	0x8019AF28	68	func_8019AF28		056d6055d23e8a50442aaf941d503c05c47dcef7afc39c4543e6d07ae41ba9fc
urn:ure:smg:re_FunctionVariant:rmge01-usasm:8019af6c	0x8019AF6C	276	func_8019AF6C		3314f716f572e8e56516df4502746c6ac402bf8521536c4d57f03501161d4b24
urn:ure:smg:re_FunctionVariant:rmge01-usasm:8019b080	0x8019B080	16	func_8019B080		bcbb59fed62e7681300b2ce1162c83346a0521e133a5f5ed57c1c018ce91810e
urn:ure:smg:re_FunctionVariant:rmge01-usasm:8019b090	0x8019B090	168	func_8019B090		06e126a74dbb1d3e602d5c25012e632ab945f809ac7afd170bd63b4a98d456d6
urn:ure:smg:re_FunctionVariant:rmge01-usasm:8019b138	0x8019B138	304	func_8019B138		cbcc81efa8b6be70d2e6a1e05c2f6e860c97a76de87b4d03a3bdd033340b8164
urn:ure:smg:re_FunctionVariant:rmge01-usasm:8019b268	0x8019B268	324	func_8019B268		e5f41abddc623d350b99c2bec93c582c61f09129f471535e7ba07fdc377c0058
urn:ure:smg:re_FunctionVariant:rmge01-usasm:8019b3ac	0x8019B3AC	188	func_8019B3AC		f6c802013c558cea11cbc59a015bdf2fc9c108b75c760334ed56ac56dd8a4f8d
urn:ure:smg:re_FunctionVariant:rmge01-usasm:8019b468	0x8019B468	108	func_8019B468		af4d191d9dc7347a01741985d20dca9eb931ff03a6d85dfd4c139e7ea6ac6b1f
urn:ure:smg:re_FunctionVariant:rmge01-usasm:8019b4d4	0x8019B4D4	104	func_8019B4D4		e94a8de91fc6a14ac7bbb86d22fc77ee4fe7b7d5a79878558fb2ee9ab71071ce
urn:ure:smg:re_FunctionVariant:rmge01-usasm:8019b53c	0x8019B53C	44	func_8019B53C		f18e352f1626fff6c231a9738b1b8cd97828e84ff5674e2ef51d25c584157569
urn:ure:smg:re_FunctionVariant:rmge01-usasm:8019b568	0x8019B568	236	func_8019B568		0af32c7a8dd4015fe93645750fa9adcb8090dc8dd801f72162d19e41af759a75
urn:ure:smg:re_FunctionVariant:rmge01-usasm:8019b748	0x8019B748	140	func_8019B748		2fbabb057678ec1fa33bc61d329c125809b190082afb0fb79b1aa050fface4d4
urn:ure:smg:re_FunctionVariant:rmge01-usasm:8019b7d4	0x8019B7D4	304	func_8019B7D4		ad034ad045fc0784059fc0f13c1c1fe4be08056b2fcb655fbeac9bd052bc9395
urn:ure:smg:re_FunctionVariant:rmge01-usasm:8019b904	0x8019B904	336	func_8019B904		d34d95a8665ac7a7249fafcf3c68b53b791d58cfdf1082712cae69e0a46c1fcb
urn:ure:smg:re_FunctionVariant:rmge01-usasm:8019ba54	0x8019BA54	64	func_8019BA54		483717327b9c1c7efa8539ad67cdd4d68b5e5629f07b7a6357fcc040794044b4
urn:ure:smg:re_FunctionVariant:rmge01-usasm:8019ba94	0x8019BA94	208	func_8019BA94		c9402f2f869ed1784a7805c83ed7d0bf764ea0dd67b612084770ba768a176f75
urn:ure:smg:re_FunctionVariant:rmge01-usasm:8019bb64	0x8019BB64	16	func_8019BB64		30ba9226bda8e4530b6663c8d3c884f83a82c2cf2ce441d94b743d9d06428770
urn:ure:smg:re_FunctionVariant:rmge01-usasm:8019bb74	0x8019BB74	96	func_8019BB74		003e06d8330e3b0f17d6f6c7d3c51668d863a1dc08150061da890de5c9594571
urn:ure:smg:re_FunctionVariant:rmge01-usasm:8019bbd4	0x8019BBD4	400	func_8019BBD4		50ea786a1193267d552cee0930db248eeeb704149855fb1890a8ce07ea3daf54
urn:ure:smg:re_FunctionVariant:rmge01-usasm:8019bd64	0x8019BD64	196	func_8019BD64		789a87ad796a7612b62c1b4def5b138959269bd8239cee704e7c36c0f239dfe5
urn:ure:smg:re_FunctionVariant:rmge01-usasm:8019be28	0x8019BE28	64	func_8019BE28		8b75094d8f16e01d88572b067415f37e3d72fedb0c0fd15d7693be34fe0eef5b
urn:ure:smg:re_FunctionVariant:rmge01-usasm:8019be68	0x8019BE68	64	func_8019BE68		b716a59345fd592a18c321671d62256500fc12e98de2af9cfef2e4be383af705
urn:ure:smg:re_FunctionVariant:rmge01-usasm:8019bea8	0x8019BEA8	100	func_8019BEA8		8aa7ea378c75a0eb6c77318b79bd861af90f2cd39b8ff08205ff7d21b9e0b828
urn:ure:smg:re_FunctionVariant:rmge01-usasm:8019bf0c	0x8019BF0C	112	func_8019BF0C		88314ffce1a7d711d3eac5f94208ca89786d9df3acad27b5c1eb74072b0e59a2
urn:ure:smg:re_FunctionVariant:rmge01-usasm:8019bf7c	0x8019BF7C	140	func_8019BF7C		e890204ae36f5b89af1ec82e108ec8239450d6aa11291cfe3c0d18043a59e08c
urn:ure:smg:re_FunctionVariant:rmge01-usasm:8019c008	0x8019C008	1024	func_8019C008		c0c20c925c4bf60ab31d2ebccd76de3edc4311a277e5a0660bd034839a17d1df
urn:ure:smg:re_FunctionVariant:rmge01-usasm:8019c408	0x8019C408	176	func_8019C408		019068e50006fdd8ebf676356b76e8457c81177428c0d087e56a3f7f42e0f07d
urn:ure:smg:re_FunctionVariant:rmge01-usasm:8019c4b8	0x8019C4B8	72	func_8019C4B8		74d8d678da054fc5800023bae61375b689ffd6d3f0d4920ace6d0c65a6d99964
urn:ure:smg:re_FunctionVariant:rmge01-usasm:8019c500	0x8019C500	76	func_8019C500		02c7d5b35f4a1afaf4ade7f9fbf30069959514370634f64bf5204b3d9d72930d
urn:ure:smg:re_FunctionVariant:rmge01-usasm:8019c54c	0x8019C54C	8	func_8019C54C		688e4151662f6a05a5906a90cd28bee812ccb804ef214cb957e7d2eef548a342
urn:ure:smg:re_FunctionVariant:rmge01-usasm:8019c554	0x8019C554	8	func_8019C554		cd8e2745ba074c958a891bcfa7c32d888c01d88d2849af5a920598f80dea05fb
urn:ure:smg:re_FunctionVariant:rmge01-usasm:8019c55c	0x8019C55C	56	func_8019C55C		5bc7827a94b4389c638c66dc50d92f923743f281801b26b0542d85125d8dcce6
urn:ure:smg:re_FunctionVariant:rmge01-usasm:8019c594	0x8019C594	76	func_8019C594		120cfba4a9f08d4d11f1cb2a8cc0f70f98721925fc1627ca3b7c93c1c4386755
urn:ure:smg:re_FunctionVariant:rmge01-usasm:8019c5e0	0x8019C5E0	56	func_8019C5E0		d6c04cd880397133b6e1322f543de621dd3b035126b46453ff415ae5d009f532
urn:ure:smg:re_FunctionVariant:rmge01-usasm:8019c618	0x8019C618	48	func_8019C618		9abe521fd45ecbdd1ce64c350813fbbe6b3ff67abfbf6ef1852d7deee1476918
urn:ure:smg:re_FunctionVariant:rmge01-usasm:8019c648	0x8019C648	76	func_8019C648		5252025190a6f76a5d8e2dc92d19f704dd088427729def7992658ef20adefca5
urn:ure:smg:re_FunctionVariant:rmge01-usasm:8019c694	0x8019C694	48	func_8019C694		c68a7c7d52a3e12c404ea2738e9e2be7cf1cd4cbc502145919f4b96f3a19e0e3
urn:ure:smg:re_FunctionVariant:rmge01-usasm:8019c6c4	0x8019C6C4	48	func_8019C6C4		3c09aaa76f7beba0554ab47f09ee47b545cf9bcc92a4e1a8e8d94d80f1393a67
urn:ure:smg:re_FunctionVariant:rmge01-usasm:8019c6f4	0x8019C6F4	48	func_8019C6F4		96bbebecb256875e7ee61183514a9ddb928da37277824b6b2070137ca5c49421
urn:ure:smg:re_FunctionVariant:rmge01-usasm:8019c724	0x8019C724	16	func_8019C724		ae15ec315b3f2c7e9b3a3cc076d9f189b7d28b001160516f7f1e5b80eaf7b04c
urn:ure:smg:re_FunctionVariant:rmge01-usasm:8019c734	0x8019C734	16	func_8019C734		05e7f65f96fdc8d8654822712322fd44dfdba7ebfbe1bb5055212f1b654893f9
urn:ure:smg:re_FunctionVariant:rmge01-usasm:8019c744	0x8019C744	16	func_8019C744		9d4efcdbf37461cbdf86ca8d3808d31782c4fe65823455ef262000366da7440c
urn:ure:smg:re_FunctionVariant:rmge01-usasm:8019c754	0x8019C754	16	func_8019C754		78568786989955b1c1f11f454f94a6fe9fc7c27d072bb064ae7cdbfca762b8b0
urn:ure:smg:re_FunctionVariant:rmge01-usasm:8019c764	0x8019C764	16	func_8019C764		afc6bac2d73f5aab0de6f08429f3db497f8f5703779715099291e42a5146b636
urn:ure:smg:re_FunctionVariant:rmge01-usasm:8019c774	0x8019C774	16	func_8019C774		b76b19d74f3946414b8372a1a24fe7708383442b0d10eca6c919e7e79a5dbf3e
urn:ure:smg:re_FunctionVariant:rmge01-usasm:8019c784	0x8019C784	96	func_8019C784		c44a6a424e97ffec30e9340e5f73965120bffa5a722ef74c98f4fdd9acbf777a
urn:ure:smg:re_FunctionVariant:rmge01-usasm:8019c7e4	0x8019C7E4	96	func_8019C7E4		8146883ebd2da72bf05f17597134eb401cc1266b7a73c4abdcc9a4472395aff8
urn:ure:smg:re_FunctionVariant:rmge01-usasm:8019c844	0x8019C844	44	func_8019C844		77ac0b42158ccb3250926bb97a5e0d1d95f6aff042121c5b9d4667d7e08c49db
urn:ure:smg:re_FunctionVariant:rmge01-usasm:8019c870	0x8019C870	44	func_8019C870		47063f4ab19087525767c35ccb5c2e5ac13b10d48e290782e1f52815cfc6ad30
urn:ure:smg:re_FunctionVariant:rmge01-usasm:8019c89c	0x8019C89C	52	func_8019C89C		e247f91c10e83e0f3d42b40aa591e4bc781a0ae7c8c9597d7a86085eb5ffd673
urn:ure:smg:re_FunctionVariant:rmge01-usasm:8019c8d0	0x8019C8D0	56	func_8019C8D0		c48a6d5295389cb186393a11d059295e28f059f5665b9819a6c0b578c0080d2f
urn:ure:smg:re_FunctionVariant:rmge01-usasm:8019c908	0x8019C908	76	func_8019C908		0b92f5de893c4ba567d825ae9bbcb471cf195ea8beb0bcbf22620d7c3fb51457
urn:ure:smg:re_FunctionVariant:rmge01-usasm:8019c954	0x8019C954	88	func_8019C954		2fe7b62095f2af73764d9c6d861c9e6da2f3b460986d8d716f3fccfad6cf87bb
urn:ure:smg:re_FunctionVariant:rmge01-usasm:8019c9ac	0x8019C9AC	48	func_8019C9AC		854d385ca62a6fcff38c39de206c588667b3ebcbf91a30a35f319b6b7b5c6490
urn:ure:smg:re_FunctionVariant:rmge01-usasm:8019c9dc	0x8019C9DC	48	func_8019C9DC		88cf88f5e0eb70b8eeb2a4673debcdbc6e7283bd353344f974864126c9619225
urn:ure:smg:re_FunctionVariant:rmge01-usasm:8019ca0c	0x8019CA0C	48	func_8019CA0C		f372a922aafe393029af4051d62cbaebb4c212ef6fac7b3e2b57986c837a2cf1
urn:ure:smg:re_FunctionVariant:rmge01-usasm:8019ca3c	0x8019CA3C	76	func_8019CA3C		b7d635083dd04c62c73228bc55a8e2cc67dc59fb67172ad023d8b1f539d9875c
urn:ure:smg:re_FunctionVariant:rmge01-usasm:8019ca88	0x8019CA88	128	func_8019CA88		90d3e31aee03eac019e5ac82a2dac80285ba6c7e88b53d228872fa2940a1a879
urn:ure:smg:re_FunctionVariant:rmge01-usasm:8019cb08	0x8019CB08	52	func_8019CB08		241cac254e96033535347ca47123b6b84fbdfdf780b73ce4a3e895ed51f051ad
urn:ure:smg:re_FunctionVariant:rmge01-usasm:8019cb3c	0x8019CB3C	68	func_8019CB3C		7efbce723c93bea02b6947202cf1308e55d2e4f931fd00de5ba73a74f77f334e
urn:ure:smg:re_FunctionVariant:rmge01-usasm:8019cb80	0x8019CB80	44	func_8019CB80		1cb70b7a3ab671a3cb06a74525e9a200508ef4250d091d99dd20e3fcae4c0bf7
urn:ure:smg:re_FunctionVariant:rmge01-usasm:8019cbac	0x8019CBAC	44	func_8019CBAC		c77d4d1c7fd1e698cdbec0f729e703f4de35b78e50eb3428ed82c15ec723c938
urn:ure:smg:re_FunctionVariant:rmge01-usasm:8019cbd8	0x8019CBD8	36	func_8019CBD8		eb783f2cda289753f9e70a29e78cce57b42ac1db92936c402a39b39c305c04fd
urn:ure:smg:re_FunctionVariant:rmge01-usasm:8019cbfc	0x8019CBFC	352	func_8019CBFC		281730b7915eeb7ab44216baf71c038a2bd638dfa56fa106e220ac46ecc0a45b
urn:ure:smg:re_FunctionVariant:rmge01-usasm:8019cd5c	0x8019CD5C	16	func_8019CD5C		c284e5d9cc720a865dbe2fcb274328fe9edc6469871877e1d68ed3562c7b23c7
urn:ure:smg:re_FunctionVariant:rmge01-usasm:8019cd6c	0x8019CD6C	16	func_8019CD6C		4409e2174a0e5f22d8fc1db240e22fa033113ab902a5d78765025940a3a7dd21
urn:ure:smg:re_FunctionVariant:rmge01-usasm:8019cd7c	0x8019CD7C	16	func_8019CD7C		6d732b5f90bf09a768a936c71512d197c931e2f6767d37280b698a3bcb228ca6
urn:ure:smg:re_FunctionVariant:rmge01-usasm:8019cd8c	0x8019CD8C	16	func_8019CD8C		93843a2f57d81ad22f2436195318b603a76129b54c29002758c335bb60864bb8
urn:ure:smg:re_FunctionVariant:rmge01-usasm:8019cd9c	0x8019CD9C	16	func_8019CD9C		8d5dc6f7ad9c54a2f8845cc662a22710137f3360f7411bef7646776c62d290fc
urn:ure:smg:re_FunctionVariant:rmge01-usasm:8019cdac	0x8019CDAC	16	func_8019CDAC		972675a0828f9abe3b3ec39c3b73c65aac9c0f0d2aef9b08ebee8acfb212f2a5
urn:ure:smg:re_FunctionVariant:rmge01-usasm:8019cdbc	0x8019CDBC	220	func_8019CDBC		a962ea49292065b26609c0395fb9e3a3433f62bace9325f61b156577e214f426
urn:ure:smg:re_FunctionVariant:rmge01-usasm:8019ce98	0x8019CE98	584	func_8019CE98		87f98ad52f1e277d61141cf8fdc7896da1b97b4baab4ca7841259be3b875d1d1
urn:ure:smg:re_FunctionVariant:rmge01-usasm:8019d0e0	0x8019D0E0	8	func_8019D0E0		ecf0512e3f19e321224cd8ed97e2c5c3ee12456ba863d0b58b0a32cb4478e500
urn:ure:smg:re_FunctionVariant:rmge01-usasm:8019d0e8	0x8019D0E8	8	func_8019D0E8		dd88dea70d5b601cdecd3dab6633edd6938089f61e78b893693aca09328be820
urn:ure:smg:re_FunctionVariant:rmge01-usasm:8019d0f0	0x8019D0F0	8	func_8019D0F0		0d3833022d68b3f1daa4c9290bd60505a94bffd2e063cfc34bdb132752fe3a85
urn:ure:smg:re_FunctionVariant:rmge01-usasm:8019d0f8	0x8019D0F8	512	func_8019D0F8		370f0546eeeca08a6ebfa9c6dd41b824adae0ea0f662bf8373232c72d50dc114
urn:ure:smg:re_FunctionVariant:rmge01-usasm:8019d2f8	0x8019D2F8	76	func_8019D2F8		74db45f959c8292c9b38c7961b68a61ff15eb9528ee9d394927441eb3780aab1
urn:ure:smg:re_FunctionVariant:rmge01-usasm:8019d344	0x8019D344	40	func_8019D344		7c795ebfdcbb7b62650596fc576081133e16d27c80d15f1fd0c99a76e5db5ce3
urn:ure:smg:re_FunctionVariant:rmge01-usasm:8019d36c	0x8019D36C	120	func_8019D36C		ae96574d8de5e07ed8c9882e5e969ae9c0d0a0b089daca3e2490cd2ab0c33c8b
urn:ure:smg:re_FunctionVariant:rmge01-usasm:8019d3e4	0x8019D3E4	140	func_8019D3E4		b1bf590f0b15bd67f98fa503bc5c67387f556fafcf5b5c79c4d393d4c14b33eb
urn:ure:smg:re_FunctionVariant:rmge01-usasm:8019d470	0x8019D470	24	func_8019D470		eb646fb00c8d4dd86c074aeb5de5165cde93924135f0fa54d0e6c0f15660894a
urn:ure:smg:re_FunctionVariant:rmge01-usasm:8019d488	0x8019D488	140	func_8019D488		ee8bc8e46dedb6a736db1ea4f871941031557f032f6a3282105d75b27de03904
urn:ure:smg:re_FunctionVariant:rmge01-usasm:8019d514	0x8019D514	304	func_8019D514		563d3a3f784a309bca7c143f683984fafdc1a19bddd152fe3220f835f403a04b
urn:ure:smg:re_FunctionVariant:rmge01-usasm:8019d644	0x8019D644	380	func_8019D644		ef340cf3bbd32b5dd03d1cd082e680fab92a3b85a8224a3f1b986c84c90b1b1a
urn:ure:smg:re_FunctionVariant:rmge01-usasm:8019d7c0	0x8019D7C0	144	func_8019D7C0		996fc40b7f24294ba3e69255e0080da0cd02d7973dd588f309d15e9467ff89c1
urn:ure:smg:re_FunctionVariant:rmge01-usasm:8019d850	0x8019D850	244	func_8019D850		701f94d1bc414f8ff93d6d96aa1b920f21b179afab543b01da1a92ba2b4ac514
urn:ure:smg:re_FunctionVariant:rmge01-usasm:8019d944	0x8019D944	1444	func_8019D944		ffebead6c8482c63dc20b1032f0a7b4f24a5e880bf4bd46bed75bd8313083e18
urn:ure:smg:re_FunctionVariant:rmge01-usasm:8019dee8	0x8019DEE8	16	func_8019DEE8		c9eb362c134bf2f1c91a0a8419d0c9e44336938dfd839dafc4846b15822ee3ca
urn:ure:smg:re_FunctionVariant:rmge01-usasm:8019def8	0x8019DEF8	16	func_8019DEF8		0000343ccb2faf509e10c887e8201f23db85ec865fec6f8a598a0ff620880536
urn:ure:smg:re_FunctionVariant:rmge01-usasm:8019df08	0x8019DF08	16	func_8019DF08		6ba0b97d66e3947aa6e13dd4449d4e1e42a06ae3ebbc5901287ab9a13cc6091c
urn:ure:smg:re_FunctionVariant:rmge01-usasm:8019df18	0x8019DF18	16	func_8019DF18		f722f8b1243291cb9ec0e64991211da4a16f6e0be96a676bd82b480cc81e63e6
urn:ure:smg:re_FunctionVariant:rmge01-usasm:8019df28	0x8019DF28	16	func_8019DF28		64d269386b3624eb7d2ebe5dbeefce488899ebeeaeb0a874522989ba9babc17b
urn:ure:smg:re_FunctionVariant:rmge01-usasm:8019df38	0x8019DF38	16	func_8019DF38		34ea27f6194bf0a8d5c40a3c042b58af3c538534086d69daa9ea089d0353665f
urn:ure:smg:re_FunctionVariant:rmge01-usasm:8019df48	0x8019DF48	16	func_8019DF48		3193223f969c8564266dbf583d0ad462e45490364bc4bde538c7cce472b44e6c
urn:ure:smg:re_FunctionVariant:rmge01-usasm:8019df58	0x8019DF58	16	func_8019DF58		f51960d34f1c37528b097be44c6882bd469936f9dfdc8b69f870d3dffd950049
urn:ure:smg:re_FunctionVariant:rmge01-usasm:8019df68	0x8019DF68	16	func_8019DF68		b3b904e7d90669c453a44f668ec728433c27c05ef43fa21597140757e7431f57
urn:ure:smg:re_FunctionVariant:rmge01-usasm:8019df78	0x8019DF78	16	func_8019DF78		6f1d65abb5547253799e65c949b344d2d3f050dd282240eb5e443f74d7b640a4
urn:ure:smg:re_FunctionVariant:rmge01-usasm:8019df88	0x8019DF88	220	func_8019DF88		981af001e25deb40ec26462c672208c886fe9d331985f088f4ba42bb435f60e9
urn:ure:smg:re_FunctionVariant:rmge01-usasm:8019e064	0x8019E064	24	func_8019E064		f93d32b0a50225db350f96882c4486a6f10585621444bb8803b820a4ee2dc496
urn:ure:smg:re_FunctionVariant:rmge01-usasm:8019e07c	0x8019E07C	60	func_8019E07C		502250ddadaeb57ba2e2fc334b3d8701e110c81d349c29041984de466c26d05f
urn:ure:smg:re_FunctionVariant:rmge01-usasm:8019e0b8	0x8019E0B8	100	func_8019E0B8		03c047d6c0f98847805e47f19740f569d47d1c32d5d47dfacd6146b78fa344e5
urn:ure:smg:re_FunctionVariant:rmge01-usasm:8019e11c	0x8019E11C	112	func_8019E11C		59b4278100bcad2ded3665bcb071eebbd8aa38d0decdd12481685b7334b64c25
urn:ure:smg:re_FunctionVariant:rmge01-usasm:8019e18c	0x8019E18C	120	func_8019E18C		45ac7d87427307497c9d9e56606f9cdd0e21f7120f618c0b9295af3ba8800ec4
urn:ure:smg:re_FunctionVariant:rmge01-usasm:8019e204	0x8019E204	40	func_8019E204		9591cdc3f1fd565fce68b181c4b4f06cf96cff776a079d580a53e2d7cfe47239
urn:ure:smg:re_FunctionVariant:rmge01-usasm:8019e22c	0x8019E22C	120	func_8019E22C		94d1c11c518938cffb59eb92e1d812c15a4aa830058607e9a6fefe3d01b21087
urn:ure:smg:re_FunctionVariant:rmge01-usasm:8019e2a4	0x8019E2A4	28	func_8019E2A4		cc0c4003087d67f0ed667e12300a2814d0c1a00bee4a62cfbf0a2527284f9b38
urn:ure:smg:re_FunctionVariant:rmge01-usasm:8019e2c0	0x8019E2C0	68	func_8019E2C0		02df1bc97fe96c5001fc8824ae4f0cd3d541451b90da6f8ed32692986ac4872b
urn:ure:smg:re_FunctionVariant:rmge01-usasm:8019e304	0x8019E304	8	func_8019E304		9aa9422382887d2308fd39de0c7fb2e4a28225510dcce5a44d0409a8876038ec
urn:ure:smg:re_FunctionVariant:rmge01-usasm:8019e30c	0x8019E30C	8	func_8019E30C		70f9bc2c9430cde9b9db9a21e044fca34ded1efcf9ee2e3edc653a9e0e3cf50b
urn:ure:smg:re_FunctionVariant:rmge01-usasm:8019e314	0x8019E314	8	func_8019E314		880329e8481c1062a5c1f8d29435eb465b678cadf03aa8aaff64554d9244e229
urn:ure:smg:re_FunctionVariant:rmge01-usasm:8019e31c	0x8019E31C	16	func_8019E31C		10f9b3195e0f0bc7d1b4af3705ab9d9da5fffbc2b7d42b942ad86f9226b902dc
urn:ure:smg:re_FunctionVariant:rmge01-usasm:8019e32c	0x8019E32C	8	func_8019E32C		7bef419c57474408e6414ab84629877a794ab5ebecbcb4252f71de01d03cdcd0
urn:ure:smg:re_FunctionVariant:rmge01-usasm:8019e334	0x8019E334	8	func_8019E334		298b1da868dff3caa06ce907f4d3433f66a26ef97429da85e5fc0b758d9c103c
urn:ure:smg:re_FunctionVariant:rmge01-usasm:8019e33c	0x8019E33C	8	func_8019E33C		30c928aaae00a7acf634df84674e7d0ee3204b59cc626e18878c5a173dee5c23
urn:ure:smg:re_FunctionVariant:rmge01-usasm:8019e344	0x8019E344	16	func_8019E344		03666605133309201883fa1a0c0830435fef01d8ec7e72bd638f9c2132c3a69a
urn:ure:smg:re_FunctionVariant:rmge01-usasm:8019e354	0x8019E354	8	func_8019E354		e862c6de75331f79aa9f458801354a1c67fd8e335e7b5ee1a39d4983992ca4e0
urn:ure:smg:re_FunctionVariant:rmge01-usasm:8019e35c	0x8019E35C	16	func_8019E35C		9021817cb8149bbbec8f01e42c5534f6b806a81005a45e1f4ec7e611d4da5e0e
urn:ure:smg:re_FunctionVariant:rmge01-usasm:8019e36c	0x8019E36C	8	func_8019E36C		66ca6ecad5756b0ec9a465dcb655de41c91bde3d25f677f24d6b82817566b4d6
urn:ure:smg:re_FunctionVariant:rmge01-usasm:8019e37c	0x8019E37C	16	func_8019E37C		05236a4d8bd6048ce3e7c9127648c7636a013a712c486cfec9c002cef8fc8da7
urn:ure:smg:re_FunctionVariant:rmge01-usasm:8019e38c	0x8019E38C	136	func_8019E38C		55cca24e3d72013013778e0e33988c6c7bb84a5ffba2dd9d15479f91e225a178
urn:ure:smg:re_FunctionVariant:rmge01-usasm:8019e414	0x8019E414	136	func_8019E414		f788dfdf012bc247bdcfa197325a4c0e39bcbd4f19b878ebc6e1854ad5037dcd
urn:ure:smg:re_FunctionVariant:rmge01-usasm:8019e49c	0x8019E49C	400	func_8019E49C		ee82ee602a9dad5a0ea216017af0fe5a0121334dbe7189ad6cfc96f1a276ed52
urn:ure:smg:re_FunctionVariant:rmge01-usasm:8019e62c	0x8019E62C	84	func_8019E62C		5076886b5d5581cf65691632078c9ac7903bdbe7e5fc02e615e94e01ed55e05a
urn:ure:smg:re_FunctionVariant:rmge01-usasm:8019e680	0x8019E680	152	func_8019E680		e622f17bbe9fddb294f5cc6b01f8dbf3afeb30e303461c0ff308157d7ba6023f
urn:ure:smg:re_FunctionVariant:rmge01-usasm:8019e718	0x8019E718	104	func_8019E718		9d16de0eb17192f984c72b345b3f75ade45587065049d1bbb9e6e01d02e207a3
urn:ure:smg:re_FunctionVariant:rmge01-usasm:8019e780	0x8019E780	160	func_8019E780		d5a9fbd66b1aec110fe86998b15b075ec5aa4ca301d0045f2409494220268b7f
urn:ure:smg:re_FunctionVariant:rmge01-usasm:8019e820	0x8019E820	88	func_8019E820		3f4259d93da02744e1d8e4a7a4f14b5ff15820054b89da31b5910ca28f529f47
urn:ure:smg:re_FunctionVariant:rmge01-usasm:8019e878	0x8019E878	204	func_8019E878		c0a424ed32702f6722f2a098d60edf73e6a1b270612ffba07a7bceedd765b383
urn:ure:smg:re_FunctionVariant:rmge01-usasm:8019e944	0x8019E944	96	func_8019E944		c407d7577f4460da5f9afccfca452d2812af9d74f1fcce006e21120bfcc282dd
urn:ure:smg:re_FunctionVariant:rmge01-usasm:8019e9a4	0x8019E9A4	68	func_8019E9A4		3d746e1589bcda6dc34efe1dd8d3062b38cb9be81a493751c103a9829f8377af
urn:ure:smg:re_FunctionVariant:rmge01-usasm:8019e9e8	0x8019E9E8	392	func_8019E9E8		d208c0500a5d1700077e8ddc0f259233b6073ac7ada8e8f9579e4a10a18a2559
urn:ure:smg:re_FunctionVariant:rmge01-usasm:8019eb70	0x8019EB70	460	func_8019EB70		b1c301e7944134cd3e7d9750d91979ac8b5fa08b5256b0c331ffbe8d5dbdb5df
urn:ure:smg:re_FunctionVariant:rmge01-usasm:8019ed3c	0x8019ED3C	264	func_8019ED3C		cf2351ac069f310d74eca49a16222ce11bbff811fc30efe5ff906a71a942d78e
urn:ure:smg:re_FunctionVariant:rmge01-usasm:8019ee44	0x8019EE44	152	func_8019EE44		99477b36484d90e54a8dbbe32d1093c8f11bbaa60dec9baac574f58b600ae747
urn:ure:smg:re_FunctionVariant:rmge01-usasm:8019eedc	0x8019EEDC	20	func_8019EEDC		aa293c8556cc7be53b808d6c6d02c0cd7a2cf14e95c8764ec286c1440125612d
urn:ure:smg:re_FunctionVariant:rmge01-usasm:8019eef0	0x8019EEF0	152	func_8019EEF0		67d5386b0990102d0c0520ff25be975f64ce5aa26a68ce7fd0dc91d276b4e589
urn:ure:smg:re_FunctionVariant:rmge01-usasm:8019ef88	0x8019EF88	236	func_8019EF88		4cc9b7d759793f8824fd0e9789ef0963b85c80309eed65b87cdf1b5282789332
urn:ure:smg:re_FunctionVariant:rmge01-usasm:8019f074	0x8019F074	12	func_8019F074		26b631243a2c3448e5693256430e198e8ac842174e3c3ac902a5c34c562c0bd6
urn:ure:smg:re_FunctionVariant:rmge01-usasm:8019f080	0x8019F080	12	func_8019F080		48584dbf2f373493afbc4cb8880e07ba1dc3b2ae944872c1de9b39c1a29126ed
urn:ure:smg:re_FunctionVariant:rmge01-usasm:8019f08c	0x8019F08C	12	func_8019F08C		baba3159ca40917eb888a0ae8ddf7e09f786cc38b3b1622cf9161352ababf65c
urn:ure:smg:re_FunctionVariant:rmge01-usasm:8019f098	0x8019F098	256	func_8019F098		b928ec334a6fbd4269072c8406e531bb43cd2512bb807e441ffbbc8dea951ac5
urn:ure:smg:re_FunctionVariant:rmge01-usasm:8019f198	0x8019F198	28	func_8019F198		4956c8e3ccd74026a2839633bc5795ad7162e7c594317a56c1f9f5893e404abc
urn:ure:smg:re_FunctionVariant:rmge01-usasm:8019f1b4	0x8019F1B4	40	func_8019F1B4		f6cf289104c23dc06043e6e919c2b49f121480657a7d989cb8233029ba3aca1e
urn:ure:smg:re_FunctionVariant:rmge01-usasm:8019f1dc	0x8019F1DC	132	func_8019F1DC		f8f52f6c811b7bf59376bde1b3255884b06468cce82e69017e7969c97c4a01b4
urn:ure:smg:re_FunctionVariant:rmge01-usasm:8019f260	0x8019F260	408	func_8019F260		7200f402fac5900d116d791a60944ed6b8e775348e30c6b1cc83f0e197e87fc3
urn:ure:smg:re_FunctionVariant:rmge01-usasm:8019f3f8	0x8019F3F8	356	func_8019F3F8		a8da9bca6c4df1366b4683d840b77759c6d7a9df575763d95cdf5d26ac3fad08
urn:ure:smg:re_FunctionVariant:rmge01-usasm:8019f55c	0x8019F55C	32	func_8019F55C		fc44abf6cc6cacdf5c4e60d2e630ab8234dabe6cc73a35824ce9cb88a18a165c
urn:ure:smg:re_FunctionVariant:rmge01-usasm:8019f57c	0x8019F57C	32	func_8019F57C		769489b5451560fe44c66e59c3fcd397132012d506911c882ad3cb9b5f0797b3
urn:ure:smg:re_FunctionVariant:rmge01-usasm:8019f59c	0x8019F59C	32	func_8019F59C		3135cfad84003b9a5f971c2ff7256597873149cd8822ee3441ccdf08fa076cba
urn:ure:smg:re_FunctionVariant:rmge01-usasm:8019f5bc	0x8019F5BC	32	func_8019F5BC		61a01a93de8d8dd574bc73b18ee5f9a9cc711b1cd3128f2223edba1c34520479
urn:ure:smg:re_FunctionVariant:rmge01-usasm:8019f5dc	0x8019F5DC	256	func_8019F5DC		e6f9961b78d32cd7192186e8713d0223871c9f5798d23fb4b50fc279b7fee637
urn:ure:smg:re_FunctionVariant:rmge01-usasm:8019f6dc	0x8019F6DC	68	func_8019F6DC		6e16ce0c1c73a22bf00028ca0ab469794ef57ba63b043ac269fc3edf6d4a60b3
urn:ure:smg:re_FunctionVariant:rmge01-usasm:8019f720	0x8019F720	68	func_8019F720		100550a5e7ab5c6d077575b61d3df1a321960a091dc4cfbc1e06d143d4309b3c
urn:ure:smg:re_FunctionVariant:rmge01-usasm:8019f764	0x8019F764	68	func_8019F764		ef188d89d1084a75b182bd554e48bdb7b7eaadbde60d92aaec76c5cbd4d6fc6f
urn:ure:smg:re_FunctionVariant:rmge01-usasm:8019f7a8	0x8019F7A8	68	func_8019F7A8		2a3d49637e1f40c255c4bb028fbba4d173eb2918d9c241e5dc90a83beda2c12b
urn:ure:smg:re_FunctionVariant:rmge01-usasm:8019f7ec	0x8019F7EC	68	func_8019F7EC		16252be5d4e59c1615f57e19b9480af9b769db913b2bf9a3e63d208ae9592336
urn:ure:smg:re_FunctionVariant:rmge01-usasm:8019f830	0x8019F830	8	func_8019F830		6c848da2d58b95d801c34bb9d6c8da9920b76a6be87dc884708468d24fc7267a
urn:ure:smg:re_FunctionVariant:rmge01-usasm:8019f838	0x8019F838	368	func_8019F838		2270b4575c5dfacb4329efa66540b7a6b5b8e7ac75526f08e59fc0894a201b3a
urn:ure:smg:re_FunctionVariant:rmge01-usasm:8019faa4	0x8019FAA4	68	func_8019FAA4		0623df367264f74065859314d58b9d93ecc0f4b8e6f556a2af28d92bfc5bee95
urn:ure:smg:re_FunctionVariant:rmge01-usasm:8019fae8	0x8019FAE8	68	func_8019FAE8		c199c44f5f7f2a4527892fe42de7f1db4d3ca8b0d4eaad0271b5064f04edbf57
urn:ure:smg:re_FunctionVariant:rmge01-usasm:8019fb2c	0x8019FB2C	168	func_8019FB2C		80ef447a5ee26dea306502fd392ac874a76be2f1792bba73580c275844a25b40
urn:ure:smg:re_FunctionVariant:rmge01-usasm:8019fbd4	0x8019FBD4	48	func_8019FBD4		de458f7f9d83563c00d8133da6e8413e927d67b7c75b49085ac8600555bef404
urn:ure:smg:re_FunctionVariant:rmge01-usasm:8019fc04	0x8019FC04	64	func_8019FC04		ad1203709863bbe3a5cb23bf3003e3f20f4fc1715645cc6c3f2b26d428866501
urn:ure:smg:re_FunctionVariant:rmge01-usasm:8019fc44	0x8019FC44	128	func_8019FC44		4f3b26373eb07acbd67d97f027fcd2e98a10bc8e57bf72373ee1e9ce462c2469
urn:ure:smg:re_FunctionVariant:rmge01-usasm:8019fcc4	0x8019FCC4	1464	func_8019FCC4		1c50602ffda4ee9e55bd423e15af4b7a3ea8ad5146eae429d498376af92fc407
urn:ure:smg:re_FunctionVariant:rmge01-usasm:801a027c	0x801A027C	836	func_801A027C		2bc3f9cca8eea425bd1dfee9b50ff88542e6d9d50a610517d856b6de7d71ff1d
urn:ure:smg:re_FunctionVariant:rmge01-usasm:801a05c0	0x801A05C0	696	func_801A05C0		20442cc7de1db0faff5557fb591ef807772abb0a76bac16321f24985aa34add3
urn:ure:smg:re_FunctionVariant:rmge01-usasm:801a0878	0x801A0878	648	func_801A0878		7fb69f31f7d0cbfa17fcee0bf9de74fbc71197a2dcce59177fd83ba4b22b8e20
urn:ure:smg:re_FunctionVariant:rmge01-usasm:801a0b00	0x801A0B00	72	func_801A0B00		92f5260cc0c55589e61e4863c78a94e79a52791e0d1676dccff5dd4f4afbc112
urn:ure:smg:re_FunctionVariant:rmge01-usasm:801a0b48	0x801A0B48	736	func_801A0B48		b77259453480184d060bff62e1ff6870ffa7b7f2b56fb6ac526c81b5bf4579e3
urn:ure:smg:re_FunctionVariant:rmge01-usasm:801a0e28	0x801A0E28	352	func_801A0E28		80f067aec320d97ac131bcdf189560ff3565c9c606984a27dd2933d43242616f
urn:ure:smg:re_FunctionVariant:rmge01-usasm:801a0f88	0x801A0F88	144	func_801A0F88		1bf91c121210cb0b2a3fe95076a356a07c7b7a20d314b793e05ba6ba05ebd07a
urn:ure:smg:re_FunctionVariant:rmge01-usasm:801a1018	0x801A1018	256	func_801A1018		fd2d17dc1c91f04176a97651497282a3ca36230edfadef80cbbac4cd45e38024
urn:ure:smg:re_FunctionVariant:rmge01-usasm:801a1118	0x801A1118	144	func_801A1118		dbbc022202163fac970e6a2bd7fe61fc90bf9f180e6b1955f0827da79bbcdf41
urn:ure:smg:re_FunctionVariant:rmge01-usasm:801a11a8	0x801A11A8	204	func_801A11A8		f31daa67bef59957dd80ff1675fa95c27501cf8ae422626c867fda6b52052d38
urn:ure:smg:re_FunctionVariant:rmge01-usasm:801a1274	0x801A1274	148	func_801A1274		d1e121e10ba348365e275af01741fe2d3f4c369411df616975ad04bdbf2c91af
urn:ure:smg:re_FunctionVariant:rmge01-usasm:801a1308	0x801A1308	100	func_801A1308		74b9619de12ba2c630406706d19dfe22be9afeff509b5c616318ca53d5ec4eb5
urn:ure:smg:re_FunctionVariant:rmge01-usasm:801a136c	0x801A136C	1324	func_801A136C		af9a87324857c4ec637f84d689684613be54ae514dae7c7eeb36bf822509a1ca
urn:ure:smg:re_FunctionVariant:rmge01-usasm:801a1898	0x801A1898	220	func_801A1898		c718f475c6ad492368656e81b07ef51c7828e44bea0dd0384e349f3226bfb330
urn:ure:smg:re_FunctionVariant:rmge01-usasm:801a1974	0x801A1974	580	func_801A1974		f8aac9f8a9094bcb9507a2ff0da470555c19cb57ceb2191920be9620730aa0b6
urn:ure:smg:re_FunctionVariant:rmge01-usasm:801a1bb8	0x801A1BB8	80	func_801A1BB8		1a0c884d72ecaf07c81a36fc5b5a00357131a59e332af2c6453e8bf7a079f6fc
urn:ure:smg:re_FunctionVariant:rmge01-usasm:801a1c08	0x801A1C08	1568	func_801A1C08		870738164ba8e346d2b66a2aea4b2a45e4526cce319edf2f9080765b757a9731
urn:ure:smg:re_FunctionVariant:rmge01-usasm:801a2228	0x801A2228	116	func_801A2228		cf5ae5d788e0037558c02d31ccf10c5ae6891c3d16e85e6eb5fa9cf64238b57b
urn:ure:smg:re_FunctionVariant:rmge01-usasm:801a229c	0x801A229C	1572	func_801A229C		56030cf8e54dfcebb58fa5855acc881471250e209e034b29bc6035a91085ed81
urn:ure:smg:re_FunctionVariant:rmge01-usasm:801a28c0	0x801A28C0	1176	func_801A28C0		2b5f62a183c66598afd8ad5dedd815c649bddc785f8f80d81dffc8e19ac934cc
urn:ure:smg:re_FunctionVariant:rmge01-usasm:801a2d58	0x801A2D58	2948	func_801A2D58		0e0be8ce8c2a6f27dcab18dfd47ed6f81726b98f0237c15a02382cc1bc3bba6e
urn:ure:smg:re_FunctionVariant:rmge01-usasm:801a38dc	0x801A38DC	264	func_801A38DC		810fec688b5d35161b37d6fbf12d0dfabfd0ee4e411d978e2611ccb19d813704
urn:ure:smg:re_FunctionVariant:rmge01-usasm:801a39e4	0x801A39E4	872	func_801A39E4		2eae4b0b9d5f28a676af0b95a1a861a2f52f464c0873aa269628894737de6aa0
urn:ure:smg:re_FunctionVariant:rmge01-usasm:801a3d4c	0x801A3D4C	16	func_801A3D4C		6c11fb302e328150e34671c31d7365a9374116ca277a5ad3d9f059d60d18e3c5
urn:ure:smg:re_FunctionVariant:rmge01-usasm:801a3d5c	0x801A3D5C	16	func_801A3D5C		83c11f528039186c97ba7c48cd4b4cc86c46615793a59e5f680c7b876f437e06
urn:ure:smg:re_FunctionVariant:rmge01-usasm:801a3d6c	0x801A3D6C	16	func_801A3D6C		21f08456f74f299ece8beeab1f2ff3e2ce9a1f3e1c20c495fb6f74fc66895bd6
urn:ure:smg:re_FunctionVariant:rmge01-usasm:801a3d7c	0x801A3D7C	16	func_801A3D7C		ecb5f6e4dab266a971b6ee389de63d48d33a6ee16df7c001ceb39b74a6c532b8
urn:ure:smg:re_FunctionVariant:rmge01-usasm:801a3d8c	0x801A3D8C	16	func_801A3D8C		9b8e57dd15eb08937b36693eea7d0e2f372d4d15f4888f94a947c93687cbb5bd
urn:ure:smg:re_FunctionVariant:rmge01-usasm:801a3d9c	0x801A3D9C	16	func_801A3D9C		25269dda83a173541b6aab38dd0e5a1ba1c5444277719911c07d2ba599e4cb8c
urn:ure:smg:re_FunctionVariant:rmge01-usasm:801a3dac	0x801A3DAC	16	func_801A3DAC		f484c57f6c224df331f8f5992b4f22d7aafc6e7949eb0351fa250dbed16e291d
urn:ure:smg:re_FunctionVariant:rmge01-usasm:801a3dbc	0x801A3DBC	16	func_801A3DBC		89b1685beb13dc1117561459ef77ea77662f8202838520af0229805645b20ac3
urn:ure:smg:re_FunctionVariant:rmge01-usasm:801a3dcc	0x801A3DCC	268	func_801A3DCC		59b5714bea0e311f5c251110995f10e855d3e721d6af4bc50f251ec39cca658b
urn:ure:smg:re_FunctionVariant:rmge01-usasm:801a3ed8	0x801A3ED8	32	func_801A3ED8		7bef3db624b999b8ac79ce084b129d841be9bd8829066b9498759039af1ca5f5
urn:ure:smg:re_FunctionVariant:rmge01-usasm:801a3ef8	0x801A3EF8	92	func_801A3EF8		0de8841b33fc16f02f99d652705a424e8c84352404192d03937f4484628735d0
urn:ure:smg:re_FunctionVariant:rmge01-usasm:801a3f54	0x801A3F54	136	func_801A3F54		fbc825271a382f06ec2f7c1daf7a4f26d02b722e1d08a34e005042719b13b0ed
urn:ure:smg:re_FunctionVariant:rmge01-usasm:801a3fdc	0x801A3FDC	20	func_801A3FDC		0908b4e3dcb5f5f23baa66fe4855ea78eac8f30f73f0a46ccda121640ed20595
urn:ure:smg:re_FunctionVariant:rmge01-usasm:801a3ff0	0x801A3FF0	280	func_801A3FF0		9b016dbc981be636b3cf5e0f2decc64a732b6823e2f97370c47df9b009d85129
urn:ure:smg:re_FunctionVariant:rmge01-usasm:801a4108	0x801A4108	456	func_801A4108		f9eef85f1ad4e661271287d3c1b1dac810211df9769a0b32845f43947771622c
urn:ure:smg:re_FunctionVariant:rmge01-usasm:801a42d0	0x801A42D0	472	func_801A42D0		4a524c2611822125de6e7fe5207b08a7cb37ed45eebdc04735ad1379aed03531
urn:ure:smg:re_FunctionVariant:rmge01-usasm:801a44a8	0x801A44A8	1068	func_801A44A8		cd12a41cb18999379c6fece86156dbd7e8b6c05a8c9bb39b998c6e9638970ba2
urn:ure:smg:re_FunctionVariant:rmge01-usasm:801a48d4	0x801A48D4	716	func_801A48D4		9f3d0825fe66a4398118c0254281e9478978bb7709ae16e46cdc088480245aa4
urn:ure:smg:re_FunctionVariant:rmge01-usasm:801a4ba0	0x801A4BA0	696	func_801A4BA0		504d7045e07d27340425146a02f61c342ff43768c232eaa21c32b9708af7bc85
urn:ure:smg:re_FunctionVariant:rmge01-usasm:801a4e58	0x801A4E58	20	func_801A4E58		0908b4e3dcb5f5f23baa66fe4855ea78eac8f30f73f0a46ccda121640ed20595
urn:ure:smg:re_FunctionVariant:rmge01-usasm:801a4e6c	0x801A4E6C	508	func_801A4E6C		f13fb594a88633747364bd2ded80f1c0e689f1b3441f301a2b352f986db89cd4
urn:ure:smg:re_FunctionVariant:rmge01-usasm:801a5068	0x801A5068	1556	func_801A5068		c68db92a54824e1d4ce62959295485b06003b756cbaacb73d1606bdef883abde
urn:ure:smg:re_FunctionVariant:rmge01-usasm:801a567c	0x801A567C	240	func_801A567C		f4c8236711fac90a060bf59cf0466dcc1db6f3544b225b3ea718bff512cba594
urn:ure:smg:re_FunctionVariant:rmge01-usasm:801a576c	0x801A576C	16	func_801A576C		82dbfd730b022fcf8c705bcd8015edc6f29d96f717ae4f46166660354f99d2c5
urn:ure:smg:re_FunctionVariant:rmge01-usasm:801a577c	0x801A577C	16	func_801A577C		8c7dd4002070ca4f354dafdef34e41a4d27aa9581b1316d3891ad119aa07f116
urn:ure:smg:re_FunctionVariant:rmge01-usasm:801a578c	0x801A578C	16	func_801A578C		135249994f6e6f305eeeea7e38cd7d6c078102ffba0f970f2aa82ac40ac3653f
urn:ure:smg:re_FunctionVariant:rmge01-usasm:801a579c	0x801A579C	212	func_801A579C		28b4e51b44159fa3600460ea451bb561d904fc7c535e27a5968aaf904f3dd1ac
urn:ure:smg:re_FunctionVariant:rmge01-usasm:801a5870	0x801A5870	768	func_801A5870		cf73cfd33f52bd86aa8d15dd0eda312e79aaf52773b95cd6870c090081d7fee1
urn:ure:smg:re_FunctionVariant:rmge01-usasm:801a5b70	0x801A5B70	16	func_801A5B70		07075f9bf61cea10c5b71ad2c162f7c2ce7c1014f30fd46f574b222e8d3815fb
urn:ure:smg:re_FunctionVariant:rmge01-usasm:801a5b80	0x801A5B80	32	func_801A5B80		fbb088e51d5b7ce3e20c8fda36c57a6b0ba5bea2250de166f132be63d39b0e04
urn:ure:smg:re_FunctionVariant:rmge01-usasm:801a5ba0	0x801A5BA0	64	func_801A5BA0		9f533117d0a290c5e491618b7e4910721071a63f5ad0c7fbb90a469dc2ec0ad1
urn:ure:smg:re_FunctionVariant:rmge01-usasm:801a5be0	0x801A5BE0	92	func_801A5BE0		71e26225ca1968dc7576eb72ef149094577566a3fde84b8f6a0d1ccc78cba9b3
urn:ure:smg:re_FunctionVariant:rmge01-usasm:801a5c3c	0x801A5C3C	104	func_801A5C3C		2431b52e27cade27078f33d893242fc2e3c438b95ba37c33ed04aead785484fd
urn:ure:smg:re_FunctionVariant:rmge01-usasm:801a5ca4	0x801A5CA4	8	func_801A5CA4		0cc2f63c0e0697e00589bf5cf84c3991f9e780104dfd250c2d876c40c0c655dd
urn:ure:smg:re_FunctionVariant:rmge01-usasm:801a5cac	0x801A5CAC	304	func_801A5CAC		5062c1c259fb653fceca7cecf7f97d520da1b97190481f64eea1b9aa220664a6
urn:ure:smg:re_FunctionVariant:rmge01-usasm:801a5ddc	0x801A5DDC	76	func_801A5DDC		d40f68ef04614e8230d725ac70c6d5c1080b1215efdef50e52e0341ece081232
urn:ure:smg:re_FunctionVariant:rmge01-usasm:801a5e28	0x801A5E28	952	func_801A5E28		57e68280ceb0a889f7671824c8ed34de6472baa3660f98172742deca9f53841a
urn:ure:smg:re_FunctionVariant:rmge01-usasm:801a61e0	0x801A61E0	148	func_801A61E0		0294b5ed51c51e743b6ecf5e79b6505bd126b44c643adb175ac1ea1e4956c529
urn:ure:smg:re_FunctionVariant:rmge01-usasm:801a6274	0x801A6274	212	func_801A6274		8cba46a83d14c71d066577cd3ebac3580b59589af8d57a90bd493476b0719f30
urn:ure:smg:re_FunctionVariant:rmge01-usasm:801a6348	0x801A6348	284	func_801A6348		5847149026850d8b19b827b5e24eeff163cc076884673aecd1d6b84bb1667e24
urn:ure:smg:re_FunctionVariant:rmge01-usasm:801a6464	0x801A6464	356	func_801A6464		fa677665d5b633fa69344fe0fea1d3eeb6aa9c09c77a500a9bb2f2073ad0310c
urn:ure:smg:re_FunctionVariant:rmge01-usasm:801a65c8	0x801A65C8	68	func_801A65C8		0dcc1cf52694a12b9477846c0f615d5614a877bf945d22733578031378475aaa
urn:ure:smg:re_FunctionVariant:rmge01-usasm:801a660c	0x801A660C	680	func_801A660C		dc4822402edfbeaf5babf571303f7eb87b31f078c744f6c3ab411376589cc91a
urn:ure:smg:re_FunctionVariant:rmge01-usasm:801a68b4	0x801A68B4	16	func_801A68B4		c6e137446ce0c332ea9c8c3ab7bbcbaf8fd6babbaa0bc5b190e59249210c6b14
urn:ure:smg:re_FunctionVariant:rmge01-usasm:801a68c4	0x801A68C4	16	func_801A68C4		ee4c87f5529b1e29b61fa005a630b7282976ba10a7433a2b5f6af0be8285af32
urn:ure:smg:re_FunctionVariant:rmge01-usasm:801a68d4	0x801A68D4	184	func_801A68D4		1d2803f53ba74628f825c21d22374b20ac039090c3fd79d698bd5a54ab255688
urn:ure:smg:re_FunctionVariant:rmge01-usasm:801a698c	0x801A698C	1260	func_801A698C		63338cceaa3f02570ae665d0fab43f3693ac3954249df87faf9d6415c4c85783
urn:ure:smg:re_FunctionVariant:rmge01-usasm:801a6e78	0x801A6E78	1496	func_801A6E78		7f59e284ab9bdcd1c3715a28e3b83fd08f82f050d36f40ad11628d7ac351fe7d
urn:ure:smg:re_FunctionVariant:rmge01-usasm:801a7450	0x801A7450	124	func_801A7450		5c3a9f566bc11a061196d3206278393e566aa36134ced70c77047a1869c12a08
urn:ure:smg:re_FunctionVariant:rmge01-usasm:801a74cc	0x801A74CC	124	func_801A74CC		f700db0239e8d28a93a6be449db5873288c9ac7970cc7ed612db07e2b30267a7
urn:ure:smg:re_FunctionVariant:rmge01-usasm:801a7548	0x801A7548	112	func_801A7548		1cf237fc695e41a417ccbe206172c69930fd434372a0e739d885dea41ed5c2c8
urn:ure:smg:re_FunctionVariant:rmge01-usasm:801a75b8	0x801A75B8	16	func_801A75B8		896a88fb83c65c02330bf1e6c6654b8301850742952c98e37d46038dcba74664
urn:ure:smg:re_FunctionVariant:rmge01-usasm:801a75c8	0x801A75C8	16	func_801A75C8		f59dfd0cecdaccfae8082a2737ad81c5cf983a30e53e7544b07ab82d9aca87bd
urn:ure:smg:re_FunctionVariant:rmge01-usasm:801a75d8	0x801A75D8	40	func_801A75D8		0499091651ad047b7f4fe574d8d3793c431c41bf96fa06d16895bd48d1865f24
urn:ure:smg:re_FunctionVariant:rmge01-usasm:801a7600	0x801A7600	308	func_801A7600		3648be4515c3e407502dbe62f989ce80b26a8b7c0a044cbe07c4e021269be646
urn:ure:smg:re_FunctionVariant:rmge01-usasm:801a7734	0x801A7734	212	func_801A7734		4348712b65d00d5942138c52aa4d98f6b8dee7a70d5035e692f5c9d752205dd4
urn:ure:smg:re_FunctionVariant:rmge01-usasm:801a7808	0x801A7808	88	func_801A7808		597569973d0e3ed5e332dd8d4e02b5de547da599c2c0dad0b3bc93e7217a72e9
urn:ure:smg:re_FunctionVariant:rmge01-usasm:801a7860	0x801A7860	88	func_801A7860		d97357dee4092e68f705c4a95fed2d7e32f05b4a40bcf376cbd01882cd5254eb
urn:ure:smg:re_FunctionVariant:rmge01-usasm:801a78b8	0x801A78B8	136	func_801A78B8		33e1e037e880139b16f376ad271166dcb7fca01ba0b39fa759509b39fb226f90
urn:ure:smg:re_FunctionVariant:rmge01-usasm:801a7940	0x801A7940	800	func_801A7940		199c1f2a434a394f59ce18d2ecc55de981f17044c168a752fa02e9afcd5ada14
urn:ure:smg:re_FunctionVariant:rmge01-usasm:801a7c60	0x801A7C60	972	func_801A7C60		349782a2cdd4e1661130f5caf24435feef5fb79061c7823ea7be050a04248774
urn:ure:smg:re_FunctionVariant:rmge01-usasm:801a802c	0x801A802C	16	func_801A802C		6a9b53ad354e7435ac7a808adb81bf6682c08665ca938a5f345d3b6f3a6a85a9
urn:ure:smg:re_FunctionVariant:rmge01-usasm:801a803c	0x801A803C	32	func_801A803C		99f36bf0824d1148fa177f900ed59d150ef74d49888dbfe6fbdbbb84a00c82fb
urn:ure:smg:re_FunctionVariant:rmge01-usasm:801a805c	0x801A805C	72	func_801A805C		6f12fdc937b8ec2d0798b2b816eea25e32a0deb7f2ddaddf0ae63fe7642760ad
urn:ure:smg:re_FunctionVariant:rmge01-usasm:801a80a4	0x801A80A4	92	func_801A80A4		90c690f860f777da0b40b7bc8ab79734c78b223d39c2936bae0464a07fac91ba
urn:ure:smg:re_FunctionVariant:rmge01-usasm:801a8100	0x801A8100	148	func_801A8100		7dd700619354ec5c9f2a422faabfc122b5c536a9adb0bdc676194a18b79a3310
urn:ure:smg:re_FunctionVariant:rmge01-usasm:801a8194	0x801A8194	8	func_801A8194		cc126ad78c8606c9a1acfea662336464e3e0898ba0375a18f28f51431de9db5f
urn:ure:smg:re_FunctionVariant:rmge01-usasm:801a819c	0x801A819C	216	func_801A819C		d8f4284989a2c53a514da88c4aca097d8dda5911a102fd37238db7e0fc33db79
urn:ure:smg:re_FunctionVariant:rmge01-usasm:801a8274	0x801A8274	2172	func_801A8274		1be5f9fbc269ff27f68d5d01e93b3a36b9d999ed952686ff83e270e5a0b4aa00
urn:ure:smg:re_FunctionVariant:rmge01-usasm:801a8af0	0x801A8AF0	104	func_801A8AF0		a482c386a0fb8144d5c9ff31f48bb3a23797686362c00a9fc6039425d34e1ce2
urn:ure:smg:re_FunctionVariant:rmge01-usasm:801a8b58	0x801A8B58	304	func_801A8B58		d549838039853f2a557c0d4f012af5a2e92f4fe707ef277adc9dfddb09dd8d5f
urn:ure:smg:re_FunctionVariant:rmge01-usasm:801a8c88	0x801A8C88	16	func_801A8C88		a15c77921f0f98eed8193bcedd1be409eca9f0ab75bf47dee8bc164c32a0ac07
urn:ure:smg:re_FunctionVariant:rmge01-usasm:801a8c98	0x801A8C98	16	func_801A8C98		eb1b9db1f3983c5510802afda895b533fe0605b42b616d64d78db987f234c4fd
urn:ure:smg:re_FunctionVariant:rmge01-usasm:801a8ca8	0x801A8CA8	16	func_801A8CA8		e2ce8e92344f7100e81d6f7139c5e17a5ca58c6377cf1cd2e63dc70f3d42e0c2
urn:ure:smg:re_FunctionVariant:rmge01-usasm:801a8cb8	0x801A8CB8	16	func_801A8CB8		4908b18ec2c14e9ff193f460a04a990e0dfad9f4f1bb53ec3e41398bbe85fd6a
urn:ure:smg:re_FunctionVariant:rmge01-usasm:801a8cc8	0x801A8CC8	56	func_801A8CC8		e2e1a993a2d15e10c5aa608e3fbbea3c947559d652adde48390ee9f8343933a0
urn:ure:smg:re_FunctionVariant:rmge01-usasm:801a8d00	0x801A8D00	468	func_801A8D00		7c6df99fe2b6819cb6092106ee586d26f40b2be2f3fad5ce53c37d9a82ff928e
urn:ure:smg:re_FunctionVariant:rmge01-usasm:801a8ed4	0x801A8ED4	172	func_801A8ED4		8f64556cbca2821fb18fd681483ec7aed6cdc75f40eb4b53f891f4bbd44b6101
urn:ure:smg:re_FunctionVariant:rmge01-usasm:801a8f80	0x801A8F80	304	func_801A8F80		7914d1f43a418a9ab85aec20f7db81e715a99aeded31965885655c807009da1c
urn:ure:smg:re_FunctionVariant:rmge01-usasm:801a90b0	0x801A90B0	16	func_801A90B0		d312e3eacb3762b8909f0d4dfc97fd01681c1d104712260a173375140d457e98
urn:ure:smg:re_FunctionVariant:rmge01-usasm:801a90c0	0x801A90C0	328	func_801A90C0		ad004e231b43bf03a21f0a30e375d4d0534f06d466275dae374be67ed6c272cd
urn:ure:smg:re_FunctionVariant:rmge01-usasm:801a9208	0x801A9208	1040	func_801A9208		febb2ebd6a397e28a2f87078b51625c2a9a256c4e4c3125437a4b517c622055e
urn:ure:smg:re_FunctionVariant:rmge01-usasm:801a9618	0x801A9618	92	func_801A9618		b5f8d802e02ac9169db0894d6a5841c6a6124118b12bcbf602313a7f19551284
urn:ure:smg:re_FunctionVariant:rmge01-usasm:801a9674	0x801A9674	132	func_801A9674		02b3f44d4d772b194680a44b9173c3f90e0bce72a61107adf5e34ca99abc2235
urn:ure:smg:re_FunctionVariant:rmge01-usasm:801a96f8	0x801A96F8	100	func_801A96F8		03e6f23fe631dd24abeca7e4cb9d55650b0dcd908c545a86fc2be701caae305e
urn:ure:smg:re_FunctionVariant:rmge01-usasm:801a975c	0x801A975C	228	func_801A975C		5108cd83459fdfa2e76bd530e0fc065fd4700d817bf9c33d8f0df659f45030d1
urn:ure:smg:re_FunctionVariant:rmge01-usasm:801a9840	0x801A9840	16	func_801A9840		2e69d25610e6275029146afbc0da273401bdcd6b5256bab2678c0e79e89270ca
urn:ure:smg:re_FunctionVariant:rmge01-usasm:801a9850	0x801A9850	16	func_801A9850		915079c54eac5a95eb17d15f71495f76c14ce7bf0bb804d31a0e5184c9dac9a7
urn:ure:smg:re_FunctionVariant:rmge01-usasm:801a9860	0x801A9860	16	func_801A9860		97b518d211a7c5562bc37c3fb02a5c1d028c6e58c03cd8b79bf045639303f9f4
urn:ure:smg:re_FunctionVariant:rmge01-usasm:801a9870	0x801A9870	48	func_801A9870		8ec173cbae2e5d762f2897fd342d444d1f4075738fdc028f03bd16b2a12140d7
urn:ure:smg:re_FunctionVariant:rmge01-usasm:801a98a0	0x801A98A0	308	func_801A98A0		a7d3095401065b5b0fc49b124e97fdc2c7583606f8377e01978b480d437b3b5b
urn:ure:smg:re_FunctionVariant:rmge01-usasm:801a99d4	0x801A99D4	1000	func_801A99D4		25d80bd745f1b29b8a13584d95343e8f1ef6388e436fb5e1333a5be0ebaf0700
urn:ure:smg:re_FunctionVariant:rmge01-usasm:801a9dbc	0x801A9DBC	16	func_801A9DBC		8a18a8dd5a4acf97143a61c8f4dc13799289ff1c18a257a5e8b57ec873c26c13
urn:ure:smg:re_FunctionVariant:rmge01-usasm:801a9dcc	0x801A9DCC	16	func_801A9DCC		bba49ebbc59555d1d446c1ddb13f1ab08e208fe1baf75bbfd49fde4bf2879088
urn:ure:smg:re_FunctionVariant:rmge01-usasm:801a9ddc	0x801A9DDC	40	func_801A9DDC		77047e50a96343bdfb5cdcd7bfac2fde20576e203e29df9c099d26a906cb947b
urn:ure:smg:re_FunctionVariant:rmge01-usasm:801a9e04	0x801A9E04	668	func_801A9E04		337670e16da0e4c5d197228ed6d676e639c4b8999e817a29072e04a7ec9ab5fd
urn:ure:smg:re_FunctionVariant:rmge01-usasm:801aa0a0	0x801AA0A0	316	func_801AA0A0		c6fe4ae459710b414ef5c44bc8cffcdacb8299185bcb6016d58b43162f61ca5f
urn:ure:smg:re_FunctionVariant:rmge01-usasm:801aa1dc	0x801AA1DC	392	func_801AA1DC		928bb03cc5d11c7956c93d38868f70d99dd1f7cbca6914e0ff865dcb898ed09a
urn:ure:smg:re_FunctionVariant:rmge01-usasm:801aa364	0x801AA364	1616	func_801AA364		74bcb4963f5b69b5195ab04bf96706846e08bb30a3978c176056d06be01ac0c1
urn:ure:smg:re_FunctionVariant:rmge01-usasm:801aa9b4	0x801AA9B4	124	func_801AA9B4		e5afaef641a05540cb684d3068f19065ca2babfd64a508182569453e44b2099f
urn:ure:smg:re_FunctionVariant:rmge01-usasm:801aaa30	0x801AAA30	176	func_801AAA30		e7006e3f6fe890932003d9bc38000e7633b38191470abc5121878aee2c48fe1b
urn:ure:smg:re_FunctionVariant:rmge01-usasm:801aaae0	0x801AAAE0	104	func_801AAAE0		7de4a80f768d74f225237eed98129cd43ad9713ee9afef34ac8f34036d6fb507
urn:ure:smg:re_FunctionVariant:rmge01-usasm:801aab48	0x801AAB48	2416	func_801AAB48		83dc8e3b37b418cfd2142a55a1b6f26aae98db908c4be72d5d1594c9d98bf077
urn:ure:smg:re_FunctionVariant:rmge01-usasm:801ab4b8	0x801AB4B8	16	func_801AB4B8		7234cda6012e6f412ff7ac9f518bd25e757831b0f9230c3c34550749fcfb3f3b
urn:ure:smg:re_FunctionVariant:rmge01-usasm:801ab4c8	0x801AB4C8	16	func_801AB4C8		273ee2598f5dd112bb50acb7a1e46d359c11618c6616a3a844cb156c774a73a9
urn:ure:smg:re_FunctionVariant:rmge01-usasm:801ab4d8	0x801AB4D8	16	func_801AB4D8		1ed888f03b31d40f73757f152cf20c7d437613a95a610506a61c2cad0931bc6e
urn:ure:smg:re_FunctionVariant:rmge01-usasm:801ab4e8	0x801AB4E8	16	func_801AB4E8		fa9e33f31cf87ced0767a36fbe61311a076f23b2da3419150ba92a6994da70f9
urn:ure:smg:re_FunctionVariant:rmge01-usasm:801ab4f8	0x801AB4F8	16	func_801AB4F8		bcbaade171448cd3e5d7230f442469ac474b9690aae730c7fcb38609bccb6839
urn:ure:smg:re_FunctionVariant:rmge01-usasm:801ab508	0x801AB508	16	func_801AB508		76c68c21bb2f4a5784ac0d26eca6fd0376958d9f115c3307e69ad035f0a31a38
urn:ure:smg:re_FunctionVariant:rmge01-usasm:801ab518	0x801AB518	16	func_801AB518		89c727af649199c45e753af2beb6944b32c2ef65dace8ff2b4c870a7525e4daf
urn:ure:smg:re_FunctionVariant:rmge01-usasm:801ab528	0x801AB528	16	func_801AB528		9d5864f2764f798f76a4daa2fb2c5af07de8dc4516cc19ead55fcab5f84c2cd6
urn:ure:smg:re_FunctionVariant:rmge01-usasm:801ab538	0x801AB538	16	func_801AB538		77b39e8317c2743ef3818d196e3f8a9cdb561f4a2035aabef6904797e4b7bf72
urn:ure:smg:re_FunctionVariant:rmge01-usasm:801ab548	0x801AB548	16	func_801AB548		2b10d51334577164b6a3940665e424ec15252035fa92fe69dbad7e1d073ec94d
urn:ure:smg:re_FunctionVariant:rmge01-usasm:801ab558	0x801AB558	160	func_801AB558		0e453d3347bf21e24e8b05dcd7bd94425c3be656737dab7bf16f016002ed7af4
urn:ure:smg:re_FunctionVariant:rmge01-usasm:801ab5f8	0x801AB5F8	400	func_801AB5F8		794979d3140f3b8663f9c3b1c432c07b2f5914415af08b43ab207523956bda13
urn:ure:smg:re_FunctionVariant:rmge01-usasm:801ab788	0x801AB788	744	func_801AB788		c86b86ba0138de12a3f632b60ff75fa9b47eb584476e8173d55c4c8f1edc5c90
urn:ure:smg:re_FunctionVariant:rmge01-usasm:801aba70	0x801ABA70	164	func_801ABA70		04296860f76dc5f5f9e3412e190656b015987fb2fc692f2dd9b8dc9cad4f6fce
urn:ure:smg:re_FunctionVariant:rmge01-usasm:801abb14	0x801ABB14	148	func_801ABB14		b2095cda9b52bd7f7373207817adb891e85f94a6648fc9a0d902ec5000469cc4
urn:ure:smg:re_FunctionVariant:rmge01-usasm:801abba8	0x801ABBA8	92	func_801ABBA8		f2367d6b6f0c52549f3f895e43832bccdc08b6eff33a95347234cebe736add53
urn:ure:smg:re_FunctionVariant:rmge01-usasm:801abc04	0x801ABC04	1160	func_801ABC04		aaae4137c48aa141a17c6c821a3ac10b7419c8f4defbc07f937a6832817a4eb2
urn:ure:smg:re_FunctionVariant:rmge01-usasm:801ac08c	0x801AC08C	16	func_801AC08C		e9d2d21c139271e2332598a758205f5dd166be6113529de967c1cb0a65afc20e
urn:ure:smg:re_FunctionVariant:rmge01-usasm:801ac09c	0x801AC09C	16	func_801AC09C		e41ef778b156d73cd34a575cecaf9abf399a3d8dc5665995255309c6204545ae
urn:ure:smg:re_FunctionVariant:rmge01-usasm:801ac0ac	0x801AC0AC	16	func_801AC0AC		8773f628d4278d2c5479fdffffd3660b4cee5e37c2c83c01205d00d4a7917c5d
urn:ure:smg:re_FunctionVariant:rmge01-usasm:801ac0bc	0x801AC0BC	16	func_801AC0BC		034d0cc963ba0cc730defba8e8472dca7a554c01e3e7bc9f743067e2b93f3cb4
urn:ure:smg:re_FunctionVariant:rmge01-usasm:801ac0cc	0x801AC0CC	56	func_801AC0CC		5612c4907a158992a5ce121c8210cc5d6bef0eca80184e6df85f85143125d52e
urn:ure:smg:re_FunctionVariant:rmge01-usasm:801ac104	0x801AC104	64	func_801AC104		19cad5e8f21371ab5b207a4cae880e86beb58e9599663280f1ffb310908cc639
urn:ure:smg:re_FunctionVariant:rmge01-usasm:801ac144	0x801AC144	80	func_801AC144		e81dff09cb0fd58903719de543a801ab2a68ab4f30343ad39f29f8e9431da32c
urn:ure:smg:re_FunctionVariant:rmge01-usasm:801ac194	0x801AC194	1132	func_801AC194		67e8878c2586d20e6658bb8e793ec50c13e39191fe92e49465436f3f5c2f00c4
urn:ure:smg:re_FunctionVariant:rmge01-usasm:801ac600	0x801AC600	88	func_801AC600		2186e54d770574991ac0d888ae3121450c8ef53a4e94e3d4030f92e0a89edb5d
urn:ure:smg:re_FunctionVariant:rmge01-usasm:801ac658	0x801AC658	428	func_801AC658		64529d3f2162dbfd03456880ea4b414b00678e7e4c35d30cf4d04a328dc721d9
urn:ure:smg:re_FunctionVariant:rmge01-usasm:801ac804	0x801AC804	16	func_801AC804		fc15b50045392d8835d16fac8cd91a8e5a67dcb7e26320efb8d89da0033dbec5
urn:ure:smg:re_FunctionVariant:rmge01-usasm:801ac814	0x801AC814	32	func_801AC814		14087176d60d9c568532e6cc08c1b5e498021b6b307d62ded94973a6fe54b8d7
urn:ure:smg:re_FunctionVariant:rmge01-usasm:801ac834	0x801AC834	308	func_801AC834		64993e678a0b14ca92b608afd8343b44d589f336a1da7fd3c73eb5e0f41cc601
urn:ure:smg:re_FunctionVariant:rmge01-usasm:801ac968	0x801AC968	680	func_801AC968		2cccba7e83e08d56a1d12a1e9af5b87784a3b0b49d8c95756cdae3b1bc3c6fa9
urn:ure:smg:re_FunctionVariant:rmge01-usasm:801acc10	0x801ACC10	156	func_801ACC10		66433d944315a510b417ab0666342a991471ef5af9cb4f405c2077c1262ef420
urn:ure:smg:re_FunctionVariant:rmge01-usasm:801accac	0x801ACCAC	1560	func_801ACCAC		2cea1f1b26ac9cf73439ca2539d30d528f8eb69a0a72ba0d8f3fa30df1d1e311
urn:ure:smg:re_FunctionVariant:rmge01-usasm:801ad2c4	0x801AD2C4	16	func_801AD2C4		2f274817cc75af0c7bac55cf51d724c710c789942d349f843c74534e34809210
urn:ure:smg:re_FunctionVariant:rmge01-usasm:801ad2d4	0x801AD2D4	16	func_801AD2D4		1ac86984e4a75512c180bbeb54b6c761e68568edecb08443353c8df373438cd1
urn:ure:smg:re_FunctionVariant:rmge01-usasm:801ad2e4	0x801AD2E4	16	func_801AD2E4		0281642ba9a1e1692e16ad88ebabc6b60c1be614e24a89be8520da07789f7d54
urn:ure:smg:re_FunctionVariant:rmge01-usasm:801ad2f4	0x801AD2F4	16	func_801AD2F4		eafc50c7ecd14a308f8b3427c75777f59ecf1886ae617545cafc44310f79c6d3
urn:ure:smg:re_FunctionVariant:rmge01-usasm:801ad304	0x801AD304	16	func_801AD304		459f2733c61d7860f78d8eb95373e2b48205225822690f9a36c9e05a7f6e0b0a
urn:ure:smg:re_FunctionVariant:rmge01-usasm:801ad314	0x801AD314	16	func_801AD314		2855f3835397694c61c108fe0743abf93e7c215bd77df8b598ccfed8cc381892
urn:ure:smg:re_FunctionVariant:rmge01-usasm:801ad324	0x801AD324	16	func_801AD324		61a30eec860f3ed7ccb68d931c806ec3fccf54960dc416d3902e6d3c4d52c411
urn:ure:smg:re_FunctionVariant:rmge01-usasm:801ad334	0x801AD334	16	func_801AD334		3ffb9b2976f92db205a822d017cf18dbf445c232bd191e6f6c8898d7b21edc5b
urn:ure:smg:re_FunctionVariant:rmge01-usasm:801ad344	0x801AD344	16	func_801AD344		bb13ff21ad3bedcf8d4bf2760a4afbee42ddc5928c198f12ef6529d8e55a6efb
urn:ure:smg:re_FunctionVariant:rmge01-usasm:801ad354	0x801AD354	148	func_801AD354		7a2042e6ccc52cc41ff77d71273176f83a6e552de548decde801f5f221c9be84
urn:ure:smg:re_FunctionVariant:rmge01-usasm:801ad3e8	0x801AD3E8	520	func_801AD3E8		d96d7da0b290f7cbf6f7b5e6b4d4494073cb0a4d7874a52044e5190ab73ac1ec
urn:ure:smg:re_FunctionVariant:rmge01-usasm:801ad5f0	0x801AD5F0	168	func_801AD5F0		507bfa182c8c3e7c9783e94583ee00be3615792726ab61e0ca98761c951ea07f
urn:ure:smg:re_FunctionVariant:rmge01-usasm:801ad698	0x801AD698	60	func_801AD698		46414d13a1a22830036bee23800c69b495fb90a6afc61e26a6831c3bc0f6bf66
urn:ure:smg:re_FunctionVariant:rmge01-usasm:801ad6d4	0x801AD6D4	232	func_801AD6D4		66c37c93aff2555b69559bae3ee0c893a3f71cd108b600b5f7a507160dcf6a9e
urn:ure:smg:re_FunctionVariant:rmge01-usasm:801ad7bc	0x801AD7BC	352	func_801AD7BC		34a3196ad10fe26c559a4a1c4573cf48d69386f80e503fce8e6d0f769739b4ec
urn:ure:smg:re_FunctionVariant:rmge01-usasm:801ad91c	0x801AD91C	496	func_801AD91C		0c648a9ea319626eaeb29fff8b4ed007defee9c875c6a92d10d12d34ca6ab166
urn:ure:smg:re_FunctionVariant:rmge01-usasm:801adb0c	0x801ADB0C	488	func_801ADB0C		cba2fdbea226e772939db9287c7726370c0e4fc91199bb689b71a037146f9a01
urn:ure:smg:re_FunctionVariant:rmge01-usasm:801adcf4	0x801ADCF4	144	func_801ADCF4		8034bff0fcfabf58364a2b3438c58a442673612861abedf0a025b82d4b11101c
urn:ure:smg:re_FunctionVariant:rmge01-usasm:801add84	0x801ADD84	264	func_801ADD84		c62c0f12d3f12fa9ece63f4048c8a3320f073a5088defc6ffe3e8f462e19ae72
urn:ure:smg:re_FunctionVariant:rmge01-usasm:801ade8c	0x801ADE8C	700	func_801ADE8C		a0511c1c147de6cb0b010aaed61a3df09a87b8e75f31f79c03b6d6e909901c8c
urn:ure:smg:re_FunctionVariant:rmge01-usasm:801ae148	0x801AE148	1688	func_801AE148		e833e7ffa44c3c393bfdd89c408c2194d76f1a930c9bf6d111be66741fd5ea6e
urn:ure:smg:re_FunctionVariant:rmge01-usasm:801ae7e0	0x801AE7E0	16	func_801AE7E0		8e2df1fa81e408bee57c56ae7736f832844887d197fbf57b11400aea8c40967c
urn:ure:smg:re_FunctionVariant:rmge01-usasm:801ae7f0	0x801AE7F0	16	func_801AE7F0		0b83a560905f31605de5a1c23ca1b19a9948f0a8277d204cd52875bc91107355
urn:ure:smg:re_FunctionVariant:rmge01-usasm:801ae800	0x801AE800	16	func_801AE800		e6375e233c065bce81085258a32669f776176e7d3288d3b6cff8bf9fac692a30
urn:ure:smg:re_FunctionVariant:rmge01-usasm:801ae810	0x801AE810	16	func_801AE810		ecbe700a83fc295acf09755b6440adcf2808b67417c0133e36135af296924ccb
urn:ure:smg:re_FunctionVariant:rmge01-usasm:801ae820	0x801AE820	16	func_801AE820		99ff1707baa20a8bf02d58895c18a800939eacae626b9aa5475f58f6fd414251
urn:ure:smg:re_FunctionVariant:rmge01-usasm:801ae830	0x801AE830	16	func_801AE830		c90c8ffa400bbdd5f5f3310f462af72bfa9ac979ea0e50f1f9e255d5c754c51a
urn:ure:smg:re_FunctionVariant:rmge01-usasm:801ae840	0x801AE840	16	func_801AE840		e41393c8043615b6f91367d29c179b6291d3ced97010703d7b6823c2d6954b4b
urn:ure:smg:re_FunctionVariant:rmge01-usasm:801ae850	0x801AE850	76	func_801AE850		becc4a0938e1349236e47b4dba6ca18c1d28e342ec2cd603e771bc57554693f1
urn:ure:smg:re_FunctionVariant:rmge01-usasm:801ae89c	0x801AE89C	492	func_801AE89C		f3978934d7d3670451791775e2549cc0341e2c00937c3fde02bf71a5fde51640
urn:ure:smg:re_FunctionVariant:rmge01-usasm:801aea88	0x801AEA88	1892	func_801AEA88		397c07578cf71fa5e4195e1a3275a1079d2cdc5e20e44c4124305583c20d499e
urn:ure:smg:re_FunctionVariant:rmge01-usasm:801af1ec	0x801AF1EC	112	func_801AF1EC		625f2caf8c4bc270941ee0cc5d477adb4dd511e458b9b2beef32cb5644c0dc07
urn:ure:smg:re_FunctionVariant:rmge01-usasm:801af25c	0x801AF25C	116	func_801AF25C		658451f1e8aaa38e2abb0b55ca7b6fa2c9080b07bc12170d63cb9314e8050ae6
urn:ure:smg:re_FunctionVariant:rmge01-usasm:801af2d0	0x801AF2D0	260	func_801AF2D0		166e170a181460c481b7dcf9f051925ff0add9a7044a66242dbd79143c416650
urn:ure:smg:re_FunctionVariant:rmge01-usasm:801af3d4	0x801AF3D4	212	func_801AF3D4		3b00a34a65f4ef1413844f6f172b1a1806f54756d6200e0920f9c32d3575a2bc
urn:ure:smg:re_FunctionVariant:rmge01-usasm:801af4a8	0x801AF4A8	152	func_801AF4A8		3d0e8d0c19442fb9567d4d6de3131d33bd5d4ae178ebafae466caca7158ab3a5
urn:ure:smg:re_FunctionVariant:rmge01-usasm:801af540	0x801AF540	104	func_801AF540		7fe0020615985adad9864d3be13b69af2a59655d33a5cdd51c9d3d3f06efacd0
urn:ure:smg:re_FunctionVariant:rmge01-usasm:801af5a8	0x801AF5A8	124	func_801AF5A8		a9707abe9234ccb8deb85881455ebd53854ced776c55ff448132dbfb002393ae
urn:ure:smg:re_FunctionVariant:rmge01-usasm:801af624	0x801AF624	160	func_801AF624		311be39db4f6228dd12e075468e1e9b1418d7472220b84b24c1f0e98c7b2e66c
urn:ure:smg:re_FunctionVariant:rmge01-usasm:801af6c4	0x801AF6C4	328	func_801AF6C4		3677bcbae8131beb5307a716e0945053a02189d1d11c51fa592e452a0a0786fb
urn:ure:smg:re_FunctionVariant:rmge01-usasm:801af80c	0x801AF80C	16	func_801AF80C		a2fed48433f2ccba33c04c8c9c93ac02660986df0036c33e36b0c836ff4691df
urn:ure:smg:re_FunctionVariant:rmge01-usasm:801af81c	0x801AF81C	16	func_801AF81C		aae80d3af2f9afa3c43adecdea9f062ab659e7900b823f50038ccd28c2e9a9a6
urn:ure:smg:re_FunctionVariant:rmge01-usasm:801af82c	0x801AF82C	16	func_801AF82C		9bfbac64faa67dbe2eff7079d855585d2a5c3a85a8e80fac15fb6a5ce8d19650
urn:ure:smg:re_FunctionVariant:rmge01-usasm:801af83c	0x801AF83C	16	func_801AF83C		e247958e7042fdd07bf47cde8467881a3a82fcf702efd4c99956ddfdf3aded17
urn:ure:smg:re_FunctionVariant:rmge01-usasm:801af84c	0x801AF84C	56	func_801AF84C		39ff767acd2d314c41fa0eeecc675e6d791e7217c76c71b42d0a74db35c2fc35
urn:ure:smg:re_FunctionVariant:rmge01-usasm:801af884	0x801AF884	408	func_801AF884		6cf2bc12c76bb7b29d63aa4d79de3304b7ec227889738351a34c7c84d6e72fbe
urn:ure:smg:re_FunctionVariant:rmge01-usasm:801afa1c	0x801AFA1C	636	func_801AFA1C		2467378cbf254d4e6b51e36536e601ce9216b2e95b544b4af3bec2c0452a0129
urn:ure:smg:re_FunctionVariant:rmge01-usasm:801afc98	0x801AFC98	252	func_801AFC98		0d6c899e32c0d7c4d6a5def4862c75bc1f645637572604897790ff1d4375548a
urn:ure:smg:re_FunctionVariant:rmge01-usasm:801afd94	0x801AFD94	148	func_801AFD94		c0e4414d996e349eb94398b255e9fa3f77dcef46e540b41bd3323457c06d09df
urn:ure:smg:re_FunctionVariant:rmge01-usasm:801afe28	0x801AFE28	116	func_801AFE28		7a104831ee8a62129a1fd0c3c1a9fcbf9ddc1fc05831e4aee9d17ae2a2a6b789
urn:ure:smg:re_FunctionVariant:rmge01-usasm:801afe9c	0x801AFE9C	116	func_801AFE9C		75d0a9c92b76570f0c82fcc835fe194c50837c17f73ac99480ebece157eb059e
urn:ure:smg:re_FunctionVariant:rmge01-usasm:801aff10	0x801AFF10	88	func_801AFF10		e72f9c670ca6e6a7ab19b96bf310dbe495ebacd4be9d55c3d5b078bd72441e68
urn:ure:smg:re_FunctionVariant:rmge01-usasm:801aff68	0x801AFF68	48	func_801AFF68		1e79fc59344f5cbbf693d55d2eb28d71870cdae775382b4df7de1a02a195e9b5
urn:ure:smg:re_FunctionVariant:rmge01-usasm:801aff98	0x801AFF98	196	func_801AFF98		6d331ee68476948ebdf588a583e244d1ec2125ff86cdec43017b4227d307afbc
urn:ure:smg:re_FunctionVariant:rmge01-usasm:801b005c	0x801B005C	72	func_801B005C		c85f2ea784b5727dcf3acd64264fda79d2e06ec62d1d64262fddb995cd0ec3da
urn:ure:smg:re_FunctionVariant:rmge01-usasm:801b00a4	0x801B00A4	628	func_801B00A4		fad10aade6c023996743175f6ab6fde0b514aa36aca3a06f471f5e6709cb1b66
urn:ure:smg:re_FunctionVariant:rmge01-usasm:801b0318	0x801B0318	268	func_801B0318		8eac28e1b7c5d24869d7d426329a1b4a5d9d684b7fbce2cf5f1a8a8160f23eed
urn:ure:smg:re_FunctionVariant:rmge01-usasm:801b0424	0x801B0424	140	func_801B0424		c223a8d15f592974aec6b35c1e804a89620cf78e5474d0324446de764499119f
urn:ure:smg:re_FunctionVariant:rmge01-usasm:801b04b0	0x801B04B0	380	func_801B04B0		37b22b4117c6d0f3df626872108f487433f286b51ccccf77216926ad7374fefe
urn:ure:smg:re_FunctionVariant:rmge01-usasm:801b062c	0x801B062C	1340	func_801B062C		5413cc0f126c7d6d519bd5eba72414a3eb834fc4f150fe5e14f298c732400be0
urn:ure:smg:re_FunctionVariant:rmge01-usasm:801b0b68	0x801B0B68	808	func_801B0B68		8732af207d809db713598210cd516e93384639c920b625a1243cee574ca80776
urn:ure:smg:re_FunctionVariant:rmge01-usasm:801b0e90	0x801B0E90	16	func_801B0E90		3efee3d4299e96be9ec8129a0ff51ad48cd568c75482db0d9017e72d5e27896e
urn:ure:smg:re_FunctionVariant:rmge01-usasm:801b0ea0	0x801B0EA0	16	func_801B0EA0		969fa0d91c6af148c35b6fbd9aa0dd20c34ffb1f5622251edf3d0947313f57c9
urn:ure:smg:re_FunctionVariant:rmge01-usasm:801b0eb0	0x801B0EB0	40	func_801B0EB0		2c879a45e4d36808e7ce500483e718a4dba6b5a7e9e29c91a56313158809ebae
urn:ure:smg:re_FunctionVariant:rmge01-usasm:801b0ed8	0x801B0ED8	608	func_801B0ED8		aa1e09786486bad32f0c1f7dd2804b7f2ec86685ef67bcd0fadb207214d24003
urn:ure:smg:re_FunctionVariant:rmge01-usasm:801b1138	0x801B1138	1636	func_801B1138		c5717c7c72c87f23e7c678060280ad9b757171e4358c2233a67e7337a886230f
urn:ure:smg:re_FunctionVariant:rmge01-usasm:801b179c	0x801B179C	16	func_801B179C		b64acc1d974b7e47fab91a343aca801044744a4a09e2f21562c209efb9bdde70
urn:ure:smg:re_FunctionVariant:rmge01-usasm:801b17ac	0x801B17AC	16	func_801B17AC		9ffec6f4ed2ef28d32fbdf2d7f3f9911ac1512caef1f44231105d71d82819924
urn:ure:smg:re_FunctionVariant:rmge01-usasm:801b17bc	0x801B17BC	16	func_801B17BC		05da8c9a2d79aa57178c1c8201d21cabb829adf9ece31c040fed70c3f556231d
urn:ure:smg:re_FunctionVariant:rmge01-usasm:801b17cc	0x801B17CC	108	func_801B17CC		36eea425ed63d847c8f53afd4c5c7c3c4c5ac9b7b402677e1945e00a7f581e16
urn:ure:smg:re_FunctionVariant:rmge01-usasm:801b1838	0x801B1838	1532	func_801B1838		47f5187f277033cd78e0fd55632131a5b9ef6426f8b756950999a9270e25d897
urn:ure:smg:re_FunctionVariant:rmge01-usasm:801b1e34	0x801B1E34	16	func_801B1E34		41c8b7b1efbbfc0fb8aa07c6de3a90ada5caecb1c4f11f09e284b518bcf0fa94
urn:ure:smg:re_FunctionVariant:rmge01-usasm:801b1e44	0x801B1E44	16	func_801B1E44		ae35c2bdf8bd77586439dfab95b9f4533124998a0567e342cea8bb85c976b838
urn:ure:smg:re_FunctionVariant:rmge01-usasm:801b1e54	0x801B1E54	48	func_801B1E54		41af22876eca4a06c558ff02bd339ab7ad313e26cef4a7b1db59e83710000cbd
urn:ure:smg:re_FunctionVariant:rmge01-usasm:801b1e84	0x801B1E84	740	func_801B1E84		6b10ca6d70ee97b1f3f19e13fee9709fe648f7dc5a1fd759680ad0b517b36461
urn:ure:smg:re_FunctionVariant:rmge01-usasm:801b2168	0x801B2168	16	func_801B2168		ad2f05cf936d07878c379928d5113b72ed92d3e626c885b6eea5642f8efc0713
urn:ure:smg:re_FunctionVariant:rmge01-usasm:801b2178	0x801B2178	16	func_801B2178		7edd6e3b103d136668bed3eea6d967b7007f5dece83caa9ca2fd05adfdd055ae
urn:ure:smg:re_FunctionVariant:rmge01-usasm:801b2188	0x801B2188	32	func_801B2188		ab327e9ebb29fd3fa946d89e67e93216eaf03426073294a6d7ea9ae7e80cd5d9
urn:ure:smg:re_FunctionVariant:rmge01-usasm:801b21a8	0x801B21A8	764	func_801B21A8		19817130cd43eb9cde7693ed1a7703953bface524fe2ca59fd7c38469e374f86
urn:ure:smg:re_FunctionVariant:rmge01-usasm:801b24a4	0x801B24A4	460	func_801B24A4		c21cd4481543f1f745077fbbe0d27d7cc8c478ae62228fd2fa62bc35e570ec0b
urn:ure:smg:re_FunctionVariant:rmge01-usasm:801b2670	0x801B2670	384	func_801B2670		dfa7712d218cdb41b69feeb26aa9e1fa3038baea154bcf9f745bf7938844d9e6
urn:ure:smg:re_FunctionVariant:rmge01-usasm:801b27f0	0x801B27F0	2252	func_801B27F0		be8d25cd4bcce09f8616f2b3ff2074b1fce5874b8aabc146e1c72a8dfdaa5a96
urn:ure:smg:re_FunctionVariant:rmge01-usasm:801b30bc	0x801B30BC	16	func_801B30BC		ae58d5a4f63976739129815932d294337e67f73e775fb89bc2e623249e9253af
urn:ure:smg:re_FunctionVariant:rmge01-usasm:801b30cc	0x801B30CC	16	func_801B30CC		9f12db11352a4feb77e9a69daf2b24a642966711788ad69c0deb5674d9feac8d
urn:ure:smg:re_FunctionVariant:rmge01-usasm:801b30dc	0x801B30DC	16	func_801B30DC		bb3ce8c1e366a9b80212e33082974dfc435cd1a0556d666c22789dc4344e5b2c
urn:ure:smg:re_FunctionVariant:rmge01-usasm:801b30ec	0x801B30EC	16	func_801B30EC		234aa47846faa9b8ebb329454ef80e0db7365b1ab1028572b0a8b8808e73ec89
urn:ure:smg:re_FunctionVariant:rmge01-usasm:801b30fc	0x801B30FC	124	func_801B30FC		e7af8ab43175c7f334ece85b28928b21c294d8984119ba6a6c81caba369069d4
urn:ure:smg:re_FunctionVariant:rmge01-usasm:801b3178	0x801B3178	1760	func_801B3178		5375da9b5411b7f7925144ca85619e6cfa1ff71473951d1e3bdeb3238beffd56
urn:ure:smg:re_FunctionVariant:rmge01-usasm:801b3858	0x801B3858	812	func_801B3858		93711ca076ec3e6578506f8a57212895adf5d1aa312938e348a19daf2c251e3b
urn:ure:smg:re_FunctionVariant:rmge01-usasm:801b3b84	0x801B3B84	324	func_801B3B84		e2a6477ca5567b562d69e452011ac6ef76d1df9ec7b54b057e21de7d986951e0
urn:ure:smg:re_FunctionVariant:rmge01-usasm:801b3cc8	0x801B3CC8	2164	func_801B3CC8		8729d47fc0848349fc48d7b6886486d61803f33c514c6fd19b29c1fc352f86b4
urn:ure:smg:re_FunctionVariant:rmge01-usasm:801b453c	0x801B453C	244	func_801B453C		e065c07ab164a8eeb40efbaa2937efa130ba77cb9ec285b440c14c91d876829f
urn:ure:smg:re_FunctionVariant:rmge01-usasm:801b4630	0x801B4630	556	func_801B4630		0b02cc599fdd68a243a4c5674fbd67afe5cee9b6ac09351fb83625ccdb13144e
urn:ure:smg:re_FunctionVariant:rmge01-usasm:801b4e2c	0x801B4E2C	1028	func_801B4E2C		4a226e7fceef14bec5055c5d6bb6cdba901706675dc59dccbffdcf944f432a60
urn:ure:smg:re_FunctionVariant:rmge01-usasm:801b5454	0x801B5454	524	func_801B5454		f9287e143394a29541d2333eacd59962acb912626f68cf814381f58cfc45ca0b
urn:ure:smg:re_FunctionVariant:rmge01-usasm:801b5660	0x801B5660	36	func_801B5660		1e891df749560ee8364c3b931e90dbbc85044b2e9afabfa3cce221bd124c04b7
urn:ure:smg:re_FunctionVariant:rmge01-usasm:801b5684	0x801B5684	352	func_801B5684		499e066d2ac896d91593d911b8246e4b5556396aa05e0dc71cbd1d0f5b87c590
urn:ure:smg:re_FunctionVariant:rmge01-usasm:801b57e4	0x801B57E4	192	func_801B57E4		59dc5558f2f05844c3d14287bdf64417edd38571d7f2f0fedd7fb32a86d5f506
urn:ure:smg:re_FunctionVariant:rmge01-usasm:801b58a4	0x801B58A4	4	func_801B58A4		cbd6ec9dcdd56e595d62ed48c94e2d6ca2f496c7c1ca683b07692aef0bad207d
urn:ure:smg:re_FunctionVariant:rmge01-usasm:801b58a8	0x801B58A8	140	func_801B58A8		20824c88b4892cb2a19dace4898dc13b55527027c38232613e2cbe40d3a3a6a6
urn:ure:smg:re_FunctionVariant:rmge01-usasm:801b5934	0x801B5934	256	func_801B5934		aa23493df032effb05a7cada53d1821b70f056d3d651d3adc6e9ef65767e0209
urn:ure:smg:re_FunctionVariant:rmge01-usasm:801b5a34	0x801B5A34	464	func_801B5A34		2082ceb3abc6d4a145c2a3eba42525b336095e9b4a964fdd4afe7758e9f15161
urn:ure:smg:re_FunctionVariant:rmge01-usasm:801b5c04	0x801B5C04	400	func_801B5C04		6b2c3f210c0b2ce96018133bac77adf1d92d1568e263cbd28d817551c3c2045a
urn:ure:smg:re_FunctionVariant:rmge01-usasm:801b5d94	0x801B5D94	8	func_801B5D94		fab91cd52eeb64feaaba001f6898f1d230704b8e6d1b10bb40d46f6fdadba847
urn:ure:smg:re_FunctionVariant:rmge01-usasm:801b5d9c	0x801B5D9C	288	func_801B5D9C		298b18f1e71ca415bbf67ef44833a40c7a44c4d271c31f1af239ddd6be49192c
urn:ure:smg:re_FunctionVariant:rmge01-usasm:801b5ebc	0x801B5EBC	660	func_801B5EBC		370890b20b79f6e1d15778c1d7b0213590387f52aa43f401d2e9822c50e2660e
urn:ure:smg:re_FunctionVariant:rmge01-usasm:801b6150	0x801B6150	624	func_801B6150		32bb610bc015c6564c31b47a7b19eb7cfef037f4194c52be2af194615c3e7f3f
urn:ure:smg:re_FunctionVariant:rmge01-usasm:801b63c0	0x801B63C0	16	func_801B63C0		3400cd81f0f8e20a4c9dc89849112765b4b998a148eae91c21c8761622ba40b3
urn:ure:smg:re_FunctionVariant:rmge01-usasm:801b63d0	0x801B63D0	32	func_801B63D0		9562e10e4b7e75488d1cad545fe1d99e4cc2a4e85238972f26fafad247974ea1
urn:ure:smg:re_FunctionVariant:rmge01-usasm:801b63f0	0x801B63F0	308	func_801B63F0		ad640dd5759d62f56db7b23810e29546d270804570ded421b443fc96cf7cc7de
urn:ure:smg:re_FunctionVariant:rmge01-usasm:801b6524	0x801B6524	440	func_801B6524		44c298d6f49d80b99fe3774e8748883b8d914244ec6eb03e8f026933f28818e5
urn:ure:smg:re_FunctionVariant:rmge01-usasm:801b66dc	0x801B66DC	80	func_801B66DC		aeaf3b4e4eb2477ab42a1debba8e5e8b05b0b8f811d0fc945c1ce6bf5d17626a
urn:ure:smg:re_FunctionVariant:rmge01-usasm:801b672c	0x801B672C	212	func_801B672C		44d8fc8fb8ffa39e3f25bca1d09b7c16d8280db505b35a18d03b23922c358c39
urn:ure:smg:re_FunctionVariant:rmge01-usasm:801b6800	0x801B6800	64	func_801B6800		fce3e66e5f80c062054b4391f5f861e281ae3437e1ed2ae9e02210eb76c76f8d
urn:ure:smg:re_FunctionVariant:rmge01-usasm:801b6840	0x801B6840	348	func_801B6840		8c53070a06570c2a1d2b773e126079db595b4de04cce7a65a7354a7ea7d78670
urn:ure:smg:re_FunctionVariant:rmge01-usasm:801b699c	0x801B699C	8	func_801B699C		9d38add354dfd29afccc33a6874ea47ba8aade5f0606985a72d3c5fb0a8c1889
urn:ure:smg:re_FunctionVariant:rmge01-usasm:801b69a4	0x801B69A4	228	func_801B69A4		3938783293048f84e528d9fb77c15160775dbc6832beb7ead87bfef5284905d5
urn:ure:smg:re_FunctionVariant:rmge01-usasm:801b6a88	0x801B6A88	60	func_801B6A88		d965ca23f1f7d9415adf76d1ccec1bea66755b536e2291f80a1c4d75bc613a90
urn:ure:smg:re_FunctionVariant:rmge01-usasm:801b6ac4	0x801B6AC4	268	func_801B6AC4		071ffdf26739b25e385df8f2a6149776df7256f93a54949ed78f665da001b35f
urn:ure:smg:re_FunctionVariant:rmge01-usasm:801b6bd0	0x801B6BD0	476	func_801B6BD0		c4cc98a9c8c91e06a256ec398d34f58bea7b7a2863708cd44665558b490994c8
urn:ure:smg:re_FunctionVariant:rmge01-usasm:801b6dac	0x801B6DAC	640	func_801B6DAC		4d35cef36bf461760e4a1e686ee1f9b91a6f465997295c82c20783a2d6d75dd0
urn:ure:smg:re_FunctionVariant:rmge01-usasm:801b702c	0x801B702C	380	func_801B702C		18db46e7e1246735acb7f2ee849ee26222d03faff20fa61cca1bd67b5ba7cf97
urn:ure:smg:re_FunctionVariant:rmge01-usasm:801b71a8	0x801B71A8	584	func_801B71A8		1ad2251337a2c7846adced205541c3abf7c99ca8f1e466b012ec7f7b8e54567c
urn:ure:smg:re_FunctionVariant:rmge01-usasm:801b73f0	0x801B73F0	144	func_801B73F0		48561e7e955a3d75caeeb0b085c3dd383b658b773abae417087e1e20f8efd898
urn:ure:smg:re_FunctionVariant:rmge01-usasm:801b7480	0x801B7480	900	func_801B7480		4683a8bc9a3631a7c5b1e20b14f57b11e287c42af92b3de0c647f3891fc95c91
urn:ure:smg:re_FunctionVariant:rmge01-usasm:801b7804	0x801B7804	16	func_801B7804		6397a3c344788d7566bf99d6afb8a88031174033d6f07248f89ab6f9537d910d
urn:ure:smg:re_FunctionVariant:rmge01-usasm:801b7814	0x801B7814	16	func_801B7814		ea8c53a48a461ec84d91bca96de4784ffbab2c41f8b912a82a69541ae0ad7798
urn:ure:smg:re_FunctionVariant:rmge01-usasm:801b7824	0x801B7824	356	func_801B7824		65c99672b8f5c9dd0f48e5598621ce87200742c4b44de44dc468a124b1095ab5
urn:ure:smg:re_FunctionVariant:rmge01-usasm:801b7988	0x801B7988	72	func_801B7988		4004eef69da0bae429f47cf949e8b914d52cd586d9eca5a85fcff11f1723a99a
urn:ure:smg:re_FunctionVariant:rmge01-usasm:801b79d0	0x801B79D0	92	func_801B79D0		bddc21cba31903f097754299e9bb9ed9020882722c3cba0927e53dec0f23e385
urn:ure:smg:re_FunctionVariant:rmge01-usasm:801b7a2c	0x801B7A2C	328	func_801B7A2C		e08d7b5939cc36dcb6948ec8deae8bd1f75b9b25ada52e90688b1171160fd167
urn:ure:smg:re_FunctionVariant:rmge01-usasm:801b7b74	0x801B7B74	8	func_801B7B74		c89019e7beb3d3075afcdd9b9fd2a11c288b74b6f057d34d82aaea0c5b245c86
urn:ure:smg:re_FunctionVariant:rmge01-usasm:801b7b7c	0x801B7B7C	128	func_801B7B7C		d6b0c3a6b0aa0445c492e65b0c5626e0c8bda433104f484a4612e6e458f0020f
urn:ure:smg:re_FunctionVariant:rmge01-usasm:801b7bfc	0x801B7BFC	148	func_801B7BFC		a3cb3723194387b3f1fdaee4435b27f3c8406b45c0e6e4530a7270421e398b8d
urn:ure:smg:re_FunctionVariant:rmge01-usasm:801b7c90	0x801B7C90	760	func_801B7C90		a0b8fef7d9a5346c6ec7a47a82a18dc68005b17ac8884f2cb824f068b1622915
urn:ure:smg:re_FunctionVariant:rmge01-usasm:801b7f88	0x801B7F88	504	func_801B7F88		2c2d5eb5a9f6873db784f76ece4ff3b663116a4b1c7133e9b496a73ae34062e0
urn:ure:smg:re_FunctionVariant:rmge01-usasm:801b8180	0x801B8180	292	func_801B8180		ef36466813c75e507a72cf0f5f8d634a403649cb1f0959b9176fc1b656a288cb
urn:ure:smg:re_FunctionVariant:rmge01-usasm:801b82a4	0x801B82A4	144	func_801B82A4		cdbc35316a2d022fd2371fce04ada76be8c7e7228ae7fa2c921a472418530059
urn:ure:smg:re_FunctionVariant:rmge01-usasm:801b8334	0x801B8334	240	func_801B8334		73e867f37149de7e26965c30648b0ec1f013af7b5d04ca514843890985f0cad9
urn:ure:smg:re_FunctionVariant:rmge01-usasm:801b8424	0x801B8424	160	func_801B8424		5fdd420b458b872caabaa57534d4a4a2a25c83d8eb33adecf5cd920e56a8ef4a
urn:ure:smg:re_FunctionVariant:rmge01-usasm:801b84c4	0x801B84C4	664	func_801B84C4		5acf69391e593fee1e96e17928820f06160000f53dd0a1bd7f21fc537c8a8194
urn:ure:smg:re_FunctionVariant:rmge01-usasm:801b875c	0x801B875C	16	func_801B875C		289708555e22e53ad81c715ead8a418a9dceebf384b17c617c3a4dc7a71b9b02
urn:ure:smg:re_FunctionVariant:rmge01-usasm:801b876c	0x801B876C	16	func_801B876C		88928f4b7f7b1cb754e4abed1d755625a067d3c5f2a6924b7ae4bcc351312b9a
urn:ure:smg:re_FunctionVariant:rmge01-usasm:801b877c	0x801B877C	60	func_801B877C		3aa9d2e34000e257c4b15e9675a3418a6c6382f48e5e4a972d3185b2d2aee88f
urn:ure:smg:re_FunctionVariant:rmge01-usasm:801b87b8	0x801B87B8	72	func_801B87B8		681642ad2d798bab4aa96245d8ddc7741a8d4978aaa5f4ea5240f7b40dd36395
urn:ure:smg:re_FunctionVariant:rmge01-usasm:801b8800	0x801B8800	180	func_801B8800		c12b5668a8c613dc21e9dcfac4c7f6f028c9e112461c5daedf159fb937b086b6
urn:ure:smg:re_FunctionVariant:rmge01-usasm:801b88b4	0x801B88B4	1148	func_801B88B4		15d7d2c4f0ae3b6f4b298d9d60dce408fb7c257e708f692aa521a2ff405ade51
urn:ure:smg:re_FunctionVariant:rmge01-usasm:801b8d30	0x801B8D30	1360	func_801B8D30		26166cc19afa91352a56616d866f51ba79002565da56e9c58544b6b7ed5fa4ab
urn:ure:smg:re_FunctionVariant:rmge01-usasm:801b9280	0x801B9280	240	func_801B9280		51fd8f7ed9191e6e7a478959c17fbeb859dfd5a169a1534ee298a0cd8ded88bf
urn:ure:smg:re_FunctionVariant:rmge01-usasm:801b9370	0x801B9370	300	func_801B9370		70f71f98e6113e3ee76df05262af482abf9d5a429bf081b9869ec175da3292c1
urn:ure:smg:re_FunctionVariant:rmge01-usasm:801b949c	0x801B949C	148	func_801B949C		93110c20931ad1221d5e388b68f4e0b592e85672fec6f7782536f97e19d554f3
urn:ure:smg:re_FunctionVariant:rmge01-usasm:801b9530	0x801B9530	16	func_801B9530		dd8b7e872a4ecd96b2f0c5de95f04a780c402df14bb45460b33edd2ac08becf1
urn:ure:smg:re_FunctionVariant:rmge01-usasm:801b9540	0x801B9540	16	func_801B9540		f67f9e06a088880ebe4bb41bc7c42a94ac1bfa36819a0686f5fe9ce04f2075fa
urn:ure:smg:re_FunctionVariant:rmge01-usasm:801b9550	0x801B9550	16	func_801B9550		1291f54dfbea6da2ab0e63c78a5030ae26519f3315947dcd3e64de5b3d44c895
urn:ure:smg:re_FunctionVariant:rmge01-usasm:801b9560	0x801B9560	88	func_801B9560		5ff1910624c3f6de24d761351921414eae2f5f1e60b5ec1217bc75c144c067ca
urn:ure:smg:re_FunctionVariant:rmge01-usasm:801b95b8	0x801B95B8	340	func_801B95B8		56666f0568d45bd3fe8891e715d2d0748a0bb125aac6f93c074231d6c2bfdc29
urn:ure:smg:re_FunctionVariant:rmge01-usasm:801b970c	0x801B970C	1788	func_801B970C		08e18821307962dc9262d1556fc6076157ed3a859537fb24e33d2fbdc040a840
urn:ure:smg:re_FunctionVariant:rmge01-usasm:801b9e08	0x801B9E08	196	func_801B9E08		cdc51d2c0fd8a2f1b96492a79fa19fb638902ba99fe48688202a54001f6c2cd0
urn:ure:smg:re_FunctionVariant:rmge01-usasm:801b9ecc	0x801B9ECC	296	func_801B9ECC		e1e2b7b9feb7f82c249e1bf0c130769c325f00f4c15339076084386a8e36cd2f
urn:ure:smg:re_FunctionVariant:rmge01-usasm:801b9ff4	0x801B9FF4	120	func_801B9FF4		71b07f8988e45e127f99423341a5d8876ac284dbcc2bcc5241c6b191f4c6fe83
urn:ure:smg:re_FunctionVariant:rmge01-usasm:801ba06c	0x801BA06C	80	func_801BA06C		b84770c60547aee7a0c52b72d608ea43ee13168d5146d422200fea936d79b4cf
urn:ure:smg:re_FunctionVariant:rmge01-usasm:801ba0bc	0x801BA0BC	72	func_801BA0BC		50b604d8c56f8e6b84bc8d98a726231b2d689883b4cf718a07e9021cfe20ac25
urn:ure:smg:re_FunctionVariant:rmge01-usasm:801ba104	0x801BA104	1284	func_801BA104		20384cf72ef63e0a3e23750edeebaaed71c89a0e2d80cd424c9ce4f44f2ea9c3
urn:ure:smg:re_FunctionVariant:rmge01-usasm:801ba608	0x801BA608	16	func_801BA608		84a60651219247315175c16a7a7da03bbfb80262681ca30bd6d214cabdf287c3
urn:ure:smg:re_FunctionVariant:rmge01-usasm:801ba618	0x801BA618	16	func_801BA618		b575e60479ce14b465ff380b7b4704aafe7fe7a13ac3629e521c08910db3614d
urn:ure:smg:re_FunctionVariant:rmge01-usasm:801ba628	0x801BA628	36	func_801BA628		c932b44a6f4d1adc83b3570a873737c5ad5bd96dbf43b45e60384af31d592bbb
urn:ure:smg:re_FunctionVariant:rmge01-usasm:801ba64c	0x801BA64C	396	func_801BA64C		8efac7932efe99900af2e60ba173c124ce2ab93c7440cec3b4dc1b4f4e65c690
urn:ure:smg:re_FunctionVariant:rmge01-usasm:801ba7d8	0x801BA7D8	48	func_801BA7D8		6bd1b63847f4df32ad14ce21421486b28f29c2b8998365ef4309e1dccb1be15f
urn:ure:smg:re_FunctionVariant:rmge01-usasm:801ba808	0x801BA808	204	func_801BA808		2dc1786463b5ac5a9c08ca26d6ba6628bb3b901d968745d30c42f494007b6587
urn:ure:smg:re_FunctionVariant:rmge01-usasm:801ba8d4	0x801BA8D4	140	func_801BA8D4		21dfafe26502194f01bcd34e339f18768950558c361548bfc0bd24324f3a0c0d
urn:ure:smg:re_FunctionVariant:rmge01-usasm:801ba960	0x801BA960	120	func_801BA960		6977ee0851dcae4c01125007045e324659a4abd35d57995ee1c7b7031a7a6f70
urn:ure:smg:re_FunctionVariant:rmge01-usasm:801ba9d8	0x801BA9D8	92	func_801BA9D8		6352287fe34494e8b0734ed03a7ae63ca9ca36eaedc7f21721f11db55a09a9f1
urn:ure:smg:re_FunctionVariant:rmge01-usasm:801baa34	0x801BAA34	244	func_801BAA34		7ff2e0cb2c074d772374bf5b7b98f573991ed11ce92df78cb9c9340507fb094d
urn:ure:smg:re_FunctionVariant:rmge01-usasm:801bab28	0x801BAB28	216	func_801BAB28		f232e5ab76ffe1754f8b9bbf126c4784fb09edc25b799c82d8a4ac9bb8c9e243
urn:ure:smg:re_FunctionVariant:rmge01-usasm:801bac00	0x801BAC00	112	func_801BAC00		13e72f239b220e50506a121c7549e61f75850160738c36ad4546105dcf8f3326
urn:ure:smg:re_FunctionVariant:rmge01-usasm:801bac70	0x801BAC70	844	func_801BAC70		04ce13d8680021e83d1932db5d8fb7b288dacc109bd19e4aefc7765827d8151a
urn:ure:smg:re_FunctionVariant:rmge01-usasm:801bafbc	0x801BAFBC	204	func_801BAFBC		6e4a166108c41596f3e860363223ce24f7ae4bda82c92950e3b99676fd2061e7
urn:ure:smg:re_FunctionVariant:rmge01-usasm:801bb088	0x801BB088	284	func_801BB088		b9616b26f9996d40b5e0a5f4f2c53f35d005e837f07a8294ff444a4abea888ca
urn:ure:smg:re_FunctionVariant:rmge01-usasm:801bb1a4	0x801BB1A4	328	func_801BB1A4		80dd9592eb4d0f9835d4e1250611c6c275aaef4e1d34e4c604468c583c0ac3d7
urn:ure:smg:re_FunctionVariant:rmge01-usasm:801bb2ec	0x801BB2EC	484	func_801BB2EC		1255c2dbb5c768c9922cf852f7c5700b0a76b45da8daef017f3c95688c175c48
urn:ure:smg:re_FunctionVariant:rmge01-usasm:801bb4d0	0x801BB4D0	528	func_801BB4D0		795c0cdebb3c3dc9bdb4f6afaacc80ec1658f73b95eb59f79382ceddf6cacbba
urn:ure:smg:re_FunctionVariant:rmge01-usasm:801bb6e0	0x801BB6E0	596	func_801BB6E0		a09058420870d8c9c5872c6290886abc7d09b5c3907130a07dc5f419a00bbd3a
urn:ure:smg:re_FunctionVariant:rmge01-usasm:801bb934	0x801BB934	604	func_801BB934		57365a713707ba70c20d5e78907991735f98326dca88c21b9e2efd0072250308
urn:ure:smg:re_FunctionVariant:rmge01-usasm:801bbb90	0x801BBB90	832	func_801BBB90		4a84a8d4b77a9598770185b3a33500e86e910aaa84a52020608553c510dd67bc
urn:ure:smg:re_FunctionVariant:rmge01-usasm:801bbed0	0x801BBED0	16	func_801BBED0		67fd454e71cfa71aae1673980219fb7dd71da5e073d592985c224eb7aed4e613
urn:ure:smg:re_FunctionVariant:rmge01-usasm:801bbee0	0x801BBEE0	16	func_801BBEE0		e7b4bb3a791b7a52658dfaf739a7291eb7c9886571fc6a370f9bf9e52e1652e7
urn:ure:smg:re_FunctionVariant:rmge01-usasm:801bbef0	0x801BBEF0	96	func_801BBEF0		efc37ea5f578baed1302484ea3550df80686bd75ae4cd7f61cf944aa67fbb45c
urn:ure:smg:re_FunctionVariant:rmge01-usasm:801bbf50	0x801BBF50	304	func_801BBF50		116484ac1c017dcda03837c451ba48a384b9c3411578294c7ca559519d92e60b
urn:ure:smg:re_FunctionVariant:rmge01-usasm:801bc080	0x801BC080	112	func_801BC080		b83acee539eb170b34d6bc1696c1b07c1aad09ff40e404bdf58c09657d97bd97
urn:ure:smg:re_FunctionVariant:rmge01-usasm:801bc0f0	0x801BC0F0	1360	func_801BC0F0		6994e46e7b86ab87a2a86e9a348959c2b1192a2e73ae5813819706b0cff34e22
urn:ure:smg:re_FunctionVariant:rmge01-usasm:801bc640	0x801BC640	112	func_801BC640		1cc45052a777f8627be30ab1dabadd9597580c354b414a23a373e5bebaef0e16
urn:ure:smg:re_FunctionVariant:rmge01-usasm:801bc6b0	0x801BC6B0	112	func_801BC6B0		2444482cf4d07303f42590775050122a156400eb72ddc1cd210120d1c0916a8f
urn:ure:smg:re_FunctionVariant:rmge01-usasm:801bc720	0x801BC720	124	func_801BC720		8a7dcb6bc5da1bf2e1775b91be65bea41fceac8005d4c7f820e502918df6d9de
urn:ure:smg:re_FunctionVariant:rmge01-usasm:801bc79c	0x801BC79C	1300	func_801BC79C		598cfd98b603978253d9f75b7d056da5275fca881677fd871550fdd6d8a4d223
urn:ure:smg:re_FunctionVariant:rmge01-usasm:801bccb0	0x801BCCB0	16	func_801BCCB0		227d5289014be7a81852721b0e63bce79beb3924acf5c04efcb0b38285a23631
urn:ure:smg:re_FunctionVariant:rmge01-usasm:801bccc0	0x801BCCC0	16	func_801BCCC0		787732adaf9551454c519e2f14a99f74463c42d709f796617e26fe4d21f0f291
urn:ure:smg:re_FunctionVariant:rmge01-usasm:801bccd0	0x801BCCD0	16	func_801BCCD0		19634d6042982c28a5b5ffb13775f761c7f84f163014a4ae78ef172b7385707f
urn:ure:smg:re_FunctionVariant:rmge01-usasm:801bcce0	0x801BCCE0	16	func_801BCCE0		7bd0ae26d531a3c445d1ec95cd2cda7e4393ee46da64f21cc17dcfc45f557476
urn:ure:smg:re_FunctionVariant:rmge01-usasm:801bccf0	0x801BCCF0	16	func_801BCCF0		ad2f26c71c73fbca1c430f8db7d8dfa4ea2299afa288d607090e39ebc6ceba43
urn:ure:smg:re_FunctionVariant:rmge01-usasm:801bcd00	0x801BCD00	176	func_801BCD00		36f2168d6f4c31e9eb63f78994949da57474d3a5f8a2fe6e97201af41a6d1896
urn:ure:smg:re_FunctionVariant:rmge01-usasm:801bcdb0	0x801BCDB0	596	func_801BCDB0		2d30f5fa4c122ca125cd75b396a97c4233d233d65a2e1460e03d5ff857b401da
urn:ure:smg:re_FunctionVariant:rmge01-usasm:801bd004	0x801BD004	16	func_801BD004		f0a673333d947eb8930475e90abd5618557d251776597096b6d3c87046b60f69
urn:ure:smg:re_FunctionVariant:rmge01-usasm:801bd014	0x801BD014	16	func_801BD014		eb4b9e5de0adee54a32aa41482abea91a2cedbe8d9b520ef14a3d9c15e76a3a5
urn:ure:smg:re_FunctionVariant:rmge01-usasm:801bd024	0x801BD024	16	func_801BD024		c20bca05467fe1a5fda0a547093df7d769cfb2a8d7f4020fe9fd8ec63a9635ac
urn:ure:smg:re_FunctionVariant:rmge01-usasm:801bd034	0x801BD034	464	func_801BD034		0b99b591dc1bf7d76c495d182582c337669d8ef9fc97290d45ba99bbb85e0b97
urn:ure:smg:re_FunctionVariant:rmge01-usasm:801bd204	0x801BD204	832	func_801BD204		14fc2d199efa78edc96fe458d285c23ce68fc8b61736af182081ddd490e28e4d
urn:ure:smg:re_FunctionVariant:rmge01-usasm:801bd544	0x801BD544	16	func_801BD544		29ad493d9cadc1babb769c2531c75dd44cae70f819c2d4a7fce051a49c1955ac
urn:ure:smg:re_FunctionVariant:rmge01-usasm:801bd554	0x801BD554	16	func_801BD554		3b8b7767601d4f824ee518b6b2c99f0ec6abf342066a68144850680acaf2eb8c
urn:ure:smg:re_FunctionVariant:rmge01-usasm:801bd564	0x801BD564	16	func_801BD564		e6ff12a4c761f3687ef093802866d7b6eb3c65248400227806b4863d1274fa9d
urn:ure:smg:re_FunctionVariant:rmge01-usasm:801bd574	0x801BD574	368	func_801BD574		292c32ec812343764839419fc98d20b9b22e9f430da55cffb34898d4aed92feb
urn:ure:smg:re_FunctionVariant:rmge01-usasm:801bd6e4	0x801BD6E4	420	func_801BD6E4		daa11096e281d7973ceca590b7403b121d7bd9874eb3edf6f1ffcf90644aa092
urn:ure:smg:re_FunctionVariant:rmge01-usasm:801bd888	0x801BD888	244	func_801BD888		1f03c061a99fc31cc272a7febf69b5bbd91d5fc556e18c953ef25bd76b09b59e
urn:ure:smg:re_FunctionVariant:rmge01-usasm:801bd97c	0x801BD97C	156	func_801BD97C		7e406f3925e6242af0dd732864bbe55fc38c44076c021ae64f81f82184331e40
urn:ure:smg:re_FunctionVariant:rmge01-usasm:801bda18	0x801BDA18	312	func_801BDA18		e162705fe2f1fc6ab0a405e61f8f5dcf10018aae2ad2e463bd79ba51f201d68a
urn:ure:smg:re_FunctionVariant:rmge01-usasm:801bdb50	0x801BDB50	240	func_801BDB50		25b343de4311de9c8a163de404f5092591d9432f03cf5e7c090c15e251af53b2
urn:ure:smg:re_FunctionVariant:rmge01-usasm:801bdc40	0x801BDC40	68	func_801BDC40		b4dcab9315048ae478a18cf8af9b64387c5b06b7248d40ae76e0e8b197b53a69
urn:ure:smg:re_FunctionVariant:rmge01-usasm:801bdc84	0x801BDC84	8	func_801BDC84		9f0fb8fdfbf61cee23896bb9c0d1c8406e60fee507f4206a9a9e2587492864e2
urn:ure:smg:re_FunctionVariant:rmge01-usasm:801bdc8c	0x801BDC8C	296	func_801BDC8C		ed45262bedf11a886a80286760342fed1cb9608d04a2be620cad45d12062d368
urn:ure:smg:re_FunctionVariant:rmge01-usasm:801bddb4	0x801BDDB4	96	func_801BDDB4		48fc21ee9f63ae25e931b2a5cb1d1b7f9da08e60e864d2d8e7fb1ad0741082fd
urn:ure:smg:re_FunctionVariant:rmge01-usasm:801bde14	0x801BDE14	332	func_801BDE14		dc8f6947ae8bc78f87675a688cecd7fd91b6113ffd24d02602425c94d7b4ab9b
urn:ure:smg:re_FunctionVariant:rmge01-usasm:801bdf60	0x801BDF60	148	func_801BDF60		1f9c941057d61a0c690f0fd9abd792ea11eb648e57548ed811a40899c926c103
urn:ure:smg:re_FunctionVariant:rmge01-usasm:801bdff4	0x801BDFF4	108	func_801BDFF4		c489a7d6e8e7319cdcd130e53301acf338f61e9dced19e580efe7284a9f6cae9
urn:ure:smg:re_FunctionVariant:rmge01-usasm:801be060	0x801BE060	108	func_801BE060		da25a203aabd1749593882ff77cee393ca42f9883c2234c545648647bdf59095
urn:ure:smg:re_FunctionVariant:rmge01-usasm:801be0cc	0x801BE0CC	80	func_801BE0CC		4f06329cfb1d58808285281596b790316f9ef0f0ff0df4128677d054ab9c9f22
urn:ure:smg:re_FunctionVariant:rmge01-usasm:801be11c	0x801BE11C	432	func_801BE11C		4cc12d6588701389d0e6c08fd726cd7b3c3b1027798cab426851f181c95444a8
urn:ure:smg:re_FunctionVariant:rmge01-usasm:801be2cc	0x801BE2CC	148	func_801BE2CC		231a8df637196fee9b7ba72c6ad3c3b8da708ff7dad9131763a1f67266c9960e
urn:ure:smg:re_FunctionVariant:rmge01-usasm:801be360	0x801BE360	232	func_801BE360		f3f59a0eacbfae7c412754c998f63727a9620db11de8ff9b81540b7a464c0b9c
urn:ure:smg:re_FunctionVariant:rmge01-usasm:801be448	0x801BE448	16	func_801BE448		4b7b645f1fa254395658eec9fcd730bdd0449ed8afdb92b40f3cb9afc9018919
urn:ure:smg:re_FunctionVariant:rmge01-usasm:801be458	0x801BE458	16	func_801BE458		d03e578e3dad7e75ec69a59294aceabbd0cd31550f125b3e72b18ba77c1bac50
urn:ure:smg:re_FunctionVariant:rmge01-usasm:801be468	0x801BE468	16	func_801BE468		1542d3766af876b034a39febf00645ec3f9f614a1c7acfe539fd6469121534d0
urn:ure:smg:re_FunctionVariant:rmge01-usasm:801be478	0x801BE478	16	func_801BE478		4b67f21f305170b718bc8bbafb6f7e52d4c75648706cebf3427d652beadd9a78
urn:ure:smg:re_FunctionVariant:rmge01-usasm:801be488	0x801BE488	16	func_801BE488		06ab85a5e0ca08b2ade8f970fada43f2424249f699dab0f3a303a9991362becc
urn:ure:smg:re_FunctionVariant:rmge01-usasm:801be498	0x801BE498	132	func_801BE498		734b6a64500b1a4beee3698f65bc4c39fa32b38ae2ac0164a08e5690122d699e
urn:ure:smg:re_FunctionVariant:rmge01-usasm:801be51c	0x801BE51C	552	func_801BE51C		9d7f62bb957059c694b6c6bbbf527e292d2a1a4fb0b642595464ea59c03daeed
urn:ure:smg:re_FunctionVariant:rmge01-usasm:801be744	0x801BE744	232	func_801BE744		6878beef30fe26df3ef3c6e10bae8e29ffb3275d7209f1454bb2bb24072883db
urn:ure:smg:re_FunctionVariant:rmge01-usasm:801be82c	0x801BE82C	244	func_801BE82C		b06248543fcee86ce30fe2af1874ec03f9c32ddb35b3506be916b8b741b60363
urn:ure:smg:re_FunctionVariant:rmge01-usasm:801be920	0x801BE920	152	func_801BE920		f76e156508e85a792ebf83a7678aa62942f6e433d77b9363cccb3325ab6ad1de
urn:ure:smg:re_FunctionVariant:rmge01-usasm:801be9b8	0x801BE9B8	124	func_801BE9B8		6f698209dd02117456bee69567e0fd7feed37532ee0dd3f07fa593eb8946f43f
urn:ure:smg:re_FunctionVariant:rmge01-usasm:801bea34	0x801BEA34	120	func_801BEA34		7f4958d5ca2be1de7fcb1e0b3820a9ad37e0f32d15ed2e1192ab257b8f9e926b
urn:ure:smg:re_FunctionVariant:rmge01-usasm:801beaac	0x801BEAAC	160	func_801BEAAC		edf24b3525dcb9e2c0199afccecf782ca5f2a988b11f1c6a2e8cb009288176e5
urn:ure:smg:re_FunctionVariant:rmge01-usasm:801beb4c	0x801BEB4C	80	func_801BEB4C		5511215b7e076d830b7b62bbf994f760dc04b46af21ce3379294577714f146eb
urn:ure:smg:re_FunctionVariant:rmge01-usasm:801beb9c	0x801BEB9C	100	func_801BEB9C		c945af0e3f017350a07e713a0077ce9bad1036b399e2ab3f1ffeedabc5d73759
urn:ure:smg:re_FunctionVariant:rmge01-usasm:801bec00	0x801BEC00	564	func_801BEC00		7021010f48fd38b40cd2321c5825a39256ba9ea81db1fe77f7e4061321f0f2f0
urn:ure:smg:re_FunctionVariant:rmge01-usasm:801bee34	0x801BEE34	16	func_801BEE34		68204722d556c5b99544121d2e0cc75d4822c8a2eaaaa1573011c0ca1093f621
urn:ure:smg:re_FunctionVariant:rmge01-usasm:801bee44	0x801BEE44	16	func_801BEE44		61632cdd195e50066dcca27cb84e253f58a8e3ed73d7403e9d7dc1b9a9bcefe8
urn:ure:smg:re_FunctionVariant:rmge01-usasm:801bee54	0x801BEE54	16	func_801BEE54		6ff9a22a7c54614d5a18777b90cc705e82d00247685fec64b73412473949b07e
urn:ure:smg:re_FunctionVariant:rmge01-usasm:801bee64	0x801BEE64	16	func_801BEE64		3a9b66c9f820fa3a64bb42ac940310661e967728da7c2bb0abf545027b26fb9e
urn:ure:smg:re_FunctionVariant:rmge01-usasm:801bee74	0x801BEE74	16	func_801BEE74		beb3f0b6bc5fba81201b46b2dbc381d0897cd666c7eb19f28bb935d04f20da94
urn:ure:smg:re_FunctionVariant:rmge01-usasm:801bee84	0x801BEE84	16	func_801BEE84		f3f5d74c07ef1351ba223368d18c02fccddef73bc9ce9d7f4edfbfdd83cf7825
urn:ure:smg:re_FunctionVariant:rmge01-usasm:801bee94	0x801BEE94	340	func_801BEE94		553f3bddbaeb234552e56dcc8373793962ed6fe45be4dd24ba6e08227478e957
urn:ure:smg:re_FunctionVariant:rmge01-usasm:801befe8	0x801BEFE8	168	func_801BEFE8		b0d9c482a789d549b86e990b21998759137d2992087a98e4ac41505347338b8e
urn:ure:smg:re_FunctionVariant:rmge01-usasm:801bf090	0x801BF090	684	func_801BF090		3bf2157629c1009efc5a016f44516f0fcf78284886f08352d040c8bd98965bbc
urn:ure:smg:re_FunctionVariant:rmge01-usasm:801bf33c	0x801BF33C	140	func_801BF33C		c47d3197a1f2453f2747e81f591c2d1f27a32705b31b300dcabffbe9f2e4e9a5
urn:ure:smg:re_FunctionVariant:rmge01-usasm:801bf3c8	0x801BF3C8	8	func_801BF3C8		a6956f5e22ebaa51fee5b06eb269b70120c91bd9ed2dbb2d9e0d3b7aa28d6380
urn:ure:smg:re_FunctionVariant:rmge01-usasm:801bf3d0	0x801BF3D0	8	func_801BF3D0		f9db8956537a3f6976c31d3d045b855b15419bb1c9e9706a4d25f2813400e690
urn:ure:smg:re_FunctionVariant:rmge01-usasm:801bf3d8	0x801BF3D8	60	func_801BF3D8		6101f9fb6cae8ab77ddb8ba0962b2949192c1da611e2c9db6ce2fcc4429397c3
urn:ure:smg:re_FunctionVariant:rmge01-usasm:801bf414	0x801BF414	152	func_801BF414		2fa155bf71add04e5b1502d615cab121091f84b3e44b501cd380ebefe4e7e234
urn:ure:smg:re_FunctionVariant:rmge01-usasm:801bf4ac	0x801BF4AC	384	func_801BF4AC		b71fd657df466e2adb856a75f0a9ebdba5d2daba55f40dcd5280d2cd66a0c8ff
urn:ure:smg:re_FunctionVariant:rmge01-usasm:801bf62c	0x801BF62C	944	func_801BF62C		279d308a389d7cae63998e3b3276bd125ade0ed83aef207befa6502d8d7db2e8
urn:ure:smg:re_FunctionVariant:rmge01-usasm:801bf9dc	0x801BF9DC	92	func_801BF9DC		bc9bfdf6a9f9811b15c530013068bf528b6949a3e4f164f5965046098c3264c9
urn:ure:smg:re_FunctionVariant:rmge01-usasm:801bfa38	0x801BFA38	32	func_801BFA38		d692593fcd2b1613c5b6b86c1b2a3ebaafd3f8ee3707eecf7821f47d2a94f6ea
urn:ure:smg:re_FunctionVariant:rmge01-usasm:801bfa58	0x801BFA58	80	func_801BFA58		6699215b8d9ad4b37097aba2fa7b9752614c434252712009ac899ded47b48d43
urn:ure:smg:re_FunctionVariant:rmge01-usasm:801bfaa8	0x801BFAA8	40	func_801BFAA8		80eb84afedceb0a715e9bef7e08ccdda91f3c9c17e33454aad4beb7057eab1da
urn:ure:smg:re_FunctionVariant:rmge01-usasm:801bfad0	0x801BFAD0	88	func_801BFAD0		e79d365996ec2559efd28a58aab5c02c4e097b3893d55326f7a27065c0be8649
urn:ure:smg:re_FunctionVariant:rmge01-usasm:801bfb28	0x801BFB28	52	func_801BFB28		117a944c57e55dc7df6b8af9d38b75f80e437c5cc2043f040ac7676a46b6f5d0
urn:ure:smg:re_FunctionVariant:rmge01-usasm:801bfb5c	0x801BFB5C	72	func_801BFB5C		52efcadd06f4f35238c560603a8eb96ec8da2888e60dac60f6308fc3e200e126
urn:ure:smg:re_FunctionVariant:rmge01-usasm:801bfba4	0x801BFBA4	108	func_801BFBA4		79014b1d091a4baf4531cea3cb0ebb27c536483959f99132012e3e8292016553
urn:ure:smg:re_FunctionVariant:rmge01-usasm:801bfc10	0x801BFC10	84	func_801BFC10		81b07f6819ac78e2055b6e2d3564b86e39023af3b45a60186a88f086b8ce1716
urn:ure:smg:re_FunctionVariant:rmge01-usasm:801bfc64	0x801BFC64	56	func_801BFC64		59c90f861bac16081a5aeb2867d662b06ae59752484925166935e9fe17174ac5
urn:ure:smg:re_FunctionVariant:rmge01-usasm:801bfc9c	0x801BFC9C	56	func_801BFC9C		b6b6d64a86041e9b200bdd3fd9b352ef8bba7ff929587480e4dde779b1125383
urn:ure:smg:re_FunctionVariant:rmge01-usasm:801bfcd4	0x801BFCD4	56	func_801BFCD4		f7bdb60609318a13ea0964d4ecbb1f726aefef0dd74cc9ea556befe4cb4154df
urn:ure:smg:re_FunctionVariant:rmge01-usasm:801bfd0c	0x801BFD0C	56	func_801BFD0C		854f9d3ce72e86553e08eace52bfe9d60e0c8d2c6a379586b2438a69694141a0
urn:ure:smg:re_FunctionVariant:rmge01-usasm:801bfd44	0x801BFD44	92	func_801BFD44		b966b49256fb5024e85f44d6ed17dc2c9bedacb79bcb0d7861efb8108202e9be
urn:ure:smg:re_FunctionVariant:rmge01-usasm:801bfda0	0x801BFDA0	344	func_801BFDA0		ed243c4efd326211e352e1ab4b9abc889492769180f3256911f2e61b064ab242
urn:ure:smg:re_FunctionVariant:rmge01-usasm:801bfef8	0x801BFEF8	104	func_801BFEF8		dda853c6659d5ed712d565fdbad39fd907adf1d2e905030c0afb8bb198e78f44
urn:ure:smg:re_FunctionVariant:rmge01-usasm:801bff60	0x801BFF60	1680	func_801BFF60		6d921e848d7debb076b4e8e040cad206b3459aa87d5a15dea334dcb7941d5485
urn:ure:smg:re_FunctionVariant:rmge01-usasm:801c05f0	0x801C05F0	208	func_801C05F0		5b18c1ac1c6582008b7a399b2169fc5cf6c77905a65658ee72e2e60eed228602
urn:ure:smg:re_FunctionVariant:rmge01-usasm:801c06c0	0x801C06C0	68	func_801C06C0		4a497a98c3137a0ff4caef603203caef3c230ba7aacd4fd932f577d081fcf70e
urn:ure:smg:re_FunctionVariant:rmge01-usasm:801c0704	0x801C0704	944	func_801C0704		721d6261fd37164568b1f3ae843f67934477e0f19b8fe43f94668f1a06aea2c9
urn:ure:smg:re_FunctionVariant:rmge01-usasm:801c0ab4	0x801C0AB4	168	func_801C0AB4		1e75e6e98b5e71ec3ed1514a698f02d98d02d7957a29a222d9e7fe82695c8d74
urn:ure:smg:re_FunctionVariant:rmge01-usasm:801c0b5c	0x801C0B5C	260	func_801C0B5C		fa2244a30eb85a3928ea982e59a3713885332fe6384bb8b1026cbaebe1efc965
urn:ure:smg:re_FunctionVariant:rmge01-usasm:801c0c60	0x801C0C60	28	func_801C0C60		d9ee707900a01c4f003b6da90f2c539ad06bd70495615dec38f6996747242e66
urn:ure:smg:re_FunctionVariant:rmge01-usasm:801c0c7c	0x801C0C7C	64	func_801C0C7C		0f8381c5ca4450f942e6362fb1887bc415c7d16ee0d653280491df449c89bc46
urn:ure:smg:re_FunctionVariant:rmge01-usasm:801c0cbc	0x801C0CBC	68	func_801C0CBC		bdf61302d273f591c88ffde87ea95c2afa95e5c25cd7b2f47031bd94e9b2b773
urn:ure:smg:re_FunctionVariant:rmge01-usasm:801c0d00	0x801C0D00	68	func_801C0D00		9b1acb6f28c355721223f0e703df03aa5dfd67b0ef35fa7522456acf8489df27
urn:ure:smg:re_FunctionVariant:rmge01-usasm:801c0d44	0x801C0D44	68	func_801C0D44		a3ebbd1cd23ecc904d336453300585ddeb821da180c2172b1d2d7e8542db8cea
urn:ure:smg:re_FunctionVariant:rmge01-usasm:801c0d88	0x801C0D88	68	func_801C0D88		88602e476f8d21f1854f6172e1f8ac8ff9b3e89ab3f152b5c943ad02b023e9e5
urn:ure:smg:re_FunctionVariant:rmge01-usasm:801c0dcc	0x801C0DCC	176	func_801C0DCC		8c7ac0bf2a167c32249b513ceb0a12b06d2b5a8d255cb999c9d95182603f819d
urn:ure:smg:re_FunctionVariant:rmge01-usasm:801c0e7c	0x801C0E7C	224	func_801C0E7C		d84cb53484b34711898df5037e07b852a38e02d0bf9f65d1da1a9911fe869ff9
urn:ure:smg:re_FunctionVariant:rmge01-usasm:801c0f5c	0x801C0F5C	468	func_801C0F5C		7d7adfee497e0577da3040445d82611a4950c4fa31ee998e496e6b77de31cbb8
urn:ure:smg:re_FunctionVariant:rmge01-usasm:801c1130	0x801C1130	152	func_801C1130		9a0ce63005ce844febe83b02a4dcfac67b587c8238ed9421de1d5c72e977c48a
urn:ure:smg:re_FunctionVariant:rmge01-usasm:801c11c8	0x801C11C8	92	func_801C11C8		56f3b9a52c05dff22f1270d5e618361520dc81a437976eda8f33c97fdab8e9d5
urn:ure:smg:re_FunctionVariant:rmge01-usasm:801c1224	0x801C1224	8	func_801C1224		56252c92d7a3208df0c5ef2a08abe4db085b9bc5b7e8871776e1eac7b37855a5
urn:ure:smg:re_FunctionVariant:rmge01-usasm:801c122c	0x801C122C	80	func_801C122C		fde7966525a3361d8d3c1f2d76053307995e489e5b918a3e1edea8900026210a
urn:ure:smg:re_FunctionVariant:rmge01-usasm:801c127c	0x801C127C	236	func_801C127C		e09e1602ead156e896190022006cc28e2a68fd9af21015579041003dd4b969d3
urn:ure:smg:re_FunctionVariant:rmge01-usasm:801c1368	0x801C1368	1044	func_801C1368		7192846b7e1464fb531f6c127cea7c76a2d3ef4022f7505042396a301230bcc8
urn:ure:smg:re_FunctionVariant:rmge01-usasm:801c177c	0x801C177C	196	func_801C177C		52133a894c7fcf32d4cbc0626e4de123f79703e106cf3108ea1e6c4dd7ba44f1
urn:ure:smg:re_FunctionVariant:rmge01-usasm:801c1840	0x801C1840	16	func_801C1840		1e72dd5f74711a3edd28257313bb84a3d98751d07cdf60bb6eadb42d15197b3b
urn:ure:smg:re_FunctionVariant:rmge01-usasm:801c1850	0x801C1850	32	func_801C1850		5e686d41593eef12b74bccb7af9f87b8575ad8a708ad5de27282fc4fd06c6a62
urn:ure:smg:re_FunctionVariant:rmge01-usasm:801c1870	0x801C1870	108	func_801C1870		6fc4ea0a114bab1150b7a40713323f7072f043212bd0bef53870aec98cee899f
urn:ure:smg:re_FunctionVariant:rmge01-usasm:801c18dc	0x801C18DC	96	func_801C18DC		0f7e883e54373e6cbc85721950e4381888197df41f7eab6d0a99c106dda7a92c
urn:ure:smg:re_FunctionVariant:rmge01-usasm:801c193c	0x801C193C	188	func_801C193C		54d177f4fcc8544a26f135f6750e594f92aeb8a4686d264bf5b0039752cb3671
urn:ure:smg:re_FunctionVariant:rmge01-usasm:801c19f8	0x801C19F8	152	func_801C19F8		57c0c0e48fa8122375356b6c579e6f9d08092afde764498aa87617096936c3ff
urn:ure:smg:re_FunctionVariant:rmge01-usasm:801c1a90	0x801C1A90	8	func_801C1A90		6480cb75114887778423aa8603553e0721332c0e36768a9e1c4ff5ffd64d9af2
urn:ure:smg:re_FunctionVariant:rmge01-usasm:801c1a98	0x801C1A98	8	func_801C1A98		253b35bfb0d31b6959fe7d8b522ac7c60dfa358bca8fca3a7e261ed5a4650335
urn:ure:smg:re_FunctionVariant:rmge01-usasm:801c1aa0	0x801C1AA0	60	func_801C1AA0		0cf06fb00c355c703914e7af311a89269979d7b23b0714cb09ca250133affe2d
urn:ure:smg:re_FunctionVariant:rmge01-usasm:801c1adc	0x801C1ADC	76	func_801C1ADC		6f3a1c92417cf4e165c954bd1581bb7ff5c0eebb3806815a555cc9396992c6bd
urn:ure:smg:re_FunctionVariant:rmge01-usasm:801c1b28	0x801C1B28	52	func_801C1B28		423a9c6c7fa831e24fdfd11470514b79d21e08f9005edc162d48b57f69e2ebb7
urn:ure:smg:re_FunctionVariant:rmge01-usasm:801c1b5c	0x801C1B5C	48	func_801C1B5C		f30f71dd3e43430a4cbbdc25f5a3b289f9077b9ad8ab19df8bcafb9df5ec2373
urn:ure:smg:re_FunctionVariant:rmge01-usasm:801c1b8c	0x801C1B8C	48	func_801C1B8C		aa169a0fc0df85dfa1c449ec62fbddf2625e6d2170e574cb12f96d4a6360a8fb
urn:ure:smg:re_FunctionVariant:rmge01-usasm:801c1bbc	0x801C1BBC	196	func_801C1BBC		13cbb5447378b79d0d4d8fe602218a2a50bb9e441de4782a931d52c3b648b6d2
urn:ure:smg:re_FunctionVariant:rmge01-usasm:801c1c80	0x801C1C80	260	func_801C1C80		f0236294ac6a5c422da88030dc2c2af9dca23ebf06acec52c1a70e4ad1a948ae
urn:ure:smg:re_FunctionVariant:rmge01-usasm:801c1d84	0x801C1D84	176	func_801C1D84		3fa1985ae1483c6f82fddac86fb53a7a32d61df41c441f6c44204f6d02e1e688
urn:ure:smg:re_FunctionVariant:rmge01-usasm:801c1e34	0x801C1E34	100	func_801C1E34		263c4b92e5e670203fae3fb941046eb21c30b458fc3b17f44c8773aeca28bffe
urn:ure:smg:re_FunctionVariant:rmge01-usasm:801c1e98	0x801C1E98	100	func_801C1E98		ee0a357aa773a8e7f1cd7a2270f0a9c6f594c9f470b5be13b73a60e7bb182b2e
urn:ure:smg:re_FunctionVariant:rmge01-usasm:801c1efc	0x801C1EFC	100	func_801C1EFC		0055ee9fe004d731ff5ed9337b078f37420cb6b041f06c257037c18f4f3785e9
urn:ure:smg:re_FunctionVariant:rmge01-usasm:801c1f60	0x801C1F60	984	func_801C1F60		2e17569a43bc6742c1b719a5137581edd41ac778c8660759b15ab8903aebd575
urn:ure:smg:re_FunctionVariant:rmge01-usasm:801c2338	0x801C2338	388	func_801C2338		00da140591d0e4861aa0241509a600f42fd8459382575076fbb8c85866f405b2
urn:ure:smg:re_FunctionVariant:rmge01-usasm:801c24bc	0x801C24BC	704	func_801C24BC		087140037bd5ca309130374ecc7b002a1aaa75f7f4eec81df1b1f5bc8c186339
urn:ure:smg:re_FunctionVariant:rmge01-usasm:801c277c	0x801C277C	284	func_801C277C		147b6ca6c6f79906e1f404878a546f29983205ea29c5066894101320e7ff29a2
urn:ure:smg:re_FunctionVariant:rmge01-usasm:801c2898	0x801C2898	76	func_801C2898		7a34360a620decc75ce4b4c18711b6b419b453919efcdcecd2de54a4da69d2e8
urn:ure:smg:re_FunctionVariant:rmge01-usasm:801c28e4	0x801C28E4	92	func_801C28E4		7bff2c88f302498810888212559831ff34307baf2d88b59a2d57e43597921b9d
urn:ure:smg:re_FunctionVariant:rmge01-usasm:801c2940	0x801C2940	220	func_801C2940		e1ff76960b9c6ace134154d7a4be3ecb7d939874aa5adbfa50f701e9668b4e94
urn:ure:smg:re_FunctionVariant:rmge01-usasm:801c2a1c	0x801C2A1C	32	func_801C2A1C		76243f936cf9103eb5db1824c6023ec6ccd1668bf3a10ab16ca97015c26fc7fc
urn:ure:smg:re_FunctionVariant:rmge01-usasm:801c2a3c	0x801C2A3C	36	func_801C2A3C		7cd6e46e61aee142538e7b9233ae9260ee117fdf15ca16ebeb50d7acfb04fe0c
urn:ure:smg:re_FunctionVariant:rmge01-usasm:801c2a60	0x801C2A60	724	func_801C2A60		61f83a2d41e1e1d350bd8a808b70cb721b101eb5b32bbb8c08f6bf4656a94f80
urn:ure:smg:re_FunctionVariant:rmge01-usasm:801c2d34	0x801C2D34	672	func_801C2D34		ddbed3c15ae8feb82c33a36d7e9358a089fb17251a64b4920b58d4cdbb09f3a3
urn:ure:smg:re_FunctionVariant:rmge01-usasm:801c2fd4	0x801C2FD4	432	func_801C2FD4		fe4071aa47cb36d1521ce98f58ba038fe487deb02cdcb609809d282f5683d0ea
urn:ure:smg:re_FunctionVariant:rmge01-usasm:801c3184	0x801C3184	404	func_801C3184		96cebab0d6ab6b0cb5b82d73e1a526c75205ab8517cca905bef7f20ee760d5d5
urn:ure:smg:re_FunctionVariant:rmge01-usasm:801c3318	0x801C3318	900	func_801C3318		ded2e681819f7638a542fd580b4f88b365f6c012944179276b093985e71f826a
urn:ure:smg:re_FunctionVariant:rmge01-usasm:801c369c	0x801C369C	136	func_801C369C		1cb65f5cb6c03f67c90537b29ffe71c75b8cd95fe83c441a61420b7339ba22f8
urn:ure:smg:re_FunctionVariant:rmge01-usasm:801c3724	0x801C3724	252	func_801C3724		f4a5646111106796ebd8788cca100327a4651dd2be71bf06e07f9a65d6e1b155
urn:ure:smg:re_FunctionVariant:rmge01-usasm:801c3820	0x801C3820	84	func_801C3820		039f6f50d10618b50835acbd33372386da5aca106ed627f436bacadf7df6c742
urn:ure:smg:re_FunctionVariant:rmge01-usasm:801c3874	0x801C3874	56	func_801C3874		98b43fb9f496906de1f01259ed0ae52d396f1b8c96c5825956e4342da26b9d63
urn:ure:smg:re_FunctionVariant:rmge01-usasm:801c38ac	0x801C38AC	1832	func_801C38AC		01294dbc65130f6df8daf7c6347496989942d0e5df43389dfe4de14ac1d1d557
urn:ure:smg:re_FunctionVariant:rmge01-usasm:801c3fd4	0x801C3FD4	120	func_801C3FD4		3b21637e7ddd86d70d3e8abea49c7555e98b5b0bb33fa94dfc9f58a87e116f3c
urn:ure:smg:re_FunctionVariant:rmge01-usasm:801c404c	0x801C404C	84	func_801C404C		81127a3a840895594f49541a21b155a345bd1ca7455849a353ea27bab1f6e92a
urn:ure:smg:re_FunctionVariant:rmge01-usasm:801c40a0	0x801C40A0	164	func_801C40A0		b10a377fe2292895ee2ae7fee4c64c92f62d040ac02bb5c33d858774b09f9177
urn:ure:smg:re_FunctionVariant:rmge01-usasm:801c4144	0x801C4144	220	func_801C4144		0c6e1517e9926013c5d73e3d3ec11cb7941d9b2a13fe830fdbf75a13ac37f477
urn:ure:smg:re_FunctionVariant:rmge01-usasm:801c4220	0x801C4220	428	func_801C4220		f714d556abb2a2dae5eb3f80aa5e924ffe8eba51ea03ac232cec82a273b7894b
urn:ure:smg:re_FunctionVariant:rmge01-usasm:801c43cc	0x801C43CC	152	func_801C43CC		71e6ec993c0da53f25eb0f89cac8f817a13be743ae755cdd1060886ad5a6cd1e
urn:ure:smg:re_FunctionVariant:rmge01-usasm:801c4464	0x801C4464	976	func_801C4464		d5dab710bee614cd36faacfabc7e259b218e1b7baea1ee0f48444b71cf40b5e1
urn:ure:smg:re_FunctionVariant:rmge01-usasm:801c4834	0x801C4834	148	func_801C4834		0a80cd55bfba0e1efe0b531f21785be4076f8907ed87e95c61f5a5ad6250b684
urn:ure:smg:re_FunctionVariant:rmge01-usasm:801c48c8	0x801C48C8	248	func_801C48C8		8b9d6947a28d170ece46657baf8e209f73a69d659d539babff1b7efa6feb2aa7
urn:ure:smg:re_FunctionVariant:rmge01-usasm:801c49c0	0x801C49C0	348	func_801C49C0		0270ce45ccf908939ffdc9ab2c5b3a878e878dc5961c894cb4a58511f608c4d6
urn:ure:smg:re_FunctionVariant:rmge01-usasm:801c4b1c	0x801C4B1C	320	func_801C4B1C		230bbb330172492c5b5b0a4fd26a2a11e7c003af181a7048d0c3cb82862d4e50
urn:ure:smg:re_FunctionVariant:rmge01-usasm:801c4c5c	0x801C4C5C	176	func_801C4C5C		bdb7d04fa6fb3806c3318f6d0d2714051b14269b0351bbd8ab436691b9602e26
urn:ure:smg:re_FunctionVariant:rmge01-usasm:801c4d0c	0x801C4D0C	232	func_801C4D0C		e7d71367585eddb73dcfc1a2fb98513173cc88bcf50fcd0c8734fcfa39dde91c
urn:ure:smg:re_FunctionVariant:rmge01-usasm:801c4df4	0x801C4DF4	160	func_801C4DF4		206799590bcf5c53d6e854113be1ea11132279798160c68c80be503ae5b7611a
urn:ure:smg:re_FunctionVariant:rmge01-usasm:801c4e94	0x801C4E94	296	func_801C4E94		fee45f7658d14372e51291bb4a081a57180603cd4fa804abe2166ce97572e4a4
urn:ure:smg:re_FunctionVariant:rmge01-usasm:801c4fbc	0x801C4FBC	360	func_801C4FBC		39c658e9cb2f501c0c54be10a9e648fe4162d0485e586608bb9b6793fc7a7a27
urn:ure:smg:re_FunctionVariant:rmge01-usasm:801c5124	0x801C5124	148	func_801C5124		5b7f6fe76a1f69679505bfd2e88f37a1691045e6472f661b7d288764362de312
urn:ure:smg:re_FunctionVariant:rmge01-usasm:801c51b8	0x801C51B8	172	func_801C51B8		d3ba62453df95191b9073a766af6edb2c625be288185fdaa591dbd75da3d119f
urn:ure:smg:re_FunctionVariant:rmge01-usasm:801c5264	0x801C5264	160	func_801C5264		4951f5ff77f5f47f9049b136195af45085652e2981bd062833cde0a291b85667
urn:ure:smg:re_FunctionVariant:rmge01-usasm:801c5304	0x801C5304	84	func_801C5304		bbba7713b94fb961b19aa127ea0f06b0354d2ab1262252da7e5778db80ed7738
urn:ure:smg:re_FunctionVariant:rmge01-usasm:801c5358	0x801C5358	144	func_801C5358		6f9f0a919a1ef55776af20c92f11a9d539a4188be48386eb32100d387c0d7495
urn:ure:smg:re_FunctionVariant:rmge01-usasm:801c53e8	0x801C53E8	96	func_801C53E8		6f51188429aa9a14a560fdce6b6246d8202775764d0feb15d1ca0453e8dff6b3
urn:ure:smg:re_FunctionVariant:rmge01-usasm:801c5448	0x801C5448	144	func_801C5448		866b3f08f5c32c1687570ad5c0cf453117e9fd8a5fbe529bcd7285137b9b8f02
urn:ure:smg:re_FunctionVariant:rmge01-usasm:801c54d8	0x801C54D8	1160	func_801C54D8		5b2ee26df203d60b553486214652850750af0c2e1c285446daebe2359bb120c6
urn:ure:smg:re_FunctionVariant:rmge01-usasm:801c5960	0x801C5960	16	func_801C5960		2938fd6c731010f0c66f1ff862cc45f6311dacfae37a02bcb8dc584c8ce7b3af
urn:ure:smg:re_FunctionVariant:rmge01-usasm:801c5970	0x801C5970	16	func_801C5970		c22027bd69a6af096fd363ed3af73280ea8c92d2f861bfa1225c7ebe8b87c6a2
urn:ure:smg:re_FunctionVariant:rmge01-usasm:801c5980	0x801C5980	16	func_801C5980		56fc2250ec7272788d292fac86b784be8a2d4cfbffa79766a15e095a2bd0a383
urn:ure:smg:re_FunctionVariant:rmge01-usasm:801c5990	0x801C5990	16	func_801C5990		769977ecb85672dd8d37e08d4e3a2b3b7d1663686c8c48e84c05a80669299a74
urn:ure:smg:re_FunctionVariant:rmge01-usasm:801c59a0	0x801C59A0	16	func_801C59A0		d59b6574d87450abe0f2219290c36639d7e69fd44691350fb1aa41669fbefd0f
urn:ure:smg:re_FunctionVariant:rmge01-usasm:801c59b0	0x801C59B0	120	func_801C59B0		aeaf085e52854cfb2349634c0c8a6b5282a76b6b25581be5430c0498a5d7b2eb
urn:ure:smg:re_FunctionVariant:rmge01-usasm:801c5a28	0x801C5A28	324	func_801C5A28		1ffb65dc57da23715806ea0f7e3ed8f2b7704b435afbe54569bca45bf69b3239
urn:ure:smg:re_FunctionVariant:rmge01-usasm:801c5b6c	0x801C5B6C	480	func_801C5B6C		f22d3e921c9496cc23a7c78f0b4a0f8a221950e42d611cbbb07de01f3efb5329
urn:ure:smg:re_FunctionVariant:rmge01-usasm:801c5d4c	0x801C5D4C	964	func_801C5D4C		9e6b9cd3c4cf4a97e4742f3e577b3258ae88b17d62af7576d1594a759799f95d
urn:ure:smg:re_FunctionVariant:rmge01-usasm:801c6110	0x801C6110	972	func_801C6110		6ab6ed13a397c813601bae9bbecaa44f17cec6c025a523ea9e4da67f7c61a27c
urn:ure:smg:re_FunctionVariant:rmge01-usasm:801c64dc	0x801C64DC	896	func_801C64DC		bc8ce80a2cf1ef693347a2b34f26712959a1eb012273d296169091a617f5047a
urn:ure:smg:re_FunctionVariant:rmge01-usasm:801c685c	0x801C685C	224	func_801C685C		d894546024db647bbb692cf6a0d6f87402b99c71fd1933b3b0093864cb5620c8
urn:ure:smg:re_FunctionVariant:rmge01-usasm:801c693c	0x801C693C	2100	func_801C693C		db872e1d27027b0b0a139dc202d3c98d0585f45e5ca25fd9c1a138ef4f73ff8d
urn:ure:smg:re_FunctionVariant:rmge01-usasm:801c7170	0x801C7170	200	func_801C7170		c3c78e8ce540990adcea20b1c2d16742588643117b5e613b76c3349e052773ba
urn:ure:smg:re_FunctionVariant:rmge01-usasm:801c7238	0x801C7238	108	func_801C7238		f13c3f28e3357a3e92d98724eb3b09acf8b065ad77b20818f055754b43b0ffbb
urn:ure:smg:re_FunctionVariant:rmge01-usasm:801c72a4	0x801C72A4	100	func_801C72A4		fff8d5fd28c254c2397a1adb87718a7660c50e5da83ab18a5c4e85612627d319
urn:ure:smg:re_FunctionVariant:rmge01-usasm:801c7308	0x801C7308	132	func_801C7308		d0b0dfb7d7375f613bcc57b49f9b5793b7fb6a4c4fce34d0c35485d5c665f022
urn:ure:smg:re_FunctionVariant:rmge01-usasm:801c738c	0x801C738C	248	func_801C738C		9360b17de4658d16733ade2e0a640d8914bf625f932dcdc139e1e3838ae43ff8
urn:ure:smg:re_FunctionVariant:rmge01-usasm:801c7484	0x801C7484	584	func_801C7484		412ca685b91f98bee9ef723cc99a12333c019ebed2074caa1993c6a9341000ae
urn:ure:smg:re_FunctionVariant:rmge01-usasm:801c76cc	0x801C76CC	196	func_801C76CC		7f61f62bf52c2ac243192867da6b41b74fab9b1e43133430b060fc83743d80c0
urn:ure:smg:re_FunctionVariant:rmge01-usasm:801c7790	0x801C7790	148	func_801C7790		79a191d8aa6237dfa8639d4a56feb4108e68ba5ea0445e4504b30e4db63d776a
urn:ure:smg:re_FunctionVariant:rmge01-usasm:801c7824	0x801C7824	132	func_801C7824		f3883ca2099fd64f6fb25e49127e5b37ea436d12d224f26478ff5b9ee17e8b1a
urn:ure:smg:re_FunctionVariant:rmge01-usasm:801c78a8	0x801C78A8	104	func_801C78A8		d384b4d03d839ac199a0260fd2d07e3f9f7775a56b01623455491825830b6364
urn:ure:smg:re_FunctionVariant:rmge01-usasm:801c7910	0x801C7910	104	func_801C7910		d7b57fe02afbaa3628554cbdca119c2649c05f2bca0897600ea6af3bf16204b4
urn:ure:smg:re_FunctionVariant:rmge01-usasm:801c7978	0x801C7978	192	func_801C7978		8298187eaca23b16fd0da9df88acb481c2ab7a7f79e7d7240f5f5a4608322693
urn:ure:smg:re_FunctionVariant:rmge01-usasm:801c7a38	0x801C7A38	28	func_801C7A38		0d40883cb0f5d73ae589738830c2c475f6c26c8b6f17395cf6dd1ba3df9e7beb
urn:ure:smg:re_FunctionVariant:rmge01-usasm:801c7a54	0x801C7A54	8	func_801C7A54		27c14e0f29e1a033c23ded520f72d12556dc5e6fcaaf517ec1e57fb4fb538963
urn:ure:smg:re_FunctionVariant:rmge01-usasm:801c7a5c	0x801C7A5C	96	func_801C7A5C		64ba9c249d7786e659e104db45cc4ad585942ed77409c186ae9aa67ceca44358
urn:ure:smg:re_FunctionVariant:rmge01-usasm:801c7abc	0x801C7ABC	28	func_801C7ABC		0ca9dca42f6466e71b1cc2f5b6e8cbcf42b8ef34d4482f2201bc618a7abae406
urn:ure:smg:re_FunctionVariant:rmge01-usasm:801c7ad8	0x801C7AD8	316	func_801C7AD8		561c687133bd3e4b7a8283729c2a9aa5b2b333f0c61e0cc6f99e4eae7a3c5801
urn:ure:smg:re_FunctionVariant:rmge01-usasm:801c7c14	0x801C7C14	92	func_801C7C14		222a3c097074ff2c3b74f8dda12cee542e760a0eb0760c152536c62529de14e1
urn:ure:smg:re_FunctionVariant:rmge01-usasm:801c7c70	0x801C7C70	260	func_801C7C70		ed19b2ec2fd992130875d695c9d3ab7d733fc32461d3a826be05009d518a1510
urn:ure:smg:re_FunctionVariant:rmge01-usasm:801c7d74	0x801C7D74	220	func_801C7D74		da5b21a4412c39add0edca5c81d466dac9258f7e10d8516f465d4467fbd5666f
urn:ure:smg:re_FunctionVariant:rmge01-usasm:801c7e50	0x801C7E50	208	func_801C7E50		1164be2a394f013a108436efefc6922fe070e5331bf1e4fe4f0578f48c286928
urn:ure:smg:re_FunctionVariant:rmge01-usasm:801c7f20	0x801C7F20	16	func_801C7F20		c7a487c1bc3f9977b479732f9da7f7f00a2e9f4869a24a9a3396ccc147ed8e73
urn:ure:smg:re_FunctionVariant:rmge01-usasm:801c7f30	0x801C7F30	16	func_801C7F30		0fe612a121460ad795e75dee6f3edbdadbaae476b099e23dbe1daf2834d06200
urn:ure:smg:re_FunctionVariant:rmge01-usasm:801c7f40	0x801C7F40	16	func_801C7F40		9ca3738b2a6cb315bede696e2ee8879675bfb09be57ec99beddbe829b3876b62
urn:ure:smg:re_FunctionVariant:rmge01-usasm:801c7f50	0x801C7F50	16	func_801C7F50		6956c9b7cf35c27d70033f358745e6e3c17ac6af57f8c0fcd524590943167405
urn:ure:smg:re_FunctionVariant:rmge01-usasm:801c7f60	0x801C7F60	16	func_801C7F60		9dbac2eb28f488119c8e6ad27c329ae73cc90df0724eb5ba285874872e5da5ae
urn:ure:smg:re_FunctionVariant:rmge01-usasm:801c7f70	0x801C7F70	16	func_801C7F70		6c3435bfc4163b60dbdc72c68cfe213586e0e1e4ab2dc5f85381481831ec721b
urn:ure:smg:re_FunctionVariant:rmge01-usasm:801c7f80	0x801C7F80	16	func_801C7F80		3f08227e61448131fd3c39aff0cc298dfc446c2a53fdb4109faf9ba6b53ace07
urn:ure:smg:re_FunctionVariant:rmge01-usasm:801c7f90	0x801C7F90	320	func_801C7F90		a64bb8811e6644c82e5d87aeeb9106312caa1d9f07933874c6e405fd2d586c1d
urn:ure:smg:re_FunctionVariant:rmge01-usasm:801c80d0	0x801C80D0	772	func_801C80D0		5e222308ad10d4bbfd367530721c520f1bdf204f2957cf9a6b942ea77f7a920f
urn:ure:smg:re_FunctionVariant:rmge01-usasm:801c83d4	0x801C83D4	16	func_801C83D4		30579c101662bf939de5b45192825628d64a78a952c8752b924b1bd1a95be66a
urn:ure:smg:re_FunctionVariant:rmge01-usasm:801c83e4	0x801C83E4	28	func_801C83E4		a161dc336ad254631a2cfa5f2c0a116e9b0bca5c14e48e3a2004210ead8340cc
urn:ure:smg:re_FunctionVariant:rmge01-usasm:801c8400	0x801C8400	880	func_801C8400		7e37889dcbc7fc88ec8048116a5c13756fe54824758495296ce689888353bf2d
urn:ure:smg:re_FunctionVariant:rmge01-usasm:801c8770	0x801C8770	20	func_801C8770		5fc65aba4b6284abfcea910ae96e4880d00cb84ee90f99c37c7316b7783b5772
urn:ure:smg:re_FunctionVariant:rmge01-usasm:801c8784	0x801C8784	204	func_801C8784		9e2b83d2f6981a1829f2b12fbd28c4a8361fa58845d74b1b56714f4f8d780215
urn:ure:smg:re_FunctionVariant:rmge01-usasm:801c8850	0x801C8850	524	func_801C8850		ea2552e2aa82fea55aed256f941f4ba08b674a8f694f581777904725c1f4717b
urn:ure:smg:re_FunctionVariant:rmge01-usasm:801c8a5c	0x801C8A5C	16	func_801C8A5C		6e005aef71983c6c4ad61f5eb56b79bba66054f4f7b2c661d993aa2ef08cc297
urn:ure:smg:re_FunctionVariant:rmge01-usasm:801c8a6c	0x801C8A6C	16	func_801C8A6C		df2891ba7282f9eee504b3954c0150fb5af238237719bf03aa896a642d6c11ee
urn:ure:smg:re_FunctionVariant:rmge01-usasm:801c8a7c	0x801C8A7C	16	func_801C8A7C		2e584bdba45481ffcbd2688472e2c966a1d4bde02dd2d40a957939212180371a
urn:ure:smg:re_FunctionVariant:rmge01-usasm:801c8a8c	0x801C8A8C	72	func_801C8A8C		58f703855ef16083bac755ebb29152348cc087c0df42575b591e86477affece1
urn:ure:smg:re_FunctionVariant:rmge01-usasm:801c8ad4	0x801C8AD4	216	func_801C8AD4		d7a89cceaa1f7f722acd4475b5bca0c087a43928169cf13794c2f12da67c1bac
urn:ure:smg:re_FunctionVariant:rmge01-usasm:801c8bac	0x801C8BAC	112	func_801C8BAC		b25966b86748bd4aa287096106a0c31341f301da21687b1fe915c8d5cead1f3c
urn:ure:smg:re_FunctionVariant:rmge01-usasm:801c8c1c	0x801C8C1C	144	func_801C8C1C		6c330e04d939a80042048a28d3f9d225b5469b60b8de84b334f89437b2914f18
urn:ure:smg:re_FunctionVariant:rmge01-usasm:801c8cac	0x801C8CAC	132	func_801C8CAC		ccf9ebf1d15231b850b1c9eceb778bb9213839c5c9c180e2373b47aa8b217ae5
urn:ure:smg:re_FunctionVariant:rmge01-usasm:801c8d30	0x801C8D30	168	func_801C8D30		2a4b73f179d44ac8206eacb5afc5161b85ff02900da7865afaa08caa62ade0b3
urn:ure:smg:re_FunctionVariant:rmge01-usasm:801c8dd8	0x801C8DD8	168	func_801C8DD8		578543664d55963004fda7522a88293e64fe437f76e58a453eb22f178bca3d12
urn:ure:smg:re_FunctionVariant:rmge01-usasm:801c8e80	0x801C8E80	32	func_801C8E80		db2bca2c70efac604b90db390f14ee94e727235475a20986afd606ed245a27a3
urn:ure:smg:re_FunctionVariant:rmge01-usasm:801c8ea0	0x801C8EA0	372	func_801C8EA0		8bac5b8fd3e42a0b869f6099ef9a430743f10cf7f6065aee4c46629b2101e9b6
urn:ure:smg:re_FunctionVariant:rmge01-usasm:801c9014	0x801C9014	124	func_801C9014		91b800038c07b49605b596eda3c7575bbc5251b6a5a69bfa3e586f34f94991c9
urn:ure:smg:re_FunctionVariant:rmge01-usasm:801c9090	0x801C9090	76	func_801C9090		e3925cddfe204b3afdfdb90ce2176461f51043ecdaeb3f4f0621d7799e49b43c
urn:ure:smg:re_FunctionVariant:rmge01-usasm:801c90dc	0x801C90DC	60	func_801C90DC		fce73e9b3efebf5127eaae93ac08878d3fd69d3d2cd022a01478f83a86572d3a
urn:ure:smg:re_FunctionVariant:rmge01-usasm:801c9118	0x801C9118	44	func_801C9118		18679f50ff413d21c7e51ecf0a10f91831b692730d943e378354d51f565ef24f
urn:ure:smg:re_FunctionVariant:rmge01-usasm:801c9144	0x801C9144	40	func_801C9144		d90366b4ecafd2d4362b036fb51c46cc685fc66b6aa5ba294d78d53207d03568
urn:ure:smg:re_FunctionVariant:rmge01-usasm:801c916c	0x801C916C	212	func_801C916C		fa24de74f052a860b8c6bfd8c03424e4b401de77312b403ccfbf1c1ce99f9d8b
urn:ure:smg:re_FunctionVariant:rmge01-usasm:801c9240	0x801C9240	212	func_801C9240		75b6719cccb2c50b50aa64d82c34707237bc7dfd17aa36b833aa91032cf9c8d1
urn:ure:smg:re_FunctionVariant:rmge01-usasm:801c9314	0x801C9314	332	func_801C9314		5a5f32d62774d8ae7824a931a2eab82d5d2147d5fe62a2979bfe03bb4111e3e6
urn:ure:smg:re_FunctionVariant:rmge01-usasm:801c9460	0x801C9460	68	func_801C9460		1e82dc80c3d4ec18ec915cc9486158d9c8f0d0ff797afd477c8b37583e2ec611
urn:ure:smg:re_FunctionVariant:rmge01-usasm:801c94a4	0x801C94A4	680	func_801C94A4		eb9db3def3aabd7e164e9013dcc8495da840f5a9e16d0048085dcc5be377abc0
urn:ure:smg:re_FunctionVariant:rmge01-usasm:801c974c	0x801C974C	304	func_801C974C		32825d70a7a8bdc0833ad3c174e73389e6a930406b6951f167399aba57f5b404
urn:ure:smg:re_FunctionVariant:rmge01-usasm:801c987c	0x801C987C	356	func_801C987C		401a29cd4d9962097a854c928deccd6a2af4f8cbf189f96702217a5d70bb926c
urn:ure:smg:re_FunctionVariant:rmge01-usasm:801c99e0	0x801C99E0	8	func_801C99E0		63442844f288928bf4758546050112d888c36e36fad7b76a28849e3b4086074c
urn:ure:smg:re_FunctionVariant:rmge01-usasm:801c99e8	0x801C99E8	44	func_801C99E8		f20aaa1e29f0d744b794631220237d71e8885dbc329c52ea04971f67658a4079
urn:ure:smg:re_FunctionVariant:rmge01-usasm:801c9a14	0x801C9A14	44	func_801C9A14		d1f216f1d8a7d7a260e4212cbb09364592657427154c0b03954b58e5b3c729cf
urn:ure:smg:re_FunctionVariant:rmge01-usasm:801c9a40	0x801C9A40	132	func_801C9A40		9c5e18fc94a06f12621ac61c33d427495737a23ade620b2f22bea89c3adede2d
urn:ure:smg:re_FunctionVariant:rmge01-usasm:801c9ac4	0x801C9AC4	260	func_801C9AC4		849c4a25e37b37568abc679e29c791b10252d4ed918653339ba6c6de7b420adb
urn:ure:smg:re_FunctionVariant:rmge01-usasm:801c9bc8	0x801C9BC8	564	func_801C9BC8		244b5c4ee833cd5788b27049c47daaff1b6a0f482e7f93730c471363132108da
urn:ure:smg:re_FunctionVariant:rmge01-usasm:801c9dfc	0x801C9DFC	16	func_801C9DFC		aa77619411d6d4faad168f65c3256d89956e09361d56b00e86233dd369dea4ca
urn:ure:smg:re_FunctionVariant:rmge01-usasm:801c9e0c	0x801C9E0C	32	func_801C9E0C		da6a034a8c9a9e78d8a5866bf1513e910bf03b7252d9aeb0dc1c71464b23c5cf
urn:ure:smg:re_FunctionVariant:rmge01-usasm:801c9e2c	0x801C9E2C	1396	func_801C9E2C		8f2cf85001f2e8bee1a942c61a4ce434564b1c1791f41941b50c19e452ab2904
urn:ure:smg:re_FunctionVariant:rmge01-usasm:801ca3a0	0x801CA3A0	192	func_801CA3A0		2f96d413e5008377e652ad728c8b027e951d858ddde898327e8b0454a9026a38
urn:ure:smg:re_FunctionVariant:rmge01-usasm:801ca460	0x801CA460	16	func_801CA460		884c7c61d54c71ca64c581d30739d215f77762b4bcf61a1a9aad5ed6f03ccec6
urn:ure:smg:re_FunctionVariant:rmge01-usasm:801ca470	0x801CA470	16	func_801CA470		4d8648ae2b981f234df7431447925b311fb67df33ba4cb7e01b3dd0549779d17
urn:ure:smg:re_FunctionVariant:rmge01-usasm:801ca480	0x801CA480	16	func_801CA480		a9eb7cb82207b4bb781d2df30f5ffa99e6238c9613dc000e52a391c294064608
urn:ure:smg:re_FunctionVariant:rmge01-usasm:801ca490	0x801CA490	404	func_801CA490		5ae184abff2ef6695daf163b6889990ededf38536a6f050701dfad3328d592b3
urn:ure:smg:re_FunctionVariant:rmge01-usasm:801ca624	0x801CA624	192	func_801CA624		99e22c49d0b394bd4b82f703299af5346ce189b9541abdaa0ef29df7cc8b698d
urn:ure:smg:re_FunctionVariant:rmge01-usasm:801ca6e4	0x801CA6E4	100	func_801CA6E4		753f353f0d9a443bf15d9bc802eb548ea9f6a569cd2872261e3ae34f8b245dee
urn:ure:smg:re_FunctionVariant:rmge01-usasm:801ca748	0x801CA748	352	func_801CA748		a7cb6c4ea2750f11766848863b45aa6bd64e65cb6f56e0d6bf1746f920918bc8
urn:ure:smg:re_FunctionVariant:rmge01-usasm:801ca8a8	0x801CA8A8	16	func_801CA8A8		f9e94422dbfd06471a7d77ba0956d02f5557a83fdffe0c993376101076fb604c
urn:ure:smg:re_FunctionVariant:rmge01-usasm:801ca8b8	0x801CA8B8	104	func_801CA8B8		6806de3bd77d053e4dd31ac20cbb9b5b399c6136ad65fb5df31087cf3c236a6c
urn:ure:smg:re_FunctionVariant:rmge01-usasm:801ca920	0x801CA920	708	func_801CA920		0817020284a1e15958549619e180e49e136257812ff855895bb89fc2e52f3a45
urn:ure:smg:re_FunctionVariant:rmge01-usasm:801cabe4	0x801CABE4	2256	func_801CABE4		ce1fcf484b4d581f0cd525ec6cb0ec6345cfbda0656884c316144e0b288e6855
urn:ure:smg:re_FunctionVariant:rmge01-usasm:801cb4b4	0x801CB4B4	312	func_801CB4B4		eefdc56fd75758f59bcbedbb7295fc476ea9a2732da91f4219edd4cbd026938b
urn:ure:smg:re_FunctionVariant:rmge01-usasm:801cb5ec	0x801CB5EC	216	func_801CB5EC		3f34f94bcbb9c34cf765d3851043708a7f020f601d743dc1850c2d8ebab30c3d
urn:ure:smg:re_FunctionVariant:rmge01-usasm:801cb6c4	0x801CB6C4	1152	func_801CB6C4		15136e71011e354c0f1bda54e7c2501c10bbac698917c1ddd764511dcf0b40a8
urn:ure:smg:re_FunctionVariant:rmge01-usasm:801cbb44	0x801CBB44	16	func_801CBB44		25d248533461d91df407d3889b33603e97c688d695d0f6d2a3f3336d703c1f41
urn:ure:smg:re_FunctionVariant:rmge01-usasm:801cbb54	0x801CBB54	16	func_801CBB54		4b01e26f13002f6ea770b3a1b9b8506bd6b1e16c8a8816e2af8d4951b1e599f0
urn:ure:smg:re_FunctionVariant:rmge01-usasm:801cbb64	0x801CBB64	284	func_801CBB64		a3d52e0d901ead60de8fb6b7300f41506822853e4accdeb807c43ff83dae7307
urn:ure:smg:re_FunctionVariant:rmge01-usasm:801cbc80	0x801CBC80	1604	func_801CBC80		9194fb4220ac85e1c3ee043598ea55fca5d8cbc4e39db7f89089ac0261da6acb
urn:ure:smg:re_FunctionVariant:rmge01-usasm:801cc2c4	0x801CC2C4	424	func_801CC2C4		dacb491e84bf7b87688a87a179ed2c66269ed6f3d481f618cfa0cfbc24e593e9
urn:ure:smg:re_FunctionVariant:rmge01-usasm:801cc46c	0x801CC46C	244	func_801CC46C		b06cc219f29a3ecccd0a13b39956b403e03a495fd4553cc52d1cf0e95ffc0462
urn:ure:smg:re_FunctionVariant:rmge01-usasm:801cc560	0x801CC560	124	func_801CC560		70faaa9fb9aa4d9819bb0db57d1d0d3384dcf447512593384c4272ba5669f165
urn:ure:smg:re_FunctionVariant:rmge01-usasm:801cc5dc	0x801CC5DC	356	func_801CC5DC		0b0a35c05d5a1c67f86f9b244be655887bfee682e9f07e31243a22f4f3189ad8
urn:ure:smg:re_FunctionVariant:rmge01-usasm:801cc740	0x801CC740	16	func_801CC740		a3e33ddc95ebccbadfb57d820197eb19fdc4b7ea94a382a0be9019f03c76691f
urn:ure:smg:re_FunctionVariant:rmge01-usasm:801cc750	0x801CC750	16	func_801CC750		343186da168c81a23080a161d4f7bb0be2478f47763f49c02a54cf0ccdb96364
urn:ure:smg:re_FunctionVariant:rmge01-usasm:801cc760	0x801CC760	16	func_801CC760		f00d2000595d88d35b813a2b6d8d914ab9c0ed457ad37e1695bbafcf795b68de
urn:ure:smg:re_FunctionVariant:rmge01-usasm:801cc770	0x801CC770	16	func_801CC770		9c8890f8acc932663475beb1260ee26099a6315113762b6d1dd7265cbf3f45ae
urn:ure:smg:re_FunctionVariant:rmge01-usasm:801cc780	0x801CC780	16	func_801CC780		65682aee2499a47bb22e76cf5c88656687bad8b2719d840ae94a4b075548398d
urn:ure:smg:re_FunctionVariant:rmge01-usasm:801cc790	0x801CC790	16	func_801CC790		879750c18d0c8702984b5d08990b51c9bbf62afb02b2090c121ad18a39dc91be
urn:ure:smg:re_FunctionVariant:rmge01-usasm:801cc7a0	0x801CC7A0	16	func_801CC7A0		b41ebc9a852a4dbc109fe9dee2c503d57c1e074e8ccaeaf38055498dfe54e999
urn:ure:smg:re_FunctionVariant:rmge01-usasm:801cc7b0	0x801CC7B0	92	func_801CC7B0		166c0e840791c75ca1a8856a470438e412efa610322040bee6a41ea34c5616b2
urn:ure:smg:re_FunctionVariant:rmge01-usasm:801cc80c	0x801CC80C	504	func_801CC80C		d72434dcb9b5712a043d0f0f2d1ae00bf33b22703982630247469d169ec4415f
urn:ure:smg:re_FunctionVariant:rmge01-usasm:801cca04	0x801CCA04	60	func_801CCA04		d1e391b7b99af26ca76774a746b441103b931dec2ed5d143bd0501ce77828332
urn:ure:smg:re_FunctionVariant:rmge01-usasm:801cca40	0x801CCA40	76	func_801CCA40		0d2cad678d614b4455689966d404130c7a51267d583647e511734269c7167a5c
urn:ure:smg:re_FunctionVariant:rmge01-usasm:801cca8c	0x801CCA8C	324	func_801CCA8C		485ce8effc803bd807efbc45d794ddcebbe666fcf4333fd3473ea2dca9521830
urn:ure:smg:re_FunctionVariant:rmge01-usasm:801ccbd0	0x801CCBD0	324	func_801CCBD0		d8e8610fe95b3b993f905c75b4136bda48b7acf1a919529429d711150caef9de
urn:ure:smg:re_FunctionVariant:rmge01-usasm:801ccd14	0x801CCD14	16	func_801CCD14		5fc415afe68399e00d85e311cf5aefde9d41c270e880f9c73306915e30d9b3dd
urn:ure:smg:re_FunctionVariant:rmge01-usasm:801ccd24	0x801CCD24	16	func_801CCD24		02802f435e15841fdc210ee717fe4df67199b6bb8bfbf4610d2150d81cafd184
urn:ure:smg:re_FunctionVariant:rmge01-usasm:801ccd34	0x801CCD34	16	func_801CCD34		1fcaac779abfba44d898f3715dd57461ffa4adadbe3e7ee77d0d5aa0ee2bda61
urn:ure:smg:re_FunctionVariant:rmge01-usasm:801ccd44	0x801CCD44	116	func_801CCD44		4a59b5615bc743fcccce6661220fdfe89770725c0c6f4d7ade36feca4d1e4c2e
urn:ure:smg:re_FunctionVariant:rmge01-usasm:801ccdb8	0x801CCDB8	344	func_801CCDB8		5318ec7619ea11399418a906774f85b513fa2deb0bba0fdbd8b67f9e10d45909
urn:ure:smg:re_FunctionVariant:rmge01-usasm:801ccf10	0x801CCF10	1824	func_801CCF10		40269f0ad46da9ad326c7766980182e9ffa51acca0c3cbdc8c9c4096153e0de3
urn:ure:smg:re_FunctionVariant:rmge01-usasm:801cd630	0x801CD630	128	func_801CD630		64b1d81c52ac45bb8c949e1bbfa0590b8a8b96da4ef5d4136f71b4358044303d
urn:ure:smg:re_FunctionVariant:rmge01-usasm:801cd6b0	0x801CD6B0	676	func_801CD6B0		1964b001e6e24924c7f15cbf999f99e2fb84bbce1e9652a0dceb673cf3d682aa
urn:ure:smg:re_FunctionVariant:rmge01-usasm:801cd954	0x801CD954	712	func_801CD954		d0e7899a784b7dc7173707ddacdeb09b3a1e180cc0f148df16fbab7ec8d7dc0d
urn:ure:smg:re_FunctionVariant:rmge01-usasm:801cdc1c	0x801CDC1C	16	func_801CDC1C		3b5f4de4c28f2375886d1754c8e577c178ea3cd1e794e82be75f7135e861289b
urn:ure:smg:re_FunctionVariant:rmge01-usasm:801cdc2c	0x801CDC2C	28	func_801CDC2C		bf4d7fe55a33c7f751bc66800c4f568830acfe52b9d8a03c12888baee3341ea5
urn:ure:smg:re_FunctionVariant:rmge01-usasm:801cdc48	0x801CDC48	992	func_801CDC48		f8a17d830028ba84dd4acaf64e70cb2a6673c9f2dc2a901364e30371dc6b02db
urn:ure:smg:re_FunctionVariant:rmge01-usasm:801ce028	0x801CE028	256	func_801CE028		72e54077ff7e3be0a02a9627d6192424cee674290ffea81338265ee889cd6f40
urn:ure:smg:re_FunctionVariant:rmge01-usasm:801ce128	0x801CE128	124	func_801CE128		acd72959ecd13c8d42849941a4f968197ee243360d8278fb38f056bfabe60a86
urn:ure:smg:re_FunctionVariant:rmge01-usasm:801ce1a4	0x801CE1A4	60	func_801CE1A4		500a1a41d8be412753ab2df4403b17186a9481a698b2141bbfbf665ada7e0579
urn:ure:smg:re_FunctionVariant:rmge01-usasm:801ce1e0	0x801CE1E0	32	func_801CE1E0		2cdc13df3144049c55d2ed26fa7a7f88d12dc06e2505ed6aeaac386858753740
urn:ure:smg:re_FunctionVariant:rmge01-usasm:801ce200	0x801CE200	1116	func_801CE200		5697802ba4d88589978fa01da9be218f63d19fccf85c8036e76652c8981e0961
urn:ure:smg:re_FunctionVariant:rmge01-usasm:801ce65c	0x801CE65C	16	func_801CE65C		3fbe0fa0280a434ebf4040703aa3220d8ae882f0f0fd46fb4c88f0ea0879da3f
urn:ure:smg:re_FunctionVariant:rmge01-usasm:801ce66c	0x801CE66C	16	func_801CE66C		c26bd75852999fb9b85addd45e02a900e2656696a01544a52f712006b78849f0
urn:ure:smg:re_FunctionVariant:rmge01-usasm:801ce67c	0x801CE67C	16	func_801CE67C		3e4087f7839e9bf8c2c3aaba4aaca14dfdf6c73978c8ccc7454b95b60e7a70d4
urn:ure:smg:re_FunctionVariant:rmge01-usasm:801ce68c	0x801CE68C	48	func_801CE68C		1513374bf9c70cf421b824bcd0cd1e91a54f24d61e791da4d55420df1d96c069
urn:ure:smg:re_FunctionVariant:rmge01-usasm:801ce6bc	0x801CE6BC	20	func_801CE6BC		9b30d963be1b0c0a28519e693a9ce6d54ed8a535489d53cb7bf154d713bd2880
urn:ure:smg:re_FunctionVariant:rmge01-usasm:801ce6d0	0x801CE6D0	772	func_801CE6D0		56d5a0228db7d76693b06cbacbe1d603f9f76bc6d933bda3cd39094680d17313
urn:ure:smg:re_FunctionVariant:rmge01-usasm:801ce9d4	0x801CE9D4	124	func_801CE9D4		bbed78dddbfb89ef8199e3ab2489ab6a6dbac126f5fc9ec087906359593dccc4
urn:ure:smg:re_FunctionVariant:rmge01-usasm:801cea50	0x801CEA50	1464	func_801CEA50		4b07b9748e7396521b1ec42fc1c91ff8001e06120b1d4a75139d9f78053d320a
urn:ure:smg:re_FunctionVariant:rmge01-usasm:801cf008	0x801CF008	16	func_801CF008		d00fb80fe775d72af471629fcb6cecffd59fa805421add7fedd30ddf260e5e91
urn:ure:smg:re_FunctionVariant:rmge01-usasm:801cf018	0x801CF018	16	func_801CF018		2945e19d3089a8b4a60c1af6de853ace5461daa79ac83548bf8f9fbaac0b5ab2
urn:ure:smg:re_FunctionVariant:rmge01-usasm:801cf028	0x801CF028	16	func_801CF028		84ce55f062afe9e62423e8b16df722f6328f07977cefb9a86ff062dc8ec7e364
urn:ure:smg:re_FunctionVariant:rmge01-usasm:801cf038	0x801CF038	16	func_801CF038		b66b5d7c6c2fea5516e7ec4ec75de89c7a134c198d3c163c16d577484386f160
urn:ure:smg:re_FunctionVariant:rmge01-usasm:801cf048	0x801CF048	16	func_801CF048		619d6e65062b100952ebce3436f5ef0961823724a88567d080a42362915c5f77
urn:ure:smg:re_FunctionVariant:rmge01-usasm:801cf058	0x801CF058	16	func_801CF058		3569b3b3578a7c240a1e7b73a31d47d9466ed87dee7a0a23fc314675868c5ebf
urn:ure:smg:re_FunctionVariant:rmge01-usasm:801cf068	0x801CF068	84	func_801CF068		bd836cf37e340d1aeebbaa9dedc3b670253d96327135b06646190e3ac1263935
urn:ure:smg:re_FunctionVariant:rmge01-usasm:801cf0bc	0x801CF0BC	2040	func_801CF0BC		9c7413654d42156391f9df0981e6b6995c59d243cb349384362b6c1a7bfd1ed1
urn:ure:smg:re_FunctionVariant:rmge01-usasm:801cf8b4	0x801CF8B4	528	func_801CF8B4		b53f03da15652ea1361f3311fca7a73a66a4561573277557dbf2546b40923e38
urn:ure:smg:re_FunctionVariant:rmge01-usasm:801cfac4	0x801CFAC4	16	func_801CFAC4		c71cffc4c4ac7e7a0616f0744e32b0a9ecc124149aaec655a1a7cf628dda7448
urn:ure:smg:re_FunctionVariant:rmge01-usasm:801cfad4	0x801CFAD4	16	func_801CFAD4		1c595440b7d9dc175da3b2daca07d03f85d496d11b250a0719058a4f1c492fde
urn:ure:smg:re_FunctionVariant:rmge01-usasm:801cfae4	0x801CFAE4	16	func_801CFAE4		79af4529ff43768baac154d6e7ac336edd3a54976ebc3ea834f578755da7842c
urn:ure:smg:re_FunctionVariant:rmge01-usasm:801cfaf4	0x801CFAF4	140	func_801CFAF4		1f400dd6ba4d5c0e96e27ab3ab7b86cb183cfe0b5a4e0e81ee062caa853c47b7
urn:ure:smg:re_FunctionVariant:rmge01-usasm:801cfb80	0x801CFB80	1484	func_801CFB80		45979c925db302bba0e2a23872b6569123a8596c5a42fe5712157e0c21e382b5
urn:ure:smg:re_FunctionVariant:rmge01-usasm:801d014c	0x801D014C	324	func_801D014C		f79729fe99eeeffb4eb64c563e1779363e8a33073ab1557d836149341603c6a9
urn:ure:smg:re_FunctionVariant:rmge01-usasm:801d0290	0x801D0290	16	func_801D0290		31cb53e98138dbb3c62b6bb774088f382f65cd1380646b38065ab27ba495a8ab
urn:ure:smg:re_FunctionVariant:rmge01-usasm:801d02a0	0x801D02A0	16	func_801D02A0		453b366d77e36a9d8f02ad796af2906d6f5df705ba74fe99e908ae7c9905b140
urn:ure:smg:re_FunctionVariant:rmge01-usasm:801d02b0	0x801D02B0	16	func_801D02B0		0468f652ea95229aaee42df3cee0aa6ca4be298ea6e78ad0282df4e72de76f94
urn:ure:smg:re_FunctionVariant:rmge01-usasm:801d02c0	0x801D02C0	48	func_801D02C0		60116256ed6a1d88d1eb10302c3d44204a3e901d015755c757696c0f1d087b84
urn:ure:smg:re_FunctionVariant:rmge01-usasm:801d02f0	0x801D02F0	244	func_801D02F0		723b62cdb744701e3b68465126db02d047702997c33cbd0d68a0dcaa9c39e9ae
urn:ure:smg:re_FunctionVariant:rmge01-usasm:801d03e4	0x801D03E4	1320	func_801D03E4		0debaf651cc011641ed509d7bff03c7d356771b75cbdc96b88de80fa03b82306
urn:ure:smg:re_FunctionVariant:rmge01-usasm:801d090c	0x801D090C	100	func_801D090C		66b0ee2ddc2b54633fbea4a14c7b60b75dd0ff9a91aadd65c62df711af2eea58
urn:ure:smg:re_FunctionVariant:rmge01-usasm:801d0970	0x801D0970	92	func_801D0970		50fcdd0d4aeb1be87f4e75b179be26c88f54fd02ccc07d75dfcb5479ffd6e9ba
urn:ure:smg:re_FunctionVariant:rmge01-usasm:801d09cc	0x801D09CC	108	func_801D09CC		5b717f61f2fd96daf4bfc3dedf2ae481d02afe4f8e75a4569344f00c79b84688
urn:ure:smg:re_FunctionVariant:rmge01-usasm:801d0a38	0x801D0A38	104	func_801D0A38		3e5ef244cdf6dd8376d4021b60aa665e364dcfba9b0e8308061ec37f8d9d538d
urn:ure:smg:re_FunctionVariant:rmge01-usasm:801d0aa0	0x801D0AA0	108	func_801D0AA0		a2b4afd6130bdbb37b93b14ab3ead1a21cc847a67e0c589c571a12f6a3acec05
urn:ure:smg:re_FunctionVariant:rmge01-usasm:801d0b0c	0x801D0B0C	112	func_801D0B0C		21c83416a5eb545526d44ca2e69138788bbfb3c66ce711fbff4387d7279183f2
urn:ure:smg:re_FunctionVariant:rmge01-usasm:801d0b7c	0x801D0B7C	180	func_801D0B7C		c65cb213b72d046f78c214841904b3787b68a5101e3b0fe400c1409f770f75d6
urn:ure:smg:re_FunctionVariant:rmge01-usasm:801d0c30	0x801D0C30	160	func_801D0C30		519f80228b5671d45e55a3e0491d3d690b301e00c7764a8a83ebe297efb0ff49
urn:ure:smg:re_FunctionVariant:rmge01-usasm:801d0cd0	0x801D0CD0	88	func_801D0CD0		67ffcb1bca4a2d1ab764488704447b076c23342d2dd7d9e6360831059cae708c
urn:ure:smg:re_FunctionVariant:rmge01-usasm:801d0d28	0x801D0D28	660	func_801D0D28		ac96756e30a612ab3159b3d273b176db858ab30ef63c82b55b1d5c4b0238f5c8
urn:ure:smg:re_FunctionVariant:rmge01-usasm:801d0fbc	0x801D0FBC	368	func_801D0FBC		b006c6eff708150f4a90d6150955da577623d3119f088a92211622d4c9999079
urn:ure:smg:re_FunctionVariant:rmge01-usasm:801d112c	0x801D112C	20	func_801D112C		28624c5c3b100e3ffbf2810186026ca827e9c81b86b3a9ae70435c808b125a1b
