id	address	size	name	subsystem	expected_sha256
urn:ure:smg:re_FunctionVariant:rmge01-usasm:802621dc:200721	0x802621DC	68	func_802621DC	NameObj	006de7402f8d9321119047906e56bdb20e8ddbd5775c5fc1e72f8b5896d781e8
urn:ure:smg:re_FunctionVariant:rmge01-usasm:80262220:200722	0x80262220	68	func_80262220	NameObj	1047f3bd94691767e7f18eb6ccd51b54f84933c5c1c29f18a672b0f39ec2e0a4
urn:ure:smg:re_FunctionVariant:rmge01-usasm:80262264:200723	0x80262264	72	func_80262264	NameObj	19c54c0a81c4c95a3dd6384ad55d398eeca6ed5b211d2d2edacbc047eac5025f
urn:ure:smg:re_FunctionVariant:rmge01-usasm:802622ac:200724	0x802622AC	72	func_802622AC	NameObj	3e367ad536b7d9de93774f538c0dbbfb2d0e7815cfd2aabf0e27d911ff0e0ed8
urn:ure:smg:re_FunctionVariant:rmge01-usasm:802622f4:200725	0x802622F4	64	func_802622F4	NameObj	c2bbb85e1876f4bf20b459da833cee5994489063f9a598ce7ad0ea1cf978d1fd
urn:ure:smg:re_FunctionVariant:rmge01-usasm:80262334:200726	0x80262334	112	func_80262334	NameObj	1727da00c72b258e4ab0f8e7e4cd089c772709c368ec23dec3702e118977f6d5
urn:ure:smg:re_FunctionVariant:rmge01-usasm:802623a4:200727	0x802623A4	112	func_802623A4	NameObj	f225cf323deec47a285881bafd55a114dff94224d7bd981c4ccdb87e785a4337
urn:ure:smg:re_FunctionVariant:rmge01-usasm:80262414:200728	0x80262414	112	func_80262414	NameObj	1f80dc83cff34db0750a4b9d423e8a6950e1228bf770660427f5e345bfa16406
urn:ure:smg:re_FunctionVariant:rmge01-usasm:80262484:200729	0x80262484	112	func_80262484	NameObj	2606c12b17abc67389b616a0886dc72a27505c7e72a72b62b8b1fba55dd9f0c1
urn:ure:smg:re_FunctionVariant:rmge01-usasm:802624f4:200730	0x802624F4	112	func_802624F4	NameObj	cd8b374f11e3725f631defcf4cdc8123487b86120bbeca5a1ce442762eb5abd8
urn:ure:smg:re_FunctionVariant:rmge01-usasm:80262564:200731	0x80262564	100	func_80262564	NameObj	8ba2c1504582a6e1e4290463e2be792f40992f757d15d63e7b680ec94acb003d
urn:ure:smg:re_FunctionVariant:rmge01-usasm:802625c8:200732	0x802625C8	100	func_802625C8	NameObj	76da9ef40ec0fa5c5b05d30e81d24032bef275057bfd67e35d362eef35c0eb8e
urn:ure:smg:re_FunctionVariant:rmge01-usasm:8026262c:200733	0x8026262C	36	func_8026262C	NameObj	21b6224373bab8fcc8036ecaf7a98b3f53386d2cf47d1e956689ef4b24e7bbfd
urn:ure:smg:re_FunctionVariant:rmge01-usasm:80262650:200734	0x80262650	100	func_80262650	NameObj	08fab80c31eb8eaf0099a25a93e979f7ee82aaf1fb47840106e4ecd37188e26e
urn:ure:smg:re_FunctionVariant:rmge01-usasm:802626b4:200735	0x802626B4	44	func_802626B4	NameObj	3b631fbad8f6a13896acb37af4be101be07822fe93de9cfd53f8e798f41e1c06
urn:ure:smg:re_FunctionVariant:rmge01-usasm:802626e0:200736	0x802626E0	60	func_802626E0	NameObj	75701015eb8f2127829bb8bf0f3c7b21e4e2e47122601fdad3a94f2f60da3b9e
urn:ure:smg:re_FunctionVariant:rmge01-usasm:8026271c:200737	0x8026271C	60	func_8026271C	NameObj	8e07484c7e1692b0c551a02f05d6687d135738501891b887fd7dde0f706590ae
urn:ure:smg:re_FunctionVariant:rmge01-usasm:80262758:200738	0x80262758	60	func_80262758	NameObj	c7b04e9f09339e32dd0ab8f65f717bb4a0d77b10c09d72f05a135fb4755b4bfc
urn:ure:smg:re_FunctionVariant:rmge01-usasm:80262794:200739	0x80262794	60	func_80262794	NameObj	a768ff22139e184695728a93a18ba5a6ea4207387fb443ed6622947184deabd1
urn:ure:smg:re_FunctionVariant:rmge01-usasm:802627d0:200740	0x802627D0	60	func_802627D0	NameObj	2ded8fc196594dbe2a79dc52afeaefebb195e011759846f539cd4acbcfe38b3d
urn:ure:smg:re_FunctionVariant:rmge01-usasm:8026280c:200741	0x8026280C	44	func_8026280C	NameObj	b1a2a462b21192713021494d0ae0be5ada96c8e8c078f3cce1ab7c86aab14369
urn:ure:smg:re_FunctionVariant:rmge01-usasm:80262838:200742	0x80262838	44	func_80262838	NameObj	155db6fd80a9c6a826fed557bd774f3a9b01bf9daec9de1498a0070d6ed9298e
urn:ure:smg:re_FunctionVariant:rmge01-usasm:80262864:200743	0x80262864	44	func_80262864	NameObj	9ca2a3957aefba189e0b8eb63496d4ef7b37bfffe48f2d35230eba9d100f113e
urn:ure:smg:re_FunctionVariant:rmge01-usasm:80262890:200744	0x80262890	44	func_80262890	NameObj	610e568713667fbfc122e7a574f43fb4c6a4276e23d966aec24c55c387af67d0
urn:ure:smg:re_FunctionVariant:rmge01-usasm:802628bc:200745	0x802628BC	44	func_802628BC	NameObj	911963fb6d64754cf0ee22b9dbd9c38b2e7ea4fe2c40e14587d66ef504a5b12d
urn:ure:smg:re_FunctionVariant:rmge01-usasm:802629a0:200749	0x802629A0	33580	func_802629A0	NameObj	6a18eb2f565298e1a8804e35ac1ac00f384bf848d8122018c7b7d6cec353cc00
urn:ure:smg:re_FunctionVariant:rmge01-usasm:8026accc:200750	0x8026ACCC	96	func_8026ACCC	NameObj	df72918fc734437d20a511843e14687261df2d265c2574616470d0178d20658a
urn:ure:smg:re_FunctionVariant:rmge01-usasm:8026ad2c:200751	0x8026AD2C	120	func_8026AD2C	NameObj	b31411e7552abfc23694eda9a42c5b6ebd7a9e6aa92cfe80a86706c23c4c45ae
urn:ure:smg:re_FunctionVariant:rmge01-usasm:8026ada4:200752	0x8026ADA4	136	func_8026ADA4	NameObj	d52cab460b1f977892dc206e37eb47798f6c385149f80fb237ebd3be007ce668
urn:ure:smg:re_FunctionVariant:rmge01-usasm:8026ae2c:200753	0x8026AE2C	112	func_8026AE2C	NameObj	1d57a147f466be7e8b3e835b3fe146a667997abf9a1f7f0565579a7192a2b24a
urn:ure:smg:re_FunctionVariant:rmge01-usasm:8026ae9c:200754	0x8026AE9C	136	func_8026AE9C	NameObj	b9507adca1990a31871a308fb687c7e5b7664bd720d18fc57eb27d9fdbe01f88
urn:ure:smg:re_FunctionVariant:rmge01-usasm:8026af24:200755	0x8026AF24	1316	func_8026AF24	NameObj	6a5d70facaf9246f7b30a628a040f8b78e1bb524564e91d6fbc7ca08a9e4a0aa
urn:ure:smg:re_FunctionVariant:rmge01-usasm:8026b448:200756	0x8026B448	648	func_8026B448	NameObj	ce76b3563ffa661daa8e3348076f59b420ee41ebef7b47099cfdd986336011d4
urn:ure:smg:re_FunctionVariant:rmge01-usasm:8026b6d0:200757	0x8026B6D0	16	func_8026B6D0	NameObj	344279fb729bd1764c476087fcb041120dd6df5cca86d942671753a7bd2017ca
urn:ure:smg:re_FunctionVariant:rmge01-usasm:8026b6e0:200758	0x8026B6E0	16	func_8026B6E0	NameObj	fcf34d61f691c7e90dba30ff137a0c0b842d3a8b6f284ce176971798b8fb4e5b
urn:ure:smg:re_FunctionVariant:rmge01-usasm:8026b6f0:200759	0x8026B6F0	16	func_8026B6F0	NameObj	3f09219fe7efb1165356d543d2fd52454e0b9c652d482fac6bc170c98263d60a
urn:ure:smg:re_FunctionVariant:rmge01-usasm:8026b700:200760	0x8026B700	16	func_8026B700	NameObj	7d63e793f5481eaaa9f99dd7841db722bc34fd9a7ece2e8c57cacfd83d1b15a4
urn:ure:smg:re_FunctionVariant:rmge01-usasm:8026b710:200761	0x8026B710	16	func_8026B710	NameObj	72a62db00df222b4c934e89a24cb23cf8ce84dd41782d82f42f34280f2e6d8cc
urn:ure:smg:re_FunctionVariant:rmge01-usasm:8026b720:200762	0x8026B720	16	func_8026B720	NameObj	b5face537b6758769b21aa21f571c1a028c2f95ed527ca097ebf2806b0a96105
urn:ure:smg:re_FunctionVariant:rmge01-usasm:8026b730:200763	0x8026B730	16	func_8026B730	NameObj	64b061b932c78e0452c72e30a3c0d32efceaeadb590fd98122159ec9dccf2a29
urn:ure:smg:re_FunctionVariant:rmge01-usasm:8026b740:200764	0x8026B740	16	func_8026B740	NameObj	9e6e109fc8b2992bc8d19f2cd87aa5335047fd2d75511c0253329f849de29395
urn:ure:smg:re_FunctionVariant:rmge01-usasm:8026b750:200765	0x8026B750	16	func_8026B750	NameObj	7a58e665f22e0b7cc5b5d42b451a321b451db202cb9f0407772f68a1f54c1db7
urn:ure:smg:re_FunctionVariant:rmge01-usasm:8026b760:200766	0x8026B760	16	func_8026B760	NameObj	78bb44b056e0da6d0cba370d5e4edbcfb405dde9c0a2d65fdfddebab9dac2afa
urn:ure:smg:re_FunctionVariant:rmge01-usasm:8026b770:200767	0x8026B770	16	func_8026B770	NameObj	cc76877da071c2615a4490b7bbdc62dcff7d4bbe3435da08682c8dfe58c996a9
urn:ure:smg:re_FunctionVariant:rmge01-usasm:8026b780:200768	0x8026B780	16	func_8026B780	NameObj	b52fcd9c872a0cb6d56c896d11842186f5f0ccc1da6be2e5db533346d077de1d
urn:ure:smg:re_FunctionVariant:rmge01-usasm:8026b790:200769	0x8026B790	16	func_8026B790	NameObj	1d28ce2b493e931e734c0694fc995972c15eb263d66098757733b94aa4e0e988
urn:ure:smg:re_FunctionVariant:rmge01-usasm:8026b7a0:200770	0x8026B7A0	140	func_8026B7A0	NameObj	c4b2f8addea2e090ba1ff05a4a20dd2327502a3ea49dea65fbc1e9ec8076cf71
urn:ure:smg:re_FunctionVariant:rmge01-usasm:8026b82c:200771	0x8026B82C	20	func_8026B82C	NameObj	36246602d75769c3b916ef6be60d300fec34da59bec3f82515aac7b22148c347
urn:ure:smg:re_FunctionVariant:rmge01-usasm:8026b840:200772	0x8026B840	100	func_8026B840	NameObj	27bead575e0eea51f33c092d030adc503337427ddeb9df5f596f3824392427e1
urn:ure:smg:re_FunctionVariant:rmge01-usasm:8026b8a4:200773	0x8026B8A4	112	func_8026B8A4	NameObj	3e8f9dd16dd1efa545ebec56347097b594292dc3df0fa391a1c80299d5d113fd
urn:ure:smg:re_FunctionVariant:rmge01-usasm:8026b914:200774	0x8026B914	32	func_8026B914	NameObj	ff09a030cdc84e16127c7dc826e8b5b0a4fb142ddd14ec5c9d7aef6d9df985ca
urn:ure:smg:re_FunctionVariant:rmge01-usasm:8026b934:200775	0x8026B934	92	func_8026B934	NameObj	8efcff830081b8473715a1836a9bbbcabbcc59b35c5586892e4d12f156f3d167
urn:ure:smg:re_FunctionVariant:rmge01-usasm:8026b990:200776	0x8026B990	100	func_8026B990	NameObj	18acae3fe69ca5eee803ffad83e042fa91fdd3f8a375ca6c98893d09925eb16f
urn:ure:smg:re_FunctionVariant:rmge01-usasm:8026b9f4:200777	0x8026B9F4	120	func_8026B9F4	NameObj	e99be517425ce0cc580c7a6ab0c7ffa067c027729d8c56df537dd6d4e730fe0c
urn:ure:smg:re_FunctionVariant:rmge01-usasm:8026ba6c:200778	0x8026BA6C	92	func_8026BA6C	NameObj	c24a782aad53b5ee2bdebbe1ad20a58c58652609b54eed9eaaa25b42cb5e8e0a
urn:ure:smg:re_FunctionVariant:rmge01-usasm:8026bac8:200779	0x8026BAC8	92	func_8026BAC8	NameObj	ba5daea80f4e88eb50d7f56d78bbd33fec1ce8a384e4721730428146b627331b
urn:ure:smg:re_FunctionVariant:rmge01-usasm:8026bb24:200780	0x8026BB24	64	func_8026BB24	NameObj	1a26048414dda79840a84c06e9191ce86da782615dbf69695c0871f27e7f413f
urn:ure:smg:re_FunctionVariant:rmge01-usasm:8026bb64:200781	0x8026BB64	128	func_8026BB64	NameObj	4c5f391747ee724d400fc0d86b015b0af7aa2a7defbe5ba5f6e16a507b145e8c
urn:ure:smg:re_FunctionVariant:rmge01-usasm:8026bbe4:200782	0x8026BBE4	404	func_8026BBE4	NameObj	d0e809ddc4bc69843280ea1ad310920760d183c0ceca890188ec0c87f9b33522
urn:ure:smg:re_FunctionVariant:rmge01-usasm:8026bd78:200783	0x8026BD78	104	func_8026BD78	NameObj	f55c0c5055b835855db86a8fb8cc1e435127df424cc8b79d5a400f4eea44a6f4
urn:ure:smg:re_FunctionVariant:rmge01-usasm:8026bde0:200784	0x8026BDE0	64	func_8026BDE0	NameObj	34a1320cc5d109569e022b39b45a33967a17ba8c12033dc10eb5a4f5202e9d43
urn:ure:smg:re_FunctionVariant:rmge01-usasm:8026be20:200785	0x8026BE20	36	func_8026BE20	NameObj	34fd64f66f9e1c33d2c31b467882aeafe70d130c791a47c225bc2fbac21dc74a
urn:ure:smg:re_FunctionVariant:rmge01-usasm:8026be44:200786	0x8026BE44	204	func_8026BE44	NameObj	226bcc748a62baaf3ee063996082b12cb4ef18461a913bcbe9bddcc863d58134
urn:ure:smg:re_FunctionVariant:rmge01-usasm:8026bf74:200788	0x8026BF74	116	func_8026BF74	NameObj	554386f1804cf5542da86a1e64b4f4949736a6e75796ba8452a587ea4a085e22
urn:ure:smg:re_FunctionVariant:rmge01-usasm:8026bfe8:200789	0x8026BFE8	8	func_8026BFE8	NameObj	47f9c7ba4b4a2b56300c33ce1ee7bb29da77ac500e49e4ee82aa226fc0e04d77
urn:ure:smg:re_FunctionVariant:rmge01-usasm:8026bff0:200790	0x8026BFF0	72	func_8026BFF0	NameObj	e9bebbcbf2c9567784c289c5ffcfc271b4a1f8ccbe05081e32fdf95be7af2be8
urn:ure:smg:re_FunctionVariant:rmge01-usasm:8026c038:200791	0x8026C038	8	func_8026C038	NameObj	7788ea5f1fadfb2973c8784139e411aa1903b805ae42c835ad3ced19fd9f93e4
urn:ure:smg:re_FunctionVariant:rmge01-usasm:8026c040:200792	0x8026C040	8	func_8026C040	NameObj	7b58d480dc9f9d04bf7d7bd83648204b1e408be0a81537ef99781fce6af03cb2
urn:ure:smg:re_FunctionVariant:rmge01-usasm:8026c048:200793	0x8026C048	8	func_8026C048	NameObj	764287e5988f9961749dcaf0d5c25e9398f81187c01a553d55fd05ae02a0e598
urn:ure:smg:re_FunctionVariant:rmge01-usasm:8026c050:200794	0x8026C050	8	func_8026C050	NameObj	4c19894868bb6874c6a5b3fe957e69e660aed1e29bc9ecee13a6ff0264341a49
urn:ure:smg:re_FunctionVariant:rmge01-usasm:8026c058:200795	0x8026C058	8	func_8026C058	NameObj	9669b9e1284af4b13229ecb1fe6ea0044c19fbf4dcbf31ee6e14a0ea4e1d92a7
urn:ure:smg:re_FunctionVariant:rmge01-usasm:8026c060:200796	0x8026C060	8	func_8026C060	NameObj	19b2e99173dab2c367fe7714959538df08d340226c6f6fba4858fdb654c9dead
urn:ure:smg:re_FunctionVariant:rmge01-usasm:8026c068:200797	0x8026C068	8	func_8026C068	NameObj	8915836f23fdc3db92c8b2f02222738bd8ef730c07b98a736a6f0ba27bd45292
urn:ure:smg:re_FunctionVariant:rmge01-usasm:8026c070:200798	0x8026C070	8	func_8026C070	NameObj	c66a5de374bc3171b0cded3b12ddf2201bf2e9ee7f96cbb87861bb0a1a1092ac
urn:ure:smg:re_FunctionVariant:rmge01-usasm:8026c078:200799	0x8026C078	8	func_8026C078	NameObj	106125f26889c44a21a491e476218c2122cabc2c7697f8a69ed002961013bb70
urn:ure:smg:re_FunctionVariant:rmge01-usasm:8026c080:200800	0x8026C080	8	func_8026C080	NameObj	47e4ae517349276a23cce59af0e245e4d6a9d3979c5999663a3bf462f3808f32
urn:ure:smg:re_FunctionVariant:rmge01-usasm:8026c088:200801	0x8026C088	8	func_8026C088	NameObj	2fb7e2e3b3a199c9698f43f1497a8c74c742abd50493171c44f016b0e2d65990
urn:ure:smg:re_FunctionVariant:rmge01-usasm:8026c090:200802	0x8026C090	8	func_8026C090	NameObj	e3845ada8c5a1c10f5e81a8ccd57ffea7d9884ac23811bddff307cdbcdaa9964
urn:ure:smg:re_FunctionVariant:rmge01-usasm:8026c098:200803	0x8026C098	8	func_8026C098	NameObj	5da88c4c949119e80cc0f2571a9b7b6bcb44323d84841421f588664fed1c965b
urn:ure:smg:re_FunctionVariant:rmge01-usasm:8026c0a0:200804	0x8026C0A0	8	func_8026C0A0	NameObj	8df22c4d4919a4a911d3579b4815d872603ea0b634bdb05a968d347969f835b8
urn:ure:smg:re_FunctionVariant:rmge01-usasm:8026c0a8:200805	0x8026C0A8	8	func_8026C0A8	NameObj	42db3aa991a59e4a1a8204c963f5d2b9db6919e6d8f687c3187481b574e5dba1
urn:ure:smg:re_FunctionVariant:rmge01-usasm:8026c0b0:200806	0x8026C0B0	12	func_8026C0B0	NameObj	d7b324fc4dd8aa180e2abbd3b7ba4c01e4ef566352ab19bb550f1e2cc7a042d0
urn:ure:smg:re_FunctionVariant:rmge01-usasm:8026c0bc:200807	0x8026C0BC	12	func_8026C0BC	NameObj	10e224a6eaab9055997d8315d250b575b044a5e4f1724f87ad368fd42639daf4
urn:ure:smg:re_FunctionVariant:rmge01-usasm:8026c0c8:200808	0x8026C0C8	12	func_8026C0C8	NameObj	df119b913ea9546ff6d998099f32c25502d911ef1dbc1c46c307021c3aea0a4c
urn:ure:smg:re_FunctionVariant:rmge01-usasm:8026c0d4:200809	0x8026C0D4	8	func_8026C0D4	NameObj	1e2297f6694f0f9a0aeed63605f505298d2f78c3da2a229f39b2868257c47940
urn:ure:smg:re_FunctionVariant:rmge01-usasm:8026c0dc:200810	0x8026C0DC	8	func_8026C0DC	NameObj	d60fadcde632ebb72e734c187a10ee6d49402b0d1e79bdcbeaefc4cabd8c7035
urn:ure:smg:re_FunctionVariant:rmge01-usasm:8026c0e4:200811	0x8026C0E4	24	func_8026C0E4	NameObj	6bbca05d76172f9a50e8c03d3b09af0e4d2b1b1af80ab4af30dd507f01ba6d46
urn:ure:smg:re_FunctionVariant:rmge01-usasm:8026c0fc:200812	0x8026C0FC	8	func_8026C0FC	NameObj	fab91cd52eeb64feaaba001f6898f1d230704b8e6d1b10bb40d46f6fdadba847
urn:ure:smg:re_FunctionVariant:rmge01-usasm:8026c104:200813	0x8026C104	8	func_8026C104	NameObj	cb389003adcee129183ea62b96f16e7ccfb19fe244e1f207ddf270f844fc37e1
urn:ure:smg:re_FunctionVariant:rmge01-usasm:8026c10c:200814	0x8026C10C	12	func_8026C10C	NameObj	1d07a0cbd27fe409ee017931a201fc6bef604d6d87e290224325623dc3c60def
urn:ure:smg:re_FunctionVariant:rmge01-usasm:8026c118	0x8026C118	92	func_8026C118		a5785f1132229b13f4fdfa6db097f738108496117fccf1dafd6bfd3d39b809b8
urn:ure:smg:re_FunctionVariant:rmge01-usasm:8026c174	0x8026C174	2336	func_8026C174		3367bc59fd0c343f616b62f843c42cb015b0f1205efdb12fd74be7e049b31129
urn:ure:smg:re_FunctionVariant:rmge01-usasm:8026ca94	0x8026CA94	120	func_8026CA94		21062a4b181a1e9ed9116ed99a739073b809751d8f04e7b79f6633b451ef8c9c
urn:ure:smg:re_FunctionVariant:rmge01-usasm:8026cb0c	0x8026CB0C	980	func_8026CB0C		8305a48dbf7714ac060099a075fa2603bc7da12094bcb842d2452d71e20691db
urn:ure:smg:re_FunctionVariant:rmge01-usasm:8026cee0	0x8026CEE0	332	func_8026CEE0		bc17db9369a4e177a1066aa1a91a8ccdf10cadc4437bbb91631580d144f68da6
urn:ure:smg:re_FunctionVariant:rmge01-usasm:8026d02c	0x8026D02C	120	func_8026D02C		734b45f41c9e6be7d732b82a9c23daeecff71ef2bcae1c753ee1c0a0c90145a2
urn:ure:smg:re_FunctionVariant:rmge01-usasm:8026d0a4	0x8026D0A4	72	func_8026D0A4		5900fb282e3ef1d5d82923726178c774b7f951f4727fc69d2b81d7fa96d673aa
urn:ure:smg:re_FunctionVariant:rmge01-usasm:8026d0ec	0x8026D0EC	152	func_8026D0EC		37e1cbb741ac17dcced9b45ed9cb7ebf63618e94dcaa5f0303d748f22db636fa
urn:ure:smg:re_FunctionVariant:rmge01-usasm:8026d184	0x8026D184	560	func_8026D184		8776bedf31ffeedf6b202ce0703b1ddec5acca30b5938fb7c99090a45d5f492e
urn:ure:smg:re_FunctionVariant:rmge01-usasm:8026d3b4	0x8026D3B4	532	func_8026D3B4		2c83a1d9d1cfb60412eeff2d484316cb871917caee33aa483742f7d8278c6a63
urn:ure:smg:re_FunctionVariant:rmge01-usasm:8026d5c8	0x8026D5C8	16	func_8026D5C8		e60426cd92d600f185da2163a8f6e1e625d4d1f2a2bd7641e4dd72dcbdda78a3
urn:ure:smg:re_FunctionVariant:rmge01-usasm:8026d5d8	0x8026D5D8	16	func_8026D5D8		31d1fef85ab065554d30b27cf08c06eb98e806b2a65049e5b427e747daccb5a2
urn:ure:smg:re_FunctionVariant:rmge01-usasm:8026d5e8	0x8026D5E8	16	func_8026D5E8		0040e4cf498de59c62c0fccdee0a74bc24dfde17c2ba7a07debce2edc83e00ec
urn:ure:smg:re_FunctionVariant:rmge01-usasm:8026d5f8	0x8026D5F8	16	func_8026D5F8		59692f5846c54de537ae84ab92b66e12ea4254f8e3eb923ee7c6caf8948a66a7
urn:ure:smg:re_FunctionVariant:rmge01-usasm:8026d608	0x8026D608	16	func_8026D608		32071b5545d8c1f9bb73680279b93841b2ddbd85bee8f79fd6bea4516562c036
urn:ure:smg:re_FunctionVariant:rmge01-usasm:8026d618	0x8026D618	60	func_8026D618		53c8d51fb85952c655e8a9f08eb1183ac0038db5c8f3872feb213b4bb605222b
urn:ure:smg:re_FunctionVariant:rmge01-usasm:8026d654	0x8026D654	64	func_8026D654		91ad82b1463801879992717e848a8f3cffe40ca6ed28f948e85a89370328fcd7
urn:ure:smg:re_FunctionVariant:rmge01-usasm:8026d694	0x8026D694	384	func_8026D694		c63ed14c243b90e380ebbf5759a74aab3536cb4c94816b4a88fff14f89de4304
urn:ure:smg:re_FunctionVariant:rmge01-usasm:8026d814	0x8026D814	316	func_8026D814		cfffb1dce31bd4df06eb83d76482b5e1e2e6a442704233a49d4e89138dabf888
urn:ure:smg:re_FunctionVariant:rmge01-usasm:8026d950	0x8026D950	668	func_8026D950		87e0ee5c426b2b9b0d7674221d124356f042f55b4fbae53c4f06fdbb62cff24d
urn:ure:smg:re_FunctionVariant:rmge01-usasm:8026dbec	0x8026DBEC	1420	func_8026DBEC		8865bb571cb9e0267d6a81af07e5b7a4985d6a3b270ed4467f76372fa9a47197
urn:ure:smg:re_FunctionVariant:rmge01-usasm:8026e178	0x8026E178	508	func_8026E178		4e039c0932bc5626fcd207fd19606de78d4a1d92e21ec486694a7364ef467b40
urn:ure:smg:re_FunctionVariant:rmge01-usasm:8026e374	0x8026E374	16	func_8026E374		1f86e6ff845dadb72a4566003f9b529ffa504b0197a3e5b08381b6ce1025c57f
urn:ure:smg:re_FunctionVariant:rmge01-usasm:8026e384	0x8026E384	16	func_8026E384		01845c5cbf1cfaca66a075ba1f253ac079d904aaedd7ce31884f596416fe210f
urn:ure:smg:re_FunctionVariant:rmge01-usasm:8026e394	0x8026E394	16	func_8026E394		3a931f249c92934a06de31e3d151fab62edfacba474d5a821742a238c583bc55
urn:ure:smg:re_FunctionVariant:rmge01-usasm:8026e3a4	0x8026E3A4	16	func_8026E3A4		b6e89520fe2709d8cfc358929a6fb14ab993e9c13d4e157735ae7fe5eb580338
urn:ure:smg:re_FunctionVariant:rmge01-usasm:8026e3b4	0x8026E3B4	16	func_8026E3B4		dd9ef092efaabeef2f6dad44681a7c200ac02952c5323e6999f6f711ed465fef
urn:ure:smg:re_FunctionVariant:rmge01-usasm:8026e3c4	0x8026E3C4	196	func_8026E3C4		49c3e176b47e261bae3bf2a7c3675c8825827d2dae8701fad6fea83277964e14
urn:ure:smg:re_FunctionVariant:rmge01-usasm:8026e488	0x8026E488	304	func_8026E488		e7ffecec95f3e6631065f2aca76587496905a09de23b7819a4213adecc6bb725
urn:ure:smg:re_FunctionVariant:rmge01-usasm:8026e5b8	0x8026E5B8	460	func_8026E5B8		d23e0ae6a9a051c46a487b82522063f769e6f1c583cdaac99c31e6f7957041e9
urn:ure:smg:re_FunctionVariant:rmge01-usasm:8026e784	0x8026E784	2220	func_8026E784		fd7a5b220972b670c9d6f59b78812cb1cbf8cc6c2341a7af0c4031bece9e300b
urn:ure:smg:re_FunctionVariant:rmge01-usasm:8026f030	0x8026F030	240	func_8026F030		03d2d7cc13f0f669c6dd7abbfab1149b69cc346e7fce1cdb7769015b98ab66f8
urn:ure:smg:re_FunctionVariant:rmge01-usasm:8026f120	0x8026F120	2436	func_8026F120		12497f0793e81f30c898c38fe5d598fb4dcf55f7ab1a2a418091ba78255fdf18
urn:ure:smg:re_FunctionVariant:rmge01-usasm:8026faa4	0x8026FAA4	16	func_8026FAA4		eef1830c013f5342a05f72e44ac838aeb7f59cd4a8dfc727fb2dbd802a7a9c62
urn:ure:smg:re_FunctionVariant:rmge01-usasm:8026fab4	0x8026FAB4	16	func_8026FAB4		cea20783953438d7e817b16c8af69e1dbb649dc96e1006fe126bdda1501b8c3b
urn:ure:smg:re_FunctionVariant:rmge01-usasm:8026fac4	0x8026FAC4	16	func_8026FAC4		a7e1b59f8a82f55f5826c3317421ca1987f621fc9f78fbb9183231f67af1660a
urn:ure:smg:re_FunctionVariant:rmge01-usasm:8026fad4	0x8026FAD4	16	func_8026FAD4		03cea4f3d44a81e03d0eea06872d85583b708c721e562f67e42708483eb5f868
urn:ure:smg:re_FunctionVariant:rmge01-usasm:8026fae4	0x8026FAE4	16	func_8026FAE4		06fde4c15ca44b37fc0066586a9a97f6f5bf39900114c192800b94d8ff6dbc45
urn:ure:smg:re_FunctionVariant:rmge01-usasm:8026faf4	0x8026FAF4	16	func_8026FAF4		b5720123cf3516bfbc2f15bfd056cdb9853ecbbc2317ff8164b5049e2e3bb8ed
urn:ure:smg:re_FunctionVariant:rmge01-usasm:8026fb04	0x8026FB04	16	func_8026FB04		b8b2dc3fcf8707aff7bc48b79d137b127637dff33032b31df5ea704b56077ce5
urn:ure:smg:re_FunctionVariant:rmge01-usasm:8026fb14	0x8026FB14	16	func_8026FB14		38b3a218cd7cb174c14c0ed29a981a41030ea3670ad59bbe097aabf2bebb0dce
urn:ure:smg:re_FunctionVariant:rmge01-usasm:8026fb24	0x8026FB24	16	func_8026FB24		6a5230af51957d42ca4fe454ed07627ccf60eacd57665e960060641a88e3f543
urn:ure:smg:re_FunctionVariant:rmge01-usasm:8026fb34	0x8026FB34	16	func_8026FB34		505aad7be32167ce2dbfb51d343ecaf83c35c125c4e2918b3e082a0115aac7ac
urn:ure:smg:re_FunctionVariant:rmge01-usasm:8026fb44	0x8026FB44	16	func_8026FB44		e756ae6b01708ff0b653281ca838d97a372ab77beb4de6530559a90a0f1b0f27
urn:ure:smg:re_FunctionVariant:rmge01-usasm:8026fb54	0x8026FB54	16	func_8026FB54		d4b522550777999f9ee783ea479b503193ba05a0cb8c297567eb83604d9a64c1
urn:ure:smg:re_FunctionVariant:rmge01-usasm:8026fb64	0x8026FB64	16	func_8026FB64		392ea2fe064e0e81e0949bcfb58e0a50232d5907103509a498aeedc5f6be9220
urn:ure:smg:re_FunctionVariant:rmge01-usasm:8026fb74	0x8026FB74	16	func_8026FB74		acc6a5546dbe8f2600239e6cba65762b3e0017260e956d9022c4696fce6aeb8d
urn:ure:smg:re_FunctionVariant:rmge01-usasm:8026fb84	0x8026FB84	16	func_8026FB84		1bd8424318e673442fdf477396941749b9958e5ecf225bb7ba195021c75e6054
urn:ure:smg:re_FunctionVariant:rmge01-usasm:8026fb94	0x8026FB94	308	func_8026FB94		d101ed380221464131d84af66b88c35ae1e1b538d09f203bbd51bbd11e8777f7
urn:ure:smg:re_FunctionVariant:rmge01-usasm:8026fcc8	0x8026FCC8	40	func_8026FCC8		190f18ddea9699755f83a8117a9e632e1ad2807980071179e8fa26c452faf454
urn:ure:smg:re_FunctionVariant:rmge01-usasm:8026fcf0	0x8026FCF0	244	func_8026FCF0		263c68b903c8265626229bcb3e817c25040d08c49db785afa22c34116e7101d3
urn:ure:smg:re_FunctionVariant:rmge01-usasm:8026fde4	0x8026FDE4	136	func_8026FDE4		a96d26c4d6bc01f0a9bb2c29f22334a1a5b1dcc8baf89e41095a874eb67025bb
urn:ure:smg:re_FunctionVariant:rmge01-usasm:8026fe6c	0x8026FE6C	1400	func_8026FE6C		6e6f219abed3f0b87820ab01953b951c68b5bc250c4c82813d417e60d7d78d6f
urn:ure:smg:re_FunctionVariant:rmge01-usasm:802703e4	0x802703E4	240	func_802703E4		c6959eb5c83b2babb75d968dbc00079a148c38df6c7b7790ac55ca931543a26f
urn:ure:smg:re_FunctionVariant:rmge01-usasm:802704d4	0x802704D4	16	func_802704D4		44292de05ebff63b6dfa64b8090337e3e9355a1510b9a8f0c552ac2c083bbed4
urn:ure:smg:re_FunctionVariant:rmge01-usasm:802704e4	0x802704E4	16	func_802704E4		0e8428e68f7cf4d4027caefca3ec8e3c6a11cab19d0e5ddcd2b7273f8d4ff038
urn:ure:smg:re_FunctionVariant:rmge01-usasm:802704f4	0x802704F4	16	func_802704F4		ce59038cb2bdf053df4f86208690673567eb5601447974324ddf0b8fd1377474
urn:ure:smg:re_FunctionVariant:rmge01-usasm:80270504	0x80270504	16	func_80270504		6b803f2dacd7466aab8787420c9d2423ec7cd778137f8371f70fc31a36029d9c
urn:ure:smg:re_FunctionVariant:rmge01-usasm:80270514	0x80270514	296	func_80270514		1d132fc53ae928105c5d45bdfaf13f5f36055bd29c40521a3b977db3d855dd38
urn:ure:smg:re_FunctionVariant:rmge01-usasm:8027063c	0x8027063C	1184	func_8027063C		b1fc2f2589992e6e8c39fb8797a4428179dce4fe4402f64ee77c2a7deb4a1441
urn:ure:smg:re_FunctionVariant:rmge01-usasm:80270adc	0x80270ADC	176	func_80270ADC		af89d5f27b73596b7367236647f80b08e7cd5ddf10c63fe9d1827579191e5bd0
urn:ure:smg:re_FunctionVariant:rmge01-usasm:80270b8c	0x80270B8C	144	func_80270B8C		e9a0da574cd9f4268c68972a57c4ee1b6095ab10208b42e8a5402ff999c2345e
urn:ure:smg:re_FunctionVariant:rmge01-usasm:80270c1c	0x80270C1C	428	func_80270C1C		e25acc64601aa34fe5990db7ed010ca87ea18115322668c67be5c545184fc23e
urn:ure:smg:re_FunctionVariant:rmge01-usasm:80270dc8	0x80270DC8	188	func_80270DC8		244a17fbe36bea22e4414d7b5c41b6c56e515ea772c712f0196d8180546f1aa2
urn:ure:smg:re_FunctionVariant:rmge01-usasm:80270e84	0x80270E84	88	func_80270E84		16413e37d818012887283da52765feebe19e025119b63a3d9c1e3db0cf730670
urn:ure:smg:re_FunctionVariant:rmge01-usasm:80270edc	0x80270EDC	92	func_80270EDC		c1e24f1104033fe1dd7875f44283e07cca41351b69aff200bdf9a8b3361bf36d
urn:ure:smg:re_FunctionVariant:rmge01-usasm:80270f38	0x80270F38	1824	func_80270F38		09dff5fa82af25d387721dde858a51d39865a2133ab47615937ef8f4fec8abf6
urn:ure:smg:re_FunctionVariant:rmge01-usasm:80271658	0x80271658	16	func_80271658		91345d515ce21070de898a6251f762a66407c135c073943fff1626be211e20b2
urn:ure:smg:re_FunctionVariant:rmge01-usasm:80271668	0x80271668	16	func_80271668		b37e2a9ee404950700be42c66530b969128700355e26baf8f6b032d1b5e5b2e2
urn:ure:smg:re_FunctionVariant:rmge01-usasm:80271678	0x80271678	16	func_80271678		1243c9d5fdfb76181870f208c7841c0e688e41fe3d7492df05ce9072569885df
urn:ure:smg:re_FunctionVariant:rmge01-usasm:80271688	0x80271688	16	func_80271688		9d5ffe53ae375c99ee98ef7a2b7f244ee0027be31458214b373ea3e3dbd8d0e9
urn:ure:smg:re_FunctionVariant:rmge01-usasm:80271698	0x80271698	16	func_80271698		3e0778308dfacb69f7f796079b7d85eaccdc7abdbd787acf54692193b5790fe3
urn:ure:smg:re_FunctionVariant:rmge01-usasm:802716a8	0x802716A8	16	func_802716A8		8bfeff1e45c1e345b85ec49bbef4c651f231e818946c54961a2bcaacd4977eeb
urn:ure:smg:re_FunctionVariant:rmge01-usasm:802716b8	0x802716B8	16	func_802716B8		c499e920d55b688cc72d20f0c2dddbd7576089b8c89be0952e42eeb0fbe563b1
urn:ure:smg:re_FunctionVariant:rmge01-usasm:802716c8	0x802716C8	16	func_802716C8		decb0e8992c145735441ce9b20b31681dee0b44466efee04eed194e52c229d7f
urn:ure:smg:re_FunctionVariant:rmge01-usasm:802716d8	0x802716D8	16	func_802716D8		b8e3dfd2bf34039086a049979c39bfd9629846f7f75698bccc12ac8f6a3caa15
urn:ure:smg:re_FunctionVariant:rmge01-usasm:802716e8	0x802716E8	96	func_802716E8		8a5c628a4d0d9d009182cc44b6c12a9daf7ccc2f5a851585cee3c388aaec73c4
urn:ure:smg:re_FunctionVariant:rmge01-usasm:80271748	0x80271748	304	func_80271748		b0b60ebeb7571b2067aa38245af5fe39c957dd4be435cf7e89fbd738b57679bb
urn:ure:smg:re_FunctionVariant:rmge01-usasm:80271878	0x80271878	2408	func_80271878		236fd2326b9ece5779fbb4cb5cd843ee605a97078bbc17ba002a19024a822c9a
urn:ure:smg:re_FunctionVariant:rmge01-usasm:802721e0	0x802721E0	16	func_802721E0		a84c11e66eda7fca67abbbbd14e6cf194dda85f53e24a5348d9029640d212fcc
urn:ure:smg:re_FunctionVariant:rmge01-usasm:802721f0	0x802721F0	16	func_802721F0		73745f62ccc941a8bdba73fabf82271077dccde493182ef2da6b2c5f9058d92c
urn:ure:smg:re_FunctionVariant:rmge01-usasm:80272200	0x80272200	16	func_80272200		0647a241d7318d1581af8e1070a11259f6ec9c73076fc60818c49702825251d7
urn:ure:smg:re_FunctionVariant:rmge01-usasm:80272210	0x80272210	16	func_80272210		d1471cd1e7e52dc1ce4207ef7675076d04e391b119feea25ac350f645967bdf7
urn:ure:smg:re_FunctionVariant:rmge01-usasm:80272220	0x80272220	16	func_80272220		20f53d2ee8f81bf06a4703c0cdf49c430784722cf105d0755516d421fbe0c6e4
urn:ure:smg:re_FunctionVariant:rmge01-usasm:80272230	0x80272230	16	func_80272230		28aaa9b2d5775c94602d81cb00ad14f9ae726b8dc16cc4810abbad4e43ad9d4f
urn:ure:smg:re_FunctionVariant:rmge01-usasm:80272240	0x80272240	132	func_80272240		6b6ee50f9172f682eebec51318901f1dc034cba6cb45c6044cc648d882b5c0cf
urn:ure:smg:re_FunctionVariant:rmge01-usasm:802722c4	0x802722C4	32	func_802722C4		e3ca7dc47563b3c3778fee4967065e3158219cd7e8222b5e80a647aa007530b1
urn:ure:smg:re_FunctionVariant:rmge01-usasm:802722e4	0x802722E4	20	func_802722E4		bff42984a9c97afdbe011f8e655887f6cbac11891fe52c90e0332d4db6a6f041
urn:ure:smg:re_FunctionVariant:rmge01-usasm:802722f8	0x802722F8	2508	func_802722F8		e8ce2213bd5748a05736462a319f1423f6d8d969eb3c1db72e62a7867d6ce25f
urn:ure:smg:re_FunctionVariant:rmge01-usasm:80272cc4	0x80272CC4	16	func_80272CC4		760573a9d05cfa7daddc3b273358705cd20400fcce2633d2ca4acf3292e34753
urn:ure:smg:re_FunctionVariant:rmge01-usasm:80272cd4	0x80272CD4	16	func_80272CD4		117008d61453628abcfa4559ceab43b4979cb5b6f68f9070e5a4b41d18eb42cc
urn:ure:smg:re_FunctionVariant:rmge01-usasm:80272ce4	0x80272CE4	16	func_80272CE4		e374cf9701a7ace4bfbf0cf63afc6cfe9ca653f60e54904814bc86090ee32b55
urn:ure:smg:re_FunctionVariant:rmge01-usasm:80272cf4	0x80272CF4	16	func_80272CF4		fdb421515db60528c4446191ff0886873a6d259ff202620689243294d21cc899
urn:ure:smg:re_FunctionVariant:rmge01-usasm:80272d04	0x80272D04	16	func_80272D04		46ccaee08aba2db19face66d2650c1190572ee3e17ef9241bf64c796b0e8b3b1
urn:ure:smg:re_FunctionVariant:rmge01-usasm:80272d14	0x80272D14	16	func_80272D14		6c1a0b83d257f310346ffaa4c16de0965ab97cf899b1c4a190dd7b03e6eabc18
urn:ure:smg:re_FunctionVariant:rmge01-usasm:80272d24	0x80272D24	16	func_80272D24		74378c9e7de5f356e41beeeedbf682313e4b7056c23c86ee19d20824df748130
urn:ure:smg:re_FunctionVariant:rmge01-usasm:80272d34	0x80272D34	216	func_80272D34		d48e43509cd5364b90b66d5d6e749095c31f5fd22fdf8fad4f537fea53471857
urn:ure:smg:re_FunctionVariant:rmge01-usasm:80272e0c	0x80272E0C	304	func_80272E0C		9b0306cbcaea546b95c691e25a8201898137eded2851d2515549b1c2da1a4de5
urn:ure:smg:re_FunctionVariant:rmge01-usasm:80272f3c	0x80272F3C	72	func_80272F3C		7fc40eb99c33badeb3cd1f902027982a0f6e469c76d6631b7f5728bf94c8d03d
urn:ure:smg:re_FunctionVariant:rmge01-usasm:80272f84	0x80272F84	124	func_80272F84		fdd80f49ffb58b2ccf23a7e31dc820f2208d4f1a796012efa9a88525a8244434
urn:ure:smg:re_FunctionVariant:rmge01-usasm:80273000	0x80273000	3108	func_80273000		617c12166d6c8f4f1e079ea7240fe5c8f0ad09f403c2d49be09591ed44fbd8ad
urn:ure:smg:re_FunctionVariant:rmge01-usasm:80273c24	0x80273C24	2008	func_80273C24		fee77d822658927c76c5e79b2a75a55501017f6c6755b2cd07def4c3507b1939
urn:ure:smg:re_FunctionVariant:rmge01-usasm:802743fc	0x802743FC	296	func_802743FC		73133a267dc078220968790c8247006958b87be49bc564a5aff4770770d5b3f4
urn:ure:smg:re_FunctionVariant:rmge01-usasm:80274524	0x80274524	124	func_80274524		4d6563c191b93dd93770cd5ea04678ea28e532ad0f17f2ffaf2c68b6815d9a51
urn:ure:smg:re_FunctionVariant:rmge01-usasm:802745a0	0x802745A0	140	func_802745A0		2cd1648c595083db5edc5cf94416dfb95086bff63deec751614247296df72a39
urn:ure:smg:re_FunctionVariant:rmge01-usasm:8027462c	0x8027462C	148	func_8027462C		ee4400095f1b879c19ea5d99f93b8f0990990f4169052a632b17b260704633a6
urn:ure:smg:re_FunctionVariant:rmge01-usasm:802746c0	0x802746C0	200	func_802746C0		6a91e375a5f8a93e8c3b92198cb9c753a9d698fea178ceb322299116bd930501
urn:ure:smg:re_FunctionVariant:rmge01-usasm:80274788	0x80274788	336	func_80274788		cc1b694d3133e74c2e27e8d8290d78b3f06c3d827bc96ea1d00bc88f7041d1ff
urn:ure:smg:re_FunctionVariant:rmge01-usasm:802748d8	0x802748D8	16	func_802748D8		09c145c00f0d20bda1124055a22def673e5b0b34bb3864815e8539c55bc499bf
urn:ure:smg:re_FunctionVariant:rmge01-usasm:802748e8	0x802748E8	16	func_802748E8		1b376429e59414df1f909872ca97e7e265ef1b95df6688818c2287ab5b7888fe
urn:ure:smg:re_FunctionVariant:rmge01-usasm:802748f8	0x802748F8	16	func_802748F8		ee437015c085fc5b02c5bf40da3d8e9e03fe8f3568e8bb3cb1b2236dfa2fb3dd
urn:ure:smg:re_FunctionVariant:rmge01-usasm:80274908	0x80274908	16	func_80274908		7cd3aeff14f3f59429c509f48c8419775e685ebed26eb063a5ae9c88215f0140
urn:ure:smg:re_FunctionVariant:rmge01-usasm:80274918	0x80274918	16	func_80274918		921a200cb3e5b4055fe656fd50833e5f8676c0fbd49d4a4840f0b0c134f20617
urn:ure:smg:re_FunctionVariant:rmge01-usasm:80274928	0x80274928	16	func_80274928		d5592ed925ff9bba494f46a24b3f4579ebbec3464385d4e6cac5d0b95dc6cf0c
urn:ure:smg:re_FunctionVariant:rmge01-usasm:80274938	0x80274938	16	func_80274938		6f42ebd03c67b609943c3167a6f476c9567a7324eab6cbf6a48696a6c4d5867f
urn:ure:smg:re_FunctionVariant:rmge01-usasm:80274948	0x80274948	16	func_80274948		86ca98132fe8bd1b077cbc635780327209ce60540cdf7cb1c4d5a28ad30e4909
urn:ure:smg:re_FunctionVariant:rmge01-usasm:80274958	0x80274958	16	func_80274958		c7d10e9aa601ed4e0d9e87be9435308315f704c37afbce51e733f7adf863801d
urn:ure:smg:re_FunctionVariant:rmge01-usasm:80274968	0x80274968	16	func_80274968		bb6241e8c1cd08e396f865555b256f3d2838b882e92048ec0a2a87ce1d7f7f5d
urn:ure:smg:re_FunctionVariant:rmge01-usasm:80274978	0x80274978	16	func_80274978		f65f24838ee7d82a2953867d39e913436d9452483145e84af74a813d80eac4fd
urn:ure:smg:re_FunctionVariant:rmge01-usasm:80274988	0x80274988	16	func_80274988		a7575f7f138796000a98ca171a55d4b6dc550f6b140afba02e2e114c3aac546c
urn:ure:smg:re_FunctionVariant:rmge01-usasm:80274998	0x80274998	16	func_80274998		c37f25828f96384a0d9f4d39e39c4ef1514b1203152ad6e4189dd959c4369d54
urn:ure:smg:re_FunctionVariant:rmge01-usasm:802749a8	0x802749A8	16	func_802749A8		c6480999ef92d51e4835d7fd01781b161e39a16378abfd5867fe4361b6991da9
urn:ure:smg:re_FunctionVariant:rmge01-usasm:802749b8	0x802749B8	16	func_802749B8		84a1612316c9fecfd73ce6cb37eadeb9108a35be53ea0e91018cdf03add30382
urn:ure:smg:re_FunctionVariant:rmge01-usasm:802749c8	0x802749C8	588	func_802749C8		be27b08c5a4b56bd744eb26cf7eda2b9b453c3bde4d7792f5d498a128334a717
urn:ure:smg:re_FunctionVariant:rmge01-usasm:80274c14	0x80274C14	48	func_80274C14		1fde8d0012e4b53c6ae5cabe412c20afb5df08feaf42283890b976cdd16236b6
urn:ure:smg:re_FunctionVariant:rmge01-usasm:80274c44	0x80274C44	88	func_80274C44		c4a9a89ae1ba082b08ff5e90fea236d040c3a2900fbdb0ab6ac6505b169679c0
urn:ure:smg:re_FunctionVariant:rmge01-usasm:80274c9c	0x80274C9C	364	func_80274C9C		19792f4136d9fae78a810ad6f99255be1242f366b64e6ae58020917732097aa5
urn:ure:smg:re_FunctionVariant:rmge01-usasm:80274e08	0x80274E08	120	func_80274E08		f4e8f46947448e5bdffc9670ca7cade1965a5bc078e5da57c7d7ebe282f4f560
urn:ure:smg:re_FunctionVariant:rmge01-usasm:80274e80	0x80274E80	128	func_80274E80		2e91b73681bc9f9fae81d694270ec265a8ef99a0ca49d3751dd02d0dc9c54647
urn:ure:smg:re_FunctionVariant:rmge01-usasm:80274f00	0x80274F00	92	func_80274F00		00625152793b00c560b4923f40597364f8a52b78fbcb3063d5785b661a60c9cd
urn:ure:smg:re_FunctionVariant:rmge01-usasm:80274f5c	0x80274F5C	1676	func_80274F5C		cecba161c64d2b6c6964a3925fffe7c6cd91e91f591b90061796c8186dceb1bb
urn:ure:smg:re_FunctionVariant:rmge01-usasm:802755e8	0x802755E8	216	func_802755E8		8329cd221af37d3f4bf2b9d7a1f6552a20d4644fe8d2b096718ce4227a7060fd
urn:ure:smg:re_FunctionVariant:rmge01-usasm:802756c0	0x802756C0	136	func_802756C0		08cca5c2a5437718de9a2a3e0de1e25f25bfe4182b51d2cf35b2fe2366dd77e5
urn:ure:smg:re_FunctionVariant:rmge01-usasm:80275748	0x80275748	244	func_80275748		058786ac83f2213fd7f07ef5e7cd9fab29eba4eb09b2fe613f88b945eeeafac0
urn:ure:smg:re_FunctionVariant:rmge01-usasm:8027583c	0x8027583C	656	func_8027583C		0c2e1b7989b13952cc5ada6c100da3aaa043b96d944d8e08ca73df8eaab4004a
urn:ure:smg:re_FunctionVariant:rmge01-usasm:80275acc	0x80275ACC	8	func_80275ACC		e4dc77eebf87771043c621f8617de07e175ffecbce1f98d2b2cfa37adba55f4b
urn:ure:smg:re_FunctionVariant:rmge01-usasm:80275ad4	0x80275AD4	8	func_80275AD4		15103a08997702f33d2d3f25aed294d4eb649ec0a3ca5f9e1ffe38bf9ba1b82f
urn:ure:smg:re_FunctionVariant:rmge01-usasm:80275adc	0x80275ADC	8	func_80275ADC		1d1f8b454cbc28073e145bdbbc9991dd4f490ebc3ae6ec62f136db46ac0d8a1a
urn:ure:smg:re_FunctionVariant:rmge01-usasm:80275ae4	0x80275AE4	8	func_80275AE4		2627642b4005178fe7a9d68746799da91a76c5dae3c0e326d92787188f7a4419
urn:ure:smg:re_FunctionVariant:rmge01-usasm:80275aec	0x80275AEC	68	func_80275AEC		d864012c39140b333c4d2e1e368cfb5378a598583ba3b66dbc87257b11722300
urn:ure:smg:re_FunctionVariant:rmge01-usasm:80275b30	0x80275B30	1156	func_80275B30		2f279bb63a77fe47b1e12630ebaf74236aa811f7d7359a2f56d3fbd5f195b98c
urn:ure:smg:re_FunctionVariant:rmge01-usasm:80275fb4	0x80275FB4	16	func_80275FB4		6c3e45c040f890e3e9293696ae9419c234f12732766bfb1dbe4dcc129fcae311
urn:ure:smg:re_FunctionVariant:rmge01-usasm:80275fc4	0x80275FC4	16	func_80275FC4		ad295a2205682a43aa0809622e602a7e1122a7e8913914bf1dcc5377b691ec48
urn:ure:smg:re_FunctionVariant:rmge01-usasm:80275fd4	0x80275FD4	16	func_80275FD4		9b8ab07cb030b761de4b672dd1935f4215507f1abbe296f32f07a1195216f83f
urn:ure:smg:re_FunctionVariant:rmge01-usasm:80275fe4	0x80275FE4	16	func_80275FE4		bea1c17c4c8c3b2d0337adcbaea34e4ad6c871313b42264141580c2d1c958030
urn:ure:smg:re_FunctionVariant:rmge01-usasm:80275ff4	0x80275FF4	16	func_80275FF4		7329c908061d14a2e30134438cce2b84208e9ab3398b29b00bd296f16f9f0e4d
urn:ure:smg:re_FunctionVariant:rmge01-usasm:80276004	0x80276004	16	func_80276004		fece063d03cb07347d9cc57661a94366c11b43f48b6b26d84b04a8b8950dcc24
urn:ure:smg:re_FunctionVariant:rmge01-usasm:80276014	0x80276014	16	func_80276014		2852a19842571fec875ead15e01f394cc0c87efb1bce2d806906ad5d72104900
urn:ure:smg:re_FunctionVariant:rmge01-usasm:80276024	0x80276024	16	func_80276024		2ad6f4b1043a156000855eba8c0b9ec1e3e807585c0a86b4cec7f3f787036536
urn:ure:smg:re_FunctionVariant:rmge01-usasm:80276034	0x80276034	396	func_80276034		043c7cc60ec9f5dd4e7591b5401e036ead3d61174954aba93b98a528aab148df
urn:ure:smg:re_FunctionVariant:rmge01-usasm:802761c0	0x802761C0	1784	func_802761C0		f0262d30800b40508025939814ac2998bfbbf58c83a082a3a780bf6600375ec8
urn:ure:smg:re_FunctionVariant:rmge01-usasm:802768b8	0x802768B8	164	func_802768B8		34645323afb7c8bcbaad6f9514fc0791c6385301f0986d2a83eb61726de14e18
urn:ure:smg:re_FunctionVariant:rmge01-usasm:8027695c	0x8027695C	104	func_8027695C		83d6ccee5734bc8e2a7070d02b62ea16a3a84d3320d435d7da37752e060fa426
urn:ure:smg:re_FunctionVariant:rmge01-usasm:802769c4	0x802769C4	48	func_802769C4		4a34d62206dffc2bf152177b9619a4d7bb67745258b71400441ffa9ecc45004a
urn:ure:smg:re_FunctionVariant:rmge01-usasm:802769f4	0x802769F4	144	func_802769F4		7210a68a0c1bd67e12df1376d2c156629041f775454758dea45fa06cae573128
urn:ure:smg:re_FunctionVariant:rmge01-usasm:80276a84	0x80276A84	1752	func_80276A84		5587b718d217022242a1d75179b3c47b6a35d9250d5e2abafc0e6784d9c5c4c1
urn:ure:smg:re_FunctionVariant:rmge01-usasm:8027715c	0x8027715C	16	func_8027715C		0170a0b4ce4dedc6e69310020bb0c9af5c835e746fdfa596bb932e7b45ef357c
urn:ure:smg:re_FunctionVariant:rmge01-usasm:8027716c	0x8027716C	16	func_8027716C		901a841b55a836dfe396045289c2287eb4709e6c79103b449e52fc844c90ee81
urn:ure:smg:re_FunctionVariant:rmge01-usasm:8027717c	0x8027717C	16	func_8027717C		0c18ab18c13cf4fe7bec1a76d5045eb7b649652cbdfd59931ae5a8645ca7320d
urn:ure:smg:re_FunctionVariant:rmge01-usasm:8027718c	0x8027718C	16	func_8027718C		f2d283948f1685beff596efc458f02c24b8343e2c31777dfe445ff06b5a51d22
urn:ure:smg:re_FunctionVariant:rmge01-usasm:8027719c	0x8027719C	16	func_8027719C		27b6354683e732dbcd9607376f12dee69cf4b6bd12f1d95a011f4b5975ab1a2a
urn:ure:smg:re_FunctionVariant:rmge01-usasm:802771ac	0x802771AC	16	func_802771AC		b2b679017e7d2dfbf03755b6c8c7f886528b776299348f5271052823909cb2d7
urn:ure:smg:re_FunctionVariant:rmge01-usasm:802771bc	0x802771BC	16	func_802771BC		69d7f25ceb6f7958f027d7dd63a5a55ca5a54e5d3a1f7ef64b9adff10fde44c6
urn:ure:smg:re_FunctionVariant:rmge01-usasm:802771cc	0x802771CC	16	func_802771CC		f1b0992345f8de75c5be35db76e84135ee806e3eefb33e6967c73b82f1a98a24
urn:ure:smg:re_FunctionVariant:rmge01-usasm:802771dc	0x802771DC	16	func_802771DC		fa6c86b51751e7dc3fa91efae0d568aba16e35e5297d61aae5d9fa9c891a6f5e
urn:ure:smg:re_FunctionVariant:rmge01-usasm:802771ec	0x802771EC	16	func_802771EC		be19b8270612a0d70dbcbbbcf03f27bf6c35fad5f6c9d12d03de2174732913d0
urn:ure:smg:re_FunctionVariant:rmge01-usasm:802771fc	0x802771FC	16	func_802771FC		fcdca64af8614729f7bcfa0350cff5574188a817a8f0cddf8d1961743a247303
urn:ure:smg:re_FunctionVariant:rmge01-usasm:8027720c	0x8027720C	112	func_8027720C		65cf44b453724528367cd30cdbf6b2c5b34e0796a91d94e1d232c2195b618021
urn:ure:smg:re_FunctionVariant:rmge01-usasm:8027727c	0x8027727C	244	func_8027727C		c481703b2705215aad020b5458cf475c216bc7c7963cd5bfb9dc1cf459833300
urn:ure:smg:re_FunctionVariant:rmge01-usasm:80277370	0x80277370	136	func_80277370		03e002f8c6486f54949909781c5b1fe94d1cd9c24cf5a082d0198a833ae3bbc9
urn:ure:smg:re_FunctionVariant:rmge01-usasm:802773f8	0x802773F8	196	func_802773F8		7131098b9f6fd4dbe4aaf723a70437538b73fb7de4dd853365ba0e2524893a56
urn:ure:smg:re_FunctionVariant:rmge01-usasm:802774bc	0x802774BC	96	func_802774BC		e808f7aa05da296a322ebfe57570294efcbb374c319169324788d7b5ae1dc31a
urn:ure:smg:re_FunctionVariant:rmge01-usasm:8027751c	0x8027751C	388	func_8027751C		30e3829d704aae1da5cbdf143cc8e0c89f9c84c5ba0c6dd7992b8d54a7ec6506
urn:ure:smg:re_FunctionVariant:rmge01-usasm:802776a0	0x802776A0	12	func_802776A0		51ea2d7e06adc8cef5393fea0d8af5fa164c56f4f9a08ffd4ec44ddeaf2b2aad
urn:ure:smg:re_FunctionVariant:rmge01-usasm:802776ac	0x802776AC	32	func_802776AC		4705e1c9a9ee3603ead9aad15b39ca24ef5dc191c865969905afd33393b06e77
urn:ure:smg:re_FunctionVariant:rmge01-usasm:802776cc	0x802776CC	288	func_802776CC		d0f7903d3ce67dd632f7e122fee48ed750249663291d7bc50a9f8a931923905f
urn:ure:smg:re_FunctionVariant:rmge01-usasm:802777ec	0x802777EC	240	func_802777EC		8d3ae85ce61a37aac570832bb2c0770a7725cd8456fceefda3ff0b79bab5b56f
urn:ure:smg:re_FunctionVariant:rmge01-usasm:802778dc	0x802778DC	28	func_802778DC		86170454a57a043dcfecb28e801f31c853e3fc328bc4e8edbb5b364afd9543ac
urn:ure:smg:re_FunctionVariant:rmge01-usasm:802778f8	0x802778F8	308	func_802778F8		90795026180ffd6edd5787c9252f106d92cd36049b2187aeb1755a7d2beb16e9
urn:ure:smg:re_FunctionVariant:rmge01-usasm:80277a2c	0x80277A2C	628	func_80277A2C		48d7383f7e2ce8d5227a8946bdf5e6a25b57a190a56afe5e69310c927e90fe52
urn:ure:smg:re_FunctionVariant:rmge01-usasm:80277ca0	0x80277CA0	104	func_80277CA0		dfbcdd8c5446b3637a52c18b6b51f01b31abe639159f8d5d631a943b9b7cde9e
urn:ure:smg:re_FunctionVariant:rmge01-usasm:80277d08	0x80277D08	8	func_80277D08		c3b2654b9a3f9126d26491684b65f2acfc8e53dc644708ab976ac27cfb147929
urn:ure:smg:re_FunctionVariant:rmge01-usasm:80277d10	0x80277D10	8	func_80277D10		7173f897fad2bc736a9c2a66921b49ae45d828ba07698d2da9256f8d1983a104
urn:ure:smg:re_FunctionVariant:rmge01-usasm:80277d18	0x80277D18	92	func_80277D18		6fd00ca202c08296a556aac04807bb0764ad169b14a4eafa0e1a0cbf2543ffa1
urn:ure:smg:re_FunctionVariant:rmge01-usasm:80277d74	0x80277D74	180	func_80277D74		90104c36e0f90712923b011ff324b5da391b8fc32bbf08760d64314455fd337a
urn:ure:smg:re_FunctionVariant:rmge01-usasm:80277e28	0x80277E28	980	func_80277E28		6da624d82f5052efafc50b063a7a8f657f2fbd1d8485bfdbb0a1e951c7be42a0
urn:ure:smg:re_FunctionVariant:rmge01-usasm:802781fc	0x802781FC	152	func_802781FC		0ba968023444a7d4dddb87a765134c057a20bf23882afb4f1880192e77762e08
urn:ure:smg:re_FunctionVariant:rmge01-usasm:80278294	0x80278294	32	func_80278294		091bc85739c06e11fef7523744adf7c56db4e120b1af0ed2115692d028f719f7
urn:ure:smg:re_FunctionVariant:rmge01-usasm:802782b4	0x802782B4	188	func_802782B4		92e8129cd046f00c0625d217bef7b4e3489cb4a21e252f2137b98afe5eb0889a
urn:ure:smg:re_FunctionVariant:rmge01-usasm:80278370	0x80278370	76	func_80278370		aa3d2c4cec33f64242598628ebd3c54c16826d12c7742db73ceda11e06860f5d
urn:ure:smg:re_FunctionVariant:rmge01-usasm:802783bc	0x802783BC	448	func_802783BC		82c436fd729c20babbb3a275555326c226467175ae322e219dc138e2a0a117b5
urn:ure:smg:re_FunctionVariant:rmge01-usasm:8027857c	0x8027857C	652	func_8027857C		0d7c6a96ed068d1b75b113757bf4b0ae822a71b00196c5f982b3ed30d40b33d5
urn:ure:smg:re_FunctionVariant:rmge01-usasm:80278808	0x80278808	908	func_80278808		23f1547a1bab369bf659145da0fdcd919094fe36fb336b928c070bfba124dc56
urn:ure:smg:re_FunctionVariant:rmge01-usasm:80278b94	0x80278B94	28	func_80278B94		c701ebbfc492e7487380504e85d1310c9ba10a218e7f88816b28ef57a6b22bac
urn:ure:smg:re_FunctionVariant:rmge01-usasm:80278bb0	0x80278BB0	8	func_80278BB0		80966d67214da37bdaf414292e997fa52df02f7e2d3f41d6d6717bd109e66dd9
urn:ure:smg:re_FunctionVariant:rmge01-usasm:80278bb8	0x80278BB8	28	func_80278BB8		88d5a12d072749cd0144862e0cb58b29df71b8954f91871ce9b21a59ac401f90
urn:ure:smg:re_FunctionVariant:rmge01-usasm:80278bd4	0x80278BD4	16	func_80278BD4		a73d0524be5423f196adce5b9734c914fa08e1e204c78a5e573682e4154fd72c
urn:ure:smg:re_FunctionVariant:rmge01-usasm:80278be4	0x80278BE4	36	func_80278BE4		e426ae1088a688ffb1b47f1a572af538b23cd0c2fce78081cac2ea89eef768e5
urn:ure:smg:re_FunctionVariant:rmge01-usasm:80278c08	0x80278C08	132	func_80278C08		565decccf89dcd3f3f09a8bcb75fc49b2fd7a1ebaabea00fff200918fcdf2f83
urn:ure:smg:re_FunctionVariant:rmge01-usasm:80278c8c	0x80278C8C	80	func_80278C8C		4551ef99cf9f688827feded7732ffd68a6ffe39adefb61ef3a85eb37767361a4
urn:ure:smg:re_FunctionVariant:rmge01-usasm:80278cdc	0x80278CDC	368	func_80278CDC		95f601514fd0ca98f990645e6ad5bc36d15e57c2c5bb4ad0ea9df8f802cef2d9
urn:ure:smg:re_FunctionVariant:rmge01-usasm:80278e4c	0x80278E4C	404	func_80278E4C		c39e9e6b94818d58125347790f05c0e5031c04a39cc3c80a01d2dc4cfd52c081
urn:ure:smg:re_FunctionVariant:rmge01-usasm:80278fe0	0x80278FE0	12	func_80278FE0		68eb11c051709028c0360072c848567a000bb9ae9be26ca132be190572f818b4
urn:ure:smg:re_FunctionVariant:rmge01-usasm:80278fec	0x80278FEC	128	func_80278FEC		90fa027cbcdcaa3450303717a44be785c6a4940265e97f755d5af8073d0d29b1
urn:ure:smg:re_FunctionVariant:rmge01-usasm:8027906c	0x8027906C	88	func_8027906C		e79f7679f3e112618a8bc53cea93dbaaa65fb24a250924979bf63f27e4ed3649
urn:ure:smg:re_FunctionVariant:rmge01-usasm:802790c4	0x802790C4	2292	func_802790C4		9ce69617a708a5d8c440008e1e39ac24f863e8f13d977d82f435cd5f2d0979b6
urn:ure:smg:re_FunctionVariant:rmge01-usasm:802799b8	0x802799B8	548	func_802799B8		ffa096cb4e1adf0bf63414bb0f08f70e468c31a1107ceebfb868ee1f77ba1e4d
urn:ure:smg:re_FunctionVariant:rmge01-usasm:80279bdc	0x80279BDC	16	func_80279BDC		83be917af66950a0cd142a0dbf73d6242383433a3cd700c33e2e83f0e94cbc68
urn:ure:smg:re_FunctionVariant:rmge01-usasm:80279bec	0x80279BEC	16	func_80279BEC		2ac8c57f1c5509ecfda0b97a1eea4427ef02cd083a9da2c0ab3e241d56829af1
urn:ure:smg:re_FunctionVariant:rmge01-usasm:80279bfc	0x80279BFC	16	func_80279BFC		549d04a5ce07182c54a2b2534064681cf9b62dd1aaaa3043c44c32107f661bca
urn:ure:smg:re_FunctionVariant:rmge01-usasm:80279c0c	0x80279C0C	48	func_80279C0C		fbdd4eb35a716eca6f7ad8115d658d6abe90ad087606e2d58e1d97b5b9bc003d
urn:ure:smg:re_FunctionVariant:rmge01-usasm:80279c3c	0x80279C3C	3240	func_80279C3C		8ab4cda5e66d473943eaffdf00a36224e69321626730c3e44392bb8cac8aef62
urn:ure:smg:re_FunctionVariant:rmge01-usasm:8027a8e4	0x8027A8E4	16	func_8027A8E4		63b72b3650b2c0348d18848bdba87e22b63ef76b304cd253b0677be749ba88fb
urn:ure:smg:re_FunctionVariant:rmge01-usasm:8027a8f4	0x8027A8F4	16	func_8027A8F4		ca7e7b6c0de5757708b9a4e5ae5990295e8a6462cd34d47779a9bf48a4359668
urn:ure:smg:re_FunctionVariant:rmge01-usasm:8027a904	0x8027A904	16	func_8027A904		7dcec835dc3cbba6984aed35f263660af99f06db732ecd9bcd10b8e20267f52e
urn:ure:smg:re_FunctionVariant:rmge01-usasm:8027a914	0x8027A914	16	func_8027A914		39ec0adb18e940cb8c2634e1e7634953e0fc385e6070439592c3a559b7e14ce6
urn:ure:smg:re_FunctionVariant:rmge01-usasm:8027a924	0x8027A924	16	func_8027A924		a3101c4bdccf3604d434a469c4d6eff115ae3ca9a3a8c9af4f50c7c2aa4959a0
urn:ure:smg:re_FunctionVariant:rmge01-usasm:8027a934	0x8027A934	16	func_8027A934		9356318b1adab7ffa487fa7448adb395ef73800621c34a4bb0bb9de1d6468ed8
urn:ure:smg:re_FunctionVariant:rmge01-usasm:8027a944	0x8027A944	16	func_8027A944		7a6f47d0d26069132dcf02a53f057d2a6c8ab68d78644ba82f8d13ade8508a11
urn:ure:smg:re_FunctionVariant:rmge01-usasm:8027a954	0x8027A954	148	func_8027A954		af5e87a0f3ff349d64987591808aefb1279dcf963846060e85e0c7dcc21d63c4
urn:ure:smg:re_FunctionVariant:rmge01-usasm:8027a9e8	0x8027A9E8	244	func_8027A9E8		7d0f2ddbc7b52d0cecd65cc00386b78c0442dff5c37bf03807dec0d3296fe1d2
urn:ure:smg:re_FunctionVariant:rmge01-usasm:8027aadc	0x8027AADC	136	func_8027AADC		a0dba47641be340aff2b4671f444508030dc095fd54faa138dcd3d40d7aba142
urn:ure:smg:re_FunctionVariant:rmge01-usasm:8027ab64	0x8027AB64	908	func_8027AB64		40ec7f82352dec758500867d9244a15ea95bdc24db3942f05f9c25dce19f1f6c
urn:ure:smg:re_FunctionVariant:rmge01-usasm:8027aef0	0x8027AEF0	16	func_8027AEF0		206baf053c97000dedda89a8298e3752fe520c2b27dc893707001d0d3154e3c3
urn:ure:smg:re_FunctionVariant:rmge01-usasm:8027af00	0x8027AF00	84	func_8027AF00		b1c53dcee8517ecedc718c64d7eb84b95734cef2f67dde2600a208e06ed5e1fe
urn:ure:smg:re_FunctionVariant:rmge01-usasm:8027af54	0x8027AF54	700	func_8027AF54		2c8eac4295d6d553e5bfacea99b54fa7ca941d362aee80e5bddda516360e4910
urn:ure:smg:re_FunctionVariant:rmge01-usasm:8027b210	0x8027B210	20	func_8027B210		fe937fc0b0db41549e86c22345ef8e0d702576cb4808922ddac90819da768221
urn:ure:smg:re_FunctionVariant:rmge01-usasm:8027b224	0x8027B224	96	func_8027B224		69e62f95566b2a679ab14f3764d2bfb6c7daa8858ec9468823754716cb83364e
urn:ure:smg:re_FunctionVariant:rmge01-usasm:8027b284	0x8027B284	8	func_8027B284		b1736aae8086cacf5d6f167b020b366ed841a963bd0fd2d4a03148b1e126b412
urn:ure:smg:re_FunctionVariant:rmge01-usasm:8027b28c	0x8027B28C	16	func_8027B28C		2cea0a321eff5b39b5fe6ac841fac64d8ae0ad38817d89347efd723b1ce6d030
urn:ure:smg:re_FunctionVariant:rmge01-usasm:8027b29c	0x8027B29C	120	func_8027B29C		0a8f0216424290a4181fcf6470fd3fa8940fe01318d969fdccaeb9d6a3978f0d
urn:ure:smg:re_FunctionVariant:rmge01-usasm:8027b314	0x8027B314	104	func_8027B314		c93c6252f70a06c6522e64f30891e7c3e91ba8804aed0432aa057a4a0c32d99d
urn:ure:smg:re_FunctionVariant:rmge01-usasm:8027b37c	0x8027B37C	2152	func_8027B37C		ea91338c1085b7eebf8489a27cb35491b7f4bd9009557d2d792e1b354c0dfe92
urn:ure:smg:re_FunctionVariant:rmge01-usasm:8027bbe4	0x8027BBE4	216	func_8027BBE4		3c99fc0491a7786f157c941d92925ced8cffe281262f15212ba55f0bca37604d
urn:ure:smg:re_FunctionVariant:rmge01-usasm:8027bcbc	0x8027BCBC	476	func_8027BCBC		0f1c675201d6cb31595f962fc4448f6316190263e2c62f11e87e30fad41a9cec
urn:ure:smg:re_FunctionVariant:rmge01-usasm:8027be98	0x8027BE98	388	func_8027BE98		b26d28d3d589b1086144ee837ac26f58771416e9928a8c1c6787cccaae9f5cb5
urn:ure:smg:re_FunctionVariant:rmge01-usasm:8027c01c	0x8027C01C	860	func_8027C01C		14b2fa29788d1c15aed9e89ee61cd567bac1bfc981313430f4e487515993d631
urn:ure:smg:re_FunctionVariant:rmge01-usasm:8027c378	0x8027C378	168	func_8027C378		be30807c38cf143039ebc7b2830d629fac6733a5ae0aecc5e69eefa1c39acd32
urn:ure:smg:re_FunctionVariant:rmge01-usasm:8027c420	0x8027C420	196	func_8027C420		ceaef083906d6da769e6fdc6c1745c9dd2f37c6f2300827017f4d0da0c451f30
urn:ure:smg:re_FunctionVariant:rmge01-usasm:8027c4e4	0x8027C4E4	16	func_8027C4E4		1f12e32f850291fb0366588d6c900241a980cb961be9a66f4e626ffc6eeef0ea
urn:ure:smg:re_FunctionVariant:rmge01-usasm:8027c4f4	0x8027C4F4	16	func_8027C4F4		aea7c9e95de87594c88da5dd009f1e5869144420462e063807b34e478cb08257
urn:ure:smg:re_FunctionVariant:rmge01-usasm:8027c504	0x8027C504	16	func_8027C504		83b1190854f2ec7d0c0e285cf8f3e3e7673f6d270f1b55ed786583466e4c7761
urn:ure:smg:re_FunctionVariant:rmge01-usasm:8027c514	0x8027C514	16	func_8027C514		3bc20de413372881a435a2a08472c4c4fe500644caa0bf59b9f7062f8823ec9e
urn:ure:smg:re_FunctionVariant:rmge01-usasm:8027c524	0x8027C524	16	func_8027C524		027f7dafabbc28290f3dc22b0d23ebbb66396bd7abbfd6c3c34b634bb2e3b165
urn:ure:smg:re_FunctionVariant:rmge01-usasm:8027c534	0x8027C534	16	func_8027C534		2f9580ff459c313b91e9c6fa772ef843ca36023cf7c3614b2d4aa9f054dabb48
urn:ure:smg:re_FunctionVariant:rmge01-usasm:8027c544	0x8027C544	16	func_8027C544		d11704f73db12e45830a4a3ab048440584edb216e3d2d248febc52a6eca3aaf8
urn:ure:smg:re_FunctionVariant:rmge01-usasm:8027c554	0x8027C554	16	func_8027C554		911c8735b8f07c19554c8cc6cea0abfba58bd7e9a600f1694fa8cdec8debbab1
urn:ure:smg:re_FunctionVariant:rmge01-usasm:8027c564	0x8027C564	16	func_8027C564		3120b57c1dd032957e7bceac16dff21aa87071da52943f7b7c058c028bf69a5a
urn:ure:smg:re_FunctionVariant:rmge01-usasm:8027c574	0x8027C574	248	func_8027C574		cba2ff00cbce1555feea29575e318cf6776c4cbade9cac5141857c929c519d13
urn:ure:smg:re_FunctionVariant:rmge01-usasm:8027c66c	0x8027C66C	1432	func_8027C66C		721a9ff3bc3ce2e95caddbac4cfb7e2b09da6d851a8186475ebedd64fbb7a47a
urn:ure:smg:re_FunctionVariant:rmge01-usasm:8027cc04	0x8027CC04	16	func_8027CC04		665d6d92f45fc062a80373b887ae55b564cfb26dbe8d241458430a2279720dc0
urn:ure:smg:re_FunctionVariant:rmge01-usasm:8027cc14	0x8027CC14	16	func_8027CC14		855d9d0bb8639d62202318a6c70f985a3ff08b8bb52b6db1ad4fde763f612b16
urn:ure:smg:re_FunctionVariant:rmge01-usasm:8027cc24	0x8027CC24	16	func_8027CC24		4b6bf6460f29fafd5c6bb4b6da76975f3d0c85a33a1cfabe45cdb98f2ba528fb
urn:ure:smg:re_FunctionVariant:rmge01-usasm:8027cc34	0x8027CC34	16	func_8027CC34		b0f57c9fd0fc9fc1a08f0cebe594ba4b79e8908ceb9f8e6a7df526ab8f2d41af
urn:ure:smg:re_FunctionVariant:rmge01-usasm:8027cc44	0x8027CC44	16	func_8027CC44		7596a0c53dc67b1fe27d21eb7097376ee8f3b0bff65658edd36ec28f03e7ffc6
urn:ure:smg:re_FunctionVariant:rmge01-usasm:8027cc54	0x8027CC54	128	func_8027CC54		903cff3e90d04a5b61c15d59df8cc282d11bdb452e2a1227483aba10cc3913cd
urn:ure:smg:re_FunctionVariant:rmge01-usasm:8027ccd4	0x8027CCD4	244	func_8027CCD4		d7d89d6e71aed2d36168358f75a33f3d7f617002c4c364aff265a7534693ca93
urn:ure:smg:re_FunctionVariant:rmge01-usasm:8027cdc8	0x8027CDC8	136	func_8027CDC8		e95602ed9f2a9d07cdba2fe790b63bef7f4b38534563c5c3b3913f7088527f8c
urn:ure:smg:re_FunctionVariant:rmge01-usasm:8027ce50	0x8027CE50	1032	func_8027CE50		223d81a85db10d4b7e63734b40437b06d18b39e8d46edb4ede3d978ee57a6f04
urn:ure:smg:re_FunctionVariant:rmge01-usasm:8027d258	0x8027D258	248	func_8027D258		13f9097415636a29fa7d3e5c0e4dfb14f66c1f8c1450bc6ad639e8aa19860972
urn:ure:smg:re_FunctionVariant:rmge01-usasm:8027d350	0x8027D350	100	func_8027D350		75737baf54d48a7d2325ad8d0430d92c0bd98c7270960807e336fc88e61c52bf
urn:ure:smg:re_FunctionVariant:rmge01-usasm:8027d3b4	0x8027D3B4	104	func_8027D3B4		b62f615be5f81ce266511eae4ac4e9bc499fd49dbef98d1c75ff6635ebd5e00a
urn:ure:smg:re_FunctionVariant:rmge01-usasm:8027d41c	0x8027D41C	88	func_8027D41C		bb02f41bc37ac1d926e6e089c4e6d9dfbc239c68dab63208a04f366fc0428060
urn:ure:smg:re_FunctionVariant:rmge01-usasm:8027d474	0x8027D474	88	func_8027D474		9279ab506efbb47bcc6bde2b3c1b40372d78a978e28692d29fa932ee3f37b1d7
urn:ure:smg:re_FunctionVariant:rmge01-usasm:8027d4cc	0x8027D4CC	44	func_8027D4CC		1a9149984d2126d4bb946ffaa7b461ca3a4f717b886fe7933c9b2810d1c30cd1
urn:ure:smg:re_FunctionVariant:rmge01-usasm:8027d4f8	0x8027D4F8	460	func_8027D4F8		e8e7035c99ca3a3bd094e9f76dce0ec0497a5bcef3fbfc08ba19055b009d830b
urn:ure:smg:re_FunctionVariant:rmge01-usasm:8027d6c4	0x8027D6C4	84	func_8027D6C4		b2d230dbef908cfece04b04165e86616d2f8c5c8eaab7ad136bd3eba2df17850
urn:ure:smg:re_FunctionVariant:rmge01-usasm:8027d718	0x8027D718	104	func_8027D718		f7a7e4a4f3535f5db11af9c1d384d0b4daee2de3701a67af31b71ec07ad584e1
urn:ure:smg:re_FunctionVariant:rmge01-usasm:8027d780	0x8027D780	2716	func_8027D780		c683c66a128a8a6bb2ebd4c6ac5ba87fdc381bca0da8b0d2e04964f0c3af530e
urn:ure:smg:re_FunctionVariant:rmge01-usasm:8027e21c	0x8027E21C	16	func_8027E21C		56b39db1084f5ea90d24bb4d7d1d390d986cad9ce4fdacab49d51c03411bd986
urn:ure:smg:re_FunctionVariant:rmge01-usasm:8027e22c	0x8027E22C	16	func_8027E22C		d344f439b7e184c8d7bf6ab3ec6add27705cf24b14689685be9bff0e17e849f1
urn:ure:smg:re_FunctionVariant:rmge01-usasm:8027e23c	0x8027E23C	16	func_8027E23C		c56ba727a7092c5e94040f7f6a8ee695f2df9b64b99dae41f5bfe62c48863013
urn:ure:smg:re_FunctionVariant:rmge01-usasm:8027e24c	0x8027E24C	16	func_8027E24C		ff4f47dff052c79d22479acd63e9849d1c61ba0925637fc2204696959a28d9c8
urn:ure:smg:re_FunctionVariant:rmge01-usasm:8027e25c	0x8027E25C	16	func_8027E25C		95445d0a11010a5377daffe2496bf913b9d6b611ffd2f413e227d62550c87e16
urn:ure:smg:re_FunctionVariant:rmge01-usasm:8027e26c	0x8027E26C	16	func_8027E26C		686f599d84e40b171a02421ea362e07ef37e780739638ae2d7a75b896dc14c0e
urn:ure:smg:re_FunctionVariant:rmge01-usasm:8027e27c	0x8027E27C	16	func_8027E27C		0e3b361479c9d6a1b1a4f2021e894f487bac7d9acfd9ae963eb23e7494ea8e19
urn:ure:smg:re_FunctionVariant:rmge01-usasm:8027e28c	0x8027E28C	16	func_8027E28C		e7f1acf4af95f42c3922033098b876a0281b75616eaf5ad52d7c691ff5063f98
urn:ure:smg:re_FunctionVariant:rmge01-usasm:8027e29c	0x8027E29C	16	func_8027E29C		e63723adde05fe0dadd11765fe1b4a06e3259b74aa06d29459eecabd4135c75f
urn:ure:smg:re_FunctionVariant:rmge01-usasm:8027e2ac	0x8027E2AC	16	func_8027E2AC		5e1ea5bb20e1cf94d59c9a164d1ef2f26d063ebd779d44eb5310d9cd56c33338
urn:ure:smg:re_FunctionVariant:rmge01-usasm:8027e2bc	0x8027E2BC	16	func_8027E2BC		d1ff1ae725f4d96dc577873b167152ddf656e72326d0173939bf6c40fbe55a48
urn:ure:smg:re_FunctionVariant:rmge01-usasm:8027e2cc	0x8027E2CC	16	func_8027E2CC		ca1ff797cedeeb33d5ae86e78094f3706a6c7b07d2ed8bcd8c4b881e2db04473
urn:ure:smg:re_FunctionVariant:rmge01-usasm:8027e2dc	0x8027E2DC	180	func_8027E2DC		c15bdede92d88cd2b3b436a7b8b939e71f0370550f62702485bf79829cd2fe22
urn:ure:smg:re_FunctionVariant:rmge01-usasm:8027e390	0x8027E390	968	func_8027E390		1061c8cf2b6c97c8a5c03254451e5657dc4586a244cd0abd5a23d716bf006e0b
urn:ure:smg:re_FunctionVariant:rmge01-usasm:8027e758	0x8027E758	1060	func_8027E758		964d61b136d11f86c0ee5e84ae54c9da7b9d96893f0bc560dcb5ed936ec19d74
urn:ure:smg:re_FunctionVariant:rmge01-usasm:8027eb7c	0x8027EB7C	16	func_8027EB7C		4a2e2b6846a0ecc6ae2abb4e74294aaab0467820b8d650f209ec3094e952d4f7
urn:ure:smg:re_FunctionVariant:rmge01-usasm:8027eb8c	0x8027EB8C	16	func_8027EB8C		7be25a48f7fc9069991d1d47d0f4258dfc39f10720acbbaacbda8e4b907c2f34
urn:ure:smg:re_FunctionVariant:rmge01-usasm:8027eb9c	0x8027EB9C	220	func_8027EB9C		eb1343397496ca0d294ce8d7fde19c366d3083e8b5542a7e9597d53973e3e2b6
urn:ure:smg:re_FunctionVariant:rmge01-usasm:8027ec78	0x8027EC78	136	func_8027EC78		d95ad54a965b1be8dd0313b5d53614c97f7c1010a819805e64cdac73a6116128
urn:ure:smg:re_FunctionVariant:rmge01-usasm:8027ed00	0x8027ED00	80	func_8027ED00		1b341256a2ffb7525a3b8639d3236fdd73cbb33e1b6d2e8f70bf7c85bacc06a7
urn:ure:smg:re_FunctionVariant:rmge01-usasm:8027ed50	0x8027ED50	236	func_8027ED50		15bea7b31ba820b0fbaecc5b6410395c642d83882e5511de3c6ee250ce81d19c
urn:ure:smg:re_FunctionVariant:rmge01-usasm:8027ee3c	0x8027EE3C	196	func_8027EE3C		1073948eae25cfd21ec23ad32160b078830295727a6644e3f015f68b25944b7c
urn:ure:smg:re_FunctionVariant:rmge01-usasm:8027ef00	0x8027EF00	132	func_8027EF00		ae71c758d5492eb6c3eceadd3ecce3f9490e6b5fa88fd24cc077853ff8a57faa
urn:ure:smg:re_FunctionVariant:rmge01-usasm:8027ef84	0x8027EF84	120	func_8027EF84		e1051a96d137fb07f3d8ec9bec3535277d63d74d17213d0d3fa392839b5646ea
urn:ure:smg:re_FunctionVariant:rmge01-usasm:8027effc	0x8027EFFC	120	func_8027EFFC		4c127babf562a90e8b3c01a0b1b2a6cf02b47fd3693494db3455f0fa180501b5
urn:ure:smg:re_FunctionVariant:rmge01-usasm:8027f074	0x8027F074	120	func_8027F074		e502e9b657efb97507557f67a7777cd192109785b48f178dd6f61b33d25c1074
urn:ure:smg:re_FunctionVariant:rmge01-usasm:8027f0ec	0x8027F0EC	196	func_8027F0EC		51ea851824833052b774c201ff86e3120a3ee994f290afda12567a70b51260c9
urn:ure:smg:re_FunctionVariant:rmge01-usasm:8027f1b0	0x8027F1B0	172	func_8027F1B0		ec08bc1b22d5bfb7ff984b5d761df313d330fbea8c6c1d146c0e9e1f18bb332f
urn:ure:smg:re_FunctionVariant:rmge01-usasm:8027f25c	0x8027F25C	88	func_8027F25C		68eb9034641f3e61e7b5b566d49ffae97c0435ab1cfb2ca3507e591569f6b318
urn:ure:smg:re_FunctionVariant:rmge01-usasm:8027f2b4	0x8027F2B4	28	func_8027F2B4		409d0b102c3c96772ae45efbb3eb8e8b34ada5ae8e148315d7f17560497b086a
urn:ure:smg:re_FunctionVariant:rmge01-usasm:8027f2d0	0x8027F2D0	120	func_8027F2D0		3d8321a0d7ca9549b480f2b54a8220437c08fb3283adef0a2e8d0da70777da7d
urn:ure:smg:re_FunctionVariant:rmge01-usasm:8027f348	0x8027F348	2716	func_8027F348		8d1783e2b8709653d3cde82d6c799585d9f2f097988ce53ac2979d1f2466ab86
urn:ure:smg:re_FunctionVariant:rmge01-usasm:8027fde4	0x8027FDE4	272	func_8027FDE4		5de45f829c10dcfcba89238fcedfc759f34ab8d1c35c046ca2f5c9214aaf75ef
urn:ure:smg:re_FunctionVariant:rmge01-usasm:8027fef4	0x8027FEF4	168	func_8027FEF4		a28c0edeb938cb845149d0af406a5ea19e4917cef2e18b6ba7e542d1f4c0ab4d
urn:ure:smg:re_FunctionVariant:rmge01-usasm:8027ff9c	0x8027FF9C	2692	func_8027FF9C		6e403fb8f9a86fd0893fad540b7359f544e7b2750ab7a12f2ebb842c1ef4a950
urn:ure:smg:re_FunctionVariant:rmge01-usasm:80280a20	0x80280A20	16	func_80280A20		1d55a559f763ba14aa38eda055213e9f87c0bc27d446deea9d96b87842e4e37f
urn:ure:smg:re_FunctionVariant:rmge01-usasm:80280a30	0x80280A30	16	func_80280A30		4a94d734073fc87a1402c30c533c26d7a752eeda264dbb49c8449b96ad79276d
urn:ure:smg:re_FunctionVariant:rmge01-usasm:80280a40	0x80280A40	16	func_80280A40		678e20cb98d5c79bba7b013c4e403bf327b018fb2bbbdda16347b634036ab44a
urn:ure:smg:re_FunctionVariant:rmge01-usasm:80280a50	0x80280A50	16	func_80280A50		aa972f53ced2d7d3c63ec480b04b13c308537f19ce76e035b1a3d27f857ca1a0
urn:ure:smg:re_FunctionVariant:rmge01-usasm:80280a60	0x80280A60	16	func_80280A60		3ce98f34c802612b37b80cc6be9e684ca3a32864b5e88887b202ea544acf05bd
urn:ure:smg:re_FunctionVariant:rmge01-usasm:80280a70	0x80280A70	16	func_80280A70		10c94f17c8b331d8cfb5f99a923166699e182b70d48ed32e98ccff56cef61eae
urn:ure:smg:re_FunctionVariant:rmge01-usasm:80280a80	0x80280A80	16	func_80280A80		f32bd976ba49cf9a6013f0c3cdcab382251b0e838638503ca572a86ea4947757
urn:ure:smg:re_FunctionVariant:rmge01-usasm:80280a90	0x80280A90	16	func_80280A90		171de6b0f5822281071663a92a49d9d03fdc7e555e4c7a47d66e6442e3ac4c61
urn:ure:smg:re_FunctionVariant:rmge01-usasm:80280aa0	0x80280AA0	16	func_80280AA0		2f240c8cfe28a84ea89dab15e530dba8f5c17fe43479a392e868b57b0acf2de0
urn:ure:smg:re_FunctionVariant:rmge01-usasm:80280ab0	0x80280AB0	16	func_80280AB0		e3fee1765c1e819a59d51111b40668abb0430848ceb64973cc78fcd6bbd24882
urn:ure:smg:re_FunctionVariant:rmge01-usasm:80280ac0	0x80280AC0	16	func_80280AC0		53a643f7236c47021e9ce60f34fb881944739ae1be97b7663ee781a96898e099
urn:ure:smg:re_FunctionVariant:rmge01-usasm:80280ad0	0x80280AD0	16	func_80280AD0		c81b11aaf0f348307c5b2c17912ddbe5d9781b763d8659390524be6a47f2186b
urn:ure:smg:re_FunctionVariant:rmge01-usasm:80280ae0	0x80280AE0	16	func_80280AE0		95a3a0a74c59100abde88df3fa28ffe3c324a273798abe1d3b663bff98b2b16c
urn:ure:smg:re_FunctionVariant:rmge01-usasm:80280af0	0x80280AF0	16	func_80280AF0		58ea227b5cbb68b82022722f7d88435f7a868b5c86ff5b69a5612bef0624a115
urn:ure:smg:re_FunctionVariant:rmge01-usasm:80280b00	0x80280B00	136	func_80280B00		38e4f8dec8269229d532e6ad0f6fae61001dff26a5093c72a449f179da8beb49
urn:ure:smg:re_FunctionVariant:rmge01-usasm:80280b88	0x80280B88	152	func_80280B88		918d46dd4bfd6d5c71a809333bac1c58f266c596458cc8de270fb210dc580307
urn:ure:smg:re_FunctionVariant:rmge01-usasm:80280c20	0x80280C20	928	func_80280C20		7d123ad8f4fff3d205644049681ea54765c089b14309dc1ab54f59bb17d75576
urn:ure:smg:re_FunctionVariant:rmge01-usasm:80280fc0	0x80280FC0	104	func_80280FC0		72d5f6f84fc3e66adc14835133aff3702336af2565b4bffe174f87a142dd6bce
urn:ure:smg:re_FunctionVariant:rmge01-usasm:80281028	0x80281028	328	func_80281028		7627e1fe77865bdc9ea18a9678e1ee284b9f48b899e2a6e322cb621bad941ee5
urn:ure:smg:re_FunctionVariant:rmge01-usasm:80281170	0x80281170	16	func_80281170		7c7dca550339bc3f3fa6998fdec91e16a6199457a6f0a65aa4ca41860c289391
urn:ure:smg:re_FunctionVariant:rmge01-usasm:80281180	0x80281180	16	func_80281180		39fad8758412e643726451c00f292a02545f93a8b4b0df3a877ee73f9bf574f1
urn:ure:smg:re_FunctionVariant:rmge01-usasm:80281190	0x80281190	16	func_80281190		a93062fc8bede71cdbb3b85e3c8c50062fdd1b1c306fbec43bd8bc16bced552a
urn:ure:smg:re_FunctionVariant:rmge01-usasm:802811a0	0x802811A0	44	func_802811A0		586f8c30aa143ad06dbb30ad057a7bc3f4e610b3fe0beedb8228deb819850378
urn:ure:smg:re_FunctionVariant:rmge01-usasm:802811cc	0x802811CC	128	func_802811CC		7ff013d65d2c8d4bd1dc03d798b5ff305b4d237397c4934f8fa76730a247d51e
urn:ure:smg:re_FunctionVariant:rmge01-usasm:8028124c	0x8028124C	284	func_8028124C		4f421a9637e41735b739f3c35395835af67ac0aa411770f702f43c24a113db7e
urn:ure:smg:re_FunctionVariant:rmge01-usasm:80281368	0x80281368	76	func_80281368		d4573315722e751f7bf3fc350ab63224f10ecaa213b50fdc7e98e2f39e18ccc8
urn:ure:smg:re_FunctionVariant:rmge01-usasm:802813b4	0x802813B4	76	func_802813B4		27a8bf6258ab446e62f291ef4beaa753dcbe6c06c16f729fb962503feb16ab7f
urn:ure:smg:re_FunctionVariant:rmge01-usasm:80281400	0x80281400	76	func_80281400		346364eca2235b7bee9cea1eb54a04ee671df5cbd041c6c446a1efb3b8a3acad
urn:ure:smg:re_FunctionVariant:rmge01-usasm:8028144c	0x8028144C	144	func_8028144C		d4ed68addb19e7498923510cd3129b6d4322ece36c6c2571739e6317aa81c587
urn:ure:smg:re_FunctionVariant:rmge01-usasm:802814dc	0x802814DC	104	func_802814DC		a07b8c90f6b02aa33a0e5c028734100e1e81eda2f6cc13fb2769c9ea729ef367
urn:ure:smg:re_FunctionVariant:rmge01-usasm:80281544	0x80281544	1548	func_80281544		bd02c5ae95d9e270048cb9a5143e3889bbd0bc59df786f1a62a39990138a0bf5
urn:ure:smg:re_FunctionVariant:rmge01-usasm:80281b50	0x80281B50	16	func_80281B50		c3932e9816fa7823494adc75a694c6b724cbc9086043c8c7ae9774a0c92f7e02
urn:ure:smg:re_FunctionVariant:rmge01-usasm:80281b60	0x80281B60	16	func_80281B60		678acecd6ee61145006f47cf66a35dc8fe31dbf2704d3d326facdef396881219
urn:ure:smg:re_FunctionVariant:rmge01-usasm:80281b70	0x80281B70	16	func_80281B70		ad613bb05be3d7cfc9761f27bf87d86b7d521cf58f7ccb4c7abc23fccef4ca9e
urn:ure:smg:re_FunctionVariant:rmge01-usasm:80281b80	0x80281B80	16	func_80281B80		4fabf6db47f725b9919f9943cd0c3517224c1832ce817ab55780330e9328b3a0
urn:ure:smg:re_FunctionVariant:rmge01-usasm:80281b90	0x80281B90	16	func_80281B90		e9d23486f88008241d76cdfeb5c2704864137632ed0f3f2d54c59f4c3ccbf2b7
urn:ure:smg:re_FunctionVariant:rmge01-usasm:80281ba0	0x80281BA0	16	func_80281BA0		ba81f91ebf5676f44fa05dc763a638240a8a1d1f778e18948835708ff7045ce8
urn:ure:smg:re_FunctionVariant:rmge01-usasm:80281bb0	0x80281BB0	72	func_80281BB0		8d7dc4c2378d50db99f83858e696e4e08e0473d2980ff31a0e99dec61ecb3775
urn:ure:smg:re_FunctionVariant:rmge01-usasm:80281bf8	0x80281BF8	96	func_80281BF8		40d0403bea9784002b3ba61f60746514990d4950c4c57497b9e6daa861f8f02b
urn:ure:smg:re_FunctionVariant:rmge01-usasm:80281c58	0x80281C58	1992	func_80281C58		c2761338d7d9e86a45d5d29eecc3f6e88a9c64f48c125b3f19f6db43267a3da7
urn:ure:smg:re_FunctionVariant:rmge01-usasm:80282420	0x80282420	60	func_80282420		4da1fe06e2c1f8f1c481a661d2ac3a7445c8591167a6f655979e5847b6c9331b
urn:ure:smg:re_FunctionVariant:rmge01-usasm:8028245c	0x8028245C	84	func_8028245C		d724741b9de4fd13b6cffc03c1edf4247e15a89aebe996bfd97ed0871afd4837
urn:ure:smg:re_FunctionVariant:rmge01-usasm:802824b0	0x802824B0	64	func_802824B0		806575958906ff68ba55fbed2e7f65eebaa70c974a5bc17fd157dc1d080fc972
urn:ure:smg:re_FunctionVariant:rmge01-usasm:802824f0	0x802824F0	460	func_802824F0		ad9f4384f91fb670e17b7c9f608feefa20db3166f1111b745b8fa98505db2a0f
urn:ure:smg:re_FunctionVariant:rmge01-usasm:802826bc	0x802826BC	16	func_802826BC		240d839988943ebbfbb89271c6a2d9403e8034f42a8fb0345dcc55adf0b68df0
urn:ure:smg:re_FunctionVariant:rmge01-usasm:802826cc	0x802826CC	36	func_802826CC		a54e37980a7820e1740d4bf7ef16d776339517cf2e74b878de8bd1f458a95a33
urn:ure:smg:re_FunctionVariant:rmge01-usasm:802826f0	0x802826F0	244	func_802826F0		d70b23a792dcdc61adb21b7f405d8582db1475450330dcfb5f4b8a9f9f2bcb82
urn:ure:smg:re_FunctionVariant:rmge01-usasm:802827e4	0x802827E4	152	func_802827E4		b18ae74eae2387da50d8c7536da7e020077eb1239b8bc4b3e784ce97daf11dad
urn:ure:smg:re_FunctionVariant:rmge01-usasm:8028287c	0x8028287C	236	func_8028287C		3b1dadf4d72166b4ac4ec68e7b1f79422f4de33a952c02037adfc7471a634f85
urn:ure:smg:re_FunctionVariant:rmge01-usasm:80282968	0x80282968	880	func_80282968		033bccb5eeccdac7f0dd8b71dded1bd9ded8bd29c6de47853ad36089b5fa22f4
urn:ure:smg:re_FunctionVariant:rmge01-usasm:80282cd8	0x80282CD8	244	func_80282CD8		93d4fe8071e2e22af1d5385648cd3239baa37da708ce295e924eda14504d4561
urn:ure:smg:re_FunctionVariant:rmge01-usasm:80282dcc	0x80282DCC	224	func_80282DCC		b6d0f610ca99b19ddb6eb3ff50fdcf0c54b18bc7ee17fa472b4bef9df13b3873
urn:ure:smg:re_FunctionVariant:rmge01-usasm:80282eac	0x80282EAC	156	func_80282EAC		030ee7ec85bd3c6bd5d02f8d700328e74a6a7b10ce8ead29bcda355b469cf219
urn:ure:smg:re_FunctionVariant:rmge01-usasm:80282f48	0x80282F48	284	func_80282F48		75d3764aa38c906ba863f2f3c44b061c32d90418a5bd8bb1b1ba7aadb1d1de39
urn:ure:smg:re_FunctionVariant:rmge01-usasm:80283064	0x80283064	264	func_80283064		eef1e8cb139c908930b172398412342fb6f682f505f0b274c4995a2351368f1a
urn:ure:smg:re_FunctionVariant:rmge01-usasm:8028316c	0x8028316C	336	func_8028316C		e35080d79bc1af196578415a87f74e4214ae53739b44d5bceeb9f9f0b6ea1a4d
urn:ure:smg:re_FunctionVariant:rmge01-usasm:802832bc	0x802832BC	16	func_802832BC		9e47c985985dba2bff6afc48a582065b1d581e6195562c91ff0596a251b33837
urn:ure:smg:re_FunctionVariant:rmge01-usasm:802832cc	0x802832CC	16	func_802832CC		f936d93c28db090c2ab5f93ec5882576787c2c2100661c5c9ee0dc2606848e21
urn:ure:smg:re_FunctionVariant:rmge01-usasm:802832dc	0x802832DC	952	func_802832DC		c55c2bda6aac1ada01a55e79635e356ef63e52b368ea9d1dae84f793c41cd84c
urn:ure:smg:re_FunctionVariant:rmge01-usasm:80283694	0x80283694	636	func_80283694		b954efe7c4a96cdb128da157688e275561a621cd36279f646a4f346bea1743d4
urn:ure:smg:re_FunctionVariant:rmge01-usasm:80283910	0x80283910	876	func_80283910		ad0518e257c4166408b34f10acc1e440e1de67bb700617f566229cf78bd90ac5
urn:ure:smg:re_FunctionVariant:rmge01-usasm:80283c7c	0x80283C7C	860	func_80283C7C		aa4fc39b251860506d9c293169386adb4c64dfa6d39f3b796df639919f4b9db2
urn:ure:smg:re_FunctionVariant:rmge01-usasm:80283fd8	0x80283FD8	300	func_80283FD8		27c0770cc7692ff324c87799317b24302387a51772079496131837de959aaacf
urn:ure:smg:re_FunctionVariant:rmge01-usasm:80284104	0x80284104	216	func_80284104		824a156e2ebf5e1544244bd5880fcf0ea0ff03bf83b1c1d0106f9a2caa1499b1
urn:ure:smg:re_FunctionVariant:rmge01-usasm:802841dc	0x802841DC	16	func_802841DC		184de4c2dcb509e63c333568cf6106eb24acacc79e949a0750eb851e6cb8442d
urn:ure:smg:re_FunctionVariant:rmge01-usasm:802841ec	0x802841EC	16	func_802841EC		515eb8a1aed9efa63e557050572ceb271332511cdc45f07472357ea03a4896fd
urn:ure:smg:re_FunctionVariant:rmge01-usasm:802841fc	0x802841FC	16	func_802841FC		5d7d3afd984620095b563bc8196af8aa96f1b0f2a1fe440f4e619fb24d624d76
urn:ure:smg:re_FunctionVariant:rmge01-usasm:8028420c	0x8028420C	16	func_8028420C		d91f63f5ac9f88fc791bbb858780ac878ba35a032d46ce3e76310f98657d7b5d
urn:ure:smg:re_FunctionVariant:rmge01-usasm:8028421c	0x8028421C	68	func_8028421C		828b1f2b1847c6e117b7e4b14ab810a6e08d8f2385d2ef7c3a57dccfa3aabcfb
urn:ure:smg:re_FunctionVariant:rmge01-usasm:80284260	0x80284260	88	func_80284260		a42dd0b3bda6cf1fa5f771ff348ba09a6ee655633386279cfdcdfc6276e16555
urn:ure:smg:re_FunctionVariant:rmge01-usasm:802842b8	0x802842B8	560	func_802842B8		06facbc1cf2336888903994ed6cf8c610dacfe492ae92b93f755b95af20848ec
urn:ure:smg:re_FunctionVariant:rmge01-usasm:802844e8	0x802844E8	1320	func_802844E8		e77a9843e825cb0925bcf43c343323fb6d176c84e1e4d7f4fdc4eed53d42571a
urn:ure:smg:re_FunctionVariant:rmge01-usasm:80284a10	0x80284A10	16	func_80284A10		a96780a0a4f4df959139cb488c0e40a67511226601f082dadd19a12c371fe855
urn:ure:smg:re_FunctionVariant:rmge01-usasm:80284a20	0x80284A20	16	func_80284A20		f6704e98d7fbad01627b617d39a87b8617e33532a7b07647deca7e0f1dfdaedc
urn:ure:smg:re_FunctionVariant:rmge01-usasm:80284a30	0x80284A30	40	func_80284A30		cf0a7a571ffb84e814ca1e293102dc943729f24e9eaee90ac45a60dc83074ae4
urn:ure:smg:re_FunctionVariant:rmge01-usasm:80284a58	0x80284A58	988	func_80284A58		08fbbcf0c234fe3a0246c2509fd16d6d3592d6b5af0fda9a7f9729b4375b72d5
urn:ure:smg:re_FunctionVariant:rmge01-usasm:80284e34	0x80284E34	376	func_80284E34		703227ac96f81c1b5a730f0a8aa33aca4036a8ff25253f3a40064c20448a2d9a
urn:ure:smg:re_FunctionVariant:rmge01-usasm:80284fac	0x80284FAC	76	func_80284FAC		70b9d2e125328c577807f4bf34041a9e5613037b1ce8e838d84ccc764feaf055
urn:ure:smg:re_FunctionVariant:rmge01-usasm:80284ff8	0x80284FF8	216	func_80284FF8		cb5afbd675f4f58a05c5b56a1b76a427ac178e8b5233994218999f8f2c38bb2e
urn:ure:smg:re_FunctionVariant:rmge01-usasm:802850d0	0x802850D0	164	func_802850D0		d5221ab2749aa9c750f0ec064297cea6bea191cb9bafd5c3fac2d3bca34a78f6
urn:ure:smg:re_FunctionVariant:rmge01-usasm:80285174	0x80285174	24	func_80285174		f1c9a9ee58757f93f191a7884da92d2b92dd185b09872fcafb3d253b1613658a
urn:ure:smg:re_FunctionVariant:rmge01-usasm:8028518c	0x8028518C	8	func_8028518C		530d321929b4841fde3ce4fe9861a1b1b5bb911ffd574992a814cfd77dce31e3
urn:ure:smg:re_FunctionVariant:rmge01-usasm:80285194	0x80285194	8	func_80285194		0a4411b6af28f3f7b371bbdee91251b9353c97af24de554cf3dfe96af5bfe80b
urn:ure:smg:re_FunctionVariant:rmge01-usasm:8028519c	0x8028519C	12	func_8028519C		1a10d9cc816020ded3b7d66af41f0c8a1f20f423f4f1a09a99c8358b119d91c9
urn:ure:smg:re_FunctionVariant:rmge01-usasm:802851a8	0x802851A8	104	func_802851A8		71efa65a9c93598995157086ba31744825ca464ccfe2f4f6e2d47747cc49a571
urn:ure:smg:re_FunctionVariant:rmge01-usasm:80285210	0x80285210	2568	func_80285210		984e033c766d1d3343ba2ba548bc0499fb26f152f0a271d4543277729da4f93e
urn:ure:smg:re_FunctionVariant:rmge01-usasm:80285c18	0x80285C18	8	func_80285C18		8ec75f3410222c46cb26bc13718eff35e6a49fdf9be60899e76831d4cd4ebe9b
urn:ure:smg:re_FunctionVariant:rmge01-usasm:80285c20	0x80285C20	76	func_80285C20		3be4992cc754df9b544e4187f73358e52dad2026d533e9bf373742698d769781
urn:ure:smg:re_FunctionVariant:rmge01-usasm:80285c6c	0x80285C6C	168	func_80285C6C		175c3592f5165cfe9ce8408f1dd01e439d0cf016840fb297ea0fa7b99ca4fcd5
urn:ure:smg:re_FunctionVariant:rmge01-usasm:80285d14	0x80285D14	108	func_80285D14		fc8a99ba45380c1796465157fb87b19741853710c657a7e9d9d868d922283410
urn:ure:smg:re_FunctionVariant:rmge01-usasm:80285d80	0x80285D80	236	func_80285D80		ea7b769e74f0112f1d82d931d58a4ee5a96ff002ff43f5f6775a9d8bbca8d992
urn:ure:smg:re_FunctionVariant:rmge01-usasm:80285e6c	0x80285E6C	48	func_80285E6C		9476fc953f198a5d9544fdc88ef1ca645fa99a5c0dc4210e6f80cc2e079204a5
urn:ure:smg:re_FunctionVariant:rmge01-usasm:80285e9c	0x80285E9C	16	func_80285E9C		67d10bc24ebc6ebb6f31ba60d2ee26b5138e0c88f55d15daa069d259601dcb80
urn:ure:smg:re_FunctionVariant:rmge01-usasm:80285eac	0x80285EAC	16	func_80285EAC		e1f6d2836f439b4969c21052cd118d68ec7194983479acda47cb9d602853d490
urn:ure:smg:re_FunctionVariant:rmge01-usasm:80285ebc	0x80285EBC	16	func_80285EBC		c4012f99639934c3d122dce95a9a05bb1d4fea53915915258e19e9db054e849b
urn:ure:smg:re_FunctionVariant:rmge01-usasm:80285ecc	0x80285ECC	16	func_80285ECC		7bfc2539f7f3fee5ad06f3837f151ade55e06d01468f129df1d4ac55b769769e
urn:ure:smg:re_FunctionVariant:rmge01-usasm:80285edc	0x80285EDC	16	func_80285EDC		eea39dea3ef00c1290d30cb56ef301e54cf583429f9f1d98a8b76b80cd592eeb
urn:ure:smg:re_FunctionVariant:rmge01-usasm:80285eec	0x80285EEC	16	func_80285EEC		dfee6d778d5cb1c918c12936ceabfc1523b53725a6515ee03bfa9fe3ab06343d
urn:ure:smg:re_FunctionVariant:rmge01-usasm:80285efc	0x80285EFC	16	func_80285EFC		ee260dcdabc4f3181d1c78c8a7d6bdc60bf1cc46ec04f60071fe6967ec9942ca
urn:ure:smg:re_FunctionVariant:rmge01-usasm:80285f0c	0x80285F0C	16	func_80285F0C		758ea25dab4720f0084b7115fa1e1252459059610972cb30f286abc76d91e931
urn:ure:smg:re_FunctionVariant:rmge01-usasm:80285f1c	0x80285F1C	16	func_80285F1C		e19aa78b2013c17d0ee415c039b991f0a8287e4af60b7c9a731c9932aa37c1b5
urn:ure:smg:re_FunctionVariant:rmge01-usasm:80285f2c	0x80285F2C	388	func_80285F2C		69a91ec312b64b53b334d073d3cb5bce775f98e3c24f12e0ba99cdbd8e98f892
urn:ure:smg:re_FunctionVariant:rmge01-usasm:802860b0	0x802860B0	728	func_802860B0		b25ab8f357464c1d71c427c403d67a07796da1ec415e2ecb1c8be759511e5a76
urn:ure:smg:re_FunctionVariant:rmge01-usasm:80286388	0x80286388	136	func_80286388		250a73b600968f0073ef4987386800323a3070afe574f757c3cb7c4de374b266
urn:ure:smg:re_FunctionVariant:rmge01-usasm:80286410	0x80286410	160	func_80286410		51641d8e7cdf890286540e0a4df4d52ca8b10f6a1ba900845860dcbef88ae111
urn:ure:smg:re_FunctionVariant:rmge01-usasm:802864b0	0x802864B0	84	func_802864B0		c9fc7a96c45f39b6141c920864364d9abadf7856ea678f9510fd04d50b043b52
urn:ure:smg:re_FunctionVariant:rmge01-usasm:80286504	0x80286504	464	func_80286504		e4f3a9d53e7bd277f384af9529c66ba53242797ca81ae9ccca9c85a20af01eab
urn:ure:smg:re_FunctionVariant:rmge01-usasm:802866d4	0x802866D4	848	func_802866D4		526b14c3a0dd38bd157b458e1ba620be5d9254ae23ecb2c35191b6d917d7a6df
urn:ure:smg:re_FunctionVariant:rmge01-usasm:80286a24	0x80286A24	16	func_80286A24		de91bb790cae7163e8d80636ff2b0cd112ec2adaed5496d2edb552dd927ccd40
urn:ure:smg:re_FunctionVariant:rmge01-usasm:80286a34	0x80286A34	32	func_80286A34		2880f5a0262cf92b97ae875ad5b4e72346a0531782417be2528d958040159c6e
urn:ure:smg:re_FunctionVariant:rmge01-usasm:80286a54	0x80286A54	84	func_80286A54		2977773d3422501e300df20fc5677d93d0ed0c359fd48cf99beaccda9a7f4812
urn:ure:smg:re_FunctionVariant:rmge01-usasm:80286aa8	0x80286AA8	1356	func_80286AA8		2c0b3952482a663fbeebe3c393236d82d332442de466fd497bcace4e847de622
urn:ure:smg:re_FunctionVariant:rmge01-usasm:80286ff4	0x80286FF4	276	func_80286FF4		b2f3946dd3fb6737946a47aeb4167889100032d16ba072e8cf2e0269fefc698f
urn:ure:smg:re_FunctionVariant:rmge01-usasm:80287108	0x80287108	1532	func_80287108		c44e40ec5c3855fd3dbc28e1b13020859e2ba1d21e10bdf169e6db18d3929eaf
urn:ure:smg:re_FunctionVariant:rmge01-usasm:80287704	0x80287704	16	func_80287704		71b972adf577024415846ddef6c7a5f0db4f0da8e7d0338269d1dcbd1a80a5f8
urn:ure:smg:re_FunctionVariant:rmge01-usasm:80287714	0x80287714	16	func_80287714		00103f687d7f6e375fe18c4fb76f53f5d201b406f389dc911e518687659147e5
urn:ure:smg:re_FunctionVariant:rmge01-usasm:80287724	0x80287724	16	func_80287724		5ce187a3ead122c94d5401c1873c68324ad296fee8cff3f3306e7742688dc933
urn:ure:smg:re_FunctionVariant:rmge01-usasm:80287734	0x80287734	16	func_80287734		b219c0c0d304f041f40d90d8242cb8b990414904c995c2a655a694136f031e1c
urn:ure:smg:re_FunctionVariant:rmge01-usasm:80287744	0x80287744	16	func_80287744		8b2c8e7542f127bb1fa9c2e7d38d611fc2f85bed79978655ffb08d286d416e6b
urn:ure:smg:re_FunctionVariant:rmge01-usasm:80287754	0x80287754	16	func_80287754		89d2678a86372dd35f384f9bb8be7099fcbf55bfc8832463931b5b2ddd34a1fc
urn:ure:smg:re_FunctionVariant:rmge01-usasm:80287764	0x80287764	136	func_80287764		85cf595f5261afa08ed1007da2501094a67170e2ad653c596f0b875d3614ef32
urn:ure:smg:re_FunctionVariant:rmge01-usasm:802877ec	0x802877EC	304	func_802877EC		2737e61fed314e1ab72c5d74d35ef00c600bdc4251ffc8f33027bf6bc821eae0
urn:ure:smg:re_FunctionVariant:rmge01-usasm:8028791c	0x8028791C	656	func_8028791C		6ab31265ef6a71f6031b6ca496c9e766a8536cfe0138ba15aa249ab5d6dab604
urn:ure:smg:re_FunctionVariant:rmge01-usasm:80287bac	0x80287BAC	628	func_80287BAC		fd55a5452bfa1da322bfb2d71f999468023be29b9ea50f77420ac480a3609fd4
urn:ure:smg:re_FunctionVariant:rmge01-usasm:80287e20	0x80287E20	176	func_80287E20		9b1c5ff8fdf41de2f3805c217c0242676dad559a222edda665fe6bb1767a20b0
urn:ure:smg:re_FunctionVariant:rmge01-usasm:80287ed0	0x80287ED0	376	func_80287ED0		0dcc83d82a18b50891b1f0cafbafafe6b2a537fba37015f4a7790fc01992b664
urn:ure:smg:re_FunctionVariant:rmge01-usasm:80288048	0x80288048	852	func_80288048		de24fa551d14d41d896ae95ca53cb681a0836234c7611571b5be9aa775ac9a81
urn:ure:smg:re_FunctionVariant:rmge01-usasm:8028839c	0x8028839C	1032	func_8028839C		e52df572ded6ded66e5af9d9ccc7c9f24a2bac2892e7d83d66f9281106ee066d
urn:ure:smg:re_FunctionVariant:rmge01-usasm:802887a4	0x802887A4	152	func_802887A4		8d831e9bdbde3d43217eed359077d7aa210467900ca0bf0dc80d3c99eece6ccc
urn:ure:smg:re_FunctionVariant:rmge01-usasm:8028883c	0x8028883C	672	func_8028883C		239b1309b72028047a5bd268301006a27dfcb0f02cab995626a58d556289a758
urn:ure:smg:re_FunctionVariant:rmge01-usasm:80288adc	0x80288ADC	108	func_80288ADC		8e102d38e250270199c4d2a07da189e11dc761a6fe82990f7ce7071f5209f1fe
urn:ure:smg:re_FunctionVariant:rmge01-usasm:80288b48	0x80288B48	88	func_80288B48		69ca72a627f559abced1c71b94d8ffef6ab3e1ac831a41cf28a171da68709a28
urn:ure:smg:re_FunctionVariant:rmge01-usasm:80288ba0	0x80288BA0	88	func_80288BA0		95b549be6dc939cab167e6b6446145a23014ee86c496cfc06ce27a5456c39ca1
urn:ure:smg:re_FunctionVariant:rmge01-usasm:80288bf8	0x80288BF8	220	func_80288BF8		8823604917b805117a3f72f9836f87416f95e51e9928a6b90f47f51e347ac817
urn:ure:smg:re_FunctionVariant:rmge01-usasm:80288cd4	0x80288CD4	16	func_80288CD4		25f1f048e789164e7d2ab3fc1fe2d1267d53826d2262c93f46ccc978cd3c0531
urn:ure:smg:re_FunctionVariant:rmge01-usasm:80288ce4	0x80288CE4	16	func_80288CE4		2352717943ce4efbc9f5a24c822e7e24e92c7402549c8dae7199e67bc6a0b53f
urn:ure:smg:re_FunctionVariant:rmge01-usasm:80288cf4	0x80288CF4	16	func_80288CF4		d8e65af00f716a56b83f54ad30b937dd5bcfb7a9af7f04ae1b30686a1d2a2a56
urn:ure:smg:re_FunctionVariant:rmge01-usasm:80288d04	0x80288D04	16	func_80288D04		36be1eea62348665913525bc23c9bc27ca766cd892c3834d1da705bff2da81c3
urn:ure:smg:re_FunctionVariant:rmge01-usasm:80288d14	0x80288D14	56	func_80288D14		4bb480887456fe8537e23051adcd4e8ba5da3c70c2e66032228807d3dfa18d81
urn:ure:smg:re_FunctionVariant:rmge01-usasm:80288d4c	0x80288D4C	128	func_80288D4C		3567937b726ba2f8a00c260ac6c7e34c0beb925318cb6f25a46fe208f52965da
urn:ure:smg:re_FunctionVariant:rmge01-usasm:80288dcc	0x80288DCC	1544	func_80288DCC		148ddec11289691b5968fd41bb8b84c0efb3b14ad7f47765b22d4d38121055c7
urn:ure:smg:re_FunctionVariant:rmge01-usasm:802893d4	0x802893D4	3080	func_802893D4		48c6320b843296d878e13faaf46938dd03de463e39fc08d0c6208fad57d96c46
urn:ure:smg:re_FunctionVariant:rmge01-usasm:80289fdc	0x80289FDC	140	func_80289FDC		22dc2b908e2f33c3c4c665b28374e192e44cc40db7bdde86e069986bea1a9334
urn:ure:smg:re_FunctionVariant:rmge01-usasm:8028a068	0x8028A068	140	func_8028A068		95eefc275f9b54121dfe1b441b25c3c439733573718a32a549996a36c9b01b4d
urn:ure:smg:re_FunctionVariant:rmge01-usasm:8028a0f4	0x8028A0F4	228	func_8028A0F4		606423a4f9fce880f4b8d07b946eead185c79cf732a8f0977ec35fcfb87bd57f
urn:ure:smg:re_FunctionVariant:rmge01-usasm:8028a1d8	0x8028A1D8	232	func_8028A1D8		e3c5b7afb674be9435b650ebb6a3a0f529c3a068100b9f6309bc7d486fdb8ef4
urn:ure:smg:re_FunctionVariant:rmge01-usasm:8028a2c0	0x8028A2C0	508	func_8028A2C0		3298e0ce39302401bcdb8d891c270e6a64f83932918add9ebfdaa77f880a7659
urn:ure:smg:re_FunctionVariant:rmge01-usasm:8028a4bc	0x8028A4BC	256	func_8028A4BC		cad2131dcde0563dd85c0e930c6de8e4097f0ee90d266d2b60bfb2e454ac9002
urn:ure:smg:re_FunctionVariant:rmge01-usasm:8028a5bc	0x8028A5BC	140	func_8028A5BC		5b589ad9486760dbe1e6ff13e0271235127a9927e387ce55c831cc9cc33d1275
urn:ure:smg:re_FunctionVariant:rmge01-usasm:8028a648	0x8028A648	204	func_8028A648		1f28ab51824b737546c3bdbdba9d54f30edb758393787898de07b062f22112e9
urn:ure:smg:re_FunctionVariant:rmge01-usasm:8028a714	0x8028A714	128	func_8028A714		03fe562f42ce4d7ebb2546102637fb24c5d88b889bddd9b7ac1fbe644d01cf02
urn:ure:smg:re_FunctionVariant:rmge01-usasm:8028a794	0x8028A794	84	func_8028A794		9567e30341e5284e2cc585fe1e2875fcfa5765388733d5e7318ccb65bd356e96
urn:ure:smg:re_FunctionVariant:rmge01-usasm:8028a7e8	0x8028A7E8	112	func_8028A7E8		634116481affd29087c92ad4a6a6e97368b8acb81af9c662505c2d9823bd398e
urn:ure:smg:re_FunctionVariant:rmge01-usasm:8028a858	0x8028A858	468	func_8028A858		942933eab6adad3e870f52a56a551df8dee71796bbbd9e8b385ebc87e74407e4
urn:ure:smg:re_FunctionVariant:rmge01-usasm:8028aa2c	0x8028AA2C	1104	func_8028AA2C		dc7eac372bbcf1cd691cc1a8926ae91b14a89d4322a9fca4080025fd13af0708
urn:ure:smg:re_FunctionVariant:rmge01-usasm:8028ae7c	0x8028AE7C	16	func_8028AE7C		adf47408821cd031f4080d81656a90344be5671acdf78df3b6ab5870a5b23644
urn:ure:smg:re_FunctionVariant:rmge01-usasm:8028ae8c	0x8028AE8C	16	func_8028AE8C		d3b61a0b8688a66819a907cc865c1fbb667953b6aa2cb10e0b6273c1716725ff
urn:ure:smg:re_FunctionVariant:rmge01-usasm:8028ae9c	0x8028AE9C	16	func_8028AE9C		364dfb46aef3de2344f27984b584f5711f35703dcc792fed5ccc2666fb632dd9
urn:ure:smg:re_FunctionVariant:rmge01-usasm:8028aeac	0x8028AEAC	16	func_8028AEAC		f591966f437b549233672ab5b8847dda6291aa358596c303de8dfc9cf9e2cee8
urn:ure:smg:re_FunctionVariant:rmge01-usasm:8028aebc	0x8028AEBC	16	func_8028AEBC		8918ca2f0ed5d42f99fe9a4093e01ecbb8b603275e463a7c80f7f31fff7c3494
urn:ure:smg:re_FunctionVariant:rmge01-usasm:8028aecc	0x8028AECC	16	func_8028AECC		6eab74456677835da591c35c9a9aee1bacea8577f42ae17973fafb2f91e954fd
urn:ure:smg:re_FunctionVariant:rmge01-usasm:8028aedc	0x8028AEDC	16	func_8028AEDC		54e47a2944b1f839a640240c9a350ae394dc9ae5fda12f73001d641087cd7839
urn:ure:smg:re_FunctionVariant:rmge01-usasm:8028aeec	0x8028AEEC	16	func_8028AEEC		9d529f5f09e58adeae2b2ddfb991ffec1c2811d89c67ceb614809443e511701e
urn:ure:smg:re_FunctionVariant:rmge01-usasm:8028aefc	0x8028AEFC	16	func_8028AEFC		fc7dcbece43ea9abf73793d1263a3ce0bf94770742b667fb1d4f2a4a201c5505
urn:ure:smg:re_FunctionVariant:rmge01-usasm:8028af0c	0x8028AF0C	16	func_8028AF0C		0a8e4ef4e1c3895e6c9dfe6eab27c46780f1ad776dbc5395931ee140e7885521
urn:ure:smg:re_FunctionVariant:rmge01-usasm:8028af1c	0x8028AF1C	16	func_8028AF1C		4e02fee5721214edd0b7aef139bc0e391cc7138d87496aa10754f3377ce54eab
urn:ure:smg:re_FunctionVariant:rmge01-usasm:8028af2c	0x8028AF2C	16	func_8028AF2C		79bfe9f5919f927be446eae6ae22f479d19b65e2c5fd34ee5f557606c4b50e79
urn:ure:smg:re_FunctionVariant:rmge01-usasm:8028af3c	0x8028AF3C	16	func_8028AF3C		00b0d856bd931759664d167a1a36f1cfff6fd0d8298388ba0bbbe5c0fd786150
urn:ure:smg:re_FunctionVariant:rmge01-usasm:8028af4c	0x8028AF4C	16	func_8028AF4C		bf4f53a651670b45a757a1d71e78ad67aff5c663ddd4cf248bd17d05005970a2
urn:ure:smg:re_FunctionVariant:rmge01-usasm:8028af5c	0x8028AF5C	16	func_8028AF5C		6ce7472cb0dd9bc01a354f41e36b1d78d26cf52793aec69c5230200eee936d71
urn:ure:smg:re_FunctionVariant:rmge01-usasm:8028af6c	0x8028AF6C	16	func_8028AF6C		bbf9e2df8dbe79f2c966973cc89d9544f34bb0c93967990d420625a8f96beaea
urn:ure:smg:re_FunctionVariant:rmge01-usasm:8028af7c	0x8028AF7C	16	func_8028AF7C		faeabef89ad3efee3d2a55c1357c35e8cce8b79af3c4cad53cd58e1c5bd8b9c0
urn:ure:smg:re_FunctionVariant:rmge01-usasm:8028af8c	0x8028AF8C	16	func_8028AF8C		8af7777728e06563f53273c4f553c43800deed4220829a4d745854e12588f3dd
urn:ure:smg:re_FunctionVariant:rmge01-usasm:8028af9c	0x8028AF9C	16	func_8028AF9C		e52c8ca475fe1b915418bb33b3dd07aa3904d834e0792fd37d6c8f0480673e95
urn:ure:smg:re_FunctionVariant:rmge01-usasm:8028afac	0x8028AFAC	16	func_8028AFAC		a19734f437feb1a7f1bf00b357c1a7c9db02f03c9f84f9701efb1f0f24282861
urn:ure:smg:re_FunctionVariant:rmge01-usasm:8028afbc	0x8028AFBC	16	func_8028AFBC		61c1039c0a1870d3b66a414daacf4d5c3f8be4d318481daca1aee826689ef15e
urn:ure:smg:re_FunctionVariant:rmge01-usasm:8028afcc	0x8028AFCC	592	func_8028AFCC		573af4b6467d193695b63f2a349bf908ef45f3cd3580acd3b9e894e51d97d94f
urn:ure:smg:re_FunctionVariant:rmge01-usasm:8028b21c	0x8028B21C	2828	func_8028B21C		ced9470508b956d36fe23556d0a04f53693cd1878ff7abf915da99d0af84651f
urn:ure:smg:re_FunctionVariant:rmge01-usasm:8028bd28	0x8028BD28	248	func_8028BD28		47250bfd66664a4f1f10055acdcf7c24796d1afe8645946bb9a172c440e3c602
urn:ure:smg:re_FunctionVariant:rmge01-usasm:8028be20	0x8028BE20	16	func_8028BE20		ad167d4ae170f86ce3a1c35950290985d73883ed3cbbfccf982f0c40b65d6f64
urn:ure:smg:re_FunctionVariant:rmge01-usasm:8028be30	0x8028BE30	16	func_8028BE30		1c15e972ccd8b2ecd2a4306f2bc52a40cf99bea8ded8b52494aa914ace2235af
urn:ure:smg:re_FunctionVariant:rmge01-usasm:8028be40	0x8028BE40	16	func_8028BE40		b10d53c61a21c039c1707c6c53170f2b54b3ea27c4eaddc6899412ed0974a64f
urn:ure:smg:re_FunctionVariant:rmge01-usasm:8028be50	0x8028BE50	16	func_8028BE50		f7139d351f018379a88860961cc3d1ad90e4a8c70600d989f7e3853310d83cc5
urn:ure:smg:re_FunctionVariant:rmge01-usasm:8028be60	0x8028BE60	16	func_8028BE60		708f5f2c5c8dfe3ccf077d8763d215f740c552f5f9d2e053b80fc91bda8e80b4
urn:ure:smg:re_FunctionVariant:rmge01-usasm:8028be70	0x8028BE70	16	func_8028BE70		9b02cc5657002fb5cb779be440c7ce35e2dddf1cc6c4b1d11a288ea8f29db285
urn:ure:smg:re_FunctionVariant:rmge01-usasm:8028be80	0x8028BE80	16	func_8028BE80		af7dd2d73db68edcf7b2fec22e078cb8f6f8f8d4ef049b8ff0c8eda5999fdbda
urn:ure:smg:re_FunctionVariant:rmge01-usasm:8028be90	0x8028BE90	136	func_8028BE90		c666f7e283a4eae8e9684ccbb35132eefc5fc29a102df1f721631b18564ed13c
urn:ure:smg:re_FunctionVariant:rmge01-usasm:8028bf18	0x8028BF18	244	func_8028BF18		e9fb623bb3bfe0a97059a475082ceb57c04565fe08df6b14f59cb2d999ce8eb2
urn:ure:smg:re_FunctionVariant:rmge01-usasm:8028c00c	0x8028C00C	136	func_8028C00C		54599331edd9eaef9eebbb49ece6ab82705de67238efd06e337a59ee4a4fe92e
urn:ure:smg:re_FunctionVariant:rmge01-usasm:8028c094	0x8028C094	276	func_8028C094		d610ab015c95dffefd786c0ad88100ae1d253a6b1a54bcd1858aec1308348778
urn:ure:smg:re_FunctionVariant:rmge01-usasm:8028c1a8	0x8028C1A8	56	func_8028C1A8		967c23d022fff31828904838cb255a06256e6d2a65bf251c082f7c3d7cf4e545
urn:ure:smg:re_FunctionVariant:rmge01-usasm:8028c1e0	0x8028C1E0	464	func_8028C1E0		5199032738471f0fbff03e636c28d080a686ba634696825fca3056d09c940979
urn:ure:smg:re_FunctionVariant:rmge01-usasm:8028c3b0	0x8028C3B0	236	func_8028C3B0		5ab7688b067d24fb8f0d79c20a08e4142f5dc7b2f39a045ccfddf95347cd637a
urn:ure:smg:re_FunctionVariant:rmge01-usasm:8028c49c	0x8028C49C	248	func_8028C49C		53ade15901ce1be2449e64d1a0085aaddd65e4965d82604aaa1a16e26c3b46ad
urn:ure:smg:re_FunctionVariant:rmge01-usasm:8028c594	0x8028C594	660	func_8028C594		fed057ff159f5aa11a3010d4e0102e44b7c7322dd0e1b7e8e55183b331ca7ae9
urn:ure:smg:re_FunctionVariant:rmge01-usasm:8028c828	0x8028C828	336	func_8028C828		3e253b36986feded29b13725d7fd50a90dca463a42e3160f368d41db4b86425a
urn:ure:smg:re_FunctionVariant:rmge01-usasm:8028c978	0x8028C978	140	func_8028C978		565967877baed8adb0e36db4268df671cd6fe963b00f613f2d1ec737ff4eb21d
urn:ure:smg:re_FunctionVariant:rmge01-usasm:8028ca04	0x8028CA04	64	func_8028CA04		d0f5dd01e24db1bb383b872c69ff736b0f6e88e5c0e7244bbc3f138d8991d910
urn:ure:smg:re_FunctionVariant:rmge01-usasm:8028ca44	0x8028CA44	8	func_8028CA44		d7f931119fbc07bff9630772fece8547cf62d4fa159be3e7f61d5e191f809944
urn:ure:smg:re_FunctionVariant:rmge01-usasm:8028ca4c	0x8028CA4C	2112	func_8028CA4C		f1cbada86299d1e4795a01672b08ee440890a2e4afbc6e50d9cd691c4c45bc13
urn:ure:smg:re_FunctionVariant:rmge01-usasm:8028d28c	0x8028D28C	16	func_8028D28C		251525dc1e7c3b629ce82b6e7ded7e0164a33529951eeb45288544388cc916a6
urn:ure:smg:re_FunctionVariant:rmge01-usasm:8028d29c	0x8028D29C	16	func_8028D29C		5a23c9f993f161ca7267dd588e3d9b423a459610ba0b0deb12bf3589ff6be567
urn:ure:smg:re_FunctionVariant:rmge01-usasm:8028d2ac	0x8028D2AC	16	func_8028D2AC		680535c4a2d2e9547bf45445c75a5cb39c0edfc2f5278c25336a7ffcb60de6c9
urn:ure:smg:re_FunctionVariant:rmge01-usasm:8028d2bc	0x8028D2BC	16	func_8028D2BC		68a9fdd3841d8b0c0c2d55401e3eeb68fb3fd3b671fe99891f7f58a5543a90de
urn:ure:smg:re_FunctionVariant:rmge01-usasm:8028d2cc	0x8028D2CC	16	func_8028D2CC		636f338175b1460f7442c9cb35efef9d7656835b4cb64c1a8c3869d6aa866115
urn:ure:smg:re_FunctionVariant:rmge01-usasm:8028d2dc	0x8028D2DC	16	func_8028D2DC		4d7d8e550595a59fc53a5688110da733b98d1a4a31c13b878c1c6835a0d27970
urn:ure:smg:re_FunctionVariant:rmge01-usasm:8028d2ec	0x8028D2EC	16	func_8028D2EC		bb8d7b104a693bcfe82721b2926e2eb1e5471cf3528445d749ba645a00f71189
urn:ure:smg:re_FunctionVariant:rmge01-usasm:8028d2fc	0x8028D2FC	16	func_8028D2FC		68b5e4c0bf15f1166d616db6a89bfbe85a1fcc443bd382feb51962d5e9dcb8ea
urn:ure:smg:re_FunctionVariant:rmge01-usasm:8028d30c	0x8028D30C	16	func_8028D30C		fe427eb8d26274d9a8e179da0a707773c6082caeea7bd6518af9db383018685a
urn:ure:smg:re_FunctionVariant:rmge01-usasm:8028d31c	0x8028D31C	16	func_8028D31C		632c977cd6d254554316c90a5bd9dd901d53893ee908de95c2de09aaaaca05d8
urn:ure:smg:re_FunctionVariant:rmge01-usasm:8028d32c	0x8028D32C	16	func_8028D32C		d5368481018b18a41bd83443fd0223ff523af9d7ab81ba702a5a26cf2cc1eff0
urn:ure:smg:re_FunctionVariant:rmge01-usasm:8028d33c	0x8028D33C	16	func_8028D33C		d8dafc397db6b76de90c44aafe2b326e1c70541a47edecf8a448c8b354042597
urn:ure:smg:re_FunctionVariant:rmge01-usasm:8028d34c	0x8028D34C	16	func_8028D34C		9501869d0d1cf7a21fe4c2a43769d550d267fc5f91062e71293269d205c3f997
urn:ure:smg:re_FunctionVariant:rmge01-usasm:8028d35c	0x8028D35C	16	func_8028D35C		728d7979643c6477def40d19b43681a713091985f7a3b38b18b5242ec6477df9
urn:ure:smg:re_FunctionVariant:rmge01-usasm:8028d36c	0x8028D36C	16	func_8028D36C		0d03abbf61838f2f6b178bbbb683a3283f098cd936c4df3f3df9f6fd0e54f465
urn:ure:smg:re_FunctionVariant:rmge01-usasm:8028d37c	0x8028D37C	16	func_8028D37C		360408316d8278e5d53e078f8db23a87df25ea53f1cdf5382c24ebe6c6226773
urn:ure:smg:re_FunctionVariant:rmge01-usasm:8028d38c	0x8028D38C	16	func_8028D38C		c248ee696c01ab7fbaa04ea8e85c5c0dfde15ea40445a9014bcdc781aa3569a9
urn:ure:smg:re_FunctionVariant:rmge01-usasm:8028d39c	0x8028D39C	316	func_8028D39C		4942beb29c8a85292e7defacc043ea1cf015040086cbd0ccb9fc8deea397db55
urn:ure:smg:re_FunctionVariant:rmge01-usasm:8028d4d8	0x8028D4D8	244	func_8028D4D8		1acc8f2f1a37032666d2015ca739545b773908fa6a37c72f62cadfcadaad0ade
urn:ure:smg:re_FunctionVariant:rmge01-usasm:8028d5cc	0x8028D5CC	48	func_8028D5CC		891cab25cf82587f99f62024b30185f53a3bf5c37a475072546d7ef99a8bf4a4
urn:ure:smg:re_FunctionVariant:rmge01-usasm:8028d5fc	0x8028D5FC	368	func_8028D5FC		095f40d8c02a8938e56372df80669f99c46a9dca779db73ca87e7c58a6ac53a7
urn:ure:smg:re_FunctionVariant:rmge01-usasm:8028d76c	0x8028D76C	68	func_8028D76C		494b870277efffa8c363e7afff6956bb10776850bf147a7ab6acff02e7957595
urn:ure:smg:re_FunctionVariant:rmge01-usasm:8028d7b0	0x8028D7B0	76	func_8028D7B0		5bdb00b0fd35fe0a5dbd7b191bd8f8273e4767ea6d7dc7a558004f1dfc79081a
urn:ure:smg:re_FunctionVariant:rmge01-usasm:8028d7fc	0x8028D7FC	724	func_8028D7FC		f146060cc417c6b3ecfd43bb00f7451356c2a1ab6d9b73dd19359a188a04065e
urn:ure:smg:re_FunctionVariant:rmge01-usasm:8028dad0	0x8028DAD0	12	func_8028DAD0		612abf58f99c842877681c02f33c83486f3a0511e9ae61dd581c977c8e84ba1f
urn:ure:smg:re_FunctionVariant:rmge01-usasm:8028dadc	0x8028DADC	820	func_8028DADC		5709bc7f6645696a6f8aa3718f9a6a2255ce150fbe3f2d43847b61fad6ea72bd
urn:ure:smg:re_FunctionVariant:rmge01-usasm:8028de10	0x8028DE10	1620	func_8028DE10		73c41fc44aacb3729549f166fafc8c8f0759bb658c9fadde0b1756ca481053ff
urn:ure:smg:re_FunctionVariant:rmge01-usasm:8028e464	0x8028E464	16	func_8028E464		430c4d921ea483dc1ec17f7436695cbf7ac7ea7675644f4df6cc24da59282789
urn:ure:smg:re_FunctionVariant:rmge01-usasm:8028e474	0x8028E474	16	func_8028E474		e92015381173e1d23048f5601d85c78bad5cdedba33577eedadbcd256c43f414
urn:ure:smg:re_FunctionVariant:rmge01-usasm:8028e484	0x8028E484	16	func_8028E484		3beae52f7a3f225245a617c6989c8916de6efd196391c197f9fd233f909f5a29
urn:ure:smg:re_FunctionVariant:rmge01-usasm:8028e494	0x8028E494	16	func_8028E494		ffa3016510bd4695b94bad1556655173b2edbc60c79af63121783de17a3dec19
urn:ure:smg:re_FunctionVariant:rmge01-usasm:8028e4a4	0x8028E4A4	16	func_8028E4A4		f31201b7e6c582ebf91492ded7a0ec15d09716f27987e0e01bb948f54a570ea0
urn:ure:smg:re_FunctionVariant:rmge01-usasm:8028e4b4	0x8028E4B4	16	func_8028E4B4		8b0f8326eaac807a3ecf165f86b6b2105c2c4e1a5d57d0530b7a3b4f287168e0
urn:ure:smg:re_FunctionVariant:rmge01-usasm:8028e4c4	0x8028E4C4	16	func_8028E4C4		b863a1d6457cffa87339ed7ef11e281570f90c3402272862588e9624ca2ad5d7
urn:ure:smg:re_FunctionVariant:rmge01-usasm:8028e4d4	0x8028E4D4	76	func_8028E4D4		ae7d9878b873044ed9c915b36985e1c264fd91e779e86ec386fe35f2c2635479
urn:ure:smg:re_FunctionVariant:rmge01-usasm:8028e520	0x8028E520	244	func_8028E520		17ad1199afab206b7fcbd8865886fd11e7293a8af8ec712dcb36a5e33deb66e9
urn:ure:smg:re_FunctionVariant:rmge01-usasm:8028e614	0x8028E614	48	func_8028E614		e94929af9f0e416f82146a33af5156f13dc2694b37ab3c58f6ef9694fc0c3a86
urn:ure:smg:re_FunctionVariant:rmge01-usasm:8028e644	0x8028E644	92	func_8028E644		b04c852a22f2d7c95fd16a382ec714a0bebf9acdf67f9641dab368a439d77d83
urn:ure:smg:re_FunctionVariant:rmge01-usasm:8028e6a0	0x8028E6A0	292	func_8028E6A0		7c7fdf8c89bcc13d69b6ddc68aa7fe93febacb134d806f93b61d6c7eb96d5462
urn:ure:smg:re_FunctionVariant:rmge01-usasm:8028e7c4	0x8028E7C4	420	func_8028E7C4		4fd106d1893239ce9797cefabe149bf6fc4ae9f5e920204308ece0427531903d
urn:ure:smg:re_FunctionVariant:rmge01-usasm:8028e968	0x8028E968	16	func_8028E968		2b300c14b40bbaa5a1660a37c92e30746aa5e931789d1060647023f2af8da555
urn:ure:smg:re_FunctionVariant:rmge01-usasm:8028e978	0x8028E978	268	func_8028E978		db30679b69169dac27ba67f8296e8de054aa3ed5f19fb5ecb2bf2d3a5d999824
urn:ure:smg:re_FunctionVariant:rmge01-usasm:8028ea84	0x8028EA84	1120	func_8028EA84		41c428416cf2585aef102d6f48f3f3f04de3710d1cf8a4bcdedcd726d3e7bbe1
urn:ure:smg:re_FunctionVariant:rmge01-usasm:8028eee4	0x8028EEE4	16	func_8028EEE4		3d7b470634c0ff0dfe487caf7b51221eb39a9ae05c216916bd711432c202233e
urn:ure:smg:re_FunctionVariant:rmge01-usasm:8028eef4	0x8028EEF4	16	func_8028EEF4		a1e5cc0625b24e697cf81f89d903e707fb351f365aac096ff70ff0504c58aa4f
urn:ure:smg:re_FunctionVariant:rmge01-usasm:8028ef04	0x8028EF04	40	func_8028EF04		b88a813dc43dcaf2c90b95e2ec11a0d556e73f390f11ebdf39a19a040dfa74a0
urn:ure:smg:re_FunctionVariant:rmge01-usasm:8028ef2c	0x8028EF2C	68	func_8028EF2C		6ab18ed8eb85800b028c94d66fcb6616e7d3b06b7089011344021966f568fec4
urn:ure:smg:re_FunctionVariant:rmge01-usasm:8028ef70	0x8028EF70	520	func_8028EF70		66864c7a91d7f821da07c0172faf139e4ab92f563418d5b1f46c835a19ced135
urn:ure:smg:re_FunctionVariant:rmge01-usasm:8028f178	0x8028F178	220	func_8028F178		ecbed50dfe5c011cd8771d1b299a83cc1bb4ce83829c9f5a33ed13904b7a2b8a
urn:ure:smg:re_FunctionVariant:rmge01-usasm:8028f254	0x8028F254	1332	func_8028F254		1c04f647322806ac1d45dc3f9d38d1d31f3dba0cb3111420bb18d959f98835ad
urn:ure:smg:re_FunctionVariant:rmge01-usasm:8028f788	0x8028F788	220	func_8028F788		b3a336a0279779bd0f26c88ecb9026faa464e0d350eeff57ffeb93db4f2e8845
urn:ure:smg:re_FunctionVariant:rmge01-usasm:8028f864	0x8028F864	1720	func_8028F864		b463247cc6caf8a900ad54abfb87c96cda241daf28241650e5effcc80cebfbd9
urn:ure:smg:re_FunctionVariant:rmge01-usasm:8028ff1c	0x8028FF1C	96	func_8028FF1C		388ca6639c1ce71432ec6b060e3d0c6165b81e153e29176f27ba02e4bcf973d1
urn:ure:smg:re_FunctionVariant:rmge01-usasm:8028ff7c	0x8028FF7C	416	func_8028FF7C		b91d000fc1bd181866efdc2d74bea294d9e2f56d62a21be760640f68d5dd9a81
urn:ure:smg:re_FunctionVariant:rmge01-usasm:8029011c	0x8029011C	692	func_8029011C		e707c7a631f5670f86801e5092be72a12e0e6a1e0354f04824459a46ad363cb1
urn:ure:smg:re_FunctionVariant:rmge01-usasm:802903d0	0x802903D0	432	func_802903D0		f26699af8403630a06ed5fe86538c4e9bb9ae825994c193948a018d58f0ebf99
urn:ure:smg:re_FunctionVariant:rmge01-usasm:80290580	0x80290580	100	func_80290580		27c4d0218cfbb0ebb9343f44dc66d9bc9f3fe64ffab6adb5d8afc1a7d51f8fe4
urn:ure:smg:re_FunctionVariant:rmge01-usasm:802905e4	0x802905E4	84	func_802905E4		61d4ae25a3768cefae4eb4fd8e2b35e301348435fde4fdf6e42fe85cfcecfe49
urn:ure:smg:re_FunctionVariant:rmge01-usasm:80290638	0x80290638	248	func_80290638		19aaa1aefdcaf40b23ab7b40c08be1c59a4424c7af0008a17e839054e9493c47
urn:ure:smg:re_FunctionVariant:rmge01-usasm:80290730	0x80290730	48	func_80290730		2265b0cbaddde72c4c7cd4b9aa3ca96a28e0746f6592c51088e3e06529366d98
urn:ure:smg:re_FunctionVariant:rmge01-usasm:80290760	0x80290760	80	func_80290760		9b0cf5524c44cba88c60196e7d6d618c694f061129520c45d45dc3af066c102f
urn:ure:smg:re_FunctionVariant:rmge01-usasm:802907b0	0x802907B0	208	func_802907B0		6eedf2ab968a5c378b46fcaf3e065750cbb05c9759a79f6c5e51fdd3d7e674fe
urn:ure:smg:re_FunctionVariant:rmge01-usasm:80290880	0x80290880	160	func_80290880		9704f679b007e01ea24efd7d403587f406577680a659d3ee1e82a7721a92dac6
urn:ure:smg:re_FunctionVariant:rmge01-usasm:80290920	0x80290920	3812	func_80290920		cbdf1d287626e4161406cd097a70f3e7b4f9891c7e442bb498683ae2412e4ab6
urn:ure:smg:re_FunctionVariant:rmge01-usasm:80291804	0x80291804	48	func_80291804		1704028c6dded54f781d73baaffd3d048e3b2e1f6e7eb97a42055213eea673cd
urn:ure:smg:re_FunctionVariant:rmge01-usasm:80291834	0x80291834	320	func_80291834		0f7202baa2906a85a3382d752389a16b36171af42bdd27bff7092bc0908d6bd0
urn:ure:smg:re_FunctionVariant:rmge01-usasm:80291974	0x80291974	16	func_80291974		1f38fa3339ae8dfa50c3bee9b9e7479c8f575afead94e340ad67e2ce59b2e9e4
urn:ure:smg:re_FunctionVariant:rmge01-usasm:80291984	0x80291984	16	func_80291984		339dee1b03967bcf7638aa4092904b09e86e0b28d204df069e176641218a7387
urn:ure:smg:re_FunctionVariant:rmge01-usasm:80291994	0x80291994	16	func_80291994		30245966b0d920cfa7d37b76ad57bc389a3ae60d07aaae7923269c7b5377c67b
urn:ure:smg:re_FunctionVariant:rmge01-usasm:802919a4	0x802919A4	16	func_802919A4		bd979fd9ddd95b06ce2a2bc876949ef7950699fe4cba81ae78b5d9d7098d7fb1
urn:ure:smg:re_FunctionVariant:rmge01-usasm:802919b4	0x802919B4	16	func_802919B4		97ea3bee9c9d903ff8db178b3dcfe40389b1179c9c95c7fb5925f017653b4589
urn:ure:smg:re_FunctionVariant:rmge01-usasm:802919c4	0x802919C4	16	func_802919C4		1d2ec0c23047da5639937f742a7ee0931510df71d4cafb3f4063e9744f54e7eb
urn:ure:smg:re_FunctionVariant:rmge01-usasm:802919d4	0x802919D4	16	func_802919D4		622f262b61d131523cca0e5f6d357650af174dabbde61b3f894e8e414a663bc9
urn:ure:smg:re_FunctionVariant:rmge01-usasm:802919e4	0x802919E4	16	func_802919E4		ab0ca67f0caf13468f1dbd559b060a4d3370ba731cfb12565a57f2ef17694559
urn:ure:smg:re_FunctionVariant:rmge01-usasm:802919f4	0x802919F4	16	func_802919F4		aab9945d1ed4abed295f5f2ad6b68ab839c1662282dde82489a04f8f86b0a53b
urn:ure:smg:re_FunctionVariant:rmge01-usasm:80291a04	0x80291A04	16	func_80291A04		81a10309bc52ec0f497ba9a814b25bfb5658b53ff84955b5f70039a775c9302a
urn:ure:smg:re_FunctionVariant:rmge01-usasm:80291a14	0x80291A14	16	func_80291A14		d5938b86d2df3ece14d38c1b1acf05e2ae33aa6121446117d441b66605b8e356
urn:ure:smg:re_FunctionVariant:rmge01-usasm:80291a24	0x80291A24	16	func_80291A24		812c427786f3d52eb3431449567415bbefd90ce26d960f1b8d2573d4301025f9
urn:ure:smg:re_FunctionVariant:rmge01-usasm:80291a34	0x80291A34	16	func_80291A34		c7de9922c7c33543bd329dcfdd97089d41323deb0b43321e4c5197264d4b59e7
urn:ure:smg:re_FunctionVariant:rmge01-usasm:80291a44	0x80291A44	16	func_80291A44		cbdb7ec2c6d3c3d8f1bbd58794021317ccb03d4e5e50c7d2544b0bfb346a4f39
urn:ure:smg:re_FunctionVariant:rmge01-usasm:80291a54	0x80291A54	16	func_80291A54		e01b7af8c2898db8f2c8ff4ce9e696fb9da3ceaf58bfcf360261aa43de2acdfd
urn:ure:smg:re_FunctionVariant:rmge01-usasm:80291a64	0x80291A64	812	func_80291A64		e523e4ec1748fe99ed76144eca4b9016df77123261f5b7e6d5b2fd0e3ec7b3b8
urn:ure:smg:re_FunctionVariant:rmge01-usasm:80291d90	0x80291D90	2240	func_80291D90		ad1ddaa1206a769ed20ee8e2ee31b972fc716313e0189aea3585e2aa3282afdb
urn:ure:smg:re_FunctionVariant:rmge01-usasm:80292650	0x80292650	852	func_80292650		707ec83b45fbac207eae1c86ce1fc73bcc35359fdcdfe4ca36e76962544c95f3
urn:ure:smg:re_FunctionVariant:rmge01-usasm:802929a4	0x802929A4	360	func_802929A4		e2078a3a607d8d0688d8d6b202b30ba30736e8a75bae6591dc5996ee60c972f9
urn:ure:smg:re_FunctionVariant:rmge01-usasm:80292b0c	0x80292B0C	16	func_80292B0C		8cf87d42da473560953a88aee948400d070ad4e9e775877798017b5fb0e345d3
urn:ure:smg:re_FunctionVariant:rmge01-usasm:80292b1c	0x80292B1C	16	func_80292B1C		1d31ab25857ac2e5ba74ff99af8b45dcc6b8f433317383c6030e1ac03c3d6c4c
urn:ure:smg:re_FunctionVariant:rmge01-usasm:80292b2c	0x80292B2C	16	func_80292B2C		4876132cbf28f4dc5e2f2eeba4e78bf5f22376f2c76cbb96b47718273d42e8db
urn:ure:smg:re_FunctionVariant:rmge01-usasm:80292b3c	0x80292B3C	16	func_80292B3C		d5dbe8d17005d922412f8716da0db14e567faf2e0b8e37b6322b9b649cdcdc41
urn:ure:smg:re_FunctionVariant:rmge01-usasm:80292b4c	0x80292B4C	16	func_80292B4C		c650f36f21e71a9e1beab026ce2f90f2754b64a5c8babd960dd9edf020747ca7
urn:ure:smg:re_FunctionVariant:rmge01-usasm:80292b5c	0x80292B5C	16	func_80292B5C		291b00104f22554232979ba8fdec3863a63f71e9b687fe12ec3a0f7d9781181a
urn:ure:smg:re_FunctionVariant:rmge01-usasm:80292b6c	0x80292B6C	16	func_80292B6C		3ce1cd5b7aad6726dd489ca4c3ac154997cc43bf6e3fa91db386f0bcc09e1540
urn:ure:smg:re_FunctionVariant:rmge01-usasm:80292b7c	0x80292B7C	16	func_80292B7C		54610dafc42d7fc57c8518d1558a2c186577c053febbbb71e1f449c65f771637
urn:ure:smg:re_FunctionVariant:rmge01-usasm:80292b8c	0x80292B8C	16	func_80292B8C		394942e074745f4e2992ba7f652108bd6ee31fedbb9a0852eef97ce46cacad53
urn:ure:smg:re_FunctionVariant:rmge01-usasm:80292b9c	0x80292B9C	96	func_80292B9C		1f5535458136cf6252a11cd9981bba0d714ee18d26054bdeb2f7248e50a69538
urn:ure:smg:re_FunctionVariant:rmge01-usasm:80292bfc	0x80292BFC	620	func_80292BFC		db1ced6f7278413301ff37c73d6bd586b6b6aec9e680dab9fa135161f9dbabef
urn:ure:smg:re_FunctionVariant:rmge01-usasm:80292e68	0x80292E68	1312	func_80292E68		7c2c1d72ac1f1adfd656b0ee628229b0bb9892f0bd2b1107e5e9cc154408ed50
urn:ure:smg:re_FunctionVariant:rmge01-usasm:80293388	0x80293388	244	func_80293388		f20fc6ec92dcf62f37bdadb548f3040856207b38031ac1f4ddc09e05746ca6d0
urn:ure:smg:re_FunctionVariant:rmge01-usasm:8029347c	0x8029347C	220	func_8029347C		50416d6443e9c0b30cf5c6103c222656e3af4be22b2dbec92c4378b09a207392
urn:ure:smg:re_FunctionVariant:rmge01-usasm:80293558	0x80293558	16	func_80293558		ae5ed751d71a3511ce02faa0c4995e55d56488ada2148e27af79bc944a76691d
urn:ure:smg:re_FunctionVariant:rmge01-usasm:80293568	0x80293568	508	func_80293568		4e1668d1f5322e8fdcde58d661771b483c98ad0b49eca571222b55bbe897b06b
urn:ure:smg:re_FunctionVariant:rmge01-usasm:80293764	0x80293764	380	func_80293764		c17db3bbcb87b48f2b73362eb5bb76d64bf0b473ead3aba8ceaf848179377e22
urn:ure:smg:re_FunctionVariant:rmge01-usasm:802938e0	0x802938E0	620	func_802938E0		fdf890b92ae2d0ef0e4475353d1bc1c6835b652b017d7ecca15e6cf6a2d0da1c
urn:ure:smg:re_FunctionVariant:rmge01-usasm:80293b4c	0x80293B4C	116	func_80293B4C		ba9c1b6312b99b3eb37a0a89babcc2e42b8a4e6d205d283649573fcb3365582f
urn:ure:smg:re_FunctionVariant:rmge01-usasm:80293bc0	0x80293BC0	200	func_80293BC0		8b7b98c51b63f29a6316270453ec70f865a6e2bc9f36c991e97d42e369008bf7
urn:ure:smg:re_FunctionVariant:rmge01-usasm:80293c88	0x80293C88	72	func_80293C88		ed8c585f7f9181397448b639c2bf2155b0e43c684810fede14b110e4f74faffd
urn:ure:smg:re_FunctionVariant:rmge01-usasm:80293cd0	0x80293CD0	60	func_80293CD0		af3ba61d46e9627b86babd5874ae9d51cef14b47b6e9ec9f472e33c3b2eda7ab
urn:ure:smg:re_FunctionVariant:rmge01-usasm:80293d0c	0x80293D0C	144	func_80293D0C		13e3cea72d25e54772d43631aada0d7c4358f4d2347f1a4b99b0e2f96f4e165a
urn:ure:smg:re_FunctionVariant:rmge01-usasm:80293d9c	0x80293D9C	1000	func_80293D9C		45ff04946ddff44ffec2a51c608bdb7a1535735c9cd08b17b03a7fd4de161e8a
urn:ure:smg:re_FunctionVariant:rmge01-usasm:80294184	0x80294184	156	func_80294184		fc4172db67e1d4c0ae01c50b230b2e39c4dcc26ba0a42fe58ac4c1743575e372
urn:ure:smg:re_FunctionVariant:rmge01-usasm:80294220	0x80294220	124	func_80294220		d86f0917e4b92ce0f8d4fd8977db992c2deb3d92535961e1e8a58c972214e540
urn:ure:smg:re_FunctionVariant:rmge01-usasm:8029429c	0x8029429C	220	func_8029429C		b29ea0f23c58dee883a0c08f5333537ed8bbcb564baf8faacfc2fea340eb27e6
urn:ure:smg:re_FunctionVariant:rmge01-usasm:80294378	0x80294378	104	func_80294378		35f8ecee6f77ef37d28f8f76e301a703967e4e11c42dea044bf228c903a135ff
urn:ure:smg:re_FunctionVariant:rmge01-usasm:802943e0	0x802943E0	152	func_802943E0		5d04a3f8e7ab1f8542880b29daaf7771b5515bade2407295c2782d87930ad118
urn:ure:smg:re_FunctionVariant:rmge01-usasm:80294478	0x80294478	216	func_80294478		4324fd319cb8f9a8239eaebc5fac58c8361384039fa286196d4279599fd39114
urn:ure:smg:re_FunctionVariant:rmge01-usasm:80294550	0x80294550	80	func_80294550		07b876899cad5ee07cb6cedb752230a26ece12840d8b24a446136a358d32fa9f
urn:ure:smg:re_FunctionVariant:rmge01-usasm:802945a0	0x802945A0	84	func_802945A0		8b0dd85340fc1ea8d21dde6a3fb2ff87e49e387fb277fa22bcc8b11f2cb7b685
urn:ure:smg:re_FunctionVariant:rmge01-usasm:802945f4	0x802945F4	76	func_802945F4		93e1d8a0ba6c6965149d94de54bc09726869710d114e77d7b23245b1f02e3d2c
urn:ure:smg:re_FunctionVariant:rmge01-usasm:80294640	0x80294640	88	func_80294640		9efe7ded1322eb5b1439f9990e3e2cb8127fac6fe299a3c1b74cf7f733decdd6
urn:ure:smg:re_FunctionVariant:rmge01-usasm:80294698	0x80294698	80	func_80294698		08697f276791b5c4481beae8f5b5562495c7f76ca23c4825c1398832b23e3e21
urn:ure:smg:re_FunctionVariant:rmge01-usasm:802946e8	0x802946E8	100	func_802946E8		0caac2b44aa06440bb7d73c3fc8b84069a60e722749cc113a94528cc56bbcafa
urn:ure:smg:re_FunctionVariant:rmge01-usasm:8029474c	0x8029474C	80	func_8029474C		93474147d2fe8099d9e2c73bacee6c71e7c0008b9d929a6697c63d7ac617b309
urn:ure:smg:re_FunctionVariant:rmge01-usasm:8029479c	0x8029479C	80	func_8029479C		ec9c1eb6ddcd2414de8d3f2d98a47a59f779d24dab92d1d4a7c9b3b54fa10c10
urn:ure:smg:re_FunctionVariant:rmge01-usasm:802947ec	0x802947EC	88	func_802947EC		8e0e800bd03896c82b6f4797a4a0bf26c5619950d30334f978836ca6831945e7
urn:ure:smg:re_FunctionVariant:rmge01-usasm:80294844	0x80294844	96	func_80294844		9bf9a1f09472fbb91027cc05f151b4aac7143fbc61a9d7e525e2252dff03c752
urn:ure:smg:re_FunctionVariant:rmge01-usasm:802948a4	0x802948A4	80	func_802948A4		8161675c05d1c45edb76b79bf6a114d588b20e5188ae7b27d1af6e95c6cac79b
urn:ure:smg:re_FunctionVariant:rmge01-usasm:802948f4	0x802948F4	76	func_802948F4		621c6c3c641a3de00dd585c1fc43363c56c54a8befcb3dc327cfdf980334c841
urn:ure:smg:re_FunctionVariant:rmge01-usasm:80294940	0x80294940	88	func_80294940		2cba9c5f161d2933d9c34dd950b9a8ecff9e121dc759045fcd76e8e21a450b55
urn:ure:smg:re_FunctionVariant:rmge01-usasm:80294998	0x80294998	80	func_80294998		1ce0939b5d28108cee9fdd56fa1ccdf644c112f0fd4374f1e7a8781b325bd634
urn:ure:smg:re_FunctionVariant:rmge01-usasm:802949e8	0x802949E8	2500	func_802949E8		dfb98093854a508abd27ccab33cf1b3dac32e4c9c8cd8783616a68c2fb64933f
urn:ure:smg:re_FunctionVariant:rmge01-usasm:802953ac	0x802953AC	112	func_802953AC		8e897bf0781360b029dcc44c0582e93a16abf53cc7716a47feaca0e30c164b2f
urn:ure:smg:re_FunctionVariant:rmge01-usasm:8029541c	0x8029541C	352	func_8029541C		9aa4fd059a45328ac1f4021cdcc452f06d58419a4d2357efe2d92b542a920871
urn:ure:smg:re_FunctionVariant:rmge01-usasm:8029557c	0x8029557C	212	func_8029557C		00891d9398208c701b6d5ac38060e3b2af53c5ecfccb8a1b220c83131dc6588d
urn:ure:smg:re_FunctionVariant:rmge01-usasm:80295650	0x80295650	392	func_80295650		c41ae6ed3d7d1bfa8a4167b4040631721df1218559f98352fefdbf0db6c44655
urn:ure:smg:re_FunctionVariant:rmge01-usasm:802957d8	0x802957D8	176	func_802957D8		d1d58942ec50514c52e6a12abda708fd71ddb06b9622f9d68063fc853d9b217f
urn:ure:smg:re_FunctionVariant:rmge01-usasm:80295888	0x80295888	136	func_80295888		fd8c201ae11c64c934d7e052d526c0426d5b29b4e7dd39740406252118477607
urn:ure:smg:re_FunctionVariant:rmge01-usasm:80295910	0x80295910	452	func_80295910		8454c80c7c72a72d98918fa0991c96e6bee9eab568bc0d0bcd964ecc05f373aa
urn:ure:smg:re_FunctionVariant:rmge01-usasm:80295ad4	0x80295AD4	20	func_80295AD4		e41846604d8097a4efedaf052c7adf58c163edcdb2ee636d5cc42532d24b875d
urn:ure:smg:re_FunctionVariant:rmge01-usasm:80295ae8	0x80295AE8	68	func_80295AE8		5f1f5378753fab71a9249cc18388143d837b19fd62a64d93f4990be9fed8544b
urn:ure:smg:re_FunctionVariant:rmge01-usasm:80295b2c	0x80295B2C	208	func_80295B2C		5036f7aa8c04b68e94385d8ae544003d8751bdca35a7b24217fd48741556af47
urn:ure:smg:re_FunctionVariant:rmge01-usasm:80295bfc	0x80295BFC	352	func_80295BFC		b76efe2b758370e005b851bf1f02672955dab99e103ef9d5265ee0c205fafe16
urn:ure:smg:re_FunctionVariant:rmge01-usasm:80295d5c	0x80295D5C	84	func_80295D5C		83a4f0ce7400fc753fc35a845c4bffddc11975058018d746284737121ce9194d
urn:ure:smg:re_FunctionVariant:rmge01-usasm:80295db0	0x80295DB0	268	func_80295DB0		edd8aa98cfa294ec689c93f10f0396835478c282fa0bc0f673626026152fd100
urn:ure:smg:re_FunctionVariant:rmge01-usasm:80295ebc	0x80295EBC	188	func_80295EBC		81286240907f391856b3b5cae495ff80857f5dc5ef862ec2be60a4b692c7c4f6
urn:ure:smg:re_FunctionVariant:rmge01-usasm:80295f78	0x80295F78	92	func_80295F78		35c1568b65a7cde58613d484e8255bc1e56beaec0c4ac6047c8b9e2a165ed051
urn:ure:smg:re_FunctionVariant:rmge01-usasm:80295fd4	0x80295FD4	96	func_80295FD4		175ad010d003edf31b0aac19c0e600bd1d687f6b9c307aefeaff07880880a35a
urn:ure:smg:re_FunctionVariant:rmge01-usasm:80296034	0x80296034	112	func_80296034		f35c2c9f25e6f921425708481a714822c1f34336c0f6883977ad280f8c9dae93
urn:ure:smg:re_FunctionVariant:rmge01-usasm:802960a4	0x802960A4	84	func_802960A4		bd5b25a742bfbc824ab33369aa715e67e28d42098722f18c27842e2e47105af2
urn:ure:smg:re_FunctionVariant:rmge01-usasm:802960f8	0x802960F8	56	func_802960F8		0d86399104c1239b08d449d460ad11e355bb111143aea0c9343014ac08db896d
urn:ure:smg:re_FunctionVariant:rmge01-usasm:80296130	0x80296130	64	func_80296130		5c41ccfc5f5988366400dba32ae31fa514d2b3857d4f4a6535cb3bd6c8eb7de3
urn:ure:smg:re_FunctionVariant:rmge01-usasm:80296170	0x80296170	84	func_80296170		91968e2e1b480a8663f585aa198b2ce785e8431cf1603ddc9e03bfc75d8f978a
urn:ure:smg:re_FunctionVariant:rmge01-usasm:802961c4	0x802961C4	24	func_802961C4		1de93010f6bf126a1259af019d9cb265a928d007d30d30aa6c8fa37c3607a747
urn:ure:smg:re_FunctionVariant:rmge01-usasm:802961dc	0x802961DC	660	func_802961DC		4d3f055265d20bceab24a2f010228fc9efc8c40ec289e10f12df346ee2dce62e
urn:ure:smg:re_FunctionVariant:rmge01-usasm:80296470	0x80296470	16	func_80296470		789ca6dff5c31924555f30869421fa3a70cde5989c07aff1afd197f1b94c8daf
urn:ure:smg:re_FunctionVariant:rmge01-usasm:80296480	0x80296480	16	func_80296480		bbd5814822d25d3e32ab5a3b2b5547783bf3b4f4676383925616bf60620e4843
urn:ure:smg:re_FunctionVariant:rmge01-usasm:80296490	0x80296490	16	func_80296490		db6b3ae1d20868bc92868c350ef57dbe017b6fc51227a95895c1add47a1771fa
urn:ure:smg:re_FunctionVariant:rmge01-usasm:802964a0	0x802964A0	16	func_802964A0		f0453f5c0126f62f941ff6740a8bb87051dc37014b3aab0513abf7f891179926
urn:ure:smg:re_FunctionVariant:rmge01-usasm:802964b0	0x802964B0	16	func_802964B0		2418ba6331c18290e31a7bde8e769bfcbc00e0780189cf1ceabba99858a1d1db
urn:ure:smg:re_FunctionVariant:rmge01-usasm:802964c0	0x802964C0	16	func_802964C0		042bbac2fe26c5d849b081d67a3decbf0c6f734626865f120fb4146ea2054caf
urn:ure:smg:re_FunctionVariant:rmge01-usasm:802964d0	0x802964D0	16	func_802964D0		ef35e0221a33defe5f2616c7df9c0b2eba85a55ab843231c485bf5783bc30aaa
urn:ure:smg:re_FunctionVariant:rmge01-usasm:802964e0	0x802964E0	16	func_802964E0		b1858004d526dffa00267f276cfda3f00bbe88185b02850bcfc9488fe31deb61
urn:ure:smg:re_FunctionVariant:rmge01-usasm:802964f0	0x802964F0	16	func_802964F0		03b64d1f30d1016f3e1843a8407317322f98759e999e2b4d50067b5725619d72
urn:ure:smg:re_FunctionVariant:rmge01-usasm:80296500	0x80296500	16	func_80296500		c7ad077406ef0920e405e9a12009ca142ab2b66ae29839037ae3f8dfa29ec8f0
urn:ure:smg:re_FunctionVariant:rmge01-usasm:80296510	0x80296510	16	func_80296510		692d8ad2778770937669725f08cde795ba13fa35d58cc09aa259cfb7cce770c9
urn:ure:smg:re_FunctionVariant:rmge01-usasm:80296520	0x80296520	16	func_80296520		284c87f1d8b83389b3ff30f16d513d05b8095d643b63b11a01b191faa16d52ac
urn:ure:smg:re_FunctionVariant:rmge01-usasm:80296530	0x80296530	16	func_80296530		7d47da074914de592bbd40d10066b0733c9bb60e1f67993c41a65775b837f29b
urn:ure:smg:re_FunctionVariant:rmge01-usasm:80296540	0x80296540	16	func_80296540		589a24e83e22cf256b8b020b98a9ba683b8368ad7b74d5492a6f978567610771
urn:ure:smg:re_FunctionVariant:rmge01-usasm:80296550	0x80296550	16	func_80296550		8ec9fd5860cf1286b814370ad953460cc3bbb3bf368c30cf75bece8b3ab73769
urn:ure:smg:re_FunctionVariant:rmge01-usasm:80296560	0x80296560	16	func_80296560		7f5c84ed95ff87819e2589aeca18d7051c0e0aecc1489b4a024c327f367ef529
urn:ure:smg:re_FunctionVariant:rmge01-usasm:80296570	0x80296570	16	func_80296570		7bb11c368455cd03894a23d3fef2621bcae682a87060221af124d991e5714ac5
urn:ure:smg:re_FunctionVariant:rmge01-usasm:80296580	0x80296580	16	func_80296580		af6cb2f72c18bd6893492590116045e4370600103549e3f149445c7cb55a6640
urn:ure:smg:re_FunctionVariant:rmge01-usasm:80296590	0x80296590	16	func_80296590		645b2badc69223cfec69a6361042f68b189fdfb8a05c1b932cca580d087588c2
urn:ure:smg:re_FunctionVariant:rmge01-usasm:802965a0	0x802965A0	16	func_802965A0		d2a0dfaa4e5e17835d926b23a015b295d79f1035d66e642e54695d62d097df2e
urn:ure:smg:re_FunctionVariant:rmge01-usasm:802965b0	0x802965B0	288	func_802965B0		1a8cba656aec2e0564d7f4f9669b1b5ed0730b7b18fc1bbe52c14c2e6cc81a77
urn:ure:smg:re_FunctionVariant:rmge01-usasm:802966d0	0x802966D0	508	func_802966D0		79129f10adbe17e67f79c942e7e11261f6c912300a0d4741af7860a89eda13bf
urn:ure:smg:re_FunctionVariant:rmge01-usasm:802968cc	0x802968CC	196	func_802968CC		d0b5f9f02afae915ac2d26ab79411030b42fb4dc1c404a0437884a3e8e80656e
urn:ure:smg:re_FunctionVariant:rmge01-usasm:80296990	0x80296990	992	func_80296990		4ff3a4eb1e044f184a40a15a2be998fd639ca888e6f3610d6c78ff1445812040
urn:ure:smg:re_FunctionVariant:rmge01-usasm:80296d70	0x80296D70	116	func_80296D70		d73d1ed0ff0b25b7e7f947e3e74ede4943eb260acaa42e1c6b547253f03008cc
urn:ure:smg:re_FunctionVariant:rmge01-usasm:80296de4	0x80296DE4	1104	func_80296DE4		8db8e7c3b054d6e8462cf5e2248923a31c5010ec09fd5d8877a9fff6448475f9
urn:ure:smg:re_FunctionVariant:rmge01-usasm:80297234	0x80297234	88	func_80297234		bd80bf83b432c081efe1aa6f6dfcb8fc8ee17508d832fb0c1e4182077894b351
urn:ure:smg:re_FunctionVariant:rmge01-usasm:8029728c	0x8029728C	8	func_8029728C		469852a90aa217ea53b2a0a643ef54b08c0d4dcb601b3933b54fa697c9e2d140
urn:ure:smg:re_FunctionVariant:rmge01-usasm:80297294	0x80297294	332	func_80297294		f9865b01276595ba051dd18883a8016f817161da6428159d2d011b600004c887
urn:ure:smg:re_FunctionVariant:rmge01-usasm:802973e0	0x802973E0	16	func_802973E0		68ea17c3ef18c4592750bc7367d858358e8991049b12dda4e3945911a4496bb5
urn:ure:smg:re_FunctionVariant:rmge01-usasm:802973f0	0x802973F0	16	func_802973F0		bcbbcba49e2a6a42ba53d4d0f6700f33926d9f9d697f5fec44435073c73b11ed
urn:ure:smg:re_FunctionVariant:rmge01-usasm:80297400	0x80297400	16	func_80297400		309065b8c3c9cc3a125ea4697b187f56246726b2c7a7c345bcc69703907d15b2
urn:ure:smg:re_FunctionVariant:rmge01-usasm:80297410	0x80297410	16	func_80297410		02350dbe0c1889a18ce4f6fe71ac97f50e06a8b37e32a08fc446368b92807700
urn:ure:smg:re_FunctionVariant:rmge01-usasm:80297420	0x80297420	16	func_80297420		df1aa74495015ff91bc85ff945f59e310e89fedbaae50a30ab63dd05b28632c7
urn:ure:smg:re_FunctionVariant:rmge01-usasm:80297430	0x80297430	16	func_80297430		d17228db37422d12147df64331b639417b1023a319b5653652c545261aec461c
urn:ure:smg:re_FunctionVariant:rmge01-usasm:80297440	0x80297440	16	func_80297440		3b8e938e430b07617e03810a29673e0c4c64f9efcf7d6f4460b13ff29ce7b1df
urn:ure:smg:re_FunctionVariant:rmge01-usasm:80297450	0x80297450	84	func_80297450		b112f432fa9b48cee46625ff32ffee57e9556349aee0b113f1b563a70a9c7004
urn:ure:smg:re_FunctionVariant:rmge01-usasm:802974a4	0x802974A4	416	func_802974A4		fbbdcc07157ad782b1fb7e6516d05cd919895c136f18c6ce0093f1c396899b7c
urn:ure:smg:re_FunctionVariant:rmge01-usasm:80297644	0x80297644	236	func_80297644		c8cc664e8a6bfa98fbdb17be8f36eda1fda51e96017f80c2cd70934cf07f7d84
urn:ure:smg:re_FunctionVariant:rmge01-usasm:80297730	0x80297730	92	func_80297730		1ac961136316b67cd97b27e873879dbe032c28039b3ccd18c92eb1845a7e7866
urn:ure:smg:re_FunctionVariant:rmge01-usasm:8029778c	0x8029778C	108	func_8029778C		c120fb2dc23620c72564bf9829621f273b1732fe5d89b729db65ed6d907757f7
urn:ure:smg:re_FunctionVariant:rmge01-usasm:802977f8	0x802977F8	332	func_802977F8		a4d08adeeb7932282da9321b99b7a56e3535da8cea3e44d4c3c9725f5a82ed33
urn:ure:smg:re_FunctionVariant:rmge01-usasm:80297944	0x80297944	104	func_80297944		4ff7795e7f7fedcd1158b380cf0e947e85a21e72600d351f1b982851f3fab7ce
urn:ure:smg:re_FunctionVariant:rmge01-usasm:802979ac	0x802979AC	2236	func_802979AC		8cd876f5c9959007105e0e8ad18dd69e72f523bb85c8a63fdee3103f1357bb42
urn:ure:smg:re_FunctionVariant:rmge01-usasm:80298268	0x80298268	16	func_80298268		6634024b67d9275fd422c4626f56b0f9d544599c4932f34aea49fb371ae9e43c
urn:ure:smg:re_FunctionVariant:rmge01-usasm:80298278	0x80298278	16	func_80298278		d828558a369a71128aab30f536eb16c72ffa1fa9fcc8acc980dac1839388e088
urn:ure:smg:re_FunctionVariant:rmge01-usasm:80298288	0x80298288	16	func_80298288		5d9998c01278b259e0afeaac660deb37c5123a7700f46783dde839e9245cf1ca
urn:ure:smg:re_FunctionVariant:rmge01-usasm:80298298	0x80298298	16	func_80298298		c07b4d544e6f3484517ce08a29bfc8da43f3998667c85a38ca953b50b860de20
urn:ure:smg:re_FunctionVariant:rmge01-usasm:802982a8	0x802982A8	16	func_802982A8		b7a6dece4d7f4c92e0118f4a010423eaba8aae08c2cdc64aa290800aa107be0b
urn:ure:smg:re_FunctionVariant:rmge01-usasm:802982b8	0x802982B8	16	func_802982B8		35eac1ab33d7685f00482ee62f6c66d070a8cac863c617555ed398c82ccf1345
urn:ure:smg:re_FunctionVariant:rmge01-usasm:802982c8	0x802982C8	16	func_802982C8		6c359ebdda03402e20e90d493e95816e8b8333eab5e0f6a72cb515ff33b99e96
urn:ure:smg:re_FunctionVariant:rmge01-usasm:802982d8	0x802982D8	16	func_802982D8		e14112302a5eb4168496f08f4cad4940f5960b35c3e5531499d6584e9d9c7031
urn:ure:smg:re_FunctionVariant:rmge01-usasm:802982e8	0x802982E8	16	func_802982E8		f439618188f8d1143556761782468bc65740e8e1ce4cbe4c8bb9d9389af23e0b
urn:ure:smg:re_FunctionVariant:rmge01-usasm:802982f8	0x802982F8	16	func_802982F8		cc158de0db9dc01714c81354a0dd5f1f0d940b23deaef0a01fc26dd621ae5af0
urn:ure:smg:re_FunctionVariant:rmge01-usasm:80298308	0x80298308	16	func_80298308		13c978c50a3e436b7f5199335e05cb9c6e5ef34f2ad2c4183a1e4c97dabd84a6
urn:ure:smg:re_FunctionVariant:rmge01-usasm:80298318	0x80298318	16	func_80298318		a1dad9dd9966ff6e7d3dfd6913ee5ee74476b9ecf746ecea51e67f65fa98f7e4
urn:ure:smg:re_FunctionVariant:rmge01-usasm:80298328	0x80298328	16	func_80298328		7749dfc2e0f14f56efc1ace4eec0ef63e959236655e5b8242307775861f05231
urn:ure:smg:re_FunctionVariant:rmge01-usasm:80298338	0x80298338	16	func_80298338		48b73de4ca8f6036a9f7e9821c439a45a744fa54312c2b8e8427de9abbf85c51
urn:ure:smg:re_FunctionVariant:rmge01-usasm:80298348	0x80298348	16	func_80298348		19c9d0cb4e0c5f89933a8d0ae8383b28ae0c24094f2360c39967636e4675c86d
urn:ure:smg:re_FunctionVariant:rmge01-usasm:80298358	0x80298358	272	func_80298358		eab4a484ada111aec08681fc669e1de0597d8d943cfe959e8a83bf4c368e1222
urn:ure:smg:re_FunctionVariant:rmge01-usasm:80298468	0x80298468	20	func_80298468		5ee91493dfc9aa0b815a1d75cc40d07c14932cb2243238ef4d2027386d24f9e0
urn:ure:smg:re_FunctionVariant:rmge01-usasm:8029847c	0x8029847C	16	func_8029847C		f7b3db4293a885b40b09eb73611e757f76b0d7c71722f92e060ecda2690a1814
urn:ure:smg:re_FunctionVariant:rmge01-usasm:8029848c	0x8029848C	188	func_8029848C		814328e5d7867d1fe187e151c53d01e20393d816f53370b4b5fd0ce054be6ebf
urn:ure:smg:re_FunctionVariant:rmge01-usasm:80298548	0x80298548	516	func_80298548		26f2da92ad65a11f13e4b83704a7d275d8cb801958ca5c464746ad7e3eefd208
urn:ure:smg:re_FunctionVariant:rmge01-usasm:8029874c	0x8029874C	196	func_8029874C		424e1abb8c641cbb0b0c99dcf40f0e599d6e33946c33afb720230f12aaa6170f
urn:ure:smg:re_FunctionVariant:rmge01-usasm:80298810	0x80298810	1232	func_80298810		849adeadaf3fba2b16e7388893d4cf518d3e2aa501d7b473f8a60c2a1e459d89
urn:ure:smg:re_FunctionVariant:rmge01-usasm:80298ce0	0x80298CE0	116	func_80298CE0		df01ccde5dada3e1c78e99412938f9d6dd61660df46d8082c9c382671dd691e8
urn:ure:smg:re_FunctionVariant:rmge01-usasm:80298d54	0x80298D54	120	func_80298D54		49e8c7bc5dc05c5268cf0a55baa1a82e843d1bdee3e33b6de9eacbb02d3de813
urn:ure:smg:re_FunctionVariant:rmge01-usasm:80298dcc	0x80298DCC	96	func_80298DCC		44579c2c98eeb8c9a3fdd7625884d78cd4af4243401b63595d269aff61fc60a9
urn:ure:smg:re_FunctionVariant:rmge01-usasm:80298e2c	0x80298E2C	232	func_80298E2C		3304a4edc0dcd4d9b2448ee0fc1a0c6e6c2f8c5c4429d6ea66acef8b946fd090
urn:ure:smg:re_FunctionVariant:rmge01-usasm:80298f14	0x80298F14	1304	func_80298F14		578a43ec323db4318aba72586888013dfac564ed7ee8aacd2229751dddc4c34d
urn:ure:smg:re_FunctionVariant:rmge01-usasm:8029942c	0x8029942C	8	func_8029942C		6ab711ab198f71ca6c58594952f127ed5c9bfa2f1aef8df2f3652c6ad45dedb4
urn:ure:smg:re_FunctionVariant:rmge01-usasm:80299434	0x80299434	8	func_80299434		05ea349b39b5e7d34c36c49bdd93fc6bd87263797159f39d2b9a67c3cf3f6ba6
urn:ure:smg:re_FunctionVariant:rmge01-usasm:8029943c	0x8029943C	108	func_8029943C		6d2c2b07588445a21677a76b3a69aa0c91482757eb21169fb8b4daaa493e06b9
urn:ure:smg:re_FunctionVariant:rmge01-usasm:802994a8	0x802994A8	8	func_802994A8		7e1ed4ae5a5dc1c04179b2b503d80cef10040446a42e2ee232bcfe4bb9e5eb7f
urn:ure:smg:re_FunctionVariant:rmge01-usasm:802994b0	0x802994B0	248	func_802994B0		a8719238278d139feaebc2d1a66a944fddb1d6ac7e0eb687b108f054f4f46c02
urn:ure:smg:re_FunctionVariant:rmge01-usasm:802995a8	0x802995A8	16	func_802995A8		806e4e6cd5618f4be1c5aa6202042b5e59725dcf7027fead7ad9489f254595e5
urn:ure:smg:re_FunctionVariant:rmge01-usasm:802995b8	0x802995B8	16	func_802995B8		8ae3489930c355c69b96298d0757be92888bfca970363342be8e6c39c6bbc370
urn:ure:smg:re_FunctionVariant:rmge01-usasm:802995c8	0x802995C8	16	func_802995C8		f24630b67f225657f642901ea87fd7dc4d6b0a99af1b55cbdb3c46d4e1e125a8
urn:ure:smg:re_FunctionVariant:rmge01-usasm:802995d8	0x802995D8	16	func_802995D8		6630b09004956dd0df6912269f412eeec0c18264fe8052ef84e30e44b1b0e83f
urn:ure:smg:re_FunctionVariant:rmge01-usasm:802995e8	0x802995E8	16	func_802995E8		51c3554e0750a95638db5732b358e5b403b5a059ce4111bc99cebe24c9d016f4
urn:ure:smg:re_FunctionVariant:rmge01-usasm:802995f8	0x802995F8	16	func_802995F8		59549972c692830058754932457b36adaf328f4fab2f60d0ac14759c205f7c05
urn:ure:smg:re_FunctionVariant:rmge01-usasm:80299608	0x80299608	16	func_80299608		b84da3a157696dd00e2e24812c6de5f00ba49b34fccd81f7b44efb8986600779
urn:ure:smg:re_FunctionVariant:rmge01-usasm:80299618	0x80299618	16	func_80299618		b28660d10d0aec51d04ce9fda2a836aa007b4652791529b547227f5cbbec63ac
urn:ure:smg:re_FunctionVariant:rmge01-usasm:80299628	0x80299628	360	func_80299628		cc473d56b0cb6b17ff0719600733ec7b1e71302cdbda5f087416360862660ece
urn:ure:smg:re_FunctionVariant:rmge01-usasm:80299790	0x80299790	148	func_80299790		deea14c76711bb5a6fd268ccb2084e7883c5f4ecdf3a63924d894e26af350c9f
urn:ure:smg:re_FunctionVariant:rmge01-usasm:80299824	0x80299824	524	func_80299824		a6042cb827daae5f056c07aadef66b6c899b4d0602407151f2b2ce81f60225d2
urn:ure:smg:re_FunctionVariant:rmge01-usasm:80299a30	0x80299A30	156	func_80299A30		e6e98fada30b50fcb92d02a42704e2a32f8627a5d2a3bd8a2c12cf08f4570538
urn:ure:smg:re_FunctionVariant:rmge01-usasm:80299acc	0x80299ACC	24	func_80299ACC		4aefc41492e9f058a8ed6d268a21a1f0f59e54b02eb3c5034e897f349e0af8e9
urn:ure:smg:re_FunctionVariant:rmge01-usasm:80299ae4	0x80299AE4	248	func_80299AE4		2a69989930fcc0a33f065179aa1d5007c47da7903a19e965b1491b5e3ef66d01
urn:ure:smg:re_FunctionVariant:rmge01-usasm:80299bdc	0x80299BDC	28	func_80299BDC		228c47b237153c3d88540b869f1900b132adbeda544a0fb3ba7922917025dd0c
urn:ure:smg:re_FunctionVariant:rmge01-usasm:80299bf8	0x80299BF8	16	func_80299BF8		10f9b3195e0f0bc7d1b4af3705ab9d9da5fffbc2b7d42b942ad86f9226b902dc
urn:ure:smg:re_FunctionVariant:rmge01-usasm:80299c08	0x80299C08	32	func_80299C08		b046c7aff49d017e5522aba8a00873d45fb0801a4382c69c5de6bb32431774b2
urn:ure:smg:re_FunctionVariant:rmge01-usasm:80299c28	0x80299C28	84	func_80299C28		925acd3e93673ef6ac7eb6494f1e1f9548f18fe308f6238f91ff659ddd4cb445
urn:ure:smg:re_FunctionVariant:rmge01-usasm:80299c7c	0x80299C7C	136	func_80299C7C		50c105758d6e3736df99066c0ea5fbce7ce981ced5067e45dd0aaa3f8bf31194
urn:ure:smg:re_FunctionVariant:rmge01-usasm:80299d04	0x80299D04	76	func_80299D04		d10dd84ea697d31c6f6907ae0c3797d1710336ee735a83330a8d997dcd46d611
urn:ure:smg:re_FunctionVariant:rmge01-usasm:80299d50	0x80299D50	288	func_80299D50		7750b66742ff6e8b768707b6c26cd1af6e1555019b1ba5cc3c039f7f5905eab5
urn:ure:smg:re_FunctionVariant:rmge01-usasm:80299ed0	0x80299ED0	44	func_80299ED0		7141d977c5d4334af22bf60d5f43ca93c19593ad43ddb60276ec91612e57bf91
urn:ure:smg:re_FunctionVariant:rmge01-usasm:80299efc	0x80299EFC	44	func_80299EFC		a8318a3d75b9b51ae1754a7314e0e0346631714f8dc1a6c3bbea0e7f806b4d1f
urn:ure:smg:re_FunctionVariant:rmge01-usasm:80299f28	0x80299F28	64	func_80299F28		ddd5d902155177b9d263e6826a66fe794b111cc4ed0efd071cd0d5a3ab9fbcf3
urn:ure:smg:re_FunctionVariant:rmge01-usasm:80299ff0	0x80299FF0	48	func_80299FF0		b4544202f2726b1739fd2a765aecc20dd720e6a17a9980f5d9394bb3c76e9a9e
urn:ure:smg:re_FunctionVariant:rmge01-usasm:8029a1bc	0x8029A1BC	104	func_8029A1BC		07ef7322fc757017e63faf9204f40745854f463383ec4e1afce1bc9bea2219a2
urn:ure:smg:re_FunctionVariant:rmge01-usasm:8029a2c0	0x8029A2C0	72	func_8029A2C0		ae23ddb89493066ccb0d2e82b5c6acd23536eec32c1c76984876c412ca5c603b
urn:ure:smg:re_FunctionVariant:rmge01-usasm:8029a308	0x8029A308	296	func_8029A308		5c22952b709a2e149184d1ed474b1d452c45945277ed90d90450c0ea3549f938
urn:ure:smg:re_FunctionVariant:rmge01-usasm:8029a430	0x8029A430	88	func_8029A430		ddca8f7290738906e93e78d76af76f7e1e7dc9b87baed9b275ecf94968e8218b
urn:ure:smg:re_FunctionVariant:rmge01-usasm:8029a488	0x8029A488	12	func_8029A488		fb043739a3bb28280f0c85f3ed55e57a10dddb3302213204ba962eb691fc84b2
urn:ure:smg:re_FunctionVariant:rmge01-usasm:8029a494	0x8029A494	492	func_8029A494		37d1e3ba881d1b8f2179c4309a50cf3af4a03e51fc5f11abf759d860f001e32d
urn:ure:smg:re_FunctionVariant:rmge01-usasm:8029a680	0x8029A680	232	func_8029A680		954ff30f30127a2e57e8aea12abe8869d29ba621248476a14ed899a7f43d74ca
urn:ure:smg:re_FunctionVariant:rmge01-usasm:8029a768	0x8029A768	380	func_8029A768		1b197b7870aa6b9feec7f9eb2229673a338b11609fc85dec37b1da124ba15a5c
urn:ure:smg:re_FunctionVariant:rmge01-usasm:8029a8e4	0x8029A8E4	88	func_8029A8E4		bf06504e6863cc081a66942f7c473c66a9ae8d2ff15a2dedf4bd768ca5283d5c
urn:ure:smg:re_FunctionVariant:rmge01-usasm:8029a93c	0x8029A93C	44	func_8029A93C		3b24b4b117efd829161cf1f84eb3ed33f3afd4ba234fad2639d0a70b64f067b6
urn:ure:smg:re_FunctionVariant:rmge01-usasm:8029a968	0x8029A968	4	func_8029A968		49584515fb7f6f799b78661941c45231b7376df2c74dd0174c6cde0f1151c54a
urn:ure:smg:re_FunctionVariant:rmge01-usasm:8029a96c	0x8029A96C	120	func_8029A96C		5545dcb11ca3caffe335158a9a663a4c9b8bd79267db2b4347017421105a5d40
urn:ure:smg:re_FunctionVariant:rmge01-usasm:8029a9e4	0x8029A9E4	1220	func_8029A9E4		fb51da3deeda23d40cb9b52919948b541deae9baefb8ed6dceffacdb15567dea
urn:ure:smg:re_FunctionVariant:rmge01-usasm:8029aea8	0x8029AEA8	168	func_8029AEA8		3462508b5ad25783bbf90e190c2074d084fcb3ddb96e299b60d13f810c4cdfd0
urn:ure:smg:re_FunctionVariant:rmge01-usasm:8029af50	0x8029AF50	436	func_8029AF50		65bb8618caba0cfabb485638d7608095495631f11badb02c014071873f6cbcb9
urn:ure:smg:re_FunctionVariant:rmge01-usasm:8029b104	0x8029B104	68	func_8029B104		cd04d5c7a0eda78e0346cdc20da6c5fb5f304a6782bef7d129b244eb9d54f868
urn:ure:smg:re_FunctionVariant:rmge01-usasm:8029b148	0x8029B148	292	func_8029B148		2853fe98491686404afe2e9e8e2aeba7ba6a4ed53fc49fa03453d488ec0aee1f
urn:ure:smg:re_FunctionVariant:rmge01-usasm:8029b26c	0x8029B26C	132	func_8029B26C		252c9cbf33a4647f88f6e6df5383cf3cc70dda80e0fa1f01f7d66566f23aad51
urn:ure:smg:re_FunctionVariant:rmge01-usasm:8029b2f0	0x8029B2F0	108	func_8029B2F0		785ae71f3c9459587b6164bdff193181ad3bb94ede3ff71a0f8d7c8584ec6d24
urn:ure:smg:re_FunctionVariant:rmge01-usasm:8029b35c	0x8029B35C	8	func_8029B35C		fefb4edb3d12e5f9a51ffdd4de319d975d6eea98d6de148ffcf4056e101853e0
urn:ure:smg:re_FunctionVariant:rmge01-usasm:8029b364	0x8029B364	120	func_8029B364		23b2e2b858d8b3e8c2849bf9841378bf1f8b6ebb688b3b190b0487a4404222df
urn:ure:smg:re_FunctionVariant:rmge01-usasm:8029b3dc	0x8029B3DC	156	func_8029B3DC		2e2a34e5f3ba920b023c2b59ee17320fe5f13f3eea7e58d1aff074c74ad32573
urn:ure:smg:re_FunctionVariant:rmge01-usasm:8029b478	0x8029B478	240	func_8029B478		38b86f6fe0616e2e769dd9671d49372319ef8bd982c74f8c9efc821c95a8979b
urn:ure:smg:re_FunctionVariant:rmge01-usasm:8029b568	0x8029B568	232	func_8029B568		ba76e4a73af06efd0670963d4fcd57ebc6398e9bb20839faa37dd47129d2edb5
urn:ure:smg:re_FunctionVariant:rmge01-usasm:8029b650	0x8029B650	156	func_8029B650		dac57cd879534c1942b23b77289fbfb2da7a69c0bed9f3d71d9460dcb50c32bb
urn:ure:smg:re_FunctionVariant:rmge01-usasm:8029b6ec	0x8029B6EC	108	func_8029B6EC		3063433767df7e353da0fbc58e32b5b7d1d2121833bd343c078e8e58b60ba5f8
urn:ure:smg:re_FunctionVariant:rmge01-usasm:8029b758	0x8029B758	296	func_8029B758		a2ce8c76620f3b3e7da14c9d9c1d8c917866fbdbe874d0671d72872fcaeefac1
urn:ure:smg:re_FunctionVariant:rmge01-usasm:8029b880	0x8029B880	76	func_8029B880		5a1d836bca5bd55cc618afdea2301786a9015d070f72bc6df06fd2dc0007fe53
urn:ure:smg:re_FunctionVariant:rmge01-usasm:8029b8cc	0x8029B8CC	88	func_8029B8CC		ee2951cd136e6bb9ceb7b552a246ec0de99ade532988f68146b1422cb9c48736
urn:ure:smg:re_FunctionVariant:rmge01-usasm:8029b924	0x8029B924	84	func_8029B924		1fe1ca5343ea3850110964d2d044b86491d83e7460ad1b367381d609fc19c749
urn:ure:smg:re_FunctionVariant:rmge01-usasm:8029b978	0x8029B978	88	func_8029B978		eaabad84e9ca39c61a12f31747e2cd1f07dd5f8009bd8bf205b93df1c9c98df7
urn:ure:smg:re_FunctionVariant:rmge01-usasm:8029b9d0	0x8029B9D0	16	func_8029B9D0		25a67d97082e5fa91284931a92fb66a099b96d7fdb1d842c9bf53759fd00f7d5
urn:ure:smg:re_FunctionVariant:rmge01-usasm:8029b9e0	0x8029B9E0	160	func_8029B9E0		c9da131a1bfca08ffa5326895c224abc08608f86f49b45a1edb06f49289684c1
urn:ure:smg:re_FunctionVariant:rmge01-usasm:8029ba80	0x8029BA80	40	func_8029BA80		e360361f9b994e8353fba6025cb68ea7520afe09af641071e1fd29311f41fec6
urn:ure:smg:re_FunctionVariant:rmge01-usasm:8029baa8	0x8029BAA8	268	func_8029BAA8		3726db33f2794c138b9644b7faa7840f825277bf233ef52460fc473b3703424b
urn:ure:smg:re_FunctionVariant:rmge01-usasm:8029bbb4	0x8029BBB4	632	func_8029BBB4		5cc954c4e02213ef3a71ee5558c5699ea2dff91e59d1520ddabd5b7d5f091817
urn:ure:smg:re_FunctionVariant:rmge01-usasm:8029be2c	0x8029BE2C	16	func_8029BE2C		6282863b9c2e2cde0ebf2323faa3e9a17f23ca09f295ee4e1c07be965ad58daf
urn:ure:smg:re_FunctionVariant:rmge01-usasm:8029be3c	0x8029BE3C	16	func_8029BE3C		278911c81509490dfccfbd7af7d3a91eeca445176f7f4621e7cab743666d9560
urn:ure:smg:re_FunctionVariant:rmge01-usasm:8029be4c	0x8029BE4C	16	func_8029BE4C		044d675f7b1e5afac3faf72eb0229507795630219521adc916fda91b41c692db
urn:ure:smg:re_FunctionVariant:rmge01-usasm:8029be5c	0x8029BE5C	316	func_8029BE5C		287cb8af953fd3c2e7b4f3be15993c5e26ca3b1dde7e8753c5393572ff4b700e
urn:ure:smg:re_FunctionVariant:rmge01-usasm:8029bf98	0x8029BF98	52	func_8029BF98		6422f46bbf59e35ceaeaff9405b6db92f378c5c28dc910ebbec87537a2921ac1
urn:ure:smg:re_FunctionVariant:rmge01-usasm:8029bfcc	0x8029BFCC	160	func_8029BFCC		cc01a6a2db06f2bf0fe6fcde5ba5cc7567bf84570a5aca1fd9a987f7f3acebb9
urn:ure:smg:re_FunctionVariant:rmge01-usasm:8029c06c	0x8029C06C	244	func_8029C06C		5e8fef2c10460aa64e6072df865e4c89b5fd6d0be654f4e45bdc7c1849f17f51
urn:ure:smg:re_FunctionVariant:rmge01-usasm:8029c160	0x8029C160	36	func_8029C160		d114cf8fcefcb9b1d29b977ab41fa0dcd1cea570068d32918f0ca14e6a0b3437
urn:ure:smg:re_FunctionVariant:rmge01-usasm:8029c184	0x8029C184	192	func_8029C184		55264f814e82642ea43b0aef2d377f84b9e2a6536bfdf14b29a27ea4b18925e7
urn:ure:smg:re_FunctionVariant:rmge01-usasm:8029c244	0x8029C244	108	func_8029C244		41fb2d4e9a87608fab39498febc78b275049b55b4179cc4299d7b5599042bb2f
urn:ure:smg:re_FunctionVariant:rmge01-usasm:8029c2b0	0x8029C2B0	44	func_8029C2B0		790995db0d8e08efc737e2929587cf0e7472485be07f198096eebea3df54a313
urn:ure:smg:re_FunctionVariant:rmge01-usasm:8029c2dc	0x8029C2DC	128	func_8029C2DC		0581fba1361c4fcc9254b7dafe3f9786e6e6948388fcb79d0c44ce207bb7d27a
urn:ure:smg:re_FunctionVariant:rmge01-usasm:8029c35c	0x8029C35C	148	func_8029C35C		7bf41ffb3627e2cf2ae1388ed43de83c8875eb27e9d13b2cb8f9b8d08bb4503a
urn:ure:smg:re_FunctionVariant:rmge01-usasm:8029c3f0	0x8029C3F0	1348	func_8029C3F0		6d2daff34cb54be91035ea417a8ae03f1bfa1538e05044f3421b36f687893a8e
urn:ure:smg:re_FunctionVariant:rmge01-usasm:8029c934	0x8029C934	316	func_8029C934		b6d47cd4744e323fc0668b46ffe1b7262184c00ebaf0e063cc87fbba43f081a1
urn:ure:smg:re_FunctionVariant:rmge01-usasm:8029ca70	0x8029CA70	28	func_8029CA70		caadd3d5c3f22d2948dd92cedbe8ca13ea87647e56f7857c2cc6a6d2a550eb56
urn:ure:smg:re_FunctionVariant:rmge01-usasm:8029ca8c	0x8029CA8C	276	func_8029CA8C		d49ec76a4d309aa37d33d94a1143b2fd029a22093d6501e89f4b8fd9d432fef2
urn:ure:smg:re_FunctionVariant:rmge01-usasm:8029cba0	0x8029CBA0	4	func_8029CBA0		f332ea5b5437103cbb6f1508679da89eec9288ad775c96c439a17fccabe3de8e
urn:ure:smg:re_FunctionVariant:rmge01-usasm:8029cba4	0x8029CBA4	4	func_8029CBA4		f332ea5b5437103cbb6f1508679da89eec9288ad775c96c439a17fccabe3de8e
urn:ure:smg:re_FunctionVariant:rmge01-usasm:8029cca8	0x8029CCA8	260	func_8029CCA8		91a3725370b74dd8dad01b388cf0424f35c8ef807cf24dad2c10120022f6f6b3
urn:ure:smg:re_FunctionVariant:rmge01-usasm:8029cdac	0x8029CDAC	12	func_8029CDAC		721adca8e38fcdd336bf5a7e2ccabca9e5fa5cfa3e8306e6071ae43f0f252fe2
urn:ure:smg:re_FunctionVariant:rmge01-usasm:8029cdb8	0x8029CDB8	84	func_8029CDB8		e0b83049060aee23cd54a26c4967066ee6d3f308bd46b2767f66399fce3aa89e
urn:ure:smg:re_FunctionVariant:rmge01-usasm:8029ce0c	0x8029CE0C	244	func_8029CE0C		a933889cfc19d9efe89e6070810c65c972b9e28560afe6d05f1d7c4d8dc15317
urn:ure:smg:re_FunctionVariant:rmge01-usasm:8029cf00	0x8029CF00	116	func_8029CF00		7919a993dde43233769d46d42d706c1de32876bba5a10a6f7377a25b6c6db9ae
urn:ure:smg:re_FunctionVariant:rmge01-usasm:8029cf74	0x8029CF74	620	func_8029CF74		5d0b72472010edce03a30bc449449b78a8f6a54e5e5f236e51b9c4df9abf248d
urn:ure:smg:re_FunctionVariant:rmge01-usasm:8029d1e0	0x8029D1E0	80	func_8029D1E0		6c0b074b315b3281c86e98dde4dab1cc1de80cf586501124fa668de5a3ee46ca
urn:ure:smg:re_FunctionVariant:rmge01-usasm:8029d230	0x8029D230	568	func_8029D230		93889af37c2a6f0bac743435f5abcfc50a94a5b9745ef8ea77732ceb1e245509
urn:ure:smg:re_FunctionVariant:rmge01-usasm:8029d468	0x8029D468	164	func_8029D468		22d9fba38c13b51622347fd6d42fd940dea056423dcecb4bf1cebe9d28c0f09b
urn:ure:smg:re_FunctionVariant:rmge01-usasm:8029d50c	0x8029D50C	500	func_8029D50C		bb05940ce58a5e24369dc954946b1be25448512310e6b4f9acb351a7164aa80d
urn:ure:smg:re_FunctionVariant:rmge01-usasm:8029d700	0x8029D700	1052	func_8029D700		a3f75a1e83118f89cce2ad3734c146bb0fa557ae948936775065bbbd05246516
urn:ure:smg:re_FunctionVariant:rmge01-usasm:8029db1c	0x8029DB1C	236	func_8029DB1C		fd67272909e034fc2cd0ac058ec8e35d5439d4d13fc89b921e3f92c27f54ee41
urn:ure:smg:re_FunctionVariant:rmge01-usasm:8029dc08	0x8029DC08	160	func_8029DC08		a4fb303a96c303fe4abc12587274996f63607928287d9f7282a16cd825a3adb5
urn:ure:smg:re_FunctionVariant:rmge01-usasm:8029dca8	0x8029DCA8	296	func_8029DCA8		d79d2baeaf771257321fc2c4bc44831bb8475b797089ab558f13f957706fc62b
urn:ure:smg:re_FunctionVariant:rmge01-usasm:8029ddd0	0x8029DDD0	436	func_8029DDD0		fd846ae8ae7717d809098efd628f0163d89e5784b5369c7daac1a6212ee291a1
urn:ure:smg:re_FunctionVariant:rmge01-usasm:8029df84	0x8029DF84	420	func_8029DF84		f1a192ce65dc576051ecf0e356cd50e626e5b4ffa9d2ac2e5c1dd9f63f1c1552
urn:ure:smg:re_FunctionVariant:rmge01-usasm:8029e128	0x8029E128	184	func_8029E128		2ef4d0ecaf7d545f0aae9cd72822c6051d0a33f56b87e9ab536f24ccc180360e
urn:ure:smg:re_FunctionVariant:rmge01-usasm:8029e1e0	0x8029E1E0	20	func_8029E1E0		15097751f533d6f444a1fa706ff3e1d85718c231bb0e440d01f0b1a416d29d4d
urn:ure:smg:re_FunctionVariant:rmge01-usasm:8029e1f4	0x8029E1F4	4	func_8029E1F4		f332ea5b5437103cbb6f1508679da89eec9288ad775c96c439a17fccabe3de8e
urn:ure:smg:re_FunctionVariant:rmge01-usasm:8029e1f8	0x8029E1F8	460	func_8029E1F8		5b0ca61477e350c992ec53ebb56d9f66a2a518bcff27a6e3fb952ca5751081b6
urn:ure:smg:re_FunctionVariant:rmge01-usasm:8029e3c4	0x8029E3C4	16	func_8029E3C4		ee5dd0094dc2df88072609921d193d935d6f0badb2e988796837986649c07fe7
urn:ure:smg:re_FunctionVariant:rmge01-usasm:8029e3d4	0x8029E3D4	16	func_8029E3D4		753fe2e0b4247ec5fa70521ba99ae163435c6e141f058a0fa1ca9183c203d2f8
urn:ure:smg:re_FunctionVariant:rmge01-usasm:8029e3e4	0x8029E3E4	16	func_8029E3E4		126e911d2ce24a5ec789c71cc96dced85871630cb7ffb9fc3d03e8b4371c4579
urn:ure:smg:re_FunctionVariant:rmge01-usasm:8029e3f4	0x8029E3F4	16	func_8029E3F4		5db58ca120115d77c5f0c0ced3269b9eac65180feab3e2954c404bcb9af487d1
urn:ure:smg:re_FunctionVariant:rmge01-usasm:8029e404	0x8029E404	16	func_8029E404		53c512893ef29c88b06f431975f394c39a9d1d9afd2af9902150affa3d4d6106
urn:ure:smg:re_FunctionVariant:rmge01-usasm:8029e414	0x8029E414	16	func_8029E414		f9e7260ad3d5fcac5065d30f7217990fc65ddb9a9aa327ef320da87c389ec1fd
urn:ure:smg:re_FunctionVariant:rmge01-usasm:8029e424	0x8029E424	336	func_8029E424		ce0f7dc2ef0a4b837b15cbd97490fc26be4ac23721cfffdc9fb6dadac9eeef14
urn:ure:smg:re_FunctionVariant:rmge01-usasm:8029e574	0x8029E574	80	func_8029E574		3fc590b584240095aaebfdff6f2067331c170281716bf03ba18d47b5d1773e02
urn:ure:smg:re_FunctionVariant:rmge01-usasm:8029e5c4	0x8029E5C4	392	func_8029E5C4		e808e8ace36048e2045e892167af5dd3f35c43c68995b37756204ef4a12475c0
urn:ure:smg:re_FunctionVariant:rmge01-usasm:8029e74c	0x8029E74C	136	func_8029E74C		333af6c5a6c116f65c9db9e47c3b941ad09077d8e9ebda9b0744f823e0a4fc53
urn:ure:smg:re_FunctionVariant:rmge01-usasm:8029e7d4	0x8029E7D4	332	func_8029E7D4		b7073ef224a7c8863719235ae42968ba0c2f13abf3d0cb9dad1bd5c22f9da295
urn:ure:smg:re_FunctionVariant:rmge01-usasm:8029e920	0x8029E920	588	func_8029E920		9bc69ddc3ed0a8567ec3996eebf8bd6c6f66f71ea364af28246ebeb63d663541
urn:ure:smg:re_FunctionVariant:rmge01-usasm:8029eb6c	0x8029EB6C	248	func_8029EB6C		a183ee3b0ab5ee5307aa81918437bf5ce9c7f06f7341234fe84f81160bff33c0
urn:ure:smg:re_FunctionVariant:rmge01-usasm:8029ec64	0x8029EC64	216	func_8029EC64		fc5144200d786f602a28ef4b83cdfec3705683c6542c30fa6a18fdcaa61199aa
urn:ure:smg:re_FunctionVariant:rmge01-usasm:8029ed3c	0x8029ED3C	304	func_8029ED3C		b9943df70e09eebc71921021f84416cf286ec7e7ffa8baedca9bce5ccbc69402
urn:ure:smg:re_FunctionVariant:rmge01-usasm:8029ee6c	0x8029EE6C	228	func_8029EE6C		f71c3bf73a871504d731980937a40397bd76ec6916157a14001d995352ea6f5b
urn:ure:smg:re_FunctionVariant:rmge01-usasm:8029ef50	0x8029EF50	248	func_8029EF50		d20ec819226d3ab5e821f7594e1ad8fe47c9188fd471c9b72c34f67d85c21fbc
urn:ure:smg:re_FunctionVariant:rmge01-usasm:8029f048	0x8029F048	236	func_8029F048		592bbd497c5dbf822498672cd03651c75e7f39df1bc54befcd7043fd8cce986a
urn:ure:smg:re_FunctionVariant:rmge01-usasm:8029f134	0x8029F134	92	func_8029F134		582589833dda881ab6586131e5a290159e030284ca27392257a5855a241abef5
urn:ure:smg:re_FunctionVariant:rmge01-usasm:8029f190	0x8029F190	184	func_8029F190		0362ba01977e9add51790bde2ee2f85080d7acd43804d3d854f7d3ec71c836c7
urn:ure:smg:re_FunctionVariant:rmge01-usasm:8029f248	0x8029F248	124	func_8029F248		a8e4a51d13370b8edd1d491d5937d82785b5ed25d9d6a8c3c84ded39a62724fc
urn:ure:smg:re_FunctionVariant:rmge01-usasm:8029f2c4	0x8029F2C4	48	func_8029F2C4		e9a3c88bea23d66dd72e739479c7574b5fb6b83537fde138be5f9e78ef32e7f3
urn:ure:smg:re_FunctionVariant:rmge01-usasm:8029f2f4	0x8029F2F4	276	func_8029F2F4		7ff02cd35eb632330f39d106d167161fbca10bdf0cfad5e4f09eec0ee1158bfb
urn:ure:smg:re_FunctionVariant:rmge01-usasm:8029f408	0x8029F408	60	func_8029F408		3194d87fe69c62a263e725b2318cf974f4817b658905f421687430ae77af9053
urn:ure:smg:re_FunctionVariant:rmge01-usasm:8029f444	0x8029F444	68	func_8029F444		b92036aff1b97f4cf2e9b77d74979568d169be065e2bc22c3e2b80daa2dcfe6e
urn:ure:smg:re_FunctionVariant:rmge01-usasm:8029f488	0x8029F488	124	func_8029F488		a00930b8cdaa926e46b6fabddeb9349f133a2462575405d5681d527ae323533b
urn:ure:smg:re_FunctionVariant:rmge01-usasm:8029f504	0x8029F504	84	func_8029F504		edeb5af8c470cd3484e83a8a1031750317a2b2c7028ec0ea46c7874d657427db
urn:ure:smg:re_FunctionVariant:rmge01-usasm:8029f558	0x8029F558	672	func_8029F558		756f7f4a008bc258610a2f85d70d4758e53cc0529767ab2f9bc55f5405304ca6
urn:ure:smg:re_FunctionVariant:rmge01-usasm:8029f7f8	0x8029F7F8	568	func_8029F7F8		e221baec4011ba7e86870ecdc7c3e62b26cefbd333029414f0d75e93623935bb
urn:ure:smg:re_FunctionVariant:rmge01-usasm:8029fae0	0x8029FAE0	60	func_8029FAE0		aa12571d936ffa28a7c3efcb1ea39beba87f4f84c2bfdb66f72776711be519b9
urn:ure:smg:re_FunctionVariant:rmge01-usasm:8029fb1c	0x8029FB1C	76	func_8029FB1C		f936e34dad54d66e59e21ec3c0245ee843a379a2edee117d46fa294c8dbb2564
urn:ure:smg:re_FunctionVariant:rmge01-usasm:8029fb68	0x8029FB68	44	func_8029FB68		1d1972fec4ca0278af67aa17bf667f336967041d468a6c182dcf65c0017f3ccc
urn:ure:smg:re_FunctionVariant:rmge01-usasm:8029fb94	0x8029FB94	44	func_8029FB94		f7fd1362ae62da02936faaec8f9bb0255fd865ac851313b3ac61e91bd8579d24
urn:ure:smg:re_FunctionVariant:rmge01-usasm:8029fbc0	0x8029FBC0	48	func_8029FBC0		1e6618f0f3413e51188382de40fd8e09be234b05dfc9615ca9b737d5e0b2815c
urn:ure:smg:re_FunctionVariant:rmge01-usasm:8029fbf0	0x8029FBF0	68	func_8029FBF0		8833fd519638adcffd5e40801e575e3af5292b02e51129f8300cbbbbf8bec4c7
urn:ure:smg:re_FunctionVariant:rmge01-usasm:8029fc34	0x8029FC34	152	func_8029FC34		bc756823889beeca96ec9b36dee3a6c8982213ad137a976174ca3410fd9cff90
urn:ure:smg:re_FunctionVariant:rmge01-usasm:8029fccc	0x8029FCCC	16	func_8029FCCC		04b69e8367d3f0998649ac859279ca20f5a8fe3a48e78748f8e174b6f4c37ae8
urn:ure:smg:re_FunctionVariant:rmge01-usasm:8029fcdc	0x8029FCDC	16	func_8029FCDC		2ebd045ca66d8cb34e2305008bb3a598d7e540a8d74941a3bc2fa0d561c38afc
urn:ure:smg:re_FunctionVariant:rmge01-usasm:8029fcec	0x8029FCEC	16	func_8029FCEC		92a91fa96a136fb1dcf5f3af23aba8d15d1eb95e0dbd16dc437e5944ea6f5929
urn:ure:smg:re_FunctionVariant:rmge01-usasm:8029fcfc	0x8029FCFC	16	func_8029FCFC		4ef91890e9b466cb897d9bbe59a873413032eb84da80764f57ddd545ec0e7250
urn:ure:smg:re_FunctionVariant:rmge01-usasm:8029fd0c	0x8029FD0C	16	func_8029FD0C		b5955ad3483acb625406f060e26cf73698e7491149b6df72b78184b64cf46118
urn:ure:smg:re_FunctionVariant:rmge01-usasm:8029fd1c	0x8029FD1C	100	func_8029FD1C		77acbe639a6c5fa7e8c320b90a6b7b0f990618ef9e0407204af46629b6e522bd
urn:ure:smg:re_FunctionVariant:rmge01-usasm:8029fd80	0x8029FD80	208	func_8029FD80		a5bcd750f233529605464b23df70eda7ff009c6ca44175ef43e5598bc9c3e906
urn:ure:smg:re_FunctionVariant:rmge01-usasm:8029fe50	0x8029FE50	40	func_8029FE50		f3aff520cf180f3113b446795fdf2c7396abe37d1a4d39ad9f4c0fe40daa6995
urn:ure:smg:re_FunctionVariant:rmge01-usasm:8029fe78	0x8029FE78	148	func_8029FE78		50daf83670bd248dcf331cd89fd84b9d3de9e0bbfd3aa056258c144caa47cdf2
urn:ure:smg:re_FunctionVariant:rmge01-usasm:8029ff0c	0x8029FF0C	108	func_8029FF0C		86718fcf6ac3fabfc5449b37f1eea392d79b75b304f8c8593b958df7cb2cc6b1
urn:ure:smg:re_FunctionVariant:rmge01-usasm:8029ff78	0x8029FF78	76	func_8029FF78		9be54ee9575818aec36bb3ea6f9834b5f7b20bf92829185acb790c0e2f52cbe6
urn:ure:smg:re_FunctionVariant:rmge01-usasm:8029ffc4	0x8029FFC4	8	func_8029FFC4		ea0ae29927e2c384659f8359ba3ed12907eac8a69865f8cb3a8e89ce982a6630
urn:ure:smg:re_FunctionVariant:rmge01-usasm:8029ffcc	0x8029FFCC	8	func_8029FFCC		be0821a310e2d9009719447c209a612138789c9dad3bd008e19c7f521d1948a2
urn:ure:smg:re_FunctionVariant:rmge01-usasm:8029ffd4	0x8029FFD4	16	func_8029FFD4		3be4269e5aa6c79ef3d6897f5c34ff8ccdfa0f6c5ff989685cbc64a271b94d34
urn:ure:smg:re_FunctionVariant:rmge01-usasm:8029ffe4	0x8029FFE4	16	func_8029FFE4		4ce8faee460ebc762738e8333460ce4a34a5cfef4b13844a1d270b80de619eef
urn:ure:smg:re_FunctionVariant:rmge01-usasm:8029fff4	0x8029FFF4	16	func_8029FFF4		6d113e5b556ce17682cc621123353e2a2d753b0be22e5946ed88d8d1093baf3a
urn:ure:smg:re_FunctionVariant:rmge01-usasm:802a0004	0x802A0004	16	func_802A0004		f9e60b32ea7088460bf36082c8f7b97ea8eaad5d070fb9a46562de19d88b0f15
urn:ure:smg:re_FunctionVariant:rmge01-usasm:802a0014	0x802A0014	16	func_802A0014		060bfbcaa1f9ad5ccc46e08041373bd55ee71d206974101bd225d11223294ff5
urn:ure:smg:re_FunctionVariant:rmge01-usasm:802a0024	0x802A0024	4	func_802A0024		6ae90a79548b5f9254543fb44a2b10ea307ba79c842cb9ad5a966cc913bddceb
urn:ure:smg:re_FunctionVariant:rmge01-usasm:802a0028	0x802A0028	268	func_802A0028		5f32b07def260c695e04b25b7c9af1f212d945b9cea9c97e5f06f13b2c669340
urn:ure:smg:re_FunctionVariant:rmge01-usasm:802a0134	0x802A0134	136	func_802A0134		9fe14b91660dc96f8b41a7b1a34f9d524cf3723bb0b40ed255a2c17e70aa8eb8
urn:ure:smg:re_FunctionVariant:rmge01-usasm:802a01bc	0x802A01BC	496	func_802A01BC		0932dc6f01b0dda5a2756ae6cb46c170bdfe3b982bcec368a2a0a25e7ccef443
urn:ure:smg:re_FunctionVariant:rmge01-usasm:802a03ac	0x802A03AC	424	func_802A03AC		edcde1519475327e2351a07661f3086fdc672990c83d823418afcc9696a2efcd
urn:ure:smg:re_FunctionVariant:rmge01-usasm:802a0554	0x802A0554	84	func_802A0554		372861c5888ac30db37c2fd783cf56622b473e66bd89ba0a2e0897ec6435fda3
urn:ure:smg:re_FunctionVariant:rmge01-usasm:802a05a8	0x802A05A8	56	func_802A05A8		9a1fe71f1bad12a0ec3d19ef129269dc82a78d361f1beaff2809de375a490d1a
urn:ure:smg:re_FunctionVariant:rmge01-usasm:802a05e0	0x802A05E0	380	func_802A05E0		0565ab06fe2856d30c0f83a1701402f40c3be1a28698224be33e25d04bb8bf21
urn:ure:smg:re_FunctionVariant:rmge01-usasm:802a075c	0x802A075C	104	func_802A075C		948e7575f7ac24706f64a358d069472dd662078bc46a084418b7e5f59bcd2cc4
urn:ure:smg:re_FunctionVariant:rmge01-usasm:802a0918	0x802A0918	120	func_802A0918		fca19d927fe6fbc8620f7ba6965435e8c229d33c1cca20bec84af427345615bd
urn:ure:smg:re_FunctionVariant:rmge01-usasm:802a0990	0x802A0990	12	func_802A0990		7a86c2ed5b2af927370e1a090f063554420c2609a95f6dbdd11e90fd50c28b27
urn:ure:smg:re_FunctionVariant:rmge01-usasm:802a099c	0x802A099C	12	func_802A099C		f598ae37fc73931ad0585886fac7d54fd4c059d5d41f49ef207e19c18f36be0a
urn:ure:smg:re_FunctionVariant:rmge01-usasm:802a09a8	0x802A09A8	20	func_802A09A8		162eec36aa03d39fa211f599ef60d063fba9ec55b6d72b067559d45ab54626fd
urn:ure:smg:re_FunctionVariant:rmge01-usasm:802a09bc	0x802A09BC	8	func_802A09BC		30ca90a6e35d97e19da997fc4ef2ac1e92af89ed75d511ea20159b470a007a3d
urn:ure:smg:re_FunctionVariant:rmge01-usasm:802a09c4	0x802A09C4	12	func_802A09C4		7e5dadf81e985c5270caa14af148a582ebf46a369fbf8be0adcf8375429ebe5a
urn:ure:smg:re_FunctionVariant:rmge01-usasm:802a09d0	0x802A09D0	12	func_802A09D0		718af1096feaa0bbca49f9e060edaae39b0f4cbe053112e87ce29a05e36dd6bd
urn:ure:smg:re_FunctionVariant:rmge01-usasm:802a09dc	0x802A09DC	12	func_802A09DC		dcf58358822d217712486647f68a7eec297c0136029cf77cdea07524a26344ad
urn:ure:smg:re_FunctionVariant:rmge01-usasm:802a09e8	0x802A09E8	12	func_802A09E8		00844f79ec075fb895958709ee39990e8a520a55829cf4fffe1b211c5b723d3d
urn:ure:smg:re_FunctionVariant:rmge01-usasm:802a09f4	0x802A09F4	12	func_802A09F4		8b2593b62d9fd2a973ca5536888d86e4bc125a03757e89fe7b3213c1e8cb125b
urn:ure:smg:re_FunctionVariant:rmge01-usasm:802a0a00	0x802A0A00	12	func_802A0A00		28e8eecd4e0462aaac1b6a2f27bebd427315f504978629db5189f08a11014328
urn:ure:smg:re_FunctionVariant:rmge01-usasm:802a0a0c	0x802A0A0C	12	func_802A0A0C		fc7b9b27e220eb097a5a5bd236ca751d5b0e293879991daddff366a259d5e785
urn:ure:smg:re_FunctionVariant:rmge01-usasm:802a0a18	0x802A0A18	96	func_802A0A18		0196f9c4ff516a229c4bfeb355a0339fd45a340e86e1bcc888f9d21d3913f3f4
urn:ure:smg:re_FunctionVariant:rmge01-usasm:802a0a78	0x802A0A78	232	func_802A0A78		a082118910e9748ed8682a1b44e0b0c7185ff84f959d59296e1a08e9fd870a13
urn:ure:smg:re_FunctionVariant:rmge01-usasm:802a0b60	0x802A0B60	136	func_802A0B60		c9f98b65cf40c9c1d47fa52b229968232c175d8047eed35bb0d9072201515bb2
urn:ure:smg:re_FunctionVariant:rmge01-usasm:802a0be8	0x802A0BE8	180	func_802A0BE8		0e47030be9685e5bc4c677dae4168c25a5a875be7e9e0a25353d2d557f870372
urn:ure:smg:re_FunctionVariant:rmge01-usasm:802a0c9c	0x802A0C9C	268	func_802A0C9C		fa96e10f1f473ecfc5653cc8ca11578568d4944004500eed9086bfbcd44e6e3c
urn:ure:smg:re_FunctionVariant:rmge01-usasm:802a0da8	0x802A0DA8	44	func_802A0DA8		db164fea25dd7efa0b357f8f310b2152a66b8b7a975d2e8acfde9e103bef86d5
urn:ure:smg:re_FunctionVariant:rmge01-usasm:802a0dd4	0x802A0DD4	16	func_802A0DD4		ed4eb1d565c9b99f9b9dda013168ce8ceabc1b85d51c516ccb2c6ca32add71c5
urn:ure:smg:re_FunctionVariant:rmge01-usasm:802a0de4	0x802A0DE4	20	func_802A0DE4		2f1707052a41e35b4b6b7a6676f32cfc278fa82bb9ca1ba48dcc4287a4e4d4d9
urn:ure:smg:re_FunctionVariant:rmge01-usasm:802a0df8	0x802A0DF8	20	func_802A0DF8		1050b9008281703cfb43d68bcae63e6045b21b3aef75606410f99213bd03df3b
urn:ure:smg:re_FunctionVariant:rmge01-usasm:802a0e0c	0x802A0E0C	20	func_802A0E0C		1e6e40a44079e5456d4e8349a0fb52da853be3b05579e1d8bb0d7a8efd6daa53
urn:ure:smg:re_FunctionVariant:rmge01-usasm:802a0e20	0x802A0E20	20	func_802A0E20		49db3992d02bca9bf526568cff961b8f7c4739f42061b2b23aa7182e79ba9e40
urn:ure:smg:re_FunctionVariant:rmge01-usasm:802a0e34	0x802A0E34	20	func_802A0E34		01a01dbd929fe2f3029770702fcea819d9dbc627770e8ebee82871467e0c6eff
urn:ure:smg:re_FunctionVariant:rmge01-usasm:802a0e48	0x802A0E48	20	func_802A0E48		ce5ae087d32dac06f98fc19c9af4e68304cfc37c55f173a35637bba3b626e96b
urn:ure:smg:re_FunctionVariant:rmge01-usasm:802a0e5c	0x802A0E5C	20	func_802A0E5C		18be7209e9e253c0b4b53538425f40382e4ad6e3425accc1890bcbdefd2b6b93
urn:ure:smg:re_FunctionVariant:rmge01-usasm:802a0e70	0x802A0E70	20	func_802A0E70		311a04f0c93f7ea0f9f4f6788e688eb9d9676f1becce0c468eb65a1171df4509
urn:ure:smg:re_FunctionVariant:rmge01-usasm:802a0e84	0x802A0E84	20	func_802A0E84		3b31c4c60134fabcf0f1159efccd4f2370e48618a7bbb0b0edc851c099944cbb
urn:ure:smg:re_FunctionVariant:rmge01-usasm:802a0e98	0x802A0E98	20	func_802A0E98		28eaba5e08388a60c4be9fe4c6a026d6b7fc0e88ea672236c7890dcc1914b4a2
urn:ure:smg:re_FunctionVariant:rmge01-usasm:802a0eac	0x802A0EAC	16	func_802A0EAC		e11603284b9ae7b05e9641885244134cc8df29258259372d6c74686d51cc653a
urn:ure:smg:re_FunctionVariant:rmge01-usasm:802a0ebc	0x802A0EBC	20	func_802A0EBC		2b4d56198e4ec5823fecc1c93c1b8ca68448c648f7118d07fcd66e7c910be958
urn:ure:smg:re_FunctionVariant:rmge01-usasm:802a0ed0	0x802A0ED0	24	func_802A0ED0		512df5b4c058b9f723ffdd4290bbe62f11aaa95d3f27b482c0a5cd47c3c8207c
urn:ure:smg:re_FunctionVariant:rmge01-usasm:802a0ee8	0x802A0EE8	56	func_802A0EE8		9504084362142385908c6e8eac19f218b0ae73ba253025932c4ba0a9662996b6
urn:ure:smg:re_FunctionVariant:rmge01-usasm:802a0f20	0x802A0F20	92	func_802A0F20		408e1899090337dc4698356effb2e5af834ecd63f972c20d71cc027b61a91c67
urn:ure:smg:re_FunctionVariant:rmge01-usasm:802a0f7c	0x802A0F7C	340	func_802A0F7C		8c89aade3f0854726dad2b0a272f39076a4c33564a750ac529456d13a517adca
urn:ure:smg:re_FunctionVariant:rmge01-usasm:802a10d0	0x802A10D0	32	func_802A10D0		6cb7b82a85560a0e61ac2fec6b5c65729506a9e29378c6f0eb415446d521f1c9
urn:ure:smg:re_FunctionVariant:rmge01-usasm:802a10f0	0x802A10F0	28	func_802A10F0		4b7f8281bc40fe82369ac6900635babf4f1c3f3c231fa749a89a41c3c53c5766
urn:ure:smg:re_FunctionVariant:rmge01-usasm:802a110c	0x802A110C	12	func_802A110C		4d433f079603e31b7dafb9ae81dafa8779dc38fa5877383977c021cde00f86cc
urn:ure:smg:re_FunctionVariant:rmge01-usasm:802a1118	0x802A1118	132	func_802A1118		2c266c49250abfd881f3e7e63bc9d065d0fdc95bfe1f5fe21ad3643eaa04a088
urn:ure:smg:re_FunctionVariant:rmge01-usasm:802a119c	0x802A119C	40	func_802A119C		21d25d5e8891e88098b878ad5699a019d52f81e6fb51c9d4d7eba00ba72432fe
urn:ure:smg:re_FunctionVariant:rmge01-usasm:802a11c4	0x802A11C4	104	func_802A11C4		05e30b130bb4410272611abb8892302786b2d43abb37a274a325e34de1993001
urn:ure:smg:re_FunctionVariant:rmge01-usasm:802a122c	0x802A122C	160	func_802A122C		f57a658e6346e927ce4e6b15fdcc17935e5a714698f8259c5fc1c01de4b560c0
urn:ure:smg:re_FunctionVariant:rmge01-usasm:802a12cc	0x802A12CC	64	func_802A12CC		dccb6416372e6332886407d93f327dfde331cea6ef846c4a74229154046e329a
urn:ure:smg:re_FunctionVariant:rmge01-usasm:802a130c	0x802A130C	32	func_802A130C		9d3e014a8ea4ab504c967f8b4a063577e5830eada9b64af8ab2ff762380b0a29
urn:ure:smg:re_FunctionVariant:rmge01-usasm:802a132c	0x802A132C	32	func_802A132C		fb3abd42ea411ad888f7b545d3c8840c8a44c1f933e84d11ede441781431aac4
urn:ure:smg:re_FunctionVariant:rmge01-usasm:802a134c	0x802A134C	32	func_802A134C		180ab11704bc3b094f5aee5a8a4b5b4de0ff6f6758b06942a13319bece8423db
urn:ure:smg:re_FunctionVariant:rmge01-usasm:802a136c	0x802A136C	64	func_802A136C		5be12fda506b84473b180ac4baf984c3a4b39419c12b81835958f855ab633607
urn:ure:smg:re_FunctionVariant:rmge01-usasm:802a13ac	0x802A13AC	240	func_802A13AC		9ae6ec196d2209ade8b14209e94241667be6ba9937751303c8537168b6a23ee9
urn:ure:smg:re_FunctionVariant:rmge01-usasm:802a149c	0x802A149C	296	func_802A149C		4d713a5a38b73a463841b1b79a6cf40d386e396202e84c51fae03401fe59c4c0
urn:ure:smg:re_FunctionVariant:rmge01-usasm:802a15c4	0x802A15C4	112	func_802A15C4		67b93022181ca0bef680c386e7ed69a7d5a91d16f47027162332b89f1d0e277b
urn:ure:smg:re_FunctionVariant:rmge01-usasm:802a1634	0x802A1634	144	func_802A1634		e32b06543137b9b4e239ea9c00002870d519271fc1e3ebea394536c3cb1ed2c7
urn:ure:smg:re_FunctionVariant:rmge01-usasm:802a16c4	0x802A16C4	532	func_802A16C4		f82d5f317a447f0d986d43583b6a68756f5decfa052ca08e17420af32fd3a811
urn:ure:smg:re_FunctionVariant:rmge01-usasm:802a18d8	0x802A18D8	212	func_802A18D8		7dafe5ea942b7ef4c8973f3d9878e980ccc59d456619bd7e520c641cb8109858
urn:ure:smg:re_FunctionVariant:rmge01-usasm:802a19ac	0x802A19AC	248	func_802A19AC		e8ba5da906f0e85437b7badd4ac03534e3c41af732273eb5f5da644985c847f6
urn:ure:smg:re_FunctionVariant:rmge01-usasm:802a1aa4	0x802A1AA4	16	func_802A1AA4		d421879d45fbfb3375ba98339ebbe93e256bfc178a0bb1e0f7689d270f4281fe
urn:ure:smg:re_FunctionVariant:rmge01-usasm:802a1ab4	0x802A1AB4	176	func_802A1AB4		c25dec86a3396f0074831dff6a7af40ca73866661e6697a37d828900c7dad04f
urn:ure:smg:re_FunctionVariant:rmge01-usasm:802a1b64	0x802A1B64	176	func_802A1B64		1ab7898fa4bdd13e20bc21021700d2bf96cc4d22b51d4a04d97ee22344fcb27b
urn:ure:smg:re_FunctionVariant:rmge01-usasm:802a1c14	0x802A1C14	64	func_802A1C14		9e235dc92f30172241abf24d1dc118c356230691d021b7ef86f590040171da2d
urn:ure:smg:re_FunctionVariant:rmge01-usasm:802a1c54	0x802A1C54	64	func_802A1C54		ff281a92a33dc90effb0513796f1c21eb74b68e8df150d9e4fc0d3b106f74298
urn:ure:smg:re_FunctionVariant:rmge01-usasm:802a1c94	0x802A1C94	8	func_802A1C94		59edf1aa66738836bd7f94d317047e2da45023dde9a5c8e80a88e9fc20261372
urn:ure:smg:re_FunctionVariant:rmge01-usasm:802a1c9c	0x802A1C9C	8	func_802A1C9C		5adcb48e14e78fbc3109ecd53a326b27502bf984489c8cc8a308327a848f9079
urn:ure:smg:re_FunctionVariant:rmge01-usasm:802a1ca4	0x802A1CA4	216	func_802A1CA4		e174f637ad412e4b8a1b93923588226c03d0cd90664ef0b7aa2c20761643847e
urn:ure:smg:re_FunctionVariant:rmge01-usasm:802a1d7c	0x802A1D7C	8	func_802A1D7C		99b85206eb6f94df1942a7731154d980b02a6fd6779888d9ec54e94fb6e63355
urn:ure:smg:re_FunctionVariant:rmge01-usasm:802a1d84	0x802A1D84	132	func_802A1D84		c8c6ea8384d0fb5bed1f0f1e6f9309476766c1aa0e44ddbb598a094383c24704
urn:ure:smg:re_FunctionVariant:rmge01-usasm:802a1e08	0x802A1E08	828	func_802A1E08		d6ccd643dc69fbf8b7346f0c23d209fb05fdd3947d81ca95c0a4191253dabeec
urn:ure:smg:re_FunctionVariant:rmge01-usasm:802a2144	0x802A2144	492	func_802A2144		d7644ec8d452263b58a708cde14a36d883b13659ebdb16d00b782080b512db97
urn:ure:smg:re_FunctionVariant:rmge01-usasm:802a2330	0x802A2330	60	func_802A2330		f1031ce0959d5b94784c25b9e9283de1d8cbe584ebaa258dc1ab24022462555e
urn:ure:smg:re_FunctionVariant:rmge01-usasm:802a236c	0x802A236C	96	func_802A236C		c70f3568c906ea6e96014eb821501e00a9d2658e762c3d7123fde9284cd83c11
urn:ure:smg:re_FunctionVariant:rmge01-usasm:802a23cc	0x802A23CC	8	func_802A23CC		de9b9195796a0ee151c6c86d80508256bff54e3f2627d4161430db820692dbde
urn:ure:smg:re_FunctionVariant:rmge01-usasm:802a23d4	0x802A23D4	252	func_802A23D4		6aa5d8fc25e71af7c23dcc0bde25e56c17ab6794732b3c5c7512852172d0fc5a
urn:ure:smg:re_FunctionVariant:rmge01-usasm:802a24d0	0x802A24D0	8	func_802A24D0		4fed2c75bafa8e990e24e6503ad75a6d944a279aa763ca6cc4a0ac72af48e702
urn:ure:smg:re_FunctionVariant:rmge01-usasm:802a24d8	0x802A24D8	572	func_802A24D8		20857fe85b34e48173be64ad01267dc2819b10e91935beb681cb8bb297f001d8
urn:ure:smg:re_FunctionVariant:rmge01-usasm:802a2714	0x802A2714	44	func_802A2714		a25062dfdce1e8554637a63050115858040acb8796ef9f00e6b37f6c7f6a8e15
urn:ure:smg:re_FunctionVariant:rmge01-usasm:802a2740	0x802A2740	280	func_802A2740		b2d1f6c15ee0eeadd5d268b3e0b688b7e6ed875408482a0918f173df2f0cfe0b
urn:ure:smg:re_FunctionVariant:rmge01-usasm:802a2858	0x802A2858	900	func_802A2858		b85e3b2ede3aac384721b02ce0330b7cc428d40b565b2ed5077768d741141bd7
urn:ure:smg:re_FunctionVariant:rmge01-usasm:802a2bdc	0x802A2BDC	156	func_802A2BDC		c0b3536a581739b8bc6db27af34d5fa9f16a1927643cab3a58c232ebe8cfe5bd
urn:ure:smg:re_FunctionVariant:rmge01-usasm:802a2c78	0x802A2C78	8	func_802A2C78		94645d7071b2df468948e3f8a0abebfbd381e7b70fcaaa4b9b965e7bb94ba22a
urn:ure:smg:re_FunctionVariant:rmge01-usasm:802a2c80	0x802A2C80	8	func_802A2C80		31a6306a118c72a8e9d1a5f6e665f1d97f8d7e3d502bddf03b19f4076d7bbb6c
urn:ure:smg:re_FunctionVariant:rmge01-usasm:802a2c88	0x802A2C88	264	func_802A2C88		9f9ac457794e3f7cb6334063d279e0ef32bb07012f9a926386c0515689ffeb13
urn:ure:smg:re_FunctionVariant:rmge01-usasm:802a2d90	0x802A2D90	412	func_802A2D90		1868625cdbb099778684e763a0cf97d9bb05d5b12c67b166eba8265ead2fbb6e
urn:ure:smg:re_FunctionVariant:rmge01-usasm:802a2f2c	0x802A2F2C	28	func_802A2F2C		e7dffb102ac4b79b74b079e84f05e92a6c951d4be743f779ab2abf6be16d7c0b
urn:ure:smg:re_FunctionVariant:rmge01-usasm:802a2f48	0x802A2F48	100	func_802A2F48		f5906c487c3ef1a5ac86d4b7d47c45c90471090b7e9c7e37aedaf056227505d8
urn:ure:smg:re_FunctionVariant:rmge01-usasm:802a2fac	0x802A2FAC	112	func_802A2FAC		291c94796f663273a0615d062f32b82683445e0f6776ccd433e6c40e53989b02
urn:ure:smg:re_FunctionVariant:rmge01-usasm:802a301c	0x802A301C	144	func_802A301C		8a812cbd216998eda9db3edc9b02683ade5454721770a0945b91abf5f7342cc4
urn:ure:smg:re_FunctionVariant:rmge01-usasm:802a30ac	0x802A30AC	148	func_802A30AC		48ffac739244d50a30131a8144385aeb6ea9dd8dc72c689853db076634682164
urn:ure:smg:re_FunctionVariant:rmge01-usasm:802a3140	0x802A3140	52	func_802A3140		58ba82a40a5215ef6653d8c2ee4e3a4a4552ef1db9b079629d5af538bea0199c
urn:ure:smg:re_FunctionVariant:rmge01-usasm:802a3174	0x802A3174	108	func_802A3174		55e715678058534ef7eaad62e307afe22ce71492253c2d84425468229f47244e
urn:ure:smg:re_FunctionVariant:rmge01-usasm:802a31e0	0x802A31E0	328	func_802A31E0		df3d3b512f692bd7e1f6cad228e17f501eccef8a7629bea2221b2bd85f04a3cf
urn:ure:smg:re_FunctionVariant:rmge01-usasm:802a3328	0x802A3328	196	func_802A3328		444a7bb1b9067a0e3e9794d7636164cf4859f50298d2c0bd7e40383aa29dada2
urn:ure:smg:re_FunctionVariant:rmge01-usasm:802a33ec	0x802A33EC	276	func_802A33EC		ea0245e753a8be4713aa11f8387263e6b95efcddd47ae9d0c37161acfa2efaff
urn:ure:smg:re_FunctionVariant:rmge01-usasm:802a3500	0x802A3500	24	func_802A3500		e285bc56a2563de99ccb477bbbec3596dc2984b7a3566bbfa3e1fa5a859fbb5c
urn:ure:smg:re_FunctionVariant:rmge01-usasm:802a3518	0x802A3518	84	func_802A3518		d6d9ba82c24587bd9b039958df7b09b074561b713dee4142524fa53ef583ba01
urn:ure:smg:re_FunctionVariant:rmge01-usasm:802a356c	0x802A356C	124	func_802A356C		2701f0b56ed2a51ddf290b2208352638e7d816a4de3faa1c7bd80b33409e9fa6
urn:ure:smg:re_FunctionVariant:rmge01-usasm:802a35e8	0x802A35E8	88	func_802A35E8		7ee326ab97ca814ac428ff8680c3890ceb38f4280f24fcd155d142229c197797
urn:ure:smg:re_FunctionVariant:rmge01-usasm:802a3640	0x802A3640	60	func_802A3640		effadaf354be1b7c38581c9a5c03d3f407356bf288342c321d530c7a75eed96c
urn:ure:smg:re_FunctionVariant:rmge01-usasm:802a367c	0x802A367C	16	func_802A367C		29f1ec0376f37e3f63a17883d79ae89eb4c23cfa09e932536a0dd933d5aaa4ca
urn:ure:smg:re_FunctionVariant:rmge01-usasm:802a368c	0x802A368C	44	func_802A368C		0ae095124c1b96e51571298e45159653ce0de23cda0651fe4e0524121fdb9b54
urn:ure:smg:re_FunctionVariant:rmge01-usasm:802a36b8	0x802A36B8	40	func_802A36B8		783f8b1500774ad53049ef1d8f67ea16d5802a21bbd8b6808f604ec9c2711f11
urn:ure:smg:re_FunctionVariant:rmge01-usasm:802a36e0	0x802A36E0	8	func_802A36E0		f01b2bfb22bc411597341b812af51c385bc67bd50c60fd4d40fb07557d52b19a
urn:ure:smg:re_FunctionVariant:rmge01-usasm:802a36e8	0x802A36E8	80	func_802A36E8		c4c5b8ad907123d618c6ce906442c92fb8c4b21f4f06cbc771a98f508402952a
urn:ure:smg:re_FunctionVariant:rmge01-usasm:802a3738	0x802A3738	8	func_802A3738		9b27aadd968dd729402e0cec8a610916dc05d69b711aa0afa7086b5f63155045
urn:ure:smg:re_FunctionVariant:rmge01-usasm:802a3740	0x802A3740	24	func_802A3740		3d05736c6be566da8ccd065758bbd27cc4f27667dcc1a5ee942b2d5f8b638659
urn:ure:smg:re_FunctionVariant:rmge01-usasm:802a3758	0x802A3758	12	func_802A3758		1d07a0cbd27fe409ee017931a201fc6bef604d6d87e290224325623dc3c60def
urn:ure:smg:re_FunctionVariant:rmge01-usasm:802a3764	0x802A3764	4	func_802A3764		f332ea5b5437103cbb6f1508679da89eec9288ad775c96c439a17fccabe3de8e
urn:ure:smg:re_FunctionVariant:rmge01-usasm:802a3768	0x802A3768	32	func_802A3768		b046c7aff49d017e5522aba8a00873d45fb0801a4382c69c5de6bb32431774b2
urn:ure:smg:re_FunctionVariant:rmge01-usasm:802a3788	0x802A3788	32	func_802A3788		fb0b8cb73b711bd61b3c729ab7c8f9e43516f6f4d44808721964b465bc030e4e
urn:ure:smg:re_FunctionVariant:rmge01-usasm:802a37a8	0x802A37A8	92	func_802A37A8		44ec3bede196308a8d1cfb4d3133c0e8acc1cdc54b68ae7ada9ecd38c770b798
urn:ure:smg:re_FunctionVariant:rmge01-usasm:802a3804	0x802A3804	456	func_802A3804		846578357a61d6be049d599153b2d669fbfbb222c3361c4b9fd83681874eb85e
urn:ure:smg:re_FunctionVariant:rmge01-usasm:802a39cc	0x802A39CC	244	func_802A39CC		8e0cf7121f6883551663135c4aacbeac74a37e667c72cbdac6507ea1c6e2422c
urn:ure:smg:re_FunctionVariant:rmge01-usasm:802a3ac0	0x802A3AC0	132	func_802A3AC0		bc4699a69fcbcf8999e1cfc582c3f4986ee9d10c36d3f0e2004a34eeb963bb1b
urn:ure:smg:re_FunctionVariant:rmge01-usasm:802a3b44	0x802A3B44	92	func_802A3B44		fa7d7f9fc2c485cba85063f817e31f5d135ae354546390dde5dceb28a8757bf6
urn:ure:smg:re_FunctionVariant:rmge01-usasm:802a3ba0	0x802A3BA0	124	func_802A3BA0		835bf22896761e3696154ddc46bd4a296213457ba8e4652e988711e605a02654
urn:ure:smg:re_FunctionVariant:rmge01-usasm:802a3c1c	0x802A3C1C	836	func_802A3C1C		dde5a3a97cfd3579784c5a2edba2d1ea07dcdeb6faed16361eb2d5a8f0b36369
urn:ure:smg:re_FunctionVariant:rmge01-usasm:802a3f60	0x802A3F60	20	func_802A3F60		39f9b1ca19698358912354712320852199f45b6bcc736b6adc54202803cfffc6
urn:ure:smg:re_FunctionVariant:rmge01-usasm:802a3f74	0x802A3F74	52	func_802A3F74		266fad3a2c32369309142fedee7c8d1b826c0563b9db0f5c716ffb4e2aeb0004
urn:ure:smg:re_FunctionVariant:rmge01-usasm:802a3fa8	0x802A3FA8	8	func_802A3FA8		5f3b184c61eebc1cceba5f553cafc568ae22b104f6af730d7a284a85a90f803f
urn:ure:smg:re_FunctionVariant:rmge01-usasm:802a3fb0	0x802A3FB0	8	func_802A3FB0		093eb3245233c566b0745b717c7842a3ec0d2e6e3901d94aae3b69ae85873253
urn:ure:smg:re_FunctionVariant:rmge01-usasm:802a3fb8	0x802A3FB8	76	func_802A3FB8		1ae61f46e6a5abafa854ec74001434f470b62672eef9667bff02398910967880
urn:ure:smg:re_FunctionVariant:rmge01-usasm:802a4004	0x802A4004	8	func_802A4004		666a79fcd8d7bad1a1c527df21a4b26de0d2f838d963ca6eae3c4a7679472026
urn:ure:smg:re_FunctionVariant:rmge01-usasm:802a400c	0x802A400C	92	func_802A400C		ffdc7673a930efb38960b5636a7fb6d662c9587d77ef2331a6f7745f3216357b
urn:ure:smg:re_FunctionVariant:rmge01-usasm:802a4068	0x802A4068	92	func_802A4068		503102116b0fdf5cc454d9a272f5380c70160dbcbf582965ea664131f621e52e
urn:ure:smg:re_FunctionVariant:rmge01-usasm:802a40c4	0x802A40C4	316	func_802A40C4		95fc5a559fc37ac2111832c739beb9dd743b0aabc1e51f478ef14fd1ab34ddcf
urn:ure:smg:re_FunctionVariant:rmge01-usasm:802a4200	0x802A4200	1736	func_802A4200		17bcce5ee9a1c02e497422141191d840dbacaef141d5743e6415b3e86eb9605d
urn:ure:smg:re_FunctionVariant:rmge01-usasm:802a48c8	0x802A48C8	848	func_802A48C8		39e01dca47198a04fa7f997bb275f42a25127eb04f1d779f41e659d139e66ceb
urn:ure:smg:re_FunctionVariant:rmge01-usasm:802a4c18	0x802A4C18	1764	func_802A4C18		cd2ac4147a58f9a6fae844dccebb0d63f1cf15c475bfd6b107f0002162424424
urn:ure:smg:re_FunctionVariant:rmge01-usasm:802a52fc	0x802A52FC	268	func_802A52FC		3420bc5f726d7eb97457cbe001fd3a41ad15e6729222db453a847607b612f934
urn:ure:smg:re_FunctionVariant:rmge01-usasm:802a5408	0x802A5408	76	func_802A5408		a162ae7f0e995176d02a65237cfc9a9eba74c39ade0ec1347d0cdf209290658c
urn:ure:smg:re_FunctionVariant:rmge01-usasm:802a5454	0x802A5454	944	func_802A5454		cf6e356081b0514e647480e420eaa80ca886d040a6dfd83a74433160b564812b
urn:ure:smg:re_FunctionVariant:rmge01-usasm:802a5804	0x802A5804	1576	func_802A5804		74fa468970dea103571b655df3105ddbf26557f2e8a5c59854a226005952b537
urn:ure:smg:re_FunctionVariant:rmge01-usasm:802a5e2c	0x802A5E2C	124	func_802A5E2C		649e755daf7b292a6764b34956a732c456b14fd5165f311a4b9d8d254b908cb9
urn:ure:smg:re_FunctionVariant:rmge01-usasm:802a5ea8	0x802A5EA8	176	func_802A5EA8		06f1f98510062a9e64ae611e72be40f60b94fee16d51514e41fad47f1704d006
urn:ure:smg:re_FunctionVariant:rmge01-usasm:802a5f58	0x802A5F58	188	func_802A5F58		777b3c13d77db60dca33b8051ff8fd2da695f15a052a4a5751353fef87dc21e2
urn:ure:smg:re_FunctionVariant:rmge01-usasm:802a6014	0x802A6014	108	func_802A6014		62b3f3d7e90f2f5b8436eff096c1403c5a313842d9ff65830a6467da99e8799b
urn:ure:smg:re_FunctionVariant:rmge01-usasm:802a6080	0x802A6080	296	func_802A6080		022d77f5704d1259ce157e558e7d17694e4b33a2064483e8bd7e592c89950ad9
urn:ure:smg:re_FunctionVariant:rmge01-usasm:802a61a8	0x802A61A8	16	func_802A61A8		8b11bda8120f323ff4414ff5bed760a43a6e3729b8b3d7b44e699ea5deab8420
urn:ure:smg:re_FunctionVariant:rmge01-usasm:802a61b8	0x802A61B8	16	func_802A61B8		e9738c8ff87df09218a183839bd5ab92f0c894ce00117b72dd94463780232c83
urn:ure:smg:re_FunctionVariant:rmge01-usasm:802a61c8	0x802A61C8	16	func_802A61C8		696639a24f51e54302afea037db423b937a0475cc8ad402cb8e4c935c2c51f42
urn:ure:smg:re_FunctionVariant:rmge01-usasm:802a61d8	0x802A61D8	16	func_802A61D8		9a4761a02aa85a532d9eb14079ede9c087aaaf386d33e3e250884d89c5ec4fca
urn:ure:smg:re_FunctionVariant:rmge01-usasm:802a61e8	0x802A61E8	16	func_802A61E8		28113f52578d88ee47708b63984ef8aa21fe6e921597152909afa3914a3fea20
urn:ure:smg:re_FunctionVariant:rmge01-usasm:802a61f8	0x802A61F8	16	func_802A61F8		4fd4cb97e5299cd3e1335902cf7e7b3b592d24cb8eafe89143a0a97b42dd864f
urn:ure:smg:re_FunctionVariant:rmge01-usasm:802a6208	0x802A6208	16	func_802A6208		603618691e818e7467fdc2e8314c68f86617a23c00a44fd3251e989e4650505e
urn:ure:smg:re_FunctionVariant:rmge01-usasm:802a6218	0x802A6218	80	func_802A6218		3a69474384f2c8293bd3ac20571b4d95a252df3765bb3099bae2967212ec9670
urn:ure:smg:re_FunctionVariant:rmge01-usasm:802a6268	0x802A6268	188	func_802A6268		ed7cb92c9f9d6b381b77f68ebe3c7e8a336e4ae4abf661efa2a84d4bed5e5ce7
urn:ure:smg:re_FunctionVariant:rmge01-usasm:802a6324	0x802A6324	16	func_802A6324		837eb87dd4d51ea08e96e7e60955bbaa03eb8d496c5c4dc440474ad9d9cab3d3
urn:ure:smg:re_FunctionVariant:rmge01-usasm:802a6334	0x802A6334	204	func_802A6334		cb6d4578c5a0cd77d31bd4c383910a8aac1ea74efa30d1476d63dbf8f281427e
urn:ure:smg:re_FunctionVariant:rmge01-usasm:802a6400	0x802A6400	140	func_802A6400		bb0dc680f1292be6d41a4f4f4914c233658f0e99b51fe7831ea515680bd07147
urn:ure:smg:re_FunctionVariant:rmge01-usasm:802a648c	0x802A648C	184	func_802A648C		3e626d5eba488985bbb13f109bb9bbb02cb8aab32e6350e2d81fd85745c4e055
urn:ure:smg:re_FunctionVariant:rmge01-usasm:802a6544	0x802A6544	32	func_802A6544		3fda22d3603acd58d397b52c384ab9ead99799cd50b48368d0f97149a88984ee
urn:ure:smg:re_FunctionVariant:rmge01-usasm:802a6564	0x802A6564	24	func_802A6564		8ca3084b932c66d83ab6a32847ecc07aff6b510e7ce9f3e7514896f3209d2f51
urn:ure:smg:re_FunctionVariant:rmge01-usasm:802a657c	0x802A657C	20	func_802A657C		ef93ec0a5b982fc83a5dcccb5f91cc6a1fc73188fe05db4fa9c7040a2ae6acf9
urn:ure:smg:re_FunctionVariant:rmge01-usasm:802a6590	0x802A6590	224	func_802A6590		587f011c90be44193ec5bad37467fcce7a5063e310af3c68f81d9f168dcf7115
urn:ure:smg:re_FunctionVariant:rmge01-usasm:802a6670	0x802A6670	144	func_802A6670		7df2eb87e7ba6ecef75c5f726ea8dfefca740fc8fb3fbd398f6030d7f1f704c7
urn:ure:smg:re_FunctionVariant:rmge01-usasm:802a6700	0x802A6700	160	func_802A6700		ddff58b241c91ba682b6e3662132f61a34234d4854b9a5fc47f14589f0839f1c
urn:ure:smg:re_FunctionVariant:rmge01-usasm:802a67a0	0x802A67A0	148	func_802A67A0		c5ddb76c918738c55e0d6ae0a51a66e9668daee7448d2711b8d494d0b66e5e16
urn:ure:smg:re_FunctionVariant:rmge01-usasm:802a6834	0x802A6834	216	func_802A6834		e878efeaa7c2f3b0330156cc1dc420c50d5fc7de412064392d42ebe14f5ba3e7
urn:ure:smg:re_FunctionVariant:rmge01-usasm:802a690c	0x802A690C	504	func_802A690C		9ead6e123990846e798620612374e7e12984be47c5c4cde205c94b94bc900183
urn:ure:smg:re_FunctionVariant:rmge01-usasm:802a6b04	0x802A6B04	324	func_802A6B04		2992273a0bee02af705dbacfff3fa18251d62e076a7668350bb1236bae199dbd
urn:ure:smg:re_FunctionVariant:rmge01-usasm:802a6c48	0x802A6C48	600	func_802A6C48		c7ed64afda254a304dbb5ea657d267f4bd69ff77869995dbc144b9cdfc7ef426
urn:ure:smg:re_FunctionVariant:rmge01-usasm:802a6ea0	0x802A6EA0	184	func_802A6EA0		8908a3c99d4493ce7281143558f6b9b793cb2d7306e9d73d751d9f44441c7b84
urn:ure:smg:re_FunctionVariant:rmge01-usasm:802a6f58	0x802A6F58	24	func_802A6F58		d429c0c00606ebbd52d4be7f9a62d8175c8aeae952dc0f659d0ed710aff4c2e8
urn:ure:smg:re_FunctionVariant:rmge01-usasm:802a6f70	0x802A6F70	160	func_802A6F70		240d8595b86d056558f28a30aaf8d8033b2f4d993f8af7b35393a279ef3c31e5
urn:ure:smg:re_FunctionVariant:rmge01-usasm:802a7010	0x802A7010	3580	func_802A7010		27e3a1b24be7d09f5c2083a49a9d331ef5077f23cbf450b2c59b2d17c55d75d2
urn:ure:smg:re_FunctionVariant:rmge01-usasm:802a7e0c	0x802A7E0C	144	func_802A7E0C		80f22960bc316f669d1ba88f0a53c7257b97f7c3c5653221c2dd49f5e9be5b13
urn:ure:smg:re_FunctionVariant:rmge01-usasm:802a7e9c	0x802A7E9C	536	func_802A7E9C		a6aec3a9846fbac5580a2f4011d4749f20d1d5dc1f8495765bf5fa16912dc19f
urn:ure:smg:re_FunctionVariant:rmge01-usasm:802a80b4	0x802A80B4	48	func_802A80B4		fde7ca91361ca2aef73a4dc04d6faaf4616ba51119bba7142e7df9c2acfd59e7
urn:ure:smg:re_FunctionVariant:rmge01-usasm:802a80e4	0x802A80E4	28	func_802A80E4		e9a5cb4c5f03a6550b52d88579b2042506a0ae4dc11973dca1c884d9b08dab73
urn:ure:smg:re_FunctionVariant:rmge01-usasm:802a8100	0x802A8100	116	func_802A8100		9cc157da13308a3b1ef847b79aca050f1d470a5f3dcb94e096bbd6ef064df4f2
urn:ure:smg:re_FunctionVariant:rmge01-usasm:802a8174	0x802A8174	20	func_802A8174		772900eeba3687c2d859407a1b14acd27f9d2f2809f09e688b6e5dbd8461427d
urn:ure:smg:re_FunctionVariant:rmge01-usasm:802a8188	0x802A8188	60	func_802A8188		a862e1ee373448d0f4afdd71ea4bc7ff507ebb7842d798214386250cdd63e39f
urn:ure:smg:re_FunctionVariant:rmge01-usasm:802a81c4	0x802A81C4	132	func_802A81C4		7d533d5603eeb2c7e2f641ba60009fb50e1f1ea5ea2f80223a528294f412a1b3
urn:ure:smg:re_FunctionVariant:rmge01-usasm:802a8248	0x802A8248	80	func_802A8248		4aa466297b82d4f3ed9f408607385351426240c47f43a2e5b884b15c8286ccc4
urn:ure:smg:re_FunctionVariant:rmge01-usasm:802a8298	0x802A8298	224	func_802A8298		78274919ec169a8420f7f318d20112c69579390b968a295779b65eacebc7b5ec
urn:ure:smg:re_FunctionVariant:rmge01-usasm:802a8378	0x802A8378	332	func_802A8378		14d837b1611c9cb5e201484244d147c5b1d001197dc17c6a51da8baa131c0e08
urn:ure:smg:re_FunctionVariant:rmge01-usasm:802a84c4	0x802A84C4	24	func_802A84C4		8710d9e5bae9dd02be7d4b03654f8d2b0d8e9646c6a7e8038e6dfa40dcc2d546
urn:ure:smg:re_FunctionVariant:rmge01-usasm:802a84dc	0x802A84DC	24	func_802A84DC		91c055366b3ebf9c63313ef80adaa1723a1f56229dc6d6fe02422c2b4013e7f3
urn:ure:smg:re_FunctionVariant:rmge01-usasm:802a84f4	0x802A84F4	1696	func_802A84F4		c8f66b5501c4717562d199b3b2cdd83e1d1076b6fc79261063a92781c91e4955
urn:ure:smg:re_FunctionVariant:rmge01-usasm:802a8b94	0x802A8B94	3204	func_802A8B94		8377ecfc8a679bf356c1f56b7dc5e5b95d8ca22b94c0eeab98e20c6c313bfa45
urn:ure:smg:re_FunctionVariant:rmge01-usasm:802a9818	0x802A9818	272	func_802A9818		a8a6d8cf3ae7493a75074b229d96aab875824ad4f5f8e1d991363955713b543e
urn:ure:smg:re_FunctionVariant:rmge01-usasm:802a9928	0x802A9928	176	func_802A9928		62c151f15905e826f9e0b7badca3c476aaac2116a4a1a17a8ecd63e6f6dc1362
urn:ure:smg:re_FunctionVariant:rmge01-usasm:802a99d8	0x802A99D8	92	func_802A99D8		2ae16c657798b1933630cfa8e1f978c8e96108eaedc69ffbc85ae61861b96b5e
urn:ure:smg:re_FunctionVariant:rmge01-usasm:802a9a34	0x802A9A34	48	func_802A9A34		df641c4f0030881c407e4d716a48763636e6d9976c4941b6551ac0a39f2ac501
urn:ure:smg:re_FunctionVariant:rmge01-usasm:802a9a64	0x802A9A64	524	func_802A9A64		3805659c7bac561cb12672a9229d272fe7e6bd42f044ea0a08dbbe59adf34eea
urn:ure:smg:re_FunctionVariant:rmge01-usasm:802a9c70	0x802A9C70	44	func_802A9C70		44212766af8698a4d96692e6b5b00b4bd1198addc66f5ee66344d403ad7a7fa2
urn:ure:smg:re_FunctionVariant:rmge01-usasm:802a9c9c	0x802A9C9C	136	func_802A9C9C		f96ea16cec98640966e35f9b8175c13b6237cfcf84b04675f630c0852ff69ef4
urn:ure:smg:re_FunctionVariant:rmge01-usasm:802a9d24	0x802A9D24	712	func_802A9D24		88d935b616cba5a77dfcb313ed70c3d28b5cb3dbed022bd1d2dbd47bd92655c2
urn:ure:smg:re_FunctionVariant:rmge01-usasm:802a9fec	0x802A9FEC	1828	func_802A9FEC		eb2e6dfec5674eb6a12afaea9d08b2ee0e160ac388f8f9a2ec5d95020e62d553
urn:ure:smg:re_FunctionVariant:rmge01-usasm:802aa710	0x802AA710	488	func_802AA710		3127facce0d6cd647b23b46a1802980fe20b18d64610e90f787133172852a4e9
urn:ure:smg:re_FunctionVariant:rmge01-usasm:802aa8f8	0x802AA8F8	256	func_802AA8F8		d058f32c7970ed301fe3820020afec47b928a78b45ff87aaf6c5fc09668e2116
urn:ure:smg:re_FunctionVariant:rmge01-usasm:802aa9f8	0x802AA9F8	388	func_802AA9F8		9de544d92877e7017a2b2f5a74c15973b2205b4ac2119c18ed2ba90db1507e04
urn:ure:smg:re_FunctionVariant:rmge01-usasm:802aab7c	0x802AAB7C	668	func_802AAB7C		de168a11b86a0f294863d41f9a812e9d873699a4e6bc6861f4bd587e126eb1b0
urn:ure:smg:re_FunctionVariant:rmge01-usasm:802aae18	0x802AAE18	172	func_802AAE18		3ed7cd9878e6445d65a635b33a763fb1c3e546ad0e7975fbcb385a3d830c7abe
urn:ure:smg:re_FunctionVariant:rmge01-usasm:802aaec4	0x802AAEC4	488	func_802AAEC4		bbdbde94d1775fd132d106f14c2e61e8050a051ccebdec3ae945e6a4095e5a38
urn:ure:smg:re_FunctionVariant:rmge01-usasm:802ab0ac	0x802AB0AC	172	func_802AB0AC		f2ae3a391fc3b6d78d40576805b95b9760b8519021b86964ec886db9eb3aa12e
urn:ure:smg:re_FunctionVariant:rmge01-usasm:802ab158	0x802AB158	96	func_802AB158		95a9ecebcfb76cf8c6235a5b1bec95dc71ddd53c2109431bc92a83f01b9df792
urn:ure:smg:re_FunctionVariant:rmge01-usasm:802ab1b8	0x802AB1B8	56	func_802AB1B8		d3fa70764e63d3129c60915f13dca25b8487f605d9fe7b72e9433e84c1096b80
urn:ure:smg:re_FunctionVariant:rmge01-usasm:802ab1f0	0x802AB1F0	56	func_802AB1F0		06532fd83c08a75e118ea007032e71479984c42d7217b9246444e7262857f8ba
urn:ure:smg:re_FunctionVariant:rmge01-usasm:802ab228	0x802AB228	304	func_802AB228		8a0a9af8a84937f1f05b3ea68db30bfcf4b9308ad1839c769a7ddb48d4880b3e
urn:ure:smg:re_FunctionVariant:rmge01-usasm:802ab358	0x802AB358	228	func_802AB358		e168ada87e95c3adf8cd78cbbb312153c8d4aef3c008e53f7a490b7220f69859
urn:ure:smg:re_FunctionVariant:rmge01-usasm:802ab43c	0x802AB43C	156	func_802AB43C		7f528d4850a290b19d9979cddc32ef202bf0599f3ed3e13be076c4cd7d2fb3d9
urn:ure:smg:re_FunctionVariant:rmge01-usasm:802ab4d8	0x802AB4D8	224	func_802AB4D8		669234c1ce711225ee128a4d6b364a1e2eb5f8d00ff165032976ad59a2a226d9
urn:ure:smg:re_FunctionVariant:rmge01-usasm:802ab5b8	0x802AB5B8	360	func_802AB5B8		4c12fbbdd1e1eab9594599b0418849922ea4545c5d6a0f62b4cdb28d98ca9dbd
urn:ure:smg:re_FunctionVariant:rmge01-usasm:802ab720	0x802AB720	284	func_802AB720		3b82cdd3c59265e8e7811100a8c3143b7ccb4cf7505d5775b898ae4893968e55
urn:ure:smg:re_FunctionVariant:rmge01-usasm:802ab83c	0x802AB83C	188	func_802AB83C		aafbecc4ecb05caa48ade182ad98e9a745783ba1855be076b146301052626d19
urn:ure:smg:re_FunctionVariant:rmge01-usasm:802ab8f8	0x802AB8F8	132	func_802AB8F8		7a18a994c7f1aca18cdb489b4d035a19b878fe53b3be78c7947b8cbb7973ddfa
urn:ure:smg:re_FunctionVariant:rmge01-usasm:802ab97c	0x802AB97C	540	func_802AB97C		995c4e08fba12cda10fba092b4a183b3b8a99e847f84ec2fae2fb1b714e44d93
urn:ure:smg:re_FunctionVariant:rmge01-usasm:802abb98	0x802ABB98	192	func_802ABB98		d6ccc0c91c43cae2c43b186a4d783a683c3b3d540eca7f2f9a8d3c8f51769b0f
urn:ure:smg:re_FunctionVariant:rmge01-usasm:802abc58	0x802ABC58	216	func_802ABC58		1770522d728bc553ecc426c34a405648e5666aa864f147a67a1870574e287c20
urn:ure:smg:re_FunctionVariant:rmge01-usasm:802abd30	0x802ABD30	144	func_802ABD30		a6139823b87f778a60427a4bc91784c342c07cd07f765c8b3f76750610d0ea42
urn:ure:smg:re_FunctionVariant:rmge01-usasm:802abdc0	0x802ABDC0	96	func_802ABDC0		df35e8b202e948d6314132402a48f09a09077cb7e6a5ab8ef111e4a6d220f777
urn:ure:smg:re_FunctionVariant:rmge01-usasm:802abe20	0x802ABE20	792	func_802ABE20		74ec128f25791c8f6886f1877f4ac206324ee9e086714a95c29437945c26419c
urn:ure:smg:re_FunctionVariant:rmge01-usasm:802ac138	0x802AC138	84	func_802AC138		0916034656d38727c82eaf6a031914bfdaaf16fafab0db9728e743da72c404dc
urn:ure:smg:re_FunctionVariant:rmge01-usasm:802ac18c	0x802AC18C	312	func_802AC18C		f45668fe4ec954ac9db95d31bb9a54f88df9f9d035e2e78b2bb77bd5caaea933
urn:ure:smg:re_FunctionVariant:rmge01-usasm:802ac2c4	0x802AC2C4	312	func_802AC2C4		fcf42006226b4c8a6de22c72fa9e868612b36892d66a9414b49abf3becfa76c8
urn:ure:smg:re_FunctionVariant:rmge01-usasm:802ac3fc	0x802AC3FC	116	func_802AC3FC		0e35139cc5bc40d6652aaa38c15d7372c7f3810b20f86882a955aee4a0021e77
urn:ure:smg:re_FunctionVariant:rmge01-usasm:802ac470	0x802AC470	12	func_802AC470		c5aa7c7288180116c3e84cb85765efb9d3b46be0f9eb37d21bb370a60bfef4fb
urn:ure:smg:re_FunctionVariant:rmge01-usasm:802ac47c	0x802AC47C	56	func_802AC47C		96e67d48b05ed5675e9c7218b9f4d30c346d1eb5a89b3be887859605009bec63
urn:ure:smg:re_FunctionVariant:rmge01-usasm:802ac4b4	0x802AC4B4	112	func_802AC4B4		0f4a3d61cd7b15836b78131f6c4b9ac76bd4d1e67aaef9bbc265189436a1e514
urn:ure:smg:re_FunctionVariant:rmge01-usasm:802ac524	0x802AC524	256	func_802AC524		bbcc8b7e69b9d338a000bb333f2ad864a143b86cb17bd7846133d2052fa452a9
urn:ure:smg:re_FunctionVariant:rmge01-usasm:802ac624	0x802AC624	1936	func_802AC624		3fe2a4febdb6e1a6ad4c5b3764d26aaa7970f8bf1401615ace67377c91ea5c98
urn:ure:smg:re_FunctionVariant:rmge01-usasm:802acdb4	0x802ACDB4	1412	func_802ACDB4		d3bf39cf8526f9fec39c083f91b7386e3a3904087651a8465df3106d7bfd3264
urn:ure:smg:re_FunctionVariant:rmge01-usasm:802ad338	0x802AD338	480	func_802AD338		07ee872f9093d61d7c0620e532d8231666dc832b8b08c92f09bb0d3124d2823d
urn:ure:smg:re_FunctionVariant:rmge01-usasm:802ad518	0x802AD518	1616	func_802AD518		f1c96647ba074634f9592c6d84344f9531e15398213cafdd8207233a20545fa3
urn:ure:smg:re_FunctionVariant:rmge01-usasm:802adb68	0x802ADB68	832	func_802ADB68		d293dca257cd432b02eb7bbc21fbbc3d32e822cc0fa0b61a2aec030d88d24104
urn:ure:smg:re_FunctionVariant:rmge01-usasm:802adea8	0x802ADEA8	1140	func_802ADEA8		d84ef98b5ad66ebf5c9cb63dde3d1c31d1a570907964fccbf3efb121d944ae59
urn:ure:smg:re_FunctionVariant:rmge01-usasm:802ae31c	0x802AE31C	636	func_802AE31C		8f1da0c0b7c43fc8e59504bee1dfd7845aa43cc70ac41cbfb9dbdf670847f012
urn:ure:smg:re_FunctionVariant:rmge01-usasm:802ae598	0x802AE598	192	func_802AE598		8629e0a8c27b2efc50baf2503599e1173be7bd6b8be3acca7a7bc190479dd06d
urn:ure:smg:re_FunctionVariant:rmge01-usasm:802ae658	0x802AE658	84	func_802AE658		3cd0110007c90d6d84bdf2f7cebedacb77d0661636e6cac8edb506568c7b8ecd
urn:ure:smg:re_FunctionVariant:rmge01-usasm:802ae6ac	0x802AE6AC	164	func_802AE6AC		0e5b5bef2b8e3496ecbbb7c2b6bcddd043a144d701637346f47b4d56f8e1bb9d
urn:ure:smg:re_FunctionVariant:rmge01-usasm:802ae750	0x802AE750	256	func_802AE750		4ba8435a84b3ee1ecceaf88a5bee28499e69f8e2489ac6ee415e43613bfdcb1d
urn:ure:smg:re_FunctionVariant:rmge01-usasm:802ae850	0x802AE850	1300	func_802AE850		9e84a7ffa48abba4239757f5c9abbebc38726bc9e7c2504e01a4b75c2b26b1fd
urn:ure:smg:re_FunctionVariant:rmge01-usasm:802aed64	0x802AED64	1980	func_802AED64		b460029d46fd484c69246165b264eb4dec6009cf6e8c3b13ef60dd8a07a497ee
urn:ure:smg:re_FunctionVariant:rmge01-usasm:802af520	0x802AF520	64	func_802AF520		ceff9dd21f608e0aa4128366b869830024eabc01d79c4be6a1bc3f986341fc44
urn:ure:smg:re_FunctionVariant:rmge01-usasm:802af560	0x802AF560	240	func_802AF560		ceea8f284dd6a74f78dcf89c03d028aaa478db0575c7ac85de727f51cca926af
urn:ure:smg:re_FunctionVariant:rmge01-usasm:802af650	0x802AF650	8	func_802AF650		d6217737276be81da744df14cca148274f570cece9bf598a523eeeaef27d52b1
urn:ure:smg:re_FunctionVariant:rmge01-usasm:802af658	0x802AF658	8	func_802AF658		f04ae06cf2ca8995186fbd216e5dc75b4fe510fc63994a8694c1f9834130f152
urn:ure:smg:re_FunctionVariant:rmge01-usasm:802af660	0x802AF660	8	func_802AF660		dc8eaa01ef942bf8e7ade3b1bdf1a4685dcb98d7256c7b10eece905c315d0f56
urn:ure:smg:re_FunctionVariant:rmge01-usasm:802af668	0x802AF668	128	func_802AF668		cc84e7595e65798685e62b56347036267e7d3c665f6bec07720e77011b349fd5
urn:ure:smg:re_FunctionVariant:rmge01-usasm:802af6e8	0x802AF6E8	12	func_802AF6E8		7605ea9a9ee9dd464e7410ba96ce4956511111c1a0b2aa7d2f8aa3d87e0c430e
urn:ure:smg:re_FunctionVariant:rmge01-usasm:802af6f4	0x802AF6F4	8	func_802AF6F4		479f0db10014baa456842487893f02077ffd808f0071b95e14ec1ee275865664
urn:ure:smg:re_FunctionVariant:rmge01-usasm:802af6fc	0x802AF6FC	96	func_802AF6FC		8df153cb36a0d168a5fe7e8a78a04eb5eafb5a63b069c54c369573d3459eba04
urn:ure:smg:re_FunctionVariant:rmge01-usasm:802af75c	0x802AF75C	24	func_802AF75C		d00ca8da91e455714ce71d9ec42c1ffdea48b4e60632c84488e9d7cebb64962a
urn:ure:smg:re_FunctionVariant:rmge01-usasm:802af774	0x802AF774	72	func_802AF774		2aea70925ecbe470f380ed3432bf9273c5329390b9a2fe998358743367758276
urn:ure:smg:re_FunctionVariant:rmge01-usasm:802af7bc	0x802AF7BC	928	func_802AF7BC		b3f865e5961b7568365d02117d7ad11fd771ded02b16ad4f3610531dba0dfea8
urn:ure:smg:re_FunctionVariant:rmge01-usasm:802afb5c	0x802AFB5C	64	func_802AFB5C		8d6e7ad9122532f4c0bb1839dd98781f896e990f5ee3fababd9a5118ed6ee290
urn:ure:smg:re_FunctionVariant:rmge01-usasm:802afb9c	0x802AFB9C	400	func_802AFB9C		46bb025b5b6bfdbcd1c5e08cebbdf482948a30a1537ef42c54cb7af0bfc655fa
urn:ure:smg:re_FunctionVariant:rmge01-usasm:802b087c	0x802B087C	420	func_802B087C		9e7560dbd068eeee04023dd9215e28dea883635a62a270dd6e4d4cdddb5f448f
urn:ure:smg:re_FunctionVariant:rmge01-usasm:802b0a20	0x802B0A20	232	func_802B0A20		365812b0ce0fbba406b32e8d9e61db08fcdd0fa5125f9c72b56a6eb0a3fd544b
urn:ure:smg:re_FunctionVariant:rmge01-usasm:802b0b08	0x802B0B08	516	func_802B0B08		4f8dd0a89df0fab2b63d930c87747518a9017bc73f2221e80fd4465a499ec47a
urn:ure:smg:re_FunctionVariant:rmge01-usasm:802b0d0c	0x802B0D0C	268	func_802B0D0C		61cc3f2d3a68633b914d8cbf26e6d928b13455c9ec9a8f3724f91f1b1e3c484c
urn:ure:smg:re_FunctionVariant:rmge01-usasm:802b0e18	0x802B0E18	96	func_802B0E18		3cb1c5c165c14b1e90c580e313f449d53035c14d005619f1fc6d42d0316ba20a
urn:ure:smg:re_FunctionVariant:rmge01-usasm:802b0e78	0x802B0E78	364	func_802B0E78		301834803cfec93a80c2771f19fc978b297704afc13b65e1cf856349874eac0d
urn:ure:smg:re_FunctionVariant:rmge01-usasm:802b0fe4	0x802B0FE4	756	func_802B0FE4		9fca3b6f506962cd6080000db6621501dee533134d77605ccd7022f5082f6fc0
urn:ure:smg:re_FunctionVariant:rmge01-usasm:802b12d8	0x802B12D8	352	func_802B12D8		f00187ba763a276b47398730f2ec2b08ccf64e646c694c3c8a2ff881f5d7efa2
urn:ure:smg:re_FunctionVariant:rmge01-usasm:802b1438	0x802B1438	1336	func_802B1438		ec452661a8231cfdfe957f17c83104b0280fb74c9ee44f02c2a235a357aaed4f
urn:ure:smg:re_FunctionVariant:rmge01-usasm:802b1970	0x802B1970	64	func_802B1970		200c7b9b9349eef99fd796c32908323eec98c7567c86d100fd55b0a2f4114efd
urn:ure:smg:re_FunctionVariant:rmge01-usasm:802b19b0	0x802B19B0	564	func_802B19B0		07d8469673a4be6f6517f6fb74b893ef39973d42db8771de0329d3fc06e3cd33
urn:ure:smg:re_FunctionVariant:rmge01-usasm:802b1be4	0x802B1BE4	8	func_802B1BE4		458800f91ada4e3a6780b423238b79a269b46525d6f35f4513e80d6bddd3e8cf
urn:ure:smg:re_FunctionVariant:rmge01-usasm:802b1bec	0x802B1BEC	164	func_802B1BEC		f83b089637493a6660e33908ea1cf91d06f5076a2fe5f8be66b6e7faa51e4022
urn:ure:smg:re_FunctionVariant:rmge01-usasm:802b1c90	0x802B1C90	8	func_802B1C90		c580e7a43aa25054e5308385b0f6420626676938461ab60c8ec4ccd130b4b74f
urn:ure:smg:re_FunctionVariant:rmge01-usasm:802b1c98	0x802B1C98	8	func_802B1C98		979a06b3dd56e732d3ad614e510f3e4d5694b6d7ade2f5ddcae1be5cfd82f0aa
urn:ure:smg:re_FunctionVariant:rmge01-usasm:802b1ca0	0x802B1CA0	8	func_802B1CA0		ddd743fd1f23d3dea85bbbd493213f36cc16248d1bfd79f6e7da7fb9a6d745db
urn:ure:smg:re_FunctionVariant:rmge01-usasm:802b1ca8	0x802B1CA8	12	func_802B1CA8		2d194b9f6914db6123f066448229d24b7496310f4501414dab8713a8543d8754
urn:ure:smg:re_FunctionVariant:rmge01-usasm:802b1cb4	0x802B1CB4	48	func_802B1CB4		0d09c8df00c63dffe70eeee640ce3a17be3376a2fff73ff2fa4d9705808aa84a
urn:ure:smg:re_FunctionVariant:rmge01-usasm:802b1ce4	0x802B1CE4	260	func_802B1CE4		0298ad786f0018ea7848411eb03e04c2716a868994efb2fd2eb7ce068821e091
urn:ure:smg:re_FunctionVariant:rmge01-usasm:802b1de8	0x802B1DE8	112	func_802B1DE8		58683a922e43ad39ff373d11e25cf3b7e8153fce1372db97b6d0c153e54f7ff4
urn:ure:smg:re_FunctionVariant:rmge01-usasm:802b1e58	0x802B1E58	456	func_802B1E58		2f7f398858f9a48663393ddc255400aaa3279a16aea776fce60ada99ab629ac0
urn:ure:smg:re_FunctionVariant:rmge01-usasm:802b2020	0x802B2020	264	func_802B2020		b245bd9fc1771cc4af6d48344cdddc2e31a0e60fb3ff9ed629c827f765803bff
urn:ure:smg:re_FunctionVariant:rmge01-usasm:802b2128	0x802B2128	300	func_802B2128		fa7efbcabb9e4ae88c6b7da436278c1a68b4247982ffc87ec2ff9bd626f6a9e1
urn:ure:smg:re_FunctionVariant:rmge01-usasm:802b2254	0x802B2254	464	func_802B2254		cefa9f22970292b4e2b1e161a48cc8f00de1fea006792ec2b65309e59ce2f171
urn:ure:smg:re_FunctionVariant:rmge01-usasm:802b2424	0x802B2424	44	func_802B2424		0c8ee190af6a7e27b3140c241afcc5b2557b3cc3f0bc41c7809a8a3164e5f7a7
urn:ure:smg:re_FunctionVariant:rmge01-usasm:802b2450	0x802B2450	100	func_802B2450		b1ebfb6a89ade46ec6f6f95c21ddad7b7d462b8ff03e6e7d0a0c0b527f11533f
urn:ure:smg:re_FunctionVariant:rmge01-usasm:802b24b4	0x802B24B4	64	func_802B24B4		9b376b881875ef56c7a0920a38a9b22b4c5a0c0874fea0b203ecee68cb8a4bd0
urn:ure:smg:re_FunctionVariant:rmge01-usasm:802b24f4	0x802B24F4	92	func_802B24F4		916cef5eb70314ec50e11a62b6aee82f9b71e7543dd02e1a8fb0c7233cd26c8f
urn:ure:smg:re_FunctionVariant:rmge01-usasm:802b2550	0x802B2550	1048	func_802B2550		03779d4b1059e1daa6b7f5810e9f2e8125d6871965834f7ad441db9dbaa1d73b
urn:ure:smg:re_FunctionVariant:rmge01-usasm:802b2968	0x802B2968	6456	func_802B2968		8d248987168e13be267a828d286ae7e964075634fba93ee33428d7f2f57d0b95
urn:ure:smg:re_FunctionVariant:rmge01-usasm:802b42a0	0x802B42A0	36	func_802B42A0		f2bbbc8c1b0d374af6011cec9845ebf07b96acc55109690abbe37fdd6ba6fc7c
urn:ure:smg:re_FunctionVariant:rmge01-usasm:802b42c4	0x802B42C4	20	func_802B42C4		ff231a58d59e06fc4e7a8241821bc60616d2a9dfd5e3872151365f44432c68ad
urn:ure:smg:re_FunctionVariant:rmge01-usasm:802b42d8	0x802B42D8	12	func_802B42D8		eb4558fc759388a58061a9343278804772697b5c9fcf9307e7d70be683523bb4
urn:ure:smg:re_FunctionVariant:rmge01-usasm:802b42f4	0x802B42F4	200	func_802B42F4		cad854076dc9987b5cad5ea4befae80931ba8283cba11cff00566726194bcb80
urn:ure:smg:re_FunctionVariant:rmge01-usasm:802b43bc	0x802B43BC	76	func_802B43BC		4b06cfce00576e573843a31fd0543ad777798f9c2069d2add8683de94df2bc10
urn:ure:smg:re_FunctionVariant:rmge01-usasm:802b4408	0x802B4408	288	func_802B4408		0ec873073cc64f2dcb0fdf8fe86d98dce351a45280afb515da69ce70a2c27402
urn:ure:smg:re_FunctionVariant:rmge01-usasm:802b4528	0x802B4528	128	func_802B4528		54dfc7db9cccd01d24227c3a3d315cdc12bc5ea3b39831cb38e14db309b4efe2
urn:ure:smg:re_FunctionVariant:rmge01-usasm:802b45a8	0x802B45A8	44	func_802B45A8		3502f73530984f02d75ec79c995d334a1d86c2293a3286ead2558d1af2f0a783
urn:ure:smg:re_FunctionVariant:rmge01-usasm:802b45d4	0x802B45D4	120	func_802B45D4		31c29d786beb05f4c58792d968d2a71ec9d007a71be732ebe49d9c891aad00d6
urn:ure:smg:re_FunctionVariant:rmge01-usasm:802b464c	0x802B464C	48	func_802B464C		1559d979acc01c92ea9ddd4efbf7d768c0f7a6f192b9353d49ed52ffa4a8d56a
urn:ure:smg:re_FunctionVariant:rmge01-usasm:802b467c	0x802B467C	108	func_802B467C		73108d8969a573aea9c7d5d606aedb517eccee3098feab04cd1ca59c64986290
urn:ure:smg:re_FunctionVariant:rmge01-usasm:802b46e8	0x802B46E8	372	func_802B46E8		baaba452423b7d0b231f38a5d4a56aa1dd490729fa4033661b4f54e41d2ddfd3
urn:ure:smg:re_FunctionVariant:rmge01-usasm:802b486c	0x802B486C	388	func_802B486C		d50a8c0ea19608913ce9abe56a948de8a041fc7ba25bab78bf1738d267a71336
urn:ure:smg:re_FunctionVariant:rmge01-usasm:802b49f0	0x802B49F0	460	func_802B49F0		0376996a6e540bfe13c5bddc9b81cb679af7d423bd9262fea6240ac2f7ea7e49
urn:ure:smg:re_FunctionVariant:rmge01-usasm:802b4bbc	0x802B4BBC	68	func_802B4BBC		de385c86056df6c7604015b7553a9a354f1cd18df4c92336a25f181c97464633
urn:ure:smg:re_FunctionVariant:rmge01-usasm:802b4c00	0x802B4C00	504	func_802B4C00		eb773f237b83159a70ee10f7ddd73d76968196ef554b88ae3d0208b44e882160
urn:ure:smg:re_FunctionVariant:rmge01-usasm:802b4df8	0x802B4DF8	12	func_802B4DF8		02ff02125c7c11dbdeade46cd175f8447db5c54ca19700eb24e39df02fac0fc2
urn:ure:smg:re_FunctionVariant:rmge01-usasm:802b4e04	0x802B4E04	104	func_802B4E04		edd8092b2959478104634982079c88ae2bfa96d969f23c88bbe162777a8032e3
urn:ure:smg:re_FunctionVariant:rmge01-usasm:802b4e6c	0x802B4E6C	76	func_802B4E6C		619ad1851bf2fd21e1ca470f0409a3dcc6ea9ebd9629e1191c178b2d52b76fe9
urn:ure:smg:re_FunctionVariant:rmge01-usasm:802b4eb8	0x802B4EB8	64	func_802B4EB8		95e755524e98e0e52c3496611363ec34a1491b975e571dfa664b46e80cc47369
urn:ure:smg:re_FunctionVariant:rmge01-usasm:802b4ef8	0x802B4EF8	64	func_802B4EF8		a3cb7f232ff80ee2af19c432bdbfd24b9cafb3b537548b9c7f793b54eb2b01c6
urn:ure:smg:re_FunctionVariant:rmge01-usasm:802b4f38	0x802B4F38	64	func_802B4F38		3da63072590694ece4df1b1992b64f2178cf707c20f6b7da107e3fc82adffe68
urn:ure:smg:re_FunctionVariant:rmge01-usasm:802b4f78	0x802B4F78	64	func_802B4F78		a02b07f9688eb39b6800d6e2775cc85418d151cb7cd2d833c85b188ae1b249e8
urn:ure:smg:re_FunctionVariant:rmge01-usasm:802b4fb8	0x802B4FB8	64	func_802B4FB8		74e166cdbfd9c5e5fd7a92e409842d632f9002e90d23d744b5de28750cece847
urn:ure:smg:re_FunctionVariant:rmge01-usasm:802b4ff8	0x802B4FF8	328	func_802B4FF8		13bd3b891d7c6256147e82ba4b6e41e9c6276f74ece47d4d8ab329ba263658b7
urn:ure:smg:re_FunctionVariant:rmge01-usasm:802b5140	0x802B5140	16	func_802B5140		a990bcaa9ad2cca43d3ed058b49ccd86c0a773421d7849519e814ea969900c27
urn:ure:smg:re_FunctionVariant:rmge01-usasm:802b5150	0x802B5150	188	func_802B5150		e14f070121ebf88cf9ddd3d972fc8419e8e5e4e6c9abe1a03b58e2c7ebdb6af9
urn:ure:smg:re_FunctionVariant:rmge01-usasm:802b520c	0x802B520C	1192	func_802B520C		9dcf6c2d17bd2f397d097a5350159672820fafd989b588b6ef30e30740d72c9f
urn:ure:smg:re_FunctionVariant:rmge01-usasm:802b56b4	0x802B56B4	416	func_802B56B4		5364dfec404d8f80b2dad6b6c36a50f25a442afd94488d429b86d5a9981118cf
urn:ure:smg:re_FunctionVariant:rmge01-usasm:802b5854	0x802B5854	244	func_802B5854		82dd05225d7e2816d9495ca4b1533b1d102479074d0447afb7ab10b1e814b3dc
urn:ure:smg:re_FunctionVariant:rmge01-usasm:802b5948	0x802B5948	356	func_802B5948		53cde685b529e3b1539e9d62a1cf5968c263d6321db41a4731ede97bd9b5d5ab
urn:ure:smg:re_FunctionVariant:rmge01-usasm:802b5aac	0x802B5AAC	256	func_802B5AAC		4776f490e77506dfbb310ee34b36c8e3b738e1c055c419b730b6baddb69568c0
urn:ure:smg:re_FunctionVariant:rmge01-usasm:802b5bac	0x802B5BAC	296	func_802B5BAC		bda77e7163bffdb556201c707a5332a184d26352dd9aa00bc0499589224fd63c
urn:ure:smg:re_FunctionVariant:rmge01-usasm:802b5cd4	0x802B5CD4	144	func_802B5CD4		e2ef45ea258aea9533fa45551e7b30b3d3ad2d79a2e6da5df76efcf14dcb1b44
urn:ure:smg:re_FunctionVariant:rmge01-usasm:802b5d64	0x802B5D64	196	func_802B5D64		62ff72270e28d2752c97a850321848d489dc73398f814f1fe9366598ea9d25bf
urn:ure:smg:re_FunctionVariant:rmge01-usasm:802b5e28	0x802B5E28	744	func_802B5E28		2711fd9870fb87c0ac077add4ca875d106f68eaede7925517ea70c30b8999cde
urn:ure:smg:re_FunctionVariant:rmge01-usasm:802b6110	0x802B6110	636	func_802B6110		f617692b149a13df61b9765de4f737d77287c8f43b862e450362086150dc3b6f
urn:ure:smg:re_FunctionVariant:rmge01-usasm:802b638c	0x802B638C	52	func_802B638C		c5d1bee8ae26c441c91413d2291eddd650133d53ed0557f41add16eb1ce3c1ed
urn:ure:smg:re_FunctionVariant:rmge01-usasm:802b63c0	0x802B63C0	836	func_802B63C0		31b3fd0fb6ba086eaa348a1c8373d20efe52b88c52b10a5c32f17add640ae4e3
urn:ure:smg:re_FunctionVariant:rmge01-usasm:802b6704	0x802B6704	300	func_802B6704		b040783691d8bfb609f552f71e7bd994e5b9111ca5fb3d62e23017f57ae199e0
urn:ure:smg:re_FunctionVariant:rmge01-usasm:802b6830	0x802B6830	576	func_802B6830		1f2116b86bf2fe326c66287dad56492a52ec2e446651d68d85623d617d25745a
urn:ure:smg:re_FunctionVariant:rmge01-usasm:802b6a70	0x802B6A70	216	func_802B6A70		63644be77dd868cf9deb45b9936f3a9a2b2fd1db5fa61cbd9586cdafae6bc46f
urn:ure:smg:re_FunctionVariant:rmge01-usasm:802b6b48	0x802B6B48	248	func_802B6B48		cf283a2ba67976123bdf279ad5d68907f1abf2f1f4a567611a263fd5274f1946
urn:ure:smg:re_FunctionVariant:rmge01-usasm:802b6c40	0x802B6C40	20	func_802B6C40		b7f275c018f199e0e4029baf4663e294ea9da4f9e6998da15ae613b98d801131
urn:ure:smg:re_FunctionVariant:rmge01-usasm:802b6c54	0x802B6C54	24	func_802B6C54		c867faaf1ec1bc58510e162f23f7648c94523639a66ec193032007082604d10a
urn:ure:smg:re_FunctionVariant:rmge01-usasm:802b6c6c	0x802B6C6C	8	func_802B6C6C		772fa26fccd84ea7f7fcaa316beb12f154aa2e2fe3fbaa89e733f2b4dd8d04b6
urn:ure:smg:re_FunctionVariant:rmge01-usasm:802b6c74	0x802B6C74	476	func_802B6C74		db46a20ef1fc36c01f4ea5ef79b38905f2e0502e5faf1e1fd0f37a01a0792ee0
urn:ure:smg:re_FunctionVariant:rmge01-usasm:802b6e50	0x802B6E50	364	func_802B6E50		e5e47d748b1a7675e945bbecdb8db62ebeb06b53d60d4272de9b2d331bc865ac
urn:ure:smg:re_FunctionVariant:rmge01-usasm:802b6fbc	0x802B6FBC	576	func_802B6FBC		d24e95f871583edab647f1317344003210d54683979c2147dc724de6f7c88b0f
urn:ure:smg:re_FunctionVariant:rmge01-usasm:802b71fc	0x802B71FC	420	func_802B71FC		abdf9e2dd85eecbd66e978c219e7e1d7a6ae49ef751619fbf6e291934b741b7c
urn:ure:smg:re_FunctionVariant:rmge01-usasm:802b73a0	0x802B73A0	220	func_802B73A0		0e014b644f427716afdec6c6961d8b6582155719a5e3d484b0e0527e5e7e43b3
urn:ure:smg:re_FunctionVariant:rmge01-usasm:802b747c	0x802B747C	204	func_802B747C		321e82e6f70f0919ac3ee1b7be2b2738ca2dc68a2378218263bcf04399400b74
urn:ure:smg:re_FunctionVariant:rmge01-usasm:802b7548	0x802B7548	228	func_802B7548		2fdf5c40fc3f5f352e1231a931a8989ae62e46dc6d90bf870286c9f0d88e1523
urn:ure:smg:re_FunctionVariant:rmge01-usasm:802b762c	0x802B762C	60	func_802B762C		01bad034a089d070b94314cdc3295121593374ca28e1eebe7dcf6d717a9e9e75
urn:ure:smg:re_FunctionVariant:rmge01-usasm:802b7668	0x802B7668	32	func_802B7668		eb1ccae6167a61d9598543496389ae93b53df62cee74f2d523ac29906d520f9a
urn:ure:smg:re_FunctionVariant:rmge01-usasm:802b7688	0x802B7688	36	func_802B7688		fd8500a4315b31c5635347334f2ec3026dc496bb33a619d6f9b4355c78abdc12
urn:ure:smg:re_FunctionVariant:rmge01-usasm:802b76ac	0x802B76AC	24	func_802B76AC		b472e7928495916ebbca331c3de498469e53273f25c74af0936ea3307dae30b7
urn:ure:smg:re_FunctionVariant:rmge01-usasm:802b76c4	0x802B76C4	272	func_802B76C4		829527bcdd683cab988fab9fba58fb760fe17220ee110af70a84a4e68a82fb24
urn:ure:smg:re_FunctionVariant:rmge01-usasm:802b77d4	0x802B77D4	372	func_802B77D4		c3a1984c13ad762325fbaf9bec138b5b5317502d6bd7d2303c36d03bcb244f6a
urn:ure:smg:re_FunctionVariant:rmge01-usasm:802b7948	0x802B7948	268	func_802B7948		973aefb57adc196d2d4dec2e17df7613303bd0c7401e0275c7f416ca3fa66f05
urn:ure:smg:re_FunctionVariant:rmge01-usasm:802b7a54	0x802B7A54	68	func_802B7A54		995bd162e7cca68b68870299de92eca806dfe504dd3209363e193f3c657a1ee0
urn:ure:smg:re_FunctionVariant:rmge01-usasm:802b7a98	0x802B7A98	312	func_802B7A98		114015463938c08aa215a6e36174537bca3cbcfd479c9d30e1f46614f56788e7
urn:ure:smg:re_FunctionVariant:rmge01-usasm:802b7bd0	0x802B7BD0	132	func_802B7BD0		4ce5989434593d39e31fa063cf672d0a7646acc02d42e58a80f0224a6f5c738e
urn:ure:smg:re_FunctionVariant:rmge01-usasm:802b7c54	0x802B7C54	352	func_802B7C54		e89df697d698d597e72a7c1e46f4e04ca3e2cb2ad4a2d26551e3a10c34c6fa6e
urn:ure:smg:re_FunctionVariant:rmge01-usasm:802b7db4	0x802B7DB4	464	func_802B7DB4		29e4f1736b701c599709f2f9163f2039fcd721c998bd613d79854317d8372b08
urn:ure:smg:re_FunctionVariant:rmge01-usasm:802b7f84	0x802B7F84	416	func_802B7F84		c858ad62577e62d6572c0c64238299268ff677b68c1b5f3cb11a0569e7aa2661
urn:ure:smg:re_FunctionVariant:rmge01-usasm:802b82f8	0x802B82F8	20	func_802B82F8		c25291232bccb566125643c80e496ef86702abd4ab633af79089d3657d68e629
urn:ure:smg:re_FunctionVariant:rmge01-usasm:802b830c	0x802B830C	40	func_802B830C		1ac8bfc2a004fd5cbc0044269d7b889092c05b743000fa4e6a0d3a8e9bb9c5c0
urn:ure:smg:re_FunctionVariant:rmge01-usasm:802b833c	0x802B833C	472	func_802B833C		2a7e7a3adb8891f2eb73c0ede80a30acb790728f2d6f56c63f62141b979f898a
urn:ure:smg:re_FunctionVariant:rmge01-usasm:802b8514	0x802B8514	468	func_802B8514		44b4edd4a9dd8a6b0e92d25a367b130b47a2f874f0987ec94a8c8593d454a627
urn:ure:smg:re_FunctionVariant:rmge01-usasm:802b86e8	0x802B86E8	332	func_802B86E8		7e8556aa5e1ec15886fff27a3a580cab625ade107d2f31c158f6857ca70a0f47
urn:ure:smg:re_FunctionVariant:rmge01-usasm:802b8834	0x802B8834	516	func_802B8834		4e8692621afb69f8f4c0eb977d705194d3fc8d9bcf24ea0d1e217b7cdcb7669c
urn:ure:smg:re_FunctionVariant:rmge01-usasm:802b902c	0x802B902C	8	func_802B902C		f5221b3eb304a2f5e2c8bb47333d8e1f5fad9f114158d561492922c22913c0b3
urn:ure:smg:re_FunctionVariant:rmge01-usasm:802b9034	0x802B9034	8	func_802B9034		29d67c4790bcbd667f4193c23958f9d9fff5f56a228c6dd6b7d9ad7d3413370f
urn:ure:smg:re_FunctionVariant:rmge01-usasm:802b903c	0x802B903C	8	func_802B903C		2d6181f3c7bb9b7ba3ec980ff7b5058c67b34b64b91b3254018a1d4d26c0f131
urn:ure:smg:re_FunctionVariant:rmge01-usasm:802b9044	0x802B9044	72	func_802B9044		792491512d493b4f8bdf6626ab262a26c5e7083d3de73a6bb2d2b5c0043d3c47
urn:ure:smg:re_FunctionVariant:rmge01-usasm:802b908c	0x802B908C	8	func_802B908C		91a9d96be1edc57a2cad03ca375a25d98bf6f93d95f34eab04cc79d9f5a170f0
urn:ure:smg:re_FunctionVariant:rmge01-usasm:802b909c	0x802B909C	40	func_802B909C		2e0938f2fd009882809cb1774605c03c283c9da8a3feeedeb9284ee3a5889a37
urn:ure:smg:re_FunctionVariant:rmge01-usasm:802b90c4	0x802B90C4	344	func_802B90C4		d71f51ffa5f5ee8f86065134dd17746d59f2b08e901eb879efdd4d810875bb31
urn:ure:smg:re_FunctionVariant:rmge01-usasm:802b921c	0x802B921C	160	func_802B921C		11fa846b6d95c1ac3952176f6e6419b541fd77a26a77eb4fd696029f2fb818d8
urn:ure:smg:re_FunctionVariant:rmge01-usasm:802b92bc	0x802B92BC	252	func_802B92BC		f3d52533327182739cc4f2c0565f016525ad85925d1937dd0d78556ac540eb84
urn:ure:smg:re_FunctionVariant:rmge01-usasm:802b93b8	0x802B93B8	244	func_802B93B8		6d314d4d7da9253d6e8d0176435055fd720cb8760bc8fb7ad69974c742e8ff53
urn:ure:smg:re_FunctionVariant:rmge01-usasm:802b94ac	0x802B94AC	12	func_802B94AC		853c94eec572604172ca492b294f2617c61a848486ddb744269eeac6ba929eba
urn:ure:smg:re_FunctionVariant:rmge01-usasm:802b94b8	0x802B94B8	2352	func_802B94B8		01a7b37aa900054cfbc50870be5cdd43ec8af3087aecb83fad5f8d46d74cd7f6
urn:ure:smg:re_FunctionVariant:rmge01-usasm:802b9de8	0x802B9DE8	284	func_802B9DE8		8cd0a4c0c5b4d74c4ac7b36d3d0001c85e08541de798f429fba96481d1367738
urn:ure:smg:re_FunctionVariant:rmge01-usasm:802b9f04	0x802B9F04	880	func_802B9F04		988980b45c7b5fdf48a32cdcd8d96ea62d1b0b72a9283b5807edeeeccabcaf0b
urn:ure:smg:re_FunctionVariant:rmge01-usasm:802ba274	0x802BA274	696	func_802BA274		dfbac3abe8cd98cbec1e04aa0971a71a8edb35a01e15854c73914a819f44762e
urn:ure:smg:re_FunctionVariant:rmge01-usasm:802ba52c	0x802BA52C	648	func_802BA52C		60f5d97a1fb9e77ac51d697ca1b415648ba6ba62af8fc644f862c159e12df516
urn:ure:smg:re_FunctionVariant:rmge01-usasm:802ba7b4	0x802BA7B4	4	func_802BA7B4		f332ea5b5437103cbb6f1508679da89eec9288ad775c96c439a17fccabe3de8e
urn:ure:smg:re_FunctionVariant:rmge01-usasm:802ba7b8	0x802BA7B8	164	func_802BA7B8		af50dcadbedada5642213162c57df8c4f0ad069171599dc5a9263192edf783ec
urn:ure:smg:re_FunctionVariant:rmge01-usasm:802ba85c	0x802BA85C	220	func_802BA85C		dcafe0d338117c377cfe828da48ae8ff9d7b08528cff9a9b22c099c9efe13506
urn:ure:smg:re_FunctionVariant:rmge01-usasm:802ba938	0x802BA938	184	func_802BA938		039038907e597ee573e45a29769f7ac6ec6903dcd5ac2912738d253d409a3fea
urn:ure:smg:re_FunctionVariant:rmge01-usasm:802ba9f0	0x802BA9F0	2264	func_802BA9F0		c1e727ca280a93c4ba3a460c0827165ea401ed1325ebb88200081438e3e452f1
urn:ure:smg:re_FunctionVariant:rmge01-usasm:802bb2c8	0x802BB2C8	44	func_802BB2C8		dd3fe5a5911bbeb547032b7956ae1721ecb0da2c332e77ea44f85f008f9c34d4
urn:ure:smg:re_FunctionVariant:rmge01-usasm:802bb2f4	0x802BB2F4	68	func_802BB2F4		4e54c8abd78d4055425365dccde670065a9b2035d9e20f338d6833592695ba4e
urn:ure:smg:re_FunctionVariant:rmge01-usasm:802bb338	0x802BB338	216	func_802BB338		704de33f7366203fa0206b081ff57599139a8a63b54cc521ac6c0ba9a6ae9136
urn:ure:smg:re_FunctionVariant:rmge01-usasm:802bb410	0x802BB410	136	func_802BB410		b1efe24ad5db72d54e93ae5ca1bc4d296f60f490a316ebfd53e19c7a87b01684
urn:ure:smg:re_FunctionVariant:rmge01-usasm:802bb498	0x802BB498	156	func_802BB498		398ecb523311adcf1290a3c3a08d69f237efa7f94190b20c11ddfb00e6edeff8
urn:ure:smg:re_FunctionVariant:rmge01-usasm:802bb534	0x802BB534	68	func_802BB534		68d2c9be7088c3bbd4fe130b17e847f2f9f3d11bed7bcfe15c2c06cf742b5064
urn:ure:smg:re_FunctionVariant:rmge01-usasm:802bb578	0x802BB578	192	func_802BB578		52aa895d1e8577fce4cefecb63d5781d75a533e626b3922874a91ee31038faf9
urn:ure:smg:re_FunctionVariant:rmge01-usasm:802bb638	0x802BB638	12	func_802BB638		f203c0854a137598fe3d6517c1f2059ef6257c172e586a16fb60d6d043af8135
urn:ure:smg:re_FunctionVariant:rmge01-usasm:802bb644	0x802BB644	92	func_802BB644		cb2dbc11a62893b67461da39471a4d5ae4235ade9293c2e205f89bc32be99724
urn:ure:smg:re_FunctionVariant:rmge01-usasm:802bb6a0	0x802BB6A0	372	func_802BB6A0		31fa0d8e5c3552e4e233bf3037507c5f37b017797cd999c3bc95a565817ff94e
urn:ure:smg:re_FunctionVariant:rmge01-usasm:802bb814	0x802BB814	132	func_802BB814		4b3aa7e9b70330715509507339c2adf735bd9c1250a3373d5471bbd408868303
urn:ure:smg:re_FunctionVariant:rmge01-usasm:802bb898	0x802BB898	148	func_802BB898		0e5d29bba1592bdb2d0f6ca7ee24d21f4df8187dd2ba718cde2205d5f511fb8a
urn:ure:smg:re_FunctionVariant:rmge01-usasm:802bb92c	0x802BB92C	248	func_802BB92C		324011e4417c2bd5d55b92f6db31d8fbb7b90f760f4fa59d9fc54aa2f10b8cd7
urn:ure:smg:re_FunctionVariant:rmge01-usasm:802bba24	0x802BBA24	220	func_802BBA24		95677f0d14ee0da94e01f8a09eec748560338d29001bc80f9670d4ce54a65597
urn:ure:smg:re_FunctionVariant:rmge01-usasm:802bbb00	0x802BBB00	4	func_802BBB00		f332ea5b5437103cbb6f1508679da89eec9288ad775c96c439a17fccabe3de8e
urn:ure:smg:re_FunctionVariant:rmge01-usasm:802bbb04	0x802BBB04	452	func_802BBB04		fccd1b928e6559e41244b10fc16e7409c649427038229ce4b4e3895182452b60
urn:ure:smg:re_FunctionVariant:rmge01-usasm:802bbcc8	0x802BBCC8	88	func_802BBCC8		18e56ac0c0f625fa247ef8e6f48f64e2e103fe875ebd7fba6da7753a3c2b8736
urn:ure:smg:re_FunctionVariant:rmge01-usasm:802bbd20	0x802BBD20	392	func_802BBD20		a4fda5292fa67ce7a7872cf2677da8574b052d1bf30c6829b56368880b3d47b6
urn:ure:smg:re_FunctionVariant:rmge01-usasm:802bbea8	0x802BBEA8	472	func_802BBEA8		02bb3c1a66b7fc5c2ec15951592a29bff2f27a93e63bf393807e42032e74b39e
urn:ure:smg:re_FunctionVariant:rmge01-usasm:802bc080	0x802BC080	236	func_802BC080		f51a81bc2d056c6080755421ade8e96d42f27c3a084e7430ed21eb0ba72c5382
urn:ure:smg:re_FunctionVariant:rmge01-usasm:802bc16c	0x802BC16C	1272	func_802BC16C		ec5fb99c56f820ceb9d0080fa4696c7625fada5b8d2a07e579dfa347df6180b9
urn:ure:smg:re_FunctionVariant:rmge01-usasm:802bc664	0x802BC664	28	func_802BC664		e384f1f3bcc85a6605cedd2a5702bedeaf5baf99e5277dfbe2de27cb16c593bf
urn:ure:smg:re_FunctionVariant:rmge01-usasm:802bc680	0x802BC680	164	func_802BC680		4944ba6a10970dc05f2e09f513f41cb8742f3a2ea6c7de85d3eafb5c91199a4d
urn:ure:smg:re_FunctionVariant:rmge01-usasm:802bc724	0x802BC724	480	func_802BC724		9d1e1fb99dcbabbd5d9181fd6d65ef1b7f5bbb9a1796f31382865368018f99c4
urn:ure:smg:re_FunctionVariant:rmge01-usasm:802bc904	0x802BC904	112	func_802BC904		fe181cb88b00c2f94e7ab5e33bac969a2ce58faa16f2d05223387bcffcd26e08
urn:ure:smg:re_FunctionVariant:rmge01-usasm:802bc974	0x802BC974	636	func_802BC974		f02acc0114cbd0b3b054b5c65db250fe48b48e620b677d0ebb79f98d728a9dd8
urn:ure:smg:re_FunctionVariant:rmge01-usasm:802bcbf0	0x802BCBF0	84	func_802BCBF0		7c3acdd2c1adcf029828ca69e167c450f2527e0e65fb3037f1e62ea40ffa6e62
urn:ure:smg:re_FunctionVariant:rmge01-usasm:802bcc44	0x802BCC44	88	func_802BCC44		c818a8221c9c455308a32a8abd64465ade2991a8e9909d26f72dc7707a03108b
urn:ure:smg:re_FunctionVariant:rmge01-usasm:802bcc9c	0x802BCC9C	484	func_802BCC9C		cebf4f2bf0202690374cae1b9b9fe0be92ddcce1c20e1bac971dfeb5efb1bdf4
urn:ure:smg:re_FunctionVariant:rmge01-usasm:802bce80	0x802BCE80	292	func_802BCE80		410eb11804898da106ed4549651ce6c429ea4db353946cfecfcb2d3af3eaddb8
urn:ure:smg:re_FunctionVariant:rmge01-usasm:802bcfa4	0x802BCFA4	500	func_802BCFA4		8e28e51487564193759ab05e741e083541509d3216aee619db7038e8dd4fceff
urn:ure:smg:re_FunctionVariant:rmge01-usasm:802bd198	0x802BD198	164	func_802BD198		ba941c563bb356c4f8881442889c07452960cd1f7809fa7e5455a575fd4b7759
urn:ure:smg:re_FunctionVariant:rmge01-usasm:802bd23c	0x802BD23C	148	func_802BD23C		c565c18055759e5f18acbe566f4483b5c166f126b910772a96877bb635dcd19f
urn:ure:smg:re_FunctionVariant:rmge01-usasm:802bd2d0	0x802BD2D0	224	func_802BD2D0		f1a45ba89ee5169ead0ce8c04c5c511cff4368cb63b607a59982b6d06babb916
urn:ure:smg:re_FunctionVariant:rmge01-usasm:802bd3b0	0x802BD3B0	400	func_802BD3B0		67212ebb60d5a9c98439cc7a4b4236b3a7524799fd1fa020378b05edcf18bde9
urn:ure:smg:re_FunctionVariant:rmge01-usasm:802bd540	0x802BD540	12	func_802BD540		8a3ba418ae332ee392c043a383da0890bd7fb397debfc7d9f6462fedf6d5d40f
urn:ure:smg:re_FunctionVariant:rmge01-usasm:802bd54c	0x802BD54C	16	func_802BD54C		2403a9d81029cf8535ab7ba774176940ce41d158925df60a28df2ad8f1b1a6bd
urn:ure:smg:re_FunctionVariant:rmge01-usasm:802bd55c	0x802BD55C	108	func_802BD55C		6d846f4c4fc83a9a6be1430d1d87a4a29ea45209a23fe390c19d2cef40dee564
urn:ure:smg:re_FunctionVariant:rmge01-usasm:802bd5c8	0x802BD5C8	80	func_802BD5C8		89b4d8ce351b77929bf793caf81355917e7a67b6dd5b3809a9d3368b70da25e1
urn:ure:smg:re_FunctionVariant:rmge01-usasm:802bd618	0x802BD618	44	func_802BD618		ee163818269f8106a37400070a3b156510e51cfb524a1e49164eb70054298556
urn:ure:smg:re_FunctionVariant:rmge01-usasm:802bd644	0x802BD644	888	func_802BD644		c32bb221cd7be3fd55204dc22e8039f8dc46ce08cd73dfde8c5d118974830a63
urn:ure:smg:re_FunctionVariant:rmge01-usasm:802bd9bc	0x802BD9BC	436	func_802BD9BC		421bb5ffa24b59aa301d7a2b3dc98a2ac73d3799a7f1b678279005d506387d97
urn:ure:smg:re_FunctionVariant:rmge01-usasm:802bdb70	0x802BDB70	2120	func_802BDB70		7910419bdf12a1745ab350899fd05bc0a0846066b21bcb328a7efbf2b768cf73
urn:ure:smg:re_FunctionVariant:rmge01-usasm:802be3b8	0x802BE3B8	272	func_802BE3B8		6c1f489a0e415e79dd0c46dbc0716cc6634bb13e5907eaeca6cfd7f2cb9b5c10
urn:ure:smg:re_FunctionVariant:rmge01-usasm:802be4c8	0x802BE4C8	1452	func_802BE4C8		18cd09d2d376ee8d774aa8675e6348a2f388e0cfbef7d3f5e4551854865b7b38
urn:ure:smg:re_FunctionVariant:rmge01-usasm:802bea74	0x802BEA74	548	func_802BEA74		f57537780b5590c3d33140d607fe9a54103f46ff1f18267b0ded2e47f1eb7037
urn:ure:smg:re_FunctionVariant:rmge01-usasm:802bec98	0x802BEC98	1192	func_802BEC98		25b1b94bfcf21066be0015aaca983ef4806c658851aec0a33914cf7b92f468b6
urn:ure:smg:re_FunctionVariant:rmge01-usasm:802bf140	0x802BF140	80	func_802BF140		806af76f3a57a7f79fe17da347d50c61c8ffd6086d7ef52077b31c2da83b4084
urn:ure:smg:re_FunctionVariant:rmge01-usasm:802bf190	0x802BF190	20	func_802BF190		493f224165946f9788024c63a7319b8cb5435c4e355fd603eebcf1dfe485669e
urn:ure:smg:re_FunctionVariant:rmge01-usasm:802bf1a4	0x802BF1A4	232	func_802BF1A4		766427dc28be99e00cfe9abbd87944c2f9148853824429eab61f4f9e62446279
urn:ure:smg:re_FunctionVariant:rmge01-usasm:802bf28c	0x802BF28C	652	func_802BF28C		699aa5de3aec221ffe359a766229e2e3ce4b9f2e5ab0e25e7ff416452522fb9b
urn:ure:smg:re_FunctionVariant:rmge01-usasm:802bf518	0x802BF518	120	func_802BF518		8ef2901d666a8a5fb86b82ae5df35e7c557d9b32b693d5b0b27773e18919689f
urn:ure:smg:re_FunctionVariant:rmge01-usasm:802bf590	0x802BF590	16	func_802BF590		1fb5a4385bd855bd89bf74c5ade6dfea0e4794a87e3319e9332176470d09ec65
urn:ure:smg:re_FunctionVariant:rmge01-usasm:802bf5a0	0x802BF5A0	216	func_802BF5A0		64ed157b5cebc70c567e768b09456f3d6a3f3046ade4a3eaa60dd91449fc8ee7
urn:ure:smg:re_FunctionVariant:rmge01-usasm:802bf678	0x802BF678	1824	func_802BF678		c8de9c15ba760ce818862afdfcf477c7dcb502a7e120dfcce1d7b0ef65f66cb4
urn:ure:smg:re_FunctionVariant:rmge01-usasm:802bfd98	0x802BFD98	1636	func_802BFD98		8490c5324e0410e5401936469ed3a72419b2af6cf56e810c77b9edbe0b47ea2b
urn:ure:smg:re_FunctionVariant:rmge01-usasm:802c03fc	0x802C03FC	576	func_802C03FC		734731dda92f15aa62d099f197a3135b73ad096d31ba67006c93529a66ca20f5
urn:ure:smg:re_FunctionVariant:rmge01-usasm:802c063c	0x802C063C	404	func_802C063C		395414bacf22bdf844fa0445f0e816f97a55636129f1e295a610494159163b7c
urn:ure:smg:re_FunctionVariant:rmge01-usasm:802c07d0	0x802C07D0	240	func_802C07D0		211849870f82696d541a863d6feac755d63a6874886e04e101ee6eb1dc458d37
urn:ure:smg:re_FunctionVariant:rmge01-usasm:802c08c0	0x802C08C0	472	func_802C08C0		fde39ff431c418b02df214d36a548f1dc89023798a88e2cddb87baa1160235ac
urn:ure:smg:re_FunctionVariant:rmge01-usasm:802c0a98	0x802C0A98	688	func_802C0A98		cf1c1dca93463aaf3828188af9f4c70ddad76cc43ab3079954e67be526e4a277
urn:ure:smg:re_FunctionVariant:rmge01-usasm:802c0d48	0x802C0D48	56	func_802C0D48		c8bedac7732a4de4aa1d9072f5733cd615651c86781b64afc234faf4e1168166
urn:ure:smg:re_FunctionVariant:rmge01-usasm:802c0d80	0x802C0D80	32	func_802C0D80		066288bd1cde769035acf55d73e69fe9e8658d0d94bd26896849a579733dd7a6
urn:ure:smg:re_FunctionVariant:rmge01-usasm:802c0da0	0x802C0DA0	92	func_802C0DA0		6e8451422508608b82bcacb7fa647dc04b7b40c9218f5455203d556237c1ee70
urn:ure:smg:re_FunctionVariant:rmge01-usasm:802c0dfc	0x802C0DFC	36	func_802C0DFC		70b9680e0e7229aaa06b398688e5fcd11ffc7deb44fb961d7d4d5806f3cea6dd
urn:ure:smg:re_FunctionVariant:rmge01-usasm:802c0e20	0x802C0E20	1220	func_802C0E20		fa743a57a76b9c529100aebcb805a9eaadbe7b3f2486fe0984b92997a8278107
urn:ure:smg:re_FunctionVariant:rmge01-usasm:802c12e4	0x802C12E4	320	func_802C12E4		11cde7da12013032ccd48abafa97d769037b48764e03c58934d53e4e1d392eb9
urn:ure:smg:re_FunctionVariant:rmge01-usasm:802c1424	0x802C1424	560	func_802C1424		76931741c53080bf6a6095c99978cc3eb3c78c362418abf21c3b8ffdbfae9c53
urn:ure:smg:re_FunctionVariant:rmge01-usasm:802c1654	0x802C1654	188	func_802C1654		9be7b3086878ea1d0acb737469d82320467c96d0dcd4f311f721557e36182e62
urn:ure:smg:re_FunctionVariant:rmge01-usasm:802c1710	0x802C1710	160	func_802C1710		dd78153b7d9062226a2225bc0ff3f188bc432b9c6e8dd753dba8b9cdf31566f8
urn:ure:smg:re_FunctionVariant:rmge01-usasm:802c17b0	0x802C17B0	736	func_802C17B0		50a4faa68f6cba1fd9b727bb85cec8cb42ad793132a1560d75f47474d87df8b2
urn:ure:smg:re_FunctionVariant:rmge01-usasm:802c1a90	0x802C1A90	92	func_802C1A90		0605b0fb8051f3b9f30ed406da790a3c2581a76996fe4c3d01b220d591680b65
urn:ure:smg:re_FunctionVariant:rmge01-usasm:802c1aec	0x802C1AEC	520	func_802C1AEC		c22218661969083f6c16c465d8c23fa94645e7ef3281d118903ce5dff64641ee
urn:ure:smg:re_FunctionVariant:rmge01-usasm:802c1cf4	0x802C1CF4	208	func_802C1CF4		69860aa47d2f5ac3be7cc531061345750bd8a8a1d74376b5c9cf907e966318c1
urn:ure:smg:re_FunctionVariant:rmge01-usasm:802c1dc4	0x802C1DC4	312	func_802C1DC4		c0f42386b86d0e85bd6c9774ed3b25f53002de944efa560887d4f55b272f0ca8
urn:ure:smg:re_FunctionVariant:rmge01-usasm:802c1efc	0x802C1EFC	584	func_802C1EFC		e1bfb50e2a4ad0a34a51e47707319a779e3dde5dd8868cabe5a70d2ed7300e79
urn:ure:smg:re_FunctionVariant:rmge01-usasm:802c2144	0x802C2144	1236	func_802C2144		977c7e4a8a934d6bd4cdc7cd84aa98eb55d73be6f0f0dfff70b7a0792de9f1fb
urn:ure:smg:re_FunctionVariant:rmge01-usasm:802c2618	0x802C2618	272	func_802C2618		a6c3a05ada4187303c6c064aebc106947a46acaddb6322335ce8c00a4078cc20
urn:ure:smg:re_FunctionVariant:rmge01-usasm:802c2728	0x802C2728	968	func_802C2728		ada422463575461d04f60b57d55a5be2c76effacccb9a44d3962cc285d511c69
urn:ure:smg:re_FunctionVariant:rmge01-usasm:802c2af0	0x802C2AF0	4	func_802C2AF0		f332ea5b5437103cbb6f1508679da89eec9288ad775c96c439a17fccabe3de8e
urn:ure:smg:re_FunctionVariant:rmge01-usasm:802c2af4	0x802C2AF4	848	func_802C2AF4		d9c9fefdd8e2f2161c54a5b2f10862a0e5e2ee73147bbf98a8b866c2ef611719
urn:ure:smg:re_FunctionVariant:rmge01-usasm:802c2e44	0x802C2E44	108	func_802C2E44		58d31b62495b8f96db2bd9affea3aa94e35320a8e023d377830c78404612de44
urn:ure:smg:re_FunctionVariant:rmge01-usasm:802c2eb0	0x802C2EB0	96	func_802C2EB0		bdc57e1f3b964a7d0a90ac84e83cfe6fc0f94b8befa3483b067ee56db7fd5f44
urn:ure:smg:re_FunctionVariant:rmge01-usasm:802c2f10	0x802C2F10	804	func_802C2F10		5588a34aaffc7fb366f579d45c3ff62fcc7351638e3ad17cdea50b15642e9630
urn:ure:smg:re_FunctionVariant:rmge01-usasm:802c3234	0x802C3234	4	func_802C3234		f332ea5b5437103cbb6f1508679da89eec9288ad775c96c439a17fccabe3de8e
urn:ure:smg:re_FunctionVariant:rmge01-usasm:802c3238	0x802C3238	4	func_802C3238		f332ea5b5437103cbb6f1508679da89eec9288ad775c96c439a17fccabe3de8e
urn:ure:smg:re_FunctionVariant:rmge01-usasm:802c323c	0x802C323C	328	func_802C323C		e39e1d17ccd9a1d72701af5025191fd530731b2dd441690f8978c54b29aaf9ab
urn:ure:smg:re_FunctionVariant:rmge01-usasm:802c3384	0x802C3384	832	func_802C3384		e28dc62595adc76c6c0240b7ec8232fcfc55d1f6484b037f0ab4c02554b3b922
urn:ure:smg:re_FunctionVariant:rmge01-usasm:802c36c4	0x802C36C4	188	func_802C36C4		086b51e3ebc674f026078bf201802fe206c38db1812a3cdf9b8c426306d2f020
urn:ure:smg:re_FunctionVariant:rmge01-usasm:802c3780	0x802C3780	116	func_802C3780		dbadf308c166f6ad5354148c4697ae57c1c215740dad1d45be2b4dc247285579
urn:ure:smg:re_FunctionVariant:rmge01-usasm:802c37f4	0x802C37F4	176	func_802C37F4		95550f76dc606300d17b531e3071f3f7be21d53e4584eb9f110fc06a6f15d712
urn:ure:smg:re_FunctionVariant:rmge01-usasm:802c38a4	0x802C38A4	948	func_802C38A4		17f781feb1209d31c816baea298eea0b66473adf407b64d63e6226e020136f61
urn:ure:smg:re_FunctionVariant:rmge01-usasm:802c3c58	0x802C3C58	20	func_802C3C58		5ee91493dfc9aa0b815a1d75cc40d07c14932cb2243238ef4d2027386d24f9e0
urn:ure:smg:re_FunctionVariant:rmge01-usasm:802c3c6c	0x802C3C6C	20	func_802C3C6C		0908b4e3dcb5f5f23baa66fe4855ea78eac8f30f73f0a46ccda121640ed20595
urn:ure:smg:re_FunctionVariant:rmge01-usasm:802c3c80	0x802C3C80	288	func_802C3C80		0b98fe05a0aaaf0217c6b0966294b7974f29a837fd66e6fb59b35381680fefa3
urn:ure:smg:re_FunctionVariant:rmge01-usasm:802c3da0	0x802C3DA0	52	func_802C3DA0		ad7c8c83a94c4a91f48d48c19c44d2b9f7527872998aa7eac89544501f0be6cd
urn:ure:smg:re_FunctionVariant:rmge01-usasm:802c3dd4	0x802C3DD4	208	func_802C3DD4		9a66f27e17ec481e34acc669162763f7d2e02f13255e297a185504a6353b76d0
urn:ure:smg:re_FunctionVariant:rmge01-usasm:802c3ea4	0x802C3EA4	60	func_802C3EA4		f4e74c3bfd251bfbde31da8beafa12000486596492d6a68116f7831c850e8abb
urn:ure:smg:re_FunctionVariant:rmge01-usasm:802c3ee0	0x802C3EE0	20	func_802C3EE0		3903f508d085a479c690dbe3703ac8918933b96aca92414fe15447f3a5c4a840
urn:ure:smg:re_FunctionVariant:rmge01-usasm:802c3ef4	0x802C3EF4	24	func_802C3EF4		92762d356287c419a12ac71174d5d1a06a0b9dae7abb4750fa7bc02ca7909dbe
urn:ure:smg:re_FunctionVariant:rmge01-usasm:802c3f0c	0x802C3F0C	12	func_802C3F0C		6f0791c66cec8d87486cf3e15053f557b2689d974e7f64d4a84ce84afa2c8a25
urn:ure:smg:re_FunctionVariant:rmge01-usasm:802c3f18	0x802C3F18	12	func_802C3F18		7539b6adfecd457589e659f52bb5334b93a7615907b148d56c1fd9023f835a7d
urn:ure:smg:re_FunctionVariant:rmge01-usasm:802c3f24	0x802C3F24	92	func_802C3F24		07c0d24466105c7da2c01e69b8f887fb7a3f90758e07376df13fc1c57fd6d5ee
urn:ure:smg:re_FunctionVariant:rmge01-usasm:802c3f80	0x802C3F80	112	func_802C3F80		585918b7dd432d7a11180a4df635fdeb96f15f724a6ffc80887989c2bb1c00fd
urn:ure:smg:re_FunctionVariant:rmge01-usasm:802c3ff0	0x802C3FF0	92	func_802C3FF0		9b998927b5284e47421e5fd94f9dd0bf49c4bfdf9f4f8e03cc679b1be44cc007
urn:ure:smg:re_FunctionVariant:rmge01-usasm:802c404c	0x802C404C	184	func_802C404C		64264d4df2a99351d64438829a882f88fc161dd5a606875e43633256105e5acd
urn:ure:smg:re_FunctionVariant:rmge01-usasm:802c4104	0x802C4104	12	func_802C4104		26d687baa0fc463f25be7ef87a60644b8bfc3ea42bffe7689e9ddb25ea69b761
urn:ure:smg:re_FunctionVariant:rmge01-usasm:802c4110	0x802C4110	12	func_802C4110		8c0addbd30f6bbadbf839e6e99a70bd52448e56e665eb484ac4055570498493c
urn:ure:smg:re_FunctionVariant:rmge01-usasm:802c411c	0x802C411C	12	func_802C411C		9e0db6b202a6e590d68d16c443b794b002ad3222bbf380d342643852e662dac2
urn:ure:smg:re_FunctionVariant:rmge01-usasm:802c4128	0x802C4128	20	func_802C4128		3194e255d069c1cb7a4fb55456d56d6827d928c80be85b8bf75a9a3f192f7787
urn:ure:smg:re_FunctionVariant:rmge01-usasm:802c413c	0x802C413C	20	func_802C413C		2afc1cb7663b0978a72d64e1ff92754c540733471cd95e45a3d57fce3b444ff0
urn:ure:smg:re_FunctionVariant:rmge01-usasm:802c4150	0x802C4150	20	func_802C4150		80ee3eaee1d2a102f4e0abb7182167ca408b88abbe7f90f5184fd482ac34c405
urn:ure:smg:re_FunctionVariant:rmge01-usasm:802c4164	0x802C4164	20	func_802C4164		8776663f8f40f51c2d873ebb71a0d347e1f197ddbaf954aefe07ad35b43db663
urn:ure:smg:re_FunctionVariant:rmge01-usasm:802c4178	0x802C4178	20	func_802C4178		82e73be06d8571f35e1920bfefa79772f4f9d9029434c33d76f89b800ea1a5c5
urn:ure:smg:re_FunctionVariant:rmge01-usasm:802c418c	0x802C418C	20	func_802C418C		2b3d7410e65b34a572fb65f26ff9bd8569d5fcd3df98122e5108dcd4982c30e7
urn:ure:smg:re_FunctionVariant:rmge01-usasm:802c41a0	0x802C41A0	20	func_802C41A0		4bdbc8b23d9f7787fc79664158528977955983efdfc61303da1f581d60a2e1af
urn:ure:smg:re_FunctionVariant:rmge01-usasm:802c41b4	0x802C41B4	20	func_802C41B4		d913234f44a60465cbbaa3cbb96d18ca04d1183e61d5c152c292a87b64a933cd
urn:ure:smg:re_FunctionVariant:rmge01-usasm:802c41c8	0x802C41C8	20	func_802C41C8		9395d4922ec83dac7f7fec969e9412fe51992d5e783d8f66ce43afef5fda0b44
urn:ure:smg:re_FunctionVariant:rmge01-usasm:802c41dc	0x802C41DC	20	func_802C41DC		1a1a452c09727926a85e2a122d090e2d7f7f9ad060fd5c2a0fa5e68e58100bff
urn:ure:smg:re_FunctionVariant:rmge01-usasm:802c41f0	0x802C41F0	20	func_802C41F0		f1691abc2c2888094d11ae47956f46f71c8c49599dbf88429a4c5443c8b0b507
urn:ure:smg:re_FunctionVariant:rmge01-usasm:802c4204	0x802C4204	20	func_802C4204		13690ef81baf5a2df1cca98277abb587be2d3b2c186478fe2fe7d6074356a183
urn:ure:smg:re_FunctionVariant:rmge01-usasm:802c4218	0x802C4218	168	func_802C4218		0f120965d1a982a062bbd7dac34855cbe98a1b875e70f8a0102519fd4f84b20c
urn:ure:smg:re_FunctionVariant:rmge01-usasm:802c42c0	0x802C42C0	1864	func_802C42C0		75e868f02b5e25ec38b8cfad64a436221350727b011cbf33559c521c7a2e5b9d
urn:ure:smg:re_FunctionVariant:rmge01-usasm:802c4a08	0x802C4A08	76	func_802C4A08		bed0624bcb0b4af1467fc0e8190e1da2333ccdb8c7021083a88eb99377cfe938
urn:ure:smg:re_FunctionVariant:rmge01-usasm:802c4a54	0x802C4A54	184	func_802C4A54		3eaeba815e909e06373f8bad04a74bdbb7004dafbce0db2d8746b6a8febf6719
urn:ure:smg:re_FunctionVariant:rmge01-usasm:802c4b0c	0x802C4B0C	44	func_802C4B0C		987ed8a887c821fcad540b8372bddbd3e96f6bbc2cc7680ae123afd2589c8b3a
urn:ure:smg:re_FunctionVariant:rmge01-usasm:802c4b38	0x802C4B38	188	func_802C4B38		83a842d0616c91ab38b98afcada9fc6ab1253ea859ebab1e9898b6d63da3476e
urn:ure:smg:re_FunctionVariant:rmge01-usasm:802c4bf4	0x802C4BF4	72	func_802C4BF4		f0b9d6e2a77d8811573b686a7a8bf4cb370c81daef34a4fc6183eead011f559e
urn:ure:smg:re_FunctionVariant:rmge01-usasm:802c4c3c	0x802C4C3C	172	func_802C4C3C		59935df16d8555773fdbd9e7c7af18226e27287ca78fe21966a74307c6b6e169
urn:ure:smg:re_FunctionVariant:rmge01-usasm:802c4ce8	0x802C4CE8	24	func_802C4CE8		a9b06c3435baaad4527cc22545022527227d28a42f4dc4cfbf4ed9e2cc78f52c
urn:ure:smg:re_FunctionVariant:rmge01-usasm:802c4d00	0x802C4D00	140	func_802C4D00		90d454ca3c2a67f96e2c4d2f6be7d6458bc27622cc4c3aeecc6ebde9786baef8
urn:ure:smg:re_FunctionVariant:rmge01-usasm:802c4d8c	0x802C4D8C	624	func_802C4D8C		547fdefd213799dc99507b2f16e289febbe9d0b0f19d63c0af1e1d85a5126dda
urn:ure:smg:re_FunctionVariant:rmge01-usasm:802c4ffc	0x802C4FFC	1760	func_802C4FFC		3ddc94e267a1d73ff274678351eb3a91b4fb1b295430fbb2aea19a4d69d0f4b3
urn:ure:smg:re_FunctionVariant:rmge01-usasm:802c56dc	0x802C56DC	528	func_802C56DC		0ec6e07c0264cc2bec0056a59bd5a8f60469f7c338378a16d38a76de8c40e534
urn:ure:smg:re_FunctionVariant:rmge01-usasm:802c58ec	0x802C58EC	296	func_802C58EC		8595b45e30cdba18fe6f9994e372f412824d611b178e1173b63c2d94b4a26c00
urn:ure:smg:re_FunctionVariant:rmge01-usasm:802c5a14	0x802C5A14	112	func_802C5A14		d053211c0f7eabc38f5ee07abdc056e3ee5751ef7c4761fcfdd11d57ea942ce6
urn:ure:smg:re_FunctionVariant:rmge01-usasm:802c5a84	0x802C5A84	108	func_802C5A84		e4c40849723df985c3781d52fe2d75d0f727220ce067ac999b3c7d7481eb6f00
urn:ure:smg:re_FunctionVariant:rmge01-usasm:802c5af0	0x802C5AF0	176	func_802C5AF0		a42917dff1b9af27654138a86a226595e0735d1a4ed36d0f2d1e8eb73c25980b
urn:ure:smg:re_FunctionVariant:rmge01-usasm:802c5ba0	0x802C5BA0	160	func_802C5BA0		c874b44716b01f01d67348d0ce76d0d597a6c68788e147d738a23e032bccf607
urn:ure:smg:re_FunctionVariant:rmge01-usasm:802c5c40	0x802C5C40	364	func_802C5C40		f3e7fe897290d4959081da69b402a20a010e5f639af93d1e54d8ab240d473219
urn:ure:smg:re_FunctionVariant:rmge01-usasm:802c5dac	0x802C5DAC	240	func_802C5DAC		7905a5322a00ea2dd86c7295cd2b55ccbea90dd546a1136d6519e3e973c5d43b
urn:ure:smg:re_FunctionVariant:rmge01-usasm:802c5e9c	0x802C5E9C	256	func_802C5E9C		cbe98d8b7eea0f51faecdc911dfab1cbc7b7700bd76393cbf515526e3509c813
urn:ure:smg:re_FunctionVariant:rmge01-usasm:802c5f9c	0x802C5F9C	68	func_802C5F9C		2211b098b71b0eac6fe0d612207d0d2104641d9b98c914f0630f165e4f377e33
urn:ure:smg:re_FunctionVariant:rmge01-usasm:802c5fe0	0x802C5FE0	12	func_802C5FE0		5800b60016da6697d57c4c8c82a990fbb6277c2aebb354283e915f5a98d83cb4
urn:ure:smg:re_FunctionVariant:rmge01-usasm:802c5fec	0x802C5FEC	1140	func_802C5FEC		ff9456bf1835de686e3b57ee95fe65b26b4e46a9e6459e4f65a0d64c404a7a6b
urn:ure:smg:re_FunctionVariant:rmge01-usasm:802c6460	0x802C6460	664	func_802C6460		ab72441c639e639022888d4841c97691f3f9784660fd53ecd9ae3a0f5c73f936
urn:ure:smg:re_FunctionVariant:rmge01-usasm:802c66f8	0x802C66F8	484	func_802C66F8		148bf87d79f7e73e150ac1acd612ecf15c89847a14ef165bbc754cdbe9736393
urn:ure:smg:re_FunctionVariant:rmge01-usasm:802c68dc	0x802C68DC	128	func_802C68DC		acf0ca54c0956933b0597605523492a90cec8d3907fbd3561eee719610354a37
urn:ure:smg:re_FunctionVariant:rmge01-usasm:802c695c	0x802C695C	1256	func_802C695C		3e8041808468a0ef3cca27543d04894c80853493142a2766bdb0a0a5517bd184
urn:ure:smg:re_FunctionVariant:rmge01-usasm:802c6e44	0x802C6E44	3392	func_802C6E44		5ea94c28fb4f72ad96727d287cc8392aa1aea4067c78fe9fb5c32791b5658ba6
urn:ure:smg:re_FunctionVariant:rmge01-usasm:802c7b84	0x802C7B84	764	func_802C7B84		ac427eb337c148252370f07145863368f2b63ef1d47a5314ef1f7eaf04309059
urn:ure:smg:re_FunctionVariant:rmge01-usasm:802c7e80	0x802C7E80	972	func_802C7E80		54fae2a15fde536033a47d7f98da32485b3f6cd22eafe71dc302067d9bd037fb
urn:ure:smg:re_FunctionVariant:rmge01-usasm:802c824c	0x802C824C	128	func_802C824C		87415c31c13bba1f94d3af64264b69acc137719d4511506d2ca69fdd78c97be4
urn:ure:smg:re_FunctionVariant:rmge01-usasm:802c82cc	0x802C82CC	260	func_802C82CC		2f7bec6fe2568c1b244ab516217dd810b3ab02a1037fd19152189c10f3bd080a
urn:ure:smg:re_FunctionVariant:rmge01-usasm:802c83d0	0x802C83D0	188	func_802C83D0		ab7a795a599dc3c0cfa7f6ded7147c6c71595057fc3316cd5eadc3a44466f8d4
urn:ure:smg:re_FunctionVariant:rmge01-usasm:802c848c	0x802C848C	764	func_802C848C		697508c247df416c0185429f4745292e03b9cc6ecd7b321bc2a892d6f7621a1b
urn:ure:smg:re_FunctionVariant:rmge01-usasm:802c8788	0x802C8788	384	func_802C8788		e9442067c20592b53628cbcb202a6bc093c9a55d69ea4270af5e74655fa3a2c2
urn:ure:smg:re_FunctionVariant:rmge01-usasm:802c8908	0x802C8908	232	func_802C8908		ab90d7b3550e7262042698d474ad20656f999b9eca6f4619fc44a84b64d208dd
urn:ure:smg:re_FunctionVariant:rmge01-usasm:802c89f0	0x802C89F0	192	func_802C89F0		5416411bac2e90afe822c5fe793ed77eda7abc9253c06d738a382c82e6b69487
urn:ure:smg:re_FunctionVariant:rmge01-usasm:802c8ab0	0x802C8AB0	464	func_802C8AB0		c3651b8266d9d8a8e60f7e5d8434ca8a3da10b83c60318a1ed1725b594da79d3
urn:ure:smg:re_FunctionVariant:rmge01-usasm:802c8c80	0x802C8C80	444	func_802C8C80		0fb12a0bb7bebe9edf94f12f0fe4e05100c34ced667f1e2fd4386408cf107eea
urn:ure:smg:re_FunctionVariant:rmge01-usasm:802c8e3c	0x802C8E3C	544	func_802C8E3C		4a23d4897d1658a89485dbaf617c58aaf7a926b08f0baaf4931d4a99d9cb7a73
urn:ure:smg:re_FunctionVariant:rmge01-usasm:802c905c	0x802C905C	192	func_802C905C		3232cfa5bfeb855bea8a1345c37a73763333ee5598496a587908afb60b28a7f6
urn:ure:smg:re_FunctionVariant:rmge01-usasm:802c911c	0x802C911C	312	func_802C911C		627cd29c6813f9c70a8678d36123d8a426229ca47ef20661ce268462528ec3f6
urn:ure:smg:re_FunctionVariant:rmge01-usasm:802c9254	0x802C9254	252	func_802C9254		c3f9f48ddf47670281cb6989d58da18edecd03153c31707fce3c65c444937fb1
urn:ure:smg:re_FunctionVariant:rmge01-usasm:802c9350	0x802C9350	116	func_802C9350		49543b1b6812c7fbc4d5d8f786796f7b93b0b287e55249ae9b343caac77d2cef
urn:ure:smg:re_FunctionVariant:rmge01-usasm:802c93c4	0x802C93C4	108	func_802C93C4		e063841a77c29345ac54b18982a33829551205411bfe065f17f9bd17422794d7
urn:ure:smg:re_FunctionVariant:rmge01-usasm:802c9430	0x802C9430	308	func_802C9430		dfdc7fbef32924b84eab328543316b743e9f7d368f8f9d13b580a96faf56583a
urn:ure:smg:re_FunctionVariant:rmge01-usasm:802c9564	0x802C9564	128	func_802C9564		cf14f9668c5ce0dcb698c8ba083fa59ce1dfe2bb534a89e0fc6742212c9d665e
urn:ure:smg:re_FunctionVariant:rmge01-usasm:802c95e4	0x802C95E4	136	func_802C95E4		c07e84c242b42991e4ae1e5b82f2f2c7bde905fec18ff0a65c7fe8031fb6c4fa
urn:ure:smg:re_FunctionVariant:rmge01-usasm:802c966c	0x802C966C	136	func_802C966C		90589b51847c9ed3adc08be8985ad81fdf792290bb100cfdb7373ae8e24e392a
urn:ure:smg:re_FunctionVariant:rmge01-usasm:802c96f4	0x802C96F4	100	func_802C96F4		79a871d34e3334a995dbd662f54e7f76bbb02f5eea36934ae5d8ac5fdd9209fa
urn:ure:smg:re_FunctionVariant:rmge01-usasm:802c9758	0x802C9758	848	func_802C9758		424bdf89094be2c6460d43cc0dd12ce01c0c7472efd865146e8be87a32b7397f
urn:ure:smg:re_FunctionVariant:rmge01-usasm:802c9aa8	0x802C9AA8	536	func_802C9AA8		57c9fe05e389d98ba700d62a2ca5f45630d69f26bf794d9661cbc0e060d2e19d
urn:ure:smg:re_FunctionVariant:rmge01-usasm:802c9cc0	0x802C9CC0	356	func_802C9CC0		37b8ad7b86f717aaef0afa628c3643e108fa7ab4e61fec2da7fdbd165b37f866
urn:ure:smg:re_FunctionVariant:rmge01-usasm:802c9e24	0x802C9E24	760	func_802C9E24		52b07d61fc4826de3195588d5dc57e5c563b8ee2f84ab7cc0560d2708e7aebd9
urn:ure:smg:re_FunctionVariant:rmge01-usasm:802ca11c	0x802CA11C	248	func_802CA11C		6cdb36341012115b564771458d1f54e394108ccec63c58bdf6d4fa3fcb1ec5a8
urn:ure:smg:re_FunctionVariant:rmge01-usasm:802ca214	0x802CA214	272	func_802CA214		6e6dace2437293ffc5a738a73ae91b2c90c186befd612b7fc2983ce64a6554e5
urn:ure:smg:re_FunctionVariant:rmge01-usasm:802ca74c	0x802CA74C	64	func_802CA74C		786a254b6fe9f7875bcb2467923ad83548c1d1f6441375ba0e99abddaf2eb6f1
urn:ure:smg:re_FunctionVariant:rmge01-usasm:802ca78c	0x802CA78C	572	func_802CA78C		faf534a24d3b5ca86565be2d83fa9d280cf08d4aab33d42d0f28a6c871e6f7a5
urn:ure:smg:re_FunctionVariant:rmge01-usasm:802ca9c8	0x802CA9C8	28	func_802CA9C8		a691c33c489279515904dc17b7e0327e7178ba6f9cb16a148694eb704cfff791
urn:ure:smg:re_FunctionVariant:rmge01-usasm:802ca9e4	0x802CA9E4	240	func_802CA9E4		5bfa3e4efda8d2f2ff12a3832f5c8b9d639927e6d53543d4c5239ddb3e35192d
urn:ure:smg:re_FunctionVariant:rmge01-usasm:802caad4	0x802CAAD4	128	func_802CAAD4		a902c76abdcea9505b59d4619bdcd991447ce6ae84cf6e6b9be9a13a42267249
urn:ure:smg:re_FunctionVariant:rmge01-usasm:802cab54	0x802CAB54	192	func_802CAB54		b7c5492b063d129c816613d8daffe8a3ce0979a7ca060125bc84c7e1a6f33089
urn:ure:smg:re_FunctionVariant:rmge01-usasm:802cac14	0x802CAC14	104	func_802CAC14		b9d75f5bf4980dd957bafa53a2619b48ac0c1917962bd6e3999310309612da53
urn:ure:smg:re_FunctionVariant:rmge01-usasm:802cac7c	0x802CAC7C	28	func_802CAC7C		2f2f71a911859e6b4dc7cee7d78859ac4e68a65df09da07a72b4ad41737bf748
urn:ure:smg:re_FunctionVariant:rmge01-usasm:802cac98	0x802CAC98	352	func_802CAC98		a069c5343a3bff0490ef34a3405e885dce96aeda8676aff411192d71f01d5415
urn:ure:smg:re_FunctionVariant:rmge01-usasm:802cadf8	0x802CADF8	204	func_802CADF8		9fb2421fc19faea0055fbdd1989f3e54867ab4b4acf3649667c876987e93865b
urn:ure:smg:re_FunctionVariant:rmge01-usasm:802caec4	0x802CAEC4	216	func_802CAEC4		468bcdafc6e1f44c69a1ed2143a9e8a0659ce706ffa6350b3c4cd0284cd1fe21
urn:ure:smg:re_FunctionVariant:rmge01-usasm:802caf9c	0x802CAF9C	1804	func_802CAF9C		8bf6e28d12071fc659a3e923d15d03e14021680f00ec9787fdf8cbf0807df51a
urn:ure:smg:re_FunctionVariant:rmge01-usasm:802cb6a8	0x802CB6A8	376	func_802CB6A8		604b09b57e19d90c836de2c739475c64eba7938ef5f2c315536171f10484fb32
urn:ure:smg:re_FunctionVariant:rmge01-usasm:802cb820	0x802CB820	168	func_802CB820		ae73d005d3d620db0e42637c27ecde3f919ddbf0fe4f66204a5fc136b3d26180
urn:ure:smg:re_FunctionVariant:rmge01-usasm:802cb8c8	0x802CB8C8	556	func_802CB8C8		34caa0bbc8680dc2b3054080a805e06c0e1e1886b56138680327c2e83711ed8c
urn:ure:smg:re_FunctionVariant:rmge01-usasm:802cbaf4	0x802CBAF4	68	func_802CBAF4		6a9c258bfb9ed4d8cbb9c0574195f96810377c523c3c9faf8d0228328c36802b
urn:ure:smg:re_FunctionVariant:rmge01-usasm:802cbb38	0x802CBB38	984	func_802CBB38		e011c8a4deb480a00c04a6c721ea97ad39c56922d1b32269795821f6fa7d9e23
urn:ure:smg:re_FunctionVariant:rmge01-usasm:802cbf10	0x802CBF10	404	func_802CBF10		456898f8063da189f7de6e7f873301fd086eab6e9a3b10e2aa674ab84b06bcef
urn:ure:smg:re_FunctionVariant:rmge01-usasm:802cc0a4	0x802CC0A4	92	func_802CC0A4		953afaedfaf059300ee021a3600c29e23b4cce488bb2d0b05fadc45303483c71
urn:ure:smg:re_FunctionVariant:rmge01-usasm:802cc100	0x802CC100	136	func_802CC100		43d91ebbb271dda9bc7b2843b4136b8581588397057f3ff429d640c6e037f920
urn:ure:smg:re_FunctionVariant:rmge01-usasm:802cc188	0x802CC188	8	func_802CC188		ec109e1dc8901d8de8fbcf590d527222c133de474c8affb86cb887f7fe78c7cc
urn:ure:smg:re_FunctionVariant:rmge01-usasm:802cc190	0x802CC190	8	func_802CC190		efecfe1f80bdc9031138979f9999411966bd246c6cb6c7687c8d6bb84e3ebb42
urn:ure:smg:re_FunctionVariant:rmge01-usasm:802cc198	0x802CC198	8	func_802CC198		3aa0c8e7157e83a6fb24086e0328ae087c81c4a4d58979cae4e602c36a17269e
urn:ure:smg:re_FunctionVariant:rmge01-usasm:802cc1a0	0x802CC1A0	372	func_802CC1A0		4c6111b2fa37cf17b00898575b8c9b7ac9e8bdb11c1800f16ca3725f4f24b19d
urn:ure:smg:re_FunctionVariant:rmge01-usasm:802cc314	0x802CC314	432	func_802CC314		695d9880a52d8870c74557d015619f0130b697d30a9a058d32c3599329969f15
urn:ure:smg:re_FunctionVariant:rmge01-usasm:802cc4c4	0x802CC4C4	320	func_802CC4C4		9c71aa65c9f2256bf71e973ff5f2e12e9f4336c4347883dfc3c897570268040e
urn:ure:smg:re_FunctionVariant:rmge01-usasm:802cc604	0x802CC604	56	func_802CC604		d892829424945f6b98a02cd6f4e63702b5e2dfc28df543e46288df1b58fb9b2a
urn:ure:smg:re_FunctionVariant:rmge01-usasm:802cc63c	0x802CC63C	188	func_802CC63C		f3a018e3503d0bdeecf715513582d55a44bebcab544d39eb87f8a5f195f8a883
urn:ure:smg:re_FunctionVariant:rmge01-usasm:802cc6f8	0x802CC6F8	152	func_802CC6F8		5b331436e7af836e2772f86819968ad9ba080774400c6a7f64a1b07648ddd580
urn:ure:smg:re_FunctionVariant:rmge01-usasm:802cc790	0x802CC790	36	func_802CC790		e277de02883388508ca754852338d0b3fada94d3fe5d33d6c2cf470364c22fbf
urn:ure:smg:re_FunctionVariant:rmge01-usasm:802cc7b4	0x802CC7B4	16	func_802CC7B4		5ed31db17580246614303de62feb92b590b1a422b2fcb1d519145e7916d510ce
urn:ure:smg:re_FunctionVariant:rmge01-usasm:802cc7c4	0x802CC7C4	744	func_802CC7C4		29d46665ce7aeca0b096b68cecece0a384021cf8265069204d7846e02c54922e
urn:ure:smg:re_FunctionVariant:rmge01-usasm:802ccaac	0x802CCAAC	128	func_802CCAAC		636af6894063c2de61abacddb0d32eb54749165143546f31a0a3cd95b705e353
urn:ure:smg:re_FunctionVariant:rmge01-usasm:802ccb2c	0x802CCB2C	420	func_802CCB2C		cabd49beb0a9c905dad3b7bda4800e68fa901aafa292a7779e204fe23ecdd176
urn:ure:smg:re_FunctionVariant:rmge01-usasm:802cccd0	0x802CCCD0	508	func_802CCCD0		9417214a4ab697cdad0793bb94242c3fb53984bbdb8993d601094b7080b0257d
urn:ure:smg:re_FunctionVariant:rmge01-usasm:802ccecc	0x802CCECC	312	func_802CCECC		27102e776f56e8f19a29588ecfd01957bf6aecbc8180ba900ef9ef7ec943226f
urn:ure:smg:re_FunctionVariant:rmge01-usasm:802cd004	0x802CD004	412	func_802CD004		b72799e51feac28aa85e10a22a30087c6a6c498e854f365f0e9a325712891ca1
urn:ure:smg:re_FunctionVariant:rmge01-usasm:802cd1a0	0x802CD1A0	372	func_802CD1A0		307efb845f7421359db86623a2cf4372939f0ad1633147a29b51f14d5c5f8558
urn:ure:smg:re_FunctionVariant:rmge01-usasm:802cd314	0x802CD314	220	func_802CD314		747baf9fc5d8e5ee4b730ed08791d12da4fe95161c114167e9f94fc3d2f63aed
urn:ure:smg:re_FunctionVariant:rmge01-usasm:802cd3f0	0x802CD3F0	204	func_802CD3F0		ba20e184a31503913ce2e87610f8fb9343e477ff3ab56ac9f2bff4768cbe52cc
urn:ure:smg:re_FunctionVariant:rmge01-usasm:802cd4bc	0x802CD4BC	192	func_802CD4BC		1df94042472058975fc966446424d9f1de8dadab0eba40012be8d89b1a5924aa
urn:ure:smg:re_FunctionVariant:rmge01-usasm:802cd57c	0x802CD57C	104	func_802CD57C		1a7ddc4f86ab7a4e2a4e50b5531770ee707636fc3f87222a369a5c7bdc621d12
urn:ure:smg:re_FunctionVariant:rmge01-usasm:802cd5e4	0x802CD5E4	192	func_802CD5E4		97d9bb6cd1efb595c3b4570c9cd2fd59844e0b252419c17c2cd779b78e8fdac3
urn:ure:smg:re_FunctionVariant:rmge01-usasm:802cd6a4	0x802CD6A4	156	func_802CD6A4		5d90362ee6e4722b14340d3631f131b54efc3379be17964d6250e8be059069f8
urn:ure:smg:re_FunctionVariant:rmge01-usasm:802cd740	0x802CD740	224	func_802CD740		5523e17517f7fc633da66640465d98b37df0cf7e732d4cd525cdcfdb28ed7b11
urn:ure:smg:re_FunctionVariant:rmge01-usasm:802cd820	0x802CD820	1428	func_802CD820		a84552d1de066b867c0caabd116a04e84df983e2901be3829b642f625bd50bb9
urn:ure:smg:re_FunctionVariant:rmge01-usasm:802cddb4	0x802CDDB4	776	func_802CDDB4		a65e1469f9e10bd2c9976ca6172934aaf210f459f7f019b3487dc84167eb6242
urn:ure:smg:re_FunctionVariant:rmge01-usasm:802ce0bc	0x802CE0BC	152	func_802CE0BC		0530833e2863ad1de46c843da434c175964949478a3f5892eddd08530b0d0e7e
urn:ure:smg:re_FunctionVariant:rmge01-usasm:802ce154	0x802CE154	1728	func_802CE154		705ed2239668ca036b44df509040253a2d6b77cd24a4cf4bebe1f950b35428ff
urn:ure:smg:re_FunctionVariant:rmge01-usasm:802ce814	0x802CE814	52	func_802CE814		ad8b8648715925dbecf049053d1b4f6e3c4d5e3035992f79a0a28b2789c3fc42
urn:ure:smg:re_FunctionVariant:rmge01-usasm:802ce848	0x802CE848	68	func_802CE848		ecdb9e40fe91f11b547ef980163239fe7367fb25ecfa6f890841c21475d9966c
urn:ure:smg:re_FunctionVariant:rmge01-usasm:802ce88c	0x802CE88C	80	func_802CE88C		e9026b819595d4efef55cba3bb2855c4747cf67dd8d1667d6860d1f058e8badc
urn:ure:smg:re_FunctionVariant:rmge01-usasm:802ce8dc	0x802CE8DC	104	func_802CE8DC		66110b5e41bc59872d990a69310883b3f66a2027fe2a8be427ffe364f99bad13
urn:ure:smg:re_FunctionVariant:rmge01-usasm:802ce944	0x802CE944	92	func_802CE944		43e4b61671f46aba6e07cbbc3de8a8aef532759f82740caff8c16d426e5e1a65
urn:ure:smg:re_FunctionVariant:rmge01-usasm:802ce9a0	0x802CE9A0	692	func_802CE9A0		335eeb9de94591e95ef8a8a1f04572f982ce6212deb04fb13123d8b464ca8ef1
urn:ure:smg:re_FunctionVariant:rmge01-usasm:802cec54	0x802CEC54	444	func_802CEC54		fe72e31215097ab482918443e5deccfd7d295bfb54353b1874439428da3cdb77
urn:ure:smg:re_FunctionVariant:rmge01-usasm:802cee10	0x802CEE10	1096	func_802CEE10		7741b13d86d9186b1309f9e0c495b871dc4ef1c579062c713e1816d730117fed
urn:ure:smg:re_FunctionVariant:rmge01-usasm:802cf258	0x802CF258	276	func_802CF258		160adf692d42ce0625b2ac5cd89fde71ebf9885151d386aeb13f22b1472d8b13
urn:ure:smg:re_FunctionVariant:rmge01-usasm:802cf36c	0x802CF36C	544	func_802CF36C		9046de61cc75c92f2a241e9d2bf9f7df61414f717c08837639c3856bb9cf8d1c
urn:ure:smg:re_FunctionVariant:rmge01-usasm:802cf58c	0x802CF58C	508	func_802CF58C		16a9df4714732c95a1e98170c89bbcad1c6c34aab4bdc3f0668e3b1f640ff408
urn:ure:smg:re_FunctionVariant:rmge01-usasm:802cf788	0x802CF788	628	func_802CF788		4261420f22a4c08145ecbd5151b90e5483157f89588cd5747c77c53182e5de70
urn:ure:smg:re_FunctionVariant:rmge01-usasm:802cf9fc	0x802CF9FC	584	func_802CF9FC		f4ce3643d305a21025c561754dcca01a4629b6fd73ca9f0f2b5751f76754d65a
urn:ure:smg:re_FunctionVariant:rmge01-usasm:802cfc44	0x802CFC44	228	func_802CFC44		90d23a2c10e4daf87f8d2accfeb48293d48cdc7bcbebf5b597101d439404084c
urn:ure:smg:re_FunctionVariant:rmge01-usasm:802cfd28	0x802CFD28	184	func_802CFD28		111020058dfeda97f90b3f40bfb9dc85fb013426b0e05809293688f05da12598
urn:ure:smg:re_FunctionVariant:rmge01-usasm:802cfde0	0x802CFDE0	884	func_802CFDE0		592a890cb874192057545064201772d0d26f80ae2624ec3e52a60bbd56c19785
urn:ure:smg:re_FunctionVariant:rmge01-usasm:802d0154	0x802D0154	256	func_802D0154		1d328bd7ad1a5de1358129ab79549b27335ca8dda4d430b07aca06d84fe4a46d
urn:ure:smg:re_FunctionVariant:rmge01-usasm:802d0254	0x802D0254	100	func_802D0254		cde474f0f863e460c62fe4604a646b6457a508974bf5cb46bc2d2f7bc2047a8a
urn:ure:smg:re_FunctionVariant:rmge01-usasm:802d02b8	0x802D02B8	3008	func_802D02B8		1e2f3944be8a72f3d112c8dbf465d0d4c84ef76f3525ddcdbba62ec11facfe2d
urn:ure:smg:re_FunctionVariant:rmge01-usasm:802d0e78	0x802D0E78	1292	func_802D0E78		9f742bd8c1e8c89e0c99cee38d1f94728c713e908d02cd5cc964198f36ac0f48
urn:ure:smg:re_FunctionVariant:rmge01-usasm:802d1384	0x802D1384	152	func_802D1384		dceaa9c3626c0106843a0d223531d5734fe43e7212327fbbe3b9c8152e6e1b3a
urn:ure:smg:re_FunctionVariant:rmge01-usasm:802d141c	0x802D141C	72	func_802D141C		79451f1432d479982dfb377f1fd4e6ef28cb480e9c3769498ca46fd4c8ec7f17
urn:ure:smg:re_FunctionVariant:rmge01-usasm:802d1464	0x802D1464	72	func_802D1464		dcb44996e881e1fdb283e8dbba874722f2e1343a6a022c1c24e93a25d98945be
urn:ure:smg:re_FunctionVariant:rmge01-usasm:802d14ac	0x802D14AC	72	func_802D14AC		504bd10ae35104c193e236257728fda37e8112aea102178b1f1673b8edb034da
urn:ure:smg:re_FunctionVariant:rmge01-usasm:802d14f4	0x802D14F4	64	func_802D14F4		454a1e355ea53fd67ba64133d32df58016dbd23520b361900b5c45c1d096e8c4
urn:ure:smg:re_FunctionVariant:rmge01-usasm:802d1534	0x802D1534	120	func_802D1534		2ae2daa7ac70e738407d7dc0d9a257f0d74929bbd8ea351323e43750d32d76da
urn:ure:smg:re_FunctionVariant:rmge01-usasm:802d15ac	0x802D15AC	8	func_802D15AC		471a26d142f70216b40ee2ad70f28eb7815a91062d8d2fc7adf6e3ad2bfc2638
urn:ure:smg:re_FunctionVariant:rmge01-usasm:802d15b4	0x802D15B4	256	func_802D15B4		6cf1fe8f7f5afca7ef489baa5834d93215c80ed1908c07c1b114df1b0bcb3089
urn:ure:smg:re_FunctionVariant:rmge01-usasm:802d16b4	0x802D16B4	160	func_802D16B4		f638410c59ffe22cf97af4caff23ed3c2ef0ea877c4188adfbe54db1f668cbc5
urn:ure:smg:re_FunctionVariant:rmge01-usasm:802d1754	0x802D1754	784	func_802D1754		e932fcc0168b38c865855487e586539f3d7d22b10c3b480f6477c01a4cf8307f
urn:ure:smg:re_FunctionVariant:rmge01-usasm:802d1a64	0x802D1A64	36	func_802D1A64		36b36da62fabe8c955d092b32effe1c05e1a00fafe184049116819b2ee038d80
urn:ure:smg:re_FunctionVariant:rmge01-usasm:802d1a88	0x802D1A88	220	func_802D1A88		876565b24d7b8cba742b41f0d9951243872cb7643c88173b6e33ea8e9eb99562
urn:ure:smg:re_FunctionVariant:rmge01-usasm:802d1b64	0x802D1B64	216	func_802D1B64		c771821e3023bad24cf245f83584c2b8fdb3c336f7576d1acc25b94a2da152ad
urn:ure:smg:re_FunctionVariant:rmge01-usasm:802d1c3c	0x802D1C3C	136	func_802D1C3C		ea57b3f896374b84ddd71edd26ab5ae09ff5bf52701486834587137d27f33f96
urn:ure:smg:re_FunctionVariant:rmge01-usasm:802d1cc4	0x802D1CC4	152	func_802D1CC4		59931809d0bb4d7847218bd96a615ecb9219610641c80dc398cb42891ea35872
urn:ure:smg:re_FunctionVariant:rmge01-usasm:802d1d5c	0x802D1D5C	188	func_802D1D5C		1ab06fd2b83da2e3be1984184c4fd143d614038b291e8a6622cc3e80c55745ea
urn:ure:smg:re_FunctionVariant:rmge01-usasm:802d1e18	0x802D1E18	680	func_802D1E18		11044b58023ad7483624a24c70dd21949c0a65b125d2bee2c098686b5daa2560
urn:ure:smg:re_FunctionVariant:rmge01-usasm:802d20c0	0x802D20C0	1656	func_802D20C0		b2c6a17f01d29141f115fb814042c9fcc48d08be6506516d98b610d7ab736d47
urn:ure:smg:re_FunctionVariant:rmge01-usasm:802d2738	0x802D2738	716	func_802D2738		000548fe3625c4f03c4ef8ddfeddfb6ab71a08d6136a16182da11ba6866fcd13
urn:ure:smg:re_FunctionVariant:rmge01-usasm:802d2a04	0x802D2A04	2504	func_802D2A04		9cef2ce143cd0d7e6323a49799e67955d7bef819b88349ca66bded287dcccea4
urn:ure:smg:re_FunctionVariant:rmge01-usasm:802d33cc	0x802D33CC	136	func_802D33CC		3c10f614bc83f1fb3777471ef18281e62c3ec4e5e3e420e024d878884198fee1
urn:ure:smg:re_FunctionVariant:rmge01-usasm:802d3454	0x802D3454	5176	func_802D3454		2d7125ac487805595cd4e7446b4f7d428c4803f70f25abc4f36ac2fcfe2522d4
urn:ure:smg:re_FunctionVariant:rmge01-usasm:802d488c	0x802D488C	216	func_802D488C		d76509959fed1d968641bc6ac0314c603ad4839004bcb076fd9bb512817e6c1c
urn:ure:smg:re_FunctionVariant:rmge01-usasm:802d4964	0x802D4964	1180	func_802D4964		073f4daac77797e5f04f16d855d5d53cff0d55f7a8cb921d04ef9b1f2fc53849
urn:ure:smg:re_FunctionVariant:rmge01-usasm:802d4e00	0x802D4E00	36	func_802D4E00		e53e654c5a00036f18e82b5d82b2b130469dbd462511858f1544aed9ddcff8e2
urn:ure:smg:re_FunctionVariant:rmge01-usasm:802d4e24	0x802D4E24	292	func_802D4E24		e59d21f762e485fd2a30fbf7285150ec1a96bde8be25ceec9cf60a236c53bbe5
urn:ure:smg:re_FunctionVariant:rmge01-usasm:802d4f48	0x802D4F48	264	func_802D4F48		8fda8d9d62a7ebefcabd47e8908ec3404a668cd96ae96c0ff137d0fb0bcf3934
urn:ure:smg:re_FunctionVariant:rmge01-usasm:802d5050	0x802D5050	164	func_802D5050		aa087f203e7eafd50a944e881c0c80941f6227f06d134419d9fc5cf20f6fcc08
urn:ure:smg:re_FunctionVariant:rmge01-usasm:802d50f4	0x802D50F4	556	func_802D50F4		3dbada9161f2a309fae86a9298e9bff626fc07171bd471fe2d2cc075f107197e
urn:ure:smg:re_FunctionVariant:rmge01-usasm:802d5320	0x802D5320	128	func_802D5320		8bab8f292f11d5828a1e4638dae802c4ad5b5f262cbf42aefb9cb65ab5d5b957
urn:ure:smg:re_FunctionVariant:rmge01-usasm:802d53a0	0x802D53A0	436	func_802D53A0		a72fab1307b658897e39ded717141086a1dad3d784133e7ec966b490c8d22cbb
urn:ure:smg:re_FunctionVariant:rmge01-usasm:802d5554	0x802D5554	432	func_802D5554		740dd2e85c01fa4014d9e3ecd17f7de9cfc4a1fdb7e1dc621bf193c360266d24
urn:ure:smg:re_FunctionVariant:rmge01-usasm:802d5704	0x802D5704	380	func_802D5704		10b9a08c1993258908362d746d215c61ef876a54f9e269803e605936b0a06f98
urn:ure:smg:re_FunctionVariant:rmge01-usasm:802d5880	0x802D5880	152	func_802D5880		3857f0c88a9acc23763fbc8ec67bde2088008bc269558826b52b6a66805efb36
urn:ure:smg:re_FunctionVariant:rmge01-usasm:802d5918	0x802D5918	152	func_802D5918		7ba1c12c361ed5ef4222bcb80c6610a9e549a49de603dc1617b24e33ad706b25
urn:ure:smg:re_FunctionVariant:rmge01-usasm:802d59b0	0x802D59B0	236	func_802D59B0		4e347df1e425067394a0e0b9cd81bb76a4f168b5a0f20853ddec8a32aced9b88
urn:ure:smg:re_FunctionVariant:rmge01-usasm:802d5a9c	0x802D5A9C	704	func_802D5A9C		a7d9e9c19c10cc2fe2c9be6b9970dbaa62db2a22dc28d79416bc3090b01eaf70
urn:ure:smg:re_FunctionVariant:rmge01-usasm:802d5d5c	0x802D5D5C	92	func_802D5D5C		e28dc5a8f02251627cfb10c28623a498e00824be736262ad99415b30446199cd
urn:ure:smg:re_FunctionVariant:rmge01-usasm:802d5db8	0x802D5DB8	112	func_802D5DB8		dc87de10bafb67707ebc0e6791613698a900ef6e05a2291b4d536604bd0f52cc
urn:ure:smg:re_FunctionVariant:rmge01-usasm:802d5e28	0x802D5E28	1688	func_802D5E28		26998d6c1b88d9eaaa90d00efde9e4cd642e82d9452f2f70d890ac64f31704a8
urn:ure:smg:re_FunctionVariant:rmge01-usasm:802d64c0	0x802D64C0	72	func_802D64C0		954c28f9d4bf05e5afb1f29359e8609838e05dc86e5c0a175b8703d604b89992
urn:ure:smg:re_FunctionVariant:rmge01-usasm:802d6508	0x802D6508	100	func_802D6508		173a0d2bd1f2ca826c78edd4af410c6a95d6049184546e61377b4b9b81b985b3
urn:ure:smg:re_FunctionVariant:rmge01-usasm:802d656c	0x802D656C	108	func_802D656C		675114dc6ae9d8ff0ec918fee93920efc60e4527be78e1b074522956356d88bf
urn:ure:smg:re_FunctionVariant:rmge01-usasm:802d65d8	0x802D65D8	304	func_802D65D8		218d41134afc271e70d7781cb89cf48381f58ec767e22eecd1496a79e7691181
urn:ure:smg:re_FunctionVariant:rmge01-usasm:802d6708	0x802D6708	84	func_802D6708		3a1d34b7971333e62cf71ae6821ce209ee1656d4c6c82fb1b31954025cb73936
urn:ure:smg:re_FunctionVariant:rmge01-usasm:802d675c	0x802D675C	260	func_802D675C		23dd676ebbde2d0126d4520c04839a316f79c544256bad179882ad494e5bad4a
urn:ure:smg:re_FunctionVariant:rmge01-usasm:802d6860	0x802D6860	1920	func_802D6860		77f2ab16ddec44a100cf06e671bb0da92d9bc3ae31f84b6929c19e87b0945a7e
urn:ure:smg:re_FunctionVariant:rmge01-usasm:802d6fe0	0x802D6FE0	144	func_802D6FE0		61394e50d01b95cdbf1a4b824d159d8b1ab3f4d3821c11ccfdbe6a1e78db63f7
urn:ure:smg:re_FunctionVariant:rmge01-usasm:802d7070	0x802D7070	72	func_802D7070		a9c511fcf0af2a906263de7bd3c2d534fcd6f1a673ad430d4b64b7d55ce55ab7
urn:ure:smg:re_FunctionVariant:rmge01-usasm:802d70b8	0x802D70B8	200	func_802D70B8		bb57645af330852c498d17f247d4a1ac81d7ebb9c8ad7fc7e58b29b2eab84c32
urn:ure:smg:re_FunctionVariant:rmge01-usasm:802d7180	0x802D7180	180	func_802D7180		016545721eeef76c4f4168f9d5399e0d760f305f2e1e8dde3e2400e4952520e8
urn:ure:smg:re_FunctionVariant:rmge01-usasm:802d7234	0x802D7234	312	func_802D7234		1d80be93d99cb2ff3235d3a1330d771f989df1d8f3305cfaf07062b3cd75a660
urn:ure:smg:re_FunctionVariant:rmge01-usasm:802d736c	0x802D736C	308	func_802D736C		7b8665e030352c86e5149f3812066a5aee5af67034b3b5af88f7dbdbeb958877
urn:ure:smg:re_FunctionVariant:rmge01-usasm:802d74a0	0x802D74A0	532	func_802D74A0		3c42dbc871e19bf33a5864dd69fd3b10f660676a39ca7aacd628c4d99a3a3518
urn:ure:smg:re_FunctionVariant:rmge01-usasm:802d76b4	0x802D76B4	240	func_802D76B4		27ca0f613c9f5e903c08b437fb6cc6e45de7d4a3a280a7f00cd6ffd41028d3cd
urn:ure:smg:re_FunctionVariant:rmge01-usasm:802d77a4	0x802D77A4	1332	func_802D77A4		675e0e0cc9fafc9e8101f153b55fa87827310f7edb2d0b9ba9648d134d4a2790
urn:ure:smg:re_FunctionVariant:rmge01-usasm:802d7cd8	0x802D7CD8	304	func_802D7CD8		3d22c73947ebb4ad18dea3a79bb35a5fb33e982efce72b6a10cf0e66da7085f1
urn:ure:smg:re_FunctionVariant:rmge01-usasm:802d7e08	0x802D7E08	152	func_802D7E08		ab75d9b7e42d18d002799e79bf029bb96dbecc005ba41ba6d8c0560545c7736c
urn:ure:smg:re_FunctionVariant:rmge01-usasm:802d7ea0	0x802D7EA0	344	func_802D7EA0		d5f112c34c83064b7d2f97c688cae8903bbd25d14d5599b21759280264e8386a
urn:ure:smg:re_FunctionVariant:rmge01-usasm:802d7ff8	0x802D7FF8	244	func_802D7FF8		bf5380b30cc608b87130c7fd4c711c7f2ce66e723fcaabc06a7ba290c1c333d9
urn:ure:smg:re_FunctionVariant:rmge01-usasm:802d80ec	0x802D80EC	1000	func_802D80EC		eb9088a82440baf4fedb3661856d02942960f80650cca95055f7bedd8694ea78
urn:ure:smg:re_FunctionVariant:rmge01-usasm:802d84d4	0x802D84D4	200	func_802D84D4		ac51cd0e55aba870f31ebd777ca511e1071e6adf82034abbcd09f5ff953cbf57
urn:ure:smg:re_FunctionVariant:rmge01-usasm:802d859c	0x802D859C	1440	func_802D859C		eb4e069e7354126a79410864b980f79eceb6a2b70f41e9fc8bb6364e7f26cb3d
urn:ure:smg:re_FunctionVariant:rmge01-usasm:802d8b3c	0x802D8B3C	20	func_802D8B3C		0a55300795456b5f518f60eb2df7b60261759e5b381f3f36e7901af96b86cfcc
urn:ure:smg:re_FunctionVariant:rmge01-usasm:802d8b50	0x802D8B50	624	func_802D8B50		864a613d30f84c422f9b070590b7bc8b3e30cecc58ba86e277c04a4b7dee7030
urn:ure:smg:re_FunctionVariant:rmge01-usasm:802d8dc0	0x802D8DC0	20	func_802D8DC0		d80f9cba5967b9899978a223a7f217a96d4723d3e7dfa8fe9fb00c6e288bf700
urn:ure:smg:re_FunctionVariant:rmge01-usasm:802d8dd4	0x802D8DD4	188	func_802D8DD4		c6c07ec0070c460a9e1005d487025888c7a38cf0b1599b24b5aeaeb54c99b371
urn:ure:smg:re_FunctionVariant:rmge01-usasm:802d8e90	0x802D8E90	792	func_802D8E90		018ff446a87a5cc1456f1e13711ea02e174bf7dd8afe6d867f4e0d9bad52f3d0
urn:ure:smg:re_FunctionVariant:rmge01-usasm:802d91a8	0x802D91A8	164	func_802D91A8		40e1c2165b8dc677ce17d8ca98adf2e3c73e4c87c8f4b4ea94b1753f6f6cdf0d
urn:ure:smg:re_FunctionVariant:rmge01-usasm:802d924c	0x802D924C	192	func_802D924C		69f4ff3bf8dcd718f02490a0b97639f84edc66a4dd2fc2bbd22ab7853603f190
urn:ure:smg:re_FunctionVariant:rmge01-usasm:802d930c	0x802D930C	104	func_802D930C		fb595d8b43995cbe8b81228cf801172b56cd0ecc3df3d3ca403b2bad7725d230
urn:ure:smg:re_FunctionVariant:rmge01-usasm:802d9374	0x802D9374	1276	func_802D9374		c8f1493d3232a866bee89831996e8be1b4dfeadff2895c57cf0038a35e8bc78a
urn:ure:smg:re_FunctionVariant:rmge01-usasm:802d9870	0x802D9870	312	func_802D9870		8686be669b683fab197a7ceb8249a9e80e48c869185f904d6bd99d199c82bcba
urn:ure:smg:re_FunctionVariant:rmge01-usasm:802d99a8	0x802D99A8	1948	func_802D99A8		25b0ec1d5c47c7906b7f5a631844dd5dfc7513ff3fa3ec8c9d671f59612a69a0
urn:ure:smg:re_FunctionVariant:rmge01-usasm:802da144	0x802DA144	152	func_802DA144		4b8fdba2edb4e8539578c1393f3cedc43af1eddaec39a5a55a0784ed2cdf4fff
urn:ure:smg:re_FunctionVariant:rmge01-usasm:802da1dc	0x802DA1DC	152	func_802DA1DC		2f3a9d35c3f8b4325f1b6b11bee37c009fdeac84713efccd3fb14e810f83c948
urn:ure:smg:re_FunctionVariant:rmge01-usasm:802da274	0x802DA274	96	func_802DA274		b5c8251cc2cf42909994fd3408746af82c541a3ee94458ab8cbd1d744a61af82
urn:ure:smg:re_FunctionVariant:rmge01-usasm:802da2d4	0x802DA2D4	396	func_802DA2D4		7fd6ba5e39d4ac58b508ed6aec271d72a10084a40b97e49123f3523e3a3c66ac
urn:ure:smg:re_FunctionVariant:rmge01-usasm:802da460	0x802DA460	680	func_802DA460		b211e01b8b040294f7c5154a2fe6d6f10d1515c8a9b6ca10b5a10b21abbe6726
urn:ure:smg:re_FunctionVariant:rmge01-usasm:802da708	0x802DA708	828	func_802DA708		71712cd0496eeab4e63bffb70d35a13cd9bd4a303b539b4996ab08d5e05c9450
urn:ure:smg:re_FunctionVariant:rmge01-usasm:802daa44	0x802DAA44	160	func_802DAA44		f324767ed928d063918914fab904892da6a980572c351447ed7b0217bb2c60bf
urn:ure:smg:re_FunctionVariant:rmge01-usasm:802daae4	0x802DAAE4	280	func_802DAAE4		27fa63a0edf7ab20f7887aa864eb833d1408f070e9197b8215e75fa92162c3db
urn:ure:smg:re_FunctionVariant:rmge01-usasm:802dabfc	0x802DABFC	2296	func_802DABFC		1e06ab2013331475ca401d4e3ee86d3ebbaebc2ed7a5144655ddefc2b10768f7
urn:ure:smg:re_FunctionVariant:rmge01-usasm:802db4f4	0x802DB4F4	188	func_802DB4F4		ee7bfeb5bed34ce20d2b0bc991ef81e6bdf33ee40a30ccc5f98c77781d484529
urn:ure:smg:re_FunctionVariant:rmge01-usasm:802db5b0	0x802DB5B0	1732	func_802DB5B0		18389e27877899f105aecb2e6fb5f77faa1194f0fddb34e68c6db5902446c6f4
urn:ure:smg:re_FunctionVariant:rmge01-usasm:802dbc74	0x802DBC74	188	func_802DBC74		5a06d24a5ac6a07005de6462bd575219797412f4fec11be7e3ffc64615eac3e9
urn:ure:smg:re_FunctionVariant:rmge01-usasm:802dbd30	0x802DBD30	668	func_802DBD30		34f53e3f308a79ff4420bad8bb3cb70060d37132cac067f2736f2d1dff2389c9
urn:ure:smg:re_FunctionVariant:rmge01-usasm:802dbfcc	0x802DBFCC	288	func_802DBFCC		09c6ad89ff9a667fe45f1cbb6a82c31f073d712465d65226cafff11f6f1d70ef
urn:ure:smg:re_FunctionVariant:rmge01-usasm:802dc0ec	0x802DC0EC	564	func_802DC0EC		5ee091b6c3ece0a53db0298e4d46eb5a7aae2c24ec948901b17ccddddc3fe580
urn:ure:smg:re_FunctionVariant:rmge01-usasm:802dc320	0x802DC320	376	func_802DC320		f87bf3e3f0382e6e25a6bc9b33ea0ad31da40af020a524e5fa44b266626232ff
urn:ure:smg:re_FunctionVariant:rmge01-usasm:802dc498	0x802DC498	108	func_802DC498		41ea7eb6bc811e3a57b2da216f03ccf7553135d0a084f7c1ee852af736498122
urn:ure:smg:re_FunctionVariant:rmge01-usasm:802dc504	0x802DC504	1176	func_802DC504		f96040f16f29bf71eb945d167baec02b127f21e43b4aa0c7583ee98d4e028ded
urn:ure:smg:re_FunctionVariant:rmge01-usasm:802dc99c	0x802DC99C	1196	func_802DC99C		cbece9565acc252f1a00db46864ac540c2cfe19a63a3ddddc4140cbe804a5ac1
urn:ure:smg:re_FunctionVariant:rmge01-usasm:802dce48	0x802DCE48	1988	func_802DCE48		06dc9a153213485e30f81fa2a1424937411c6c15b1685758404d1716c225f03b
urn:ure:smg:re_FunctionVariant:rmge01-usasm:802dd60c	0x802DD60C	292	func_802DD60C		a70346354c7997b4534266c48971f792dbd72177867326434ee907c15e670224
urn:ure:smg:re_FunctionVariant:rmge01-usasm:802dd730	0x802DD730	40	func_802DD730		232cd004ce8b233dc43f2d7a219bf4b0284d71e328b8e2279812822c6aa7f1df
urn:ure:smg:re_FunctionVariant:rmge01-usasm:802dd758	0x802DD758	40	func_802DD758		677fc0ad3430830d3ed6abed7404237effc4e5dbb7591f2696e581ec6ed90de8
urn:ure:smg:re_FunctionVariant:rmge01-usasm:802dd780	0x802DD780	184	func_802DD780		91b176811cc67820267e8de096e69297e580e76d4ab583fdc09d7f7d00438937
urn:ure:smg:re_FunctionVariant:rmge01-usasm:802dd838	0x802DD838	64	func_802DD838		03f9d06fd088f6f1d557e7df29da97a9f79982f170dc7cd92052db1404ec1ce2
urn:ure:smg:re_FunctionVariant:rmge01-usasm:802dd878	0x802DD878	804	func_802DD878		c62c1a2fed5ceb5659ad08b97335ccf0da4407ebda8084cb9e2c3bcb4d9d6519
urn:ure:smg:re_FunctionVariant:rmge01-usasm:802ddb9c	0x802DDB9C	140	func_802DDB9C		401914d460deaa3019204a8371dffb968cafb0861d375d75beb873cfe79fed90
urn:ure:smg:re_FunctionVariant:rmge01-usasm:802ddc28	0x802DDC28	128	func_802DDC28		8b3fb6b337015f799c4972e443c1f7641f02a7368e3241208616720b0a53b139
urn:ure:smg:re_FunctionVariant:rmge01-usasm:802ddca8	0x802DDCA8	128	func_802DDCA8		c9436b6adac7364c7438cf0926ff838825523b33e1f2010d29973f4ac9d17e84
urn:ure:smg:re_FunctionVariant:rmge01-usasm:802ddd28	0x802DDD28	1112	func_802DDD28		e09d719c4b8bf3119f3fcec4f4844474482e9d7b7cde43d6623b9fe01630624f
urn:ure:smg:re_FunctionVariant:rmge01-usasm:802de180	0x802DE180	220	func_802DE180		0eee81a926edd4a5373df9f3a57b1854d86c4275483a21c1a9fb56d08464aad5
urn:ure:smg:re_FunctionVariant:rmge01-usasm:802de25c	0x802DE25C	144	func_802DE25C		c866df434e6ffb26db96b847aaa9c005e3de1c67551aa3c9541aa342d42eafb7
urn:ure:smg:re_FunctionVariant:rmge01-usasm:802de2ec	0x802DE2EC	504	func_802DE2EC		bb801d00e34ca1108a649152069a885a9ea435061485385c171a1fa082e2d4bf
urn:ure:smg:re_FunctionVariant:rmge01-usasm:802de4e4	0x802DE4E4	144	func_802DE4E4		b568d1049b89ad8c51dbcea95d497d5a9009e227a4e9be8af4115de20d9e4b41
urn:ure:smg:re_FunctionVariant:rmge01-usasm:802de574	0x802DE574	176	func_802DE574		b6b1fa923641e51f6050ad6e52f7e7051ff9fcc7a2983098a8fc5ba75566a396
urn:ure:smg:re_FunctionVariant:rmge01-usasm:802de624	0x802DE624	1256	func_802DE624		011435e34bbc2983145be7bb93165d1fb7453986742405c18ec912ec18035afe
urn:ure:smg:re_FunctionVariant:rmge01-usasm:802deb0c	0x802DEB0C	92	func_802DEB0C		ed6dbcab97bf3e283321042d8e930346a27b0e11930a104005ad1a74c31d0671
urn:ure:smg:re_FunctionVariant:rmge01-usasm:802deb68	0x802DEB68	136	func_802DEB68		313ce9242174b4c705e4433dd243ccc1cb8b1ed869a35c26232ea514514a59fe
urn:ure:smg:re_FunctionVariant:rmge01-usasm:802debf0	0x802DEBF0	4252	func_802DEBF0		6036bff6deae11783011e13f2f7311d8ddb3ea9c1f4aa6451ebecac9946a75d8
urn:ure:smg:re_FunctionVariant:rmge01-usasm:802dfc8c	0x802DFC8C	848	func_802DFC8C		b7dc6259b1c2676a1f1064c843d8a874c03681c9e54207b83e00fe980cc45333
urn:ure:smg:re_FunctionVariant:rmge01-usasm:802dffdc	0x802DFFDC	908	func_802DFFDC		67d85ba9a101e05b82361a5824aa295785f6956e2a54e811fe33583b403f725a
urn:ure:smg:re_FunctionVariant:rmge01-usasm:802e0368	0x802E0368	476	func_802E0368		30b69a4f92ed491fb648b6e4d6532f93227efb92f3157ecd5f1494c041b4ceed
urn:ure:smg:re_FunctionVariant:rmge01-usasm:802e0544	0x802E0544	3888	func_802E0544		06494d5a896cade04aebc48f1b6619202deff13a94fccc71b1555cf22ecfe529
urn:ure:smg:re_FunctionVariant:rmge01-usasm:802e1474	0x802E1474	164	func_802E1474		7f752a751c5605c0f1b9d29b2ee539a2d266fe0605dacf5da66aa878096c874d
urn:ure:smg:re_FunctionVariant:rmge01-usasm:802e1518	0x802E1518	8	func_802E1518		f1309f6b2cfb12dd91ec2f07ea4b087ebb9126181127fe34007d43ffcbfbcae7
urn:ure:smg:re_FunctionVariant:rmge01-usasm:802e1520	0x802E1520	8	func_802E1520		5d9a1b452d6935a19a897fdbed86c41fbed9fe502cda3ec46eb9648aa3405b9a
urn:ure:smg:re_FunctionVariant:rmge01-usasm:802e1528	0x802E1528	40	func_802E1528		6766d1bbeeb1e6d50600fbf3d0420cf9f4ea85e0af18be01f2f5b9d60e55e8a5
urn:ure:smg:re_FunctionVariant:rmge01-usasm:802e1550	0x802E1550	572	func_802E1550		118860406cf570912348df3b9106b3be5950aed9a0787d4102ad0c15508229f0
urn:ure:smg:re_FunctionVariant:rmge01-usasm:802e178c	0x802E178C	160	func_802E178C		d5475526f3f1ca9f1b4b282ab38c1761ab4cd1a17f85ad9f6b14be318f35d55a
urn:ure:smg:re_FunctionVariant:rmge01-usasm:802e182c	0x802E182C	52	func_802E182C		ad14952353e191917bc9842e0e455b41a861664be4bef7822b6c627ddde806fe
urn:ure:smg:re_FunctionVariant:rmge01-usasm:802e1860	0x802E1860	3360	func_802E1860		57e28a90431a189103706ba6c53cb5a56ae6fec747fe3d86b4580f96b9e9cd45
urn:ure:smg:re_FunctionVariant:rmge01-usasm:802e2580	0x802E2580	604	func_802E2580		698013c53412d058e1d9f2dbce9717762404af03a7cd58a665e51558a58b28cf
urn:ure:smg:re_FunctionVariant:rmge01-usasm:802e27dc	0x802E27DC	860	func_802E27DC		051f7bfc51b1cb21eb987859ef7a1ac8d6246d0389163b16b1cd96def24f1ee6
urn:ure:smg:re_FunctionVariant:rmge01-usasm:802e2b38	0x802E2B38	544	func_802E2B38		9a66ade158404cc5d08c7c101ea79bb8d4e1fd830a150eb7b93b881d14148313
urn:ure:smg:re_FunctionVariant:rmge01-usasm:802e2d58	0x802E2D58	536	func_802E2D58		c8f39195bdbc3f7765726b28499d0254f9e48bda2358b1bac33fb67ab53bd59a
urn:ure:smg:re_FunctionVariant:rmge01-usasm:802e2f70	0x802E2F70	356	func_802E2F70		9937c410f6b8eb73ea360f0d76afd7bf0c6b5cece8623509a5e428fd2f6d4e9d
urn:ure:smg:re_FunctionVariant:rmge01-usasm:802e30d4	0x802E30D4	656	func_802E30D4		1ef8d85e09851a603a14d948d610d4e49ac8f43216dc19e958b266e8d74d1c22
urn:ure:smg:re_FunctionVariant:rmge01-usasm:802e3364	0x802E3364	20	func_802E3364		539bb895c863e0971dec78b21b10de804d84925e69c530b2763a9beb179c7ba9
urn:ure:smg:re_FunctionVariant:rmge01-usasm:802e3378	0x802E3378	20	func_802E3378		7f61c4b33936a84c32b99c51e23b7a74229ef2ecf052ce01e48b35837ec15e20
urn:ure:smg:re_FunctionVariant:rmge01-usasm:802e338c	0x802E338C	316	func_802E338C		9c2dc76f880c72c489c4d3ee865350624eb8dd7dbd5b6ec89b3cc9f1c9f47c76
urn:ure:smg:re_FunctionVariant:rmge01-usasm:802e34c8	0x802E34C8	180	func_802E34C8		7ee807798136c7b781db6a09072cfcc90cf2f6df40a967208ab419616e993840
urn:ure:smg:re_FunctionVariant:rmge01-usasm:802e357c	0x802E357C	220	func_802E357C		f2ffa16adce3122166aea1ec5635561f19bc86e4f2d56f2b3a3d32b3688dae93
urn:ure:smg:re_FunctionVariant:rmge01-usasm:802e3658	0x802E3658	256	func_802E3658		6d339234aa9eaa3de82fd1ce1b35c53d431034d6ee5f7c1e58dde1140bc0cbd1
urn:ure:smg:re_FunctionVariant:rmge01-usasm:802e3758	0x802E3758	352	func_802E3758		f3f93dad08a13814c59d32adbe33759d548faa10d5e8e8b146a5c85263e806f5
urn:ure:smg:re_FunctionVariant:rmge01-usasm:802e38b8	0x802E38B8	280	func_802E38B8		511b7793cdc4e3c62e9d26d21d677372b76a9deb8ac357b1e9797a1c35f0124b
urn:ure:smg:re_FunctionVariant:rmge01-usasm:802e39d0	0x802E39D0	832	func_802E39D0		64624f4b0e7ca1415cf20c96ad1e45676b5c417b93ad15e07d63c4e6d89ad74e
urn:ure:smg:re_FunctionVariant:rmge01-usasm:802e3d10	0x802E3D10	352	func_802E3D10		b064da4bf4435438f69f58204a3896fa0a08809a25d36958ed40a771c6df85d7
urn:ure:smg:re_FunctionVariant:rmge01-usasm:802e3e70	0x802E3E70	1424	func_802E3E70		f2e09dec25f6f2a0f21f35552d273518b50b5dd0512f312445910870afffad35
urn:ure:smg:re_FunctionVariant:rmge01-usasm:802e4400	0x802E4400	12	func_802E4400		0b85de4eb8f738f1dc5225df32342f7b8a5bda029c07b0e5d53c741f46fb74ce
urn:ure:smg:re_FunctionVariant:rmge01-usasm:802e440c	0x802E440C	100	func_802E440C		8c65940988dada18d9f3595f9b63e3941ebab44abb413002a28d01f89371225b
urn:ure:smg:re_FunctionVariant:rmge01-usasm:802e4470	0x802E4470	388	func_802E4470		968d2139624dc7a4a44dea39b14301a7bc54706b9ed8bab75ec9856cd06c5f35
urn:ure:smg:re_FunctionVariant:rmge01-usasm:802e45f4	0x802E45F4	176	func_802E45F4		d8855d5aff9c2e396aa5ddf08896272a17aa93cf3aac58c3e5e6a43f80a13773
urn:ure:smg:re_FunctionVariant:rmge01-usasm:802e46a4	0x802E46A4	3248	func_802E46A4		25500d2325b5706b8a402cb61c9040768fbc07c92392dc226a496f3d2288f801
urn:ure:smg:re_FunctionVariant:rmge01-usasm:802e5354	0x802E5354	4	func_802E5354		f332ea5b5437103cbb6f1508679da89eec9288ad775c96c439a17fccabe3de8e
urn:ure:smg:re_FunctionVariant:rmge01-usasm:802e5358	0x802E5358	608	func_802E5358		329b4e48d3ab6195bd2666ccdc2f2fd1c2ca9dc3fa7a8e68946d96c8b90c09bf
urn:ure:smg:re_FunctionVariant:rmge01-usasm:802e55b8	0x802E55B8	588	func_802E55B8		f12025e2b881b541114c1bae865d4076ba9584b365e8d7076400798a71e32205
urn:ure:smg:re_FunctionVariant:rmge01-usasm:802e5804	0x802E5804	240	func_802E5804		9ac3298eb194210626025f090a783f4c57d13fe7ae8e331d38663f817e766d4f
urn:ure:smg:re_FunctionVariant:rmge01-usasm:802e58f4	0x802E58F4	912	func_802E58F4		a38e0bd70e443f483936ae394eac52007c22e7e9142ec231646a84a1c8d5d0e6
urn:ure:smg:re_FunctionVariant:rmge01-usasm:802e5c84	0x802E5C84	2196	func_802E5C84		d390eeaaaac9aad9cb381f7fd4cd4a15bd1901e2edfce7e2ae8e07d279c1a20e
urn:ure:smg:re_FunctionVariant:rmge01-usasm:802e6518	0x802E6518	3104	func_802E6518		00292c00855ddc920688637f58f80dfd9f30bea8b88457ed6e8c2d609c478cd2
urn:ure:smg:re_FunctionVariant:rmge01-usasm:802e7138	0x802E7138	272	func_802E7138		ffa4f97964395a7bc3696bcbd5463e92a4bea3b5ec0bca4d5151dfd79502f1e2
urn:ure:smg:re_FunctionVariant:rmge01-usasm:802e7248	0x802E7248	132	func_802E7248		def21a53cf2c01dc9e15fce7f2f1287c258abefd5ceb34d7c4f4842cda88a5df
urn:ure:smg:re_FunctionVariant:rmge01-usasm:802e72cc	0x802E72CC	16	func_802E72CC		9868c8dfc8c48dc517a0865c7df5c43ebe25c11d3727dcae73d3d91cafe2c87c
urn:ure:smg:re_FunctionVariant:rmge01-usasm:802e72dc	0x802E72DC	84	func_802E72DC		26452203c589e51cf7e281417979689ad90a4d16cac9179ab0c75f53ecb6ce93
urn:ure:smg:re_FunctionVariant:rmge01-usasm:802e7330	0x802E7330	64	func_802E7330		e9c4d42d4cf30ae93c1efbdbed4caf072ab9478d9b8e7ec31f7412ab18c6972c
urn:ure:smg:re_FunctionVariant:rmge01-usasm:802e7370	0x802E7370	896	func_802E7370		24f8dd27b3b4b3030361661bb17a4341ea9e8209706e7ae1236cdd25ee114bae
urn:ure:smg:re_FunctionVariant:rmge01-usasm:802e76f0	0x802E76F0	3408	func_802E76F0		3836f6419caaf450f9d7492f4ea4cf6f1e96dd87730ee9084234e5ae8d71e596
urn:ure:smg:re_FunctionVariant:rmge01-usasm:802e8440	0x802E8440	316	func_802E8440		0302b8081175d791d20bbfe485d268993eb8cafb562d2b66b54d71c7653db5b8
urn:ure:smg:re_FunctionVariant:rmge01-usasm:802e857c	0x802E857C	288	func_802E857C		0e127a75921884305dc5d6e716718c5eded9d63fc6a9585753cc36477a714903
urn:ure:smg:re_FunctionVariant:rmge01-usasm:802e869c	0x802E869C	396	func_802E869C		c06daa1f25e8565fb1adfc50e6e4b6c72bf43696ce82eb551cf97bdf9cc2f99c
urn:ure:smg:re_FunctionVariant:rmge01-usasm:802e8828	0x802E8828	12	func_802E8828		d8f06141ac55fde573c6ef75f6e412937b6239912976466dd70edd5a7b641971
urn:ure:smg:re_FunctionVariant:rmge01-usasm:802e8834	0x802E8834	12	func_802E8834		60887e036e25da103a9cee9104beff7d8c7ae8042fb9ec53544232953619755c
urn:ure:smg:re_FunctionVariant:rmge01-usasm:802e8840	0x802E8840	16	func_802E8840		1380daf86e48a0290f791df532d07369719bc20bb1f0e4dfc67f883276c89f66
urn:ure:smg:re_FunctionVariant:rmge01-usasm:802e8850	0x802E8850	12	func_802E8850		350d79c7a8b0706beb86a10dddea5939dd75688a049e78cf4d4dc29e07e1f5dc
urn:ure:smg:re_FunctionVariant:rmge01-usasm:802e885c	0x802E885C	12	func_802E885C		b54a26d91f4d7ea1ef947dfd78752ad48ffcbb5ea70e5c7c07a2b57211d3134e
urn:ure:smg:re_FunctionVariant:rmge01-usasm:802e8868	0x802E8868	16	func_802E8868		7d945de0f3eb8a6dee455459f776352e7157017116cffed2768e7339a05b226f
urn:ure:smg:re_FunctionVariant:rmge01-usasm:802e8878	0x802E8878	12	func_802E8878		e83a668911f5c18acf1ad706a08ce9dfaea146a140958cd06fbe007474d24f58
urn:ure:smg:re_FunctionVariant:rmge01-usasm:802e8884	0x802E8884	16	func_802E8884		1a370994160d5e70ee9c0727cc55e64dae091bfb9ca89bf342a3ea770d17e9ce
urn:ure:smg:re_FunctionVariant:rmge01-usasm:802e8894	0x802E8894	12	func_802E8894		5c93164c49f95f646801eaabd193c9d9579f4662fdc095a44225465128de3b76
urn:ure:smg:re_FunctionVariant:rmge01-usasm:802e88a0	0x802E88A0	24	func_802E88A0		0fe4e4da49cc4985b84de3a965026dbbd06602fb4d6d017830f9293a13d2cdf6
urn:ure:smg:re_FunctionVariant:rmge01-usasm:802e88b8	0x802E88B8	24	func_802E88B8		487f594caceadedf2344270c27a80fcd93adf4b3b3c193ef30a4d1ec1d741338
urn:ure:smg:re_FunctionVariant:rmge01-usasm:802e88d0	0x802E88D0	24	func_802E88D0		557de3b58b72b4e738496754e4a17e773b19fc569e74ba9dd14dcca5ee905f12
urn:ure:smg:re_FunctionVariant:rmge01-usasm:802e88e8	0x802E88E8	24	func_802E88E8		0b7c483e507a760c37659d1fba3b7f4f8215c791e2fca7aee21d36a422e58e56
urn:ure:smg:re_FunctionVariant:rmge01-usasm:802e8900	0x802E8900	24	func_802E8900		4d11da2893991e2c2aedcff83349fc2157146d023f02fffd8024c8ac4808bd1c
urn:ure:smg:re_FunctionVariant:rmge01-usasm:802e8918	0x802E8918	24	func_802E8918		5b5d5f926dab6c60992dac82a2f639b957110bd9dc1cef1530b88d65822c3df4
urn:ure:smg:re_FunctionVariant:rmge01-usasm:802e8930	0x802E8930	112	func_802E8930		9f677503f978b344f3cb1c1946873c27a62122a572339043ec73ed82e9f174e1
urn:ure:smg:re_FunctionVariant:rmge01-usasm:802e89a0	0x802E89A0	108	func_802E89A0		f98782752de5bd9a7984b8a3eac283d61dc2c2605391b9e40b0fe54e96c19119
urn:ure:smg:re_FunctionVariant:rmge01-usasm:802e8a0c	0x802E8A0C	104	func_802E8A0C		d8ac795c21e0786ea8d06bb8e0a1ccb24480231e6ba4ff0e70b0387a26c82d6e
urn:ure:smg:re_FunctionVariant:rmge01-usasm:802e8a74	0x802E8A74	136	func_802E8A74		d55b9ce6520fec5ddb405a6eca227715ffa9aafcf5b19a514408647baed3c4f9
urn:ure:smg:re_FunctionVariant:rmge01-usasm:802e8afc	0x802E8AFC	12	func_802E8AFC		ad5b996d448a4fd87099993aff74f9a72dbea9da978a2db93bec25f7a9681f75
urn:ure:smg:re_FunctionVariant:rmge01-usasm:802e8b08	0x802E8B08	16	func_802E8B08		987df9b532e717af6d342e52ad8ebf2af279943a5f4c493e72eb4b3c855abdd0
urn:ure:smg:re_FunctionVariant:rmge01-usasm:802e8b18	0x802E8B18	164	func_802E8B18		f6b648303d2d6ae9094c6520cbb07141ec5e7cd786cc747df951f38fd758c1da
urn:ure:smg:re_FunctionVariant:rmge01-usasm:802e8bbc	0x802E8BBC	40	func_802E8BBC		d45923dd1982c15311d2a05f3839038be371e80f7a426d9a3883f0d4756de1dd
urn:ure:smg:re_FunctionVariant:rmge01-usasm:802e8be4	0x802E8BE4	40	func_802E8BE4		bd522dc82c5ea327990a67590686a7d9f78a22882ca9bb2055ee03ce3ab675d5
urn:ure:smg:re_FunctionVariant:rmge01-usasm:802e8c0c	0x802E8C0C	16	func_802E8C0C		a837907a6fafe0645cfde12586bf57d51a1220a6145ee9dceab21ad9b19be917
urn:ure:smg:re_FunctionVariant:rmge01-usasm:802e8c1c	0x802E8C1C	96	func_802E8C1C		ac7ee0e01aba6f2c461ac446454480417edf443c429564b562a37614dcf8d1c7
urn:ure:smg:re_FunctionVariant:rmge01-usasm:802e8c7c	0x802E8C7C	104	func_802E8C7C		df6bbcbe6170151c2f383d1ce8d21739ef97b4ca276c23298b1061381b0270c2
urn:ure:smg:re_FunctionVariant:rmge01-usasm:802e8ce4	0x802E8CE4	116	func_802E8CE4		29d24c472923e29b6ab00e45ed5b47ba7764610ebd804ef444d5dd21e471e553
urn:ure:smg:re_FunctionVariant:rmge01-usasm:802e8d58	0x802E8D58	96	func_802E8D58		5270cc35aef09f83dd780cc1e723c44c8cf40f86759322ea561ed7cb31f859a5
urn:ure:smg:re_FunctionVariant:rmge01-usasm:802e8db8	0x802E8DB8	16	func_802E8DB8		8ab6400a21ec4c8500f64c6993fc1bf280b8a934bdc625e445cae7b264454051
urn:ure:smg:re_FunctionVariant:rmge01-usasm:802e8dc8	0x802E8DC8	12	func_802E8DC8		6e568cc98eb79b4e11421598e5aa00ca2fb13db4b7ed8fd409dd78f730732497
urn:ure:smg:re_FunctionVariant:rmge01-usasm:802e8dd4	0x802E8DD4	96	func_802E8DD4		3f93ea650ee8391791c0350cafd1a144e9e1b38e05adf64a8a21249df2bc4eb4
urn:ure:smg:re_FunctionVariant:rmge01-usasm:802e8e34	0x802E8E34	116	func_802E8E34		7cbeca7b10ffa9c6b0f2342b2a09182ab4cc01d278002385866cbd247917003d
urn:ure:smg:re_FunctionVariant:rmge01-usasm:802e8ea8	0x802E8EA8	116	func_802E8EA8		8da51dd588511d1cc1629752aaaafd4ace39932ea77bbe007c3a2250614397bd
urn:ure:smg:re_FunctionVariant:rmge01-usasm:802e8f1c	0x802E8F1C	52	func_802E8F1C		44605835b11a4c14e62f202591c4da6663572fd10af4bd611714f567137db414
urn:ure:smg:re_FunctionVariant:rmge01-usasm:802e8f50	0x802E8F50	16	func_802E8F50		3dd13f41cd6412d957b0a085271d9e14b77a4b5e1de53663ee6d4e7d1d5e64bd
urn:ure:smg:re_FunctionVariant:rmge01-usasm:802e8f60	0x802E8F60	56	func_802E8F60		437259f88ec45c035a8c14868bba1e78e6803adc821c1a7fd17e75a972dd1bb2
urn:ure:smg:re_FunctionVariant:rmge01-usasm:802e8f98	0x802E8F98	32	func_802E8F98		0257cfa8ee0b0114271a541e328324eb8d2c7ccabedeef1ceb07668f5a574475
urn:ure:smg:re_FunctionVariant:rmge01-usasm:802e8fb8	0x802E8FB8	16	func_802E8FB8		b641ff4767b3d8fdf24f5d0260fa7f4b5a41575a6d9b5a503ce9bbd0edd21922
urn:ure:smg:re_FunctionVariant:rmge01-usasm:802e8fc8	0x802E8FC8	388	func_802E8FC8		25da3eff6bc485b866b9117b5c371d4108d380373251a593acd3d76663e714e6
urn:ure:smg:re_FunctionVariant:rmge01-usasm:802e914c	0x802E914C	16	func_802E914C		bdebf7fd51914a9fd57bb3c05c90468ebc7249d39f541fb3e00163e86563dba2
urn:ure:smg:re_FunctionVariant:rmge01-usasm:802e915c	0x802E915C	44	func_802E915C		d1ae2c4cf344d3ea1146b184ff29afba38f20a3b7d5b20925aaa0dba6ead9c5f
urn:ure:smg:re_FunctionVariant:rmge01-usasm:802e9188	0x802E9188	16	func_802E9188		4c3aa5f62485a56fc4c4ac9300430f7a1dca2b496aa464fd73f98158a4495364
urn:ure:smg:re_FunctionVariant:rmge01-usasm:802e9198	0x802E9198	16	func_802E9198		aca00a6302c791df26c4af029fb79956058475d9478e2c899a41e24c2a945bff
urn:ure:smg:re_FunctionVariant:rmge01-usasm:802e91a8	0x802E91A8	16	func_802E91A8		ac8b7eaa11e5d4b38ccb5886e57c75277d766fb9cd4b83d3cdff201a181516b4
urn:ure:smg:re_FunctionVariant:rmge01-usasm:802e91b8	0x802E91B8	12	func_802E91B8		3f6de37810cb9ee8ac9eb54743a812d626802d5de9201408ce8738961bed65b6
urn:ure:smg:re_FunctionVariant:rmge01-usasm:802e91c4	0x802E91C4	104	func_802E91C4		afbab2987e504f8402a41fe50634add81cf70074052a7790a65dec3ed335bf26
urn:ure:smg:re_FunctionVariant:rmge01-usasm:802e922c	0x802E922C	20	func_802E922C		9d892fb185dc96a59bd25526b2f848bce81c028f08e088785bf5d3262c411668
urn:ure:smg:re_FunctionVariant:rmge01-usasm:802e9240	0x802E9240	16	func_802E9240		6561f0a9b8d5de7d1bd7d7e47390de1f01c34bfa72fd83d0b7bb7530b81d751b
urn:ure:smg:re_FunctionVariant:rmge01-usasm:802e9250	0x802E9250	28	func_802E9250		a49dab5c48d6a36af38ea7759c0e17a0abbd11e523e24c3c8f07a34eda84d0e2
urn:ure:smg:re_FunctionVariant:rmge01-usasm:802e926c	0x802E926C	8	func_802E926C		9cd714651b725d439974eff4e01cd318a275d4ffc4b0a5b45ff409b0b65db223
urn:ure:smg:re_FunctionVariant:rmge01-usasm:802e9274	0x802E9274	8	func_802E9274		1fbc2bfdaa812c17ebfd96c07f01e6cd2057d2e9586a8bf5483766dc371ba662
urn:ure:smg:re_FunctionVariant:rmge01-usasm:802e927c	0x802E927C	8	func_802E927C		40058365c71e2649f381c3299a2996156734161555c9615b6da91fe43d191ab7
urn:ure:smg:re_FunctionVariant:rmge01-usasm:802e9284	0x802E9284	8	func_802E9284		c0c6b8ca235ddfd2104358cf12cad0b63018adcd0050481e1c4575b4b3528b72
urn:ure:smg:re_FunctionVariant:rmge01-usasm:802e928c	0x802E928C	8	func_802E928C		f71b27f44ca788e1932bafb22532d1f23a9411b8d7818e00cedf3d95c985d3f4
urn:ure:smg:re_FunctionVariant:rmge01-usasm:802e9294	0x802E9294	8	func_802E9294		518353d5750786473d6808175de0f11b530f09f54bf85a72c764057145b1d56c
urn:ure:smg:re_FunctionVariant:rmge01-usasm:802e929c	0x802E929C	8	func_802E929C		1316b0b36cca30489eb13ab296de81ef8ddaf21c2ca14446a6f1612ec3ae3e90
urn:ure:smg:re_FunctionVariant:rmge01-usasm:802e92a4	0x802E92A4	8	func_802E92A4		e4de73087874eec65b6f2ee9b22476aebcd118f53378f9ce88c0569991eb184e
urn:ure:smg:re_FunctionVariant:rmge01-usasm:802e92ac	0x802E92AC	12	func_802E92AC		df52dc5d012c7aaee3d993a74c7343128d771d321aec5d8ff66f6e38bd9d7fe2
urn:ure:smg:re_FunctionVariant:rmge01-usasm:802e92b8	0x802E92B8	12	func_802E92B8		4338d173c82dc1329ec17b09b14e8ffa359afa68748c556872c17d7a17aecb87
urn:ure:smg:re_FunctionVariant:rmge01-usasm:802e92c4	0x802E92C4	68	func_802E92C4		34117aa7a190967967d095f6a812a999448f4c83342053f61e224cdbb292e5bb
urn:ure:smg:re_FunctionVariant:rmge01-usasm:802e9308	0x802E9308	12	func_802E9308		0635d599e52b888203b01aed051925897e853834190a186bc3680229ca48a177
urn:ure:smg:re_FunctionVariant:rmge01-usasm:802e9314	0x802E9314	12	func_802E9314		a25c12702fb9e9671c22f9ad16c9cc58ebaa17b6592bc69b35d643b0fa85a1cd
urn:ure:smg:re_FunctionVariant:rmge01-usasm:802e9320	0x802E9320	12	func_802E9320		923aa24038e18f4e6f712b1de5c1c4d5b0e499dfb67166369b73320b8cea826e
urn:ure:smg:re_FunctionVariant:rmge01-usasm:802e932c	0x802E932C	12	func_802E932C		8191d35144d5663bd52f644e3451b9098b22a00788c1fee3146856143e7c3a75
urn:ure:smg:re_FunctionVariant:rmge01-usasm:802e9338	0x802E9338	92	func_802E9338		3f8c1c2b4a01d16e067f182e8aa2ff87c521085816bd63fbca0deb4647652484
urn:ure:smg:re_FunctionVariant:rmge01-usasm:802e9394	0x802E9394	12	func_802E9394		250cda1d62bbd37adecd9169f2d62e8a7b75f33f765ba06bb24ae6c3c17b18be
urn:ure:smg:re_FunctionVariant:rmge01-usasm:802e93a0	0x802E93A0	16	func_802E93A0		888387fdb27effb424508ae5c18a476b7c1c531f302cca31097c5d4bbfa66498
urn:ure:smg:re_FunctionVariant:rmge01-usasm:802e93b0	0x802E93B0	16	func_802E93B0		33628361f148f9768cd66a6d81dc2c8d79e383d4ad9dc3d85a72a8b81603773d
urn:ure:smg:re_FunctionVariant:rmge01-usasm:802e93c0	0x802E93C0	16	func_802E93C0		4b0c5fbf468ebc687da2f59cceb7a88a2faed47821e6cfc36710b8c5e2ea88e0
urn:ure:smg:re_FunctionVariant:rmge01-usasm:802e93d0	0x802E93D0	16	func_802E93D0		be527c0d8a50af6e8a011e226e762bf490aba064eab99d8888c7481f856f6b68
urn:ure:smg:re_FunctionVariant:rmge01-usasm:802e93e0	0x802E93E0	16	func_802E93E0		7ffbab75279e774788c2730c792581b01e00b6a7cdf80f96bfafb4db0b3e015c
urn:ure:smg:re_FunctionVariant:rmge01-usasm:802e93f0	0x802E93F0	16	func_802E93F0		4f679e9059919999b99b11337f6c6b32ebbc5c2df46a17d54fc8fc8e4e8b8dd7
urn:ure:smg:re_FunctionVariant:rmge01-usasm:802e9400	0x802E9400	16	func_802E9400		97a2ba2ca4cbf77675914f28874da70426a5d203970981549f6a7764820062d1
urn:ure:smg:re_FunctionVariant:rmge01-usasm:802e9410	0x802E9410	16	func_802E9410		f7511bb11356cf13e24ab67ae3099f9ddd35d849cbf9b68678b6791bec6b3cbb
urn:ure:smg:re_FunctionVariant:rmge01-usasm:802e9420	0x802E9420	244	func_802E9420		57a23c71c441052d4a4702f68ffcc788d5268aa0fe61063f4d64a724bdc25f52
urn:ure:smg:re_FunctionVariant:rmge01-usasm:802e9514	0x802E9514	16	func_802E9514		ef2961f9e99d566bbc2b448ed66d64e161eec71ff0e01c6cb4813b586a9cced1
urn:ure:smg:re_FunctionVariant:rmge01-usasm:802e9524	0x802E9524	16	func_802E9524		6ef6cbc3d9d7792d15b386f17f526ca2273795e6cfda2d0642c150a514d8315f
urn:ure:smg:re_FunctionVariant:rmge01-usasm:802e9534	0x802E9534	76	func_802E9534		35e990a27bf3cdb77d143fc0825ca6f1a32c744118bcc9fb0124917b27382725
urn:ure:smg:re_FunctionVariant:rmge01-usasm:802e9580	0x802E9580	56	func_802E9580		9dcba9b1c57612d8afbc7698b72e35578bf9c374139e49a8e1fe97821d5837df
urn:ure:smg:re_FunctionVariant:rmge01-usasm:802e95b8	0x802E95B8	264	func_802E95B8		e739152a64db9cbfa18abfa9798a4c5572ee5bd31d57e3fec8ab813cc40eafcf
urn:ure:smg:re_FunctionVariant:rmge01-usasm:802e96c0	0x802E96C0	20	func_802E96C0		fd791bd08c4180fa121ad3ae2ceceecb012fe865efc405a05b89f0fc643add8a
urn:ure:smg:re_FunctionVariant:rmge01-usasm:802e96d4	0x802E96D4	136	func_802E96D4		0174b68f1d01475f2ba08dfb0b9261f7622d00662e022655605734e2b864f2cd
urn:ure:smg:re_FunctionVariant:rmge01-usasm:802e975c	0x802E975C	156	func_802E975C		f57face6955c390ee81a18a1fc249205d15df9af0a4e7f5bb741c8ac3536fd9d
urn:ure:smg:re_FunctionVariant:rmge01-usasm:802e97f8	0x802E97F8	16	func_802E97F8		17c6e9788b926c9e282ced5274933581fd479e8b557f90b9650cb71918666255
urn:ure:smg:re_FunctionVariant:rmge01-usasm:802e9808	0x802E9808	104	func_802E9808		929639fbca4acf736f8be150bf7e53995108a3e7b27336babf6757511b781e2f
urn:ure:smg:re_FunctionVariant:rmge01-usasm:802e9870	0x802E9870	68	func_802E9870		628ea13a2351901a95557be8b80223a98df403ccc650b605915a37ff989f38cb
urn:ure:smg:re_FunctionVariant:rmge01-usasm:802e98b4	0x802E98B4	4	func_802E98B4		8179f606b19333dfbafd7aa87e4e2b997c858cb20a0508cd28d1bf57f42aeaf4
urn:ure:smg:re_FunctionVariant:rmge01-usasm:802e98b8	0x802E98B8	336	func_802E98B8		7c7169a8d2812e37942432688a2adeca4e285292303fea3bbfb4a78dd313265e
urn:ure:smg:re_FunctionVariant:rmge01-usasm:802e9a08	0x802E9A08	6692	func_802E9A08		ad7de8a6fa49816378789636572549ccf664d0e19759ff0f38ef73a17227b2de
urn:ure:smg:re_FunctionVariant:rmge01-usasm:802eb42c	0x802EB42C	656	func_802EB42C		cd79b5958c30b15c0251b7f3b21434c7ca74500383255c0d475d9ab081869ca8
urn:ure:smg:re_FunctionVariant:rmge01-usasm:802eb6bc	0x802EB6BC	96	func_802EB6BC		d45cf3fee401dec5f374b44ad5f1be729a18e4d91fb2157620a081b254d89c52
urn:ure:smg:re_FunctionVariant:rmge01-usasm:802eb71c	0x802EB71C	708	func_802EB71C		7c48f418e707c728012670d81d6394efe089a5bfdf171857a54b892494720cdf
urn:ure:smg:re_FunctionVariant:rmge01-usasm:802eb9e0	0x802EB9E0	108	func_802EB9E0		2b30df9b9ffb59233bd9628391d75114396b90574cbdf39d7c7a15ce7839f86c
urn:ure:smg:re_FunctionVariant:rmge01-usasm:802eba4c	0x802EBA4C	96	func_802EBA4C		59ff58ced08f25685bdf2bad59547ff5d9832293c8b9727bf5d5783739e9921e
urn:ure:smg:re_FunctionVariant:rmge01-usasm:802ebaac	0x802EBAAC	276	func_802EBAAC		a3e685fd3df950e910e9ff39ca79bcb1b71a311949a3b9b90858b61f463c4f77
urn:ure:smg:re_FunctionVariant:rmge01-usasm:802ebbc0	0x802EBBC0	736	func_802EBBC0		3627eff17e1f6995bae5d7c92506955e91b01570a10fbdb03096ca944c730d48
urn:ure:smg:re_FunctionVariant:rmge01-usasm:802ebea0	0x802EBEA0	836	func_802EBEA0		72c9fe76e6aa56b6eb2229f305512238b2cd95598b97682d409fc4c490e149d2
urn:ure:smg:re_FunctionVariant:rmge01-usasm:802ec1e4	0x802EC1E4	168	func_802EC1E4		a05a4221adf11a2a8c76bf1ec93cd7da4a1421b79902c920ad1d7c865509dc68
urn:ure:smg:re_FunctionVariant:rmge01-usasm:802ec28c	0x802EC28C	224	func_802EC28C		ba79f52a7a7e906050100ad1b4479c70d73542ac39efad2427154d93c575b46b
urn:ure:smg:re_FunctionVariant:rmge01-usasm:802ec36c	0x802EC36C	196	func_802EC36C		722022d7ef2e50fbaeaa12c8e2dfc941427316fcf9911830e1ee91d2241d6169
urn:ure:smg:re_FunctionVariant:rmge01-usasm:802ec430	0x802EC430	468	func_802EC430		1084e8a1aa0d69afb1376b7b5e4a7f8af053981c54217f30ee5125c11af3e37e
urn:ure:smg:re_FunctionVariant:rmge01-usasm:802ec604	0x802EC604	460	func_802EC604		a269ccaed8254446d0c5b1fffdafde14fac4795f346c170236e22ba01b3c290d
urn:ure:smg:re_FunctionVariant:rmge01-usasm:802ec7d0	0x802EC7D0	56	func_802EC7D0		a611f97bd70f6fa6af68efe70abc7bc92df969264e475e380784a957a0f54250
urn:ure:smg:re_FunctionVariant:rmge01-usasm:802ec808	0x802EC808	2028	func_802EC808		11354698a2ace79489f716f1b6166d42fa113b6f974f3e78a23d826c7cc17ade
urn:ure:smg:re_FunctionVariant:rmge01-usasm:802ecff4	0x802ECFF4	68	func_802ECFF4		7d6f9d6c4fc918741ec9e29bea4acd3edff201c07d85cadac8ce024fab261722
urn:ure:smg:re_FunctionVariant:rmge01-usasm:802ed038	0x802ED038	16	func_802ED038		ce56fbc49de57e837ef75c5c09684c1b878f9db19f7931d04a46918bb6cd58b5
urn:ure:smg:re_FunctionVariant:rmge01-usasm:802ed048	0x802ED048	4	func_802ED048		f332ea5b5437103cbb6f1508679da89eec9288ad775c96c439a17fccabe3de8e
urn:ure:smg:re_FunctionVariant:rmge01-usasm:802ed04c	0x802ED04C	128	func_802ED04C		dd7dd7e467d749033147d557fda0fbf84e1eb058a8b24bbae9adb089b13af71d
urn:ure:smg:re_FunctionVariant:rmge01-usasm:802ed0cc	0x802ED0CC	216	func_802ED0CC		cb1b9bfb5fd0fca9d3fad461c939a21bf761d02c0d12c3bdbc2a93ef690116cd
urn:ure:smg:re_FunctionVariant:rmge01-usasm:802ed1a4	0x802ED1A4	624	func_802ED1A4		21e7dc37bba7e49e5e75c05d2f1691fce782ca1cb84e2ee3bfa3b76ce0c15297
urn:ure:smg:re_FunctionVariant:rmge01-usasm:802ed414	0x802ED414	868	func_802ED414		9a4000b57f29b3b9997bb7d2ca9384dcedcaaac2a46416f031a76b093d4e2c7f
urn:ure:smg:re_FunctionVariant:rmge01-usasm:802ed778	0x802ED778	268	func_802ED778		96443923095f5d4f9397fb7539c42359df40a2fd814f32d9bbfa1f1bb77f496b
urn:ure:smg:re_FunctionVariant:rmge01-usasm:802ed884	0x802ED884	20	func_802ED884		e93520244b7badf75046d9d8984ea86183fb1dbe7c97fbe9f6314bba6baf725c
urn:ure:smg:re_FunctionVariant:rmge01-usasm:802ed898	0x802ED898	156	func_802ED898		7240d5c5b4798644525d6f2b2868dc14475c7ff043760598534a3431b01cc0f2
urn:ure:smg:re_FunctionVariant:rmge01-usasm:802ed934	0x802ED934	228	func_802ED934		5cc5f42d1e8be3a908ade219098a7c3cd580f5bc57eae26970768d30d9e28680
urn:ure:smg:re_FunctionVariant:rmge01-usasm:802eda18	0x802EDA18	332	func_802EDA18		f94ce28245cbe8f5efc4c34afa32703ba3001014ed8532a847dce79a39ea2806
urn:ure:smg:re_FunctionVariant:rmge01-usasm:802edb64	0x802EDB64	712	func_802EDB64		2f53c967deec4a90c32be282b2ee962c4d06fadc51673c03379f74345d847353
urn:ure:smg:re_FunctionVariant:rmge01-usasm:802ede2c	0x802EDE2C	1072	func_802EDE2C		713b98ec9e1da10f0749e73e164a97fce5b26e1119307dcbd42078dce40168e6
urn:ure:smg:re_FunctionVariant:rmge01-usasm:802ee25c	0x802EE25C	560	func_802EE25C		371ea2ce478077331083592103e3e053f0f317876d7f4ea47a2a20ac54bbd6bc
urn:ure:smg:re_FunctionVariant:rmge01-usasm:802ee48c	0x802EE48C	2800	func_802EE48C		12a9a55e6089f2471f470e143c14db29a366f643e3d754b6c28b069c7f2a9852
urn:ure:smg:re_FunctionVariant:rmge01-usasm:802eef7c	0x802EEF7C	68	func_802EEF7C		79b2dd9719344a01f7c65e20df179f36145b98924947367e437f9b1a2c58c4a5
urn:ure:smg:re_FunctionVariant:rmge01-usasm:802eefc0	0x802EEFC0	68	func_802EEFC0		25b2225564314b9590094d1731a2c76f51e4a802cbb120ea9fbfe33cd18cc956
urn:ure:smg:re_FunctionVariant:rmge01-usasm:802ef004	0x802EF004	560	func_802EF004		5791f477192047f67cbaeafea9fc30874c5efa5dfe098fbcfde9cef44383f9e4
urn:ure:smg:re_FunctionVariant:rmge01-usasm:802ef234	0x802EF234	112	func_802EF234		1856a289aa4e53d50fb319bb7a98509bfd4453a18df486959215fcf051f7c109
urn:ure:smg:re_FunctionVariant:rmge01-usasm:802ef2a4	0x802EF2A4	76	func_802EF2A4		7f248257cf5ec91e227298d98c47ea02dc64b97fcc20863479ed8404f46a80cf
urn:ure:smg:re_FunctionVariant:rmge01-usasm:802ef2f0	0x802EF2F0	2864	func_802EF2F0		85f5e9d40cfd2af1c0abdf19b7d0be1d9ef4f7b679c9270f086d78249ca991a7
urn:ure:smg:re_FunctionVariant:rmge01-usasm:802efe20	0x802EFE20	208	func_802EFE20		c0bcf3c21d4a7a90bd41a0f6b4af38f79c1f27169a9070f3ef6bbaeaa7719117
urn:ure:smg:re_FunctionVariant:rmge01-usasm:802efef0	0x802EFEF0	148	func_802EFEF0		f769a1177b37580e1aa0047fce53fbcdc610289353aac409d70def279a4e4c7b
urn:ure:smg:re_FunctionVariant:rmge01-usasm:802eff84	0x802EFF84	832	func_802EFF84		75fa727b7adfa1b95fa7eb86d26b81ba6667d15d126b1334337a1ad80385b48a
urn:ure:smg:re_FunctionVariant:rmge01-usasm:802f02c4	0x802F02C4	260	func_802F02C4		59ab473f6b3dfa2d2922960d8a5d48d9635369a71a0986bec6e9fe8796359ab1
urn:ure:smg:re_FunctionVariant:rmge01-usasm:802f03c8	0x802F03C8	164	func_802F03C8		8d37a0044e9f9709c2aa60e01e4f353a3914a3a41f74ee95c85e221174bdb73b
urn:ure:smg:re_FunctionVariant:rmge01-usasm:802f046c	0x802F046C	1960	func_802F046C		a9327af223fe2e2fe00234858fa81f0c5f666a50692e2d537793a4cc1dc19095
urn:ure:smg:re_FunctionVariant:rmge01-usasm:802f0c14	0x802F0C14	208	func_802F0C14		7e7f9d544ef5681e48044b383a82217bf345874aebe5f5ba0d2a1df7a2c73d9e
urn:ure:smg:re_FunctionVariant:rmge01-usasm:802f0ce4	0x802F0CE4	492	func_802F0CE4		722a736d533c2902917b5d7d3e81aca168604af9e4d3c20a4eedebc6bb52a169
urn:ure:smg:re_FunctionVariant:rmge01-usasm:802f0ed0	0x802F0ED0	212	func_802F0ED0		6de65206ab1abba9f5caf3efc6b734cfcbcaa107f5d2ecaf89f188cf116199dd
urn:ure:smg:re_FunctionVariant:rmge01-usasm:802f0fa4	0x802F0FA4	1724	func_802F0FA4		3c9f95995f5941b516d69432a1b1ede243e216855d52e8344b1d7a84c75b0f87
urn:ure:smg:re_FunctionVariant:rmge01-usasm:802f1660	0x802F1660	36	func_802F1660		144fc61b37959e152dac4a2163723fb83dd0c8887123dd197a697ec4767bfba2
urn:ure:smg:re_FunctionVariant:rmge01-usasm:802f1684	0x802F1684	40	func_802F1684		b427f49fe9a0fe00a44197ae389a21f3c072432573c59b64c3807ff3b9b4433e
urn:ure:smg:re_FunctionVariant:rmge01-usasm:802f16ac	0x802F16AC	276	func_802F16AC		5305f24bcb2b3930c41ee07c7eb2bd33ece0b3fd3b67357f7f9cf2f749213069
urn:ure:smg:re_FunctionVariant:rmge01-usasm:802f17c0	0x802F17C0	2832	func_802F17C0		e5b7356af32b301f4230f639cde0b1337577774229c2d66a2935c4329d8daec4
urn:ure:smg:re_FunctionVariant:rmge01-usasm:802f22d0	0x802F22D0	200	func_802F22D0		3e86488a7a73829705a04efd9f48669060add0d572ec08d132fcefdba9966d3f
urn:ure:smg:re_FunctionVariant:rmge01-usasm:802f2398	0x802F2398	168	func_802F2398		c982a816aaf5d6d2d1e38eec1be47251fb9a71897731139f8884b1f61d577609
urn:ure:smg:re_FunctionVariant:rmge01-usasm:802f2440	0x802F2440	692	func_802F2440		ae2b19a0102c10f7bb0c83f1e60024c651c0e76250b4439ae0d53e0ae92e5a38
urn:ure:smg:re_FunctionVariant:rmge01-usasm:802f26f4	0x802F26F4	220	func_802F26F4		db0853b1032bff6418d87473111ad1b89942963318ba3f45b3e5eeae72174c24
urn:ure:smg:re_FunctionVariant:rmge01-usasm:802f27d0	0x802F27D0	60	func_802F27D0		50371a35b8a73c7b6f3b93fb1cd9728191773a381bcf2ecb8c8e1c23203a038a
urn:ure:smg:re_FunctionVariant:rmge01-usasm:802f280c	0x802F280C	12	func_802F280C		ce4d787f0bb3bb8d400dd98934196555e6346d9ce0d66a2e0a208eecf204dc54
urn:ure:smg:re_FunctionVariant:rmge01-usasm:802f2818	0x802F2818	148	func_802F2818		ec14fd1f89bd7410c902c1066e694a981852a65480e45cb136174986baed4203
urn:ure:smg:re_FunctionVariant:rmge01-usasm:802f28ac	0x802F28AC	28	func_802F28AC		5e0773201eb76d96759ba2c48c23c90ffe56436754a47ba8c4e3a6c3670168bf
urn:ure:smg:re_FunctionVariant:rmge01-usasm:802f28c8	0x802F28C8	116	func_802F28C8		e552123b3161984ccd66e038557feef8d75c47e8195ddeee921647c08741d135
urn:ure:smg:re_FunctionVariant:rmge01-usasm:802f293c	0x802F293C	196	func_802F293C		aa9d37069096fea1ed1abba2cc0ff81bff52121ef7608fe2b1cc30a922da4e53
urn:ure:smg:re_FunctionVariant:rmge01-usasm:802f2a00	0x802F2A00	96	func_802F2A00		d606db1a6d9945fe3ea3eed0d4de051e92ee2f257dfda7ff8d4b2182e418a04c
urn:ure:smg:re_FunctionVariant:rmge01-usasm:802f2a60	0x802F2A60	80	func_802F2A60		03b783c741fb3c6518a891e041839418f23628e94470d6aeeea27052407b7772
urn:ure:smg:re_FunctionVariant:rmge01-usasm:802f2ab0	0x802F2AB0	120	func_802F2AB0		0c6a2d7567972dc56b6cc9c2669c5e85664077fa3de4a669642a472a2e6438d2
urn:ure:smg:re_FunctionVariant:rmge01-usasm:802f2b28	0x802F2B28	292	func_802F2B28		cbee6ef644747c93d6c2af309f0bf7bf9b8b562c7d9def337293322834593307
urn:ure:smg:re_FunctionVariant:rmge01-usasm:802f2c4c	0x802F2C4C	100	func_802F2C4C		68daf9f04b020a3c321615d23261c8a50e1a9d27579dd9f9e3fcc133fc115cbe
urn:ure:smg:re_FunctionVariant:rmge01-usasm:802f2cb0	0x802F2CB0	296	func_802F2CB0		19a839385ee21e576e1685364af4d838a753a7733d78b115ec09975ff82ee8c9
urn:ure:smg:re_FunctionVariant:rmge01-usasm:802f2dd8	0x802F2DD8	2304	func_802F2DD8		626ddf64699f957fecef87be03d78851eb98b3651eae37724135a8a96ce65d3d
urn:ure:smg:re_FunctionVariant:rmge01-usasm:802f36d8	0x802F36D8	116	func_802F36D8		bdf95d34e10b1aabb7d883aae6826bf024d39c87829aec014388997be015d957
urn:ure:smg:re_FunctionVariant:rmge01-usasm:802f374c	0x802F374C	112	func_802F374C		6d6d0388daa06a58430ce2dc2974a3869c6ec91e2d6b05f9e55ed1010b08012b
urn:ure:smg:re_FunctionVariant:rmge01-usasm:802f37bc	0x802F37BC	28	func_802F37BC		874c24cc07fe972fa2327937300b7ef0d3640485599fa6fde7fbba441dd5db37
urn:ure:smg:re_FunctionVariant:rmge01-usasm:802f37d8	0x802F37D8	52	func_802F37D8		56c759931bda6eac908655028de8f571c3564d9094acb372bbed306c14283b9e
urn:ure:smg:re_FunctionVariant:rmge01-usasm:802f380c	0x802F380C	568	func_802F380C		498cab38280e308eb636fd67c9a624cc5f03e1a4f3a8a3b8c4949eb50981a1c0
urn:ure:smg:re_FunctionVariant:rmge01-usasm:802f3a44	0x802F3A44	80	func_802F3A44		6f51f80fa03d90d8ed3c2a458369c98f63953dc405c9afdbc4281e089c396338
urn:ure:smg:re_FunctionVariant:rmge01-usasm:802f3a94	0x802F3A94	120	func_802F3A94		19d4524395c9de6551285afdfe7293425093a6904539c217b01d73f7016132cb
urn:ure:smg:re_FunctionVariant:rmge01-usasm:802f3b0c	0x802F3B0C	68	func_802F3B0C		24a378ff0b37ac8b0446f0305b12288f0d5c29c28c39d26fdf203af639e7e7e4
urn:ure:smg:re_FunctionVariant:rmge01-usasm:802f3b50	0x802F3B50	496	func_802F3B50		b07f07e74a4b51b8df2bdd2d3b54194ab3a6c3491d3d6ac9ce2dc9645f11ccba
urn:ure:smg:re_FunctionVariant:rmge01-usasm:802f3d40	0x802F3D40	252	func_802F3D40		9f19b32cf9af8cf3fddddab3f35ae762e95701d804ec83a834a1b8d023fb5d89
urn:ure:smg:re_FunctionVariant:rmge01-usasm:802f3e3c	0x802F3E3C	184	func_802F3E3C		9a4de5101562189aa5faf4535074f0c120db76b2cbf5339c110db54a0f8f187b
urn:ure:smg:re_FunctionVariant:rmge01-usasm:802f3ef4	0x802F3EF4	152	func_802F3EF4		28fcf305b3669d2dedf22bb98947855a145932a864a8b1a09175c33429ee9c33
urn:ure:smg:re_FunctionVariant:rmge01-usasm:802f3f8c	0x802F3F8C	156	func_802F3F8C		621724b0ca834b785560b1b7f091992aaccbf57d5620422552f79aa869d41e7e
urn:ure:smg:re_FunctionVariant:rmge01-usasm:802f4028	0x802F4028	168	func_802F4028		661a4453f86c84af74f8090008a4e1d776c6140d6e209a54d8036c5b404f8dcc
urn:ure:smg:re_FunctionVariant:rmge01-usasm:802f40d0	0x802F40D0	28	func_802F40D0		5f1a4c2bab5c00e33f07e46559e2b63fe96f09b93c50e0b27f22ff4737f54540
urn:ure:smg:re_FunctionVariant:rmge01-usasm:802f40ec	0x802F40EC	84	func_802F40EC		3b503888d270ba6a3ed951a506fad4f864b292ce303cadf9f2a6de278a27444c
urn:ure:smg:re_FunctionVariant:rmge01-usasm:802f4140	0x802F4140	148	func_802F4140		2bb7639a522a3f11dc5ff25823a63f153d137bb06021486b40df7b6cc4c445b9
urn:ure:smg:re_FunctionVariant:rmge01-usasm:802f41d4	0x802F41D4	4	func_802F41D4		f332ea5b5437103cbb6f1508679da89eec9288ad775c96c439a17fccabe3de8e
urn:ure:smg:re_FunctionVariant:rmge01-usasm:802f41d8	0x802F41D8	68	func_802F41D8		2469b110432c8b065a8300cbdb5849687ca59e896bd35fd892278d562169efef
urn:ure:smg:re_FunctionVariant:rmge01-usasm:802f421c	0x802F421C	180	func_802F421C		39efdc64cd287534288641ce9a897c699c21306a5654b882010537d2d87cf5fb
urn:ure:smg:re_FunctionVariant:rmge01-usasm:802f42d0	0x802F42D0	260	func_802F42D0		6ce7574a6204e1284399ff55c44df4866fafc2d07ca2d4dec63f77b6fb26e048
urn:ure:smg:re_FunctionVariant:rmge01-usasm:802f43d4	0x802F43D4	1628	func_802F43D4		88e27035c23e9aeefc12fbf8429fea3f865d54a95bbf4f621397d64df726ebb6
urn:ure:smg:re_FunctionVariant:rmge01-usasm:802f4a30	0x802F4A30	132	func_802F4A30		b9598f9dd4f349f9e8edec652e93f8925568a19fb6a427eb0140657f02610776
urn:ure:smg:re_FunctionVariant:rmge01-usasm:802f4ab4	0x802F4AB4	904	func_802F4AB4		ca3a7819ab36c64022ad992fe79f420fc6b7753e79dcefa7ba7d663c11f9c741
urn:ure:smg:re_FunctionVariant:rmge01-usasm:802f4e3c	0x802F4E3C	76	func_802F4E3C		5fee5f3c62db035c26a62e731b92d071ef984e06080ee97ee98a07939c1f7697
urn:ure:smg:re_FunctionVariant:rmge01-usasm:802f4e88	0x802F4E88	8	func_802F4E88		c84cc42391c87a3d8df828fcd5921cc7ccd7ec02de7df2990cd79c4fab6f56c5
urn:ure:smg:re_FunctionVariant:rmge01-usasm:802f4e90	0x802F4E90	728	func_802F4E90		281c150af2fead62448b02cd880ef24e6d5718bc45800d0c43a41dbe9a1e1b6d
urn:ure:smg:re_FunctionVariant:rmge01-usasm:802f5168	0x802F5168	20	func_802F5168		e06ba94ac6fe015a625f04d2688d66761602e0cbc9b4e772fa2734581443c183
urn:ure:smg:re_FunctionVariant:rmge01-usasm:802f517c	0x802F517C	44	func_802F517C		18fc80ad3c75524fd3aff5e36728317c8d844ae1b67715df09fa6da003f452a0
urn:ure:smg:re_FunctionVariant:rmge01-usasm:802f51a8	0x802F51A8	372	func_802F51A8		691060c09e22963d7c2be7ebd6f3484a34c1875757f7b612799be36e58595ca4
urn:ure:smg:re_FunctionVariant:rmge01-usasm:802f531c	0x802F531C	168	func_802F531C		51f6da3419e9dcb72c78dec78c75c44ecf571b2ebb961baff3897a172a30178e
urn:ure:smg:re_FunctionVariant:rmge01-usasm:802f53c4	0x802F53C4	176	func_802F53C4		d4ffbae7fdba04383232371797d52cc394feb13bac6b5f79e9d805d0a47edd95
urn:ure:smg:re_FunctionVariant:rmge01-usasm:802f5474	0x802F5474	112	func_802F5474		b1cd409bd30a1341e4078b20f7496e2bdd9ecb8057669156288fe40ba4ad2189
urn:ure:smg:re_FunctionVariant:rmge01-usasm:802f54e4	0x802F54E4	96	func_802F54E4		6ceed8016fbfcfaca09e7e2f142171ef6aaa7dde2a3c7dd17a341d80a5f4e7d8
urn:ure:smg:re_FunctionVariant:rmge01-usasm:802f5544	0x802F5544	172	func_802F5544		8206257a25bf78ddb5eac3b00335a1acb8ea64228a5645f6cafe4fd95f2f80bd
urn:ure:smg:re_FunctionVariant:rmge01-usasm:802f55f0	0x802F55F0	88	func_802F55F0		ed0e6ee7ffeae501073d87fae75303f7789e68b4028b1fd0048bbb07831b3b69
urn:ure:smg:re_FunctionVariant:rmge01-usasm:802f5648	0x802F5648	288	func_802F5648		01b4dd05d038794fa810851c40eb323cccbb1a3e33faf57fd9efb09863a11e24
urn:ure:smg:re_FunctionVariant:rmge01-usasm:802f5768	0x802F5768	216	func_802F5768		0c2de195cef89ec23b9c562749091c94695c354be558e42a7269a5b849759ff4
urn:ure:smg:re_FunctionVariant:rmge01-usasm:802f5840	0x802F5840	116	func_802F5840		3d5c0ee9e3333f0f1e06796d201038c8f12ce328a9801f21b7f2a727e6a0da0c
urn:ure:smg:re_FunctionVariant:rmge01-usasm:802f58b4	0x802F58B4	244	func_802F58B4		ce0aedfc624ac638946e0df1405fd23e4f88ec84b0b1915071f365c6e4cad8cd
urn:ure:smg:re_FunctionVariant:rmge01-usasm:802f59a8	0x802F59A8	308	func_802F59A8		cbd790468f6ec912457529b0e89a627163a2f2d227bd6a0f767e47de07064afe
urn:ure:smg:re_FunctionVariant:rmge01-usasm:802f5adc	0x802F5ADC	72	func_802F5ADC		df806ad4babec0b2849a035eee55c1b3bd1ce8f7d1327f60575ecf3dcfd6a37b
urn:ure:smg:re_FunctionVariant:rmge01-usasm:802f5b24	0x802F5B24	200	func_802F5B24		52fe74b0da17da84aab942cb3b80a2067ae3c748e27522c66dcf32bf0e00b01a
urn:ure:smg:re_FunctionVariant:rmge01-usasm:802f5bec	0x802F5BEC	3792	func_802F5BEC		46da4f0459a3d983a43f67c74b7f208a3c872081521910eec38a1ba011eae065
urn:ure:smg:re_FunctionVariant:rmge01-usasm:802f6abc	0x802F6ABC	480	func_802F6ABC		cb4d91e3679a9c3bd9b39676965f1d28c1c060363b475bd7052760dcc26d018a
urn:ure:smg:re_FunctionVariant:rmge01-usasm:802f6c9c	0x802F6C9C	556	func_802F6C9C		3290b3a381718de1193ddd866c747e71b1f5d50788301d07795c0756de8d2b7b
urn:ure:smg:re_FunctionVariant:rmge01-usasm:802f6ec8	0x802F6EC8	836	func_802F6EC8		35ca6fc3cabca200e9465463ee656ee41102ff81a400d144ab1c0b9228115d3a
urn:ure:smg:re_FunctionVariant:rmge01-usasm:802f720c	0x802F720C	112	func_802F720C		5ae28a1d00525db149311f1b0c2f5edebb7b7372a1b5cb8d25cf7910b4c333e6
urn:ure:smg:re_FunctionVariant:rmge01-usasm:802f727c	0x802F727C	880	func_802F727C		bef0d29f6a4df98544af1816c238825db8efeed3c28839e0788cd34cefb9575d
urn:ure:smg:re_FunctionVariant:rmge01-usasm:802f75ec	0x802F75EC	44	func_802F75EC		47ac97b5312736180232d07a297621b49cd30e70c9e5ec2f6372eb5837e345b7
urn:ure:smg:re_FunctionVariant:rmge01-usasm:802f7618	0x802F7618	252	func_802F7618		0516a777dbc6a80e5622f7e8c65f43f6dfeddc428a0aaf1c3598afcbc7b5c7c6
urn:ure:smg:re_FunctionVariant:rmge01-usasm:802f7714	0x802F7714	700	func_802F7714		91a61c18ce986232f64c786fe76c423f46c159938e3567370bab06c21ee3993b
urn:ure:smg:re_FunctionVariant:rmge01-usasm:802f79d0	0x802F79D0	660	func_802F79D0		c6423e8d5463ab212de045ccad1477a05222541ec9c7b1cdf864a5dbfb2df9a7
urn:ure:smg:re_FunctionVariant:rmge01-usasm:802f7c64	0x802F7C64	244	func_802F7C64		bd1d54fb75dbcb6eb1c4d2cf626e5594dae204ee183674c9b66b5e324166286f
urn:ure:smg:re_FunctionVariant:rmge01-usasm:802f7d58	0x802F7D58	96	func_802F7D58		2f7ea4f81c098c0b756457018aea71cf3bd6aa94d39e6f649403841b297215e7
urn:ure:smg:re_FunctionVariant:rmge01-usasm:802f7db8	0x802F7DB8	12	func_802F7DB8		865786162b28a63de5b3b57d1a4dd94acf152236ad3c4227ebd66a6817ae1820
urn:ure:smg:re_FunctionVariant:rmge01-usasm:802f7dc4	0x802F7DC4	988	func_802F7DC4		5281b0013509d0e46da137f2f698d2ea33d942a0a6cf8737bbf0b536aedc35f5
urn:ure:smg:re_FunctionVariant:rmge01-usasm:802f81a0	0x802F81A0	2692	func_802F81A0		3cf50167578c3121d9f033cdf893122e2641c57e3202f9162e175a7296f32616
urn:ure:smg:re_FunctionVariant:rmge01-usasm:802f8c24	0x802F8C24	2720	func_802F8C24		606e3efca4999030775864b5eb76671841c43abacd471e6de8aa1d0939069958
urn:ure:smg:re_FunctionVariant:rmge01-usasm:802f96c4	0x802F96C4	892	func_802F96C4		1e0cf5671021046f0d7cbeee467effe2372ec3216cff56977f5ba919403fac3b
urn:ure:smg:re_FunctionVariant:rmge01-usasm:802f9a40	0x802F9A40	76	func_802F9A40		c80bc008c1f4f91c2acdf3d8da56eceb298a11ea6dd601817ba2b298c4822b4b
urn:ure:smg:re_FunctionVariant:rmge01-usasm:802f9a8c	0x802F9A8C	120	func_802F9A8C		751ed67ea24762c483ae2b43412a96f62e59280851beac875860acef86d0cc8d
urn:ure:smg:re_FunctionVariant:rmge01-usasm:802f9b04	0x802F9B04	92	func_802F9B04		e3dabe60c70f9aeeda59bf7dcf8bce8713832c14a8af7f8f2dbf2f3ed7df0d4e
urn:ure:smg:re_FunctionVariant:rmge01-usasm:802f9b60	0x802F9B60	136	func_802F9B60		0ff9ccb43513a3b3872dd549ae802f44f9b11d8cf6068b45b64282cc92abb897
urn:ure:smg:re_FunctionVariant:rmge01-usasm:802f9be8	0x802F9BE8	384	func_802F9BE8		66e042d08472aa797de447d2b703c3036498cc86ccc1673d5a3d4ef3f9902a2c
urn:ure:smg:re_FunctionVariant:rmge01-usasm:802f9d68	0x802F9D68	368	func_802F9D68		6ef3e0272f95cb91d4e323c6ac430258c69060ffaaa2bf43a0fc273e71bc7af3
urn:ure:smg:re_FunctionVariant:rmge01-usasm:802f9ed8	0x802F9ED8	2948	func_802F9ED8		2a46dfce57fe2a9b6ec77ebeca993ad487cd2ea6ca28ebe322897ae46fff9969
urn:ure:smg:re_FunctionVariant:rmge01-usasm:802faa5c	0x802FAA5C	8368	func_802FAA5C		19dec4adf634a9b19a785228ca3cc24e50c94878e389f854063cc56a9e321601
urn:ure:smg:re_FunctionVariant:rmge01-usasm:802fcb0c	0x802FCB0C	1044	func_802FCB0C		54651ce5ff938b928d99089da224c38417e5aa44d8f61296cbe6f8c0a799c14a
urn:ure:smg:re_FunctionVariant:rmge01-usasm:802fcf20	0x802FCF20	220	func_802FCF20		e3c6b5ec8fbc5e7122ccef49df91d3d1253f1c62d71e6eff866cea60d9db4203
urn:ure:smg:re_FunctionVariant:rmge01-usasm:802fcffc	0x802FCFFC	2068	func_802FCFFC		bf45f97fb5000b2ad8fb4df8f3d28bc5b4d3c958424fc6d325871df95604d927
urn:ure:smg:re_FunctionVariant:rmge01-usasm:802fd810	0x802FD810	924	func_802FD810		6355d11864197b2d37b6eb2de936a179a2cae8a443a9243be2631b57501d0ec0
urn:ure:smg:re_FunctionVariant:rmge01-usasm:802fdbac	0x802FDBAC	2608	func_802FDBAC		ce3e8e38138cb58f39488078793be5e9942446cc30453e854fc874a45d89e064
urn:ure:smg:re_FunctionVariant:rmge01-usasm:802fe5dc	0x802FE5DC	1160	func_802FE5DC		3149248becea3a6daa0442ae9295a80d86f1a7b0bee623e27dc3cd0a268bc427
urn:ure:smg:re_FunctionVariant:rmge01-usasm:802fea64	0x802FEA64	168	func_802FEA64		6e9ec1ce0b4a79fb5f431ce898ccd6ba6508e128f69bfddf4eb56f2d691ab19d
urn:ure:smg:re_FunctionVariant:rmge01-usasm:802feb0c	0x802FEB0C	920	func_802FEB0C		72a8546e8f26bbed28831b25be849a29761fa46d422211d67be84ea79c393453
urn:ure:smg:re_FunctionVariant:rmge01-usasm:802feea4	0x802FEEA4	380	func_802FEEA4		bba74f46cbc86c32ae818339a8d8598eac2ba6f7190813336d3bb9de855e24a8
